:020000040800F2
:1000000078A50120F19D010845020008470200087B
:100010004B0200084F0200085302000800000000D5
:100020000000000000000000000000009D0100082A
:100030005702000800000000E10100080BCE010893
:100040000B9E01080B9E01080B9E01080B9E0108E8
:100050000B9E01080B9E01080B9E01080B9E0108D8
:10006000AB040008EF0400080B9E01081B03000806
:10007000FD0200085D0300080B9E010875020008E0
:100080000B9E0108810200080B9E01080B9E0108CF
:100090000B9E01080B9E01080B9E01080B9E010898
:1000A0000B9E0108C7030008F30300080B9E01081C
:1000B000F5030008230400084F0400080B9E010804
:1000C0000B9E01080B9E01080B9E0108A704000867
:1000D0000B9E01085D0200080B9E01080B9E0108A3
:1000E0000B9E01080B9E01080B9E01080B9E010848
:1000F0000B9E01080B9E01080B9E010839030008A6
:100100000B9E01080B9E01087B040008A90400084F
:100110000B9E01080B9E010899030008A503000827
:100120000B9E01089B020008CF0200080B9E0108ED
:100130000B9E01080B9E01080B9E01080B9E0108F7
:100140000B9E01080B9E01080B9E01080B9E0108E7
:10015000EF0200080B9E01080B9E01080B9E010890
:100160000B9E01080B9E01080B9E01080B9E0108C7
:100170000B9E01080B9E01080B9E01080B9E0108B7
:100180000B9E01080B9E0108DFF80CD01EF0F8F85A
:1001900000480047B99A010878A50120234B196847
:1001A0000868B0E8F04F80F309884FF0000080F352
:1001B000118870470000000003480068006880F361
:1001C000088862B600DF00BF08ED00E0DFF80C0031
:1001D000016841F470010160704700BF88ED00E0E4
:1001E000EFF30980114B1A681EF0100F08BF20EDC5
:1001F000108A20E9F04F106008B54FF0140080F32A
:1002000011881DF0CAF94FF0000080F31188BDE895
:10021000084019680868B0E8F04F1EF0100F08BFDA
:10022000B0EC108A80F30988704700BF7005002089
:10023000EFF311804FF0140181F31188704780F3C0
:1002400011887047704700BFFEE700BFFEE700BFA0
:10025000FEE700BFFEE770477047704710B540F2F9
:100260002551A3481BF0E5FE18B12021A0481BF042
:10027000D7FE10BD10B59F499F481AF00FFE10BD64
:1002800010B59E499C4830301AF0DEFD20B19B49E4
:10029000994830301AF002FE10BD10B598499948BF
:1002A0001AF0D2FD90B1964996481AF0F7FD01F088
:1002B000E8FF0021904830381AF01CFD08219148D1
:1002C0001AF039FD01218F481AF014FD10BD10B548
:1002D0008D498C4818301AF0E1FD8C4840788B49E4
:1002E000097840EA012000B28949088010BD10B5A4
:1002F0008849844860301AF0D1FD10BD10B580499E
:100300007D4848381AF0A0FD30B17D497A48483818
:100310001AF0C4FD00F0B9FA10BD10B57E49764858
:1003200060381AF091FD30B17B49734860381AF09B
:10033000B5FD01F0A6FF10BD10B578496E484830F4
:100340001AF082FD48B100216B4848301AF0D2FC07
:100350007249694848301AF0A1FD10BD10B56A49CC
:10036000654830381AF070FDA8B1674962483038E6
:100370001AF094FD01F024FD00215F4830381AF096
:10038000B9FC08215C4830381AF0D5FC01215A48E4
:1003900030381AF0AFFC10BD10B5012160481BF0D9
:1003A000A5FB10BD10B501215E481BF09FFB7A2014
:1003B0004F49888001215C481BF04AFD01215B48C0
:1003C0001BF046FD10BD10B5012159481BF08EFBF6
:1003D0005748008800F0100028B156480068401EB9
:1003E0005449086004E053480068401C51490860C3
:1003F00010BD704710B5012188071BF077FB4FF047
:100400008040008800F0100028B14B480068401E72
:100410004949086004E048480068401C46490860B3
:1004200010BD10B5012145481BF060FB4348008812
:1004300000F0100028B142480068401E40490860A2
:1004400004E03F480068401C3D49086010BD10B5FD
:1004500001213C481BF04AFB3A48008800F010009C
:1004600028B139480068401E3749086004E0364822
:100470000068401C3449086010BD10B501213348A4
:100480001BF034FB3148008800F0100028B13048E0
:100490000068401E2E49086004E02D480068401C9A
:1004A0002B49086010BD7047704710B504201AF042
:1004B0008DFDD8B12021274819F011FE04212648CE
:1004C00019F0E8FD012804D1002116481AF08EFE2B
:1004D00009E00421204819F0DDFD20B911481AF087
:1004E00089FE1E49086004201D49086010BD704740
:1004F0000010014020800020706002400080202019
:100500000088001028640240008020102E0800207F
:100510008C0000200088002020800010008000282F
:10052000001000400014004000480040001401404A
:10053000000001406C00002070000020000400401A
:10054000740000200008004088000020000C0040DB
:100550007800002000000240000C024068000020EB
:10056000143C014070B5044620461DF0FFFB0546D3
:100570002146F9481DF001FCA8B140F22B1221469A
:10058000F5481DF0E7FB0021F4481AF0B3FBF248F0
:10059000F2490C310860F148B838C0F8BC5001216C
:1005A000EE481AF0A7FB70BD70B50446002510E0B8
:1005B000605D68B1615DEA481BF075FC00BF802199
:1005C000E7481BF020FD0028F9D0681CC5B200E008
:1005D00070BDEDE770B5044600250FE05CB1214623
:1005E000DF481BF060FC00BF8021DD481BF00BFDE5
:1005F0000028F9D000E070BD681CC5B2032DEDDB0A
:1006000000BFF8E713B50C460020FFF7E3FFD5A0C5
:10061000FFF7CAFF2346D4A29621D4481DF0EEFE70
:10062000D248FFF7C1FFD2A0FFF7BEFFCEA29621AE
:10063000CE48009B1DF0E2FECC48FFF7B5FFCEA0F0
:10064000FFF7B2FFFF20FFF7C5FFFF20FFF7C2FF54
:10065000FF20FFF7BFFF1CBD70B505460C46C1A0CB
:10066000FFF7A2FF2246C0A1C0481DF0DFFEBF4831
:10067000FFF79AFFBEA0FFF797FF2846FFF794FF0A
:10068000BDA0FFF791FFFF20FFF7A4FF70BD77B576
:1006900085B00546FF26B6A103C9CDE90301B6A082
:1006A00000680290AFA00068019000240AE00020DA
:1006B000B2490855B2490855AC490855A6490855EC
:1006C000601CC4B21E2CF2DB0A20A8490870FF206F
:1006D00048708870C870A4A1A948079A1DF0A6FEAA
:1006E000A74901A81DF02AFB01A9A0481DF026FB7F
:1006F00003A99E481DF022FB29469C481DF01EFBC5
:1007000099A19F48069A1DF091FE9D4997481DF0BA
:1007100015FB02A995481DF011FBFF2097490870B1
:100720004870887091481DF009FB9048FFF71AFF48
:1007300008B070BDF7B584B005460E46FF278CA102
:1007400003C9CDE902018CA00068019085A0006872
:100750000090002408E00020884908558849085581
:1007600082490855601CC4B20A2CF4DB0A207F4978
:100770000870FF2048708870C8707BA18048069A76
:100780001DF054FE7E4968461DF0D8FA6946774848
:100790001DF0D4FA02A975481DF0D0FA2946734815
:1007A0001DF0CCFA314671481DF0C8FA01A96F4816
:1007B0001DF0C4FAFF20714908704870887000204D
:1007C000C870087169481DF0B9FA6848FFF7CAFE99
:1007D00007B0F0BD01B58EB06AA2322101A80E9B10
:1007E0001DF00CFE01A8FFF7BDFE0FB000BD73B5F4
:1007F00084B00546FF265EA103C9CDE902015EA0D3
:100800000068019057A00068009000240AE00020D2
:100810005A4908555A490855544908554E490855EA
:10082000601CC4B21E2CF2DB0A2050490870FF2065
:1008300048708870C8704CA15148059A1DF0F6FDAB
:100840004F4968461DF07AFA694648481DF076FA25
:1008500002A946481DF072FA294644481DF06EFA76
:10086000474942481DF06AFA01A940481DF066FA5E
:10087000FF2042490870487088703C481DF05EFABD
:100880003A48FFF76FFE06B070BD10B52DED0C8B2A
:1008900082B03F4800783E49497808443C4989780D
:1008A00008443B49C978084439490979084438491A
:1008B000497908443649897908443549C979084451
:1008C0003349097A0844C0B201903148007A00F0F7
:1008D0000F0000909FED2F0AB0EE40DA2C48407ACE
:1008E0000199884272D12A48007A00F00F000D2841
:1008F0006CD127488078C0F17F0000EE100AB8EE76
:10090000C08A2348C078813800EE100AF8EEC08A09
:10091000B5EEC08AF1EE10FA03D1B7EE000AB0EEE0
:10092000408AF5EEC08AF1EE10FA03D1B7EE000A64
:10093000F0EE408ABDEEC80A10EE102A002A01DB54
:10094000134600E05342BDEEE80A10EE100A0028FC
:1009500022DB044621E00000E6060020B8600240E9
:10096000005000407400000025640000B005002025
:100970002E7478743D2200002200000096060020AC
:100980006E0600206A302E76616C3D256400000002
:100990006F080020DB0F49404442191901EBD17365
:1009A0005B10FE4C2360BDEEE80A10EE101A002921
:1009B00001DB0A4600E04A42322A0FDABDEEC80ADD
:1009C00010EE100A002802DB024601E02FE042424E
:1009D000322A03DA0020F249086030E018EE900A6B
:1009E0001DF091FB41EC1B0B18EE100A1DF08BFB68
:1009F00041EC1C0BB0EE4B1AF0EE6B1AB0EE4C0A49
:100A0000F0EE6C0A1DF0C0FEB0EE40AAF0EE60AA57
:100A10009FEDE40B53EC102B51EC1A0B1DF062FA16
:100A200041EC190B1DF050FBDD49086007E09DF813
:100A300000000D2803D00021DC481BF009FA02B0A9
:100A4000BDEC0C8B10BDDA48007A00F00F000D28C9
:100A500006D1D748007800F0010008B10D2070479A
:100A60000020FCE7D248007800F0100008B1002018
:100A700070470120FCE71CB54FF080401AF0BAFB2C
:100A8000CC49096840EA01400C2190FBF1F000904C
:100A9000002418E04FF080401AF0ACFBC54909680B
:100AA00040EA01400C2190FBF1F00190DDE90021CA
:100AB000881A002801DB014600E04142052900DADE
:100AC000641C01980090022CE4DB019840421CBD9C
:100AD0001CB5B9481AF08EFBB849096840EA0140D4
:100AE0000C2190FBF1F00090002417E0B2481AF0BE
:100AF00081FBB249096840EA01400C2190FBF1F00A
:100B00000190DDE90021881A002801DB014600E0A0
:100B10004142052900DA641C01980090022CE5DBB3
:100B200001981CBD1CB5A6481AF064FBA5490968CC
:100B300040EA01400C2190FBF1F00090002417E006
:100B40009F481AF057FB9F49096840EA01400C2171
:100B500090FBF1F00190DDE90021881A002801DB0B
:100B6000014600E04142052900DA641C019800902A
:100B7000022CE5DB01981CBD1CB593481AF03AFB2A
:100B80009249096840EA01400C2190FBF1F0009085
:100B9000002417E08C481AF02DFB8C49096840EAC4
:100BA00001400C2190FBF1F00190DDE90021881A51
:100BB000002801DB014600E04142052900DA641CFF
:100BC00001980090022CE5DB01981CBD01B581B0B5
:100BD00000200090019800EBC0004000009002E06F
:100BE0000098401E009000980028F9D10CBD01B576
:100BF00081B00020009044F2506101984843009079
:100C000002E00098401E009000980028F9D10CBD29
:100C10001CB501211F2019F021FC4FF6FF70009038
:100C200001208DF8040000208DF8060001208DF8C9
:100C3000070003208DF805006946654819F0C8F9DA
:100C40004FF6FF70009001208DF8040000208DF811
:100C5000060001208DF8070003208DF80500694685
:100C60005C4819F0B5F94FF6FF70009001208DF83F
:100C7000040000208DF8060001208DF807000320F5
:100C80008DF805006946544819F0A2F91CBD1CB541
:100C900001217E2019F0E2FB4FF4CE50009000209D
:100CA0008DF8040001208DF8070002208DF8050062
:100CB00069464A4819F08CF94FF6C7400090002069
:100CC0008DF8040001208DF8070002208DF8050042
:100CD00069463F4819F07CF94FF4417000900020BC
:100CE0008DF8040001208DF8070002208DF8050022
:100CF0006946384819F06CF94CF603400090002022
:100D00008DF8040001208DF8070002208DF8050001
:100D10006946314819F05CF94FF4266000900020D4
:100D20008DF8040001208DF8070002208DF80500E1
:100D300069462B4819F04CF91CBD1FB54FF4E06013
:100D400019F068F836208DF8000000208DF80100B9
:100D50008DF8020001208DF80300684619F05FF855
:100D60000121102019F0ADFB3220ADF8040040F253
:100D7000E73002900020ADF80C00ADF8060001A9A4
:100D800018481AF0EAF9012116481AF0AFFE0122BC
:100D9000114614481AF082FE002125E0CC00002004
:100DA000C800002000000080A9E781400048004002
:100DB0006F08002070000020000400407400002034
:100DC0000008004088000020000C0040780000204F
:100DD0000004024000080240000C024000000240F3
:100DE0000010024000100040FE481AF0FFF90121F7
:100DF000FC481AF03BFA1FBD1FB54FF4E06019F034
:100E000009F837208DF8000000208DF801008DF8DA
:100E1000020001208DF80300684619F000F8012156
:100E2000202019F04EFB3220ADF8040040F2E730EC
:100E300002900020ADF80C00ADF8060001A9EA48C8
:100E40001AF08BF90121E8481AF050FE01221146F0
:100E5000E5481AF023FE0021E3481AF0C7F9012102
:100E6000E1481AF003FA1FBD00B58BB00121022042
:100E700019F038FB01210C2019F0F0FA03220621A9
:100E8000DA4819F030F903220721D84819F02BF974
:100E900003220821D54819F026F903220921D34855
:100EA00019F021F94FF47070069002208DF81C00A3
:100EB00003208DF81D0000208DF81E0001208DF804
:100EC0001F0006A9C94819F083F8A420ADF8200036
:100ED00040F6B83009904FF48070ADF8280000203B
:100EE000ADF8220008A9C2481AF037F96020ADF821
:100EF00004000120ADF8060000200390ADF81000BA
:100F00000121BB481AF0B2F90021B9481AF06EF974
:100F100001A9B7481AF0B6F901A9B5481AF0EBF9DA
:100F200001A9B3481AF034FA01A9B1481AF096FAA7
:100F30000121AF481AF08BFD0BB000BD00B58BB09E
:100F40000121082019F0BDFA0121084619F086FA9E
:100F500002220021A74819F0C6F802220121A54863
:100F600019F0C1F802221146A24819F0BCF8022279
:100F70000321A04819F0B7F80F20069002208DF841
:100F80001C0003208DF81D0000208DF81E0001209C
:100F90008DF81F0006A9974819F01AF8BA20ADF885
:100FA000200042F2107009900020ADF82800ADF842
:100FB000220008A990481AF0D0F86020ADF804008B
:100FC0000120ADF8060000200390ADF810000121CB
:100FD00089481AF04BF9002187481AF007F901A94E
:100FE00085481AF04FF901A983481AF084F901A93C
:100FF00081481AF0CDF901A97F481AF02FFA012192
:101000007D481AF024FD0BB000BD00B58BB0012166
:10101000042019F056FA01210D2019F01FFA0222BE
:101020000C21764819F05FF802220D21734819F05F
:101030005AF802220E21714819F055F802220F21A8
:101040006E4819F050F84FF47040069002208DF869
:101050001C0003208DF81D0000208DF81E000120CB
:101060008DF81F0006A9654818F0B2FFA420ADF85E
:10107000200040F6B83009904FF48070ADF8280099
:101080000020ADF8220008A95D481AF066F860203B
:10109000ADF804000120ADF8060000200390ADF883
:1010A0001000012156481AF0E1F8002154481AF0C6
:1010B0009DF801A952481AF0E5F801A950481AF024
:1010C0001AF901A94E481AF063F901A94C481AF01F
:1010D000C5F90BB000BD00B589B00121080419F0B5
:1010E00001FA0121084619F0B9F9032211464148D5
:1010F00018F0F9FF032202213E4818F0F4FF0C20FB
:10110000019002208DF8080003208DF809000020CE
:101110008DF80A0001208DF80B0001A9354818F060
:1011200057FF0020ADF818004FF6FF700790002021
:10113000ADF82000ADF81A0006A932481AF00DF8F3
:101140000420ADF80C000020ADF80E00C820ADF86A
:1011500014000120ADF8100003A92A481AF0D4FBAE
:1011600000231A46032128481AF06BFD0121264866
:101170001AF0BCFC0122114623481AF08FFC012111
:1011800020481AF073F800211F481AF02FF809B010
:1011900000BD00B589B00121084619F092F901217E
:1011A000022019F08EF90121032019F057F90122CC
:1011B0000F21104818F097FF01220321134818F05F
:1011C00092FF02220421114818F08DFF022205210E
:1011D0000E4818F088FF3820019002208DF8080092
:1011E000032015E0001000400014004000080240F9
:1011F0000004014000000240000C0040000C0240CE
:10120000000800400000014000400140000402408E
:101210008DF8090000208DF80A0001208DF80B00E0
:1012200001A9FE4818F0D4FE4FF4004001900220BE
:101230008DF8080003208DF8090000208DF80A00C1
:1012400001208DF80B0001A9F54818F0C1FE00201F
:10125000ADF818004FF6FF7007900020ADF82000A1
:10126000ADF81A0006A94FF0804019F076FF06A9E4
:10127000EC4819F072FF0420ADF80C000220ADF824
:101280000E001420ADF814000120ADF8100003A9E1
:1012900080071AF039FB03A9E2481AF035FB022354
:1012A0001A46032158071AF0CCFC02231A460321E0
:1012B000DC481AF0C6FC012188071AF017FC01214E
:1012C000D8481AF013FC0122114690071AF0E6FBE9
:1012D00001221146D3481AF0E1FB0121880719F0D9
:1012E000C5FF0121CF4819F0C1FF00214FF0804018
:1012F00019F07CFF0021CB4819F078FF4FF4C06053
:1013000018F088FD1D208DF8000003208DF80100E5
:1013100000208DF8020001208DF80300684618F0C7
:101320007EFD1C208DF8000004208DF801000020B7
:101330008DF8020001208DF80300684618F06FFD5B
:1013400009B000BD00B589B00121084619F0CAF8FE
:101350000121102019F082F84FF420600190022042
:101360008DF8080003208DF8090000208DF80A0090
:1013700001208DF80B0001A9AB4818F029FE0122CD
:101380000921A94818F0AFFE01220B21A64818F048
:10139000AAFE0020ADF818004FF6FF70079000205D
:1013A000ADF82000ADF81A0006A9A04819F0D5FE46
:1013B0000420ADF80C000020ADF80E000A20ADF8B6
:1013C00014000120ADF8100003A998481AF09CFA07
:1013D00000231A46032195481AF033FC0121934853
:1013E0001AF084FB0122114690481AF057FB0121A4
:1013F0008E481AF07BFB012211468C481AF04EFBF6
:1014000001218A4819F032FF0021884819F0EEFEC8
:101410004FF4C06018F0FEFC19208DF80000012088
:101420008DF8010000208DF8020001208DF80300E6
:10143000684618F0F4FC09B000BD00B589B0012180
:10144000042019F03EF80121082019F007F84FF4A4
:101450004050019002208DF8080003208DF809000B
:1014600000208DF80A0001208DF80B0001A97048BA
:1014700018F0AEFD0020ADF818004FF6FF70079091
:101480000020ADF82000ADF81A0006A9694819F04F
:1014900064FE02220C21664818F025FE02220D216E
:1014A000634818F020FE0420ADF80C000220ADF8CF
:1014B0000E00C820ADF814000120ADF8100003A9FB
:1014C0005C481AF021FA02231A46032159481AF0FF
:1014D000B8FB012157481AF009FB01221146554873
:1014E0001AF0DCFA0121534819F0C0FE00215148DE
:1014F00019F07CFE00204F491431088001204D492D
:1015000008804FF4C06018F085FC1E208DF80000A4
:1015100004208DF8010000208DF8020001208DF8D4
:101520000300684618F07BFC09B000BD00B589B027
:101530000121082018F0C5FF0121084618F08EFF90
:101540000320019002208DF8080003208DF8090087
:1015500000208DF80A0001208DF80B0001A9304809
:1015600018F036FD0020ADF818004FF6FF70079018
:101570000020ADF82000ADF81A0006A92E4819F099
:10158000ECFD02220021264818F0ADFD02220121C7
:10159000234818F0A8FD0420ADF80C000220ADF897
:1015A0000E00C820ADF814000120ADF8100003A90A
:1015B00021481AF0A9F902231A4603211E481AF0FD
:1015C00040FB01211C481AF091FA012211461A48E9
:1015D0001AF064FA0121184819F048FE0021164853
:1015E00019F004FE0020144914310880012012492A
:1015F00008804FF4C06018F00DFC32208DF8000018
:1016000004208DF8010000208DF8020001208DF8E3
:101610000300684618F003FC09B000BD0004024056
:1016200000000240000400400010024000000140A1
:10163000000C024000080040000C004000B59BB0C8
:101640000121FE4818F00AFF0121080218F04AFFA4
:1016500000200290FA480390FA4804900020059078
:101660000E200690002007904FF480600890400004
:10167000099080000A9040110B9040020C900020CD
:101680000D9001200E9000200F90109002A9EE48BE
:1016900019F0F6FA0121EC4819F02CFBFC2000901F
:1016A00003208DF8040000208DF807006946E74804
:1016B00018F08EFC4FF44070009003208DF8040069
:1016C00000208DF807006946E14818F081FC3F20B2
:1016D000009003208DF8040000208DF80700694673
:1016E000DC4818F075FC002011904FF44030129047
:1016F00000201390149011A819F028F84FF0807072
:10170000159001208DF858008DF859000020179091
:10171000189019900E208DF8680015A9C8484C380B
:1017200018F0E5FF072301220221C5484C3819F0C3
:1017300064F8072302220321C1484C3819F05DF8F0
:10174000072303220421BE484C3819F056F807231A
:1017500004220521BA484C3819F04FF80723052216
:101760000621B7484C3819F048F8072306221946D5
:10177000B3484C3819F041F807231A460821B048FD
:101780004C3819F03AF8072308220921AC484C38A4
:1017900019F033F8072309220A21A9484C3819F017
:1017A0002CF807230A220B21A5484C3819F025F8FC
:1017B00007230B220C21A2484C3819F01EF80723EE
:1017C0000C220D219E484C3819F017F807230D22E2
:1017D0000E219B484C3819F010F807230E220F21D8
:1017E00097484C3819F009F8012195484C3819F000
:1017F000AFF8012192484C3819F09FF80121904828
:101800004C3818F0BAFF8E484C3819F052F81BB01B
:1018100000BD08B54FF4E06018F0FCFA25208DF803
:10182000000000208DF801008DF8020001208DF8E5
:101830000300684618F0F3FA08BD10B596B00446E8
:101840000121102018F04EFE0121084618F006FE76
:101850000121880518F002FE4FF4C06000900220BC
:101860008DF8040000208DF806008DF80700022096
:101870008DF805006946754818F0AAFB0722092172
:10188000724818F030FC07220A21704818F02BFC2F
:1018900002940020ADF80C00ADF80E00ADF8100079
:1018A000ADF814000C20ADF8120002A96A481AF035
:1018B00047FA012168481AF0CBFA4FF4A06018F0FB
:1018C000A9FA3A208DF8180000208DF819008DF83B
:1018D0001A0001208DF81B0006A818F0A0FA5A483B
:1018E000303019F02BF94FF00060079000200A907B
:1018F0005A4809900A200B905748001D0890002074
:101900000C904FF480600D9000200E900F904FF4DB
:1019100080701090400211900420129003201390C8
:1019200000201490159007A94748303019F0A8F905
:101930000122402148481AF038FB01221021424878
:10194000303019F064FA01213F48303019F0D2F9F3
:1019500016B010BD10B596B004460121480518F028
:101960007DFD0121480418F0ACFD0121082018F08C
:1019700075FD6020009002208DF8040000208DF895
:1019800006008DF8070002208DF8050069463448EE
:1019900018F01EFB07220521314818F0A4FB07228E
:1019A00006212F4818F09FFB02940020ADF80C0090
:1019B000ADF80E00ADF81000ADF814000C20ADF835
:1019C000120002A927481AF0BBF9012125481AF094
:1019D0003FFA4FF4A06018F01DFA11208DF818009E
:1019E00000208DF819008DF81A0001208DF81B00D9
:1019F00006A818F014FA1C4819F0A0F84FF000607F
:101A0000079040200A901948099050200B901548E3
:101A1000001D089000200C904FF480600D90002075
:101A20000E900F904FF4807010904002119004209F
:101A30001290032013900020149019E0070040003A
:101A40004C200140120800201064024000000240B7
:101A50000004024000080240001001402E0800204F
:101A6000000C024000440040A0600240040000203E
:101A7000159007A9F94819F003F901228021F848C7
:101A80001AF093FA01228021F5481AF08EFA012209
:101A90001021F24819F0BBF90121F04819F02AF998
:101AA00016B010BD10B596B004460121880418F098
:101AB00008FD0121082018F0D1FC0121480518F08B
:101AC000CDFC4FF44070009002208DF804000020FF
:101AD0008DF806008DF8070002208DF80500694694
:101AE000E04818F075FA07220821DE4818F0FBFAE2
:101AF00007220921DB4818F0F6FA02940020ADF81D
:101B00000C00ADF80E00ADF81000ADF814000C207C
:101B1000ADF8120002A9D4481AF012F90121D248F6
:101B20001AF096F94FF4A06018F074F90C208DF8B3
:101B3000180000208DF819008DF81A0001208DF88A
:101B40001B0006A818F06BF9C448783818F0F6FFA7
:101B50004FF00060079000200A90C44809900A20C6
:101B60000B90C148001D089000200C904FF480603D
:101B70000D9000200E900F904FF480701090400256
:101B800011900420129003201390002014901590BF
:101B900007A9B248783819F073F801224021B248F9
:101BA0001AF003FA01224021AF481AF0FEF901228F
:101BB0001021AA48783819F02AF90121A748783865
:101BC00019F098F816B010BD10B596B00446012172
:101BD000C80418F076FC0121042018F03FFC012114
:101BE000480518F03BFC4FF44060009002208DF84F
:101BF000040000208DF806008DF8070002208DF803
:101C0000050069469A4818F0E3F908220A21984825
:101C100018F069FA08220B21954818F064FA02942A
:101C20000020ADF80C00ADF80E00ADF81000ADF8D6
:101C300014000C20ADF8120002A98E481AF080F8AA
:101C400001218C481AF004F94FF4A06018F0E2F872
:101C50000D208DF8180003208DF8190001208DF853
:101C60001A008DF81B0006A818F0D9F87B486038D8
:101C700018F064FF4FF00060079000200A907E4843
:101C8000099008200B907B48001D089000200C90C4
:101C90004FF480600D9000200E900F9010904FF444
:101CA0000030119000201290032013900020149017
:101CB000159007A96948603818F0E2FF0122402119
:101CC0006C481AF072F9012280216A481AF06DF905
:101CD000012210216148603819F099F801215F480C
:101CE000603819F007F816B010BD70B5634C246861
:101CF000642C00DB70BD624C248804EB8404614DCD
:101D00002C4460705E4C248804EB84042C44A17045
:101D10005B4C248804EB84042C44E270584C2488E7
:101D200004EB84042C442371554C2488641C6425E2
:101D300094FBF5F605FB1644514D2C804F4C24685E
:101D4000641C4E4D2C6000BFD4E701464B48006830
:101D500008B9002070474C48008800EB8000494AD1
:101D6000104402680A60007908710120F2E7014618
:101D70004248006808B9002070474348008800EBDB
:101D80008000404A104402680A60007908713E48A9
:101D90000088401C642290FBF2F302FB13003A4AD5
:101DA000108036480068401E344A10600120E3E786
:101DB0000CB56846FFF7DBFF0020344908700CBD06
:101DC00010B52D4800782C49497808442A4989786B
:101DD00008442949C978084427490979084426490B
:101DE00049790844C4B224480078022800D010BDC4
:101DF0002148C079032800D0F9E71F488079A04224
:101E000072D11D484078224908701B4880782149CA
:101E100008701948C07820490870174800791F4990
:101E20000870154840791E49087019480078012843
:101E300008D118480078022804D1084600781949CA
:101E40000860B1E01248007802282FD111480078CC
:101E500001282BD1002014490860A5E0A0600240B1
:101E600000440040000C0240004800406F08002081
:101E700000080240004C00403B02002058020020B5
:101E80005C0200207E0800205E020020610200202B
:101E900043020020440200204502002046020020A8
:101EA000470200206402002068020020FE480078FB
:101EB00002280AD1FD4800780A2806D1FC4800789B
:101EC000012802D1FB4908606EE0F748007802283B
:101ED0000BD1F64800780A2807D1F5480078022887
:101EE00003D1F44908605FE055E0EF48007802282C
:101EF0000AD1EE480078092806D1ED48007801287B
:101F000002D1ED4908604FE0E748007802280AD185
:101F1000E6480078092806D1E5480078022802D171
:101F2000E549086040E0E048007802280ED1DF482B
:101F3000007802280AD1E1480378E1480278DC48B9
:101F40000178DA480078FFF7D0FE2DE0D648007817
:101F5000022808D1D5480078032804D1D748007852
:101F6000D849086020E0D048007802281CD1CF482A
:101F70000078042818D1CE480078D3490860D048AA
:101F80000078D2490860CD480078D1490860012026
:101F9000D049086008E0FF20C4490870C4490870AF
:101FA000C7490870C549087000BF20E710B596B052
:101FB00004460121480518F051FA0121080518F0DE
:101FC00080FA01210C2018F049FA04200090022028
:101FD0008DF8040000208DF806008DF8070002201F
:101FE0008DF805006946BC4817F0F2FF4FF48050A9
:101FF000009002208DF8040000208DF806008DF876
:10200000070002208DF805006946B44817F0E0FF8C
:1020100008220221B04818F066F808220C21AF48C7
:1020200018F061F84FF4A06017F0F4FE2F208DF83F
:10203000180005208DF819008DF81A0001208DF880
:102040001B0006A817F0EBFE0B208DF818000520EA
:102050008DF819008DF81A0001208DF81B0006A8D4
:1020600017F0DDFE02940020ADF80C00ADF80E0074
:10207000ADF81000ADF814000C20ADF8120002A964
:10208000974819F05DFE0121954819F0E1FE954849
:1020900018F054FD4FF00060079040200A909248DD
:1020A00009900A200B908E48001D089000200C908B
:1020B0004FF480600D9000200E900F9010904FF420
:1020C00000301190002012900320139000201490F3
:1020D000159007A9834818F0D3FD8248A83818F056
:1020E0002DFD4FF00060079000200A907F48099076
:1020F00005200B907A48001D089000200C904FF4AA
:1021000080600D9000200E900F9010904FF40030E2
:10211000119000201290032013900020149015902D
:1021200007A97048A83818F0ABFD012280216C483F
:1021300019F03BFF01224021694819F036FF0122C6
:102140001021684818F063FE012210216548A83864
:1021500018F05DFE0121634818F0CCFD01216148B3
:10216000A83818F0C7FD16B010BD10B596B00446DB
:102170000121202018F0B6F90121042018F06EF991
:102180000121880518F06AF9C020009002208DF81E
:10219000040000208DF806008DF8070002208DF85D
:1021A000050069464D4817F013FF082206214B48E9
:1021B00017F099FF08220721484817F094FF02946E
:1021C0000020ADF80C00ADF80E00ADF81000ADF831
:1021D00014000C20ADF8120002A9454819F0B0FD1A
:1021E0000121434819F034FE4FF4A06017F012FEAD
:1021F00039208DF8180003208DF8190001208DF882
:102200001A008DF81B0006A817F009FE394818F0CF
:1022100095FC4FF02060079000200A903648099006
:1022200008200B903248001D089000200C904FF4BD
:1022300080600D9000200E900F9010904FF40030B1
:1022400011900020129003201390002014901590FC
:1022500007A9284818F014FD01224021244819F04C
:10226000A4FE01228021224819F09FFE01221021A4
:10227000204818F0CCFD01211E4818F03BFD16B097
:1022800010BD1D4909781C4A527811441A4A9278A7
:102290001144194AD2781144174A12791144164A46
:1022A00052791144C8B229E04302002044020020C0
:1022B000450200207C02002084020020470200200A
:1022C000460200206C0200207002002074020020F0
:1022D0007802002080020020000C0240000802402A
:1022E00000500040B8600240E6060020720A00205C
:1022F000001401402864024088020020F84909784F
:10230000022900D07047F649C979032900D0F9E7BE
:10231000F3498979814218D1F1494978F14A11701C
:10232000EF498978F04A1170ED49C978EF4A117088
:10233000EB490979EE4A1170E9494979ED4A117082
:10234000EB490978EC4A117006E0FF21E74A117069
:10235000E74A1170E74A117000BFD3E700B585B0B6
:102360000121082018F07AF80121880318F0BAF842
:1023700000208DF8100001208DF813000C20039030
:1023800003A9DE4817F024FE0221032019F0A6FE5F
:102390000420009000208DF8040010208DF8050026
:1023A00001208DF80600684618F0AAFD08208DF877
:1023B000080000208DF809008DF80A0001208DF832
:1023C0000B0002A817F02BFD05B000BD70B5044648
:1023D0000D46012C0BD12946C94819F064FD00BFF8
:1023E0004021C74819F00FFE0028F9D036E0032C31
:1023F0000BD12946C34819F056FD00BF4021C14802
:1024000019F001FE0028F9D028E0042C0BD1294650
:10241000BD4819F048FD00BF4021BB4819F0F3FD4D
:102420000028F9D01AE0052C0BD12946B74819F03D
:102430003AFD00BF4021B54819F0E5FD0028F9D06C
:102440000CE0062C0AD12946B14819F02CFD00BF3A
:102450004021AF4819F0D7FD0028F9D070BD2DE913
:10246000F04702240125022600274FF000084FF014
:1024700003096019304438444044A64909780844A7
:1024800000F0FF0A21460420FFF7A0FF29460420A0
:10249000FFF79CFF31460420FFF798FF39460420E0
:1024A000FFF794FF41460420FFF790FF9948017819
:1024B0000420FFF78BFF51460420FFF787FF4946B2
:1024C0000420FFF783FFBDE8F087002092494862AF
:1024D000924908609249086092490860704700205C
:1024E0008D4948628D4908604FF0804148628E49AD
:1024F00008608E4908608E490860894908608949EA
:1025000008608C4908608C490860704700204FF0D3
:102510008041486284490860704700208349086010
:1025200083490860704710B5002084490870002472
:1025300007E061210120FFF749FF3220FEF757FB3A
:10254000641C022CF5D301207C4908707A207C4958
:10255000087010BD10B500207A490870002407E00B
:1025600061210320FFF732FF3220FEF740FB641C9D
:10257000022CF5D30120734908707A207249087043
:1025800010BD2DE9F14FAEB070A02D9000202C9021
:102590008DF888008DF860002E981E2837D2DFE86D
:1025A00000F00F3740474E555C636A71787F869D17
:1025B0009C9B9A999897969594939291908F8E8DD3
:1025C00002216B4817F066FD88B100224FF40041EC
:1025D000684817F07DFD4FF40041664817F067FD2D
:1025E00004460022214664A0FEF751F80FE00122C4
:1025F000D103604817F06CFD4FF400415D4817F0BF
:1026000056FD04460022214663A0FEF740F8C1E2D1
:1026100001226948B0F90000414268A0FEF737F88E
:10262000B8E202226748016867A0FEF730F8B1E21D
:1026300003226848016868A0FEF729F8AAE204228C
:102640006A4801686AA0FEF722F8A3E205226B48F7
:1026500001686BA0FEF71BF89CE206226C4801683B
:102660006CA0FEF714F895E207226D4801686DA092
:10267000FEF70DF88EE208226E4801686EA0FEF7A4
:1026800006F887E209227048016870A0FDF7FFFF95
:1026900080E20A227148016871A0FDF7F8FF79E233
:1026A0000B227248016872A0FDF7F1FF72E20C2262
:1026B0007348016873A0FDF7EAFF6BE263E25BE237
:1026C0004FE242E236E229E21CE214E207E2FFE1D5
:1026D000F7E1EFE16FE1F4E0ECE0E4E0DCE00000E2
:1026E0008802002090020020910200209202002027
:1026F000930200209402002095020020000C02406A
:102700000010014000480040004C004000500040D4
:102710000014014064020020000001406C00002011
:10272000240800408800002070000020240400409D
:1027300074000020240C004078000020910000204C
:1027400090000020930000209200002031313131B0
:102750003131313131313131313131313131313169
:10276000313130313131313131313131000000001E
:102770000004024000080240524F424F54203220D1
:1027800044414E4720434841592053414E2058412F
:102790004E483A2020200000524F424F5420322011
:1027A00044414E4720434841592053414E20444F15
:1027B0003A202020000000008C000020494D553AAE
:1027C00000000000A40000204C617A65722070684F
:1027D00061690000B800002054726F206368616E68
:1027E000205472756F633A2000000000A0000020A2
:1027F0004C617A657220747261692000BC0000200F
:1028000054726F206368616E205361753A20200016
:10281000980000204C617A65722073617520000079
:10282000C000002054726F206461792074617920A7
:10283000312000009C0000204C617A657220747287
:10284000756F632000000000C400002054726F20E8
:1028500064617920746179203220000084020020B4
:102860006D6F64652062616320332000B00000203A
:1028700054726F20786F61792074617920000000B4
:102880007C0200206D6F64655F636861795F7275BB
:102890006E673A2000000000F448018A0D22F4A07F
:1028A000FDF7F5FE76E10E22F5480168F5A0FDF78B
:1028B000EEFE6FE1ED4841890F22F6A0FDF7E7FE3D
:1028C00068E10121F74817F0E5FB4FF4005117903C
:1028D000F54817F0DFFB04460221F24817F0DAFB57
:1028E00005464FF48041F04817F0D4FB064604211A
:1028F000EC4817F0CFFB4FF400411690E94817F071
:10290000C9FB07460821E74817F0C4FB80464FF48F
:102910008041E44817F0BEFB81461021E14817F0E2
:10292000B9FB4FF400511590DE4817F0B3FB824617
:102930000821DE4817F0AEFB4FF480511490D948BF
:1029400017F0A8FB10211390D84817F0A3FB4FF401
:1029500080611290D34817F09DFB83468021D148B7
:1029600017F098FB4FF480711190CE4817F092FB4E
:1029700010901798CDE90B65CDE90D401698CDE97B
:102980000798CDE90970DDE913121598CDE9042AFD
:1029900003910690DDE91110CDE9001B0290C4A25D
:1029A000282122A8109B1BF029FD102222A9C9A0D2
:1029B000FDF7C0FEEEE08021C74817F06BFB044630
:1029C0000121C54817F066FB05464021C24817F0B3
:1029D00061FB06464FF40041B44817F05BFB074625
:1029E0004FF48051BD4817F055FB80464FF480618D
:1029F000B94817F04FFB81464FF40061B74817F014
:102A000049FB4FF400611790B34817F043FB82462F
:102A10004FF48061A54817F03DFB83464FF4805189
:102A2000AD4817F037FB4FF4006116909F4817F040
:102A300031FB4FF400511590A74817F02BFB4FF4D2
:102A400080411490994817F025FB4FF48041139072
:102A5000A14817F01FFB4FF4807112909F4817F0A8
:102A600019FB4FF4004111909B4817F013FBCDE97F
:102A70000B76CDE90D5410901798CDE907A0CDE95C
:102A80000998DDE915211498CDE9051BCDE903026C
:102A9000DDE911121398CDE90012029084A22821D9
:102AA00022A8109B1BF0AAFC112222A98CA0FDF7E2
:102AB00041FE6FE012228C4801688CA0FDF7E7FD13
:102AC00068E013228E4801688EA0FDF7E0FD61E00A
:102AD00014228F4801688FA0FDF7D9FD5AE04FF40A
:102AE0000061704817F0D6FA0446152221468DA0E1
:102AF000FDF7CDFD4EE016228E4801788EA0FDF741
:102B0000C6FD47E04FF40071664817F0C3FA04466B
:102B1000172221468CA0FDF7BAFD3BE04FF400716F
:102B2000614817F0B7FA0446182221468AA0FDF73B
:102B3000AEFD2FE020215B4817F0ACFA04461922C5
:102B4000214689A0FDF7A3FD24E04FF4807156488B
:102B500017F0A0FA04461A22214687A0FDF797FD38
:102B600018E040214F4817F095FA04461B222146F1
:102B700085A0FDF78CFD0DE08748C17C1C2287A055
:102B8000FDF785FD06E08448C17D1D2287A0FDF785
:102B90007EFD00BF00BF2FB0BDE8F08F10B5012152
:102BA000864818F0A7F810BD01B58548006800995F
:102BB000884203DD00208249086004E08048006804
:102BC000401C7F4908607E480068FFF7DAFC08BDBA
:102BD00001B59DF80000052801DA002008BD9DF828
:102BE0000000FBE730B504461D4624B9754800785F
:102BF000694BD87011E0002C07DDE0B2FFF7E8FF69
:102C0000654BD8700020987007E06342D8B2FFF798
:102C1000DFFF614BD8700120987021B969480078B6
:102C20005D4BD87111E0002907DDC8B2FFF7D0FF76
:102C3000594BD8710120987107E04B42D8B2FFF789
:102C4000C7FF554BD8710020987122B95D480078B4
:102C5000514BD872C0E0002A07DDD0B2FFF7B8FFB1
:102C60004D4BD87201209872B6E0ADE012080020FA
:102C70005175616E672074726F2032200000000071
:102C8000800200206D6F6465206E68617420686F3B
:102C9000702000005175616E675F74726F203A207A
:102CA000000000000010024000080240000C02403A
:102CB00025642564256425642564256425642564CC
:102CC00025642564256425642564256425642564BC
:102CD00000000000493A00000004024000000240E9
:102CE000696E323A0000000058020020636F756E72
:102CF000745F646174615F756172743420000000F8
:102D000064020020626C6F636B5F7068613A200040
:102D1000BC0200206E6861795F64656E5F6C616EF5
:102D20005F31200043425F4E616E675F747261697C
:102D300020000000C8020020726F626F745F706F25
:102D4000736974696F6E000043425F4E616E675F26
:102D50007068616900000000636865636B5F686F9D
:102D6000705F313A00000000636865636B5F686FF5
:102D7000705F323A20000000636865636B5F686FC4
:102D8000705F333A20000000636865636B5F686FB3
:102D9000705F343A20000000040000206D6F725F05
:102DA0006C6966745F726561722000006D6F725F9E
:102DB0006C6966745F66726F6E742000A06002407A
:102DC00084000020100300205342D8B2FFF700FF18
:102DD000FD4BD8720020987225B9FC480078FA4B58
:102DE000D87311E0002D07DDE8B2FFF7F1FEF64BD6
:102DF000D8730120987307E06B42D8B2FFF7E8FE62
:102E0000F14BD8730020987330BDEF4AD070D07169
:102E1000D072D0737047EC48C07803280DDAEA48C6
:102E2000C079032809DAE848C07A032805DAE648B9
:102E3000C07B032801DA012070470020FCE7012055
:102E4000E34908607047E348006847F23051884220
:102E500001D0012070470020FCE710B5FFF763FBAD
:102E600010BDDD48B0F9000040427047B5EEC00A21
:102E7000F1EE10FA09D2D948D0ED000A70EE600ADE
:102E8000FDEEE00A10EE900A7047D448D0ED000A3B
:102E900070EE200AFDEEE00A10EE900AF4E710B59D
:102EA0002DED0A8B044624B99FEDCD0ABDEC0A8BAB
:102EB00010BD002C25DACB4800681BF0F4F841EC7B
:102EC000190B20461BF0EFF841EC1C0B9FEDC60BD5
:102ED00053EC102B1BF006F841EC1B0B9FEDC40BC1
:102EE00053EC102B1AF0F8FF41EC1A0B53EC192B92
:102EF0001BF06AF841EC180B1BF030F900EE100AD9
:102F0000D4E7B84800681BF0CEF841EC190B204616
:102F10001BF0C9F841EC1C0B9FEDB30B53EC102BCD
:102F20001AF0E0FF41EC1B0B9FEDB10B53EC102BA3
:102F30001AF031FF41EC1A0B53EC192B1BF044F83B
:102F400041EC180B1BF00AF900EE100AAEE7F0EEA8
:102F5000400AF5EEC00AF1EE10FA02DBB0EE600AAC
:102F60007047B1EE600AFBE70146002901DB084625
:102F700070474842FCE701469F48D0ED000AF1EE59
:102F8000600A9E48D0ED001A80EEA11A00EE901A59
:102F9000F8EEE01A9848D0ED000A41EE210AB0EEB2
:102FA000600AFDEEC00A10EE900A7047B0EE402AAB
:102FB000DFED932AB0EE620AB5EEC02AF1EE10FA08
:102FC00003D2F1EE422AB0EE622AF5EEC00AF1EE2B
:102FD00010FA03D2F1EE602AF0EE620AB5EEC01AE2
:102FE000F1EE10FA03D2F1EE412AB0EE621AF5EEDC
:102FF000C01AF1EE10FA03D2F1EE612AF0EE621A75
:10300000B4EEC02AF1EE10FA01DDB0EE420AF4EEA1
:10301000C00AF1EE10FA01DDB0EE600AB4EEC01A9B
:10302000F1EE10FA01DDB0EE410AF4EEC01AF1EE55
:1030300010FA01DDB0EE610A70476A480068704717
:1030400070480068704710B52DED028BB0EE408AD5
:103050006048006847F2305188420ED19FED600A07
:10306000694880ED000A694880ED000A684880EDF3
:10307000000A684880ED000A4AE06748006867492E
:103080000968401A53490968081A00EE100AB8EE98
:10309000C00AF0EE408A6248D0ED000A88EEA00A2D
:1030A0006048D0ED000A30EE200A5F48D0ED000AFB
:1030B00020EE200AF0EE408AB0EE680A1BF004FD14
:1030C000F0EE000A20EE200A4F4880ED000AB0EE34
:1030D000680A1BF051FCF0EE000A20EE200A4B4873
:1030E00080ED000A484890ED000A5048D0ED000AF3
:1030F00030EE200A474880ED000A444890ED000A6F
:103100004A48D0ED000A30EE600A414880ED000ADE
:10311000B5EEC08AF1EE10FA55D045480068052892
:1031200020D2DFE800F003203A8EA800394890ED65
:10313000000A30EE080A80ED000A354890ED000ADA
:1031400030EE480A80ED000A304890ED000A30EE7B
:10315000080A80ED000A2C4890ED000A30EE480A7B
:1031600080ED000AA1E02A4890ED000A30EE480AFE
:1031700080ED000A254890ED000A30EE080A80ED47
:10318000000A214890ED000A2A48D0ED000A08EE16
:10319000600A1D4880ED000A87E01E4890ED000A95
:1031A00030EE080A80ED000A184890ED000A214828
:1031B000D0ED000A08EE200A144880ED000A1248FB
:1031C00090ED000A38E071E00400002010030020B8
:1031D00074030020380300208C000020D00200205F
:1031E00000000000240300209A9999999999B93F09
:1031F000333333333333D33F080300200C03002031
:103200006F12833A50030020700300206C030020EB
:1032100068030020640300205803002044030020BA
:10322000E8020020F4020020180300204C030020D4
:1032300020030020D802002030EE480A80ED000A6A
:1032400033E0F94890ED000A30EE080A80ED000AFC
:10325000F64890ED000AF648D0ED000A08EE600A44
:10326000F24880ED000AF34890ED000A30EE480A7B
:1032700080ED000A19E0EC4890ED000AEC48D0ED32
:10328000000A08EE200AE84880ED000AE74890EDC1
:10329000000A30EE480A80ED000AE74890ED000A87
:1032A00030EE080A80ED000A00BF00BFE148D0ED13
:1032B000001AE14890ED001ADC48D0ED000ADA4827
:1032C00090ED000AFFF772FEDC48D0ED000AF8EE40
:1032D000E00A80EE801ABDEEC10AD94880ED000AEE
:1032E000D8480068D6490968884203DDD448006898
:1032F000D44908600120D4490860BDEC028B10BDA0
:1033000010B504460020D1490860D1480460FCB9DA
:103310000020CC4908601FED4E0ACE4880ED000A1F
:1033200047F23050CC490860CC4908601FED540A80
:10333000CB4880ED000A0020CA490860CA490860ED
:10334000CA490860CA4908601FED5B0AFFF77BFEA7
:1033500010BD10B5C24890ED000AB5EEC00AF1EEFE
:1033600010FA05D1BF48006810B9BF48006890B195
:103370001FED650ABA4880ED000A0020B9490860CF
:10338000B9490860BB480068BB490860B44890ED83
:10339000000AFFF758FE10BDB848C0ED000AB84853
:1033A00080ED000A704770B52DED028B05460C4686
:1033B000B0EE408AA8480068A8420BD1A348006834
:1033C000A04207D1A34890ED000AB4EE480AF1EEFE
:1033D00010FA18D09D4804609A48006810B905207A
:1033E00098490860A3480068A3490860994880ED9F
:1033F000008A994805600020A2490860984890ED2D
:10340000000AFFF720FEBDEC028B70BD70B52DEDFC
:10341000028B0446B0EE408A0D4693480068A042F5
:103420000BD18F4890ED000AB4EE480AF1EE10FA85
:1034300003D18C480068A8423AD08748006847F218
:103440003051884225D12820804908607D48006895
:1034500010B90A207B49086047F23050844218DADC
:10346000012082490860B5EEC08AF1EE10FA03DD52
:1034700080480068A04208DCB5EEC08AF1EE10FA80
:1034800007D27C480068A04203DAB1EE480AB0EEE9
:10349000408A7548046073480560714880ED008A71
:1034A0000020784908606E4890ED000AFFF7CBFDD8
:1034B000BDEC028B70BD10B52DED028BB0EE408AD5
:1034C00004462146B0EE480A47F23050FFF79EFF0F
:1034D000BDEC028B10BD70B504460D461FEDC00A51
:1034E00029462046FFF75FFF70BD70B52DED088BB4
:1034F000F0EE408A0446B0EE608AB0EE419A57483A
:1035000090ED000AB8EEC00AB4EE680AF1EE10FAC7
:103510000DD14E480068A04209D1534890ED000AF1
:10352000B8EEC00AB4EE480AF1EE10FA5ED0BDEE75
:10353000E80A4A4880ED000A4E4991ED000AB8EECB
:10354000C00A38EEC00ABDEEC00A10EE100A1FED28
:10355000DC0A2146FFF727FF464890ED000AB8EE47
:10356000C00A38EE400ABDEEC00A10EE105A002D17
:1035700001DB284600E06842642814DD3D4890EDF8
:10358000000AB8EEC00AB4EEC08AF1EE10FA02DD0D
:10359000B0EE490A01E0B1EE490A10EE101A0846F1
:1035A0001AF0B1FD13E0334890ED000AB8EEC00AFE
:1035B00038EE400A10EE101A08461AF0A4FD41EC4D
:1035C0001B0B9FED310B53EC102B1AF08BFC41ECD5
:1035D0001A0B1AF0C3FD09EE900A0021B0EE690A39
:1035E000FDEEC80A10EE900AFFF710FFBDEC088B45
:1035F00070BD10B51D480068012871DD1A490968C1
:103600001C4A1268881AFFF7AFFC062840DA1748F0
:1036100001680068401C154A1060B1F5FA7F5FDD53
:103620000020FFF76DFE10BD64030020680300203A
:10363000D8020020700300206C030020CC02002080
:103640002C030020240300201C030020280300205A
:10365000300300204C030020380300203C030020EE
:1036600048030020200300204003002050030020D6
:1036700074030020580300204403002008030020A6
:103680000C030020340300207B14AE47E17A743F22
:10369000F7480068FA2808DD0520F6490860F64971
:1036A0000860FB20F249086004E00520F149086049
:1036B000F1490860F1480068F1490968884205DD70
:1036C000BFEE000AEF4880ED000A04E0B7EE000A02
:1036D000EC4880ED000AEB4890ED000AFFF7B3FCE0
:1036E00000BF10BD10B52DED028BE74890ED000A2C
:1036F000B5EEC00AF1EE10FA08D1DF48006828B133
:10370000DF48006847F23051884202DBBDEC028B93
:1037100010BDDC4890ED000AB5EEC00AF1EE10FADB
:103720007ED0DA48006847F23051884279D1D548D6
:1037300090ED000AB5EEC00AF1EE10FA08DDD048AF
:103740000068D3490968401ACC490968884210DBEF
:10375000CC4890ED000AB5EEC00AF1EE10FA7CD22A
:10376000C7480068CA4909680844C44909688842CA
:1037700073DDBF48006803285CDAC1490968BF4AA5
:103780001268881AFFF7F0FB0A2816DABC480068AE
:10379000C04908600020B8490860B64908609FED3C
:1037A000BE0AB84880ED000A0220B1490860B54859
:1037B00090ED000AFFF747FCA8E7B1480068AF4961
:1037C0000968884237DDAC4890ED000AB8EEC00ABF
:1037D000AC48D0ED000A60EE200AAD4890ED000A3A
:1037E000B8EEC00AC0EE801AB0EE611AB0EE410A1F
:1037F000FFF7ADFBA2490968A04A1268881AFFF7D3
:10380000B3FB00EE900AB8EEE01AA448D0ED000A2F
:1038100040EE010A984890ED000AB8EEC00A01E0B7
:10382000A8E045E080EE801AB0EE418AB0EE480A8A
:10383000FFF709FC9DE0904890ED000AB8EEC00A41
:103840009048D0ED000A60EE200A914890ED000A01
:10385000B8EEC00AC0EE801A00E023E0B0EE611AB4
:10386000B0EE410AFFF773FB85490968834A126885
:10387000881AFFF779FB00EE900AB8EEE01A874845
:10388000D0ED000A50EE410A7B4890ED000AB8EEF8
:10389000C00A80EE801AB0EE418AB0EE480AFFF707
:1038A000D2FB66E0774890ED000AFFF7CCFB60E0C2
:1038B000744890ED000AB5EEC00AF1EE10FA1FDD73
:1038C0006F4890ED000AB8EEC00A6B48D0ED000AD0
:1038D000F8EEE00A6B4890ED001A00EEC10A70485D
:1038E000D0ED000AF8EEE00A70EE600A634890ED51
:1038F000000AB8EEC00AF4EEC00AF1EE10FA27D3BF
:10390000604890ED000AB5EEC00AF1EE10FA2BD235
:103910005B4890ED000AB8EEC00A5748D0ED000AA7
:10392000F8EEE00A574890ED001A00EEC10A5C4834
:10393000D0ED000AF8EEE00A70EE200A4F4890ED54
:10394000000AB8EEC00AF4EEC00AF1EE10FA0BDD80
:103950004B490968494A1268881AFFF7A0FAB0EE85
:10396000408AFFF770FB04E0464890ED000AFFF73D
:103970006AFBCBE64B490968404A1268881AFFF790
:103980008EFAB0EE408AFFF75EFB00BFBEE600B5E0
:1039900037480068022815DA9FED3F0A3A4880ED63
:1039A000000A9FED3D0A374880ED000A00203E499D
:1039B000086047F23050354908603C4908600020F3
:1039C0002F4908603A480068401C39490860394965
:1039D0000968884204DA38480068FFF716FA0EE0F2
:1039E00034480068324908603448006820B13248E1
:1039F0000068FFF70AFA02E00020FFF706FA00BDB0
:103A00002B4A1268521C2A4B1A60824207DD1A4A5E
:103A100012680A44184B1A600022254B1A6070473E
:103A20002DE9F041FFF71DFA14490860FFF7E1FDA9
:103A30001048006800284CDD0F4800680D490968EF
:103A4000884255D00C4800680A490968884239DA2A
:103A5000094800681A490968884249DA0648006836
:103A6000FFF789FA04460121FFF7CAFF40E0000092
:103A700050030020280300202403002058030020C6
:103A800040030020480300204C030020380300209E
:103A9000040300205403002000000000E402002082
:103AA0000003002044030020200300203C030020EA
:103AB00034030020140300201003002074030020AE
:103AC0002C0300204FF0FF31FE480068FFF798FFFD
:103AD0000EE0FD480068002806DD4FF0FF31FB488E
:103AE0000068FFF78DFF03E0FFF751FFBDE8F081AD
:103AF000F7480068F7490968884205D0FFF7F2FDEA
:103B0000F4480068F2490860F3480068F0B3EE48F2
:103B1000D0ED000AF8EEE00AF04890ED001A60EEF1
:103B2000810AB0EE600AFFF7A1F90446E648D0ED3D
:103B3000000AF8EEE00AEA4890ED001A60EE810A09
:103B4000B0EE600AFFF792F90546DF48D0ED000AB3
:103B5000F8EEE00AE34890ED001A60EE810AB0EE5C
:103B6000600AFFF783F90646D748D0ED000AF8EE61
:103B7000E00ADD4890ED001A60EE810AB0EE600ABE
:103B8000FFF774F9074623462A4600E002E0314673
:103B9000FFF728F800BFA9E7D44801680068401C77
:103BA000D24A1060462907D2D148408BD1490968D2
:103BB0000844D04908600BE0CE4800684621B0FBBD
:103BC000F1F0CD4908600020C8490860C949086083
:103BD000CA4801680068401CC84A1060462907D2DC
:103BE000C348008BC64909680844C54908600BE012
:103BF000C34800684621B0FBF1F0C24908600020CC
:103C0000BE490860BE490860BF4801680068401CA2
:103C1000BD4A1060462907D2B548808ABB49096869
:103C20000844BA4908600BE0B84800684621B0FB78
:103C3000F1F0B74908600020B3490860B349086053
:103C4000B44801680068401CB24A1060462907D297
:103C5000A748C08AB04909680844AF4908600BE02A
:103C6000AD4800684621B0FBF1F0AC490860002087
:103C7000A8490860A8490860A94801680068401C74
:103C8000A74A1060322907D299484089A549096896
:103C90000844A44908600BE0A24800683221B0FB48
:103CA000F1F0A149086000209D4908609D49086025
:103CB0009E4801680068401C9C4A1060322907D267
:103CC0008B48C0889A4909680844994908600BE004
:103CD000974800683221B0FBF1F096490860002057
:103CE0009249086092490860934801680068401C46
:103CF000914A1060322907D27D4880888F4909682F
:103D000008448E4908600BE08C4800683221B0FB03
:103D1000F1F08B49086000208749086087490860F6
:103D2000884801680068401C864A1060462907D20E
:103D30006F480089844909680844834908600BE09A
:103D4000814800684621B0FBF1F0804908600020FE
:103D50007C4908607C4908607D4801680068401C17
:103D60007B4A1060462907D2614800887949096872
:103D70000844784908600BE0764800684621B0FBAB
:103D8000F1F07549086000207149086071490860C8
:103D9000724801680068401C704A1060462907D2CA
:103DA000534840886E49096808446D4908600BE033
:103DB0006B4800684621B0FBF1F06A4908600020BA
:103DC00066490860664908607047011E01DB0A46C3
:103DD00000E04A42022A0BDC022800D100E0002069
:103DE000011E01DB0A4600E04A425F4BDA7516E02D
:103DF00000280ADD00215C4A9175011E01DB0A469C
:103E000000E04A42584BDA7509E00121564A9175A3
:103E1000011E01DB0A4600E04A42534BDA75704747
:103E200030B55248056852480468B1EE004AB0EE19
:103E3000443A9FED504AF0EE442A9FED4F4AF0EE8F
:103E4000443AFE2C01DDFE2404E014F1FE0F01DAF9
:103E50006FF0FD043A480068281A04EE100AF8EEE4
:103E6000C40A464890ED004A34EE204A80ED004AEC
:103E700090ED004ADFED424AB4EEE44AF1EE10FA6A
:103E800004DD9FED3F4A80ED004A0DE03B4890ED98
:103E9000004ADFED3C4AB4EEE44AF1EE10FA03D2F8
:103EA0009FED384A80ED004A374890ED004A30EEE9
:103EB000C42AC0ED000A23EE204A3048D0ED004A63
:103EC00064E0000060030020240300203003002091
:103ED0005C030020580300201C0300207003002016
:103EE0006C0300206803002064030020A404002069
:103EF00012080020A804002098000020AC04002034
:103F0000B00400209C000020B4040020B80400206D
:103F1000A4000020BC040020C0040020A000002059
:103F2000C4040020C8040020A8000020DC040020F5
:103F3000E0040020BC000020E4040020E80400208D
:103F4000B8000020EC040020F0040020B0000020A5
:103F50000405002008050020C00000200C050020FA
:103F600010050020C400002004000020E803002009
:103F7000200400208FC2753D000048421805002033
:103F800000009643000096C31C05002002EEA44AE0
:103F9000B0EE440A03EE820A04EE104AB8EEC44AB8
:103FA000B4EEC40AF1EE10FA06DD04EE104AB8EEE3
:103FB000C44AB0EE440A10E0604204EE100AB8EEC3
:103FC000C44AB4EEC40AF1EE10FA06D2604204EE1E
:103FD000100AB8EEC44AB0EE440AB5EEC00AF1EEDB
:103FE00010FA0BDDB0EE084AB4EEC40AF1EE10FA96
:103FF0000FD8B0EE084AB0EE440A0AE0B8EE084A1C
:10400000B4EEC40AF1EE10FA03DBB8EE084AB0EEE3
:10401000440ABDEEE04A14EE100A002801DB014616
:1040200000E04142012903DCB0EE004AB0EE440A50
:10403000B0EE001AFE4890ED004A70EE441AF4EE1D
:10404000C11AF1EE10FA06DD90ED004A34EE014A95
:10405000B0EE440A0DE0B1EE414AF4EEC41AF1EEBE
:1040600010FA06D2F24890ED004A34EE414AB0EE22
:10407000440AEF4880ED000ABDEEC04A14EE100A73
:10408000FFF7A3FE30BDEB480068EB490968401A12
:1040900002EE100AB8EEC22AB0EE420AE74890EDEE
:1040A000002A22EE002AF0EE421AE2480068E449B3
:1040B0000968884203DAE2480068DE490860DD48A2
:1040C0000068E0490968884203DDDE480068D94994
:1040D0000860BDEEC02A12EE100A002801DB01467E
:1040E00000E04142042971DDD74890ED002A32EE0C
:1040F000002A80ED002A90ED002ADFEDD42AB4EEEC
:10410000E22AF1EE10FA03DD9FEDD02A80ED002ABD
:10411000CD4890ED002ADFEDCE2AB4EEE22AF1EE92
:1041200010FA03D29FEDCA2A80ED002AC94890ED0B
:10413000002AC548D0ED002A62EE220AC64890ED5A
:10414000002A30EE422AC548D0ED002A22EE221A7B
:10415000C14880ED000A31EEA02A32EE012AC048A3
:1041600080ED002AB5EEC00AF1EE10FA03D200206D
:10417000BC49887402E00120BA498874B84991EDBD
:10418000002ABDEEC22A12EE100A002801DB014609
:1041900000E0414289B201EB4101B34A116010468F
:1041A0000068B2490968884203DDB04800681146DA
:1041B0000860AD480068142802DA1420AA49086093
:1041C000A9480078A749C8740FE0FFE79FEDA82A27
:1041D0009D4880ED002A9FEDA62A9F4880ED002A89
:1041E0000220A049C8740120887470479F4A10605B
:1041F000A04A11607047A0480068A0490968884239
:1042000003DA9E4800689C4908609B4800689C4906
:104210000968884203DD9A4800689749086099490F
:104220000968954A1268881A002801DB014600E0F7
:104230004142042931DD934800688F49096888426A
:1042400003DD00208749887602E0012085498876D1
:104250008C490968884A1268881A002801DB0146DF
:1042600000E0414201EB810189007F4A1160104664
:10427000006885490968884203DD83480068114663
:10428000086079480068642802DA6420764908608A
:10429000754800787349C87602E000207149C876F5
:1042A00070477A4800687A490968884203DA784892
:1042B0000068764908607548006876490968884250
:1042C00003DD7448006871490860734909686F4AE2
:1042D0001268881A002801DB014600E041420429E7
:1042E00034DD6D48006869490968884204DD0020B2
:1042F0005C4981F82A0003E001205A4981F82A002C
:1043000065490968614A1268881A002801DB01467C
:1043100000E0414201EB81018900534A11601046DF
:1043200000685E490968884203DD5C480068114600
:1043300008604D480068642802DA64204A49086031
:1043400049480078474981F82B0003E0002045499F
:1043500081F82B00704710B5514800685149096831
:10436000884203DA4F4800684D4908604C480068AD
:104370004D490968884203DD4B4800684849086098
:104380004A4B1B68464C24681A1B002A01DB134663
:1043900000E05342022B49DD3A4B1B68444C246831
:1043A000191B002901DB0B4600E04B42142B3DDAC0
:1043B000394B1B683F4C2468181B002801DB03465F
:1043C00000E04342142B7DDA38480068344909681C
:1043D000884204DD0120234981F8260003E0002003
:1043E000204981F82600314909682D4A1268881A47
:1043F000002801DB014600E041421B4A11601046E3
:1044000000682D490968884203DD2B480068114681
:10441000086015480068322802DA32201249086024
:10442000114800780F4981F8270047E04AE0000072
:1044300014050020F4030020BC00002044040020E8
:10444000EC030020F0030020500400200000FA4399
:104450000000FAC348040020540400204C0400204B
:104460005804002004000020600400201C040020E8
:1044700000000000E80300200C04002004040020D9
:1044800008040020C0000020280400201804002098
:104490001004002014040020C40000202C0400207C
:1044A00000040020F8030020FC030020B0000020DE
:1044B000AC010020B0010020240400200020FE49AF
:1044C000086006E00020FD4981F827000120FA4934
:1044D000086010BD6420FA490860FA490860704716
:1044E000FA20F7490860F74908607047D220F4497C
:1044F0000860D420F34908607047F520F04908604F
:10450000F720F0490860704700B50246FFF7EEFF5C
:10451000ED480260ED48026000BD00B50246FFF7BD
:10452000DFFFE9480260E948026000BD00B50246CD
:10453000FFF7E3FFE4480260E448026000BD70B5A5
:10454000FA20E3490860E3480068E3490860FA207C
:10455000E2490860E2480068E24908600020E24958
:10456000086035E006E0012018F094FFFCF77AFAC5
:1045700000B927E0DD4B1B68D74C2468191B0029C4
:1045800001DB0B4600E04B42D24C2468D84D2D682D
:10459000621B02EBD2746410A342E4DCD04B1B68B4
:1045A000D44C24681B1B032493FBF4F4D24B1B68EC
:1045B000CC4D2D68581B002801DB034600E0434228
:1045C0009C42D0DB00BFC8480068401CC649086058
:1045D000C54800683228C5DB70BD10B5C748006803
:1045E000002852D1C648006800284ED1C54800684E
:1045F00000284AD1C4480068002846D124E04FF47E
:104600008051C24815F046FD70B90121C04815F02F
:1046100041FD48B99FEDBF1ADFEDBF0A0E209FEDA7
:10462000BF0AFEF762FF08E09FEDBA1ADFEDBA0A93
:104630000A209FEDBB0AFEF758FF012018F02AFF61
:10464000FCF710FA00B906E04FF48071AF4815F09E
:1046500021FD0028D3D000BF9FEDAE1ADFEDAE0ADA
:104660000A201FED7D0AFEF740FF06E0012018F04A
:1046700011FFFCF7F7F900B906E04FF48051A348A9
:1046800015F008FD0028F1D000E19C4800680128E1
:1046900051D19B48006800284DD19A480068D0BB92
:1046A00099480068B8BB24E04FF48051974815F052
:1046B000F1FC70B90121964815F0ECFC48B99FED6A
:1046C000951ADFED950A0E209FED940AFEF70DFF77
:1046D00008E09FED901ADFED900A0A209FED900A06
:1046E000FEF703FF012018F0D5FEFCF7BBF900B977
:1046F00006E04FF48071854815F0CCFC0028D3D03B
:1047000000BF9FED841ADFED840A0A201FEDA80A7E
:10471000FEF7EBFE07E00EE0012018F0BBFEFCF711
:10472000A1F900B906E04FF48051784815F0B2FCC9
:104730000028F1D0AAE071480068012850D17048E3
:10474000006801284CD16F480068D0BB6E480068F3
:10475000B8BB24E00421734815F09CFC78B94FF4F1
:1047600000616A4815F096FC48B99FED6A1ADFEDC2
:104770006A0A0E209FED6C0AFEF7B7FE08E09FED77
:10478000651ADFED650A0A209FED650AFEF7ADFEAA
:10479000012018F07FFEFCF765F900B906E04FF440
:1047A00080715A4815F076FC0028D3D000BF9FEDE9
:1047B000591ADFED590A0A209FED5C0AFEF795FEB3
:1047C00007E00DE0012018F065FEFCF74BF900B999
:1047D00005E00421534815F05DFC0028F2D055E0B7
:1047E00046480068012851D14548006801284DD14C
:1047F00044480068012849D143480068B8BB24E018
:104800000421484815F046FC78B94FF400613F4850
:1048100015F040FC48B99FED3F1ADFED3F0A0E202E
:104820009FED410AFEF761FE08E09FED3A1ADFEDC9
:104830003A0A0A209FED3A0AFEF757FE012018F0C7
:1048400029FEFCF70FF900B906E04FF480712F48FC
:1048500015F020FC0028D3D000BF9FED2E1ADFED0D
:104860002E0A0A209FED310AFEF73FFE07E00DE019
:10487000012018F00FFEFCF7F5F800B905E004215F
:10488000284815F007FC0028F2D000BF0020FEF7F2
:1048900037FD10BD2DE9F04105460E46FFF72DFE10
:1048A00023480068FA300849086022480068FA3056
:1048B00006490860002455E0DC03002004000020C5
:1048C0001C04002020040020E8030020F403002042
:1048D00028040020AC0100200C0400202C0400203F
:1048E000B001002018040020A4030020C000002014
:1048F0000404002010040020C400002098020020BE
:104900009C020020A0020020A4020020000002401F
:10491000000402403333333F00006144008009C487
:10492000000061C40010024000C0C1C40000E144A6
:10493000E0030020EC03002006E0012018F0AAFDAF
:10494000FCF790F800B90BE0FB490968FB4A1268D4
:10495000881A002801DB014600E041420F29ECDC07
:1049600000BF641C322CE7DB9FEDF51A00EE106AE5
:10497000F8EEC00A0E2000EE105AB8EEC00AFEF79C
:10498000B4FD002416E006E0012018F083FDFCF7DA
:1049900069F800B90CE04FF48071EA4815F07AFB31
:1049A0000128F1D08021E84815F074FB0028EBD0F5
:1049B00000BF641C962CE6DB0020FEF7A1FCE6207D
:1049C000E2490860E2480068401DDC4908600024B4
:1049D00015E006E0012018F05DFDFCF743F800B992
:1049E0000BE0D5490968D54A1268881A002801DB0E
:1049F000014600E041420529ECDC00BF641C322C7A
:104A0000E7DB4FF42F7018F045FD1FED3E1A00EE66
:104A1000106AF8EEC00A0E2000EE105AB8EEC00A76
:104A2000FEF763FD40F2A46018F034FD002415E0A9
:104A300006E0012018F02EFDFCF714F800B90BE099
:104A40000121C14815F026FB012805D1C102BD484E
:104A500015F020FB0128ECD000BF641CB4F57A7F70
:104A6000E6DB40F2DC5018F015FD9620B7490860EF
:104A7000B74800681E30B14908609FEDB11A00EEDA
:104A8000106AF8EEC00A0E2000EE105AB8EEC00A06
:104A9000FEF72BFD00240FE006E0022018F0FAFCE0
:104AA000FBF7E0FF00B905E00121AA4815F0F2FA92
:104AB0000128F2D000BF641C40F226208442EBDBC8
:104AC0009FED9F1A00EE106AF8EEC00A0E2000EE6D
:104AD000105AB8EEC00AFEF708FD002410E006E008
:104AE000012018F0D7FCFBF7BDFF00B906E04FF43A
:104AF0000051984815F0CEFA0128F1D000BF641C8F
:104B0000B4F57A7FEBDB0020FEF7FAFBF020924948
:104B1000086092480068C01C914908604FF47A70A0
:104B200018F0B8FCB420894908608948006814303E
:104B300082490860002415E006E0012018F0AAFC74
:104B4000FBF790FF00B90BE086490968844A1268B8
:104B5000881A002801DB014600E041420429ECDC10
:104B600000BF641CFA2CE7DB4FF47A7018F092FC5B
:104B70009FED7D1A00EE106AF8EEC00A0C2000EEE0
:104B8000105AB8EEC00AFEF7B0FC002415E006E0AB
:104B9000012018F07FFCFBF765FF00B90BE0042152
:104BA0006C4815F077FA012805D10103654815F026
:104BB00071FA0128ECD000BF641CFA2CE7DBFDF78A
:104BC0008EFC06E0052018F065FCFBF74BFF00B9F2
:104BD00014E0FBF77DFF8046FBF74DFF071E01DB6E
:104BE000384600E07842B8F1000F01DB414601E0B1
:104BF000C8F100010844B0F5C87FE3DB00BFFFF750
:104C000075FC4FF48270564908604C4908609FED6E
:104C1000561A00EE106AF8EEC00A0C2000EE105A88
:104C2000B8EEC00AFEF761FC00240FE006E00120A8
:104C300018F030FCFBF716FF00B905E010214548DD
:104C400015F028FA0128F2D000BF641C642CEDDBBB
:104C50000020FEF755FBBDE8F08170B543480568BC
:104C6000434806684FF461714842FFF713FEFFF7AF
:104C700044FC3A480068FA30394908603448006812
:104C8000FA302E4908603B480068D0BB1FEDDF1AA0
:104C90005FEDDF0A12201FEDDE0AFEF726FC002082
:104CA0003549086026E006E0012018F0F3FBFBF729
:104CB000D9FE00B918E04FF48071224815F0EAF9E6
:104CC0000128F1D08021204815F0E4F90028EBD02C
:104CD0001948006819490968441A002C01DB20466C
:104CE00000E060420A28DFDC00BF23480068401C67
:104CF000214908602048006840F20E618842D2DBFA
:104D000074E1FFE71B4800680128F9D140F2352023
:104D1000FFF7FAFB19480068002875D118480068A9
:104D200048B91848006830B91748006818B9002019
:104D30001149086061E067E0BC000020F403002036
:104D4000CDCC4C3F00000240000402401C04002077
:104D5000EC0300200010024020040020E0030020AB
:104D6000E8030020B80000206666663FA00100202E
:104D7000A8010020E8000020A403002098020020E1
:104D80009C020020A0020020A40200201DE0F848A0
:104D90000068A84209DD9FEDF71ADFEDF70A0E2043
:104DA0009FEDF60AFEF7A1FB08E09FEDF21ADFED9A
:104DB000F20A0A209FEDF20AFEF797FB012018F095
:104DC00069FBFBF74FFE00B911E08021ED4815F0BB
:104DD00061F90028DBD0EC480068EC490968441A06
:104DE000002C01DB204600E060420A28CFDC00BF37
:104DF000E7480068401CE6490860E548006840F262
:104E00000E618842C2DBF1E0E248006801284BD124
:104E1000E1480068B8BBE1480068A0BBE048006812
:104E200088BB0020DA49086037E01DE0D048006800
:104E3000A84209DD9FEDCF1ADFEDCF0A0E209FEDCE
:104E4000CF0AFEF752FB08E09FEDCA1ADFEDCA0A4F
:104E50000A209FEDCB0AFEF748FB012018F01AFB51
:104E6000FBF700FE00B912E08021C64815F012F9E8
:104E70000028DBD0C4480068C4490968441A002CE3
:104E800002DB204601E00FE060420A28CEDC00BFD2
:104E9000BF480068401CBE490860BD48006840F239
:104EA0000E618842C1DBA1E0BA48006801284CD1FC
:104EB000B9480068012848D1B8480068A0BBB84884
:104EC000006888BB0020B249086037E01DE0B548A3
:104ED0000068B04209DD9FEDA71ADFEDA70A0E209A
:104EE0009FEDB10AFEF701FB08E09FEDA21ADFED8E
:104EF000A20A0A209FEDA20AFEF7F7FA012018F095
:104F0000C9FAFBF7AFFD00B912E080219D4815F00A
:104F1000C1F80028DBD09C4800689C490968441A05
:104F2000002C02DB204601E00FE060420A28CEDCC4
:104F300000BF97480068401C954908609448006885
:104F400040F20E618842C1DB50E0924800680128BF
:104F50004CD191480068012848D190480068012848
:104F600044D18F48006888BB00208949086037E039
:104F70001DE08C480068B04209DD9FED7E1ADFED30
:104F80007E0A0E209FED880AFEF7AFFA08E09FED3B
:104F9000791ADFED790A0A209FED790AFEF7A5FA62
:104FA000012018F077FAFBF75DFD00B912E08021CF
:104FB000744815F06FF80028DBD073480068734917
:104FC0000968441A002C02DB204601E00EE0604232
:104FD0000A28CEDC00BF6E480068401C6C4908609F
:104FE0006B48006840F20E618842C1DB0020FEF78A
:104FF00087F970BD10B567480068002855D166482C
:105000000068002851D16548006800284DD16448E7
:105010000068002849D15E49086019E006E00120D7
:1050200018F038FAFBF71EFD00B90BE05649096885
:10503000564A1268881A002801DB014600E0414206
:105040000A29ECDC00BF52480068401C5049086047
:105050004F480068FA28E1DBB6EE001ADFED460A99
:1050600005209FED520AFEF740FA002048490860EB
:1050700013E006E0012018F00DFAFBF7F3FC00B98D
:1050800005E004214A4815F005F80028F2D000BFD9
:105090003F480068401C3E4908603D48006896282B
:1050A000E7DB0020FEF72CF9A3E03A48006801286E
:1050B0005CD140480068002858D13549086019E0A3
:1050C00006E0012018F0E6F9FBF7CCFC00B90BE094
:1050D0002D4909682D4A1268881A002801DB01460B
:1050E00000E041420A29ECDC00BF29480068401C6E
:1050F0002749086026480068FA28E1DBB6EE001A66
:10510000DFED1D0A05209FED1E0AFEF7EEF90020D7
:105110001F49086014E006E0FBF7A4FC00B909E0B1
:10512000012018F0B7F94FF48071234814F0B2FF52
:105130000028F1D000BF16480068401C14490860E0
:105140001348006840F20E618842E4DB0020FEF75D
:10515000D7F8B6EE001ADFED080A05209FED130A16
:10516000FEF7C3F900200A4908603BE041E0000077
:10517000A00000203333333F00006144008022C48C
:10518000000061C400040240BC000020F4030020C1
:10519000A4030020980200209C020020A00200200E
:1051A000A4020020A400002000C0C1C40000E1440B
:1051B00000100240A80200200000024006E001208A
:1051C00018F068F9FBF74EFC00B905E00421FD4832
:1051D00014F060FF0028F2D000BFFB480068401CBC
:1051E000F9490860F84800689628E7DB0020FEF7D8
:1051F00087F810BD00B5FFF779F9FA20F349086088
:10520000F349086000BD10B5F248006800283ED19F
:10521000F148006800283AD1F0480068B0BBF04877
:10522000006898BBFFF7E6FF9FEDEE1A5FED2E0AD0
:105230000A209FEDED0AFEF758F90020E2490860C8
:105240001FE006E0012018F025F9FBF70BFC00B980
:1052500011E00121E54814F01DFF0028F2D0E448D8
:105260000068DB490968441A002C01DB204600E095
:1052700060421428E6DC00BFD3480068401CD249D5
:105280000860D14800689628DBDB09E1FFE7D148D8
:10529000006801283DD1D0480068C8BBCF480068ED
:1052A000B0BBCF48006898BBFFF7A4FF9FEDCD1AB5
:1052B0005FED4F0A0A209FEDCC0AFEF716F9002099
:1052C000C14908601FE006E0012018F0E3F8FBF791
:1052D000C9FB00B911E00121C44814F0DBFE00282D
:1052E000F2D0C3480068BA490968441A002C01DBAF
:1052F000204600E060421428E6DC00BFB2480068A7
:10530000401CB1490860B04800689628DBDBC7E064
:10531000FFE7B048006801285ED1AF480068012867
:105320005AD1AE480068D0BBAD480068B8BBFFF7A3
:1053300061FF24E04FF48051AE4814F0ABFE70B929
:105340000121AA4814F0A6FE48B91FED761A5FEDB8
:10535000760A0E201FED770AFEF7C7F808E01FED6A
:105360007B1A5FED7B0A0A201FED7B0AFEF7BDF872
:10537000012018F08FF8FBF775FB00B913E04FF42C
:1053800080719C4814F086FE0028D3D098480068AD
:105390008F490968441A002C02DB204601E01BE01B
:1053A00060421428C6DC00BF1FED8E1A5FED8E0A26
:1053B00008209FED8D0AFEF798F806E0012018F00E
:1053C00069F8FBF74FFB00B905E00121874814F0AD
:1053D00061FE0028F2D063E07E48006801285FD1BA
:1053E0007D48006801285BD17C480068012857D1BE
:1053F0007B480068B8BBFFF7FDFE24E04FF4805106
:105400007C4814F047FE70B90121784814F042FE40
:1054100048B91FEDA81A5FEDA80A0E201FEDA90AD2
:10542000FEF763F808E01FEDAD1A5FEDAD0A0A2044
:105430001FEDAD0AFEF759F8012018F02BF8FBF725
:1054400011FB00B913E04FF480716A4814F022FE9A
:105450000028D3D0664800685D490968441A002CCA
:1054600002DB204601E01BE060421428C6DC00BFDE
:105470001FEDC01A5FEDC00A08209FED5B0AFEF722
:1054800034F806E0012018F005F8FBF7EBFA00B954
:1054900005E00121554814F0FDFD0028F2D000BFC1
:1054A0000020FDF72DFF10BD10B54A480068002808
:1054B00064D149480068002860D148480068002845
:1054C0005CD147480068002858D1FFF793FE24E0DC
:1054D00004213C4814F0DEFD78B94FF400614548E2
:1054E00014F0D8FD48B91FEDDD1A5FEDDD0A0E207E
:1054F0009FED410AFDF7F9FF08E01FEDE21A5FEDAD
:10550000E20A0A201FEDE20AFDF7EFFF012017F083
:10551000C1FFFBF7A7FA00B912E04FF480713548DC
:1055200014F0B8FD0028D3D0314800682849096834
:10553000441A002C01DB204600E060421428C7DC3E
:1055400000BF1FEDF41A5FEDF40A07201FEDE90A12
:10555000FDF7CBFF06E0012017F09CFFFBF782FA76
:1055600000B906E04FF40061224814F093FD0028D2
:10557000F1D000BF0020FDF7C3FE12E1154800681E
:10558000012873D11448006800286FD113480068BF
:1055900000287FD11248006800287BD1FFF72AFE3F
:1055A00046E00421074814F075FD58BB4FF4006134
:1055B000104814F06FFD28BB9FED101ADFED100AA4
:1055C0000E2020E000100240A4030020E803002089
:1055D000F4030020980200209C020020A00200207A
:1055E000A4020020CDCC4C3F00000000000402408B
:1055F000BC0000200000024000409CC43333333F15
:105600000000614404E01FED040AFDF76EFF08E0AE
:105610001FED061A5FED060A0A209FEDFE0AFDF750
:1056200064FF012017F036FFFBF71CFA00B912E007
:105630004FF48071F84814F02DFD0028B1D0F748E0
:105640000068F7490968441A002C01DB204600E095
:1056500060421428A5DC00BF1FED181A5FED180A80
:1056600008209FEDF00AFDF740FF07E012E001205F
:1056700017F010FFFBF7F6F900B906E04FF40061F0
:10568000E54814F007FD0028F1D000BF0020FDF729
:1056900037FE86E0E448006801283FD1E34800680F
:1056A00001283BD1E2480068B8BBE2480068A0BBD3
:1056B000FFF7A0FD1FED351A5FED2F0A08209FEDC3
:1056C000D90AFDF712FF0020DB49086020E006E060
:1056D000012017F0DFFEFBF7C5F900B912E04FF427
:1056E0000061CD4814F0D6FC0028F1D0CB4800680A
:1056F000CB490968441A002C01DB204600E06042D7
:105700001428E5DC00BFCC480068401CCA4908608A
:10571000C94800689628DADB43E0FFE7C248006822
:1057200001283ED1C148006801283AD1C04800682C
:10573000012836D1BF48006898BBFFF75BFD1FED1D
:10574000571A5FED510A08209FEDB60AFDF7CDFE0E
:105750000020B949086020E006E0012017F09AFE19
:10576000FBF780F900B912E04FF40061AA4814F089
:1057700091FC0028F1D0A9480068A9490968441A99
:10578000002C01DB204600E060421428E5DC00BF6D
:10579000A9480068401CA8490860A74800689628E6
:1057A000DADB0020FDF7ACFD10BD10B54FF46171E0
:1057B0004842FFF76FF840F20910FEF7A5FE9F4838
:1057C000006800286DD19E480068002869D19D4876
:1057D0000068002865D11FED771A5FED770A122067
:1057E0009FED8C0AFDF781FE00209349086020E0C0
:1057F00006E0FBF737F900B915E0012017F04AFE83
:105800004FF48071844814F045FC0028F1D083489F
:10581000006883490968441A002C01DB204600E037
:1058200060420A28E5DC00BF83480068401C8249CA
:1058300008608148006840F20E618842D8DB1FEDA5
:10584000911A5FED910A0A209FED720AFDF74DFE55
:105850000020794908601AE006E0FBF703F900B977
:105860000FE0012017F016FE4021774814F012FCDB
:105870000028F2D04FF48071674814F00BFC002828
:10588000EBD000BF6C480068401C6B4908606A4858
:10589000006840F20E618842DEDB0020FDF730FD3B
:1058A00013E066480068012802D1FEF796FE0CE07E
:1058B00063480068012802D1FFF7F6FD05E0614862
:1058C0000068012801D1FFF79EFC10BD2DE9F041D1
:1058D00005460E46FEF711FE5C480068C01F5C4995
:1058E00008605C480068C01F4D490860002415E04E
:1058F00006E0012017F0CEFDFBF7B4F800B90BE08D
:1059000046490968464A1268881A002801DB0146A0
:1059100000E041420A29ECDC00BF641CFA2CE7DB02
:105920001FEDD01A00EE106AF8EEC00A0C2000EE4F
:10593000105AB8EEC00AFDF7D8FD00241CE006E0BE
:10594000012017F0A7FDFBF78DF800B912E04FF426
:105950008071314814F09EFB0128F1D040213A4873
:1059600014F098FB0128EBD08021374814F092FB0B
:105970000028E5D000BF641C962CE0DBFCF7AFFDEF
:1059800006E0052017F086FDFBF76CF800B913E080
:10599000FBF79EF88046FBF76EF8071E01DB3846E2
:1059A00000E07842B8F1000F01DB414601E0C8F1A8
:1059B00000010844C828E4DB00BF0020FDF7A0FC7C
:1059C000F020254908602548006815490860002432
:1059D00015E006E0052017F05DFDFBF743F800B980
:1059E0000BE00E4909680E4A1268881A002801DB8C
:1059F000014600E041420A29ECDC00BF641C322C65
:105A0000E7DB4FF42F7017F045FD9FED151A00EE00
:105A1000106A27E0000061C400000240BC000020C2
:105A2000F40300200000E144980200209C020020C2
:105A3000A0020020A4020020A4030020E80000200F
:105A4000EC000020F000002000040240E4030020ED
:105A5000E8030020F00300201C040020EC030020D9
:105A6000CDCC4C3FF8EEC00A0C2000EE105AB8EE38
:105A7000C00AFDF73AFD40F2A46017F00BFD0024C8
:105A800015E006E0012017F005FDFAF7EBFF00B97D
:105A90000BE00121FE4814F0FDFA012805D1C102F6
:105AA000FC4814F0F7FA0128ECD000BF641C40F267
:105AB0001A408442E5DBC820F7490860F7480068CF
:105AC0001E30F74908601FED1A1A00EE106AF8EE52
:105AD000C00A0C2000EE105AB8EEC00AFDF705FD12
:105AE00000240FE006E0022017F0D4FCFAF7BAFF1A
:105AF00000B905E00121EB4814F0CCFA0128F2D0FE
:105B000000BF641C40F226208442EBDB002410E03E
:105B100006E0012017F0BEFCFAF7A4FF00B906E08A
:105B20004FF40051DF4814F0B5FA0128F1D000BF5E
:105B3000641CB4F57A7FEBDB4FF4167017F0AAFC07
:105B40000020FDF7DDFBF020D7490860D74800684A
:105B5000D74908603220D0490860D0480068113029
:105B6000CF490860002415E006E0012017F092FC00
:105B7000FAF778FF00B90BE0CE490968CC4A126801
:105B8000881A002801DB014600E041420829ECDCCC
:105B900000BF641CFA2CE7DB40F2DC5017F07AFC03
:105BA0001FED511A00EE106AF8EEC00A142000EE44
:105BB000105AB8EEC00AFDF798FC002415E006E084
:105BC000012017F067FCFAF74DFF00B90BE0042144
:105BD000B44814F05FFA012805D10103AD4814F070
:105BE00059FA0128ECD000BF641C962CE7DBFCF7C7
:105BF00076FC06E0052017F04DFCFAF733FF00B9FC
:105C000014E0FAF765FF8046FAF735FF071E01DB5F
:105C1000384600E07842B8F1000F01DB414601E070
:105C2000C8F100010844B0F5C87FE3DB00BFFEF710
:105C300064FC40F209109E490860994908601FED14
:105C4000781A00EE106AF8EEC00A0A2000EE105A28
:105C5000B8EEC00AFDF749FC00240FE006E0012081
:105C600017F018FCFAF7FEFE00B905E010218D4888
:105C700014F010FA0128F2D000BF641C642CEDDB94
:105C80000020FDF73DFBBDE8F08110B54FF46171D8
:105C90004842FFF71BFE40F20910FEF735FC86482C
:105CA0000068002861D19FED851ADFED850A12207A
:105CB0001FEDA80AFDF719FC00208249086020E0CA
:105CC00006E0012017F0E6FBFAF7CCFE00B912E07F
:105CD0004FF480716F4814F0DDF90028F1D07A4854
:105CE00000686F490968441A002C01DB204600E077
:105CF00060420A28E5DC00BF72480068401C714918
:105D0000086070480068FA28DADB9FED6C1ADFED56
:105D10006C0A0A201FEDC10AFDF7E7FB0020694964
:105D200008601AE006E0012017F0B4FBFAF79AFECB
:105D300000B90CE04021564814F0ACF90028F2D02C
:105D40004FF48071534814F0A5F90028EBD000BF40
:105D50005C480068401C5B4908605A480068FA28A3
:105D6000E0DB0020FDF7CCFA05E05348006801288D
:105D700001D1FEF732FC10BD10B54FF461714842FD
:105D8000FFF7A4FD4C48006800286BD14FF4F07079
:105D9000FEF7BAFB9FED4D1ADFED490A14201FED07
:105DA000E30AFDF7A2FB00204649086020E006E078
:105DB000012017F06FFBFAF755FE00B912E04FF41F
:105DC0008071344814F066F90128F1D03E4800682B
:105DD00033490968441A002C01DB204600E0604288
:105DE0001428E5DC00BF37480068401C35490860CE
:105DF0003448006840F20E618842D8DB9FED331AC8
:105E0000DFED2F0A0A209FED320AFDF76EFB00201E
:105E10002C4908601FE006E0012017F03BFBFAF771
:105E200021FE00B911E08021194814F033F900284F
:105E3000F2D0254800681A490968441A002C01DB91
:105E4000204600E060421428E6DC00BF1D480068E0
:105E5000401C1C4908601B48006840F20E618842E3
:105E6000D9DBB5E1144800680128FAD140F23520A9
:105E7000FEF74AFB1748006800286AD116480068F8
:105E8000002866D115480068002862D1144829E02E
:105E900000040240000002401C040020EC0300202B
:105EA000F40300200010024020040020E003002042
:105EB000E8030020B8000020E80000206666663F86
:105EC00000006144A4030020BC0000203333333FB2
:105ED000000061C4980200209C020020A002002063
:105EE000A40200200068A0BB24E04FF48051FA48CF
:105EF00014F0D0F870B90121F84814F0CBF848B983
:105F00001FED0E1A5FED120A0F209FEDF50AFDF747
:105F1000ECFA08E01FED131A5FED170A0A201FEDD7
:105F2000140AFDF7E2FA012017F0B4FAFAF79AFD25
:105F300000B912E08021E94814F0ACF80028D4D070
:105F4000E8480068E8490968441A002C02DB20464A
:105F500001E01CE060421428C7DC00BF1FED251AD9
:105F60005FED290A0A209FEDE10AFDF7BEFA06E07F
:105F7000012017F08FFAFAF775FD00B906E04FF42B
:105F80008051D54814F086F80028F1D020E1D84897
:105F9000006801285BD1D7480068D0BBD6480068AC
:105FA000B8BBD6480068A0BB24E04FF48051CA4873
:105FB00014F070F870B90121C84814F06BF848B9B2
:105FC0001FED3E1A5FED420A0F209FEDC50AFDF757
:105FD0008CFA08E01FED431A5FED470A0A201FED17
:105FE000440AFDF782FA012017F054FAFAF73AFD55
:105FF00000B912E08021B94814F04CF80028D4D040
:10600000B8480068B8490968441A002C02DB2046E9
:1060100001E01CE060421428C7DC00BF1FED551AE8
:106020005FED590A0A209FEDB10AFDF75EFA06E01E
:10603000012017F02FFAFAF715FD00B906E04FF42A
:106040008051A54814F026F80028F1D0C0E0A848F7
:10605000006801285BD1A7480068012857D1A648ED
:106060000068B8BBA5480068A0BB24E04FF40061FD
:10607000994814F00FF870B90421A14814F00AF8F7
:1060800048B91FED6E1A5FED720A0F209FED9D0A51
:10609000FDF72BFA08E01FED731A5FED770A0A206F
:1060A0001FED750AFDF721FA012017F0F3F9FAF751
:1060B000D9FC00B912E08021884813F0EBFF0028DA
:1060C000D4D08848006888490968441A002C02DB4B
:1060D000204601E01BE060421428C7DC00BF1FED32
:1060E000851A5FED890A0A209FED870AFDF7FDF901
:1060F00006E0012017F0CEF9FAF7B4FC00B905E08C
:1061000004217F4813F0C6FF0028F2D060E07848F1
:10611000006801285CD177480068012858D176488A
:106120000068012854D175480068A0BB24E04FF4F2
:106130000061694813F0AEFF70B90421704813F094
:10614000A9FF48B91FED9F1A5FEDA30A0F209FED2D
:106150006D0AFDF7CAF908E01FEDA41A5FEDA80A61
:106160000A201FEDA50AFDF7C0F9012017F092F9EA
:10617000FAF778FC00B912E08021584813F08AFF42
:106180000028D4D05748006857490968441A002CA1
:1061900002DB204601E01BE060421428C7DC00BFA0
:1061A0001FEDB61A5FEDBA0A0A209FED570AFDF7F8
:1061B0009CF906E0012017F06DF9FAF753FC00B9DD
:1061C00005E004214E4813F065FF0028F2D000BF1F
:1061D0000120FDF795F810BD70B505460E46FEF797
:1061E00085F94A480068083049490860494800680C
:1061F00008303D490860002415E006E0012017F052
:1062000049F9FAF72FFC00B90BE036490968364A1C
:106210001268881A002801DB014600E04142082983
:10622000ECDC00BF641C322CE7DBB7EE001A00EE9A
:10623000106AF8EEC00A0A2000EE105AB8EEC00A42
:10624000FDF753F9002422E006E0012017F022F9BF
:10625000FAF708FC00B918E04FF480711E4813F0FB
:1062600019FF0028F1D040211C4813F013FF00282B
:10627000EBD00121194813F00DFF30B94FF4006144
:10628000154813F007FF0028DFD000BF641CB4F5E9
:10629000FA7FD9DB4FF4967017F0FCF80020FDF779
:1062A0002FF8F0201C4908601A480068F0300E49A9
:1062B0000860002437E006E0012017F0EBF8FAF759
:1062C000D1FB00B92DE007490968074A1268881A0E
:1062D000002823DB014622E00000024000040240C7
:1062E0000000E1C3BC000020F40300200000000017
:1062F000980200209C020020A0020020A40200209E
:10630000001002400040CEC40000E144E003002041
:10631000E8030020EC0300201C04002041420A296D
:10632000CADC00BF641CFA2CC5DB0020FCF7E8FFC8
:10633000B7EE001A00EE106AF8EEC00A0A2000EE6E
:10634000105AB8EEC00AFDF7D0F8002410E006E0BD
:10635000012017F09FF8FAF785FB00B906E04FF42B
:106360000051FD4813F096FE0028F1D000BF641CD8
:1063700040F226208442EADBF8480068401DF849D4
:106380000860002410E006E0012017F083F8FAF717
:1063900069FB00B906E04FF48041EF4813F07AFE44
:1063A0000028F1D000BF641CB4F57A7FEBDB00203D
:1063B000FCF7A6FFF020EB490860E8480068FA30D7
:1063C000E7490860002415E006E0012017F062F8B4
:1063D000FAF748FB00B90BE0E3490968E04A1268A4
:1063E000881A002801DB014600E041426429ECDC08
:1063F00000BF641CFA2CE7DBB420DA4908600024F3
:1064000015E006E0012017F045F8FAF72BFB00B97C
:106410000BE0D5490968D24A1268881A002801DBC6
:10642000014600E041420A29ECDC00BF641C322C2A
:10643000E7DBB7EE001A00EE106AF8EEC00A0A2099
:1064400000EE105AB8EEC00AFDF74FF806E0012042
:1064500017F020F8FAF706FB00B905E01021BE4856
:1064600013F018FE0028F2D000BF4FF47A7017F036
:1064700011F80020FCF744FF70BD10B50246101E55
:1064800001DB044600E0444221463C2900DD3C217A
:10649000062901DA052010BD01EB81008000484388
:1064A0004FF4616490FBF4F0431D1846F3E72DE9C7
:1064B000F04104460D460020AC4908603BE02AE06C
:1064C000AB480068071B3846FFF7D7FF0646A848C9
:1064D0000068001B002809DD9FEDA61ADFEDA60A63
:1064E00030461FED7E0AFDF700F810E0A048006876
:1064F000001B09D59FED9F1ADFED9F0A30461FED67
:106500007E0AFCF7F2FF02E00020FCF7F9FEFAF742
:10651000A9FA00B909E096490968081B002801DBBF
:10652000014600E041420129CADC00BF8F480068F3
:10653000401C8E4908608D480068A842BFDBBDE85A
:10654000F08110B58D480068002844D18C4800685F
:10655000002840D18B48006800283CD18A48006858
:10656000C0BBC82189480068FFF7A1FF40F2352071
:10657000FDF7CAFF00207D49086019E006E0012010
:1065800016F088FFFAF76EFA00B90BE08049096847
:10659000804A1268881A002801DB014600E0414267
:1065A0001429ECDC00BF71480068401C6F4908608A
:1065B0006E480068FA28E1DB9FED771ADFED6E0A7E
:1065C0000A201FEDB60AFCF790FF40F6B83016F02F
:1065D00061FF76E1FFE769480068012843D1684818
:1065E0000068E0BB67480068C8BB67480068B0BB8C
:1065F000C82166480068FFF75AFF40F23520FDF7D2
:1066000083FF00205949086019E006E0012016F0D8
:1066100041FFFAF727FA00B90BE05D4909685D4AC6
:106620001268881A002801DB014600E041420A296D
:10663000ECDC00BF4D480068401C4C4908604B48EA
:106640000068FA28E1DB9FED541ADFED4B0A0A20BF
:106650001FEDDA0AFCF749FF40F6B83000E002E02F
:1066600016F018FF2DE145480068012872D1444812
:10667000006801286ED14348006800286AD142486A
:106680000068002866D140F20910FDF73DFF9FED3C
:10669000431ADFED390A0A209FED410AFCF725FF76
:1066A00000203249086020E006E0012016F0F2FEEA
:1066B000FAF7D8F900B912E04FF48071394813F0B5
:1066C000E9FC0028F1D03248006832490968441AD0
:1066D000002C01DB204600E060420A28E5DC00BF18
:1066E00022480068401C2149086020480068FA28B8
:1066F000DADBC82125480068FFF7D9FE0A20FCF73D
:10670000FFFD40F23520FDF7FFFE0020174908602D
:1067100019E006E0012016F0BDFEFAF7A3F900B972
:106720000BE01B4909681B4A1268881A002801DB24
:10673000014600E041420A29ECDC00BF0B4800683A
:10674000401C0A49086009480068FA28E1DB9FED0F
:10675000121A29E034E0000000100240E00300209B
:10676000E803002020040020B8000020A40300203B
:10677000A00000206666663F000061449802002089
:106780009C020020A0020020A4020020A001002002
:10679000BC000020F4030020CDCCCC3DCDCC4C3F40
:1067A000000061C4000002405FED0D0A0A209FED69
:1067B000FE0AFCF79AFE40F6B83016F06BFE80E059
:1067C000FA48006801287CD1F9480068012878D18E
:1067D000F8480068012874D1F7480068002870D193
:1067E00040F20910FDF790FE1FED141A5FED1E0A2E
:1067F0000A201FED150AFCF778FE0020EF4908601B
:1068000020E006E0012016F045FEFAF72BF900B96A
:1068100012E04FF48071EA4813F03CFC0028F1D0FC
:10682000E8480068E8490968441A002C01DB204662
:1068300000E060420A28E5DC00BFE0480068401C38
:10684000DE490860DD480068FA28DADBC821DF4845
:106850000068FFF72CFE0A20FCF752FD40F23520BD
:10686000FDF752FE0020D549086019E006E001203E
:1068700016F010FEFAF7F6F800B90BE0D1490968F6
:10688000D14A1268881A002801DB014600E0414223
:106890000A29ECDC00BFC9480068401CC7490860F1
:1068A000C6480068FA28E1DB1FED451A5FED4E0A85
:1068B0000A209FEDBD0AFCF718FE40F6B83016F02E
:1068C000E9FD0020FCF71CFD10BD10B54FF461710F
:1068D0004842FFF781FCBE480068002840D1BD480F
:1068E000006800283CD1BC480068C0BB40F20910D9
:1068F000FDF70AFE1FED571A5FED610A10201FED2C
:10690000580AFCF7F2FD0020AC49086020E006E0E0
:10691000FAF7A8F800B915E0012016F0BBFD4FF416
:106920008071A74813F0B6FB0028F1D0A548006895
:10693000A5490968441A002C01DB204600E06042AA
:106940000A28E5DC00BF9D480068401C9B490860A0
:106950009A48006840F20E618842D8DB06E0FFE703
:106960009D480068012801D1FFF7EBFD0020FCF7EE
:10697000C7FC10BD10B54FF461714842FFF72CFC05
:1069800093480068002843D19248006800283FD10E
:1069900091480068D8BB40F20910FDF7B5FD1FED26
:1069A000811A5FED8B0A10201FED830AFCF79DFD15
:1069B00000208249086020E006E0FAF753F800B9A9
:1069C00015E0012016F066FD4FF480717C4813F04D
:1069D00061FB0028F1D07B4800687B490968441AB4
:1069E000002C01DB204600E060420A28E5DC00BF05
:1069F00072480068401C714908607048006840F2A5
:106A00000E618842D8DB0020FCF77AFC0DE0FFE73E
:106A100070480068012802D1FEF746FD05E06E4887
:106A20000068012801D1FEF7EEFB10BD2DE9F04111
:106A300004460D460020614908603BE02AE06748B3
:106A40000068071B3846FFF718FD064663480068D4
:106A5000001B002809DD1FEDB91A5FEDB90A3046A9
:106A60009FED5F0AFCF741FD10E05C480068001BE9
:106A700009D51FEDC01A5FEDC00A30469FED4A0AE6
:106A8000FCF733FD02E00020FCF73AFCF9F7EAFFDF
:106A900000B909E051490968081B002801DB0146DB
:106AA00000E041420129CADC00BF44480068401CA4
:106AB0004249086041480068A842BFDBBDE8F08158
:106AC0003A48006878B93A48006860B939480068BF
:106AD00048B93948006830B94248C07F40F00400E6
:106AE0004049C8775EE03148006801281AD1304833
:106AF0000068B8B92F480068A0B92F48006888B965
:106B0000DC203949086039480068C01C38490860F1
:106B10003448C07F40F008003249C8770120354929
:106B200008603FE02148006801281BD12048006828
:106B3000012817D11F480068A0B91F48006888B90C
:106B4000DC202949086029480068401F284908605E
:106B50002448C07F40F040002249C87701202549E1
:106B600008601FE01148006801281BD11048006828
:106B7000012817D10F480068012813D10E4800687A
:106B800080B9DC20184908601B480068401F18497C
:106B900008601448C07F40F010001249C8770120F7
:106BA00014490860704700000000000098020020AF
:106BB0009C020020A0020020A4020020A4030020C8
:106BC00000000240BC000020F4030020A0010020CF
:106BD000E8000020EC000020F0000020A4000020CD
:106BE0000000E14404000020240400207C01002077
:106BF00000040020B00200207801002010B54FF4FE
:106C00002F70FDF781FC0020FB49086019E006E0C9
:106C1000012016F03FFCF9F725FF00B90BE0F7491A
:106C20000968F74A1268881A002801DB014600E06B
:106C300041420A29ECDC00BFEF480068401CEE49E5
:106C40000860ED4800689628E1DBFFF739FF002077
:106C5000E949086011E006E0012016F01BFCF9F795
:106C600001FF00B903E0E7480068DC28F4DB00BF5F
:106C7000E1480068401CE0490860DF48006840F2D5
:106C80001A418842E7DBE0490968A1F10A004FF4A4
:106C90007A71FFF7CBFE9FEDDD1ADFEDDD0A0620EE
:106CA0009FEDDC0AFCF721FC0020D349086013E0CB
:106CB00006E0012016F0EEFBF9F7D4FE00B905E07E
:106CC0008021D54813F0E6F90028F2D000BFCA4869
:106CD0000068401CC8490860C748006840F21A4173
:106CE0008842E5DB0A20FCF70BFBCC480068012852
:106CF00027D1CB48006801280FD1CA48006860B985
:106D0000C948006848B9C948006830B94FF47A7179
:106D1000BD480068FFF78AFE13E0C14800680128FB
:106D20000FD1C048006801280BD1BF48006840B9A6
:106D3000BE48006828B94FF47A71BD480068FFF773
:106D400075FE9FEDB21ADFEDB20A06209FEDB10A83
:106D5000FCF7CBFB0020A849086013E006E0012007
:106D600016F098FBF9F77EFE00B905E08021AA48ED
:106D700013F090F90028F2D000BF9F480068401C33
:106D80009D4908609C48006840F21A418842E5DB52
:106D90004FF4FA6016F07EFB0020FCF7B1FA10BD4C
:106DA00010B54FF42F70FDF7AFFB0020924908603B
:106DB00019E006E0012016F06DFBF9F753FE00B96B
:106DC0000BE08E4909688E4A1268881A002801DB98
:106DD000014600E041420A29ECDC00BF8648006819
:106DE000401C85490860844800689628E1DBFFF76D
:106DF00067FE00208049086011E006E0012016F0DF
:106E000049FBF9F72FFE00B903E08A480068E6283D
:106E1000F4DB00BF78480068401C7749086076487A
:106E2000006840F21A418842E7DB4FF47A718248E9
:106E300000680A30FFF7FAFD0020FCF761FA9FEDC9
:106E40007F1ADFED730A06209FED720AFCF74DFBF7
:106E500000206949086013E006E0012016F01AFBE3
:106E6000F9F700FE00B905E080216B4813F012F934
:106E70000028F2D000BF60480068401C5E490860EE
:106E80005D48006840F21A418842E5DB0A20FCF7C1
:106E900037FA62480068012827D161480068012854
:106EA0000FD16048006860B95F48006848B95F4822
:106EB000006830B94FF47A7161480068FFF7B6FD99
:106EC00013E05748006801280FD156480068012890
:106ED0000BD15548006840B95448006828B94FF4B0
:106EE0007A7155480068FFF7A1FD0020FCF708FA09
:106EF0009FED521ADFED460A06209FED460AFCF789
:106F0000F4FA00203C49086013E006E0012016F086
:106F1000C1FAF9F7A7FD00B905E080213E4813F05A
:106F2000B9F80028F2D000BF33480068401C32494D
:106F300008603148006840F21A418842E5DB4FF4AE
:106F4000FA6016F0A7FA0020FCF7DAF910BD70B568
:106F500004460B46201E01DB064600E04642314651
:106F60003C2901DD104670BD0F2901DA1846FAE709
:106F700000EE901AF8EEE00A9FED321A30EE811A18
:106F800000EE901AF8EEE00A80EE810AD01A00EEC8
:106F9000900AB8EEE01A00EE903AF8EEE00A41EE00
:106FA000000AFDEEE00A10EE905A2846DBE72DE9D4
:106FB000F04704460D4616461F4600200E4908605D
:106FC0006BE05AE00F480068A0EB04083A463146EF
:106FD0004046FFF7BCFF81460A480068001B0028B6
:106FE00036DD9FED191ADFED0A0A48469FED170AB4
:106FF000FCF77BFA3DE00000A4030020BC00002069
:10700000F4030020A4000020BC010020CDCC4C3EA5
:1070100000006144000061C400040240E800002058
:10702000980200209C020020A0020020A402002060
:10703000C0010020A0000020D8010020CDCC4C3F92
:10704000DC01002000000C423333333F0000E144F8
:10705000FB480068001B09D51FED051A5FED140AF7
:1070600048469FEDF80AFCF740FA02E00120FCF7E1
:1070700047F9F9F7F7FC00B909E0F1490968081B7D
:10708000002801DB014600E0414201299ADC00BFF3
:10709000ED480068401CEC490860EB480068A842D5
:1070A0008FDBBDE8F08710B5FFF70AFD0020E64949
:1070B000086012E006E0012016F0ECF9F9F7D2FCC6
:1070C00000B904E0DE480068B0F5BE7FF3DB00BF26
:1070D000DD480068401CDC490860DB48006840F27D
:1070E0001A418842E6DBD9480068012831D14FF4C3
:1070F0007A71D7480068FFF799FC1FED301A5FEDF1
:107100003C0A06201FED3D0AFCF7EFF90020CE49AE
:10711000086013E006E0012016F0BCF9F9F7A2FCC4
:1071200000B905E08021CB4812F0B4FF0028F2D06E
:1071300000BFC5480068401CC3490860C2480068D9
:1071400040F21A418842E5DB4FF4FA6016F0A2F9EA
:107150001EE0BE480068D8B9BF48006850B9BC49B5
:107160000968A1F10F002D2305224FF47A71FFF772
:107170001EFF0DE0B8480068012809D1B749096829
:10718000A1F10A00372305224FF47A71FFF70FFFB0
:107190000120B34908600020FCF7B2F810BD10B51B
:1071A000FFF78EFC0020A849086012E006E00120ED
:1071B00016F070F9F9F756FC00B904E0A948006828
:1071C000B0F5B47FF3DB00BF9F480068401C9E49C8
:1071D00008609D48006840F21A418842E6DB9B48FF
:1071E0000068012831D14FF47A7199480068FFF79F
:1071F0001DFC9FED9D1A5FED7A0A06201FED7B0AAC
:10720000FCF773F900209049086013E006E00120C4
:1072100016F040F9F9F726FC00B905E080218D4809
:1072200012F038FF0028F2D000BF87480068401CE9
:10723000854908608448006840F21A418842E5DBCD
:107240004FF4FA6016F026F91DE080480068D0B9C6
:107250008648006850B97E490968A1F10F002D23C6
:1072600005224FF47A71FFF7A2FE0CE07F48006818
:10727000012808D1372305224FF47A717C48006831
:107280000A30FFF794FE0A20FCF73AF8012074490F
:10729000086010BD10B57748C07F40F00400754904
:1072A000C8774FF4FA6016F0F5F87248C07F40F0E6
:1072B00008007049C8774FF4FA6016F0EBF86D4893
:1072C000C07F40F040006B49C8774FF4FA6016F079
:1072D000E1F86848C07F40F010006649C8774FF475
:1072E000FA6016F0D7F810BD2DE9F04105460E46BC
:1072F000FDF703F9604800680A306049086060489B
:1073000000680A305F490860002415E006E00120AB
:1073100016F0C0F8F9F7A6FB00B90BE05A49096866
:10732000584A1268881A002801DB014600E04142F1
:107330000829ECDC00BF641C322CE7DB1FEDBE1A11
:1073400000EE106AF8EEC00A0C2000EE105AB8EEFB
:10735000C00AFCF7CAF800241BE006E0052016F07E
:1073600099F8F9F77FFB00B911E04021394812F094
:1073700091FE0028F2D00121364812F08BFE012840
:1073800005D1C102414812F085FE0128E6D000BFB8
:10739000641CFA2CE1DB40F6980016F07BF83848C4
:1073A0000068401D37490860B6EE001A00EE106A0A
:1073B000F8EEC00A0A2000EE105AB8EEC00AFCF738
:1073C00094F8FBF78CF806E0012016F063F8F9F763
:1073D00049FB00B914E0F9F77BFB8046F9F74BFB5A
:1073E000071E01DB384600E07842B8F1000F01DBF0
:1073F000414601E0C8F100010844B0F5FA7FE3DB43
:1074000000BF0020FBF77CFFF520214908602148E0
:1074100000680A381B490860002442E006E00120A9
:1074200016F038F8F9F71EFB00B938E0164909687C
:10743000144A1268881A00282EDB01462DE000004D
:10744000A400002000000000A4030020E8000020A9
:10745000C40100200004024048020020BC010020BA
:10746000F4000020A00000209A99193F4C0200204F
:10747000D801002004000020E0030020E8030020E1
:10748000EC030020F4030020BC00002000000240B8
:107490001C040020F003002041426429BFDC00BF2F
:1074A000641C322CBADBC820FB490860002415E0BC
:1074B00006E0012015F0EEFFF9F7D4FA00B90BE071
:1074C000F6490968F64A1268881A002801DB014665
:1074D00000E041420F29ECDC00BF641C322CE7DBEA
:1074E0004FF47A7015F0D6FFB6EE001A00EE106A6F
:1074F000F8EEC00A0A2000EE105AB8EEC00AFBF7F8
:10750000F4FF002410E006E0012015F0C3FFF9F7B6
:10751000A9FA00B906E04FF40051E24812F0BAFDB2
:107520000028F1D000BF641C40F226208442EADB30
:10753000DD480068401DDD490860002416E006E0D3
:10754000012015F0A7FFF9F78DFA00B90CE04FF410
:107550008051D74812F09EFD0028F1D00421D14877
:1075600012F098FD0028EBD000BF641CB4F57A7FC0
:10757000E5DB40F2DC5015F08DFF0020FBF7C0FE8C
:10758000F520CC490860CC4800680A38C749086033
:10759000002415E006E0012015F07CFFF9F762FAFF
:1075A00000B90BE0C5490968C04A1268881A00286A
:1075B00001DB014600E041426429ECDC00BF641CB1
:1075C000FA2CE7DBDC20BB490860002415E006E06C
:1075D000012015F05FFFF9F745FA00B90BE0B74954
:1075E0000968B24A1268881A002801DB014600E0E7
:1075F00041420A29ECDC00BF641CFA2CE7DBB6EE42
:10760000001A00EE106AF8EEC00A0A2000EE105AC6
:10761000B8EEC00AFBF769FF00240FE006E0012086
:1076200015F038FFF9F71EFA00B905E010219D4862
:1076300012F030FD0028F2D000BF641C962CEDDB68
:1076400040F2DC5015F026FF0020FBF759FEBDE8A4
:10765000F0812DE9F05F82460D4614461E46DDE9B5
:107660000B9BDDF8288096490968881B002801DB00
:10767000014600E0414201FB0BF74F4500DD4F465C
:107680008F480068801B404510DAE81B00EE900A26
:10769000F8EEE00AB0EE600AB6EE001A00EE904A8C
:1076A000F8EEE00A5046FBF720FF22E0844800682D
:1076B000801B404510DDE81900EE900AF8EEE00A64
:1076C000B0EE600AB6EE001A00EE904AF8EEE00A5C
:1076D0005046FBF70AFF0CE0B6EE001A00EE104A27
:1076E000F8EEC00A504600EE105AB8EEC00AFBF79A
:1076F000FCFEBDE8F09F2DE9F05F82460D46144682
:107700001E46DDE90B9BDDF828806D490968881B62
:10771000002801DB014600E0414201FB0BF74F4529
:1077200000DD4F4666480068801B404510DAE819C6
:1077300000EE900AF8EEE00AB0EE600AB6EE001A2B
:1077400000EE904AF8EEE00A5046FBF7CEFE22E04B
:107750005B480068801B404510DDE81B00EE900A86
:10776000F8EEE00AB0EE600AB6EE001A00EE904ABB
:10777000F8EEE00A5046FBF7B8FE0CE0B6EE001A51
:1077800000EE104AF8EEC00A504600EE105AB8EE6D
:10779000C00AFBF7AAFEBDE8F09F2DE9F05F824624
:1077A0000D4614461E46DDE90B9BDDF82880454951
:1077B0000968881B002801DB014600E0414201FB0B
:1077C0000BF74F4500DD4F463E480068801B4045A3
:1077D00010DAE81B00EE900AF8EEE00AB0EE600A5C
:1077E0009FED391A00EE904AF8EEE00A5046FBF79A
:1077F0007CFE22E033480068801B404510DDE8191C
:1078000000EE900AF8EEE00AB0EE600A9FED2E1A44
:1078100000EE904AF8EEE00A5046FBF766FE0CE0F8
:107820009FED291A00EE104AF8EEC00A504600EE0D
:10783000105AB8EEC00AFBF758FEBDE8F09F2DE9DC
:10784000F05F82460D4614461E46DDE90B9BDDF8CF
:1078500028801C490968881B002801DB014600E0DC
:10786000414201FB0BF74F4500DD4F4615480068CC
:10787000801B40452ADAE81900EE900AF8EEE00A8B
:10788000B0EE600A9FED101A00EE904AF8EEE00AA2
:107890005046FBF72AFE3CE01C040020BC00002000
:1078A000F403002000100240E0030020E803002061
:1078B0000000024020040020E4030020B800002063
:1078C000A4000020A00000209A99993EF748006883
:1078D000801B404510DDE81B00EE900AF8EEE00A40
:1078E000B0EE600A1FED081A00EE904AF8EEE00ACA
:1078F0005046FBF7FAFD0CE01FED0D1A00EE104AA2
:10790000F8EEC00A504600EE105AB8EEC00AFBF777
:10791000ECFDBDE8F09F2DE9F05F82460D46144670
:107920001E46DDE90B9BDDF82880E1490968881BCC
:10793000002801DB014600E0414201FB0BF74F4507
:1079400000DD4F46DA480068801B404510DAE81B2E
:1079500000EE900AF8EEE00AB0EE600A9FEDD51A4C
:1079600000EE904AF8EEE00A5046FBF7BEFD22E03A
:10797000CF480068801B404510DDE81900EE900AF2
:10798000F8EEE00AB0EE600A9FEDCA1A00EE904AE7
:10799000F8EEE00A5046FBF7A8FD0CE09FEDC61A92
:1079A00000EE104AF8EEC00A504600EE105AB8EE4B
:1079B000C00AFBF79AFDBDE8F09F2DE9F05F824613
:1079C0000D4614461E46DDE90B9BDDF82880BB49B9
:1079D0000968881B002801DB014600E0414201FBE9
:1079E0000BF74F4500DD4F46B4480068801B40450B
:1079F00010DAE81B00EE900AF8EEE00AB0EE600A3A
:107A00009FEDAC1A00EE904AF8EEE00A5046FBF704
:107A10006CFD22E0A9480068801B404510DDE81994
:107A200000EE900AF8EEE00AB0EE600A9FEDA11AAF
:107A300000EE904AF8EEE00A5046FBF756FD0CE0E7
:107A40009FED9C1A00EE104AF8EEC00A504600EE78
:107A5000105AB8EEC00AFBF748FDBDE8F09F3EB5EE
:107A6000FCF74BFD4FF48770954908604FF48C701C
:107A7000944908601E210020FBF72DFD00240DE035
:107A800006E0052015F006FDF8F7ECFF00B103E075
:107A9000874800682828F4DC00BF641C40F22620D8
:107AA0008442EDDB1E210020FBF715FD00240DE0D4
:107AB00006E0052015F0EEFCF8F7D4FF00B103E076
:107AC0007B4800684628F4DB00BF641C40F2262097
:107AD0008442EDDB1E210020FBF7FDFC00240DE0BD
:107AE00006E0052015F0D6FCF8F7BCFF00B103E076
:107AF0006F4800683228F4DC00BF641C40F2262086
:107B00008442EDDB0020FBF7FBFB002419E012E0D0
:107B10001E20C82102222023CDE90021029000224C
:107B200069493C20FFF7F7FE052015F0B3FCF8F794
:107B300099FF00B103E05D4800686428E8DC00BFFD
:107B4000641C40F226208442E1DB002419E012E0AC
:107B50001E20C82102222023CDE90021029000220C
:107B600059491420FFF7D7FE052015F093FCF8F7CC
:107B700079FF00B103E04D4800680F28E8DC00BF42
:107B8000641C40F226208442E1DB0020FBF7B8FBB6
:107B90003EBD3EB5FCF7B1FC4FF487704849086024
:107BA0004FF48C70474908601E210020FBF793FCBE
:107BB00000240DE006E0052015F06CFCF8F752FFFC
:107BC00000B103E03A4800682828F4DC00BF641CD8
:107BD00040F226208442EDDB1E210020FBF77BFCD7
:107BE00000240DE006E0052015F054FCF8F73AFFFC
:107BF00000B103E02E4800684628F4DB00BF641C97
:107C000040F226208442EDDB1E210020FBF763FCBE
:107C100000240DE006E0052015F03CFCF8F722FFFB
:107C200000B103E0224800683228F4DC00BF641C85
:107C300040F226208442EDDB0020FBF761FB0024AC
:107C400019E012E01E20C82102222023CDE90021E4
:107C5000029000221C493C20FFF75DFE052015F034
:107C600019FCF8F7FFFE00B103E010480068642833
:107C7000E8DC00BF641C40F226208442E1DB0024E3
:107C80002AE023E01E20C82102222023CDE9002182
:107C9000029000220C491420FFF73DFE052015F04C
:107CA000F9FBF8F7DFFE88B114E00000A000002027
:107CB0009C0000203333333FB81E453F980000201E
:107CC000E8030020F40300207CFCFFFFFE4800686E
:107CD0000F28D7DC00BF641C40F226208442D0DB92
:107CE0000020FBF70DFB3EBDF848C07F40F00100CF
:107CF000F649C8770846C07F00F0FD00C877704796
:107D0000F248C07F40F00200F049C8770846C07FC3
:107D100000F0FE00C8777047EC48C07F00F0FD001F
:107D2000EA49C8770846C07F00F0FE00C877704770
:107D3000E748407800F0100088B3E548407800F04C
:107D4000020060BBE248C07948BBE148807930BBA3
:107D5000E0480068E0490968884221DDDC48407855
:107D600000F0010058B1DD4800681438D9490968AD
:107D7000884204DD3220D54981F8270003E0142031
:107D8000D24981F827000120D04981F82600D14846
:107D90000068D34908600120D24908603EE0FFE74F
:107DA000CB48407800F0080088B3C948407800F01C
:107DB000020060BBC648C07948BBC548807930BB6B
:107DC000C4480068C5490968884221DAC04840783B
:107DD00000F0010058B1BF480168BF480068143086
:107DE000814204DD3220B94981F8270003E01420E4
:107DF000B64981F827000020B44981F82600B5482B
:107E00000068B74908600120B649086006E0FFE74E
:107E10000020B4490860AD4981F827007047AC489C
:107E2000407800F0400070B3A948407800F00200AC
:107E300048BBA748C07930BBA548807918BBAA4881
:107E40000068AA49096888421EDAA148407800F013
:107E5000010050B1A4480168A5480068143081426F
:107E600003DD96209949C87602E046209749C876F6
:107E70000120964988769C4800689E490860012048
:107E80009D49086037E0FFE79148407800F08000A6
:107E900070B38F48407800F0020048BB8C48C0792E
:107EA00030BB8B48807918BB8F48006890490968BF
:107EB00088421DDD8648407800F0010050B18B48B3
:107EC0000068143888490968884203DD96207F4994
:107ED000C87602E046207D49C87600207B49887636
:107EE000814800688349086001208349086002E0F6
:107EF00000208149086070477548407800F02000F4
:107F000088B37348407800F0020060BB7048C079C5
:107F100048BB6F48807930BB784800687849096869
:107F2000884221DD6A48407800F0010058B1754868
:107F30000068143871490968884204DD9620634955
:107F400081F82B0003E06420604981F82B000020B9
:107F50005E4981F82A00694800686B490860012081
:107F60006A4908603BE0FFE75948407800F00400A8
:107F700088B35748407800F0020060BB5448C0798D
:107F800048BB5348807930BB5C4800685D4909684C
:107F9000884221DA4E48407800F0010058B1574835
:107FA0000168574800681430814204DD9620474933
:107FB00081F82B0003E06420444981F82B00012064
:107FC000424981F82A004D4800684F490860012065
:107FD0004E49086003E0FFE700204C490860704705
:107FE00010B50446FFF78CFE384890F8230000F0E7
:107FF000EF00364981F8230043F6982015F04AFA3D
:10800000FFF772FE41F6583015F044FA4FF48051F4
:108010003F4812F03FF801283CD1601D304908600C
:1080200040F6B83015F036FAFFF76AFE274890F8A8
:10803000230000F0EF00254981F8230043F6982043
:1080400015F028FAFFF750FE41F6583015F022FAE5
:108050004FF480512E4812F01DF801281AD1601FEC
:108060001F49086040F6B83015F014FAFFF748FED3
:10807000164890F8230000F0EF00144981F823001F
:1080800043F6982015F006FAFFF72EFE41F6583019
:1080900015F000FAA4F114001149086010BD10B5E4
:1080A0004FF461714842FFF71FF99FED1A1ADFED97
:1080B0001A0A0A209FED190AFBF717FA4FF47A60A3
:1080C00015F0E8F900202BE0A000002004000020BB
:1080D0006F080020B0000020F8030020FC030020FF
:1080E0000004002098040020C000002008040020A4
:1080F000040400200C0400209C040020C400002084
:10810000100400201404002018040020A004002003
:1081100000000240CDCC4C3F00006144000061C42F
:10812000FBF7EEF80020FE4908600120FD490860D9
:1081300010BD10B54FF461714842FEF74DF81FEDC8
:108140000B1A5FED0B0A0A201FED0C0AFBF7CDF9A5
:108150004FF47A6015F09EF90020FBF7D1F800206B
:10816000EF4908600120EF49086010BD10B50020FC
:10817000FBF7C6F8FAF771FEFCF7B2F94FF48C7012
:10818000E9490860E9490860C820E9490860E94808
:108190000068E9490860C820E8490860E8480068C4
:1081A000E84908606420E8490860E8480068E84950
:1081B0000860E848C07F00F07F00E649C8770846BD
:1081C000C07F00F0DF00C877084690F8230000F079
:1081D000FE0081F823000846C07F00F0F700C87752
:1081E0000846C07F00F0BF00C8770846C07F00F097
:1081F000EF00C8770846C07F00F0FB00C877F8F7AB
:1082000031FC10BD10B50020FBF77AF8FAF725FE17
:10821000FCF760F940F25B10C3490860C34908608D
:108220006420C9490860C9480068C9490860C9484C
:10823000C07F00F07F00C749C8770846C07F00F0C4
:10824000DF00C8770846C07F00F0F700C87708460F
:10825000C07F00F0BF00C8770846C07F00F0EF0085
:10826000C8770846C07F00F0FB00C87710BDB9484A
:10827000C07F40F08000B749C8770846C07F40F013
:108280002000C877704770B50446B3480568A5421A
:1082900020DA6420AC490860AD4804600020AF4992
:1082A000086012E006E0012015F0F4F8F8F7DAFBB8
:1082B00000B904E0E01EA84909688842F3DC00BF69
:1082C000A6480068401CA5490860A44800683228F8
:1082D000E8DB21E0A5421FDD64209B4908609C4843
:1082E000046000209D49086012E006E0012015F0BE
:1082F000D1F8F8F7B7FB00B904E097480168E01C33
:108300008142F3DC00BF95480068401C9349086037
:10831000924800683228E8DB70BD10B500208F4914
:1083200008603CE027E04FF400618D4811F0B2FE98
:1083300048B901218B4811F0ADFE20B904218A48CB
:10834000FBF7C9F810E04FF40051864811F0A2FE87
:1083500050B94FF40061854811F09CFE20B904210A
:108360004FF46170FBF7B7F8012015F093F8F8F7B8
:1083700079FB00B90DE04FF40061794811F08AFEF5
:108380000028D0D04FF40051764811F083FE002829
:10839000C9D000BF71480068401C704908606F4830
:1083A0000068B0F5FA7FBDDB4FF4966015F072F807
:1083B0000020FAF7A5FF10BD10B50020674908603E
:1083C00031E01CE04FF40061654811F063FE20B914
:1083D00004210020FBF77FF80AE04FF400516148C8
:1083E00011F058FE20B904214FF4E160FBF773F857
:1083F000012015F04FF8F8F735FB00B90DE04FF408
:108400000061574811F046FE0028DBD04FF40051C0
:10841000544811F03FFE0028D4D000BF4F480068F8
:10842000401C4E4908604D480068B0F5FA7FC8DB33
:108430004FF47A7015F02EF80020FAF761FF10BDA6
:1084400010B500204549086031E01CE04FF40061A0
:10845000434811F01FFE28B904214FF4E160FBF7F7
:108460003AF809E04FF400513E4811F013FE18B9F4
:1084700004210020FBF72FF8012015F00BF8F8F786
:10848000F1FA00B90DE04FF40061354811F002FE39
:108490000028DBD04FF40051324811F0FBFD0028DA
:1084A000D4D000BF2D480068401C2C4908602B48E0
:1084B0000068B0F5FA7FC8DB4FF4FA7014F0EAFFF9
:1084C0000020FAF71DFF10BD10B5294800680128EB
:1084D00002D1FFF7B5FF0CE026480068012802D161
:1084E000FFF76AFF05E024480068012801D1FFF783
:1084F00014FF10BD70B52DED068B00BF002515488B
:10850000C07F40F004001349C8770846C07F40F0A0
:108510008000C877FA2006490860184800682FE0F4
:108520007C020020AC020020E8030020F4030020BD
:108530002C040020B0010020180400202804002092
:10854000AC0100200C04002024040020780100204D
:108550000004002004000020B0000020A40300203C
:10856000000C0240000402407CFCFFFF00000240BF
:10857000EC000020F0000020E800002010040020A3
:108580005F30FE4908600020FD49086019E006E000
:10859000012014F07FFFF8F765FA00B90BE0F94904
:1085A0000968F64A1268881A002801DB014600E0D3
:1085B00041420A29ECDC00BFF1480068401CF04948
:1085C0000860EF4800683228E1DB0020EC490860D1
:1085D00014E006E0012014F05DFFF8F743FA00B95B
:1085E00006E04FF40061E84811F054FD0128F1D095
:1085F00000BFE3480068401CE1490860E0480068AB
:1086000040F226218842E4DBFFF75EFFC820DF4905
:108610000860DF4800682D30D849086041F270706A
:1086200014F038FFDB48C07F00F0FB00D949C87761
:108630004FF47A7014F02EFFD648C07F00F07F0010
:10864000D449C877FA20D1490860D3480068CB499B
:1086500008600020CA49086032E006E0012014F0FA
:1086600019FFF8F7FFF900B924E0CB490968C84AB7
:108670001268881A15F017FD41EC1A0B9FEDC70B15
:1086800053EC102B15F0A0FC41EC180BBD48006812
:10869000BA490968441A002C01DB214600E0614216
:1086A000084615F000FD41EC190B53EC182B15F0A2
:1086B0003DFDD3D300BFB2480068401CB0490860FC
:1086C000AF4800683228C8DB4FF47A7014F0E2FE3D
:1086D0004021B44811F0DEFC00B9012525B1F8F7BE
:1086E000C1F900287FF40AAFBDEC068B70BD10B550
:1086F00040F6AC5014F0CEFE0020A14908603CE0EA
:1087000027E04FF48061A04811F0C4FC48B9012172
:108710009D4811F0BFFC20B90421A348FAF7DBFE05
:1087200010E04FF40041984811F0B4FC50B94FF4F8
:1087300000619E4811F0AEFC20B904214FF4617035
:10874000FAF7C9FE052014F0A5FEF8F78BF900B979
:108750000DE04FF480618C4811F09CFC0028D0D0D3
:108760004FF40041884811F095FC0028C9D000BFA3
:1087700083480068401C8249086081480068B0F561
:10878000FA7FBDDB4FF4966014F084FE0020FAF708
:10879000B7FD10BD10B500207949086031E01CE03C
:1087A0004FF48061784811F075FC20B90421002055
:1087B000FAF791FE0AE04FF40041734811F06AFCA9
:1087C00020B904214FF4E160FAF785FE012014F08E
:1087D00061FEF8F747F900B90DE04FF480616A488F
:1087E00011F058FC0028DBD04FF40041664811F02E
:1087F00051FC0028D4D000BF61480068401C60498B
:1088000008605F480068B0F5FA7FC8DB4FF47A7003
:1088100014F040FE0020FAF773FD10BD10B50020E3
:108820005749086031E01CE04FF48061564811F070
:1088300031FC28B904214FF4E160FAF74CFE09E05D
:108840004FF40041504811F025FC18B904210020D4
:10885000FAF741FE012014F01DFEF8F703F900B904
:108860000DE04FF48061484811F014FC0028DBD083
:108870004FF40041444811F00DFC0028D4D000BF53
:108880003F480068401C3E4908603D480068B0F51C
:10889000FA7FC8DB4FF4966014F0FCFD0020FAF775
:1088A0002FFD10BD10B542480068012802D1FFF726
:1088B000B5FF0CE03F480068012802D1FFF76AFFCE
:1088C00005E03D480068012801D1FFF710FF10BD09
:1088D00070B52DED068B00BF00252E48C07F40F0FF
:1088E00008002C49C8770846C07F40F02000C877B0
:1088F000FA2032490860324800685A383149086025
:1089000000201F49086019E006E0012014F0C2FDB4
:10891000F8F7A8F800B90BE02B490968294A126852
:10892000881A002801DB014600E041420A29ECDCFC
:1089300000BF13480068401C1149086010480068D7
:108940003228E1DB00200E49086014E006E0012037
:1089500014F0A0FDF8F786F800B906E04FF40041E6
:108960001A4811F097FB0128F1D000BF04480068B5
:10897000401C034908600248006829E018040020F0
:10898000A4030020C4000020000402402C040020A6
:108990001004002004000020B001002000000000AE
:1089A0000000F43F001002407CFCFFFF000002408A
:1089B000EC000020F0000020E80000202804002047
:1089C000080400200C040020C0000020000C02401D
:1089D0003228BBDBFFF766FFC820FE490860FE486F
:1089E00000682D38FD49086041F2707014F052FDA6
:1089F000FB48C07F00F0F700F949C8774FF47A7060
:108A000014F048FDF648C07F00F0DF00F449C87755
:108A1000FA20F0490860F3480068F0490860002037
:108A2000F149086032E006E0012014F033FDF8F768
:108A300019F800B924E0EB490968EC4A1268881A71
:108A400015F031FB41EC1A0B1FED2C0B53EC102BE6
:108A500015F0BAFA41EC180BE5480068DF490968DF
:108A6000441A002C01DB214600E06142084615F063
:108A70001AFB41EC190B53EC182B15F057FBD3D311
:108A800000BFD9480068401CD7490860D648006834
:108A90003228C8DB4FF40071D64811F0FBFA00B958
:108AA000012525B1F7F7DEFF00287FF415AFBDECF7
:108AB000068B70BD10B50020CB4908603CE027E074
:108AC0004FF48061CC4811F0E5FA48B90121CB4858
:108AD00011F0E0FA20B90421C948FAF7FCFC10E0D3
:108AE0004FF48051C54811F0D5FA50B94FF40061E8
:108AF000C44811F0CFFA20B904214FF46170FAF79D
:108B0000EAFC012014F0C6FCF7F7ACFF00B90DE059
:108B10004FF48061B84811F0BDFA0028D0D04FF46E
:108B20008051B64811F0B6FA0028C9D000BFAE484F
:108B30000068401CAC490860AB480068B0F5FA7F9B
:108B4000BDDB4FF4966014F0A5FC0020FAF7D8FBCB
:108B500010BD10B50020A449086031E01CE04FF4BE
:108B60008061A54811F096FA20B904210020FAF797
:108B7000B2FC0AE04FF48051A04811F08BFA20B902
:108B800004214FF4E160FAF7A6FC012014F082FC06
:108B9000F7F768FF00B90DE04FF48061964811F0D7
:108BA00079FA0028DBD04FF48051944811F072FA22
:108BB0000028D4D000BF8C480068401C8A49086057
:108BC00089480068B0F5FA7FC8DB4FF4487014F0AC
:108BD00061FC0020FAF794FB10BD10B5002082491B
:108BE000086031E01CE04FF48061834811F052FAD4
:108BF00028B904214FF4E160FAF76DFC09E04FF465
:108C000080517E4811F046FA18B904210020FAF785
:108C100062FC012014F03EFCF7F724FF00B90DE0E0
:108C20004FF48061744811F035FA0028DBD04FF41E
:108C30008051724811F02EFA0028D4D000BF6A4843
:108C40000068401C6849086067480068B0F5FA7F12
:108C5000C8DB4FF4966014F01DFC0020FAF750FBBF
:108C600010BD10B568480068012802D1FFF7B5FFB4
:108C70000CE066480068012802D1FFF76AFF05E0B2
:108C800063480068012801D1FFF714FF10BD70B5DB
:108C90002DED068B00BF00255148C07F40F04000FD
:108CA0004F49C8770846C07F40F08000C8776420ED
:108CB000584908604FF42D705749086000204A4910
:108CC000086013E006E0012014F0E4FBF7F7CAFEA9
:108CD00000B905E05148006840F2B2218842F2DB59
:108CE00000BF41480068401C3F4908603E4800689A
:108CF0003228E7DBFA204A4908604A4800685F38B2
:108D00004949086000203849086019E006E0012060
:108D100014F0C0FBF7F7A6FE00B90BE04349096861
:108D2000414A1268881A002801DB014600E04142EE
:108D30000A29ECDC00BF2C480068401C2A49086066
:108D40002948006840F226218842DFDB00202649BE
:108D5000086014E006E0012014F09CFBF7F782FEA7
:108D600000B906E04FF40061244811F093F901289E
:108D7000F1D000BF1C480068401C1B4908601A481D
:108D800000683228E6DB4FF47A7014F083FBFFF7BB
:108D900068FFFA20224908602248006832382249D8
:108DA000086041F2707014F075FB0D48C07F00F050
:108DB000BF000B49C8774FF47A7014F06BFB08487A
:108DC000C07F00F07F000649C877FA201449086088
:108DD00017482FE028040020080400200C0400207D
:108DE00004000020AC010020A403002004040020A3
:108DF000C000002000080240000C024000040240B5
:108E00007CFCFFFF00000240EC000020F00000208E
:108E1000E80000202404002000040020B00000200E
:108E20002C0400201404002018040020C40000209A
:108E3000B00100200068FE4908600020FD4908607C
:108E400032E006E0012014F025FBF7F70BFE00B935
:108E500024E0F9490968F94A1268881A15F023F9DB
:108E600041EC1A0B9FEDF60B53EC102B15F0ACF800
:108E700041EC180BF4480068ED490968441A002CCD
:108E800001DB214600E06142084615F00CF941EC97
:108E9000190B53EC182B15F049F9D3D300BFE54853
:108EA0000068401CE3490860E24800683228C8DBDB
:108EB0002021E64811F0EEF800B9012525B1F7F7B9
:108EC000D1FD00287FF4E7AEBDEC068B70BD10B578
:108ED0000020D84908603CE027E04FF48041DC489E
:108EE00011F0D8F848B90121D94811F0D3F820B9C8
:108EF0000421D848FAF7EFFA10E04FF48041D64841
:108F000011F0C8F850B94FF40061D44811F0C2F81C
:108F100020B904214FF46170FAF7DDFA012014F052
:108F2000B9FAF7F79FFD00B90DE04FF48041C8484A
:108F300011F0B0F80028D0D04FF48041C64811F0AD
:108F4000A9F80028C9D000BFBA480068401CB94938
:108F50000860B8480068B0F5FA7FBDDB4FF4966052
:108F600014F098FA0020FAF7CBF910BD10B50020E4
:108F7000B049086031E01CE04FF48041B44811F082
:108F800089F820B904210020FAF7A5FA0AE04FF485
:108F90008041B14811F07EF820B904214FF4E1601E
:108FA000FAF799FA012014F075FAF7F75BFD00B9AA
:108FB0000DE04FF48041A64811F06CF80028DBD09A
:108FC0004FF48041A44811F065F80028D4D000BFC8
:108FD00098480068401C9749086096480068B0F5BA
:108FE000FA7FC8DB4FF47A7014F054FA0020FAF7D5
:108FF00087F910BD10B500208E49086031E01CE0F3
:109000004FF48041924811F045F828B904214FF4FB
:10901000E160FAF760FA09E04FF480418E4811F000
:1090200039F818B904210020FAF755FA012014F094
:1090300031FAF7F717FD00B90DE04FF4804184488D
:1090400011F028F80028DBD04FF48041824811F05D
:1090500021F80028D4D000BF76480068401C75492C
:10906000086074480068B0F5FA7FC8DB4FF496607A
:1090700014F010FA0020FAF743F910BD10B5784843
:109080000068012802D1FFF7B5FF0CE075480068C1
:10909000012802D1FFF76AFF05E073480068012844
:1090A00001D1FFF714FF10BD70B52DED068B002424
:1090B000002600BF6D48C07F40F004006B49C877B0
:1090C0000846C07F40F08000C877FA2068490860F1
:1090D0005A4800684B3056490860002055490860DE
:1090E00014E006E0012014F0D5F9F7F7BBFC00B955
:1090F00006E04FF40061564810F0CCFF0128F1D093
:1091000000BF4C480068401C4A4908604948006854
:109110003228E6DB00204749086019E006E001201C
:1091200014F0B8F9F7F79EFC00B90BE0464909685E
:109130003F4A1268881A002801DB014600E04142DC
:109140000A29ECDC00BF3B480068401C3949086034
:10915000384800683228E1DB4FF47A7014F09AF94D
:10916000FFF7B2F9C8204249086034480068193056
:109170002F49086041F6583014F08CF93B48C07F05
:1091800000F0FB003949C8774FF47A7014F082F987
:109190003648C07F00F07F003449C877FA20344950
:1091A00008602548006822490860002021490860BD
:1091B00032E006E0012014F06DF9F7F753FC00B936
:1091C00024E01D4909681D4A1268881A14F06BFFD3
:1091D00041EC1A0B9FED270B53EC102B14F0F4FE0F
:1091E00041EC180B1848006811490968451A002D10
:1091F00001DB294600E06942084614F054FF41ECC7
:10920000190B53EC182B14F091FFD3D300BF09486E
:109210000068401C07490860064800683228C8DB1F
:1092200040210A4810F036FF40BB641C0F4826E07E
:1092300018040020A4030020B00100201004002026
:10924000000000000000F43FC400002000100240B5
:10925000000402407CFCFFFF000C024000000240C2
:10926000EC000020F0000020E800002004000020B6
:109270002C040020333333333333F33F09E0C07F12
:1092800040F00400FE49C8774FF47A7014F002F9F8
:1092900000E0012636B9052C04DAF7F7E3FB0028D5
:1092A0007FF408AFBDEC068B70BD70B52DED068B5D
:1092B0000024002600BFF248C07F40F00800F049BB
:1092C000C8770846C07F40F02000C877FA20ED49F3
:1092D0000860ED4800684638EC4908600020EC4919
:1092E000086014E006E0012014F0D4F8F7F7BAFBA8
:1092F00000B906E04FF40041E64810F0CBFE01282B
:10930000F1D000BFE2480068401CE1490860E04835
:10931000006840F226218842E4DB0020DC49086036
:1093200019E006E0012014F0B5F8F7F79BFB00B94F
:109330000BE0D9490968D54A1268881A002801DB70
:10934000014600E041420529ECDC00BFD04800683E
:10935000401CCF490860CE4800683228E1DB4FF45A
:109360007A7014F097F8FFF79DFAC820C549086095
:10937000C54800681938C549086041F6583014F0EE
:1093800089F8BF48C07F00F0F700BD49C8774FF4A7
:109390007A7014F07FF8BA48C07F00F0DF00B84957
:1093A000C877FA20B7490860BC480068B749086028
:1093B0000020B749086032E006E0012014F06AF8A6
:1093C000F7F750FB00B924E0B4490968B44A1268C1
:1093D000881A14F068FE41EC1A0B1FED5A0B53EC7F
:1093E000102B14F0F1FD41EC180BAB480068A749B5
:1093F0000968451A002D01DB294600E0694208464C
:1094000014F051FE41EC190B53EC182B14F08EFEA6
:10941000D3D300BF9E480068401C9D4908609C480B
:1094200000683228C8DB4FF400719E4810F032FE0D
:1094300058B9641C9248C07F40F008009049C87732
:109440004FF47A7014F026F800E0012636B9052CA6
:1094500004DAF7F707FB00287FF42DAFBDEC068B8D
:1094600070BD70B52DED068B0024002600BF84482A
:10947000C07F40F040008249C8770846C07F40F076
:109480008000C877FA20884908608848006850380A
:109490008749086000207E49086014E006E001204A
:1094A00013F0F8FFF7F7DEFA00B906E04FF40061B9
:1094B000804810F0EFFD0128F1D000BF744800682B
:1094C000401C73490860724800683228E6DB0020BF
:1094D0006F49086019E006E0012013F0DBFFF7F7A1
:1094E000C1FA00B90BE074490968714A1268881A18
:1094F000002801DB014600E041420A29ECDC00BF04
:1095000063480068401C624908606148006832286E
:10951000E1DB4FF47A7013F0BDFFFFF7A2FBC82028
:1095200061490860614800681438614908604FF477
:10953000FA5013F0AFFF5248C07F00F0BF0050490F
:10954000C8774FF47A7013F0A5FF4D48C07F00F044
:109550007F004B49C877FA20534908605748006894
:109560005349086000204A49086032E006E00120C3
:1095700013F090FFF7F776FA00B924E04F49096835
:109580004F4A1268881A14F08EFD41EC1A0B1FED39
:10959000C70B53EC102B14F017FD41EC180B464889
:1095A000006843490968451A002D01DB294600E09F
:1095B0006942084614F077FD41EC190B53EC182B67
:1095C00014F0B4FDD3D300BF31480068401C3049CB
:1095D00008602F4800683228C8DB2021394810F085
:1095E00059FD58B9641C2648C07F40F0400024490A
:1095F000C8774FF47A7013F04DFF00E0012636B9BA
:10960000052C04DAF7F72EFA00287FF430AFBDEC12
:10961000068B70BD70B52DED068B0024002600BFB3
:109620001748C07F40F010001549C8770846C07F32
:1096300040F02000C877C820124908601848006828
:1096400057301249086000201149086014E006E014
:10965000012013F01FFFF7F705FA00B906E04FF4F9
:1096600000410C4810F016FD0128F1D000BF084859
:109670000068401C0649086005480068322823E05D
:109680000400002028040020080400200C0400200E
:10969000A4030020000C0240C0000020AC01002008
:1096A00004040020000802402C04002014040020C0
:1096B0001804002000040240C4000020B001002073
:1096C0001004002000100240C1DB0020FC490860AB
:1096D00019E006E0012013F0DDFEF7F7C3F900B949
:1096E0000BE0F8490968F84A1268881A002801DB7B
:1096F000014600E041420A29ECDC00BFF048006866
:10970000401CEF490860EE4800683228E1DB4FF466
:109710007A7013F0BFFEFFF7B1FCC820EB49086078
:10972000EB4800682830E849086041F2707013F097
:10973000B1FEE848C07F00F0EF00E649C8774FF47B
:109740007A7013F0A7FEE348C07F00F0DF00E14924
:10975000C877FA20DD490860DF480068DA49086008
:109760000020D749086032E006E0012013F092FEA5
:10977000F7F778F900B924E0D7490968D44A1268A4
:10978000881A14F090FC41EC1A0B9FEDD40B53ECAB
:10979000102B14F019FC41EC180BCA480068CA4998
:1097A0000968451A002D01DB294600E06942084698
:1097B00014F079FC41EC190B53EC182B14F0B6FCA7
:1097C000D3D300BFBE480068401CBD490860BC48F8
:1097D00000683228C8DB4FF48071C24810F05AFC90
:1097E00058B9641CBB48C07F40F01000B949C87725
:1097F0004FF47A7013F04EFE00E0012636B9052CC6
:1098000004DAF7F72FF900287FF40AAFBDEC068BD6
:1098100070BD2DE9F0412DED068B04460025002793
:1098200000BFC820B0490860B04804600020A449C7
:10983000086019E006E0012013F02CFEF7F712F99A
:1098400000B90BE0AA490968A84A1268881A0028DA
:1098500001DB014600E041420A29ECDC00BF9848E8
:109860000068401C96490860954800689628E1DB2E
:109870009848C07F40F004009649C8770846C07FEA
:1098800040F08000C877FA209A4908609A4800683A
:1098900023309A49086000208949086014E006E0F6
:1098A000012013F0F7FDF7F7DDF800B906E04FF4FB
:1098B0000061934810F0EEFB0128F1D000BF804812
:1098C0000068401C7E4908607D4800683228E6DB5D
:1098D00000207B49086019E006E0012013F0DAFD62
:1098E000F7F7C0F800B90BE086490968834A1268A7
:1098F000881A002801DB014600E041420A29ECDC1D
:1099000000BF6F480068401C6D4908606C480068E3
:109910003228E1DB4FF47A7013F0BCFD7A4800681E
:10992000012802D1FEF78CFD05E078480068012887
:1099300001D1FEF741FD4FF47A7013F0ABFDC82062
:109940006C4908606C4800686C49086041F6583002
:1099500013F0A0FD5F48C07F00F0FB005D49C877B1
:109960004FF47A7013F096FD5A48C07F00F07F00E4
:109970005849C877FA205F490860654800685F4920
:10998000086000204E49086032E006E0012013F034
:1099900081FDF7F767F800B924E05D490968564A88
:1099A0001268881A14F07FFB41EC1A0B9FED4B0BE9
:1099B00053EC102B14F008FB41EC180B51480068D5
:1099C0004E490968461A002E01DB314600E071421B
:1099D000084614F068FB41EC190B53EC182B14F0FB
:1099E000A5FBD3D300BF36480068401C344908604B
:1099F000334800683228C8DB4021464810F04AFB53
:109A000058B96D1C3348C07F40F004003149C87715
:109A10004FF47A7013F03EFD00E0012737B9052DB1
:109A200004DAF7F71FF800287FF4FBAEBDEC068BD5
:109A3000BDE8F0812DE9F0412DED068B04460025AF
:109A4000002700BFC820284908602848046000207B
:109A50001B49086019E006E0012013F01BFDF7F731
:109A600001F800B90BE022490968204A1268881AF7
:109A7000002801DB014600E041420A29ECDC00BF7E
:109A80000F480068401C0E4908600D480068962881
:109A9000E1DB1048C07F40F008000E49C877084657
:109AA000C07F40F02000C877FA20084908601A48B3
:109AB00000682D380449086000200149086042E030
:109AC000A4030020C00000200C0400202804002073
:109AD0000404002004000020AC01002033333333A1
:109AE0003333F33F00080240240400200004002028
:109AF000B00000202C0400201004002018040020D6
:109B000000040240C4000020EC000020F00000200F
:109B1000B0010020001002400804002006E00120EF
:109B200013F0B8FCF6F79EFF00B906E04FF40041D1
:109B3000F84810F0AFFA0128F1D000BFF6480068ED
:109B4000401CF5490860F44800683228E6DB002034
:109B5000F149086019E006E0012013F09BFCF6F7DC
:109B600081FF00B90BE0ED490968ED4A1268881AD7
:109B7000002801DB014600E041420A29ECDC00BF7D
:109B8000E5480068401CE4490860E3480068322862
:109B9000E1DB4FF47A7013F07DFCE24800680128A5
:109BA00002D1FEF73BFE05E0DF480068012801D145
:109BB000FEF7F0FD4FF47A7013F06CFCC820DB491F
:109BC0000860DB480068D649086041F6583013F059
:109BD00061FCD848C07F00F0F700D649C8774FF441
:109BE0007A7013F057FCD348C07F00F0DF00D149F2
:109BF000C877FA20CD490860CF480068C849086096
:109C00000020C549086032E006E0012013F042FC64
:109C1000F6F728FF00B924E0C7490968C74A126867
:109C2000881A14F040FA41EC1A0B1FED540B53EC58
:109C3000102B14F0C9F941EC180BB8480068B8496A
:109C40000968461A002E01DB314600E071420846E1
:109C500014F029FA41EC190B53EC182B14F066FAA6
:109C6000D3D300BFAC480068401CAB490860AA4889
:109C700000683228C8DB4FF40071B14810F00AFACE
:109C800058B96D1CAB48C07F40F00800A949C8779F
:109C90004FF47A7013F0FEFB00E0012737B9052D71
:109CA00004DAF6F7DFFE00287FF4CCAEBDEC068BBD
:109CB000BDE8F0812DE9F0412DED068B044600252D
:109CC000002700BFC8209F4908609F48046000200B
:109CD0009149086019E006E0012013F0DBFBF6F77C
:109CE000C1FE00B90BE099490968974A1268881AC1
:109CF000002801DB014600E041420A29ECDC00BFFC
:109D000085480068401C844908608348006896289C
:109D1000E1DB8848C07F40F040008649C8770846AC
:109D2000C07F40F08000C877FA20894908608948E0
:109D3000006832388849086000207749086014E0DC
:109D400006E0012013F0A6FBF6F78CFE00B906E052
:109D50004FF40061814810F09DF90128F1D000BF57
:109D60006D480068401C6C4908606B4800683228E8
:109D7000E6DB00206849086019E006E0012013F0E6
:109D800089FBF6F76FFE00B90BE075490968724A66
:109D90001268881A002801DB014600E041420A29C6
:109DA000ECDC00BF5C480068401C5B4908605A4816
:109DB00000683228E1DB4FF47A7013F06BFB5948EE
:109DC0000068012802D1FEF708FF05E05648006848
:109DD000012801D1FEF7BDFEC8205D4908605D483D
:109DE00000685D49086041F6583013F053FB514854
:109DF000C07F00F0BF004F49C8774FF47A7013F06E
:109E000049FB4C48C07F00F07F004A49C877FA20E0
:109E10004F490860484800684F49086000203E49A3
:109E2000086032E006E0012013F034FBF6F71AFE7A
:109E300000B924E04B4909684B4A1268881A14F0AB
:109E400032F941EC1A0B1FEDDB0B53EC102B14F025
:109E5000BBF841EC180B424800683F490968461AB4
:109E6000002E01DB314600E07142084614F01BF978
:109E700041EC190B53EC182B14F058F9D3D300BF55
:109E800025480068401C244908602348006832289F
:109E9000C8DB2021354810F0FDF858B96D1C254865
:109EA000C07F40F040002349C8774FF47A7013F028
:109EB000F1FA00E0012737B9052D04DAF6F7D2FDF3
:109EC00000287FF4FFAEBDEC068BBDE8F0812DE9E4
:109ED000F0412DED068B04460025002700BFC82069
:109EE000184908601848046000200B49086048E0E1
:109EF00006E0012013F0CEFAF6F7B4FD00B93AE01F
:109F000012490968104A1268881A002830DB014695
:109F10002FE00000000C0240A4030020C00000203D
:109F20000C040020EC000020F00000202804002099
:109F30000804002004000020AC01002004040020DC
:109F4000000802402404002000040020B00000208B
:109F50002C040020140400201804002000040240F7
:109F6000C4000020B00100201004002000100240B6
:109F700041420A29BDDC00BFFC480068401CFB4987
:109F80000860FA4800689628B2DBF948C07F40F0C4
:109F90001000F749C8770846C07F40F02000C87716
:109FA000FA20F4490860F44800684130F349086039
:109FB0000020EE49086014E006E0012013F06AFA80
:109FC000F6F750FD00B906E04FF40041EC4810F000
:109FD00061F80128F1D000BFE4480068401CE34963
:109FE0000860E24800683228E6DB0020DF490860AC
:109FF00019E006E0012013F04DFAF6F733FD00B941
:10A000000BE0E0490968DD4A1268881A002801DB84
:10A01000014600E041420A29ECDC00BFD348006859
:10A02000401CD2490860D14800683228E1DB4FF477
:10A030007A7013F02FFAD4480068012802D1FEF795
:10A04000D9FF05E0D1480068012801D1FEF78EFF55
:10A05000C820C8490860C8480068401DC749086052
:10A0600041F6583013F016FAC148C07F00F0EF00F7
:10A07000BF49C8774FF47A7013F00CFABC48C07F20
:10A0800000F0DF00BA49C877FA20BA490860C04832
:10A090000068BA4908600020B449086032E006E070
:10A0A000012013F0F7F9F6F7DDFC00B924E0B84918
:10A0B0000968B14A1268881A13F0F5FF41EC1A0BCF
:10A0C0009FEDB40B53EC102B13F07EFF41EC180BFB
:10A0D000AC480068A9490968461A002E01DB3146E0
:10A0E00000E07142084613F0DEFF41EC190B53EC1F
:10A0F000182B14F01BF8D3D300BF9C480068401CF9
:10A100009A490860994800683228C8DB4FF480718A
:10A11000A2480FF0BFFF58B96D1C9548C07F40F0B2
:10A1200010009349C8774FF47A7013F0B3F900E048
:10A13000012737B9052D04DAF6F794FC00287FF4DF
:10A14000CEAEBDEC068BBDE8F08170B52DED068B73
:10A15000002500BF8648C07F40F004008449C877CE
:10A160000846C07F40F08000C877FA208C4908601C
:10A170008C48006828308C49086000207B490860C2
:10A1800015E008E0012013F085F9F6F76BFC10B933
:10A19000BDEC068B70BD4FF4006184480FF07AFF70
:10A1A0000128EFD071480068401C704908606F4872
:10A1B0000068FA28E5DB00206C49086018E006E03A
:10A1C000012013F067F9F6F74DFC00B9E0E7784994
:10A1D0000968754A1268881A002801DB014600E008
:10A1E00041420629ECDC61480068401C5F49086078
:10A1F0005E48006840F226218842E0DB4FF47A7026
:10A2000013F048F9FEF789F8FAF76AF940F26D1091
:10A210006849086040F213106749086000205349FC
:10A22000086018E006E0012013F034F9F6F71AFC94
:10A2300000B9ADE7614909685E4A1268881A0028CA
:10A2400001DB014600E041420A29ECDC4748006896
:10A25000401C46490860454800689628E2DBC82053
:10A260004F4908604F48006812304F49086041F27A
:10A27000883013F00FF900203C49086053E03FE0BC
:10A28000FA2047490860474800685030464908604E
:10A2900000203649086018E006E0012013F0FAF8C3
:10A2A000F6F7E0FB00B973E7414909683E4A1268D6
:10A2B000881A002801DB014600E041420A29ECDC53
:10A2C0002A480068401C294908602848006840F274
:10A2D00026218842E0DBFEF720F832203049086072
:10A2E0003048006812303049086041F2883013F07D
:10A2F000D1F8012013F0CEF8F6F7B4FB00B90CE06A
:10A300002B490A68274909681231501A002801DBD5
:10A31000014600E041420A29B2DC00BF1348006850
:10A32000401C12490860114800683228A7DB104819
:10A33000C07F00F0FB000E49C8770846C07F00F0E0
:10A340007F00C877FAF7C6F840F20910194908608B
:10A3500019490860FA201249086019480068124932
:10A3600008600020014908605EE00000A4030020AE
:10A370000400002028040020040400200C04002015
:10A38000000C0240C0000020EC000020F000002083
:10A39000AC010020333333333333F33F0008024042
:10A3A0002C040020100400201804002000040240A7
:10A3B000C4000020E8030020F4030020B8000020BF
:10A3C000B001002006E0012013F064F8F6F74AFB24
:10A3D00000B9DDE6F7490968F74A1268881A13F0F0
:10A3E00062FE41EC1A0B1FED150B53EC102B13F012
:10A3F000EBFD41EC180BF1480068F1490968441A7B
:10A40000002C01DB214600E06142084613F04BFEC0
:10A4100041EC190B53EC182B13F088FED3D3E94809
:10A420000068401CE7490860E64800683228C9DB3C
:10A430004021E5480FF02EFE08B9012500E0002577
:10A4400025B1F6F70FFB00287FF484AE00BF9FE62E
:10A4500070B52DED068B002500BF6420DB49086038
:10A46000DB480068C01CDB4908600020D549086053
:10A470001AE008E0012013F00DF8F6F7F3FA10B92E
:10A48000BDEC068B70BDD4490968D24A1268881A9F
:10A49000002801DB014600E041420A29EADCC94804
:10A4A0000068401CC7490860C64800689628E0DB81
:10A4B000CA48C07F40F02000C849C8770846C07F1E
:10A4C00040F00800C877C820C5490860C548006842
:10A4D0002338C54908600020BA49086013E006E047
:10A4E000012012F0D7FFF6F7BDFA00B9C8E74FF424
:10A4F0000041BE480FF0CEFD0128F1D0B148006800
:10A50000401CB0490860AF4800683228E7DB0020F3
:10A51000AC49086018E006E0012012F0BBFFF6F736
:10A52000A1FA00B9ACE7B2490968AF4A1268881AC3
:10A53000002801DB014600E041420A29ECDCA14889
:10A540000068401C9F4908609E48006840F2262130
:10A550008842E0DB4FF4AF6012F09CFFFEF7C7F8D3
:10A56000F9F7BEFF40F26D10A249086040F21310E7
:10A57000A149086000209349086018E006E0012026
:10A5800012F088FFF6F76EFA00B979E79B4909687F
:10A59000984A1268881A002801DB014600E041420F
:10A5A0000A29ECDC87480068401C86490860854819
:10A5B00000689628E2DB32208949086089480068F3
:10A5C00011388949086041F2883012F063FF002099
:10A5D0007C49086054E040E0FA20814908608148E5
:10A5E000006841388049086000207649086019E019
:10A5F00006E0012012F04EFFF6F734FA00B90BE046
:10A600007B490968784A1268881A002801DB0146EC
:10A6100000E041420829ECDC00BF6A480068401CA9
:10A62000684908606748006840F226218842DFDBFD
:10A63000FEF75DF832206A4908606A480068113800
:10A640006949086041F2883012F024FF012012F0BD
:10A6500021FFF6F707FA00B90CE0624909681139E1
:10A66000634A1268501A002801DB014600E04142AB
:10A670000A29B1DC00BF53480068401C51490860FA
:10A68000504800683228A6DB4FF47A7012F002FFBF
:10A690005248C07F00F0F7005049C8770846C07F95
:10A6A00000F0DF00C877F9F715FF40F209105149B3
:10A6B000086051490860FA2049490860504800681C
:10A6C0004949086000203F49086032E006E0012067
:10A6D00012F0E0FEF6F7C6F900B924E0484909682F
:10A6E000484A1268881A13F0DEFC41EC1A0B1FED81
:10A6F000D70B53EC102B13F067FC41EC180B3C48C4
:10A70000006839490968441A002C01DB214600E041
:10A710006142084613F0C7FC41EC190B53EC182BAF
:10A7200013F004FDD3D300BF26480068401C254920
:10A730000860244800683228C8DB4FF400713248B2
:10A740000FF0A8FC08B9012500E0002525B1F6F7B7
:10A7500089F900287FF481AE00BF91E670B52DED38
:10A76000068B00BF0025642018490860184800685F
:10A77000401D184908601948C07F40F04000174943
:10A78000C8770846C07F40F08000C877C8201F49BE
:10A7900008601F48006832380949086000200949EC
:10A7A000086045E037E0012012F074FEF6F75AF930
:10A7B00080BB37E0B001002010040020C40000205E
:10A7C00018040020A40300200010024024040020EC
:10A7D0007C01002000040020B000002004000020C4
:10A7E00028040020080400200C040020000C024073
:10A7F000C0000020E8030020F4030020B80000207F
:10A80000AC01002004040020000802402C040020B9
:10A8100014040020FFE74FF40061F8480FF03AFC01
:10A820000128C0D000BFF6480068401CF449086009
:10A83000F34800683228B5DB0020F149086019E0D0
:10A8400006E0012012F026FEF6F70CF900B90BE045
:10A85000EC490968EC4A1268881A002801DB0146B5
:10A8600000E041420A29ECDC00BFE5480068401CDA
:10A87000E3490860E24800689628E1DB0020E049EF
:10A88000086019E006E0012012F004FEF6F7EAF88D
:10A8900000B90BE0DD490968DD4A1268881A002812
:10A8A00001DB014600E041420829ECDC00BFD4484E
:10A8B0000068401CD2490860D148006840F2262157
:10A8C0008842DFDB4FF4AF6012F0E4FDFEF7F2F8F0
:10A8D000F9F706FE40F26D10CE49086040F2131001
:10A8E000CD4908600420CD4908600020C4490860B3
:10A8F00019E006E0012012F0CDFDF6F7B3F800B93B
:10A900000BE0C7490968C34A1268881A002801DBAE
:10A91000014600E041420A29ECDC00BFB84800686B
:10A92000401CB7490860B64800689628E1DBC8209B
:10A93000BC490860BC4800681438B549086041F259
:10A94000883012F0A7FD0020AD49086054E040E0D7
:10A95000FA20B4490860B44800683C38AC49086043
:10A960000020A749086019E006E0012012F092FDDE
:10A97000F6F778F800B90BE0A4490968A44A126810
:10A98000881A002801DB014600E041420829ECDC7E
:10A9900000BF9B480068401C9949086098480068BF
:10A9A00040F226218842DFDBFEF784F8FA209D4939
:10A9B00008609D48006814389549086041F2883065
:10A9C00012F068FD012012F065FDF6F74BF800B9B2
:10A9D0000CE09549096814398C4A1268501A00280D
:10A9E00001DB014600E041420A29B1DC00BF844896
:10A9F0000068401C82490860814800683228A6DB54
:10AA00004FF47A7012F046FD8848C07F00F0BF0016
:10AA10008649C8770846C07F00F07F00C877F9F7FD
:10AA200059FD40F209107B4908607B490860FA2013
:10AA30007C4908607E4800687549086000207049BC
:10AA4000086032E006E0012012F024FDF6F70AF873
:10AA500000B924E076490968764A1268881A13F02A
:10AA600022FB41EC1A0B9FED740B53EC102B13F0EF
:10AA7000ABFA41EC180B6548006865490968441A4F
:10AA8000002C01DB214600E06142084613F00BFB7D
:10AA900041EC190B53EC182B13F048FBD3D300BF38
:10AAA00057480068401C56490860554800683228DD
:10AAB000C8DB202162480FF0EDFA00B9012525B16D
:10AAC000F5F7D0FF00287FF44DAEBDEC068B70BDCE
:10AAD00070B52DED068B00BF002564205949086034
:10AAE00059480068401F48490860002044490860F0
:10AAF00019E006E0012012F0CDFCF5F7B3FF00B934
:10AB00000BE040490968404A1268881A002801DBB6
:10AB1000014600E041420A29ECDC00BF38480068E9
:10AB2000401C37490860364800689628E1DB3F48FA
:10AB3000C07F40F010003D49C8770846C07F40F014
:10AB40002000C877C820414908604148006841306A
:10AB50004049086000202A49086014E006E001200E
:10AB600012F098FCF5F77EFF00B906E04FF40041C3
:10AB700039480FF08FFA0128F1D000BF2048006853
:10AB8000401C1F4908601E4800683228E6DB002090
:10AB90001B49086019E006E0012012F07BFCF5F784
:10ABA00061FF00B90BE02D4909682A4A1268881A2A
:10ABB000002801DB014600E041420729ECDC00BF30
:10ABC0000F480068401C0E4908600D480068322894
:10ABD000E1DB4FF4AF6012F05DFCFEF778F9F9F7B6
:10ABE0007FFC40F26D100B49086040F213100A49D7
:10ABF00008600020024908604CE0000000040240A8
:10AC0000A4030020B000002000040020C4000020A5
:10AC100018040020E8030020F4030020B8010020FD
:10AC2000B80000202C0400201404002004000020A0
:10AC3000B001002010040020333333333333F33FAB
:10AC40000010024024040020780100202804002085
:10AC5000040400200C040020000C0240C00000206E
:10AC600006E0012012F016FCF5F7FCFE00B90BE03F
:10AC7000F9490968F94A1268881A002801DB014677
:10AC800000E041420A29ECDC00BFF5480068401CA6
:10AC9000F3490860F24800689628E1DBAA20F149F0
:10ACA0000860F14800682330F049086041F28830BC
:10ACB00012F0F0FB0020EA49086052E03EE0FA2082
:10ACC000E8490860E84800685030E849086000201A
:10ACD000E349086019E006E0012012F0DBFBF5F71C
:10ACE000C1FE00B90BE0E2490968E04A1268881A1F
:10ACF000002801DB014600E041420829ECDC00BFEE
:10AD0000D7480068401CD6490860D5480068962896
:10AD1000E1DBFEF7DCF83220D2490860D248006857
:10AD20002330D249086041F2883012F0B3FB012091
:10AD300012F0B0FBF5F796FE00B90CE0CC490A68BA
:10AD4000C94909682331501A002801DB014600E097
:10AD500041420829B3DC00BFC1480068401CC0491B
:10AD60000860BF480068FA28A8DB4FF47A7012F038
:10AD700091FBC048C07F00F0EF00BE49C87708468D
:10AD8000C07F00F0DF00C877F9F7A4FB40F209109C
:10AD9000B2490860B8490860FA20B2490860B7486B
:10ADA0000068B24908600020AD49086032E006E062
:10ADB000012012F06FFBF5F755FE00B924E0AF4912
:10ADC0000968A94A1268881A13F06DF941EC1A0B48
:10ADD0001FED670B53EC102B13F0F6F841EC180B3A
:10ADE000A3480068A1490968441A002C01DB2146E8
:10ADF00000E06142084613F056F941EC190B53ECA0
:10AE0000182B13F093F9D3D300BF95480068401C6A
:10AE100093490860924800683228C8DB4FF480717B
:10AE200097480FF037F900B9012525B1F5F71AFE5B
:10AE300000287FF451AEBDEC068B70BD91480068D0
:10AE4000C8B991480068B0B99048006898B990486E
:10AE5000006880B9D2208F4908608F4800688F4908
:10AE600008608448C07F40F004008249C877012010
:10AE70008B4908605BE083480068012819D182484B
:10AE80000068B0B98148006898B98148006880B905
:10AE9000D22080490860834800688049086075486E
:10AEA000C07F40F008007349C87701207C490860E2
:10AEB0003DE07448006801281AD1734800680128F1
:10AEC00016D17248006898B97148006880B9D220DC
:10AED0007049086074480068704908606548C07F20
:10AEE00040F040006349C87701206D4908601EE0CA
:10AEF0006448006801281AD163480068012816D107
:10AF000062480068012812D16148006878B9D220EF
:10AF10006049086065480068604908605548C07F1E
:10AF200040F010005349C87701205D490860704720
:10AF300054480068C8B954480068B0B9534800681C
:10AF400098B95348006880B9D220524908605848DF
:10AF50000068524908604748C07F40F004004549F6
:10AF6000C8770120534908605BE046480068012823
:10AF700019D145480068B0B94448006898B94448B8
:10AF8000006880B9D220434908604B4800684349B3
:10AF900008603848C07F40F008003649C877012073
:10AFA000444908603DE03748006801281AD1364816
:10AFB0000068012816D13548006898B934480068FF
:10AFC00080B9D220334908603C48006833490860A2
:10AFD0002848C07F40F040002649C8770120354905
:10AFE00008601EE02748006801281AD1264800683A
:10AFF000012816D125480068012812D1244800688C
:10B0000078B9D220234908602D4800682349086098
:10B010001848C07F40F010001649C8770120254924
:10B020000860704717480068A8B91748006890B9C9
:10B030001648006878B91648006860B92148006869
:10B04000012855D120490968134A1268881A002836
:10B050003CDB01463BE04BE0B8000020E803002069
:10B06000A403002028040020040400200C04002075
:10B07000C000002004000020F4030020AC010020E8
:10B0800000080240980200209C020020A00200203C
:10B09000A4020020240400209001002000040020CD
:10B0A000B802002094010020980100209C0100209B
:10B0B00080010020B40200208401002088010020CB
:10B0C0008C010020DC030020B00000204142052953
:10B0D0000DDCFE48C07F40F00400FC49C877F0203A
:10B0E000FB490860FB4800685A30FB49086085E06E
:10B0F000FA480068012827D1F948006820BBF948C0
:10B10000006808BBF8480068F0B9F84800680128F2
:10B110001AD1F7490968F74A1268881A002801DB32
:10B12000014600E04142052968DCE848C07F40F064
:10B130000800E649C877E620EF490860EF48006854
:10B140005A38EF49086059E0E4480068012828D1DE
:10B15000E3480068012824D1E248006808BBE248BF
:10B160000068F0B9E148006801281AD1E04909688F
:10B17000E44A1268881A002801DB014600E04142D7
:10B1800005293BDCD148C07F40F04000CF49C8775B
:10B19000F020CF490860DC4800685A38CE49086082
:10B1A0002CE0CE480068012828D1CD48006801284D
:10B1B00024D1CC480068012820D1CB480068E8B9E8
:10B1C000CA480068012819D1C9490968CF4A1268DC
:10B1D000881A002801DB014600E0414205290DDC08
:10B1E000BA48C07F40F01000B849C877E620C2498D
:10B1F0000860C74800685A30C14908607047B748BE
:10B20000006838BBB648006820BBB648006808BB79
:10B21000B5480068F0B9B548006801281AD1B449AA
:10B220000968BC4A1268881A002801DB014600E060
:10B23000414205290DDCA548C07F40F00400A34928
:10B24000C877F020A2490860A24800685F30A24990
:10B25000086085E0A1480068012827D1A04800685F
:10B2600020BBA048006808BB9F480068F0B99F4811
:10B27000006801281AD19E490968A74A1268881AED
:10B28000002801DB014600E04142052968DC8F48C7
:10B29000C07F40F008008D49C877D22096490860E9
:10B2A000964800685F389649086059E08B48006806
:10B2B000012828D18A480068012824D189480068DB
:10B2C00008BB89480068F0B98848006801281AD18D
:10B2D00087490968914A1268881A002801DB0146EB
:10B2E00000E0414205293BDC7848C07F40F0400047
:10B2F0007649C877F02076490860834800685F384F
:10B30000754908602CE075480068012828D1744808
:10B310000068012824D173480068012820D17248B0
:10B320000068E8B971480068012819D170490968B6
:10B330007B4A1268881A002801DB014600E041427E
:10B3400005290DDC6148C07F40F010005F49C877D7
:10B35000D220694908606E4800685F30684908601B
:10B3600070475E480068D8B95D480068C0B95D485C
:10B370000068A8B95C48006890B95C48006801287A
:10B380000ED15248C07F40F004005049C877F020E9
:10B390004F4908604F4800684B304F490860CDE086
:10B3A0004E48006801282ED14D48006858BB4D48D2
:10B3B000006840BB4C48006828BB4C480068012826
:10B3C00021D14B490A6857490968C91C501A0028FD
:10B3D00001DB014600E04142052913DC3B48C07F08
:10B3E00040F008003949C877F020434908604348D5
:10B3F00000685538424908603448C07F40F020005A
:10B400003249C8779AE03548006801282FD134487E
:10B41000006801282BD13348006840BB32480068DF
:10B4200028BB32480068012821D13E490968491FDC
:10B430002F4A1268501A002801DB014600E0414201
:10B4400005297BDC2148C07F40F040001F49C877B8
:10B45000F0201F4908602C48006850381E490860D9
:10B460001A48C07F40F080001849C87766E01B4842
:10B470000068012862D11A48006801285ED1194885
:10B48000006801285AD118480068E8B917480068D0
:10B49000012853D124490968491F154A1268501AD6
:10B4A000002801DB014600E04142052946DC07484F
:10B4B000C07F40F010000549C877F0200E490860B1
:10B4C00013480068503031E038E0000004000020EC
:10B4D0002C040020100400201804002098020020F2
:10B4E0009C020020A0020020A4020020DC03002017
:10B4F000B00000209401002028040020080400204F
:10B500000C04002098010020140400209C0100205D
:10B510000404002080010020840100208801002014
:10B520008C0100207C01002078010020FB4908608C
:10B53000FB48C07F40F02000F949C877704710B53C
:10B540000020F8490860F8480068002839D1F74819
:10B550000068002835D1F648006888BBF5480068C7
:10B5600070BB9620F4490860F4480068F44908600C
:10B570000020F449086019E006E0012011F08AFF7C
:10B58000F5F770FA00B90BE0EF490968EC4A126868
:10B59000881A002801DB014600E041420A29ECDC60
:10B5A00000BFE8480068401CE6490860E5480068BC
:10B5B0009628E1DBFCF79EFF0120DB4908607AE07A
:10B5C000FFE7D9480068012839D1D8480068A8BBEE
:10B5D000D748006890BBD748006878BB9620D6490A
:10B5E0000860DA480068C01CD54908600020D549C9
:10B5F000086019E006E0012011F04CFFF5F732FA7F
:10B6000000B90BE0D0490968CD4A1268881A0028B1
:10B6100001DB014600E041420A29ECDC00BFC948D9
:10B620000068401CC7490860C64800689628E1DBEE
:10B63000FDF74EF90120BD4908603CE0FFE7BA483C
:10B640000068012837D1B9480068012833D1B848CB
:10B65000006880BBB748006868BB9620B6490860A0
:10B66000BA480068B64908600020B649086019E089
:10B6700006E0012011F00EFFF5F7F4F900B90BE038
:10B68000B1490968AE4A1268881A002801DB0146F0
:10B6900000E041420A29ECDC00BFAA480068401CD7
:10B6A000A8490860A74800689628E1DBFDF7EFFA93
:10B6B00001209F4908600020A549086010BD10B511
:10B6C0000020984908609848006800283ED19748B3
:10B6D000006800283AD196480068002836D195487D
:10B6E000006890BBC8209449086094480068944959
:10B6F000086000209349086019E006E0012011F07D
:10B70000C9FEF5F7AFF900B90BE08F4909688C4A1B
:10B710001268881A002801DB014600E0414208292E
:10B72000ECDC00BF87480068401C864908608548FB
:10B7300000689628E1DB4FF47A7011F0ABFEFDF75C
:10B74000B3FC012078490860C7E0FFE7764800684D
:10B7500001283DD175480068C8BB75480068B0BB7A
:10B760007448006898BBC82073490860774800682F
:10B77000C01C7349086000207249086019E006E0A7
:10B78000012011F087FEF5F76DF900B90BE06E4965
:10B7900009686B4A1268881A002801DB014600E03C
:10B7A00041420829ECDC00BF66480068401C65493E
:10B7B0000860644800689628E1DB4FF47A7011F065
:10B7C00069FEFDF772FD01205849086085E0FFE73A
:10B7D0005548006801283ED15448006801283AD1F4
:10B7E00053480068B0BB5348006898BBC820524912
:10B7F000086056480068401F5149086000205149C0
:10B80000086019E006E0012011F044FEF5F72AF97E
:10B8100000B90BE04C490968494A1268881A0028A7
:10B8200001DB014600E041420829ECDC00BF45484D
:10B830000068401C43490860424800689628E1DBE4
:10B840004FF47A7011F026FEFDF70BFE0120384907
:10B85000086042E0FFE73448006801283DD13348E2
:10B860000068012839D132480068012835D13148B3
:10B87000006890BBC8203049086030480068401F0D
:10B880002F49086000202F49086019E006E00120D8
:10B8900011F000FEF5F7E6F800B90BE02A49096857
:10B8A000274A1268881A002801DB014600E041425D
:10B8B0000829ECDC00BF23480068401C21490860CF
:10B8C000204800689628E1DB4FF47A7011F0E2FD21
:10B8D000FDF7A0FE01201749086010BD10B500203B
:10B8E0001C4908601048006800287CD10F48006897
:10B8F000002878D10E480068002874D10D480068EF
:10B90000002870D164200C490860134800680C4975
:10B91000086000200B4908603AE000000C04002099
:10B9200004000020B0020020980200209C020020A9
:10B93000A0020020A402002024040020780100209E
:10B9400000040020A4030020B00000207C0100209F
:10B95000E8000020B40200208001002006E0012061
:10B9600011F098FDF5F77EF800B90BE0F64909688B
:10B97000F64A1268881A002801DB014600E04142BD
:10B980000629ECDC00BFF2480068401CF049086062
:10B99000EF48006840F226218842DFDB4FF47A70DE
:10B9A00011F078FDFDF780FBF8F794FDE948006899
:10B9B000FA30E9490860E9480068FA30E849086067
:10B9C0000221E8480EF066FB70B99FEDE71ADFED43
:10B9D000E70A0C209FEDE60AF7F787FD4FF47A603F
:10B9E00011F058FD0DE010E09FEDDF1ADFEDE10AE8
:10B9F0000C209FEDE10AF7F778FD4FF47A6011F023
:10BA000049FD0120DD49086050E1DC48006801285B
:10BA10006CD1DB480068002868D1DA48006800284B
:10BA200064D1D9480068002860D16420D7490860F3
:10BA3000D7480068C54908600020C549086019E07A
:10BA400006E0012011F026FDF5F70CF800B90BE037
:10BA5000BD490968BD4A1268881A002801DB014601
:10BA600000E041420629ECDC00BFB9480068401CF8
:10BA7000B7490860B648006840F226218842DFDBFB
:10BA80004FF47A7011F006FDFDF70FFCF8F722FD78
:10BA9000B0480068FA30B0490860B0480068FA3031
:10BAA000AF4908600221AF480EF0F4FA68B99FED83
:10BAB000AE1ADFEDAE0A0C209FEDAD0AF7F715FDCB
:10BAC00041F2883011F0E6FC0CE09FEDA71ADFEDA3
:10BAD000A90A0C209FEDA80AF7F707FD4FF47A603A
:10BAE00011F0D8FC0120A6490860DFE0A3480068F7
:10BAF00001286CD1A2480068012868D1A1480068DB
:10BB0000002864D1A0480068002860D164209F49C3
:10BB10000860A04800688D49086000208C490860D2
:10BB200019E006E0012011F0B5FCF4F79BFF00B925
:10BB30000BE085490968854A1268881A002801DBEC
:10BB4000014600E041420629ECDC00BF8048006865
:10BB5000401C7F4908607E48006840F226218842E8
:10BB6000DFDB4FF47A7011F095FCFDF77AFCF8F703
:10BB7000B1FC78480068FA30774908607748006877
:10BB8000FA3077490860022176480EF083FA68B9E6
:10BB90009FED751ADFED750A0C209FED7F0AF7F710
:10BBA000A4FC4FF47A6011F075FC0CE09FED6E1A66
:10BBB000DFED700A0C209FED790AF7F796FC4FF441
:10BBC0007A6011F067FC01206E4908606EE06B48F6
:10BBD000006801286AD16A480068012866D169486E
:10BBE0000068012862D168480068E8BB64206749A2
:10BBF00008606B4800685549086000205449086097
:10BC000019E006E0012011F045FCF4F72BFF00B924
:10BC10000BE04D4909684D4A1268881A002801DB7B
:10BC2000014600E041420629ECDC00BF48480068BC
:10BC3000401C47490860464800689628E1DB4FF4FD
:10BC40007A7011F027FCFDF7E5FCF8F743FC41485A
:10BC50000068FA304049086040480068FA304049BE
:10BC6000086002213F4800E020E00EF013FA68B9B6
:10BC70009FED3D1ADFED3D0A0C209FED470AF7F7D7
:10BC800034FC4FF47A6011F005FC0CE09FED361A9D
:10BC9000DFED380A0C209FED410AF7F726FC4FF440
:10BCA0007A6011F0F7FB01203749086000203D4918
:10BCB000086010BD70B53C480568FAF701FF40F216
:10BCC0003520F8F721FC2D480068002876D12C4853
:10BCD0000068002872D12B48006800287FD12A48CC
:10BCE000006800287BD11A49086071E01DE02F48E8
:10BCF0000068A84209DD9FED2E1ADFED1E0A0E2016
:10BD00009FED2C0AF7F7F1FB08E09FED291ADFED14
:10BD1000190A0A209FED150AF7F7E7FB012011F039
:10BD2000B9FBF4F79FFE00B94CE080210D480EF0FE
:10BD3000B1F90028DBD02048006809490968441A95
:10BD4000002C3CDB20463BE0B0000020000400203B
:10BD5000A4030020E0030020E8030020EC030020FF
:10BD6000F403002000040240CDCC4C3F000061C42D
:10BD70000000484200006144004083C49802002053
:10BD80009C020020A0020020A40200202404002025
:10BD90008401002088010020000048C20040E7C460
:10BDA0008C010020F0000020A0010020A000002055
:10BDB0003333333F008009C4BC0000200FE06042F1
:10BDC0000A2894DC00BFFD480068401CFB4908605D
:10BDD000FA48006840F20E61884287DB10E1F848BB
:10BDE000006801284BD1F7480068B8BBF6480068E6
:10BDF000A0BBF648006888BB0020F049086037E027
:10BE00001DE0F3480068A84209DD1FED171A5FED39
:10BE1000270A0E201FED190AF7F767FB08E01FED50
:10BE20001C1A5FED2C0A0A201FED300AF7F75DFBA4
:10BE3000012011F02FFBF4F715FE00B912E080216C
:10BE4000E4480EF027F90028DBD0E3480068E34916
:10BE50000968441A002C02DB204601E00FE0604232
:10BE60000A28CEDC00BFD5480068401CD3490860D2
:10BE7000D248006840F20E618842C1DBC0E0D04881
:10BE8000006801285BD1CF480068012857D1CE480F
:10BE90000068B8BBCD480068A0BB24E00421D048AE
:10BEA0000EF0F8F878B94FF40061CE480EF0F2F8D1
:10BEB00048B91FED411A5FED510A0E209FEDCA0AE5
:10BEC000F7F713FB08E01FED461A5FED560A0A204C
:10BED0001FED5A0AF7F709FB012011F0DBFAF4F71E
:10BEE000C1FD00B912E08021BA480EF0D3F8002855
:10BEF000D4D0B9480068B9490968441A002C02DB5B
:10BF0000204601E01BE060420A28C7DC00BF1FEDAD
:10BF1000581A5FED680A08209FEDB40AF7F7E5FAB2
:10BF200006E0012011F0B6FAF4F79CFD00B905E037
:10BF30000421AB480EF0AEF80028F2D060E0A04833
:10BF4000006801285CD19F480068012858D19E48AC
:10BF50000068012854D19D480068A0BB24E004215A
:10BF60009F480EF097F878B94FF400619D480EF0A5
:10BF700091F848B91FED721A5FED820A0E209FED0D
:10BF80009A0AF7F7B2FA08E01FED771A5FED870A11
:10BF90000A201FED8A0AF7F7A8FA012011F07AFAB1
:10BFA000F4F760FD00B912E080218A480EF072F8C3
:10BFB0000028D4D08848006888490968441A002CB1
:10BFC00002DB204601E01BE060420A28C7DC00BF1C
:10BFD0001FED891A5FED990A08209FED840AF7F793
:10BFE00084FA06E0012011F055FAF4F73BFD00B9A0
:10BFF00005E004217A480EF04DF80028F2D000BF89
:10C000000020F7F77DF91FED961A5FEDA60A0A20CA
:10C010001FEDAA0AF7F769FA40F2DC5011F03AFA7C
:10C0200070BD10B5FFF75AFC9FED711A5FEDAF0AB6
:10C0300009209FED700AF7F758FA4FF47A6011F073
:10C0400029FA0020F7F75CF96B480068012807D14E
:10C05000FAF736FD4FF47A6011F01CFAFFF72AFE6A
:10C060000020F7F74DF910BD10B5002063490860B6
:10C070005348006800285CD152480068002858D115
:10C0800051480068002854D150480068002850D119
:10C09000C8205B4908605B4800685B490860002075
:10C0A0004649086019E006E0012011F0F3F9F4F7C1
:10C0B000D9FC00B90BE055490968534A1268881A3F
:10C0C000002801DB014600E041420629ECDC00BF0C
:10C0D0003A480068401C394908603848006896288A
:10C0E000E1DB48480068FDF794FB022139480DF078
:10C0F000D1FF68B91FEDE41A5FEDE40A0A201FEDD5
:10C10000E40AF7F7F2F941F2707011F0C3F90CE0AC
:10C110001FEDEB1A5FEDE90A0A209FED3D0AF7F7E4
:10C12000E4F941F2707011F0B5F90120244908607A
:10C1300055E123480068012871D122480068002891
:10C140006DD121480068002869D120480068002886
:10C1500065D1C8202A4908602E4800682A4908602D
:10C1600000201649086019E006E0012011F092F95C
:10C17000F4F778FC00B90BE024490968224A1268F8
:10C18000881A002801DB014600E041420629ECDC68
:10C1900000BF0A480068401C08490860074800685A
:10C1A0009628E1DB1B480068FDF744FC02210948A2
:10C1B0000DF070FF90BB9FED181A31E0A403002032
:10C1C000980200209C020020A0020020A40200206F
:10C1D000A000002000040240BC000020F403002066
:10C1E00000100240000002400040CEC40000E144C4
:10C1F0009A99993E0040CE44E8000020B402002005
:10C20000240400208001002000040020B000002051
:10C2100000C0DAC484010020CDCC4C3F0CE01CE00F
:10C22000DFEDFE0A0A209FEDFE0AF7F75EF941F204
:10C23000707011F02FF90CE01FED091ADFEDF90A0B
:10C240000A201FED0D0AF7F750F941F2707011F056
:10C2500021F90120F4490860C1E0F4480068012890
:10C260005CD1F1480068012858D1F1480068E0BB72
:10C27000F0480068C8BBC820EF490860EF48006874
:10C28000EF4908600020EF49086019E006E001204E
:10C2900011F000F9F4F7E6FB00B90BE0EA49096890
:10C2A000E74A1268881A002801DB014600E0414293
:10C2B0000629ECDC00BFE3480068401CE149086047
:10C2C000E04800689628E1DBDC480068FDF7F2FCF6
:10C2D0000221DE480DF0DEFE78B91FED311ADFEDE8
:10C2E000CF0A0A209FEDDA0A00E017E0F7F7FDF821
:10C2F00041F2707011F0CEF80CE01FED391ADFED4D
:10C30000C90A0A209FEDD30AF7F7EFF841F27070DF
:10C3100011F0C0F80120C649086060E0C348006819
:10C3200001285CD1C0480068012858D1C048006885
:10C33000012854D1BF480068F0BBC820BE4908603E
:10C34000C5480068BE4908600020BE49086019E081
:10C3500006E0012011F09EF8F4F784FB00B90BE031
:10C36000B9490968B64A1268881A002801DB0146F3
:10C3700000E041420629ECDC00BFB2480068401CE6
:10C38000B0490860AF4800689628E1DBB248006811
:10C39000FDF79DFD0120A74908600221AB480DF083
:10C3A00079FE78B91FED641ADFED9C0A0A209FED33
:10C3B000A80AF7F79AF800E011E041F2707011F066
:10C3C00069F80CE01FED6C1ADFED960A0A209FED6C
:10C3D000A10AF7F78AF841F2707011F05BF80020BB
:10C3E0009E49086010BD10B5FFF73EFE0020F6F72D
:10C3F00087FF9B480068012808D1FAF761FB4FF4DA
:10C400007A6011F047F8F8F7E8F80BE09548006813
:10C41000012807D1FEF712FD4FF47A6011F03AF8C7
:10C42000F9F742F810BD70B58F480568FAF748FB78
:10C4300040F20910F8F768F87C480068B8BB7A4801
:10C440000068A0BB7A48006888BB7A48006870BB67
:10C450001DE086480068A84209DD9FED851ADFEDE2
:10C46000710A0E209FED830AF7F73FF808E09FED71
:10C47000801ADFED6C0A0A209FED680AF7F735F89D
:10C48000012011F007F8F4F7EDFA00B913E04FF4CA
:10C49000807179480DF0FEFD0028DAD077480068F9
:10C4A00077490968441A002C02DB204601E003E0CA
:10C4B00060421428CDDC3BE15C48006801283CD197
:10C4C00059480068A0BB5A48006888BB59480068B2
:10C4D00070BB1DE065480068A84209DD9FED641A45
:10C4E000DFED500A0E209FED630AF6F7FEFF08E02D
:10C4F0009FED5F1ADFED4B0A0A209FED480AF6F721
:10C50000F4FF012010F0C6FFF4F7ACFA00B913E015
:10C510004FF4807158480DF0BDFD0028DAD057481F
:10C52000006857490968441A002C02DB204601E0E4
:10C5300003E060421428CDDCFAE03C4800680128A2
:10C540005CD139480068012858D139480068C0BB1F
:10C5500038480068A8BB24E004214A480DF09AFD41
:10C5600078B94FF4006144480DF094FD48B99FED4F
:10C57000401ADFED2C0A0E209FED430AF6F7B5FFB7
:10C5800008E09FED3B1ADFED270A0A209FED230A02
:10C59000F6F7ABFF012010F07DFFF4F763FA00B966
:10C5A00013E04FF4807134480DF074FD0028D3D0AF
:10C5B0003248006832490968441A002C02DB2046E0
:10C5C00001E01BE060421428C6DC00BF9FED281A82
:10C5D000DFED140A0A201FEDFB0AF6F786FF06E0DE
:10C5E000012010F057FFF4F73DFA00B905E00421EF
:10C5F00024480DF04FFD0028F2D099E00B48006868
:10C60000012843D10848006801283FD10848006844
:10C6100001283BD107480068C0BB5DE0000061C451
:10C6200000004842000061449C0200209802002063
:10C63000A0020020A4020020240400208801002081
:10C6400000040020A4030020B000002000040240E9
:10C65000000048C20040E7C48C010020F000002028
:10C66000E8000020EC000020A0010020A000002035
:10C670003333333F008022C400000240BC0000205E
:10C68000F40300200010024000409CC450E004214C
:10C69000FD480DF0FFFC78B94FF40061FB480DF048
:10C6A000F9FC48B91FED0E1A5FED220A0E201FEDAE
:10C6B0000A0AF6F71AFF08E01FED131A5FED270AC2
:10C6C0000A201FED2A0AF6F710FF012010F0E2FE03
:10C6D000F4F7C8F900B912E04FF48071EB480DF09F
:10C6E000D9FC0028D3D0EA480068EA490968441A0E
:10C6F000002C01DB204600E060421428C7DC00BFAC
:10C700001FED251A5FED390A0A209FEDE30AF6F7BF
:10C71000ECFE06E0012010F0BDFEF4F7A3F900B92D
:10C7200005E00421D8480DF0B5FC0028F2D000BF88
:10C730000020F6F7E5FD70BD10B5FFF7CFF8B6EEB7
:10C74000001A5FED480A09209FEDD40AF6F7CDFEE6
:10C750004FF47A6010F09EFE0020F6F7D1FDD0482D
:10C76000006801282DD1FAF7ABF94FF47A6010F088
:10C7700091FE40F20910F7F7C7FE0020C949086092
:10C7800019E006E0012010F085FEF4F76BF900B91E
:10C790000BE0BF490968BF4A1268881A002801DB0C
:10C7A000014600E041420A29ECDC00BFBD480068B8
:10C7B000401CBC490860BB4800683228E1DBFFF739
:10C7C00032FE0020F6F79CFD10BD10B5FFF786F88D
:10C7D0000020F6F795FD10BD10B50020B2490860A5
:10C7E000B2480068002866D1B1480068002862D1CC
:10C7F000B048006800285ED1AF48006800285AD1D0
:10C800006420AE490860AE480068AE490860002068
:10C81000A449086019E006E0012010F03BFEF4F79F
:10C8200021F900B90BE0A8490968A64A1268881ADC
:10C83000002801DB014600E041420629ECDC00BF94
:10C8400098480068401C97490860964800689628F8
:10C85000E1DBFCF729FCF7F73DFE9C480068FA3065
:10C860009B4908609B480068FA308A4908600221A9
:10C8700099480DF00FFC68B99FED981A5FED990A81
:10C880000F209FED970AF6F730FE41F2883010F046
:10C8900001FE0CE09FED911A5FED9E0A0F209FEDC7
:10C8A000910AF6F722FE41F2883010F0F3FD0120E4
:10C8B0007E4908607AE17D480068012866D17C489D
:10C8C0000068002862D17B48006800285ED17A4861
:10C8D000006800285AD164207849086082480068BE
:10C8E0007849086000206F49086019E006E00120DF
:10C8F00010F0D0FDF4F7B6F800B90BE07249096802
:10C90000704A1268881A002801DB014600E04142A3
:10C910000629ECDC00BF63480068401C61490860E0
:10C92000604800689628E1DBFCF7BFFCF7F7D2FD12
:10C9300066480068FA306649086066480068FA3060
:10C9400054490860022164480DF0A4FB68B99FEDCA
:10C95000631A5FEDCE0A0F209FED610AF6F7C5FD61
:10C9600041F2883010F096FD0CE09FED5C1A5FED0F
:10C97000D30A0F209FED5B0AF6F7B7FD41F288302E
:10C9800010F088FD01204A4908600FE1474800681F
:10C99000012866D146480068012862D145480068F0
:10C9A00000285ED14448006800285AD164204349D9
:10C9B00008604E4800684349086000203949086013
:10C9C00019E006E0012010F065FDF4F74BF800B91E
:10C9D0000BE03D4909683B4A1268881A002801DBD0
:10C9E000014600E041420629ECDC00BF2D4800680A
:10C9F000401C2C4908602B4800689628E1DBFCF7B6
:10CA000030FDF7F767FD31480068FA3030490860BB
:10CA100030480068FA301F49086002212E480DF0A6
:10CA200039FB68B99FED2D1ADFED310A0F209FED1C
:10CA30001B0AF6F75AFD41F2883010F02BFD0CE08E
:10CA40009FED261ADFED2B0A0F209FED2B0AF6F73C
:10CA50004CFD41F2883010F01DFD012015490860A1
:10CA6000A4E012480068012848D111480068012854
:10CA700044D110480068012840D10F480068E8BB45
:10CA800064200E4908603AE00010024000000240B5
:10CA9000BC000020F40300200000E1440040CE442C
:10CAA000E8000020A4030020B80200209802002023
:10CAB0009C020020A0020020A402002024040020E8
:10CAC0009001002000040020B0000020E0030020BE
:10CAD000E8030020EC03002000040240CDCC4C3FD2
:10CAE00000C0F3440000C8429401002098010020D7
:10CAF000000061C400006144000016C356E0FB481A
:10CB00000068FB4908600020FA49086019E006E067
:10CB1000012010F0BFFCF3F7A5FF00B90BE0F649C8
:10CB20000968F34A1268881A002801DB014600E010
:10CB300041420629ECDC00BFEE480068401CED498C
:10CB40000860EC4800689628E1DBFCF763FDF7F726
:10CB5000C1FCEA480068FA30E9490860E948006821
:10CB6000FA30E94908600221E8480DF093FA68B903
:10CB70001FED261A5FED220A0F201FED380AF6F787
:10CB8000B4FC41F2883010F085FC0CE01FED2D1A4A
:10CB90005FED280A0F201FED280AF6F7A6FC41F2E8
:10CBA000883010F077FC0120D94908600020D9496D
:10CBB000086010BD10B50020D7490860D74800684C
:10CBC00000285CD1D6480068002858D1D5480068B4
:10CBD000002854D1CE480068002850D1C820D2493E
:10CBE0000860D2480068C24908600020C149086056
:10CBF00019E006E0012010F04DFCF3F733FF00B917
:10CC00000BE0BD490968BA4A1268881A002801DB9E
:10CC1000014600E041420529ECDC00BFB548006850
:10CC2000401CB4490860B34800689628E1DBBF485F
:10CC30000068FCF7EEFD0120B84908600221B34806
:10CC40000DF028FA68B9B6EE001A5FED570A0A200F
:10CC50009FEDB70AF6F749FC41F2707010F01AFC2C
:10CC600030E11FED621A5FED5D0A0A209FEDB10A07
:10CC7000F6F73BFC41F2707010F00CFC22E1A74883
:10CC8000006801285CD1A6480068002858D1A54852
:10CC90000068002854D19E480068002850D1C82060
:10CCA000A1490860A44800689149086000209149A2
:10CCB000086019E006E0012010F0ECFBF3F7D2FE6B
:10CCC00000B90BE08C490968894A1268881A002863
:10CCD00001DB014600E041420529ECDC00BF85484C
:10CCE0000068401C83490860824800689628E1DBA0
:10CCF00091480068FCF79EFE0120894908600221E6
:10CD000082480DF0C7F968B9B6EE001A5FED880ADF
:10CD10000A209FED870AF6F7E8FB41F2707010F0E9
:10CD2000B9FBCFE01FED931A5FED8E0A0A209FED4D
:10CD3000810AF6F7DAFB41F2707010F0ABFBC1E04C
:10CD40007648006801285CD175480068012858D1F0
:10CD500074480068E8BB6E480068D0BBC8207249C0
:10CD600008607648006862490860002061490860F0
:10CD700019E006E0012010F08DFBF3F773FE00B917
:10CD80000BE05D4909685A4A1268881A002801DBDD
:10CD9000014600E041420629ECDC00BF554800682E
:10CDA000401C54490860534800689628E1DB6348FA
:10CDB0000068FCF77FFF01205A49086002215348B0
:10CDC0000DF068F978B91FEDBB1A5FEDB70A0A20BC
:10CDD00000E016E09FED5A0AF6F787FB41F270700B
:10CDE00010F058FB6EE0B6EE001A5FEDBE0A0A20A6
:10CDF0009FED540AF6F779FB41F2707010F04AFB90
:10CE000060E04648006801285CD145480068012878
:10CE100058D144480068012854D13D480068E0BB1F
:10CE2000C820414908603148006831490860002045
:10CE30003049086019E006E0012010F02BFBF3F701
:10CE400011FE00B90BE02C490968294A1268881ABA
:10CE5000002801DB014600E041420629ECDC00BF6E
:10CE600024480068401C234908602248006896282E
:10CE7000E1DB1E480068FDF72AF80120244908601C
:10CE8000022122480DF006F978B91FEDEC1A5FED8A
:10CE9000E80A0A209FED2A0A00E013E0F6F725FBD6
:10CEA00041F2707010F0F6FA0CE01FEDF41A5FED2D
:10CEB000EF0A0A209FED240AF6F717FB41F2707083
:10CEC00010F0E8FA00201349086010BD10B51348AF
:10CED000006801284BD11248006830B91148006839
:10CEE00018B90B48006800B930E040E09C01002010
:10CEF00000040020A4030020B0000020E003002074
:10CF0000E8030020EC030020F403002000040240AA
:10CF1000A4020020EC000020B802002098020020AB
:10CF20009C020020A0020020240400209001002088
:10CF300000C0DA440000484294010020980100201B
:10CF40000040E744000048C2000000009FEDF71ACF
:10CF5000DFEDF70A0A209FEDF70AF6F7C6FA4FF45D
:10CF60007A6010F097FA0020F6F7CAF95EE0F2480E
:10CF7000006801281AD1F1480068012816D1F0484C
:10CF8000006898B9EF48006880B99FEDE81ADFEDB6
:10CF9000E80A0A209FEDE70AF6F7A7FA4FF47A604D
:10CFA00010F078FA0020F6F7ABF93FE0E2480068AD
:10CFB00001281BD1E1480068012817D1E04800682A
:10CFC000012813D1DF48006880B99FEDD81ADFED42
:10CFD000D80A0A209FEDDC0AF6F787FA4FF47A6048
:10CFE00010F058FA0020F6F78BF91FE0D2480068DD
:10CFF00001281BD1D1480068012817D1D04800680A
:10D00000012813D1CF48006801280FD19FEDC71A1E
:10D01000DFEDC70A0A209FEDCC0AF6F766FA4FF457
:10D020007A6010F037FA0020F6F76AF910BD10B5F3
:10D030000020C6490860C048006800283ED1BF48AB
:10D04000006800283AD1BE480068002836D1BD48A3
:10D05000006890BB6420BE490860BE480068BE49B5
:10D0600008600020BD49086019E006E0012010F0CA
:10D0700011FAF3F7F7FC00B90BE0B9490968B64AB1
:10D080001268881A002801DB014600E041420529A8
:10D09000ECDC00BFB1480068401CB0490860AF48F4
:10D0A00000689628E1DB4FF47A7010F0F3F9FDF791
:10D0B0004CF80120A0490860C7E0FFE79E480068DF
:10D0C00001283DD19D480068C8BB9D480068B0BBA1
:10D0D0009C48006898BB64209D490860A14800688E
:10D0E000C01C9D49086000209C49086019E006E0CA
:10D0F000012010F0CFF9F3F7B5FC00B90BE0984927
:10D100000968954A1268881A002801DB014600E088
:10D1100041420529ECDC00BF90480068401C8F4963
:10D1200008608E4800689628E1DB4FF47A7010F0B2
:10D13000B1F9FDF78DF901208049086085E0FFE72E
:10D140007D48006801283ED17C48006801283AD11A
:10D150007B480068B0BB7B48006898BB64207C4972
:10D16000086080480068401F7B49086000207B49B8
:10D17000086019E006E0012010F08CF9F3F772FC6A
:10D1800000B90BE076490968734A1268881A0028CA
:10D1900001DB014600E041420529ECDC00BF6F489D
:10D1A0000068401C6D4908606C4800689628E1DB07
:10D1B0004FF47A7010F06EF9FDF7D0FA0120604953
:10D1C000086042E0FFE75C48006801283DD15B4809
:10D1D0000068012839D15A480068012835D15948DA
:10D1E000006890BB64205A4908605A480068401F94
:10D1F0005949086000205949086019E006E00120FB
:10D2000010F048F9F3F72EFC00B90BE05449096817
:10D21000514A1268881A002801DB014600E04142A9
:10D220000529ECDC00BF4D480068401C4B490860F4
:10D230004A4800689628E1DB4FF47A7010F02AF92A
:10D24000FDF746FC01203F49086000204649086080
:10D2500010BD2DE9F04104460D4600203F4908600D
:10D260003DE02CE041480068071B2D220421384690
:10D27000F9F76DFE06463D480068001B002809DDF1
:10D280009FED3B1ADFED2A0A30461FEDD10AF6F773
:10D290002CF910E035480068001B09D59FED341AC1
:10D2A000DFED230A30469FED330AF6F71EF902E060
:10D2B0000020F6F725F8F3F7D5FB00B909E02B4974
:10D2C0000968081B002801DB014600E041420129F2
:10D2D000C8DC00BF21480068401C204908601F4886
:10D2E0000068A842BDDBBDE8F0812DE9F0410446AD
:10D2F0000D4600201949086067E056E01E480068A6
:10D30000071B082204213846F9F721FE06461A4871
:10D310000068001B002833DDB6EE001ADFED040ABA
:10D3200030469FED160AF6F7E0F83AE09A99993EF2
:10D33000000061440040CE44980200209C0200207E
:10D34000A0020020A402002000001643B00200202A
:10D35000240400207801002000040020A403002001
:10D36000B00000207C010020E8000020A000002088
:10D370006666663F0000E14498000020000061C43A
:10D38000FE480068001B09D5B6EE001A5FED180ACA
:10D3900030461FED190AF6F7A8F802E00020F5F76D
:10D3A000AFFFF3F75FFB00B909E0F4490968081B18
:10D3B000002801DB014600E0414201299EDC00BF5C
:10D3C000EF480068401CEE490860ED480068A8423C
:10D3D00093DBBDE8F0812DE9F04104460D460020C5
:10D3E000E74908603BE02AE0E6480068071B38464A
:10D3F000F9F743F80646E3480068001B002809DDFA
:10D400009FEDE11A5FED230A30469FEDE00AF6F743
:10D410006CF810E0DB480068001B09D59FEDDA1AB4
:10D420005FED2A0A30461FED2D0AF6F75EF802E09E
:10D430000020F5F765FFF3F715FB00B909E0D149C6
:10D440000968081B002801DB014600E04142012970
:10D45000CADC00BFCA480068401CC9490860C84807
:10D460000068A842BFDBBDE8F081C948C079C8B1F7
:10D47000C748407800F00800A0B1C648C07F40F01F
:10D480000400C449C8770846C07F40F00800C87748
:10D490000846C07F40F04000C8770846C07F40F093
:10D4A0001000C877704700B5F7F720F840F28B10EE
:10D4B000B949086040F21310B849086000BD73B55F
:10D4C0002DED028B282505269FEDB00AB0EE408A8F
:10D4D000AF480079322805DBAD480079C82801DC67
:10D4E000012000E000200446A948407800F0010037
:10D4F00030B19DF80C509FEDAA0AB0EE408A05E0CD
:10D500009DF80850B6EE000AB0EE408AA0480078B8
:10D5100000F0080098B19E48007800F0100070B943
:10D520009B48007800F0200048B99948007800F046
:10D53000400020B929460020F5F7CDFFB1E094481E
:10D54000007800F00800A0B99148007800F01000C1
:10D5500078B18F48007800F0200050B98C480078EE
:10D5600000F0400028B929464FF4E160F5F7B3FF19
:10D5700097E08748007800F00800A0B98448007858
:10D5800000F0100078B98248007800F0200050B117
:10D590007F48007800F0400028B929464FF46170B8
:10D5A000F5F799FF7DE07A48007800F0080098B917
:10D5B0007748007800F0100070B97548007800F0E6
:10D5C000200048B97248007800F0400020B1294698
:10D5D0007448F5F780FF64E06D48007800F00800BB
:10D5E000A0B16B48007800F0100078B96848007866
:10D5F00000F0200050B16648007800F0400028B9E3
:10D6000029464FF4E170F5F766FF4AE0604800787C
:10D6100000F0080098B15E48007800F0100070B982
:10D620005B48007800F0200048B95948007800F0C5
:10D63000400020B129465C48F5F74DFF31E05448E1
:10D64000007800F00800A0B95148007800F0100000
:10D6500078B14F48007800F0200050B14C48007875
:10D6600000F0400028B9294640F24650F5F733FF54
:10D6700017E04748007800F0080090B94448007867
:10D6800000F0100068B14248007800F0200040B976
:10D690003F48007800F0400018B129464348F5F7AC
:10D6A0001AFF3B48007800F00800F8B938480078C5
:10D6B00000F01000D0B93648007800F02000A8B97A
:10D6C0003348007800F0400080B97CB1F5F7BBFB2F
:10D6D00060B12F48407800F0400038B92C484078BD
:10D6E00000F0200010B90520F5F70AFE14B1F5F797
:10D6F00030FE27E02648007932280EDAF5F7A3FB42
:10D7000028B10020B1EE480AF5F7D5FE1AE0002056
:10D71000B1EE480AF5F7CFFE14E01D480079C8289D
:10D720000EDDF5F790FB28B10020B0EE480AF5F7C2
:10D73000C2FE07E00020B0EE480AF5F7BCFE01E0AB
:10D74000F5F707FEBDEC028B7CBDFEB504460D4629
:10D750001646962016490860164800681649086063
:10D76000FA20164908601648006816490860F6F75E
:10D77000C4FE4FF4AF700849086025E0980000200F
:10D78000A4030020A4000020CDCC4C3F00000000EA
:10D790006F08002004000020E8030020F4030020AC
:10D7A0003333333F7CFCFFFF3EFEFFFFBAFAFFFF3F
:10D7B00028040020AC0100200C0400202C040020D0
:10D7C000B001002018040020FE490860FE4890F8CF
:10D7D000230040F00100FC4981F823006FF0950020
:10D7E000A0EB440000EE900AF8EEE00AB0EE600A0A
:10D7F0009FEDF61AF0EE080A2320F5F776FE0020DA
:10D80000F349086010E003E0F3F72CF900B905E0F4
:10D81000A4F11400EF4909688842F5DC00BFEC4828
:10D820000068401CEA490860E94800686428EADBAF
:10D83000F6F763FE40F26220E7490860401FE149C5
:10D8400008600020E24908601EE012E00F209621E7
:10D8500001222346CDE900210290002211461E201C
:10D86000F9F7F7FE01200FF015FEF3F7FBF800B90A
:10D8700004E0DA480068B0F5EB7FE7DB00BFD4488E
:10D880000068401CD2490860D14800683228DCDBBF
:10D890000020CF4908601AE00FE00F206421012228
:10D8A0002346CDE900210290002211461920F9F704
:10D8B000D0FEF3F7D7F800B903E0C9480068102894
:10D8C000EBDC00BFC2480068401CC1490860C0488A
:10D8D0000068FA28E0DB0020BD4908602FE01BE06B
:10D8E000BF4800680E2807DAB74890F8230040F0D8
:10D8F0000200B54981F823000F203221012223467E
:10D90000CDE900210290002211460720F9F7A1FE7F
:10D91000F3F7A8F800B90CE04FF48051B1480CF0CF
:10D92000B9FB30B94FF48061AE480CF0B3FB00286E
:10D93000D6D000BFA6480068401CA5490860A4488E
:10D9400000686428CBDB3220F5F7DAFC0020A04920
:10D95000086035E021E00821A2480CF09BFB01287B
:10D9600004D10621A048F5F7B6FD0FE04FF40041C1
:10D970009C480CF08FFB012805D1062140F266304F
:10D98000F5F7A9FD02E00020F5F7BAFC02200FF040
:10D9900081FDF3F767F800B90CE04FF400419148BE
:10D9A0000CF078FB0128D6D008218E480CF072FBD1
:10D9B0000128D0D000BF86480068401C8449086018
:10D9C00083480068B0F5FA7FC4DB7F4890F82300F5
:10D9D00000F0FE007C4981F8230006210020F5F7C5
:10D9E0007AFD40F6C4100FF055FD1E20F5F788FCB7
:10D9F000784800687D49086000207549086049E062
:10DA000030E021E0082177480CF044FB012804D1E4
:10DA100005217548F5F75FFD0FE04FF400417148AF
:10DA20000CF038FB012805D1052140F26630F5F7EE
:10DA300052FD02E00020F5F763FC02200FF02AFD02
:10DA4000F3F710F800B90CE04FF4004165480CF012
:10DA500021FB0128D6D0082162480CF01BFB0128CD
:10DA6000D0D000BF02215F480CF014FB0128C8D0C1
:10DA70004FF400415B480CF00DFB012805D1082153
:10DA800058480CF007FB0128BBD051480068401CE7
:10DA90004F4908604E480068B0F5FA7FB0DB0020BF
:10DAA000F5F72EFC1E2052490860462051490860B7
:10DAB00040F28A20484908604249086000204449F1
:10DAC000086019E006E003200FF0E4FCF2F7CAFF5B
:10DAD00000B90BE0414909683F4A1268881A0028DA
:10DAE00001DB014600E041420529ECDC00BF38487B
:10DAF0000068401C3649086035480068B0F5FA7F78
:10DB0000E0DB314890F8230000F0FD002E4981F859
:10DB1000230036490968091B01EB8101A5EB41008F
:10DB20001E21F5F7D8FC00219FED330A2E481E3840
:10DB3000F5F76CFCF6F7E1FC11E002200FF0AAFC0F
:10DB4000F2F790FF00B90FE02C48006810F5E17F74
:10DB500005DA40F20910204908601A490860274890
:10DB6000006810F52F7FE8DC00BF0020F5F7C8FB48
:10DB70001FEDF51ADFED220A09209FED220AF5F7C5
:10DB8000B4FC00201249086019E006E005200FF0FF
:10DB900081FCF2F767FF00B90BE04FF48071114888
:10DBA0000CF078FA28B980210E480CF073FA00289E
:10DBB000ECD000BF06480068401C054908600448D6
:10DBC000006821E0F4030020040000209A99993EA7
:10DBD000A4030020A4000020E8030020B8000020D7
:10DBE0009C000020001002409AFCFFFF88040020E7
:10DBF0001C040020200400209A9999BF580300209B
:10DC0000000061C4000061446428BEDB4FF4FA6088
:10DC10000FF040FC4FF47A713046FFF7DCFB002038
:10DC2000F5F76EFB9FEDF81A5FED0B0A09201FED6B
:10DC30000B0AF5F75AFC40F6B8300FF02BFC002029
:10DC4000F5F75EFB1420F14908602D20F0490860CB
:10DC5000FF20F0490860F0490860FEBD10B5F6F7F6
:10DC60004CFCFF20EB490860EB4908604FF4FA6078
:10DC70000FF010FCB0EE001A5FED1E0A14209FEDAD
:10DC8000E70AF5F732FC06E005200FF003FCF2F797
:10DC9000E9FE00B905E0E248006840F27F318842C1
:10DCA000F2DB00BF0020F5F72BFBDE4800680128FF
:10DCB00008D1412305224FF47A71DB480068F9F757
:10DCC00076F90CE0D748006848B9D7490968A1F14E
:10DCD0000F00412305224FF47A71F9F768F9D34810
:10DCE0000068012804D101210420F4F76FFB02E051
:10DCF0000020CF4908600020F5F702FB10BD10B5E9
:10DD0000F6F7FBFBFF20C3490860C34908604FF4E6
:10DD1000FA600FF0BFFBB0EE001A5FED460A142068
:10DD20009FEDC40AF5F7E1FB06E005200FF0B2FB1A
:10DD3000F2F798FE00B905E0B948006840F27F317B
:10DD40008842F2DB00BF0020F5F7DAFAB548006838
:10DD500050B9B9490968A1F10F00412305224FF4D8
:10DD60007A71F9F724F90BE0AE480068012807D171
:10DD7000412305224FF47A71AF480068F9F717F98B
:10DD80000020F5F7BDFAA9480068022804D1012156
:10DD90000420F4F71BFB02E00020A549086010BD39
:10DDA00010B5F6F7AAFBFF209A4908609A49086067
:10DDB0004FF4FA600FF06EFBB0EE0C1A5FED6F0AD5
:10DDC0000F209FED9E0AF5F790FB06E005200FF06F
:10DDD00061FBF2F747FE00B905E09148006840F2A8
:10DDE0007F318842F2DB00BF0020F5F789FA8D48C9
:10DDF0000068012808D1412305224FF47A71904828
:10DE00000068F9F7D4F80CE08648006848B98C49F6
:10DE10000968A1F10F00412305224FF47A71F9F747
:10DE2000C6F882480068032804D101210420F4F7D1
:10DE3000CDFA02E000207E4908600020F5F760FA84
:10DE400010BD70B504460D4600207E49086011E003
:10DE500006E001200FF01EFBF2F704FE00B903E01C
:10DE600079480068A042F4DB00BF76480068401C97
:10DE70007449086073480068A842E9DB70BD3EB58C
:10DE80000446F6F73AFB71480068FA3061490860C9
:10DE90006F480068FA30604908609FED6E1A5FEDC8
:10DEA000A70A28201FEDAA0AF5F71FFB00206549E5
:10DEB000086011E006E001200FF0ECFAF2F7D2FD65
:10DEC00000B903E0604800687328F4DC00BF5D48D7
:10DED0000068401C5B4908605A480068FA28E9DB82
:10DEE00000205849086022E00FE01E2096210222FF
:10DEF0002346CDE9002102904FF461725142F9F7B7
:10DF0000FAFBF2F7AFFD00B90BE053490968424A4A
:10DF10001268881A002801DB014600E041421429FA
:10DF2000E3DC00BF47480068401C4649086045489C
:10DF30000068FA28D8DB3B48006801280DD1474823
:10DF4000C07F40F004004549C877FA204449086082
:10DF5000444800687830444908609FED3E1A5FED00
:10DF6000D70A19201FEDDA0AF5F7BFFA0020354964
:10DF7000086011E006E001200FF08CFAF2F772FD64
:10DF800000B903E0304800683C28F4DC00BF2D48AD
:10DF90000068401C2B4908602A480068FA28E9DB21
:10DFA0004FF42F70F6F7B0FA1E480068002870D1C1
:10DFB000244908601FE014E01E2096210222A4F1EB
:10DFC0000F03CDE9002102904FF4617251421420F9
:10DFD000F9F791FB01200FF05DFAF2F743FD00B96C
:10DFE00003E0194800680F28E6DC00BF1548006808
:10DFF000401C1449086013480068FA28DBDB002045
:10E00000104908605FE000003333333F1C040020F8
:10E0100020040020E8030020F403002000C0C1C455
:10E0200058030020E8000020BC010020640200200A
:10E03000680200200040CEC4C401002000C080C49B
:10E04000DC010020A403002098000020E003002051
:10E05000EC0300206666663FBC0000200400002040
:10E060002C040020100400201804002012E01E20C0
:10E0700096210222A4F10F03CDE9002102904FF472
:10E08000617251420A20F9F736FBF2F7EBFC08B94E
:10E0900013E01DE04021FE480BF0FCFF0128E6D014
:10E0A0004FF48071FB480BF0F5FF0128DFD0802191
:10E0B000F7480BF0EFFF0028D9D000BFF648006802
:10E0C000401CF5490860F4480068FA28CEDB68E097
:10E0D000F2480068012864D10020EF4908601EE082
:10E0E00013E01E20962102222346CDE90021029052
:10E0F0004FF4617251421420F9F7FDFA01200FF03C
:10E10000C9F9F2F7AFFC00B903E0E54800680F2851
:10E11000E7DC00BFE0480068401CDF490860DE48DB
:10E120000068FA28DCDBDF48C07F40F08000DD4972
:10E13000C8770020D84908602AE010E01E20962108
:10E1400002222346CDE9002102904FF46172514230
:10E150000A20F9F7D0FAF2F785FC00B912E0402165
:10E16000CB480BF097FF0128E8D04FF48071C948E5
:10E170000BF090FF0128E1D08021C5480BF08AFF09
:10E180000028DBD000BFC4480068401CC2490860BA
:10E19000C1480068FA28D0DB4FF47A712046F8F7BE
:10E1A00045FC0020F5F7ACF83EBD3EB50446F6F759
:10E1B000A4F9BD480068FA30BC490860BC48006852
:10E1C000FA30BC4908601FED5D1ADFEDBB0A28205C
:10E1D0009FEDBA0AF5F789F90020AF49086011E010
:10E1E00006E001200FF056F9F2F73CFC00B903E01D
:10E1F000AB4800687328F4DC00BFA7480068401CE7
:10E20000A5490860A4480068FA28E9DBA34800682B
:10E2100001280DD1A348C07F40F00400A149C87770
:10E22000FA20A7490860A74800687830A649086026
:10E230001FED781ADFEDA00A23209FEDA00AF5F765
:10E2400054F900209449086011E006E001200FF025
:10E2500021F9F2F707FC00B903E0914800683C2877
:10E26000F4DC00BF8C480068401C8B4908608A4879
:10E270000068FA28E9DBB6EE001ADFED8F0A1C20F1
:10E280009FED8E0AF5F731F900208349086011E00F
:10E2900006E001200FF0FEF8F2F7E4FB00B903E01E
:10E2A0007F4800681E28F4DC00BF7B480068401CE3
:10E2B0007949086078480068FA28E9DB77480068FF
:10E2C00000285AD1744908601FE014E01E207F49DD
:10E2D0000222A4F10F03CDE9002102904FF46172F4
:10E2E00051421420F9F7B5F901200FF0D3F8F2F7F5
:10E2F000B9FB00B903E06A4800681E28E6DC00BFED
:10E3000065480068401C6449086063480068FA2852
:10E31000DBDB00206049086028E014E01E206B4928
:10E320000222A4F10A03CDE9002102904FF46172A8
:10E3300051420A20F9F78DF9F2F794FB00B90FE08A
:10E3400001200FF0A7F84FF4807152480BF0A2FEA5
:10E350000128E3D080214E480BF09CFE0028DDD040
:10E3600000BF4D480068401C4B4908604A4800689F
:10E3700040F20E618842D0DB6BE04848006801281B
:10E3800067D10020444908601EE013E01E204F4979
:10E3900002222346CDE9002102904FF461725142DE
:10E3A0001420F9F756F901200FF074F8F2F75AFB30
:10E3B00000B903E03A4800680F28E7DC00BF3648A0
:10E3C0000068401C3449086033480068FA28DCDBE8
:10E3D0003448C07F40F080003249C87700202E4981
:10E3E000086027E013E01E20384902222346CDE9C9
:10E3F000002102904FF4617251420A20F9F729F985
:10E40000F2F730FB00B90FE001200FF043F84FF4B2
:10E41000807120480BF03EFE0128E4D080211C488A
:10E420000BF038FE0028DED000BF1B480068401CFF
:10E43000194908601848006840F20E618842D1DB33
:10E4400040F23520F6F760F84FF47A712046F8F77D
:10E45000EDFA0020F4F754FF3EBD3EB50446F6F752
:10E460004CF811480068FA301049086010480068FC
:10E47000FA30104908609FED161ADFED0F0A2820C8
:10E480009FED0E0AF5F731F800200349086033E0EC
:10E490000004024000000240A4030020E800002025
:10E4A0009800002004000020E0030020E803002082
:10E4B000EC030020F403002000006144000061C46C
:10E4C0002C0400201004002018040020A2FEFFFFEE
:10E4D0003333333F06E001200EF0DCFFF2F7C2FADF
:10E4E00000B903E0FD4800687328F4DC00BFFC4875
:10E4F0000068401CFA490860F9480068FA28E9DB1E
:10E50000F848006801280DD1F748C07F40F00400AA
:10E51000F549C877FA20F5490860F5480068783071
:10E52000F44908601FED161A5FED1D0A23201FED48
:10E530001D0AF4F7DAFF0020E949086011E006E05F
:10E5400001200EF0A7FFF2F78DFA00B903E0E348CF
:10E5500000685028F4DC00BFE1480068401CE04936
:10E560000860DF480068FA28E9DB0020DC49086021
:10E570001FE014E01E209621022204F10F03CDE9D2
:10E58000002102904FF4617251421C20F9F705F905
:10E5900001200EF07FFFF2F765FA00B903E0CF48E3
:10E5A00000681E28E6DC00BFCD480068401CCC494E
:10E5B0000860CB480068FA28DBDB4FF42F70F5F7D2
:10E5C000A3FFC8480068002864D1C54908601FE05F
:10E5D00014E01E209621022204F10F03CDE9002150
:10E5E00002904FF4617251421420F9F7D6F80120DD
:10E5F0000EF050FFF2F736FA00B903E0B7480068B2
:10E600000F28E6DC00BFB6480068401CB44908602B
:10E61000B3480068FA28DBDB0020B14908602EE02F
:10E6200014E01E209621022204F10F03CDE90021FF
:10E6300002904FF4617251420A20F9F7AEF80120BE
:10E640000EF028FFF2F70EFA00B912E04021AA48B6
:10E650000BF020FD0128E4D04FF48071A7480BF0A7
:10E6600019FD0128DDD08021A3480BF013FD0028FF
:10E67000D7D000BF9A480068401C99490860984864
:10E68000006840F20E618842CADB4FF47A700EF0E7
:10E6900001FF71E09348006801286DD10020904986
:10E6A00008601EE013E01E20962102222346CDE9D9
:10E6B000002102904FF4617251421420F9F76DF875
:10E6C00001200EF0E7FEF2F7CDF900B903E0834830
:10E6D00000680F28E7DC00BF81480068401C8049C3
:10E6E00008607F480068FA28DCDB7F48C07F40F084
:10E6F00080007D49C8770020794908602DE013E04B
:10E700001E20962102222346CDE9002102904FF4DB
:10E71000617251420A20F9F740F801200EF0BAFE6A
:10E72000F2F7A0F900B912E0402173480BF0B2FCF7
:10E730000128E5D04FF4807170480BF0ABFC012844
:10E74000DED080216C480BF0A5FC0028D8D000BF9B
:10E7500063480068401C624908606148006840F2F4
:10E760000E618842CBDB4FF47A700EF093FE4FF4CB
:10E770007A712046F7F79BFE0020F4F7C1FD3EBDFD
:10E7800010B506E001200EF085FEF2F76BF900B936
:10E7900003E05B4800680128F4D000BF10BD10B54D
:10E7A000FFF75CFAFFF7ECFF5548006818B95548C9
:10E7B0000068FFF764FB01205149086010BD10B5E7
:10E7C000FFF79DFAFFF7DCFF4D48006818B94E4887
:10E7D0000068FFF7EAFC01204949086010BD10B548
:10E7E000FFF7DEFAFFF7CCFF4548006830B947482D
:10E7F0000068FFF732FE01204149086010BD10B5E6
:10E8000043480068002868D142480068002864D165
:10E8100041480068002860D14048006800285CD169
:10E82000C8213F480068F7F742FE9FED3E1A5FEDB2
:10E83000DE0A0A201FEDDF0AF4F757FE0020284900
:10E84000086011E006E001200EF024FEF2F70AF95C
:10E8500000B903E0214800681F28F4DC00BF20480D
:10E860000068401C1E4908601D4800689628E9DBC6
:10E870000020F4F745FD40F23520F5F745FE9FED09
:10E88000291A5FEDF30A0A209FED270AF4F72DFEFF
:10E8900000201349086019E006E001200EF0FAFD9F
:10E8A000F2F7E0F800B90BE020490968204A126845
:10E8B000881A002801DB014600E041420A29ECDC0D
:10E8C00000BF07480068401C05490860044800680C
:10E8D000FA28E1DB40F6C4102CE02EE0980000207E
:10E8E000A4030020E8000020040000202C040020E5
:10E8F0001004002018040020000402400000024020
:10E9000068020020BC010020C4010020D0010020CA
:10E91000980200209C020020A0020020A4020020F7
:10E92000A00100206666663F00000000BC000020D9
:10E93000F40300200EF0AEFD31E1F7480068012835
:10E940006AD1F6480068002866D1F54800680028BA
:10E9500062D1F448006800285ED1C821F2480068FE
:10E96000F7F7A5FD9FEDF11ADFEDF10A0A209FED03
:10E97000F10AF4F7BAFD0020EF49086011E006E063
:10E9800001200EF087FDF2F76DF800B903E0EB48C7
:10E9900000681F28F4DC00BFE7480068401CE64917
:10E9A0000860E54800689628E9DB0020F4F7A8FC39
:10E9B00040F23520F5F7A8FD0020DF49086019E096
:10E9C00006E001200EF066FDF2F74CF800B90BE00E
:10E9D000DB490968DB4A1268881A002801DB014616
:10E9E00000E041420A29ECDC00BFD3480068401C2B
:10E9F000D1490860D0480068FA28E1DB9FEDD21ABF
:10EA0000DFEDCB0A0A201FED380AF4F76EFD40F661
:10EA1000C4100EF03FFDC2E0BF48006801285CD181
:10EA2000BE480068012858D1BD48006880BBBD4879
:10EA3000006868BBC821BC480068F7F738FD4FF490
:10EA4000FF70F5F761FD9FEDC01ADFEDB90A0F20E9
:10EA50009FEDB80AF4F749FD0020B749086021E0AE
:10EA600006E0F1F7FFFF00B916E001200EF012FDFD
:10EA70004FF48071B5480BF00DFB0128F1D0B04880
:10EA80000068B0490968441A002C02DB204601E006
:10EA900023E060420A28E4DC00BFA7480068401C6D
:10EAA000A5490860A448006840F20E618842D7DB9F
:10EAB0000520F4F725FC40F23520F5F725FD9FED04
:10EAC000A41ADFED9B0A0A201FED690AF4F70DFD79
:10EAD00040F6C4100EF0DEFC61E08F4800680128AB
:10EAE0005DD18E480068012859D18D480068012801
:10EAF00055D18C480068E8BBC8218B480068F7F7FF
:10EB0000D6FC4FF4FF70F5F7FFFC9FED8F1ADFED99
:10EB1000880A0F209FED870AF4F7E7FC002086495A
:10EB2000086020E006E0F1F79DFF00B915E0012044
:10EB30000EF0B0FC4FF4807184480BF0ABFA012862
:10EB4000F1D07F4800687F490968441A002C01DB36
:10EB5000204600E060420A28E5DC00BF76480068F5
:10EB6000401C754908607448006840F20E61884294
:10EB7000D8DB00E013E00520F4F7C2FB40F23520BB
:10EB8000F5F7C2FC9FED721ADFED690A0A201FED4E
:10EB90009A0AF4F7AAFC40F6C4100EF07BFC0020A1
:10EBA000F4F7AEFB10BD10B55B480068002865D1D6
:10EBB0005A480068002861D15948006800285DD192
:10EBC00058480068002859D1F6F714FB24E00421C6
:10EBD00060480BF05FFA78B94FF400615B480BF0C6
:10EBE00059FA48B99FED581ADFED510A0E209FEDF2
:10EBF0005A0AF4F77AFC08E09FED531ADFED4C0A4D
:10EC00000A209FED4C0AF4F770FC01200EF042FC44
:10EC1000F1F728FF00B917E04FF480714D480BF071
:10EC200039FA28B980214B480BF034FA0028CED0AD
:10EC30004348006843490968441A002C01DB204618
:10EC400000E060421428C2DC00BF9FED3F1ADFEDF8
:10EC5000380A08209FED410AF4F747FC06E001203E
:10EC60000EF018FCF1F7FEFE00B906E04FF400616B
:10EC700036480BF00FFA0028F1D041E12648006831
:10EC8000012848D125480068002844D1244800685C
:10EC9000002840D12348006800287ED1F6F7AAFA60
:10ECA00024E004212B480BF0F5F978B94FF400610A
:10ECB00026480BF0EFF948B99FED231ADFED1C0A47
:10ECC0000E209FED250AF4F710FC08E09FED1E1AB8
:10ECD000DFED170A0A209FED170AF4F706FC012062
:10ECE0000EF0D8FBF1F7BEFE00B93CE04FF48071A6
:10ECF00018480BF0CFF928B9802116480BF0CAF953
:10ED00000028CED00E4800680E490968441A002C2D
:10ED100026DB204625E040E0980200209C020020EF
:10ED2000A0020020A4020020A0010020CDCC4C3F76
:10ED300000006144000061C4A4030020980000208A
:10ED4000BC000020F40300203333333F00000240B6
:10ED5000CDCCCC3D0010024000409CC40000E144FA
:10ED6000604214289DDC00BF1FED091A5FED100AF8
:10ED700008201FED060AF4F7B8FB06E001200EF0AC
:10ED800089FBF1F76FFE00B906E04FF40061FD4822
:10ED90000BF080F90028F1D0B2E0FB4800680128B0
:10EDA00055D1FA480068012851D1F9480068012876
:10EDB0004DD1F8480068D8BBF6F71CFA06E00120F0
:10EDC0000EF068FBF1F74EFE00B90BE0F24909685E
:10EDD000F24A1268881A002801DB014600E041422D
:10EDE0000F29ECDC00BFB6EE001A5FED2F0A0A20F7
:10EDF0001FED260AF4F779FB0020E949086021E0BD
:10EE000006E001200EF046FBF1F72CFE00B913E0FE
:10EE10004FF40061DB480BF03DF90028F1D0DE48EB
:10EE20000068DE490968441A002C02DB204601E034
:10EE30000DE060421428E4DC00BFD9480068401CA3
:10EE4000D7490860D64800689628D9DB58E0CE48F4
:10EE50000068012854D1CD480068012850D1CC4821
:10EE6000006801284CD1CB480068D8BBF6F7C2F93E
:10EE700006E001200EF00EFBF1F7F4FD00B90BE007
:10EE8000C5490968C54A1268881A002801DB01468D
:10EE900000E041420F29ECDC00BF1FED5C1A5FED82
:10EEA0005C0A0A201FED530AF4F71FFB0020BC493F
:10EEB000086021E006E001200EF0ECFAF1F7D2FD47
:10EEC00000B913E04FF40061AE480BF0E3F80028FE
:10EED000F1D0B1480068B1490968441A002C02DB3E
:10EEE000204601E00CE060421428E4DC00BFAC489E
:10EEF0000068401CAA490860A94800689628D9DB28
:10EF00000020F4F7FDF910BD10B5A64804684FF4D1
:10EF100061714842F7F760F9A3480068002872D190
:10EF2000A24800680028FAD1A14800680028F6D15C
:10EF3000F5F7E3FA9F480068FA309F4908609F4858
:10EF40000068FA3095490860B6EE001A5FED880A4D
:10EF500012201FED880AF4F7C8FA002090490860D3
:10EF600019E006E001200EF095FAF1F77BFD00B9FB
:10EF70000BE089490968894A1268881A002801DB70
:10EF8000014600E041420A29ECDC00BF84480068E9
:10EF9000401C8349086082480068FA28E1DB0020B1
:10EFA0007F49086014E006E0F1F75CFD00B909E074
:10EFB00001200EF06FFA4FF4807172480BF06AF87E
:10EFC0000128F1D000BF76480068401C74490860F1
:10EFD0007348006840F20E618842E4DBB6EE001A26
:10EFE0005FEDAD0A0A201FEDAD0AF4F77EFA0020AE
:10EFF0006B4908601AE007E001200EF04BFAF1F7C8
:10F0000031FD08B90CE03EE063490968634A1268C3
:10F01000881A002801DB014600E041420A29EBDCA6
:10F0200000BF5F480068401C5D4908605C4800689C
:10F03000FA28E0DB00205A4908601AE006E0F1F700
:10F0400011FD00B90FE001200EF024FA4FF4807199
:10F050004C480BF01FF80128F1D0802158480BF0E4
:10F0600019F80028EBD000BF4D480068401C4C49FF
:10F0700008604B48006840F20E618842DEDB0020E9
:10F08000F4F73EF90CE048480068012802D1FCF78B
:10F0900011FE05E046480068012801D1FFF7AFFBEB
:10F0A0000020F4F72DF910BD10B5FDF783FD002009
:10F0B000F4F726F93C48006801282BD1F7F700FD4A
:10F0C00040F6B8300EF0E6F9FCF7F4FD1FEDE21A59
:10F0D0005FEDE90A0C201FEDE90AF4F706FA06E0F5
:10F0E00001200EF0D7F9F1F7BDFC00B911E0802145
:10F0F00033480AF0CFFF0028F2D02748006827499C
:10F100000968441A002C01DB204600E060420A280E
:10F11000E6DC00BF10BD10B5FDF74CFD0020F4F794
:10F12000EFF821480068012807D1F7F7C9FC40F63D
:10F13000B8300EF0AFF9F5F750FA10BD70B599255B
:10F14000184806684FF461714842F5F7A3FBF5F7DC
:10F15000D4F918480068FA30174908601748006861
:10F16000FA300E49086010480068002865D10F4841
:10F170000068002861D10E48006810B99FED111A8F
:10F1800022E05AE000000240980200209C02002089
:10F19000A0020020A4020020BC000020F4030020F4
:10F1A000A4030020A0010020E8000020EC000020C3
:10F1B000F0000020E0030020E8030020EC03002022
:10F1C000000402403333333FDFEDFE0A12209FED8F
:10F1D000FE0AF4F78AF90020FC49086026E006E000
:10F1E000F1F740FC00B91BE001200EF053F94FF499
:10F1F0008071F7480AF04EFF0128F1D08021F548D0
:10F200000AF048FF0028EBD0F3480068F34909688A
:10F21000441A002C01DB204600E060421428DFDCA9
:10F2200000BFEA480068401CE8490860E7480068F9
:10F2300040F20E618842D2DB13E0E9480068012801
:10F2400002D1FCF737FD0CE0E6480068012802D146
:10F25000FFF7D5FA05E0E4480068012801D1FFF77F
:10F26000A2FC0020F4F74CF870BD10B54FF46171AA
:10F270004842F5F70FFBDA480068002872D1DA48F7
:10F28000006800286ED1D748006800286AD140F293
:10F290000910F5F739F9B6EE001ADFEDCA0A1220A7
:10F2A0009FEDC90AF4F721F90020C849086020E061
:10F2B00006E0F1F7D7FB00B915E001200EF0EAF8FF
:10F2C0004FF48071C2480AF0E5FE0028F1D0C24830
:10F2D0000068C2490968441A002C01DB204600E09E
:10F2E00060420A28E5DC00BFB8480068401CB74906
:10F2F0000860B648006840F20E618842D8DBB6EE7E
:10F30000001ADFEDB00A0A209FEDAF0AF4F7EDF81E
:10F310000020AE4908601AE006E0F1F7A3FB00B94F
:10F320000FE001200EF0B6F84021AA480AF0B2FE24
:10F330000028F2D04FF48071A5480AF0ABFE0028F7
:10F34000EBD000BFA1480068401CA04908609F485E
:10F35000006840F20E618842DEDB0020F3F7D0FF48
:10F360000DE0FFE79E480068012802D1FDF75BF839
:10F3700005E09C480068012801D1F7F7E2F810BDCC
:10F3800070B59A480568F7F79BFB40F20910F5F74E
:10F39000BBF89748006800285ED1964800680028AE
:10F3A0005AD195480068002856D194480068002832
:10F3B00052D124E04FF4805185480AF06BFE70B9B9
:10F3C000012184480AF066FE48B91FED821ADFED7C
:10F3D0007D0A0C209FED8A0AF4F787F808E01FEDFC
:10F3E000871ADFED780A0A209FED770AF4F77DF897
:10F3F00001200EF04FF8F1F735FB00B912E04FF4A1
:10F40000807173480AF046FE0028D3D07248006825
:10F4100072490968441A002C01DB204600E0604272
:10F420000A28C7DC00BF1FED991ADFED660A0A2023
:10F430009FED740AF4F759F806E001200EF02AF85F
:10F44000F1F710FB00B906E04FF4805160480AF074
:10F4500021FE0028F1D00DE16548006801285ED149
:10F460006448006800285AD163480068002856D1D3
:10F4700062480068002852D124E04FF4805154487B
:10F480000AF008FE70B9012152480AF003FE48B99B
:10F490001FEDB41ADFED4B0A0C209FED590AF4F76B
:10F4A00024F808E01FEDB91ADFED460A0A209FEDA7
:10F4B000460AF4F71AF801200DF0ECFFF1F7D2FA42
:10F4C00000B912E04FF4807141480AF0E3FD0028D2
:10F4D000D3D04148006841490968441A002C01DB37
:10F4E000204600E060420A28C7DC00BF1FEDCB1AAF
:10F4F000DFED340A0A209FED430AF3F7F6FF06E03A
:10F5000001200DF0C7FFF1F7ADFA00B906E04FF4A6
:10F5100080512F480AF0BEFD0028F1D0AAE03448FF
:10F52000006801283DD133480068012839D13248AC
:10F53000006888BB3148006870BB1DE03248006835
:10F54000A84209DD1FEDE11ADFED1E0A0C209FED38
:10F550002F0AF3F7CAFF08E01FEDE61ADFED190ADC
:10F560000A209FED190AF3F7C0FF01200DF092FF6A
:10F57000F1F778FA00B913E04FF4807114480AF0FB
:10F5800089FD0028DAD01448006814490968441A33
:10F59000002C02DB204601E003E060421E28CDDCA7
:10F5A00068E013480068012864D112480068012807
:10F5B00060D11148006801285CD11048006800B98A
:10F5C00044E057E000006144000061C4A40300204F
:10F5D0000000024000040240BC000020F4030020B0
:10F5E000E8000020F0000020EC000020A80100202E
:10F5F000980200209C020020A0020020A40200200B
:10F60000008022C400000000A400002000409CC430
:10F61000F6480068A84209DD9FEDF51A5FED170A6C
:10F620000C201FED060AF3F760FF08E09FEDF01ACB
:10F630005FED1C0A0A201FED1C0AF3F756FF01209C
:10F640000DF028FFF1F70EFA00B912E04FF48071C7
:10F65000E8480AF01FFD0028DAD0E7480068E749CB
:10F660000968441A002C01DB204600E060421E2895
:10F67000CEDC00BF0020F3F743FE70BD10B5E048BC
:10F68000006800286FD1DF4800680028FAD1DE4802
:10F6900000680028F6D1DD48006800287FD140F2DC
:10F6A0000910F4F731FF0020D949086039E01FE064
:10F6B000CE480068D7490968884209DD9FEDCC1A19
:10F6C0005FED400A0E201FED2F0AF3F70EFF08E052
:10F6D0009FEDC71A5FED450A0A201FED450AF3F7B3
:10F6E00004FF01200DF0D6FEF1F7BCF900B912E0DD
:10F6F0004FF48071BF480AF0CDFC0028D8D0BE4836
:10F700000068BE490968441A002C01DB204600E06D
:10F7100060420A28CCDC00BFBD480068401CBC49E0
:10F720000860BB48006840F20E618842BFDB0020E1
:10F73000F3F7E6FD40F23520F4F7E6FE0020B44989
:10F7400008601AE006E001200DF0A4FEF1F78AF946
:10F7500000B90CE0A8490968A84A1268881A00286C
:10F7600002DB014601E01AE041420A29EBDC00BF5E
:10F77000A7480068401CA6490860A5480068FA2808
:10F78000E0DBB6EE001A5FED710A0A209FEDA20AD7
:10F79000F3F7ABFE40F6B8300DF07CFE86E19848FA
:10F7A000006801286FD19748006800286BD19648FF
:10F7B0000068002867D19548006800287FD140F292
:10F7C0000910F4F7A1FE00209149086039E01FE01C
:10F7D000864800688F490968884209DD9FED841AD0
:10F7E0005FED880A0E201FED770AF3F77EFE08E032
:10F7F0009FED7F1A5FED8D0A0A201FED8D0AF3F74A
:10F8000074FE01200DF046FEF1F72CF900B912E06C
:10F810004FF4807177480AF03DFC0028D8D0764834
:10F82000006876490968441A002C01DB204600E094
:10F8300060420A28CCDC00BF75480068401C74494F
:10F8400008607348006840F20E618842BFDB002008
:10F85000F3F756FD40F23520F4F756FE00206C49D0
:10F8600008601AE006E001200DF014FEF1F7FAF846
:10F8700000B90CE060490968604A1268881A0028DB
:10F8800002DB014601E01AE041420A29EBDC00BF3D
:10F890005F480068401C5E4908605D480068FA28BF
:10F8A000E0DBB6EE001A5FEDB90A0A209FED5A0AB6
:10F8B000F3F71BFE40F6B8300DF0ECFDF6E05048D3
:10F8C000006801286AD14F480068012866D14E4877
:10F8D0000068002862D14D48006890BB4FF4FA7070
:10F8E000F4F712FE00204A49086019E006E0012002
:10F8F0000DF0D0FDF1F7B6F800B90BE03E4909680C
:10F900003E4A1268881A002801DB014600E04142A5
:10F910000A29ECDC00BF3E480068401C3C490860F6
:10F920003B480068FA28E1DBC8213A480068F7F74D
:10F930007DF840F23520F4F7E7FD002034490860F7
:10F940001AE02BE006E001200DF0A4FDF1F78AF8A3
:10F9500000B90BE028490968284A1268881A00286B
:10F9600001DB014600E041420A29ECDC00BF2848E7
:10F970000068401C2649086025480068FA28E1DB39
:10F980009FED261A5FEDF10A0A209FED230AF3F797
:10F99000ACFD40F6B8300DF07DFD87E018480068FA
:10F9A00001283DD11748006801287FD1164800681A
:10F9B00001287BD11548006890BB4FF4FA70F4F72A
:10F9C000A3FD00201249086034E006E001200DF09C
:10F9D00061FDF1F747F800B926E007490968074AD1
:10F9E0001268881A00281CDB01461BE0A4000020D6
:10F9F0003333333F00000240BC000020F4030020FA
:10FA0000980200209C020020A0020020A4020020F6
:10FA1000A4030020A80100200000E144CDCC4C3F0D
:10FA200044E041420A29D1DC00BFFE480068401C86
:10FA3000FC490860FB480068FA28C6DBC821FA4880
:10FA40000068F6F7F3FF40F23520F4F75DFD002083
:10FA5000F449086019E006E001200DF01BFDF1F704
:10FA600001F800B90BE0F1490968F14A1268881AF7
:10FA7000002801DB014600E041420A29ECDC00BF1E
:10FA8000E8480068401CE7490860E6480068FA2832
:10FA9000E1DB1FED1E1ADFEDE70A0A201FED220A47
:10FAA000F3F723FD40F6B8300DF0F4FC0020F3F737
:10FAB00027FC10BD70B5DC4805684FF46171484201
:10FAC000F6F78AFBDC48006800287AD1DB4800683A
:10FAD000002876D1DA480068002872D140F2091077
:10FAE000F4F712FD1FED331ADFEDD20A12209FED5D
:10FAF000D50AF3F7FAFC0020CA49086020E006E0C6
:10FB000001200DF0C7FCF0F7ADFF00B912E04FF493
:10FB10008071CD480AF0BEFA0028F1D0C3480068D1
:10FB2000C3490968441A002C01DB204600E060420A
:10FB30000A28E5DC00BFBB480068401CB9490860E2
:10FB4000B8480068FA28DADB1FED571ADFEDB90A6A
:10FB50000A209FEDBC0AF3F7C8FC0020B1490860F9
:10FB600026E006E001200DF095FCF0F77BFF00B9E0
:10FB700018E04021B5480AF08DFA0028F2D04FF481
:10FB80008071B1480AF086FA0028EBD0A7480068D7
:10FB9000A7490968441A002C01DB204600E06042B6
:10FBA0000A28DFDC00BF9F480068401C9D490860B0
:10FBB0009C480068FA28D4DB0020F3F7A1FB0DE095
:10FBC000FFE79D480068012802D1FFF7D9FB05E057
:10FBD0009A480068012801D1FFF750FD0020F3F793
:10FBE0008FFB70BD10B5FCF7F7FD0020F3F788FB25
:10FBF0009148006801282DD1F6F762FF4FF47A6032
:10FC00000DF048FC40F20910F4F77EFC0020854915
:10FC1000086019E006E001200DF03CFCF0F722FF3F
:10FC200000B90BE081490968814A1268881A0028E6
:10FC300001DB014600E041420A29ECDC00BF7948C3
:10FC40000068401C77490860764800683228E1DB8C
:10FC5000FFF796FB10BD10B54FF461714842F6F7FF
:10FC6000BBFA75480068002843D174480068002832
:10FC70003FD173480068D8BB40F20910F4F744FC48
:10FC80001FED9A1ADFED6B0A10209FED6E0AF3F755
:10FC90002CFC00206349086020E006E0F0F7E2FE5B
:10FCA00000B915E001200DF0F5FB4FF480716648B6
:10FCB0000AF0F0F90028F1D05C4800685C49096856
:10FCC000441A002C01DB204600E060420A28E5DCF3
:10FCD00000BF54480068401C524908605148006801
:10FCE00040F20E618842D8DB0020F3F709FB06E002
:10FCF000FFE752480068012801D1FFF7BFFC002050
:10FD0000F3F7FEFA10BD704730B500201BE000216C
:10FD100016E0002211E0AFF2110300EB801404EBB7
:10FD200044044B4D05EBC40401EB810505EBC10513
:10FD300004EB850444F82230521C0D2AEBDB491CED
:10FD40001E29E6DB401C1E28E1DB424C424BC3F877
:10FD50000C42424CC3F81042414CC3F81442414C8F
:10FD60003B4BC3F83C4E404CC3F8404E3F4C404BDD
:10FD7000C3F810423F4CC3F814423F4C3F4BC3F80A
:10FD800038443F4CC3F83C443B4CC3F840443D4CE2
:10FD90002F4B9C633C4CDC633A4C1C643B4C5C64D6
:10FDA000394C9C64DC641C655C65384C9C65DC6586
:10FDB0001C665C66AFF60F549C67AFF6A544DC6723
:10FDC000C3F88440C3F89040AFF2E714C3F888400A
:10FDD000C3F894402E4CC3F8B040C3F8B4402D4C47
:10FDE000C3F8BC402C4CC3F8C040C3F8CC402B4CEB
:10FDF000C3F8C8402A4CC3F8EC462A4CC3F8F04676
:10FE0000294CC3F8F446AFF6FF64C3F8F846AFF6E2
:10FE1000D344C3F8FC46254CC3F80047AFF6B534CD
:10FE200046E00000A4030020A8010020BC00002040
:10FE3000F403002000006144E8000020EC000020F2
:10FE4000F0000020000061C40000024000040240F5
:10FE50007C0A00209FE700086C470020BFE70008ED
:10FE6000DFE70008FD6B0008A77000089F7100081D
:10FE7000C41C0020A16D0008338100085C840020B0
:10FE80009F8000083FB50008BFB600082FD00008CB
:10FE900023C0000839C70008E7C30008CBC7000823
:10FEA0008B5C00085B4C0008795D0008AB570008CC
:10FEB000C3F80447FA4CC3F80847AFF20744C3F845
:10FEC0000C47F84CC3F81047F74CC3F81447AFF28F
:10FED0007924C3F8184730BD30B50246F3480068AE
:10FEE000884201DC002030BDF148008808446424C9
:10FEF00090FBF4F504FB150083B203EB8300ED4C9B
:10FF0000204404681460007910710120EBE70CB5FF
:10FF100001216846FFF7E0FF08B900200CBD9DF8FD
:10FF2000020048B99DF80300012805D1E2490860A4
:10FF3000F6F7C6FD0120F1E79DF8020050B99DF8E3
:10FF40000300022806D10120DC490860FAF776FF99
:10FF50000120E3E79DF8020050B99DF80300032853
:10FF600006D10120D6490860FAF7E2FF0120D5E763
:10FF70000020D3E71FB5CD48006800B91FBD66E07B
:10FF8000FFF7C5FF02A8F1F7F2FE00B963E068468B
:10FF9000F1F7DBFEA8B39DF80A00022816D19DF800
:10FFA0000B000A2812D19DF80C0002280ED19DF8F2
:10FFB0000200022825D19DF803000A2821D19DF8CE
:10FFC000040001281DD1BF4908601AE09DF80A000D
:10FFD000032816D19DF80B000A2812D19DF80C00B9
:10FFE00002280ED19DF8020003280AD19DF80300D3
:10FFF0000A2806D19DF80400032802D10120B24945
:020000040801F1
:1000000008609DF80A001E281DDA9DF80B001E28C6
:1000100019DA9DF80C000D2815DA9DF80A1001EB8D
:10002000811101EB4101A94A02EBC1019DF80B20AE
:1000300002EB820303EBC20201EB82019DF80C206C
:1000400051F8220080474FF47A700DF023FA974858
:100050000068002894DC00BF00209D49087000BFA4
:100060008CE710B500244FF400419A480AF012F8CA
:1000700050B94FF4806197480AF00CF820B901207C
:1000800095490870641C02E00020934908704FF401
:100090008051904809F0FEFF50B94FF480618F48BD
:1000A00009F0F8FF20B901208D490870641C02E0B6
:1000B00000208B4908704FF48041884809F0EAFF1E
:1000C00050B94FF48041834809F0E4FF20B9012082
:1000D00084490870641C02E00020824908704FF4D3
:1000E00000517C4809F0D6FF50B94FF400617B48BD
:1000F00009F0D0FF20B901207B490870641C02E0A0
:100100000020794908707948046010BD2DE9F0415C
:100110007148007872490978441872480078724929
:100120000978451800277E1EFFF79BFF704800687E
:10013000012805D1002C03DD01276E48066826E062
:100140006B480068022805D1002D03DD02276A48AC
:1001500006681CE0022C03D101276648066816E0F9
:10016000022D03D102276448066810E0002C03DD4D
:100170000127604806680AE0002D03DD02275E487B
:10018000066804E000205A490860BDE8F081701C50
:1001900068B35748076064205849086058480660AB
:1001A0005849096802461268881A002801DB01468E
:1001B00000E041420A2914DD06E001200DF06AF951
:1001C000F0F750FC00B90BE04E4909684C4A126840
:1001D000881A002801DB014600E041420A29ECDCD4
:1001E00000BF43480068012802D14749086002E087
:1001F00001204649086000BFC7E72DE9F0413648B5
:100200000078374909784418364800783649097823
:10021000451800277E1EFFF724FF35480068012897
:1002200005D1002C03DD01273248066826E030485E
:100230000068022805D1002D03DD02272E4806683C
:100240001CE0022C03D101272A48066816E0022D83
:1002500003D102272848066810E0002C03DD01279F
:10026000244806680AE0002D03DD022722480668BC
:1002700004E000201E490860BDE8F081701C68B1F0
:100280001B48076064201D4908601D480660184827
:10029000006801283CD11C4908603CE03BE00000BC
:1002A000AB570008CB6800087569000858020020A9
:1002B0005E0200207E080020E8000020EC00002004
:1002C000F0000020480200204C0200207C0A0020A0
:1002D0006102002000040240C4020020000C024021
:1002E000C5020020C6020020C7020020C002002074
:1002F0008C04002060010020640100202404002000
:1003000000040020B00000206C01002068010020E3
:100310000120FA49086000BFAEE73EB50446FFF78A
:10032000A0FEFFF76AFFF4F7E8F840F24F10F44937
:100330000860F44908600020F349086019E006E00D
:1003400001200DF0A7F8F0F78DFB00B90BE0EF49A5
:100350000968EC4A1268881A002801DB014600E0AF
:1003600041420A29ECDC00BFE7480068401CE6492E
:100370000860E54800689628E1DB4FF47A600DF0EC
:1003800089F8322305224FF47A71BE20F6F70FFE6A
:100390009FEDDF1ADFEDDF0A1E209FEDDF0AF3F786
:1003A000A4F80020D849086012E006E005200DF00E
:1003B00071F8F0F757FB00B904E0D8480068B0F5D1
:1003C000AA7FF3DC00BFD0480068401CCE4908601B
:1003D000CD48006840F226218842E6DB40F6B8307E
:1003E0000DF058F80020C849086012E006E005202A
:1003F0000DF050F8F0F736FB00B904E0C74800688C
:10040000B0F5967FF3DB00BFBF480068401CBE49D3
:100410000860BD48006840F226218842E6DB41F2D0
:1004200088300DF037F80020B749086011E006E089
:1004300005200DF02FF8F0F715FB00B903E0B848E0
:1004400000681E28F4DC00BFAF480068401CAE49BD
:100450000860AD48006840F226218842E7DB0020B2
:10046000A949086020E015E00A206FF07701032217
:1004700004F10F03CDE9002102904FF461720021D5
:100480002320F7F79AFA05200DF004F8F0F7EAFABE
:1004900000B903E0A1480068FA28E5DC00BF9A48EB
:1004A0000068401C984908609748006840F226217F
:1004B0008842D8DB0020944908601FE014E00A203D
:1004C0006FF06301012204F10F03CDE900210290D6
:1004D0004FF461720021F7F770FA05200CF0DAFF93
:1004E000F0F7C0FA00B903E08C480068B928E6DCF0
:1004F00000BF85480068401C834908608248006846
:1005000040F226218842D9DB0020F2F7F9FE4FF4B1
:100510007A71B220F5F7CBFF0020F2F7F1FE3EBD75
:1005200010B54FF480617F4809F0B4FD00284ED12A
:100530004FF400417B4809F0ADFD002847D17A48CF
:100540000078002843D16420784908607848006822
:100550005F307849086000206B49086025E006E0BC
:1005600001200CF097FFF0F77DFA00B917E0724A0E
:100570001268704B1B68D11A002901DB0A4600E0A3
:100580004A420A2AECDC6D4A12686D4B1B68D01A8D
:10059000002801DB024600E042420A2AE0DC00BFFC
:1005A00059480068401C584908605748006832287C
:1005B000D5DB40F6B8300CF06DFF6248C07F40F0EC
:1005C00008006049C87701205749087055E04FF48A
:1005D00080615D4809F05EFD00284ED14FF48051E6
:1005E000504809F057FD002847D158480078E0BB33
:1005F000642057490860574800685F3050490860D8
:1006000000204149086025E006E001200CF042FF8F
:10061000F0F728FA00B917E0474A1268454B1B6803
:10062000D11A002901DB0A4600E04A420A2AECDC22
:10063000424A1268424B1B68D01A002801DB02466E
:1006400000E042420A2AE0DC00BF2F480068401C5C
:100650002D4908602C4800683228D5DB40F6B830B8
:100660000CF018FF3748C07F00E006E040F0400083
:100670003449C87701203549087040F6B8300CF08D
:1006800009FFFA20294908602948006829490860BB
:10069000FA202F4908602F48006829490860002087
:1006A0001949086025E006E001200CF0F3FEF0F7A0
:1006B000D9F900B917E0204A12681E4B1B68D11AFD
:1006C000002901DB0A4600E04A420A2AECDC1B4A08
:1006D00012681B4B1B68D01A002801DB024600E0A1
:1006E00042420A2AE0DC00BF07480068401C064975
:1006F0000860054800683228D5DB10BD680100207D
:10070000E8030020F4030020A4030020BC00002024
:10071000CDCC4C3F00006144000061C4A00000202B
:1007200098000020000402409004002028040020CB
:10073000AC0100200C040020C0000020C4000020F8
:100740001804002004000020000C02409104002046
:100750002C040020B001002010B54FF40061FC48CB
:1007600009F098FC00284AD14FF40051F94809F0EB
:1007700091FC002843D1F848007800283FD164203C
:10078000F6490860F64800685F38F64908600020BE
:10079000F549086025E006E001200CF07BFEF0F74B
:1007A00061F900B917E0F14A1268F14B1B68D11AE0
:1007B000002901DB0A4600E04A420A2AECDCED4A45
:1007C0001268E84B1B68D01A002801DB024600E0E3
:1007D00042420A2AE0DC00BFE3480068401CE249CC
:1007E0000860E14800683228D5DBE348C07F40F06C
:1007F0000400E149C8770120D749087050E04FF460
:100800008041D44809F046FC002849D14FF480418A
:10081000CF4809F03FFCE8BBD8480078D0BB642043
:10082000D7490860D74800685F38D1490860002080
:10083000CD49086025E006E001200CF02BFEF0F722
:1008400011F900B917E0C94A1268C94B1B68D11ADF
:10085000002901DB0A4600E04A420A2AECDCC54ACC
:100860001268C04B1B68D01A002801DB024600E06A
:1008700042420A2AE0DC00BFBB480068401CBA497B
:100880000860B94800683228D5DBBB48C07F40F01B
:10089000100000E004E0B849C8770120B7490870AB
:1008A00040F6B8300CF0F6FDFA20B5490860B548BE
:1008B0000068AF490860FA20A8490860A8480068A5
:1008C000A84908600020A849086025E006E001204A
:1008D0000CF0E0FDF0F7C6F800B917E0A34A126883
:1008E000A34B1B68D11A002901DB0A4600E04A42EB
:1008F0000A2AECDC9F4A12689A4B1B68D01A00281F
:1009000001DB024600E042420A2AE0DC00BF9648D2
:100910000068401C94490860934800683228D5DB81
:1009200010BD10B598480068012802D1FFF714FFE8
:1009300005E096480068012801D1FFF7F1FD8E48D7
:10094000C07F00F0DF008C49C8770846C07F00F008
:100950007F00C8770846C07F00F0F700C8770846D8
:10096000C07F00F0BF00C8770846C07F00F0EF00EE
:10097000C8770846C07F00F0FB00C87710BD2DE99E
:10098000F05F0746884691461D463E464FF00F0AE7
:1009900044464FF0000B7848C07F40F08000764915
:1009A000C87706E001200CF075FDF0F75BF800B9A0
:1009B00006E04FF40061674809F06CFB0128F1D0B4
:1009C00000BF9620654908606648046044F62060D0
:1009D0000CF060FD63E00BF1010BBBF1070F09DBCD
:1009E00096205E4908605F48046044F620600CF081
:1009F00051FD5EE0FA20594908605948006859499C
:100A0000086006E001200CF045FDF0F72BF800B976
:100A10000BE058490968534A1268881A002801DB1C
:100A2000014600E041425145ECDC00BFA6EB09065F
:100A3000B6F5AF7F01DA4FF4AF763046F3F764FDD9
:100A400000204949086019E006E001200CF022FD71
:100A5000F0F708F800B90BE04D4909684D4A1268F3
:100A6000881A002801DB014600E041420829ECDC3D
:100A700000BF3D480068401C3B4908603A48006898
:100A8000FA28E1DB9620354908603648046044F6D0
:100A900020600CF0FFFCEFF7E5FF00B909E03549F5
:100AA0000968081B002801DB014600E0414251456E
:100AB00091DC00BF042D06D12F48C07F40F0040018
:100AC0002D49C87707E0022D05D12B48C07F40F0A3
:100AD00040002949C877BDE8F09F2DE9F05F07463F
:100AE000884691461D463E464FF00C0A44464FF05C
:100AF000000B2148C07F40F020001F49C87706E066
:100B000001200CF0C7FCEFF7ADFF00B906E04FF491
:100B100000410F4809F0BEFA0128F1D000BF64205F
:100B2000174908601248046043F698200CF0B2FCA4
:100B300087E00BF1010BBBF1070F2DDB642010499F
:100B400008600B48046043F698200CF0A3FC83E097
:100B5000000C024000040240930400202C040020FA
:100B6000B001002018040020A4030020C0000020D1
:100B70000C040020C4000020040000209204002087
:100B800028040020AC010020680100206C01002036
:100B9000BC000020F4030020FA20F9490860F9485D
:100BA0000068F949086006E001200CF073FCEFF7DB
:100BB00059FF00B90BE0F5490968F34A1268881A31
:100BC000002801DB014600E041425145ECDC00BF5A
:100BD000A6EB0906B6F5AF7F01DA4FF4AF763046E3
:100BE000F3F792FC0020EA49086019E006E00120D2
:100BF0000CF050FCEFF736FF00B90BE0E54909684F
:100C0000E54A1268881A002801DB014600E04142EB
:100C10000829ECDC00BFDE480068401CDC490860A5
:100C2000DB480068FA28E1DB3220D5490860D64865
:100C3000046043F698200CF02DFCEFF713FF00B989
:100C40000AE0D2490968081B002801DB014600E0E0
:100C5000414251453FF76DAF00BF012D06D1CF484E
:100C6000C07F40F00800CD49C87707E0032D05D1CB
:100C7000CA48C07F40F01000C849C877BDE8F09F5F
:100C800010B5C748006801287DD1C102C54809F0E8
:100C900001FA00283DD14FF40051C34809F0FAF998
:100CA000B0BBBE48C07F40F08000BC49C877002080
:100CB000B749086014E006E001200CF0EBFBEFF709
:100CC000D1FE00B906E04FF40061B74809F0E2F93F
:100CD0000128F1D000BFAE480068401CAC49086054
:100CE000AB4800683228E6DB042323224FF4AF71BF
:100CF00040F2E510FFF743FE40F6B8300CF0CAFBB7
:100D0000FA20AA490860AA480068AA490860D0E009
:100D1000FFE74FF48041A44809F0BCF90028F6D160
:100D20004FF480419F4809F0B5F90028EFD19B4866
:100D3000C07F40F020009949C8770020944908609E
:100D400014E006E001200CF0A5FBEFF78BFE00B9E4
:100D500006E04FF40041934809F09CF90128F1D0D6
:100D600000BF8B480068401C8949086088480068BB
:100D70003228E6DB032323224FF4AF7140F2E51063
:100D8000FFF7ABFE00E00BE040F6B8300CF082FB62
:100D9000FA207B4908607B4800687B49086088E04E
:100DA000854800680128B2D181027F4809F072F9B4
:100DB000E0BB4FF400417C4809F06CF9B0BB7748C8
:100DC000C07F40F020007549C87700207049086056
:100DD00014E006E001200CF05DFBEFF743FE00B9E4
:100DE00006E04FF400416F4809F054F90128F1D0B2
:100DF00000BF67480068401C654908606448006897
:100E00003228E6DB0123232240F2262140F2E510BE
:100E1000FFF763FE40F6B8300CF03CFBFA2058496F
:100E20000860584800685849086042E0FFE74FF4FE
:100E300080615C4809F02EF9D8BB4FF480515A48C4
:100E400009F028F9A8BB5548C07F40F080005349FD
:100E5000C87700204E49086014E006E001200CF03D
:100E600019FBEFF7FFFD00B906E04FF400614E48B3
:100E700009F010F90128F1D000BF45480068401C76
:100E800043490860424800683228E6DB02232322F7
:100E900040F2262140F2E510FFF771FD40F6B83030
:100EA0000CF0F8FAFA2036490860364800683649EE
:100EB000086000203649086025E006E001200CF0BB
:100EC000E9FAEFF7CFFD00B917E0304A12682E4B70
:100ED0001B68D11A002901DB0A4600E04A420A2AAF
:100EE000ECDC364A1268334B1B68D01A002801DB51
:100EF000024600E042420A2AE0DC00BF24480068C3
:100F0000401C23490860224800683228D5DB23486A
:100F1000C07F00F0DF002149C8770846C07F00F09D
:100F20007F00C87710BD10B51D480068012849D161
:100F300023480078012845D11848C07F40F0800040
:100F40001649C87700201249086014E006E0012025
:100F50000CF0A0FAEFF786FD00B906E04FF400614F
:100F6000114809F097F80128F1D000BF084800683F
:100F7000401C07490860064800683228E6DBA4E008
:100F800028040020AC0100200C040020C000002038
:100F9000A4030020BC000020F40300200400002073
:100FA00068010020000C0240000402402C040020D4
:100FB000B0010020180400206C010020C4000020B3
:100FC000C7020020F7480068012827D1F6480078BA
:100FD000012823D1F548C07F40F02000F349C877AD
:100FE0000020F349086014E006E001200CF052FAFA
:100FF000EFF738FD00B906E04FF40041ED4809F085
:1010000049F80128F1D000BFE9480068401CE849D0
:101010000860E74800683228E6DB56E0E1480068EF
:10102000012827D1E4480078012823D1DF48C07F78
:1010300040F08000DD49C8770020DD49086014E0F9
:1010400006E001200CF026FAEFF70CFD00B906E0EF
:101050004FF40061D94809F01DF80128F1D000BF14
:10106000D3480068401CD2490860D1480068322843
:10107000E6DB2AE0D2480068012826D1D148007872
:10108000012822D1C948C07F40F02000C749C87755
:101090000020C749086014E006E001200CF0FAF9CE
:1010A000EFF7E0FC00B906E04FF40041C14808F05A
:1010B000F1FF0128F1D000BFBD480068401CBC49C9
:1010C0000860BB4800683228E6DB10BD10B5002080
:1010D000B749086011E006E001200CF0DBF9EFF7FA
:1010E000C1FC00B903E0B848008A7828F4DC00BFEE
:1010F000AF480068401CAE490860AD480068B0F5D4
:10110000FA7FE8DB40F2C620F3F7FEF941F28830BF
:101110000CF0C0F910BD10B5FEF7A3FFFEF7F6FF07
:101120000020A349086011E006E001200CF0B2F9AC
:10113000EFF798FC00B903E0A348008A7828F4DCB4
:1011400000BF9B480068401C9949086098480068A7
:10115000B0F57A7FE8DB4FF4FA600CF09BF90120E0
:101160009A49086008460068012849D14FF4AF70D9
:10117000F3F7CAF900208E49086019E006E0012063
:101180000CF088F9EFF76EFC00B90BE090490968A4
:10119000904A1268881A002801DB014600E04142AB
:1011A0000529ECDC00BF82480068401C80490860CB
:1011B0007F4800689628E1DBFFF7B5FE40F6B830BF
:1011C0000CF068F900207A49086011E006E001207F
:1011D0000CF060F9EFF746FC00B903E07A48008AAA
:1011E0007828F4DC00BF72480068401C7049086031
:1011F0006F480068B0F57A7FE8DB02207349086029
:101200007248006802282DD1FFF78BFB00206C4943
:101210000860644908604FF47A700CF03BF9FEF7FF
:1012200020FFFEF773FFFFF77EFE00206049086095
:1012300011E006E001200CF02DF9EFF713FC00B9E6
:1012400003E06148008A7828F4DC00BF5848006851
:10125000401C57490860564800686428E9DB0320B1
:101260005A49086059480068032818D1FFF759FB0C
:101270000020534908604B4908604FF47A700CF025
:1012800009F9FEF7EEFEFEF741FF40F6B8300CF02C
:1012900001F904204D4908600020F2F731F84B486D
:1012A0000068042804D1FFF711FF052047490860B2
:1012B00046480068052874D100203D49086011E0C7
:1012C00006E001200CF0E6F8EFF7CCFB00B903E0F4
:1012D0003D48008A7828F4DC00BF35480068401C8F
:1012E0003349086032480068B0F57A7FE8DB42F2A3
:1012F00010700CF0CFF800202D4908601BE006E0CC
:1013000001200CF0C7F8EFF7ADFB00B90DE04FF48A
:101310000071314808F0BEFE0028F1D04FF40061A2
:101320002D4808F0B7FE0028EAD000BF204800682A
:10133000401C1F4908601E48006840F22621884270
:10134000DDDB4FF4FA500CF0A5F8002018490860D6
:1013500011E006E001200CF09DF8EFF783FB00B9E7
:1013600003E01E480068DC28F4DB00BF104800687A
:10137000401C0F4908600E48006840F22621884250
:10138000E7DB40F2EF10F3F7BFF8002008490860F0
:1013900038E025E001200CF07DF8EFF763FBF8B9A9
:1013A0002AE03CE06C010020C40200200400002080
:1013B000A4030020000C0240C502002000040240EB
:1013C00068010020C602002012080020BC02002094
:1013D000BC000020F403002000100240A400002004
:1013E000F9490968F94A1268881A002801DB0146A0
:1013F00000E041420529CDDC00BFF5480068401CF3
:10140000F3490860F24800689628C2DBFEF729FE1F
:10141000FEF77CFEFFF787FD0620EE49086010BD51
:1014200010B5FEF71EFEFEF771FE0020E8490860C9
:1014300011E006E001200CF02DF8EFF713FB00B9E6
:1014400003E0E548008A7828F4DC00BFE048006843
:10145000401CDF490860DE480068B0F57A7FE8DBB1
:101460004FF4FA600CF016F80120DA4908600846DB
:101470000068012849D14FF4AF70F3F745F8002018
:10148000D349086019E006E001200CF003F8EFF7FB
:10149000E9FA00B90BE0CC490968CC4A1268881A0D
:1014A000002801DB014600E041420529ECDC00BFD9
:1014B000C7480068401CC6490860C54800689628AF
:1014C000E1DBFFF730FD40F6B8300BF0E3FF002022
:1014D000BF49086011E006E001200BF0DBFFEFF7E9
:1014E000C1FA00B903E0BC48008A7828F4DC00BFE8
:1014F000B7480068401CB6490860B5480068B0F5B8
:101500007A7FE8DB0220B3490860B248006802280D
:1015100011D1FFF706FA0020B0490860B049086011
:101520004FF47A700BF0B6FFFEF79BFDFEF7EEFD71
:101530000320A8490860A7480068032804D1FFF7E2
:10154000C5FD0420A3490860A2480068042874D19E
:1015500000209F49086011E006E001200BF09AFF8F
:10156000EFF780FA00B903E09B48008A7828F4DCA2
:1015700000BF97480068401C95490860944800687F
:10158000B0F57A7FE8DB42F210700BF083FF0020A9
:101590008F4908601BE006E001200BF07BFFEFF7AE
:1015A00061FA00B90DE04FF400718E4808F072FD49
:1015B0000028F1D04FF400618A4808F06BFD002844
:1015C000EAD000BF82480068401C8149086080481A
:1015D000006840F20E618842DDDB4FF4FA500BF0F8
:1015E00059FF00207A49086011E006E005200BF061
:1015F00051FFEFF737FA00B903E07B480068DC28B9
:10160000F4DB00BF72480068401C714908607048F4
:10161000006840F226218842E7DB40F2EF10F2F743
:1016200073FF00206A4908601AE007E001200BF010
:1016300031FFEFF717FA08B90CE01EE062490968BC
:10164000624A1268881A002801DB014600E0414224
:101650000529EBDC00BF5E480068401C5C4908605F
:101660005B4800689628E0DBFEF7FBFCFEF74EFDCA
:10167000FFF759FC06205749086010BD10B5FEF76A
:10168000F0FC5A480068012802D1FFF7C9FE13E0B8
:1016900056480068022802D1FFF7C2FE0CE053480A
:1016A0000068032802D1FFF736FD05E04F480068C7
:1016B000042801D1FFF72FFD10BD0EB5B6EE001ABC
:1016C000DFED4B0A06209FED4B0AF1F70EFF40F2CB
:1016D000DC500BF0DFFEFEF719FD00203C490860EE
:1016E00019E006E001200BF0D5FEEFF7BBF900B9D9
:1016F0000BE041490968414A1268881A002801DB59
:10170000014600E041420529ECDC00BF304800689A
:10171000401C2F4908602E4800689628E1DB002015
:101720002B4908601FE014E00A206FF0C701012276
:10173000B223CDE9002102904FF4617211460620D8
:10174000F6F72BF801200BF0A5FEEFF78BF900B9A7
:1017500003E02B4800682F28E6DC00BF1C48006827
:10176000401C1B4908601A48006840F22621884244
:10177000D9DB0020F1F7C4FD4FF47A71B020F4F703
:1017800096FE0020F1F7BCFD0EBD70B504460D4677
:1017900000200F49086011E006E00A200BF07AFEF5
:1017A000EFF760F900B903E015480068A042F4DBE8
:1017B00000BF07480068401C0549086004480068ED
:1017C000A842E9DB70BD0000BC000020F40300204B
:1017D000A4030020BC0200201208002068010020A1
:1017E0006C01002000100240A4000020C002002074
:1017F000000061440000E144B0000020000400202B
:101800009C00002010B50020FA49086011E006E0B5
:1018100001200BF03FFEEFF725F900B903E0F64891
:1018200000686428F4DC00BFF2480068401CF149FD
:101830000860F0480068B0F57A7FE8DBEF4890F880
:10184000230040F00100ED4981F823004FF4FA50E5
:101850000BF020FE0020E749086011E006E00120BF
:101860000BF018FEEFF7FEF800B903E0E24800685D
:101870006428F4DB00BFDF480068401CDD490860D5
:10188000DC480068B0F57A7FE8DB4FF4FA500BF0E3
:1018900001FE0120DA49086008460068012815D1D8
:1018A000FA20D8490860D8480068D8490860FA206A
:1018B000D7490860D7480068D74908604FF47A7163
:1018C0007A20FFF762FF0220CD49086010BD2DE9A4
:1018D000F0410524FEF7C5FBD048007818B9D04880
:1018E0000078002872D0CF48006864280FDBCD480C
:1018F000006878280BDCCC4800682A2807DBCA4837
:101900000068342803DC0120C849087005E1C54897
:10191000006832280FDBC348006846280BDCC24849
:1019200000685A2807DBC0480068642803DC0220EE
:10193000BE490870F1E0BB480068B0F1FF3F0FDB23
:10194000B848006809280BDCB7480068952807DB11
:10195000B54800689F2803DC0320B4490870DCE028
:10196000B04E3668A6F16E05002D01DB2E4600E074
:101970006E42AD4F3F68A7F12F03002B01DB1F46DE
:1019800000E05F42F019A74E3668A6F13C05002D35
:1019900001DB2E4600E06E42A34F3F68A7F15F03D4
:1019A000002B01DB1F4600E05F42F1199D4E3668B7
:1019B000351F002D01DB2E4600E06E429A4F3F6836
:1019C000A7F19A03002B02DB1F4601E015E05F42FE
:1019D000F219884205DC904203DC0123934D2B7001
:1019E0000AE0814205DC914203DC02238F4D2B701B
:1019F00002E003238D4D2B708FE08D48007818B9DD
:101A00008C480078002812D08748006800280FDB37
:101A10008548006812280BDC824800688B2807DBA9
:101A200080480068A52803DC01208049087074E024
:101A30007D48006828280FDB7B48006849280BDCBC
:101A400078480068532807DB76480068742803DC70
:101A500002207649087060E07348006859280FDB5F
:101A60007148006879280BDC6E480068232807DB82
:101A70006C480068422803DC03206C4908704CE085
:101A8000694E3668A6F10905002D01DB2E4600E0FF
:101A90006E42644F3F68A7F19803002B01DB1F469D
:101AA00000E05F42F019604E3668A6F13805002D5F
:101AB00001DB2E4600E06E425A4F3F68A7F16303F8
:101AC000002B01DB1F4600E05F42F119564E3668DD
:101AD000A6F16905002D01DB2E4600E06E42514F54
:101AE0003F68A7F13203002B01DB1F4600E05F4295
:101AF000F219884205DC904203DC01234B4D2B7028
:101B00000AE0814205DC914203DC0223474D2B7041
:101B100002E00323454D2B7000BFBDE8F08110B5F6
:101B200000219FED450A4FF45C70F1F76FFC06E071
:101B300001200BF0AFFCEEF795FF00B903E0F1F7E1
:101B40007FFA0028F4D100BFFEF78BFAFFF7BFFE43
:101B50003248007810B93248007890B333480078A2
:101B600001280CD164213220FBF7BFFB0020F1F7E4
:101B7000C7FB4FF47A71AF20F4F799FC7FE02B4854
:101B8000007802280CD164216520FBF7AEFB002011
:101B9000F1F7B6FB4FF47A71AF20F4F788FC6EE0F2
:101BA0002248007803286AD164219A20FBF79DFB24
:101BB0000020F1F7A5FB4FF47A71AF20F4F777FC22
:101BC0005DE0FFE71A48007810B91A48007880B144
:101BD00016480078012831D164210520FBF785FBE8
:101BE0000020F1F78DFB4FF47A71C120F4F75FFC10
:101BF00045E044E0A4030020A800002004000020E9
:101C0000E000002028040020AC0100200C0400208B
:101C10002C040020B001002018040020C402002081
:101C2000C70200209C00002098000020C80200206D
:101C3000C5020020C6020020CDCC4C3EF7480078FB
:101C400002280CD164213B20FBF74FFB0020F1F769
:101C500057FB4FF47A71AF20F4F729FC0FE0EF48FF
:101C6000007803280BD164217120FBF73EFB002094
:101C7000F1F746FB4FF47A71AF20F4F718FC00201F
:101C8000F1F73EFB40F22620F2F73EFC0020E4494B
:101C9000086019E006E001200BF0FCFBEEF7E2FE25
:101CA00000B90BE0DF490968DF4A1268881A00288A
:101CB00001DB014600E041420A29ECDC00BFD848C4
:101CC0000068401CD6490860D5480068FA28E1DB66
:101CD000FEF7D6FF10BD10B5E922D449AB20FBF7C3
:101CE00034FDFFF78FFDD2480068022801D1FEF7CE
:101CF00041F9D0480068012804D0022809D00328FF
:101D000029D117E02320FEF708FB0220C94908600B
:101D100022E0C9480068012802D1FFF7AFFC05E0C6
:101D2000C5480068022801D1FFF7F9FE0320C14928
:101D3000086011E0C0480068012802D1FFF7EFFEFB
:101D400005E0BD480068022801D1FFF797FC042098
:101D5000B849086000E000BF00BF10BD10B54FF4E7
:101D60000041B64808F096F948B94FF48061B3488D
:101D700008F090F918B90120B149086002E000208C
:101D8000AF4908604FF48051AC4808F083F948B976
:101D90004FF48061AB4808F07DF918B90120AA49D9
:101DA000086002E00020A84908604FF48041A5487F
:101DB00008F070F948B94FF48041A04808F06AF97A
:101DC00018B90120A149086002E000209F4908607D
:101DD0004FF40051994808F05DF948B94FF400619B
:101DE000984808F057F918B901209949086002E0AD
:101DF00000209749086010BD10B5FFF7AFFFFEF750
:101E0000B9F88C480068012805D13220FEF785FA20
:101E100002208849086087480068022804D1FFF73B
:101E20002DFC03208349086082480068032804D100
:101E3000FFF775FE04207F49086010BD3EB50446DB
:101E4000FEF764F99FED831ADFED830A23209FEDEF
:101E5000830AF1F74AFB00207149086012E006E0AE
:101E600001200BF017FBEEF7FDFD00B904E07C4804
:101E70000068B0F5D27FF3DC00BF69480068401C01
:101E8000674908606648006840F226218842E6DB20
:101E900000206349086020E014E00A206FF0C701C9
:101EA00003222346CDE9002102904FF46172002104
:101EB0001420F5F782FD05200BF0ECFAEEF7D2FDC9
:101EC00000B904E066480068B0F5AF7FE5DC00BF0C
:101ED00053480068401C524908605148006840F26D
:101EE00026218842D8DB00204D4908601FE014E01D
:101EF0000A206FF0950102222346CDE900210290CD
:101F00004FF4617200210F20F5F757FD05200BF00B
:101F1000C1FAEEF7A7FD00B903E051480068D228E6
:101F2000E6DC00BF3E480068401C3D4908603C4874
:101F3000006840F226218842D9DB00203849086039
:101F40001FE014E00A206FF0950101222346CDE93D
:101F5000002102904FF4617200210520F5F72DFD5C
:101F600005200BF097FAEEF77DFD00B903E03C4841
:101F70000068B228E6DC00BF29480068401C2849F8
:101F800008602748006840F226218842D9DB0020FB
:101F9000F1F7B6F940F2C710F2F7B6FA002020497F
:101FA000086019E006E001200BF074FAEEF75AFD24
:101FB00000B90BE01B4909681B4A1268881A0028FF
:101FC00001DB014600E041420529ECDC00BF14487A
:101FD0000068401C12490860114800689628E1DB3F
:101FE0000020F1F78DF91F480068012852D1C10285
:101FF000144808F04FF8C8BB1B48C07F40F0800071
:102000001949C8770020064908603EE030E0012009
:102010000BF040FAEEF726FD48BB30E0C802002086
:10202000A4030020BC000020F40300207AF9FFFF85
:10203000E0000020AC0200208402002000040240E6
:102040009C020020000C0240A0020020A4020020FC
:10205000980200209A99993E000061440000000017
:10206000A0000020680100200400002012E0FFE72B
:102070004FF40061F84808F00DF80128C7D000BF00
:10208000F6480068401CF5490860F44800683228AA
:10209000BCDB85E0F2480068012828D18103EE48C6
:1020A00007F0F8FF18BBEF48C07F40F02000ED4973
:1020B000C8770020E949086014E006E001200BF031
:1020C000E9F9EEF7CFFC00B906E04FF40061E24811
:1020D00007F0E0FF0128F1D000BFE0480068401C95
:1020E000DE490860DD4800683228E6DB58E0DE485B
:1020F0000068012828D18102D74807F0CBFF18BB20
:10210000D848C07F40F02000D649C8770020D34986
:10211000086014E006E001200BF0BCF9EEF7A2FC29
:1021200000B906E04FF40041D04807F0B3FF0128A2
:10213000F1D000BFC9480068401CC8490860C748C2
:1021400000683228E6DB2BE0C7480068012827D169
:102150008102C64807F09EFF10BBC248C07F40F016
:102160008000C049C8770020BC49086014E006E040
:1021700001200BF08FF9EEF775FC00B906E04FF483
:102180000041BA4807F086FF0128F1D000BFB348EC
:102190000068401CB1490860B04800683228E6DB9E
:1021A0000020F1F7ADF83EBD3EB50446FDF7AEFFA9
:1021B0001FED581A5FED580A1E201FED580AF1F75F
:1021C00094F90020A549086012E006E001200BF018
:1021D00061F9EEF747FC00B904E0A5480068B0F5E6
:1021E000FF7FF3DC00BF9D480068401C9B490860EE
:1021F0009A48006840F226218842E6DB1FED6B1A00
:102200005FED6B0A1E209FED9B0AF1F76EF900202F
:102210009249086012E006E001200BF03BF9EEF76E
:1022200021FC00B904E092480068B0F5967FF3DC29
:1022300000BF8A480068401C8849086087480068D9
:1022400040F226218842E6DB0020844908601FE036
:1022500014E00A206FF0950102222346CDE9002107
:1022600002904FF4617200210F20F5F7A6FB0520C4
:102270000BF010F9EEF7F6FB00B903E07C480068BC
:10228000D228E6DC00BF75480068401C734908602E
:102290007248006840F226218842D9DB00206F494D
:1022A00008601FE014E00A206FF095010122234628
:1022B000CDE9002102904FF4617200210520F5F76D
:1022C0007CFB05200BF0E6F8EEF7CCFB00B903E051
:1022D00067480068B228E6DC00BF60480068401C20
:1022E0005E4908605D48006840F226218842D9DBDB
:1022F0000020F1F705F840F2C710F2F705F90020C9
:102300005649086019E006E001200BF0C3F8EEF72B
:10231000A9FB00B90BE058490968584A1268881AA5
:10232000002801DB014600E041420529ECDC00BF4A
:102330004A480068401C4949086048480068962897
:10234000E1DB0020F0F7DCFF45480068012828D1D8
:10235000C102464807F09EFE18BB4248C07F40F0CD
:1023600080004049C87700203C49086014E006E03E
:1023700001200BF08FF8EEF775FB00B906E04FF483
:102380000061354807F086FE0128F1D000BF3348D0
:102390000068401C31490860304800683228E6DB9C
:1023A0009AE02F480068012828D181032A4807F0C5
:1023B00071FE18BB2B48C07F40F020002949C87728
:1023C00000202649086014E006E001200BF062F8C6
:1023D000EEF748FB00B906E04FF400611E4807F035
:1023E00059FE0128F1D000BF1C480068401C1B4961
:1023F00008601A4800683228E6DB6DE01A48006879
:1024000001283DD18102144807F044FE18BB15484D
:10241000C07F40F020001349C87700200F490860B2
:1024200014E006E001200BF035F8EEF71BFB00B9D5
:1024300006E04FF400410D4807F02CFE0128F1D0D2
:1024400000BF06480068401C044908600348006853
:102450003228E6DB40E013E000040240A403002041
:1024600068010020040000206C010020000C0240E4
:10247000A000002000808E43BC000020F403002058
:10248000F8480068012827D18102F74807F002FECA
:1024900010BBF648C07F40F08000F449C8770020A8
:1024A000F349086014E006E001200AF0F3FFEEF7BC
:1024B000D9FA00B906E04FF40041EB4807F0EAFD15
:1024C0000128F1D000BFEA480068401CE8490860D4
:1024D000E74800683228E6DB0020F0F711FF3EBD38
:1024E00010B5E4480068012803D13220FFF7A6FCAC
:1024F0000EE0E0480068022803D16A20FFF754FE8E
:1025000006E0DC480068032802D19F20FFF74CFE5C
:1025100010BD2DE9F04104460D460020D449086065
:102520003DE02CE0D4480068071B12220421384605
:10253000F4F70DFD0646D0480068001B002809DDB1
:10254000B6EE001ADFEDCD0A30469FEDCD0AF0F76A
:10255000CCFF10E0C8480068001B09D5B6EE001A91
:10256000DFEDC60A30469FEDC50AF0F7BEFF02E078
:102570000020F0F7C5FEEEF775FA00B909E0BE4994
:102580000968081B002801DB014600E041420129DF
:10259000C8DC00BFB6480068401CB5490860B448B4
:1025A0000068A842BDDBBDE8F0812DE9F04104469A
:1025B0000D460020AE4908603BE02AE0B1480068C3
:1025C000071B3846F3F759FF0646AE480068001B64
:1025D000002809DDB6EE001ADFEDA80A30469FEDAF
:1025E000AA0AF0F782FF10E0A6480068001B09D590
:1025F000B6EE001ADFEDA10A30469FEDA40AF0F70F
:1026000074FF02E00020F0F77BFEEEF72BFA00B932
:1026100009E09C490968081B002801DB014600E02D
:1026200041420129CADC00BF91480068401C904922
:1026300008608F480068A842BFDBBDE8F08110B594
:1026400093480068012803D091480068042804D109
:10265000C821D120FFF7A9FF19E08D4800680228A2
:1026600003D08B480068052804D1C821FC20FFF75F
:102670009CFF0CE086480068032803D0844800686B
:10268000062804D1C82140F22B10FFF78EFF00204E
:10269000F0F736FE7E480068012807D07C480068C5
:1026A000022803D07A480068032836D16F48C07FDB
:1026B00040F080006D49C87700206D49086020E037
:1026C00006E001200AF0E6FEEEF7CCF900B906E0DC
:1026D0004FF400616F4807F0DDFC0128F1D000BF26
:1026E00040F2E510F1F710FF4FF47A710620FFF782
:1026F00010FF0020F0F704FE5D480068401C5C49B4
:1027000008605B4800683228DADB042323224FF498
:10271000AF7140F2E510FEF732F95D480068042819
:1027200007D05B480068052803D059480068062890
:1027300018D10021B7EE000A5748F0F767FE06E00F
:1027400001200AF0A7FEEEF78DF900B903E0F0F7DB
:1027500077FC0028F4D100BF40F2C620F1F7D4FE88
:10276000FEF78CFF10BD0146081E01DB024600E0AB
:10277000424200EE102AF8EEC01A9FED481AB2EE5F
:10278000002AF0EE410A42EE210ABDEEE01A11EEF7
:10279000100A704770B542480068FFF7E4FF04462E
:1027A0003F480068552821DA09214FF46170F0F79D
:1027B00092FEEFF794FE06E005200AF06BFEEEF7BE
:1027C00051F900B911E0EEF783F90646EEF753F937
:1027D000051E01DB284600E06842002E01DB314681
:1027E00000E071420844A042E6DB27E02C48006884
:1027F000662820DD09212848F0F76DFEEFF76FFE0F
:1028000006E005200AF046FEEEF72CF900B911E0CB
:10281000EEF7B2F90646EEF785F9051E01DB28460C
:1028200000E06842002E01DB314600E071420844BE
:10283000A042E6DB02E00020F0F762FD70BD10B5BB
:102840004FF4AF70F1F760FEB6EE001ADFED0B0A41
:1028500023209FED0B0AF0F748FE00200449086092
:1028600033E000006C010020000C02400400002056
:10287000A40300206C02002098000020000000004B
:102880000000E144A400002000006144000061C495
:1028900078020020000402407CFCFFFF0000484258
:1028A0007002002006E001200AF0F4FDEEF7DAF8ED
:1028B00000B904E0FD480068B0F5827FF3DB00BF9B
:1028C000FB480068401CFA490860F948006840F27B
:1028D00026218842E6DB0A20F0F712FD0020F449A9
:1028E000086006E0FFF756FFF1480068401CF04919
:1028F0000860EF48006841F288318842F2DB4FF40B
:10290000C870F1F701FEEB48C07F40F00400E949D0
:10291000C877FA20E8490860B420E8490860B6EEB4
:10292000001A5FED2A0A14201FED2B0AF0F7DDFDD7
:102930000020DF49086011E006E001200AF0AAFD4E
:10294000EEF790F800B903E0DD4800688228F4DC77
:1029500000BFD7480068401CD5490860D4480068CB
:1029600040F226218842E7DB0020D149086006E0DA
:10297000FFF710FFCE480068401CCD490860CC48E6
:10298000006841F288318842F2DBB6EE001A5FED52
:10299000450A0E201FED460AF0F7A7FD0020C449A6
:1029A000086011E006E001200AF074FDEEF75AF825
:1029B00000B903E0C24800682328F4DC00BFBC482B
:1029C0000068401CBA490860B948006840F22621F6
:1029D0008842E7DBB6EE001A5FED580A06201FEDCD
:1029E000580AF0F782FD0020B149086011E006E0C6
:1029F00001200AF04FFDEEF735F800B903E0B048CA
:102A000000680628F4DC00BFA9480068401CA849FB
:102A10000860A748006840F226218842E7DB4FF4AF
:102A20007A700AF037FD0020F0F76AFCF5F775FCC4
:102A3000FA20A1490860A34800680A309F4908604D
:102A400000209B49086019E006E001200AF022FD01
:102A5000EEF708F800B90BE09B490968974A12683D
:102A6000881A002801DB014600E041420A29ECDC1B
:102A700000BF8F480068401C8D4908608C48006882
:102A800040F226218842DFDB4FF4FA600AF002FDB3
:102A9000FA20894908608D480068884908604FF429
:102AA0007A700AF0F7FC8348C07F00F0FB00814990
:102AB000C877B6EE001A5FED8F0A0A201FED910A63
:102AC000F0F713FD42F6E0600AF0E4FCFFF7B7FD13
:102AD00010BD10B5FDF7C5FA7D480068022802DD7B
:102AE000FEF719FB01E0FEF79BFC10BD10B50121BC
:102AF000784807F0CFFA30B977480068012802D14A
:102B0000FFF7E9F816E00121724807F0C3FA30B97F
:102B100071480068022802D1FFF76EF90AE001212E
:102B20006C4807F0B7FA28B96C480068012801D151
:102B3000FFF785FE10BD2DE9F04104460D4600204B
:102B40005B4908603BE02AE065480068071B38469F
:102B5000F3F793FC064662480068001B002809DD75
:102B6000B6EE001A5FEDB80A30461FEDBC0AF0F76A
:102B7000BCFC10E05A480068001B09D5B6EE001AEC
:102B80005FEDBF0A30461FEDC20AF0F7AEFC02E06F
:102B90000020F0F7B5FBEDF765FF00B909E05049FB
:102BA0000968081B002801DB014600E041420129B9
:102BB000CADC00BF3E480068401C3D4908603C48F4
:102BC0000068A842BFDBBDE8F081FEB504460D46B3
:102BD0001646962043490860434800684349086008
:102BE000FA20354908603948006834490860F1F72F
:102BF00084FC4FF4AF703E4908603E4908602D48A0
:102C000090F8230040F001002A4981F82300962023
:102C100000EB440000EE900AF8EEE00AB0EE600A25
:102C20009FED351AF1EE040A1E20F0F75EFC00203D
:102C30001F49086013E006E001200AF02BFCEDF7C5
:102C400011FF00B905E0A4F1140025490968884284
:102C5000F2DC00BF16480068401C154908601448A3
:102C600000686428E7DBF1F748FC4FF4197020494D
:102C70000860C01C1F49086000200D49086048E03A
:102C80003CE00F206FF0630101222346CDE90021D3
:102C90000290002211461E20F4F77FFD01200AF069
:102CA000F9FBEDF7DFFE00B92DE027E09C000020E6
:102CB000A4030020040000202C040020180400209D
:102CC0009800002010040020C4000020B001002063
:102CD000C0020020000C02407C0200208002002084
:102CE000A000002028040020AC0100200C040020DB
:102CF000E8030020F40300209A99993EF848006800
:102D0000B0F5EB7FBDDB00BFF6480068401CF5491D
:102D10000860F44800683228B2DB0020F1490860FE
:102D20001EE013E00F206FF04F010122631ECDE97A
:102D300000210290002211461720F4F72EFD0120F9
:102D40000AF0A8FBEDF78EFE00B903E0E648006844
:102D50001B28E7DC00BFE3480068401CE14908602D
:102D6000E0480068FA28DCDB0020DE49086033E038
:102D70001FE0DD4800680E2807DADC4890F82300E1
:102D800040F00200D94981F823000F206FF0310193
:102D900001222346CDE9002102900022114607209E
:102DA000F4F7FBFC01200AF075FBEDF75BFE00B9C0
:102DB0000CE04FF48051CE4807F06CF930B94FF475
:102DC0008061CB4807F066F90028D2D000BFC54823
:102DD0000068401CC3490860C24800686428C7DB1B
:102DE0004FF4FA600AF056FB3220F0F789FA00201F
:102DF000BC49086035E021E04FF40041BC4807F0D1
:102E000049F9012805D1062140F26630F0F763FB4D
:102E10000DE00821B64807F03DF9012804D106214C
:102E2000B448F0F758FB02E00020F0F769FA0120FF
:102E30000AF030FBEDF716FE00B90CE04FF400414C
:102E4000AB4807F027F90128D6D00821A84807F099
:102E500021F90128D0D000BFA2480068401CA14938
:102E60000860A0480068B0F5FA7FC4DB06210020A6
:102E7000F0F731FB9D4890F8230000F0FE009B49DD
:102E800081F8230040F6C4100AF004FB1E20F0F77E
:102E900037FA99480068994908600020914908600C
:102EA0003BE021E04FF40041914807F0F3F801289E
:102EB00005D1062140F26630F0F70DFB0DE0082148
:102EC0008B4807F0E7F8012804D106218948F0F77C
:102ED00002FB02E00020F0F713FA01200AF0DAFA10
:102EE000EDF7C0FD00B912E00221814807F0D2F8E9
:102EF0000128D7D04FF400417D4807F0CBF80128D6
:102F000005D108217A4807F0C5F80128CAD000BFCA
:102F100074480068401C7349086072480068B0F546
:102F2000FA7FBEDB0020F0F7EBF92320744908603C
:102F300050207449086040F28A2073490860734940
:102F4000086000206749086019E006E003200AF0E5
:102F5000A1FAEDF787FD00B90BE0614909686A4AFB
:102F60001268881A002801DB014600E04142052969
:102F7000ECDC00BF5B480068401C5A4908605948B7
:102F80000068B0F5FA7FE0DB584890F8230000F0C5
:102F9000FD00564981F8230058490968091B01EBD7
:102FA000810148191E21F0F796FA0021B7EE000AB8
:102FB0004FF46670F0F72AFAF1F79FFA11E0052056
:102FC0000AF068FAEDF74EFD00B910E050480068CD
:102FD000B0F5E17F05DD40F209104B4908604B492F
:102FE00008604B48006840F2EE218842E7DB00BFF2
:102FF000B6EE001ADFED470A07209FED470AF0F70B
:1030000074FA00203749086019E006E005200AF04C
:1030100041FAEDF727FD00B90BE04FF48071344819
:1030200007F038F828B98021314807F033F8002834
:10303000ECD000BF2B480068401C2A490860294892
:1030400000686428E1DB4FF4FA600AF023FA4FF4D9
:103050007A713046FFF76FFD0020F0F751F9B6EEB8
:10306000001ADFED2C0A05209FED2B0AF0F73DFA40
:1030700040F6B8300AF00EFA1420214908602D20DD
:1030800020490860FF20204908602049086000208E
:10309000F0F736F9FEBD2DE9F04704460D46164619
:1030A0001F4600200F49086063E052E01B4800689B
:1030B000A0EB04083A4631464046F3F748FF814604
:1030C00016480068001B00282EDD9FED151ADFED65
:1030D000120A48469FED130AF0F707FA39E000009C
:1030E000B8000020A40300209C0000200400002061
:1030F000001002409AFCFFFFA0000020880400207E
:103100001C04002020040020E8030020F403002019
:103110005803002000006144000061C4A4000020A6
:10312000CDCC4C3F00000000F8480068001B09D5DA
:103130001FED051A5FED080A48469FEDF50AF0F706
:10314000D4F906E00020F0F7DBF8EDF78BFC00B9CE
:1031500009E0EE490968081B002801DB014600E090
:1031600041420129A2DC00BFEA480068401CE9494D
:103170000860E8480068A84297DBBDE8F08710B512
:10318000F1F7BBF9FF20E4490860E44908604FF417
:10319000FA600AF07FF99FEDE21A5FED210A142030
:1031A0009FEDE00AF0F7A1F906E001200AF072F9BC
:1031B000EDF758FC00B904E0DB480068DB498842C1
:1031C000F3DC00BF00219FEDDA0AD848FA38F0F7A7
:1031D0001DF906E001200AF05DF9EDF743FC00B9A6
:1031E00003E0EFF72DFF0028F4D100BF0020F0F737
:1031F00087F8D0480068012808D1412305224FF400
:103200007A71CD480068FFF746FF0CE0C9480068B6
:1032100048B9C9490968A1F10F00412305224FF4BB
:103220007A71FFF738FFC5480068032804D10121EF
:103230000420EFF7CBF802E00020C149086000202D
:10324000F0F75EF810BD10B5F1F757F9FF20B2495D
:103250000860B24908604FF4FA600AF01BF99FED6C
:10326000B01A5FED530A14209FEDB60AF0F73DF94E
:1032700006E001200AF00EF9EDF7F4FB00B904E0D6
:10328000A9480068A9498842F3DC00BF00219FEDEE
:10329000A80AA648FA38F0F7B9F806E001200AF0C3
:1032A000F9F8EDF7DFFB00B903E0EFF7C9FE0028FE
:1032B000F4D100BF0020F0F723F89E4800680128F1
:1032C00008D1412305224FF47A719F480068FFF727
:1032D000E2FE0CE09748006848B99B490968A1F1F3
:1032E0000F00412305224FF47A71FFF7D4FE934873
:1032F0000068022804D101210420EFF767F802E0FA
:1033000000208F4908600020EFF7FAFF10BD10B5CC
:10331000F1F7F3F8FF2080490860804908604FF416
:10332000FA600AF0B7F8B0EE001A5FED850A1420D3
:103330009FED860AF0F7D9F806E001200AF0AAF816
:10334000EDF790FB00B904E07748006877498842C0
:10335000F3DC00BF00219FED760A7448FA38F0F7DD
:1033600055F806E001200AF095F8EDF77BFB00B96F
:1033700003E0EFF765FE0028F4D100BF0020EFF76F
:10338000BFFF6C480068012808D1412305224FF493
:103390007A716F480068FFF77EFE0CE065480068B0
:1033A00048B96B490968A1F10F00412305224FF488
:1033B0007A71FFF770FE61480068012804D101218D
:1033C0000420EFF703F802E000205D4908600020C8
:1033D000EFF796FF10BD2DE9F04104460D460020A1
:1033E0004C4908603BE02AE048480068071B384623
:1033F000F3F743F8064645480068001B002809DD3E
:103400001FEDB91A5FEDBC0A30461FEDBA0AF0F79E
:103410006CF810E03D480068001B09D51FEDC01A8C
:103420005FEDC30A30469FED3A0AF0F75EF802E01E
:103430000020EFF765FFEDF715FB00B909E0334910
:103440000968081B002801DB014600E04142012910
:10345000CADC00BF2F480068401C2E4908602D4878
:103460000068A842BFDBBDE8F0813EB50446F1F735
:1034700044F838480068FA30274908603648006840
:10348000FA30264908609FED351A5FEDDD0A2820E5
:103490001FEDE00AF0F729F800201E49086011E04E
:1034A00006E0012009F0F6FFEDF7DCFA00B903E0D1
:1034B0002B4800687328F4DC00BF16480068401CE5
:1034C0001449086013480068FA28E9DB19480068C5
:1034D00001280DD12348C07F40F004002149C8775E
:1034E000FA202149086021480068783020490860A6
:1034F000B6EE001A5FEDF80A20201FEDFA0AEFF78A
:10350000F4FF00200349086046E00000A40000200A
:103510000000E144A4030020E8030020F40300209D
:10352000CDCC0C4000007A445803002076FDFFFF0C
:103530006666663FE8000020E0010020640200208B
:10354000680200200040CE44E801002000C0C144D1
:10355000F0010020E0030020EC0300209A99193FBD
:1035600098000020040000202C04002010040020FB
:103570001804002006E0012009F08CFFEDF772FA34
:1035800000B903E0FE4800683228F4DC00BFFD48C3
:103590000068401CFB490860FA480068FA28E9DB2B
:1035A0004FF42F70F0F7B0FFF7480068002863D1A0
:1035B000F44908601FE014E00A206FF09501022230
:1035C000A4F10F03CDE900210290F04A51421420EA
:1035D000F4F73FF8012009F05DFFEDF743FA00B979
:1035E00003E0E74800680A28E6DC00BFE548006819
:1035F000401CE4490860E3480068FA28DBDB00204F
:10360000E049086027E013E00A206FF095010222EC
:10361000A4F10F03CDE900210290DC4A5142F4F7F6
:1036200018F8012009F036FFEDF71CFA00B90CE09C
:103630004021D74806F02EFD0128E5D04FF48071D7
:10364000D44806F027FD0128DED000BFCD48006831
:10365000401CCC490860CB48006840F20E618842AB
:10366000D1DB4FF47A7009F015FFA4F10F004FF48D
:103670007A71FFF7B0FE70E0C348006801286CD192
:103680000020C04908601EE013E00A206FF0950199
:1036900002222346CDE900210290BC4A5142142067
:1036A000F3F7D7FF012009F0F5FEEDF7DBF900B9DC
:1036B00003E0B34800680A28E7DC00BFB1480068AF
:1036C000401CB0490860AF480068FA28DCDBB2480B
:1036D000C07F40F08000B049C8770020A949086049
:1036E0002CE012E00A206FF0950102222346CDE97A
:1036F00000210290A54A5142F3F7ABFF012009F0E7
:10370000C9FEEDF7AFF900B912E04021A04806F07C
:10371000C1FC0128E6D04FF480719E4806F0BAFC47
:103720000128DFD080219A4806F0B4FC0028D9D0C7
:1037300000BF94480068401C9249086091480068A6
:1037400040F20E618842CCDB4FF47A7009F0A2FEA1
:103750004FF47A712046FFF73EFE0020EFF7D0FDD0
:103760003EBD3EB50446F0F7C8FE8C480068FA300E
:103770008B4908608B480068FA308B490860B6EEC8
:10378000001ADFED8A0A28209FED890AEFF7ADFEC7
:1037900000207C49086011E006E0012009F07AFE73
:1037A000EDF760F900B903E0754800687328F4DCB0
:1037B00000BF74480068401C724908607148006886
:1037C000FA28E9DB7048006801280DD17248C07FF3
:1037D00040F004007049C877FA20764908607648BE
:1037E0000068783075490860B6EE001ADFED6F0AA0
:1037F00020209FED6F0AEFF778FE002061490860F6
:1038000011E006E0012009F045FEEDF72BF900B9C3
:1038100003E05B4800682828F4DC00BF59480068D2
:10382000401C5849086057480068FA28E9DB5648A8
:10383000006800285FD1534908601FE014E00A20A7
:103840006FF063010222A4F10F03CDE90021029081
:103850004E4A51421420F3F7FCFE012009F01AFEF3
:10386000EDF700F900B903E0454800680A28E6DCF6
:1038700000BF44480068401C424908604148006855
:10388000FA28DBDB00203F49086027E013E00A202C
:103890006FF095010222A4F10F03CDE900210290FF
:1038A0003A4A5142F3F7D5FEEDF7DCF800B90FE0E4
:1038B000012009F0EFFD4FF48071364806F0EAFB75
:1038C0000128E4D08021324806F0E4FB0028DED055
:1038D00000BF2C480068401C2A490860294800683D
:1038E00040F20E618842D1DBA4F10F004FF47A71EF
:1038F000FFF771FD99E024480068012873D140F278
:103900003520F0F701FE00201E4908602AE013E090
:103910000A206FF0950102222346CDE90021029092
:103920001A4A51421420F3F794FE012009F0B2FD27
:10393000EDF798F800B90FE0114909680A29E7DCAA
:103940001F490968184A1268881A002801DB0146D5
:1039500000E041421429DBDC00BF0A480068401C3B
:103960000849086007480068FA28D0DB0A48C07F89
:1039700040F080000849C87700200249086049E00B
:1039800098000020A4030020E80000207CFCFFFF3A
:10399000000402400000024004000020E003002078
:1039A000E8030020EC030020F4030020000061C4C1
:1039B000000061442C0400201004002018040020A2
:1039C000BC00002013E00A206FF09501022223467C
:1039D000CDE900210290F94A5142F3F73AFEEDF7A2
:1039E00041F808B910E020E0012009F053FD4FF440
:1039F0008071F34806F04EFB0128E4D08021F148A5
:103A000006F048FB0028DED000BFEF480068401CED
:103A1000ED490860EC48006840F20E618842D1DB55
:103A20004FF47A712046FFF7D6FC0020EFF768FCD0
:103A30003EBD2DE9F04104460D460020E2490860F4
:103A40003BE02AE0E1480068071B3846F2F715FD25
:103A50000646DE480068001B002809DDB6EE001AA5
:103A60005FED2E0A30469FEDDA0AEFF73EFD10E0DB
:103A7000D6480068001B09D5B6EE001A5FED350A7E
:103A800030469FEDD40AEFF730FD02E00020EFF75B
:103A900037FCECF7E7FF00B909E0CC490968081BDF
:103AA000002801DB014600E041420129CADC00BFD9
:103AB000C5480068401CC4490860C3480068A84263
:103AC000BFDBBDE8F0813EB50446F0F716FDC24805
:103AD0000068FA30C1490860C1480068FA30C1493D
:103AE00008609FEDC11A5FED4F0A28201FED500AB4
:103AF000EFF7FBFC0020B449086011E006E001206C
:103B000009F0C8FCECF7AEFF00B903E0B748006865
:103B10007328F4DC00BFAC480068401CAA49086068
:103B2000A9480068FA28E9DBB148006801280DD1EE
:103B3000B048C07F40F00400AE49C877FA20AE49D3
:103B40000860AE4800687830AD4908609FEDA61A5D
:103B50005FED6A0A1E201FED6A0AEFF7C6FC00201F
:103B60009949086011E006E0012009F093FCECF7A8
:103B700079FF00B903E09D4800683228F4DC00BFFB
:103B800091480068401C904908608F480068FA28F6
:103B9000E9DB4FF42F70F0F7B7FC95480068002878
:103BA00061D1894908601EE013E00A2096210222B3
:103BB00004F11903CDE900210290804A51421420FA
:103BC000F3F7EBFD012009F065FCECF74BFF00B9C2
:103BD00003E0864800680A28E7DC00BF7A480068EE
:103BE000401C7949086078480068FA28DCDB00202E
:103BF0007549086026E012E00A209621022204F1AD
:103C00001903CDE9002102906C4A5142F3F7C5FD3A
:103C1000012009F03FFCECF725FF00B90CE04FF460
:103C20008071674806F036FA0128E5D080216548A2
:103C300006F030FA0028DFD000BF63480068401C5F
:103C4000614908606048006840F20E618842D2DB3A
:103C50004FF47A7009F01EFC4FF47A7104F11900E8
:103C6000FFF7E7FE69E062480068012865D100209F
:103C7000554908601DE012E01E20962102222346CD
:103C8000CDE9002102904D4A51421420F3F785FD01
:103C9000012009F0FFFBECF7E5FE00B903E0534813
:103CA00000680A28E8DC00BF47480068401C464915
:103CB000086045480068FA28DDDB4E48C07F40F0C8
:103CC00080004C49C87700203F49086026E012E098
:103CD0001E20962102222346CDE900210290374A78
:103CE00051420A20F3F759FD012009F0D3FBECF70C
:103CF000B9FE00B90CE04FF48071314806F0CAF902
:103D00000128E5D080212F4806F0C4F90028DFD033
:103D100000BF2D480068401C2B4908602A480068F5
:103D200040F20E618842D2DB4FF47A7009F0B2FBA8
:103D30004FF47A712046FFF77CFE0020EFF7E0FA9F
:103D40003EBD10B5FFF7E3FAFAF71AFD2D480068FB
:103D500018B92D480068FFF7B6FE01202949086010
:103D600010BD10B5FFF76FFAFAF70AFD2548006895
:103D700018B926480068FFF7F4FC012021490860C3
:103D800010BD10B5FFF7FBF9FAF7FAFC1D48006803
:103D900030B91F480068FFF768FB01201949086027
:103DA00010BD10B505494842F3F79EFA1E20EFF703
:103DB000A7FA01201749086010BD00007CFCFFFF36
:103DC0000000024000040240A4030020A0000020E4
:103DD0000000E14400000000E0030020E8030020B0
:103DE000EC030020F40300206666663F9800002084
:103DF000E8000020040000202C0400201004002013
:103E00001804002068020020F8010020E8010020CA
:103E1000E0010020AC02002010B5F7494842F2F75B
:103E2000DBF91E20EFF76CFA0120F449086010BDA1
:103E30002DE9F04104460D460020F14908603DE0BF
:103E40002CE0F0480068071B2A2204213846F3F7CB
:103E50007EF80646EB480068001B002809DDB6EE38
:103E6000001ADFEDE90A30461FED270AEFF73DFBA8
:103E700010E0E4480068001B09D5B6EE001ADFED3B
:103E8000E20A30461FED2D0AEFF72FFB02E000207B
:103E9000EFF736FAECF7E6FD00B909E0D949096811
:103EA000081B002801DB014600E041420129C8DC73
:103EB00000BFD3480068401CD1490860D048006862
:103EC000A842BDDBBDE8F0813EB50446FCF7C9F869
:103ED000FCF793F9F0F711FB40F24F10CB49086063
:103EE000CB4908600020C649086019E006E00120BF
:103EF00009F0D0FAECF7B6FD00B90BE0C549096846
:103F0000C34A1268881A002801DB014600E04142DA
:103F10000A29ECDC00BFBA480068401CB8490860B8
:103F2000B74800689628E1DB4FF47A6009F0B2FAEE
:103F30004FF47A71D220FFF77BFFB6EE001ADFED67
:103F4000B20A1E209FEDB40AEFF7CFFA0020AC4969
:103F5000086012E006E0052009F09CFAECF782FD0B
:103F600000B904E0AD480068B0F5AA7FF3DC00BFFB
:103F7000A3480068401CA2490860A148006840F2BC
:103F800026218842E6DB40F6B83009F083FA0020AB
:103F90009B49086012E006E0052009F07BFAECF787
:103FA00061FD00B904E09D480068B0F5967FF3DB41
:103FB00000BF93480068401C914908609048006821
:103FC00040F226218842E6DB41F2883009F062FAAD
:103FD000B6EE001ADFED8C0A0A209FED8F0AEFF78C
:103FE00084FA00208649086011E006E0012009F00B
:103FF00051FAECF737FD00B903E0894800681E2844
:10400000F4DC00BF7E480068401C7D4908607C48A5
:10401000006840F226218842E7DB002078490860EA
:104020001EE012E00A20642103222346CDE900218C
:104030000290714A00211E20F3F7BFFC012009F015
:1040400029FAECF70FFD00B904E074480068B0F5F8
:10405000DC7FE7DC00BF6A480068401C68490860F4
:104060006748006840F226218842DADBB7EE081A7A
:10407000DFED690A19209FED6B0AEFF736FA06E0CB
:10408000012009F007FAECF7EDFC00B905E06648FD
:10409000006840F22A318842F2DB00BF0020584914
:1040A000086020E015E00A204FF49671032204F125
:1040B0002003CDE9002102904FF461720021192004
:1040C000F3F729FC052009F0E5F9ECF7CBFC00B982
:1040D00003E04C480068DC28E5DC00BF4848006885
:1040E000401C474908604648006840F22621884243
:1040F000D8DB0020424908601FE014E00A20962126
:10410000022204F12003CDE9002102904FF46172F4
:1041100000210620F3F7FFFB012009F0BBF9ECF7C3
:10412000A1FC00B903E037480068BE28E6DC00BF08
:1041300033480068401C324908603148006840F24A
:1041400026218842D9DB0020EFF7DAF800219FED25
:10415000370A40F27F30EFF759F906E0012009F005
:1041600099F9ECF77FFC00B903E0EEF769FF00284E
:10417000F4D100BF0020EFF7C3F84FF42F70F0F731
:10418000C3F900201E49086019E006E0012009F08B
:1041900081F9ECF767FC00B90BE01E4909681C4A7D
:1041A0001268881A002801DB014600E04142082914
:1041B000ECDC00BF12480068401C11490860104840
:1041C00000689628E1DB0020EFF79AF83EBD10B5B5
:1041D0004FF48061164805F05DFF002864D1FA2095
:1041E00014490860144800687330144908600020BE
:1041F000034908604AE000007CFCFFFFAC0200209D
:10420000A4030020A0000020000061C4E8030020F7
:10421000F4030020BC00002000006144A400002042
:10422000980000200000C8C258030020CDCC4C3EAE
:104230000004024028040020AC0100200C040020EF
:1042400006E0012009F026F9ECF70CFC00B917E0B4
:10425000F94A1268F94B1B68D11A002901DB0A469A
:1042600000E04A420A2AECDCF54A1268F54B1B686A
:10427000D01A002801DB024600E042420A2AE0DCB4
:1042800000BFF1480068401CEF490860EE48006834
:104290003228D5DB40F6B83009F0FCF8EB48C07F97
:1042A00040F00800E949C8774FF48061E84805F01C
:1042B000F1FEE0BBFA20E7490860E7480068733088
:1042C000E04908600020E049086025E006E00120A0
:1042D00009F0E0F8ECF7C6FB00B917E0D64A12681F
:1042E000D64B1B68D11A002901DB0A4600E04A427E
:1042F0000A2AECDCD24A1268D24B1B68D01A00287A
:1043000001DB024600E042420A2AE0DC00BFCE4860
:104310000068401CCC490860CB4800683228D5DBD7
:1043200040F6B83009F0B6F8C848C07F00E003E0B6
:1043300040F04000C549C87740F6B83009F0AAF807
:10434000FA20C6490860C6480068BC490860FA20DF
:10435000C0490860C0480068BA4908600020BA49EE
:10436000086025E006E0012009F094F8ECF77AFBFC
:1043700000B917E0B04A1268B04B1B68D11A002987
:1043800001DB0A4600E04A420A2AECDCAC4A126829
:10439000AC4B1B68D01A002801DB024600E0424209
:1043A0000A2AE0DC00BFA8480068401CA649086053
:1043B000A54800683228D5DB10BD10B54FF4804108
:1043C000A84805F067FE00283FD1FA20A3490860FD
:1043D000A34800686E389949086000209A4908602F
:1043E00025E006E0012009F055F8ECF73BFB00B9A9
:1043F00017E0914A1268914B1B68D11A002901DB22
:104400000A4600E04A420A2AECDC8D4A12688D4BCB
:104410001B68D01A002801DB024600E042420A2A4B
:10442000E0DC00BF88480068401C87490860864877
:1044300000683228D5DB40F6B83009F02BF8834805
:10444000C07F40F010008149C8774FF40061804878
:1044500005F020FEF0BBFA207E4908607E48006827
:104460006E387849086000207749086025E006E04A
:10447000012009F00FF8ECF7F5FA00B917E06E4AE1
:1044800012686E4B1B68D11A002901DB0A4600E056
:104490004A420A2AECDC6A4A12686A4B1B68D01A44
:1044A000002801DB024600E042420A2AE0DC00BFAD
:1044B00065480068401C6449086063480068322809
:1044C000D5DB40F6B83008F0E5FF6048C07F40F02B
:1044D000040000E001E05D49C87740F6B83008F01C
:1044E000D9FFFA205D4908605D48006853490860BB
:1044F000FA2058490860584800685249086000206E
:104500005149086025E006E0012008F0C3FFECF700
:10451000A9FA00B917E0484A1268484B1B68D11A3B
:10452000002901DB0A4600E04A420A2AECDC444A40
:104530001268444B1B68D01A002801DB024600E0D9
:1045400042420A2AE0DC00BF3F480068401C3E4966
:1045500008603D4800683228D5DB10BD10B54248E0
:104560000068002844D141480068002840D14048F4
:10457000006800283CD13F480068C0BBC8213E48C5
:104580000068FFF756FA40F23520EFF7BDFF002034
:104590002D49086019E006E0012008F07BFFECF7E8
:1045A00061FA00B90BE035490968354A1268881A82
:1045B000002801DB014600E041420A29ECDC00BF93
:1045C00021480068401C204908601F480068FA28FC
:1045D000E1DB9FED2C1A5FEDF40A0A209FED2A0A19
:1045E000EEF783FF40F6C41008F054FF76E1FFE7D2
:1045F0001D48006801286DD11C480068D0B91C48CE
:104600000068B8B91B480068A0B9C8211A480068FA
:10461000FFF70FFA40F23520EFF776FF00200A4946
:10462000086045E032E0012008F034FFECF71AFAA8
:1046300008B937E04EE029E0C00000200C0400205B
:10464000C400002018040020A4030020040000205F
:10465000000C02402C040020B0010020280400209F
:10466000AC01002000040240980200209C020020BF
:10467000A0020020A4020020A0010020BC00002015
:10468000F4030020CDCCCC3D0000E144F74909689B
:10469000F74A1268881A002801DB014600E041420F
:1046A0000A29C0DC00BFF3480068401CF1490860DB
:1046B000F0480068FA28B5DB1FED0E1ADFEDEE0AB0
:1046C0000A201FED0F0AEEF710FF40F6C41008F0A5
:1046D000E1FE03E1E948006801287ED1E84800686E
:1046E00001287AD1E7480068002876D1E6480068BA
:1046F000002872D140F20910EFF706FFB6EE001A5B
:10470000DFEDDD0A0A209FEDE10AEEF7EEFE002064
:10471000D849086020E006E0012008F0BBFEECF775
:10472000A1F900B912E04FF48071D94805F0B2FC4C
:104730000028F1D0CD480068CD490968441A002C02
:1047400001DB204600E060420A28E5DC00BFC948E2
:104750000068401CC7490860C6480068FA28DADBD0
:10476000C821CC480068FFF764F90A20EEF7C8FDBD
:1047700040F23520EFF7C8FE0020BE49086019E07E
:1047800006E0012008F086FEECF76CF900B90BE0BA
:10479000B6490968B64A1268881A002801DB014642
:1047A00000E041420A29ECDC00BFB2480068401C2E
:1047B000B0490860AF480068FA28E1DB1FED4F1AE6
:1047C000DFEDAD0A08201FED500AEEF78EFE40F631
:1047D000C41008F05FFE81E0FFE7A84800680128E8
:1047E0007CD1A7480068012878D1A6480068012834
:1047F00074D1A5480068002870D140F20910EFF785
:1048000083FEB6EE001ADFED9C0A0A209FED9F0A98
:10481000EEF76BFE00209749086020E006E00120DB
:1048200008F038FEECF71EF900B912E04FF4807181
:10483000974805F02FFC0028F1D08C4800688C497F
:104840000968441A002C01DB204600E060420A2877
:10485000E5DC00BF87480068401C86490860854841
:104860000068FA28DADBC8218A480068FFF7E1F817
:104870000A20EEF745FD40F23520EFF745FE002017
:104880007C49086019E006E0012008F003FEECF71F
:10489000E9F800B90BE075490968754A1268881A89
:1048A000002801DB014600E041420A29ECDC00BFA0
:1048B00070480068401C6F4908606E480068FA281C
:1048C000E1DB1FED901ADFED6C0A08201FED920A64
:1048D000EEF70BFE40F6C41008F0DCFD0020EEF70A
:1048E0000FFD10BD10B56C494842F1F775FC6B48DF
:1048F0000068002843D16A48006800283FD1694811
:104900000068D8BB40F20910EFF7FEFDB6EE001AC2
:10491000DFED590A10209FED5D0AEEF7E6FD00205D
:104920005449086020E006E0ECF79CF800B915E077
:10493000012008F0AFFD4FF48071554805F0AAFB47
:104940000028F1D04948006849490968441A002CF8
:1049500001DB204600E060421428E5DC00BF45484A
:104960000068401C434908604248006840F20E61FC
:104970008842D8DB0020EEF7C3FC06E0FFE7494899
:104980000068012801D1FFF7E9FD0020EEF7B8FC2F
:1049900010BD10B539480068002854D13848006867
:1049A000002850D13748006800284CD136480068AC
:1049B000002848D1F0F71EFC06E0012008F06AFD4F
:1049C000ECF750F800B90BE028490968284A12684A
:1049D000881A002801DB014600E041420F29ECDC87
:1049E00000BF9FED311ADFED240A0A201FEDDA0A1D
:1049F000EEF77BFD00201F4908601FE006E0012064
:104A000008F048FDECF72EF800B911E00121274825
:104A100005F040FB0028F2D01448006814490968EA
:104A2000441A002C01DB204600E060420A28E6DC44
:104A300000BF10480068401C0E4908600D4800681F
:104A40009628DBDB41E10D480068012876D10C484F
:104A50000068002872D10B48006800286ED10A480F
:104A6000006810B9F0F7C6FB29E067E0BC00002041
:104A7000F4030020A4030020000061C49802002079
:104A80009C020020A0020020A4020020000061443B
:104A900000000240A00100207CFCFFFFE800002095
:104AA000EC000020F0000020CDCC4C3F0004024080
:104AB000012008F0EFFCEBF7D5FF00B90BE0F84957
:104AC0000968F84A1268881A002801DB014600E0EC
:104AD00041420F29ECDC00BF1FED0D1A5FED1A0AF1
:104AE0000A209FEDF10AEEF700FD0020EF49086073
:104AF0001FE006E0012008F0CDFCEBF7B3FF00B9A2
:104B000011E00121EA4805F0C5FA0028F2D0E44896
:104B10000068E4490968441A002C01DB204600E0E3
:104B200060420A28E6DC00BFE0480068401CDF491C
:104B30000860DE4800689628DBDBC6E0DD480068D8
:104B400001285ED1DC48006801285AD1DB480068A2
:104B5000D0BBDB480068B8BBF0F74CFB24E04FF457
:104B60008051D84805F096FA70B90121D04805F077
:104B700091FA48B91FED341A5FED410A0F209FEDFD
:104B8000D20AEEF7B2FC08E01FED391A5FED460AD3
:104B90000A201FED420AEEF7A8FC012008F07AFC7B
:104BA000EBF760FF00B913E04FF48071C54805F0E2
:104BB00071FA0028D3D0BA480068BA490968441A83
:104BC000002C02DB204601E01BE060420A28C6DC24
:104BD00000BF9FEDBE1A5FED580A08209FEDB20A94
:104BE000EEF783FC06E0012008F054FCEBF73AFFF7
:104BF00000B905E00121AE4805F04CFA0028F2D0DA
:104C000063E0AC48006801285FD1AB480068012828
:104C10005BD1AA480068012857D1A9480068B8BBF1
:104C2000F0F7E8FA24E04FF48051A64805F032FA94
:104C300070B901219E4805F02DFA48B91FED661A9A
:104C40005FED730A0F209FEDA00AEEF74EFC08E01F
:104C50001FED6B1A5FED780A0A201FED740AEEF75C
:104C600044FC012008F016FCEBF7FCFE00B913E051
:104C70004FF48071934805F00DFA0028D3D088488E
:104C8000006888490968441A002C02DB204601E0CC
:104C90001BE060420A28C6DC00BF9FED8C1A5FED66
:104CA0008A0A08209FED800AEEF71FFC06E001202B
:104CB00008F0F0FBEBF7D6FE00B905E001217C48D7
:104CC00005F0E8F90028F2D000BF0020EEF718FB4D
:104CD00010BD10B577480068002860D1764800689C
:104CE00000285CD175480068002858D174480068D5
:104CF000002854D1F0F77EFA24E04FF400617148A7
:104D000005F0C8F970B90421714805F0C3F948B934
:104D10001FED9B1A5FEDA80A0F209FED6E0AEEF7BC
:104D2000E4FB08E01FEDA01A5FEDAD0A0C201FEDBB
:104D3000A90AEEF7DAFB012008F0ACFBEBF792FED4
:104D400000B912E04FF480715E4805F0A3F9002825
:104D5000D3D05348006853490968441A002C01DB3A
:104D6000204600E060420A28C7DC00BF9FED571ACA
:104D70005FEDBF0A08209FED580AEEF7B6FB06E08C
:104D8000012008F087FBEBF76DFE00B906E04FF459
:104D900000614C4805F07EF90028F1D036E1454825
:104DA0000068012860D14448006800285CD143486D
:104DB0000068002858D142480068002854D1F0F714
:104DC00019FA24E04FF400613E4805F063F970B928
:104DD00004213F4805F05EF948B91FEDCD1A5FED9B
:104DE000DA0A0F209FED3B0AEEF77FFB08E01FED8C
:104DF000D21A5FEDDF0A0C201FEDDC0AEEF775FB1F
:104E0000012008F047FBEBF72DFE00B912E04FF44C
:104E100080712C4805F03EF90028D3D02048006866
:104E200020490968441A002C01DB204600E060425A
:104E30000A28C7DC00BF9FED251A5FEDF10A0820A4
:104E40009FED250AEEF751FB06E0012008F022FB5A
:104E5000EBF708FE00B906E04FF40061194805F0D1
:104E600019F90028F1D0D1E012480068012873D167
:104E70001148006801286FD11048006870BB1048C5
:104E8000006858BBF0F7B6F900200849086038E020
:104E900025E0012008F0FEFAEBF7E4FDF8B92AE07E
:104EA000BC000020F40300200000E144A403002023
:104EB00000040240980200209C020020A002002072
:104EC000A40200200000024000409C443333333FE2
:104ED0000010024000800944000000003CE0F74957
:104EE0000968F74A1268881A002801DB014600E0C9
:104EF00041420F29CDDC00BFF2480068401CF14957
:104F00000860F04800683228C2DB9FEDEF1ADFED41
:104F1000EF0A08201FED100AEEF7E7FA0020E94932
:104F2000086014E006E0012008F0B4FAEBF79AFDFF
:104F300000B906E04FF40061E54805F0ABF8002841
:104F4000F1D000BFDF480068401CDE490860DD4842
:104F500000689628E6DB59E0DE480068012855D154
:104F6000DD480068012851D1DC48006801284DD196
:104F7000DB48006880BBF0F73DF90020D1490860AC
:104F800019E006E0012008F085FAEBF76BFD00B9A7
:104F90000BE0CA490968CA4A1268881A002801DB6E
:104FA000014600E041420F29ECDC00BFC548006823
:104FB000401CC4490860C34800683228E1DB9FED0B
:104FC000C21ADFEDC20A08201FED3D0AEEF78DFA86
:104FD0000020BC49086015E018E006E0012008F058
:104FE00059FAEBF73FFD00B906E04FF40061B8480D
:104FF00005F050F80028F1D000BFB2480068401C0E
:10500000B0490860AF4800689628E6DB0020EEF75C
:1050100077F910BD10B5B3494842F1F7DDF800202B
:10502000EEF76EF9B0480068002843D1AF48006839
:1050300000283FD1AE480068D8BB40F20910EFF716
:1050400063FAB6EE001ADFEDA10A0F209FEDA90A60
:10505000EEF74BFA00209B49086020E006E0EBF7F2
:1050600001FD00B915E0012008F014FA4FF4807139
:10507000974805F00FF80028F1D090480068904953
:105080000968441A002C01DB204600E060420A282F
:10509000E5DC00BF8B480068401C8A4908608948ED
:1050A000006840F20E618842D8DB0020EEF728F954
:1050B0000DE0FFE78D480068012802D1FFF709FEE7
:1050C00005E08B480068012801D1FFF762FC10BDA4
:1050D00010B580480068002872D17F480068002819
:1050E0007DD17E480068002879D17D48006800287D
:1050F00075D140F20910EFF707FA1FE07E4800680B
:105100007E490968884209DD1FED901ADFED6F0ABC
:105110000C209FED7B0AEEF7E8F908E01FED951AE9
:10512000DFED6A0A0A209FED730AEEF7DEF901202F
:1051300008F0B0F9EBF796FC00B912E04FF480717B
:10514000634804F0A7FF0028D8D05C4800685C4999
:105150000968441A002C01DB204600E060420A285E
:10516000CCDC00BF0020EEF7CBF8C8216348006814
:10517000FEF731F99FED631ADFED540A07201FEDAA
:10518000AA0AEEF7B2F94FF4FA6008F083F940F298
:105190003520EFF7B9F900204A4908601AE006E027
:1051A000012008F077F9EBF75DFC00B90CE043490A
:1051B0000968434A1268881A002802DB014601E0A8
:1051C0000DE041420829EBDC00BF3E480068401C6E
:1051D0003C4908603B480068FA28E0DB93E13D4821
:1051E0000068012869D13C480068002865D13B4827
:1051F0000068002861D13A48006800285DD140F27B
:105200000910EFF781F91FE03B4800683B49096846
:10521000884209DD1FEDD31ADFED2C0A0C209FED2B
:10522000380AEEF762F908E01FEDD81ADFED270A19
:105230000A209FED300AEEF758F9012008F02AF90C
:10524000EBF710FC00B912E04FF48071204804F035
:1052500021FF0028D8D01948006819490968441A64
:10526000002C01DB204600E060420A28CCDC00BFB5
:105270000020EEF745F8C82120480068FEF7ABF89B
:105280009FED201ADFED110A07201FEDED0AEEF762
:105290002CF94FF4FA6008F0FDF840F23520EFF7F2
:1052A00033F900200749086041E02EE0012008F0B2
:1052B000F1F8EBF7D7FB38BB33E03DE0BC00002052
:1052C000F4030020A4030020CDCC4C3F000061C4B7
:1052D00000000240980200209C020020A002002052
:1052E000A40200207CFCFFFFE8000020EC0000206E
:1052F000F000002000006144A4000020A80100206C
:1053000000802244CDCCCC3DFFE7F7490968F74A3D
:105310001268881A002801DB014600E04142082992
:10532000C4DC00BFF2480068401CF1490860F04846
:105330000068FA28B9DBE6E0EE48006801286FD182
:10534000ED48006801286BD1EC480068002867D15F
:10535000EB480068002863D14FF4FA70EFF7D4F8F7
:105360000020E349086019E006E0012008F092F807
:10537000EBF778FB00B90BE0DB490968DB4A126800
:10538000881A002801DB014600E041420A29ECDCD2
:1053900000BFD7480068401CD5490860D448006861
:1053A000FA28E1DB40F2DC5008F074F8C821D54857
:1053B0000068FEF710F81FED2D1A5FED3C0A07207C
:1053C0009FEDD10AEEF791F84FF4FA6008F062F819
:1053D00040F23520EFF798F80020C549086019E041
:1053E00006E0012008F056F8EBF73CFB00B90BE0B3
:1053F000BD490968BD4A1268881A002801DB0146C8
:1054000000E041420A29ECDC00BFB9480068401CBA
:10541000B7490860B6480068FA28E1DB73E0FFE7A7
:10542000B448006801286ED1B348006801286AD1E9
:10543000B2480068012866D1B1480068F0BB4FF45B
:10544000FA70EFF761F80020A949086019E006E05A
:10545000012008F01FF8EBF705FB00B90BE0A249AB
:105460000968A24A1268881A002801DB014600E098
:1054700041420A29ECDC00BF9D480068401C9C4961
:1054800008609B480068FA28E1DB40F6C41008F089
:1054900001F8C8219B480068FDF79DFF9FED9B1A0E
:1054A0005FED760A07209FED980AEEF71EF840F6AA
:1054B000C41007F0EFFF40F2352000E023E0EFF7E3
:1054C00023F800208A49086019E006E0012007F06F
:1054D000E1FFEBF7C7FA00B90BE083490968834A9B
:1054E0001268881A002801DB014600E041420A29BF
:1054F000ECDC00BF7E480068401C7D4908607C48A9
:105500000068FA28E1DB0020EDF7FAFE10BD10B5C7
:105510007F494842F0F760FE7E480068002843D18A
:105520007D48006800283FD17C480068D8BB40F225
:105530000910EEF7E9FFB6EE001A5FED9C0A0F20A6
:105540001FED940AEDF7D1FF00206949086020E0C3
:1055500006E0EBF787FA00B915E0012007F09AFFA3
:105560004FF480716E4804F095FD0028F1D05E483C
:1055700000685E490968441A002C01DB204600E0FF
:1055800060420A28E5DC00BF59480068401C5849C1
:1055900008605748006840F20E618842D8DB00205E
:1055A000EDF7AEFE06E0FFE75B480068012801D199
:1055B000FFF78EFD10BD70B55A480568F1F780FA07
:1055C00040F20910EEF7A0FF4A480068B8BB4A480D
:1055D0000068A0BB4948006888BB4948006870BBA8
:1055E0001DE051480068A84209DD9FED501A5FEDAB
:1055F000C90A0F209FED4E0AEDF777FF08E09FEDF7
:105600004B1A5FEDCE0A0C201FEDC60AEDF76DFFB9
:10561000012007F03FFFEBF725FA00B913E04FF444
:1056200080713F4804F036FD0028DAD02E4800682B
:105630002E490968441A002C02DB204601E003E0F1
:1056400060421428CDDC29E12A48006801283CD1B9
:1056500029480068A0BB2948006888BB2848006822
:1056600070BB1DE030480068A84209DD9FED2F1A8D
:105670005FEDEA0A0F209FED2E0AEDF736FF08E0F6
:105680009FED2A1A5FEDEF0A0C201FEDE60AEDF7F9
:105690002CFF012007F0FEFEEBF7E4F900B913E060
:1056A0004FF480711E4804F0F5FC0028DAD00E4853
:1056B00000680E490968441A002C02DB204601E00C
:1056C00003E060421428CDDCE8E00A4800680128C5
:1056D00030D10948006801287ED10848006848BBDD
:1056E0000748006830BB4BE0BC000020F4030020FA
:1056F000A4030020980200209C020020A0020020A9
:10570000A4020020A801002000000000CDCC4C3EE7
:105710007CFCFFFFE8000020EC000020F0000020EF
:1057200000000240A0010020A00000203333333FDE
:1057300000409C4450E00421F74804F0ABFC78B9E9
:105740004FF40061F54804F0A5FC48B91FED091AB3
:10575000DFEDF30A0F209FEDF30AEDF7C6FE08E038
:105760001FED0E1ADFEDEE0A0C209FEDEF0AEDF7AC
:10577000BCFE012007F08EFEEBF774F900B912E0D1
:105780004FF48071E54804F085FC0028D3D0E74849
:105790000068E7490968441A002C01DB204600E054
:1057A00060421428C7DC00BF1FED201ADFEDDC0AC1
:1057B0000A201FED2B0AEDF798FE06E0012007F006
:1057C00069FEEBF74FF900B905E00421D24804F077
:1057D00061FC0028F2D061E0D648006801285DD164
:1057E000D5480068012859D1D4480068012855D10E
:1057F000D3480068A8BB24E00421C74804F04AFC51
:1058000078B94FF40061C54804F044FC48B91FED75
:10581000391ADFEDC30A0F209FEDC20AEDF765FECE
:1058200008E01FED3E1ADFEDBE0A0C209FEDBE0A18
:10583000EDF75BFE012007F02DFEEBF713F900B941
:1058400013E04FF48071B54804F024FC0028D3D055
:10585000B6480068B6490968441A002C02DB2046A5
:1058600001E01BE060421428C6DC00BF1FED511AA6
:10587000DFEDAB0A0A201FED5C0AEDF736FE06E00D
:10588000012007F007FEEBF7EDF800B905E0042171
:10589000A14804F0FFFB0028F2D000BF0020EDF784
:1058A0002FFD70BD10B5A7494842F0F795FCA648FA
:1058B0000068002872D1A548006800286ED1A4486D
:1058C000006800286AD140F20910EEF71DFE1FEDB6
:1058D000691ADFED930A14209FED930AEDF705FE98
:1058E00000209C49086020E006E0EBF7BBF800B917
:1058F00015E0012007F0CEFD4FF48071874804F0D9
:10590000C9FB0028F1D08948006889490968441A10
:10591000002C01DB204600E060421428E5DC00BFDB
:105920008C480068401C8B4908608A48006840F237
:105930000E618842D8DB1FED831ADFED790A0A2059
:105940009FED790AEDF7D1FD0020824908601AE049
:1059500006E0EBF787F800B90FE0012007F09AFDA9
:1059600040217D4804F096FB0028F2D04FF480716E
:105970006A4804F08FFB0028EBD000BF7548006830
:10598000401C744908607348006840F20E61884208
:10599000DEDB0020EDF7B4FC0DE0FFE76A480068AD
:1059A000012802D1FFF707FE05E0694800680128D9
:1059B00001D1FEF7D3FD0020EDF7A2FC10BD10B51C
:1059C0005C480068B0BB5C48006898BB5B480068F6
:1059D00080BB5B48006868BB24E04FF480514F48AF
:1059E00004F058FB70B901215B4804F053FB48B93F
:1059F0001FEDB21ADFED4A0A0F209FED580AEDF7AE
:105A000074FD08E01FEDB71ADFED450A0C209FED8D
:105A1000460AEDF76AFD012007F03CFDEBF722F89E
:105A200000B906E04FF480713C4804F033FB0028D5
:105A3000D3D0DDE0FFE73F480068012837D13E487A
:105A4000006898BB3D48006880BB3D48006868BB63
:105A500024E04FF48051314804F01CFB70B901215F
:105A60003D4804F017FB48B91FEDD01ADFED2C0AB2
:105A70000F209FED3A0AEDF738FD08E01FEDD51A2B
:105A8000DFED270A0C209FED280AEDF72EFD0120FF
:105A900007F000FDEAF7E6FF00B906E04FF4807179
:105AA0001E4804F0F7FA0028D3D0A1E0FFE7214810
:105AB000006801285FD12048006801285BD11F4899
:105AC000006840BB1E48006828BB4CE00421124817
:105AD00004F0E0FA78B94FF40061104804F0DAFA03
:105AE00048B91FEDEE1ADFED0E0A0F209FED1C0ADC
:105AF000EDF7FBFC08E01FEDF31ADFED090A0C20BF
:105B00009FED090AEDF7F1FC012007F0C3FCEAF76D
:105B1000A9FF38BB2EE02EE000100240000002403A
:105B2000000061C40080224400006144BC000020E9
:105B3000F4030020980200209C020020A002002014
:105B4000A40200207CFCFFFFE8000020EC00002005
:105B5000F0000020A40300200004024000C0C14463
:105B60000000AF43FFE74FF48071FC4804F092FA65
:105B70000028ABD03CE0FA480068012838D1F94849
:105B80000068012834D1F8480068012830D1F7486E
:105B9000006868BB24E00421F54804F07BFA78B97A
:105BA0004FF40061ED4804F075FA48B99FEDF11A21
:105BB0005FED250A0F201FED160AEDF796FC08E0B1
:105BC0009FEDEC1A5FED2A0A0C201FED290AEDF774
:105BD0008CFC012007F05EFCEAF744FF00B906E008
:105BE0004FF48071DD4804F055FA0028D3D000BF8F
:105BF0000020EDF785FB10BD10B5DF494842EEF7F8
:105C000049FE40F20910EEF77FFCDC4800680028EE
:105C10006DD1DB480068002869D1DA4800680028A7
:105C200065D19FEDD41A5FED420A14201FED420AA0
:105C3000EDF75BFC0020D449086020E006E0EAF7BD
:105C400011FF00B915E0012007F024FC4FF480712A
:105C5000C24804F01FFA0028F1D0CC480068CC49B3
:105C60000968441A002C01DB204600E060420A2843
:105C7000E5DC00BFC4480068401CC3490860C24856
:105C8000006840F20E618842D8DB9FEDBA1A5FEDE2
:105C90005C0A0A201FED5C0AEDF727FC0020BA49D8
:105CA00008601AE006E0EAF7DDFE00B90FE0012027
:105CB00007F0F0FB4021B74804F0ECF90028F2D0DF
:105CC0004FF48071A54804F0E5F90028EBD000BF3F
:105CD000AD480068401CAC490860AB48006840F221
:105CE0000E618842DEDB0020EDF70AFB13E0A348DB
:105CF0000068012802D1FFF762FE0CE0A0480068AE
:105D0000012802D1FEF7E5FF05E09E480068012862
:105D100001D1FEF73EFE10BD70B59F480568F0F753
:105D2000CFFE40F20910EEF7EFFB8D480068002827
:105D30005ED18C48006800285AD18B480068002842
:105D400056D18A480068002852D124E001219148A8
:105D500004F0A0F978B94FF48051804804F09AF922
:105D600048B99FED841A5FED920A0C209FED8B0AD3
:105D7000EDF7BBFB08E09FED7F1A5FED970A082067
:105D80001FED970AEDF7B1FB012007F083FBEAF75F
:105D900069FE00B912E04FF48071704804F07AF99E
:105DA0000028D3D07948006879490968441A002C42
:105DB00001DB204600E060420F28C7DC00BF9FEDFA
:105DC0006D1A5FEDA90A08209FED750AEDF78DFBAE
:105DD00006E0012007F05EFBEAF744FE00B906E0AA
:105DE0004FF480515D4804F055F90028F1D00DE1E1
:105DF0005B48006801285ED15A48006800285AD1E3
:105E000059480068002856D158480068002852D1E7
:105E100024E001215F4804F03DF978B94FF4805146
:105E20004E4804F037F948B99FED521A5FEDC40AA5
:105E30000C209FED5A0AEDF758FB08E09FED4D1A34
:105E40005FEDC90A08201FEDC80AEDF74EFB0120DF
:105E500007F020FBEAF706FE00B912E04FF480716C
:105E60003E4804F017F90028D3D048480068484954
:105E70000968441A002C01DB204600E060420F282C
:105E8000C7DC00BF9FED3B1A5FEDDB0A08209FEDEA
:105E9000440AEDF72AFB06E0012007F0FBFAEAF7D7
:105EA000E1FD00B906E04FF480512C4804F0F2F80F
:105EB0000028F1D0AAE02A48006801283DD12948ED
:105EC0000068012839D12848006888BB2748006845
:105ED00070BB1DE033480068A84209DD9FED251A1C
:105EE0005FEDF10A0C201FEDF10AEDF7FEFA08E074
:105EF0009FED201A5FEDF60A08201FEDF50AEDF779
:105F0000F4FA012007F0C6FAEAF7ACFD00B913E095
:105F10004FF48071114804F0BDF80028DAD01B4816
:105F200000681B490968441A002C02DB204601E086
:105F300003E060420F28CDDC68E0094800680128D2
:105F400064D108480068012860D10748006801282A
:105F50005CD10648006800B944E057E00000024008
:105F6000980200209C020020A0020020A402002031
:105F7000001002403333333F7CFCFFFFE800002079
:105F8000EC000020F0000020A4030020BC00002052
:105F9000F403002000040240A801002000409C44BB
:105FA0000000E144A4000020FC480068A84209DD8C
:105FB0001FED101ADFEDFA0A0C209FEDFA0AEDF73B
:105FC00094FA08E01FED151ADFEDF50A08209FEDA1
:105FD000F60AEDF78AFA012007F05CFAEAF742FDCB
:105FE00000B912E04FF48071F04804F053F8002833
:105FF000DAD0EF480068EF490968441A002C01DB49
:10600000204600E060420F28CEDC00BF0020EDF704
:1060100077F970BD10B5E8494842EEF73BFCE74818
:10602000006800287ED1E648006800287AD1E5485B
:106030000068002876D140F20910EEF765FA1FEDEE
:10604000331ADFEDD70A14209FEDD70AEDF74DFA8A
:106050000020DD49086020E006E0EAF703FD00B912
:1060600015E0012007F016FA4FF48071CF4804F0D4
:1060700011F80028F1D0CE480068CE490968441ACA
:10608000002C01DB204600E060420A28E5DC00BF6E
:10609000CD480068401CCC490860CB48006840F2FD
:1060A0000E618842D8DB1FED4D1ADFEDBD0A0A20D4
:1060B0009FEDBD0AEDF719FA0020C349086026E0FC
:1060C00006E0EAF7CFFC00B91BE0012007F0E2F997
:1060D0004FF48071B54803F0DDFF0028F1D0402176
:1060E000BA4803F0D7FF0028EBD0B1480068B149A7
:1060F0000968441A002C01DB204600E060420A28AF
:10610000DFDC00BFB0480068401CAF490860AE4803
:10611000006840F20E618842D2DB0020EDF7F0F813
:106120000DE0FFE7A5480068012802D1FFF7F4FD64
:1061300005E0A3480068012801D1FEF7C9FF10BDA2
:1061400010B5A3480068002854D1A2480068002870
:1061500050D1A148006800284CD1A0480068002810
:1061600048D1EFF747F806E0012007F093F9EAF786
:1061700079FC00B90BE08E4909688E4A1268881ACA
:10618000002801DB014600E041420F29ECDC00BFA2
:106190001FED881ADFED820A0A201FED7F0AEDF756
:1061A000A4F90020884908601FE006E0012007F0FC
:1061B00071F9EAF757FC00B911E00121834803F0B7
:1061C00069FF0028F2D07A4800687A490968441AC1
:1061D000002C01DB204600E060420A28E6DC00BF1C
:1061E00079480068401C784908607748006896281C
:1061F000DBDB4EE176480068012854D17548006821
:10620000002850D17448006800284CD173480068B9
:10621000D0BBEEF7EFFF06E0012007F03BF9EAF70D
:1062200021FC00B90BE062490968624A1268881AC9
:10623000002801DB014600E041420F29ECDC00BFF1
:106240001FEDB41ADFED560A0A201FEDAB0AEDF779
:106250004CF900205C49086020E006E0012007F0CE
:1062600019F9EAF7FFFB00B912E00121574803F0E2
:1062700011FF0028F2D04E4800684E490968441AC0
:10628000002C02DB204601E00DE060420A28E5DC3C
:1062900000BF4D480068401C4B4908604A480068F0
:1062A0009628DADBF5E04A480068012864D14948BD
:1062B0000068012860D14848006801285CD147483F
:1062C0000068E0BBEEF796FF24E001213F4803F0B1
:1062D000E1FE78B94FF48051344803F0DBFE48B951
:1062E0001FEDDC1ADFED2E0A0E201FEDD40AEDF7AC
:1062F000FCF808E01FEDE11ADFED290A0A209FED06
:106300002A0AEDF7F2F8012007F0C4F8EAF7AAFB31
:1063100000B918E04FF48071314803F0BBFE28B992
:1063200080212F4803F0B6FE0028CED02048006818
:1063300020490968441A002C02DB204601E01BE0DA
:1063400060420A28C1DC00BF1FEDF61ADFED140A17
:1063500008201FEDED0AEDF7C8F806E0012007F070
:1063600099F8EAF77FFB00B905E00121174803F02F
:1063700091FE0028F2D08CE015480068012846D133
:1063800014480068012842D11348006801283ED112
:1063900012480068D8BBEEF72DFF49E0A4000020AA
:1063A000000061C4008022440000614400000240FB
:1063B000BC000020F40300207CFCFFFFE80000206C
:1063C000EC000020F0000020A403002000040240A4
:1063D000980200209C020020A0020020A4020020BD
:1063E000001002400121FA4803F054FE80B94FF436
:1063F0008051F84803F04EFE50B99FEDF71A5FED5B
:10640000180A0E209FEDF50AEDF76FF809E040E05D
:106410009FEDF11A5FED1E0A0A201FED1D0AEDF730
:1064200064F8012007F036F8EAF71CFB00B917E022
:106430004FF48071EA4803F02DFE28B98021E84826
:1064400003F028FE0028CDD0E6480068E649096838
:10645000441A002C01DB204600E060420A28C1DC1F
:1064600000BF9FEDDD1A5FED320A08209FEDDF0AC5
:10647000EDF73BF806E0012007F00CF8EAF7F2FA36
:1064800000B905E00121D24803F004FE0028F2D053
:1064900000BF0020ECF734FF10BD10B54FF4FF70C3
:1064A000EEF732F8D248006800287AD1D148006867
:1064B0000028FAD1D04800680028F6D1CF480068FB
:1064C00000287DD1CE49086038E01FE0CD48006843
:1064D000CD490968884209DD9FEDBF1A5FED500A7A
:1064E0000E209FEDCA0AEDF700F808E09FEDBA1AFA
:1064F0005FED550A0A201FED540AECF7F6FF012064
:1065000006F0C8FFEAF7AEFA00B911E08021B04802
:1065100003F0C0FD0028D9D0B2480068B24909682C
:10652000441A002C01DB204600E060421428CDDC38
:1065300000BFB3480068401CB1490860B04800681B
:1065400040F20E618842C0DB4FF47A71AE480068B9
:10655000FCF741FF40F23520EDF7D6FF0020A849B7
:10656000086019E006E0012006F094FFEAF77AFAE5
:1065700000B90BE09B4909689B4A1268881A0028F9
:1065800001DB014600E041420A29ECDC00BF9C48E7
:106590000068401C9A49086099480068FA28E1DBC5
:1065A00000E00DE09FED9A1A5FED830A0A209FED4F
:1065B000990AECF79AFF40F6B83006F06BFFA7E1B6
:1065C0008B48006801287CD18A480068002878D16F
:1065D00089480068002874D18848006800287DD167
:1065E0008749086038E01FE08648006886490968E6
:1065F000884209DD9FED781A5FED970A0E209FED26
:10660000830AECF772FF08E09FED731A5FED9C0AB6
:106610000A201FED9B0AECF768FF012006F03AFF05
:10662000EAF720FA00B911E08021694803F032FD51
:106630000028D9D06B4800686B490968441A002CBF
:1066400001DB204600E060420A28CDDC00BF6C4838
:106650000068401C6A4908606948006840F20E61A1
:106660008842C0DB4FF47A7167480068FCF7B3FEDC
:1066700040F23520EDF748FF00206149086019E03D
:1066800006E0012006F006FFEAF7ECF900B90BE09E
:1066900054490968544A1268881A002801DB0146E7
:1066A00000E041420A29ECDC00BF55480068401C6C
:1066B0005349086052480068FA28E1DB9FED541AFC
:1066C00000E00BE05FEDCA0A0A209FED520AECF7EA
:1066D0000CFF40F6B83006F0DDFE19E144480068D2
:1066E000012874D143480068012870D142480068ED
:1066F00000286CD141480068002868D14FF47A71B5
:1067000041480068FCF767FEB6EE001A5FEDDC0A50
:1067100007201FEDDB0AECF7E8FE0020384908608F
:106720001DE006E0012006F0B5FEEAF79BF900B98E
:106730000FE0394909681F29F4DC2A4909682A4A07
:106740001268881A002801DB014600E041420A294C
:10675000E8DC00BF2A480068401C29490860284836
:1067600000689628DDDB40F23520EDF7CDFE0020F5
:106770002349086019E006E0012006F08BFEEAF7E5
:1067800071F900B90BE017490968174A1268881AAD
:10679000002801DB014600E041420A29ECDC00BF91
:1067A00017480068401C1649086015480068FA2818
:1067B000E1DB9FED171ADFED190A0A209FED150A9C
:1067C000ECF793FE40F6B83006F064FEA0E027E058
:1067D00000040240000002403333333F00409C4439
:1067E00000100240BC000020F40300200000E1443F
:1067F000980200209C020020A0020020A402002099
:10680000A4030020A4000020A80100200080094467
:10681000CDCCCC3D0000000098000020000061C4F9
:10682000FB480068012873D1FA48006801286FD13D
:10683000F948006801286BD1F8480068E0BB4FF4C4
:106840007A71F7480068FCF7C6FDB6EE001A5FEDF6
:106850000D0A07209FEDF30AECF747FE0020F249EE
:1068600008601DE006E0012006F014FEEAF7FAF8E1
:1068700000B90FE0ED4909681F29F4DCEC4909680B
:10688000EC4A1268881A002801DB014600E0414208
:106890000A29E8DC00BFE4480068401CE2490860BF
:1068A000E14800689628DDDB40F23520EDF72CFE4C
:1068B0000020DD4908601AE02AE006E0012006F029
:1068C000E9FDEAF7CFF800B90BE0D9490968D94AE0
:1068D0001268881A002801DB014600E041420A29BB
:1068E000ECDC00BFD0480068401CCF490860CE48AF
:1068F0000068FA28E1DB1FED3A1A5FED380A0A203A
:106900001FED3C0AECF7F1FD40F6B83006F0C2FD91
:106910000020ECF7F5FC10BD70B5C1480568F0F734
:10692000CFF84FF4FF70EDF7EFFDB948006800288D
:106930007CD1B8480068002878D1B74800680028A2
:1069400074D1B6480068002870D1B74908603DE0AE
:1069500024E00121B84803F09DFB78B94FF4805141
:10696000B64803F097FB48B91FED651A5FED550A6D
:106970000E209FEDB30AECF7B8FD08E01FED6A1A90
:106980005FED5A0A0A209FEDA70AECF7AEFD012041
:1069900006F080FDEAF766F800B911E08021A6480C
:1069A00003F078FB0028D4D0A1480068A149096809
:1069B000441A002C01DB204600E060421428C8DCA9
:1069C00000BF99480068401C9749086096480068D5
:1069D00040F20E618842BBDB0020934908601DE055
:1069E0001FED831A5FED730A0A201FED800AECF792
:1069F0007CFD06E0012006F04DFDEAF733F800B912
:106A000006E04FF480518D4803F044FB0028F1D09C
:106A100000BF85480068401C8349086082480068C0
:106A200040F20E618842DBDB41E1FFE77848006815
:106A300001287CD177480068002878D17648006822
:106A4000002874D175480068002870D17649086024
:106A50003DE024E00121784803F01CFB78B94FF4B5
:106A60008051764803F016FB48B91FEDA51A5FED7B
:106A7000950A0E209FED720AECF737FD08E01FED36
:106A8000AA1A5FED9A0A0A209FED660AECF72DFD1F
:106A9000012006F0FFFCE9F7E5FF00B911E08021D5
:106AA000654803F0F7FA0028D4D0614800686149CE
:106AB0000968441A002C01DB204600E060421428DB
:106AC000C8DC00BF58480068401C57490860564859
:106AD000006840F20E618842BBDB0020524908602A
:106AE0001DE01FEDC31A5FEDB30A0A201FEDC10AB6
:106AF000ECF7FBFC06E0012006F0CCFCE9F7B2FF66
:106B000000B906E04FF480514C4803F0C3FA002866
:106B1000F1D000BF44480068401C43490860424827
:106B2000006840F20E618842DBDBC0E0FFE73848D6
:106B3000006801284AD137480068012846D1364804
:106B40000068A0BB3548006888BB00203649086053
:106B500037E01DE03B480068A84209DD1FEDE21A5E
:106B60005FEDD20A0E209FED380AECF7BEFC08E07C
:106B70001FEDE71A5FEDD70A0A209FED2A0AECF70E
:106B8000B4FC012006F086FCE9F76CFF00B912E0C6
:106B90008021294803F07EFA0028DBD024480068D1
:106BA00024490968441A002C02DB204601E00DE06C
:106BB00060421428CEDC00BF1B480068401C1A4904
:106BC0000860194800689628C3DB70E01048006828
:106BD00001286CD10F480068012868D10E48006870
:106BE000012864D10D48006890BB00200E49086060
:106BF00057E03EE013480068A8422ADD9FED131AD3
:106C00005FEDFA0A0E209FED100AECF76EFC29E00A
:106C1000980200209C020020A0020020A402002074
:106C2000A801002000006144A40300209800002077
:106C3000BC000020F40300200004024000000240D9
:106C400000C0C144A40000200000AF433333333FF1
:106C50002DE01FED021ADFEDF80A0A201FED0F0AE2
:106C6000ECF743FC012006F015FCE9F7FBFE00B948
:106C700011E08021F14803F00DFA0028BAD0F04865
:106C80000068F0490968441A002C01DB204600E046
:106C900060421428AEDC00BFEB480068401CEA49A3
:106CA0000860E948006840F20E618842A1DB0020DC
:106CB000ECF726FB40F23520EDF726FC1FED1D1A00
:106CC000DFEDDD0A0A201FED290AECF70EFC40F289
:106CD000DC5006F0DFFB70BD10B5DC494842EDF733
:106CE000D9FDEDF70AFCDA480068FA30D9490860A6
:106CF000D9480068FA30D3490860D84800680028AD
:106D000042D1D748006800283ED1D6480068D0BBA1
:106D10001FED321ADFEDC80A14201FED3E0AECF712
:106D2000E4FB0020C849086026E006E0E9F79AFE87
:106D300000B91BE0012006F0ADFB4FF48071CA489A
:106D400003F0A8F90128F1D08021BC4803F0A2F992
:106D50000028EBD0BA480068BA490968441A002CE8
:106D600001DB204600E060420A28DFDC00BFB648B5
:106D70000068401CB4490860B348006840F20E61E6
:106D80008842D2DB14E0FFE7B4480068012802D152
:106D9000FFF7C2FD0CE0B2480068012802D1FFF7FE
:106DA0007CFB05E0AF480068012801D1FFF7C8F976
:106DB0000020ECF7A5FA10BD10B5A4494842EFF742
:106DC0000BFAA6480068002872D1A5480068002880
:106DD0007FD1A448006800287BD1EDF78EFB9C484A
:106DE0000068FA309B4908609B480068FA30954972
:106DF00008601FED6A1ADFED900A14201FED770A74
:106E0000ECF773FB00209049086020E006E0E9F70A
:106E100029FE00B915E0012006F03CFB4FF480711B
:106E2000914803F037F90128F1D085480068854979
:106E30000968441A002C01DB204600E060420A2861
:106E4000E5DC00BF80480068401C7F4908607E4840
:106E5000006840F20E618842D8DB1FED841ADFED36
:106E6000760A0A201FED910AECF73FFB00207649D5
:106E7000086027E006E0E9F7F5FD00B91CE0012015
:106E800006F008FB4FF48071774803F003F90128FE
:106E9000F1D08021694803F0FDF80028EBD0684864
:106EA000006868490968441A002C02DB204601E0AA
:106EB0000FE060420A28DEDC00BF63480068401C27
:106EC000614908606048006840F20E618842D1DB89
:106ED0000CE062480068012802D1FFF71DFD05E0C3
:106EE0005F480068012801D1FFF7D7FA0020ECF7CE
:106EF00007FA10BD10B555494842EEF7E7FC574870
:106F0000006800286BD14FF4F070EDF7FDFA1FED2B
:106F1000B11ADFED490A14201FEDBE0AECF7E5FABD
:106F200000204949086020E006E0012006F0B2FA9E
:106F3000E9F798FD00B912E04FF480714A4803F078
:106F4000A9F80128F1D03E4800683E490968441A72
:106F5000002C01DB204600E060421428E5DC00BF85
:106F600039480068401C384908603748006840F2DA
:106F70000E618842D8DB1FEDCB1ADFED2F0A0A2005
:106F80001FEDD80AECF7B1FA00202F4908601FE086
:106F900006E0012006F07EFAE9F764FD00B911E091
:106FA0008021264803F076F80028F2D024480068B3
:106FB00024490968441A002C01DB204600E06042A5
:106FC0001428E6DC00BF20480068401C1E49086009
:106FD0001D48006840F20E618842D9DBAFE11F48CE
:106FE00000680128FAD140F23520EDF78DFA1F48EC
:106FF0000068002844D11E48006800287ED11D4842
:10700000006800287AD11C480068C8BB4AE04FF4E9
:107010008051154803F03EF898BB0121074803F062
:1070200039F870BB1FEDF71ADFED030A0F209FED53
:10703000130AECF75AFA2EE0000061C40004024083
:10704000BC000020F4030020A40300207CFCFFFF10
:10705000E0030020E8030020EC030020E80000200B
:10706000EC000020F0000020000002409802002008
:107070009C020020A0020020A402002000409C44AA
:107080003CE0FFE79FEDF61A5FED150A0A209FED41
:10709000F50AECF72AFA012006F0FCF9E9F7E2FC20
:1070A00000B911E08021F04802F0F4FF0028AED0D2
:1070B000EE480068EE490968441A002C01DB2046BE
:1070C00000E060421428A2DC00BF9FEDE51A5FEDEE
:1070D000260A0A209FEDE70AECF707FA06E00120EE
:1070E00006F0D8F9E9F7BEFC00B906E04FF480518C
:1070F000E14802F0CFFF0028F1D020E1DF4800682E
:1071000001285BD1DE480068D0BBDE480068B8BB10
:10711000DD480068A0BB24E04FF48051D64802F05F
:10712000B9FF70B90121D04802F0B4FF48B99FED12
:10713000CC1A5FED3F0A0F201FED300AECF7D5F9AE
:1071400008E09FEDC71A5FED440A0A209FEDC50ACB
:10715000ECF7CBF9012006F09DF9E9F783FC00B9C3
:1071600012E08021C04802F095FF0028D4D0BF482B
:107170000068BF490968441A002C02DB204601E080
:107180001CE060421428C7DC00BF9FEDB51A5FED1C
:10719000560A0A209FEDB70AECF7A7F906E001208E
:1071A00006F078F9E9F75EFC00B906E04FF480518B
:1071B000B14802F06FFF0028F1D0C0E0AF4800688E
:1071C00001285BD1AE480068012857D1AD4800685E
:1071D000B8BBAD480068A0BB24E04FF40061A648EE
:1071E00002F058FF70B90421A84802F053FF48B9D3
:1071F0009FED9B1A5FED700A0F209FEDA50AECF73B
:1072000074F908E09FED961A5FED750A0C209FED6A
:10721000950AECF76AF9012006F03CF9E9F722FC3F
:1072200000B912E08021904802F034FF0028D4D049
:107230008E4800688E490968441A002C02DB2046FB
:1072400001E01BE060421428C7DC00BF9FED841AF8
:107250005FED870A0A209FED8F0AECF746F906E0FA
:10726000012006F017F9E9F7FDFB00B905E004215C
:10727000864802F00FFF0028F2D060E07F480068E7
:1072800001285CD17E480068012858D17D480068FB
:10729000012854D17C480068A0BB24E04FF4006171
:1072A000754802F0F7FE70B90421784802F0F2FE4A
:1072B00048B99FED6B1A5FEDA00A0F209FED740A8D
:1072C000ECF713F908E09FED661A5FEDA50A0C20B4
:1072D0009FED640AECF709F9012006F0DBF8E9F705
:1072E000C1FB00B912E080215F4802F0D3FE002804
:1072F000D4D05E4800685E490968441A002C02DB5D
:10730000204601E01BE060421428C7DC00BF9FED6F
:10731000541A5FEDB70A0A209FED5E0AECF7E5F814
:1073200006E0012006F0B6F8E9F79CFB00B905E09D
:107330000421564802F0AEFE0028F2D000BF002023
:10734000EBF7DEFF10BD70B553480568534806687B
:1073500053494842EDF79EFAEDF7CFF851480068DF
:10736000FA305149086051480068FA3040490860D5
:107370004F480068D0BB9FED3A1A5FEDD10A142048
:107380009FED380AECF7B1F800204A49086026E082
:1073900006E0012006F07EF8E9F764FB00B918E08A
:1073A0004FF48071344802F075FE0128F1D080213D
:1073B0002D4802F06FFE0028EBD02C4800682C49C5
:1073C0000968441A002C01DB204600E060421428C2
:1073D000DFDC00BF37480068401C3649086035488C
:1073E000006840F20E618842D2DB7DE1FFE7304861
:1073F00000680128F9D140F23520EDF785F81F48E3
:10740000006800287ED11E48006840BB1D48006807
:1074100028BB1D48006810BB0020264908606AE0B0
:1074200051E025480068A84209DD9FED0D1ADFED07
:10743000230A0C209FED220AECF757F808E09FED95
:10744000081ADFED1E0A0A209FED060AECF74DF838
:10745000012006F01FF8E9F705FB98BB45E051E075
:107460003333333F0000614400040240BC0000207D
:10747000F40300200000E1440000024098020020D4
:107480009C020020A0020020A40200200010024064
:107490000080224400000000A0010020A80100207C
:1074A0007CFCFFFFE0030020E8030020EC03002049
:1074B000E8000020A4030020A0000020000061C418
:1074C00000C08F44FFE78021FE4802F0E3FD002862
:1074D000A7D0FD480068FD490968441A002C01DB6B
:1074E000204600E0604214289BDC00BFF84800689A
:1074F000401CF7490860F648006840F20E61884277
:107500008EDBF1E0F348006801284BD1F2480068B7
:10751000B8BBF2480068A0BBF148006888BB0020F7
:10752000EB49086037E01DE0EE480068A84209DD3D
:107530001FED351A5FED1F0A0C201FED1F0AEBF738
:10754000D4FF08E01FED3A1A5FED240A0A201FED70
:107550003B0AEBF7CAFF012005F09CFFE9F782FA2E
:1075600000B912E08021D74802F094FD0028DBD05A
:10757000D5480068D5490968441A002C02DB20462A
:1075800001E00FE060421428CEDC00BFD048006864
:10759000401CCF490860CE48006840F20E61884226
:1075A000C1DBA1E0CB48006801284CD1CA48006883
:1075B000012848D1C9480068A0BBC948006888BBF9
:1075C0000020C349086037E01DE0C7480068B042AA
:1075D00009DD1FED5D1A5FED470A0C209FEDC30A20
:1075E000EBF783FF08E01FED621A5FED4C0A0A20FB
:1075F0001FED640AEBF779FF012005F04BFFE9F777
:1076000031FA00B912E08021AE4802F043FD0028B3
:10761000DBD0AD480068AD490968441A002C02DB94
:10762000204601E00FE060421428CEDC00BFA848ED
:107630000068401CA6490860A548006840F20E6139
:107640008842C1DB50E0A348006801284CD1A24821
:107650000068012848D1A1480068012844D1A04809
:10766000006888BB00209A49086037E01DE09E480A
:107670000068B04209DD1FED861A5FED700A0C202C
:107680009FED9A0AEBF731FF08E01FED8B1A5FEDD3
:10769000750A0A201FED8D0AEBF727FF012005F080
:1076A000F9FEE9F7DFF900B912E08021854802F020
:1076B000F1FC0028DBD08448006884490968441A3A
:1076C000002C02DB204601E00EE060421428CEDCF4
:1076D00000BF7F480068401C7D4908607C48006806
:1076E00040F20E618842C1DB0020EBF709FE70BD5D
:1076F00010B57F494842EEF7E9F840F20910ECF77F
:1077000003FF7C480068002860D19FED7B1A5FED85
:10771000950A12201FEDAD0AEBF7E7FE00206C4939
:10772000086020E006E0012005F0B4FEE9F79AF9D0
:1077300000B912E04FF48071704802F0ABFC0028F1
:10774000F1D06148006861490968441A002C01DBE6
:10775000204600E060421428E5DC00BF5C48006879
:10776000401C5B4908605A480068FA28DADB9FED44
:10777000621A5FEDAE0A0A201FEDC60AEBF7B5FEEE
:107780000020534908601AE006E0012005F082FE5F
:10779000E9F768F900B90CE040214A4802F07AFCA8
:1077A0000028F2D04FF48071544802F073FC002896
:1077B000EBD000BF46480068401C4549086044487B
:1077C0000068FA28E0DB0020EBF79AFD49480068E2
:1077D000012801D1FEF7F3F810BD10B5F4F744FC11
:1077E0004448006801283CD1EFF76AF94FF4FA5099
:1077F00005F050FEB6EE001A5FEDD00A0A201FED2C
:10780000E70AEBF772FE0020314908601AE006E053
:10781000E9F728F900B90FE0012005F03BFE40210F
:10782000284802F037FC0028F2D04FF4807133482A
:1078300002F030FC0028EBD000BF25480068401C57
:10784000234908602248006840F20E618842DEDB6E
:107850000020EBF755FD4FF47A7005F01BFEFEF7A4
:10786000AEF80020EBF74CFD10BD10B5F4F736F87C
:107870000020EBF745FD1F480068012807D1EFF70E
:107880001FF94FF4FA5005F005FEFDF794FE0020B5
:10789000EBF736FD10BD10B5F4F7E6FB0020EBF773
:1078A0002FFD14480068012858D1EFF709F94FF46B
:1078B000FA5005F0EFFDB6EE001ADFED110A0A20CE
:1078C00020E0000000040240BC000020F40300207F
:1078D000A4030020980200209C020020A0020020A7
:1078E000A4020020A0000020A400002000803B444F
:1078F0007CFCFFFFE80000206666663F0000024057
:10790000000061C49FEDFE0AEBF7EFFD0020FD498A
:10791000086014E006E0E9F7A5F800B909E00120E5
:1079200005F0B8FD4FF48071F74802F0B3FB002872
:10793000F1D000BFF3480068401CF2490860F148EC
:10794000006840F20E618842E4DB0020EBF7D8FCCF
:107950004FF47A7005F09EFDFEF731F80020EBF74A
:10796000CFFC10BD10B5F4F77FFB0020EBF7C8FC8F
:10797000E6480068012807D1EFF7A2F84FF4FA5063
:1079800005F088FDFEF7C8FF0020EBF7B9FC10BD3D
:1079900010B5F5F70FF90020EBF7B2FCDB480068F3
:1079A000012807D1EFF78CF84FF4FA5005F072FD7B
:1079B000F4F780F910BD10B5F4F70EFF0020EBF7D7
:1079C0009FFCD248006801282DD1EFF779F84FF4D9
:1079D0007A6005F05FFD40F20910ECF795FD00209C
:1079E000C849086019E006E0012005F053FDE9F7F9
:1079F00039F800B90BE0C6490968C64A1268881A06
:107A0000002801DB014600E041420F29ECDC00BF09
:107A1000BC480068401CBB490860BA48006832286E
:107A2000E1DBFEF779F910BD10B5F4F7D5FE0020C3
:107A3000EBF766FCB5480068012807D1EFF740F87E
:107A40004FF4FA5005F026FDFEF766FF10BD10B5A5
:107A50004FF42F70ECF758FD0020AA49086019E098
:107A600006E0012005F016FDE8F7FCFF00B90BE089
:107A7000A7490968A74A1268881A002801DB01464D
:107A800000E041420A29ECDC00BF9E480068401C2F
:107A90009C4908609B4800689628E1DBEFF710F8E6
:107AA0004FF47A719C4800680A30FBF794FC002080
:107AB000EBF726FCB6EE001A5FED6F0A06209FED8D
:107AC000900AEBF712FD00208E49086013E006E0F3
:107AD000012005F0DFFCE8F7C5FF00B905E08021D3
:107AE0008E4802F0D7FA0028F2D000BF854800681F
:107AF000401C844908608348006840F21A4188426B
:107B0000E5DB0A20EBF7FCFB80480068012827D161
:107B10008348006801280FD18248006860B9824814
:107B2000006848B98148006830B94FF47A718048DC
:107B30000068FBF750FC13E07948006801280FD17A
:107B40007848006801280BD17748006840B9774829
:107B5000006828B94FF47A716F480068FBF73BFC66
:107B60000020EBF7CDFBB6EE001A5FED9B0A062076
:107B70009FED630AEBF7B9FC00206249086013E04F
:107B800006E0012005F086FCE8F76CFF00B905E08F
:107B90008021624802F07EFA0028F2D000BF5948E6
:107BA0000068401C574908605648006840F21A4176
:107BB0008842E5DB4FF4FA6005F06CFC0020EBF73F
:107BC0009FFB10BD10B5EEF77BFF50480068012801
:107BD00035D14FF47A7157480068FBF7FCFB40F24F
:107BE0003F20ECF791FC9FED541A5FEDBB0A062095
:107BF0009FED430AEBF779FC00204249086013E04F
:107C000006E0012005F046FCE8F72CFF00B905E08E
:107C10008021424802F03EFA0028F2D000BF3948E5
:107C20000068401C374908603648006840F21A4135
:107C30008842E5DB4FF4FA6005F02CFC1EE0334887
:107C40000068D8B93D48006850B93A490968A1F1BF
:107C50000F00372305224FF47A71FBF71CFA0DE071
:107C600036480068012809D135490968A1F10F009B
:107C70003C2305224FF47A71FBF70DFA0020EBF755
:107C80003FFB01202F49086010BD10B5EEF718FF2B
:107C90001E48006801285AD14FF47A7125480068BF
:107CA000FBF799FB40F23F20ECF72EFC9FED221AE8
:107CB0005FEDED0A06209FED120AEBF716FC00209F
:107CC0001049086013E006E0012005F0E3FBE8F747
:107CD000C9FE00B905E08021104802F0DBF9002858
:107CE000F2D000BF07480068401C064908600548FC
:107CF000006840F21A418842E5DB4FF4FA6023E065
:107D000000006144A403002000000240E8000020BD
:107D1000BC000020F4030020F40100200004024015
:107D2000980200209C020020A0020020A402002053
:107D3000F0010020E80100209A99993E50020020AD
:107D4000E0010020F400002005F0A4FB1EE0FD4847
:107D50000068D8B9FC48006850B9FC490968A1F12D
:107D60000F00372305224FF47A71FBF794F90DE0E9
:107D7000F5480068012809D1F5490968A1F10F000B
:107D80003C2305224FF47A71FBF785F90120F14974
:107D900008600020EBF7B4FA10BD10B54FF42F7057
:107DA000ECF7B2FB0020EC49086019E006E0012086
:107DB00005F070FBE8F756FE00B90BE0E7490968EB
:107DC000E74A1268881A002801DB014600E04142B8
:107DD0000A29ECDC00BFE0480068401CDE4908606E
:107DE000DD4800689628E1DBEEF76AFEDD490968A8
:107DF000A1F10A004FF47A71FBF7EDFAB6EE001A22
:107E0000DFEDD90A06201FED420AEBF76EFB0020DA
:107E1000D149086013E006E0012005F03BFBE8F7DC
:107E200021FE00B905E08021D04802F033F9002896
:107E3000F2D000BFC8480068401CC7490860C64867
:107E4000006840F21A418842E5DB0A20EBF758FA55
:107E5000BC480068012827D1C548006801280FD117
:107E6000C448006860B9C448006848B9C34800689D
:107E700030B94FF47A71BB480068FBF7ACFA13E0F5
:107E8000BB48006801280FD1BA48006801280BD10F
:107E9000B948006840B9B948006828B94FF47A7108
:107EA000B7480068FBF797FAB6EE001ADFEDAE0AA6
:107EB00006201FED6D0AEBF718FB0020A6490860AD
:107EC00013E006E0012005F0E5FAE8F7CBFD00B984
:107ED00005E08021A54802F0DDF80028F2D000BFBF
:107EE0009D480068401C9C4908609B48006840F21F
:107EF0001A418842E5DB4FF4FA6005F0CBFA002026
:107F0000EBF7FEF910BD30B500201AE0002115E0B6
:107F1000002210E09B4B00EB801404EB44049A4DCC
:107F200005EBC40401EB810505EBC10504EB8504F9
:107F300044F82230521C0D2AECDB491C1E29E7DBD9
:107F4000401C1E28E2DB914C914BC3F80C42914C33
:107F5000C3F81042904CC3F81442AFF2C1148A4BDC
:107F6000C3F8444EAFF2DD24C3F8404EAFF2AB3459
:107F70008A4BC3F81042AFF22954C3F80C42884C24
:107F8000884BC3F83844884CC3F83C44844CC3F84D
:107F90004044864C7C4B9C63854CDC63834C1C6466
:107FA000844C5C64824C9C64DC641C655C65814C24
:107FB0009C65DC651C665C66AFF29354DC67C3F8B5
:107FC0008040AFF20D64C3F88840C3F89440AFF22C
:107FD0003F64C3F88C40C3F89840AFF27764C3F8AD
:107FE000AC40AFF24D74C3F8B040AFF61104C3F823
:107FF000B840AFF28974C3F8BC40AFF62104C3F8AF
:10800000C4406D4CC3F8C840AFF61B14C3F8EC462F
:10801000AFF6CD44C3F8F046684CC3F8F446684C5C
:10802000C3F8F846674CC3F8FC46674CC3F80047F2
:10803000664CC3F80447644CC3F80847644CC3F863
:108040000C47644CC3F81047634CC3F81447634CA7
:10805000C3F8184730BD1FB56148006800B91FBD9F
:1080600066E0F7F754FF02A8E9F781FE00B963E084
:108070006846E9F76AFEA8B39DF80A00022817D1FE
:108080009DF80B000A2813D19DF80C0002280FD18F
:108090009DF80200022825D19DF803000A2821D16D
:1080A0009DF8040003281DD101202749086019E02C
:1080B0009DF80A00032815D19DF80B000A2811D15C
:1080C0009DF80C0002280DD19DF80200032809D16B
:1080D0009DF803000A2805D19DF80400012801D16C
:1080E000404908609DF80A001E281DDA9DF80B0023
:1080F0001E2819DA9DF80C000D2815DA9DF80A10D3
:1081000001EB811101EB41011F4A02EBC1019DF816
:108110000B2002EB820303EBC20201EB82019DF80C
:108120000C2051F8220080474FF47A7005F0B2F924
:108130002B480068002894DC00BF00202A49087002
:1081400000BF8CE7E800002054020020E801002076
:10815000F0010020F4000020A4030020BC00002057
:10816000F4030020E0010020000061C4000402408C
:10817000980200209C020020A0020020A4020020FF
:10818000E401002007FD00087C0A0020433D0108AF
:108190006C470020633D0108833D0108C41C00209A
:1081A000193E01085C840020A33D01083FB500088A
:1081B000BFB600082FD00008CBC70008F56E010835
:1081C000B96D0108D96C0108F95B01081560010857
:1081D000A55801080F55010815500108E548010888
:1081E0005802002050020020610200200EB5B7EEB8
:1081F000001A5FED230A06209FEDFB0AEBF775F9E5
:1082000040F2DC5005F046F96420F849086040F27D
:108210005B20F74908600020F649086019E006E095
:10822000012005F037F9E8F71DFC00B90BE0F24931
:108230000968EF4A1268881A002801DB014600E04D
:1082400041420529ECDC00BFEA480068401CE949CE
:108250000860E84800689628E1DB0020E5490860EE
:108260001EE013E014206FF0C7010122A823CDE91E
:1082700000210290E14A51420620EFF7EAF901207D
:1082800005F008F9E8F7EEFB00B903E0DC48006808
:108290006728E7DB00BFD7480068401CD549086065
:1082A000D448006840F226218842DADB0020EBF750
:1082B00027F84FF47A71A820FBF78DF80020EBF730
:1082C0001FF80EBD10B5CF48C07F40F08000CD49EB
:1082D000C8770846C07F40F02000C8770020C54915
:1082E00008601BE006E0012005F0D4F8E8F7BAFBCF
:1082F00000B90DE04FF40061C34801F0CBFE012846
:10830000F1D04FF40061C04801F0C4FE0128EAD06A
:1083100000BFB8480068401CB6490860B54800680E
:108320003228DFDBFBF753FF0020EAF7E9FF10BD3F
:1083300010B50020AF49086011E006E0012005F00B
:10834000A9F8E8F78FFB00B903E0B048006864289B
:10835000F4DC00BFA7480068401CA6490860A54897
:108360000068B0F57A7FE8DBA64890F8230040F07B
:108370000100A44981F823004FF4FA5005F08AF86F
:1083800000209C49086011E006E0012005F082F819
:10839000E8F768FB00B903E09C4800688228F4DB3A
:1083A00000BF94480068401C9249086091480068EA
:1083B000B0F57A7FE8DB4FF4FA5005F06BF8012056
:1083C0009349086010BD10B54FF40061914801F069
:1083D00061FEA8BB4FF400518B4801F05BFE78BBF7
:1083E0004FF48061884801F055FE012829D1C1036E
:1083F000854801F04FFE012823D18102854801F014
:1084000049FE01281DD101037F4801F043FE0128E8
:1084100017D181037C4801F03DFE012811D1810371
:108420007C4801F037FE01280BD164206F490860B9
:108430004FF4CD706E490860012077490860C0E0B4
:10844000FFE74FF40061734801F024FEA8BB4FF42E
:1084500000516D4801F01EFE78BB4FF480616A4800
:1084600001F018FE48BB4FF40041674801F012FECE
:1084700018BB4FF48061674801F00CFE01281DD144
:108480000103614801F006FE012817D181035E480F
:1084900001F000FE012811D181035E4801F0FAFDD0
:1084A00001280BD16420514908604FF4CD70504928
:1084B000086001205849086083E0FFE74FF400613D
:1084C000544801F0E7FDA8BB4FF400514E4801F0BD
:1084D000E1FD78BB4FF480614B4801F0DBFD48BB08
:1084E0004FF40041484801F0D5FD18BB4FF48061BE
:1084F000484801F0CFFDE8B94FF48051424801F0FF
:10850000C9FDB8B94FF480413F4801F0C3FD0128CF
:1085100011D181033F4801F0BDFD01280BD164203A
:108520003249086040F253203149086001203B493C
:10853000086046E0FFE74FF40061364801F0AAFD0D
:10854000A0BB4FF40051304801F0A4FD70BB4FF4C4
:1085500080612D4801F09EFD40BB4FF400412A4848
:1085600001F098FD10BB4FF480612A4801F092FDA4
:10857000E0B94FF48051244801F08CFDB0B94FF4BC
:108580008041214801F086FD80B94FF480412148A7
:1085900001F080FD50B96420144908604FF4CD709B
:1085A0001349086001201C4908600AE0FFE76420C5
:1085B0000E49086040F253200D4908600120174918
:1085C000086010BD3EB50446FFF7FDFEB6EE001A8A
:1085D000DFED130A23209FED130AEAF786FF002040
:1085E0000449086033E000000000E1442404002056
:1085F00000040020A4030020B00000207CFCFFFF4A
:108600009C0000200400002000040240A80000207C
:10861000E0000020000C0240680100206C010020F6
:10862000000000000000614406E0012004F032FF79
:10863000E8F718FA00B904E0FE480068B0F5E17FF9
:10864000F3DC00BFFC480068401CFB490860FA48A6
:10865000006840F226218842E6DB0020F6490860E7
:1086600020E014E00A204FF4AF7102222346CDE946
:108670000021029000224FF461711920EFF79DF95B
:10868000052004F007FFE8F7EDF900B904E0E94838
:108690000068B0F5A57FE5DC00BFE7480068401C36
:1086A000E5490860E448006840F226218842D8DBAA
:1086B0000020E14908601EE013E00A209621022212
:1086C0002346CDE90021029000224FF461710F2072
:1086D000EFF773F9052004F0DDFEE8F7C3F900B900
:1086E00003E0D4480068C828E7DC00BFD24800682F
:1086F000401CD1490860D048006840F226218842D9
:10870000DADB40F2C710EBF7FFFE0020CA49086031
:108710001EE013E00A20962102222346CDE9002123
:10872000029000224FF461710520EFF746F9052011
:1087300004F0B0FEE8F796F900B903E0BD48006820
:10874000AB28E7DC00BFBC480068401CBA490860A1
:10875000B948006840F226218842DADB0020EAF7B7
:10876000CFFDB6480068012828D1C102B44801F005
:1087700091FC18BBB348C07F40F08000B149C87776
:108780000020AD49086014E006E0012004F082FEFC
:10879000E8F768F900B906E04FF40061AA4801F073
:1087A00079FC0128F1D000BFA3480068401CA24911
:1087B0000860A14800683228E6DB85E09F48006831
:1087C000012828D18103A04801F064FC18BB9D4812
:1087D000C07F40F020009B49C87700209649086080
:1087E00014E006E0012004F055FEE8F73BF900B97B
:1087F00006E04FF40061944801F04CFC0128F1D0F0
:1088000000BF8D480068401C8B4908608A4800689A
:108810003228E6DB58E08D480068012828D1810223
:10882000894801F037FC18BB8648C07F40F0200023
:108830008449C87700208049086014E006E00120E0
:1088400004F028FEE8F70EF900B906E04FF4004105
:108850007B4801F01FFC0128F1D000BF764800687A
:10886000401C75490860744800683228E6DB2BE03C
:1088700076480068012827D18102714801F00AFC7E
:1088800010BB7048C07F40F080006E49C877002060
:108890006949086014E006E0012004F0FBFDE8F7F8
:1088A000E1F800B906E04FF40041654801F0F2FB41
:1088B0000128F1D000BF60480068401C5E49086094
:1088C0005D4800683228E6DB0020EAF719FD3EBD6E
:1088D0003EB50446FFF777FD9FED5D1A5FEDB00AE8
:1088E00023201FEDB00AEAF700FE0020524908607D
:1088F00012E006E0012004F0CDFDE8F7B3F800B97E
:1089000004E04C480068B0F5E67FF3DC00BF4A485D
:108910000068401C484908604748006840F226212A
:108920008842E6DB00204449086020E014E00A2089
:108930004FF4AF7103222346CDE9002102900022BB
:108940004FF461711E20EFF738F8052004F0A2FD06
:10895000E8F788F800B904E036480068B0F5A57F6C
:10896000E5DC00BF34480068401C334908603248E9
:10897000006840F226218842D8DB00202E4908609A
:108980001EE013E00A20962102222346CDE90021B1
:10899000029000224FF461710F20EFF70EF80520CE
:1089A00004F078FDE8F75EF800B903E021480068BC
:1089B000D228E7DC00BF20480068401C1E49086040
:1089C0001D48006840F226218842DADB40F2C710D9
:1089D000EBF79AFD0020184908601EE013E00A201A
:1089E000642102222346CDE90021029000224FF4A7
:1089F00061710520EEF7E1FF012004F04BFDE8F77F
:108A000031F800B903E00B480068AB28E7DC00BF91
:108A100009480068401C084908600748006840F29F
:108A200026218842DADB0020EAF76AFC0020EAF718
:108A300067FC0FE0A4000020A403002068010020D0
:108A4000000C024004000020000402406C010020E1
:108A50009A99993EF7480068012828D1C102F64842
:108A600001F018FB18BBF548C07F40F08000F349C7
:108A7000C8770020F249086014E006E0012004F005
:108A800009FDE7F7EFFF00B906E04FF40061ED489C
:108A900001F000FB0128F1D000BFE9480068401C4C
:108AA000E7490860E64800683228E6DB85E0E148EF
:108AB0000068012828D18103E24801F0EBFA18BBD5
:108AC000DE48C07F40F02000DC49C8770020DC4948
:108AD000086014E006E0012004F0DCFCE7F7C2FFC8
:108AE00000B906E04FF40061D64801F0D3FA01283E
:108AF000F1D000BFD2480068401CD1490860D0487E
:108B000000683228E6DB58E0CF480068012828D109
:108B10008102CC4801F0BEFA18BBC848C07F40F0C3
:108B20002000C649C8770020C549086014E006E067
:108B3000012004F0AFFCE7F795FF00B906E04FF421
:108B40000041BD4801F0A6FA0128F1D000BFBC48A1
:108B50000068401CBA490860B94800683228E6DB62
:108B60002BE0B9480068012827D18102B24801F002
:108B700091FA10BBB148C07F40F08000AF49C87780
:108B80000020AF49086014E006E0012004F082FCF8
:108B9000E7F768FF00B906E04FF40041A64801F08E
:108BA00079FA0128F1D000BFA5480068401CA4490B
:108BB0000860A34800683228E6DB0020EAF7A0FB43
:108BC0003EBD10B59B480068012802D1FBF7F5FBBC
:108BD00005E09D480068012801D1FBF7F8FA10BDB7
:108BE00010B59A480068012803D16E20FFF7EAFC0F
:108BF0000EE096480068022803D13820FFF7E2FC17
:108C000006E092480068032802D10120FFF760FEC9
:108C1000FFF7D7FF10BD70B5F7F723FA8C4800783F
:108C200018B98C480078002872D08B48006800285A
:108C30000FDB8948006812280BDC88480068882808
:108C400007DB86480068A22803DC032084490870FB
:108C500022E18148006822280FDB7F48006846280F
:108C60000BDC7E480068562807DB7C4800687828C3
:108C700003DC02207A4908700EE177480068572823
:108C80000FDB754800687E280BDC744800681B28E1
:108C900007DB72480068432803DC01207049087034
:108CA000FAE06D4D2D68A5F10904002C01DB254685
:108CB00000E06542694E3668A6F19503002B01DBA2
:108CC0001E4600E05E42A819634D2D68A5F13404EC
:108CD000002C01DB254600E06542604E3668A6F1B7
:108CE0006703002B01DB1E4600E05E42A9195A4DC6
:108CF0002D68A5F16A04002C01DB254600E06542E1
:108D0000564E3668A6F12F03002B02DB1E4601E00B
:108D100015E05E42AA19884205DC904203DC032379
:108D20004F4C23700AE0814205DC914203DC0223B0
:108D30004B4C237002E00123494C2370ACE04948BE
:108D4000007818B948480078002812D042480068D6
:108D500018280FDB404800683E280BDC3F480068BD
:108D60005F2807DB3D480068852803DC03203C4979
:108D7000087091E0384800684D280FDB36480068DD
:108D800070280BDC354800682C2807DB3348006866
:108D90004F2803DC0220324908707DE02E4800682D
:108DA00085280FDB2C480068A2280BDC2B480068C4
:108DB000002807DB29480068172803DC0120284920
:108DC000087069E0244D2D68A5F12B04002C01DB0F
:108DD000254600E06542214E3668A6F17203002B5D
:108DE00001DB1E4600E05E42A8191B4D2D68A5F16F
:108DF0005E04002C01DB254600E06542174E366814
:108E0000A6F13D03002B01DB1E4600E05E42A919DE
:108E1000114D2D68A5F19304002C01DB254600E0DF
:108E200065420E4E3668A6F10B03002B1EDB1E4674
:108E30001DE0000068010020000C0240040000203A
:108E4000A4030020000402406C0100206C020020FA
:108E5000C4020020C70200209C00002098000020CF
:108E6000C8020020C5020020C60200205E42AA19E6
:108E7000884205DC904203DC0323FE4C23700AE0A9
:108E8000814205DC914203DC0223FA4C237002E0AC
:108E90000123F84C237000BF70BD10B500219FED79
:108EA000F60A4FF46170EAF7B1FA06E0012004F027
:108EB000F1FAE7F7D7FD00B903E0EAF7C1F80028B7
:108EC000F4D100BFF7F7CDF8FFF7A5FEEB48007827
:108ED00010B9EB48007890B3E648007803280CD12D
:108EE0006421A020F4F701FA0020EAF709FA4FF410
:108EF0007A71A820EDF7DBFA5AE0DE480078022804
:108F00000CD164216B20F4F7F0F90020EAF7F8F9AE
:108F10004FF47A71A820EDF7CAFA49E0D5480078F5
:108F2000012845D164213620F4F7DFF90020EAF763
:108F3000E7F94FF47A71A820EDF7B9FA38E0FFE7C6
:108F4000D048007810B9D048007800B3C9480078FC
:108F500003280CD164218520F4F7C7F90020EAF733
:108F6000CFF94FF47A71A820EDF7A1FA20E0C148BB
:108F7000007802280CD164215F20F4F7B6F90020B4
:108F8000EAF7BEF94FF47A71A820EDF790FA0FE0F6
:108F9000B848007801280BD164214F20F4F7A5F9D7
:108FA0000020EAF7ADF94FF47A71A820EDF77FFAC7
:108FB0000020EAF7A5F940F2EF10EBF7A5FA002040
:108FC000B249086019E006E0012004F063FAE7F70F
:108FD00049FD00B90BE0AE490968AE4A1268881A2B
:108FE000002801DB014600E041420A29ECDC00BF19
:108FF000A6480068401CA5490860A4480068FA28F3
:10900000E1DBF7F73DFE10BD10B540F21B124FF447
:10901000C861A120F9F7D9FDFFF78AF99E480068D9
:10902000012801D1FFF717F89C480068012805D1F5
:109030001220FAF749FF0220984908609748006813
:10904000022804D1F8F71AFB0320944908609348DA
:109050000068032804D1FFF720FF04208F4908602F
:1090600010BD10B5F8F77AFEFEF7F5FF10BD10B58C
:109070008B480068012804D1C821D020F9F795FA5F
:1090800011E087480068022804D1C821FF20F9F7C1
:109090008CFA08E082480068032804D1C8214FF404
:1090A0009770F9F782FA0020EAF72AF97C480068FD
:1090B000012807D07A480068022803D07848006861
:1090C000032836D17748C07F40F080007549C877C3
:1090D00000206E49086014E006E0012004F0DAF98F
:1090E000E7F7C0FC00B906E04FF400616E4800F0FD
:1090F000D1FF0128F1D000BF64480068401C6349DB
:109100000860624800683228E6DB4FF4F570EBF740
:10911000FBF94FF47A710520F9F7FBF90020EAF723
:10912000EFF80423232240F2591140F2E510F7F73B
:1091300026FC5B480068042807D0594800680528C9
:1091400003D05748006806281BD10021B6EE000A5C
:109150005648EAF75BF906E0012004F09BF9E7F7CF
:1091600081FC00B903E0E9F76BFF0028F4D100BFF0
:109170000020EAF7C5F840F2C620EBF7C5F9F8F78A
:109180007DFA10BD10B54FF4AF70EBF7BDF9B6EE38
:10919000001ADFED470A23209FED460AEAF7A5F9FA
:1091A00000203A49086012E006E0012004F072F95C
:1091B000E7F758FC00B904E03F480068B0F5AF7F1E
:1091C000F3DC00BF31480068401C304908602F487C
:1091D000006840F226218842E6DBB6EE001ADFED99
:1091E000340A19209FED330AEAF77FF90020274956
:1091F000086011E006E0012004F04CF9E7F732FCCA
:1092000000B903E02C480068DC28F4DC00BF1F48EC
:109210000068401C1D4908601C48006840F2262177
:109220008842E7DB0020EAF76BF800201749086066
:1092300006E0F9F7AFFA15480068401C13490860CA
:109240001248006841F288318842F2DB4FF4D7704F
:10925000EBF75AF91348C07F40F004001149C87772
:10926000FA2016490860AA2015490860B6EE001ACF
:1092700028E00000C80200209A99993EC40200200C
:10928000C7020020C5020020C6020020A40300205F
:10929000BC000020F4030020E0000020AC0200200D
:1092A0007802002004000020000402407CFCFFFF44
:1092B000000000000000E144980000202C04002081
:1092C000180400205FED060A14201FED060AEAF7D5
:1092D0000CF90020FD49086011E006E0012004F0CF
:1092E000D9F8E7F7BFFB00B903E0F9480068822826
:1092F000F4DC00BFF5480068401CF4490860F348FE
:10930000006840F226218842E7DB0020EF49086030
:1093100006E0F9F73FFAED480068401CEB490860A9
:10932000EA48006841F288318842F2DBB6EE001A62
:109330005FED210A11201FED210AEAF7D6F800207F
:10934000E249086011E006E0012004F0A3F8E7F725
:1093500089FB00B903E0DE4800681928F4DC00BF8F
:10936000DA480068401CD9490860D848006840F2D3
:1093700026218842E7DBB6EE001A5FED330A0620AD
:109380001FED340AEAF7B1F80020D049086011E077
:1093900006E0012004F07EF8E7F764FB00B903E083
:1093A000CB4800680428F4DC00BFC8480068401CB3
:1093B000C6490860C548006840F226218842E7DBBC
:1093C0004FF47A7004F066F80020E9F799FFEEF7A1
:1093D000A4FFFA20BF490860BF4800680F30BF49AA
:1093E00008600020B949086019E006E0012004F097
:1093F00051F8E7F737FB00B90BE0B9490968B74AFC
:109400001268881A002801DB014600E04142052964
:10941000ECDC00BFAD480068401CAC490860AB48BC
:10942000006840F226218842DFDB4FF47A7004F0B6
:1094300031F8AC48C07F00F0FB00AA49C8774FF470
:10944000FA6004F027F8FA20A2490860A6480068EC
:10945000A2490860B6EE001A5FED6B0A0F201FEDFF
:109460006C0AEAF742F841F6583004F013F800208D
:10947000E9F746FFFFF7FBFD10BD10B500219FED9A
:109480009B0A4FF46170E9F7C1FF06E0012004F088
:1094900001F8E7F7E7FA00B903E0E9F7D1FD0028A2
:1094A000F4D100BF10BD10B50121914800F0F2FDCC
:1094B00030B990480068012802D1FFF7A5FD16E0F9
:1094C00001218B4800F0E6FD30B98A480068022887
:1094D00002D1FFF7C6FD0AE00121854800F0DAFD60
:1094E00028B985480068012801D1FFF74BFE10BD5F
:1094F0002DE9F04104460D460020744908603DE026
:109500002CE07E480068071B3C2204213846EDF71A
:109510001EFD064679480068001B002809DD9FED06
:10952000781ADFED780A30461FED9E0AE9F7DDFF75
:1095300010E072480068001B09D59FED711ADFED3D
:10954000710A30461FEDA60AE9F7CFFF02E00020BE
:10955000E9F7D6FEE7F786FA00B909E06749096836
:10956000081B002801DB014600E041420129C8DC5C
:1095700000BF56480068401C5449086053480068C2
:10958000A842BDDBBDE8F08110B500204F4908605E
:1095900040E02BE04FF40061554800F07BFD48B9F6
:1095A0000121594800F076FD20B904215748E9F718
:1095B00092FF14E04FF40051534800F06BFD58B98E
:1095C0004FF40061524800F065FD28B9042140F2D3
:1095D0008E30E9F780FF02E00020E9F791FE0120DC
:1095E00003F058FFE7F73EFA00B90DE04FF40061D1
:1095F0003F4800F04FFD0028CCD04FF400514248C6
:1096000000F048FD0028C5D000BF30480068401C6D
:109610002E4908602D480068C828BADB0020E9F709
:109620006FFE10BD10B53B480068012819D13A48BB
:109630000068B0B93948006898B93948006880B9FD
:109640009FED2F1ADFED2F0A0A209FED360AE9F76A
:109650004CFF4FF47A6003F01DFF0020E9F750FE45
:109660008EE02C48006801281AD12B480068012898
:1096700016D12A48006898B92948006880B99FED3A
:10968000201ADFED200A0A209FED260AE9F72DFFB8
:109690004FF47A6003F0FEFE0020E9F731FE6FE040
:1096A0001C48006801284BD11B480068012847D19D
:1096B0001A480068012843D11948006828B99FED6D
:1096C000101ADFED100A0A202EE039E0A403002072
:1096D000980000202C040020100400201804002012
:1096E000C400002004000020B00100206666663F30
:1096F000000C02407C02002080020020A00000201C
:10970000CDCC4C3F000061C40004024072FCFFFF5E
:1097100000000240980200209C020020A0020020CD
:10972000A4020020000016C39FEDF20AE9F7DDFE57
:109730004FF47A6003F0AEFE0020E9F7E1FD1FE090
:10974000ED48006801281BD1EC480068012817D1BA
:10975000EB480068012813D1EA48006801280FD1BE
:109760001FED191A5FED190A0A209FEDE20AE9F7C9
:10977000BCFE4FF47A6003F08DFE0020E9F7C0FDD7
:1097800010BD10B5F3F716FA0020E9F7B9FDDE4871
:109790000068012832D1EDF793F9B6EE001A5FEDBB
:1097A000270A0A209FEDD90AE9F79FFE0020D84931
:1097B000086014E006E0E7F755F900B909E0012078
:1097C00003F068FE4FF48071D24800F063FC00287B
:1097D000F1D000BFCE480068401CCD490860CC489D
:1097E000006840F20E618842E4DB0020E9F788FD62
:1097F0004FF47A7003F04EFEFCF7E1F810BD10B59F
:10980000044600BF8021C44802F0FDFB0028F9D0C7
:109810002146C14802F047FB10BD38B505462A462F
:10982000BEA1684604F002FE6C4603E02078FFF714
:10983000E6FF641C20780028F8D138BD09E0282014
:10984000E9F7B2F90121B74802F002FB0F2003F05B
:1098500021FEF4E717E0EAF79FF9EAF7E1FAEAF701
:1098600012FCB148006808B9EAF775FDAF48006816
:1098700008B9EAF7C0FCAE48006808B9EAF711FD7C
:10988000032003F007FEE6E714E0AA480068012879
:1098900001D1F1F766FDA8480068012801D1F1F770
:1098A000AEFCA6480068012801D1F1F7BBFB0320FC
:1098B00003F0F0FDE9E704E0EAF7B2F8032003F073
:1098C000E9FDF9E71FB5E7F7A3F9E7F7E0F9E7F7EF
:1098D00060FCE7F72BFEE7F7B0FDE7F7AFFEE7F731
:1098E0008BFA4FF4E130E7F7A8FF4FF4E130E8F7E7
:1098F00031F84FF4E130E8F7D5F84FF4E130E8F70C
:1099000063F94FF46120E8F751FB4FF4E130E8F7D9
:109910002CFCE9F7A2FA002089490860E8F7DFFD8E
:10992000002000900190029003464FF4807285A1C0
:109930000390894803F06FFB002000900190029093
:1099400003464FF4807285A10390894803F063FBBE
:10995000002000900190029003464FF4807285A190
:109960000390894803F057FB4FF47A7003F092FD9F
:10997000EAF7BCFD854800688549086085480068AD
:1099800085490860642085490860854800688549E4
:109990000860FA20844908608448006884490860A7
:1099A000FA20844908608448006884490860E8F720
:1099B00096FDEDF76FFCEEF725FC7CE073E01E21D1
:1099C0000520F3F77CFDEEF72AFAEEF795FAEEF7AD
:1099D000AFF9F3F74AFD7A480068642807DA794856
:1099E00090F8230040F00100764981F82300764882
:1099F000007800F0020008B1EEF7B8FB02217348CE
:109A000000F048FB68BBFEF77EFAFFF74CFD6E489E
:109A1000407800F0200038B16B48807920B16A4866
:109A2000C07908B9FEF717FB6748407800F01000CE
:109A300038B16548807920B16348C07908B9F2F738
:109A400013FB6148407800F0040060B35E48807901
:109A500048B35D48C07930BB4FF4C870EAF754FD95
:109A600021E0F6F751F9F9F741F85748407800F04E
:109A7000200048B15448807930B15348C07918B9B2
:109A800040F28A20EAF749FD4F48407800F0100084
:109A900048B14D48807930B14B48C07918B94FF47E
:109AA000AF70EAF73AFD4848007800F0010000285E
:109AB00085D1E9F725FC81E71FB5002000900190D2
:109AC000029003464FF4807241A10390434803F093
:109AD000A2FA002000900190029003464FF4807299
:109AE0003FA10390414803F096FA03F0ADFE002039
:109AF00004B010BD00C0F344980200209C02002076
:109B0000A0020020A4020020E80000200000614420
:109B1000A40300200000024000100140253032580C
:109B20002000000000480040980400209C04002011
:109B3000A0040020B0020020B4020020B8020020DF
:109B4000940400207461736B526F626F74416E6194
:109B50006C79746963730000B79801087461736B62
:109B6000446965754B6869656E436F4361750000B4
:109B7000899801087461736B446965754B68696500
:109B80006E436F436175310055980108B80000209D
:109B9000E8030020BC000020F4030020240400207F
:109BA000780100200004002028040020AC010020DF
:109BB0000C0400202C040020B00100201804002018
:109BC000A8000020040000206F08002000040240CC
:109BD0007461736B4D61696E00000000C5980108E7
:109BE0007461736B4779726F000000003D98010843
:109BF0000CB50020019000907248006840F480305D
:109C00007049086000BF6F48006800F400300090A1
:109C10000198401C0190009818B90198B0F5A06F08
:109C2000F1D16848006800F4003010B101200090C4
:109C300001E0002000900098012846D161484030A2
:109C4000006840F080505F49403108605E4800681D
:109C500040F480405C4908605A480830006859491F
:109C6000083108600846006840F400400860084673
:109C7000006840F4A05008605448091F0860081F9D
:109C8000006840F08070091F086000BF4D48006800
:109C900000F000700028F9D040F205604C490860DF
:109CA00048480830006820F0030046490831086041
:109CB0000846006840F00200086000BF41480830D4
:109CC000006800F00C000828F8D10CBD10B53D4824
:109CD000006840F001003B49086000203949083124
:109CE0000860384800683B490840364908603A48EF
:109CF000091D0860081F006820F48020091F086003
:109D0000002030490C310860FFF772FF4FF000600F
:109D10003249086010BD70B50020002202230024E3
:109D20000221284D08352D6805F00C0020B10428CB
:109D300006D0082834D107E0294D2A4E356033E09B
:109D4000294D284E35602FE01E4D2D1D2D68C5F381
:109D500080541C4D2D1D2D6805F03F0154B1224D3E
:109D6000B5FBF1F5174E361D3668C6F3881605FBB0
:109D700006F209E01A4DB5FBF1F5124E361D3668B4
:109D8000C6F3881605FB06F20E4D2D1D2D68C5F392
:109D900001456D1C6B00B2FBF3F5124E356003E01C
:109DA0000F4D104E356000BF00BF064D08352D68C1
:109DB000C5F303150D4E705D0A4D2D68C540094E63
:109DC000356070BD00380240007000400854400704
:109DD000003C0240FFFFF6FE1030002408ED00E0DA
:109DE0000024F4002005002000127A002405002041
:109DF0000648804706480047FEE7FEE7FEE7FEE725
:109E0000FEE7FEE7FEE7FEE7FEE7FEE7CD9C010882
:109E10008901000832490143324A1160704770B528
:109E2000002100230F22C4781CB32E4C246804F4B4
:109E3000E064C4F5E064C4F30721C1F10404E3B2B3
:109E40000A4144789C40E1B28478144021430C07D5
:109E5000210E254C05786155047804F01F05012476
:109E6000AC4005786D11AD0005F1E025C5F8004165
:109E700009E0047804F01F050124AC401B4D06786E
:109E8000761145F8264070BD194A0A400243154B29
:109E90001B1F1A60704739B1124A121D1268024323
:109EA000104B1B1D1A6006E00E4A121D12688243F9
:109EB0000C4B1B1D1A607047042808D14FF0E0219D
:109EC000096941F004014FF0E022116107E04FF011
:109ED000E021096921F004014FF0E022116170478F
:109EE0000000FA050CED00E000E400E080E100E095
:109EF00080FFFF1F10B504468C48844208D1012121
:109F0000084600F000FB0021012000F0FCFA5EE0B2
:109F10008748844208D10121022000F0F4FA002190
:109F2000022000F0F0FA52E08248844208D1012178
:109F3000042000F0E8FA0021042000F0E4FA46E0F2
:109F40007D48844208D10121082000F0DCFA00217C
:109F5000082000F0D8FA3AE07848844208D101217C
:109F6000102000F0D0FA0021102000F0CCFA2EE0F2
:109F70007348844208D10121202000F0C4FA002156
:109F8000202000F0C0FA22E06E48844208D101216E
:109F9000402000F0B8FA0021402000F0B4FA16E0AA
:109FA0006948844208D10121802000F0ACFA0021E8
:109FB000802000F0A8FA0AE06448844207D1012119
:109FC000801500F0A0FA0021A01500F09CFA10BD49
:109FD000F0B50A4600210023002400BF3DE0012522
:109FE00005FA01F3156805EA03049C4234D10568BB
:109FF0004F000326BE40B543056015794E00B540BD
:10A000000668354305601579012D02D01579022DBA
:10A0100016D185684F000326BE40B543856055794B
:10A020004E00B540866835438560456801268E4000
:10A03000B5434560456896798E40B6B23543456074
:10A04000C5684F000326BE40B543C560D5794E00B4
:10A05000B540C6683543C560491C1029BFD3F0BD63
:10A060004FF6FF7101600021017141718171C17171
:10A07000704708B54FF480320092009A0A4300926C
:10A08000009AC261C161009AC261C2690092C2694C
:10A09000009208BD0246002013690B400BB101205D
:10A0A00000E0002070470146086980B27047024610
:10A0B000002053690B400BB1012000E000207047E5
:10A0C0000146486980B270470183704741837047F9
:10A0D0000AB1018300E041837047416170474269E2
:10A0E0004A4042617047F0B5002300244D07ED0E51
:10A0F00002FA05F3CE1000F1200555F826504E0760
:10A10000F70E0F26BE40B543CF1000F1200646F8EB
:10A110002750CE1000F1200555F8265045EA0304DB
:10A12000CE1000F1200545F82640F0BD00000240A9
:10A130000004024000080240000C024000100240EF
:10A140000014024000180240001C0240002002409F
:10A15000FA48006840F00100F84908600020F7491B
:10A1600008310860F5480068F5490840F34908607F
:10A17000F448091D0860081F006820F48020091FAA
:10A1800008600020ED490C31086070470021EB4A5F
:10A19000921C117011460870704710B501460022DC
:10A1A000002300204A11012A02D1E44C236808E070
:10A1B000022A03D1E14C7034236802E0DF4C74348E
:10A1C000236801F01F02012494401C400CB10120BF
:10A1D00000E0002010BD38B50020009000240025CC
:10A1E00000BF3120FFF7D9FF05460098401C0090C2
:10A1F0000098B0F5A06F01D0002DF2D03120FFF70C
:10A20000CCFF08B1012400E00024204638BD0146FF
:10A210000020CA4A106820F0F80040EAC10010602F
:10A220007047C949086070470021C44A70321170F4
:10A230001170012802D004280AD104E00121BF4A8C
:10A240007032117005E00521BC4A7032117000E0D7
:10A2500000BF00BF7047BD490860704770B5049CDF
:10A2600041EA82150126C6EB530645EA0645054339
:10A2700045EA0465B14E361D356070BDB2490866C9
:10A280007047820142EA0172AC4B84331A60704716
:10A29000AD4988667047AC49C864704702460020E3
:10A2A000A64B0833186820F0EC6042EA010318431B
:10A2B000A24B083318607047024600209F4B0833BA
:10A2C000186820F0784042EA010318439B4B08339A
:10A2D0001860704701460020984A0832106820F044
:10A2E000030008431060704794480830006800F08D
:10A2F0000C00704701460020904A0832106820F098
:10A30000F000084310607047014600208B4A083275
:10A31000106820F4E05008431060704701460020A8
:10A32000864A0832106820F4604040EAC10010609C
:10A330007047F0B5002100220024022500260223E8
:10A340007E4F08373F6807F00C0121B1042905D082
:10A35000082937D105E07E4F076036E07D4F076062
:10A3600033E0764F3F1D3F68C7F38056734F3F1D64
:10A370003F6807F03F036EB1764FB7FBF3F7DFF8A6
:10A38000BCC10CF1040CDCF800C0CCF3881C07FB4A
:10A390000CF40CE06E4FB7FBF3F7DFF8A0C10CF143
:10A3A000040CDCF800C0CCF3881C07FB0CF4634FF2
:10A3B0003F1D3F68C7F301477F1C7D00B4FBF5F7E5
:10A3C000076002E0624F076000BF00BF5B4F0837C5
:10A3D0003F6807F0F00109095F4F7A5C0768D740D2
:10A3E0004760564F08373F6807F4E051890A5A4FD3
:10A3F0007A5C4768D7408760504F08373F6807F45A
:10A400006041490B544F7A5C4768D740C760F0BD44
:10A41000002100F44072B2F5407F0AD1474A083269
:10A42000116821F4F8114D4A02401143434A0832A1
:10A430001160424A70321268C0F30B031A433F4B5B
:10A4400070331A60704741494439086070473F498A
:10A4500040390860704742490860704739B1374A4F
:10A46000303212680243354B30331A6006E0334A0B
:10A47000303212688243314B30331A60704739B141
:10A480002E4A3432126802432C4B34331A6006E0F1
:10A490002A4A343212688243284B34331A60704798
:10A4A00039B1264A383212680243244B38331A60D5
:10A4B00006E0224A383212688243204B38331A6051
:10A4C000704739B11D4A4032126802431B4B40337A
:10A4D0001A6006E0194A403212688243174B403333
:10A4E0001A60704739B1154A443212680243134B5F
:10A4F00044331A6006E0114A4432126882430F4B1B
:10A5000044331A60704739B10C4A10321268024362
:10A510000A4B10331A6006E0084A10321268824370
:10A52000064B10331A607047E1B1044A14321268C6
:10A530000243024B14331A6019E000000038024055
:10A54000FFFFF6FE1030002400004742800E474215
:10A550000024F40000127A0034050020FFFCFF0FF5
:10A560005C0147425B4A126882435A4B1A6070474B
:10A5700039B1584A121D12680243564B1B1D1A600E
:10A5800006E0544A121D12688243524B1B1D1A608A
:10A59000704739B14F4A0C32126802434D4B0C33AD
:10A5A0001A6006E04B4A0C3212688243494B0C3366
:10A5B0001A60704739B1474A103212680243454B5E
:10A5C00010331A6006E0434A103212688243414B4E
:10A5D00010331A60704739B13E4A3C321268024368
:10A5E0003C4B3C331A6006E03A4A3C3212688243E4
:10A5F000384B3C331A60704739B1364A40321268E2
:10A600000243344B40331A6006E0324A403212684B
:10A610008243304B40331A60704739B12D4A44327F
:10A62000126802432B4B44331A6006E0294A443235
:10A6300012688243274B44331A60704739B1254A68
:10A640004C3212680243234B4C331A6006E0214A15
:10A650004C32126882431F4B4C331A60704739B139
:10A660001C4A5032126802431A4B50331A6006E0FB
:10A67000184A503212688243164B50331A607047A2
:10A6800039B1144AD21F12780243124BDB1F1A70E1
:10A6900006E0104AD21F127882430E4BDB1F1A705D
:10A6A00070470C486030006840F0807009496031A4
:10A6B0000860704701460020064A083A12680A40BE
:10A6C0000AB1012000E0002070470249891F08708C
:10A6D000704700001438024010B501210802FFF74E
:10A6E00069FF00214FF48070FFF764FF10BD30B5A3
:10A6F0000246002000235068F84C20400D790C6879
:10A7000044EA0524204350609068F54C2040D1E98C
:10A7100003542C438D682C434D7944EA450420436F
:10A720009060D06A20F470000C7D641EE4B2234374
:10A7300040EA0350D06230BD0021016001714171D7
:10A740008160C16001610121017570470021E54A06
:10A750001168E54A1140D0E900231A4383681A437F
:10A76000C3681A431143E14AC2F804137047002139
:10A77000016041608160C160704721B1826842F030
:10A780000102826003E0826822F001028260704769
:10A790000A4600214168D64B194011434160704779
:10A7A0004162826270470A460021416821F01F0120
:10A7B00011434160704738B1CA49096841F400014A
:10A7C000CA4AC2F8041306E0C649096821F4000128
:10A7D000C64AC2F80413704738B1C249096841F447
:10A7E0008001C24AC2F8041306E0BE49096821F498
:10A7F0008001BE4AC2F804137047F0B504460D4606
:10A8000000200021092D11DDE068A5F10A0606EB04
:10A810004607072606FA07F18843A5F10A0606EB64
:10A82000460603FA06F10843E0600CE0206905EBF8
:10A830004507072606FA07F1884305EB450603FAA4
:10A8400006F108432061072A0FDA606B561E06EBFB
:10A8500086071F2606FA07F18843561E06EB860672
:10A8600005FA06F10843606322E00D2A0FDA206B37
:10A87000D61F06EB86071F2606FA07F18843D61F68
:10A8800006EB860605FA06F10843206310E0E06A4D
:10A89000A2F10D0606EB86071F2606FA07F188438C
:10A8A000A2F10D0606EB860605FA06F10843E06202
:10A8B000F0BD816841F08041816070470146002011
:10A8C0008A6802F480020AB1012000E0002070478B
:10A8D00021B1826842F48062826003E0826822F4DF
:10A8E00080628260704721B1826842F00202826019
:10A8F00003E0826822F002028260704710B50A46C7
:10A9000000210023416821F46041531E41EA433194
:10A91000416010BD21B1426842F40062426003E030
:10A92000426822F40062426070470146C86C80B2FF
:10A9300070476C48001D0068704721B1826842F47E
:10A940008072826003E0826822F4807282607047C5
:10A9500021B1826842F40072826003E0826822F4CE
:10A9600000728260704738B15E49096841F4005155
:10A970005E4AC2F8041306E05A49096821F40051FE
:10A980005A4AC2F804137047F0B504461546002031
:10A9900000220026092911DDE068A1F10A0707EB72
:10A9A000470C072707FA0CF29043A1F10A0707EBBF
:10A9B000470703FA07F21043E0600CE0206901EB5F
:10A9C000410C072707FA0CF2904301EB410703FA09
:10A9D00007F210432061A06BC0F30156EF1C06F193
:10A9E000010CA7EB0C0707EB870C1F2707FA0CF2EB
:10A9F0009043EF1C06F1010CA7EB0C0707EB870750
:10AA000001FA07F21043A063F0BD10B50A46002119
:10AA10000023816B21F44011531E41EA03518163ED
:10AA200010BD08B5002300930090009B0B440093D9
:10AA3000009B1A6008BD0A460021816821F470213C
:10AA40001143816070470A460021816821F440115A
:10AA5000114381607047816841F4800181607047D3
:10AA6000014600208A6802F480020AB1012000E059
:10AA70000020704721B1426842F48062426003E0E6
:10AA8000426822F480624260704721B1426842F419
:10AA90008052426003E0426822F480524260704774
:10AAA00008B5024600200090009201F12800009BAA
:10AAB000184400900098006880B208BD10B50B469D
:10AAC0000021D9B2012404FA01F11AB144680C43FF
:10AAD000446002E044688C43446010BDFFFEFFFC0C
:10AAE000FDF7FFC004230140E030FCFF00200140DF
:10AAF000FFFD3FFF0246002013680B400BB1012011
:10AB000000E000207047CA430260704770B50246FB
:10AB10000020002300240B12556801268E4005EA10
:10AB2000060415681D4015B10CB1012000E000209D
:10AB300070BD00220A12D34303607047016821F000
:10AB4000010101600021016041608160C16001611B
:10AB500021214161DB49884204D13D21D94A103A83
:10AB600091608CE0D7491831884205D14FF4746167
:10AB7000D44A103A916082E0D2493031884205D1FE
:10AB80004FF47411CF4A103A916078E0CD494831C2
:10AB9000884205D14FF07461CA4A103A91606EE064
:10ABA000C8496031884204D1C749C64A103AD160C9
:10ABB00065E0C4497831884204D1C449C14A103A99
:10ABC000D1605CE0BF499031884204D1C049BD4AA0
:10ABD000103AD16053E0BB49A831884205D14FF00B
:10ABE0003D51B84A103AD16049E0BA49884204D18F
:10ABF0003D21B84A083A116041E0B649183188420F
:10AC000005D14FF47461B34A083A116037E0B14995
:10AC10003031884205D14FF47411AE4A083A1160C0
:10AC20002DE0AC494831884205D14FF07461A94A02
:10AC3000083A116023E0A7496031884204D1A24953
:10AC4000A44A121F11601AE0A2497831884204D147
:10AC50009E49A04A121F116011E09E49903188421E
:10AC600004D19B499B4A121F116008E09949A83101
:10AC7000884204D14FF03D51964A121F116070472F
:10AC800010B500220268944B1A40CC680B6823432D
:10AC90004C6923438C692343CC6923430C6A2343C7
:10ACA0004C6A23438C6A23434C6B23438C6B2343B2
:10ACB0001A430260426922F00702D1E90B342343B0
:10ACC0001A4342610B6943604B6883608B68C360C1
:10ACD00010BD0021016041608160C160016141617E
:10ACE0008161C161016241628162C162016341634C
:10ACF0008163704721B1026842F00102026003E003
:10AD0000026822F001020260704721B1026842F439
:10AD10000042026003E0026822F4004202607047D1
:10AD200021B1026842F02002026003E0026822F0D2
:10AD3000200202607047416070470146486880B257
:10AD4000704722B1036843F40023036003E0036803
:10AD500023F4002303600161704721B1026842F4CB
:10AD60008022026003E0026822F4802202607047C1
:10AD70000AB1016100E0C1607047014600200A6825
:10AD800002F400220AB1012000E0002070470146D1
:10AD900000200A6802F001020AB1012000E0002050
:10ADA0007047014600204A6902F03800704730B50C
:10ADB00003460A4600200024464DAB4202D24149D8
:10ADC000103901E04349103902F000550DB14C68CB
:10ADD00000E00C68414D2C4004EA02050DB1012051
:10ADE00000E0002030BD02463A4B9A4202D235487C
:10ADF000103801E03748103801F000531BB1374BD1
:10AE00000B40C36002E0354B0B408360704710B5C8
:10AE100001F080034BB122B1436943F080034361E9
:10AE200003E0436923F08003436180290BD02AB1FA
:10AE3000036801F01E042343036004E0036801F08B
:10AE40001E04A343036010BD70B502460020002419
:10AE50000025204EB24202D21A4B103B01E01D4B9E
:10AE6000103B1F4E0E4036B11E2606EAD12416684E
:10AE700006EA040502E0566906F0800501F0005676
:10AE80000EB15C6800E01C68144E344004EA010610
:10AE900016B10DB1012000E0002070BD02460D4B3F
:10AEA0009A4202D20748103801E00A48103801F0EF
:10AEB00000531BB1094B0B40C36002E0074B0B4032
:10AEC00083607047106002403D000020400F00206A
:10AED00000003D20106402403F801CF07D0F7D0F7C
:10AEE0003C0F3C0F002044490860091D0860091D03
:10AEF0000860091D086041483F49143108607047E7
:10AF000000213D498279002A3AD00A461268036836
:10AF10009A430B461A600A1D126803689A430B1D78
:10AF20001A60027911440A6803681A430A60324AB7
:10AF30000832126803689A432F4B08331A601A1DAF
:10AF4000126803689A432C4B0C331A604279102A1A
:10AF50000ED11A1F126803681A43274B08331A6070
:10AF60001A1D126803681A43234B0C331A600DE054
:10AF70002149427911440A6803681A430A6005E0CE
:10AF8000027911440A6803689A430A6070470021F5
:10AF9000016001710C2141710021817170471649D6
:10AFA000103109680143144A10321160704701469C
:10AFB0000020114A143212680A400AB1012000E050
:10AFC000002070470C49143108607047014600208A
:10AFD0000022094B1B6803EA0102074B14331B686C
:10AFE0000B4013B10AB1012000E000207047024974
:10AFF0001431086070470000003C0140FFFF7F00F3
:10B0000010B50446FE48844208D101210846FFF7E6
:10B01000D1FA00210120FFF7CDFA9DE0B4F1804F75
:10B0200008D101210846FFF7B4FA00210120FFF7FB
:10B03000B0FA91E0F348844208D101210220FFF7E1
:10B04000A8FA00210220FFF7A4FA85E0EE48844226
:10B0500008D101210420FFF79CFA00210420FFF70A
:10B0600098FA79E0E948844208D101210820FFF7E5
:10B0700090FA00210820FFF78CFA6DE0E448844242
:10B0800008D101211020FFF784FA00211020FFF7DA
:10B0900080FA61E0DF48844208D101212020FFF7D7
:10B0A00078FA00212020FFF774FA55E0DA4884424C
:10B0B00008D101210220FFF77DFA00210220FFF7CD
:10B0C00079FA49E0D548844209D101210804FFF703
:10B0D00071FA00214FF48030FFF76CFA3CE0D04861
:10B0E000844209D101214804FFF764FA00214FF49A
:10B0F0000030FFF75FFA2FE0CA48844209D10121EE
:10B100008804FFF757FA00214FF48020FFF752FA26
:10B1100022E0C548844208D101214020FFF739FAD6
:10B1200000214020FFF735FA16E0C048844208D1DC
:10B1300001218020FFF72DFA00218020FFF729FA56
:10B140000AE0BB48844207D101218015FFF721FAAC
:10B150000021A015FFF71DFA10BD00220288A84BA0
:10B1600098420ED0AC4B98420BD0B0F1804F08D033
:10B17000A44B984205D0A44B984202D0A34B9842CE
:10B1800004D14FF68F731A404B881A43A04B984254
:10B1900007D0A04B984204D04FF6FF431A400B89CA
:10B1A0001A4302804B68C3620B880385944B984214
:10B1B00002D0994B984201D18B7A03860123838276
:10B1C00070474FF0FF3141600021018001814180D3
:10B1D000817270470185828270470A46002101888A
:10B1E0004FF68F73194011430180704741627047D9
:10B1F000C16270470146486A70470146088D704732
:10B2000021B1028842F00202028004E002884FF677
:10B21000FD731A400280704721B1028842F0040297
:10B22000028004E002884FF6FB731A4002807047E8
:10B2300021B1028842F08002028004E002884FF6C9
:10B240007F731A400280704702884FF6F7731A40E6
:10B25000028002880A430280704702884FF6FF434B
:10B260001A40028002880A430280704721B1028896
:10B2700042F00102028004E002884FF6FE731A4099
:10B280000280704770B5002400220023058C4FF621
:10B29000FE7635400584028C8388048B4FF68F75CB
:10B2A0002C40B51E2C400D882C43751E2A408D89DC
:10B2B0002A434D882A43524DA84202D0564DA842F7
:10B2C00013D14FF6F7752A40CD892A434FF6FB7507
:10B2D0002A408D882A434FF6FF652B404FF6FF55D5
:10B2E0002B400D8A2B434D8A2B43838004838D682A
:10B2F0004563028470BD70B5002400220023058CD4
:10B300004FF6EF7635400584028C8388048B48F62F
:10B31000FF752C404FF6FF452C400D884FF6FF7609
:10B3200006EA05252C434FF6DF752A408D8906EA8B
:10B3300005152A434D8806EA05152A43304DA842D3
:10B3400002D0354DA8421DD14FF67F752A40CD89D8
:10B350004FF6FF7606EA05152A434FF6BF752A40D9
:10B360008D8806EA05152A434FF6FF352B404FF22C
:10B37000FF752B400D8A06EA85052B434D8A06EAA8
:10B3800085052B43838004838D688563028470BDAB
:10B3900070B5002400220023058C4FF6FF6635406F
:10B3A0000584028C8388848B4FF68F752C404FF672
:10B3B000FC752C400D882C434FF6FF552A408D8993
:10B3C0004FF6FF7606EA05252A434D8806EA05254D
:10B3D0002A430B4DA84202D00F4DA84238D14FF25C
:10B3E000FF752A40CD894FF6FF7606EA05252A43E8
:10B3F0004FF6FF352A408D8806EA05252A4319E0D5
:10B40000000001400004004000080040000C004023
:10B4100000100040001400400004014000400140C2
:10B42000004401400048014000180040001C00405A
:10B43000002000404EF6FF752B404DF6FF752B4067
:10B440000D8A06EA05152B434D8A06EA05152B439E
:10B45000838084838D68C563028470BD70B50022CB
:10B4600000230024058C4EF6FF7635400584038CBE
:10B470008488828B48F6FF752A404FF6FF452A40A4
:10B480000D884FF6FF7606EA05252A434DF6FF752F
:10B490002B408D8906EA05352B434D8806EA053594
:10B4A0002B43FE4DA84202D0FD4DA84208D14BF6D9
:10B4B000FF752C400D8A4FF6FF7606EA85152C4362
:10B4C000848082838D680564038470BD00210180BF
:10B4D0004180818081608181C18101824182704788
:10B4E00070B50346002000241846183001258D4011
:10B4F000ACB21D8CA5431D8409B108290AD100EB0B
:10B50000610005684FF68F76354005600568154384
:10B5100005600FE00D1FC5F34E052844056848F689
:10B52000FF763540056005684FF6FF7606EA02268D
:10B530003543056070BD4163704781637047C163E7
:10B540007047016470470A460021018B4FF68F73E4
:10B5500019401143018370470A460021018B48F6C8
:10B56000FF7319404FF6FF7303EA02231943018367
:10B5700070470A460021818B4FF68F7319401143A3
:10B58000818370470A460021818B48F6FF7319407A
:10B590004FF6FF7303EA02231943818370470A467B
:10B5A0000021018B4FF6F773194011430183704757
:10B5B0000A460021018B4FF2FF7319404FF6FF73CB
:10B5C00003EA02231943018370470A460021818B55
:10B5D0004FF6F77319401143818370470A460021E3
:10B5E000818B4FF2FF7319404FF6FF7303EA02237A
:10B5F0001943818370470A460021018B4FF6FB7384
:10B6000019401143018370470A460021018B4FF610
:10B61000FF3319404FF6FF7303EA022319430183F6
:10B6200070470A460021818B4FF6FB731940114386
:10B63000818370470A460021818B4FF6FF33194002
:10B640004FF6FF7303EA02231943818370470A46CA
:10B650000021018B4FF67F7319401143018370471E
:10B660000A460021018BC1F30E014FF6FF7303EA76
:10B6700002231943018370470A460021818B4FF64C
:10B680007F7319401143818370470A460021818BE3
:10B69000C1F30E014FF6FF7303EA022319438183BE
:10B6A00070470A460021018C4FF6FD731940114383
:10B6B000018470470A460021018C4FF6F773194048
:10B6C0001143018470470A460021018C4FF6DF7355
:10B6D00019404FF6FF7303EA0213194301847047C0
:10B6E0000A460021018C4FF67F7319404FF6FF7315
:10B6F00003EA02131943018470470A460021018CB2
:10B700004FF6FF5319404FF6FF7303EA0223194324
:10B71000018470470A460021018C4FF2FF731940E3
:10B720004FF6FF7303EA02231943018470470A4668
:10B730000021018C4DF6FF7319404FF6FF7303EAA9
:10B74000023319430184704730B5002301248C4033
:10B75000A3B2048C9C430484048C02FA01F5ADB2BC
:10B760002C43048430BD30B5002304248C40A3B2A4
:10B77000048C9C430484048C02FA01F5ADB22C4382
:10B78000048430BD828B4FF2FF331A408283828B58
:10B790004FF6FF7303EA01231A4382837047F0B523
:10B7A0000C461546002100220026078C4EF6FF7C31
:10B7B00007EA0C070784818B028C4FF6FF7707EAB4
:10B7C000043640F6FF4739404FF6FF7707EA052772
:10B7D00039434FF6FF7707EA0337394345F6FF77DA
:10B7E0003A4046F480573A4381830284F0BD828B0D
:10B7F0004FF6F3731A408283828B0A438283704729
:10B80000F0B50C461546002100220026078C4FF6A5
:10B81000FF6C07EA0C070784818B028C4FF6FF77D9
:10B8200007EA04264FF60C7739404FF6FF7707EA10
:10B8300003172F4339434FF2FF573A4046F48077BE
:10B840003A4381830284F0BD028B4FF2FF331A40EA
:10B850000283028B4FF6FF7303EA01231A4302832C
:10B860007047F0B50C461546002100220026078CD3
:10B870004FF6EF7C07EA0C070784018B028C4FF62A
:10B88000FF7707EA041640F6FF4739404FF6FF7787
:10B8900007EA033739434FF6FF7703E00000014022
:10B8A0000004014007EA052739434FF65F773A4025
:10B8B00046F010073A4301830284F0BD028B4FF635
:10B8C000F3731A400283028B0A4302837047F0B578
:10B8D0000C46154600210022068C4FF6FE773E40AE
:10B8E0000684018B028C4FF60C7631407E1C06EAF2
:10B8F00003162E4331434FF6F576324044F00106ED
:10B90000324301830284F0BD70B505460C462088A1
:10B9100050B92389A28861882846FFF7D8FFE188BB
:10B920002846FFF7CBFF25E0208804280AD1238989
:10B93000A28861882846FFF794FFE1882846FFF730
:10B9400083FF17E0208808280AD12389A28861880C
:10B950002846FFF755FFE1882846FFF748FF09E032
:10B960002389A28861882846FFF719FFE1882846C5
:10B97000FFF708FF70BD0021018041800121818017
:10B980000021C180018170472DE9F04105460C4638
:10B9900000260127608808B9022600E00026A0885A
:10B9A000012801D1022700E001272088A0B92389BE
:10B9B000A28861882846FFF78AFFE1882846FFF7BA
:10B9C0007DFF23893A4631462846FFF74AFFE18842
:10B9D0002846FFF739FF13E02389A28861882846AB
:10B9E000FFF73FFFE1882846FFF72EFF23893A46FD
:10B9F00031462846FFF76BFFE1882846FFF75EFFD8
:10BA0000BDE8F0810146486B70470146886B70477E
:10BA10000146C86B70470146086C70470A884B881E
:10BA20001A438B881A43CB881A430B891A434B89D4
:10BA30001A438B891A43A0F84420704700210180E3
:10BA400041808180C180018141818181704731B114
:10BA5000B0F8442042F40042A0F8442005E0B0F8D9
:10BA60004420C2F30E02A0F84420704721B182881E
:10BA700042F00402828004E082884FF6FB731A4091
:10BA80008280704721B1828842F00102828004E006
:10BA900082884FF6FE731A40828070471AB18389FC
:10BAA0000B43838102E083898B43838170478182CA
:10BAB000704702460020138A0B400BB1012000E0C2
:10BAC00000207047CA430282704730B5024600200A
:10BAD00000230024158A05EA0103958905EA01047B
:10BAE00013B10CB1012000E0002030BDCA43028236
:10BAF000704741EA0203A0F8483070471AB18389C1
:10BB00000B43838102E083898B438381704721B19A
:10BB1000828842F00802828004E082884FF6F77340
:10BB20001A408280704701894FF6F87211400181F6
:10BB300070470A46002101894FF68F73194011435F
:10BB40000181704730B504460D4629462046FFF76F
:10BB5000F0FF208940F00700208130BD2DE9F04141
:10BB600004460D4616461F46602D06D13B4601226F
:10BB700031462046FFF775FE05E03B46012231467F
:10BB80002046FFF7A4FE29462046FFF7D2FF208972
:10BB900040F007002081BDE8F08130B50C4600215F
:10BBA0000189C9B24FF6FF7505EA03251543254300
:10BBB0002943018130BD2DE9F04105460E46174667
:10BBC0009846002443463A4631462846FFF7E5FFAB
:10BBD0002C894FF6F870044044F007044FF68F703C
:10BBE000044044F070042C81BDE8F081F0B50446B7
:10BBF0000D4616461F463B46324629462046FFF76D
:10BC0000CCFF208940F480402081F0BD82884FF62F
:10BC10008F731A40828082880A438280704702892B
:10BC20004FF6F8731A40028102890A430281704775
:10BC300002894FF67F731A40028102890A4302810A
:10BC40007047F0B50C4615461E4600210022002321
:10BC50000189028B038C4FF6F877394021434FF668
:10BC6000FC473A4040F201173A434FF6DD773B403C
:10BC70004FF6FF7707EA06172F433B430181028304
:10BC80000384F0BD21B1828842F08002828004E00A
:10BC900082884FF67F731A4082807047A0F8501058
:10BCA0007047000010B50446F748844208D10121CE
:10BCB0001020FEF77FFC00211020FEF77BFC3EE009
:10BCC000F248844209D101214804FEF762FC0021B8
:10BCD0004FF40030FEF75DFC31E0ED48844209D1BD
:10BCE00001218804FEF755FC00214FF48020FEF767
:10BCF00050FC24E0E748844209D10121C804FEF742
:10BD000048FC00214FF40020FEF743FC17E0E24816
:10BD1000844209D101210805FEF73BFC00214FF4C4
:10BD20008010FEF736FC0AE0DC48844207D101218E
:10BD30002020FEF73FFC00212020FEF73BFC10BD39
:10BD40002DE9FF4705460E460024A14600BFA04648
:10BD5000B08900B100BF2C8A24F44054F088044319
:10BD60002C82AC8941F20C608443B088318908434D
:10BD7000718908430443AC81AC8A24F44074B089CF
:10BD80000443AC826846FEF7D4FABF48854202D02D
:10BD9000C248854202D1DDF80C9001E0DDF8089040
:10BDA000A88900F4004040B109EBC90000EB09107C
:10BDB00031684900B0FBF1F707E009EBC90000EB7F
:10BDC000091031688900B0FBF1F76420B7FBF0F08F
:10BDD00004012009642101FB1078A88900F40040C7
:10BDE00040B1322000EBC800B0FBF1F000F00700DA
:10BDF000044308E0322000EB08106421B0FBF1F0AE
:10BE000000F00F0004432C81BDE8FF874FF416516A
:10BE1000016000218180C18001810C2141810021CC
:10BE20008181704710B502460020108A20F47060AE
:10BE30000B884C8823438C882343CC8823431843A6
:10BE4000108210BD0021018041808180C180704737
:10BE500021B1828942F40052828104E082894DF648
:10BE6000FF731A4082817047028B02F47F42028383
:10BE7000028B0A430283704721B1828942F4004257
:10BE8000828103E08289C2F30E028281704721B170
:10BE9000828A42F40062828204E0828A4FF2FF7357
:10BEA0001A4082827047C1F30802828070470146BF
:10BEB0008888C0F308007047028A4FF6F0731A4072
:10BEC0000282028A0A430282704721B1828942F0CB
:10BED0000202828104E082894FF6FD731A4082815A
:10BEE000704782894FF2FF731A40828182890A4328
:10BEF00082817047028A4FF6DF731A400282028AFB
:10BF00000A430282704721B1028A42F480420282CF
:10BF100004E0028A4BF6FF731A400282704781895F
:10BF200041F001018181704721B1828A42F008020B
:10BF3000828204E0828A4FF6F7731A408282704749
:10BF4000028BD2B20283028B42EA01220283704743
:10BF500021B1828A42F02002828204E0828A4FF676
:10BF6000DF731A408282704721B1828A42F0100248
:10BF7000828204E0828A4FF6EF731A408282704711
:10BF8000828A4FF6FB731A408282828A0A43828237
:10BF9000704721B1828A42F00202828204E0828AE2
:10BFA0004FF6FD731A40828270471AB1838A0B43A1
:10BFB000838202E0838A8B4383827047F0B5034615
:10BFC000002400260025002040F66A17B94200D15F
:10BFD00000BF1846C1F3421401F01F06012707FAFB
:10BFE00006F5012C01D10C3004E0022C01D11030F7
:10BFF00000E014301AB107682F43076002E00768B9
:10C00000AF430760F0BD02460020B1F5007F00D1CC
:10C0100000BF13880B400BB1012000E000207047E7
:10C0200001F40072B2F5007F00D100BFCA43028064
:10C03000704770B50246002400230025002040F61A
:10C040006A16B14200D100BFC1F3421501F01F03CF
:10C05000012606FA03F3012D02D19689334006E04A
:10C06000022D02D1168A334001E0968A33400C1229
:10C07000012606FA04F41688344013B10CB10120ED
:10C0800000E0002070BD00000010014000440040AE
:10C0900000480040004C00400050004000140140A7
:10C0A00010B50022002340F66A14A14200D100BF5F
:10C0B0000A1201249440A3B2DC43048010BD0000A6
:10C0C00010B501218803FEF775FA00214FF4804076
:10C0D000FEF770FA10BD1A490860704730B50022AB
:10C0E0008B071C0F0F2303FA04F2154B08338C1037
:10C0F00053F824309343124C08348D1044F8253003
:10C1000023468C1053F824308C07240F00FA04F4D3
:10C1100023430B4C08348D1044F8253030BD0949B9
:10C1200008607047084908607047002004492031C2
:10C13000096801F4807109B1012000E00020704716
:10C1400000380140DC0027420004274200F10801CA
:10C1500041604FF0FF31816000F10801C160016171
:10C1600000210160704700210161704742685368F7
:10C170004B6043688B60536899605160416008610F
:10C1800003685B1C0360704710B502460B685C1CBB
:10C190000CB9106907E002F1080000E0406844684B
:10C1A00024689C42FAD944684C604C68A16088605D
:10C1B00041600A611468641C146010BD0146D1E935
:10C1C00001309860D1E9010358600A6950688842DB
:10C1D00001D188685060002008611068401E10601E
:10C1E0001068704770B504460D461CB9E4F720F896
:10C1F00000BFFEE700F0F3FDD4E90F12206801FB59
:10C20000020060600020A0632068A060E06B401E18
:10C21000226C216800FB0210E0604FF0FF30606488
:10C22000A06475B9206908B9012000E0002080B938
:10C2300004F1100001F02AFC01280AD100F0C9FD28
:10C2400007E004F11000FFF781FF04F12400FFF77D
:10C250007DFF00F0CDFD012070BD2DE9F0470546C2
:10C260000E4617464FF00009DDB1502000F0E4FD06
:10C270000446B4B105FB06F000F10108404600F0A9
:10C28000DBFD2060206848B1E5632664012120467B
:10C29000FFF7A8FF84F84D70A14602E0204600F0A9
:10C2A0002CFEB9F1000F03D1E3F7C2FF00BFFEE798
:10C2B0004846BDE8F08710B5044600F090FD11E057
:10C2C000606A08B9012000E0002050B904F12400A0
:10C2D00001F0DCFB08B101F054FCA06C401EA0642E
:10C2E00000E002E0A06C0028EADC00BF4FF0FF3065
:10C2F000A06400F07DFD00F072FD11E0206908B936
:10C30000012000E0002050B904F1100001F0BEFB54
:10C3100008B101F036FC606C401E606400E002E091
:10C32000606C0028EADC00BF4FF0FF30606400F072
:10C330005FFD10BD70B5044600F051FDA06BE16BD0
:10C34000884201D1012000E00020054600F050FDA8
:10C35000284670BD70B504460E461546206C38B9A7
:10C36000206838BB606801F09BFC0020606021E021
:10C370007DB93146226CA06801F0BCFC216CA0683C
:10C380000844A060D4E90110884213D32068A0605B
:10C3900010E03146226CE06801F0ACFC216CE068F2
:10C3A000401AE0602168E068884203D2216C60682E
:10C3B000401AE060A06B401CA06370BDFFB583B065
:10C3C00004460D461E4600271CB9E3F731FF00BFA7
:10C3D000FEE70DB9206C08B9012000E0002018B973
:10C3E000E3F726FF00BFFEE700BF00F0F8FCA06BFC
:10C3F000E16B884217D2324629462046FFF7AAFF52
:10C40000606A08B9012000E0002038B904F1240076
:10C4100001F03CFB012801D100F0DBFC00F0E8FC5E
:10C42000012007B0F0BD059818B900F0E1FC00202C
:10C43000F7E71FB901A801F05EFB012700F0D8FC67
:10C4400000F0DEFF00F0CBFC606C401C08B900205F
:10C450006064A06C401C08B90020A06400F0C8FC17
:10C4600005A901A801F055FBC0B92046FFF762FFFE
:10C4700070B104F11000059901F0CBFA2046FFF7E6
:10C480001AFF00F00DFF0028AFD100F0A2FCACE7CE
:10C490002046FFF710FF00F003FFA6E72046FFF756
:10C4A0000AFF00F0FDFE0020BBE770B505465020F6
:10C4B00000F0C2FC0446E4B1002060602060A0608F
:10C4C000E060A0630120E06300202064401E6064FF
:10C4D000A06484F84D5004F11000FFF737FE04F11A
:10C4E0002400FFF733FE00231A4619462046FFF7C3
:10C4F00065FF1CB9E3F79CFE00BFFEE7204670BD58
:10C5000070B504461CB9E3F793FE00BFFEE701F0E7
:10C5100047FB616888420CD1E068401EE060E0683B
:10C5200028B900231A4619462046FFF747FF012580
:10C5300000E00025284670BD70B5044600F04FFCB1
:10C54000A06B08B9012000E00020054600F050FC77
:10C55000284670BD70B504460D46206870B1216C48
:10C56000E0680844E0606168E068884201D32068C0
:10C57000E0602846226CE16801F0BCFB70BD2DE94B
:10C58000FF4182B004460D461E464FF000081CB91C
:10C59000E3F74EFE00BFFEE70DB9206C08B901209D
:10C5A00000E0002018B9E3F743FE00BFFEE700BF3C
:10C5B00000F015FCA06B80B3E76829462046FFF722
:10C5C000C9FFB6B9A06B401EA063206810B901F086
:10C5D000E7FA6060206908B9012000E00020B0B9E6
:10C5E00004F1100001F052FA012810D100F0F1FB23
:10C5F0000DE0E760606A08B9012000E0002030B972
:10C6000004F1240001F042FA08B100F0E2FB00F06E
:10C61000EFFB012006B0BDE8F081FFE7049818B9F0
:10C6200000F0E6FB0020F5E7B8F1000F04D1684602
:10C6300001F061FA4FF0010800F0DAFB00F0E0FED3
:10C6400000F0CDFB606C401C08B900206064A06C59
:10C65000401C08B90020A06400F0CAFB04A9684689
:10C6600001F057FA08BB2046FFF766FFB8B1206813
:10C6700030B900F0B4FB606801F0A1FA00F0B8FB3B
:10C6800004F12400049901F0C4F92046FFF713FED9
:10C6900000F006FE00288BD100F09BFB88E72046C7
:10C6A000FFF709FE00F0FCFD82E72046FFF703FEDE
:10C6B00000F0F6FD0020ADE770B504460E461CB94B
:10C6C000E3F7B6FD00BFFEE701F06AFA6168884251
:10C6D00004D1E068401CE06001250BE000233246F5
:10C6E00019462046FFF74BFF0546012D02D1E068B1
:10C6F000401CE060284670BD70B506460D4602221B
:10C7000000213046FFF7A9FD044604B1A5631CB91A
:10C71000E3F78EFD00BFFEE7204670BD2DE9F04730
:10C7200004460F46154698461CB9E3F781FD00BF45
:10C73000FEE70FB9206C08B9012000E0002018B90D
:10C74000E3F776FD00BFFEE7E3F772FD8146A06BDD
:10C75000E16B88421BD2424639462046FFF7FAFD7C
:10C76000A06C401C70B9606A08B9012000E000208C
:10C7700058B904F1240001F089F930B12DB101203C
:10C78000286002E0A06C401CA064012600E00026A6
:10C790004846E3F754FD3046BDE8F0872DE9F04107
:10C7A00004460F4615461CB9E3F742FD00BFFEE7FD
:10C7B0000FB9206C08B9012000E0002018B9E3F798
:10C7C00037FD00BFFEE7E3F733FD8046A06BE8B11D
:10C7D00039462046FFF7BEFEA06B401EA063606C8A
:10C7E000401C70B9206908B9012000E0002058B948
:10C7F00004F1100001F04AF930B12DB10120286098
:10C8000002E0606C401C6064012600E000264046A7
:10C81000E3F715FD3046BDE8F08170B504461CB95C
:10C82000E3F706FD00BFFEE700F0D9FAA56B00F0C4
:10C83000DFFA284670BD70B504461CB9E3F7F8FC72
:10C8400000BFFEE7A56B284670BD014600200BE047
:10C850003D4A02EBC00252688A4204D100223A4BA0
:10C8600043F8302002E0401C0828F1D300BF704795
:10C8700010B504461CB9E3F7DBFC00BFFEE7204619
:10C88000FFF7E3FF206800F038FB204600F035FB9F
:10C8900010BD014691F84C00704780F84C1070476D
:10C8A000014691F84D00704770B504461CB9E3F796
:10C8B000BFFC00BFFEE7A06B08B9012000E000202C
:10C8C0000546284670BD70B504461CB9E3F7B0FCB8
:10C8D00000BFFEE7A06BE16B884201D1012000E0C0
:10C8E00000200546284670BD024600200BE0164B8E
:10C8F00053F8303033B9144B43F8301003EBC00316
:10C900005A6002E0401C0828F1D300BF704770B5A0
:10C9100004460D4600F063FA606C401C08B9002024
:10C920006064A06C401C08B90020A06400F060FAAC
:10C93000A06B20B9294604F1240001F08DF82046AF
:10C94000FFF7B9FC70BD00001C7801202DE9F04113
:10C9500004460D4616461F464FF0000865602461E8
:10C96000B5420CD8F01BA169884202D34FF00108F0
:10C9700011E0211DF0480068FFF706FC0BE0BE4205
:10C9800004D2BD4202D34FF0010804E0211DEB4860
:10C990000068FFF7F9FB4046BDE8F0812DE9FE4352
:10C9A00005460E4617461C46DDF828804FF0000964
:10C9B000E348006808B3009601970295ACB901F00E
:10C9C000F2F8012808D1002342466946DC48006895
:10C9D000FFF7F4FC814610E000231A466946D84868
:10C9E0000068FFF7EBFC814607E00023224669461A
:10C9F000D3480068FFF792FE81464846BDE8FE83B3
:10CA00002DE9F84381462BE0CC480068C0680568F2
:10CA1000CA480068C068C468201DFFF7CFFB2046E5
:10CA2000616A8847E06901281AD1A0694619AE42B7
:10CA300007D966602461211DC0480068FFF7A4FB88
:10CA40000EE0002003462A46014600902046FFF7EC
:10CA5000A5FF07461FB9E3F7EBFB00BFFEE700BFEA
:10CA6000B6480068006808B9012000E000200028EE
:10CA7000CAD0B248D0F80080AF480068AF4908601B
:10CA8000AD48C0F80080BDE8F88370B5044600F0FA
:10CA900009FF0546AB480068854206D2A9480068F0
:10CAA000FFF7AEFF0120206001E000202060A548D4
:10CAB0000560284670BD70B586B002A8FFF7E5FF97
:10CAC000064650E0059C44B1606908B9012000E0C9
:10CAD000002010B9201DFFF771FB039830B1012829
:10CAE00026D0022825D003283BD136E00498A2693D
:10CAF0008118034632462046FFF728FF012816D149
:10CB00002046616A8847E069012810D10020009022
:10CB10000498A1694218002319462046FFF73EFFFA
:10CB200005461DB9E3F784FB00BFFEE700BF19E02F
:10CB300018E00498A061A06908B1012000E000207D
:10CB400018B9E3F775FB00BFFEE7A069811933460A
:10CB500032462046FFF7FAFE04E0204600F0CDF909
:10CB600000E000BF00BF00231A4603A97448006814
:10CB7000FFF705FD0028A5D106B070BDF8B5054644
:10CB80000F466E480068C068C468201DFFF716FB9A
:10CB9000E069012817D1A06941192B463A46204681
:10CBA000FFF7D4FE01280ED1002003462A46014695
:10CBB00000902046FFF7F2FE06461EB9E3F738FB69
:10CBC00000BFFEE700BF2046616A8847F8BDF8B5A0
:10CBD00004460E4600F014FC6846FFF756FF054673
:10CBE0000098A0B946B9AC4206D800F059FB2946D6
:10CBF0002046FFF7C3FF0CE0611B51480068FFF7B8
:10CC000086FE00F04DFB20B900F0E3F801E000F0F3
:10CC100047FBF8BD0146494A126812680AB9012269
:10CC200000E000220A600A6822B9444A1268D26809
:10CC3000106800E00020704708B500BF6846FFF7A5
:10CC4000E9FF044620460099FFF7C1FFFFF733FFD5
:10CC5000F4E710B500F0C3F83948006890B93A48D5
:10CC6000FFF774FA3948FFF771FA3748334908601B
:10CC700036483149086000220C210A20FFF7EDFAFE
:10CC80002F49086000F0B4F810BD1FB50024FFF76D
:10CC9000E0FF2B48006868B100200223CDE9003096
:10CCA000029003464FF4007229A103902A4800F035
:10CCB000B2F904461CB9E3F7BBFA00BFFEE7204611
:10CCC00004B010BD2DE9F04706460D4617469846BC
:10CCD000DDF820904DB900240DB1012000E00020C6
:10CCE000A0B9E3F7A5FA00BFFEE7282000F0A4F8FA
:10CCF00004465CB1FFF7ADFF2660A561E761C4F8AB
:10CD00002080C4F82490201DFFF72DFA2046BDE8AE
:10CD1000F08770B50446264600F061F8706908B1E6
:10CD2000012000E00020054600F062F8284670BDB2
:10CD300001460A46106A7047480500204405002055
:10CD40004C050020500500205C78012070780120FF
:10CD5000546D72205376630039CC0108001F4FF0E8
:10CD600080730360001F0160001F002303601438FC
:10CD70000260001FDB1E0360203870472A480068ED
:10CD800042F21071B0FBF1F0401E4FF0E02148611B
:10CD900007200861704710B52448006840F47C0003
:10CDA000224908600846006840F07C400860FFF7B0
:10CDB000E5FF00201E490860E3F708FA1D480068F7
:10CDC00040F040401B490860E3F7F6F9002010BD31
:10CDD00070474FF0805015491C390860704710B5F6
:10CDE000E3F726FA12480068401C1149086010BD9C
:10CDF00010B50F480068401E0D49086008460068DD
:10CE000010B90020E3F71BFA10BD10B54FF08050A9
:10CE100006491C390860E3F70BFA00F0C2F900205C
:10CE2000E3F70DFA10BD00002005002020ED00E022
:10CE30005405002034EF00E02DE9F04104464FF0A6
:10CE4000000800F0DDFA3D48006898B93C493D4AC9
:10CE50001160002151604FF420513B4A5160002184
:10CE6000116037484FF420514160114601600120A4
:10CE70003249086044B1103404F0070020B104F0D6
:10CE80000700C0F108000444002C31D0B4F5205F45
:10CE90002ED22C4F3846056801E02F462D68686871
:10CEA000A04202D228680028F7D1274885421FD027
:10CEB000386800F11008286838606868001B20286E
:10CEC00010D92E196868001B70606C6071681D486D
:10CED00000E00068026852688A42FAD30268326051
:10CEE000066000BF194968680968081A1749086090
:10CEF00000F0D6F94046BDE8F08170B506463546EB
:10CF0000B6B1103D2C4600F07BFA61680D4800E098
:10CF10000068026852688A42FAD30268226004609C
:10CF20000A496068096808440849086000F0B8F9CF
:10CF300070BD064800687047704700006C0500200F
:10CF40008878012058050020600500206805002031
:10CF500010B5002407E004EB8401FE4A02EB8100D7
:10CF6000FFF7F4F8641C052CF5D3FB48FFF7EEF847
:10CF7000FA48FFF7EBF8FA48FFF7E8F8F948FFF747
:10CF8000E5F8F948FFF7E2F8F348F8490860F34894
:10CF9000F749086010BD2DE9F04104460E461546DC
:10CFA0009846069F0A22314604F1340000F0D2FE72
:10CFB00000213D200155052D00D30425E562A5641F
:10CFC000201DFFF7D0F804F11800FFF7CCF824611A
:10CFD000C5F10500A0616462BDE8F08170B5054649
:10CFE0000E464C20FFF728FF044694B11EB9A80056
:10CFF000FFF722FF00E030462063206B20B9204677
:10D00000FFF77BFF002404E0A900A522206B00F0BD
:10D0100083FE204670BD2DE9FF4F81B08046164645
:10D020009A46DDE90E5BB8F1000F03D1E3F700F992
:10D0300000BFFEE7052D01D2012000E0002018B955
:10D04000E3F7F6F800BFFEE730461099FFF7C6FF9A
:10D050000446002C64D0701E216B01EB800929F07E
:10D06000070909F0070008B9012000E0002018B9FD
:10D07000E3F7DEF800BFFEE700962A462046119B44
:10D080000299FFF788FF524641464846FFF766FE81
:10D090002060BBF1000F01D0CBF80040FFF79FFEEE
:10D0A000B4480068401CB3490860B348006840B900
:10D0B000B14804600846006801280CD1FFF748FF1A
:10D0C00009E0AE48006830B9AB480068C06AA842C1
:10D0D00001D8A9480460AA49E06A0968884202D9CF
:10D0E000A749E06A0860A74800682064A54800686E
:10D0F000401CA4490860A449E06A0968884202D932
:10D10000A149E06A0860E16A01EB8101914A02EB02
:10D110008100211DFFF72AF80127FFF769FE01E0D2
:10D120004FF0FF37012F09D19448006830B1924881
:10D130000068C06AA84201D2FFF74BFE384605B02E
:10D14000BDE8F08F70B50446FFF749FE8A480068D5
:10D15000844200D1002414B98748006800E02046CA
:10D160000546281DFFF72AF8A86A18B105F118002E
:10D17000FFF724F8291D7B48FEF7F8FF8348006875
:10D18000401C824908607F480068401C7D49086057
:10D19000FFF72EFE7948006810B10CB9FFF719FEB1
:10D1A00070BD70B57A480068002873D1794800686E
:10D1B000401C784908600846006868BB6B480068F6
:10D1C000006808B9012000E0002018B9E3F730F842
:10D1D00000BFFEE765480568654800686349086068
:10D1E000634805606C480068401C6B4908605F48F4
:10D1F0000068006808B9012000E0002020B14FF06D
:10D20000FF306649086006E058480068C068C46896
:10D2100062496068086000BF5E4800685F4909684D
:10D22000884236D300BF51480068006808B9012021
:10D2300000E0002020B14FF0FF305849086027E09F
:10D240004A480068C068C468656852480068A842D7
:10D2500002D2524805601BE0201DFEF7AFFFA06A16
:10D2600018B104F11800FEF7A9FF4749E06A096800
:10D27000884202D94449E06A0860E16A01EB810111
:10D28000344A02EB8100211DFEF770FFCBE701E07D
:10D2900000BF04E042480068401C4149086070BD7E
:10D2A00070B500253A48006818B9E2F7C1FF00BF21
:10D2B000FEE7FFF794FD36480068401E34490860D9
:10D2C00008460068002878D12A480068002874D0F1
:10D2D000002621E02248C068C46804F11800FEF767
:10D2E0006DFF201DFEF76AFF2749E06A0968884242
:10D2F00002D92549E06A0860E16A01EB8101154A1B
:10D3000002EB8100211DFEF731FF1B49E06A09682D
:10D31000C96A884200D301261148006808B9012073
:10D3200000E000200028D5D01D48006860B106E06C
:10D33000FFF737FF1A480068401E1949086018486F
:10D3400000680028F4D10126012E2FD0154800686E
:10D3500001282AE088A00120ECA0012000A10120E2
:10D3600014A1012028A101203CA101207405002066
:10D370007805002080050020700500209005002021
:10D3800088050020A40500208C0500207C050020D5
:10D390009405002084050020A0050020A805002099
:10D3A000980500209C05002007E005D101250020FC
:10D3B000F9490860FFF70DFD00BFFFF719FD28468A
:10D3C00070BD10B50446F54800684460F448006834
:10D3D000844207D2F1480168091DF2480068FEF74F
:10D3E000D3FE0CE0ED480168091DEF480068FEF728
:10D3F000CBFEEE480068844201D2EC48046010BDC8
:10D40000EB480068401CEA49086070472DE9F0418C
:10D4100004460E464FF000081CB9E2F709FF00BFB2
:10D42000FEE70EB1012000E0002018B9E2F700FF8E
:10D4300000BFFEE7FFF7E4FF20688519D8492068A0
:10D440000968884209D92068A8420FD9D4480068E1
:10D4500085420BD94FF0010808E02068A84203D8A4
:10D46000CF480068854201D94FF001082560B8F126
:10D47000000F07D0C9480068001DFEF79FFE284630
:10D48000FFF79FFFFFF70CFF07460FB9FFF7A1FC5F
:10D49000BDE8F08170B5044600267CB1FFF7B0FF0F
:10D4A000BF4800680519BD480068001DFEF786FEEC
:10D4B0002846FFF786FFFFF7F3FE06460EB9FFF793
:10D4C00088FC70BD70B50446FFF789FC14B9B348F9
:10D4D000006800E020460646F56AFFF789FC28460A
:10D4E00070BD2DE9F04706460D464FF00009052DA9
:10D4F00001D2012000E0002018B9E2F799FE00BF38
:10D50000FEE7052D00D30425FFF769FCA34800685A
:10D51000864200D1002616B9A048006800E03046D7
:10D520000446A76CAF4234D0BD4203D92EB14FF0B0
:10D53000010902E00EB94FF00109D4F82C80E16A2C
:10D54000A06C884200D1E562A564C5F10500A06128
:10D5500007EB8701974A02EB81016069884213D18A
:10D56000201DFEF72BFE9449E06A0968884202D923
:10D570009149E06A0860E16A01EB81018D4A02EBA2
:10D580008100211DFEF7F2FDB9F1010F01D1FFF776
:10D5900020FCFFF72DFCBDE8F08710B5844800683B
:10D5A00018B101207C4908602CE00BE0824800683B
:10D5B00018B9E2F73DFE00BFFEE77F480068401E55
:10D5C0007D4908607C48006800EB8000794951F88B
:10D5D00020000028EAD07849096801EB8101754AEA
:10D5E00002EB810041684968416000F1080142682E
:10D5F0008A4202D14168496841604168C968674A06
:10D60000116000BF10BD70B50446FFF7E8FB63482A
:10D610000068844200D1002414B96048006800E02A
:10D6200020460546281DFEF7C9FDA86A18B105F178
:10D630001800FEF7C3FD291D6048FEF797FDFFF7B0
:10D64000D7FB8CB95E48006810B1FFF7C2FB0BE056
:10D650005A4800685B490968884203D100204F4955
:10D66000086001E0FFF799FF70BD70B50546002620
:10D670002C461DB9E2F7DCFD00BFFEE74F496069AB
:10D68000884201D1012000E0002080B14E49A06A0B
:10D69000884201D1012000E00020012807D0A06AC3
:10D6A00008B9012000E00020012800D10126304601
:10D6B00070BD70B505461DB9E2F7BAFD00BFFEE7C3
:10D6C0002C4644B335480068844224D0FFF787FBDA
:10D6D0002046FFF7CAFF01281BD1201DFEF76EFD73
:10D6E0003549E06A0968884202D93349E06A08602E
:10D6F000E16A01EB81012F4A02EB8100211DFEF757
:10D7000035FD2649E06A0968C96A884201D3FFF7F6
:10D7100060FBFFF76DFB70BD2DE9F041054600266B
:10D720001DB9E2F785FD00BFFEE72C46E2F780FD5C
:10D7300007462046FFF799FF012826D11C480068BC
:10D74000F0B91649E06A0968C96A884201D3012024
:10D7500000E000200646201DFEF730FD1649E06A75
:10D760000968884202D91449E06A0860E16A01EB5D
:10D770008101104A02EB8100211DFEF7F7FC04E055
:10D7800004F118011048FEF7F1FC3846E2F757FDA6
:10D790003046BDE8F08100009C05002070050020A7
:10D7A000840500207805002074050020A8050020CD
:10D7B0009405002088A001208C0500203CA10120B8
:10D7C000900500208005002014A1012010B504461A
:10D7D000206BFFF792FB2046FFF78FFB10BD70B563
:10D7E00023E0FFF70DFEFD48006808B9012000E0C6
:10D7F00000200546FFF754FDBDB9FFF7F0FAF748E2
:10D80000C068C468201DFEF7D9FCF5480068401EBA
:10D81000F3490860F3480068401EF2490860FFF7CA
:10D82000E7FA2046FFF7D2FF00BFEE480068002865
:10D83000D7D170BD00BFFFF7D2FFEB4800680128C9
:10D84000F9D9FFF7C6FAF6E71FB50020009001905E
:10D85000029003464FF48072E4A10390E548FFF77D
:10D86000DAFB0446012C02D1FFF70FFA0446012C23
:10D8700009D1E2F7DDFC0120DF4908600020DF4923
:10D880000860FFF788FA1CB9E2F7D2FC00BFFEE798
:10D890001FBD10B5E2F7CCFC0020D7490860FFF7A8
:10D8A00097FA10BD10B5FFF79AFAD4480468FFF74D
:10D8B0009FFA204610BD70B5E2F7BAFC0546CF4886
:10D8C00004682846E2F7BBFC204670BDC4480068E7
:10D8D00070470146002002E0491C421C90B20A78C1
:10D8E000A52AF9D0800870472DE9FE4381460C46F1
:10D8F0001646204641684968416000F108014268C7
:10D900008A4202D14168496841604168CF6800BFDE
:10D91000204641684968416000F1080142688A4236
:10D9200002D14168496841604168CD68286BFFF7C2
:10D93000D0FF8046286CE96A334605F13402CDE910
:10D9400000180290AEA1B34800F070FDB1494846FE
:10D9500000F0F4F9BD42DBD1BDE8FE8370B50546A9
:10D96000FFF74EFD00202870ABA1284600F0E6F935
:10D97000AA480068441C00BF641E04EB84009A4956
:10D9800051F8200008B9012000E0002040B904EB64
:10D990008400954A02EB800152222846FFF7A4FF3B
:10D9A000002CE9D19E480068006808B9012000E019
:10D9B000002028B942229A4801682846FFF794FFC0
:10D9C00098480068006808B9012000E0002028B9E4
:10D9D0004222944801682846FFF786FF7F48006886
:10D9E00008B9012000E0002020B944227B492846E4
:10D9F000FFF77AFF8C48006808B9012000E000209A
:10DA000020B9532288492846FFF76EFFFFF748FCEC
:10DA100070BD70B505460C461DB9E2F709FC00BFA4
:10DA2000FEE78248016818312846FEF7ADFB7F48C3
:10DA30000068001DFEF7C2FB601C30B97B4801681E
:10DA4000091D7948FEF792FB05E06C48006806194D
:10DA50003046FFF7B6FC70BD70B504460D461CB9E4
:10DA6000E2F7E6FB00BFFEE7704801681831204688
:10DA7000FEF77CFB6D480068001DFEF79FFB5F48CA
:10DA8000006846193046FFF79CFC70BD70B506462D
:10DA9000F068C4681CB9E2F7CBFB00BFFEE704F1F5
:10DAA0001800FEF78BFB62480068A0B9201DFEF746
:10DAB00085FB6049E06A0968884202D95D49E06AED
:10DAC0000860E16A01EB8101474A02EB8100211DF8
:10DAD000FEF74CFB04E004F118015748FEF746FB43
:10DAE0005249E06A0968C96A884201D3012500E009
:10DAF0000025284670BD10B504461CB9E2F798FB16
:10DB000000BFFEE74D48006820603C480068606048
:10DB100010BD70B504460D461CB9E2F789FB00BF85
:10DB2000FEE71DB9E2F784FB00BFFEE7FFF757F9F8
:10DB30002868401C08B900261FE040492068096891
:10DB4000884206D02D4960680968884201D80126BC
:10DB500013E02A4960680968081A296888420BD2CC
:10DB60002868264A61681268511A401A28602046BF
:10DB7000FFF7C1FF002600E00126FFF739F9304624
:10DB800070BD01202E4908607047014611B10A4658
:10DB9000506C00E00020704708B1024651647047A5
:10DBA0002249086870471449096809B9002005E04E
:10DBB0001F49096809B9012000E00220704770B5CB
:10DBC00005462C464DB11949E06A0968C96A884280
:10DBD00065D216480068C06A34E060E028A10120E0
:10DBE000800500207C05002088A0012049444C4588
:10DBF0000000000035D801089005002084050020B1
:10DC00002573090925630925750925750925750DEC
:10DC10000A00000050A101200D0A00008805002024
:10DC200074050020780500203CA10120700500202B
:10DC3000940500208C05002014A10120A0050020DF
:10DC40009C050020C0F10500A061E16A01EB8101A3
:10DC5000254A02EB81016069884201D1012000E080
:10DC60000020C0B1201DFEF7A9FA20480068C06A54
:10DC7000E0621F49E06A0968884202D91C49E06AEB
:10DC80000860E16A01EB8101174A02EB8100211D66
:10DC9000FEF76CFA03E015480068C06AE06270BDE8
:10DCA00070B505462C46EDB1A16CE06A884219D0EA
:10DCB000201DFEF783FAA06CE062E06AC0F1050067
:10DCC000A0610B49E06A0968884202D90849E06A04
:10DCD0000860E16A01EB8101034A02EB8100211D2A
:10DCE000FEF744FA70BD000088A0012070050020F6
:10DCF0008C05002040EA01039B0703D009E008C916
:10DD0000121F08C0042AFAD203E011F8013B00F800
:10DD1000013B521EF9D27047D2B201E000F8012B4C
:10DD2000491EFBD270470022F6E710B513460A469B
:10DD300004461946FFF7F0FF204610BD421E12F8B8
:10DD4000013F002BFBD111F8013B02F8013B002BF6
:10DD5000F9D1704710B5044604E00B7800F8013B98
:10DD600003B1491C521EF8D2204610BD421C10F8C7
:10DD7000011B0029FBD1801A704710B5002200E07A
:10DD8000521C835C8C5CA34201D1002BF8D1D8B229
:10DD9000E1B2401A10BD2DE9FE4F804681EA030032
:10DDA000C00F0C46009021F0004123F00045B8EB75
:10DDB0000200A94105D24046214690461C460B462A
:10DDC000024623F00040104347D0270DC7F30A0056
:10DDD000C3F30A510290401A019040286BDAC3F352
:10DDE000130040F4801B0098924620B10023D2EB30
:10DDF000030A63EB0B0B01985946C0F140025046F1
:10DE000000F0F9F906460D4650465946019A00F0D1
:10DE100011FA10EB08006141002487EA115284EAEC
:10DE2000E7731A4340D0009A62B3019A012A4FEA7D
:10DE3000075215DC001B61EB02014FF0004202EAC1
:10DE40000752CDE90042001C41F5801132462B46B5
:10DE500000F048FA03B0BDE8F08F40462146F9E7EC
:10DE6000001B61EB0201001C41F5801300185B41AF
:10DE70002018A2F5001747EB030140EAD570B61948
:10DE80006D4111E06D084FEA360645EAC0754FEA6C
:10DE90000752001B61EB0201001C41F5801149088B
:10DEA0004FEA30000019514132462B4603B0BDE81D
:10DEB000F04F00F008BA0098012240000023D0EB98
:10DEC000020263EBE073009821464FEAE074B8EB7E
:10DED000000061EB0401E9E783F000435BE781F0B8
:10DEE000004158E72DE9FE4F81EA030404F00044A5
:10DEF00021F0004100944FF0000B23F0004350EA62
:10DF000001045ED052EA03045BD0C3F30A54C1F3A8
:10DF10000A552C44A4F2F3340194A0FB0254C1F33B
:10DF2000130141F48011C3F3130343F4801301FB85
:10DF3000024400FB034E840A970A44EA815447EAEC
:10DF40008357A4FB076802958D0A05FB07854FEAF6
:10DF5000932C04FB0C542705029D4FEA065847EA10
:10DF60001637B5EB08056EEB070C870E920E47EAE5
:10DF7000811742EA8312A7FB0201B6EB0B0164EBA7
:10DF800000042B0D43EA0C335E1844EB1C50DA46B8
:10DF90005146E7FB0201C5F313044FEA0B3343EA92
:10DFA00014534FEA0432019C43EA0603A4F10C0423
:10DFB0000294009CCDE900B400F094F903B0BDE8F0
:10DFC000F08F00200146F9E72DE9F04D81EA0304C6
:10DFD00004F0004B21F0004514464FF0000A23F0F6
:10DFE000004150EA050220D054EA01021DD0C5F3D9
:10DFF0000A570246C5F31303C1F31300C1F30A56CF
:10E0000040F4801543F48013A7EB0608101BD64696
:10E0100008F2FD3873EB050002D308F1010801E0B6
:10E0200092185B41B8F1000F03DA00200146BDE809
:10E03000F08D00204FF48011064684460EE0171B39
:10E0400073EB050705D3121B63EB050306434CEA8C
:10E05000010C49084FEA300092185B4150EA010771
:10E06000EDD152EA030012D082EA040083EA0501EE
:10E07000084305D0101BAB4106D20122002306E065
:10E0800000224FF0004302E06FF0010253101AEB40
:10E0900006004CEB085110EB0A0041EB0B01BDE808
:10E0A000F04D00F010B90EB5C10F80EAE0700844E1
:10E0B000CA07002140F233438DE80E000A460B46A2
:10E0C00000F010F903B000BD70B5C1F30A5201F0C1
:10E0D00000450024C1F3130140F2FF3341F48011E5
:10E0E0009A4201DA002070BD40F233439A42A2F214
:10E0F000334203DC524200F08DF800E090402C43A4
:10E10000F1D0404270BD00F0004230F000400AD033
:10E11000C10D01F56071C0F3160042EA0151C20859
:10E1200040071143704700200146704730B5041E78
:10E1300071F1000404DB4FF00044404264EB010144
:10E14000141E73F1000405DB1C464FF000435242DD
:10E1500063EB0403994208BF904230BD01F00043D5
:10E1600030B421F0004150EA010206D00A0DA2F5B8
:10E170006072C1F31301002A02DC30BC002070473A
:10E18000440F44EAC104C100E01830BC00EBC250A7
:10E1900000F062B82DE9F05F0546002092469B46EC
:10E1A00088460646814640241BE0284641464746AD
:10E1B000224600F02FF853465A46C01A914110D318
:10E1C00011461846224600F016F82D1A67EB010892
:10E1D0004F4622460120002100F00DF817EB000900
:10E1E0004E41201EA4F10104DFDC484631462A4698
:10E1F0004346BDE8F09F202A04DB203A00FA02F1F2
:10E20000002070479140C2F1200320FA03F3194324
:10E2100090407047202A04DB203A21FA02F00021C6
:10E22000704721FA02F3D040C2F120029140084326
:10E2300019467047202A06DBCB17203A41FA02F034
:10E2400043EAE07306E041FA02F3D040C2F1200253
:10E2500091400843194670470029A8BF7047401CE9
:10E26000490008BF20F00100704710B4B0FA80FCEC
:10E2700000FA0CF050EA010404BF10BC704749B129
:10E28000CCF1200421FA04F411FA0CF118BF012199
:10E2900021430843A3EB0C01CB1D4FEA00614FEA79
:10E2A000102042BF002010BC704700EBC350104448
:10E2B0000029A4BF10BC7047401C490008BF20F0D3
:10E2C000010010BC704710B5141E73F1000408DA89
:10E2D000401C41F1000192185B411A4301D120F02A
:10E2E000010010BD2DE9F04D92469B4611B1B1FAE7
:10E2F00081F202E0B0FA80F220329046FFF77BFF15
:10E3000004460F4640EA0A0041EA0B0153465A46CA
:10E31000084313D0114653EA010019D0C8F1400256
:10E320005046FFF777FF05460E465046594642468F
:10E33000FFF761FF084305D0012004E0204639467D
:10E34000BDE8F08D0020054346EAE0762C433743D4
:10E350000A986305E40AA0EB08000022FD0A44EADB
:10E3600047540A3002D500200146E9E7010510199B
:10E370006941DDE9084500196941BDE8F04DA2E7B2
:10E38000064C074D06E0E06840F0010394E8070002
:10E3900098471034AC42F6D3E1F7FAFEB0F4010826
:10E3A000D0F4010870B58C1810F8015B15F0070364
:10E3B00001D110F8013B2A1106D110F8012B03E01E
:10E3C00010F8016B01F8016B5B1EF9D12B0705D426
:10E3D0000023521E0DD401F8013BFAE710F8013B6F
:10E3E000CB1A921C03E013F8015B01F8015B521E8B
:10E3F000F9D5A142D8D3002070BD00000FB41CB5E0
:10E400000246002007AC00290BD0491ECDE90021AF
:10E41000054B6A462146069800F092FD009A0021BD
:10E4200011701CBC5DF814FBA3F301080FB4084B7A
:10E4300010B504A902AA039800F082FD044602A9BF
:10E44000002000F0B9FF204610BC5DF814FB00006E
:10E45000B9F3010803B401984100009850EAC120C3
:10E4600018BF04204A0D18BF40F0010040F2FF72AF
:10E47000B2EB515F08BF40F00200012808BF052041
:10E4800002B070474100080218BF04200A0E18BFEE
:10E4900040F001004FF07F4232EA010108BF40F036
:10E4A0000200012808BF052070470000000000009E
:10E4B00070B59B482DED020B2DED068B079D25F0C9
:10E4C0000044A04218DC9748844202DC0AD1069836
:10E4D00040B19DED060BBDEC068B02B0BDE870406F
:10E4E00000F036BC002DCCBF9FED8F0B9FED900B45
:10E4F000BDEC068B02B070BD8F48A04215DD8F4881
:10E50000A042D8BF4FF0FF3458DD9DED060B51EC13
:10E51000100BFFF79FFF042808BF00F02DFC9DEDB6
:10E52000060BBDEC068B02B070BD9DED060B51ECE9
:10E53000100B00F04EFFCDE9060181489FED828B64
:10E54000A0423CDD8248A0421FDD00249FED82AB4B
:10E550009DED060B53EC1A2B51EC100BFFF71BFC37
:10E560009DED060B41EC190B53EC1A2B51EC100BE3
:10E57000FFF7B8FC53EC182BFFF7AEFC53EC192B4C
:10E58000FFF722FDCDE9060149E09DED060B0124D0
:10E5900053EC182B51EC100BFFF7FDFB9DED060B18
:10E5A00041EC190B53EC182B51EC100BFFF794FCBA
:10E5B00053EC192BFFF708FDCDE906012FE0684861
:10E5C000A0421FDD02249FED689B9DED060B53ECDE
:10E5D000192B51EC100BFFF785FC53EC182BFFF7B0
:10E5E000DAFB9DED060B41EC180B53EC192B51ECAB
:10E5F000100BFFF771FC53EC182BFFF7E5FCCDE98E
:10E6000006010CE09DED060B032453EC102B9FED4F
:10E61000580B51EC100BFFF7D7FCCDE906019DED2F
:10E62000060B53EC102B51EC100BFFF75BFC41EC8D
:10E63000180B53EC182BFFF755FC41EC190B4E4807
:10E640000621B0EE490AF0EE690A784400F004FBB6
:10E6500053EC182B51EC100BFFF744FC41EC180B5A
:10E660004648B0EE490AF0EE690A0521784400F008
:10E67000F3FA53EC192B51EC100BFFF733FC41EC80
:10E68000100B51EC180B53EC102B002C0EDAFFF78B
:10E6900082FB9DED061B53EC112BFFF723FC9DED38
:10E6A000061B53EC112BFFF71AFC35E0FFF773FB49
:10E6B0009DED061B53EC112BFFF714FC41EC100BE6
:10E6C0002F48784400EBC40090ED001B51EC100B78
:10E6D00053EC112BFFF700FC9DED061B53EC112BA7
:10E6E000FFF7FAFB41EC100B2648784400EBC4001E
:10E6F00090ED001B51EC100B53EC112BFFF7EFFBCF
:10E7000041EC100B002DA2BFBDEC068B02B070BD1A
:10E7100051EC100B81F0004141EC100B01E70000BF
:10E72000000010440000F07F182D4454FB21F93FF5
:10E73000182D4454FB21F9BF0000DC3F0000203EAF
:10E740000000F33F00000000000000000000F03F68
:10E750000000E63F00000000000000000000004054
:10E760000080034000000000000000000000F83FAF
:10E77000000000000000F0BF0A0E0000C00D000005
:10E780004A0D0000020D000070B56B4E2DED040B1C
:10E790002DED028B82B0DDF81CC0DDE905235C4263
:10E7A0002CF000411C4341EAD474049D22F0004047
:10E7B000B44205D86C422C4340EAD474B4420BD91D
:10E7C0009DED061B9DED040B02B0BDEC028B04B069
:10E7D000BDE8704000F0C6BAACF14054A4F17F64CB
:10E7E0001C430BD0022404EAAC7444EAD2740543FF
:10E7F0009FED538B9FED542B07D015E09DED040B3F
:10E8000051EC100B00F0DDFD42E0002C11BF012C9B
:10E810009DED040B02B0BDEC028B04BF04B070BDD3
:10E82000022C38D0032C3BD00B439FED491B9FEDAE
:10E830004A0B0AD0B14218D1B04209D121F080412F
:10E8400020F08040079105900FE0002A15DA10E0D3
:10E85000434B7B44002C08BF93ED000B0DD0012CE3
:10E8600010D0022C17D0032C1AD0B0421DD1002A90
:10E8700003DAB0EE410AF0EE610A02B0BDEC028BA1
:10E8800004B070BD93ED000B51EC100B81F0004112
:10E8900041EC100BF1E7B0EE480AF0EE680AECE745
:10E8A000B0EE420AF0EE620AE7E7401A00153C2893
:10E8B000C8BF8DED000B19DCBCF1000FBEBF10F11D
:10E8C0003C0F9FED290B8DED000B0FDB9DED060B33
:10E8D00053EC102B9DED040B51EC100BFFF774FB68
:10E8E00000F077FD00F06DFDCDE90001002C08BFC0
:10E8F0009DED000BC1D0012C10D0022C9FED1C0B04
:10E9000053EC102B9DED000B51EC100B0DD0FFF7CD
:10E91000E3FA53EC182BFFF7DFFAB9E7019880F020
:10E92000004001909DED000BA7E7FFF7D5FA53ECEF
:10E93000182BFFF7D4FAABE70000F07F00000000CF
:10E94000182D4454FB210940182D4454FB2109C0C3
:10E95000182D4454FB21F9BF182D4454FB21F93FD5
:10E96000320C000000000000000000000000000069
:10E97000075C143326A6A13C10EE101A08B5444AD1
:10E980006846B2EB410F28D94FF0E640B0EB410F9B
:10E9900094BF00204FF0FF3000900098002861DB0A
:10E9A00060EE000A10F0010F45D010F0020FDFED0D
:10E9B000391A9FED391A00EEE11ADFED381A40EEF0
:10E9C000811A21EEA01AF0EE400A40EE010A08BFBB
:10E9D000F1EE600AB0EE600A08BD314B21F0004252
:10E9E00093423CD911F0004FDFED2E0A20EE201AA1
:10E9F000DFED2D0A19BF31EE601A71EE200A31EEFB
:10EA0000201A71EE600ABDEEE01A11EE100A9FEDB9
:10EA1000271A00F0030000EEC10A9FED251A0090AE
:10EA200000EEC10A9FED231A00EEC10A9FED221AE3
:10EA300000EEC10AB1E79FED211A9FED210A10F007
:10EA4000020F00EE810A9FED1F1A00EE801AB7EE4A
:10EA5000000A00EE810A18BFB1EE400A08BD00F0BE
:10EA6000AFF99AE710EE100A4000B0F17F4F3CBFBB
:10EA7000B7EE000A08BD07D14FF0010000F05AFAC6
:10EA8000BDE8084000F08CB9BDE8084000F084B94A
:10EA9000B61F927E336D4C39DA82083CA0AA2ABE9A
:10EAA000490E494683F9223F0000004B0000C93F50
:10EAB00000A0FD390020A2331A61342CB93AB2BA51
:10EAC000CA9F2A3DDDFFFFBE00B510EE101A2DEDE6
:10EAD000028B81B0524A6846B2EB410F2ED94FF0FB
:10EAE000E640B0EB410F94BF00204FF0FF300090A4
:10EAF0000098B0EE408A00286ADB10F0010F4BD07E
:10EB000068EE080A9FED471A9FED470A00EE810A5A
:10EB10009FED461A10F0020F00EE801AB7EE000AC1
:10EB200000EE810A02BF01B0BDEC028B00BD00BF48
:10EB300001B0B1EE400ABDEC028B00BD3C4B21F0B0
:10EB40000042934241D911F0004FDFED3A0A20EE26
:10EB5000201ADFED390A19BF31EE601A71EE200A72
:10EB600031EE201A71EE600ABDEEE01A11EE100AC5
:10EB70009FED321A00F0030000EEC10A9FED301A3B
:10EB8000009000EEC10A9FED2F1A00EEC10A9FED22
:10EB90002E1A00EEC10AABE728EE080A9FED2B1AE9
:10EBA000DFED2B0A10F0020F40EE410A9FED291A0B
:10EBB00000EE201A61EE000AB0EE480A08EE200AC4
:10EBC000B6D101B0BDEC028B00BD00F0F9F88FE7C3
:10EBD00018EE100A4000B0F17F4F0DD218EE100A67
:10EBE000FFF750FC042808BF00F0E2F8B0EE480A36
:10EBF00001B0BDEC028B00BD09D1012000F09AF9F3
:10EC000001B0BDEC028B5DF804EB00F0C9B801B0B7
:10EC1000B0EE480ABDEC028B5DF804EB00F0BCB826
:10EC2000B61F927EB93AB2BACA9F2A3DDDFFFFBE37
:10EC3000490E494683F9223F0000004B0000C93FBE
:10EC400000A0FD390020A2331A61342C336D4C39F9
:10EC5000DA82083CA0AA2ABE70B504462DED028BCC
:10EC60004D1E00EBC500B0EE408AF0EE608A90EDDC
:10EC7000000B35F0060017D053EC182B51EC100B9D
:10EC8000FFF730F941EC100B6D1E04EBC50090ED61
:10EC9000001B51EC100B53EC112BFFF77CF841ECEF
:10ECA000100B35F00600E7D1022D36D0042D1CD014
:10ECB000062D1CBFBDEC028B70BD53EC182B51EC24
:10ECC000100BFFF70FF994ED0A1B53EC112BFFF714
:10ECD00062F853EC182BFFF705F994ED081B53EC81
:10ECE000112BFFF758F841EC100B53EC182B51EC9B
:10ECF000100BFFF7F7F894ED061B53EC112BFFF701
:10ED00004AF853EC182BFFF7EDF894ED040B53EC95
:10ED1000102BFFF740F841EC100B53EC182B51EC83
:10ED2000100BFFF7DFF894ED021B53EC112BFFF7EC
:10ED300032F853EC182BFFF7D5F894ED001B53EC89
:10ED4000112BFFF728F8BDEC028B41EC100B70BDC6
:10ED500010B553EC102B51EC100BFFF71CF841ECE5
:10ED6000100B10BD10B553EC112B51EC100BFFF72D
:10ED700012F841EC100B10BD9FED050B10B553ECD4
:10ED8000102B51EC100BFFF7ADF841EC100B10BD40
:10ED9000000000000000001030EE000A7047000084
:10EDA000DFED020A80EEA00A7047000000000000BC
:10EDB0009FED020A20EE000A7047000000000010DC
:10EDC0002DE9F0014FF07F42B2EB410F9FBF4FF0B2
:10EDD000FF310160BDE8F00170474FF0004242EAA8
:10EDE0000123C1F3C752783A551112F01F0C434C5E
:10EDF000CCF120067C44C1F3C752A2F178024FEA5D
:10EE0000621204EB820254F8254008BFD2E9015691
:10EE100012D0556804FA0CF425FA06F73C439768BB
:10EE200005FA0CF527FA06F8D26807FA0CFCF2404E
:10EE300045EA08054CEA0206A4FB034CA5FB035275
:10EE4000A6FB03631D449D4234BF0126002613190F
:10EE5000334416B1934202D903E0934201D2012216
:10EE600000E00022624402F1200C9206DC0C42EA2F
:10EE7000443200EE102A5B03DFED210AF8EEC01ADF
:10EE800000EE103A4FEA9C1C11F0004FB8EE400A19
:10EE9000C0F800C020EE201A00EE105ADFED190A6B
:10EEA000B8EE400A20EE200A71EE810A70EE800A68
:10EEB00010EE902A02F500626FF30B0200EE902A2A
:10EEC00070EEE11A31EEC11ADFED101A30EE411A80
:10EED0009FED0D0A20EE800A01EE210A9FED0C1A2B
:10EEE00000EE810A04BFBDE8F0017047CCF180510B
:10EEF0000160BDE8F001B1EE400A704798060000DD
:10EF0000000000360000802C22AAFD29DB0FC92F4B
:10EF10000000C92F02E008C8121F08C1002AFAD158
:10EF200070477047002001E001C1121F002AFBD189
:10EF3000704700000149086070470000AC050020E0
:10EF40002DE9FF4F8DB00F460546002606E0252827
:10EF50000BD0DDE90F1290476D1C761C2878002835
:10EF6000F5D111B03046BDE8F08F0024A246A1468D
:10EF70000122EC4900E0044315F8013F203B02FA6E
:10EF800003F00842F7D128782A2810D06FF02F021A
:10EF90002878A0F13001092914D80AEB8A0102EB84
:10EFA000410144F0020400EB010A6D1CF0E701CFBF
:10EFB0005FEA000A03D544F40054CAF1000A44F0A1
:10EFC00002046D1C28782E2817D115F8010F44F083
:10EFD00004042A280ED06FF02F022878A0F1300107
:10EFE00009290AD809EB890102EB410100EB01096B
:10EFF0006D1CF2E757F8049B6D1C28786C280FD025
:10F0000006DC4C2817D068280DD06A2814D104E0FB
:10F01000742810D07A280FD10DE044F400140AE0CF
:10F0200044F4801401E044F440146978814202D130
:10F0300004F580146D1C6D1C2A786E2A1FD00CDC20
:10F04000632A31D004DC002A8BD0582A11D1A3E0E6
:10F05000642A68D0692A0CD165E0732A2ED004DCBA
:10F060006F2A73D0702A04D19BE0752A6FD0782A5A
:10F070006ED01046DDE90F129047761C50E1C4F3C4
:10F080000250022806D0032809D0042801CF09D055
:10F09000066045E101CFF117C0E9006140E101CF11
:10F0A00006803DE106703BE117F8040B8DF8000087
:10F0B00000208DF80100EB46012003E057F804BB67
:10F0C0004FF0FF3061074FF0000102D40DE008F16E
:10F0D0000101884649450FDA8045F8DB1BF8081026
:10F0E0000029F4D108E008F1010188468142FADBE9
:10F0F0001BF808100029F6D1DDE90F23AAEB080060
:10F100008146214600F036F9304400EB080604E061
:10F11000DDE90F121BF8010B9047B8F10108F7D297
:10F1200021464846F7E00A21C4F302534FF0000B92
:10F130000891022B04D001CFC117032B09D00AE09C
:10F14000FF1D27F00707F7E8020108E032E01FE0A3
:10F1500020E000B2C117042B01D140B2C117031E39
:10F1600071F1000307DA4FF0000CD0EB0C006CEBF0
:10F1700001012D2302E0230504D52B238DF8243033
:10F18000012303E0E30701D02023F7E7984658E086
:10F190000A2110E010210EE010204FF0000B089023
:10F1A0000CE010214FF0000B44F004044FF008096C
:10F1B000089103E008214FF0000B0891C4F30253BB
:10F1C000022B04D001CF0021032B06D006E0FF1D47
:10F1D00027F00707F7E8020103E080B2042B00D113
:10F1E000C0B24FF0000823072BD5702A07D0DDF8F6
:10F1F00020C08CF0100C5CEA0B0C05D00EE0402314
:10F200008DF82430012308E050EA010306D03023B2
:10F210008DF824308DF8252002239846DDF820C093
:10F220008CF0080C5CEA0B0C0BD150EA010301D105
:10F23000630706D530238DF824304FF00108A9F17B
:10F240000109582A04D038A20B9208AA0A920BE0AE
:10F250003AA2F9E75B46089AFEF79CFF0B9B9B5C82
:10F260000A9A521E0A92137050EA0102F2D10A98C9
:10F27000ADEB000000F1200B600702D524F48034D0
:10F2800001E04FF00109D94502DDA9EB0B0000E0D8
:10F29000002000EB0B0141440890AAEB010AE003B7
:10F2A00006D4DDE90F232146504600F063F80644FA
:10F2B0004FF0000908E009A911F80900DDE90F1273
:10F2C000904709F10109761CC145F4DBE0030CD538
:10F2D000DDE90F232146504600F04CF8064404E0D7
:10F2E000DDE90F1230209047761C0899481E0890DF
:10F2F0000029F5DC08E00A980A990078491C0A916F
:10F30000DDE90F129047761CBBF10001ABF1010B58
:10F31000F1DC21465046DDE90F2300F019F80644E0
:10F320006D1C1BE609280100303132333435363785
:10F330003839616263646566000000003031323341
:10F3400034353637383941424344454600000000E1
:10F350002DE9F041044600251E461746880404D4D2
:10F3600005E039462020B0476D1C641EF9D52846BB
:10F37000BDE8F0812DE9F041044600251E46904687
:10F38000C80301D5302700E02027880404D505E014
:10F3900041463846B0476D1C641EF9D52846BDE885
:10F3A000F0814A68002A06D00A68531C0B6010706E
:10F3B0004868401E486070470A68531C0B60107014
:10F3C000704710B541EC100BFFF772F851EC100BC1
:10F3D00010BD82B0CDE9000121F0004001909DED0B
:10F3E000000B02B051EC100B704700000000000051
:10F3F0004FBB610567ACDD3F182D4454FB21E93F4D
:10F400009BF681D20B73EF3F182D4454FB21F93F3B
:10F41000E2652F227F2B7A3C075C143326A6813CC1
:10F42000BDCBF07A8807703C075C143326A6913C6C
:10F43000C4EB98999999C9BF711623FEC671BCBFD8
:10F440006D9A74AFF2B0B3BF9AFDDE522DDEADBF40
:10F450002F6C6A2C44B4A2BF0D5555555555D53F58
:10F46000FF8300922449C23F6E204CC5CD45B73F73
:10F47000513DD0A0660DB13FEB0D76244B7BA93FEB
:10F4800011DA22E33AAD903F0000000000000000D6
:10F49000000000006E83F9A22915444ED15727FCC5
:10F4A000C0DD34F5999562DB4190433CAB6351FE7E
:10F4B000D0F4010800000020B0050000A4E301081A
:10F4C00054F60108B0050020C89F010024EF010890
:10F4D000411BFF01041A02041A03041A04041A054A
:10F4E000041A06041A07041A08041A09041A0A045A
:10F4F0001A0B041A0C041A0D041A0E041A0F041A1B
:10F5000010041A11041A12041A130422141A84483B
:10F51000C1195F01D91AFCEC1A2CE11A200823F852
:10F52000021A5E0C1A12085AB8F51A94081A5810E2
:10F53000811AF91069041AB7181A62041AA40C5A2D
:10F540009A2829081A5D081A4E041A920C329B3226
:10F55000E029081ABD1029045A5A501A340C1A0509
:10F56000041A90041AAC041A8F041A31041A720493
:10F570001ABE041ADA041A30045A061C1A6B041A4A
:10F58000DD041AC3045A3628297432A0298829B305
:10F590001ADA081ACB041AD60D1A1C081AB3081A5C
:10F5A0000E041A180429A829DC0134295C016062C0
:10F5B000FE223F1A8004111A400819041AA0041AE6
:10F5C000C0041B20410C19041AF0042334421A70A1
:10F5D0000434F0426452C83AA01029DF14A0860116
:10F5E000051C35FA8E3C4B30750409161C81023B14
:10F5F0001123420172691A1C991A2C1081299D321B
:10F600000A89C0A12927692B32E62AC6D5D90C9AC6
:10F61000FA0C3260631003325F5A0E0C012B263F46
:10F620000AD7233D0318A03F29A81A90951A3E5CDB
:10F6300003AB1405847A030A680901020304060770
:10F6400008090CA910C11AAA010111023E281AFFCB
:04F650000141000074
:040000050800018965
:00000001FF
