:020000040800F2
:10000000C8A301206DA800084502000847020008A7
:100010004B0200084F0200085302000800000000D5
:100020000000000000000000000000009D0100082A
:100030005702000800000000E101000887D800080E
:1000400087A8000887A8000887A8000887A80008D4
:1000500087A8000887A8000887A8000887A80008C4
:10006000A9040008ED04000887A800081903000887
:10007000FB0200085B03000887A80008750200085F
:1000800087A800088102000887A8000887A8000840
:1000900087A8000887A8000887A8000887A8000884
:1000A00087A80008C5030008F103000887A8000816
:1000B000F3030008210400084D04000887A8000885
:1000C00087A8000887A8000887A80008A5040008DA
:1000D00087A800085D02000887A8000887A8000814
:1000E00087A8000887A8000887A8000887A8000834
:1000F00087A8000887A8000887A800083703000819
:1001000087A8000887A8000879040008A704000849
:1001100087A8000887A8000897030008A303000821
:1001200087A800089B020008CD02000887A80008E5
:1001300087A8000887A8000887A8000887A80008E3
:1001400087A8000887A8000887A8000887A80008D3
:10015000ED02000887A8000887A8000887A8000803
:1001600087A8000887A8000887A8000887A80008B3
:1001700087A8000887A8000887A8000887A80008A3
:1001800087A8000887A80008DFF80CD00EF01EFE34
:100190000048004757A50008C8A30120234B196851
:1001A0000868B0E8F04F80F309884FF0000080F352
:1001B000118870470000000003480068006880F361
:1001C000088862B600DF00BF08ED00E0DFF80C0031
:1001D000016841F470010160704700BF88ED00E0E4
:1001E000EFF30980114B1A681EF0100F08BF20EDC5
:1001F000108A20E9F04F106008B54FF0140080F32A
:1002000011880DF008FF4FF0000080F31188BDE861
:10021000084019680868B0E8F04F1EF0100F08BFDA
:10022000B0EC108A80F30988704700BF54040020A6
:10023000EFF311804FF0140181F31188704780F3C0
:1002400011887047704700BFFEE700BFFEE700BFA0
:10025000FEE700BFFEE770477047704710B540F2F9
:100260002551A3480CF023FC18B12021A0480CF024
:1002700015FC10BD10B59F499F480BF04DFB10BDFC
:1002800010B59E499C4830300BF01CFB20B19B49B7
:10029000994830300BF040FB10BD10B59849994893
:1002A0000BF010FB88B1964996480BF035FB01F036
:1002B00046FF002193480BF05BFA042191480BF0B4
:1002C00078FA01218F480BF053FA10BD10B58E4912
:1002D0008C4818300BF020FB8C4840788B4909780B
:1002E00040EA012000B28A49088010BD10B5894952
:1002F000844860300BF010FB10BD10B580497E487B
:1003000048380BF0DFFA30B17D497B4848380BF0B4
:1003100003FB00F0B9FA10BD10B57F49764860388C
:100320000BF0D0FA30B17C49734860380BF0F4FA26
:1003300001F005FF10BD10B578496F4848300BF04B
:10034000C1FA48B100216C4848300BF011FA7349EA
:10035000694848300BF0E0FA10BD10B56A496648AC
:1003600030380BF0AFFAA8B16749634830380BF06A
:10037000D3FA01F0F8FC00215F4830380BF0F8F9AF
:1003800008215D4830380BF014FA01215A48303802
:100390000BF0EEF910BD10B5012161480CF0E4F846
:1003A00010BD10B501215F480CF0DEF87A205049ED
:1003B000888001215C480CF089FA01215B480CF02F
:1003C00085FA10BD10B5012159480CF0CDF85848F8
:1003D000008800F0100028B156480068401E5549BA
:1003E000086004E053480068401C5249086010BD92
:1003F000704710B5012188070CF0B6F84FF0804027
:10040000008800F0100028B14B480068401E4A499F
:10041000086004E048480068401C4749086010BD77
:1004200010B5012145480CF09FF84448008800F0C1
:10043000100028B142480068401E4149086004E0AD
:100440003F480068401C3E49086010BD10B50121BE
:100450003C480CF089F83B48008800F0100028B1B7
:1004600039480068401E3849086004E03648006892
:10047000401C3549086010BD10B5012133480CF00F
:1004800073F83248008800F0100028B13048006846
:10049000401E2F49086004E02D480068401C2C498C
:1004A000086010BD7047704710B504200BF0CCFAFF
:1004B000D8B1202127480AF050FB042126480AF031
:1004C00027FB012804D1002116480BF0CDFB09E0E1
:1004D000042121480AF01CFB20B912480BF0C8FB8C
:1004E0001E49086004201E49086010BD70470000C6
:1004F0000010014020800020706002400080202019
:100500000088001028640240008020107C06002033
:100510008C0000200088002020800010008000282F
:10052000001000400014004000480040001401404A
:10053000000001406C00002070000020000400401A
:10054000740000200008004088000020000C0040DB
:100550007800002000000240000C024068000020EB
:10056000143C014070B5044620460EF03DF90546A6
:100570002146F8480EF03FF9A0B195222146F548F2
:100580000EF026F90021F4480BF0F2F8F148F24998
:100590000C310860F048B838C0F8BC500121EE4872
:1005A0000BF0E6F870BD70B50446002510E0605D04
:1005B00068B1615DE9480CF0B4F900BF8021E748FB
:1005C0000CF05FFA0028F9D0681CC5B200E070BDDD
:1005D000EDE770B5044600250FE05CB12146DF4829
:1005E0000CF09FF900BF8021DC480CF04AFA00288B
:1005F000F9D000E070BD681CC5B2032DEDDB00BF73
:10060000F8E713B50C460020FFF7E3FFD4A0FFF78F
:10061000CAFF2346D3A29621D3480EF015FCD24838
:10062000FFF7C1FFD1A0FFF7BEFFCEA29621CE48B3
:10063000009B0EF009FCCC48FFF7B5FFCDA0FFF7FB
:10064000B2FFFF20FFF7C5FFFF20FFF7C2FFFF202B
:10065000FFF7BFFF1CBD70B505460C46C0A0FFF7F5
:10066000A2FF2246BFA1C0480EF006FCBE48FFF71D
:100670009AFFBEA0FFF797FF2846FFF794FFBDA0A3
:10068000FFF791FFFF20FFF7A4FF70BD77B585B09E
:100690000546FF26B5A103C9CDE90301B5A0006851
:1006A0000290AFA00068019000240AE00020B24947
:1006B0000855B2490855AC490855A6490855601C6B
:1006C000C4B21E2CF2DB0A20A7490870FF20487034
:1006D0008870C870A3A1A948079A0EF0CDFBA7495E
:1006E00001A80EF069F801A99F480EF065F803A96A
:1006F0009D480EF061F829469B480EF05DF899A1DF
:100700009E48069A0EF0B8FB9C4997480EF054F8A4
:1007100002A995480EF050F8FF20974908704870DC
:10072000887091480EF048F88F48FFF71BFF08B01B
:1007300070BDF7B584B005460E46FF278BA103C9EF
:10074000CDE902018BA00068019085A000680090AF
:10075000002408E000208849085588490855824946
:100760000855601CC4B20A2CF4DB0A207E490870CC
:10077000FF2048708870C8707AA18048069A0EF0F1
:100780007BFB7E4968460EF017F8694676480EF006
:1007900013F802A974480EF00FF8294672480EF0BB
:1007A0000BF8314670480EF007F801A96E480EF0BC
:1007B00003F8FF2070490870487088700020C870E6
:1007C000087169480DF0F8FF6748FFF7CBFE07B0E6
:1007D000F0BD01B58EB06AA2322101A80E9B0EF0C9
:1007E00033FB01A8FFF7BEFE0FB000BD73B584B0A8
:1007F0000546FF265DA103C9CDE902015DA00068A1
:10080000019057A00068009000240AE000205A4997
:1008100008555A490855544908554E490855601C11
:10082000C4B21E2CF2DB0A204F490870FF2048702A
:100830008870C8704BA15148059A0EF01DFB4F49B6
:1008400068460DF0B9FF694647480DF0B5FF02A9AB
:1008500045480DF0B1FF294643480DF0ADFF47492B
:1008600041480DF0A9FF01A93F480DF0A5FFFF2069
:1008700041490870487088703B480DF09DFF3A4828
:10088000FFF770FE06B070BD10B52DED0C8B82B079
:100890003E4800783D49497808443C4989780844F5
:1008A0003A49C978084439490979084437494979A6
:1008B00008443649897908443449C9790844334998
:1008C000097A0844C0B201903048007A00F00F0065
:1008D00000909FED2F0AB0EE40DA2C48407A019943
:1008E000884271D12948007A00F00F000D286BD1A1
:1008F00026488078C0F17F0000EE100AB8EEC08A6A
:100900002248C078813800EE100AF8EEC08AB5EEB1
:10091000C08AF1EE10FA03D1B7EE000AB0EE408AB9
:10092000F5EEC08AF1EE10FA03D1B7EE000AF0EE50
:10093000408ABDEEC80A10EE102A002A01DB1346D9
:1009400000E05342BDEEE80A10EE100A002821DB59
:10095000044620E0CA050020B86002400050004074
:100960007400000025640000940400202E74787444
:100970003D220000220000007A05002052050020E0
:100980006A302E76616C3D2564000000BD060020B3
:10099000DB0F49404442191901EBD1735B10F94C4C
:1009A0002360BDEEE80A10EE101A002901DB0A46AA
:1009B00000E04A42322A0FDABDEEC80A10EE100AF1
:1009C000002802DB024601E02FE04242322A03DA2D
:1009D0000020ED49086030E018EE900A0EF0D1F8E2
:1009E00041EC1B0B18EE100A0EF0CBF841EC1C0B7F
:1009F000B0EE4B1AF0EE6B1AB0EE4C0AF0EE6C0A49
:100A00000EF0E6FBB0EE40AAF0EE60AA9FEDDF0B21
:100A100053EC102B51EC1A0B0DF0A2FF41EC190B0B
:100A20000EF090F8D849086007E09DF800000D2806
:100A300003D00021D7480BF049FF02B0BDEC0C8B6E
:100A400010BDD548007A00F00F000D2806D1D2481D
:100A5000007800F0010008B10D2070470020FCE78D
:100A6000CD48007800F0100008B100207047012048
:100A7000FCE71CB54FF080400BF0FAF8C749096855
:100A800040EA01400C2190FBF1F00090002418E0B6
:100A90004FF080400BF0ECF8C049096840EA014093
:100AA0000C2190FBF1F00190DDE90021881A00286B
:100AB00001DB014600E04142052900DA641C01988F
:100AC0000090022CE4DB019840421CBD1CB5B448E8
:100AD0000BF0CEF8B349096840EA01400C2190FBC5
:100AE000F1F00090002417E0AD480BF0C1F8AD49DB
:100AF000096840EA01400C2190FBF1F00190DDE92A
:100B00000021881A002801DB014600E04142052946
:100B100000DA641C01980090022CE5DB01981CBDF2
:100B20001CB5A1480BF0A4F8A049096840EA0140AF
:100B30000C2190FBF1F00090002417E09A480BF094
:100B400097F89A49096840EA01400C2190FBF1F0BE
:100B50000190DDE90021881A002801DB014600E050
:100B60004142052900DA641C01980090022CE5DB63
:100B700001981CBD1CB58E480BF07AF88D490968A8
:100B800040EA01400C2190FBF1F00090002417E0B6
:100B900087480BF06DF88749096840EA01400C214D
:100BA00090FBF1F00190DDE90021881A002801DBBB
:100BB000014600E04142052900DA641C01980090DA
:100BC000022CE5DB01981CBD01B581B0002000902E
:100BD000019800EBC0004000009002E00098401E29
:100BE000009000980028F9D10CBD01B581B000201B
:100BF000009044F2506101984843009002E0009850
:100C0000401E009000980028F9D10CBD1CB50121B0
:100C10001F200AF061F94FF6FF70009001208DF857
:100C2000040000208DF8060001208DF80700032045
:100C30008DF805006946604809F008FF4FF6FF701F
:100C4000009001208DF8040000208DF8060001209E
:100C50008DF8070003208DF805006946574809F014
:100C6000F5FE4FF6FF70009001208DF80400002083
:100C70008DF8060001208DF8070003208DF805008F
:100C800069464F4809F0E2FE1CBD1CB501217E20DB
:100C90000AF022F94FF4CE50009000208DF80400A5
:100CA00001208DF8070002208DF8050069464548AF
:100CB00009F0CCFE4FF6C740009000208DF80400EC
:100CC00001208DF8070002208DF8050069463A489A
:100CD00009F0BCFE0420009000208DF804000120E3
:100CE0008DF8070002208DF805006946334809F0A9
:100CF000ADFE4FF44C40009000208DF80400012020
:100D00008DF8070002208DF8050069462C4809F08F
:100D10009DFE1CBD1FB54FF4E06009F0B9FD362003
:100D20008DF8000000208DF801008DF802000120F0
:100D30008DF80300684609F0B0FD012110200AF08B
:100D4000FEF83220ADF8040040F2E73002900020B7
:100D5000ADF80C00ADF8060001A91B480AF03BFFF6
:100D6000012119480BF000FC0122114616480BF036
:100D7000D3FB002114480AF077FF012112480AF042
:100D8000B3FF1FBDCC000020C80000200000008081
:100D9000A9E7814000480040BD0600207000002007
:100DA000000400407400002000080040880000207B
:100DB000000C0040780000200004024000080240BF
:100DC000000C024000000240001000401FB54FF42C
:100DD000E06009F05DFD37208DF8000000208DF8FF
:100DE00001008DF8020001208DF80300684609F02B
:100DF00054FD012120200AF0A2F83220ADF80400B1
:100E000040F2E73002900020ADF80C00ADF806008B
:100E100001A9FE480AF0DFFE0121FC480BF0A4FB0B
:100E200001221146F9480BF077FB0021F7480AF040
:100E30001BFF0121F5480AF057FF1FBD00B58BB01D
:100E4000012102200AF08CF801210C200AF044F85C
:100E500003220621EE4809F084FE03220721EC4814
:100E600009F07FFE03220821E94809F07AFE0322F7
:100E70000921E74809F075FE4FF4707006900220D2
:100E80008DF81C0003208DF81D0000208DF81E0039
:100E900001208DF81F0006A9DD4809F0D7FDA42028
:100EA000ADF8200040F6B83009904FF48070ADF8EE
:100EB00028000020ADF8220008A9D6480AF08BFED1
:100EC0006020ADF804000120ADF80600002003907A
:100ED000ADF810000121CF480AF006FF0021CD48EF
:100EE0000AF0C2FE01A9CB480AF00AFF01A9C948CD
:100EF0000AF03FFF01A9C7480AF088FF01A9C548C9
:100F00000AF0EAFF0121C3480BF0DFFA0BB000BD85
:100F100000B58BB0012108200AF011F80121084624
:100F200009F0DAFF02220021BB4809F01AFE022272
:100F30000121B94809F015FE02221146B64809F010
:100F400010FE02220321B44809F00BFE0F20069088
:100F500002208DF81C0003208DF81D0000208DF864
:100F60001E0001208DF81F0006A9AB4809F06EFD98
:100F7000BA20ADF8200042F2107009900020ADF8C0
:100F80002800ADF8220008A9A4480AF024FE602039
:100F9000ADF804000120ADF8060000200390ADF884
:100FA000100001219D480AF09FFE00219B480AF095
:100FB0005BFE01A999480AF0A3FE01A997480AF02F
:100FC000D8FE01A995480AF021FF01A993480AF02B
:100FD00083FF012191480BF078FA0BB000BD00B5FA
:100FE0008BB00121042009F0AAFF01210D2009F096
:100FF00073FF02220C218A4809F0B3FD02220D2161
:10100000874809F0AEFD02220E21854809F0A9FDAE
:1010100002220F21824809F0A4FD4FF4704006908F
:1010200002208DF81C0003208DF81D0000208DF893
:101030001E0001208DF81F0006A9794809F006FD61
:10104000A420ADF8200040F6B83009904FF480702D
:10105000ADF828000020ADF8220008A971480AF078
:10106000BAFD6020ADF804000120ADF806000020B4
:101070000390ADF8100001216A480AF035FE002106
:1010800068480AF0F1FD01A966480AF039FE01A995
:1010900064480AF06EFE01A962480AF0B7FE01A991
:1010A00060480AF019FF0BB000BD00B589B00121FE
:1010B000080409F055FF0121084609F00DFF03223D
:1010C0001146554809F04DFD03220221524809F00E
:1010D00048FD0C20019002208DF8080003208DF8B7
:1010E000090000208DF80A0001208DF80B0001A9ED
:1010F000494809F0ABFC0020ADF818004FF6FF702E
:1011000007900020ADF82000ADF81A0006A9464867
:101110000AF061FD0420ADF80C000020ADF80E00CF
:10112000C820ADF814000120ADF8100003A93E4816
:101130000BF028F900231A4603213C480BF0BFFAB4
:1011400001213A480BF010FA0122114637480BF002
:10115000E3F9012134480AF0C7FD002133480AF0C1
:1011600083FD09B000BD00B589B00121084609F032
:10117000E6FE0121022009F0E2FE0121032009F030
:10118000ABFE01220F21244809F0EBFC01220321D0
:10119000274809F0E6FC02220421254809F0E1FC79
:1011A00002220521224809F0DCFC382001900220AF
:1011B0008DF8080003208DF8090000208DF80A0042
:1011C00001208DF80B0001A9194809F03FFC4FF4EC
:1011D0000040019002208DF8080003208DF80900DE
:1011E00000208DF80A0001208DF80B0001A90A48A3
:1011F00009F02CFC0020ADF818004FF6FF700790A6
:101200000020ADF82000ADF81A0013E000140040F3
:10121000000802400004014000000240000C0040B1
:10122000000C024000080040000001400040014066
:101230000004024006A94FF080400AF0CCFC06A949
:10124000FE480AF0C8FC0420ADF80C000220ADF8FE
:101250000E001420ADF814000120ADF8100003A911
:1012600080070BF08FF803A9F4480BF08BF80223EA
:101270001A46032158070BF022FA02231A460321CB
:10128000EE480BF01CFA012188070BF06DF90121E3
:10129000EA480BF069F90122114690070BF03CF97E
:1012A00001221146E5480BF037F9012188070AF0C1
:1012B0001BFD0121E1480AF017FD00214FF080409D
:1012C0000AF0D2FC0021DD480AF0CEFC4FF4C060E9
:1012D00009F0DEFA1D208DF8000003208DF80100D2
:1012E00000208DF8020001208DF80300684609F007
:1012F000D4FA1C208DF8000004208DF80100002095
:101300008DF8020001208DF80300684609F0C5FA47
:1013100009B000BD00B589B00121084609F020FEE2
:101320000121102009F0D8FD4FF420600190022027
:101330008DF8080003208DF8090000208DF80A00C0
:1013400001208DF80B0001A9BD4809F07FFB0122A7
:101350000921BB4809F005FC01220B21B84809F01E
:1013600000FC0020ADF818004FF6FF700790002039
:10137000ADF82000ADF81A0006A9B2480AF02BFC1F
:101380000420ADF80C000020ADF80E000A20ADF8E6
:1013900014000120ADF8100003A9AA480AF0F2FFDA
:1013A00000231A460321A7480BF089F90121A5481B
:1013B0000BF0DAF801221146A2480BF0ADF801213A
:1013C000A0480BF0D1F8012211469E480BF0A4F87A
:1013D00001219C480AF088FC00219A480AF044FC4C
:1013E0004FF4C06009F054FA19208DF80000012074
:1013F0008DF8010000208DF8020001208DF8030017
:10140000684609F04AFA09B000BD00B589B001216B
:10141000042009F094FD0121082009F05DFD4FF43E
:101420004050019002208DF8080003208DF809003B
:1014300000208DF80A0001208DF80B0001A98248D8
:1014400009F004FB0020ADF818004FF6FF7007907C
:101450000020ADF82000ADF81A0006A97B480AF07C
:10146000BAFB02220C21784809F07BFB02220D21F5
:10147000754809F076FB0420ADF80C000220ADF8A9
:101480000E00C820ADF814000120ADF8100003A92B
:101490006E480AF077FF02231A4603216B480BF0CF
:1014A0000EF9012169480BF05FF8012211466748E7
:1014B0000BF032F8012165480AF016FC0021634860
:1014C0000AF0D2FB002061491431088001205F49F5
:1014D00008804FF4C06009F0DBF91E208DF8000091
:1014E00004208DF8010000208DF8020001208DF805
:1014F0000300684609F0D1F909B000BD00B589B014
:101500000121082009F01BFD0121084609F0E4FC37
:101510000320019002208DF8080003208DF80900B7
:1015200000208DF80A0001208DF80B0001A9484821
:1015300009F08CFA0020ADF818004FF6FF70079004
:101540000020ADF82000ADF81A0006A941480AF0C5
:1015500042FB022200213E4809F003FB0222012146
:101560003B4809F0FEFA0420ADF80C000220ADF86B
:101570000E00C820ADF814000120ADF8100003A93A
:1015800034480AF0FFFE02231A46032131480BF0CB
:1015900096F801212F480AF0E7FF012211462D4855
:1015A0000AF0BAFF01212B480AF09EFB00212948CE
:1015B0000AF05AFB002027491431088001202549F0
:1015C00008804FF4C06009F063F932208DF8000004
:1015D00004208DF8010000208DF8020001208DF814
:1015E0000300684609F059F909B000BD00B59BB089
:1015F0000121194809F070FC0121080209F0B0FC32
:101600000020029015480390154804900020059092
:101610000E200690002007904FF480600890400054
:10162000099080000A9040110B9040020C9000201D
:101630000D9001200E9000200F9013E00004004058
:101640000010024000000140000C02400008004071
:1016500000000240000C0040070040004C20014008
:1016600060060020109002A9FE480AF047F8012108
:10167000FC480AF07DF8FC20009003208DF804005F
:1016800000208DF807006946F74809F0DFF94FF4AC
:101690004070009003208DF8040000208DF80700B2
:1016A0006946F24809F0D2F93F20009003208DF8F6
:1016B000040000208DF807006946ED4809F0C6F9DE
:1016C000002011904FF4403012900020139014909D
:1016D00011A809F079FD4FF08070159001208DF868
:1016E00058008DF8590000201790189019900E207E
:1016F0008DF8680015A9DF4809F037FD072301229E
:101700000221DC4809F0B7FD072302220321D94852
:1017100009F0B1FD072303220421D64809F0ABFDEF
:10172000072304220521D34809F0A5FD072305223C
:101730000621D04809F09FFD072306221946CD480F
:1017400009F099FD07231A460821CA4809F093FDBC
:10175000072308220921C74809F08DFD0723092224
:101760000A21C44809F087FD07230A220B21C1483A
:1017700009F081FD07230B220C21BE4809F07BFDF7
:1017800007230C220D21BB4809F075FD07230D220C
:101790000E21B84809F06FFD07230E220F21B5482E
:1017A00009F069FD0121B34809F010FE0121B1489B
:1017B00009F001FE0121AF4809F01DFDAD4809F017
:1017C000B6FD1BB000BD08B54FF4E06009F060F84D
:1017D00025208DF8000000208DF801008DF8020012
:1017E00001208DF80300684609F057F808BD10B5D0
:1017F00096B004460121102009F0B2FB01210846F1
:1018000009F06AFB0121880509F066FB4FF4C0600E
:10181000009002208DF8040000208DF806008DF85D
:10182000070002208DF8050069468F4809F00EF97F
:10183000072209218C4809F094F907220A218A48D5
:1018400009F08FF902940020ADF80C00ADF80E00FD
:10185000ADF81000ADF814000C20ADF8120002A98C
:1018600085480AF0ABFF012183480BF02FF84FF4B5
:10187000A06009F00DF83A208DF8180000208DF8CE
:1018800019008DF81A0001208DF81B0006A809F038
:1018900004F87448303009F08FFE4FF00060079074
:1018A00000200A90754809900A200B907248001D8C
:1018B000089000200C904FF480600D9000200E9056
:1018C0000F904FF4807010904002119004201290FD
:1018D0000320139000201490159007A96148303020
:1018E00009F00CFF0122402163480BF09CF8012213
:1018F00010215C48303009F0C8FF012159483030D0
:1019000009F036FF16B010BD10B596B0044601219F
:10191000480509F0E1FA0121480409F010FB012112
:10192000082009F0D9FA6020009002208DF8040008
:1019300000208DF806008DF8070002208DF80500C4
:1019400069464F4809F082F8072205214C4809F002
:1019500008F9072206214A4809F003F902940020F9
:10196000ADF80C00ADF80E00ADF81000ADF81400A5
:101970000C20ADF8120002A942480AF01FFF012115
:1019800040480AF0A3FF4FF4A06008F081FF112047
:101990008DF8180000208DF819008DF81A0001202C
:1019A0008DF81B0006A808F078FF374809F004FE00
:1019B0004FF00060079040200A9034480990502072
:1019C0000B903048001D089000200C904FF4806070
:1019D0000D9000200E900F904FF4807010904002F8
:1019E0001190042012900320139000201490159061
:1019F00007A9254809F082FE0122802121480BF029
:101A000012F8012280211F480BF00DF8012210214D
:101A10001D4809F03AFF01211B4809F0A9FE16B044
:101A200010BD10B596B004460121880409F087FA6C
:101A30000121082009F050FA0121480509F04CFA6B
:101A40004FF44070009002208DF8040000208DF8C3
:101A500006008DF8070002208DF805006946084849
:101A600016E0000010640240000002400004024042
:101A70000008024000200140001001407C060020C8
:101A8000000C024000440040A0600240040000201E
:101A900008F0DCFF07220821FE4809F062F807225F
:101AA0000921FC4809F05DF802940020ADF80C0013
:101AB000ADF80E00ADF81000ADF814000C20ADF834
:101AC000120002A9F4480AF079FE0121F2480AF056
:101AD000FDFE4FF4A06008F0DBFE0C208DF818002E
:101AE00000208DF819008DF81A0001208DF81B00D8
:101AF00006A808F0D2FEE94809F05EFD4FF000604C
:101B0000079000200A90E64809900A200B90E248CE
:101B1000001D089000200C904FF480600D90002074
:101B20000E900F904FF4807010904002119004209E
:101B300012900320139000201490159007A9D74805
:101B400009F0DCFD01224021D3480AF06CFF01229C
:101B50004021D1480AF067FF01221021CF4809F047
:101B600094FE0121CD4809F003FE16B010BD10B55A
:101B700096B004460121C80409F0E1F901210420CE
:101B800009F0AAF90121480509F0A6F94FF44060CF
:101B9000009002208DF8040000208DF806008DF8DA
:101BA000070002208DF805006946BE4808F04EFF88
:101BB00008220A21BB4808F0D4FF08220B21B948AB
:101BC00008F0CFFF02940020ADF80C00ADF80E0035
:101BD000ADF81000ADF814000C20ADF8120002A909
:101BE000B1480AF0EBFD0121AF480AF06FFE4FF457
:101BF000A06008F04DFE0D208DF8180003208DF830
:101C0000190001208DF81A008DF81B0006A808F0B5
:101C100044FEA248183009F0CFFC4FF00060079056
:101C200000200A90A148099008200B909E48001DB2
:101C3000089000200C904FF480600D9000200E90D2
:101C40000F9010904FF4003011900020129003205C
:101C5000139000201490159007A99048183009F0AF
:101C60004DFD0122402190480AF0DDFE0122802135
:101C70008D480AF0D8FE012210218848183009F05A
:101C800004FE01218548183009F072FD16B010BD20
:101C900070B5874C2468642C00DB70BD854C2488AB
:101CA00004EB8404844D2C446070824C248804EB43
:101CB00084042C44A1707F4C248804EB84042C44BD
:101CC000E2707C4C248804EB84042C442371794C0E
:101CD0002488641C642594FBF5F605FB1644754DB9
:101CE0002C80734C2468641C714D2C6000BFD4E7B9
:101CF00001466F48006808B9002070476F480088A7
:101D000000EB80006C4A104402680A600079087198
:101D10000120F2E701466648006808B900207047D4
:101D20006648008800EB8000634A104402680A603D
:101D30000079087161480088401C642290FBF2F32E
:101D400002FB13005D4A108059480068401E584A43
:101D500010600120E3E70CB56846FFF7DBFF0020C9
:101D6000574908700CBD10B5504800784F49497864
:101D700008444E49897808444C49C97808444B497D
:101D800009790844494949790844C4B24748007868
:101D9000022800D010BD4548C079032800D0F9E7DB
:101DA00042488079A0422FD1404840784549087088
:101DB0003E488078444908703C48C07843490870E0
:101DC0003A480079424908703848407941490870DA
:101DD0003D480078012804D13D4800783E4908700C
:101DE0001BE039480078022803D0374800780328E0
:101DF00013D138480378364802783448017832489D
:101E00000078FFF745FF08E0FF202F4908702F49B1
:101E100008702F4908702F49087000BFBAE710B545
:101E200096B004460121480509F056F8012108053D
:101E300009F085F801210C2009F04EF804200090EB
:101E400002208DF8040000208DF806008DF80700B0
:101E500002208DF8050069460E4808F0F7FD4FF4A2
:101E60008050009002208DF8040000208DF80600BC
:101E70008DF8070002208DF805006946094808F032
:101E8000E5FD08220221034808F06BFE08220C2120
:101E9000044823E0000C0240004800402860024053
:101EA000BD06002000080240004C0040AF010020A9
:101EB000BC010020C0010020CC060020C20100208F
:101EC000C5010020B7010020B8010020B9010020A1
:101ED000BA010020BB010020C601002008F041FE2D
:101EE0004FF4A06008F0D4FC2F208DF818000520D6
:101EF0008DF819008DF81A0001208DF81B0006A836
:101F000008F0CBFC0B208DF8180005208DF8190087
:101F10008DF81A0001208DF81B0006A808F0BDFC02
:101F200002940020ADF80C00ADF80E00ADF81000E2
:101F3000ADF814000C20ADF8120002A9F8480AF020
:101F40003DFC0121F6480AF0C1FCF64809F034FBDB
:101F50004FF00060079040200A90F34809900A2053
:101F60000B90EF48001D089000200C904FF480600B
:101F70000D9000200E900F9010904FF400301190B3
:101F8000002012900320139000201490159007A9B0
:101F9000E44809F0B3FBE348A83809F00DFB4FF023
:101FA0000060079000200A90E048099005200B90FF
:101FB000DB48001D089000200C904FF480600D90CD
:101FC00000200E900F9010904FF4003011900020E0
:101FD00012900320139000201490159007A9D14867
:101FE000A83809F08BFB01228021CD480AF01BFDA7
:101FF00001224021CA480AF016FD01221021C948D9
:1020000009F043FC01221021C648A83809F03DFC24
:102010000121C44809F0ACFB0121C248A83809F0ED
:10202000A7FB16B010BD10B596B0044601212020C4
:1020300008F096FF0121042008F04EFF01218805D9
:1020400008F04AFFC020009002208DF80400002014
:102050008DF806008DF8070002208DF8050069460E
:10206000B34808F0F3FC08220621B14808F079FDD6
:1020700008220721AE4808F074FD02940020ADF854
:102080000C00ADF80E00ADF81000ADF814000C20F7
:10209000ADF8120002A9A7480AF090FB0121A5485B
:1020A0000AF014FC4FF4A06008F0F2FB39208DF820
:1020B000180003208DF8190001208DF81A008DF802
:1020C0001B0006A808F0E9FB9B4809F075FA4FF0E1
:1020D0002060079000200A909848099004200B90F7
:1020E0009448001D089000200C904FF480600D90E3
:1020F00000200E900F9010904FF4003011900020AF
:1021000012900320139000201490159007A98A487C
:1021100009F0F4FA0122402186480AF084FC0122E9
:10212000802184480AF07FFC01221021824809F0B6
:10213000ACFB0121804809F01BFB16B010BD0CB5AB
:102140000020019000907D480078022812D17B4841
:10215000407801907948C0787849897840EA012030
:1021600000909DF8040076490870BDF8000075499C
:10217000088004E0042072490870724908800CBD90
:1021800000B585B00121082008F0A6FE01218803D2
:1021900008F0E6FE00208DF8100001208DF81300F5
:1021A0000C20039003A9684808F050FC022103208A
:1021B0000AF0D2FC0420009000208DF804001020CA
:1021C0008DF8050001208DF80600684609F0D6FB61
:1021D00008208DF8080000208DF809008DF80A000D
:1021E00001208DF80B0002A808F057FB05B000BDD8
:1021F00070B504460D46012C0BD1294653480AF010
:1022000090FB00BF402151480AF03BFC0028F9D068
:1022100028E0032C0BD129464D480AF082FB00BF71
:1022200040214B480AF02DFC0028F9D01AE0042C7C
:102230000BD1294647480AF074FB00BF40214548AE
:102240000AF01FFC0028F9D00CE0052C0AD1294621
:1022500033480AF066FB00BF402131480AF011FC08
:102260000028F9D070BD00203B4948623B49086016
:102270003B4908603B490860704700203649486286
:10228000364908604FF08041486237490860374955
:1022900008603749086032490860324908603549AA
:1022A000086035490860704700204FF0804148625F
:1022B0002D490860704700202C4908602C490860AF
:1022C000704710B500202D490870002407E06121F7
:1022D0000120FFF78DFF3220FEF787FC641C022CE3
:1022E000F5D30120254908707A202549087010BDD2
:1022F00010B5002023490870002407E06121032065
:10230000FFF776FF3220FEF770FC641C022CF5D339
:1023100001201C4908707A201B49087010BD00007C
:1023200000500040B8600240CA050020C0080020EC
:10233000000802400014014028640240C701002048
:10234000CB010020CC010020000C02400010014015
:1023500000480040004C0040000001406C0000209C
:102360002408004088000020700000202404004061
:1023700074000020240C0040780000209100002010
:102380009000002093000020920000202DE9F14FE2
:10239000AEB0F6A02D9000202C908DF888008DF81E
:1023A00060002E98152833D2DFE800F00B333A4155
:1023B000484F565F68717A818A91989FA6FDFCFB11
:1023C000FA000221F24808F0A3FB88B100224FF482
:1023D0000041F04808F0BAFB4FF40041ED4808F026
:1023E000A4FB044600222146EBA0FEF74FF90FE0C4
:1023F0000122D103E74808F0A9FB4FF40041E5486A
:1024000008F093FB044600222146EBA0FEF73EF9BC
:1024100085E10122F0480168F0A0FEF737F97EE17E
:102420000222F3480168F3A0FEF730F977E10322B6
:10243000F4480168F4A0FEF729F970E10422F64897
:102440000168F6A0FEF722F969E10522F748016864
:10245000F7A0FEF71BF962E1FEF70BFB044606222C
:102460002146F7A0FEF712F959E1FEF72FFB0446CB
:1024700007222146F5A0FEF709F950E1FEF77AFBA5
:10248000044608222146F4A0FEF700F947E1FEF7D2
:1024900047FB044609222146F2A0FEF7F7F83EE189
:1024A0000A22F3480168F3A0FEF7F0F837E10B22A7
:1024B000F548B0F900004142F4A0FEF7E7F82EE13C
:1024C0000C22F4480168F4A0FEF7E0F827E10D22A1
:1024D000F4480168F4A0FEF7D9F820E10E22F5488F
:1024E0000168F5A0FEF7D2F819E10F22F54801685E
:1024F000F5A0FEF7CBF812E10121F74808F008FB40
:102500004FF400511790A34808F002FB0446022143
:10251000F14808F0FDFA05464FF480419D4808F067
:10252000F7FA06460421EC4808F0F2FA4FF40041AD
:102530001690E94808F0ECFA07460821E64808F04A
:10254000E7FA80464FF48041E34808F0E1FA81461B
:102550001021E14808F0DCFA4FF400511590DE48F4
:1025600008F0D6FA82460821DC4808F0D1FA4FF488
:1025700080511490D84808F0CBFA10211390D74816
:1025800008F0C6FA4FF480611290D34808F0C0FA00
:1025900083468021D04808F0BBFA4FF4807103E0F5
:1025A000B6E0AEE0A6E026E01190CB4808F0B0FA25
:1025B00010901798CDE90B65CDE90D401698CDE93F
:1025C0000798CDE90970DDE914211398CDE9042AB3
:1025D00006910390DDE91101CDE901B10090C0A29F
:1025E000282122A8109B0CF02FFC102222A9C5A0A4
:1025F000FEF79FF893E08021654808F089FA0446C9
:102600000121634808F084FA05464021604808F03B
:102610007FFA06464FF40041B04808F079FA0746C1
:102620004FF48051B84808F073FA80464FF4806147
:10263000574808F06DFA81464FF40061B24808F03F
:1026400067FA4FF400611790514808F061FA82462A
:102650004FF48061A14808F05BFA83464FF4805143
:102660004B4808F055FA4FF4006116909B4808F06B
:102670004FFA4FF400511590454808F049FA4FF4CD
:1026800080411490954808F043FA4FF4804113902C
:102690003F4808F03DFA4FF4807112909A4808F0D4
:1026A00037FA4FF400411190394808F031FACDE97A
:1026B0000B76CDE90D5410901798CDE907A0CDE920
:1026C0000998DDE914121698CDE9050BCDE903123E
:1026D000DDE911121398CDE90012029080A22821A1
:1026E00022A8109B0CF0B0FB112222A987A0FEF7B4
:1026F00020F814E012228748016887A0FDF7C6FF82
:102700000DE013226F4801686FA0FDF7BFFF06E0E0
:1027100014226C4801686CA0FDF7B8FF00BF00BF31
:102720002FB0BDE8F08F10B50121804809F020F8E6
:1027300010BD01B57E4800680099884203DD002085
:102740007B49086004E07A480068401C78490860CA
:1027500077480068FFF71AFE08BD01B59DF8000034
:10276000052801DA002008BDE4E0000031313131F4
:102770003131313131313131313131313131313149
:1027800031313031313131313131313100000000FE
:102790000004024000080240524F424F54203220B1
:1027A00044414E4720434841592053414E2058410F
:1027B0004E483A2020200000524F424F54203220F1
:1027C00044414E4720434841592053414E20444FF5
:1027D0003A20202000000000B800002054726F2032
:1027E0006368616E205472756F633A2000000000C8
:1027F000BC00002054726F206368616E20536175C5
:102800003A202000B000002054726F20786F617968
:102810002074617920000000C000002054726F20F5
:10282000646179207461792031200000C4000020A7
:1028300054726F2064617920746179203220000025
:10284000454E434F4445525F464C2000454E434F52
:102850004445525F46522000454E434F4445525F27
:1028600052522000454E434F4445525F524C200087
:10287000BC010020636F756E745F646174615F7585
:1028800061727434200000008C000020494D553ADC
:1028900000000000A40000204C617A65722070687E
:1028A00061690000A00000204C617A65722074729A
:1028B00061692000980000204C617A657220736184
:1028C000750000009C0000204C617A6572207472D3
:1028D000756F63200000000000100240000C0240F1
:1028E00025642564256425642564256425642564A0
:1028F0002564256425642564256425642564256490
:1029000000000000493A000000000240696E323ABF
:1029100000000000E400002054696E486965755F9E
:102920004761705468616E673A200000A060024001
:10293000840000209DF8000008BD30B504461D4607
:1029400024B9FE480078FE4BD87011E0002C07DD5A
:10295000E0B2FFF702FFFA4BD8700020987007E052
:102960006342D8B2FFF7F9FEF54BD870012098709A
:1029700021B9F2480078F24BD87111E0002907DD47
:10298000C8B2FFF7EAFEEE4BD8710120987107E05C
:102990004B42D8B2FFF7E1FEE94BD87100209871A5
:1029A00022B9E6480078E64BD87211E0002A07DD2C
:1029B000D0B2FFF7D2FEE24BD8720120987207E046
:1029C0005342D8B2FFF7C9FEDD4BD872002098728F
:1029D00025B9DA480078DA4BD87311E0002D07DD0D
:1029E000E8B2FFF7BAFED64BD8730120987307E020
:1029F0006B42D8B2FFF7B1FED14BD8730020987369
:102A000030BDCF4AD070D071D072D0737047CC48EF
:102A1000C07803280DDACA48C079032809DAC84803
:102A2000C07A032805DAC648C07B032801DA0120F2
:102A300070470020FCE70120C24908607047C24887
:102A4000006847F23051884201D0012070470020D1
:102A5000FCE710B5FFF735FC10BDBC48B0F900002D
:102A600040427047B5EEC00AF1EE10FA09D2B848FC
:102A7000D0ED000A70EE600AFDEEE00A10EE900A5A
:102A80007047B348D0ED000A70EE200AFDEEE00A70
:102A900010EE900AF4E710B52DED0A8B044624B928
:102AA0009FEDAC0ABDEC0A8B10BD002C25DAAA48BC
:102AB00000680CF036F841EC190B20460CF031F8A8
:102AC00041EC1C0B9FEDA50B53EC102B0BF048FFBA
:102AD00041EC1B0B9FEDA30B53EC102B0BF03AFFBB
:102AE00041EC1A0B53EC192B0BF0ACFF41EC180B1B
:102AF0000CF05AF800EE100AD4E7974800680CF082
:102B000010F841EC190B20460CF00BF841EC1C0BB3
:102B10009FED920B53EC102B0BF022FF41EC1B0BA3
:102B20009FED900B53EC102B0BF073FE41EC1A0B46
:102B300053EC192B0BF086FF41EC180B0CF034F81A
:102B400000EE100AAEE7F0EE400AF5EEC00AF1EE34
:102B500010FA02DBB0EE600A7047B1EE600AFBE7E4
:102B60000146002901DB084670474842FCE7014660
:102B70007E48D0ED000AF1EE600A7D48D0ED001AE3
:102B800080EEA11A00EE901AF8EEE01A7748D0ED28
:102B9000000A41EE210AB0EE600AFDEEC00A10EE16
:102BA000900A7047B0EE402ADFED722AB0EE620A5A
:102BB000B5EEC02AF1EE10FA03D2F1EE422AB0EEE1
:102BC000622AF5EEC00AF1EE10FA03D2F1EE602AA5
:102BD000F0EE620AB5EEC01AF1EE10FA03D2F1EE91
:102BE000412AB0EE621AF5EEC01AF1EE10FA03D2E5
:102BF000F1EE612AF0EE621AB4EEC02AF1EE10FA9C
:102C000001DDB0EE420AF4EEC00AF1EE10FA01DD89
:102C1000B0EE600AB4EEC01AF1EE10FA01DDB0EECB
:102C2000410AF4EEC01AF1EE10FA01DDB0EE610ACD
:102C300070474948006870474F480068704710B5B2
:102C40002DED028BB0EE408A3F48006847F23051CC
:102C500088420ED19FED3F0A484880ED000A48485F
:102C600080ED000A474880ED000A474880ED000AE1
:102C70004AE04648006846490968401A32490968EE
:102C8000081A00EE100AB8EEC00AF0EE408A414879
:102C9000D0ED000A88EEA00A3F48D0ED000A30EEE1
:102CA000200A3E48D0ED000A20EE200AF0EE408ACD
:102CB000B0EE680A0CF02CFCF0EE000A20EE200AC0
:102CC0002E4880ED000AB0EE680A0CF079FBF0EEB9
:102CD000000A20EE200A2A4880ED000A274890EDDD
:102CE000000A2F48D0ED000A30EE200A264880ED79
:102CF000000A234890ED000A2948D0ED000A30EE82
:102D0000600A204880ED000AB5EEC08AF1EE10FAA4
:102D100077D024480068052858D2DFE800F003582F
:102D2000738DA700184890ED000A30EE080A80ED78
:102D3000000A144890ED000A36E000002802002046
:102D4000040000208C020020500200208C00002093
:102D5000E8010020000000003C0200209A999999A7
:102D60009999B93F333333333333D33F20020020B3
:102D7000240200206F12833A68020020880200209B
:102D800084020020800200207C02002070020020CB
:102D90005C020020000200200C0200203002002013
:102DA000640200203802002030EE480A80ED000A5C
:102DB000FA4890ED000A30EE080A80ED000AF84863
:102DC00090ED000A30EE480A80ED000A68E0F54810
:102DD00090ED000A30EE480A80ED000AEF4890EDD1
:102DE000000A30EE080A80ED000AED4890ED000A76
:102DF000ED48D0ED000A08EE600AE94880ED000ACF
:102E00004EE04EE0E94890ED000A30EE080A80ED11
:102E1000000AE24890ED000AE348D0ED000A08EE0F
:102E2000200ADE4880ED000ADD4890ED000A30EE11
:102E3000480A80ED000A33E0DC4890ED000A30EEED
:102E4000080A80ED000AD74890ED000AD648D0ED78
:102E5000000A08EE600AD34880ED000AD04890EDE1
:102E6000000A30EE480A80ED000A19E0CF4890EDE4
:102E7000000ACD48D0ED000A08EE200ACB4880EDCC
:102E8000000AC84890ED000A30EE480A80ED000ABA
:102E9000C24890ED000A30EE080A80ED000A00BF3B
:102EA00000BFBF48D0ED001ABC4890ED001ABD48E5
:102EB000D0ED000ABD4890ED000AFFF773FEBC4854
:102EC000D0ED000AF8EEE00A80EE801ABDEEC10AED
:102ED000B84880ED000AB8480068B64909688842D9
:102EE00003DDB4480068B44908600120B3490860B4
:102EF000BDEC028B10BD10B504460020B04908603F
:102F0000B0480460FCB90020AB4908601FED6F0AAF
:102F1000AD4880ED000A47F23050AC490860AC493A
:102F200008601FED740AAB4880ED000A0020AA4932
:102F30000860AA490860AA490860AA4908601FED0C
:102F40007B0AFFF77CFE10BD10B5A24890ED000A89
:102F5000B5EEC00AF1EE10FA05D19F48006810B92D
:102F60009E48006890B11FED850A9A4880ED000ADE
:102F7000002099490860994908609B4800689B496E
:102F80000860944890ED000AFFF759FE10BD98487C
:102F9000C0ED000A974880ED000A704770B52DED2E
:102FA000028B05460C46B0EE408A88480068A8426D
:102FB0000BD183480068A04207D1834890ED000AF6
:102FC000B4EE480AF1EE10FA18D07D4804607A4851
:102FD000006810B905207849086083480068834973
:102FE0000860794880ED008A7848056000208249B1
:102FF0000860784890ED000AFFF721FEBDEC028BD7
:1030000070BD70B52DED028B0446B0EE408A0D46C2
:1030100072480068A0420BD16E4890ED000AB4EEF1
:10302000480AF1EE10FA03D16B480068A8423AD082
:103030006648006847F23051884225D11E20604919
:1030400008605D48006810B90A205B49086047F2D3
:103050003050844218DA012061490860B5EEC08A18
:10306000F1EE10FA03DD60480068A04208DCB5EE1E
:10307000C08AF1EE10FA07D25B480068A04203DA7A
:10308000B1EE480AB0EE408A5448046052480560E8
:10309000504880ED008A0020574908604D4890ED67
:1030A000000AFFF7CCFDBDEC028B70BD10B52DED15
:1030B000028BB0EE408A04462146B0EE480A47F241
:1030C0003050FFF79EFFBDEC028B10BD70B504467B
:1030D0000D461FEDE00A29462046FFF75FFF70BD51
:1030E00070B52DED088BF0EE408A0446B0EE608A94
:1030F000B0EE419A364890ED000AB8EEC00AB4EE40
:10310000680AF1EE10FA0DD12D480068A04209D1ED
:10311000324890ED000AB8EEC00AB4EE480AF1EE6B
:1031200010FA6BD0BDEEE80A294880ED000A2E495E
:1031300091ED000AB8EEC00A38EEC00ABDEEC00A32
:1031400010EE100A1FEDFD0A2146FFF727FF264863
:1031500090ED000AB8EEC00A38EE400ABDEEC00A93
:1031600010EE105A002D01DB284600E0684264286A
:1031700045DD1D4890ED000AB8EEC00AB4EEC08AE5
:10318000F1EE10FA02DDB0EE490A01E0B1EE490AB3
:1031900010EE101A08460BF0F4FC44E08402002004
:1031A0008802002080020020F00100207C02002024
:1031B000E4010020440200203C02002034020020F0
:1031C000400200204802002064020020500200203B
:1031D0005402002060020020380200205802002023
:1031E000680200208C020020700200205C02002097
:1031F00020020020240200204C02002022E0FA4895
:1032000090ED000AB8EEC00A38EE400A10EE101A2F
:1032100008460BF0B6FC41EC1B0B9FEDF40B53EC96
:10322000102B0BF09DFB41EC1A0B0BF0BDFC09EED3
:10323000900A0021B0EE690AFDEEC80A10EE900A6D
:10324000FFF7DFFEBDEC088B70BD10B5E9480068E4
:1032500001283DDDE8490968E34A1268881AFFF74A
:103260007FFC06280CDAE34801680068401CE14A4C
:103270001060B1F5FA7F2BDD0020FFF73CFE10BD9A
:10328000DC480068FA2808DD0520DC490860DC49D4
:103290000860FB20D749086004E00520D749086092
:1032A000D7490860D0480068D3490968884205DDDD
:1032B000BFEE000AD34880ED000A04E0B7EE000A32
:1032C000D04880ED000ACF4890ED000AFFF7B7FC28
:1032D00000BFD4E710B52DED028BCB4890ED000A6E
:1032E000B5EEC00AF1EE10FA08D1C548006828B161
:1032F000C148006847F23051884202DBBDEC028BC6
:1033000010BDC04890ED000AB5EEC00AF1EE10FA0B
:103310007ED0BE48006847F23051884279D1B94822
:1033200090ED000AB5EEC00AF1EE10FA08DDB248E1
:103330000068B7490968401AAB490968884210DB40
:10334000B04890ED000AB5EEC00AF1EE10FA7CD25A
:10335000A9480068AE4909680844A3490968884239
:1033600073DDA448006803285CDAA34909689E4A13
:103370001268881AFFF7F4FB0A2816DA9E480068DC
:10338000A449086000209E4908609C4908609FEDA0
:10339000A20A9C4880ED000A0220964908609948DC
:1033A00090ED000AFFF74BFCA8E7934800688E49B0
:1033B0000968884237DD924890ED000AB8EEC00AED
:1033C0009048D0ED000A60EE200A914890ED000A86
:1033D000B8EEC00AC0EE801AB0EE611AB0EE410A33
:1033E000FFF7B1FB844909687F4A1268881AFFF722
:1033F000B7FB00EE900AB8EEE01A8848D0ED000A5C
:1034000040EE010A7E4890ED000AB8EEC00A01E0E5
:10341000A8E045E080EE801AB0EE418AB0EE480A9E
:10342000FFF70DFC9DE0764890ED000AB8EEC00A6B
:103430007448D0ED000A60EE200A754890ED000A4D
:10344000B8EEC00AC0EE801A00E023E0B0EE611AC8
:10345000B0EE410AFFF777FB67490968624A1268D4
:10346000881AFFF77DFB00EE900AB8EEE01A6B4871
:10347000D0ED000A50EE410A614890ED000AB8EE26
:10348000C00A80EE801AB0EE418AB0EE480AFFF71B
:10349000D6FB66E05B4890ED000AFFF7D0FB60E0EA
:1034A000584890ED000AB5EEC00AF1EE10FA1FDDA3
:1034B000514890ED000AB8EEC00A5148D0ED000A1C
:1034C000F8EEE00A4F4890ED001A00EEC10A5448A9
:1034D000D0ED000AF8EEE00A70EE600A424890ED86
:1034E000000AB8EEC00AF4EEC00AF1EE10FA27D3D3
:1034F000444890ED000AB5EEC00AF1EE10FA2BD266
:103500003D4890ED000AB8EEC00A3D48D0ED000AF3
:10351000F8EEE00A3B4890ED001A00EEC10A404880
:10352000D0ED000AF8EEE00A70EE200A2E4890ED89
:10353000000AB8EEC00AF4EEC00AF1EE10FA0BDD94
:103540002D490968284A1268881AFFF7A4FAB0EED4
:10355000408AFFF774FB04E02A4890ED000AFFF769
:103560006EFBCBE62F4909681F4A1268881AFFF7DD
:1035700092FAB0EE408AFFF762FB00BFBEE600B5EC
:103580001C480068022815DA9FED230A1E4880EDCA
:10359000000A9FED210A1B4880ED000A0020224905
:1035A000086047F23050194908602049086000203F
:1035B000114908601E480068401C1D4908601D49EB
:1035C0000968884204DA1C480068FFF71AFA3BE0F1
:1035D00018480068164908601848006880B3164803
:1035E0000068FFF70EFA2FE0700200207B14AE4750
:1035F000E17A743F68020020580200204002002057
:103600003C020020600200206402002050020020E2
:103610001C0200206C02002000000000FC010020C1
:10362000180200205C020020380200205402002012
:103630004C0200202C020020280200208C020020D6
:10364000FFE70020FFF7DDF900BDF84A1268521CC1
:10365000F64B1A60824207DDF54A12680A44F44BC1
:103660001A600022F14B1A6070472DE9F041FFF714
:10367000F4F9F0490860FFF7E8FDEF48006800281A
:1036800021DDEB480068EC49096888422AD0E84807
:103690000068E949096888420EDAE5480068E749A8
:1036A000096888421EDAE2480068FFF760FA0446BB
:1036B0000121FFF7CAFF15E04FF0FF31E048006835
:1036C000FFF7C3FF0EE0DA480068002806DD4FF080
:1036D000FF31DC480068FFF7B8FF03E0FFF74FFF5A
:1036E000BDE8F081D8480068D2490968884205D011
:1036F000FFF7F0FDCF480068D3490860D348006861
:10370000F0B3CB48D0ED000AF8EEE00AD04890EDD7
:10371000001A60EE810AB0EE600AFFF7A3F90446D2
:10372000C348D0ED000AF8EEE00ACA4890ED001A4E
:1037300060EE810AB0EE600AFFF794F90546BC48D6
:10374000D0ED000AF8EEE00AC34890ED001A60EEF2
:10375000810AB0EE600AFFF785F90646B448D0ED5D
:10376000000AF8EEE00ABD4890ED001A60EE810A0A
:10377000B0EE600AFFF776F9074623462A4600E0D6
:1037800002E03146FFF7D9F800BFA9E7B448016865
:103790000068401CB24A1060462907D2B148408BED
:1037A000B14909680844B04908600BE0AE480068B8
:1037B0004621B0FBF1F0AD4908600020A84908603F
:1037C000A9490860AA4801680068401CA84A10601E
:1037D000462907D2A348008BA64909680844A54991
:1037E00008600BE0A34800684621B0FBF1F0A24955
:1037F000086000209E4908609E4908609F48016853
:103800000068401C9D4A1060462907D295480088F0
:103810009B49096808449A4908600BE09848006889
:103820004621B0FBF1F097490860002093490860F9
:1038300093490860944801680068401C924A1060EF
:10384000462907D2874840889049096808448F492B
:1038500008600BE08D4800684621B0FBF1F08C4910
:103860000860002088490860884908608948016824
:103870000068401C874A1060322907D27948008AC4
:10388000854909680844844908600BE0824800685B
:103890003221B0FBF1F08149086000207D490860C9
:1038A0007D4908607E4801680068401C7C4A1060C1
:1038B000322907D26B48C0887A4909680844794997
:1038C00008600BE0774800683221B0FBF1F07649E0
:1038D00008600020724908607249086073480168F6
:1038E0000068401C714A1060322907D25D48808808
:1038F0006F49096808446E4908600BE06C4800682D
:103900003221B0FBF1F06B49086000206749086084
:1039100067490860684801680068401C664A106092
:10392000462907D24F480089644909680844634919
:1039300008600BE0614800684621B0FBF1F0604987
:10394000086000205C4908605C4908605D480168C7
:103950000068401C5B4A1060462907D241484089F4
:10396000594909680844584908600BE056480068FE
:103970004621B0FBF1F0554908600020514908602C
:1039800051490860524801680068401C504A106064
:10399000462907D23348408A4E49096808444D49B0
:1039A00008600BE04B4800684621B0FBF1F04A4943
:1039B000086000204649086046490860704747484B
:1039C000006847490968884203DA45480068434966
:1039D00008604248006843490968884203DD41485D
:1039E00000683E490860334909683C4A1268881AF1
:1039F000002801DB014600E04142022915DD2D4887
:103A0000006836490968884203DD01203649887517
:103A100002E0002034498875264909682F4A126857
:103A2000881A002862DB014661E07AE04C0200203F
:103A30003C020020700200204002002044020020CE
:103A40007802002048020020740200203402002086
:103A50008802002084020020800200207C020020D6
:103A600094030020600600209803002098000020A6
:103A70009C030020A00300209C000020A403002041
:103A8000A8030020A4000020AC030020B003002005
:103A9000A0000020B4030020B8030020A8000020EC
:103AA000CC030020D0030020BC000020D403002061
:103AB000D8030020B8000020DC030020E003002031
:103AC000B0000020F4030020F8030020C000002014
:103AD000FC03002000040020C4000020FC020020A1
:103AE000F4020020F802002004000020414201EB13
:103AF0004101FE4A116010460068FD49096888428C
:103B000003DDFB48006811460860F84800681E287D
:103B100002DA1E20F5490860F4480078F549C875B6
:103B200002E00020F349C8757047F3480068F34984
:103B30000968884203DAF1480068EF490860EE48F6
:103B40000068EF490968884203DDED480068EA49EA
:103B50000860EC490968E84A1268881A002801DB05
:103B6000014600E04142022930DDE6480068E249B2
:103B70000968884203DD0020DE49887402E00120E4
:103B8000DC498874DF490968DB4A1268881A002812
:103B900001DB014600E0414201EB4101D34A1160E3
:103BA00010460068D8490968884203DDD648006895
:103BB00011460860CD480068142802DA1420CB4969
:103BC0000860CA480078CB49C87402E00020C9499F
:103BD000C8747047CD480068CD490968884203DA47
:103BE000CB480068C9490860C8480068C9490968E5
:103BF000884203DDC7480068C4490860C6490968AF
:103C0000C24A1268881A002801DB014600E04142DE
:103C1000042931DDC0480068BC490968884203DDD9
:103C20000120B449887602E00020B2498876BA497A
:103C30000968B64A1268881A002801DB014600E0CC
:103C4000414201EB81018900A84A116010460068D9
:103C5000B2490968884203DDB0480068114608602F
:103C6000A2480068C82802DAC820A04908609F4816
:103C70000078A049C87602E000209E49C8767047C7
:103C8000A7480068A7490968884203DAA548006880
:103C9000A3490860A2480068A3490968884203DD77
:103CA000A14800689E490860A04909689C4A1268BA
:103CB000881A002801DB014600E04142042934DD76
:103CC0009A48006896490968884204DD01208949BC
:103CD00081F82A0003E00020864981F82A009349F0
:103CE00009688F4A1268881A002801DB014600E043
:103CF000414201EB810189007C4A11601046006855
:103D00008B490968884203DD8948006811460860CC
:103D100076480068C82802DAC820744908607348E9
:103D20000078744981F82B0003E00020714981F884
:103D30002B00704710B57F4800687F4909688842AA
:103D400003DA7D4800687B4908607A4800687B494F
:103D50000968884203DD7948006876490860784B35
:103D60001B68744C24681A1B002A01DB134600E010
:103D70005342012B49DD684B1B68724C2468191BA8
:103D8000002901DB0B4600E04B42142B3DDA674B68
:103D90001B686D4C2468181B002801DB034600E0FB
:103DA0004342142B31DA6648006862490968884248
:103DB00004DD01204F4981F8260003E000204D4931
:103DC00081F826005E4909685A4A1268881A002854
:103DD00001DB014600E04142444A116010460068A0
:103DE0005A490968884203DD58480068114608604E
:103DF0003E480068462802DA46203C4908603B48B5
:103E000000783C4981F8270003E00020394981F817
:103E1000270010BD70B59FED4E1ADFED4E0A05204C
:103E20009FED4D0AFFF75CF9FEF727FA06E0012047
:103E30000AF06EF8FCF714FE00B912E0FCF746FE3B
:103E40000546FCF716FE041E01DB204600E060423A
:103E5000002D01DB294600E069420844B0F52F7FC0
:103E6000E5DB00BF0020FFF746F870BD252026499E
:103E7000086030201E49086070472E2022490860E3
:103E80003E201B49086070473B201F4908605120B5
:103E900017490860704768201B4908608C20144946
:103EA0000860704700B50246FFF7F5FFD01C2B49AC
:103EB00008601148026000BD10B52948006898B933
:103EC0002848006880B92848006868B92748006811
:103ED00050B9B6EE001ADFED1F0A05209FED1E0A4D
:103EE000FFF7FEF8002043E061E000005C030020E3
:103EF00034030020040000200803002000030020F9
:103F000004030020BC000020300300202003002018
:103F1000180300201C030020C00000203C030020E8
:103F20002C0300202403002028030020C4000020CC
:103F300040030020140300200C0300201003002085
:103F4000B0000020680100206C0100203803002030
:103F50009A99993E0000614400000000FC02002094
:103F6000D0010020D4010020D8010020DC01002075
:103F7000F849086013E006E0012009F0C9FFFCF7EA
:103F80006FFD00B905E00121F34806F0C1FD0028EE
:103F9000F2D000BFEF480068401CEE490860ED48D1
:103FA00000689628E7DB0020FEF7A5FFA4E0EB48B9
:103FB0000068012832D1EA48006870BBE94800680F
:103FC00058BBE948006840BBB6EE001A5FED1F0A17
:103FD00005201FED1F0AFFF783F80020DD49086068
:103FE00013E006E0012009F093FFFCF739FD00B96A
:103FF00005E00121D84806F08BFD0028F2D000BF73
:10400000D4480068401CD3490860D248006896280C
:10401000E7DB0020FEF76FFF6EE0FFE7CF480068A8
:10402000012832D1CE48006801282ED1CD48006841
:1040300058BBCD48006840BBB6EE001A5FED3B0AA6
:1040400005209FEDCA0AFFF74BF80020C149086020
:1040500013E006E0012009F05BFFFCF701FD00B969
:1040600005E00421C24806F053FD0028F2D000BF4D
:10407000B8480068401CB7490860B64800689628F0
:10408000E7DB0020FEF737FF36E0B4480068012880
:1040900032D1B348006801282ED1B2480068012807
:1040A0002AD1B148006838BBB6EE001A5FED570A56
:1040B00005209FEDAE0AFFF713F80020A549086020
:1040C00013E006E0012009F023FFFCF7C9FC00B96A
:1040D00005E00421A64806F01BFD0028F2D000BF31
:1040E0009C480068401C9B4908609A4800689628D4
:1040F000E7DB0020FEF7FFFE10BD9848006878B9A6
:104100009748006860B99748006848B996480068C1
:1041100030B99848C07F40F004009649C87752E013
:104120008E480068012816D18D48006898B98D48DE
:10413000006880B98C48006868B964208E490860BE
:104140008E4800688E4908608A48C07F40F00800A9
:104150008849C87737E081480068012817D180482E
:104160000068012813D17F48006880B97E48006844
:1041700068B9642080490860804800688049086008
:104180007C48C07F40F040007A49C8771BE0734804
:104190000068012817D172480068012813D17148BE
:1041A000006801280FD17048006860B96420724926
:1041B000086074480068724908606E48C07F40F02B
:1041C00010006C49C877704770B573206E4908605D
:1041D0008C206E4908606E480068FA306D490860AE
:1041E0006D480068F5306D490860002415E006E070
:1041F000012009F08DFEFCF733FC00B90BE06849A3
:104200000968664A1268881A002801DB014600E046
:1042100041420A29ECDC00BF641C322CE7DBB6EE1D
:10422000001A5FEDB40A08209FED5E0AFEF758FF02
:10423000002410E006E0012009F06AFEFCF710FC03
:1042400000B906E04FF48071574806F061FC012880
:10425000F1D000BF641CFA2CECDB3C20FEF74BFED7
:10426000FA20494908604C480068C01E4B49086064
:10427000002415E006E0012009F04AFEFCF7F0FBFF
:1042800000B90BE046490968444A1268881A0028B8
:1042900001DB014600E041420A29ECDC00BF641C5E
:1042A000322CE7DB40F6B83009F032FE9FED3F1AC2
:1042B0005FEDD80A0C209FED3B0AFEF711FF0024AA
:1042C0000FE006E0022009F023FEFCF7C9FB00B96D
:1042D00005E00121264806F01BFC0128F2D000BFB2
:1042E000641C40F226208442EBDB1E202649086035
:1042F000294800680A3029490860002410E006E0D7
:10430000012009F005FEFCF7ABFB00B906E04FF415
:104310000051174806F0FCFB0128F1D000BF641CD7
:1043200040F226208442EADB0020FEF7E4FDFA207A
:104330001649086016480068C01C16490860002429
:1043400044E035E0012009F0E3FDFCF789FB00B90A
:104350003AE02DE0BC02002000040240D001002021
:10436000D4010020D8010020DC0100200000E1443D
:1043700000100240040000203803002058010020F3
:1043800014030020540100203003002034030020D7
:10439000F4020020FC02002000030020080300209B
:1043A000BC000020000061C400000240CDCC4C3EA7
:1043B000F7490968F74A1268881A002801DB0146A4
:1043C00000E041420A29BDDC00BF641CFA2CB8DBC6
:1043D00040F6B83009F09CFD1FED0C1ADFEDEE0A37
:1043E00007201FED100AFEF77BFE002410E006E018
:1043F000012009F08DFDFCF733FB00B906E04FF416
:104400008051E64806F084FB0128F1D000BF641C0F
:10441000FA2CECDBFDF731FF06E0052009F078FD12
:10442000FCF71EFB00B912E0FCF750FB0646FCF758
:1044300020FB051E01DB284600E06842002E01DB60
:10444000314600E071420844B0F5C87FE5DB00BFAB
:104450006420D34908608C20D24908604FF48270F0
:10446000CC490860D04908601FED301ADFEDCA0A58
:1044700006201FED340AFEF733FE00240FE006E0AD
:10448000012009F045FDFCF7EBFA00B905E0102129
:10449000C64806F03DFB0128F2D000BF641C642C26
:1044A000EDDB0020FEF727FDFFF727FE70BD10B5FE
:1044B0000246101E01DB044600E044422146142956
:1044C00000DD1421022901DA042010BD01EB4100B6
:1044D000400048434FF4C87490FBF4F0031D1846A5
:1044E000F3E72DE9F04104460D460020B04908608D
:1044F00036E026E0AF480068071B3846FFF7D7FFD5
:104500000646AC480068001B002809DDB6EE001A1C
:10451000DFEDA10A30469FEDA80AFEF7E1FD10E0AD
:10452000A4480068001B09D5B6EE001ADFED9A0A10
:1045300030461FED720AFEF7D3FD02E00020FEF7C1
:10454000DAFC9C490968081B002801DB014600E0F1
:1045500041420129CEDC96480068401C944908601D
:1045600093480068A842C4DBBDE8F08170B5992685
:104570009248046892480568FFF726FE4FF4FF70E2
:10458000FFF790FC00208A49086012E006E0FCF783
:1045900067FA00B907E0012009F0BAFC8948006811
:1045A000B0F5FA7FF3DB00BF81480068401C80490A
:1045B00008607F4800689628E8DBB6EE001ADFED59
:1045C000760A08201FED890AFEF78AFD0020784947
:1045D000086013E006E0FCF743FA00B908E00120A8
:1045E00009F096FC4021784806F092FA0028F2D0B3
:1045F00000BF6F480068401C6D4908606C48006847
:1046000040F20E618842E5DB0020FEF774FC6F4843
:104610000068012860D16E48006898B96D4800684C
:1046200080B96D48006868B96C48006850B94FF4AB
:104630007A712046FFF755FF0020FEF75CFCFFF77C
:10464000E9FB49E062480068012813D1614800682D
:1046500080B96148006868B96048006850B94FF493
:104660007A712046FFF73DFF0020FEF744FCFFF77C
:10467000D1FB31E056480068012814D15548006844
:10468000012810D15448006868B95448006850B9EE
:104690004FF47A712846FFF724FF0020FEF72BFC29
:1046A000FFF7B8FB18E04A480068012814D14948D0
:1046B0000068012810D14848006801280CD14748FB
:1046C000006848B94FF47A712846FFF70AFF0020C6
:1046D000FEF711FCFFF79EFB40F23520FFF7E2FBEF
:1046E0000020FEF708FC70BD10B5FFF76DFD40F22D
:1046F0000910FFF7D7FB9FED3A1ADFED270A0820D4
:104700001FEDD80AFEF7ECFC00202949086013E0F1
:1047100006E0012009F0FCFBFCF7A2F900B905E076
:104720004021294806F0F4F90028F2D000BF2048C3
:104730000068401C1E4908601D480068FA28E7DB35
:104740000020FEF7D8FB4FF4FA6009F0E1FB1F48A8
:104750000068012801D1FFF7AFFB10BD70B5174805
:10476000046817480568FFF72FFD40F20910FFF7AE
:1047700099FB9FED1C1ADFED080A08201FEDF70AD0
:10478000FEF7AEFC00200A49086040E033E000007C
:10479000B8000020FC02002000006144000002403C
:1047A00030030020340300200803002000100240E2
:1047B000BC020020A0000020000000005C010020DE
:1047C00060010020BC00002000040240E400002042
:1047D000D0010020D4010020D8010020DC010020FD
:1047E000CDCCCC3D9A99993E012009F091FBFCF784
:1047F00037F900B905E04021FE4806F089F90028A4
:10480000F2D000BFFC480068401CFB490860FA4831
:104810000068FA28BADB0020FEF76DFB4FF4FA605F
:1048200009F076FBF5480068012810D1F4480068CB
:1048300070B9F448006858B9F348006840B9F348C3
:10484000006828B94FF47A712046FFF74AFE82E0EB
:10485000EB48006801280ED1EA48006858B9EA48D8
:10486000006840B9E948006828B94FF47A712046D9
:10487000FFF737FE6FE0E2480068012833D1E148D6
:10488000006801282FD1E048006860BBDF4800685D
:1048900048BBB6EE001A5FED400A05209FEDDC0A2A
:1048A000FEF71EFC0020D449086014E006E0012059
:1048B00009F02EFBFCF7D4F800B906E04FF40061D4
:1048C000D44806F025F90028F1D000BFCA48006896
:1048D000401CC9490860C84800689628E6DB0020EB
:1048E000FEF709FB37E0C6480068012833D1C54808
:1048F000006801282FD1C448006801282BD1C34883
:10490000006840BBB6EE001A5FED5D0A05209FED22
:10491000C00AFEF7E5FB0020B749086014E006E096
:10492000012009F0F5FAFCF79BF800B906E04FF416
:104930000061B84806F0ECF80028F1D000BFAE489E
:104940000068401CAC490860AB4800689628E6DB6C
:104950000020FEF7D0FA70BD2DE9F05F82460D46CB
:1049600014461E46DDE90B9BDDF82880AA4909683C
:10497000881B002801DB014600E0414201FB0BF7E8
:104980004F4500DD4F46A4480068801B404510DAC3
:10499000E81B00EE900AF8EEE00AB0EE600A1FEDA8
:1049A0006F1A00EE904AF8EEE00A5046FEF798FBC8
:1049B00022E099480068801B404510DDE81900EEB0
:1049C000900AF8EEE00AB0EE600A1FED7A1A00EEE7
:1049D000904AF8EEE00A5046FEF782FB0CE01FED2D
:1049E0007F1A00EE104AF8EEC00A504600EE105A48
:1049F000B8EEC00AFEF774FBBDE8F09FFEB59A263C
:104A0000FFF7E2FB00207C49086021E014E032203F
:104A100040F2262102223346CDE9002102907F4A4E
:104A20007E4914390720FFF797FF012009F070FA3B
:104A3000FCF716F800B905E01021794806F068F88F
:104A40000028E4D000BF6C480068401C6A49086038
:104A500069480068B0F57A7FD8DB0020FEF74BFA92
:104A60009FED701ADFED700A05201FEDB50AFEF705
:104A700037FBFDF702FC06E0012009F049FAFBF7DD
:104A8000EFFF00B911E0FCF775F80546FCF748F8B0
:104A9000041E01DB204600E06042002D01DB2946B8
:104AA00000E0694208449628E6DB00BF0020FEF7DC
:104AB00022FAFEBD3EB59A24FFF786FB00204E4940
:104AC00008601CE011E0322040F226210222234639
:104AD000CDE900210290514A504914390720FFF7CF
:104AE0003BFFFBF7BDFF00B903E050480068192801
:104AF000E9DC00BF40480068401C3F4908603E4870
:104B00000068B0F57A7FDDDB00203B4908601CE0DF
:104B100011E0322040F2262102222346CDE9002175
:104B200002903E4A3D4914390720FFF715FFFBF775
:104B300097FF00B903E03E4800689428E9DC00BF15
:104B40002D480068401C2C4908602B480068B0F5CF
:104B50007A7FDDDB0020FEF7CEF96420354908605E
:104B60008C20354908604FF4967034490860344908
:104B700008603EBD70B5012032490860002032490E
:104B800081F82B005A202B49086082202A490860AE
:104B90002E480068001F294908602D480068001F42
:104BA00027490860002415E006E0012009F0B0F96B
:104BB000FBF756FF00B90BE026490968204A126846
:104BC000881A002801DB014600E041420A29ECDC9A
:104BD00000BF641CFA2CE7DB0020FEF78CF99FED88
:104BE000111ADFED1D0A0A209FED0F0AFEF778FA71
:104BF000002444E000040240BC020020E400002045
:104C0000D0010020D4010020D8010020DC010020C8
:104C10000000E14400000240A000002090FCFFFFE3
:104C200000100240CDCC4C3E000061C49C0000202E
:104C3000AC0000203003002034030020FC020020E0
:104C4000080300209003002004000020F802002048
:104C500004030020BC0000200000614406E00120A5
:104C600009F056F9FBF7FCFE00B906E04FF480713D
:104C7000FB4805F04DFF0128F1D000BF641C40F255
:104C800026208442EADBFDF7F8FA06E0052009F069
:104C90003FF9FBF7E5FE00B912E0FBF717FF064608
:104CA000FBF7E7FE051E01DB284600E06842002E08
:104CB00001DB314600E071420844B0F5967FE5DB48
:104CC00000BF0F20FEF717F9DC20E6490860E64830
:104CD0000068C01EE5490860002415E006E00520D4
:104CE00009F016F9FBF7BCFE00B90BE0E0490968D2
:104CF000DE4A1268881A002801DB014600E04142C2
:104D00000A29ECDC00BF641C322CE7DB40F6B8302B
:104D100009F0FEF81FED3D1A5FED310A0C201FED82
:104D20003E0AFEF7DDF900240FE006E0022009F05C
:104D3000EFF8FBF795FE00B905E00121CD4805F03D
:104D4000E7FE0128F2D000BF641C40F22620844216
:104D5000EBDB1E20C3490860C34800680A30C34922
:104D60000860002410E006E0012009F0D1F8FBF70C
:104D700077FE00B906E04FF40051BE4805F0C8FECA
:104D80000128F1D000BF641C40F226208442EADBF7
:104D90000020FEF7B0F8FA20B7490860B74800686D
:104DA000C01CB7490860002415E006E0012009F0A6
:104DB000AFF8FBF755FE00B90BE0B2490968B04AFD
:104DC0001268881A002801DB014600E041420A29E6
:104DD000ECDC00BF641CFA2CE7DB40F6B83009F0CD
:104DE00097F81FED701A5FED640A07201FED720A35
:104DF000FEF776F9002410E006E0012009F088F8BB
:104E0000FBF72EFE00B906E04FF48051944805F000
:104E10007FFE0128F1D000BF641CFA2CECDBFDF70B
:104E20002CFA06E0052009F073F8FBF719FE00B92B
:104E300012E0FBF74BFE0646FBF71BFE051E01DBEF
:104E4000284600E06842002E01DB314600E0714256
:104E50000844B0F5C87FE5DB00BF642081490860E5
:104E60008C20854908604FF48270854908607F492D
:104E700008601FED941A5FED880A06201FED960A60
:104E8000FEF72EF900240FE006E0012009F040F8BB
:104E9000FBF7E6FD00B905E01021764805F038FE85
:104EA0000128F2D000BF641C642CEDDB00207649A1
:104EB0000860FEF720F8FFF720F970BD10B5FFF786
:104EC00059FE40F20910FEF7EDFF9FED701A5FEDFD
:104ED0009E0A08201FEDAC0AFEF702F900206C497B
:104EE000086013E006E0012009F012F8FBF7B8FDB6
:104EF00000B905E04021674805F00AFE0028F2D01D
:104F000000BF63480068401C614908606048006851
:104F1000FA28E7DB0020FDF7EEFF4FF4FA6008F017
:104F2000F7FF5D480068012802D1FEF7C5FF00BF0A
:104F300010BD10B5FFF71EFE4FF4FF70FEF7B2FF75
:104F40009FED521A5FEDBC0A08201FEDC90AFEF75B
:104F5000C7F800204E49086012E006E0FBF780FD2C
:104F600000B907E0012008F0D3FF41480068B0F520
:104F7000FA7FF3DB00BF46480068401C44490860E4
:104F8000434800689628E8DB00204149086016E0A5
:104F900009E0012008F0BCFFFBF762FD00B908E062
:104FA000012008F0B5FF40213A4805F0B1FD012885
:104FB000EFD000BF36480068401C354908603448CF
:104FC000006840F20E618842E2DB0020FDF793FFAB
:104FD0004FF4FA6008F09CFF2F480068012801D1C7
:104FE000FEF76AFF4FF41170FEF75CFF0020FDF73B
:104FF00082FF10BD70B564201A49086082201E49E6
:1050000008601E4800680A301D490860164800689C
:105010000A3016490860002415E006E0012008F077
:1050200077FFFBF71DFD00B90BE0114909680F4A36
:105030001268881A002801DB014600E04142082975
:10504000ECDC00BF641C322CE7DB9FED141ADFEDB3
:10505000140A07209FED130AFEF742F8002433E0FC
:10506000000002403003002000030020080300205D
:10507000BC0000200010024034030020F402002095
:10508000FC020020B800002090030020CDCCCC3DD5
:10509000BC02002000040240E4000020CDCC4CBE45
:1050A00000006144000061C406E0052008F030FF04
:1050B000FBF7D6FC00B905E04021F64805F028FDD5
:1050C0000028F2D000BF641CFA2CEDDB4FF4FA602C
:1050D00008F01EFFF0480068401DF04908601FED11
:1050E000111A5FED110A07201FED120AFDF7F8FFF4
:1050F000FDF7C3F806E0012008F00AFFFBF7B0FC5B
:1051000000B912E0FBF7E2FC0646FBF7B2FC051E15
:1051100001DB284600E06842002E01DB314600E05A
:1051200071420844B0F5487FE5DB00BF0020FDF781
:10513000E2FE9620DA490860D7480068F030D74987
:105140000860002415E006E0012008F0E1FEFBF70E
:1051500087FC00B90BE0D3490968D04A1268881A65
:10516000002801DB014600E041423C29ECDC00BFA5
:10517000641C322CE7DB1E20C9490860002415E0BE
:1051800006E0012008F0C4FEFBF76AFC00B90BE062
:10519000C4490968C14A1268881A002801DB01461F
:1051A00000E041420629ECDC00BF641C322CE7DB46
:1051B0004FF4FA6008F0ACFE1FED481A5FED480AA4
:1051C00007201FED480AFDF78BFF002410E006E0E2
:1051D000012008F09DFEFBF743FC00B906E04FF408
:1051E0000051B14805F094FC0028F1D000BF641CC8
:1051F00040F226208442EADBAC480068401DAC49FE
:105200000860002415E006E0012008F081FEFBF7AD
:1052100027FC00B90BE04FF48051A64805F078FC5C
:1052200028B90421A04805F073FC0028ECD000BF89
:10523000641CB4F57A7FE6DB4FF47A6008F068FE10
:105240000020FDF758FE96209B49086097480068AB
:10525000F03097490860002415E006E0012008F0CE
:1052600057FEFBF7FDFB00B90BE094490968904A33
:105270001268881A002801DB014600E041423C29FF
:10528000ECDC00BF641C322CE7DB14208A49086088
:10529000002415E006E0012008F03AFEFBF7E0FBF1
:1052A00000B90BE085490968814A1268881A00280C
:1052B00001DB014600E041420629ECDC00BF641C32
:1052C000322CE7DB1FED8B1A5FED8B0A0A201FEDF6
:1052D0008B0AFDF705FF00240FE006E0012008F02F
:1052E00017FEFBF7BDFB00B905E010216E4805F085
:1052F0000FFC0028F2D000BF641C962CEDDB0020D0
:10530000FDF7F9FDFEF7F9FE70BD10B5FFF772FE6F
:1053100010BD2DE9F0419A27A1264FF0E208FFF7D2
:1053200069FE4FF4FF70FEF7BDFDB6EE001A5FEDAB
:10533000A40A08201FEDA50AFDF7D2FE002060494F
:10534000086012E006E0FBF78BFB00B907E00120E4
:1053500008F0DEFD53480068B0F5FA7FF3DB00BFCC
:1053600057480068401C5649086055480068962810
:10537000E8DB00205249086013E006E0FBF770FB11
:1053800000B908E0012008F0C3FD4021414805F0C4
:10539000BFFB0128F2D000BF49480068401C4849C3
:1053A00008604748006840F20E618842E5DB002053
:1053B000FDF7A1FD4348006801283AD14248006842
:1053C000C0BB42480068A8BB4148006890BB414848
:1053D000006878BB4FF47A713046FFF782F89FED92
:1053E0003E1A5FEDD10A05201FEDD20AFDF778FEC7
:1053F000FCF743FF06E0012008F08AFDFBF730FBD5
:1054000000B912E0FBF762FB0546FBF732FB041E16
:1054100001DB204600E06042002D01DB294600E070
:1054200069420844B0F52F7FE5DB00BF0020FDF79F
:1054300062FDD0E0FFE72448006801285DD12348E1
:10544000006830BB2248006818BB2248006800BBD7
:105450004FF47A713046FFF744F89FED1F1A5FED65
:10546000F00A05201FEDF10AFDF73AFEFCF705FFF3
:1054700006E0012008F04CFDFBF7F2FA00B937E036
:10548000FBF724FB0546FBF7F4FA041E26DB204657
:1054900025E032E000040240000300200803002061
:1054A00030030020BC00002000100240F402002065
:1054B000FC0200200000024034030020B80000205D
:1054C000BC020020E4000020D0010020D401002014
:1054D000D8010020DC0100209A99993E6042002DFD
:1054E00001DB294600E069420844B0F52F7FC0DBAC
:1054F00000BF0020FDF7FFFC6DE0FE4800680128BA
:1055000032D1FD48006801282ED1FC48006858BB04
:10551000FB48006840BBB6EE001ADFEDFA0A052032
:105520009FEDF90AFDF7DCFD0020F849086013E063
:1055300006E0012008F0ECFCFBF792FA00B905E068
:105540000421F34805F0E4FA0028F2D000BFEF4848
:105550000068401CED490860EC4800689628E7DBCD
:105560000020FDF7C8FC36E0E2480068012832D18F
:10557000E148006801282ED1E048006801282AD1BE
:10558000DF48006838BBB6EE001ADFEDDE0A052002
:105590009FEDDD0AFDF7A4FD0020DC49086013E063
:1055A00006E0012008F0B4FCFBF75AFA00B905E068
:1055B0000421D74805F0ACFA0028F2D000BFD34848
:1055C0000068401CD1490860D04800689628E7DB95
:1055D0000020FDF790FC40F23520FEF763FC002030
:1055E000FDF789FCBDE8F0810EB5FFF703FD002053
:1055F000C64908601CE011E0322040F22621022258
:105600002A23CDE900210290C24AC2491439072059
:10561000FFF7A2F9FBF724FA00B903E0BE480068DF
:105620001928E9DC00BFB9480068401CB749086088
:10563000B6480068B0F57A7FDDDB0020B34908602A
:105640001CE011E0322040F2262102222A23CDE97B
:1056500000210290AF4AAF4914390720FFF77CF9C7
:10566000FBF7FEF900B903E0AC4800689428E9DCD8
:1056700000BFA6480068401CA4490860A348006811
:10568000B0F57A7FDDDB0020FDF735FC7820A449FA
:1056900008608C20A34908604FF48270A24908601A
:1056A000A24908600EBD2DE9F05F82460D46144602
:1056B0001E46DDE90B9BDDF828809D490968881BA3
:1056C000002801DB014600E0414201FB0BF74F459A
:1056D00000DD4F4696480068801B404510DAE81B05
:1056E00000EE900AF8EEE00AB0EE600A1FED861AAE
:1056F00000EE904AF8EEE00A5046FDF7F1FC22E099
:105700008B480068801B404510DDE81900EE900AC8
:10571000F8EEE00AB0EE600A1FED911A00EE904A32
:10572000F8EEE00A5046FDF7DBFC0CE01FED961AA0
:1057300000EE104AF8EEC00A504600EE105AB8EEDD
:10574000C00AFDF7CDFCBDE8F09F3EB5FFF752FC67
:1057500000206E49086021E014E0322040F226214A
:1057600002220C23CDE9002102906A4A69491439CA
:105770000720FFF798FF012008F0CAFBFBF770F93C
:1057800000B905E01021624805F0C2F90028E4D014
:1057900000BF5E480068401C5C4908605B480068C8
:1057A000B0F57A7FD8DB0020FDF7A5FB9FED611AED
:1057B000DFED610A05209FED530AFDF791FCFCF730
:1057C0005CFD06E0012008F0A3FBFBF749F900B9F6
:1057D00011E0FBF7CFF90546FBF7A2F9041E01DB48
:1057E000204600E06042002D01DB294600E06942CE
:1057F00008449628E6DB00BF0020FDF77CFB3EBD99
:105800002DE9F04104460D4600204049086036E08D
:1058100026E047480068071B3846FEF748FE064664
:1058200043480068001B002809DDB6EE001ADFEDD2
:10583000350A30469FED340AFDF752FC10E03C4833
:105840000068001B09D5B6EE001ADFED2E0A3046BF
:105850009FED3A0AFDF744FC02E00020FDF74BFB08
:1058600033490968081B002801DB014600E041427A
:105870000129CEDC25480068401C244908602348E3
:105880000068A842C4DBBDE8F08110B52C4804686C
:10589000FFF7B0FB40F20910FEF704FB1FEDF21A10
:1058A000DFED180A08209FED240AFDF719FC0020FF
:1058B0001649086013E006E0012008F029FBFBF719
:1058C000CFF800B905E040211E4805F021F9002875
:1058D000F2D000BF0D480068401C0C4908600B481E
:1058E0000068FA28E7DB0020FDF705FB4FF4FA60BB
:1058F0002AE00000D0010020D4010020D8010020BF
:10590000DC010020000061440000E144BC020020F2
:105910000010024090FCFFFF9C000020AC00002023
:105920003003002034030020FC0200200803002084
:10593000A4000020CDCC4C3E000061C4000000005B
:10594000640100200004024008F0E2FAFE4800680A
:10595000012833D1FD48006888BBFD48006870BB52
:10596000FC48006858BBFC48006840BBB6EE001A13
:105970005FED1C0A05201FED0F0AFDF7B1FB0020AB
:10598000F649086013E006E0012008F0C1FAFBF7D1
:1059900067F800B905E00121F14805F0B9F80028E1
:1059A000F2D000BFED480068401CEC490860EB48AD
:1059B00000689628E7DB0020FDF79DFA5EE0FFE730
:1059C000E2480068012831D1E148006870BBE14835
:1059D000006858BBE048006840BBB6EE001A5FEDB7
:1059E000370A05201FED2B0AFDF77AFB0020DB4963
:1059F000086013E006E0012008F08AFAFBF730F8AF
:105A000000B905E00121D64805F082F80028F2D05F
:105A100000BFD2480068401CD0490860CF480068E9
:105A20009628E7DB0020FDF766FA27E0C748006804
:105A300001280FD1C648006801280BD1C54800686D
:105A400040B9C548006828B94FF47A712046FFF77D
:105A5000D7FE13E0BD48006801280FD1BC4800689C
:105A600001280BD1BB480068012807D1BA4800685B
:105A700020B94FF47A712046FFF7C2FE10BD70B511
:105A800040F2B720FEF70EFA0020B449086013E098
:105A900006E0012008F03CFAFAF7E2FF00B905E061
:105AA000B048006840F2B2218842F2DB00BFAB4848
:105AB0000068401CA9490860A8480068FA28E7DB8C
:105AC000FEF71BFB1FED651A5FED720A0F201FED3D
:105AD000720AFDF705FB0020A049086012E006E00D
:105AE000012008F015FAFAF7BBFF00B904E09E4860
:105AF0000068B0F5BE7FF3DC00BF98480068401C2A
:105B00009649086095480068FA28E8DB1FED771A87
:105B10005FED840A07201FED840AFDF7E1FA0020FB
:105B20008E49086012E006E0012008F0F1F9FAF76A
:105B300097FF00B904E08C480068B0F5A57FF3DC5E
:105B400000BF86480068401C84490860834800689C
:105B5000FA28E8DB1FED891A5FED960A06201FED93
:105B60008A0AFDF7BDFAFCF788FB06E0012008F081
:105B7000CFF9FAF775FF00B912E0FAF7A7FF05466B
:105B8000FAF777FF041E01DB204600E06042002D9B
:105B900001DB294600E069420844B0F57A7FE5DB85
:105BA00000BF0020FDF7A7F96848006801280FD161
:105BB0006748006860B96748006848B96648006887
:105BC00030B94FF47A7140F23310FFF719FE13E049
:105BD0005E48006801280FD15D48006801280BD19C
:105BE0005C48006840B95C48006828B94FF47A7195
:105BF00040F20B10FFF704FE70BD70B540F2B72005
:105C0000FEF750F900205549086013E006E0012036
:105C100008F07EF9FAF724FF00B905E05148006862
:105C200040F2B2218842F2DB00BF4C480068401CC1
:105C30004A49086049480068FA28E7DBFEF75DFA40
:105C40001FEDC41A5FEDD10A0F201FEDC40AFDF746
:105C500047FA00204149086012E006E0012008F000
:105C600057F9FAF7FDFE00B904E040480068B0F5C6
:105C7000C87FF3DC00BF39480068401C3749086022
:105C800036480068FA28E8DB1FEDD61A5FEDE30A14
:105C900007201FEDD60AFDF723FA00202F490860E0
:105CA00012E006E0012008F033F9FAF7D9FE00B956
:105CB00004E02E480068B0F59A7FF3DA00BF274869
:105CC0000068401C2549086024480068FA28E8DB81
:105CD0001FEDE81A5FEDF50A06201FEDE90AFDF752
:105CE000FFF9FCF7CAFA06E0052008F011F9FAF707
:105CF000B7FE00B912E0FAF7E9FE0546FAF7B9FE79
:105D0000041E01DB204600E06042002D01DB294635
:105D100000E069420844B0F5FA7FE5DB00BF0020EF
:105D2000FDF7E9F809480068012824D1084800680F
:105D300008BB08480068F0B907480068D8B94FF4B4
:105D40007A7140F2331013E0E4000020D00100200B
:105D5000D4010020D8010020DC010020BC0200207A
:105D600000040240BC000020A4000020A00000208D
:105D7000FEF7B7FB13E0FE48006801280FD1FD488D
:105D8000006801280BD1FC48006840B9FB48006856
:105D900028B94FF47A714FF48370FEF7A2FB70BDFF
:105DA0003EB5FEF7AAF99FEDF61ADFEDF60A0F20D1
:105DB0009FEDF50AFDF794F90020F449086012E020
:105DC00006E0012008F0A4F8FAF74AFE00B904E062
:105DD000EF480068B0F5D77FF3DB00BFEB48006801
:105DE000401CEA490860E9480068FA28E8DB9FEDB2
:105DF000E41ADFEDE40A07209FEDE30AFDF770F9EE
:105E00000020E249086012E006E0012008F080F876
:105E1000FAF726FE00B904E0DD480068B0F5E67F39
:105E2000F3DB00BFD9480068401CD8490860D74858
:105E30000068FA28E8DB4FF41170FEF733F8FCF73E
:105E40001CFA11E01E20322102224FF4E673CDE944
:105E5000002102904FF4617251420820FEF77CFD50
:105E6000FAF7FEFD00B913E0FAF730FE0546FAF73F
:105E700000FE041E01DB204600E06042002D01DB35
:105E8000294600E06942084440F2A4618842D9DB17
:105E900000BF0020FDF72FF84FF47A714FF4E67041
:105EA000FEF71FFB3EBD70B5FEF727F99FEDB41A54
:105EB000DFEDB40A0F209FEDB70AFDF711F90020BE
:105EC000B249086012E006E0012008F021F8FAF774
:105ED000C7FD00B904E0B0480068B0F5BE7FF3DB51
:105EE00000BFAA480068401CA8490860A74800688D
:105EF000FA28E8DB9FEDA21ADFEDA20A07209FED4A
:105F0000A50AFDF7EDF80020A049086012E006E0C0
:105F1000012007F0FDFFFAF7A3FD00B904E09E4859
:105F20000068B0F5CD7FF3DB00BF98480068401CE7
:105F30009649086095480068FA28E8DB40F23F205F
:105F4000FDF7B0FF9FED8E1ADFED8E0A06209FED64
:105F5000930AFDF7C5F8FCF790F906E0052007F075
:105F6000D7FFFAF77DFD00B912E0FAF7AFFD05465D
:105F7000FAF77FFD041E01DB204600E06042002DA1
:105F800001DB294600E069420844B0F57A7FE5DB91
:105F900000BF0020FCF7AFFF32214FF4CD70FFF7B8
:105FA0002FFC70BD70B564207D49086082207D495A
:105FB00008607D4800680A307C4908607C480068B9
:105FC0000A307C490860002415E006E0012007F053
:105FD0009FFFFAF745FD00B90BE077490968754A5C
:105FE0001268881A002801DB014600E041420829B6
:105FF000ECDC00BF641C322CE7DB9FED701ADFED98
:10600000610A07209FED650AFDF76AF800240FE09A
:1060100006E0052007F07CFFFAF722FD00B905E055
:106020004021674804F074FD0028F2D000BF641CD2
:10603000FA2CEDDB4FF4FA6007F06AFF5C48006869
:10604000401D5C4908609FED5D1ADFED4E0A072098
:106050009FED520AFDF744F8FCF70FF906E0012026
:1060600007F056FFFAF7FCFC00B912E0FAF72EFD34
:106070000646FAF7FEFC051E01DB284600E06842F2
:10608000002E01DB314600E071420844B0F5487F44
:10609000E5DB00BF0020FCF72EFFFA204049086036
:1060A000484800680A3843490860002415E006E0C3
:1060B000012007F02DFFFAF7D3FC00B90BE03E49B1
:1060C00009683C4A1268881A002801DB014600E092
:1060D00041426429ECDC00BF641C322CE7DB142055
:1060E0002F490860002415E006E0012007F010FFAA
:1060F000FAF7B6FC00B90BE02F4909682D4A12687F
:10610000881A002801DB014600E041420629ECDC48
:1061100000BF641C322CE7DB4FF4FA6007F0F8FE96
:106120009FED261ADFED170A07209FED1C0AFCF7EA
:10613000D7FF002410E006E0012007F0E9FEFAF79F
:106140008FFC00B906E04FF400511F4804F0E0FC5A
:106150000028F1D000BF641C40F226208442EADB14
:1061600011480068401D11490860002445E0000006
:10617000D0010020D4010020D8010020DC01002043
:10618000CDCC4C3E000061440000E144BC02002044
:10619000A000002000000000A4000020000061C456
:1061A0003003002034030020F4020020FC02002011
:1061B0000003002008030020BC000020CDCC4CBE12
:1061C00000040240040300200010024006E0012009
:1061D00007F09EFEFAF744FC00B90CE04FF4805142
:1061E000FB4804F095FC0028F1D00421F94804F0A4
:1061F0008FFC0028EBD000BF641CB4F57A7FE5DB90
:106200004FF47A6007F084FE0020FCF774FEFA2059
:10621000F1490860F14800680A38F1490860002433
:1062200015E006E0012007F073FEFAF719FC00B94B
:106230000BE0EC490968EA4A1268881A002801DB79
:10624000014600E041426429ECDC00BF641C322CB2
:10625000E7DB1420E0490860002415E006E0012097
:1062600007F056FEFAF7FCFB00B90BE0DD490968C0
:10627000DB4A1268881A002801DB014600E041422F
:106280000629ECDC00BF641C322CE7DB1FED351A5D
:106290005FED440A0A201FED3F0AFCF721FF0024AE
:1062A0000FE006E0012007F033FEFAF7D9FB00B952
:1062B00005E01021C74804F02BFC0028F2D000BFF5
:1062C000641C962CEDDB0020FCF715FE70BD10B5AC
:1062D0000021BFEE080A4FF4E160FCF792FE10BD0A
:1062E00010B50020C049086013E008E00020B7EEB8
:1062F000080AFCF7DBFEFAF7B3FB00B903E0BB4882
:1063000000680A28F2DB00BFB7480068401CB649A5
:106310000860B5480068FA28E7DB10BD10B5002119
:10632000B7EE080A0846FCF76CFE10BD2DE9F05FD9
:1063300082460D4614461E46DDE90B9BDDF828809B
:10634000AB490968881B002801DB014600E0414297
:1063500001FB0BF74F4500DD4F46A5480068801B49
:10636000404510DAE81900EE900AF8EEE00AB0EEC7
:10637000600A9FEDA01A00EE904AF8EEE00A50463F
:10638000FCF7AEFE22E09A480068801B404510DD15
:10639000E81B00EE900AF8EEE00AB0EE600A9FED0E
:1063A000951A00EE904AF8EEE00A5046FCF798FE87
:1063B0000CE09FED901A00EE104AF8EEC00A50462D
:1063C00000EE105AB8EEC00AFCF78AFEBDE8F09F56
:1063D0002DE9F05F82460D4614461E46DDE90B9B13
:1063E000DDF8288084490968881B002801DB014604
:1063F00000E0414201FB0BF74F4500DD4F467E4870
:106400000068801B404510DAE81900EE900AF8EEAB
:10641000E00AB0EE600A9FED771A00EE904AF8EEBF
:10642000E00A5046FCF75CFE22E073480068801BDF
:10643000404510DDE81B00EE900AF8EEE00AB0EEF1
:10644000600A9FED6C1A00EE904AF8EEE00A5046A2
:10645000FCF746FE0CE09FED671A00EE104AF8EEDE
:10646000C00A504600EE105AB8EEC00AFCF738FEDB
:10647000BDE8F09F2DE9F05F82460D4614461E46AA
:10648000DDE90B9BDDF828805C490968881B002842
:1064900001DB014600E0414201FB0BF74F4500DD07
:1064A0004F4656480068801B404510DAE81B00EE56
:1064B000900AF8EEE00AB0EE600A9FED511A00EE85
:1064C000904AF8EEE00A5046FCF70AFE22E04B48FC
:1064D0000068801B404510DDE81900EE900AF8EED8
:1064E000E00AB0EE600A9FED461A00EE904AF8EE20
:1064F000E00A5046FCF7F4FD0CE09FED421A00EE76
:10650000104AF8EEC00A504600EE105AB8EEC00A23
:10651000FCF7E6FDBDE8F09F3EB564203A4908600F
:10652000A0202D4908604FF487702D4908604FF472
:106530008C70364908601E210020FCF7C7FD00243E
:106540000DE006E0052007F0E3FCFAF789FA00B158
:1065500003E02A4800682828F4DC00BF641C40F2ED
:1065600026208442EDDB1E210020FCF7AFFD002435
:106570000DE006E0052007F0CBFCFAF771FA00B158
:1065800003E01E4800684628F4DB00BF641C40F2AC
:1065900026208442EDDB1E210020FCF797FD00241D
:1065A0000DE006E0052007F0B3FCFAF759FA00B158
:1065B00003E0124800683228F4DC00BF641C40F29B
:1065C00026208442EDDB0020FCF795FC002439E016
:1065D000000002400010024034030020F8020020B6
:1065E000FC020020B8000020BC0200207002002045
:1065F000A40000209A99993EA00000209C00002051
:106600003333333FB81E453F3003002008030020DA
:1066100012E01E20C82102222023CDE90021029091
:106620000022FD493C20FFF725FF052007F070FC04
:10663000FAF716FA00B103E0F84800686428E8DCCD
:1066400000BF641C40F226208442E1DB002419E0F4
:1066500012E01E20C82102222023CDE90021029051
:106660000022ED491420FFF705FF052007F050FC3C
:10667000FAF7F6F900B103E0E84800680F28E8DC13
:1066800000BF641C40F226208442E1DB0020FCF7BE
:1066900032FC3EBD3EB56420E1490860A020E149DE
:1066A00008604FF48770E04908604FF48C70DF4950
:1066B00008601E210020FCF709FD00240DE006E023
:1066C000052007F025FCFAF7CBF900B103E0D84824
:1066D00000682828F4DC00BF641C40F226208442B5
:1066E000EDDB1E210020FCF7F1FC00240DE006E0AC
:1066F000052007F00DFCFAF7B3F900B103E0CC4830
:1067000000684628F4DB00BF641C40F22620844267
:10671000EDDB1E210020FCF7D9FC00240DE006E093
:10672000052007F0F5FBFAF79BF900B103E0C0483C
:1067300000683228F4DC00BF641C40F2262084424A
:10674000EDDB0020FCF7D7FB002419E012E01E204F
:10675000C82102222023CDE9002102900022AE4967
:106760003C20FFF787FE052007F0D2FBFAF778F907
:1067700000B103E0A94800686428E8DC00BF641C9D
:1067800040F226208442E1DB002419E012E01E20C2
:10679000C82102222023CDE90021029000229E4937
:1067A0001420FFF767FE052007F0B2FBFAF758F94F
:1067B00000B103E0994800680F28E8DC00BF641CC2
:1067C00040F226208442E1DB0020FCF794FB3EBD32
:1067D000984890F8230040F00200964981F8230081
:1067E000084690F8230000F0FE0081F8230070476F
:1067F000904890F8230040F001008E4981F8230072
:10680000084690F8230000F0FD0081F8230070474F
:10681000884890F8230000F0FE00864981F82300A4
:10682000084690F8230000F0FD0081F8230070472F
:106830008048C07F40F001007E49C8770846C07F8D
:1068400000F0FD00C87770477A48C07F40F0020032
:106850007849C8770846C07F00F0FE00C8777047C7
:106860007448C07F00F0FD007249C8770846C07FB9
:1068700000F0FE00C87770476F48407800F01000C5
:1068800088B36D48407800F0020060BB6A48C07968
:1068900048BB6948807930BB684800686849096826
:1068A000884221DD6448407800F0010058B1654815
:1068B0000068143861490968884204DD32205D4966
:1068C00081F8270003E014205A4981F827000120AD
:1068D000584981F82600594800685B490860012042
:1068E0005A4908603BE0FFE75348407800F0080051
:1068F00088B35148407800F0020060BB4E48C07930
:1069000048BB4D48807930BB4C4800684D49096808
:10691000884221DA4848407800F0010058B14748E1
:106920000168474800681430814204DD3220414943
:1069300081F8270003E014203E4981F82700002059
:106940003C4981F826003D4800683F490860012025
:106950003E49086003E0FFE700203C4908607047BB
:106960003548407800F0400070B33348407800F07C
:10697000020048BB3048C07930BB2F48807918BB33
:10698000334800683349096888421DDA2A4840784C
:1069900000F0010050B12E4801682F480068143003
:1069A000814203DD96202349C87602E04620214932
:1069B000C87600201F498876254800682749086066
:1069C00001202749086060E01B48407800F0800003
:1069D00000B31948407800F00200D8B91648C079D1
:1069E000C0B915488079A8B9194800681A490968DA
:1069F000884245DD1048407800F0010058B1154844
:106A0000006814381249096888422BDD962009492C
:106A1000C8762AE034E025E07CFCFFFFA0000020DF
:106A20003003002034030020FC0200200803002073
:106A30009C00002004000020BD060020B0000020C3
:106A40000C03002010030020140300208803002002
:106A5000C00000201C030020180300202003002099
:106A60008C0300204620F749C8760120F549887636
:106A7000F5480068F54908600120F549086004E020
:106A80000020F3490860EF49C8767047F148407824
:106A900000F0200088B3EF48407800F0020060BBAF
:106AA000EC48C07948BBEB48807930BBEA480068C5
:106AB000EA490968884221DDE648407800F0010093
:106AC00058B1E74800681438E3490968884204DD92
:106AD0009620DC4981F82B0003E06420D94981F835
:106AE0002B000120D74981F82A00DB480068DD49E6
:106AF00008600120DC4908603EE0FFE7D5484078A7
:106B000000F0040088B3D348407800F0020060BB76
:106B1000D048C07948BBCF48807930BBCE480068A8
:106B2000CF490968884221DACA48407800F001005C
:106B300058B1C9480168C94800681430814204DD71
:106B40009620C04981F82B0003E06420BD4981F8FC
:106B50002B000020BB4981F82A00BF480068C149CA
:106B600008600120C049086006E0FFE70020BE4938
:106B70000860B44981F82B00704710B50446FFF750
:106B800063FEB04890F8230000F0EF00AD4981F8B3
:106B9000230043F6982007F0BBF9FFF749FE41F6C2
:106BA000583007F0B5F94FF48051B04803F0B0FF0A
:106BB00001283CD1601DAE49086040F6B83007F0AE
:106BC000A7F9FFF741FE9F4890F8230000F0EF007F
:106BD0009C4981F8230043F6982007F099F9FFF7C4
:106BE00027FE41F6583007F093F94FF480519F4843
:106BF00003F08EFF01281AD1601F9D49086040F6FE
:106C0000B83007F085F9FFF71FFE8E4890F8230093
:106C100000F0EF008B4981F8230043F6982007F03D
:106C200077F9FFF705FE41F6583007F071F9A4F146
:106C300014008F49086010BD10B5FFF7B3F9642048
:106C40008C4908608C480068894908601E20FCF760
:106C500052F901208949086010BD10B5FEF7CAF944
:106C600064208449086040F2FB10814908601E20BE
:106C7000FCF741F901208149086010BD10B5FBF710
:106C8000E8FEFDF701F94FF4AF707D4908607D49DA
:106C90000860FA207C4908604FF4EB707149086085
:106CA000FA207A4908604FF4EB7068490860642064
:106CB00070490860704800686D4908606148C07F8D
:106CC00000F07F005F49C8770846C07F00F0DF0012
:106CD000C87710BD70B504466D480568A54220DA36
:106CE00064206449086062480460002069490860C3
:106CF00012E006E0012007F00BF9F9F7B1FE00B948
:106D000004E0E01E624909688842F3DC00BF614884
:106D10000068401C5F4908605E4800683228E8DB74
:106D200021E0A5421FDD64205249086050480460FC
:106D300000205849086012E006E0012007F0E8F85A
:106D4000F9F78EFE00B904E051480168E01C814269
:106D5000F3DC00BF4F480068401C4E4908604D48B6
:106D600000683228E8DB70BD10B500204949086092
:106D70003EE029E04FF40061474803F0C9FE48B9FE
:106D80009FED461ADFED460A05209FED460AFCF707
:106D9000A7F912E04FF480613F4803F0B9FE48B90B
:106DA0009FED3E1ADFED3E0A05209FED3F0AFCF7FE
:106DB00097F902E00020FCF79EF8012007F0A8F800
:106DC000F9F74EFE00B90DE04FF40061324803F0D0
:106DD0009FFE0028CED04FF480612F4803F098FE2C
:106DE0000028C7D000BF2B480068401C2949086014
:106DF00028480068B0F5FA7FBBDB0020FCF77BF881
:106E000010BD10B50F48C07F40F004000D49C87791
:106E10000846C07F40F08000C877FA201A49086011
:106E20000E48006855300F49086000201949086075
:106E30004EE03BE0012007F06BF8F9F711FE00B9D6
:106E400040E033E004000020C000002020030020C8
:106E50008C030020BD060020C40000202403002075
:106E6000280300202C030020900300200000024093
:106E7000140300203803002054010020E00100200A
:106E8000FC02002008030020400300203C030020F7
:106E9000B0000020BC020020000C02409A99993EEC
:106EA000000061C4000000000000E144FE490968E0
:106EB000FE4A1268881A002801DB014600E04142C0
:106EC0000A29B7DC00BFFA480068401CF84908608E
:106ED000F74800683228ACDBFFF746FF4FF47A70C2
:106EE00007F016F8FA20F3490860F3480068C01D5F
:106EF000EE4908600020EE49086019E006E0012034
:106F000007F006F8F9F7ACFD00B90BE0E6490968AF
:106F1000E64A1268881A002801DB014600E0414277
:106F20000A29ECDC00BFE2480068401CE049086028
:106F3000DF4800683228E1DB41F6583006F0E8FF10
:106F4000DE48C07F00F0FB00DC49C87741F28830A2
:106F500006F0DEFFD948C07F00F07F00D749C87730
:106F6000FA20D4490860D6480068D049086000205B
:106F7000CF49086019E006E0012006F0C9FFF9F7E3
:106F80006FFD00B90BE0C8490968C84A1268881A41
:106F9000002801DB014600E041420A29ECDC00BF89
:106FA000C3480068401CC2490860C14800683228D4
:106FB000E1DB0020FBF79FFF10BD10B50020BC49AE
:106FC00008603EE029E04FF48061BE4803F0A0FD78
:106FD00048B91FED4E1A5FED4E0A05201FED4F0A0E
:106FE000FCF77EF812E04FF48041B64803F090FDC4
:106FF00048B91FED561A5FED560A05201FED560AD7
:10700000FCF76EF802E00020FBF775FF012006F0A8
:107010007FFFF9F725FD00B90DE04FF48061A94825
:1070200003F076FD0028CED04FF48041A54803F050
:107030006FFD0028C7D000BF9D480068401C9C49D8
:1070400008609B480068B0F5FA7FBBDB0020FBF7C7
:1070500052FF10BD10B59948C07F40F00800974915
:10706000C8770846C07F40F02000C877FA209649CC
:1070700008609648006858389549086000208C4997
:10708000086019E006E0012006F042FFF9F7E8FC8D
:1070900000B90BE08F4909688D4A1268881A0028E8
:1070A00001DB014600E041420A29ECDC00BF8048D8
:1070B0000068401C7E4908607D4800683228E1DB9A
:1070C000FFF77BFF4FF47A7006F022FFFA207E492B
:1070D00008607E480068C01F7D4908600020744930
:1070E000086019E006E0012006F012FFF9F7B8FC8D
:1070F00000B90BE077490968754A1268881A0028B8
:1071000001DB014600E041420A29ECDC00BF68488F
:107110000068401C66490860654800683228E1DB69
:1071200041F6583006F0F4FE6448C07F00F0F700E6
:107130006249C8774FF47A7006F0EAFE5F48C07F74
:1071400000F0DF005D49C87796205F49086062481B
:1071500000685F49086000205549086019E006E0B2
:10716000012006F0D5FEF9F77BFC00B90BE0594988
:107170000968574A1268881A002801DB014600E0B6
:1071800041420A29ECDC00BF49480068401C4849DC
:107190000860474800683228E1DB10BD10B50020C8
:1071A000434908603EE029E04FF40051454803F0B0
:1071B000AFFC48B91FEDC71A5FEDC70A05201FEDE8
:1071C000C70AFBF78DFF12E04FF480513D4803F0F2
:1071D0009FFC48B91FEDCF1A5FEDCF0A05201FEDC8
:1071E000CE0AFBF77DFF02E00020FBF784FE0120C2
:1071F00006F08EFEF9F734FC00B90DE04FF4805133
:10720000304803F085FC0028CED04FF400512D48C3
:1072100003F07EFC0028C7D000BF25480068401C52
:107220002349086022480068B0F5FA7FBBDB0020E4
:10723000FBF761FE10BD10B52048C07F40F0400054
:107240001E49C8770846C07F40F08000C877642098
:10725000224908604FF42D7021490860002014492C
:10726000086013E006E0012006F052FEF9F7F8FB93
:1072700000B905E01B48006840F2B2218842F2DB09
:1072800000BF0B480068401C0949086008480068B6
:107290003228E7DBFA2007490860134800685538B0
:1072A00002490860002021E0C40000202C030020D7
:1072B000BC02002040030020240300200400002022
:1072C0006C010020000402403C0300201C0300204D
:1072D00020030020C00000206801002038030020A7
:1072E00014030020B000002028030020F9490860A2
:1072F00019E006E0012006F00BFEF9F7B1FB00B93A
:107300000BE0F5490968F54A1268881A002801DB84
:10731000014600E041420A29ECDC00BFED4800686C
:10732000401CEC490860EB4800683228E1DBFFF7BD
:1073300035FF4FF47A7006F0EBFDFA20E84908605B
:10734000E8480068C01FE54908600020E14908607E
:1073500019E006E0012006F0DBFDF9F781FB00B93A
:107360000BE0DD490968DD4A1268881A002801DB54
:10737000014600E041420A29ECDC00BFD548006824
:10738000401CD4490860D34800683228E1DB41F64C
:10739000583006F0BDFDD448C07F00F0BF00D24990
:1073A000C87741F2883006F0B3FDCF48C07F00F0C7
:1073B0007F00CD49C877FA20C9490860CB480068EA
:1073C000C64908600020C349086019E006E00120B2
:1073D00006F09EFDF9F744FB00B90BE0BE490968D1
:1073E000BE4A1268881A002801DB014600E04142CB
:1073F0000A29ECDC00BFB7480068401CB5490860AA
:10740000B44800683228E1DB10BD10B5B648C07F33
:1074100040F00400B449C8770846C07F40F08000BF
:10742000C877FA20AE490860B14800681930AB4906
:1074300008600020A749086019E006E0012006F076
:1074400067FDF9F70DFB00B90BE0A3490968A34AF2
:107450001268881A002801DB014600E041420A292F
:10746000ECDC00BF9B480068401C9A4908609948C2
:1074700000683228E1DBFFF777FC4FF47A7006F002
:1074800047FDFA20964908609948006893490860CA
:1074900000209049086019E006E0012006F038FD60
:1074A000F9F7DEFA00B90BE08B4909688B4A1268DC
:1074B000881A002801DB014600E041420A29ECDC81
:1074C00000BF84480068401C824908608148006809
:1074D00040F226218842DFDB41F6583006F018FDE5
:1074E0008148C07F00F0FB007F49C87741F28830B7
:1074F00006F00EFD7C48C07F00F07F007A49C87717
:10750000FA207749086079480068744908600020CB
:107510007049086019E006E0012006F0F9FCF9F76F
:107520009FFA00B90BE06C4909686C4A1268881A26
:10753000002801DB014600E041420A29ECDC00BFE3
:1075400064480068401C634908606248006832284B
:10755000E1DB10BD10B56448C07F40F0080062490F
:10756000C8770846C07F40F02000C877C82061492E
:107570000860614800683238604908600020554959
:10758000086019E006E0012006F0C2FCF9F768FA8D
:1075900000B90BE05A490968584A1268881A00284D
:1075A00001DB014600E041420A29ECDC00BF49480A
:1075B0000068401C47490860464800683228E1DB03
:1075C000FFF7FBFCC8204B4908604B480068401F90
:1075D0004A49086000203F49086019E006E00120A0
:1075E00006F096FCF9F73CFA00B90BE0444909684B
:1075F000424A1268881A002801DB014600E0414235
:107600000A29ECDC00BF33480068401C314908609F
:10761000304800683228E1DB40F6B83006F078FCEC
:107620003148C07F00F0F7002F49C87741F2883019
:1076300006F06EFC2C48C07F00F0DF002A49C877B6
:10764000FA202C4908602F4800682C490860002067
:107650002049086019E006E0012006F059FCF9F71E
:10766000FFF900B90BE026490968244A1268881A14
:10767000002801DB014600E041420A29ECDC00BFA2
:1076800014480068401C13490860124800683228FA
:10769000E1DB10BD10B51448C07F40F04000124936
:1076A000C8770846C07F40F08000C877FA200C49B0
:1076B00008600C480068193808490860002005492E
:1076C000086033E020E0012006F022FCF9F7C8F959
:1076D000D0B925E0BC020020C40000202C0300200B
:1076E0004003002028030020040000206C0100203B
:1076F000240300203C0300201C0300202003002062
:10770000C000002068010020FE490968FE4A126896
:10771000881A002801DB014600E041420A29D2DC38
:1077200000BFFA480068401CF8490860F748006844
:107730003228C7DBFFF732FDFA20F54908604FF425
:107740002D70F44908600020F049086013E006E05D
:10775000012006F0DDFBF9F783F900B905E0EE48FA
:10776000006840F2B2218842F2DB00BFE7480068BF
:10777000401CE6490860E54800683228E7DBFA204B
:10778000E6490860E6480068DF4908600020DF49F4
:10779000086019E006E0012006F0BAFBF9F760F98D
:1077A00000B90BE0D7490968D74A1268881A00283F
:1077B00001DB014600E041420A29ECDC00BFD3486E
:1077C0000068401CD1490860D04800683228E1DBDD
:1077D00041F6583006F09CFBD248C07F00F0BF0055
:1077E000D049C87741F2883006F092FBCD48C07F7F
:1077F00000F07F00CB49C877FA20C8490860CA4822
:107800000068C14908600020C049086019E006E02E
:10781000012006F07DFBF9F723F900B90BE0B94927
:107820000968B94A1268881A002801DB014600E09D
:1078300041420A29ECDC00BFB4480068401CB3494F
:107840000860B24800683228E1DB10BD10B50020A6
:10785000AE4908603EE029E04FF40041B34803F030
:1078600057F948B99FEDB21ADFEDB20A03209FED38
:10787000B20AFBF735FC12E04FF48041AF4803F049
:1078800047F948B99FEDAA1ADFEDAA0A03209FED38
:10789000AC0AFBF725FC02E00020FBF72CFB0120E3
:1078A00006F036FBF9F7DCF800B90DE04FF4804143
:1078B000A24803F02DF90028CED04FF400419B4898
:1078C00003F026F90028C7D000BF90480068401C8C
:1078D0008E4908608D480068B0F5FA7FBBDB002058
:1078E000FBF709FB10BD10B58E48C07F40F01000BB
:1078F0008C49C8770846C07F40F02000C877C82070
:10790000904908609048006828309049086000203D
:107910007E49086019E006E0012006F0F9FAF9F75F
:107920009FF800B90BE08A490968884A1268881AEA
:10793000002801DB014600E041420A29ECDC00BFDF
:1079400072480068401C714908607048006832281D
:10795000E1DBFFF77BFFC8207A4908607A480068BE
:10796000401D7A49086000206849086019E006E077
:10797000012006F0CDFAF9F773F800B90BE074496D
:107980000968724A1268881A002801DB014600E083
:1079900041420A29ECDC00BF5C480068401C5B499E
:1079A00008605A4800683228E1DB41F6583006F09A
:1079B000AFFA5C48C07F00F0EF005A49C87741F247
:1079C000883006F0A5FA5748C07F00F0DF0055491F
:1079D000C877FA205B4908605E4800685B49086028
:1079E00000204A49086019E006E0012006F090FAFC
:1079F000F9F736F800B90BE055490968534A12689F
:107A0000881A002801DB014600E041420A29ECDC2B
:107A100000BF3E480068401C3C4908603B48006885
:107A20003228E1DB10BD10B53E48C07F40F00400B5
:107A30003C49C8774FF4FA7006F06AFA3948C07FBB
:107A400040F080003749C8774FF4FA6006F060FADA
:107A5000FCF70CFA40F28B103F49086040F213101B
:107A60003E490860FA202D4908603D4800682649D3
:107A7000086000202549086019E006E0012006F0B2
:107A800047FAF8F7EDFF00B90BE01E4909681E4AF6
:107A90001268881A002801DB014600E041420A29E9
:107AA000ECDC00BF19480068401C18490860174802
:107AB000006840F226218842DFDB42F2283006F0DF
:107AC00027FA1848C07F00F0FB001649C87741F23A
:107AD000883006F01DFA1348C07F00F07F0011497E
:107AE000C877FCF7C3F940F209101B4908601B492D
:107AF0000860FA20094908600B48006802490860DC
:107B000000202FE0C40000202C030020BC02002035
:107B10003803002014030020B000002040030020A0
:107B200028030020040000206C0100200004024013
:107B3000CDCCCC3D000061C400000000000C024030
:107B40000000E1443C030020180300202003002033
:107B5000C000002068010020FC0200200803002073
:107B600024030020F849086019E006E0012006F02F
:107B7000CFF9F8F775FF00B90BE0F4490968F44A4A
:107B80001268881A002801DB014600E041420A29F8
:107B9000ECDC00BFEC480068401CEB490860EA4898
:107BA00000683228E1DB10BD10B56420E9490860A7
:107BB000E9480068E94908600020E349086019E0E5
:107BC00006E0012006F0A4F9F8F74AFF00B90BE03F
:107BD000E3490968E14A1268881A002801DB014676
:107BE00000E041420A29ECDC00BFD7480068401C95
:107BF000D5490860D44800689628E1DBD948C07FA1
:107C000040F00800D749C8774FF4FA7006F080F9C1
:107C1000D448C07F40F02000D249C8774FF47A7032
:107C200006F076F9FCF722F940F28B10CE49086095
:107C300040F21310CD490860AA20CD490860CD4814
:107C40000068401FCC4908600020BF49086019E067
:107C500006E0012006F05CF9F8F702FF00B90BE03E
:107C6000C6490968C44A1268881A002801DB01461F
:107C700000E041420A29ECDC00BFB3480068401C28
:107C8000B1490860B04800683228E1DB4FF4FA607F
:107C900006F03EF9B348C07F00F0F700B149C8775D
:107CA0004FF4FA6006F034F9AE48C07F00F0DF0010
:107CB000AC49C877FCF7DAF840F20910AA49086025
:107CC000AA490860FA20AA490860AD480068AA4994
:107CD000086000209C49086019E006E0012006F0D9
:107CE00017F9F8F7BDFE00B90BE0A4490968A24AEC
:107CF0001268881A002801DB014600E041420A2987
:107D0000ECDC00BF90480068401C8F4908608E483A
:107D100000683228E1DB10BD00B5FCF7A7F840F29F
:107D20008B109149086040F213109049086000BD23
:107D300010B5642087490860874800688749086053
:107D400000208149086019E006E0012006F0E0F813
:107D5000F8F786FE00B90BE0814909687F4A12688E
:107D6000881A002801DB014600E041420A29ECDCC8
:107D700000BF75480068401C73490860724800687D
:107D80009628E1DB7748C07F40F040007549C8770E
:107D90004FF4FA7006F0BCF87248C07F40F08000E3
:107DA0007049C8774FF47A7006F0B2F8FCF75EF8C5
:107DB00040F28B106C49086040F213106B49086068
:107DC000FA207049086070480068401F60490860E8
:107DD00000205D49086019E006E0012006F098F8EF
:107DE000F8F73EFE00B90BE058490968584A126896
:107DF000881A002801DB014600E041420A29ECDC38
:107E000000BF51480068401C4F4908604E48006858
:107E10003228E1DB4FF4FA5006F07AF85148C07F7F
:107E200000F0BF004F49C87741F2883006F070F883
:107E30004C48C07F00F07F004A49C877FCF716F82D
:107E400040F209104849086048490860FA204D4945
:107E500008604E4800683E49086000203A490860C2
:107E600019E006E0012006F053F8F8F7F9FD00B933
:107E70000BE036490968364A1268881A002801DB87
:107E8000014600E041420A29ECDC00BF2E480068B0
:107E9000401C2D4908602C4800683228E1DB10BDE9
:107EA00010B564202B490860394800682B490860E8
:107EB00000202549086019E006E0012006F028F8B6
:107EC000F8F7CEFD00B90BE025490968234A12688E
:107ED000881A002801DB014600E041420A29ECDC57
:107EE00000BF19480068401C174908601648006820
:107EF0009628E1DB1B48C07F40F010001949C87785
:107F00004FF4FA7006F004F81648C07F40F02000E5
:107F10001449C8774FF47A7005F0FAFFFBF7A6FF13
:107F200040F28B101049086040F213100F490860AE
:107F3000C8200F490860174800680A300E490860D9
:107F400000200149086041E0BC020020C40000207C
:107F50002C030020380300205801002014030020C7
:107F6000B000002004000020FC02002008030020D4
:107F70003C0300201C03002020030020C000002040
:107F80006801002040030020280300206C0100202D
:107F9000540100201803002006E0012005F0B8FF7E
:107FA000F8F75EFD00B90BE0FE490968FE4A126869
:107FB000881A002801DB014600E041420A29ECDC76
:107FC00000BFFA480068401CF8490860F74800689C
:107FD0003228E1DB4FF4FA5005F09AFFF448C07FF5
:107FE00000F0EF00F249C87741F2883005F090FFC9
:107FF000EF48C07F00F0DF00ED49C877FBF736FFA0
:1080000040F20910EB490860EB490860FA20EB499F
:108010000860EB480068E44908600020E349086014
:1080200019E006E0012005F073FFF8F719FD00B92B
:108030000BE0DC490968DC4A1268881A002801DB79
:10804000014600E041420A29ECDC00BFD748006845
:10805000401CD6490860D54800683228E1DB10BDD5
:1080600010B5D8480068012819D1D7480068B0B9C0
:10807000D648006898B9D648006880B99FEDD51AEF
:10808000DFEDD50A07209FEDD50AFBF729F842F26C
:10809000107005F03DFF0020FAF72DFF5EE0C948A3
:1080A000006801281AD1C8480068012816D1C748BD
:1080B000006898B9C648006880B99FEDC61ADFED20
:1080C000C60A07209FEDC50AFBF70AF842F21070B6
:1080D00005F01EFF0020FAF70EFF3FE0B9480068E8
:1080E00001281BD1B8480068012817D1B74800689B
:1080F000012813D1B648006880B99FEDB61ADFEDAC
:10810000B60A07209FEDB60AFAF7EAFF42F21070AE
:1081100005F0FEFE0020FAF7EEFE1FE0A948006819
:1081200001281BD1A8480068012817D1A74800687A
:10813000012813D1A648006801280FD19FEDA51A88
:10814000DFEDA50A07209FEDA60AFAF7C9FF42F264
:10815000107005F0DDFE0020FAF7CDFE10BD10B561
:108160009848006870B99848006858B997480068FE
:1081700040B99748006828B9FEF743FE01209149AD
:10818000086025E08F48006801280ED18E480068FD
:1081900058B98E48006840B98D48006828B9FEF784
:1081A00059FF01208849086012E0864800680128CC
:1081B0000ED18548006801280AD18448006838B982
:1081C0008348006820B9FFF736F801207F4908602E
:1081D0000020844908608449086084490860FFF7EA
:1081E0003FFF10BD10B59FED7B1ADFED7B0A052028
:1081F0009FED7F0AFAF774FF40F6B83005F088FE6D
:1082000070480068002839D16F480068002835D1CF
:108210006E48006888BB6E48006870BB6420754972
:108220000860754800687549086000205F4908606B
:1082300019E006E0012005F06BFEF8F711FC00B92B
:108240000BE06F4909686D4A1268881A002801DB43
:10825000014600E041420A29ECDC00BF53480068B7
:10826000401C52490860514800689628E1DBFFF73E
:10827000CCF8012053490860ECE0FFE75148006862
:10828000012838D150480068A0BB5048006888BB1E
:108290004F48006870BB6420564908605948006820
:1082A0005649086000204149086019E006E00120B5
:1082B00005F02EFEF8F7D4FB00B90BE05049096831
:1082C0004E4A1268881A002801DB014600E041424C
:1082D0000A29ECDC00BF35480068401C33490860BF
:1082E000324800689628E1DBFFF734F9012036496F
:1082F0000860AFE0FFE733480068012839D1324811
:108300000068012835D13148006888BB30480068D2
:1083100070BB6420374908603A48006837490860F4
:1083200000202249086019E006E0012005F0F0FD78
:10833000F8F796FB00B90BE0314909682F4A12683B
:10834000881A002801DB014600E041420A29ECDCE2
:1083500000BF16480068401C1449086013480068B4
:108360009628E1DBFFF796F901201849086071E0D3
:10837000FFE71448006801286CD113480068012801
:1083800068D112480068012864D111480068D8BB40
:1083900064201849086018480068184908600020DF
:1083A000024932E0C000002020030020BC0200206F
:1083B00004000020FC020020080300203C030020F1
:1083C00068010020D0010020D4010020D801002045
:1083D000DC0100209A99993E000061440040CE449F
:1083E00000001643E4000020E8000020EC0000201C
:1083F000000061C438030020540100201403002051
:10840000B00000205801002024E0086019E006E0D8
:10841000012005F07DFDF8F723FB00B90BE0FB49D7
:108420000968FB4A1268881A002801DB014600E04F
:1084300041420A29ECDC00BFF6480068401CF549BF
:108440000860F44800689628E1DBFFF74CFA012049
:10845000F14908600020F1490860F1490860F149DC
:108460000860FFF7FDFD10BD10B56420EE490860FF
:10847000EE480068E64908600020E649086019E017
:1084800006E0012005F044FDF8F7EAFA00B90BE038
:10849000DE490968DE4A1268881A002801DB0146B5
:1084A00000E041420A29ECDC00BFDA480068401CC9
:1084B000D8490860D74800689628E1DB10BD10B5A0
:1084C000DB480068A0B9DB48006888B9DA48006872
:1084D00070B9D148006858B9FFF7A5FA0120D4490E
:1084E000086040F20910FBF7DDFCFFF7B9FD4CE036
:1084F000CF480068012814D1CE48006888B9CE481A
:10850000006870B9C448006858B9FFF74DFB40F2E5
:108510000910FBF7C7FC0120C6490860FFF7A0FD62
:1085200033E0C3480068012815D1C248006801281B
:1085300011D1C148006870B9B748006858B9FFF751
:10854000F7FB40F20910FBF7ADFC0120BA490860C7
:10855000FFF786FD19E0B6480068012815D1B54837
:108560000068012811D1B448006801280DD1AA483B
:10857000006850B9FFF794FC40F20910FBF792FC39
:108580000120A5490860FFF76BFD0020A3490860A2
:10859000A3490860A349086010BDA848C079C8B1C4
:1085A000A648407800F00800A0B1A548C07F40F080
:1085B0000400A349C8770846C07F40F00800C87788
:1085C0000846C07F40F04000C8770846C07F40F0B2
:1085D0001000C877704773B52DED028B282505264E
:1085E0009FED980AB0EE408A94480079322805DB66
:1085F00092480079C82801DC012000E000200446F0
:108600008E48407800F0010030B19DF80C509FED8D
:108610008E0AB0EE408A05E09DF80850B6EE000ADA
:10862000B0EE408A8548007800F0080098B1834891
:10863000007800F0100070B98048007800F0200049
:1086400048B97E48007800F0400020B92946002053
:10865000FAF73CFDB1E07948007800F00800A0B9D5
:108660007648007800F0100078B17448007800F087
:10867000200050B97148007800F0400028B9294620
:108680004FF4E160FAF722FD97E06C48007800F0C3
:108690000800A0B96948007800F0100078B9674870
:1086A000007800F0200050B16448007800F04000ED
:1086B00028B929464FF46170FAF708FD7DE05F485C
:1086C000007800F0080098B95C48007800F01000CD
:1086D00070B95A48007800F0200048B9574800782F
:1086E00000F0400020B129465848FAF7EFFC64E05A
:1086F0005248007800F00800A0B15048007800F01F
:10870000100078B94D48007800F0200050B14B4877
:10871000007800F0400028B929464FF4E170FAF7DC
:10872000D5FC4AE04548007800F0080098B143487D
:10873000007800F0100070B94048007800F0200088
:1087400048B93E48007800F0400020B12946404832
:10875000FAF7BCFC31E03948007800F00800A0B915
:108760003648007800F0100078B13448007800F006
:10877000200050B13148007800F0400028B9294667
:1087800040F24650FAF7A2FC17E02C48007800F0BF
:10879000080090B92948007800F0100068B1274817
:1087A000007800F0200040B92448007800F0400034
:1087B00018B129462748FAF789FC2048007800F0CC
:1087C0000800F8B91D48007800F01000D0B91B4827
:1087D000007800F02000A8B91848007800F04000A8
:1087E00080B97CB1FAF72BF960B11448407800F0F9
:1087F000400038B91148407800F0200010B9052039
:10880000FAF779FB44B3FAF79FFB4EE0B000002083
:1088100014030020BC020020DC010020E400002042
:10882000E8000020EC000020380300207001002048
:10883000D0010020D4010020D8010020BD06002076
:1088400004000020000000003333333F7CFCFFFFB6
:108850003EFEFFFFBAFAFFFFFFE7FE48007932282D
:108860000EDAFAF7ECF828B10020B1EE480AFAF770
:108870001DFC1AE00020B1EE480AFAF717FC14E0DC
:10888000F4480079C8280EDDFAF7D9F828B100209D
:10889000B0EE480AFAF70AFC07E00020B0EE480AFA
:1088A000FAF704FC01E0FAF74FFBBDEC028B7CBD4C
:1088B0003EB504460D469620E74908608320E74907
:1088C0000860FA20E64908608920E6490860FBF75D
:1088D000E2FA4FF4AF70E4490860E4490860FA2016
:1088E000E34981F833006FF09500A0EB440000EEFF
:1088F000900AF8EEE00AB0EE600A9FEDDE1AF1EEA3
:10890000040A1E20FAF7ECFB0020DB49086010E0A7
:1089100003E0F8F7A5F800B905E0A4F11400D74981
:1089200009688842F5DC00BFD3480068401CD24982
:108930000860D14800686428EADB40F25D20CA493B
:108940000860401FC94908600020CB4908601EE04C
:1089500012E00F20962101222346CDE9002102904A
:10896000002211461920FCF79EFE012005F0D0FAE6
:10897000F8F776F800B904E0C1480068B0F5D77F91
:10898000E7DB00BFBC480068401CBB490860BA4830
:1089900000683228DCDB0020B74908601AE00FE0ED
:1089A0000F20962101222346CDE9002102900022CA
:1089B00011461720FCF777FEF8F752F800B903E0EC
:1089C000B04800681728EBDC00BFAB480068401CCB
:1089D000A9490860A8480068FA28E0DBFA20A44901
:1089E00081F82F000020A449086023E00FE00F2049
:1089F000642101222346CDE9002102900022114684
:108A00000A20FCF750FEF8F72BF800B90CE04FF401
:108A100080519D4802F07CF8012805D181029A48D6
:108A200002F076F80128E2D000BF93480068401CAD
:108A300091490860904800686428D7DB3220FAF733
:108A40005AFA4FF4FA6005F063FA00208A49086088
:108A500035E021E008218C4802F05AF8012804D1C1
:108A600006218A48FAF732FB0FE04FF400418648AE
:108A700002F04EF8012805D106214FF46170FAF793
:108A800025FB02E00020FAF736FA012005F040FA53
:108A9000F7F7E6FF00B90CE04FF400417A4802F026
:108AA00037F80128D6D00821774802F031F801289C
:108AB000D0D000BF70480068401C6F4908606E4805
:108AC0000068B0F5FA7FC4DB0020FAF714FA002042
:108AD000674981F833004FF4FA6005F019FA002075
:108AE0006549086013E006E0012005F011FAF7F788
:108AF000B7FF00B905E00221634802F009F8012838
:108B0000F2D000BF5C480068401C5B4908605A48CE
:108B10000068B0F5FA7FE6DB0020FAF7ECF91E20DA
:108B20005B49086046205B49086040F267204E4977
:108B300008604E4908604FF47A6005F0E9F91E209C
:108B4000FAF7D9F940F28F204749086040F27620C1
:108B5000464908600020464981F82F0041F28830DC
:108B600005F0D6F91E212846FAF7B0FA00219FED4C
:108B70004A0A4648FAF745FAF9F77FFB502044497C
:108B8000086082204349086010E0052005F0C0F924
:108B9000F7F766FF00B90FE04048006810F5E17F85
:108BA00004DAFA2030490860304908603B48006820
:108BB000364996318842E8DC00BF1FEDDD1ADFED53
:108BC000380A08209FED370AFAF78AFA00202A4966
:108BD00008601AE006E0052005F09AF9F7F740FF73
:108BE00000B90CE04FF48071274801F091FF012893
:108BF00005D18021244801F08BFF0128EBD000BF74
:108C00001D480068401C1C4908601B480068642817
:108C1000E0DB14201E4908602D201E490860F0206A
:108C200011490860114908600020FAF764F93EBD57
:108C3000FEB504460F20164908603C20154908601F
:108C4000FA200949086009490860C00005F060F988
:108C5000074829E0BD0600203C0300202003002037
:108C6000400300202C030020FC0200200803002009
:108C7000040000209A99993EBC020020A400002024
:108C8000B80000209C000020001002407CFCFFFF88
:108C900030030020340300209A9999BF700200200D
:108CA000000061C400006144C07F40F00400F74947
:108CB000C8779FEDF71A5FED050A1E209FEDF50AB4
:108CC000FAF70EFA06E0052005F022F9F7F7C8FEDC
:108CD00000B905E0F048006840F27F318842F2DBDD
:108CE00000BF9FEDEE1A5FED110A1E209FEDEC0A0A
:108CF000FAF7F6F90020EB49086013E006E00120DE
:108D000005F006F9F7F7ACFE00B905E0E6480168A2
:108D100004F10F008142F2DC00BFE2480068401C11
:108D2000E0490860DF480068FA28E7DBFA20DF49FD
:108D30000860DF4800686430DE4908604FF4FA706C
:108D4000FBF7B0F80020D74908601CE010E01E20B7
:108D50004FF4E17102222346CDE9002102904A003E
:108D600051420F20FDF7E2FAF7F77AFE00B904E06E
:108D7000D1480068B0F5F57FE9DB00BFC94800685D
:108D8000401CC8490860C7480068FA28DEDB00209C
:108D9000C44908601BE010E01E20FA21022223468D
:108DA000CDE9002102904FF4617251420C20FDF791
:108DB000BDFAF7F755FE00B903E0C048006819286E
:108DC000EADC00BFB7480068401CB6490860B548F7
:108DD0000068FA28DFDB0020B249086026E014E0D2
:108DE00040F2B920FBF75EF81E20962102222346AE
:108DF000CDE9002102904FF4617251420820FDF745
:108E000095FAF7F72DFE00B90AE0AC480068012892
:108E1000E6DC4FF48071AA4801F07AFE0128DFD029
:108E200000BFA0480068401C9E4908609D4800683B
:108E3000FA28D4DB052005F06BF8F9F71EFA0020BC
:108E4000984908602FE014E01E204FF4AF71022211
:108E50002346CDE9002102904FF46172514208206F
:108E6000FDF764FA012005F053F8F7F7F9FD00B9B2
:108E700013E0F7F72BFE0646F7F7FBFD051E01DBB7
:108E8000284600E06842002E01DB314600E07142D6
:108E9000084440F2A4618842D6DB00BF81480068E4
:108EA000401C804908607F480068FA28CBDB00201E
:108EB000FAF721F84FF47A712046FCF7A1FC002064
:108EC000FAF719F8FEBD10B54FF49B70FFF7B0FE2E
:108ED00010BDFEB504460F207A4908603C207A494F
:108EE0000860FA2079490860794908606748C07FBE
:108EF00040F004006549C8779FED651A5FED970A59
:108F000019209FED740AFAF7EBF806E0052004F04B
:108F1000FFFFF7F7A5FD00B905E05F48006840F2E4
:108F20007F318842F2DB00BFFA2060490860604868
:108F3000006846305F49086000205A4908601EE01A
:108F400013E01E204FF4E17102222346CDE90021F7
:108F500002904A0051421420FBF7FEFCF7F780FD17
:108F600000B906E0012004F0D3FF5448006823282C
:108F7000E7DC00BF4B480068401C4A49086049488C
:108F80000068FA28DCDBFAF786FF4FF4FF704F49E0
:108F900008604F49086000204249086020E014E062
:108FA0001E204FF4AF7102222346CDE9002102902A
:108FB0004FF4617251420820FBF7CEFCF7F750FDE9
:108FC00000B907E0012004F0A3FF3B480068B0F5BA
:108FD000FA7FE5DB00BF33480068401C3149086078
:108FE000304800689628DADB00202E49086025E02A
:108FF00013E01E20322102222346CDE900210290F7
:109000004FF4617251420820FBF7A6FCF7F728FDE8
:1090100000B90DE0012004F07BFF28480068022819
:10902000E7DC4FF48071264801F072FD0128E0D0A2
:1090300000BF1C480068401C1A49086019480068B5
:1090400040F20E618842D3DB4FF41170FAF72AFF29
:10905000F9F713F910E01E20322102222346CDE950
:10906000002102904FF4617251420820FBF774FC1A
:10907000F7F7F6FC00B93AE0F7F728FD0646F7F7F0
:10908000F8FC051E28DB284627E00000040000202D
:109090006666E63F0040B5C470020020CDCC4C3E71
:1090A0000000C8C4BC020020A4000020400300202F
:1090B000240300202C030020BC0000209800002086
:1090C000000002403003002034030020FC02002096
:1090D0000803002000C0C1C46842002E01DB3146F5
:1090E00000E07142084440F2A4618842B3DB00BF53
:1090F0000020F9F700FF4FF47A712046FBF7F1F9F1
:109100000020F9F7F8FEFEBD10B54FF4E670FFF74A
:10911000E0FE10BDFEB504460F20F84908603C2073
:10912000F7490860FA20F7490860F7490860C0006D
:1091300004F0EEFE1FED2A1ADFEDF40A19209FED70
:10914000F40AF9F7CDFF06E0052004F0E1FEF7F799
:1091500087FC00B905E0EF48006840F27F318842A3
:10916000F2DB00BFEC48C07F40F00400EA49C8775A
:10917000FA20EA490860EA4800686430E949086072
:10918000FAF7BBFF4FF4FA70FAF78CFE0020E649BD
:1091900008601DE011E01E204FF4AF71022223464B
:1091A000CDE9002102904FF4617251421420FBF787
:1091B000D3FBF7F755FC00B904E0DC480068B0F5D4
:1091C000F57FE8DB00BFD8480068401CD64908603E
:1091D000D5480068FA28DDDB0020D34908601FE08D
:1091E00014E01E204FF4AF7102222346CDE9002186
:1091F00002904FF4617251421420FBF7ADFB012045
:1092000004F086FEF7F72CFC00B903E0C8480068BC
:109210001928E6DC00BFC4480068401CC249086049
:10922000C1480068FA28DBDB40F2B920FAF73AFEC1
:109230000020BD49086025E013E01E2032210222F3
:109240002346CDE9002102904FF46172514208207B
:10925000FBF782FBF7F704FC00B90DE0012004F0F6
:1092600057FEB34800680128E7DC4FF48071B1482D
:1092700001F04EFC0128E0D000BFAB480068401C64
:10928000A9490860A848006840F20E618842D3DB13
:10929000F8F7F3FF0020A44908602EE014E01E2038
:1092A0004FF4AF7102222346CDE9002102904FF422
:1092B000617251420820FBF74FFB012004F028FEA9
:1092C000F7F7CEFB00B912E0F7F754FC0646F7F7C4
:1092D00027FC051E01DB284600E06842002E01DB6A
:1092E000314600E071420844B0F5C86FD7DB00BFDB
:1092F0008D480068401C8C4908608B480068FA283B
:10930000CCDB0020F9F7F7FD4FF47A712046FBF72C
:10931000E8F80020F9F7EFFDFEBD10B54FF49D70A1
:10932000FFF7F8FE10BD704730B500201BE00021AC
:1093300016E0002211E0AFF2110300EB801404EB01
:1093400044047D4D05EBC40401EB810505EBC1052B
:1093500004EB850444F82230521C0D2AEBDB491C37
:109360001E29E6DB401C1E28E1DBAFF2A544734B4F
:10937000C3F80C42AFF26F24C3F81042AFF2650499
:10938000C3F814426E4C6C4BC3F83C4E6D4CC3F8A2
:10939000404E6D4C6D4BC3F810426D4CC3F81442F7
:1093A0006C4C6D4BC3F838446C4CC3F83C44694C6E
:1093B000C3F840446A4C604B9C636A4CDC63684C65
:1093C0001C64AFF605745C64664C9C64DC641C65CC
:1093D0005C65AFF615749C65DC651C665C66604C6C
:1093E000DC66604C1C675E4C5C67AFF62D749C6756
:1093F0005C4CDC67C3F88040C3F88440C3F8884005
:10940000AFF64574C3F88C40C3F89040C3F894405D
:10941000C3F89840544CC3F8EC46544CC3F8F0469B
:10942000534CC3F8F446534CC3F8F8464F4CC3F8BA
:10943000FC46514CC3F80047504CC3F804474E4C0F
:10944000C3F808474E4CC3F80C474E4CC3F81047BE
:10945000C3F81447C3F8184730BD30B500201BE0EF
:10946000002116E0002211E0AFF2451300EB80145A
:1094700004EB4404444D05EBC40401EB810505EB0A
:10948000C10504EB850444F82230521C0D2AEBDBA5
:10949000491C1E29E6DB401C1E28E1DB30BD30B52F
:1094A00002463A480068884201DC002030BD384856
:1094B00000880844642490FBF4F504FB150083B293
:1094C00003EB8300334C204404681460007910716E
:1094D0000120EBE70CB501216846FFF7E0FF08B972
:1094E00000200CBD9DF8020030B99DF80300012852
:1094F00054D129490860F4E750E00000300300200F
:1095000034030020FC020020080300200000614416
:10951000000061C47002002004000020400300200D
:10952000240300202C030020BC020020BC000020EB
:109530009800002000000240CC080020BC4500201C
:109540007F5A0008A15D0008A75E0008141B0020D8
:10955000FB5B00085B6C0008AC820020396C0008E3
:109560005F810008E5810008BD4E00086D450008D8
:10957000334F000813530008E94600085D47000810
:109580008B5800080B5300089CBF0020BC01002032
:10959000C2010020CC060020E40000209DF802005B
:1095A00038B99DF80300022803D10120FE49086064
:1095B00097E79DF8020038B99DF80300032803D10E
:1095C0000120FA4908608CE700208AE71CB5F848BA
:1095D000006800B91CBDFFF77DFF6846F8F79AFBED
:1095E00008B39DF802001E281DDA9DF803001E280E
:1095F00019DA9DF804000D2815DA9DF8021001EB28
:10960000811101EB4101EB4A02EBC1019DF80320FE
:1096100002EB820303EBC20201EB82019DF80420FE
:1096200051F8220080470020E349087000BFD1E7CD
:109630003EB50446B420E1490860FA20E0490860DC
:109640004FF49670DF490860DF4908600020DF4969
:10965000086012E006E0052004F05AFCF7F700FA73
:1096600000B904E0DA480068B0F5967FF3DB00BF8C
:10967000D6480068401CD5490860D4480068FA28DC
:10968000E8DB9FEDD41A5FED5E0A14209FEDD20A4D
:10969000F9F726FD0020CD49086011E006E005201D
:1096A00004F036FCF7F7DCF900B903E0CB480068BA
:1096B0004028F4DC00BFC5480068401CC34908606E
:1096C000C248006840F226218842E7DB0020F9F713
:1096D00012FC0020BD4908601DE012E01420962114
:1096E00002224023CDE900210290BD4A11461E20EE
:1096F000FBF7D9FF052004F00BFCF7F7B1F900B92F
:1097000003E0B84800686428E8DC00BFAF480068A0
:10971000401CAE490860AD48006840F226218842EE
:10972000DBDB0020A94908601DE012E0142096212F
:1097300002224023CDE900210290A94A11461E20B1
:10974000FBF7B1FF052004F0E3FBF7F789F900B957
:1097500003E0A44800686428E8DB00BF9B48006879
:10976000401C9A4908609948006840F226218842C6
:10977000DBDB0020954908601DE012E014209621F3
:1097800002224023CDE900210290954A11461E2075
:10979000FBF7E2F8052004F0BBFBF7F761F900B92D
:1097A00003E0914800686E28E8DC00BF8748006845
:1097B000401C864908608548006840F2262188429E
:1097C000DBDB0020F9F797FB9FED881ADFED880AB5
:1097D00014209FED870AF9F783FC06E0052004F0CA
:1097E00097FBF7F73DF900B904E08248006810F1F3
:1097F000320FF3DB00BF9FED771ADFED7D0A2820E3
:109800009FED7B0AF9F76CFC0020704908601FE0AF
:1098100013E014204FF4AF7102222346CDE900215A
:109820000290002211462820FBF796F8052004F04C
:109830006FFBF7F715F900B904E06F480068B0F561
:10984000C87FE6DC00BF61480068401C5F490860D3
:109850005E48006840F226218842D9DB00205B493F
:1098600008601DE012E014204FF4AF71022223467D
:10987000CDE90021029000221146FBF76DF805208A
:1098800004F046FBF7F7ECF800B903E05A4800682B
:10989000DC28E8DC00BF4D480068401C4B490860EC
:1098A0004A48006840F226218842DBDB0020474915
:1098B00008601EE013E014204FF4AF71022223462B
:1098C000CDE900210290002211460820FBF744F860
:1098D000052004F01DFBF7F7C3F800B903E0464884
:1098E0000068A528E7DC00BF38480068401C3749FD
:1098F00008603648006840F226218842DADB002002
:10990000F9F7F9FA3EBD3EB504460D46B4202B49A1
:109910000860FA202A4908604FF4AF7029490860AE
:1099200029490860FA20354981F8330096203449E6
:109930000860832033490860FA2033490860892091
:1099400032490860962000EB440000EE900AF8EEE1
:10995000E00AB0EE600A9FED2E1AF1EE040A1E2016
:10996000F9F7BEFB00201949086011E006E001206C
:1099700004F0CEFAF7F774F800B903E0194800686C
:10998000A042F4DB00BF11480068401C0F4908608A
:109990000E4800686428E9DB4FF415700949086037
:1099A00009490860002035E0E8000020EC000020B4
:1099B000BC010020CC080020C5010020300300209D
:1099C00034030020FC02002008030020BC02002019
:1099D000BC000020CDCCCC3D0000E144A400002020
:1099E0007CFCFFFFA00000209C0000203333333FAD
:1099F0000000000070020020AC00002004000020E5
:109A00003C03002020030020400300202C03002002
:109A10009A99993EF74908601AE00FE00F209621C5
:109A200001222346CDE9002102900022114619208F
:109A3000FAF792FFF7F714F800B903E0EE48006870
:109A40001928EBDC00BFEB480068401CE9490860BE
:109A5000E8480068FA28E0DBFA20E84981F82F009E
:109A60000020E44908601AE00FE00F20962101224F
:109A70002346CDE900210290002211461420FAF776
:109A80006BFFF6F7EDFF00B903E0DB480068142830
:109A9000EBDC00BFD7480068401CD6490860D548B9
:109AA0000068FA28E0DB0020D249086023E00FE0DC
:109AB0000F20642101222346CDE9002102900022DB
:109AC00011460A20FAF748FFF6F7CAFF00B90CE082
:109AD0004FF48051CA4801F01BF8012805D18102DA
:109AE000C74801F015F80128E2D000BFC14800685E
:109AF000401CC0490860BF4800686428D7DB0020CC
:109B0000F9F7F9F94FF4FA6004F002FA0020B949C4
:109B1000086035E021E04FF40041B94800F0F8FF5B
:109B2000012805D108214FF46170F9F7CFFA0DE053
:109B30000821B34800F0ECFF012804D10821B14806
:109B4000F9F7C4FA02E00020F9F7D5F9012004F092
:109B5000DFF9F6F785FF00B90CE04FF40041A848A3
:109B600000F0D6FF0128D6D00821A54800F0D0FF8C
:109B70000128D0D000BF9F480068401C9D49086064
:109B80009C480068B0F5FA7FC4DB0020F9F7B3F910
:109B900000209A4981F833004FF4FA6004F0B8F9D4
:109BA0000020944908602EE021E04FF400419448E1
:109BB00000F0AEFF012805D108214FF46170F9F7DC
:109BC00085FA0DE008218E4800F0A2FF012804D19B
:109BD00008218C48F9F77AFA02E00020F9F78BF9AE
:109BE000012004F095F9F6F73BFF00B905E00221EA
:109BF000834800F08DFF0128D7D000BF7D48006862
:109C0000401C7C4908607B480068B0F5FA7FCBDBDC
:109C10000020F9F770F91E207B49086046207B4937
:109C2000086040F267207A4908607A4908604FF47A
:109C30007A6004F06DF91E20F9F75DF940F2832097
:109C4000734908604FF41D707249086000206B4929
:109C500081F82F0041F2883004F05AF91E2128467D
:109C6000F9F734FA00219FED6C0A4FF46670F9F7AA
:109C7000C8F9F8F702FB5020634908608220634965
:109C8000086010E0052004F043F9F6F7E9FE00B99A
:109C90000EE062480068B0F5E17F04DDFA205C491F
:109CA00008605C4908605D480068B0F5487FE9DB02
:109CB00000BF0A20F9F71FF99FED591ADFED590A85
:109CC00006209FED590AF9F70BFA00204949086070
:109CD0001AE006E0052004F01BF9F6F7C1FE00B912
:109CE0000CE04FF48071464800F012FF012805D1C6
:109CF0008021434800F00CFF0128EBD000BF3D4815
:109D00000068401C3B4908603A4800686428E0DB72
:109D100014203D4908602D203C490860F0203C4952
:109D200008603C4908600020F9F7E5F83EBD0EB533
:109D30000F20354908603C20344908604FF4827098
:109D400033490860334908604FF4FA6004F0E0F8E2
:109D50009FED331ADFED340A23209FED340AF9F723
:109D6000BFF900202349086011E006E0012004F05B
:109D7000CFF8F6F775FE00B903E01F480068D22857
:109D8000F4DC00BF1B480068401C1A4908601948F1
:109D90000068FA28E9DB00201649086011E006E0B7
:109DA000012004F0B5F8F6F75BFE00B903E02048A7
:109DB0000068AF28F4DC00BF0E480068401C0D4965
:109DC00008600C480068FA28E9DB002009490860AF
:109DD0003AE02FE00F20C8210222A423CDE9002180
:109DE0000290084A14320749FAF7B6FDF6F738FE32
:109DF00000BB23E0BC0200209C00002004000020E7
:109E0000001002407CFCFFFF3003002034030020E0
:109E1000FC020020080300209A99993F700200205C
:109E2000CDCC4C3E00006144000061C40080BBC446
:109E3000A0000020FB4800681228CBDC00BFFA48D5
:109E40000068401CF8490860F7480068FA28C0DB41
:109E50001420F9F750F80EBD0EB50F20F349086035
:109E60003C20F34908604FF48270F2490860F249DF
:109E700008604FF4FA6004F04BF81FED171A5FED1D
:109E8000160A23209FEDED0AF9F72AF90020E6498A
:109E9000086011E006E0012004F03AF8F6F7E0FD72
:109EA00000B903E0DF480068D228F4DC00BFDE48D8
:109EB0000068401CDC490860DB480068FA28E9DBE0
:109EC0000020D949086012E006E0012004F020F8E3
:109ED000F6F7C6FD00B904E0D9480068B0F5917FF7
:109EE000F3DC00BFD0480068401CCF490860CE4872
:109EF0000068FA28E8DB0020CB4908601BE010E08E
:109F00000F209621022240F20F13CDE9002102908A
:109F1000CC4ACC491439FAF71FFDF6F7A1FD00B978
:109F200003E0C04800681728EADC00BFBE480068AC
:109F3000401CBD490860BC480068FA28DFDB1420DB
:109F4000F8F7D9FF0EBD3EB50F20B84908603C2098
:109F5000B74908604FF48270B6490860B649086096
:109F60004FF4FA6003F0D4FF1FED531A5FED520A6D
:109F700023201FED530AF9F7B3F80020AA4908601F
:109F800011E006E0012003F0C3FFF6F769FD00B918
:109F900003E0A4480068D228F4DC00BFA2480068AF
:109FA000401CA1490860A0480068FA28E9DB0020AD
:109FB0009D4908601EE013E00F20A02102228423A7
:109FC000CDE9002102909F4A9E4914391E20FBF7DB
:109FD0006AFB012003F09CFFF6F742FD00B903E0A5
:109FE000904800682D28E7DC00BF8F480068401CBF
:109FF0008D4908608C480068FA28DCDB00208A491B
:10A0000008601AE00FE00F20A02102228423CDE98E
:10A01000002102908B4A8B491439FBF744FBF6F779
:10A020001FFD00B903E07F4800681528EBDC00BF86
:10A030007D480068401C7C4908607B480068FA281D
:10A04000E0DB0020784908601AE00FE00F20A02133
:10A0500002228423CDE9002102907A4A79491439F9
:10A06000FBF721FBF6F7FCFC00B903E06D48006844
:10A070001428EBDC00BF6C480068401C6A4908608B
:10A0800069480068FA28E0DB1420F8F734FFB420B0
:10A0900066490860FA206649086040F2B2206549C6
:10A0A00008606549086000205F49086012E006E02A
:10A0B000052003F02DFFF6F7D3FC00B904E0624859
:10A0C0000068B0F52B7FF3DD00BF57480068401CE7
:10A0D0005549086054480068FA28E8DB00205249D6
:10A0E00008601DE010E00F20962102228423CDE9B4
:10A0F00000210290534A534914390720FBF7D3FA41
:10A10000F6F7AEFC00B905E01021504800F000FD64
:10A110000128E8D000BF44480068401C424908605C
:10A1200041480068FA28DDDBF8F7A7F810E00F20B7
:10A13000962102228423CDE900210290414A41491F
:10A1400014390720FBF7AFFAF6F78AFC00B912E0E2
:10A15000F6F710FD0546F6F7E3FC041E01DB20468A
:10A1600000E06042002D01DB294600E0694208441E
:10A17000B0F5077FDBDB00BF1E20F8F7BCFE3EBD5D
:10A1800030B500201BE0002116E0002211E0AFF600
:10A19000696300EB801404EB44042D4D05EBC4040B
:10A1A00001EB810505EBC10504EB850444F8223081
:10A1B000521C0D2AEBDB491C1E29E6DB401C1E2825
:10A1C000E1DBAFF29544234BC3F80C42AFF2773496
:10A1D000C3F81042AFF29124C3F814421E4C1F4B37
:10A1E000C3F838441E4CC3F83C441B4CC3F84044ED
:10A1F0001C4C174BC3F8EC461B4CC3F8F046194CEB
:10A20000C3F8F446194CC3F8F846194CC3F8004794
:10A21000C3F80847174CC3F81047C3F81447C3F8EE
:10A22000184730BD9C000020BC02002030030020F5
:10A2300034030020FC0200200803002000C0A8C452
:10A24000A000002090FCFFFFB8000020001002409A
:10A25000CC080020BC4500205B6C0008AC820020CC
:10A26000396C0008754B00086D450008E955000879
:10A27000C9410008F54F000830B500201BE000215F
:10A2800016E0002211E0AFF6617300EB801404EBDE
:10A290004404C04D05EBC40401EB810505EBC10589
:10A2A00004EB850444F82230521C0D2AEBDB491CD8
:10A2B0001E29E6DB401C1E28E1DB30BD1CB546E054
:10A2C000AFF69D749DF802001E2807DA9DF8030082
:10A2D0001E2803DA9DF804000D2801DBA04736E0B4
:10A2E0009DF80100022802D003282CD115E09DF82A
:10A2F000020000EB801000EB4000A74901EBC0001A
:10A300009DF8031001EB810202EBC10100EB81001B
:10A310009DF8041050F8214016E09DF8020000EB73
:10A32000801000EB40009B4901EBC0009DF803103A
:10A3300001EB810202EBC10100EB81009DF80410EA
:10A3400050F8214000E000BF00BFA04700BF6846B2
:10A35000F7F7E0FC0028B3D1904908701CBD10B598
:10A36000044600BF80218E4802F08BFB0028F9D004
:10A3700021468B4802F0D5FA10BD38B505462A466D
:10A3800088A1684604F078FD6C4603E02078FFF76A
:10A39000E6FF641C20780028F8D138BD09E01120C0
:10A3A000F8F7C7F90121814802F090FA0F2003F075
:10A3B000AFFDF4E717E0F9F7E9F9F9F700FBF9F772
:10A3C000B4FB7B48006808B9F9F7B4FC7948006829
:10A3D00008B9F9F7FFFB7848006808B9F9F750FCAD
:10A3E000032003F095FDE6E702E0032003F090FD73
:10A3F000FBE704E0F9F739F9032003F089FDF9E7F9
:10A400001FB5F6F703FCF6F740FCF6F7ACFEF6F7DF
:10A4100081FFF7F773F8F6F7F8FFF7F7E7F8F6F7C5
:10A42000D5FC4FF4E130F7F7E2F94FF4E130F7F7FC
:10A430006BFA4FF4E130F7F7F4FA4FF4E130F7F745
:10A4400096FB4FF46120F7F7EAFCF8F702FB0020D7
:10A450005A490860F7F711FF002000900190029020
:10A4600003464FF4807256A103905A4803F011FB43
:10A47000002000900190029003464FF4807256A194
:10A4800003905A4803F005FB0020009001900290D1
:10A4900003464FF4807256A103905A4803F0F9FA2C
:10A4A0004FF47A7003F034FD2820574908603C20AF
:10A4B0005649086056480068564908605648006882
:10A4C0005649086064205649086056480068564955
:10A4D0000860FA20554908605548006855490860E9
:10A4E000FA20554908605548006855490860F7F753
:10A4F000C4FE2FE026E01E210720FEF76CF8FCF7D3
:10A500002FFAFCF7C3FAFCF7B7F9FEF746F84D4807
:10A51000007800F0020008B1FCF7B0FB02214A48C5
:10A5200000F0F6FA70B1FEF7FFFE4648407800F002
:10A53000200038B14348807920B14248C07908B939
:10A54000FFF744F83F48007800F001000028D2D11E
:10A55000F8F7D1FCCEE71FB50020009001900290E3
:10A5600003464FF4807239A103903B4803F091FAFF
:10A57000002000900190029003464FF4807237A1B2
:10A580000390394803F085FA03F09CFE002004B0E4
:10A5900010BD00009CBF0020CC080020C501002099
:10A5A00000100140253032582000000000480040D3
:10A5B000880300208C0300209003002084030020E7
:10A5C0007461736B526F626F74416E616C79746900
:10A5D00063730000F3A300087461736B44696575CD
:10A5E0004B6869656E436F4361750000E9A300081D
:10A5F0007461736B446965754B6869656E436F433D
:10A6000061753100B5A30008300300203403002039
:10A61000B8000020FC020020BC000020080300203D
:10A620003803002054010020140300203C030020C4
:10A630006801002020030020400300206C0100205E
:10A640002C030020BD060020000402407461736BDF
:10A650004D61696E0000000001A400087461736B15
:10A660004779726F000000009DA300080CB5002020
:10A67000019000907248006840F480307049086092
:10A6800000BF6F48006800F4003000900198401C43
:10A690000190009818B90198B0F5A06FF1D1684801
:10A6A000006800F4003010B10120009001E00020AB
:10A6B00000900098012846D161484030006840F081
:10A6C00080505F49403108605E48006840F4804037
:10A6D0005C4908605A4808300068594908310860E8
:10A6E0000846006840F4004008600846006840F4EE
:10A6F000A05008605448091F0860081F006840F017
:10A700008070091F086000BF4D48006800F00070AD
:10A710000028F9D040F205604C49086048480830EC
:10A72000006820F0030046490831086008460068C8
:10A7300040F00200086000BF41480830006800F0A7
:10A740000C000828F8D10CBD10B53D48006840F059
:10A7500001003B4908600020394908310860384849
:10A7600000683B490840364908603A48091D0860BE
:10A77000081F006820F48020091F0860002030496D
:10A780000C310860FFF772FF4FF00060324908603B
:10A7900010BD70B500200022022300240221284DA4
:10A7A00008352D6805F00C0020B1042806D00828D3
:10A7B00034D107E0294D2A4E356033E0294D284E2B
:10A7C00035602FE01E4D2D1D2D68C5F380541C4DA6
:10A7D0002D1D2D6805F03F0154B1224DB5FBF1F55B
:10A7E000174E361D3668C6F3881605FB06F209E0DB
:10A7F0001A4DB5FBF1F5124E361D3668C6F38816B4
:10A8000005FB06F20E4D2D1D2D68C5F301456D1C8F
:10A810006B00B2FBF3F5124E356003E00F4D104EA6
:10A82000356000BF00BF064D08352D68C5F3031520
:10A830000D4E705D0A4D2D68C540094E356070BDE6
:10A84000003802400070004008544007003C0240BD
:10A85000FFFFF6FE1030002408ED00E00024F400B5
:10A860000404002000127A000804002006488047F3
:10A8700006480047FEE7FEE7FEE7FEE7FEE7FEE7E5
:10A88000FEE7FEE7FEE7FEE749A7000889010008AA
:10A8900032490143324A1160704770B500210023EC
:10A8A0000F22C4781CB32E4C246804F4E064C4F571
:10A8B000E064C4F30721C1F10404E3B20A4144781F
:10A8C0009C40E1B28478144021430C07210E254CB2
:10A8D00005786155047804F01F050124AC40057823
:10A8E0006D11AD0005F1E025C5F8004109E00478DF
:10A8F00004F01F050124AC401B4D0678761145F885
:10A90000264070BD194A0A400243154B1B1F1A60AE
:10A91000704739B1124A121D12680243104B1B1DB9
:10A920001A6006E00E4A121D126882430C4B1B1D72
:10A930001A607047042808D14FF0E021096941F0FE
:10A9400004014FF0E022116107E04FF0E0210969B6
:10A9500021F004014FF0E022116170470000FA0578
:10A960000CED00E000E400E080E100E080FFFF1F6C
:10A9700010B504468C48844208D10121084600F0F5
:10A9800000FB0021012000F0FCFA5EE087488442D1
:10A9900008D10121022000F0F4FA0021022000F089
:10A9A000F0FA52E08248844208D10121042000F0EC
:10A9B000E8FA0021042000F0E4FA46E07D488442F1
:10A9C00008D10121082000F0DCFA0021082000F065
:10A9D000D8FA3AE07848844208D10121102000F0EA
:10A9E000D0FA0021102000F0CCFA2EE07348844207
:10A9F00008D10121202000F0C4FA0021202000F01D
:10AA0000C0FA22E06E48844208D10121402000F0C3
:10AA1000B8FA0021402000F0B4FA16E069488442F8
:10AA200008D10121802000F0ACFA0021802000F044
:10AA3000A8FA0AE06448844207D10121801500F099
:10AA4000A0FA0021A01500F09CFA10BDF0B50A464E
:10AA500000210023002400BF3DE0012505FA01F399
:10AA6000156805EA03049C4234D105684F000326AB
:10AA7000BE40B543056015794E00B54006683543C4
:10AA800005601579012D02D01579022D16D1856842
:10AA90004F000326BE40B543856055794E00B54052
:10AAA000866835438560456801268E40B54345601C
:10AAB000456896798E40B6B235434560C5684F000B
:10AAC0000326BE40B543C560D5794E00B540C66883
:10AAD0003543C560491C1029BFD3F0BD4FF6FF7147
:10AAE00001600021017141718171C171704708B528
:10AAF0004FF480320092009A0A430092009AC26199
:10AB0000C161009AC261C2690092C269009208BD27
:10AB10000246002013690B400BB1012000E0002029
:10AB200070470146086980B27047024600205369A9
:10AB30000B400BB1012000E000207047014648693E
:10AB400080B2704701837047418370470AB1018327
:10AB500000E0418370474161704742694A40426169
:10AB60007047F0B5002300244D07ED0E02FA05F3FF
:10AB7000CE1000F1200555F826504E07F70E0F268F
:10AB8000BE40B543CF1000F1200646F82750CE1046
:10AB900000F1200555F8265045EA0304CE1000F1D7
:10ABA000200545F82640F0BD0000024000040240A8
:10ABB00000080240000C0240001002400014024055
:10ABC00000180240001C024000200240FA480068C1
:10ABD00040F00100F84908600020F749083108609A
:10ABE000F5480068F5490840F3490860F448091D34
:10ABF0000860081F006820F48020091F08600020FA
:10AC0000ED490C31086070470021EB4A921C11702D
:10AC100011460870704710B501460022002300203D
:10AC20004A11012A02D1E44C236808E0022A03D128
:10AC3000E14C7034236802E0DF4C7434236801F087
:10AC40001F02012494401C400CB1012000E00020B0
:10AC500010BD38B5002000900024002500BF312031
:10AC6000FFF7D9FF05460098401C00900098B0F50A
:10AC7000A06F01D0002DF2D03120FFF7CCFF08B13A
:10AC8000012400E00024204638BD01460020CA4AC5
:10AC9000106820F0F80040EAC10010607047C94910
:10ACA000086070470021C44A703211701170012889
:10ACB00002D004280AD104E00121BF4A7032117089
:10ACC00005E00521BC4A7032117000E000BF00BFF2
:10ACD0007047BD490860704770B5049C41EA821511
:10ACE0000126C6EB530645EA0645054345EA0465D9
:10ACF000B14E361D356070BDB2490866704782019D
:10AD000042EA0172AC4B84331A607047AD498866E1
:10AD10007047AC49C864704702460020A64B083310
:10AD2000186820F0EC6042EA01031843A24B083394
:10AD300018607047024600209F4B0833186820F0C7
:10AD4000784042EA010318439B4B08331860704770
:10AD500001460020984A0832106820F0030008439A
:10AD60001060704794480830006800F00C0070478D
:10AD700001460020904A0832106820F0F000084395
:10AD800010607047014600208B4A0832106820F49A
:10AD9000E05008431060704701460020864A0832A0
:10ADA000106820F4604040EAC10010607047F0B5C0
:10ADB0000021002200240225002602237E4F0837AE
:10ADC0003F6807F00C0121B1042905D0082937D1CB
:10ADD00005E07E4F076036E07D4F076033E0764F39
:10ADE0003F1D3F68C7F38056734F3F1D3F6807F014
:10ADF0003F036EB1764FB7FBF3F7DFF8BCC10CF140
:10AE0000040CDCF800C0CCF3881C07FB0CF40CE04D
:10AE10006E4FB7FBF3F7DFF8A0C10CF1040CDCF8C0
:10AE200000C0CCF3881C07FB0CF4634F3F1D3F6848
:10AE3000C7F301477F1C7D00B4FBF5F7076002E014
:10AE4000624F076000BF00BF5B4F08373F6807F0E5
:10AE5000F00109095F4F7A5C0768D7404760564F99
:10AE600008373F6807F4E051890A5A4F7A5C47680F
:10AE7000D7408760504F08373F6807F46041490B5F
:10AE8000544F7A5C4768D740C760F0BD002100F49A
:10AE90004072B2F5407F0AD1474A0832116821F466
:10AEA000F8114D4A02401143434A08321160424AA8
:10AEB00070321268C0F30B031A433F4B70331A60B1
:10AEC000704741494439086070473F49403908603C
:10AED000704742490860704739B1374A30321268CA
:10AEE0000243354B30331A6006E0334A3032126881
:10AEF0008243314B30331A60704739B12E4A3432B5
:10AF0000126802432C4B34331A6006E02A4A34326A
:10AF100012688243284B34331A60704739B1264A8D
:10AF2000383212680243244B38331A6006E0224A52
:10AF3000383212688243204B38331A60704739B177
:10AF40001D4A4032126802431B4B40331A6006E030
:10AF5000194A403212688243174B40331A607047D7
:10AF600039B1154A443212680243134B44331A6014
:10AF700006E0114A4432126882430F4B44331A6090
:10AF8000704739B10C4A1032126802430A4B103331
:10AF90001A6006E0084A103212688243064B1033EA
:10AFA0001A607047E1B1044A143212680243024B3E
:10AFB00014331A6019E0000000380240FFFFF6FE6B
:10AFC0001030002400004742800E47420024F40065
:10AFD00000127A0018040020FFFCFF0F5C014742BA
:10AFE0005B4A126882435A4B1A60704739B1584A1B
:10AFF000121D12680243564B1B1D1A6006E0544A8C
:10B00000121D12688243524B1B1D1A60704739B1E2
:10B010004F4A0C32126802434D4B0C331A6006E063
:10B020004B4A0C3212688243494B0C331A6070470A
:10B0300039B1474A103212680243454B10331A6047
:10B0400006E0434A103212688243414B10331A60C3
:10B05000704739B13E4A3C32126802433C4B3C33A4
:10B060001A6006E03A4A3C3212688243384B3C335D
:10B070001A60704739B1364A403212680243344B85
:10B0800040331A6006E0324A403212688243304B45
:10B0900040331A60704739B12D4A44321268024376
:10B0A0002B4B44331A6006E0294A4432126882432B
:10B0B000274B44331A60704739B1254A4C32126825
:10B0C0000243234B4C331A6006E0214A4C3212688B
:10B0D00082431F4B4C331A60704739B11C4A5032BF
:10B0E000126802431A4B50331A6006E0184A503275
:10B0F00012688243164B50331A60704739B1144AB4
:10B10000D21F12780243124BDB1F1A7006E0104A5E
:10B11000D21F127882430E4BDB1F1A7070470C4807
:10B120006030006840F08070094960310860704705
:10B1300001460020064A083A12680A400AB1012076
:10B1400000E0002070470249891F08707047000026
:10B150001438024010B501210802FFF769FF0021F1
:10B160004FF48070FFF764FF10BD30B50246002039
:10B1700000235068F84C20400D790C6844EA0524FF
:10B18000204350609068F54C2040D1E903542C4393
:10B190008D682C434D7944EA450420439060D06A81
:10B1A00020F470000C7D641EE4B2234340EA035097
:10B1B000D06230BD00210160017141718160C160C8
:10B1C00001610121017570470021E54A1168E54AD6
:10B1D0001140D0E900231A4383681A43C3681A4315
:10B1E0001143E14AC2F80413704700210160416035
:10B1F0008160C160704721B1826842F001028260C3
:10B2000003E0826822F00102826070470A46002152
:10B210004168D64B194011434160704741628262D8
:10B2200070470A460021416821F01F011143416027
:10B23000704738B1CA49096841F40001CA4AC2F8E6
:10B24000041306E0C649096821F40001C64AC2F8A1
:10B250000413704738B1C249096841F48001C24AF9
:10B26000C2F8041306E0BE49096821F48001BE4A11
:10B27000C2F804137047F0B504460D4600200021C3
:10B28000092D11DDE068A5F10A0606EB4607072641
:10B2900006FA07F18843A5F10A0606EB460603FA0B
:10B2A00006F10843E0600CE0206905EB450707263E
:10B2B00006FA07F1884305EB450603FA06F1084351
:10B2C0002061072A0FDA606B561E06EB86071F26E1
:10B2D00006FA07F18843561E06EB860605FA06F1C4
:10B2E0000843606322E00D2A0FDA206BD61F06EBBD
:10B2F00086071F2606FA07F18843D61F06EB860647
:10B3000005FA06F10843206310E0E06AA2F10D0699
:10B3100006EB86071F2606FA07F18843A2F10D0601
:10B3200006EB860605FA06F10843E062F0BD816887
:10B3300041F0804181607047014600208A6802F434
:10B3400080020AB1012000E00020704721B182682C
:10B3500042F48062826003E0826822F4806282604C
:10B36000704721B1826842F00202826003E0826885
:10B3700022F002028260704710B50A4600210023C5
:10B38000416821F46041531E41EA4331416010BDE0
:10B3900021B1426842F40062426003E0426822F454
:10B3A0000062426070470146C86C80B270476C48CA
:10B3B000001D0068704721B1826842F4807282608B
:10B3C00003E0826822F480728260704721B1826853
:10B3D00042F40072826003E0826822F400728260AC
:10B3E000704738B15E49096841F400515E4AC2F8BD
:10B3F000041306E05A49096821F400515A4AC2F878
:10B4000004137047F0B504461546002000220026BC
:10B41000092911DDE068A1F10A0707EB470C0727AE
:10B4200007FA0CF29043A1F10A0707EB470703FA6A
:10B4300007F21043E0600CE0206901EB410C0727A4
:10B4400007FA0CF2904301EB410703FA07F21043AD
:10B450002061A06BC0F30156EF1C06F1010CA7EBB5
:10B460000C0707EB870C1F2707FA0CF29043EF1C21
:10B4700006F1010CA7EB0C0707EB870701FA07F2AF
:10B480001043A063F0BD10B50A4600210023816B74
:10B4900021F44011531E41EA0351816310BD08B5E8
:10B4A000002300930090009B0B440093009B1A60C4
:10B4B00008BD0A460021816821F470211143816092
:10B4C00070470A460021816821F4401111438160D0
:10B4D0007047816841F48001816070470146002017
:10B4E0008A6802F480020AB1012000E0002070475F
:10B4F00021B1426842F48062426003E0426822F473
:10B5000080624260704721B1426842F480524260DA
:10B5100003E0426822F480524260704708B5024658
:10B5200000200090009201F12800009B1844009038
:10B530000098006880B208BD10B50B460021D9B252
:10B54000012404FA01F11AB144680C43446002E09A
:10B5500044688C43446010BDFFFEFFFCFDF7FFC054
:10B5600004230140E030FCFF00200140FFFD3FFFCD
:10B570000246002013680B400BB1012000E00020C0
:10B580007047CA430260704770B50246002000232E
:10B5900000240B12556801268E4005EA0604156842
:10B5A0001D4015B10CB1012000E0002070BD00224B
:10B5B0000A12D34303607047016821F00101016062
:10B5C0000021016041608160C16001612121416110
:10B5D000DB49884204D13D21D94A103A91608CE080
:10B5E000D7491831884205D14FF47461D44A103AD2
:10B5F000916082E0D2493031884205D14FF4741114
:10B60000CF4A103A916078E0CD494831884205D15F
:10B610004FF07461CA4A103A91606EE0C8496031D7
:10B62000884204D1C749C64A103AD16065E0C4498E
:10B630007831884204D1C449C14A103AD1605CE0F3
:10B64000BF499031884204D1C049BD4A103AD16007
:10B6500053E0BB49A831884205D14FF03D51B84A6B
:10B66000103AD16049E0BA49884204D13D21B84A34
:10B67000083A116041E0B6491831884205D14FF4CB
:10B680007461B34A083A116037E0B14930318842F9
:10B6900005D14FF47411AE4A083A11602DE0AC495F
:10B6A0004831884205D14FF07461A94A083A1160C7
:10B6B00023E0A7496031884204D1A249A44A121F5D
:10B6C00011601AE0A2497831884204D19E49A04A0B
:10B6D000121F116011E09E499031884204D19B49AC
:10B6E0009B4A121F116008E09949A831884204D191
:10B6F0004FF03D51964A121F1160704710B500225D
:10B700000268944B1A40CC680B6823434C6923436E
:10B710008C692343CC6923430C6A23434C6A23433B
:10B720008C6A23434C6B23438C6B23431A43026084
:10B73000426922F00702D1E90B3423431A434261E4
:10B740000B6943604B6883608B68C36010BD002148
:10B75000016041608160C160016141618161C161DD
:10B76000016241628162C16201634163816370472A
:10B7700021B1026842F00102026003E0026822F097
:10B7800001020260704721B1026842F40042026087
:10B7900003E0026822F400420260704721B10268AF
:10B7A00042F02002026003E0026822F02002026000
:10B7B0007047416070470146486880B2704722B1C7
:10B7C000036843F40023036003E0036823F40023C9
:10B7D00003600161704721B1026842F48022026077
:10B7E00003E0026822F48022026070470AB101611E
:10B7F00000E0C1607047014600200A6802F40022A0
:10B800000AB1012000E000207047014600200A68CC
:10B8100002F001020AB1012000E000207047014659
:10B8200000204A6902F03800704730B503460A46E6
:10B8300000200024464DAB4202D24149103901E0BC
:10B840004349103902F000550DB14C6800E00C6816
:10B85000414D2C4004EA02050DB1012000E000201A
:10B8600030BD02463A4B9A4202D23548103801E0C8
:10B870003748103801F000531BB1374B0B40C36001
:10B8800002E0354B0B408360704710B501F0800338
:10B890004BB122B1436943F08003436103E0436944
:10B8A00023F08003436180290BD02AB1036801F0A3
:10B8B0001E042343036004E0036801F01E04A34355
:10B8C000036010BD70B50246002000240025204E04
:10B8D000B24202D21A4B103B01E01D4B103B1F4EEF
:10B8E0000E4036B11E2606EAD124166806EA040583
:10B8F00002E0566906F0800501F000560EB15C6862
:10B9000000E01C68144E344004EA010616B10DB183
:10B91000012000E0002070BD02460D4B9A4202D289
:10B920000748103801E00A48103801F000531BB1F5
:10B93000094B0B40C36002E0074B0B40836070472C
:10B94000106002403D000020400F002000003D201C
:10B95000106402403F801CF07D0F7D0F3C0F3C0FB8
:10B96000002044490860091D0860091D0860091D80
:10B97000086041483F4914310860704700213D4943
:10B980008279002A3AD00A46126803689A430B4625
:10B990001A600A1D126803689A430B1D1A60027927
:10B9A00011440A6803681A430A60324A083212686E
:10B9B00003689A432F4B08331A601A1D12680368F4
:10B9C0009A432C4B0C331A604279102A0ED11A1F5D
:10B9D000126803681A43274B08331A601A1D12684D
:10B9E00003681A43234B0C331A600DE02149427956
:10B9F00011440A6803681A430A6005E00279114499
:10BA00000A6803689A430A60704700210160017167
:10BA10000C2141710021817170471649103109686C
:10BA20000143144A10321160704701460020114A48
:10BA3000143212680A400AB1012000E00020704769
:10BA40000C49143108607047014600200022094B60
:10BA50001B6803EA0102074B14331B680B4013B148
:10BA60000AB1012000E0002070470249143108604B
:10BA700070470000003C0140FFFF7F0010B5044606
:10BA8000FE48844208D101210846FFF7D1FA00217F
:10BA90000120FFF7CDFA9DE0B4F1804F08D10121DC
:10BAA0000846FFF7B4FA00210120FFF7B0FA91E051
:10BAB000F348844208D101210220FFF7A8FA0021AF
:10BAC0000220FFF7A4FA85E0EE48844208D1012164
:10BAD0000420FFF79CFA00210420FFF798FA79E090
:10BAE000E948844208D101210820FFF790FA00219B
:10BAF0000820FFF78CFA6DE0E448844208D1012168
:10BB00001020FFF784FA00211020FFF780FA61E08F
:10BB1000DF48844208D101212020FFF778FA002174
:10BB20002020FFF774FA55E0DA48844208D1012159
:10BB30000220FFF77DFA00210220FFF779FA49E0A1
:10BB4000D548844209D101210804FFF771FA002188
:10BB50004FF48030FFF76CFA3CE0D048844209D1C2
:10BB600001214804FFF764FA00214FF40030FFF789
:10BB70005FFA2FE0CA48844209D101218804FFF707
:10BB800057FA00214FF48020FFF752FA22E0C5480F
:10BB9000844208D101214020FFF739FA00214020DA
:10BBA000FFF735FA16E0C048844208D10121802011
:10BBB000FFF72DFA00218020FFF729FA0AE0BB48A1
:10BBC000844207D101218015FFF721FA0021A01539
:10BBD000FFF71DFA10BD00220288A84B98420ED034
:10BBE000AC4B98420BD0B0F1804F08D0A44B984298
:10BBF00005D0A44B984202D0A34B984204D14FF6F3
:10BC00008F731A404B881A43A04B984207D0A04B21
:10BC1000984204D04FF6FF431A400B891A43028022
:10BC20004B68C3620B880385944B984202D0994BB2
:10BC3000984201D18B7A03860123838270474FF0AB
:10BC4000FF31416000210180018141808172704794
:10BC50000185828270470A46002101884FF68F7362
:10BC6000194011430180704741627047C1627047BB
:10BC70000146486A70470146088D704721B1028825
:10BC800042F00202028004E002884FF6FD731A407F
:10BC90000280704721B1028842F00402028004E071
:10BCA00002884FF6FB731A400280704721B1028868
:10BCB00042F08002028004E002884FF67F731A404F
:10BCC0000280704702884FF6F7731A40028002889C
:10BCD0000A430280704702884FF6FF431A400280F1
:10BCE00002880A430280704721B1028842F00102B3
:10BCF000028004E002884FF6FE731A40028070470B
:10BD000070B5002400220023058C4FF6FE763540E6
:10BD10000584028C8388048B4FF68F752C40B51EEA
:10BD20002C400D882C43751E2A408D892A434D884E
:10BD30002A43524DA84202D0564DA84213D14FF685
:10BD4000F7752A40CD892A434FF6FB752A408D8826
:10BD50002A434FF6FF652B404FF6FF552B400D8AC7
:10BD60002B434D8A2B43838004838D684563028473
:10BD700070BD70B5002400220023058C4FF6EF76CD
:10BD800035400584028C8388048B48F6FF752C406F
:10BD90004FF6FF452C400D884FF6FF7606EA052545
:10BDA0002C434FF6DF752A408D8906EA05152A4394
:10BDB0004D8806EA05152A43304DA84202D0354D7C
:10BDC000A8421DD14FF67F752A40CD894FF6FF76E8
:10BDD00006EA05152A434FF6BF752A408D8806EA04
:10BDE00005152A434FF6FF352B404FF2FF752B40C8
:10BDF0000D8A06EA85052B434D8A06EA85052B4305
:10BE0000838004838D688563028470BD70B50024CF
:10BE100000220023058C4FF6FF6635400584028C16
:10BE20008388848B4FF68F752C404FF6FC752C4021
:10BE30000D882C434FF6FF552A408D894FF6FF762B
:10BE400006EA05252A434D8806EA05252A430B4DB7
:10BE5000A84202D00F4DA84238D14FF2FF752A40B8
:10BE6000CD894FF6FF7606EA05252A434FF6FF35C2
:10BE70002A408D8806EA05252A4319E00000014082
:10BE80000004004000080040000C0040001000408A
:10BE90000014004000040140004001400044014003
:10BEA0000048014000180040001C004000200040F5
:10BEB0004EF6FF752B404DF6FF752B400D8A06EAB6
:10BEC00005152B434D8A06EA05152B438380848391
:10BED0008D68C563028470BD70B500220023002404
:10BEE000058C4EF6FF7635400584038C8488828B62
:10BEF00048F6FF752A404FF6FF452A400D884FF659
:10BF0000FF7606EA05252A434DF6FF752B408D89FD
:10BF100006EA05352B434D8806EA05352B43FE4DD1
:10BF2000A84202D0FD4DA84208D14BF6FF752C4027
:10BF30000D8A4FF6FF7606EA85152C4384808283AE
:10BF40008D680564038470BD00210180418081807B
:10BF500081608181C18101824182704770B5034651
:10BF6000002000241846183001258D40ACB21D8CED
:10BF7000A5431D8409B108290AD100EB61000568B9
:10BF80004FF68F76354005600568154305600FE074
:10BF90000D1FC5F34E052844056848F6FF76354069
:10BFA000056005684FF6FF7606EA02263543056010
:10BFB00070BD4163704781637047C163704701641E
:10BFC00070470A460021018B4FF68F7319401143C9
:10BFD000018370470A460021018B48F6FF73194020
:10BFE0004FF6FF7303EA02231943018370470A46A1
:10BFF0000021818B4FF68F73194011438183704765
:10C000000A460021818B48F6FF7319404FF6FF73F3
:10C0100003EA02231943818370470A460021018BFA
:10C020004FF6F77319401143018370470A46002108
:10C03000018B4FF2FF7319404FF6FF7303EA02239F
:10C040001943018370470A460021818B4FF6F7732D
:10C0500019401143818370470A460021818B4FF2BA
:10C06000FF7319404FF6FF7303EA022319438183DC
:10C0700070470A460021018B4FF6FB7319401143AC
:10C08000018370470A460021018B4FF6FF331940A8
:10C090004FF6FF7303EA02231943018370470A46F0
:10C0A0000021818B4FF6FB73194011438183704748
:10C0B0000A460021818B4FF6FF3319404FF6FF737C
:10C0C00003EA02231943818370470A460021018B4A
:10C0D0004FF67F7319401143018370470A460021D0
:10C0E000018BC1F30E014FF6FF7303EA02231943DC
:10C0F000018370470A460021818B4FF67F731940F8
:10C100001143818370470A460021818BC1F30E01E0
:10C110004FF6FF7303EA02231943818370470A46EF
:10C120000021018C4FF6FD731940114301847047C3
:10C130000A460021018C4FF6F77319401143018420
:10C1400070470A460021018C4FF6DF7319404FF605
:10C15000FF7303EA02131943018470470A46002162
:10C16000018C4FF67F7319404FF6FF7303EA0213F9
:10C170001943018470470A460021018C4FF6FF5392
:10C1800019404FF6FF7303EA0223194301847047F5
:10C190000A460021018C4FF2FF7319404FF6FF73DE
:10C1A00003EA02231943018470470A460021018CE7
:10C1B0004DF6FF7319404FF6FF7303EA023319433C
:10C1C0000184704730B5002301248C40A3B2048C55
:10C1D0009C430484048C02FA01F5ADB22C43048420
:10C1E00030BD30B5002304248C40A3B2048C9C43A2
:10C1F0000484048C02FA01F5ADB22C43048430BDF2
:10C20000828B4FF2FF331A408283828B4FF6FF738B
:10C2100003EA01231A4382837047F0B50C461546A2
:10C22000002100220026078C4EF6FF7C07EA0C074F
:10C230000784818B028C4FF6FF7707EA043640F6BD
:10C24000FF4739404FF6FF7707EA052739434FF696
:10C25000FF7707EA0337394345F6FF773A4046F45C
:10C2600080573A4381830284F0BD828B4FF6F3738B
:10C270001A408283828B0A4382837047F0B50C4652
:10C280001546002100220026078C4FF6FF6C07EAB6
:10C290000C070784818B028C4FF6FF7707EA042690
:10C2A0004FF60C7739404FF6FF7707EA03172F4315
:10C2B00039434FF2FF573A4046F480773A4381833F
:10C2C0000284F0BD028B4FF2FF331A400283028BCF
:10C2D0004FF6FF7303EA01231A4302837047F0B558
:10C2E0000C461546002100220026078C4FF6EF7CF5
:10C2F00007EA0C070784018B028C4FF6FF7707EAE9
:10C30000041640F6FF4739404FF6FF7707EA033738
:10C3100039434FF6FF7703E000000140000401407D
:10C3200007EA052739434FF65F773A4046F0100792
:10C330003A4301830284F0BD028B4FF6F3731A4037
:10C340000283028B0A4302837047F0B50C46154600
:10C3500000210022068C4FF6FE773E400684018BBA
:10C36000028C4FF60C7631407E1C06EA03162E43F3
:10C3700031434FF6F576324044F0010632430183F3
:10C380000284F0BD70B505460C46208850B923895B
:10C39000A28861882846FFF7D8FFE1882846FFF782
:10C3A000CBFF25E0208804280AD12389A288618850
:10C3B0002846FFF794FFE1882846FFF783FF17E040
:10C3C000208808280AD12389A28861882846FFF797
:10C3D00055FFE1882846FFF748FF09E02389A28836
:10C3E00061882846FFF719FFE1882846FFF708FF14
:10C3F00070BD002101804180012181800021C18028
:10C40000018170472DE9F04105460C4600260127C1
:10C41000608808B9022600E00026A088012801D122
:10C42000022700E001272088A0B92389A28861881B
:10C430002846FFF78AFFE1882846FFF77DFF23891A
:10C440003A4631462846FFF74AFFE1882846FFF77B
:10C4500039FF13E02389A28861882846FFF73FFF50
:10C46000E1882846FFF72EFF23893A4631462846C1
:10C47000FFF76BFFE1882846FFF75EFFBDE8F0811C
:10C480000146486B70470146886B70470146C86B90
:10C4900070470146086C70470A884B881A438B889E
:10C4A0001A43CB881A430B891A434B891A438B8949
:10C4B0001A43A0F844207047002101804180818008
:10C4C000C180018141818181704731B1B0F8442040
:10C4D00042F40042A0F8442005E0B0F84420C2F342
:10C4E0000E02A0F84420704721B1828842F0040275
:10C4F000828004E082884FF6FB731A408280704786
:10C5000021B1828842F00102828004E082884FF6E5
:10C51000FE731A40828070471AB183890B4383816E
:10C5200002E083898B438381704781827047024692
:10C530000020138A0B400BB1012000E0002070475F
:10C54000CA430282704730B502460020002300240F
:10C55000158A05EA0103958905EA010413B10CB1B6
:10C56000012000E0002030BDCA430282704741EA4A
:10C570000203A0F8483070471AB183890B438381C6
:10C5800002E083898B438381704721B1828842F026
:10C590000802828004E082884FF6F7731A40828096
:10C5A000704701894FF6F8721140018170470A46C1
:10C5B000002101894FF68F731940114301817047A3
:10C5C00030B504460D4629462046FFF7F0FF208986
:10C5D00040F00700208130BD2DE9F04104460D46B2
:10C5E00016461F46602D06D13B46012231462046A5
:10C5F000FFF775FE05E03B46012231462046FFF776
:10C60000A4FE29462046FFF7D2FF208940F007000C
:10C610002081BDE8F08130B50C4600210189C9B206
:10C620004FF6FF7505EA032515432543294301818C
:10C6300030BD2DE9F04105460E46174698460024C8
:10C6400043463A4631462846FFF7E5FF2C894FF628
:10C65000F870044044F007044FF68F70044044F033
:10C6600070042C81BDE8F081F0B504460D461646F5
:10C670001F463B46324629462046FFF7CCFF20891D
:10C6800040F480402081F0BD82884FF68F731A40BD
:10C69000828082880A438280704702894FF6F8734D
:10C6A0001A40028102890A430281704702894FF6CB
:10C6B0007F731A40028102890A4302817047F0B5F4
:10C6C0000C4615461E460021002200230189028BDC
:10C6D000038C4FF6F877394021434FF6FC473A4038
:10C6E00040F201173A434FF6DD773B404FF6FF77B4
:10C6F00007EA06172F433B43018102830384F0BD01
:10C7000021B1828842F08002828004E082884FF664
:10C710007F731A4082807047A0F850107047000065
:10C7200010B50446F748844208D101211020FEF7D5
:10C730007FFC00211020FEF77BFC3EE0F2488442A3
:10C7400009D101214804FEF762FC00214FF40030BA
:10C75000FEF75DFC31E0ED48844209D101218804F7
:10C76000FEF755FC00214FF48020FEF750FC24E03A
:10C77000E748844209D10121C804FEF748FC0021A2
:10C780004FF40020FEF743FC17E0E248844209D151
:10C7900001210805FEF73BFC00214FF48010FEF755
:10C7A00036FC0AE0DC48844207D101212020FEF754
:10C7B0003FFC00212020FEF73BFC10BD2DE9FF4788
:10C7C00005460E460024A14600BFA046B08900B130
:10C7D00000BF2C8A24F44054F08804432C82AC8996
:10C7E00041F20C608443B088318908437189084361
:10C7F0000443AC81AC8A24F44074B0890443AC8215
:10C800006846FEF7D4FABF48854202D0C248854246
:10C8100002D1DDF80C9001E0DDF80890A88900F461
:10C82000004040B109EBC90000EB09103168490034
:10C83000B0FBF1F707E009EBC90000EB0910316824
:10C840008900B0FBF1F76420B7FBF0F00401200988
:10C85000642101FB1078A88900F4004040B1322027
:10C8600000EBC800B0FBF1F000F00700044308E063
:10C87000322000EB08106421B0FBF1F000F00F0053
:10C8800004432C81BDE8FF874FF41651016000215D
:10C890008180C18001810C2141810021818170470B
:10C8A00010B502460020108A20F470600B884C8876
:10C8B00023438C882343CC8823431843108210BD24
:10C8C0000021018041808180C180704721B182892F
:10C8D00042F40052828104E082894DF6FF731A40CF
:10C8E00082817047028B02F47F420283028B0A43EB
:10C8F0000283704721B1828942F40042828103E0C1
:10C900008289C2F30E028281704721B1828A42F489
:10C910000062828204E0828A4FF2FF731A408282B0
:10C920007047C1F308028280704701468888C0F3CF
:10C9300008007047028A4FF6F0731A400282028A9A
:10C940000A430282704721B1828942F00202828149
:10C9500004E082894FF6FD731A4082817047828914
:10C960004FF2FF731A40828182890A4382817047A5
:10C97000028A4FF6DF731A400282028A0A43028259
:10C98000704721B1028A42F48042028204E0028AA6
:10C990004BF6FF731A4002827047818941F0010112
:10C9A0008181704721B1828A42F00802828204E0CC
:10C9B000828A4FF6F7731A4082827047028BD2B296
:10C9C0000283028B42EA01220283704721B1828AEC
:10C9D00042F02002828204E0828A4FF6DF731A401E
:10C9E0008282704721B1828A42F01002828204E082
:10C9F000828A4FF6EF731A4082827047828A4FF61E
:10CA0000FB731A408282828A0A438282704721B174
:10CA1000828A42F00202828204E0828A4FF6FD732B
:10CA20001A40828270471AB1838A0B43838202E0E4
:10CA3000838A8B4383827047F0B503460024002627
:10CA40000025002040F66A17B94200D100BF184601
:10CA5000C1F3421401F01F06012707FA06F5012C65
:10CA600001D10C3004E0022C01D1103000E0143070
:10CA70001AB107682F43076002E00768AF430760F9
:10CA8000F0BD02460020B1F5007F00D100BF138841
:10CA90000B400BB1012000E00020704701F4007250
:10CAA000B2F5007F00D100BFCA430280704770B565
:10CAB0000246002400230025002040F66A16B142F9
:10CAC00000D100BFC1F3421501F01F03012606FA91
:10CAD00003F3012D02D19689334006E0022D02D1E5
:10CAE000168A334001E0968A33400C12012606FA7A
:10CAF00004F41688344013B10CB1012000E000208A
:10CB000070BD00000010014000440040004800409B
:10CB1000004C0040005000400014014010B50022BD
:10CB2000002340F66A14A14200D100BF0A1201247A
:10CB30009440A3B2DC43048010BD000010B5012175
:10CB40008803FEF775FA00214FF48040FEF770FA73
:10CB500010BD1A490860704730B500228B071C0FC2
:10CB60000F2303FA04F2154B08338C1053F82430CA
:10CB70009343124C08348D1044F8253023468C1012
:10CB800053F824308C07240F00FA04F423430B4C91
:10CB900008348D1044F8253030BD094908607047CD
:10CBA000084908607047002004492031096801F4F1
:10CBB000807109B1012000E0002070470038014079
:10CBC000DC0027420004274200F1080141604FF0D9
:10CBD000FF31816000F10801C16001610021016045
:10CBE0007047002101617047426853684B60436899
:10CBF0008B605368996051604160086103685B1CF9
:10CC00000360704710B502460B685C1C0CB91069D4
:10CC100007E002F1080000E04068446824689C4294
:10CC2000FAD944684C604C68A160886041600A6130
:10CC30001468641C146010BD0146D1E9013098608D
:10CC4000D1E9010358600A695068884201D18868B7
:10CC50005060002008611068401E10601068704726
:10CC600070B504460D461CB9F3F7E2FA00BFFEE7C3
:10CC700000F0F3FDD4E90F12206801FB02006060B0
:10CC80000020A0632068A060E06B401E226C216839
:10CC900000FB0210E0604FF0FF306064A06475B9E3
:10CCA000206908B9012000E0002080B904F11000DB
:10CCB00001F02AFC01280AD100F0C9FD07E004F1C7
:10CCC0001000FFF781FF04F12400FFF77DFF00F063
:10CCD000CDFD012070BD2DE9F04705460E461746F3
:10CCE0004FF00009DDB1502000F0E4FD0446B4B17E
:10CCF00005FB06F000F10108404600F0DBFD206076
:10CD0000206848B1E563266401212046FFF7A8FFAB
:10CD100084F84D70A14602E0204600F02CFEB9F1E7
:10CD2000000F03D1F3F784FA00BFFEE74846BDE8E1
:10CD3000F08710B5044600F090FD11E0606A08B974
:10CD4000012000E0002050B904F1240001F0DCFBD8
:10CD500008B101F054FCA06C401EA06400E002E0A9
:10CD6000A06C0028EADC00BF4FF0FF30A06400F0A8
:10CD70007DFD00F072FD11E0206908B9012000E09E
:10CD8000002050B904F1100001F0BEFB08B101F021
:10CD900036FC606C401E606400E002E0606C0028BD
:10CDA000EADC00BF4FF0FF30606400F05FFD10BDB3
:10CDB00070B5044600F051FDA06BE16B884201D1D3
:10CDC000012000E00020054600F050FD284670BD1F
:10CDD00070B504460E461546206C38B9206838BB3D
:10CDE000606801F09BFC0020606021E07DB9314665
:10CDF000226CA06801F0BCFC216CA0680844A06013
:10CE0000D4E90110884213D32068A06010E03146B5
:10CE1000226CE06801F0ACFC216CE068401AE06034
:10CE20002168E068884203D2216C6068401AE060A3
:10CE3000A06B401CA06370BDFFB583B004460D46D7
:10CE40001E4600271CB9F3F7F3F900BFFEE70DB942
:10CE5000206C08B9012000E0002018B9F3F7E8F9C8
:10CE600000BFFEE700BF00F0F8FCA06BE16B88425A
:10CE700017D2324629462046FFF7AAFF606A08B952
:10CE8000012000E0002038B904F1240001F03CFB4F
:10CE9000012801D100F0DBFC00F0E8FC012007B024
:10CEA000F0BD059818B900F0E1FC0020F7E71FB9C4
:10CEB00001A801F05EFB012700F0D8FC00F0DEFFC6
:10CEC00000F0CBFC606C401C08B900206064A06CD2
:10CED000401C08B90020A06400F0C8FC05A901A806
:10CEE00001F055FBC0B92046FFF762FF70B104F1B5
:10CEF0001000059901F0CBFA2046FFF71AFF00F069
:10CF00000DFF0028AFD100F0A2FCACE72046FFF7F0
:10CF100010FF00F003FFA6E72046FFF70AFF00F02E
:10CF2000FDFE0020BBE770B50546502000F0C2FCB6
:10CF30000446E4B1002060602060A060E060A0636F
:10CF40000120E06300202064401E6064A06484F837
:10CF50004D5004F11000FFF737FE04F12400FFF7F5
:10CF600033FE00231A4619462046FFF765FF1CB919
:10CF7000F3F75EF900BFFEE7204670BD70B50446CA
:10CF80001CB9F3F755F900BFFEE701F047FB6168F4
:10CF900088420CD1E068401EE060E06828B90023B8
:10CFA0001A4619462046FFF747FF012500E00025F5
:10CFB000284670BD70B5044600F04FFCA06B08B960
:10CFC000012000E00020054600F050FC284670BD1E
:10CFD00070B504460D46206870B1216CE0680844C5
:10CFE000E0606168E068884201D32068E06028461C
:10CFF000226CE16801F0BCFB70BD2DE9FF4182B0FD
:10D0000004460D461E464FF000081CB9F3F710F910
:10D0100000BFFEE70DB9206C08B9012000E0002038
:10D0200018B9F3F705F900BFFEE700BF00F015FCE3
:10D03000A06B80B3E76829462046FFF7C9FFB6B961
:10D04000A06B401EA063206810B901F0E7FA606091
:10D05000206908B9012000E00020B0B904F11000F7
:10D0600001F052FA012810D100F0F1FB0DE0E76069
:10D07000606A08B9012000E0002030B904F1240002
:10D0800001F042FA08B100F0E2FB00F0EFFB0120F2
:10D0900006B0BDE8F081FFE7049818B900F0E6FBA0
:10D0A0000020F5E7B8F1000F04D1684601F061FAFD
:10D0B0004FF0010800F0DAFB00F0E0FE00F0CDFBDD
:10D0C000606C401C08B900206064A06C401C08B96A
:10D0D0000020A06400F0CAFB04A9684601F057FADA
:10D0E00008BB2046FFF766FFB8B1206830B900F0F2
:10D0F000B4FB606801F0A1FA00F0B8FB04F1240071
:10D10000049901F0C4F92046FFF713FE00F006FE73
:10D1100000288BD100F09BFB88E72046FFF709FE33
:10D1200000F0FCFD82E72046FFF703FE00F0F6FD6D
:10D130000020ADE770B504460E461CB9F3F778F849
:10D1400000BFFEE701F06AFA6168884204D1E06836
:10D15000401CE06001250BE00023324619462046C2
:10D16000FFF74BFF0546012D02D1E068401CE0604F
:10D17000284670BD70B506460D4602220021304695
:10D18000FFF7A9FD044604B1A5631CB9F3F750F8F5
:10D1900000BFFEE7204670BD2DE9F04704460F466C
:10D1A000154698461CB9F3F743F800BFFEE70FB9E0
:10D1B000206C08B9012000E0002018B9F3F738F816
:10D1C00000BFFEE7F3F734F88146A06BE16B8842BD
:10D1D0001BD2424639462046FFF7FAFDA06C401CA0
:10D1E00070B9606A08B9012000E0002058B904F164
:10D1F000240001F089F930B12DB10120286002E04E
:10D20000A06C401CA064012600E000264846F3F70D
:10D2100016F83046BDE8F0872DE9F04104460F4688
:10D2200015461CB9F3F704F800BFFEE70FB9206CF0
:10D2300008B9012000E0002018B9F2F7F9FF00BF9B
:10D24000FEE7F2F7F5FF8046A06BE8B139462046CD
:10D25000FFF7BEFEA06B401EA063606C401C70B95F
:10D26000206908B9012000E0002058B904F110003D
:10D2700001F04AF930B12DB10120286002E0606C64
:10D28000401C6064012600E000264046F2F7D7FF0C
:10D290003046BDE8F08170B504461CB9F2F7C8FF0E
:10D2A00000BFFEE700F0D9FAA56B00F0DFFA2846D0
:10D2B00070BD70B504461CB9F2F7BAFF00BFFEE7B7
:10D2C000A56B284670BD014600200BE03D4A02EBED
:10D2D000C00252688A4204D100223A4B43F83020FF
:10D2E00002E0401C0828F1D300BF704710B5044687
:10D2F0001CB9F2F79DFF00BFFEE72046FFF7E3FFF2
:10D30000206800F038FB204600F035FB10BD0146D8
:10D3100091F84C00704780F84C107047014691F826
:10D320004D00704770B504461CB9F2F781FF00BF8D
:10D33000FEE7A06B08B9012000E000200546284662
:10D3400070BD70B504461CB9F2F772FF00BFFEE76E
:10D35000A06BE16B884201D1012000E0002005466E
:10D36000284670BD024600200BE0164B53F83030C3
:10D3700033B9144B43F8301003EBC0035A6002E09A
:10D38000401C0828F1D300BF704770B504460D4615
:10D3900000F063FA606C401C08B900206064A06C67
:10D3A000401C08B90020A06400F060FAA06B20B90E
:10D3B000294604F1240001F08DF82046FFF7B9FC5E
:10D3C00070BD00006C7601202DE9F04104460D4649
:10D3D00016461F464FF0000865602461B5420CD820
:10D3E000F01BA169884202D34FF0010811E0211D12
:10D3F000F0480068FFF706FC0BE0BE4204D2BD42D5
:10D4000002D34FF0010804E0211DEB480068FFF74C
:10D41000F9FB4046BDE8F0812DE9FE4305460E4686
:10D4200017461C46DDF828804FF00009E3480068E5
:10D4300008B3009601970295ACB901F0F2F8012803
:10D4400008D1002342466946DC480068FFF7F4FC37
:10D45000814610E000231A466946D8480068FFF765
:10D46000EBFC814607E0002322466946D34800686A
:10D47000FFF792FE81464846BDE8FE832DE9F8435A
:10D4800081462BE0CC480068C0680568CA4800683F
:10D49000C068C468201DFFF7CFFB2046616A88473B
:10D4A000E06901281AD1A0694619AE4207D9666021
:10D4B0002461211DC0480068FFF7A4FB0EE0002096
:10D4C00003462A46014600902046FFF7A5FF07467F
:10D4D0001FB9F2F7ADFE00BFFEE700BFB648006817
:10D4E000006808B9012000E000200028CAD0B24836
:10D4F000D0F80080AF480068AF490860AD48C0F878
:10D500000080BDE8F88370B5044600F009FF0546C9
:10D51000AB480068854206D2A9480068FFF7AEFF15
:10D520000120206001E000202060A5480560284619
:10D5300070BD70B586B002A8FFF7E5FF064650E063
:10D54000059C44B1606908B9012000E0002010B9D1
:10D55000201DFFF771FB039830B1012826D0022867
:10D5600025D003283BD136E00498A26981180346F0
:10D5700032462046FFF728FF012816D12046616A6F
:10D580008847E069012810D1002000900498A16923
:10D590004218002319462046FFF73EFF05461DB9F5
:10D5A000F2F746FE00BFFEE700BF19E018E004985E
:10D5B000A061A06908B1012000E0002018B9F2F7CD
:10D5C00037FE00BFFEE7A069811933463246204688
:10D5D000FFF7FAFE04E0204600F0CDF900E000BFBE
:10D5E00000BF00231A4603A974480068FFF705FD31
:10D5F0000028A5D106B070BDF8B505460F466E48A7
:10D600000068C068C468201DFFF716FBE0690128A8
:10D6100017D1A06941192B463A462046FFF7D4FEA0
:10D6200001280ED1002003462A46014600902046DC
:10D63000FFF7F2FE06461EB9F2F7FAFD00BFFEE75D
:10D6400000BF2046616A8847F8BDF8B504460E461B
:10D6500000F014FC6846FFF756FF05460098A0B995
:10D6600046B9AC4206D800F059FB29462046FFF7E0
:10D67000C3FF0CE0611B51480068FFF786FE00F015
:10D680004DFB20B900F0E3F801E000F047FBF8BDE6
:10D690000146494A126812680AB9012200E00022D4
:10D6A0000A600A6822B9444A1268D268106800E029
:10D6B0000020704708B500BF6846FFF7E9FF044641
:10D6C00020460099FFF7C1FFFFF733FFF4E710B5DD
:10D6D00000F0C3F83948006890B93A48FFF774FA87
:10D6E0003948FFF771FA37483349086036483149FD
:10D6F000086000220C210A20FFF7EDFA2F4908608C
:10D7000000F0B4F810BD1FB50024FFF7E0FF2B4870
:10D71000006868B100200223CDE900300290034682
:10D720004FF4007229A103902A4800F0B2F9044690
:10D730001CB9F2F77DFD00BFFEE7204604B010BD26
:10D740002DE9F04706460D4617469846DDF820902D
:10D750004DB900240DB1012000E00020A0B9F2F77E
:10D7600067FD00BFFEE7282000F0A4F804465CB186
:10D77000FFF7ADFF2660A561E761C4F82080C4F81B
:10D780002490201DFFF72DFA2046BDE8F08770B5E4
:10D790000446264600F061F8706908B1012000E0F7
:10D7A0000020054600F062F8284670BD01460A4692
:10D7B000106A70472C040020280400203004002048
:10D7C00034040020AC760120C0760120546D722014
:10D7D00053766300B5D60008001F4FF080730360D6
:10D7E000001F0160001F0023036014380260001F47
:10D7F000DB1E0360203870472A48006842F210712F
:10D80000B0FBF1F0401E4FF0E021486107200861B5
:10D81000704710B52448006840F47C002249086035
:10D820000846006840F07C400860FFF7E5FF0020F4
:10D830001E490860F2F7CAFC1D48006840F04040ED
:10D840001B490860F2F7B8FC002010BD70474FF08C
:10D85000805015491C390860704710B5F2F7E8FC94
:10D8600012480068401C1149086010BD10B50F48EF
:10D870000068401E0D4908600846006810B9002085
:10D88000F2F7DDFC10BD10B54FF0805006491C3991
:10D890000860F2F7CDFC00F0C2F90020F2F7CFFCEF
:10D8A00010BD00000404002020ED00E0380400203A
:10D8B00034EF00E02DE9F04104464FF0000800F09D
:10D8C000DDFA3D48006898B93C493D4A11600021A5
:10D8D00051604FF420513B4A51600021116037489C
:10D8E0004FF4205141601146016001203249086027
:10D8F00044B1103404F0070020B104F00700C0F177
:10D9000008000444002C31D0B4F5205F2ED22C4FF7
:10D910003846056801E02F462D686868A04202D2AB
:10D9200028680028F7D1274885421FD0386800F1C1
:10D930001008286838606868001B202810D92E1944
:10D940006868001B70606C6071681D4800E00068CA
:10D95000026852688A42FAD302683260066000BFE9
:10D96000194968680968081A1749086000F0D6F96B
:10D970004046BDE8F08170B506463546B6B1103D6B
:10D980002C4600F07BFA61680D4800E000680268F0
:10D9900052688A42FAD30268226004600A496068C9
:10D9A000096808440849086000F0B8F970BD0648E5
:10D9B000006870477047000050040020D8760120AE
:10D9C0003C040020440400204C04002010B5002436
:10D9D00007E004EB8401FE4A02EB8100FFF7F4F854
:10D9E000641C052CF5D3FB48FFF7EEF8FA48FFF767
:10D9F000EBF8FA48FFF7E8F8F948FFF7E5F8F948D7
:10DA0000FFF7E2F8F348F8490860F348F74908607F
:10DA100010BD2DE9F04104460E4615469846069F76
:10DA20000A22314604F1340000F0D2FE00213D20EC
:10DA30000155052D00D30425E562A564201DFFF7DF
:10DA4000D0F804F11800FFF7CCF82461C5F1050007
:10DA5000A0616462BDE8F08170B505460E464C20B9
:10DA6000FFF728FF044694B11EB9A800FFF722FF74
:10DA700000E030462063206B20B92046FFF77BFF93
:10DA8000002404E0A900A522206B00F083FE2046BC
:10DA900070BD2DE9FF4F81B0804616469A46DDE9FC
:10DAA0000E5BB8F1000F03D1F2F7C2FB00BFFEE737
:10DAB000052D01D2012000E0002018B9F2F7B8FBD3
:10DAC00000BFFEE730461099FFF7C6FF0446002C62
:10DAD00064D0701E216B01EB800929F0070909F061
:10DAE000070008B9012000E0002018B9F2F7A0FBF8
:10DAF00000BFFEE700962A462046119B0299FFF7D9
:10DB000088FF524641464846FFF766FE2060BBF15B
:10DB1000000F01D0CBF80040FFF79FFEB44800682B
:10DB2000401CB3490860B348006840B9B14804607C
:10DB30000846006801280CD1FFF748FF09E0AE480D
:10DB4000006830B9AB480068C06AA84201D8A9484B
:10DB50000460AA49E06A0968884202D9A749E06AD4
:10DB60000860A74800682064A5480068401CA449D4
:10DB70000860A449E06A0968884202D9A149E06ABC
:10DB80000860E16A01EB8101914A02EB8100211DED
:10DB9000FFF72AF80127FFF769FE01E04FF0FF3792
:10DBA000012F09D19448006830B192480068C06ADA
:10DBB000A84201D2FFF74BFE384605B0BDE8F08F12
:10DBC00070B50446FFF749FE8A480068844200D1D8
:10DBD000002414B98748006800E020460546281D47
:10DBE000FFF72AF8A86A18B105F11800FFF724F822
:10DBF000291D7B48FEF7F8FF83480068401C8249D6
:10DC000008607F480068401C7D490860FFF72EFED1
:10DC10007948006810B10CB9FFF719FE70BD70B5F6
:10DC20007A480068002873D179480068401C784918
:10DC300008600846006868BB6B480068006808B95F
:10DC4000012000E0002018B9F2F7F2FA00BFFEE769
:10DC50006548056865480068634908606348056071
:10DC60006C480068401C6B4908605F4800680068A9
:10DC700008B9012000E0002020B14FF0FF306649D4
:10DC8000086006E058480068C068C4686249606877
:10DC9000086000BF5E4800685F490968884236D363
:10DCA00000BF51480068006808B9012000E000206A
:10DCB00020B14FF0FF305849086027E04A4800681B
:10DCC000C068C468656852480068A84202D25248D9
:10DCD00005601BE0201DFEF7AFFFA06A18B104F13C
:10DCE0001800FEF7A9FF4749E06A0968884202D98F
:10DCF0004449E06A0860E16A01EB8101344A02EBC1
:10DD00008100211DFEF770FFCBE701E000BF04E0BA
:10DD100042480068401C4149086070BD70B500254C
:10DD20003A48006818B9F2F783FA00BFFEE7FFF738
:10DD300094FD36480068401E344908600846006873
:10DD4000002878D12A480068002874D0002621E0F5
:10DD50002248C068C46804F11800FEF76DFF201D5A
:10DD6000FEF76AFF2749E06A0968884202D9254917
:10DD7000E06A0860E16A01EB8101154A02EB81006B
:10DD8000211DFEF731FF1B49E06A0968C96A884214
:10DD900000D301261148006808B9012000E00020E6
:10DDA0000028D5D01D48006860B106E0FFF737FFB6
:10DDB0001A480068401E1949086018480068002881
:10DDC000F4D10126012E2FD01548006801282AE041
:10DDD000D89E01203C9F0120509F0120649F01207C
:10DDE000789F01208C9F0120580400205C040020B3
:10DDF0006404002054040020740400206C040020FB
:10DE000088040020700400206004002078040020B2
:10DE100068040020840400208C0400207C0400207E
:10DE20008004002007E005D101250020F9490860A1
:10DE3000FFF70DFD00BFFFF719FD284670BD10B5B7
:10DE40000446F54800684460F4480068844207D2FC
:10DE5000F1480168091DF2480068FEF7D3FE0CE0A6
:10DE6000ED480168091DEF480068FEF7CBFEEE485B
:10DE70000068844201D2EC48046010BDEB480068A1
:10DE8000401CEA49086070472DE9F04104460E46FF
:10DE90004FF000081CB9F2F7CBF900BFFEE70EB156
:10DEA000012000E0002018B9F2F7C2F900BFFEE738
:10DEB000FFF7E4FF20688519D8492068096888427F
:10DEC00009D92068A8420FD9D448006885420BD9E7
:10DED0004FF0010808E02068A84203D8CF48006846
:10DEE000854201D94FF001082560B8F1000F07D035
:10DEF000C9480068001DFEF79FFE2846FFF79FFFF8
:10DF0000FFF70CFF07460FB9FFF7A1FCBDE8F08152
:10DF100070B5044600267CB1FFF7B0FFBF4800682B
:10DF20000519BD480068001DFEF786FE2846FFF76C
:10DF300086FFFFF7F3FE06460EB9FFF788FC70BDBB
:10DF400070B50446FFF789FC14B9B348006800E0D7
:10DF500020460646F56AFFF789FC284670BD2DE984
:10DF6000F04706460D464FF00009052D01D201206D
:10DF700000E0002018B9F2F75BF900BFFEE7052DBD
:10DF800000D30425FFF769FCA3480068864200D14E
:10DF9000002616B9A048006800E030460446A76C89
:10DFA000AF4234D0BD4203D92EB14FF0010902E097
:10DFB0000EB94FF00109D4F82C80E16AA06C8842B8
:10DFC00000D1E562A564C5F10500A06107EB8701FA
:10DFD000974A02EB81016069884213D1201DFEF748
:10DFE0002BFE9449E06A0968884202D99149E06AA7
:10DFF0000860E16A01EB81018D4A02EB8100211D7D
:10E00000FEF7F2FDB9F1010F01D1FFF720FCFFF798
:10E010002DFCBDE8F08710B58448006818B10120D8
:10E020007C4908602CE00BE08248006818B9F2F7E0
:10E03000FFF800BFFEE77F480068401E7D4908608A
:10E040007C48006800EB8000794951F820000028E6
:10E05000EAD07849096801EB8101754A02EB810039
:10E0600041684968416000F1080142688A4202D172
:10E070004168496841604168C968674A116000BFEA
:10E0800010BD70B50446FFF7E8FB634800688442A2
:10E0900000D1002414B96048006800E0204605461D
:10E0A000281DFEF7C9FDA86A18B105F11800FEF792
:10E0B000C3FD291D6048FEF797FDFFF7D7FB8CB91C
:10E0C0005E48006810B1FFF7C2FB0BE05A480068D9
:10E0D0005B490968884203D100204F49086001E08C
:10E0E000FFF799FF70BD70B5054600262C461DB997
:10E0F000F2F79EF800BFFEE74F496069884201D100
:10E10000012000E0002080B14E49A06A884201D180
:10E11000012000E00020012807D0A06A08B90120F2
:10E1200000E00020012800D10126304670BD70B506
:10E1300005461DB9F2F77CF800BFFEE72C4644B354
:10E1400035480068844224D0FFF787FB2046FFF75C
:10E15000CAFF01281BD1201DFEF76EFD3549E06A7C
:10E160000968884202D93349E06A0860E16A01EB34
:10E1700081012F4A02EB8100211DFEF735FD264962
:10E18000E06A0968C96A884201D3FFF760FBFFF7BC
:10E190006DFB70BD2DE9F041054600261DB9F2F773
:10E1A00047F800BFFEE72C46F2F742F80746204644
:10E1B000FFF799FF012826D11C480068F0B91649DD
:10E1C000E06A0968C96A884201D3012000E00020A2
:10E1D0000646201DFEF730FD1649E06A09688842B0
:10E1E00002D91449E06A0860E16A01EB8101104A32
:10E1F00002EB8100211DFEF7F7FC04E004F1180199
:10E200001048FEF7F1FC3846F2F719F83046BDE841
:10E21000F0810000800400205404002068040020E5
:10E220005C040020580400208C04002078040020A6
:10E23000D89E0120700400208C9F012074040020CF
:10E2400064040020649F012010B50446206BFFF792
:10E2500092FB2046FFF78FFB10BD70B523E0FFF760
:10E260000DFEFD48006808B9012000E000200546C9
:10E27000FFF754FDBDB9FFF7F0FAF748C068C4686E
:10E28000201DFEF7D9FCF5480068401EF3490860E0
:10E29000F3480068401EF2490860FFF7E7FA20469D
:10E2A000FFF7D2FF00BFEE4800680028D7D170BD4D
:10E2B00000BFFFF7D2FFEB4800680128F9D9FFF74C
:10E2C000C6FAF6E71FB500200090019002900346C1
:10E2D0004FF48072E4A10390E548FFF7DAFB0446AF
:10E2E000012C02D1FFF70FFA0446012C09D1F1F7F6
:10E2F0009FFF0120DF4908600020DF490860FFF729
:10E3000088FA1CB9F1F794FF00BFFEE71FBD10B5F6
:10E31000F1F78EFF0020D7490860FFF797FA10BD8C
:10E3200010B5FFF79AFAD4480468FFF79FFA204621
:10E3300010BD70B5F1F77CFF0546CF48046828464C
:10E34000F1F77DFF204670BDC44800687047014664
:10E35000002002E0491C421C90B20A78A52AF9D09C
:10E36000800870472DE9FE4381460C46164620463C
:10E3700041684968416000F1080142688A4202D15F
:10E380004168496841604168CF6800BF20464168E4
:10E390004968416000F1080142688A4202D141683F
:10E3A000496841604168CD68286BFFF7D0FF80461F
:10E3B000286CE96A334605F13402CDE90018029071
:10E3C000AEA1B34800F058FDB149484600F0F4F959
:10E3D000BD42DBD1BDE8FE8370B50546FFF74EFDBB
:10E3E00000202870ABA1284600F0E6F9AA48006892
:10E3F000441C00BF641E04EB84009A4951F82000BD
:10E4000008B9012000E0002040B904EB8400954ADF
:10E4100002EB800152222846FFF7A4FF002CE9D12D
:10E420009E480068006808B9012000E0002028B973
:10E4300042229A4801682846FFF794FF98480068EE
:10E44000006808B9012000E0002028B94222944861
:10E4500001682846FFF786FF7F48006808B9012059
:10E4600000E0002020B944227B492846FFF77AFFCC
:10E470008C48006808B9012000E0002020B9532230
:10E4800088492846FFF76EFFFFF748FC70BD70B55E
:10E4900005460C461DB9F1F7CBFE00BFFEE78248EA
:10E4A000016818312846FEF7ADFB7F480068001D63
:10E4B000FEF7C2FB601C30B97B480168091D794832
:10E4C000FEF792FB05E06C48006806193046FFF73E
:10E4D000B6FC70BD70B504460D461CB9F1F7A8FE38
:10E4E00000BFFEE77048016818312046FEF77CFB4C
:10E4F0006D480068001DFEF79FFB5F4800684619E5
:10E500003046FFF79CFC70BD70B50646F068C468E5
:10E510001CB9F1F78DFE00BFFEE704F11800FEF70D
:10E520008BFB62480068A0B9201DFEF785FB60499F
:10E53000E06A0968884202D95D49E06A0860E16AD8
:10E5400001EB8101474A02EB8100211DFEF74CFBE4
:10E5500004E004F118015748FEF746FB5249E06A0F
:10E560000968C96A884201D3012500E000252846D0
:10E5700070BD10B504461CB9F1F75AFE00BFFEE7A6
:10E580004D48006820603C480068606010BD70B570
:10E5900004460D461CB9F1F74BFE00BFFEE71DB95E
:10E5A000F1F746FE00BFFEE7FFF757F92868401C69
:10E5B00008B900261FE0404920680968884206D053
:10E5C0002D4960680968884201D8012613E02A496C
:10E5D00060680968081A296888420BD22868264AA8
:10E5E00061681268511A401A28602046FFF7C1FF7F
:10E5F000002600E00126FFF739F9304670BD012002
:10E600002E4908607047014611B10A46506C00E07F
:10E610000020704708B102465164704722490868DB
:10E6200070471449096809B9002005E01F490968C5
:10E6300009B9012000E00220704770B505462C465C
:10E640004DB11949E06A0968C96A884265D216481D
:10E650000068C06A34E060E0789F01206404002014
:10E6600060040020D89E012049444C450000000071
:10E67000B1E2000874040020680400202573090931
:10E6800025630925750925750925750D0A00000002
:10E69000A09F01200D0A00006C04002058040020F7
:10E6A0005C0400208C9F012054040020780400208A
:10E6B00070040020649F0120840400208004002056
:10E6C000C0F10500A061E16A01EB8101254A02EB7E
:10E6D00081016069884201D1012000E00020C0B1C1
:10E6E000201DFEF7A9FA20480068C06AE0621F49B1
:10E6F000E06A0968884202D91C49E06A0860E16A58
:10E7000001EB8101174A02EB8100211DFEF76CFA33
:10E7100003E015480068C06AE06270BD70B5054648
:10E720002C46EDB1A16CE06A884219D0201DFEF79D
:10E7300083FAA06CE062E06AC0F10500A0610B49B9
:10E74000E06A0968884202D90849E06A0860E16A1B
:10E7500001EB8101034A02EB8100211DFEF744FA1F
:10E7600070BD0000D89E01205404002070040020D9
:10E7700040EA01039B0703D009E008C9121F08C043
:10E78000042AFAD203E011F8013B00F8013B521EC3
:10E79000F9D27047D2B201E000F8012B491EFBD23A
:10E7A00070470022F6E710B513460A46044619469C
:10E7B000FFF7F0FF204610BD421E12F8013F002B6C
:10E7C000FBD111F8013B02F8013B002BF9D1704756
:10E7D00010B5044604E00B7800F8013B03B1491C76
:10E7E000521EF8D2204610BD421C10F8011B002911
:10E7F000FBD1801A704710B5002200E0521C835CE8
:10E800008C5CA34201D1002BF8D1D8B2E1B2401AFE
:10E8100010BD2DE9FE4F804681EA0300C00F0C4673
:10E82000009021F0004123F00045B8EB0200A9411F
:10E8300005D24046214690461C460B46024623F030
:10E840000040104347D0270DC7F30A00C3F30A5115
:10E850000290401A019040286BDAC3F3130040F491
:10E86000801B0098924620B10023D2EB030A63EB91
:10E870000B0B01985946C0F14002504600F0E1F9F7
:10E8800006460D4650465946019A00F0F9F910EB3C
:10E8900008006141002487EA115284EAE7731A43B1
:10E8A00040D0009A62B3019A012A4FEA075215DC60
:10E8B000001B61EB02014FF0004202EA0752CDE972
:10E8C0000042001C41F5801132462B4600F030FA20
:10E8D00003B0BDE8F08F40462146F9E7001B61EB2D
:10E8E0000201001C41F5801300185B412018A2F5BD
:10E8F000001747EB030140EAD570B6196D4111E0EE
:10E900006D084FEA360645EAC0754FEA0752001B0C
:10E9100061EB0201001C41F5801149084FEA30000B
:10E920000019514132462B4603B0BDE8F04F00F0CC
:10E93000F0B90098012240000023D0EB020263EB03
:10E94000E073009821464FEAE074B8EB000061EBF9
:10E950000401E9E783F000435BE781F0004158E7F9
:10E960002DE9FE4F81EA030404F0004421F0004148
:10E9700000944FF0000B23F0004350EA01045ED0F6
:10E9800052EA03045BD0C3F30A54C1F30A552C4482
:10E99000A4F2F3340194A0FB0254C1F3130141F437
:10E9A0008011C3F3130343F4801301FB024400FB03
:10E9B000034E840A970A44EA815447EA8357A4FB2A
:10E9C000076802958D0A05FB07854FEA932C04FB27
:10E9D0000C542705029D4FEA065847EA1637B5EB57
:10E9E00008056EEB070C870E920E47EA811742EA84
:10E9F0008312A7FB0201B6EB0B0164EB00042B0DA5
:10EA000043EA0C335E1844EB1C50DA465146E7FBF0
:10EA10000201C5F313044FEA0B3343EA14534FEAE0
:10EA20000432019C43EA0603A4F10C040294009C06
:10EA3000CDE900B400F07CF903B0BDE8F08F002010
:10EA40000146F9E72DE9F04D81EA030404F0004B9B
:10EA500021F0004514464FF0000A23F0004150EA2F
:10EA6000050220D054EA01021DD0C5F30A57024620
:10EA7000C5F31303C1F31300C1F30A5640F4801524
:10EA800043F48013A7EB0608101BD64608F2FD38A6
:10EA900073EB050002D308F1010801E092185B4115
:10EAA000B8F1000F03DA00200146BDE8F08D002028
:10EAB0004FF48011064684460EE0171B73EB0507E2
:10EAC00005D3121B63EB050306434CEA010C49080E
:10EAD0004FEA300092185B4150EA0107EDD152EA4B
:10EAE000030012D082EA040083EA0501084305D03E
:10EAF000101BAB4106D20122002306E000224FF09A
:10EB0000004302E06FF0010253101AEB06004CEBD9
:10EB1000085110EB0A0041EB0B01BDE8F04D00F08D
:10EB2000F8B80EB5C10F80EAE0700844CA070021AA
:10EB300040F233438DE80E000A460B4600F0F8F829
:10EB400003B000BD70B5C1F30A5201F000450024C6
:10EB5000C1F3130140F2FF3341F480119A4201DA0C
:10EB6000002070BD40F233439A42A2F2334203DCEC
:10EB7000524200F075F800E090402C43F1D0404242
:10EB800070BD00F0004230F000400AD0C10D01F528
:10EB90006071C0F3160042EA0151C20840071143F8
:10EBA000704700200146704701F0004330B421F067
:10EBB000004150EA010206D00A0DA2F56072C1F3CD
:10EBC0001301002A02DC30BC00207047440F44EAE5
:10EBD000C104C100E01830BC00EBC25000F062B8C4
:10EBE0002DE9F05F0546002092469B468846064682
:10EBF000814640241BE0284641464746224600F015
:10EC00002FF853465A46C01A914110D31146184660
:10EC1000224600F016F82D1A67EB01084F462246EF
:10EC20000120002100F00DF817EB00094E41201ED5
:10EC3000A4F10104DFDC484631462A464346BDE8DC
:10EC4000F09F202A04DB203A00FA02F100207047EE
:10EC50009140C2F1200320FA03F31943904070471A
:10EC6000202A04DB203A21FA02F00021704721FA21
:10EC700002F3D040C2F12002914008431946704788
:10EC8000202A06DBCB17203A41FA02F043EAE07370
:10EC900006E041FA02F3D040C2F12002914008435D
:10ECA000194670470029A8BF7047401C490008BF9B
:10ECB00020F00100704710B4B0FA80FC00FA0CF0AC
:10ECC00050EA010404BF10BC704749B1CCF12004E4
:10ECD00021FA04F411FA0CF118BF01212143084371
:10ECE000A3EB0C01CB1D4FEA00614FEA102042BF9D
:10ECF000002010BC704700EBC35010440029A4BF93
:10ED000010BC7047401C490008BF20F0010010BC37
:10ED1000704710B5141E73F1000408DA401C41F16D
:10ED2000000192185B411A4301D120F0010010BD8F
:10ED30002DE9F04D92469B4611B1B1FA81F202E005
:10ED4000B0FA80F220329046FFF77BFF04460F4670
:10ED500040EA0A0041EA0B0153465A46084313D0E1
:10ED6000114653EA010019D0C8F140025046FFF79E
:10ED700077FF05460E46504659464246FFF761FF6B
:10ED8000084305D0012004E020463946BDE8F08D57
:10ED90000020054346EAE0762C4337430A98630592
:10EDA000E40AA0EB08000022FD0A44EA47540A30B6
:10EDB00002D500200146E9E7010510196941DDE9A6
:10EDC000084500196941BDE8F04DA2E7064C074D22
:10EDD00006E0E06840F0010394E80700984710342B
:10EDE000AC42F6D3F1F7D4F9F8FE000818FF00089A
:10EDF00070B58C1810F8015B15F0070301D110F8FD
:10EE0000013B2A1106D110F8012B03E010F8016B29
:10EE100001F8016B5B1EF9D12B0705D40023521EAC
:10EE20000DD401F8013BFAE710F8013BCB1A921C14
:10EE300003E013F8015B01F8015B521EF9D5A14212
:10EE4000D8D3002070BD00000FB41CB502460020CE
:10EE500007AC00290BD0491ECDE90021054B6A46BD
:10EE60002146069800F090FD009A002111701CBC0C
:10EE70005DF814FBEBFD00080FB4084B10B504A9B6
:10EE800002AA039800F080FD044602A9002000F0C9
:10EE9000B7FF204610BC5DF814FB000001FE00081F
:10EEA00003B401984100009850EAC12018BF042023
:10EEB0004A0D18BF40F0010040F2FF72B2EB515F03
:10EEC00008BF40F00200012808BF052002B07047CB
:10EED0004100080218BF04200A0E18BF40F00100CC
:10EEE0004FF07F4232EA010108BF40F002000128E2
:10EEF00008BF05207047000070B59B482DED020B40
:10EF00002DED068B079D25F00044A04218DC9748A4
:10EF1000844202DC0AD1069840B19DED060BBDEC9F
:10EF2000068B02B0BDE8704000F036BC002DCCBFAF
:10EF30009FED8F0B9FED900BBDEC068B02B070BD6B
:10EF40008F48A04215DD8F48A042D8BF4FF0FF3454
:10EF500058DD9DED060B51EC100BFFF7A1FF0428C7
:10EF600008BF00F02DFC9DED060BBDEC068B02B03A
:10EF700070BD9DED060B51EC100B00F04EFFCDE97E
:10EF8000060181489FED828BA0423CDD8248A04271
:10EF90001FDD00249FED82AB9DED060B53EC1A2B79
:10EFA00051EC100BFFF735FC9DED060B41EC190BF6
:10EFB00053EC1A2B51EC100BFFF7D2FC53EC182B2F
:10EFC000FFF7C8FC53EC192BFFF73CFDCDE9060118
:10EFD00049E09DED060B012453EC182B51EC100B6E
:10EFE000FFF717FC9DED060B41EC190B53EC182BAA
:10EFF00051EC100BFFF7AEFC53EC192BFFF722FD81
:10F00000CDE906012FE06848A0421FDD02249FEDF4
:10F01000689B9DED060B53EC192B51EC100BFFF781
:10F020009FFC53EC182BFFF7F4FB9DED060B41EC16
:10F03000180B53EC192B51EC100BFFF78BFC53EC16
:10F04000182BFFF7FFFCCDE906010CE09DED060B48
:10F05000032453EC102B9FED580B51EC100BFFF7D2
:10F06000F1FCCDE906019DED060B53EC102B51ECA4
:10F07000100BFFF775FC41EC180B53EC182BFFF746
:10F080006FFC41EC190B4E480621B0EE490AF0EE38
:10F09000690A784400F004FB53EC182B51EC100B78
:10F0A000FFF75EFC41EC180B4648B0EE490AF0EE63
:10F0B000690A0521784400F0F3FA53EC192B51EC5E
:10F0C000100BFFF74DFC41EC100B51EC180B53ECFF
:10F0D000102B002C0EDAFFF79CFB9DED061B53EC6A
:10F0E000112BFFF73DFC9DED061B53EC112BFFF799
:10F0F00034FC35E0FFF78DFB9DED061B53EC112B27
:10F10000FFF72EFC41EC100B2F48784400EBC400B5
:10F1100090ED001B51EC100B53EC112BFFF71AFC78
:10F120009DED061B53EC112BFFF714FC41EC100B6B
:10F130002648784400EBC40090ED001B51EC100B06
:10F1400053EC112BFFF709FC41EC100B002DA2BF73
:10F15000BDEC068B02B070BD51EC100B81F000418C
:10F1600041EC100B01E70000000010440000F07FAC
:10F17000182D4454FB21F93F182D4454FB21F9BFAD
:10F180000000DC3F0000203E0000F33F00000000D4
:10F19000000000000000F03F0000E63F000000001B
:10F1A000000000000000004000800340000000005C
:10F1B000000000000000F83F000000000000F0BF69
:10F1C0000A0E0000C00D00004A0D0000020D0000F4
:10F1D00070B56B4E2DED040B2DED028B82B0DDF87A
:10F1E0001CC0DDE905235C422CF000411C4341EAD0
:10F1F000D474049D22F00040B44205D86C422C43E4
:10F2000040EAD474B4420BD99DED061B9DED040B6E
:10F2100002B0BDEC028B04B0BDE8704000F0C6BA8D
:10F22000ACF14054A4F17F641C430BD0022404EAE7
:10F23000AC7444EAD27405439FED538B9FED542B7D
:10F2400007D015E09DED040B51EC100B00F0DDFD37
:10F2500042E0002C11BF012C9DED040B02B0BDEC6F
:10F26000028B04BF04B070BD022C38D0032C3BD0FD
:10F270000B439FED491B9FED4A0B0AD0B14218D1B9
:10F28000B04209D121F0804120F0804007910590E3
:10F290000FE0002A15DA10E0434B7B44002C08BF36
:10F2A00093ED000B0DD0012C10D0022C17D0032CA5
:10F2B0001AD0B0421DD1002A03DAB0EE410AF0EEB6
:10F2C000610A02B0BDEC028B04B070BD93ED000B7F
:10F2D00051EC100B81F0004141EC100BF1E7B0EE66
:10F2E000480AF0EE680AECE7B0EE420AF0EE620A75
:10F2F000E7E7401A00153C28C8BF8DED000B19DC6C
:10F30000BCF1000FBEBF10F13C0F9FED290B8DED3E
:10F31000000B0FDB9DED060B53EC102B9DED040B4A
:10F3200051EC100BFFF78EFB00F077FD00F06DFD48
:10F33000CDE90001002C08BF9DED000BC1D0012CD0
:10F3400010D0022C9FED1C0B53EC102B9DED000BED
:10F3500051EC100B0DD0FFF7FDFA53EC182BFFF713
:10F36000F9FAB9E7019880F0004001909DED000B9B
:10F37000A7E7FFF7EFFA53EC182BFFF7EEFAABE72E
:10F380000000F07F00000000182D4454FB210940CC
:10F39000182D4454FB2109C0182D4454FB21F9BFFA
:10F3A000182D4454FB21F93F320C000000000000EE
:10F3B0000000000000000000075C143326A6A13CFA
:10F3C00010EE101A08B5444A6846B2EB410F28D92E
:10F3D0004FF0E640B0EB410F94BF00204FF0FF30FC
:10F3E00000900098002861DB60EE000A10F0010F29
:10F3F00045D010F0020FDFED391A9FED391A00EEFB
:10F40000E11ADFED381A40EE811A21EEA01AF0EE73
:10F41000400A40EE010A08BFF1EE600AB0EE600A51
:10F4200008BD314B21F0004293423CD911F0004F0E
:10F43000DFED2E0A20EE201ADFED2D0A19BF31EE86
:10F44000601A71EE200A31EE201A71EE600ABDEEEC
:10F45000E01A11EE100A9FED271A00F0030000EEEB
:10F46000C10A9FED251A009000EEC10A9FED231AF4
:10F4700000EEC10A9FED221A00EEC10AB1E79FED2E
:10F48000211A9FED210A10F0020F00EE810A9FED74
:10F490001F1A00EE801AB7EE000A00EE810A18BFAC
:10F4A000B1EE400A08BD00F0AFF99AE710EE100A7D
:10F4B0004000B0F17F4F3CBFB7EE000A08BD07D156
:10F4C0004FF0010000F05AFABDE8084000F08CB996
:10F4D000BDE8084000F084B9B61F927E336D4C3908
:10F4E000DA82083CA0AA2ABE490E494683F9223F87
:10F4F0000000004B0000C93F00A0FD390020A233EE
:10F500001A61342CB93AB2BACA9F2A3DDDFFFFBE58
:10F5100000B510EE101A2DED028B81B0524A6846EC
:10F52000B2EB410F2ED94FF0E640B0EB410F94BF44
:10F5300000204FF0FF3000900098B0EE408A002885
:10F540006ADB10F0010F4BD068EE080A9FED471AF6
:10F550009FED470A00EE810A9FED461A10F0020F58
:10F5600000EE801AB7EE000A00EE810A02BF01B079
:10F57000BDEC028B00BD00BF01B0B1EE400ABDEC96
:10F58000028B00BD3C4B21F00042934241D911F067
:10F59000004FDFED3A0A20EE201ADFED390A19BFDD
:10F5A00031EE601A71EE200A31EE201A71EE600A17
:10F5B000BDEEE01A11EE100A9FED321A00F00300C2
:10F5C00000EEC10A9FED301A009000EEC10A9FEDD7
:10F5D0002F1A00EEC10A9FED2E1A00EEC10AABE70A
:10F5E00028EE080A9FED2B1ADFED2B0A10F0020F10
:10F5F00040EE410A9FED291A00EE201A61EE000A42
:10F60000B0EE480A08EE200AB6D101B0BDEC028B7C
:10F6100000BD00F0F9F88FE718EE100A4000B0F1D5
:10F620007F4F0DD218EE100AFFF752FC042808BFD6
:10F6300000F0E2F8B0EE480A01B0BDEC028B00BD6C
:10F6400009D1012000F09AF901B0BDEC028B5DF800
:10F6500004EB00F0C9B801B0B0EE480ABDEC028B73
:10F660005DF804EB00F0BCB8B61F927EB93AB2BAAE
:10F67000CA9F2A3DDDFFFFBE490E494683F9223F5E
:10F680000000004B0000C93F00A0FD390020A2335C
:10F690001A61342C336D4C39DA82083CA0AA2ABE98
:10F6A00070B504462DED028B4D1E00EBC500B0EE8B
:10F6B000408AF0EE608A90ED000B35F0060017D01E
:10F6C00053EC182B51EC100BFFF74AF941EC100BDF
:10F6D0006D1E04EBC50090ED001B51EC100B53ECBC
:10F6E000112BFFF796F841EC100B35F00600E7D12F
:10F6F000022D36D0042D1CD0062D1CBFBDEC028B74
:10F7000070BD53EC182B51EC100BFFF729F994ED59
:10F710000A1B53EC112BFFF77CF853EC182BFFF767
:10F720001FF994ED081B53EC112BFFF772F841EC15
:10F73000100B53EC182B51EC100BFFF711F994ED53
:10F74000061B53EC112BFFF764F853EC182BFFF753
:10F7500007F994ED040B53EC102BFFF75AF841EC2A
:10F76000100B53EC182B51EC100BFFF7F9F894ED3C
:10F77000021B53EC112BFFF74CF853EC182BFFF73F
:10F78000EFF894ED001B53EC112BFFF742F8BDECA2
:10F79000028B41EC100B70BD10B553EC102B51ECEB
:10F7A000100BFFF736F841EC100B10BD10B553EC01
:10F7B000112B51EC100BFFF72CF841EC100B10BD86
:10F7C0009FED050B10B553EC102B51EC100BFFF710
:10F7D000C7F841EC100B10BD000000000000001045
:10F7E00030EE000A70470000DFED020A80EEA00A4A
:10F7F00070470000000000009FED020A20EE000AA2
:10F8000070470000000000102DE9F0014FF07F422A
:10F81000B2EB410F9FBF4FF0FF310160BDE8F00137
:10F8200070474FF0004242EA0123C1F3C752783AD1
:10F83000551112F01F0C434CCCF120067C44C1F34F
:10F84000C752A2F178024FEA621204EB820254F826
:10F85000254008BFD2E9015612D0556804FA0CF4CD
:10F8600025FA06F73C43976805FA0CF527FA06F8DF
:10F87000D26807FA0CFCF24045EA08054CEA020699
:10F88000A4FB034CA5FB0352A6FB03631D449D424E
:10F8900034BF012600261319334416B1934202D90E
:10F8A00003E0934201D2012200E00022624402F10F
:10F8B000200C9206DC0C42EA443200EE102A5B0374
:10F8C000DFED210AF8EEC01A00EE103A4FEA9C1C58
:10F8D00011F0004FB8EE400AC0F800C020EE201A28
:10F8E00000EE105ADFED190AB8EE400A20EE200AA9
:10F8F00071EE810A70EE800A10EE902A02F5006225
:10F900006FF30B0200EE902A70EEE11A31EEC11A8D
:10F91000DFED101A30EE411A9FED0D0A20EE800A3D
:10F9200001EE210A9FED0C1A00EE810A04BFBDE82A
:10F93000F0017047CCF180510160BDE8F001B1EEFB
:10F94000400A704798060000000000360000802C36
:10F9500022AAFD29DB0FC92F0000C92F02E008C829
:10F96000121F08C1002AFAD170477047002001E039
:10F9700001C1121F002AFBD1704700000149086035
:10F9800070470000900400202DE9FF4F8DB00F4616
:10F990000546002606E025280BD0DDE90F1290472A
:10F9A0006D1C761C28780028F5D111B03046BDE8D2
:10F9B000F08F0024A246A1460122EC4900E0044356
:10F9C00015F8013F203B02FA03F00842F7D12878EE
:10F9D0002A2810D06FF02F022878A0F130010929D1
:10F9E00014D80AEB8A0102EB410144F0020400EB57
:10F9F000010A6D1CF0E701CF5FEA000A03D544F469
:10FA00000054CAF1000A44F002046D1C28782E2824
:10FA100017D115F8010F44F004042A280ED06FF016
:10FA20002F022878A0F1300109290AD809EB8901B1
:10FA300002EB410100EB01096D1CF2E757F8049B52
:10FA40006D1C28786C280FD006DC4C2817D068284D
:10FA50000DD06A2814D104E0742810D07A280FD170
:10FA60000DE044F400140AE044F4801401E044F48E
:10FA700040146978814202D104F580146D1C6D1C1C
:10FA80002A786E2A1FD00CDC632A31D004DC002ACD
:10FA90008BD0582A11D1A3E0642A68D0692A0CD1EE
:10FAA00065E0732A2ED004DC6F2A73D0702A04D14B
:10FAB0009BE0752A6FD0782A6ED01046DDE90F12D0
:10FAC0009047761C50E1C4F30250022806D0032868
:10FAD00009D0042801CF09D0066045E101CFF11714
:10FAE000C0E9006140E101CF06803DE106703BE1E5
:10FAF00017F8040B8DF8000000208DF80100EB468C
:10FB0000012003E057F804BB4FF0FF3061074FF0CE
:10FB1000000102D40DE008F10101884649450FDAE1
:10FB20008045F8DB1BF808100029F4D108E008F143
:10FB3000010188468142FADB1BF808100029F6D142
:10FB4000DDE90F23AAEB08008146214600F036F9D3
:10FB5000304400EB080604E0DDE90F121BF8010B4E
:10FB60009047B8F10108F7D221464846F7E00A214C
:10FB7000C4F302534FF0000B0891022B04D001CFC5
:10FB8000C117032B09D00AE0FF1D27F00707F7E88C
:10FB9000020108E032E01FE020E000B2C117042BB0
:10FBA00001D140B2C117031E71F1000307DA4FF013
:10FBB000000CD0EB0C006CEB01012D2302E02305BF
:10FBC00004D52B238DF82430012303E0E30701D073
:10FBD0002023F7E7984658E00A2110E010210EE0B4
:10FBE00010204FF0000B08900CE010214FF0000B9C
:10FBF00044F004044FF00809089103E008214FF095
:10FC0000000B0891C4F30253022B04D001CF002152
:10FC1000032B06D006E0FF1D27F00707F7E80201D7
:10FC200003E080B2042B00D1C0B24FF000082307DC
:10FC30002BD5702A07D0DDF820C08CF0100C5CEAC0
:10FC40000B0C05D00EE040238DF82430012308E092
:10FC500050EA010306D030238DF824308DF825209A
:10FC600002239846DDF820C08CF0080C5CEA0B0CEF
:10FC70000BD150EA010301D1630706D530238DF87B
:10FC800024304FF00108A9F10109582A04D038A204
:10FC90000B9208AA0A920BE03AA2F9E75B46089A8F
:10FCA000FEF79EFF0B9B9B5C0A9A521E0A921370F2
:10FCB00050EA0102F2D10A98ADEB000000F1200BEE
:10FCC000600702D524F4803401E04FF00109D945E2
:10FCD00002DDA9EB0B0000E0002000EB0B0141442A
:10FCE0000890AAEB010AE00306D4DDE90F232146C0
:10FCF000504600F063F806444FF0000908E009A9F7
:10FD000011F80900DDE90F12904709F10109761C8D
:10FD1000C145F4DBE0030CD5DDE90F232146504655
:10FD200000F04CF8064404E0DDE90F123020904763
:10FD3000761C0899481E08900029F5DC08E00A980E
:10FD40000A990078491C0A91DDE90F129047761C48
:10FD5000BBF10001ABF1010BF1DC21465046DDE9BE
:10FD60000F2300F019F806446D1C1BE6092801005A
:10FD70003031323334353637383961626364656621
:10FD800000000000303132333435363738394142E3
:10FD900043444546000000002DE9F041044600259B
:10FDA0001E461746880404D405E039462020B04793
:10FDB0006D1C641EF9D52846BDE8F0812DE9F0419F
:10FDC000044600251E469046C80301D5302700E0B2
:10FDD0002027880404D505E041463846B0476D1C0D
:10FDE000641EF9D52846BDE8F0814A68002A06D08D
:10FDF0000A68531C0B6010704868401E48607047CA
:10FE00000A68531C0B601070704710B541EC100B62
:10FE1000FFF772F851EC100B10BD82B0CDE9000174
:10FE200021F0004001909DED000B02B051EC100B51
:10FE300070470000000000004FBB610567ACDD3F6C
:10FE4000182D4454FB21E93F9BF681D20B73EF3F01
:10FE5000182D4454FB21F93FE2652F227F2B7A3C79
:10FE6000075C143326A6813CBDCBF07A8807703C32
:10FE7000075C143326A6913CC4EB98999999C9BFA5
:10FE8000711623FEC671BCBF6D9A74AFF2B0B3BFDA
:10FE90009AFDDE522DDEADBF2F6C6A2C44B4A2BF9A
:10FEA0000D5555555555D53FFF8300922449C23F06
:10FEB0006E204CC5CD45B73F513DD0A0660DB13F3A
:10FEC000EB0D76244B7BA93F11DA22E33AAD903F4C
:10FED0000000000000000000000000006E83F9A296
:10FEE0002915444ED15727FCC0DD34F5999562DBC6
:10FEF0004190433CAB6351FE18FF00080000002016
:10FF000094040000F0ED000848000108940400206B
:10FF1000349F01006CF90008411BFF01041A020420
:10FF20001A03041A04041A05041A06041A07041A08
:10FF300008041A09041A0A041A0B041A0C041A0DEC
:10FF4000041A0E041A0F041A10041A11041A1204C7
:10FF50001A130422141A8448C1195F01D11AFCE44F
:10FF60001A2CD91A200823F8021A5E0C1A12081A41
:10FF7000B8081AF8041AB80C32A132E229081AE0BB
:10FF80001429041A5A181A580432A01A62081913AC
:10FF9000111ADA081ACB041AD60D1A1C081AB3085B
:10FFA0001A0E041A18045AA458013C62FE223F1A81
:10FFB0008004111A400819041AA0041AC0041B2056
:10FFC000410C19041AF0042334421A700434F0422C
:10FFD0006452C83AA010298314A08601051C35FA82
:10FFE0008E3C4B30750409161C81023B11234201E3
:10FFF00072691A1C991A2C1081299D320A89C0A194
:020000040801F1
:10000000292729042AEE1C29D1D90C32FA5AC60C08
:1000100032A0632A0332F05AAF180134298C1A90A7
:10002000791A3E5003931405847A030A6809010281
:100030000304060708090CA910C11AAA010111023C
:080040003E281AFF01410000F7
:040000050800018965
:00000001FF
