:020000040800F2
:10000000E8EC0020F19100084502000847020008D2
:100010004B0200084F0200085302000800000000D5
:100020000000000000000000000000009D0100082A
:100030005702000800000000E10100080BC20008A0
:100040000B9200080B9200080B9200080B9200081C
:100050000B9200080B9200080B9200080B9200080C
:10006000A9040008ED0400080B9200081903000819
:10007000FB0200085B0300080B92000875020008F1
:100080000B920008810200080B9200080B920008F6
:100090000B9200080B9200080B9200080B920008CC
:1000A0000B920008C5030008F10300080B9200083A
:1000B000F3030008210400084D0400080B92000817
:1000C0000B9200080B9200080B920008A504000890
:1000D0000B9200085D0200080B9200080B920008CA
:1000E0000B9200080B9200080B9200080B9200087C
:1000F0000B9200080B9200080B92000837030008CF
:100100000B9200080B92000879040008A70400086D
:100110000B9200080B92000897030008A303000845
:100120000B9200089B020008CD0200080B92000809
:100130000B9200080B9200080B9200080B9200082B
:100140000B9200080B9200080B9200080B9200081B
:10015000ED0200080B9200080B9200080B920008B9
:100160000B9200080B9200080B9200080B920008FB
:100170000B9200080B9200080B9200080B920008EB
:100180000B9200080B920008DFF80CD00DF062FB18
:1001900000480047018F0008E8EC0020234B196855
:1001A0000868B0E8F04F80F309884FF0000080F352
:1001B000118870470000000003480068006880F361
:1001C000088862B600DF00BF08ED00E0DFF80C0031
:1001D000016841F470010160704700BF88ED00E0E4
:1001E000EFF30980114B1A681EF0100F08BF20EDC5
:1001F000108A20E9F04F106008B54FF0140080F32A
:1002000011880CF0CAFB4FF0000080F31188BDE8A4
:10021000084019680868B0E8F04F1EF0100F08BFDA
:10022000B0EC108A80F30988704700BFFC030020FF
:10023000EFF311804FF0140181F31188704780F3C0
:1002400011887047704700BFFEE700BFFEE700BFA0
:10025000FEE700BFFEE770477047704710B540F2F9
:100260002551A3480BF0E5F818B12021A0480BF068
:10027000D7F810BD10B59F499F480AF00FF810BD80
:1002800010B59E499C48303009F0DEFF20B19B49F3
:10029000994830300AF002F810BD10B598499948D5
:1002A00009F0D2FF88B19649964809F0F7FF01F0AE
:1002B0001DFF0021934809F01DFF0421914809F01A
:1002C0003AFF01218F4809F015FF10BD10B58E4986
:1002D0008C48183009F0E2FF8C4840788B49097847
:1002E00040EA012000B28A49088010BD10B5894952
:1002F0008448603009F0D2FF10BD10B580497E48B7
:10030000483809F0A1FF30B17D497B48483809F0F1
:10031000C5FF00F0B9FA10BD10B57F4976486038C6
:1003200009F092FF30B17C497348603809F0B6FF9C
:1003300001F0DCFE10BD10B578496F48483009F077
:1003400083FF48B100216C48483009F0D3FE73495F
:100350006948483009F0A2FF10BD10B56A496648E7
:10036000303809F071FFA8B167496348303809F0A7
:1003700095FF01F0E4FC00215F48303809F0BAFE37
:1003800008215D48303809F0D6FE01215A4830383E
:1003900009F0B0FE10BD10B5012161480AF0A6FDBC
:1003A00010BD10B501215F480AF0A0FD7A20504928
:1003B000888001215C480AF04BFF01215B480AF06C
:1003C00047FF10BD10B5012159480AF08FFD58486C
:1003D000008800F0100028B156480068401E5549BA
:1003E000086004E053480068401C5249086010BD92
:1003F000704710B5012188070AF078FD4FF0804062
:10040000008800F0100028B14B480068401E4A499F
:10041000086004E048480068401C4749086010BD77
:1004200010B5012145480AF061FD4448008800F0FC
:10043000100028B142480068401E4149086004E0AD
:100440003F480068401C3E49086010BD10B50121BE
:100450003C480AF04BFD3B48008800F0100028B1F2
:1004600039480068401E3849086004E03648006892
:10047000401C3549086010BD10B5012133480AF011
:1004800035FD3248008800F0100028B1304800687F
:10049000401E2F49086004E02D480068401C2C498C
:1004A000086010BD7047704710B5042009F08EFF3A
:1004B000D8B12021274809F012F80421264808F075
:1004C000E9FF012804D1002116480AF08FF809E05D
:1004D0000421214808F0DEFF20B912480AF08AF80A
:1004E0001E49086004201E49086010BD70470000C6
:1004F0000010014020800020706002400080202019
:100500000088001028640240008020101C06002093
:100510008C0000200088002020800010008000282F
:10052000001000400014004000480040001401404A
:10053000000001406C00002070000020000400401A
:10054000740000200008004088000020000C0040DB
:100550007800002000000240000C024068000020EB
:10056000143C014070B5044620460CF0FFFD0546E2
:100570002146F8480CF001FEA0B195222146F5482D
:100580000CF0E8FD0021F44809F0B4FDF148F2490F
:100590000C310860F048B838C0F8BC500121EE4872
:1005A00009F0A8FD70BD70B50446002510E0605D3F
:1005B00068B1615DE9480AF076FE00BF8021E74836
:1005C0000AF021FF0028F9D0681CC5B200E070BD18
:1005D000EDE770B5044600250FE05CB12146DF4829
:1005E0000AF061FE00BF8021DC480AF00CFF002801
:1005F000F9D000E070BD681CC5B2032DEDDB00BF73
:10060000F8E713B50C460020FFF7E3FFD4A0FFF78F
:10061000CAFF2346D3A29621D3480DF059F9D248F8
:10062000FFF7C1FFD1A0FFF7BEFFCEA29621CE48B3
:10063000009B0DF04DF9CC48FFF7B5FFCDA0FFF7BB
:10064000B2FFFF20FFF7C5FFFF20FFF7C2FFFF202B
:10065000FFF7BFFF1CBD70B505460C46C0A0FFF7F5
:10066000A2FF2246BFA1C0480DF04AF9BE48FFF7DD
:100670009AFFBEA0FFF797FF2846FFF794FFBDA0A3
:10068000FFF791FFFF20FFF7A4FF70BD77B585B09E
:100690000546FF26B5A103C9CDE90301B5A0006851
:1006A0000290AFA00068019000240AE00020B24947
:1006B0000855B2490855AC490855A6490855601C6B
:1006C000C4B21E2CF2DB0A20A7490870FF20487034
:1006D0008870C870A3A1A948079A0DF011F9A7491D
:1006E00001A80CF02BFD01A99F480CF027FD03A9E0
:1006F0009D480CF023FD29469B480CF01FFD99A155
:100700009E48069A0DF0FCF89C4997480CF016FD9F
:1007100002A995480CF012FDFF2097490870487017
:10072000887091480CF00AFD8F48FFF71BFF08B056
:1007300070BDF7B584B005460E46FF278BA103C9EF
:10074000CDE902018BA00068019085A000680090AF
:10075000002408E000208849085588490855824946
:100760000855601CC4B20A2CF4DB0A207E490870CC
:10077000FF2048708870C8707AA18048069A0DF0F2
:10078000BFF87E4968460CF0D9FC694676480CF003
:10079000D5FC02A974480CF0D1FC294672480CF033
:1007A000CDFC314670480CF0C9FC01A96E480CF034
:1007B000C5FCFF2070490870487088700020C87020
:1007C000087169480CF0BAFC6748FFF7CBFE07B028
:1007D000F0BD01B58EB06AA2322101A80E9B0DF0CA
:1007E00077F801A8FFF7BEFE0FB000BD73B584B067
:1007F0000546FF265DA103C9CDE902015DA00068A1
:10080000019057A00068009000240AE000205A4997
:1008100008555A490855544908554E490855601C11
:10082000C4B21E2CF2DB0A204F490870FF2048702A
:100830008870C8704BA15148059A0DF061F84F4976
:1008400068460CF07BFC694647480CF077FC02A92F
:1008500045480CF073FC294643480CF06FFC4749AF
:1008600041480CF06BFC01A93F480CF067FCFF20ED
:1008700041490870487088703B480CF05FFC3A486A
:10088000FFF770FE06B070BD10B52DED0C8B82B079
:100890003E4800783D49497808443C4989780844F5
:1008A0003A49C978084439490979084437494979A6
:1008B00008443649897908443449C9790844334998
:1008C000097A0844C0B201903048007A00F00F0065
:1008D00000909FED2F0AB0EE40DA2C48407A019943
:1008E000884271D12948007A00F00F000D286BD1A1
:1008F00026488078C0F17F0000EE100AB8EEC08A6A
:100900002248C078813800EE100AF8EEC08AB5EEB1
:10091000C08AF1EE10FA03D1B7EE000AB0EE408AB9
:10092000F5EEC08AF1EE10FA03D1B7EE000AF0EE50
:10093000408ABDEEC80A10EE102A002A01DB1346D9
:1009400000E05342BDEEE80A10EE100A002821DB59
:10095000044620E072050020B860024000500040CC
:1009600074000000256400003C0400202E7478749C
:100970003D2200002200000022050020FA04002091
:100980006A302E76616C3D25640000005D06002013
:10099000DB0F49404442191901EBD1735B10F94C4C
:1009A0002360BDEEE80A10EE101A002901DB0A46AA
:1009B00000E04A42322A0FDABDEEC80A10EE100AF1
:1009C000002802DB024601E02FE04242322A03DA2D
:1009D0000020ED49086030E018EE900A0CF093FD1D
:1009E00041EC1B0B18EE100A0CF08DFD41EC1C0BBA
:1009F000B0EE4B1AF0EE6B1AB0EE4C0AF0EE6C0A49
:100A00000DF02AF9B0EE40AAF0EE60AA9FEDDF0BE0
:100A100053EC102B51EC1A0B0CF064FC41EC190B4D
:100A20000CF052FDD849086007E09DF800000D2841
:100A300003D00021D7480AF00BFC02B0BDEC0C8BB0
:100A400010BDD548007A00F00F000D2806D1D2481D
:100A5000007800F0010008B10D2070470020FCE78D
:100A6000CD48007800F0100008B100207047012048
:100A7000FCE71CB54FF0804009F0BCFDC749096890
:100A800040EA01400C2190FBF1F00090002418E0B6
:100A90004FF0804009F0AEFDC049096840EA0140CE
:100AA0000C2190FBF1F00190DDE90021881A00286B
:100AB00001DB014600E04142052900DA641C01988F
:100AC0000090022CE4DB019840421CBD1CB5B448E8
:100AD00009F090FDB349096840EA01400C2190FB00
:100AE000F1F00090002417E0AD4809F083FDAD4916
:100AF000096840EA01400C2190FBF1F00190DDE92A
:100B00000021881A002801DB014600E04142052946
:100B100000DA641C01980090022CE5DB01981CBDF2
:100B20001CB5A14809F066FDA049096840EA0140EA
:100B30000C2190FBF1F00090002417E09A4809F096
:100B400059FD9A49096840EA01400C2190FBF1F0F7
:100B50000190DDE90021881A002801DB014600E050
:100B60004142052900DA641C01980090022CE5DB63
:100B700001981CBD1CB58E4809F03CFD8D490968E3
:100B800040EA01400C2190FBF1F00090002417E0B6
:100B9000874809F02FFD8749096840EA01400C2188
:100BA00090FBF1F00190DDE90021881A002801DBBB
:100BB000014600E04142052900DA641C01980090DA
:100BC000022CE5DB01981CBD01B581B0002000902E
:100BD000019800EBC0004000009002E00098401E29
:100BE000009000980028F9D10CBD01B581B000201B
:100BF000009044F2506101984843009002E0009850
:100C0000401E009000980028F9D10CBD1CB50121B0
:100C10001F2008F023FE4FF6FF70009001208DF892
:100C2000040000208DF8060001208DF80700032045
:100C30008DF805006946604808F0CAFB4FF6FF7062
:100C4000009001208DF8040000208DF8060001209E
:100C50008DF8070003208DF805006946574808F015
:100C6000B7FB4FF6FF70009001208DF804000020C4
:100C70008DF8060001208DF8070003208DF805008F
:100C800069464F4808F0A4FB1CBD1CB501217E201D
:100C900008F0E4FD4FF4CE50009000208DF80400E1
:100CA00001208DF8070002208DF8050069464548AF
:100CB00008F08EFB4FF6C740009000208DF804002E
:100CC00001208DF8070002208DF8050069463A489A
:100CD00008F07EFB0420009000208DF80400012025
:100CE0008DF8070002208DF805006946334808F0AA
:100CF0006FFB4FF44C40009000208DF80400012061
:100D00008DF8070002208DF8050069462C4808F090
:100D10005FFB1CBD1FB54FF4E06008F07BFA362086
:100D20008DF8000000208DF801008DF802000120F0
:100D30008DF80300684608F072FA0121102008F0CF
:100D4000C0FD3220ADF8040040F2E73002900020F0
:100D5000ADF80C00ADF8060001A91B4809F0FDFB39
:100D6000012119480AF0C2F80122114616480AF07A
:100D700095F80021144809F039FC0121124809F0C6
:100D800075FC1FBDC8000020C400002000000080CA
:100D9000A9E78140004800405D0600207000002067
:100DA000000400407400002000080040880000207B
:100DB000000C0040780000200004024000080240BF
:100DC000000C024000000240001000401FB54FF42C
:100DD000E06008F01FFA37208DF8000000208DF841
:100DE00001008DF8020001208DF80300684608F02C
:100DF00016FA0121202008F064FD3220ADF804002D
:100E000040F2E73002900020ADF80C00ADF806008B
:100E100001A9FE4809F0A1FB0121FC480AF066F88F
:100E200001221146F9480AF039F80021F74809F083
:100E3000DDFB0121F54809F019FC1FBD00B58BB0A1
:100E40000121022008F04EFD01210C2008F006FDD2
:100E500003220621EE4808F046FB03220721EC4856
:100E600008F041FB03220821E94808F03CFB03227B
:100E70000921E74808F037FB4FF470700690022014
:100E80008DF81C0003208DF81D0000208DF81E0039
:100E900001208DF81F0006A9DD4808F099FAA4206A
:100EA000ADF8200040F6B83009904FF48070ADF8EE
:100EB00028000020ADF8220008A9D64809F04DFB13
:100EC0006020ADF804000120ADF80600002003907A
:100ED000ADF810000121CF4809F0C8FB0021CD4832
:100EE00009F084FB01A9CB4809F0CCFB01A9C94852
:100EF00009F001FC01A9C74809F04AFC01A9C5484D
:100F000009F0ACFC0121C34809F0A1FF0BB000BD02
:100F100000B58BB00121082008F0D3FC0121084660
:100F200008F09CFC02220021BB4808F0DCFA0222F7
:100F30000121B94808F0D7FA02221146B64808F054
:100F4000D2FA02220321B44808F0CDFA0F2006900D
:100F500002208DF81C0003208DF81D0000208DF864
:100F60001E0001208DF81F0006A9AB4808F030FADA
:100F7000BA20ADF8200042F2107009900020ADF8C0
:100F80002800ADF8220008A9A44809F0E6FA60207C
:100F9000ADF804000120ADF8060000200390ADF884
:100FA000100001219D4809F061FB00219B4809F0D8
:100FB0001DFB01A9994809F065FB01A9974809F0B3
:100FC0009AFB01A9954809F0E3FB01A9934809F0B0
:100FD00045FC0121914809F03AFF0BB000BD00B576
:100FE0008BB00121042008F06CFC01210D2008F0D9
:100FF00035FC02220C218A4808F075FA02220D21E4
:10100000874808F070FA02220E21854808F06BFA32
:1010100002220F21824808F066FA4FF470400690D1
:1010200002208DF81C0003208DF81D0000208DF893
:101030001E0001208DF81F0006A9794808F0C8F9A4
:10104000A420ADF8200040F6B83009904FF480702D
:10105000ADF828000020ADF8220008A9714809F079
:101060007CFA6020ADF804000120ADF806000020F5
:101070000390ADF8100001216A4809F0F7FA002149
:10108000684809F0B3FA01A9664809F0FBFA01A91A
:10109000644809F030FB01A9624809F079FB01A915
:1010A000604809F0DBFB0BB000BD00B589B0012141
:1010B000080408F017FC0121084608F0CFFB0322C2
:1010C0001146554808F00FFA03220221524808F051
:1010D0000AFA0C20019002208DF8080003208DF8F8
:1010E000090000208DF80A0001208DF80B0001A9ED
:1010F000494808F06DF90020ADF818004FF6FF7070
:1011000007900020ADF82000ADF81A0006A9464867
:1011100009F023FA0420ADF80C000020ADF80E0011
:10112000C820ADF814000120ADF8100003A93E4816
:1011300009F0EAFD00231A4603213C4809F081FF2B
:1011400001213A4809F0D2FE01221146374809F040
:10115000A5FE0121344809F089FA0021334809F03D
:1011600045FA09B000BD00B589B00121084608F074
:10117000A8FB0121022008F0A4FB0121032008F0B4
:101180006DFB01220F21244808F0ADF90122032153
:10119000274808F0A8F902220421254808F0A3F9FD
:1011A00002220521224808F09EF9382001900220F1
:1011B0008DF8080003208DF8090000208DF80A0042
:1011C00001208DF80B0001A9194808F001F94FF42E
:1011D0000040019002208DF8080003208DF80900DE
:1011E00000208DF80A0001208DF80B0001A90A48A3
:1011F00008F0EEF80020ADF818004FF6FF700790E9
:101200000020ADF82000ADF81A0013E000140040F3
:10121000000802400004014000000240000C0040B1
:10122000000C024000080040000001400040014066
:101230000004024006A94FF0804009F08EF906A98B
:10124000FE4809F08AF90420ADF80C000220ADF840
:101250000E001420ADF814000120ADF8100003A911
:10126000800709F051FD03A9F44809F04DFD022360
:101270001A460321580709F0E4FE02231A46032107
:10128000EE4809F0DEFE0121880709F02FFE01215A
:10129000EA4809F02BFE01221146900709F0FEFDF5
:1012A00001221146E54809F0F9FD0121880709F0FE
:1012B000DDF90121E14809F0D9F900214FF0804022
:1012C00009F094F90021DD4809F090F94FF4C0606D
:1012D00007F0A0FF1D208DF8000003208DF801000D
:1012E00000208DF8020001208DF80300684607F009
:1012F00096FF1C208DF8000004208DF801000020CE
:101300008DF8020001208DF80300684607F087FF82
:1013100009B000BD00B589B00121084608F0E2FA25
:101320000121102008F09AFA4FF420600190022069
:101330008DF8080003208DF8090000208DF80A00C0
:1013400001208DF80B0001A9BD4808F041F80122E9
:101350000921BB4808F0C7F801220B21B84808F062
:10136000C2F80020ADF818004FF6FF70079000207B
:10137000ADF82000ADF81A0006A9B24809F0EDF862
:101380000420ADF80C000020ADF80E000A20ADF8E6
:1013900014000120ADF8100003A9AA4809F0B4FC1C
:1013A00000231A460321A74809F04BFE0121A54856
:1013B00009F09CFD01221146A24809F06FFD0121B0
:1013C000A04809F093FD012211469E4809F066FDF0
:1013D00001219C4809F04AF900219A4809F006F9D0
:1013E0004FF4C06007F016FF19208DF800000120AF
:1013F0008DF8010000208DF8020001208DF8030017
:10140000684607F00CFF09B000BD00B589B00121A6
:10141000042008F056FA0121082008F01FFA4FF4C2
:101420004050019002208DF8080003208DF809003B
:1014300000208DF80A0001208DF80B0001A98248D8
:1014400007F0C6FF0020ADF818004FF6FF700790B8
:101450000020ADF82000ADF81A0006A97B4809F07D
:101460007CF802220C21784808F03DF802220D2178
:10147000754808F038F80420ADF80C000220ADF8EB
:101480000E00C820ADF814000120ADF8100003A92B
:101490006E4809F039FC02231A4603216B4809F013
:1014A000D0FD0121694809F021FD0122114667485C
:1014B00009F0F4FC0121654809F0D8F800216348DF
:1014C00009F094F8002061491431088001205F4937
:1014D00008804FF4C06007F09DFE1E208DF80000CC
:1014E00004208DF8010000208DF8020001208DF805
:1014F0000300684607F093FE09B000BD00B589B04F
:101500000121082008F0DDF90121084608F0A6F9BC
:101510000320019002208DF8080003208DF80900B7
:1015200000208DF80A0001208DF80B0001A9484821
:1015300007F04EFF0020ADF818004FF6FF7007903F
:101540000020ADF82000ADF81A0006A9414809F0C6
:1015500004F8022200213E4807F0C5FF02220121C3
:101560003B4807F0C0FF0420ADF80C000220ADF8A6
:101570000E00C820ADF814000120ADF8100003A93A
:10158000344809F0C1FB02231A460321314809F00F
:1015900058FD01212F4809F0A9FC012211462D48D0
:1015A00009F07CFC01212B4809F060F80021294852
:1015B00009F01CF800202749143108800120254932
:1015C00008804FF4C06007F025FE32208DF800003F
:1015D00004208DF8010000208DF8020001208DF814
:1015E0000300684607F01BFE09B000BD00B59BB0C4
:1015F0000121194808F032F90121080208F072F9B6
:101600000020029015480390154804900020059092
:101610000A200690002007904FF480600890400058
:10162000099080000A9040110B9040020C9000201D
:101630000D9001200E9000200F9013E00004004058
:101640000010024000000140000C02400008004071
:1016500000000240000C0040050040004C2001400A
:1016600008060020109002A9FE4808F009FD01219B
:10167000FC4808F03FFDFC20009003208DF804009A
:1016800000208DF807006946F74807F0A1FE3C20CE
:10169000009003208DF8040000208DF807006946B3
:1016A000F24807F095FE00201190129013901490CC
:1016B00011A808F04BFA4FF08070159001208DF8BA
:1016C00058008DF8590000201790189019900A20A2
:1016D0008DF8680015A9E64808F009FA00230122F0
:1016E0000221E34808F089FA002302220321E0489E
:1016F00008F083FA002303220421DD4808F07DFA74
:10170000002304220521DA4808F077FA0023052295
:101710000621D74808F071FA002306220721D44891
:1017200008F06BFA002307220C21D14808F065FA73
:10173000002308220D21CE4808F05FFA0023092279
:101740000E21CB4808F059FA00230A220F21C8487D
:1017500008F053FA0121C64808F0FAFA0121C448FA
:1017600008F0EBFA0121C24808F007FAC04808F077
:10177000A0FA1BB000BD08B54FF4E06007F04AFDC9
:1017800025208DF8000000208DF801008DF8020062
:1017900001208DF80300684607F041FD08BD10B533
:1017A00096B004460121102008F09CF8012108465B
:1017B00008F054F80121880508F050F84FF4C06093
:1017C000009002208DF8040000208DF806008DF8AE
:1017D000070002208DF805006946A34807F0F8FDD0
:1017E00007220921A04807F07EFE07220A219E4811
:1017F00007F079FE02940020ADF80C00ADF80E0061
:10180000ADF81000ADF814000C20ADF8120002A9DC
:10181000984809F095FC0121964809F019FD4FF40C
:10182000A06007F0F7FC3A208DF8180000208DF832
:1018300019008DF81A0001208DF81B0006A807F08A
:10184000EEFC8848303008F079FB4FF000600790DC
:1018500000200A90884809900A200B908548001DB6
:10186000089000200C904FF480600D9000200E90A6
:101870000F904FF48070109040021190042012904D
:101880000320139000201490159007A9754830305C
:1018900008F0F6FB01224021764809F086FD01227E
:1018A00010217048303008F0B2FC01216D48303012
:1018B00008F020FC16B010BD10B596B0044601210A
:1018C000480507F0CBFF0121480407F0FAFF01218A
:1018D000082007F0C3FF6020009002208DF804006C
:1018E00000208DF806008DF8070002208DF8050015
:1018F0006946624807F06CFD072205215F4807F042
:10190000F2FD072206215D4807F0EDFD029400205C
:10191000ADF80C00ADF80E00ADF81000ADF81400F5
:101920000C20ADF8120002A9554809F009FC01216C
:10193000534809F08DFC4FF4A06007F06BFC1120B8
:101940008DF8180000208DF819008DF81A0001207C
:101950008DF81B0006A807F062FC4A4808F0EEFA72
:101960004FF00060079040200A90474809905020AF
:101970000B904348001D089000200C904FF48060AD
:101980000D9000200E900F904FF480701090400248
:1019900011900420129003201390002014901590B1
:1019A00007A9384808F06CFB01228021344809F06F
:1019B000FCFC01228021324809F0F7FC01221021B1
:1019C000304808F024FC01212E4808F093FB16B0A3
:1019D00010BD10B596B004460121880407F071FFD0
:1019E0000121082007F03AFF0121480507F036FFE2
:1019F0004FF44070009002208DF8040000208DF814
:101A000006008DF8070002208DF8050069461B4886
:101A100007F0DEFC07220821184807F064FD0722C2
:101A20000921164807F05FFD02940020ADF80C0074
:101A3000ADF80E00ADF81000ADF814000C20ADF8B4
:101A4000120002A9114809F07BFB01210F4809F09F
:101A5000FFFB4FF4A06007F0DDFB0C208DF81800B1
:101A6000002015E01064024000000240000802401F
:101A700000200140001001401C060020000C024024
:101A800000440040A06002400400002000480040E4
:101A90008DF819008DF81A0001208DF81B0006A89A
:101AA00007F0BDFBFE4808F049FA4FF000600790D0
:101AB00000200A90FB4809900A200B90FA480890F1
:101AC00000200C904FF480600D9000200E900F903D
:101AD0004FF4807010904002119004201290032067
:101AE000139000201490159007A9ED4808F0C8FA4B
:101AF00001224021EC48001F09F057FC012240213F
:101B0000E948001F09F051FC01221021E44808F0C7
:101B10007EFB0121E24808F0EDFA16B010BD10B5C9
:101B200096B004460121C80407F0CBFE0121042031
:101B300007F094FE0121480507F090FE4FF4406045
:101B4000009002208DF8040000208DF806008DF82A
:101B5000070002208DF805006946D44807F038FCDC
:101B600008220A21D14807F0BEFC08220B21CF48E9
:101B700007F0B9FC02940020ADF80C00ADF80E009F
:101B8000ADF81000ADF814000C20ADF8120002A959
:101B9000C74809F0D5FA0121C54809F059FB4FF4AF
:101BA000A06007F037FB0D208DF8180003208DF89A
:101BB000190001208DF81A008DF81B0006A807F007
:101BC0002EFBB748183008F0B9F94FF000600790C5
:101BD00000200A90B748099008200B90B448001DD7
:101BE000089000200C904FF480600D9000200E9023
:101BF0000F9010904FF400301190002012900320AD
:101C0000139000201490159007A9A548183008F0EB
:101C100037FA01224021A64809F0C7FB01228021A2
:101C2000A34809F0C2FB012210219D48183008F09A
:101C3000EEFA01219A48183008F05CFA16B010BD8F
:101C400030B59D4B1B68642B00DB30BD9B4B1B8864
:101C500003EB83039A4C23449870984B1B8803EB47
:101C600083032344D970954B1B8803EB83032344E0
:101C70001A71924B1B885B1C642493FBF4F504FBE4
:101C800015338E4C23808C4B1B685B1C8A4C236065
:101C900000BFDAE701468848006808B900207047AD
:101CA0008848008800EB8000854A104402680A607A
:101CB000007908710120F2E701467F48006808B901
:101CC000002070477F48008800EB80007C4A104469
:101CD00002680A60007908717A480088401C642212
:101CE00090FBF2F302FB1300764A10807248006802
:101CF000401E714A10600120E3E70CB5724800787D
:101D000000B10CBD6846FFF7C5FF70B19DF8040037
:101D10006E4908709DF802006D4908709DF8030037
:101D20006C49087001206849087000BFE9E70CB5EC
:101D30006846FFF7C1FF0020634908700CBD10B56D
:101D40005C4800785B49497808445A4989780844D6
:101D50005849C97808445749097908445549497987
:101D60000844C4B253480078022800D010BD51483E
:101D7000C079032800D0F9E74E488079A0421CD1F1
:101D80004C484078544908704A4880785349087054
:101D90004848C0784E490870464800794D49087057
:101DA000444840794E49087008460278494801780D
:101DB00047480078FFF744FF06E0FF2044490870D9
:101DC000444908704649087000BFCFE710B596B087
:101DD00004460121480507F041FD0121080507F0EF
:101DE00070FD01210C2007F039FD04200090022035
:101DF0008DF8040000208DF806008DF80700022001
:101E00008DF805006946374807F0E2FA4FF4805034
:101E1000009002208DF8040000208DF806008DF857
:101E2000070002208DF805006946204807F0D0FA27
:101E3000082202212B4807F056FB08220C211B48E0
:101E400007F051FB4FF4A06007F0E4F92F208DF864
:101E5000180005208DF819008DF81A0001208DF862
:101E60001B0006A807F0DBF90B208DF818000520F1
:101E70008DF819008DF81A0001208DF81B0006A8B6
:101E800007F0CDF902940020ADF80C00ADF80E007B
:101E9000ADF81000ADF814000C20ADF8120023E0EE
:101EA000286002405D06002004480040000802400F
:101EB000004C00407F0100208C0100209001002098
:101EC0006C06002092010020950100209401002062
:101ED000890100208A01002087010020880100205C
:101EE0008B010020000C024002A9F84809F028F9F3
:101EF0000121F64809F0ACF9F54808F01FF84FF059
:101F00000060079040200A90F24809900A200B9048
:101F1000EE48001D089000200C904FF480600D905A
:101F200000200E900F9010904FF400301190002080
:101F300012900320139000201490159007A9E448F4
:101F400008F09EF8E248A83807F0F8FF4FF000606C
:101F5000079000200A90E048099005200B90DB488C
:101F6000001D089000200C904FF480600D90002020
:101F70000E900F9010904FF40030119000201290AE
:101F80000320139000201490159007A9D048A8387A
:101F900008F076F801228021CC4809F006FA0122E7
:101FA0004021CA4809F001FA01221021C84808F06E
:101FB0002EF901221021C648A83808F028F901217D
:101FC000C34808F097F80121C148A83808F092F8F2
:101FD00016B010BD10B596B004460121202007F0C0
:101FE00081FC0121042007F039FC0121880507F05C
:101FF00035FCC020009002208DF8040000208DF8F0
:1020000006008DF8070002208DF805006946B348E8
:1020100007F0DEF908220621B04807F064FA08222A
:102020000721AE4807F05FFA02940020ADF80C00DB
:10203000ADF80E00ADF81000ADF814000C20ADF8AE
:10204000120002A9A64809F07BF80121A44809F072
:10205000FFF84FF4A06007F0DDF839208DF8180084
:1020600003208DF8190001208DF81A008DF81B004F
:1020700006A807F0D4F89B4807F060FF4FF02060F7
:10208000079000200A909848099004200B909448EB
:10209000001D089000200C904FF480600D900020EF
:1020A0000E900F9010904FF400301190002012907D
:1020B0000320139000201490159007A9894807F079
:1020C000DFFF01224021864809F06FF901228021BB
:1020D000834809F06AF901221021824808F097F834
:1020E0000121804808F006F816B010BD0CB500209C
:1020F000019000907C480078022812D17A484078FC
:1021000001907948C0787849897840EA01200090A8
:102110009DF8040075490870BDF8000074490880F6
:1021200004E0042071490870714908800CBD00B5B5
:1021300085B00121082007F091FB0121880307F0F9
:10214000D1FB00208DF8100001208DF813000C2029
:10215000039003A9674807F03BF90221032009F027
:10216000BDF90420009000208DF8040010208DF8A7
:10217000050001208DF80600684608F0C1F8082027
:102180008DF8080000208DF809008DF80A00012064
:102190008DF80B0002A807F042F805B000BD70B53D
:1021A00004460D46012C0BD12946534809F07BF813
:1021B00000BF4021504809F026F90028F9D028E056
:1021C000032C0BD129464D4809F06DF800BF402182
:1021D0004A4809F018F90028F9D01AE0042C0BD16C
:1021E0002946474809F05FF800BF4021444809F0FC
:1021F0000AF90028F9D00CE0052C0AD12946334809
:1022000009F051F800BF4021304809F0FCF80028DF
:10221000F9D070BD00203B4948623B4908603B490A
:1022200008603B49086070470020364948623649DB
:1022300008604FF0804148623649086036490860BE
:1022400036490860314908603149086034490860FE
:1022500034490860704700204FF0804148622D49A2
:102260000860704700202C4908602C4908607047BE
:1022700010B500202C490870002407E061210120DE
:10228000FFF78DFF3220FEF7B0FC641C022CF5D363
:102290000120254908707A202449087010BD10B526
:1022A000002023490870002407E061210320FFF784
:1022B00076FF3220FEF799FC641C022CF5D3012036
:1022C0001B4908707A201B49087010BD005000405F
:1022D000B86002407205002060080020000802403B
:1022E0000014014028640240960100209A01002059
:1022F0009C010020000C02400010014000480040FA
:10230000004C0040000001406C0000202408004008
:102310008800002070000020240400407400002089
:10232000240C004078000020910000209000002044
:1023300093000020920000202DE9F14FAEB0FAA0EA
:102340002D9000202C908DF888008DF860002E983C
:10235000122831D2DFE800F00931383F464D545D94
:10236000666F787F868D949BA4FE0221F74807F064
:1023700091F888B100224FF40041F54807F0A8F821
:102380004FF40041F24807F092F80446002221463B
:10239000F0A0FEF77BF90FE00122D103EC4807F033
:1023A00097F84FF40041EA4807F081F8044600220C
:1023B0002146F0A0FEF76AF96BE10122F5480168B9
:1023C000F5A0FEF763F964E10222F8480168F8A07D
:1023D000FEF75CF95DE10322F9480168F9A0FEF718
:1023E00055F956E10422FB480168FBA0FEF74EF9BF
:1023F0004FE10522FC480168FCA0FEF747F948E1DF
:10240000FEF737FB044606222146FDA0FEF73EF903
:102410003FE1FEF75BFB044607222146FBA0FEF7E7
:1024200035F936E1FEF7A6FB044608222146FAA05C
:10243000FEF72CF92DE1FEF773FB04460922214635
:10244000F8A0FEF723F924E10A22F9480168F9A06F
:10245000FEF71CF91DE10B22F9480168F9A0FEF70F
:1024600015F916E10C22FB480168FBA0FEF70EF9F6
:102470000FE10D22FB480168FBA0FEF707F908E118
:102480000E22FD480168FDA0FEF700F901E10F22D0
:10249000FD48B0F900004142FCA0FEF7F7F8F8E073
:1024A0000121FC4806F0F6FF4FF400511790A848B0
:1024B00006F0F0FF04460221F64806F0EBFF054661
:1024C0004FF48041A24806F0E5FF06460421F1489A
:1024D00006F0E0FF4FF400411690EE4806F0DAFFF8
:1024E00007460821EB4806F0D5FF80464FF48041AF
:1024F000E84806F0CFFF81461021E64806F0CAFF03
:102500004FF400511590E34806F0C4FF82460821BD
:10251000E14806F0BFFF4FF480511490DD4806F00B
:10252000B9FF10211390DC4806F0B4FF4FF480612E
:102530001290D84806F0AEFF83468021D54806F0B9
:10254000A9FF4FF480711190D24806F0A3FF1090BC
:10255000179800E020E0CDE90B65CDE90D40169815
:10256000CDE90798CDE90970DDE914211398CDE98B
:10257000042A06910390DDE91110CDE9001B0290B9
:10258000C6A2282122A8109B0BF0A2F9102222A992
:10259000CBA0FEF7CEF87CE080216C4806F07AFFF5
:1025A00004460121694806F075FF05464021674849
:1025B00006F070FF06464FF40041B74806F06AFF88
:1025C00007464FF48051BF4806F064FF80464FF441
:1025D00080615E4806F05EFF81464FF40061B948B5
:1025E00006F058FF4FF400611790584806F052FF6C
:1025F00082464FF48061A84806F04CFF83464FF4B2
:102600008051524806F046FF4FF400611690A248F0
:1026100006F040FF4FF4005115904C4806F03AFF89
:102620004FF4804114909C4806F034FF4FF48041F1
:102630001390464806F02EFF4FF480711290A14887
:1026400006F028FF4FF400411190404806F022FFA9
:10265000CDE90B76CDE90D5410901798CDE907A080
:10266000CDE9099814A807C803ABA3E80708DDE97A
:1026700011121398CDE90012029088A2282122A8F5
:10268000109B0BF025F9112222A98FA0FEF751F81B
:1026900000BF00BF2FB0BDE8F08F10B501218C48FE
:1026A00007F028FD10BD01B58A48006800998842EE
:1026B00003DD00208749086004E086480068401C6C
:1026C0008449086083480068FFF736FE08BD01B5FD
:1026D0009DF80000052801DA002008BD9DF80000E3
:1026E000FBE730B504461D4624B97B4800787B4B98
:1026F000D87011E0002C07DDE0B2FFF7E8FF774B60
:10270000D8700020987007E06342D8B2FFF7DFFF6F
:10271000724BD8700120987021B96F4800786F4BC8
:10272000D871EFE0DCE0000031313131313131314D
:10273000313131313131313131313131313130318A
:1027400031313131313131310000000000040240BB
:1027500000080240524F424F5420322044414E471D
:1027600020434841592053414E2058414E483A2079
:1027700020200000524F424F5420322044414E4707
:1027800020434841592053414E20444F3A202020B5
:1027900000000000B800002054726F206368616E72
:1027A000205472756F633A2000000000BC000020C6
:1027B00054726F206368616E205361753A20200067
:1027C000B000002054726F20786F617920746179B5
:1027D00020000000A401002064615F6C61795F74D7
:1027E00061793220000000008C010020636F756E5B
:1027F000745F646174615F75617274200000000031
:10280000454E434F4445525F464C2000454E434F92
:102810004445525F46522000454E434F4445525F67
:1028200052522000454E434F4445525F524C2000C7
:10283000A40000204C617A65722070686169000014
:102840009C0000204C617A6572207472756F632061
:1028500000000000A00000204C617A6572207472B4
:1028600061692000AC0000204C617A6572207472AE
:10287000756F63206E686F00A80000205175616E4F
:10288000672074726F3A00008C000020494D553A61
:102890000000000000100240000C02402564256486
:1028A00025642564256425642564256425642564E0
:1028B00025642564256425642564256400000000E2
:1028C000493A000000000240696E323A0000000000
:1028D000A060024084000020F401002004000020D9
:1028E000002907DDC8B2FFF7F2FEFE4BD8710120C8
:1028F000987107E04B42D8B2FFF7E9FEF94BD87167
:102900000020987122B9F8480078F64BD87211E08F
:10291000002A07DDD0B2FFF7DAFEF24BD8720120B1
:10292000987207E05342D8B2FFF7D1FEED4BD87250
:102930000020987225B9EC480078EA4BD87311E072
:10294000002D07DDE8B2FFF7C2FEE64BD873012089
:10295000987307E06B42D8B2FFF7B9FEE14BD8732A
:102960000020987330BDDF4AD070D071D072D07320
:102970007047DC48C07803280DDADA48C0790328AC
:1029800009DAD848C07A032805DAD648C07B03287C
:1029900001DA012070470020FCE70120D3490860DC
:1029A0007047D348006847F23051884201D0012077
:1029B00070470020FCE710B5FFF75AFC10BDCD486A
:1029C000B0F9000040427047B5EEC00AF1EE10FACF
:1029D00009D2C948D0ED000A70EE600AFDEEE00AA7
:1029E00010EE900A7047C448D0ED000A70EE200A3D
:1029F000FDEEE00A10EE900AF4E710B52DED0A8B1B
:102A0000044624B99FEDBD0ABDEC0A8B10BD002C15
:102A100025DABB4800680AF046FD41EC190B204658
:102A20000AF041FD41EC1C0B9FEDB60B53EC102B53
:102A30000AF058FC41EC1B0B9FEDB40B53EC102B30
:102A40000AF04AFC41EC1A0B53EC192B0AF0BCFCBF
:102A500041EC180B0AF06AFD00EE100AD4E7A84812
:102A600000680AF020FD41EC190B20460AF01BFD1E
:102A700041EC1C0B9FEDA30B53EC102B0AF032FC26
:102A800041EC1B0B9FEDA10B53EC102B0AF083FBC9
:102A900041EC1A0B53EC192B0AF096FC41EC180B85
:102AA0000AF044FD00EE100AAEE7F0EE400AF5EE43
:102AB000C00AF1EE10FA02DBB0EE600A7047B1EE28
:102AC000600AFBE70146002901DB084670474842DF
:102AD000FCE701468F48D0ED000AF1EE600A8E480F
:102AE000D0ED001A80EEA11A00EE901AF8EEE01A6E
:102AF0008848D0ED000A41EE210AB0EE600AFDEEF2
:102B0000C00A10EE900A7047B0EE402ADFED832A2B
:102B1000B0EE620AB5EEC02AF1EE10FA03D2F1EE81
:102B2000422AB0EE622AF5EEC00AF1EE10FA03D2A4
:102B3000F1EE602AF0EE620AB5EEC01AF1EE10FA7C
:102B400003D2F1EE412AB0EE621AF5EEC01AF1EEB0
:102B500010FA03D2F1EE612AF0EE621AB4EEC02A46
:102B6000F1EE10FA01DDB0EE420AF4EEC00AF1EE29
:102B700010FA01DDB0EE600AB4EEC01AF1EE10FA00
:102B800001DDB0EE410AF4EEC01AF1EE10FA01DDFB
:102B9000B0EE610A70475A480068704760480068A4
:102BA000704710B52DED028BB0EE408A504800689A
:102BB00047F2305188420ED19FED500A594880EDBE
:102BC000000A594880ED000A584880ED000A58482C
:102BD00080ED000A4AE05748006857490968401AE2
:102BE00043490968081A00EE100AB8EEC00AF0EE70
:102BF000408A5248D0ED000A88EEA00A5048D0ED35
:102C0000000A30EE200A4F48D0ED000A20EE200ADC
:102C1000F0EE408AB0EE680A0BF0BEF9F0EE000A62
:102C200020EE200A3F4880ED000AB0EE680A0BF063
:102C30000BF9F0EE000A20EE200A3B4880ED000A76
:102C4000384890ED000A4048D0ED000A30EE200AE6
:102C5000374880ED000A344890ED000A3A48D0ED3C
:102C6000000A30EE600A314880ED000AB5EEC08AF5
:102C7000F1EE10FA35D035480068052820D2DFE89B
:102C800000F00320728CA600294890ED000A30EE77
:102C9000080A80ED000A254890ED000A30EE480A47
:102CA00080ED000A204890ED000A30EE080A80ED21
:102CB000000A1C4890ED000A30EE480A80ED000A38
:102CC0009FE01A4890ED000A30EE480A80ED000AB5
:102CD000154890ED000A30EE080A80ED000A114810
:102CE00036E08FE004000020F401002058020020AC
:102CF0001C0200208C000020B40100200000000015
:102D0000080200209A9999999999B93F333333333E
:102D10003333D33FEC010020F00100206F12833ADF
:102D20003402002054020020500200204C020020F7
:102D3000480200203C02002028020020CC01002094
:102D4000D8010020FC0100203002002004020020F5
:102D500090ED000AFD48D0ED000A08EE600AFC483C
:102D600080ED000A4DE0FB4890ED000A30EE080AC5
:102D700080ED000AF84890ED000AF448D0ED000A12
:102D800008EE200AF44880ED000AF14890ED000AB0
:102D900030EE480A80ED000A33E0EE4890ED000A7C
:102DA00030EE080A80ED000AEC4890ED000AE74892
:102DB000D0ED000A08EE600AE84880ED000AE44819
:102DC00090ED000A30EE480A80ED000A19E0E14873
:102DD00090ED000ADD48D0ED000A08EE200ADD483B
:102DE00080ED000ADD4890ED000A30EE480A80EDE3
:102DF000000AD94890ED000A30EE080A80ED000A7A
:102E000000BF00BFD248D0ED001AD34890ED001AA1
:102E1000D248D0ED000ACF4890ED000AFFF774FECB
:102E2000CF48D0ED000AF8EEE00A80EE801ABDEE41
:102E3000C10ACC4880ED000ACB480068C94909683E
:102E4000884203DDC7480068C74908600120C749B8
:102E50000860BDEC028B10BD10B504460020C449CB
:102E60000860C4480460FCB90020BF4908601FED39
:102E70005D0AC14880ED000A47F23050BF49086042
:102E8000BF4908601FED630ABE4880ED000A0020BC
:102E9000BD490860BD490860BD490860BD4908607A
:102EA0001FED6A0AFFF77DFE10BD10B5B54890ED25
:102EB000000AB5EEC00AF1EE10FA05D1B24800687A
:102EC00010B9B248006890B11FED740AAD4880EDAA
:102ED000000A0020AC490860AC490860AE480068B0
:102EE000AE490860A74890ED000AFFF75AFE10BDF2
:102EF000AB48C0ED000AAB4880ED000A704770B5E2
:102F00002DED028B05460C46B0EE408A9B480068CA
:102F1000A8420BD196480068A04207D1964890ED90
:102F2000000AB4EE480AF1EE10FA18D09048046096
:102F30008D48006810B905208B49086096480068E4
:102F4000964908608C4880ED008A8C480560002016
:102F5000954908608B4890ED000AFFF722FEBDEC12
:102F6000028B70BD70B52DED028B0446B0EE408A29
:102F70000D4686480068A0420BD1824890ED000AB9
:102F8000B4EE480AF1EE10FA03D17F480068A84277
:102F90003AD07A48006847F23051884225D11E2045
:102FA000734908607048006810B90A206E490860CB
:102FB00047F23050844218DA012075490860B5EEB6
:102FC000C08AF1EE10FA03DD73480068A04208DC05
:102FD000B5EEC08AF1EE10FA07D26F480068A04241
:102FE00003DAB1EE480AB0EE408A684804606648E9
:102FF0000560644880ED008A00206B4908606148E4
:1030000090ED000AFFF7CDFDBDEC028B70BD10B551
:103010002DED028BB0EE408A04462146B0EE480A00
:1030200047F23050FFF79EFFBDEC028B10BD70B52C
:1030300004460D461FEDCF0A29462046FFF75FFFE5
:1030400070BD70B52DED088BF0EE408A0446B0EEF1
:10305000608AB0EE419A4A4890ED000AB8EEC00A84
:10306000B4EE680AF1EE10FA0DD141480068A042B2
:1030700009D1464890ED000AB8EEC00AB4EE480AFD
:10308000F1EE10FA5ED0BDEEE80A3D4880ED000A90
:10309000414991ED000AB8EEC00A38EEC00ABDEE13
:1030A000C00A10EE100A1FEDEB0A2146FFF727FFBA
:1030B000394890ED000AB8EEC00A38EE400ABDEE7D
:1030C000C00A10EE105A002D01DB284600E06842CD
:1030D000642814DD304890ED000AB8EEC00AB4EE62
:1030E000C08AF1EE10FA02DDB0EE490A01E0B1EE5D
:1030F000490A10EE101A08460AF005FA13E02648AD
:1031000090ED000AB8EEC00A38EE400A10EE101A30
:1031100008460AF0F8F941EC1B0B9FED240B53EC29
:10312000102B0AF0DFF841EC1A0B0AF0FFF909EE58
:10313000900A0021B0EE690AFDEEC80A10EE900A6E
:10314000FFF710FFBDEC088B70BD0000BC01002034
:103150005402002048020020500200204C020020AF
:10316000B001002010020020080200200002002010
:103170000C02002014020020300200201C0200205B
:10318000200200202C020020040200202402002043
:1031900034020020580200203C02002028020020B7
:1031A000EC010020F0010020180200207B14AE4743
:1031B000E17A743F10B5FE48006801283DDDFD4905
:1031C0000968FD4A1268881AFFF77CFC06280CDAA9
:1031D000F74801680068401CF54A1060B1F5FA7FB5
:1031E0002BDD0020FFF738FE10BDF1480068FA28FB
:1031F00008DD0520F1490860F1490860FB20EC4931
:10320000086004E00520ED490860ED490860EA48DF
:103210000068E8490968884205DDBFEE000AE94810
:1032200080ED000A04E0B7EE000AE64880ED000AEF
:10323000E44890ED000AFFF7B4FC00BFD4E710B5F6
:103240002DED028BE04890ED000AB5EEC00AF1EEDC
:1032500010FA08D1DA48006828B1D648006847F269
:103260003051884202DBBDEC028B10BDD54890ED99
:10327000000AB5EEC00AF1EE10FA7CD0D34800681F
:1032800047F23051884277D1CE4890ED000AB5EE32
:10329000C00AF1EE10FA08DDC6480068CC4909689A
:1032A000401AC5490968884210DBC64890ED000AFB
:1032B000B5EEC00AF1EE10FA7ED2BE480068C449ED
:1032C00009680844BC490968884275DDB848006847
:1032D00003285CDAB7490968B74A1268881AFFF709
:1032E000F1FB0A2816DAB3480068BA4908600020E2
:1032F000B3490860B14908609FEDB70AB14880ED55
:10330000000A0220AA490860AE4890ED000AFFF7C3
:1033100048FCA8E7A7480068A7490968884237DD44
:10332000A74890ED000AB8EEC00AA648D0ED000A02
:1033300060EE200AA64890ED000AB8EEC00AC0EE82
:10334000801AB0EE611AB0EE410AFFF7AEFB994960
:103350000968994A1268881AFFF7B4FB00EE900AD0
:10336000B8EEE01A9D48D0ED000A40EE010A9448FC
:1033700090ED000A01E0AAE047E0B8EEC00A80EE56
:10338000801AB0EE418AB0EE480AFFF70AFC9DE0D1
:103390008B4890ED000AB8EEC00A8A48D0ED000ACA
:1033A00060EE200A8A4890ED000AB8EEC00AC0EE2E
:1033B000801AB0EE611A00E021E0B0EE410AFFF79A
:1033C00074FB7C4909687C4A1268881AFFF77AFB0B
:1033D00000EE900AB8EEE01A8048D0ED000A50EEF8
:1033E000410A774890ED000AB8EEC00A80EE801AD4
:1033F000B0EE418AB0EE480AFFF7D3FB66E07148B1
:1034000090ED000AFFF7CDFB60E06E4890ED000AFA
:10341000B5EEC00AF1EE10FA1FDD664890ED000A25
:10342000B8EEC00A6648D0ED000AF8EEE00A65483A
:1034300090ED001A00EEC10A6948D0ED000AF8EEDE
:10344000E00A70EE600A5C4890ED000AB8EEC00A2F
:10345000F4EEC00AF1EE10FA27D35A4890ED000AB4
:10346000B5EEC00AF1EE10FA2BD2524890ED000AE8
:10347000B8EEC00A5248D0ED000AF8EEE00A514812
:1034800090ED001A00EEC10A5548D0ED000AF8EEA2
:10349000E00A70EE200A484890ED000AB8EEC00A33
:1034A000F4EEC00AF1EE10FA0BDD42490968424A17
:1034B0001268881AFFF7A1FAB0EE408AFFF771FB95
:1034C00004E0404890ED000AFFF76BFBCBE645496E
:1034D0000968394A1268881AFFF78FFAB0EE408AF5
:1034E000FFF75FFB00BFBEE600B531480068022869
:1034F00015DA9FED390A344880ED000A9FED360A4F
:10350000304880ED000A00203749086047F230500B
:103510002E49086035490860002026490860344873
:103520000068401C3249086032490968884204DA60
:1035300031480068FFF717FA0EE02E4800682C4962
:1035400008602E48006820B12B480068FFF70BFA8E
:1035500002E00020FFF707FA00BD254A1268521C5E
:10356000234B1A60824207DD154A12680A44144B45
:103570001A6000221E4B1A6070472DE9F041FFF7D8
:103580001EFA0D490860FFF715FE0C480068002878
:103590004ADD0B48006809490968884253D0084849
:1035A000006806490968884237DA0548006827E05C
:1035B00034020020240200203C0200200C020020E3
:1035C000080200202C020020300200201C020020F3
:1035D000E80100203802002000000000C80100209F
:1035E000E401002028020020040200202002002024
:1035F00018020020F8010020F401002058020020E9
:10360000FE49096888421EDAFD480068FFF761FA42
:1036100004460121FFF7A1FF15E04FF0FF31F94803
:103620000068FFF79AFF0EE0F5480068002806DD05
:103630004FF0FF31F4480068FFF78FFF03E0FFF71A
:1036400053FFBDE8F081F1480068F14909688842FC
:1036500005D0FFF7F4FDEE480068EC490860ED483E
:103660000068E8B3E648D0ED000AF8EEE00AEA4860
:1036700090ED001A60EE810AB0EE600AFFF7A4F93F
:103680000446DF48D0ED000AF8EEE00AE34890ED8A
:10369000001A60EE810AB0EE600AFFF795F9054660
:1036A000D748D0ED000AF8EEE00ADD4890ED001AA8
:1036B00060EE810AB0EE600AFFF786F90646D04850
:1036C000D0ED000AF8EEE00AD64890ED001A60EE60
:1036D000810AB0EE600AFFF777F90746234600E05B
:1036E00003E02A463146FEF7FCFF00BFA9E7CE49BA
:1036F000CE4A126841F82200CC490968491C1422BC
:1037000091FBF2F302FB1311C84A11607047C748DE
:1037100000681330142290FBF2F302FB1301C2483D
:1037200050F82100704710B52DED0C8B0446A4F124
:103730006400002801DB014600E0414200EE101A5F
:10374000F8EEC08A18EE900A09F0DDFE41EC1D0B80
:103750009FEDB70B53EC102B09F0C4FD41EC1C0B93
:10376000B0EE4C0AF0EE6C0A0AF01EFDB0EE40BA64
:10377000F0EE60BA9FEDB00B53EC102B51EC1B0B2D
:1037800009F0B0FD41EC1A0B9FEDAD0B53EC102B83
:1037900009F001FD41EC190B09F0C8FE08EE100A12
:1037A000B0EE480ABDEC0C8B10BD70B52DED028B50
:1037B00005462846FFF79BFFA348C079E8B1FFF70D
:1037C000A6FF0446622C04DB662C02DC0020FFF717
:1037D0006CFB2046FFF7A7FFB0EE408A632C05DAAA
:1037E0000020B1EE480AFFF712FC06E0652C04DD6C
:1037F0000020B0EE480AFFF70AFCBDEC028B70BD5A
:1038000010B52DED088BF0EE408A1FED8D0AF0EE1D
:10381000409A1FED8F0AB0EE408A28EEA80A10EEFB
:10382000101A084609F06FFE41EC1B0BB0EE4B0A74
:10383000F0EE6B0A0AF078FCB0EE40AAF0EE60AA57
:1038400051EC1A0B09F072FE09EE100A9FED7F0A87
:10385000C9EE000A9FED7E0A20EE800AB0EE408A93
:103860009FED7C0AB4EEC08AF1EE10FA04DD9FED04
:10387000790AB0EE408A0AE09FED770AB4EEC08A7A
:10388000F1EE10FA03D29FED740AB0EE408ABDEE5D
:10389000C80A724880ED000A0068714908606F48E4
:1038A00090ED000AB8EEC00A6E48D0ED000A20EE96
:1038B000200AF2EE040A80EE201ABDEEC10A084684
:1038C00080ED000ABDEC088B10BD674801680068F8
:1038D000401C654A1060462907D2644880896449C3
:1038E00009680844624908600BE0614800684621A5
:1038F000B0FBF1F05F49086000205B4908605C495B
:1039000008605D4801680068401C5B4A10604629F9
:1039100007D25648C0895949096808445749086080
:103920000BE0564800684621B0FBF1F054490860AE
:1039300000205149086051490860524801680068F8
:10394000401C504A1060462907D2484800884E491A
:10395000096808444C4908600BE04B480068462160
:10396000B0FBF1F04949086000204649086046492B
:103970000860474801680068401C454A10604629B5
:1039800007D23A48008A4349096808444149086017
:103990000BE0404800684621B0FBF1F03E4908606A
:1039A00000203B4908603B4908603C4801680068CA
:1039B000401C3A4A1060322907D22C4840893849C5
:1039C00009680844364908600BE035480068322130
:1039D000B0FBF1F0334908600020304908603049FD
:1039E0000860314801680068401C2F4A1060322985
:1039F00062D21E48C0882D49096859E01002002093
:103A0000080200204402002014020020400200208E
:103A10003C0200200002002054020020500200203E
:103A20004C020020480200206C080020FC0200200C
:103A30009A9999999999A93F9A9999999999E93F48
:103A40009A9999999999C93F5D06002000401C45B3
:103A50000000B44200007A4300004842F002002017
:103A6000F4020020F8020020540300200806002081
:103A7000580300209C0000205C030020600300200D
:103A8000A40000207403002078030020AC00002074
:103A90006403002068030020A00000206C030020C5
:103AA00070030020A8000020840300208803002069
:103AB0000844F64908600BE0F44800683221B0FB86
:103AC000F1F0F34908600020F2490860EF4908600E
:103AD000F14801680068401CEF4A1060322907D2A3
:103AE000EE488088EE4909680844ED4908600BE01B
:103AF000EB4800683221B0FBF1F0EA490860002091
:103B0000E5490860E6490860E74801680068401C2C
:103B1000E54A1060322907D2E0480089E349096884
:103B20000844E24908600BE0E04800683221B0FB3D
:103B3000F1F0DF4908600020DB490860DB490860DC
:103B40007047DC480068DC490968884203DADA48D3
:103B50000068D8490860D7480068D8490968884291
:103B600003DDD6480068D3490860CE490968D14AC8
:103B70001268881A002801DB014600E0414205294D
:103B800030DDC8480068CB490968884203DD002061
:103B9000CB49887502E00120C9498875C149096887
:103BA000C44A1268881A002801DB014600E041423D
:103BB00001EB4101C34A116010460068C24909681F
:103BC000884203DDC048006811460860BD480068AF
:103BD0001E2802DA1E20BB490860BA480078B8499E
:103BE000C87502E00020B649C8757047B74800683C
:103BF000B7490968884203DAB5480068B3490860E4
:103C0000B2480068B3490968884203DDB1480068DA
:103C1000AE4908609E490968AC4A1268881A0028B3
:103C200001DB014600E04142052930DD984800688B
:103C3000A6490968884203DD0120A149887402E091
:103C400000209F49887492490968A04A1268881A1E
:103C5000002801DB014600E0414201EB4101994AA5
:103C60001160104600689C490968884203DD9A4843
:103C700000681146086093480068322802DA322052
:103C8000904908608F4800788D49C87402E0002090
:103C90008B49C874704710B590480068904909680E
:103CA000884203DA8E4800688C4908608B480068B7
:103CB0008C490968884203DD8A48006887490860A2
:103CC0007B48006885490968441A002C01DB2046BE
:103CD00000E06042022841DD8021834805F0DAFBE4
:103CE000D8BB4021804805F0D5FBB0BB01217E4800
:103CF00005F0D0FB88BB6E480068784909688842A7
:103D000004DD01206E4981F8260003E000206C49A3
:103D100081F8260066490968704A1268881A0028E6
:103D200001DB014600E04142664A1160104600682E
:103D30006E490968884203DD6C48006811460860D6
:103D400060480068322802DA32205E4908605D4827
:103D500000785B4981F8270004E0FFE7002058491C
:103D600081F8270010BD70B564205B4908608C2085
:103D7000554908604FF4E6704E49086053490860A1
:103D800000240EE006E0012008F084FDFCF768FE48
:103D900000B904E043480068B0F5E37FF3DD00BFFD
:103DA000641C322CEEDB00240FE006E0012008F05A
:103DB00071FDFCF755FE00B905E010214C4805F0F7
:103DC00069FB0028F2D000BF641CFA2CEDDB9FEDEC
:103DD000491ADFED490A0F209FED470AFFF731F935
:103DE00000240FE006E0012008F054FDFCF738FE47
:103DF00000B905E010213E4805F04CFB0128F2D047
:103E000000BF641CFA2CEDDBFEF70EFA06E0012081
:103E100008F040FDFCF724FE00B907E0FCF7AAFE1D
:103E20000546FCF77DFE28443228F0DB00BF002069
:103E3000FFF712F8DF201F49086000240DE006E0BC
:103E4000012008F027FDFCF70BFE00B903E0154840
:103E50000068E428F4DC00BF641C322CEFDB4FF474
:103E6000F5701A4908609FED231ADFED230A0F2031
:103E70009FED210AFFF7E5F8002449E03FE001202B
:103E800008F008FDFCF7ECFDC0BB3FE08803002014
:103E9000BC000020840300208C03002008060020C2
:103EA00090030020B8000020940300209803002015
:103EB000B0000020C8020020C0020020C402002080
:103EC0000400002010030020E8020020D40200209B
:103ED000CC020020D0020020E4020020E0020020FA
:103EE000D8020020DC02002000040240EC02002086
:103EF00000100240CDCC4C3E000061C4FFE74FF4FF
:103F00000051FE4805F0C6FA0128B8D000BF641C75
:103F100040F226208442B1DBF020F9490860FEF728
:103F200083F906E0052008F0B5FCFCF799FD00B91F
:103F300008E0FCF7CBFD0546FCF79BFD2844B0F5F7
:103F4000967FEFDB00BF0020FEF786FFE820ED49FB
:103F5000086000240DE006E0012008F09BFCFCF75F
:103F60007FFD00B903E0E8480068EB28F4DC00BFFF
:103F7000641CFA2CEFDB1FED211A5FED210A0C20E7
:103F80001FED230AFFF75DF8002410E006E0012092
:103F900008F080FCFCF764FD00B906E04FF4006116
:103FA000DA4805F077FA0128F1D000BF641C962C9E
:103FB000ECDBF020D34908600020FEF74DFF6420C1
:103FC000D34908608C20D34908604FF48270CC49F3
:103FD0000860CC49086070BD2DE9F05F82460D464F
:103FE00014461E46DDE90B9BDDF82880CA490968A6
:103FF000881B002801DB014600E0414201FB0BF772
:104000004F4500DD4F46C4480068801B404510DA2C
:10401000E81B00EE900AF8EEE00AB0EE600A9FEDB1
:10402000BF1A00EE904AF8EEE00A5046FFF709F892
:1040300022E0B9480068801B404510DDE81900EE19
:10404000900AF8EEE00AB0EE600A9FEDB41A00EEB6
:10405000904AF8EEE00A5046FEF7F3FF0CE09FEDC1
:10406000AF1A00EE104AF8EEC00A504600EE105AA1
:10407000B8EEC00AFEF7E5FFBDE8F09F3EB564204C
:10408000A34908608C20A34908604FF4E6709C495E
:1040900008609C49086000240EE006E0012008F05A
:1040A000F9FBFCF7DDFC00B904E09D480068B0F5C1
:1040B000E37FF3DD00BF641C322CEEDB00240FE055
:1040C00006E0012008F0E6FBFCF7CAFC00B905E0B9
:1040D00010218A4805F0DEF90028F2D000BF641CE8
:1040E000FA2CEDDB1FED7D1A5FED7D0A0F201FED31
:1040F0007E0AFEF7A6FF00240FE006E0012008F08C
:10410000C9FBFCF7ADFC00B905E010217B4805F0C8
:10411000C1F90128F2D000BF641CFA2CEDDBFEF7D8
:1041200083F806E0012008F0B5FBFCF799FC00B924
:1041300007E0FCF71FFD0546FCF7F2FC2844322897
:10414000F0DB00BF0020FEF787FEDF206C4908602F
:1041500000240DE006E0012008F09CFBFCF780FC49
:1041600000B903E06E480068E428F4DC00BF641C7A
:10417000322CEFDB4FF4F570624908601FEDA31A93
:104180005FEDA30A0F201FEDA40AFEF75AFF0024DB
:1041900010E006E0012008F07DFBFCF761FC00B9AF
:1041A00006E04FF40051554805F074F90128F1D0AC
:1041B00000BF641C40F226208442EADBF020504914
:1041C0000860FEF731F806E0052008F063FBFCF715
:1041D00047FC00B908E0FCF779FC0546FCF749FC10
:1041E0002844B0F5967FEFDB00BF0020FEF734FED9
:1041F000E8204449086000240DE006E0012008F0B2
:1042000049FBFCF72DFC00B903E03F480068EB28B0
:10421000F4DC00BF641CFA2CEFDB1FEDCA1A5FED63
:10422000CA0A0C201FEDCC0AFEF70BFF002410E099
:1042300006E0012008F02EFBFCF712FC00B906E0B6
:104240004FF40061314805F025F90128F1D000BF95
:10425000641C962CECDBF0202A4908600020FEF755
:10426000FBFD4FF48270264908602649086000244F
:1042700017E010E00F20962102220E23CDE9002145
:104280000290284A274914390720FFF7A5FEFCF7BA
:10429000E7FB00B903E0244800681928EADC00BF06
:1042A000641CB4F57A7FE4DB002417E010E00F20F3
:1042B000962102220E23CDE900210290194A1949C4
:1042C00014390720FFF788FEFCF7CAFB00B903E0AA
:1042D000164800689428EADC00BF641CB4F57A7FB5
:1042E000E4DB0020FEF7B8FD6420094908608C205B
:1042F000084908604FF48270014919E0001002403B
:10430000C8020020D4020020BC00002000000240AF
:10431000E4020020E8020020A40000209A99993EBF
:10432000B800002090FCFFFF9C000020AC000020A3
:104330000860F94908603EBDFEB56420F749086091
:104340008C20F74908604FF4E670F6490860F2499E
:10435000086000240EE006E0012008F09BFAFCF75C
:104360007FFB00B904E0F0480068B0F5E37FF3DDBF
:1043700000BF641C322CEEDB00240FE006E00120BD
:1043800008F088FAFCF76CFB00B905E01021E7485B
:1043900005F080F80028F2D000BF641CFA2CEDDB99
:1043A0009FEDE31ADFEDE30A0F209FEDE20AFEF72F
:1043B00048FE00240FE006E0012008F06BFAFCF74D
:1043C0004FFB00B905E01021D84805F063F801283B
:1043D000F2D000BF641CFA2CEDDBFDF725FF06E0F0
:1043E000012008F057FAFCF73BFB00B908E0FCF7A6
:1043F000C1FB0546FCF794FB2844B0F5E17FEFDBF9
:1044000000BF0020FEF728FDDF20C6490860002419
:104410000DE006E0012008F03DFAFCF721FB00B9B1
:1044200003E0C1480068E428F4DC00BF641C322CBF
:10443000EFDB4FF4F570B84908609FEDBD1ADFED72
:10444000BD0A0F209FEDBB0AFEF7FBFD002410E024
:1044500006E0012008F01EFAFCF702FB00B906E0B6
:104460004FF40051B14805F015F80128F1D000BF14
:10447000641C40F226208442EADBF020A94908604F
:10448000FDF7D2FE06E0052008F004FAFCF7E8FA92
:1044900000B908E0FCF71AFB0546FCF7EAFA2844E5
:1044A000B0F5967FEFDB00BF0020FEF7D5FCE820DB
:1044B0009949086000240DE006E0012008F0EAF9BF
:1044C000FCF7CEFA00B903E09B480068EB28F4DC67
:1044D00000BF641CFA2CEFDB9FED951ADFED950A07
:1044E0000C209FED940AFEF7ACFD002410E006E0DE
:1044F000012008F0CFF9FCF7B3FA00B906E04FF459
:1045000000618E4804F0C6FF0128F1D000BF641C92
:10451000962CECDBF020804908600020FEF79CFC24
:104520004FF482707F4908607B49086000241DE0D9
:1045300014E01E2040F28A2102220A23CDE9002144
:1045400002907F4A7E4914390720FFF745FD01207C
:1045500008F0A0F9FCF784FA00B905E010217348CF
:1045600004F098FF0028E4D000BF641CB4F57A7F03
:10457000DEDB0020FEF770FC9FED6D1ADFED6D0AAB
:1045800005209FED700AFEF75CFDFDF74DFE06E08D
:10459000012008F07FF9FCF763FA00B911E0FCF79D
:1045A000E9FA0646FCF7BCFA051E01DB284600E0E6
:1045B0006842002E01DB314600E071420844962833
:1045C000E6DB00BF0020FEF747FCFEBD2DE9F05FF3
:1045D00082460D4614461E46DDE90B9BDDF8288019
:1045E00059490968881B002801DB014600E0414267
:1045F00001FB0BF74F4500DD4F4653480068801B19
:10460000404510DAE81900EE900AF8EEE00AB0EE44
:10461000600A1FEDBE1A00EE904AF8EEE00A50461E
:10462000FEF70FFD22E048480068801B404510DD82
:10463000E81B00EE900AF8EEE00AB0EE600A1FED0B
:10464000C91A00EE904AF8EEE00A5046FEF7F9FC6F
:104650000CE01FEDCE1A00EE104AF8EEC00A5046EC
:1046600000EE105AB8EEC00AFEF7EBFCBDE8F09F72
:104670003EB56420294908608C20294908604FF420
:10468000E670284908602449086000240EE006E02E
:10469000012008F0FFF8FCF7E3F900B904E0224834
:1046A0000068B0F5E37FF3DD00BF641C322CEEDB65
:1046B00000240FE006E0012008F0ECF8FCF7D0F948
:1046C00000B905E01021194804F0E4FE0028F2D0FA
:1046D00000BF641CFA2CEDDB9FED151ADFED150A07
:1046E0000F209FED140AFEF7ACFC00240FE006E05B
:1046F000012008F0CFF8FCF7B3F900B905E010216C
:104700000A4804F0C7FE0128F2D000BF641CFA2C4E
:10471000EDDBFDF789FD20E0D4020020E40200205B
:10472000E8020020C8020020B8000020001002406B
:10473000CDCC4C3E000061C4BC0000200000024013
:1047400090FCFFFF00006144A0000020012008F061
:10475000A1F8FCF785F900B907E0FCF70BFA05466C
:10476000FCF7DEF928443228F0DB00BF0020FEF71A
:1047700073FBDF20F949086000240DE006E001200A
:1047800008F088F8FCF76CF900B903E0F448006819
:10479000E428F4DC00BF641C322CEFDB4FF4F5702E
:1047A000F04908601FED1E1A5FED1E0A0F201FED75
:1047B0001F0AFEF746FC002410E006E0012008F086
:1047C00069F8FCF74DF900B906E04FF40051E648EE
:1047D00004F060FE0128F1D000BF641C40F22620E6
:1047E0008442EADBF020DD490860FDF71DFD06E0AC
:1047F000052008F04FF8FCF733F900B908E0FCF7A2
:1048000065F90546FCF735F92844B0F5967FEFDBEE
:1048100000BF0020FEF720FBE820D24908600024FA
:104820000DE006E0012008F035F8FCF719F900B9B1
:1048300003E0CE480068EB28F4DC00BF641CFA2CCF
:10484000EFDB1FED451A5FED450A0C201FED470A0F
:10485000FEF7F7FB002410E006E0012008F01AF84C
:10486000FCF7FEF800B906E04FF40061C04804F020
:1048700011FE0128F1D000BF641C962CECDBF02067
:10488000B84908600020FEF7E7FA4FF48270B34998
:104890000860B4490860002419E010E00F20962158
:1048A00002221E23CDE900210290B24AB1491439F7
:1048B0000720FFF78BFEFCF7D3F800B905E01021C5
:1048C000A94804F0E7FD0128E8D000BF641CB4F556
:1048D0007A7FE2DB0020FEF7BFFA3EBD3EB56420E2
:1048E000A54908608C20A54908604FF4E6709B49F3
:1048F00008609C49086000240EE006E0012007F0F3
:10490000C9FFFCF7ADF800B904E095480068B0F5C0
:10491000E37FF3DD00BF641C322CEEDB00240FE0EC
:1049200006E0012007F0B6FFFCF79AF800B905E0B1
:1049300010218D4804F0AEFD0028F2D000BF641CA9
:10494000FA2CEDDB1FED861A5FED860A0F201FEDB6
:10495000870AFEF776FB00240FE006E0012007F04F
:1049600099FFFCF77DF800B905E010217E4804F0BE
:1049700091FD0128F2D000BF641CFA2CEDDBFDF79D
:1049800053FC06E0012007F085FFFCF769F800B949
:1049900007E0FCF7EFF80546FCF7C2F82844322898
:1049A000F0DB00BF0020FEF757FADF206B490860FC
:1049B00000240DE006E0012007F06CFFFCF750F842
:1049C00000B903E066480068E428F4DC00BF641C1A
:1049D000322CEFDB4FF4F570624908601FEDAC1A22
:1049E0005FEDAC0A0F201FEDAD0AFEF72AFB002495
:1049F00010E006E0012007F04DFFFCF731F800B9A8
:104A000006E04FF40051584804F044FD0128F1D06D
:104A100000BF641C40F226208442EADBF0204F49AC
:104A20000860FDF701FC06E0052007F033FFFCF706
:104A300017F800B908E0FCF749F80546FCF719F843
:104A40002844B0F5967FEFDB00BF0020FEF704FAA4
:104A5000E8204449086000240DE006E0012007F04A
:104A600019FFFBF7FDFF00B903E040480068EB28A1
:104A7000F4DC00BF641CFA2CEFDB1FEDD31A5FEDF2
:104A8000D30A0C201FEDD50AFEF7DBFA002410E054
:104A900006E0012007F0FEFEFBF7E2FF00B906E0AA
:104AA0004FF40061324804F0F5FC0128F1D000BF5A
:104AB000641C962CECDB0020FEF7CEF94FF48270DC
:104AC0002649086027490860002417E010E00F20FD
:104AD000962102222223CDE900210290254A254970
:104AE00014390720FFF772FDFBF7BAFF00B903E0A6
:104AF000234800681928EADC00BF641CB4F57A7FFB
:104B0000E4DB002417E010E00F209621022222238C
:104B1000CDE900210290174A164914390720FFF702
:104B200055FDFBF79DFF00B903E016480068942887
:104B3000EADC00BF641CB4F57A7FE4DB0020FEF7FA
:104B40008BF964200C4908608C200C4908604FF4F4
:104B5000827002490860034908603EBDC802002017
:104B6000B8000020D402002000100240BC00002049
:104B70000000024090FCFFFFE4020020E802002059
:104B80009C000020AC00002070B56420F74908604C
:104B90008C20F749086040F2B220F6490860F649D7
:104BA000086000240EE006E0052007F073FEFBF726
:104BB00057FF00B904E0F1480068B0F52A7FF3DB45
:104BC00000BF641CFA2CEEDB9FEDED1ADFEDED0A61
:104BD0000A209FEDEC0AFEF734FA00240FE006E00D
:104BE000012007F057FEFBF73BFF00B905E010215D
:104BF000E54804F04FFC0128F2D000BF641C40F2ED
:104C000026208442EBDBFDF70FFB06E0052007F0D2
:104C100041FEFBF725FF00B908E0FBF7ABFF0546B7
:104C2000FBF77EFF2844B0F5967FEFDB00BF002046
:104C3000FEF712F9DF20CF49086000240DE006E0FE
:104C4000052007F027FEFBF70BFF00B903E0CB4878
:104C50000068E428F4DC00BF641C322CEFDB002089
:104C6000FEF7FAF840F2B320C34908609FEDC41A7A
:104C7000DFEDC40A0F209FEDC30AFEF7E2F900241E
:104C800010E006E0012007F005FEFBF7E9FE00B9A1
:104C900006E04FF40051BC4804F0FCFB0128F1D0C1
:104CA00000BF641C40F226208442EADBF020B149B8
:104CB0000860FDF7B9FA06E0052007F0EBFDFBF709
:104CC000CFFE00B908E0FBF701FF0546FBF7D1FE78
:104CD0002844B0F5E67FEFDB00BF0020FEF7BCF80C
:104CE000E820A549086000240DE006E0052007F053
:104CF000D1FDFBF7B5FE00B903E0A4480068EB283E
:104D0000F4DC00BF641CFA2CEFDB0020FEF7A4F8F3
:104D10009FED9B1ADFED9B0A0C209FED9A0AFEF790
:104D200090F9002410E006E0012007F0B3FDFBF746
:104D300097FE00B906E04FF40061954804F0AAFB25
:104D40000128F1D000BF641C962CECDB0020FEF79C
:104D500083F870BD70B56420844908608C20844954
:104D60000860EE20834908608349086000240FE052
:104D700006E0052007F08EFDFBF772FE00B905E0A6
:104D80001021814804F086FB0128F2D000BF641C8A
:104D9000FA2CEDDB9FED7F1ADFED7F0A07209FEDF8
:104DA000790AFEF74EF900240FE006E0052007F02F
:104DB00071FDFBF755FE00B905E01021724804F0C3
:104DC00069FB0028F2D000BF641CFA2CEDDBFDF774
:104DD0002BFA06E0012007F05DFDFBF741FE00B96C
:104DE00013E0FBF7C7FE0646FBF79AFE051E01DB44
:104DF000284600E06842002E01DB314600E07142A7
:104E0000084440F27E418842E4DB00BF0020FEF708
:104E100023F84FF4E6705749086000240EE006E0DE
:104E2000052007F037FDFBF71BFE00B904E05348EF
:104E30000068B0F5E17FF3DB00BF641CFA2CEEDB09
:104E40000020FEF709F89FED531ADFED530A072003
:104E50009FED4C0AFEF7F5F8002410E006E0012073
:104E600007F018FDFBF7FCFD00B906E04FF4005118
:104E7000454804F00FFB0028F1D000BF641C40F24D
:104E800026208442EADBFDF7CFF906E0012007F097
:104E900001FDFBF7E5FD00B912E0FBF717FE064642
:104EA000FBF7E7FD051E01DB284600E06842002E07
:104EB00001DB314600E071420844B0F5C86FE5DB24
:104EC00000BF0020FDF7C8FF4FF4E6702A490860D4
:104ED00000240EE006E0052007F0DCFCFBF7C0FD37
:104EE00000B904E029480068B0F5E57FF3DB00BFB6
:104EF000641CFA2CEEDB0020FDF7AEFF9FED251AB7
:104F0000DFED250A0A209FED1F0AFEF79AF800241C
:104F100010E006E0012007F0BDFCFBF7A1FD00B9A1
:104F200006E04FF400611A4804F0B4FA0028F1D00A
:104F300000BF641C962CECDB1E20FDF78DFF70BDBE
:104F4000FEB56420094908608C2009490860EE20FC
:104F50000849086008490860002427E01EE0052091
:104F600007F098FCFBF77CFDC0B91DE0E4020020CF
:104F7000E8020020C8020020D4020020B80000206F
:104F8000CDCC4C3E000061C400100240BC000020AB
:104F900000000240CDCC4CBE00005CC41021F9489A
:104FA00004F078FA0128DAD000BF641CFA2CD5DBB3
:104FB0001FED0D1A5FED0D0A07201FED0E0AFEF71B
:104FC00040F800240FE006E0052007F063FCFBF743
:104FD00047FD00B905E01021EA4804F05BFA00281B
:104FE000F2D000BF641CFA2CEDDBFDF71DF906E0E2
:104FF000012007F04FFCFBF733FD00B913E0FBF78E
:10500000B9FD0646FBF78CFD051E01DB284600E0D6
:105010006842002E01DB314600E07142084440F254
:105020007E418842E4DB00BF0020FDF715FF4FF40E
:10503000E670D549086000240EE006E0052007F080
:1050400029FCFBF70DFD00B904E0D0480068B0F57D
:10505000E57FF3DB00BF641CFA2CEEDB0020FDF7DC
:10506000FBFE1FED391A5FED390A07201FED3B0AE1
:10507000FDF7E7FF002410E006E0012007F00AFC3E
:10508000FBF7EEFC00B906E04FF40051BD4804F018
:1050900001FA0028F1D000BF641C40F226208442AF
:1050A000EADBFDF7C1F806E0012007F0F3FBFBF7B0
:1050B000D7FC00B912E0FBF709FD0646FBF7D9FC67
:1050C000051E01DB284600E06842002E01DB314668
:1050D00000E071420844B0F5C86FE5DB00BF002076
:1050E000FDF7BAFE4FF4E670A949086000240EE00F
:1050F00006E0052007F0CEFBFBF7B2FC00B904E0A8
:10510000A4480068B0F5E57FF3DB00BF641CFA2C0F
:10511000EEDB0020FDF7A0FE1FED671A5FED670ACA
:105120000A201FED680AFDF78CFF002410E006E05E
:10513000012007F0AFFBFBF793FC00B906E04FF44A
:105140000061954804F0A6F90028F1D000BF641C66
:10515000962CECDB1E20FDF77FFE4FF482708A490F
:1051600008608B490860002417E010E00F209621AA
:1051700002220D23CDE900210290884A8749143983
:105180000720FEF729FFFBF76BFC00B903E084481A
:1051900000681928EADC00BF641CB4F57A7FE4DB00
:1051A000002417E010E00F20962102220D23CDE904
:1051B00000210290794A794914390720FFF706FA4D
:1051C000FBF74EFC00B903E0764800689428EADC5F
:1051D00000BF641CB4F57A7FE4DB0020FDF73CFEE1
:1051E0006420714908608C20704908604FF4827017
:1051F0006549086066490860FEBDFEB564206A49DD
:1052000008608C2069490860EE205F4908606049A9
:1052100008601FEDA51A5FEDA50A0F201FEDA70A74
:10522000FDF70FFF00240FE006E0052007F032FB3A
:10523000FBF716FC00B905E01021524804F02AF9EA
:105240000128F2D000BF641CFA2CEDDB00240FE033
:1052500006E0052007F01EFBFBF702FC00B905E0A5
:105260001021484804F016F90028F2D000BF641C51
:10527000FA2CEDDBFCF7D8FF06E0012007F00AFB73
:10528000FBF7EEFB00B913E0FBF774FC0646FBF7F7
:1052900047FC051E01DB284600E06842002E01DBCA
:1052A000314600E07142084440F27E418842E4DB2E
:1052B00000BF0020FDF7D0FD4FF4E67032490860D2
:1052C00000240EE006E0052007F0E4FAFBF7C8FB37
:1052D00000B904E02D480068B0F5E57FF3DB00BFBE
:1052E000641CFA2CEEDB0020FDF7B6FD0F209621A2
:1052F00002222223CDE900210290284A27491439AD
:105300000A20FFF763F9002410E006E0012007F00F
:10531000C1FAFBF7A5FB00B906E04FF400511948AC
:1053200004F0B8F80028F1D000BF641C40F2262039
:105330008442EADBFCF778FF06E0012007F0AAFAD6
:10534000FBF78EFB00B912E0FBF7C0FB0646FBF74C
:1053500090FB051E01DB284600E06842002E01DBC1
:10536000314600E071420844B0F5C86FE5DB00BF8C
:105370000020FDF771FD4FF4E67005490860002438
:1053800025E0000000100240C8020020B800002004
:10539000D4020020BC0000200000024090FCFFFF6F
:1053A0009C000020AC000020E4020020E802002065
:1053B00006E0052007F06EFAFBF752FB00B904E0A7
:1053C000F9480068B0F5E57FF3DB00BF641CFA2CF8
:1053D000EEDB0020FDF740FD9FEDF41ADFEDF40A4F
:1053E0000A209FEDF30AFDF72CFE002410E006E0F2
:1053F000012007F04FFAFBF733FB00B906E04FF44A
:105400000061EC4804F046F80028F1D000BF641CAD
:10541000962CECDB1E20FDF71FFD4FF48270E64951
:105420000860E6490860002417E010E00F2096218C
:1054300002222223CDE900210290E14AE0491439F9
:105440000720FFF7C3F8FBF70BFB00B903E0DD48CB
:1054500000681928EADC00BF641CB4F57A7FE4DB3D
:10546000002417E010E00F20962102222223CDE92C
:1054700000210290D24AD24914390720FFF7A6F83A
:10548000FBF7EEFA00B903E0CF4800689428EADCA5
:1054900000BF641CB4F57A7FE4DB0020FDF7DCFC80
:1054A0006420CA4908608C20C94908604FF48270A2
:1054B000C1490860C1490860FEBDFEB56420C3490A
:1054C00008608C20C2490860EE20BB490860BB49D7
:1054D00008609FEDB61ADFEDBF0A0A209FEDBE0AF5
:1054E000FDF7AFFD00240FE006E0052007F0D2F93C
:1054F000FBF7B6FA00B905E01021B84803F0CAFF7F
:105500000128F2D000BF641CFA2CEDDBFCF78CFE06
:1055100006E0012007F0BEF9FBF7A2FA00B911E09E
:10552000FBF728FB0646FBF7FBFA051E01DB2846C6
:1055300000E06842002E01DB314600E07142084481
:105540009628E6DB00BF0020FDF786FCFFF702FC93
:10555000F0209A4908600020FDF77EFC4FF482702D
:105560009549086095490860002418E011E00F2073
:1055700040F28A2102220823CDE900210290904ABC
:105580008F4914390520FEF727FDFBF769FA00B9AA
:1055900003E08C4800681928E9DC00BF641CB4F5FE
:1055A0007A7FE3DB002418E011E00F2040F28A212B
:1055B00002220823CDE900210290814A8049143952
:1055C0000520FEF709FDFBF74BFA00B903E07E4822
:1055D00000689328E9DC00BF641CB4F57A7FE3DB44
:1055E0000020FDF739FC6420784908608C20784958
:1055F00008604FF482707049086070490860FEBD11
:10560000FEB56420714908608C2071490860EE2065
:1056100069490860694908609FED641ADFED640A12
:105620000A209FED6D0AFDF70CFD00240FE006E057
:10563000052007F02FF9FBF713FA00B905E0102158
:10564000664803F027FF0128F2D000BF641CFA2C43
:10565000EDDBFCF7E9FD06E0012007F01BF9FBF7A5
:10566000FFF900B911E0FBF785FA0646FBF758FA97
:10567000051E01DB284600E06842002E01DB3146B2
:1056800000E0714208449628E6DB00BF0020FDF7E9
:10569000E3FBFFF75FFBF020484908600020FDF7BF
:1056A000DBFB4FF4827044490860444908600024E1
:1056B00017E010E00F20962102222223CDE90021DD
:1056C00002903F4A3E4914390720FEF785FCFBF75C
:1056D000C7F900B903E03B4800681928EADC00BFBD
:1056E000641CB4F57A7FE4DB002417E010E00F209F
:1056F000962102220E23CDE900210290304A304942
:1057000014390720FEF768FCFBF7AAF900B903E09B
:105710002D4800689428EADC00BF641CB4F57A7F49
:10572000E4DB0020FDF798FB6420284908608C200A
:10573000274908604FF482701F4908601F490860BC
:10574000FEBD70B56420214908608C2020490860A6
:10575000EE20194908601949086000240FE006E0AE
:10576000052007F097F8FBF77BF900B905E0102159
:105770001A4803F08FFE0128F2D000BF641CFA2CF7
:10578000EDDB9FED0A1ADFED0A0A07209FED080AFC
:10579000FDF757FC00242BE022E0052007F07AF803
:1057A000FBF75EF9E0B921E0BC000020CDCC4C3E17
:1057B000000061C400000240C8020020D4020020A2
:1057C00090FCFFFF9C000020AC000020E4020020C1
:1057D000E802002000005CC40000614400100240A8
:1057E0001021FC4803F056FE0028D6D000BF641CF0
:1057F000FA2CD1DBFCF718FD06E0012007F04AF88F
:10580000FBF72EF900B913E0FBF7B4F90646FBF7F6
:1058100087F9051E01DB284600E06842002E01DB07
:10582000314600E07142084440F27E418842E4DBA8
:1058300000BF0020FDF710FB40F2B220E6490860EF
:1058400000240FE006E0052007F024F8FBF708F934
:1058500000B905E0E148006840F2AE218842F2DB81
:1058600000BF641CFA2CEDDB0020FDF7F5FA1FEDFC
:10587000311A5FED310A07201FED330AFDF7E1FB16
:10588000002410E006E0012007F004F8FBF7E8F838
:1058900000B906E04FF40051CE4803F0FBFD0028AC
:1058A000F1D000BF641C40F226208442EADBFCF702
:1058B000BBFC06E0012006F0EDFFFBF7D1F800B9D4
:1058C00012E0FBF703F90646FBF7D3F8051E01DBF0
:1058D000284600E06842002E01DB314600E07142BC
:1058E0000844B0F5C86FE5DB00BF0020FDF7B4FA4F
:1058F00040F2B220BA49086000240FE006E005201B
:1059000006F0C8FFFBF7ACF800B905E0B548006841
:1059100040F2AE218842F2DB00BF641CFA2CEDDBC2
:105920000020FDF799FA1FED5F1A5FED5F0A0A206C
:105930001FED610AFDF785FB002410E006E0012061
:1059400006F0A8FFFBF78CF800B906E04FF4006101
:10595000A54803F09FFD0028F1D000BF641C962CE1
:10596000ECDB1E20FDF778FA70BD2DE9F05F824672
:105970000D4614461E46DDE90B9BDDF828809B4949
:105980000968881B002801DB014600E0414201FB59
:105990000BF74F4500DD4F4694480068801B40459B
:1059A00010DAE81B00EE900AF8EEE00AB0EE600AAA
:1059B0009FED8F1A00EE904AF8EEE00A5046FDF790
:1059C00040FB22E089480068801B404510DDE81953
:1059D00000EE900AF8EEE00AB0EE600A9FED841A3D
:1059E00000EE904AF8EEE00A5046FDF72AFB0CE084
:1059F0009FED801A00EE104AF8EEC00A504600EE05
:105A0000105AB8EEC00AFDF71CFBBDE8F09F3EB58A
:105A1000642079490860A020784908604FF48770B5
:105A20006D4908604FF48C706D4908601E2100209C
:105A3000FDF7FDFA00240DE006E0052006F02AFF40
:105A4000FBF70EF800B103E0684800682828F4DC92
:105A500000BF641C40F226208442EDDB1E210020A2
:105A6000FDF7E5FA00240DE006E0052006F012FF40
:105A7000FAF7F6FF00B103E05C4800684628F4DB63
:105A800000BF641C40F226208442EDDB1E21002072
:105A9000FDF7CDFA00240DE006E0052006F0FAFE41
:105AA000FAF7DEFF00B103E0504800683228F4DC6A
:105AB00000BF641C40F226208442EDDB0020FDF78D
:105AC000CBF9002419E012E01E20C8210222202375
:105AD000CDE900210290002249493C20FFF745FF13
:105AE000052006F0D7FEFAF7BBFF00B103E04548FA
:105AF00000686428E8DC00BF641C40F22620844271
:105B0000E1DB002419E012E01E20C821022220233C
:105B1000CDE900210290002239491420FFF725FF2A
:105B2000052006F0B7FEFAF79BFF00B103E0354809
:105B300000680F28E8DC00BF641C40F22620844285
:105B4000E1DB0020FDF788F93EBD3EB564202A491F
:105B500008608C20294908604FF487701E4908604E
:105B60004FF48C701E4908601E210020FDF75FFA7B
:105B700000240DE006E0052006F08CFEFAF770FF29
:105B800000B103E0194800682828F4DC00BF641C59
:105B900040F226208442EDDB1E210020FDF747FA6B
:105BA00000240DE006E0052006F074FEFAF758FF29
:105BB00000B103E00D4800684628F4DB00BF641C18
:105BC00040F226208442EDDB1E210020FDF72FFA53
:105BD000002427E000100240C8020020B800002086
:105BE000D4020020BC000020000002409C000020E5
:105BF0003333333FB81E453FE4020020E802002063
:105C00007CFCFFFFA000002006E0052006F042FE1D
:105C1000FAF726FF00B103E0FE4800683228F4DC02
:105C200000BF641C40F226208442EDDB0020FDF71B
:105C300013F9002419E012E01E20C82102222023BB
:105C4000CDE9002102900022F3493C20FFF78DFEB0
:105C5000052006F01FFEFAF703FF00B103E0EF484E
:105C600000686428E8DC00BF641C40F226208442FF
:105C7000E1DB002419E012E01E20C82102222023CB
:105C8000CDE9002102900022E3491420FFF76DFEC8
:105C9000052006F0FFFDFAF7E3FE00B103E0DF4860
:105CA00000680F28E8DC00BF641C40F22620844214
:105CB000E1DB0020FDF7D0F83EBDD94890F8230085
:105CC00040F00200D64981F82300084690F82300EE
:105CD00000F0FE0081F823007047D14890F82300BF
:105CE00040F00100CE4981F82300084690F82300D7
:105CF00000F0FD0081F823007047C94890F82300A8
:105D000000F0FE00C64981F82300084690F8230001
:105D100000F0FD0081F823007047C148C07F40F0CB
:105D20000100BF49C8770846C07F00F0FD00C87772
:105D30007047BB48C07F40F00200B949C8770846A9
:105D4000C07F00F0FE00C8777047B548C07F00F004
:105D5000FD00B349C8770846C07F00F0FE00C87751
:105D60007047AF48C07F40F04000AD49C877084653
:105D7000C07F00F0DF00C8777047A948C07F40F0BF
:105D80002000A749C8770846C07F00F0BF00C87749
:105D90007047A348C07F00F0DF00A149C8770846DC
:105DA000C07F00F0BF00C87770479D48C07F40F0BB
:105DB00001009B49C8770846C07F00F0FD00C87706
:105DC0000846C07F40F04000C8770846C07F00F01A
:105DD000DF00C877084690F8230040F0020081F801
:105DE0002300084690F8230000F0FE0081F823000D
:105DF00070478C48407800F0100088B3894840789C
:105E000000F0020060BB8748C07948BB85488079B4
:105E100030BB8548006885490968884221DA814895
:105E2000407800F0010058B18048006814387E497D
:105E30000968884204DD6420794981F8270003E07D
:105E40002820774981F827000120754981F826002C
:105E500075480068764908600120764908603BE093
:105E6000FFE77048407800F0080088B36D4840783C
:105E700000F0020060BB6B48C07948BB694880797C
:105E800030BB694800686C490968884221DD654873
:105E9000407800F0010058B1634801686648006826
:105EA0001430814204DD64205D4981F8270003E05D
:105EB00028205B4981F827000020594981F82600F5
:105EC000594800685A49086001205A49086003E0AF
:105ED000FFE7002057490860704710B50446FFF7F8
:105EE00028FF4F48C07F40F010004D49C877084652
:105EF00090F8230000F0EF0081F8230043F698208B
:105F000006F0C8FCFFF709FF4548C07F00F0EF002E
:105F10004349C87741F6583006F0BCFC4FF4805135
:105F2000464803F0B7FA012854D104F1080040496B
:105F3000086040F6B83006F0ADFCFFF7FAFE3848CE
:105F4000C07F40F010003649C877084690F823001B
:105F500000F0EF0081F8230043F6982006F09AFC49
:105F6000FFF7DBFE2E48C07F00F0EF002C49C8771A
:105F700041F6583006F08EFC4FF480512F4803F064
:105F800089FA012826D1A4F108002949086040F6C1
:105F9000B83006F07FFCFFF7CCFE2148C07F40F010
:105FA00010001F49C877084690F8230000F0EF0062
:105FB00081F8230043F6982006F06CFCFFF7ADFE55
:105FC0001748C07F00F0EF001549C87741F65830F8
:105FD00006F060FCA4F114001549086010BD10B56E
:105FE0000446FFF7CAFE0E48C07F40F008000C4987
:105FF000C877084690F8230000F0BF0081F823001E
:1060000043F6982006F046FCFFF7ABFE0448C07F3D
:1060100016E000009C0000207CFCFFFFA000002098
:10602000040000205D060020B0000020DC020020FB
:10603000E002002048030020D802002000000240B7
:1060400000F0F700FB49C87741F6583006F022FC13
:106050004FF40041F84803F01DFA012854D104F12F
:106060000800F649086040F6B83006F013FCFFF768
:1060700084FEF048C07F40F00800EE49C87708462B
:1060800090F8230000F0BF0081F8230043F6982029
:1060900006F000FCFFF765FEE648C07F00F0F70061
:1060A000E449C87741F6583006F0F4FB4FF400415C
:1060B000E14803F0EFF9012826D1A4F10800DF49F7
:1060C000086040F6B83006F0E5FBFFF756FED94809
:1060D000C07F40F00800D749C877084690F82300F1
:1060E00000F0BF0081F8230043F6982006F0D2FBB1
:1060F000FFF737FECF48C07F00F0F700CD49C877E3
:1061000041F6583006F0C6FBA4F11400CB490860F4
:1061100010BD10B50446FFF7E0FDC648C07F40F053
:106120000400C449C877084690F8230000F0DF0057
:1061300081F8230043F6982006F0ACFBFFF7BDFD85
:10614000BC48C07F00F0FB00BA49C87741F6583020
:1061500006F0A0FB4FF48061B94803F09BF90128D9
:1061600054D104F10800B549086040F6B83006F093
:1061700091FBFFF7B2FDAF48C07F40F00400AD498E
:10618000C877084690F8230000F0DF0081F823006C
:1061900043F6982006F07EFBFFF78FFDA548C07FF1
:1061A00000F0FB00A349C87741F6583006F072FBB7
:1061B0004FF48061A24803F06DF9012826D1A4F1C3
:1061C00008009E49086040F6B83006F063FBFFF710
:1061D00084FD9848C07F40F004009649C87708467F
:1061E00090F8230000F0DF0081F8230043F69820A8
:1061F00006F050FBFFF761FD8E48C07F00F0FB000A
:106200008C49C87741F6583006F044FBA4F11400DD
:106210008A49086010BD70B564208A4908609620DC
:106220008949086040F2DB108849086088490860A5
:1062300000208849086012E006E0052006F02AFBED
:10624000FAF70EFC00B904E083480068B0F5EB7F74
:10625000F3DB00BF7F480068401C7E4908607D4832
:106260000068FA28E8DB00207A49086019E00CE0B1
:106270009FED7A1ADFED7A0A07209FED790AFCF785
:10628000E0FEFAF7EDFB00B905E01021754803F0D8
:1062900001F90128ECD000BF6E480068401C6D4930
:1062A00008606C480068FA28E1DBFBF7BDFF0CE0F2
:1062B0009FED6A1ADFED6A0A07209FED690AFCF775
:1062C000C0FEFAF7CDFB00B912E0FAF753FC054621
:1062D000FAF726FC041E01DB204600E06042002D98
:1062E00001DB294600E069420844B0F5077FDFDBA7
:1062F00000BF1E20FCF7B0FD5B48006800287DD180
:1063000096205A49086040F26A204C4908600020F3
:106310005049086012E006E0052006F0BBFAFAF7E3
:106320009FFB00B904E052480068B0F5197FF3DD27
:1063300000BF48480068401C46490860454800685E
:10634000FA28E8DB1E20FCF787FD3C480068FFF7D1
:10635000C4FD9FED421ADFED420A0A209FED450A77
:10636000FCF76FFE00203B49086013E006E00220C6
:1063700006F090FAFAF774FB00B905E010213948ED
:1063800003F088F80028F2D000BF32480068401CB3
:10639000304908602F480068FA28E7DBFBF744FF24
:1063A00006E0022006F076FAFAF75AFB00B912E08E
:1063B000FAF7E0FB0546FAF7B3FB041E01DB2046C3
:1063C00000E06042002D01DB294600E069420844FC
:1063D000B0F5E17FE5DB00BF64201A490860962034
:1063E00019490860400019490860194908601E20D1
:1063F000FCF732FD00201749086013E0A7E006E033
:10640000052006F047FAFAF72BFB00B904E0124822
:106410000068B0F59B7FF3DC00BF0E480068401CAD
:106420000C4908600B480068FA28E8DB002009499D
:10643000086035E004000020000C0240E00200206B
:1064400000040240E4020020E8020020C80200200C
:10645000D402002088020020B8000020CDCC4C3EA1
:10646000000061C400100240A0010020EC020020E6
:10647000B00000200000614406E0022006F00AFAA5
:10648000FAF7EEFA00B905E08021FB4803F002F8C4
:106490000128F2D000BFF9480068401CF7490860A5
:1064A000F6480068FA28E7DB1E20FCF7D5FC01203F
:1064B000F34908606420F34908609620F2490860B7
:1064C00040F2E510F1490860F14908600020EB490D
:1064D000086012E006E0052006F0DCF9FAF7C0FAE1
:1064E00000B904E0EB480068B0F5F17FF3DB00BFD2
:1064F000E2480068401CE1490860E0480068FA286A
:10650000E8DB6420E449086040F20520E3490860C4
:106510000020DA49086012E006E0012006F0BAF92E
:10652000FAF79EFA00B904E0DD480068B0F5027F92
:10653000F3DA00BFD1480068401CD0490860CF485A
:106540000068FA28E8DB1E20FCF786FC82E1CC48D4
:106550000068012877D1D34800680028FAD1CF48D5
:106560000068FFF73CFD1FED431A5FED430A0A2068
:106570001FED400AFCF765FD0020C049086013E0EC
:1065800006E0022006F086F9FAF76AFA00B905E09B
:106590001021C54802F07EFF0028F2D000BFB748A6
:1065A0000068401CB5490860B4480068FA28E7DB79
:1065B000FBF73AFE06E0022006F06CF9FAF750FA13
:1065C00000B912E0FAF7D6FA0546FAF7A9FA041E5E
:1065D00001DB204600E06042002D01DB294600E09F
:1065E00069420844B0F5E17FE5DB00BF6420A549BE
:1065F00008609620A44908604000A4490860A449A6
:1066000008601E20FCF728FC00209C49086012E06E
:1066100006E0052006F03EF9FAF722FA00B904E098
:106620009C480068B0F59B7FF3DC00BF934800688E
:10663000401C9249086091480068FA28E8DB002075
:106640008E49086014E06AE006E0022006F022F9B4
:10665000FAF706FA00B905E04021874802F01AFF70
:106660000128F2D000BF85480068401C83490860BB
:1066700082480068FA28E7DB1E20FCF7EDFB0120CA
:106680008849086064207F49086096207E49086038
:1066900040F2E5107D4908607D4908600020774997
:1066A000086012E006E0052006F0F4F8FAF7D8F9E1
:1066B00000B904E077480068B0F5F17FF3DB00BF74
:1066C0006E480068401C6D4908606C480068FA28F4
:1066D000E8DB64207049086040F2A7106F49086049
:1066E00000206649086012E006E0052006F0D2F8B6
:1066F000FAF7B6F900B904E069480068B0F5D67F4A
:10670000F3DA00BF5D480068401C5C4908605B48E4
:106710000068FA28E8DB1E20FCF79EFB9AE0584848
:106720000068012877D15F480068012873D15B4871
:106730000068FFF7EEFC1FEDB71A5FEDB70A0A20FD
:106740001FEDB40AFCF77DFC00204C49086013E003
:1067500006E0022006F09EF8FAF782F900B905E09B
:106760001021514802F096FE0028F2D000BF4348A5
:106770000068401C4149086040480068FA28E7DB8F
:10678000FBF752FD06E0022006F084F8FAF768F9FC
:1067900000B912E0FAF7EEF90546FAF7C1F9041E5E
:1067A00001DB204600E06042002D01DB294600E0CD
:1067B00069420844B0F5E17FE5DB00BF6420314960
:1067C0000860962030490860400030490860304930
:1067D00008601E20FCF740FB00202849086012E0FA
:1067E00006E0052006F056F8FAF73AF900B904E099
:1067F00028480068B0F59B7FF3DC00BF1F480068A5
:10680000401C1E4908601D480068FA28E8DB00208B
:106810001A49086014E01DE006E0022006F03AF88C
:10682000FAF71EF900B905E00121134802F032FE23
:106830000128F2D000BF11480068401C0F490860D1
:106840000E480068FA28E7DB1E20FCF705FB012054
:106850001649086070BD3EB564200A49086096205C
:106860000949086040F2B2200849086008490860F8
:106870000020024908602EE0000402408802002047
:10688000A0010020E4020020E8020020C80200204D
:10689000D4020020B8000020EC020020E00200201A
:1068A000B0000020A401002000100240A801002038
:1068B00006E0052005F0EEFFFAF7D2F800B904E093
:1068C000F7480068B0F52B7FF3DD00BFF54800689E
:1068D000401CF4490860F3480068FA28E8DB00200F
:1068E000F04908601DE010E00F2096210222982355
:1068F000CDE900210290EC4AEB4914390720FDF75D
:1069000065FEFAF7ADF800B905E01021E74802F09E
:10691000C1FD0128E8D000BFE2480068401CE14901
:106920000860E0480068FA28DDDBFBF77DFC10E03A
:106930000F20962102229823CDE900210290DA4A05
:10694000D94914390720FDF741FEFAF789F800B953
:1069500012E0FAF70FF90546FAF7E2F8041E01DB38
:10696000204600E06042002D01DB294600E069423C
:106970000844B0F5077FDBDB00BF1E20FCF76CFA94
:106980009620CB49086040F27220CA490860002076
:10699000C449086012E006E0052005F07BFFFAF725
:1069A0005FF800B904E0C4480068B0F51B7FF3DB72
:1069B00000BFBC480068401CBA490860B94800687C
:1069C000FA28E8DBBB480068FFF787FA9FEDBB1A9F
:1069D000DFEDBB0A0A209FEDBB0AFCF732FB00206B
:1069E000B049086013E006E0022005F053FFFAF713
:1069F00037F800B905E01021AC4802F04BFD002843
:106A0000F2D000BFA7480068401CA6490860A5480E
:106A10000068FA28E7DBFBF707FC06E0022005F038
:106A200039FFFAF71DF800B912E0FAF7A3F80546A6
:106A3000FAF776F8041E01DB204600E06042002DE4
:106A400001DB294600E069420844B0F5967FE5DBAA
:106A500000BFB4209C490860FA209C4908604FF4AC
:106A6000C8709B4908609B4908601E20FCF7F4F938
:106A700000208C49086013E006E0022005F00AFFC0
:106A8000F9F7EEFF00B905E08021934802F002FD1E
:106A90000128F2D000BF83480068401C814908608B
:106AA00080480068FA28E7DB01208C4908606420F0
:106AB0007F49086040F205207E490860002079493E
:106AC000086012E006E0012005F0E4FEF9F7C8FFD7
:106AD00000B904E078480068B0F5027FF3DA00BF3F
:106AE00070480068401C6F4908606E480068FA28CA
:106AF000E8DB1E20FCF7B0F93EBD70B5642072499A
:106B000008608C2071490860EE2071490860714965
:106B1000086000240FE006E0052005F0BBFEF9F751
:106B20009FFF00B905E01021604802F0B3FC012886
:106B3000F2D000BF641CFA2CEDDB9FED601ADFED94
:106B4000600A07209FED5E0AFCF77BFA00240FE045
:106B500006E0052005F09EFEF9F782FF00B905E08A
:106B60001021524802F096FC0028F2D000BF641CAD
:106B7000FA2CEDDBFBF758FB06E0012005F08AFE5E
:106B8000F9F76EFF00B912E0F9F7F4FF0646F9F7DE
:106B9000C7FF051E01DB284600E06842002E01DB2E
:106BA000314600E071420844B0F5FA7FE5DB00BFF2
:106BB0000020FCF751F94A48006800286ED1962061
:106BC0003B49086040F20A203A4908601E20FCF761
:106BD00043F900240EE006E0052005F05BFEF9F71E
:106BE0003FFF00B904E034480068B0F5027FF3DCF1
:106BF00000BF641CFA2CEEDB0020FCF72DF92D48B9
:106C00000068FFF7ECF932202F4908604FF4FA7062
:106C10003049086000240FE006E0052005F03AFE48
:106C2000F9F71EFF00B905E040212B4802F032FCC5
:106C30000128F2D000BF641C40F21A408442EBDB12
:106C40000020FCF709F932201F490860EE20214995
:106C5000086000240DE006E0052005F01BFEF9F7B2
:106C6000FFFE00B903E01F480068F028F4DC00BF15
:106C7000641CFA2CEFDB9FED111ADFED110A0A20DC
:106C80009FED100AFCF7DDF9002435E02CE002202E
:106C900005F000FEF9F7E4FE08B92BE070E023E010
:106CA000B80000208802002090FCFFFF0010024086
:106CB000EC020020E0020020B0000020CDCC4C3ED1
:106CC000000061C400006144E4020020E8020020EA
:106CD000C8020020D402002000040240A0010020CD
:106CE000A4010020BC0000201021FA4802F0D2FBD1
:106CF0000128CCD000BF641CFA2CC7DBFBF794FA48
:106D000006E0022005F0C6FDF9F7AAFE00B912E080
:106D1000F9F730FF0646F9F703FF051E01DB2846A9
:106D200000E06842002E01DB314600E07142084479
:106D3000B0F5E17FE5DB00BF0020FCF78DF8012016
:106D4000E54908606420E54908604FF4CD70E449E6
:106D5000086000240EE006E0052005F09BFDF9F731
:106D60007FFE00B904E0DF480068B0F5D17FF3DCB6
:106D700000BF641CFA2CEEDB1E20FCF76DF87DE0F2
:106D8000D5480068012879D1D5480068FFF7C1F9D6
:106D90003220D54908604FF4FA70D44908600024C5
:106DA0000FE006E0052005F075FDF9F759FE00B982
:106DB00005E00121CE4802F06DFB0128F2D000BFB2
:106DC000641C40F21A408442EBDB3220C649086062
:106DD000EE20C649086000240DE006E0052005F01D
:106DE00059FDF9F73DFE00B903E0C2480068F028FC
:106DF000F4DC00BF641CFA2CEFDB1FED501A5FEDD2
:106E0000500A0A201FED510AFCF71BF900240FE07D
:106E100006E0022005F03EFDF9F722FE00B905E08C
:106E20001021AC4802F036FB0128F2D000BF641CF0
:106E3000FA2CEDDBFBF7F8F906E0022005F02AFD5D
:106E4000F9F70EFE00B912E0F9F794FE0646F9F7DD
:106E500067FE051E01DB284600E06842002E01DBCC
:106E6000314600E071420844B0F5E17FE5DB00BF48
:106E70000020FBF7F1FF01209F49086070BD10B5AD
:106E8000FEF75FFC6420954908604FF40270944956
:106E900008601E20FBF7E0FF01209849086010BD44
:106EA00010B5FDF757FF64208C4908604FF402705D
:106EB0008B4908601E20FBF7CFFF01208F49086037
:106EC00010BD10B5FBF777FD0F20874908604620FD
:106ED0008B4908604FF482708A49086083490860D2
:106EE000FEF763FF884890F8230040F020008649B1
:106EF00081F82300084690F8230040F0400081F814
:106F00002300084690F8230040F0100081F8230089
:106F10000846C07F40F08000C877084690F82300FC
:106F200040F0040081F82300084690F8230040F068
:106F3000080081F82300002081F83200012081F848
:106F40002E006420654908604FF4027064490860AF
:106F500010BD73B52DED028B282505269FED6B0A1C
:106F6000B0EE408A6A480079322805DB684800792B
:106F7000C82801DC012000E0002004466448407875
:106F800000F0010030B19DF80C509FED620AB0EEA8
:106F9000408A05E09DF80850B6EE000AB0EE408A3F
:106FA0005B48007800F0080098B15948007800F07C
:106FB000100070B95648007800F0200048B95448D5
:106FC000007800F0400020B929460020FCF72FF897
:106FD000D8E04F48007800F00800A0B94C4800788D
:106FE00000F0100078B14A48007800F0200050B955
:106FF0004748007800F0400028B929464FF4E16086
:10700000FCF715F8BEE04248007800F00800A0B98F
:107010003F48007800F0100078B93D48007800F053
:10702000200050B13A48007800F0400028B92946C5
:107030004FF46170FBF7FBFFA4E03548007800F0E7
:10704000080098B93248007800F0100070B9304854
:10705000007800F0200048B92D48007800F040008A
:1070600020B129462C48FBF7E2FF8BE02848007846
:1070700000F00800A0B12648007800F0100078B9B0
:107080002348007800F0200050B12148007800F03B
:10709000400028B929464FF4E170FBF7C8FF71E0C2
:1070A0001B48007800F0080098B11948007800F0FB
:1070B000100070B91648007800F0200048B9144854
:1070C000007800F0400020B129461448FBF7AFFFDC
:1070D00058E025E000100240A4010020EC0200204E
:1070E000E0020020B0000020E4020020D4020020D2
:1070F00000040240BC000020A8010020AC010020D8
:10710000E8020020C8020020040000200000000067
:107110005D0600203333333F7CFCFFFF3EFEFFFF64
:10712000FB48007800F00800A0B9F948007800F0AA
:10713000100078B1F648007800F0200050B1F44813
:10714000007800F0400028B9294640F24650FBF78D
:107150006EFF17E0EE48007800F0080090B9EC48A8
:10716000007800F0100068B1E948007800F02000D5
:1071700040B9E748007800F0400018B12946E548DA
:10718000FBF755FFE248007800F00800F8B9E04846
:10719000007800F01000D0B9DD48007800F0200041
:1071A000A8B9DB48007800F0400080B97CB1FBF75B
:1071B000F8FB60B1D648407800F0400038B9D448B8
:1071C000407800F0200010B90520FBF745FE14B10F
:1071D000FBF76BFE27E0CE48007932280EDAFBF78A
:1071E000E0FB28B10020B1EE480AFBF710FF1AE0DF
:1071F0000020B1EE480AFBF70AFF14E0C44800790A
:10720000C8280EDDFBF7CDFB28B10020B0EE480A00
:10721000FBF7FDFE07E00020B0EE480AFBF7F7FEA3
:1072200001E0FBF742FEBDEC028B7CBD3EB504469F
:107230000D46B420B8490860FA20B84908604FF4F8
:10724000E670B7490860B7490860FA20B64981F886
:107250003300B648A0EB440000EE900AF8EEE00AD6
:10726000B0EE600A9FEDB21AF1EE040A1920FBF7A6
:10727000E8FE0020AF49086013E006E0012005F0B9
:1072800009FBF9F7EDFB00B905E0A4F10900AA49F3
:1072900009688842F2DC00BFA6480068401CA54986
:1072A0000860A44800686428E7DB40F24A209C4953
:1072B0000860401E9B49086000209E4908601BE052
:1072C00010E00F20962101222346CDE900210290F3
:1072D0006FF0090200211420FCF77EFEF9F7C0FBD5
:1072E00000B903E0954800681928EADC00BF91481E
:1072F0000068401C8F4908608E480068FA28DFDB70
:10730000FA20894981F82F0000208A4908601AE094
:107310000FE00F20642101222346CDE900210290D5
:107320006FF009020021FCF757FEF9F799FB00B94D
:1073300003E0824800681228EBDC00BF7D4800684B
:10734000401C7C4908607B480068FA28E0DB00208C
:107350007849086024E010E00F20642101222346D0
:10736000CDE9002102906FF0090200210A20FCF70C
:1073700033FEF9F775FB00B90CE04FF4805170480B
:1073800002F088F8012805D181026D4802F082F8E8
:107390000128E1D000BF67480068401C65490860CB
:1073A000644800686428D6DB00205F4981F8330018
:1073B0001E20FBF751FD40F6B83005F06BFA0F20A8
:1073C0005549086023205549086040F26720544918
:1073D0000860544908604FF47A6005F05BFA1E209B
:1073E000FBF73AFD40F28A204D4908604D4908609C
:1073F0004FF47A6005F04EFA14212846FBF717FE89
:1074000000219FED500A5048FBF7ACFDFAF70CFF46
:1074100050204149086082204049086011E0052061
:1074200005F038FAF9F71CFB00B90FE0474800688F
:1074300010F5E17F05DA4FF4877039490860394962
:1074400008604248006810F5527FE8DC00BF002069
:10745000354981F82F000A20FBF7FEFC9FED3C1A0E
:10746000DFED3C0A06209FED3C0AFBF7EAFD002019
:10747000304908601AE006E0052005F00BFAF9F73C
:10748000EFFA00B90CE04FF480712D4802F002F8D9
:10749000012805D180212A4801F0FCFF0128EBD00A
:1074A00000BF24480068401C224908602148006849
:1074B0006428E0DB1420184908602D201749086073
:1074C000E42017490860174908600020FBF7C4FC56
:1074D0003EBD0EB50F20104908603C200F490860E2
:1074E0004FF482700E4908600E4908604FF4FA604C
:1074F00005F0D0F99FED161ADFED160A23209FED57
:10750000170AFBF79EFD00200A4908603AE00000D8
:107510005D060020BAFAFFFFE4020020E802002026
:10752000C8020020D4020020040000203EFEFFFF1D
:107530009A99993E88020020A40000209C00002017
:1075400000100240666666BF68FCFFFF3C02002038
:10755000CDCC4C3E000061C4000061440080BBC43F
:1075600006E0012005F096F9F9F77AFA00B903E090
:10757000FE480068D228F4DC00BFFD480068401CCB
:10758000FB490860FA480068FA28E9DB0020F8495E
:10759000086011E006E0012005F07CF9F9F760FAD7
:1075A00000B903E0F3480068AF28F4DC00BFF048FE
:1075B0000068401CEE490860ED480068FA28E9DBE5
:1075C0000020EB4908601AE00FE00F20C8210222DA
:1075D000A423CDE900210290E74AE7491439FCF7DA
:1075E000F5FFF9F73DFA00B903E0E048006812281A
:1075F000EBDC00BFDE480068401CDD490860DC4869
:107600000068FA28E0DB1420FBF726FC0EBD0EB55F
:107610000F20DA4908603C20D94908604FF4827095
:10762000D8490860D84908604FF4FA6005F032F98B
:107630001FED391A5FED390A23209FEDD40AFBF7BD
:1076400000FD0020CA49086011E006E0012005F0B5
:1076500021F9F9F705FA00B903E0C4480068D22817
:10766000F4DC00BFC2480068401CC1490860C04843
:107670000068FA28E9DB0020BD49086012E006E056
:10768000012005F007F9F9F7EBF900B904E0B94872
:107690000068B0F5917FF3DC00BFB5480068401C7E
:1076A000B3490860B2480068FA28E8DB0020B04916
:1076B00008601BE010E00F209621022240F20F1319
:1076C000CDE900210290AC4AAB491439FCF77EFFAA
:1076D000F9F7C6F900B903E0A44800681728EADC06
:1076E00000BFA3480068401CA1490860A04800688A
:1076F000FA28DFDB1420FBF7AFFB0EBD3EB50F20F1
:107700009E4908603C209E4908604FF482709D4964
:1077100008609D4908604FF4FA6005F0BBF81FED62
:10772000741A5FED740A23201FED760AFBF789FCBB
:1077300000208F49086011E006E0012005F0AAF85A
:10774000F9F78EF900B903E088480068D228F4DC24
:1077500000BF87480068401C85490860844800686D
:10776000FA28E9DB0020824908601EE013E00F20C0
:10777000A02102228423CDE9002102907E4A7E4985
:1077800014391E20FCF728FC012005F083F8F9F7D6
:1077900067F900B903E0754800682D28E7DC00BFF1
:1077A00073480068401C7249086071480068FA28F4
:1077B000DCDB00206E4908601AE00FE00F20A021FA
:1077C00002228423CDE9002102906B4A6A491439D0
:1077D000FCF702FCF9F744F900B903E063480068DC
:1077E0001528EBDC00BF62480068401C6049086057
:1077F0005F480068FA28E0DB00205D4908601AE075
:107800000FE00F20A02102228423CDE90021029065
:10781000594A59491439FCF7DFFBF9F721F900B946
:1078200003E0524800681428EBDC00BF50480068B1
:10783000401C4F4908604E480068FA28E0DB1420DD
:10784000FBF70AFBB4204D490860FA204C49086058
:1078500040F2B2204B4908604B490860002044497F
:10786000086012E006E0052005F014F8F9F7F8F8D2
:1078700000B904E046480068B0F52B7FF3DD00BF97
:107880003B480068401C3A49086039480068FA28BB
:10789000E8DB0020364908601DE010E00F2096214B
:1078A00002228423CDE900210290334A324914395F
:1078B0000720FCF791FBF9F7D3F800B905E0102198
:1078C000344801F0E7FD0128E8D000BF28480068EF
:1078D000401C2749086026480068FA28DDDBFAF7D3
:1078E000A3FC10E00F20962102228423CDE9002181
:1078F0000290214A204914390720FCF76DFBF9F763
:10790000AFF800B912E0F9F735F90546F9F708F9CB
:10791000041E01DB204600E06042002D01DB294609
:1079200000E069420844B0F5077FDBDB00BF1E20A2
:10793000FBF792FA3EBD704730B5002034E00021DD
:107940002FE0002211E0AFF2110300EB801404EBF2
:107950004404114D05EBC40401EB810505EBC105A1
:1079600004EB850444F82230521C17E09C000020F0
:1079700088020020A000002090FCFFFFE40200200D
:10798000E8020020C8020020D402002000C0A8C4E1
:10799000B800002000100240BC0800200D2AD2DBF5
:1079A000491C1E29CDDB401C1E28C8DBAFF2DD447C
:1079B000F94BC3F80C42AFF2A934C3F81042AFF24E
:1079C000C324C3F81442AFF62734F44BC3F8384449
:1079D000AFF65534C3F83C44AFF63B34C3F84044EB
:1079E000EF4CF04B9C63F04CDC63ED4C1C64AFF649
:1079F000F5645C64EC4C9C64DC641C655C65AFF60F
:107A000005749C65DC651C665C66E84CC3F8EC4656
:107A1000E74CC3F8F046E54CC3F8F446E54CC3F830
:107A2000F846E34CC3F8FC46E34CC3F80047E34C8C
:107A3000C3F80447E04CC3F80847E14CC3F80C47CF
:107A4000C3F81047C3F81447C3F8184730BD1CB536
:107A500030E09DF80200DB4908709DF80300DA4928
:107A600008709DF80400D9490870D64800781E288F
:107A70001EDAD54800781E281ADA084600780D2844
:107A800016DAD049097801EB811101EB4101C54AB1
:107A900002EBC101CC4A127802EB820303EBC20273
:107AA00001EB8201C94A127851F82200804701E0B7
:107AB000FFF741FF6846FAF7FFF80028C9D1C4492B
:107AC00008701CBD3EB50446B420C2490860FA20C7
:107AD000C14908604FF49670C0490860C049086009
:107AE0009FEDC01ADFEDC00A28209FEDC00AFBF70A
:107AF000A8FA0020BE49086011E006E0052004F065
:107B0000C9FEF8F7ADFF00B903E0BA4800684028A5
:107B1000F4DC00BFB6480068401CB5490860B448B2
:107B2000006840F226218842E7DB0020FBF794F949
:107B30000020AF4908601DE012E0142096210222C7
:107B40004023CDE900210290AB4A11461E20FCF7EC
:107B50003DFD052004F09EFEF8F782FF00B903E02A
:107B6000A64800686428E8DC00BFA1480068401C03
:107B70009F4908609E48006840F226218842DBDB6E
:107B800000209B4908601DE012E01420962102228B
:107B90004023CDE900210290974A11461E20FCF7B0
:107BA00015FD052004F076FEF8F75AFF00B903E052
:107BB000924800686428E8DB00BF8D480068401CDC
:107BC0008B4908608A48006840F226218842DBDB46
:107BD0000020874908601DE012E01420962102224F
:107BE0004023CDE900210290834A11461E20FCF774
:107BF000EDFC052004F04EFEF8F732FF00B903E07B
:107C00007F4800686E28E8DC00BF79480068401CA7
:107C1000774908607648006840F226218842DBDB1D
:107C20000020FBF719F99FED771ADFED770A142092
:107C30009FED750AFBF705FA06E0052004F02AFE21
:107C4000F8F70EFF00B904E07048006810F1320F39
:107C5000F3DB00BF9FED631ADFED6B0A28209FED79
:107C60006A0AFBF7EEF90020614908601FE013E0A3
:107C700014204FF4AF7102222346CDE90021029077
:107C8000002211462820FCF7A1FC052004F002FE8A
:107C9000F8F7E6FE00B904E05D480068B0F5C87F7B
:107CA000E6DC00BF52480068401C5149086050485B
:107CB000006840F226218842D9DB00204C49086048
:107CC0001DE012E014204FF4AF7102222346CDE9EB
:107CD0000021029000221146FCF778FC052004F0F8
:107CE000D9FDF8F7BDFE00B903E049480068DC287B
:107CF000E8DC00BF3E480068401C3D4908603C4845
:107D0000006840F226218842DBDB00203849086009
:107D10001EE013E014204FF4AF7102222346CDE998
:107D200000210290002211460820FCF74FFC05209C
:107D300004F0B0FDF8F794FE00B903E034480068A1
:107D4000A528E7DC00BF2A480068401C28490860D5
:107D50002748006840F226218842DADB0020FBF742
:107D60007BF83EBD10B52B48006801285ED19620F7
:107D70002949086040F26A202849086042F6E0601C
:107D800004F088FD0120264908600020254908608C
:107D9000254908607AE00000AC4500209C82002064
:107DA00057680008BC08002017620008894B0008CB
:107DB0007D400008BB540008673D000839430008B7
:107DC000554D0008890100208A01002094010020FF
:107DD00095010020E4020020E8020020C8020020F3
:107DE000D4020020CDCCCC3D000061C40000E144B1
:107DF00088020020A00000207CFCFFFFA4000020DF
:107E00009C0000203333333F000000003C02002080
:107E1000AC000020A0010020EC020020E0020020C5
:107E2000380300203C03002040030020FE48006887
:107E3000012814D19620FD4908604FF40270FC49D6
:107E4000086042F6E06004F025FD0020F949086072
:107E50000120F94908600020F849086016E0F84858
:107E60000068012812D16420F04908604FF4CD70F9
:107E7000EF49086042F6E06004F00CFD0020ED4997
:107E80000860ED4908600120EC49086010BD10B59C
:107E90006420EC4908608C20EB4908604FF42570A1
:107EA000EA490860EA490860EA48C07F40F00400F7
:107EB000E849C8770846C07F40F01000C8770846F8
:107EC000C07F40F00800C8770020E349086013E055
:107ED00006E0052004F0DEFCF8F7C2FD00B905E07D
:107EE000DE48006840F28A218842F2DB00BFDA48AF
:107EF0000068401CD8490860D7480068FA28E7DBCA
:107F0000CC480068012862D1FDF713FF40F6B83075
:107F100004F0C0FCCF48C07F40F01000CD49C877C6
:107F2000FDF713FFCB4890F8230040F01000C9493B
:107F300081F823000846C07F40F08000C877002009
:107F4000C549086014E006E0052004F0A3FCF8F73A
:107F500087FD00B906E04FF48051C14801F09AFA5C
:107F60000028F1D000BFBC480068401CBA49086036
:107F7000B9480068FA28E6DB41F2883004F08AFC50
:107F80000020B54908601AE09620A849086040F230
:107F90005620A749086042F6E06004F07BFC96207A
:107FA000A249086040F27E20A149086042F6E060E4
:107FB00004F070FCA8480068401CA7490860A64867
:107FC00000680528E0DB40F26A20994908609A4879
:107FD0000068012864D1FDF7D0FE40F6B83004F007
:107FE00059FC9C48C07F40F008009A49C877FDF7CB
:107FF000D0FE984890F8230040F04000954981F861
:108000002300084690F8230040F0040081F8230084
:1080100000209149086014E006E0052004F03AFCD5
:10802000F8F71EFD00B906E04FF400418D4801F05D
:1080300031FA0028F1D000BF87480068401C86490B
:10804000086085480068FA28E6DB41F2883004F0D1
:1080500021FC0020804908601AE0962073490860DE
:108060004FF407707249086042F6E06004F012FCB9
:1080700096206E4908604FF4FA706D49086042F628
:10808000E06004F007FC74480068401C7249086016
:10809000714800680528E0DB4FF40270644908600D
:1080A0006648006801285ED1FDF717FE40F6B8303B
:1080B00004F0F0FBFDF721FE664890F8230040F045
:1080C0002000644981F82300084690F8230040F01E
:1080D000080081F8230000205F49086014E006E0F2
:1080E000052004F0D7FBF8F7BBFC00B906E04FF41D
:1080F00080615D4801F0CEF90028F1D000BF5648FC
:108100000068401C5449086053480068FA28E6DBC0
:1081100041F2883004F0BEFB00204F4908601AE0AD
:108120006420424908604FF4D7704149086042F624
:10813000E06004F0AFFB64203C4908604FF4C3707A
:108140003B49086042F6E06004F0A4FB4248006846
:10815000401C41490860404800680528E0DB4FF4B6
:10816000CD70334908609FED411A5FEDD90A0820B0
:108170009FED3F0AFAF765FF44F6206004F08AFBA2
:108180001E20FAF769FE05214FF4E160FAF74FFF70
:1081900041F2883004F07EFB1E20FAF75DFE10BD30
:1081A00010B5FFF754FC33480068012805D12A2098
:1081B000FFF788FC02202F4908602E48006802283B
:1081C00004D1FFF7CFFD03202A4908602948006841
:1081D000032804D1FFF75BFE04202649086010BD88
:1081E000FEB504460D46B42016490860FA2016492B
:1081F00008604FF4E6701549086015490860FA20D8
:10820000144981F8330004EB440000F5C87000EE17
:10821000900AF8EEE00AB0EE600A9FED171AF1EE50
:10822000040A19202AE00000A4010020EC0200202A
:10823000E0020020380300203C030020400300201F
:10824000A8010020E4020020E8020020C80200206B
:10825000D40200200400002088020020B800002082
:1082600000000240000C024000040240CDCC4C3E15
:1082700000001643AC0100209A99993EFAF7E1FEFE
:10828000F9F7D2FF06E0012004F004FBF8F7E8FB61
:1082900000B913E0F8F76EFC0746F8F741FC061E3C
:1082A00001DB304600E07042002F01DB394600E080
:1082B0007942084440F2E2418842E4DB00BF0020FA
:1082C000F749086013E006E0012004F0E3FAF8F74C
:1082D000C7FB00B905E0A4F10900F249096888422A
:1082E000F2DC00BFEE480068401CED490860EC4835
:1082F00000686428E7DB40F24A20EB490860401E32
:10830000EA4908600020E64908601AE00FE00F2003
:10831000962101222346CDE9002102900022114638
:108320001420FCF753F9F8F79BFB00B903E0E04891
:1083300000681928EBDC00BFD9480068401CD84908
:108340000860D7480068FA28E0DBFA20D94981F8AC
:108350002F000020D249086019E00EE00F2096217E
:1083600001222346CDE90021029000221146FCF7AC
:108370002DF9F8F775FB00B903E0CD480068122825
:10838000ECDC00BFC6480068401CC5490860C44812
:108390000068FA28E1DB0020C149086023E00FE013
:1083A0000F20642101222346CDE900210290002202
:1083B00011460A20FCF70AF9F8F752FB00B90CE065
:1083C0004FF48051BC4801F065F8012805D18102C5
:1083D000B94801F05FF80128E2D000BFB04800685A
:1083E000401CAF490860AE4800686428D7DB002015
:1083F000B04981F833001E20FAF72EFD40F6B83060
:1084000004F048FA0F20AD4908602320AC49086009
:1084100040F26720A4490860A44908604FF47A60DC
:1084200004F038FA1E20FAF717FD40F28A209E4920
:1084300008609E4908604FF47A6004F02BFA14211A
:108440002846FAF7F4FD00219FED9E0A4FF466706E
:10845000FAF788FDF9F7E8FE502098490860822075
:108460009749086011E0052004F014FAF8F7F8FACB
:1084700000B90FE094480068B0F5E17F05DD4FF4E6
:10848000877089490860894908608F480068B0F59D
:10849000527FE8DB00BF0020864981F82F000A20C8
:1084A000FAF7DAFC1FED8F1ADFED880A06209FED40
:1084B000880AFAF7C6FD0020794908601AE006E04C
:1084C000052004F0E7F9F8F7CBFA00B90CE04FF417
:1084D0008071794800F0DEFF012805D180217648BF
:1084E00000F0D8FF0128EBD000BF6D480068401CA9
:1084F0006B4908606A4800686428E0DB14206F4913
:1085000008602C206E490860E420674908606749CC
:1085100008600020FAF7A0FCFEBD10B50F206749E7
:1085200008603C20664908604FF482705E4908602C
:108530005E49086064206749086040F26E20664921
:1085400008604FF4FA6004F0A5F91FEDB81ADFEDEA
:108550005F0A23209FED5D0AFAF773FD0020504962
:10856000086011E006E0012004F094F9F8F778FAC9
:1085700000B903E04E480068D228F4DC00BF484848
:108580000068401C4649086045480068FA28E9DB55
:1085900000204349086011E006E0012004F07AF968
:1085A000F8F75EFA00B903E04C480068BE28F4DC36
:1085B00000BF3B480068401C3949086038480068E3
:1085C000FA28E9DB10BD3EB50F203C4908603C208D
:1085D0003B4908604FF482703349086033490860B2
:1085E00050203C49086040F267203B4908604FF446
:1085F000FA6004F04FF91FEDE31ADFED350A23208E
:108600009FED370AFAF71DFD00202549086011E0AB
:1086100006E0012004F03EF9F8F722FA00B903E081
:1086200023480068D228F4DC00BF1D480068401CC5
:108630001B4908601A480068FA28E9DB002018493D
:10864000086012E006E0012004F024F9F8F708FAC7
:1086500000B904E013480068B0F5917FF3DC00BF77
:108660000F480068401C0E4908600D480068FA2851
:10867000E8DB00200A49086040E035E00F20962141
:10868000022240F20F13CDE900210290154A15494C
:108690001439FBF79BFFF8F7E3F900B928E023E072
:1086A00088020020A0000020C8020020D402002080
:1086B0009C0000200400002000100240E402002082
:1086C000E80200206666663F3C020020000061442C
:1086D000000061C4EC020020E0020020A4000020A1
:1086E00000C0A8C490FCFFFFFE4800681728C5DC46
:1086F00000BFFD480068401CFB490860FA4800685C
:10870000FA28BADB1420FAF7A7FBB420F74908606F
:10871000FA20F749086040F2DB10F6490860F64994
:1087200008600020F049086012E006E0052004F02F
:10873000B1F8F8F795F900B904E0F0480068B0F531
:10874000EB7FF3DB00BFE8480068401CE6490860A7
:10875000E5480068FA28E8DB0020E34908601EE0ED
:1087600011E00F209621022240F20F13CDE90021E3
:108770000290E34AE24914390720FBF727FFF8F794
:108780006FF900B905E01021DE4800F083FE0128F2
:10879000E7D000BFD4480068401CD3490860D248E5
:1087A0000068FA28DCDBF9F73FFD11E00F20962185
:1087B000022240F20F13CDE900210290D04A143A70
:1087C00011460720FBF702FFF8F74AF900B912E05B
:1087D000F8F7D0F90546F8F7A3F9041E01DB2046A7
:1087E00000E06042002D01DB294600E069420844B8
:1087F000B0F5077FDADB00BF1E20FAF72DFB3EBD88
:108800003EB50F20B94908603C20B94908604FF4D3
:108810008270B8490860B84908606420BA490860A5
:1088200040F26F20B94908604FF4FA6004F032F862
:108830009FEDB71A5FED5A0A23201FED5B0AFAF786
:1088400000FC0020A849086011E006E0012004F0C7
:1088500021F8F8F705F900B903E0A2480068D2282A
:10886000F4DC00BFA0480068401C9F4908609E4897
:108870000068FA28E9DB00209B4908601EE013E04D
:108880000F20A02102228723CDE9002102909C4ADB
:108890009B4914391E20FBF79FFB012003F0FAFFD0
:1088A000F8F7DEF800B903E08E4800682D28E7DC11
:1088B00000BF8D480068401C8B4908608A480068EA
:1088C000FA28DCDB0020884908601AE00FE00F205E
:1088D000A02102228723CDE900210290884A8849FD
:1088E0001439FBF779FBF8F7BBF800B903E07D48D2
:1088F00000681528EBDC00BF7B480068401C7A4903
:10890000086079480068FA28E0DB002076490860B2
:108910001AE00FE00F20A02102228723CDE90021D9
:108920000290774A76491439FBF756FBF8F798F826
:1089300000B903E06B4800681428EBDC00BF6A480C
:108940000068401C6849086067480068FA28E0DB56
:108950001420FAF781FAB42064490860FA206449C7
:10896000086040F2B2206349086063490860002053
:108970005D49086012E006E0052003F08BFFF8F780
:108980006FF800B904E05D480068B0F52B7FF3DDB7
:1089900000BF55480068401C5349086052480068B1
:1089A000FA28E8DB0020504908601DE010E00F20A5
:1089B000962102228423CDE900210290504A504999
:1089C00014390720FBF708FBF8F74AF800B905E06F
:1089D00010214C4800F05EFD0128E8D000BF42485D
:1089E0000068401C404908603F480068FA28DDDB09
:1089F000F9F71AFC10E00F20962102228423CDE91A
:108A0000002102903E4A3E4914390720FBF7E4FA60
:108A1000F8F726F800B912E0F8F7ACF80546F8F7D1
:108A20007FF8041E01DB204600E06042002D01DBE0
:108A3000294600E069420844B0F5077FDBDB00BF50
:108A40001E20FAF709FA3EBD30B500201AE00021D9
:108A500015E0002210E02F4B00EB801404EB4404DF
:108A60002D4D05EBC40401EB810505EBC10504EBBD
:108A7000850444F82230521C0D2AECDB491C1E29C7
:108A8000E7DB401C1E28E2DB244C254BC3F80C42DC
:108A9000244CC3F81042244CC3F81442234C244BFA
:108AA000C3F83844234CC3F83C44204CC3F840443A
:108AB000214C194B9C63214CDC631F4C1C641F4CE4
:108AC0005C649C64DC641C655C659C651C4CC3F840
:108AD000EC461C4CC3F8F046194CC3F8F446134C52
:108AE00032E000009C00002088020020E402002008
:108AF000E8020020C8020020D4020020B8000020B4
:108B000090FCFFFF00100240EC020020E002002079
:108B1000CDCC4C3E37790008BC080020D374000847
:108B2000AC4500200F760008FD760008554D000882
:108B30009C8200204357000857680008176200080D
:108B4000894B0008673D0008C3F8F846FB4CC3F8A2
:108B5000FC46C3F80047C3F80447C3F80847F84C7D
:108B6000C3F80C47C3F81047C3F81447C3F81847B5
:108B700030BD10B5044600BF8021F24802F043FC2E
:108B80000028F9D02146EF4802F08DFB10BD38B522
:108B900005462A46ECA1684604F0B2FE6C4603E0A6
:108BA0002078FFF7E6FF641C20780028F8D138BD54
:108BB00009E01120F9F777FD0121E54802F048FBB3
:108BC0000F2003F067FEF4E70DE0FAF77EFEFAF7F8
:108BD000B8FFFBF70BF8DF48006808B9FBF75BF854
:108BE000032003F057FEF0E702E0032003F052FEFB
:108BF000FBE704E0FAF7C1FC032003F04BFEF9E7C2
:108C00001FB5F8F703F8F8F740F8F8F7ACFAF8F7FB
:108C100081FBF8F773FCF8F7F8FBF8F7E7FCF8F7D7
:108C2000D5F84FF4E130F8F7BAFD4FF4E130F8F73A
:108C300043FE4FF4E130F8F7CCFE4FF4E130F8F7A3
:108C40006EFF4FF46120F9F7C1F8F9F7B4FE002088
:108C5000C1490860F9F7E8FA6420C04908600020BB
:108C600000900190029003464FF48072BCA10390E3
:108C7000C04803F0D0FB0020009001900290034612
:108C80004FF48072BCA10390C04803F0C4FB0020E5
:108C900000900190029003464FF48072BCA10390B3
:108CA000C04803F0B8FBC04890F8230040F0200013
:108CB000BD4981F82300084690F8230040F04000A9
:108CC00081F82300084690F8230040F0100081F856
:108CD00023000846C07F40F08000C877084690F81F
:108CE000230040F0040081F82300084690F8230098
:108CF00040F0080081F82300002081F832000120B4
:108D000081F82E00FDF751F80F20A8490860462091
:108D1000A74908604FF48270A6490860A649086018
:108D200064208E4908604FF40270A4490860E6E0B0
:108D3000D3E01E210720FEF70CF9FDF75AF8A048F2
:108D400000681E2803DAFA20974981F833009D480D
:108D5000007800F0020008B1FEF7B3F802219A484B
:108D600000F098FB002857D1FFF76EFE9548407839
:108D700000F0080080B19348807968B19148C079CB
:108D800050B97548006838B94FF4E1612220FFF707
:108D900027FA0120704908608A48407800F02000D6
:108DA00080B18848807968B18648C07950B96A48EE
:108DB000006838B94FF4E1613520FFF711FA01205E
:108DC000654908607F48407800F0100078B17D4820
:108DD000807960B17B48C07948B95F48006830B994
:108DE0007A494820FFF7FCF901205B490860754883
:108DF000407800F0080000286FD072488079002881
:108E00006BD07048C079002867D1534800680128AA
:108E100063D1FFF782FB60E0FEF78EFD6948407882
:108E200000F0080078B16748807960B16548C07982
:108E300048B94948006830B964491320FEF7F6F98B
:108E40000120454908605F48407800F0200080B16B
:108E50005C48807968B15B48C07950B93E48006889
:108E600038B940F2D6612520FEF7E0F901203A49F1
:108E700008605448407800F0100080B15148807973
:108E800068B15048C07950B93348006838B940F2E9
:108E9000A4613820FEF7CAF901202F49086049482B
:108EA000407800F0080058B14648807940B1454804
:108EB000C07928B928480068012801D1FFF770F966
:108EC0004048407800F0040038B13E48807920B135
:108ED0003C48C07908B9FEF7FCFA3A48007800F03F
:108EE000010000287FF425AF354800681E2803DA0A
:108EF000FA202D4981F833000020F9F7ADFF17E77C
:108F00001FB5002000900190029003464FF480723C
:108F10002FA10390314803F07EFA002000900190C9
:108F2000029003464FF480722DA103902F4803F066
:108F300072FA03F089FE002004B010BD673D0008FE
:108F4000554D000800100140253032582000000027
:108F5000004800404803002044030020EC020020A9
:108F60007461736B526F626F74416E616C79746976
:108F700063730000F38B00087461736B446965755B
:108F80004B6869656E436F4361750000E98B0008AB
:108F90007461736B446965754B6869656E436F43B3
:108FA00061753100C98B000804000020E402002034
:108FB000E8020020C8020020D4020020E0020020C5
:108FC000A80000205D060020000402402AF9FFFFEF
:108FD0007461736B4D61696E00000000018C0008C4
:108FE0007461736B4779726F00000000B18B0008E9
:108FF0000CB50020019000907248006840F4803069
:109000007049086000BF6F48006800F400300090AD
:109010000198401C0190009818B90198B0F5A06F14
:10902000F1D16848006800F4003010B101200090D0
:1090300001E0002000900098012846D161484030AE
:10904000006840F080505F49403108605E48006829
:1090500040F480405C4908605A480830006859492B
:10906000083108600846006840F40040086008467F
:10907000006840F4A05008605448091F0860081FA9
:10908000006840F08070091F086000BF4D4800680C
:1090900000F000700028F9D040F205604C490860EB
:1090A00048480830006820F003004649083108604D
:1090B0000846006840F00200086000BF41480830E0
:1090C000006800F00C000828F8D10CBD10B53D4830
:1090D000006840F001003B49086000203949083130
:1090E0000860384800683B490840364908603A48FB
:1090F000091D0860081F006820F48020091F08600F
:10910000002030490C310860FFF772FF4FF000601B
:109110003249086010BD70B50020002202230024EF
:109120000221284D08352D6805F00C0020B10428D7
:1091300006D0082834D107E0294D2A4E356033E0A7
:10914000294D284E35602FE01E4D2D1D2D68C5F38D
:1091500080541C4D2D1D2D6805F03F0154B1224D4A
:10916000B5FBF1F5174E361D3668C6F3881605FBBC
:1091700006F209E01A4DB5FBF1F5124E361D3668C0
:10918000C6F3881605FB06F20E4D2D1D2D68C5F39E
:1091900001456D1C6B00B2FBF3F5124E356003E028
:1091A0000F4D104E356000BF00BF064D08352D68CD
:1091B000C5F303150D4E705D0A4D2D68C540094E6F
:1091C000356070BD00380240007000400854400710
:1091D000003C0240FFFFF6FE1030002408ED00E0E6
:1091E0000024F400AC03002000127A00B003002039
:1091F0000648804706480047FEE7FEE7FEE7FEE731
:10920000FEE7FEE7FEE7FEE7FEE7FEE7CD9000089B
:109210008901000832490143324A1160704770B534
:10922000002100230F22C4781CB32E4C246804F4C0
:10923000E064C4F5E064C4F30721C1F10404E3B2BF
:109240000A4144789C40E1B28478144021430C07E1
:10925000210E254C05786155047804F01F05012482
:10926000AC4005786D11AD0005F1E025C5F8004171
:1092700009E0047804F01F050124AC401B4D06787A
:10928000761145F8264070BD194A0A400243154B35
:109290001B1F1A60704739B1124A121D126802432F
:1092A000104B1B1D1A6006E00E4A121D1268824305
:1092B0000C4B1B1D1A607047042808D14FF0E021A9
:1092C000096941F004014FF0E022116107E04FF01D
:1092D000E021096921F004014FF0E022116170479B
:1092E0000000FA050CED00E000E400E080E100E0A1
:1092F00080FFFF1F10B504468C48844208D101212D
:10930000084600F000FB0021012000F0FCFA5EE0BE
:109310008748844208D10121022000F0F4FA00219C
:10932000022000F0F0FA52E08248844208D1012184
:10933000042000F0E8FA0021042000F0E4FA46E0FE
:109340007D48844208D10121082000F0DCFA002188
:10935000082000F0D8FA3AE07848844208D1012188
:10936000102000F0D0FA0021102000F0CCFA2EE0FE
:109370007348844208D10121202000F0C4FA002162
:10938000202000F0C0FA22E06E48844208D101217A
:10939000402000F0B8FA0021402000F0B4FA16E0B6
:1093A0006948844208D10121802000F0ACFA0021F4
:1093B000802000F0A8FA0AE06448844207D1012125
:1093C000801500F0A0FA0021A01500F09CFA10BD55
:1093D000F0B50A4600210023002400BF3DE001252E
:1093E00005FA01F3156805EA03049C4234D10568C7
:1093F0004F000326BE40B543056015794E00B540C9
:109400000668354305601579012D02D01579022DC6
:1094100016D185684F000326BE40B5438560557957
:109420004E00B540866835438560456801268E400C
:10943000B5434560456896798E40B6B23543456080
:10944000C5684F000326BE40B543C560D5794E00C0
:10945000B540C6683543C560491C1029BFD3F0BD6F
:109460004FF6FF7101600021017141718171C1717D
:10947000704708B54FF480320092009A0A43009278
:10948000009AC261C161009AC261C2690092C26958
:10949000009208BD0246002013690B400BB1012069
:1094A00000E0002070470146086980B2704702461C
:1094B000002053690B400BB1012000E000207047F1
:1094C0000146486980B27047018370474183704705
:1094D0000AB1018300E041837047416170474269EE
:1094E0004A4042617047F0B5002300244D07ED0E5D
:1094F00002FA05F3CE1000F1200555F826504E076C
:10950000F70E0F26BE40B543CF1000F1200646F8F7
:109510002750CE1000F1200555F8265045EA0304E7
:10952000CE1000F1200545F82640F0BD00000240B5
:109530000004024000080240000C024000100240FB
:109540000014024000180240001C024000200240AB
:10955000FA48006840F00100F84908600020F74927
:1095600008310860F5480068F5490840F34908608B
:10957000F448091D0860081F006820F48020091FB6
:1095800008600020ED490C31086070470021EB4A6B
:10959000921C117011460870704710B501460022E8
:1095A000002300204A11012A02D1E44C236808E07C
:1095B000022A03D1E14C7034236802E0DF4C74349A
:1095C000236801F01F02012494401C400CB10120CB
:1095D00000E0002010BD38B50020009000240025D8
:1095E00000BF3120FFF7D9FF05460098401C0090CE
:1095F0000098B0F5A06F01D0002DF2D03120FFF718
:10960000CCFF08B1012400E00024204638BD01460B
:109610000020CA4A106820F0F80040EAC10010603B
:109620007047C949086070470021C44A7032117000
:109630001170012802D004280AD104E00121BF4A98
:109640007032117005E00521BC4A7032117000E0E3
:1096500000BF00BF7047BD490860704770B5049CEB
:1096600041EA82150126C6EB530645EA0645054345
:1096700045EA0465B14E361D356070BDB2490866D5
:109680007047820142EA0172AC4B84331A60704722
:10969000AD4988667047AC49C864704702460020EF
:1096A000A64B0833186820F0EC6042EA0103184327
:1096B000A24B083318607047024600209F4B0833C6
:1096C000186820F0784042EA010318439B4B0833A6
:1096D0001860704701460020984A0832106820F050
:1096E000030008431060704794480830006800F099
:1096F0000C00704701460020904A0832106820F0A4
:10970000F000084310607047014600208B4A083281
:10971000106820F4E05008431060704701460020B4
:10972000864A0832106820F4604040EAC1001060A8
:109730007047F0B5002100220024022500260223F4
:109740007E4F08373F6807F00C0121B1042905D08E
:10975000082937D105E07E4F076036E07D4F07606E
:1097600033E0764F3F1D3F68C7F38056734F3F1D70
:109770003F6807F03F036EB1764FB7FBF3F7DFF8B2
:10978000BCC10CF1040CDCF800C0CCF3881C07FB56
:109790000CF40CE06E4FB7FBF3F7DFF8A0C10CF14F
:1097A000040CDCF800C0CCF3881C07FB0CF4634FFE
:1097B0003F1D3F68C7F301477F1C7D00B4FBF5F7F1
:1097C000076002E0624F076000BF00BF5B4F0837D1
:1097D0003F6807F0F00109095F4F7A5C0768D740DE
:1097E0004760564F08373F6807F4E051890A5A4FDF
:1097F0007A5C4768D7408760504F08373F6807F466
:109800006041490B544F7A5C4768D740C760F0BD50
:10981000002100F44072B2F5407F0AD1474A083275
:10982000116821F4F8114D4A02401143434A0832AD
:109830001160424A70321268C0F30B031A433F4B67
:1098400070331A60704741494439086070473F4996
:1098500040390860704742490860704739B1374A5B
:10986000303212680243354B30331A6006E0334A17
:10987000303212688243314B30331A60704739B14D
:109880002E4A3432126802432C4B34331A6006E0FD
:109890002A4A343212688243284B34331A607047A4
:1098A00039B1264A383212680243244B38331A60E1
:1098B00006E0224A383212688243204B38331A605D
:1098C000704739B11D4A4032126802431B4B403386
:1098D0001A6006E0194A403212688243174B40333F
:1098E0001A60704739B1154A443212680243134B6B
:1098F00044331A6006E0114A4432126882430F4B27
:1099000044331A60704739B10C4A1032126802436E
:109910000A4B10331A6006E0084A1032126882437C
:10992000064B10331A607047E1B1044A14321268D2
:109930000243024B14331A6019E000000038024061
:10994000FFFFF6FE1030002400004742800E474221
:109950000024F40000127A00C0030020FFFCFF0F77
:109960005C0147425B4A126882435A4B1A60704757
:1099700039B1584A121D12680243564B1B1D1A601A
:1099800006E0544A121D12688243524B1B1D1A6096
:10999000704739B14F4A0C32126802434D4B0C33B9
:1099A0001A6006E04B4A0C3212688243494B0C3372
:1099B0001A60704739B1474A103212680243454B6A
:1099C00010331A6006E0434A103212688243414B5A
:1099D00010331A60704739B13E4A3C321268024374
:1099E0003C4B3C331A6006E03A4A3C3212688243F0
:1099F000384B3C331A60704739B1364A40321268EE
:109A00000243344B40331A6006E0324A4032126857
:109A10008243304B40331A60704739B12D4A44328B
:109A2000126802432B4B44331A6006E0294A443241
:109A300012688243274B44331A60704739B1254A74
:109A40004C3212680243234B4C331A6006E0214A21
:109A50004C32126882431F4B4C331A60704739B145
:109A60001C4A5032126802431A4B50331A6006E007
:109A7000184A503212688243164B50331A607047AE
:109A800039B1144AD21F12780243124BDB1F1A70ED
:109A900006E0104AD21F127882430E4BDB1F1A7069
:109AA00070470C486030006840F0807009496031B0
:109AB0000860704701460020064A083A12680A40CA
:109AC0000AB1012000E0002070470249891F087098
:109AD000704700001438024010B501210802FFF75A
:109AE00069FF00214FF48070FFF764FF10BD30B5AF
:109AF0000246002000235068F84C20400D790C6885
:109B000044EA0524204350609068F54C2040D1E998
:109B100003542C438D682C434D7944EA450420437B
:109B20009060D06A20F470000C7D641EE4B2234380
:109B300040EA0350D06230BD0021016001714171E3
:109B40008160C16001610121017570470021E54A12
:109B50001168E54A1140D0E900231A4383681A438B
:109B6000C3681A431143E14AC2F804137047002145
:109B7000016041608160C160704721B1826842F03C
:109B80000102826003E0826822F001028260704775
:109B90000A4600214168D64B194011434160704785
:109BA0004162826270470A460021416821F01F012C
:109BB00011434160704738B1CA49096841F4000156
:109BC000CA4AC2F8041306E0C649096821F4000134
:109BD000C64AC2F80413704738B1C249096841F453
:109BE0008001C24AC2F8041306E0BE49096821F4A4
:109BF0008001BE4AC2F804137047F0B504460D4612
:109C000000200021092D11DDE068A5F10A0606EB10
:109C10004607072606FA07F18843A5F10A0606EB70
:109C2000460603FA06F10843E0600CE0206905EB04
:109C30004507072606FA07F1884305EB450603FAB0
:109C400006F108432061072A0FDA606B561E06EB07
:109C500086071F2606FA07F18843561E06EB86067E
:109C600005FA06F10843606322E00D2A0FDA206B43
:109C7000D61F06EB86071F2606FA07F18843D61F74
:109C800006EB860605FA06F10843206310E0E06A59
:109C9000A2F10D0606EB86071F2606FA07F1884398
:109CA000A2F10D0606EB860605FA06F10843E0620E
:109CB000F0BD816841F0804181607047014600201D
:109CC0008A6802F480020AB1012000E00020704797
:109CD00021B1826842F48062826003E0826822F4EB
:109CE00080628260704721B1826842F00202826025
:109CF00003E0826822F002028260704710B50A46D3
:109D000000210023416821F46041531E41EA4331A0
:109D1000416010BD21B1426842F40062426003E03C
:109D2000426822F40062426070470146C86C80B20B
:109D300070476C48001D0068704721B1826842F48A
:109D40008072826003E0826822F4807282607047D1
:109D500021B1826842F40072826003E0826822F4DA
:109D600000728260704738B15E49096841F4005161
:109D70005E4AC2F8041306E05A49096821F400510A
:109D80005A4AC2F804137047F0B50446154600203D
:109D900000220026092911DDE068A1F10A0707EB7E
:109DA000470C072707FA0CF29043A1F10A0707EBCB
:109DB000470703FA07F21043E0600CE0206901EB6B
:109DC000410C072707FA0CF2904301EB410703FA15
:109DD00007F210432061A06BC0F30156EF1C06F19F
:109DE000010CA7EB0C0707EB870C1F2707FA0CF2F7
:109DF0009043EF1C06F1010CA7EB0C0707EB87075C
:109E000001FA07F21043A063F0BD10B50A46002125
:109E10000023816B21F44011531E41EA03518163F9
:109E200010BD08B5002300930090009B0B440093E5
:109E3000009B1A6008BD0A460021816821F4702148
:109E40001143816070470A460021816821F4401166
:109E5000114381607047816841F4800181607047DF
:109E6000014600208A6802F480020AB1012000E065
:109E70000020704721B1426842F48062426003E0F2
:109E8000426822F480624260704721B1426842F425
:109E90008052426003E0426822F480524260704780
:109EA00008B5024600200090009201F12800009BB6
:109EB000184400900098006880B208BD10B50B46A9
:109EC0000021D9B2012404FA01F11AB144680C430B
:109ED000446002E044688C43446010BDFFFEFFFC18
:109EE000FDF7FFC004230140E030FCFF00200140EB
:109EF000FFFD3FFF0246002013680B400BB101201D
:109F000000E000207047CA430260704770B5024607
:109F10000020002300240B12556801268E4005EA1C
:109F2000060415681D4015B10CB1012000E00020A9
:109F300070BD00220A12D34303607047016821F00C
:109F4000010101600021016041608160C160016127
:109F500021214161DB49884204D13D21D94A103A8F
:109F600091608CE0D7491831884205D14FF4746173
:109F7000D44A103A916082E0D2493031884205D10A
:109F80004FF47411CF4A103A916078E0CD494831CE
:109F9000884205D14FF07461CA4A103A91606EE070
:109FA000C8496031884204D1C749C64A103AD160D5
:109FB00065E0C4497831884204D1C449C14A103AA5
:109FC000D1605CE0BF499031884204D1C049BD4AAC
:109FD000103AD16053E0BB49A831884205D14FF017
:109FE0003D51B84A103AD16049E0BA49884204D19B
:109FF0003D21B84A083A116041E0B649183188421B
:10A0000005D14FF47461B34A083A116037E0B149A1
:10A010003031884205D14FF47411AE4A083A1160CC
:10A020002DE0AC494831884205D14FF07461A94A0E
:10A03000083A116023E0A7496031884204D1A2495F
:10A04000A44A121F11601AE0A2497831884204D153
:10A050009E49A04A121F116011E09E49903188422A
:10A0600004D19B499B4A121F116008E09949A8310D
:10A07000884204D14FF03D51964A121F116070473B
:10A0800010B500220268944B1A40CC680B68234339
:10A090004C6923438C692343CC6923430C6A2343D3
:10A0A0004C6A23438C6A23434C6B23438C6B2343BE
:10A0B0001A430260426922F00702D1E90B342343BC
:10A0C0001A4342610B6943604B6883608B68C360CD
:10A0D00010BD0021016041608160C160016141618A
:10A0E0008161C161016241628162C1620163416358
:10A0F0008163704721B1026842F00102026003E00F
:10A10000026822F001020260704721B1026842F445
:10A110000042026003E0026822F4004202607047DD
:10A1200021B1026842F02002026003E0026822F0DE
:10A13000200202607047416070470146486880B263
:10A14000704722B1036843F40023036003E003680F
:10A1500023F4002303600161704721B1026842F4D7
:10A160008022026003E0026822F4802202607047CD
:10A170000AB1016100E0C1607047014600200A6831
:10A1800002F400220AB1012000E0002070470146DD
:10A1900000200A6802F001020AB1012000E000205C
:10A1A0007047014600204A6902F03800704730B518
:10A1B00003460A4600200024464DAB4202D24149E4
:10A1C000103901E04349103902F000550DB14C68D7
:10A1D00000E00C68414D2C4004EA02050DB101205D
:10A1E00000E0002030BD02463A4B9A4202D2354888
:10A1F000103801E03748103801F000531BB1374BDD
:10A200000B40C36002E0354B0B408360704710B5D4
:10A2100001F080034BB122B1436943F080034361F5
:10A2200003E0436923F08003436180290BD02AB106
:10A23000036801F01E042343036004E0036801F097
:10A240001E04A343036010BD70B502460020002425
:10A250000025204EB24202D21A4B103B01E01D4BAA
:10A26000103B1F4E0E4036B11E2606EAD12416685A
:10A2700006EA040502E0566906F0800501F0005682
:10A280000EB15C6800E01C68144E344004EA01061C
:10A2900016B10DB1012000E0002070BD02460D4B4B
:10A2A0009A4202D20748103801E00A48103801F0FB
:10A2B00000531BB1094B0B40C36002E0074B0B403E
:10A2C00083607047106002403D000020400F002076
:10A2D00000003D20106402403F801CF07D0F7D0F88
:10A2E0003C0F3C0F002044490860091D0860091D0F
:10A2F0000860091D086041483F49143108607047F3
:10A3000000213D498279002A3AD00A461268036842
:10A310009A430B461A600A1D126803689A430B1D84
:10A320001A60027911440A6803681A430A60324AC3
:10A330000832126803689A432F4B08331A601A1DBB
:10A34000126803689A432C4B0C331A604279102A26
:10A350000ED11A1F126803681A43274B08331A607C
:10A360001A1D126803681A43234B0C331A600DE060
:10A370002149427911440A6803681A430A6005E0DA
:10A38000027911440A6803689A430A607047002101
:10A39000016001710C2141710021817170471649E2
:10A3A000103109680143144A1032116070470146A8
:10A3B0000020114A143212680A400AB1012000E05C
:10A3C000002070470C491431086070470146002096
:10A3D0000022094B1B6803EA0102074B14331B6878
:10A3E0000B4013B10AB1012000E000207047024980
:10A3F0001431086070470000003C0140FFFF7F00FF
:10A4000010B50446FE48844208D101210846FFF7F2
:10A41000D1FA00210120FFF7CDFA9DE0B4F1804F81
:10A4200008D101210846FFF7B4FA00210120FFF707
:10A43000B0FA91E0F348844208D101210220FFF7ED
:10A44000A8FA00210220FFF7A4FA85E0EE48844232
:10A4500008D101210420FFF79CFA00210420FFF716
:10A4600098FA79E0E948844208D101210820FFF7F1
:10A4700090FA00210820FFF78CFA6DE0E44884424E
:10A4800008D101211020FFF784FA00211020FFF7E6
:10A4900080FA61E0DF48844208D101212020FFF7E3
:10A4A00078FA00212020FFF774FA55E0DA48844258
:10A4B00008D101210220FFF77DFA00210220FFF7D9
:10A4C00079FA49E0D548844209D101210804FFF70F
:10A4D00071FA00214FF48030FFF76CFA3CE0D0486D
:10A4E000844209D101214804FFF764FA00214FF4A6
:10A4F0000030FFF75FFA2FE0CA48844209D10121FA
:10A500008804FFF757FA00214FF48020FFF752FA32
:10A5100022E0C548844208D101214020FFF739FAE2
:10A5200000214020FFF735FA16E0C048844208D1E8
:10A5300001218020FFF72DFA00218020FFF729FA62
:10A540000AE0BB48844207D101218015FFF721FAB8
:10A550000021A015FFF71DFA10BD00220288A84BAC
:10A5600098420ED0AC4B98420BD0B0F1804F08D03F
:10A57000A44B984205D0A44B984202D0A34B9842DA
:10A5800004D14FF68F731A404B881A43A04B984260
:10A5900007D0A04B984204D04FF6FF431A400B89D6
:10A5A0001A4302804B68C3620B880385944B984220
:10A5B00002D0994B984201D18B7A03860123838282
:10A5C00070474FF0FF3141600021018001814180DF
:10A5D000817270470185828270470A460021018896
:10A5E0004FF68F73194011430180704741627047E5
:10A5F000C16270470146486A70470146088D70473E
:10A6000021B1028842F00202028004E002884FF683
:10A61000FD731A400280704721B1028842F00402A3
:10A62000028004E002884FF6FB731A4002807047F4
:10A6300021B1028842F08002028004E002884FF6D5
:10A640007F731A400280704702884FF6F7731A40F2
:10A65000028002880A430280704702884FF6FF4357
:10A660001A40028002880A430280704721B10288A2
:10A6700042F00102028004E002884FF6FE731A40A5
:10A680000280704770B5002400220023058C4FF62D
:10A69000FE7635400584028C8388048B4FF68F75D7
:10A6A0002C40B51E2C400D882C43751E2A408D89E8
:10A6B0002A434D882A43524DA84202D0564DA84203
:10A6C00013D14FF6F7752A40CD892A434FF6FB7513
:10A6D0002A408D882A434FF6FF652B404FF6FF55E1
:10A6E0002B400D8A2B434D8A2B43838004838D6836
:10A6F0004563028470BD70B5002400220023058CE0
:10A700004FF6EF7635400584028C8388048B48F63B
:10A71000FF752C404FF6FF452C400D884FF6FF7615
:10A7200006EA05252C434FF6DF752A408D8906EA97
:10A7300005152A434D8806EA05152A43304DA842DF
:10A7400002D0354DA8421DD14FF67F752A40CD89E4
:10A750004FF6FF7606EA05152A434FF6BF752A40E5
:10A760008D8806EA05152A434FF6FF352B404FF238
:10A77000FF752B400D8A06EA85052B434D8A06EAB4
:10A7800085052B43838004838D688563028470BDB7
:10A7900070B5002400220023058C4FF6FF6635407B
:10A7A0000584028C8388848B4FF68F752C404FF67E
:10A7B000FC752C400D882C434FF6FF552A408D899F
:10A7C0004FF6FF7606EA05252A434D8806EA052559
:10A7D0002A430B4DA84202D00F4DA84238D14FF268
:10A7E000FF752A40CD894FF6FF7606EA05252A43F4
:10A7F0004FF6FF352A408D8806EA05252A4319E0E1
:10A80000000001400004004000080040000C00402F
:10A8100000100040001400400004014000400140CE
:10A82000004401400048014000180040001C004066
:10A83000002000404EF6FF752B404DF6FF752B4073
:10A840000D8A06EA05152B434D8A06EA05152B43AA
:10A85000838084838D68C563028470BD70B50022D7
:10A8600000230024058C4EF6FF7635400584038CCA
:10A870008488828B48F6FF752A404FF6FF452A40B0
:10A880000D884FF6FF7606EA05252A434DF6FF753B
:10A890002B408D8906EA05352B434D8806EA0535A0
:10A8A0002B43FE4DA84202D0FD4DA84208D14BF6E5
:10A8B000FF752C400D8A4FF6FF7606EA85152C436E
:10A8C000848082838D680564038470BD00210180CB
:10A8D0004180818081608181C18101824182704794
:10A8E00070B50346002000241846183001258D401D
:10A8F000ACB21D8CA5431D8409B108290AD100EB17
:10A90000610005684FF68F76354005600568154390
:10A9100005600FE00D1FC5F34E052844056848F695
:10A92000FF763540056005684FF6FF7606EA022699
:10A930003543056070BD4163704781637047C163F3
:10A940007047016470470A460021018B4FF68F73F0
:10A9500019401143018370470A460021018B48F6D4
:10A96000FF7319404FF6FF7303EA02231943018373
:10A9700070470A460021818B4FF68F7319401143AF
:10A98000818370470A460021818B48F6FF73194086
:10A990004FF6FF7303EA02231943818370470A4687
:10A9A0000021018B4FF6F773194011430183704763
:10A9B0000A460021018B4FF2FF7319404FF6FF73D7
:10A9C00003EA02231943018370470A460021818B61
:10A9D0004FF6F77319401143818370470A460021EF
:10A9E000818B4FF2FF7319404FF6FF7303EA022386
:10A9F0001943818370470A460021018B4FF6FB7390
:10AA000019401143018370470A460021018B4FF61C
:10AA1000FF3319404FF6FF7303EA02231943018302
:10AA200070470A460021818B4FF6FB731940114392
:10AA3000818370470A460021818B4FF6FF3319400E
:10AA40004FF6FF7303EA02231943818370470A46D6
:10AA50000021018B4FF67F7319401143018370472A
:10AA60000A460021018BC1F30E014FF6FF7303EA82
:10AA700002231943018370470A460021818B4FF658
:10AA80007F7319401143818370470A460021818BEF
:10AA9000C1F30E014FF6FF7303EA022319438183CA
:10AAA00070470A460021018C4FF6FD73194011438F
:10AAB000018470470A460021018C4FF6F773194054
:10AAC0001143018470470A460021018C4FF6DF7361
:10AAD00019404FF6FF7303EA0213194301847047CC
:10AAE0000A460021018C4FF67F7319404FF6FF7321
:10AAF00003EA02131943018470470A460021018CBE
:10AB00004FF6FF5319404FF6FF7303EA0223194330
:10AB1000018470470A460021018C4FF2FF731940EF
:10AB20004FF6FF7303EA02231943018470470A4674
:10AB30000021018C4DF6FF7319404FF6FF7303EAB5
:10AB4000023319430184704730B5002301248C403F
:10AB5000A3B2048C9C430484048C02FA01F5ADB2C8
:10AB60002C43048430BD30B5002304248C40A3B2B0
:10AB7000048C9C430484048C02FA01F5ADB22C438E
:10AB8000048430BD828B4FF2FF331A408283828B64
:10AB90004FF6FF7303EA01231A4382837047F0B52F
:10ABA0000C461546002100220026078C4EF6FF7C3D
:10ABB00007EA0C070784818B028C4FF6FF7707EAC0
:10ABC000043640F6FF4739404FF6FF7707EA05277E
:10ABD00039434FF6FF7707EA0337394345F6FF77E6
:10ABE0003A4046F480573A4381830284F0BD828B19
:10ABF0004FF6F3731A408283828B0A438283704735
:10AC0000F0B50C461546002100220026078C4FF6B1
:10AC1000FF6C07EA0C070784818B028C4FF6FF77E5
:10AC200007EA04264FF60C7739404FF6FF7707EA1C
:10AC300003172F4339434FF2FF573A4046F48077CA
:10AC40003A4381830284F0BD028B4FF2FF331A40F6
:10AC50000283028B4FF6FF7303EA01231A43028338
:10AC60007047F0B50C461546002100220026078CDF
:10AC70004FF6EF7C07EA0C070784018B028C4FF636
:10AC8000FF7707EA041640F6FF4739404FF6FF7793
:10AC900007EA033739434FF6FF7703E0000001402E
:10ACA0000004014007EA052739434FF65F773A4031
:10ACB00046F010073A4301830284F0BD028B4FF641
:10ACC000F3731A400283028B0A4302837047F0B584
:10ACD0000C46154600210022068C4FF6FE773E40BA
:10ACE0000684018B028C4FF60C7631407E1C06EAFE
:10ACF00003162E4331434FF6F576324044F00106F9
:10AD0000324301830284F0BD70B505460C462088AD
:10AD100050B92389A28861882846FFF7D8FFE188C7
:10AD20002846FFF7CBFF25E0208804280AD1238995
:10AD3000A28861882846FFF794FFE1882846FFF73C
:10AD400083FF17E0208808280AD12389A288618818
:10AD50002846FFF755FFE1882846FFF748FF09E03E
:10AD60002389A28861882846FFF719FFE1882846D1
:10AD7000FFF708FF70BD0021018041800121818023
:10AD80000021C180018170472DE9F04105460C4644
:10AD900000260127608808B9022600E00026A08866
:10ADA000012801D1022700E001272088A0B92389CA
:10ADB000A28861882846FFF78AFFE1882846FFF7C6
:10ADC0007DFF23893A4631462846FFF74AFFE1884E
:10ADD0002846FFF739FF13E02389A28861882846B7
:10ADE000FFF73FFFE1882846FFF72EFF23893A4609
:10ADF00031462846FFF76BFFE1882846FFF75EFFE4
:10AE0000BDE8F0810146486B70470146886B70478A
:10AE10000146C86B70470146086C70470A884B882A
:10AE20001A438B881A43CB881A430B891A434B89E0
:10AE30001A438B891A43A0F84420704700210180EF
:10AE400041808180C180018141818181704731B120
:10AE5000B0F8442042F40042A0F8442005E0B0F8E5
:10AE60004420C2F30E02A0F84420704721B182882A
:10AE700042F00402828004E082884FF6FB731A409D
:10AE80008280704721B1828842F00102828004E012
:10AE900082884FF6FE731A40828070471AB1838908
:10AEA0000B43838102E083898B43838170478182D6
:10AEB000704702460020138A0B400BB1012000E0CE
:10AEC00000207047CA430282704730B50246002016
:10AED00000230024158A05EA0103958905EA010487
:10AEE00013B10CB1012000E0002030BDCA43028242
:10AEF000704741EA0203A0F8483070471AB18389CD
:10AF00000B43838102E083898B438381704721B1A6
:10AF1000828842F00802828004E082884FF6F7734C
:10AF20001A408280704701894FF6F8721140018102
:10AF300070470A46002101894FF68F73194011436B
:10AF40000181704730B504460D4629462046FFF77B
:10AF5000F0FF208940F00700208130BD2DE9F0414D
:10AF600004460D4616461F46602D06D13B4601227B
:10AF700031462046FFF775FE05E03B46012231468B
:10AF80002046FFF7A4FE29462046FFF7D2FF20897E
:10AF900040F007002081BDE8F08130B50C4600216B
:10AFA0000189C9B24FF6FF7505EA0325154325430C
:10AFB0002943018130BD2DE9F04105460E46174673
:10AFC0009846002443463A4631462846FFF7E5FFB7
:10AFD0002C894FF6F870044044F007044FF68F7048
:10AFE000044044F070042C81BDE8F081F0B50446C3
:10AFF0000D4616461F463B46324629462046FFF779
:10B00000CCFF208940F480402081F0BD82884FF63B
:10B010008F731A40828082880A4382807047028937
:10B020004FF6F8731A40028102890A430281704781
:10B0300002894FF67F731A40028102890A43028116
:10B040007047F0B50C4615461E460021002200232D
:10B050000189028B038C4FF6F877394021434FF674
:10B06000FC473A4040F201173A434FF6DD773B4048
:10B070004FF6FF7707EA06172F433B430181028310
:10B080000384F0BD21B1828842F08002828004E016
:10B0900082884FF67F731A4082807047A0F8501064
:10B0A0007047000010B50446F748844208D10121DA
:10B0B0001020FEF77FFC00211020FEF77BFC3EE015
:10B0C000F248844209D101214804FEF762FC0021C4
:10B0D0004FF40030FEF75DFC31E0ED48844209D1C9
:10B0E00001218804FEF755FC00214FF48020FEF773
:10B0F00050FC24E0E748844209D10121C804FEF74E
:10B1000048FC00214FF40020FEF743FC17E0E24822
:10B11000844209D101210805FEF73BFC00214FF4D0
:10B120008010FEF736FC0AE0DC48844207D101219A
:10B130002020FEF73FFC00212020FEF73BFC10BD45
:10B140002DE9FF4705460E460024A14600BFA04654
:10B15000B08900B100BF2C8A24F44054F088044325
:10B160002C82AC8941F20C608443B0883189084359
:10B17000718908430443AC81AC8A24F44074B089DB
:10B180000443AC826846FEF7D4FABF48854202D039
:10B19000C248854202D1DDF80C9001E0DDF808904C
:10B1A000A88900F4004040B109EBC90000EB091088
:10B1B00031684900B0FBF1F707E009EBC90000EB8B
:10B1C000091031688900B0FBF1F76420B7FBF0F09B
:10B1D00004012009642101FB1078A88900F40040D3
:10B1E00040B1322000EBC800B0FBF1F000F00700E6
:10B1F000044308E0322000EB08106421B0FBF1F0BA
:10B2000000F00F0004432C81BDE8FF874FF4165176
:10B21000016000218180C18001810C2141810021D8
:10B220008181704710B502460020108A20F47060BA
:10B230000B884C8823438C882343CC8823431843B2
:10B24000108210BD0021018041808180C180704743
:10B2500021B1828942F40052828104E082894DF654
:10B26000FF731A4082817047028B02F47F4202838F
:10B27000028B0A430283704721B1828942F4004263
:10B28000828103E08289C2F30E028281704721B17C
:10B29000828A42F40062828204E0828A4FF2FF7363
:10B2A0001A4082827047C1F30802828070470146CB
:10B2B0008888C0F308007047028A4FF6F0731A407E
:10B2C0000282028A0A430282704721B1828942F0D7
:10B2D0000202828104E082894FF6FD731A40828166
:10B2E000704782894FF2FF731A40828182890A4334
:10B2F00082817047028A4FF6DF731A400282028A07
:10B300000A430282704721B1028A42F480420282DB
:10B3100004E0028A4BF6FF731A400282704781896B
:10B3200041F001018181704721B1828A42F0080217
:10B33000828204E0828A4FF6F7731A408282704755
:10B34000028BD2B20283028B42EA0122028370474F
:10B3500021B1828A42F02002828204E0828A4FF682
:10B36000DF731A408282704721B1828A42F0100254
:10B37000828204E0828A4FF6EF731A40828270471D
:10B38000828A4FF6FB731A408282828A0A43828243
:10B39000704721B1828A42F00202828204E0828AEE
:10B3A0004FF6FD731A40828270471AB1838A0B43AD
:10B3B000838202E0838A8B4383827047F0B5034621
:10B3C000002400260025002040F66A17B94200D16B
:10B3D00000BF1846C1F3421401F01F06012707FA07
:10B3E00006F5012C01D10C3004E0022C01D1103003
:10B3F00000E014301AB107682F43076002E00768C5
:10B40000AF430760F0BD02460020B1F5007F00D1D8
:10B4100000BF13880B400BB1012000E000207047F3
:10B4200001F40072B2F5007F00D100BFCA43028070
:10B43000704770B50246002400230025002040F626
:10B440006A16B14200D100BFC1F3421501F01F03DB
:10B45000012606FA03F3012D02D19689334006E056
:10B46000022D02D1168A334001E0968A33400C1235
:10B47000012606FA04F41688344013B10CB10120F9
:10B4800000E0002070BD00000010014000440040BA
:10B4900000480040004C00400050004000140140B3
:10B4A00010B50022002340F66A14A14200D100BF6B
:10B4B0000A1201249440A3B2DC43048010BD0000B2
:10B4C00010B501218803FEF775FA00214FF4804082
:10B4D000FEF770FA10BD1A490860704730B50022B7
:10B4E0008B071C0F0F2303FA04F2154B08338C1043
:10B4F00053F824309343124C08348D1044F825300F
:10B5000023468C1053F824308C07240F00FA04F4DF
:10B5100023430B4C08348D1044F8253030BD0949C5
:10B5200008607047084908607047002004492031CE
:10B53000096801F4807109B1012000E00020704722
:10B5400000380140DC0027420004274200F10801D6
:10B5500041604FF0FF31816000F10801C16001617D
:10B560000021016070470021016170474268536803
:10B570004B6043688B60536899605160416008611B
:10B5800003685B1C0360704710B502460B685C1CC7
:10B590000CB9106907E002F1080000E04068446857
:10B5A00024689C42FAD944684C604C68A160886069
:10B5B00041600A611468641C146010BD0146D1E941
:10B5C00001309860D1E9010358600A6950688842E7
:10B5D00001D188685060002008611068401E10602A
:10B5E0001068704770B504460D461CB9F4F720FE8C
:10B5F00000BFFEE700F0F3FDD4E90F12206801FB65
:10B60000020060600020A0632068A060E06B401E24
:10B61000226C216800FB0210E0604FF0FF30606494
:10B62000A06475B9206908B9012000E0002080B944
:10B6300004F1100001F02AFC01280AD100F0C9FD34
:10B6400007E004F11000FFF781FF04F12400FFF789
:10B650007DFF00F0CDFD012070BD2DE9F0470546CE
:10B660000E4617464FF00009DDB1502000F0E4FD12
:10B670000446B4B105FB06F000F10108404600F0B5
:10B68000DBFD2060206848B1E56326640121204687
:10B69000FFF7A8FF84F84D70A14602E0204600F0B5
:10B6A0002CFEB9F1000F03D1F4F7C2FD00BFFEE795
:10B6B0004846BDE8F08710B5044600F090FD11E063
:10B6C000606A08B9012000E0002050B904F12400AC
:10B6D00001F0DCFB08B101F054FCA06C401EA0643A
:10B6E00000E002E0A06C0028EADC00BF4FF0FF3071
:10B6F000A06400F07DFD00F072FD11E0206908B942
:10B70000012000E0002050B904F1100001F0BEFB60
:10B7100008B101F036FC606C401E606400E002E09D
:10B72000606C0028EADC00BF4FF0FF30606400F07E
:10B730005FFD10BD70B5044600F051FDA06BE16BDC
:10B74000884201D1012000E00020054600F050FDB4
:10B75000284670BD70B504460E461546206C38B9B3
:10B76000206838BB606801F09BFC0020606021E02D
:10B770007DB93146226CA06801F0BCFC216CA06848
:10B780000844A060D4E90110884213D32068A06067
:10B7900010E03146226CE06801F0ACFC216CE068FE
:10B7A000401AE0602168E068884203D2216C60683A
:10B7B000401AE060A06B401CA06370BDFFB583B071
:10B7C00004460D461E4600271CB9F4F731FD00BFA4
:10B7D000FEE70DB9206C08B9012000E0002018B97F
:10B7E000F4F726FD00BFFEE700BF00F0F8FCA06BF9
:10B7F000E16B884217D2324629462046FFF7AAFF5E
:10B80000606A08B9012000E0002038B904F1240082
:10B8100001F03CFB012801D100F0DBFC00F0E8FC6A
:10B82000012007B0F0BD059818B900F0E1FC002038
:10B83000F7E71FB901A801F05EFB012700F0D8FC73
:10B8400000F0DEFF00F0CBFC606C401C08B900206B
:10B850006064A06C401C08B90020A06400F0C8FC23
:10B8600005A901A801F055FBC0B92046FFF762FF0A
:10B8700070B104F11000059901F0CBFA2046FFF7F2
:10B880001AFF00F00DFF0028AFD100F0A2FCACE7DA
:10B890002046FFF710FF00F003FFA6E72046FFF762
:10B8A0000AFF00F0FDFE0020BBE770B50546502002
:10B8B00000F0C2FC0446E4B1002060602060A0609B
:10B8C000E060A0630120E06300202064401E60640B
:10B8D000A06484F84D5004F11000FFF737FE04F126
:10B8E0002400FFF733FE00231A4619462046FFF7CF
:10B8F00065FF1CB9F4F79CFC00BFFEE7204670BD55
:10B9000070B504461CB9F4F793FC00BFFEE701F0E4
:10B9100047FB616888420CD1E068401EE060E06847
:10B9200028B900231A4619462046FFF747FF01258C
:10B9300000E00025284670BD70B5044600F04FFCBD
:10B94000A06B08B9012000E00020054600F050FC83
:10B95000284670BD70B504460D46206870B1216C54
:10B96000E0680844E0606168E068884201D32068CC
:10B97000E0602846226CE16801F0BCFB70BD2DE957
:10B98000FF4182B004460D461E464FF000081CB928
:10B99000F4F74EFC00BFFEE70DB9206C08B901209A
:10B9A00000E0002018B9F4F743FC00BFFEE700BF39
:10B9B00000F015FCA06B80B3E76829462046FFF72E
:10B9C000C9FFB6B9A06B401EA063206810B901F092
:10B9D000E7FA6060206908B9012000E00020B0B9F2
:10B9E00004F1100001F052FA012810D100F0F1FB2F
:10B9F0000DE0E760606A08B9012000E0002030B97E
:10BA000004F1240001F042FA08B100F0E2FB00F07A
:10BA1000EFFB012006B0BDE8F081FFE7049818B9FC
:10BA200000F0E6FB0020F5E7B8F1000F04D168460E
:10BA300001F061FA4FF0010800F0DAFB00F0E0FEDF
:10BA400000F0CDFB606C401C08B900206064A06C65
:10BA5000401C08B90020A06400F0CAFB04A9684695
:10BA600001F057FA08BB2046FFF766FFB8B120681F
:10BA700030B900F0B4FB606801F0A1FA00F0B8FB47
:10BA800004F12400049901F0C4F92046FFF713FEE5
:10BA900000F006FE00288BD100F09BFB88E72046D3
:10BAA000FFF709FE00F0FCFD82E72046FFF703FEEA
:10BAB00000F0F6FD0020ADE770B504460E461CB957
:10BAC000F4F7B6FB00BFFEE701F06AFA616888424E
:10BAD00004D1E068401CE06001250BE00023324601
:10BAE00019462046FFF74BFF0546012D02D1E068BD
:10BAF000401CE060284670BD70B506460D46022227
:10BB000000213046FFF7A9FD044604B1A5631CB926
:10BB1000F4F78EFB00BFFEE7204670BD2DE9F0472D
:10BB200004460F46154698461CB9F4F781FB00BF42
:10BB3000FEE70FB9206C08B9012000E0002018B919
:10BB4000F4F776FB00BFFEE7F4F772FB8146A06BCB
:10BB5000E16B88421BD2424639462046FFF7FAFD88
:10BB6000A06C401C70B9606A08B9012000E0002098
:10BB700058B904F1240001F089F930B12DB1012048
:10BB8000286002E0A06C401CA064012600E00026B2
:10BB90004846F4F754FB3046BDE8F0872DE9F04104
:10BBA00004460F4615461CB9F4F742FB00BFFEE7FA
:10BBB0000FB9206C08B9012000E0002018B9F4F793
:10BBC00037FB00BFFEE7F4F733FB8046A06BE8B11C
:10BBD00039462046FFF7BEFEA06B401EA063606C96
:10BBE000401C70B9206908B9012000E0002058B954
:10BBF00004F1100001F04AF930B12DB101202860A4
:10BC000002E0606C401C6064012600E000264046B3
:10BC1000F4F715FB3046BDE8F08170B504461CB959
:10BC2000F4F706FB00BFFEE700F0D9FAA56B00F0C1
:10BC3000DFFA284670BD70B504461CB9F4F7F8FA6F
:10BC400000BFFEE7A56B284670BD014600200BE053
:10BC50003D4A02EBC00252688A4204D100223A4BAC
:10BC600043F8302002E0401C0828F1D300BF7047A1
:10BC700010B504461CB9F4F7DBFA00BFFEE7204616
:10BC8000FFF7E3FF206800F038FB204600F035FBAB
:10BC900010BD014691F84C00704780F84C10704779
:10BCA000014691F84D00704770B504461CB9F4F791
:10BCB000BFFA00BFFEE7A06B08B9012000E000203A
:10BCC0000546284670BD70B504461CB9F4F7B0FAB5
:10BCD00000BFFEE7A06BE16B884201D1012000E0CC
:10BCE00000200546284670BD024600200BE0164B9A
:10BCF00053F8303033B9144B43F8301003EBC00322
:10BD00005A6002E0401C0828F1D300BF704770B5AC
:10BD100004460D4600F063FA606C401C08B9002030
:10BD20006064A06C401C08B90020A06400F060FAB8
:10BD3000A06B20B9294604F1240001F08DF82046BB
:10BD4000FFF7B9FC70BD00008CBF00202DE9F04169
:10BD500004460D4616461F464FF0000865602461F4
:10BD6000B5420CD8F01BA169884202D34FF00108FC
:10BD700011E0211DF0480068FFF706FC0BE0BE4211
:10BD800004D2BD4202D34FF0010804E0211DEB486C
:10BD90000068FFF7F9FB4046BDE8F0812DE9FE435E
:10BDA00005460E4617461C46DDF828804FF0000970
:10BDB000E348006808B3009601970295ACB901F01A
:10BDC000F2F8012808D1002342466946DC480068A1
:10BDD000FFF7F4FC814610E000231A466946D84874
:10BDE0000068FFF7EBFC814607E000232246694626
:10BDF000D3480068FFF792FE81464846BDE8FE83BF
:10BE00002DE9F84381462BE0CC480068C0680568FE
:10BE1000CA480068C068C468201DFFF7CFFB2046F1
:10BE2000616A8847E06901281AD1A0694619AE42C3
:10BE300007D966602461211DC0480068FFF7A4FB94
:10BE40000EE0002003462A46014600902046FFF7F8
:10BE5000A5FF07461FB9F4F7EBF900BFFEE700BFE7
:10BE6000B6480068006808B9012000E000200028FA
:10BE7000CAD0B248D0F80080AF480068AF49086027
:10BE8000AD48C0F80080BDE8F88370B5044600F006
:10BE900009FF0546AB480068854206D2A9480068FC
:10BEA000FFF7AEFF0120206001E000202060A548E0
:10BEB0000560284670BD70B586B002A8FFF7E5FFA3
:10BEC000064650E0059C44B1606908B9012000E0D5
:10BED000002010B9201DFFF771FB039830B1012835
:10BEE00026D0022825D003283BD136E00498A26949
:10BEF0008118034632462046FFF728FF012816D155
:10BF00002046616A8847E069012810D1002000902E
:10BF10000498A1694218002319462046FFF73EFF06
:10BF200005461DB9F4F784F900BFFEE700BF19E02C
:10BF300018E00498A061A06908B1012000E0002089
:10BF400018B9F4F775F900BFFEE7A0698119334607
:10BF500032462046FFF7FAFE04E0204600F0CDF915
:10BF600000E000BF00BF00231A4603A97448006820
:10BF7000FFF705FD0028A5D106B070BDF8B5054650
:10BF80000F466E480068C068C468201DFFF716FBA6
:10BF9000E069012817D1A06941192B463A4620468D
:10BFA000FFF7D4FE01280ED1002003462A460146A1
:10BFB00000902046FFF7F2FE06461EB9F4F738F966
:10BFC00000BFFEE700BF2046616A8847F8BDF8B5AC
:10BFD00004460E4600F014FC6846FFF756FF05467F
:10BFE0000098A0B946B9AC4206D800F059FB2946E2
:10BFF0002046FFF7C3FF0CE0611B51480068FFF7C4
:10C0000086FE00F04DFB20B900F0E3F801E000F0FF
:10C0100047FBF8BD0146494A126812680AB9012275
:10C0200000E000220A600A6822B9444A1268D26815
:10C03000106800E00020704708B500BF6846FFF7B1
:10C04000E9FF044620460099FFF7C1FFFFF733FFE1
:10C05000F4E710B500F0C3F83948006890B93A48E1
:10C06000FFF774FA3948FFF771FA37483349086027
:10C0700036483149086000220C210A20FFF7EDFA0A
:10C080002F49086000F0B4F810BD1FB50024FFF779
:10C09000E0FF2B48006868B100200223CDE90030A2
:10C0A000029003464FF4007229A103902A4800F041
:10C0B000B2F904461CB9F4F7BBF800BFFEE720460E
:10C0C00004B010BD2DE9F04706460D4617469846C8
:10C0D000DDF820904DB900240DB1012000E00020D2
:10C0E000A0B9F4F7A5F800BFFEE7282000F0A4F8F7
:10C0F00004465CB1FFF7ADFF2660A561E761C4F8B7
:10C100002080C4F82490201DFFF72DFA2046BDE8BA
:10C11000F08770B50446264600F061F8706908B1F2
:10C12000012000E00020054600F062F8284670BDBE
:10C1300001460A46106A7047D4030020D00300204D
:10C14000D8030020DC030020CCBF0020E0BF00208B
:10C15000546D72205376630039C00008001F4FF001
:10C1600080730360001F0160001F00230360143808
:10C170000260001FDB1E0360203870472A480068F9
:10C1800042F21071B0FBF1F0401E4FF0E021486127
:10C1900007200861704710B52448006840F47C000F
:10C1A000224908600846006840F07C400860FFF7BC
:10C1B000E5FF00201E490860F4F708F81D480068F4
:10C1C00040F040401B490860F3F7F6FF002010BD27
:10C1D00070474FF0805015491C390860704710B502
:10C1E000F4F726F812480068401C1149086010BD99
:10C1F00010B50F480068401E0D49086008460068E9
:10C2000010B90020F4F71BF810BD10B54FF08050A6
:10C2100006491C390860F4F70BF800F0C2F9002059
:10C22000F4F70DF810BD0000AC03002020ED00E095
:10C23000E003002034EF00E02DE9F04104464FF028
:10C24000000800F0DDFA3D48006898B93C493D4AD5
:10C250001160002151604FF420513B4A5160002190
:10C26000116037484FF420514160114601600120B0
:10C270003249086044B1103404F0070020B104F0E2
:10C280000700C0F108000444002C31D0B4F5205F51
:10C290002ED22C4F3846056801E02F462D6868687D
:10C2A000A04202D228680028F7D1274885421FD033
:10C2B000386800F11008286838606868001B20287A
:10C2C00010D92E196868001B70606C6071681D4879
:10C2D00000E00068026852688A42FAD3026832605D
:10C2E000066000BF194968680968081A174908609C
:10C2F00000F0D6F94046BDE8F08170B506463546F7
:10C30000B6B1103D2C4600F07BFA61680D4800E0A4
:10C310000068026852688A42FAD3026822600460A8
:10C320000A496068096808440849086000F0B8F9DB
:10C3300070BD06480068704770470000F803002091
:10C34000F8BF0020E4030020EC030020F4030020E9
:10C3500010B5002407E004EB8401FE4A02EB8100E3
:10C36000FFF7F4F8641C052CF5D3FB48FFF7EEF853
:10C37000FA48FFF7EBF8FA48FFF7E8F8F948FFF753
:10C38000E5F8F948FFF7E2F8F348F8490860F348A0
:10C39000F749086010BD2DE9F04104460E461546E8
:10C3A0009846069F0A22314604F1340000F0D2FE7E
:10C3B00000213D200155052D00D30425E562A5642B
:10C3C000201DFFF7D0F804F11800FFF7CCF8246126
:10C3D000C5F10500A0616462BDE8F08170B5054655
:10C3E0000E464C20FFF728FF044694B11EB9A80062
:10C3F000FFF722FF00E030462063206B20B9204683
:10C40000FFF77BFF002404E0A900A522206B00F0C9
:10C4100083FE204670BD2DE9FF4F81B08046164651
:10C420009A46DDE90E5BB8F1000F03D1F3F700FF88
:10C4300000BFFEE7052D01D2012000E0002018B961
:10C44000F3F7F6FE00BFFEE730461099FFF7C6FF90
:10C450000446002C64D0701E216B01EB800929F08A
:10C46000070909F0070008B9012000E0002018B909
:10C47000F3F7DEFE00BFFEE700962A462046119B3A
:10C480000299FFF788FF524641464846FFF766FE8D
:10C490002060BBF1000F01D0CBF80040FFF79FFEFA
:10C4A000B4480068401CB3490860B348006840B90C
:10C4B000B14804600846006801280CD1FFF748FF26
:10C4C00009E0AE48006830B9AB480068C06AA842CD
:10C4D00001D8A9480460AA49E06A0968884202D9DB
:10C4E000A749E06A0860A74800682064A54800687A
:10C4F000401CA4490860A449E06A0968884202D93E
:10C50000A149E06A0860E16A01EB8101914A02EB0E
:10C510008100211DFFF72AF80127FFF769FE01E0DE
:10C520004FF0FF37012F09D19448006830B192488D
:10C530000068C06AA84201D2FFF74BFE384605B03A
:10C54000BDE8F08F70B50446FFF749FE8A480068E1
:10C55000844200D1002414B98748006800E02046D6
:10C560000546281DFFF72AF8A86A18B105F118003A
:10C57000FFF724F8291D7B48FEF7F8FF8348006881
:10C58000401C824908607F480068401C7D49086063
:10C59000FFF72EFE7948006810B10CB9FFF719FEBD
:10C5A00070BD70B57A480068002873D1794800687A
:10C5B000401C784908600846006868BB6B48006802
:10C5C000006808B9012000E0002018B9F3F730FE38
:10C5D00000BFFEE765480568654800686349086074
:10C5E000634805606C480068401C6B4908605F4800
:10C5F0000068006808B9012000E0002020B14FF079
:10C60000FF306649086006E058480068C068C468A2
:10C6100062496068086000BF5E4800685F49096859
:10C62000884236D300BF51480068006808B901202D
:10C6300000E0002020B14FF0FF305849086027E0AB
:10C640004A480068C068C468656852480068A842E3
:10C6500002D2524805601BE0201DFEF7AFFFA06A22
:10C6600018B104F11800FEF7A9FF4749E06A09680C
:10C67000884202D94449E06A0860E16A01EB81011D
:10C68000344A02EB8100211DFEF770FFCBE701E089
:10C6900000BF04E042480068401C4149086070BD8A
:10C6A00070B500253A48006818B9F3F7C1FD00BF1E
:10C6B000FEE7FFF794FD36480068401E34490860E5
:10C6C00008460068002878D12A480068002874D0FD
:10C6D000002621E02248C068C46804F11800FEF773
:10C6E0006DFF201DFEF76AFF2749E06A096888424E
:10C6F00002D92549E06A0860E16A01EB8101154A27
:10C7000002EB8100211DFEF731FF1B49E06A096839
:10C71000C96A884200D301261148006808B901207F
:10C7200000E000200028D5D01D48006860B106E078
:10C73000FFF737FF1A480068401E1949086018487B
:10C7400000680028F4D10126012E2FD0154800687A
:10C7500001282AE0F8E700205CE8002070E80020CB
:10C7600084E8002098E80020ACE8002000040020C5
:10C77000040400200C040020FC0300201C04002002
:10C7800014040020300400201804002008040020B5
:10C7900020040020100400202C0400203404002079
:10C7A000240400202804002007E005D101250020F2
:10C7B000F9490860FFF70DFD00BFFFF719FD284696
:10C7C00070BD10B50446F54800684460F448006840
:10C7D000844207D2F1480168091DF2480068FEF75B
:10C7E000D3FE0CE0ED480168091DEF480068FEF734
:10C7F000CBFEEE480068844201D2EC48046010BDD4
:10C80000EB480068401CEA49086070472DE9F04198
:10C8100004460E464FF000081CB9F3F709FD00BFAF
:10C82000FEE70EB1012000E0002018B9F3F700FD8B
:10C8300000BFFEE7FFF7E4FF20688519D8492068AC
:10C840000968884209D92068A8420FD9D4480068ED
:10C8500085420BD94FF0010808E02068A84203D8B0
:10C86000CF480068854201D94FF001082560B8F132
:10C87000000F07D0C9480068001DFEF79FFE28463C
:10C88000FFF79FFFFFF70CFF07460FB9FFF7A1FC6B
:10C89000BDE8F08170B5044600267CB1FFF7B0FF1B
:10C8A000BF4800680519BD480068001DFEF786FEF8
:10C8B0002846FFF786FFFFF7F3FE06460EB9FFF79F
:10C8C00088FC70BD70B50446FFF789FC14B9B34805
:10C8D000006800E020460646F56AFFF789FC284616
:10C8E00070BD2DE9F04706460D464FF00009052DB5
:10C8F00001D2012000E0002018B9F3F799FC00BF35
:10C90000FEE7052D00D30425FFF769FCA348006866
:10C91000864200D1002616B9A048006800E03046E3
:10C920000446A76CAF4234D0BD4203D92EB14FF0BC
:10C93000010902E00EB94FF00109D4F82C80E16A38
:10C94000A06C884200D1E562A564C5F10500A06134
:10C9500007EB8701974A02EB81016069884213D196
:10C96000201DFEF72BFE9449E06A0968884202D92F
:10C970009149E06A0860E16A01EB81018D4A02EBAE
:10C980008100211DFEF7F2FDB9F1010F01D1FFF782
:10C9900020FCFFF72DFCBDE8F08710B58448006847
:10C9A00018B101207C4908602CE00BE08248006847
:10C9B00018B9F3F73DFC00BFFEE77F480068401E52
:10C9C0007D4908607C48006800EB8000794951F897
:10C9D00020000028EAD07849096801EB8101754AF6
:10C9E00002EB810041684968416000F1080142683A
:10C9F0008A4202D14168496841604168C968674A12
:10CA0000116000BF10BD70B50446FFF7E8FB634836
:10CA10000068844200D1002414B96048006800E036
:10CA200020460546281DFEF7C9FDA86A18B105F184
:10CA30001800FEF7C3FD291D6048FEF797FDFFF7BC
:10CA4000D7FB8CB95E48006810B1FFF7C2FB0BE062
:10CA50005A4800685B490968884203D100204F4961
:10CA6000086001E0FFF799FF70BD70B5054600262C
:10CA70002C461DB9F3F7DCFB00BFFEE74F496069A8
:10CA8000884201D1012000E0002080B14E49A06A17
:10CA9000884201D1012000E00020012807D0A06ACF
:10CAA00008B9012000E00020012800D1012630460D
:10CAB00070BD70B505461DB9F3F7BAFB00BFFEE7C0
:10CAC0002C4644B335480068844224D0FFF787FBE6
:10CAD0002046FFF7CAFF01281BD1201DFEF76EFD7F
:10CAE0003549E06A0968884202D93349E06A08603A
:10CAF000E16A01EB81012F4A02EB8100211DFEF763
:10CB000035FD2649E06A0968C96A884201D3FFF702
:10CB100060FBFFF76DFB70BD2DE9F0410546002677
:10CB20001DB9F3F785FB00BFFEE72C46F3F780FB4A
:10CB300007462046FFF799FF012826D11C480068C8
:10CB4000F0B91649E06A0968C96A884201D3012030
:10CB500000E000200646201DFEF730FD1649E06A81
:10CB60000968884202D91449E06A0860E16A01EB69
:10CB70008101104A02EB8100211DFEF7F7FC04E061
:10CB800004F118011048FEF7F1FC3846F3F757FBA3
:10CB90003046BDE8F081000028040020FC0300209E
:10CBA00010040020040400200004002034040020AD
:10CBB00020040020F8E7002018040020ACE8002042
:10CBC0001C0400200C04002084E8002010B504465A
:10CBD000206BFFF792FB2046FFF78FFB10BD70B56F
:10CBE00023E0FFF70DFEFD48006808B9012000E0D2
:10CBF00000200546FFF754FDBDB9FFF7F0FAF748EE
:10CC0000C068C468201DFEF7D9FCF5480068401EC6
:10CC1000F3490860F3480068401EF2490860FFF7D6
:10CC2000E7FA2046FFF7D2FF00BFEE480068002871
:10CC3000D7D170BD00BFFFF7D2FFEB4800680128D5
:10CC4000F9D9FFF7C6FAF6E71FB50020009001906A
:10CC5000029003464FF48072E4A10390E548FFF789
:10CC6000DAFB0446012C02D1FFF70FFA0446012C2F
:10CC700009D1F3F7DDFA0120DF4908600020DF4920
:10CC80000860FFF788FA1CB9F3F7D2FA00BFFEE795
:10CC90001FBD10B5F3F7CCFA0020D7490860FFF7A5
:10CCA00097FA10BD10B5FFF79AFAD4480468FFF759
:10CCB0009FFA204610BD70B5F3F7BAFA0546CF4883
:10CCC00004682846F3F7BBFA204670BDC4480068E4
:10CCD00070470146002002E0491C421C90B20A78CD
:10CCE000A52AF9D0800870472DE9FE4381460C46FD
:10CCF0001646204641684968416000F108014268D3
:10CD00008A4202D14168496841604168CF6800BFEA
:10CD1000204641684968416000F1080142688A4242
:10CD200002D14168496841604168CD68286BFFF7CE
:10CD3000D0FF8046286CE96A334605F13402CDE91C
:10CD400000180290AEA1B34800F0DAFDB1494846A0
:10CD500000F0F4F9BD42DBD1BDE8FE8370B50546B5
:10CD6000FFF74EFD00202870ABA1284600F0E6F941
:10CD7000AA480068441C00BF641E04EB84009A4962
:10CD800051F8200008B9012000E0002040B904EB70
:10CD90008400954A02EB800152222846FFF7A4FF47
:10CDA000002CE9D19E480068006808B9012000E025
:10CDB000002028B942229A4801682846FFF794FFCC
:10CDC00098480068006808B9012000E0002028B9F0
:10CDD0004222944801682846FFF786FF7F48006892
:10CDE00008B9012000E0002020B944227B492846F0
:10CDF000FFF77AFF8C48006808B9012000E00020A6
:10CE000020B9532288492846FFF76EFFFFF748FCF8
:10CE100070BD70B505460C461DB9F3F709FA00BFA1
:10CE2000FEE78248016818312846FEF7ADFB7F48CF
:10CE30000068001DFEF7C2FB601C30B97B4801682A
:10CE4000091D7948FEF792FB05E06C480068061959
:10CE50003046FFF7B6FC70BD70B504460D461CB9F0
:10CE6000F3F7E6F900BFFEE7704801681831204685
:10CE7000FEF77CFB6D480068001DFEF79FFB5F48D6
:10CE8000006846193046FFF79CFC70BD70B5064639
:10CE9000F068C4681CB9F3F7CBF900BFFEE704F1F2
:10CEA0001800FEF78BFB62480068A0B9201DFEF752
:10CEB00085FB6049E06A0968884202D95D49E06AF9
:10CEC0000860E16A01EB8101474A02EB8100211D04
:10CED000FEF74CFB04E004F118015748FEF746FB4F
:10CEE0005249E06A0968C96A884201D3012500E015
:10CEF0000025284670BD10B504461CB9F3F798F913
:10CF000000BFFEE74D48006820603C480068606054
:10CF100010BD70B504460D461CB9F3F789F900BF82
:10CF2000FEE71DB9F3F784F900BFFEE7FFF757F9F5
:10CF30002868401C08B900261FE04049206809689D
:10CF4000884206D02D4960680968884201D80126C8
:10CF500013E02A4960680968081A296888420BD2D8
:10CF60002868264A61681268511A401A28602046CB
:10CF7000FFF7C1FF002600E00126FFF739F9304630
:10CF800070BD01202E4908607047014611B10A4664
:10CF9000506C00E00020704708B1024651647047B1
:10CFA0002249086870471449096809B9002005E05A
:10CFB0001F49096809B9012000E00220704770B5D7
:10CFC00005462C464DB11949E06A0968C96A88428C
:10CFD00065D216480068C06A34E060E098E8002036
:10CFE0000C04002008040020F8E7002049444C45C8
:10CFF0000000000035CC00081C04002010040020B4
:10D000002573090925630925750925750925750DF8
:10D010000A000000C0E800200D0A000014040020EF
:10D020000004002004040020ACE80020FC030020E1
:10D03000200400201804002084E800202C04002094
:10D0400028040020C0F10500A061E16A01EB810124
:10D05000254A02EB81016069884201D1012000E08C
:10D060000020C0B1201DFEF7A9FA20480068C06A60
:10D07000E0621F49E06A0968884202D91C49E06AF7
:10D080000860E16A01EB8101174A02EB8100211D72
:10D09000FEF76CFA03E015480068C06AE06270BDF4
:10D0A00070B505462C46EDB1A16CE06A884219D0F6
:10D0B000201DFEF783FAA06CE062E06AC0F1050073
:10D0C000A0610B49E06A0968884202D90849E06A10
:10D0D0000860E16A01EB8101034A02EB8100211D36
:10D0E000FEF744FA70BD0000F8E70020FC030020C2
:10D0F0001804002040EA01039B0703D009E008C997
:10D10000121F08C0042AFAD203E011F8013B00F80C
:10D11000013B521EF9D27047D2B201E000F8012B58
:10D12000491EFBD270470022F6E710B513460A46A7
:10D1300004461946FFF7F0FF204610BD421E12F8C4
:10D14000013F002BFBD111F8013B02F8013B002B02
:10D15000F9D1704710B5044604E00B7800F8013BA4
:10D1600003B1491C521EF8D2204610BD421C10F8D3
:10D17000011B0029FBD1801A704710B5002200E086
:10D18000521C835C8C5CA34201D1002BF8D1D8B235
:10D19000E1B2401A10BD2DE9FE4F804681EA03003E
:10D1A000C00F0C46009021F0004123F00045B8EB81
:10D1B0000200A94105D24046214690461C460B4636
:10D1C000024623F00040104347D0270DC7F30A0062
:10D1D000C3F30A510290401A019040286BDAC3F35E
:10D1E000130040F4801B0098924620B10023D2EB3C
:10D1F000030A63EB0B0B01985946C0F140025046FD
:10D2000000F0E1F906460D4650465946019A00F0F5
:10D21000F9F910EB08006141002487EA115284EA11
:10D22000E7731A4340D0009A62B3019A012A4FEA89
:10D23000075215DC001B61EB02014FF0004202EACD
:10D240000752CDE90042001C41F5801132462B46C1
:10D2500000F030FA03B0BDE8F08F40462146F9E710
:10D26000001B61EB0201001C41F5801300185B41BB
:10D270002018A2F5001747EB030140EAD570B61954
:10D280006D4111E06D084FEA360645EAC0754FEA78
:10D290000752001B61EB0201001C41F58011490897
:10D2A0004FEA30000019514132462B4603B0BDE829
:10D2B000F04F00F0F0B90098012240000023D0EBBD
:10D2C000020263EBE073009821464FEAE074B8EB8A
:10D2D000000061EB0401E9E783F000435BE781F0C4
:10D2E000004158E72DE9FE4F81EA030404F00044B1
:10D2F00021F0004100944FF0000B23F0004350EA6E
:10D3000001045ED052EA03045BD0C3F30A54C1F3B4
:10D310000A552C44A4F2F3340194A0FB0254C1F347
:10D32000130141F48011C3F3130343F4801301FB91
:10D33000024400FB034E840A970A44EA815447EAF8
:10D340008357A4FB076802958D0A05FB07854FEA02
:10D35000932C04FB0C542705029D4FEA065847EA1C
:10D360001637B5EB08056EEB070C870E920E47EAF1
:10D37000811742EA8312A7FB0201B6EB0B0164EBB3
:10D3800000042B0D43EA0C335E1844EB1C50DA46C4
:10D390005146E7FB0201C5F313044FEA0B3343EA9E
:10D3A00014534FEA0432019C43EA0603A4F10C042F
:10D3B0000294009CCDE900B400F07CF903B0BDE814
:10D3C000F08F00200146F9E72DE9F04D81EA0304D2
:10D3D00004F0004B21F0004514464FF0000A23F002
:10D3E000004150EA050220D054EA01021DD0C5F3E5
:10D3F0000A570246C5F31303C1F31300C1F30A56DB
:10D4000040F4801543F48013A7EB0608101BD646A2
:10D4100008F2FD3873EB050002D308F1010801E0C2
:10D4200092185B41B8F1000F03DA00200146BDE815
:10D43000F08D00204FF48011064684460EE0171B45
:10D4400073EB050705D3121B63EB050306434CEA98
:10D45000010C49084FEA300092185B4150EA01077D
:10D46000EDD152EA030012D082EA040083EA0501FA
:10D47000084305D0101BAB4106D20122002306E071
:10D4800000224FF0004302E06FF0010253101AEB4C
:10D4900006004CEB085110EB0A0041EB0B01BDE814
:10D4A000F04D00F0F8B80EB5C10F80EAE070084406
:10D4B000CA07002140F233438DE80E000A460B46AE
:10D4C00000F0F8F803B000BD70B5C1F30A5201F0E6
:10D4D00000450024C1F3130140F2FF3341F48011F1
:10D4E0009A4201DA002070BD40F233439A42A2F220
:10D4F000334203DC524200F075F800E090402C43C8
:10D50000F1D0404270BD00F0004230F000400AD03F
:10D51000C10D01F56071C0F3160042EA0151C20865
:10D5200040071143704700200146704701F0004357
:10D5300030B421F0004150EA010206D00A0DA2F5F4
:10D540006072C1F31301002A02DC30BC0020704776
:10D55000440F44EAC104C100E01830BC00EBC250E3
:10D5600000F062B82DE9F05F0546002092469B4628
:10D5700088460646814640241BE0284641464746E9
:10D58000224600F02FF853465A46C01A914110D354
:10D5900011461846224600F016F82D1A67EB0108CE
:10D5A0004F4622460120002100F00DF817EB00093C
:10D5B0004E41201EA4F10104DFDC484631462A46D4
:10D5C0004346BDE8F09F202A04DB203A00FA02F12E
:10D5D000002070479140C2F1200320FA03F3194361
:10D5E00090407047202A04DB203A21FA02F0002103
:10D5F000704721FA02F3D040C2F120029140084363
:10D6000019467047202A06DBCB17203A41FA02F070
:10D6100043EAE07306E041FA02F3D040C2F120028F
:10D6200091400843194670470029A8BF7047401C25
:10D63000490008BF20F00100704710B4B0FA80FC28
:10D6400000FA0CF050EA010404BF10BC704749B165
:10D65000CCF1200421FA04F411FA0CF118BF0121D5
:10D6600021430843A3EB0C01CB1D4FEA00614FEAB5
:10D67000102042BF002010BC704700EBC350104484
:10D680000029A4BF10BC7047401C490008BF20F00F
:10D69000010010BC704710B5141E73F1000408DAC5
:10D6A000401C41F1000192185B411A4301D120F066
:10D6B000010010BD2DE9F04D92469B4611B1B1FA23
:10D6C00081F202E0B0FA80F220329046FFF77BFF51
:10D6D00004460F4640EA0A0041EA0B0153465A4607
:10D6E000084313D0114653EA010019D0C8F1400293
:10D6F0005046FFF777FF05460E46504659464246CC
:10D70000FFF761FF084305D0012004E020463946B9
:10D71000BDE8F08D0020054346EAE0762C43374310
:10D720000A986305E40AA0EB08000022FD0A44EA17
:10D7300047540A3002D500200146E9E701051019D7
:10D740006941DDE9084500196941BDE8F04DA2E7EE
:10D750002DE9F04D00231A461B1A8A4103DB0020F5
:10D760000146BDE8F08DC1F30A52C1F3130141F443
:10D7700080154FF0000BD10702D100186D41521EE9
:10D780000027044640F2FF11384601EB620A3E468C
:10D790008046024600204FF48011FFF723FFC21994
:10D7A0007141BB1846EB0100B4EB030C75EB000CA8
:10D7B00004D3E41A65EB000517460E46241908F158
:10D7C00001006D4180463428E3DDF91946EB06007F
:10D7D000091BA84103D24FF0FF32134601E000229B
:10D7E00013461BEB070046EB0A51BDE8F04DFFF76F
:10D7F00052BF000030B5041E71F1000404DB4FF08D
:10D800000044404264EB0101141E73F1000405DB87
:10D810001C464FF00043524263EB04038B4208BFA7
:10D82000824230BD30B5041E71F1000404DB4FF0BC
:10D830000044404264EB0101141E73F1000405DB57
:10D840001C464FF00043524263EB0403994208BF69
:10D85000904230BD064C074D06E0E06840F0010301
:10D8600094E8070098471034AC42F6D3F2F790FCE6
:10D8700098F00008B8F0000870B58C1810F8015B3B
:10D8800015F0070301D110F8013B2A1106D110F859
:10D89000012B03E010F8016B01F8016B5B1EF9D15D
:10D8A0002B0705D40023521E0DD401F8013BFAE7E3
:10D8B00010F8013BCB1A921C03E013F8015B01F84E
:10D8C000015B521EF9D5A142D8D3002070BD0000E3
:10D8D0000FB41CB50246002007AC00290BD0491E2E
:10D8E000CDE90021054B6A462146069801F00AF968
:10D8F000009A002111701CBC5DF814FB67EF000852
:10D900000FB4084B10B504A902AA039801F0FAF865
:10D91000044602A9002001F031FB204610BC5DF84E
:10D9200014FB00007DEF000803B40198410000984B
:10D9300050EAC12018BF04204A0D18BF40F0010072
:10D9400040F2FF72B2EB515F08BF40F002000128C5
:10D9500008BF052002B070474100080218BF04202C
:10D960000A0E18BF40F001004FF07F4232EA010179
:10D9700008BF40F00200012808BF052070470000E2
:10D9800070B59B482DED020B2DED068B079D25F004
:10D990000044A04218DC9748844202DC0AD1069871
:10D9A00040B19DED060BBDEC068B02B0BDE87040AA
:10D9B00000F026BD002DCCBF9FED8F0B9FED900B8F
:10D9C000BDEC068B02B070BD8F48A04215DD8F48BC
:10D9D000A042D8BF4FF0FF3458DD9DED060B51EC4F
:10D9E000100BFFF7A1FF042808BF00F02DFD9DEDEF
:10D9F000060BBDEC068B02B070BD9DED060B51EC25
:10DA0000100B01F0C8FACDE9060181489FED828B29
:10DA1000A0423CDD8248A0421FDD00249FED82AB86
:10DA20009DED060B53EC1A2B51EC100BFFF7B3FBDB
:10DA30009DED060B41EC190B53EC1A2B51EC100B1E
:10DA4000FFF750FC53EC182BFFF746FC53EC192B57
:10DA5000FFF7BAFCCDE9060149E09DED060B012474
:10DA600053EC182B51EC100BFFF795FB9DED060BBB
:10DA700041EC190B53EC182B51EC100BFFF72CFC5D
:10DA800053EC192BFFF7A0FCCDE906012FE0684805
:10DA9000A0421FDD02249FED689B9DED060B53EC19
:10DAA000192B51EC100BFFF71DFC53EC182BFFF753
:10DAB00072FB9DED060B41EC180B53EC192B51EC4E
:10DAC000100BFFF709FC53EC182BFFF77DFCCDE999
:10DAD00006010CE09DED060B032453EC102B9FED8B
:10DAE000580B51EC100BFFF76FFCCDE906019DEDD3
:10DAF000060B53EC102B51EC100BFFF7F3FB41EC32
:10DB0000180B53EC182BFFF7EDFB41EC190B4E48AB
:10DB10000621B0EE490AF0EE690A784400F0F4FB01
:10DB200053EC182B51EC100BFFF7DCFB41EC180BFE
:10DB30004648B0EE490AF0EE690A0521784400F043
:10DB4000E3FB53EC192B51EC100BFFF7CBFB41EC33
:10DB5000100B51EC180B53EC102B002C0EDAFFF7C6
:10DB60001AFB9DED061B53EC112BFFF7BBFB9DED44
:10DB7000061B53EC112BFFF7B2FB35E0FFF70BFB55
:10DB80009DED061B53EC112BFFF7ACFB41EC100B8A
:10DB90002F48784400EBC40090ED001B51EC100BB3
:10DBA00053EC112BFFF798FB9DED061B53EC112B4B
:10DBB000FFF792FB41EC100B2648784400EBC400C1
:10DBC00090ED001B51EC100B53EC112BFFF787FB72
:10DBD00041EC100B002DA2BFBDEC068B02B070BD56
:10DBE00051EC100B81F0004141EC100B01E70000FB
:10DBF000000010440000F07F182D4454FB21F93F31
:10DC0000182D4454FB21F9BF0000DC3F0000203EEA
:10DC10000000F33F00000000000000000000F03FA3
:10DC20000000E63F0000000000000000000000408F
:10DC30000080034000000000000000000000F83FEA
:10DC4000000000000000F0BFFA140000B014000053
:10DC50003A140000F213000070B56B4E2DED040B6A
:10DC60002DED028B82B0DDF81CC0DDE905235C429E
:10DC70002CF000411C4341EAD474049D22F0004082
:10DC8000B44205D86C422C4340EAD474B4420BD958
:10DC90009DED061B9DED040B02B0BDEC028B04B0A4
:10DCA000BDE8704000F0B6BBACF14054A4F17F6415
:10DCB0001C430BD0022404EAAC7444EAD27405433A
:10DCC0009FED538B9FED542B07D015E09DED040B7A
:10DCD00051EC100B01F057F942E0002C11BF012C60
:10DCE0009DED040B02B0BDEC028B04BF04B070BD0F
:10DCF000022C38D0032C3BD00B439FED491B9FEDEA
:10DD00004A0B0AD0B14218D1B04209D121F080416A
:10DD100020F08040079105900FE0002A15DA10E00E
:10DD2000434B7B44002C08BF93ED000B0DD0012C1E
:10DD300010D0022C17D0032C1AD0B0421DD1002ACB
:10DD400003DAB0EE410AF0EE610A02B0BDEC028BDC
:10DD500004B070BD93ED000B51EC100B81F000414D
:10DD600041EC100BF1E7B0EE480AF0EE680AECE780
:10DD7000B0EE420AF0EE620AE7E7401A00153C28CE
:10DD8000C8BF8DED000B19DCBCF1000FBEBF10F158
:10DD90003C0F9FED290B8DED000B0FDB9DED060B6E
:10DDA00053EC102B9DED040B51EC100BFFF70CFB0B
:10DDB00001F0F1F801F0E7F8CDE90001002C08BF0F
:10DDC0009DED000BC1D0012C10D0022C9FED1C0B3F
:10DDD00053EC102B9DED000B51EC100B0DD0FFF709
:10DDE0007BFA53EC182BFFF777FAB9E7019880F02C
:10DDF000004001909DED000BA7E7FFF76DFA53EC93
:10DE0000182BFFF76CFAABE70000F07F0000000072
:10DE1000182D4454FB210940182D4454FB2109C0FE
:10DE2000182D4454FB21F9BF182D4454FB21F93F10
:10DE30004A13000000000000000000000000000085
:10DE4000075C143326A6A13C10EE101A08B5444A0C
:10DE50006846B2EB410F28D94FF0E640B0EB410FD6
:10DE600094BF00204FF0FF3000900098002861DB45
:10DE700060EE000A10F0010F45D010F0020FDFED48
:10DE8000391A9FED391A00EEE11ADFED381A40EE2B
:10DE9000811A21EEA01AF0EE400A40EE010A08BFF6
:10DEA000F1EE600AB0EE600A08BD314B21F000428D
:10DEB00093423CD911F0004FDFED2E0A20EE201ADC
:10DEC000DFED2D0A19BF31EE601A71EE200A31EE36
:10DED000201A71EE600ABDEEE01A11EE100A9FEDF5
:10DEE000271A00F0030000EEC10A9FED251A0090EA
:10DEF00000EEC10A9FED231A00EEC10A9FED221A1F
:10DF000000EEC10AB1E79FED211A9FED210A10F042
:10DF1000020F00EE810A9FED1F1A00EE801AB7EE85
:10DF2000000A00EE810A18BFB1EE400A08BD00F0F9
:10DF300029FD9AE710EE100A4000B0F17F4F3CBF78
:10DF4000B7EE000A08BD07D14FF0010000F0D4FD84
:10DF5000BDE8084000F006BDBDE8084000F0FEBC8A
:10DF6000B61F927E336D4C39DA82083CA0AA2ABED5
:10DF7000490E494683F9223F0000004B0000C93F8B
:10DF800000A0FD390020A2331A61342CB93AB2BA8C
:10DF9000CA9F2A3DDDFFFFBE00B510EE101A2DED21
:10DFA000028B81B0524A6846B2EB410F2ED94FF036
:10DFB000E640B0EB410F94BF00204FF0FF300090DF
:10DFC0000098B0EE408A00286ADB10F0010F4BD0B9
:10DFD00068EE080A9FED471A9FED470A00EE810A96
:10DFE0009FED461A10F0020F00EE801AB7EE000AFD
:10DFF00000EE810A02BF01B0BDEC028B00BD00BF84
:10E0000001B0B1EE400ABDEC028B00BD3C4B21F0EB
:10E010000042934241D911F0004FDFED3A0A20EE61
:10E02000201ADFED390A19BF31EE601A71EE200AAD
:10E0300031EE201A71EE600ABDEEE01A11EE100A00
:10E040009FED321A00F0030000EEC10A9FED301A76
:10E05000009000EEC10A9FED2F1A00EEC10A9FED5D
:10E060002E1A00EEC10AABE728EE080A9FED2B1A24
:10E07000DFED2B0A10F0020F40EE410A9FED291A46
:10E0800000EE201A61EE000AB0EE480A08EE200AFF
:10E09000B6D101B0BDEC028B00BD00F073FC8FE780
:10E0A00018EE100A4000B0F17F4F0DD218EE100AA2
:10E0B000FFF752FC042808BF00F05CFCB0EE480AF1
:10E0C00001B0BDEC028B00BD09D1012000F014FDB0
:10E0D00001B0BDEC028B5DF804EB00F043BC01B075
:10E0E000B0EE480ABDEC028B5DF804EB00F036BCE4
:10E0F000B61F927EB93AB2BACA9F2A3DDDFFFFBE73
:10E10000490E494683F9223F0000004B0000C93FF9
:10E1100000A0FD390020A2331A61342C336D4C3934
:10E12000DA82083CA0AA2ABE00B52DED048BB0EE21
:10E13000409AF0EE609A83B051EC190BFFF708FBA0
:10E1400041EC180B18EE100A18EE901A8DED008BAA
:10E15000002818BF0120084320F00040C0F17F6074
:10E1600000F1E040C00F14D019EE101A19EE900A19
:10E170008DED009B002918BF0121084320F00040CD
:10E18000C0F17F6000F1E040C00F04BF012000F04B
:10E19000B3FCB0EE480A03B0F0EE680ABDEC048BA5
:10E1A00000BD00000000000010B54D492DED020B30
:10E1B0002DED048B84B0099C24F000409FED4A9B18
:10E1C000884221DB04BF0898002809D09DED080B88
:10E1D00004B0BDEC048B02B0BDE8104000F010B9F3
:10E1E0008DED029B9DED080B19EE901A10EE900A32
:10E1F0008DED000B61F31E0003909DED020B04B04A
:10E20000BDEC048B02B010BD39498842A4BFB0EE0A
:10E21000490AF0EE690A57DAB0F1725F0CDA9DED47
:10E22000080B51EC100BFFF77FFB042808BF00F030
:10E230000BF99DED080BE2E72E499DED080B81429D
:10E2400051EC100B9FED2C8B1CDC00F0A4FE53EC6A
:10E25000182BFFF747F841EC100B00F005F953ECD1
:10E26000182B51EC100BFEF796FF41EC100B51EC04
:10E27000180B53EC102BFFF7A7F853EC192BFFF7F3
:10E280002EF81FE000F087FE9FED1D1B53EC112BB5
:10E29000FFF728F841EC100B00F0E6F8B0EE409ADA
:10E2A000F0EE609A53EC182B51EC190BFEF773FF4C
:10E2B00041EC180B51EC190B81F0004153EC182B79
:10E2C000FFF782F841EC100B002C98DA51EC100BA0
:10E2D00081F0004141EC100B91E7000000000000CC
:10E2E0000000F07F00000000000000000000F03F90
:10E2F000000036400000F03F000000000000004039
:10E3000000000000000000C070B504462DED028B37
:10E310004D1E00EBC500B0EE408AF0EE608A90ED35
:10E32000000B35F0060017D053EC182B51EC100BF6
:10E33000FEF7D8FF41EC100B6D1E04EBC50090ED0D
:10E34000001B51EC100B53EC112BFEF724FF41EC9A
:10E35000100B35F00600E7D1022D36D0042D1CD06D
:10E36000062D1CBFBDEC028B70BD53EC182B51EC7D
:10E37000100BFEF7B7FF94ED0A1B53EC112BFEF7C1
:10E380000AFF53EC182BFEF7ADFF94ED081B53EC7E
:10E39000112BFEF700FF41EC100B53EC182B51EC46
:10E3A000100BFEF79FFF94ED061B53EC112BFEF7AD
:10E3B000F2FE53EC182BFEF795FF94ED040B53EC93
:10E3C000102BFEF7E8FE41EC100B53EC182B51EC30
:10E3D000100BFEF787FF94ED021B53EC112BFEF799
:10E3E000DAFE53EC182BFEF77DFF94ED001B53EC87
:10E3F000112BFEF7D0FEBDEC028B41EC100B70BD73
:10E4000010B553EC102B51EC100BFEF7C4FE41EC91
:10E41000100B10BD10B553EC112B51EC100BFEF787
:10E42000BAFE41EC100B10BD9FED050B10B553EC7F
:10E43000102B51EC100BFEF755FF41EC100B10BDEB
:10E4400000000000000000709FED050B10B553ECBC
:10E45000102B51EC100BFEF745FF41EC100B10BDDB
:10E46000000000000000001070B52DED020B2DED36
:10E470000C8B82B00F9C9DED0E0B14F0004508BF75
:10E480008DED000B05D051EC100B81F00041CDE972
:10E490000001FF4824F0004484424BD3FD489FED27
:10E4A000FE8BA04234D8FE4884421BD30E99C4F39D
:10E4B0001300084309D09DED0E0B02B0BDEC0C8B90
:10E4C00002B0BDE87040FFF79BBF35B99DED0E0B64
:10E4D00002B0BDEC0C8B02B070BDB0EE480AF0EE9D
:10E4E000680AF5E79FEDF00B53EC102B9DED0E0B3A
:10E4F00051EC100BFFF796F90AD2022000F0FCFA5B
:10E5000002B0BDEC0C8B02B0BDE87040FFF78CBFD1
:10E5100085B19FEDE70B53EC102B9DED0E0B51ECED
:10E52000100BFEF738FE9FEDE40B53EC102BFFF7BA
:10E5300061F9D2D3E2489FEDE4AB844240F2058119
:10E54000E3489FEDE59B9FEDE68BA04215D99DED3D
:10E550000E0B53EC192B51EC100B45B1FEF71BFEC3
:10E5600041EC190B9FEDE08B4FF0FF3440E0FEF7DC
:10E57000B3FE41EC190B01243AE09FEDDD0B53ECA7
:10E58000102B9DED0E0B51EC100BFEF7ABFE41EC8A
:10E59000100B002D12BF9FEDD81BB0EE4A1AF0EE03
:10E5A0006A1A53EC112B51EC100BFEF7F4FDFEF739
:10E5B0008BFF0446FEF777FFCDE900019DED000BD0
:10E5C00053EC192B51EC100BFEF78CFE9DED0E1B3E
:10E5D00053EC112BFEF783FE9DED000B41EC190B64
:10E5E00053EC182B51EC100BFEF77CFE41EC180B92
:10E5F00051EC190B53EC182BFEF76EFECDE90E0112
:10E600009DED0E0B53EC192B51EC100BFEF767FE32
:10E6100053EC182BFEF760FE41EC1B0B9DED0E0B2F
:10E6200053EC1A2B51EC100BFEF75CFE41EC1D0B6A
:10E630009DED0E0B53EC1D2B51EC100BFEF752FE13
:10E6400041EC180BAE480521B0EE480AF0EE680A1E
:10E650007844FFF759FE53EC182B51EC100BFEF7E2
:10E6600041FE9FEDA99B53EC192BFEF794FD41EC65
:10E670001C0B53EC1D2BFEF735FE9FEDA51B53EC39
:10E68000112BFEF72CFECDE900019DED000B53ECA4
:10E69000102B9DED0E0B51EC100BFEF723FE9FEDA2
:10E6A0009E1B53EC112BFEF71AFE9DED000B41EC67
:10E6B0001D0B53EC102B51EC1C0BFEF70DFE53EC15
:10E6C0001D2BFEF781FE53EC182BFEF70BFE41ECE1
:10E6D000100BCCB353EC1B2B51EC100BFEF7FCFDD5
:10E6E0009DED0E1B53EC112BFEF7FCFD53EC1B2B89
:10E6F000FEF7F2FD53EC182BFEF7EEFD41EC180B84
:10E70000B4F1FF3F47D0012C56D014F1020F01DDC8
:10E71000382C71DD9DED0E0B53EC182B51EC100BCA
:10E72000FEF7DDFD53EC192BFEF7D9FDCDE9000115
:10E7300001EB045001909DED000B53EC192B51ECB3
:10E74000100BFEF7C9FD54E010E07548A04298BFD9
:10E7500000247FF663AF9DED0E0B51EC100BFFF71D
:10E76000E3F8042808BFFFF76FFEAFE653EC102B69
:10E770009DED0E0B51EC100BFEF7B4FD53EC182B76
:10E78000FEF7AAFD9DED0E1B53EC112BFEF7A7FD26
:10E7900041EC100B9CE69DED0E0B53EC182B51EC4D
:10E7A000100BFEF799FD53EC1A2BFEF79BFD53EC73
:10E7B0001A2BFEF791FD1CE09FED5B0B53EC102B29
:10E7C0009DED0E0B51EC100BFFF714F815D29DEDDB
:10E7D0000E0B53EC1A2B51EC100BFEF7DCFC53EC38
:10E7E000182BFEF77CFD9FED521B53EC112BFEF70F
:10E7F00079FD41EC100B6BE612E09DED0E0B53EC36
:10E80000182B51EC100BFEF767FD9FED4B1B53ECE3
:10E81000112BFEF767FD53EC192BFEF7BCFCE8E764
:10E820008DED009B142C1BDA4FF40010E040C0F17A
:10E830007F6000F1405001909DED0E0B53EC182BC2
:10E8400051EC100BFEF74BFD9DED001B53EC112B13
:10E85000FEF745FDCDE9000101EB045001907AE09F
:10E8600040F2FF30001B000501909DED000B51ECC4
:10E87000180B53EC102BFEF78EFC9DED0E1B53EC8A
:10E88000112BFEF72CFD53EC192BCDE9000157E0BD
:10E890007A684340422E8640000000000000F0BF2E
:10E8A0000000F07F00000000EF39FAFE422E8640A3
:10E8B00059F3F8C21F6EA50100000000000000001F
:10E8C000422ED63F00000000000000000000E03FA4
:10E8D000B2A2F03F000000000000E0FE422EE63F42
:10E8E000763C7935EF39EA3D763C7935EF39EABD4A
:10E8F000FE822B654715F73F000000000000E0BFD7
:10E90000F409000000000000000000000000F03FDB
:10E910000000000000000840000000000000184057
:10E920000000903C00000000000000000000D0BF8C
:10E9300000000000000000C00000000000000040D7
:10E940009DED000B51EC100BFEF725FCCDE900010D
:10E9500001EB045001909DED000BB9E530EE000A8B
:10E9600070470000DFED020A80EEA00A7047000049
:10E97000000000009FED020A20EE000A7047000030
:10E98000000000102DE9F0014FF07F42B2EB410F83
:10E990009FBF4FF0FF310160BDE8F00170474FF0BD
:10E9A000004242EA0123C1F3C752783A551112F0EE
:10E9B0001F0C434CCCF120067C44C1F3C752A2F19A
:10E9C00078024FEA621204EB820254F8254008BF35
:10E9D000D2E9015612D0556804FA0CF425FA06F76C
:10E9E0003C43976805FA0CF527FA06F8D26807FA4F
:10E9F0000CFCF24045EA08054CEA0206A4FB034C75
:10EA0000A5FB0352A6FB03631D449D4234BF0126B0
:10EA100000261319334416B1934202D903E09342FE
:10EA200001D2012200E00022624402F1200C920691
:10EA3000DC0C42EA443200EE102A5B03DFED210ACF
:10EA4000F8EEC01A00EE103A4FEA9C1C11F0004F8D
:10EA5000B8EE400AC0F800C020EE201A00EE105AAE
:10EA6000DFED190AB8EE400A20EE200A71EE810AA5
:10EA700070EE800A10EE902A02F500626FF30B022E
:10EA800000EE902A70EEE11A31EEC11ADFED101A95
:10EA900030EE411A9FED0D0A20EE800A01EE210AA8
:10EAA0009FED0C1A00EE810A04BFBDE8F00170472B
:10EAB000CCF180510160BDE8F001B1EE400A704731
:10EAC000BC060000000000360000802C22AAFD29B0
:10EAD000DB0FC92F0000C92F02E008C8121F08C1B0
:10EAE000002AFAD170477047002001E001C1121FCF
:10EAF000002AFBD170470000014908607047000000
:10EB0000380400202DE9FF4F8DB00F460546002642
:10EB100006E025280BD0DDE90F1290476D1C761C0E
:10EB200028780028F5D111B03046BDE8F08F0024D8
:10EB3000A246A1460122EC4900E0044315F8013F3A
:10EB4000203B02FA03F00842F7D128782A2810D097
:10EB50006FF02F022878A0F13001092914D80AEBB0
:10EB60008A0102EB410144F0020400EB010A6D1C32
:10EB7000F0E701CF5FEA000A03D544F40054CAF17C
:10EB8000000A44F002046D1C28782E2817D115F8CD
:10EB9000010F44F004042A280ED06FF02F022878C9
:10EBA000A0F1300109290AD809EB890102EB4101E2
:10EBB00000EB01096D1CF2E757F8049B6D1C2878E7
:10EBC0006C280FD006DC4C2817D068280DD06A2896
:10EBD00014D104E0742810D07A280FD10DE044F449
:10EBE00000140AE044F4801401E044F4401469780D
:10EBF000814202D104F580146D1C6D1C2A786E2AA6
:10EC00001FD00CDC632A31D004DC002A8BD0582AB8
:10EC100011D1A3E0642A68D0692A0CD165E0732A77
:10EC20002ED004DC6F2A73D0702A04D19BE0752AA1
:10EC30006FD0782A6ED01046DDE90F129047761C0F
:10EC400050E1C4F30250022806D0032809D004285A
:10EC500001CF09D0066045E101CFF117C0E900619D
:10EC600040E101CF06803DE106703BE117F8040B5F
:10EC70008DF8000000208DF80100EB46012003E034
:10EC800057F804BB4FF0FF3061074FF0000102D48A
:10EC90000DE008F10101884649450FDA8045F8DBAF
:10ECA0001BF808100029F4D108E008F1010188469A
:10ECB0008142FADB1BF808100029F6D1DDE90F23A9
:10ECC000AAEB08008146214600F036F9304400EBFB
:10ECD000080604E0DDE90F121BF8010B9047B8F1BC
:10ECE0000108F7D221464846F7E00A21C4F302534F
:10ECF0004FF0000B0891022B04D001CFC117032B5A
:10ED000009D00AE0FF1D27F00707F7E8020108E035
:10ED100032E01FE020E000B2C117042B01D140B265
:10ED2000C117031E71F1000307DA4FF0000CD0EB9E
:10ED30000C006CEB01012D2302E0230504D52B23ED
:10ED40008DF82430012303E0E30701D02023F7E707
:10ED5000984658E00A2110E010210EE010204FF0F4
:10ED6000000B08900CE010214FF0000B44F004045D
:10ED70004FF00809089103E008214FF0000B0891BB
:10ED8000C4F30253022B04D001CF0021032B06D081
:10ED900006E0FF1D27F00707F7E8020103E080B255
:10EDA000042B00D1C0B24FF0000823072BD5702AE6
:10EDB00007D0DDF820C08CF0100C5CEA0B0C05D0FD
:10EDC0000EE040238DF82430012308E050EA0103CF
:10EDD00006D030238DF824308DF825200223984664
:10EDE000DDF820C08CF0080C5CEA0B0C0BD150EA6B
:10EDF000010301D1630706D530238DF824304FF08D
:10EE00000108A9F10109582A04D038A20B9208AAD6
:10EE10000A920BE03AA2F9E75B46089AFEF7A2FBDA
:10EE20000B9B9B5C0A9A521E0A92137050EA0102D5
:10EE3000F2D10A98ADEB000000F1200B600702D57B
:10EE400024F4803401E04FF00109D94502DDA9EB3B
:10EE50000B0000E0002000EB0B0141440890AAEBFE
:10EE6000010AE00306D4DDE90F232146504600F0F5
:10EE700063F806444FF0000908E009A911F80900F9
:10EE8000DDE90F12904709F10109761CC145F4DB59
:10EE9000E0030CD5DDE90F232146504600F04CF885
:10EEA000064404E0DDE90F1230209047761C0899F3
:10EEB000481E08900029F5DC08E00A980A990078B5
:10EEC000491C0A91DDE90F129047761CBBF1000145
:10EED000ABF1010BF1DC21465046DDE90F2300F0D8
:10EEE00019F806446D1C1BE6092801003031323345
:10EEF0003435363738396162636465660000000076
:10EF0000303132333435363738394142434445465F
:10EF1000000000002DE9F041044600251E4617467A
:10EF2000880404D405E039462020B0476D1C641ED7
:10EF3000F9D52846BDE8F0812DE9F04104460025C9
:10EF40001E469046C80301D5302700E020278804DC
:10EF500004D505E041463846B0476D1C641EF9D51E
:10EF60002846BDE8F0814A68002A06D00A68531C8A
:10EF70000B6010704868401E486070470A68531C58
:10EF80000B601070704710B541EC100BFEF7F8FCE9
:10EF900051EC100B10BD82B0CDE9000121F0004012
:10EFA00001909DED000B02B051EC100B704700007A
:10EFB0004FBB610567ACDD3F182D4454FB21E93F91
:10EFC0009BF681D20B73EF3F182D4454FB21F93F80
:10EFD000E2652F227F2B7A3C075C143326A6813C06
:10EFE000BDCBF07A8807703C075C143326A6913CB1
:10EFF000C4EB98999999C9BF711623FEC671BCBF1D
:10F000006D9A74AFF2B0B3BF9AFDDE522DDEADBF84
:10F010002F6C6A2C44B4A2BF0D5555555555D53F9C
:10F02000FF8300922449C23F6E204CC5CD45B73FB7
:10F03000513DD0A0660DB13FEB0D76244B7BA93F2F
:10F0400011DA22E33AAD903FF41011111111A1BF72
:10F050008555FE19A0015A3FB7DBAA9E19CE14BFF1
:10F060003952E686CACFD03E2DC3096EB7FD8ABE9F
:10F070000000000000000000000000006E83F9A204
:10F080002915444ED15727FCC0DD34F5999562DB34
:10F090004190433CAB6351FEB8F0000800000020F3
:10F0A0003C04000078D80008C8F100083C040020A7
:10F0B000ACE80000E8EA0008411BFF01041A020462
:10F0C0001A03041A04041A05041A06041A07041A77
:10F0D00008041A09041A0A041A0B041A0C041A0D5B
:10F0E000041A0E041A0F041A10041A11041A120436
:10F0F0001A130422141A8448C1195F01C11AFCD4DE
:10F100001A2CC91A200823F8021A5E0C1A12081ABF
:10F11000B8081A580832A01A620829EC1ADA081A34
:10F12000CB041AD60D1A1C081AB3081A0E041A18A2
:10F13000045AA438013862FE223F1A8004111A4092
:10F140000819041AA0041AC0041B20410C19041A3F
:10F15000F0042334421A700434F0426452C83A482E
:10F1600010297F14A08601051C35FA8E3C4B3075A2
:10F170000409161C81023B1123420172691A1C9971
:10F180001A2C1081299D320A89C0A129272904320D
:10F19000DC2AB4D1D90C1A4C1D5AC60C013429747E
:10F1A0001A9044233E0303871405847A030A6809EE
:10F1B00001020304060708090CA910C11AAA0101DB
:08F1C00011023E281AFF014173
:040000050800018965
:00000001FF
