:020000040800F2
:10000000A8A401207D6A01084502000847020008F3
:100010004B0200084F0200085302000800000000D5
:100020000000000000000000000000009D0100082A
:100030005702000800000000E1010008979A01083B
:10004000976A0108976A0108976A0108976A010888
:10005000976A0108976A0108976A0108976A010878
:10006000F90400083D050008976A010871030008BB
:10007000FD020008B3030008976A01087502000832
:10008000976A010881020008976A0108976A0108C7
:10009000976A0108976A0108976A0108976A010838
:1000A000976A01081504000841040008976A0108CE
:1000B00043040008710400089D040008976A0108C1
:1000C000976A0108976A0108976A0108F504000811
:1000D000976A01085D020008976A0108976A01089B
:1000E000976A0108976A0108976A0108976A0108E8
:1000F000976A0108976A0108976A01088F03000848
:10010000976A0108976A0108C9040008F704000803
:10011000976A0108976A0108EF030008FB030008CB
:10012000976A01089B020008CF020008976A01083D
:10013000976A0108976A0108976A0108976A010897
:10014000976A0108976A0108976A0108976A010887
:10015000EF020008976A0108976A0108976A010888
:10016000976A0108976A0108976A0108976A010867
:10017000976A0108976A0108976A0108976A010857
:10018000976A0108976A0108DFF80CD01AF0F8FEA8
:100190000048004743670108A8A40120234B1968C1
:1001A0000868B0E8F04F80F309884FF0000080F352
:1001B000118870470000000003480068006880F361
:1001C000088862B600DF00BF08ED00E0DFF80C0031
:1001D000016841F470010160704700BF88ED00E0E4
:1001E000EFF30980114B1A681EF0100F08BF20EDC5
:1001F000108A20E9F04F106008B54FF0140080F32A
:1002000011881AF010F84FF0000080F31188BDE853
:10021000084019680868B0E8F04F1EF0100F08BFDA
:10022000B0EC108A80F30988704700BF30050020C9
:10023000EFF311804FF0140181F31188704780F3C0
:1002400011887047704700BFFEE700BFFEE700BFA0
:10025000FEE700BFFEE770477047704710B540F2F9
:100260002551B74818F02BFD18B12021B44818F0DB
:100270001DFD10BD10B5B349B34817F055FC10BDB6
:1002800010B5B249B048303017F024FC20B1AF4966
:10029000AD48303017F048FC10BD10B5AC49AD4842
:1002A00017F018FC90B1AA49AA4817F03DFC01F0DC
:1002B000DFFF0021A448303817F062FB0821A54871
:1002C00017F07FFB0121A34817F05AFB10BD10B5B2
:1002D000A149A048183017F027FCA04840789F4952
:1002E000097840EA012000B29D49088010BD10B590
:1002F0009C499848603017F017FC10BD10B5944920
:100300009148483817F0E6FB80B391498E48483849
:1003100017F00AFC0024002004E09349095C214402
:10032000CCB2401C0928F8DB8F48407AA0420AD1A1
:100330008E488D490A6802604A68426009890181D5
:1003400000F00CFB02E000F0C9FA10BD00217E486D
:10035000483817F015FB0A217B48483817F031FB65
:1003600001217948483817F00BFB00BF00BFECE7CC
:1003700010B57F497448603817F0ACFB30B17C4948
:100380007148603817F0D0FB01F072FF10BD10B556
:1003900078496D48483017F09DFB48B100216A4804
:1003A000483017F0EDFA73496748483017F0BCFB46
:1003B00010BD10B568496448303817F08BFBA8B100
:1003C00065496148303817F0AFFB01F02DFD002181
:1003D0005D48303817F0D4FA08215B48303817F000
:1003E000F0FA01215848303817F0CAFA10BD10B59C
:1003F0000121614818F0C0F910BD10B501215F4816
:1004000018F0BAF97A204E49888001215C4818F02A
:1004100065FB10BD10B501215A4818F0ADF95948D7
:10042000008800F0100028B157480068401E564967
:10043000086004E054480068401C5349086010BD3F
:10044000704710B50121880718F096F94FF08040E9
:10045000008800F0100028B14C480068401E4B494D
:10046000086004E049480068401C4849086010BD25
:1004700010B50121464818F07FF94548008800F082
:10048000100028B143480068401E4249086004E05B
:1004900040480068401C3F49086010BD10B501216C
:1004A0003D4818F069F93C48008800F0100028B178
:1004B0003A480068401E3949086004E0374800683F
:1004C000401C3649086010BD10B50121344818F0B1
:1004D00053F93348008800F0100028B13148006813
:1004E000401E3049086004E02E480068401C2D4939
:1004F000086010BD7047704710B5042017F0ACFBC2
:10050000D8B12021284816F030FC0421274816F0E5
:1005100007FC012804D10021184817F0ADFC09E0C0
:100520000421224816F0FCFB20B9144817F0A8FC5F
:100530001F49086004201F49086010BD7047000073
:1005400000100140208000207060024000802020C8
:1005500000880010286402400080201062070020FC
:100560008C000020008800203C070020A30700200A
:10057000208000100080002800100040001400407F
:1005800000140140000001406C00002070000020B9
:100590000004004074000020000800408800002093
:1005A000000C00407800002000000240000C0240D7
:1005B00068000020143C014070B5044620461AF043
:1005C0001BFA05462146F7481AF01DFAA0B19522FC
:1005D0002146F4481AF004FA0021F34817F0D0F944
:1005E000F048F1490C310860EF48B838C0F8BC5009
:1005F0000121ED4817F0C4F970BD70B5044600251F
:1006000010E0605D68B1615DE84818F092FA00BFE3
:100610008021E64818F03DFB0028F9D0681CC5B2DF
:1006200000E070BDEDE770B5044600250FE05CB159
:100630002146DE4818F07DFA00BF8021DB4818F023
:1006400028FB0028F9D000E070BD681CC5B2032D5E
:10065000EDDB00BFF8E713B50C460020FFF7E3FF22
:10066000D3A0FFF7CAFF2346D2A29621D2481AF0A0
:10067000D5FCD148FFF7C1FFD0A0FFF7BEFFCDA248
:100680009621CD48009B1AF0C9FCCB48FFF7B5FF77
:10069000CCA0FFF7B2FFFF20FFF7C5FFFF20FFF759
:1006A000C2FFFF20FFF7BFFF1CBD70B505460C461B
:1006B000BFA0FFF7A2FF2246BEA1BF481AF0C6FCAA
:1006C000BD48FFF79AFFBDA0FFF797FF2846FFF749
:1006D00094FFBCA0FFF791FFFF20FFF7A4FF70BDC0
:1006E00077B585B00546FF26B4A103C9CDE903015E
:1006F000B4A000680290AEA00068019000240AE057
:100700000020B1490855B1490855AB490855A549DC
:100710000855601CC4B21E2CF2DB0A20A6490870E2
:10072000FF2048708870C870A2A1A848079A1AF0E4
:100730008DFCA64901A81AF047F901A99E481AF0B4
:1007400043F903A99C481AF03FF929469A481AF040
:100750003BF998A19D48069A1AF078FC9B49964867
:100760001AF032F902A994481AF02EF9FF2096499E
:1007700008704870887090481AF026F98E48FFF784
:100780001BFF08B070BDF7B584B005460E46FF27C5
:100790008AA103C9CDE902018AA00068019084A062
:1007A00000680090002408E0002087490855874928
:1007B000085581490855601CC4B20A2CF4DB0A2094
:1007C0007D490870FF2048708870C87079A17F4803
:1007D000069A1AF03BFC7D4968461AF0F5F869461E
:1007E00075481AF0F1F802A973481AF0EDF8294695
:1007F00071481AF0E9F831466F481AF0E5F801A996
:100800006D481AF0E1F8FF206F4908704870887051
:100810000020C870087168481AF0D6F86648FFF7DB
:10082000CBFE07B0F0BD01B58EB069A2322101A8A0
:100830000E9B1AF0F3FB01A8FFF7BEFE0FB000BD40
:1008400073B584B00546FF265CA103C9CDE902015A
:100850005CA00068019056A00068009000240AE0A7
:1008600000205949085559490855534908554D49DB
:100870000855601CC4B21E2CF2DB0A204E490870D9
:10088000FF2048708870C8704AA15048059A1AF035
:10089000DDFB4E4968461AF097F8694646481AF05B
:1008A00093F802A944481AF08FF8294642481AF0F2
:1008B0008BF8464940481AF087F801A93E481AF0DB
:1008C00083F8FF2040490870487088703A481AF051
:1008D0007BF83948FFF770FE06B070BD1CB50021EB
:1008E0003148903817F04CF800BF2F48903817F077
:1008F00094F80028F9D10021384818F0EFF80020CA
:1009000003E00021364A1154401C1428F9DB0A2167
:100910002548903817F055F832492348903817F099
:10092000A8F82E48008801902C48001D00880190EE
:1009300000BF0020009002E00098401C009042F2AE
:10094000107100988842F7DB01211748903817F0A2
:1009500017F80121214818F0C1F81CBD0CB5224838
:1009600000782149497808441F49897808441E497C
:10097000C97808441C49097908441B494979084445
:100980001949897908441849C97908441649097AE6
:100990000844C0B201901448007A00F00F000090A3
:1009A0000CBD0000A6060020B860024000500040C8
:1009B0007400000025640000700500202E74787417
:1009C0003D22000022000000560600202E060020D6
:1009D0006A302E76616C3D256400000000480040BE
:1009E0003C07002000080010A3070020FE48007A02
:1009F00000F00F000D2806D1FB48007800F0010040
:100A000008B10D2070470020FCE7F748007800F09F
:100A1000100008B1002070470120FCE71CB54FF022
:100A2000804017F02DFAF149096840EA01400C2195
:100A300090FBF1F00090002418E04FF0804017F098
:100A40001FFAEA49096840EA01400C2190FBF1F0E5
:100A50000190DDE90021881A002801DB014600E051
:100A60004142052900DA641C01980090022CE4DB65
:100A7000019840421CBD1CB5DD4817F001FADD4964
:100A8000096840EA01400C2190FBF1F0009000243D
:100A900017E0D74817F0F4F9D649096840EA014051
:100AA0000C2190FBF1F00190DDE90021881A00286B
:100AB00001DB014600E04142052900DA641C01988F
:100AC0000090022CE5DB01981CBD1CB5CA4817F04C
:100AD000D7F9CA49096840EA01400C2190FBF1F0BE
:100AE0000090002417E0C44817F0CAF9C349096808
:100AF00040EA01400C2190FBF1F00190DDE900217A
:100B0000881A002801DB014600E04142052900DA8D
:100B1000641C01980090022CE5DB01981CBD1CB5FB
:100B2000B74817F0ADF9B749096840EA01400C2110
:100B300090FBF1F00090002417E0B14817F0A0F905
:100B4000B049096840EA01400C2190FBF1F00190A6
:100B5000DDE90021881A002801DB014600E041425E
:100B6000052900DA641C01980090022CE5DB01984D
:100B70001CBD01B581B000200090019800EBC000C1
:100B80004000009002E00098401E0090009800286D
:100B9000F9D10CBD01B581B00020009044F2506144
:100BA00001984843009002E00098401E0090009891
:100BB0000028F9D10CBD1CB501211F2016F094FAB4
:100BC0004FF6FF70009001208DF8040000208DF892
:100BD000060001208DF8070003208DF80500694606
:100BE000894816F03BF84FF6FF70009001208DF811
:100BF000040000208DF8060001208DF80700032076
:100C00008DF805006946814816F028F84FF6FF7008
:100C1000009001208DF8040000208DF806000120CE
:100C20008DF8070003208DF805006946784816F016
:100C300015F81CBD1CB501217E2016F055FA4FF4A5
:100C4000CE50009000208DF8040001208DF80700A0
:100C500002208DF8050069466E4815F0FFFF4FF63B
:100C6000C740009000208DF8040001208DF8070097
:100C700002208DF805006946634815F0EFFF042057
:100C8000009000208DF8040001208DF8070002205C
:100C90008DF8050069465D4815F0E0FF4FF44C40C3
:100CA000009000208DF8040001208DF8070002203C
:100CB0008DF805006946564815F0D0FF4FF42060C6
:100CC000009000208DF8040001208DF8070002201C
:100CD0008DF805006946504815F0C0FF1CBD1FB5D2
:100CE0004FF4E06015F0DCFE36208DF800000020A7
:100CF0008DF801008DF8020001208DF80300684690
:100D000015F0D3FE0121102016F021FA3220ADF8A3
:100D1000040040F2E73002900020ADF80C00ADF87E
:100D2000060001A93D4817F05EF801213B4817F085
:100D300023FD01221146394817F0F6FC00213748FF
:100D400017F09AF80121354817F0D6F81FBD1FB5E6
:100D50004FF4E06015F0A4FE37208DF8000000206D
:100D60008DF801008DF8020001208DF8030068461F
:100D700015F09BFE0121202016F0E9F93220ADF894
:100D8000040040F2E73002900020ADF80C00ADF80E
:100D9000060001A9224817F026F80121204817F083
:100DA000EBFC012211461E4817F0BEFC00211C4836
:100DB00017F062F801211A4817F09EF81FBD00B520
:100DC0008BB00121022016F0D3F901210C2016F07E
:100DD0008BF9032206210D4815F0CBFF03220721D2
:100DE0000A4815F0C6FF1DE0A30700207000002090
:100DF000000400407400002000080040880000202B
:100E0000000C00407800002000040240000802406E
:100E1000000C0240000002400010024000100040A0
:100E20000014004003220821FE4815F0A2FF03220F
:100E30000921FC4815F09DFF4FF4707006900220C8
:100E40008DF81C0003208DF81D0000208DF81E0079
:100E500001208DF81F0006A9F24815F0FFFEA4201E
:100E6000ADF8200040F6B83009904FF48070ADF82E
:100E700028000020ADF8220008A9EB4816F0B3FFC7
:100E80006020ADF804000120ADF8060000200390BA
:100E9000ADF810000121E44817F02EF80021E248D7
:100EA00016F0EAFF01A9E04817F032F801A9DE4880
:100EB00017F067F801A9DC4817F0B0F801A9DA4883
:100EC00017F012F90121D84817F007FC0BB000BD4C
:100ED00000B58BB00121082016F039F90121084630
:100EE00016F002F902220021D04815F042FF02223A
:100EF0000121CE4815F03DFF02221146CB4815F0E6
:100F000038FF02220321C94815F033FF0F20069055
:100F100002208DF81C0003208DF81D0000208DF8A4
:100F20001E0001208DF81F0006A9C04815F096FE8E
:100F3000BA20ADF8200042F2107009900020ADF800
:100F40002800ADF8220008A9B94816F04CFF60202F
:100F5000ADF804000120ADF8060000200390ADF8C4
:100F600010000121B24816F0C7FF0021B04816F06A
:100F700083FF01A9AE4816F0CBFF01A9AC4817F0DA
:100F800000F801A9AA4817F049F801A9A84817F0E4
:100F9000ABF80121A64817F0A0FB0BB000BD00B5CF
:100FA0008BB00121042016F0D2F801210D2016F09B
:100FB0009BF802220C219F4815F0DBFE02220D2136
:100FC0009C4815F0D6FE02220E219A4815F0D1FE5B
:100FD00002220F21974815F0CCFE4FF47040069086
:100FE00002208DF81C0003208DF81D0000208DF8D4
:100FF0001E0001208DF81F0006A98E4815F02EFE58
:10100000A420ADF8200040F6B83009904FF480706D
:10101000ADF828000020ADF8220008A9864816F097
:10102000E2FE6020ADF804000120ADF806000020CB
:101030000390ADF8100001217F4816F05DFF0021FC
:101040007D4816F019FF01A97B4816F061FF01A940
:10105000794816F096FF01A9774816F0DFFF01A93D
:10106000754817F041F80BB000BD00B589B00121FB
:10107000080416F07DF80121084616F035F8032221
:1010800011466A4815F075FE03220221674815F0E3
:1010900070FE0C20019002208DF8080003208DF8CE
:1010A000090000208DF80A0001208DF80B0001A92D
:1010B0005E4815F0D3FD0020ADF818004FF6FF7024
:1010C00007900020ADF82000ADF81A0006A95B4893
:1010D00016F089FE0420ADF80C000020ADF80E00DB
:1010E000C820ADF814000120ADF8100003A9534842
:1010F00017F050FA00231A460321514817F0E7FB76
:1011000001214F4817F038FB012211464C4817F0D7
:101110000BFB0121494816F0EFFE0021484816F06C
:10112000ABFE09B000BD00B589B00121084616F03C
:101130000EF80121022016F00AF80121032015F013
:10114000D3FF01220F21394815F013FE012203219C
:101150003C4815F00EFE022204213A4815F009FE23
:1011600002220521374815F004FE382001900220A4
:101170008DF8080003208DF8090000208DF80A0082
:1011800001208DF80B0001A92E4815F067FD4FF4E2
:101190000040019002208DF8080003208DF809001E
:1011A00000208DF80A0001208DF80B0001A91F48CE
:1011B00015F054FD0020ADF818004FF6FF700790B1
:1011C0000020ADF82000ADF81A0006A94FF08040CD
:1011D00016F009FE06A91C4816F005FE0420ADF81D
:1011E0000C000220ADF80E001420ADF81400012010
:1011F000ADF8100003A9800717F0CCF903A9124835
:1012000017F0C8F902231A460321580717F05FFBAD
:1012100002231A4603210C4817F059FB01218807C5
:1012200014E00000000802400004014000000240F9
:10123000000C0040000C024000080040000001408B
:1012400000400140000402400004004017F094FAFE
:101250000121FE4817F090FA01221146900717F07D
:1012600063FA01221146F94817F05EFA0121880756
:1012700016F042FE0121F54816F03EFE00214FF027
:10128000804016F0F9FD0021F04816F0F5FD4FF40E
:10129000C06015F005FC1D208DF8000003208DF8BE
:1012A000010000208DF8020001208DF8030068463F
:1012B00015F0FBFB1C208DF8000004208DF80100C8
:1012C00000208DF8020001208DF80300684615F01B
:1012D000ECFB09B000BD00B589B00121084615F04E
:1012E00047FF0121102015F0FFFE4FF42060019010
:1012F00002208DF8080003208DF8090000208DF8E9
:101300000A0001208DF80B0001A9D14815F0A6FCB8
:1013100001220921CE4815F02CFD01220B21CC48D9
:1013200015F027FD0020ADF818004FF6FF7007906C
:101330000020ADF82000ADF81A0006A9C54816F047
:1013400052FD0420ADF80C000020ADF80E000A207C
:10135000ADF814000120ADF8100003A9BD4817F046
:1013600019F900231A460321BA4817F0B0FA0121EF
:10137000B84817F001FA01221146B64817F0D4F91F
:101380000121B44817F0F8F901221146B14817F0CD
:10139000CBF90121AF4816F0AFFD0021AD4816F0A2
:1013A0006BFD4FF4C06015F07BFB19208DF8000039
:1013B00001208DF8010000208DF8020001208DF839
:1013C0000300684615F071FB09B000BD00B589B097
:1013D0000121042015F0BBFE0121082015F084FE38
:1013E0004FF44050019002208DF8080003208DF842
:1013F000090000208DF80A0001208DF80B0001A9DA
:10140000954815F02BFC0020ADF818004FF6FF7042
:1014100007900020ADF82000ADF81A0006A98F480B
:1014200016F0E1FC02220C218B4815F0A2FC0222EE
:101430000D21894815F09DFC0420ADF80C00022018
:10144000ADF80E00C820ADF814000120ADF8100072
:1014500003A9824817F09EF802231A4603217F4809
:1014600017F035FA01217D4817F086F9012211465F
:101470007A4817F059F90121784816F03DFD00210E
:10148000764816F0F9FC00207449143108800120D8
:10149000724908804FF4C06015F002FB1E208DF8E1
:1014A000000004208DF8010000208DF802000120CA
:1014B0008DF80300684615F0F8FA09B000BD00B5D4
:1014C00089B00121082015F042FE0121084615F0DF
:1014D0000BFE0320019002208DF8080003208DF8F8
:1014E000090000208DF80A0001208DF80B0001A9E9
:1014F0005B4815F0B3FB0020ADF818004FF6FF7005
:1015000007900020ADF82000ADF81A0006A9554854
:1015100016F069FC02220021514815F02AFC022233
:1015200001214F4815F025FC0420ADF80C000220E5
:10153000ADF80E00C820ADF814000120ADF8100081
:1015400003A9484817F026F802231A460321454804
:1015500017F0BDF90121434817F00EF90122114699
:10156000404817F0E1F801213E4816F0C5FC002183
:101570003C4816F081FC00203A49143108800120D3
:10158000384908804FF4C06015F08AFA32208DF88F
:10159000000004208DF8010000208DF802000120D9
:1015A0008DF80300684615F080FA09B000BD00B55B
:1015B0009BB001212C4815F097FD0121080215F080
:1015C000D7FD00200290294803902948049000206C
:1015D00005900E200690002007904FF48060089040
:1015E0004000099080000A9040110B9040020C903E
:1015F00000200D9001200E9000200F90109002A965
:101600001C4816F083F901211A4816F0B9F9FC209C
:10161000009003208DF8040000208DF80700694633
:101620000F4815F01BFB4FF44070009003208DF81D
:10163000040000208DF8070069460F4815F00EFBE6
:101640003F20009003208DF8040017E000040040C4
:101650000010024000000140000C02400008004061
:1016600000000240000C0040070040004C200140F8
:1016700046070020106402400004024000208DF85C
:1016800007006946FE4815F0E9FA002011904FF472
:101690004030129000201390149011A815F09CFE79
:1016A0004FF08070159001208DF858008DF859008A
:1016B00000201790189019900E208DF8680015A939
:1016C000F04815F05AFE072301220221ED4815F0DB
:1016D000DAFE072302220321EA4815F0D4FE07238D
:1016E00003220421E74815F0CEFE0723042205213A
:1016F000E44815F0C8FE072305220621E14815F04D
:10170000C2FE072306221946DE4815F0BCFE072359
:101710001A460821DB4815F0B6FE072308220921E6
:10172000D84815F0B0FE072309220A21D54815F044
:10173000AAFE07230A220B21D24815F0A4FE072394
:101740000B220C21CF4815F09EFE07230C220D2101
:10175000CC4815F098FE07230D220E21C94815F03C
:1017600092FE07230E220F21C64815F08CFE0121A0
:10177000C44815F033FF0121C24815F024FF0121B0
:10178000C04815F040FEBF4815F0D9FE1BB000BDA3
:1017900008B54FF4E06015F083F925208DF80000BE
:1017A00000208DF801008DF8020001208DF8030063
:1017B000684615F07AF908BD10B596B004460121C7
:1017C000102015F0D5FC0121084615F08DFC0121F3
:1017D000880515F089FC4FF4C060009002208DF858
:1017E000040000208DF806008DF8070002208DF817
:1017F00005006946A44815F031FA07220921A248DC
:1018000015F0B7FA07220A219F4815F0B2FA0294A0
:101810000020ADF80C00ADF80E00ADF81000ADF8EA
:1018200014000C20ADF8120002A9984817F0CEF869
:101830000121964817F052F94FF4A06015F030F9E5
:101840003A208DF8180000208DF819008DF81A0044
:1018500001208DF81B0006A815F027F98C4815F01B
:10186000B3FF4FF00060079000200A90894809906C
:101870000A200B908548001D089000200C904FF422
:1018800080600D9000200E900F904FF480701090AB
:101890004002119004201290032013900020149015
:1018A000159007A97A4816F031F8012240217748AF
:1018B00017F0C1F901221021754816F0EEF8012148
:1018C000734816F05DF816B010BD10B596B004461A
:1018D0000121480515F008FC0121480415F037FCEA
:1018E0000121082015F000FC6020009002208DF8F6
:1018F000040000208DF806008DF8070002208DF806
:1019000005006946644815F0A9F9072205216248D7
:1019100015F02FFA072206215F4815F02AFA0294E3
:101920000020ADF80C00ADF80E00ADF81000ADF8D9
:1019300014000C20ADF8120002A9584817F046F820
:101940000121564817F0CAF84FF4A06015F0A8F826
:1019500011208DF8180000208DF819008DF81A005C
:1019600001208DF81B0006A815F09FF84C4815F0D3
:101970002BFF4FF00060079040200A9049480990E3
:1019800050200B904548001D089000200C904FF40B
:1019900080600D9000200E900F904FF4807010909A
:1019A0004002119004201290032013900020149004
:1019B000159007A93A4815F0A9FF01228021374860
:1019C00017F039F901228021344817F034F9012247
:1019D0001021334816F061F80121314815F0D0FF8D
:1019E00016B010BD10B596B004460121880415F05C
:1019F000AEFB0121082015F077FB0121480515F009
:101A000073FB4FF44070009002208DF8040000201A
:101A10008DF806008DF8070002208DF80500694654
:101A20001D4815F01BF9072208211B4815F0A1F9E4
:101A300007220921184815F09CF902940020ADF8FE
:101A40000C00ADF80E00ADF81000ADF814000C203D
:101A5000ADF8120002A9144816F0B8FF012112488F
:101A600017F03CF84FF4A06015F01AF80C208DF830
:101A7000180000208DF819008DF81A00012015E0DB
:101A80000008024000200140000002400010014018
:101A90004064024062070020000C02400044004005
:101AA000A060024004000020004800408DF81B00A8
:101AB00006A814F0FAFFFE4815F086FE4FF000600D
:101AC000079000200A90FB4809900A200B90FA48E2
:101AD000089000200C904FF480600D9000200E9034
:101AE0000F9010904FF400301190042012900320BA
:101AF000139000201490159007A9ED4815F006FFEB
:101B000001224021EC48001F17F095F801224021E6
:101B1000E948001F17F08FF801221021E44815F062
:101B2000BCFF0121E24815F02BFF16B010BD10B527
:101B300096B004460121C80415F009FB01210420D8
:101B400015F0D2FA0121480515F0CEFA4FF44060A5
:101B5000009002208DF8040000208DF806008DF81A
:101B6000070002208DF805006946D44815F076F884
:101B700008220A21D14815F0FCF808220B21CF4891
:101B800015F0F7F802940020ADF80C00ADF80E0047
:101B9000ADF81000ADF814000C20ADF8120002A949
:101BA000C74816F013FF0121C54816F097FF4FF400
:101BB000A06014F075FF0D208DF8180003208DF83B
:101BC000190001208DF81A008DF81B0006A814F0EA
:101BD0006CFFB748183015F0F7FD4FF00060079024
:101BE00000200A90B748099008200B90B448001DC7
:101BF000089000200C904FF480600D9000200E9013
:101C00000F9010904FF4003011900020129003209C
:101C1000139000201490159007A9A548183015F0CE
:101C200075FE01224021A64817F005F80122802107
:101C3000A34817F000F8012210219D48183015F034
:101C40002CFF01219A48183015F09AFE16B010BDED
:101C500070B59D4C2468642C00DB70BD9B4C2488BF
:101C600004EB84049A4D2C446070984C248804EB57
:101C700084042C44A170954C248804EB84042C44E7
:101C8000E270924C248804EB84042C4423718F4C22
:101C90002488641C642594FBF5F605FB16448B4DE3
:101CA0002C80894C2468641C874D2C6000BFD4E7CD
:101CB00001468548006808B90020704785480088BB
:101CC00000EB8000824A104402680A6000790871C3
:101CD0000120F2E701467C48006808B900207047FF
:101CE0007C48008800EB8000794A104402680A6052
:101CF0000079087177480088401C642290FBF2F359
:101D000002FB1300734A10806F480068401E6E4A41
:101D100010600120E3E70CB56846FFF7DBFF002009
:101D20006D4908700CBD70B504460D46012C0BD1F1
:101D300029466A4816F0FDFE00BF4021674816F0AC
:101D4000A8FF0028F9D038E0032C0DD129465A48C5
:101D5000001F16F0EEFE00BF40215748001F16F08E
:101D600098FF0028F8D028E0042C0BD129465448CD
:101D700016F0DFFE00BF4021514816F08AFF002810
:101D8000F9D01AE0052C0BD12946554816F0D1FEA2
:101D900000BF4021524816F07CFF0028F9D00CE02B
:101DA000062C0AD129464F4816F0C3FE00BF402139
:101DB0004C4816F06EFF0028F9D070BD2DE9F047B1
:101DC00002240125022600274FF000084FF00309E6
:101DD000601930443844404443490978084400F0CD
:101DE000FF0A21460620FFF79EFF29460620FFF73F
:101DF0009AFF31460620FFF796FF39460620FFF787
:101E000092FF41460620FFF78EFF374801780620F3
:101E1000FFF789FF51460620FFF785FF4946062058
:101E2000FFF781FFBDE8F08710B526480078254907
:101E3000497808442349897808442249C9780844E4
:101E40002049097908441F4949790844C4B21D480A
:101E50000078022800D010BD1A48C079032800D0AD
:101E6000F9E718488079A04276D1164840781F4992
:101E70000870144880781E4908701248C0781D49BF
:101E80000870104800791C4908700E4840791B49B9
:101E9000087016480078012832D1154800780228C9
:101EA0002ED10846007810490860FFF787FF72E0DE
:101EB000286002403C07002004480040000802401F
:101EC000004C00404702002054020020580200202D
:101ED000B20700205A0200205D02002000100140DD
:101EE0000050004000140140600200204F0200201A
:101EF0005002002051020020520200205302002014
:101F0000F8480078022807D1F7480078012803D163
:101F10000020F64908603EE0F248007802280ED121
:101F2000F148007802280AD1F1480378F148027894
:101F3000F1480178EC480078FFF78AFE2BE0E94889
:101F40000078022809D1E8480078032805D1E8483C
:101F50000078EA4908601EE014E0E24800780228B0
:101F600019D1E1480078042815D1E3480078E44904
:101F70000860E0480078E3490860DD480078E249FD
:101F8000086008E0FF20D8490870DB490870D9498B
:101F90000870D749087000BF5DE710B596B00446D9
:101FA0000121480515F0A0F80121080515F0CFF82A
:101FB00001210C2015F098F80420009002208DF8E3
:101FC000040000208DF806008DF8070002208DF82F
:101FD00005006946CD4814F041FE4FF48050009052
:101FE00002208DF8040000208DF806008DF807000F
:101FF00002208DF805006946C54814F02FFE08221E
:102000000221C24814F0B5FE08220C21C04814F089
:10201000B0FE4FF4A06014F043FD2F208DF818009F
:1020200005208DF819008DF81A0001208DF81B008D
:1020300006A814F03AFD0B208DF8180005208DF845
:1020400019008DF81A0001208DF81B0006A814F065
:102050002CFD02940020ADF80C00ADF80E00ADF898
:102060001000ADF814000C20ADF8120002A9A94828
:1020700016F0ACFC0121A74816F030FDA64815F07B
:10208000A3FB4FF00060079040200A90A3480990FE
:102090000A200B909F48001D089000200C904FF4E0
:1020A00080600D9000200E900F9010904FF4003043
:1020B000119000201290032013900020149015908E
:1020C00007A9954815F022FC9348A83815F07CFB29
:1020D0004FF00060079000200A9091480990052079
:1020E0000B908C48001D089000200C904FF48060ED
:1020F0000D9000200E900F9010904FF40030119032
:10210000002012900320139000201490159007A92E
:102110008148A83815F0FAFB012280217D4816F08D
:102120008AFD012240217B4816F085FD0122102105
:10213000794815F0B2FC012210217748A83815F033
:10214000ACFC0121744815F01BFC01217248A83831
:1021500015F016FC16B010BD10B596B0044601215E
:10216000202015F005F80121042014F0BDFF012105
:10217000880514F0B9FFC020009002208DF80400FB
:1021800000208DF806008DF8070002208DF805006C
:1021900069465F4814F062FD082206215C4814F08D
:1021A000E8FD082207215A4814F0E3FD02940020BC
:1021B000ADF80C00ADF80E00ADF81000ADF814004D
:1021C0000C20ADF8120002A9564816F0FFFB0121C1
:1021D000544816F083FC4FF4A06014F061FC3920E1
:1021E0008DF8180003208DF8190001208DF81A00D1
:1021F0008DF81B0006A814F058FC4B4815F0E4FAC3
:102200004FF02060079000200A904848099008206D
:102210000B904448001D089000200C904FF4806003
:102220000D9000200E900F9010904FF40030119000
:10223000002012900320139000201490159007A9FD
:10224000394815F063FB01224021364816F0F3FCB3
:1022500001228021334816F0EEFC01221021324881
:1022600015F01BFC0121304815F08AFB16B010BD9B
:102270002E4909782D4A527811442C4A92781144FB
:102280002A4AD2781144294A12791144274A5279AC
:102290001144C8B225490978022900D07047234962
:1022A000C979032900D0F9E72049897981424BD1C6
:1022B0001E4949781E4A11701C4989781D4A1170BF
:1022C0001A49C9781C4A1170184909791B4A1170BA
:1022D000164949791A4A117018490978194A117032
:1022E00039E000004F02002050020020640200206C
:1022F00053020020520200205102002068020020F8
:102300006C0200207002002074020020000C0240C9
:102310000008024000500040B8600240A6060020BD
:10232000A609002000140140286402407802002021
:10233000800200208102002082020020830200200F
:102340008402002085020020FF21FE4A1170FE4A0F
:102350001170FE4A117000BFA0E700B585B00121E1
:10236000082014F0C1FE0121880314F001FF0020B1
:102370008DF8100001208DF813000C20039003A9A4
:10238000F34814F06BFC0221032016F0EDFC04204E
:10239000009000208DF8040010208DF80500012029
:1023A0008DF80600684615F0F1FB08208DF808004E
:1023B00000208DF809008DF80A0001208DF80B002F
:1023C00002A814F072FB05B000BD0020E14948628C
:1023D000E1490860E1490860E14908607047002070
:1023E000DC494862DC4908604FF080414862DD49C1
:1023F0000860DD490860DD490860D8490860D849AF
:102400000860DB490860DB490860704700204FF036
:1024100080414862D349086070470020D249086073
:10242000D2490860704710B50020D34908700024D5
:1024300007E061210120FFF776FC3220FEF7AAFBBE
:10244000641C022CF5D30120CB4908707A20CB49BB
:10245000087010BD10B50020C9490870002407E0BD
:1024600061210320FFF75FFC3220FEF793FB641C21
:10247000022CF5D30120C24908707A20C1490870A6
:1024800010BD2DE9F14FAEB0BFA02D9000202C90D3
:102490008DF888008DF860002E98152833D2DFE87B
:1024A00000F00B333C434A51585F666D747B828B5E
:1024B000949BA2FEFDFCFB000221BC4814F030FC02
:1024C00088B100224FF40041B94814F047FC4FF4A2
:1024D0000041B74814F031FC044600222146B5A063
:1024E000FEF7FEF80FE00122D103B14814F036FCEC
:1024F0004FF40041AE4814F020FC0446002221466F
:10250000B4A0FEF7EDF87CE20122BA48B0F9000071
:102510004142B9A0FEF7E4F873E20222B84801682C
:10252000B8A0FEF7DDF86CE20322BB480168BBA04F
:10253000FEF7D6F865E20422BC480168BCA0FEF7AD
:10254000CFF85EE20522BE480168BEA0FEF7C8F8DB
:1025500057E20622BF480168BFA0FEF7C1F850E26B
:102560000722C1480168C1A0FEF7BAF849E2082273
:10257000C1480168C1A0FEF7B3F842E20922C2488F
:102580000168C2A0FEF7ACF83BE20A22C24801682B
:10259000C2A0FEF7A5F834E20B22C4480168C4A02B
:1025A000FEF79EF82DE2FEF739FA04460C2221468A
:1025B000C4A0FEF795F824E2FEF75DFA04460D226A
:1025C0002146C3A0FEF78CF81BE20E22C348017817
:1025D000C3A0FEF785F814E2C548018A0F22C5A002
:1025E000FEF77EF80DE20121C64814F099FB4FF486
:1025F000005117906E4814F093FB04460221C14825
:1026000014F08EFB05464FF48041694814F088FBB6
:1026100006460421BB4814F083FB4FF4004116909A
:10262000B84814F07DFB07460821B64814F078FB43
:1026300080464FF48041B34814F072FB814610216C
:10264000B04814F06DFB4FF400511590AD4814F0F4
:1026500067FB824608213E4814F062FB4FF480512C
:102660001490A84814F05CFB10211390384814F023
:1026700057FB4FF480611290A24814F051FB83463F
:102680008021A04814F04CFB4FF4807111909D48BC
:1026900014F046FB109003E0ABE1A3E19BE121E0E5
:1026A0001798CDE90B65CDE90D401698CDE907984F
:1026B000CDE90970DDE913121598CDE9042A0391DB
:1026C0000690DDE91110CDE9001B02908EA22821B1
:1026D00022A8109B18F0A2FC102222A993A0FEF7BA
:1026E00052F88EE18021314814F01AFB0446012192
:1026F0002E4814F015FB054640212C4814F010FB21
:1027000006464FF40041124814F00AFB07464FF406
:102710008051874814F004FB80464FF480612348C1
:1027200014F0FEFA81464FF40061814814F0F8FA83
:102730004FF4006117901D4814F0F2FA82464FF4EE
:102740008061F7E0820200208302002084020020E2
:10275000000C0240000001406C00002024080040F2
:102760008800002070000020240400407400002035
:10277000240C0040780000209100002090000020F0
:10278000930000209200002031313131313131315C
:10279000313131313131313131313131313130312A
:1027A000313131313131313100000000000402405B
:1027B00000080240524F424F5420322044414E47BD
:1027C00020434841592053414E2058414E483A2019
:1027D00020200000524F424F5420322044414E47A7
:1027E00020434841592053414E20444F3A20202055
:1027F000000000008C000020494D553A0000000008
:10280000B800002054726F206368616E20547275A6
:102810006F633A2000000000BC00002054726F205B
:102820006368616E205361753A202000B00000207B
:1028300054726F20786F61792074617920000000F4
:10284000C000002054726F20646179207461792087
:1028500031200000C400002054726F206461792090
:102860007461792032200000A40000204C617A6558
:102870007220706861690000A00000204C617A65D8
:102880007220747261692000980000204C617A65A2
:1028900072207361750000009C0000204C617A6515
:1028A00072207472756F63200000000054020020D3
:1028B000636F756E745F646174615F7561727434A7
:1028C00020000000454E434F4445525F464C2000D7
:1028D000454E434F4445525F46522000B50200200A
:1028E0007461795F325F636F5F7175612000000012
:1028F000460700205175616E675F74726F5F32200A
:102900000000000000100240256425642564256451
:10291000256425642564256425642564256425646F
:10292000256425642564256400000000493A000000
:1029300000000240FE4814F0F3F983464FF4805142
:10294000FC4814F0EDF94FF400611690F84814F0CB
:10295000E7F94FF400511590F64814F0E1F94FF4FF
:1029600080411490F24814F0DBF94FF48041139049
:10297000F04814F0D5F94FF480711290EE4814F03D
:10298000CFF94FF400411190EA4814F0C9F9CDE9AC
:102990000B76CDE90D5410901798CDE907A0CDE93D
:1029A0000998DDE915211498CDE9051BCDE903024D
:1029B000DDE911121398CDE900120290AFF2B802CE
:1029C000282122A8109B18F029FB112222A9DBA0A4
:1029D000FDF7D9FE15E0DB4841891222DAA0FDF7A8
:1029E0007FFE0EE01322DC480168DCA0FDF778FED4
:1029F00007E01422DC480168AFF26010FDF770FEBA
:102A000000BF00BF2FB0BDE8F08F10B50121D7483F
:102A100014F0B6FF10BD01B5D54800680099884292
:102A200003DD0020D249086004E0D1480068401C62
:102A3000CF490860CE480068FFF723FD08BD01B507
:102A40009DF80000052801DA002008BD9DF800006F
:102A5000FBE730B504461D4624B9C6480078C64B8E
:102A6000D87011E0002C07DDE0B2FFF7E8FFC24BA1
:102A7000D8700020987007E06342D8B2FFF7DFFFFC
:102A8000BD4BD8700120987021B9BA480078BA4B74
:102A9000D87111E0002907DDC8B2FFF7D0FFB64BAF
:102AA000D8710120987107E04B42D8B2FFF7C7FFF9
:102AB000B14BD8710020987122B9AE480078AE4B66
:102AC000D87211E0002A07DDD0B2FFF7B8FFAA4B99
:102AD000D8720120987207E05342D8B2FFF7AFFFD7
:102AE000A54BD8720020987225B9A2480078A24B55
:102AF000D87311E0002D07DDE8B2FFF7A0FF9E4B71
:102B0000D8730120987307E06B42D8B2FFF797FFA4
:102B1000994BD8730020987330BD974AD070D0710C
:102B2000D072D07370479448C07803280DDA924869
:102B3000C079032809DA9048C07A032805DA8E485C
:102B4000C07B032801DA012070470020FCE7012048
:102B50008A49086070478A48006847F230518842C5
:102B600001D0012070470020FCE710B5FFF75BFCA7
:102B700010BD8448B0F9000040427047B5EEC00A6D
:102B8000F1EE10FA09D28048D0ED000A70EE600A2A
:102B9000FDEEE00A10EE900A70477B48D0ED000A87
:102BA00070EE200AFDEEE00A10EE900AF4E710B590
:102BB0002DED0A8B044624B99FED740ABDEC0A8BF7
:102BC00010BD002C25DA7248006818F0B2F841EC0C
:102BD000190B204618F0ADF841EC1C0B9FED6D0B66
:102BE00053EC102B17F0C4FF41EC1B0B9FED6B0B4C
:102BF00053EC102B17F0B6FF41EC1A0B53EC192BCA
:102C000018F028F841EC180B18F0B7F800EE100A8D
:102C1000D4E75F48006818F08CF841EC190B2046A7
:102C200018F087F841EC1C0B9FED5A0B53EC102B5E
:102C300017F09EFF41EC1B0B9FED580B53EC102B34
:102C400017F0EFFE41EC1A0B53EC192B18F002F8B9
:102C500041EC180B18F091F800EE100AAEE7F0EE18
:102C6000400AF5EEC00AF1EE10FA02DBB0EE600A9F
:102C70007047B1EE600AFBE70146002901DB084618
:102C800070474842FCE701464648D0ED000AF1EEA5
:102C9000600A4548D0ED001A80EEA11A00EE901AA5
:102CA000F8EEE01A3F48D0ED000A41EE210AB0EEFE
:102CB000600AFDEEC00A10EE900A7047B0EE402A9E
:102CC000DFED3A2AB0EE620AB5EEC02AF1EE10FA54
:102CD00003D2F1EE422AB0EE622AF5EEC00AF1EE1E
:102CE00010FA03D2F1EE602AF0EE620AB5EEC01AD5
:102CF000F1EE10FA03D2F1EE412AB0EE621AF5EECF
:102D0000C01AF1EE10FA03D2F1EE612AF0EE621A67
:102D1000B4EEC02AF1EE10FA01DDB0EE420AF4EE94
:102D2000C00AF1EE10FA01DDB0EE600A40E00000EA
:102D3000000C02400004024000000240696E323A7A
:102D400000000000460700205175616E675F7472D5
:102D50006F203A200000000064020020636F5F765D
:102D600061745F63616E20009C000020A0600240DF
:102D700084000020000300200400002064030020E1
:102D8000280300208C000020C0020020000000006A
:102D9000140300209A9999999999B93F33333333A1
:102DA0003333D33FF8020020FC0200206F12833A35
:102DB000B4EEC01AF1EE10FA01DDB0EE410AF4EE05
:102DC000C01AF1EE10FA01DDB0EE610A7047FE485C
:102DD00000687047FD480068704710B52DED028B04
:102DE000B0EE408AFA48006847F2305188420ED16E
:102DF0001FED1A0AF74880ED000AF74880ED000A37
:102E0000F64880ED000AF64880ED000A4AE0F548F1
:102E10000068F5490968401AED490968081A00EE8A
:102E2000100AB8EEC00AF0EE408AF048D0ED000A71
:102E300088EEA00AEE48D0ED000A30EE200AED48F8
:102E4000D0ED000A20EE200AF0EE408AB0EE680ACB
:102E500018F0CCF9F0EE000A20EE200ADD4880EDF3
:102E6000000AB0EE680A18F019F9F0EE000A20EE38
:102E7000200AD94880ED000AD64890ED000ADE48C5
:102E8000D0ED000A30EE200AD54880ED000AD24885
:102E900090ED000AD848D0ED000A30EE600ACF4825
:102EA00080ED000AB5EEC08AF1EE10FA73D0D34877
:102EB0000068052820D2DFE800F003203A546F00B4
:102EC000C74890ED000A30EE080A80ED000AC348BA
:102ED00090ED000A30EE480A80ED000ABE4890ED01
:102EE000000A30EE080A80ED000ABA4890ED000AA8
:102EF00030EE480A80ED000A68E0B84890ED000A1C
:102F000030EE480A80ED000AB34890ED000A30EE3A
:102F1000080A80ED000AAF4890ED000AB848D0EDED
:102F2000000A08EE600AAB4880ED000A4EE0AC48AB
:102F300090ED000A30EE080A80ED000AA64890EDF8
:102F4000000AAF48D0ED000A08EE200AA24880ED42
:102F5000000AA04890ED000A30EE480A80ED000A11
:102F600034E09F4890ED000A30EE080A80ED000A38
:102F70009A4890ED000AA248D0ED000A08EE600AD7
:102F8000964880ED000A934890ED000A30EE480A1A
:102F900080ED000A1AE01AE0914890ED000A984886
:102FA000D0ED000A08EE200A8D4880ED000A8B481B
:102FB00090ED000A30EE480A80ED000A864890ED58
:102FC000000A30EE080A80ED000A00BF00BF814809
:102FD000D0ED001A804890ED001A8048D0ED000A2C
:102FE0007F4890ED000AFFF769FE8648D0ED000AA1
:102FF000F8EEE00A80EE801ABDEEC10A824880ED4C
:10300000000A7148006880490968884203DD7E48EB
:1030100000686D49086001207C490860BDEC028BA6
:1030200010BD10B504460020794908607948046055
:10303000FCB90020644908601FEDAC0A6E4880EDC1
:10304000000A47F2305062490860734908601FED7A
:10305000B10A724880ED000A002068490860704992
:1030600008605A4908606F4908601FEDB80AFFF709
:10307000B4FE10BD10B5694890ED000AB5EEC00A67
:10308000F1EE10FA05D15D48006810B96448006897
:1030900090B11FEDC20A614880ED000A0020574937
:1030A00008605F4908604F4800684F4908605B4806
:1030B00090ED000AFFF791FE10BD5B48C0ED000ADD
:1030C0005A4880ED000A704770B52DED028B054619
:1030D0000C46B0EE408A3E480068A8420BD14C48EE
:1030E0000068A04207D1444890ED000AB4EE480AB7
:1030F000F1EE10FA18D0464804603348006810B961
:1031000005203149086037480068374908603A4867
:1031100080ED008A2E4805600020454908603F4840
:1031200090ED000AFFF759FEBDEC028B70BD70B543
:103130002DED028B0446B0EE408A0D4638480068FB
:10314000A0420BD1354890ED000AB4EE480AF1EEEA
:1031500010FA03D129480068A84272D01C480068C0
:1031600047F23051884225D11E202949086016486F
:10317000006810B90A201449086047F230508442B0
:1031800018DA012011490860B5EEC08AF1EE10FA94
:1031900003DD14480068A04208DCB5EEC08AF1EEF9
:1031A00010FA07D20F480068A04203DAB1EE480ACD
:1031B000B0EE408A1A48046010480560174880ED58
:1031C000008A00201A4936E0140300204003002042
:1031D00028030020600300205C0300205803002027
:1031E000540300204803002034030020D8020020AC
:1031F000E4020020080300203C030020100300200C
:10320000C8020020BC0200201C0300200C03002088
:1032100018030020200300202C0300203803002086
:103220003003002064030020F8020020FC0200208C
:103230002403002005E00860FE4890ED000AFFF737
:10324000CCFDBDEC028B70BD10B52DED028BB0EE48
:10325000408A04462146B0EE480A47F23050FFF754
:1032600066FFBDEC028B10BD70B504460D469FEDA8
:10327000F20A29462046FFF727FF70BD70B52DEDF5
:10328000088BF0EE408A0446B0EE608AB0EE419AB8
:10329000EA4890ED000AB8EEC00AB4EE680AF1EE12
:1032A00010FA0DD1E6480068A04209D1E54890ED3A
:1032B000000AB8EEC00AB4EE480AF1EE10FA5ED089
:1032C000BDEEE80ADD4880ED000ADF4991ED000A15
:1032D000B8EEC00A38EEC00ABDEEC00A10EE100A01
:1032E0009FEDD50A2146FFF7EFFED74890ED000A83
:1032F000B8EEC00A38EE400ABDEEC00A10EE105A11
:10330000002D01DB284600E06842642814DDCE4829
:1033100090ED000AB8EEC00AB4EEC08AF1EE10FAE1
:1033200002DDB0EE490A01E0B1EE490A10EE101AD2
:10333000084617F00FFD13E0C34890ED000AB8EE01
:10334000C00A38EE400A10EE101A084617F002FDC7
:1033500041EC1B0B9FEDBD0B53EC102B17F008FC41
:1033600041EC1A0B17F009FD09EE900A0021B0EEAE
:10337000690AFDEEC80A10EE900AFFF7D8FEBDEC10
:10338000088B70BD10B5B348006801283DDDAD491C
:103390000968AD4A1268881AFFF76EFC06280CDA35
:1033A000AC4801680068401CAA4A1060B1F5FA7F79
:1033B0002BDD0020FFF735FE10BDA6480068FA2877
:1033C00008DD05209E490860A3490860FB20A1494B
:1033D000086004E005209A4908609F4908609A48FF
:1033E000006898490968884205DDBFEE000A9148E7
:1033F00080ED000A04E0B7EE000A8E4880ED000A76
:103400008C4890ED000AFFF7E8FC00BFD4E710B548
:103410002DED028B914890ED000AB5EEC00AF1EE59
:1034200010FA08D18C48006828B18648006847F235
:103430003051884202DBBDEC028B10BD7D4890ED1F
:10344000000AB5EEC00AF1EE10FA7CD0844800689C
:1034500047F23051884277D1764890ED000AB5EEB8
:10346000C00AF1EE10FA08DD764800687D49096867
:10347000401A75490968884210DB6E4890ED000AD1
:10348000B5EEC00AF1EE10FA7ED26E4800687549BA
:10349000096808446C490968884275DD6D48006810
:1034A00003285CDA67490968674A1268881AFFF7D7
:1034B000E3FB0A2816DA634800686B4908600020BD
:1034C000654908605E4908609FED5B0A594880EDD8
:1034D000000A02205F490860564890ED000AFFF795
:1034E0007CFCA8E75748006857490968884237DDDF
:1034F000594890ED000AB8EEC00A4E48D0ED000AD7
:1035000060EE200A574890ED000AB8EEC00AC0EEFF
:10351000801AB0EE611AB0EE410AFFF7A0FB4949EC
:103520000968494A1268881AFFF7A6FB00EE900A5C
:10353000B8EEE01A4D48D0ED000A40EE010A4648C8
:1035400090ED000A01E0CCE047E0B8EEC00A80EE62
:10355000801AB0EE418AB0EE480AFFF73EFCBFE0A9
:103560003D4890ED000AB8EEC00A3248D0ED000A9E
:1035700060EE200A3B4890ED000AB8EEC00AC0EEAB
:10358000801AB0EE611A00E021E0B0EE410AFFF7C8
:1035900066FB2C4909682C4A1268881AFFF76CFBF5
:1035A00000EE900AB8EEE01A3048D0ED000A50EE76
:1035B000410A294890ED000AB8EEC00A80EE801A50
:1035C000B0EE418AB0EE480AFFF707FC88E01948E0
:1035D00090ED000AFFF701FC82E0164890ED000A2A
:1035E000B5EEC00AF1EE10FA1FDD164890ED000AA4
:1035F000B8EEC00A1848D0ED000AF8EEE00A0D480F
:1036000090ED001A00EEC10A1948D0ED000AF8EE5C
:10361000E00A70EE600A0C4890ED000AB8EEC00AAD
:10362000F4EEC00AF1EE10FA49D3024890ED000A18
:1036300020E0000038030020000000002C030020E0
:103640001803002030030020480300207B14AE47FD
:10365000E17A743F40030020140300203C03002063
:1036600028030020F402002044030020D40200209C
:10367000F0020020B5EEC00AF1EE10FA2BD2FE489F
:1036800090ED000AB8EEC00AFC48D0ED000AF8EE52
:10369000E00AFB4890ED001A00EEC10AF948D0EDAF
:1036A000000AF8EEE00A70EE200AF74890ED000AF2
:1036B000B8EEC00AF4EEC00AF1EE10FA0BDDEE49E6
:1036C0000968F14A1268881AFFF771FAB0EE408A69
:1036D000FFF783FB04E0EA4890ED000AFFF77DFB6B
:1036E000A9E6EA490968E84A1268881AFFF75FFA0A
:1036F000B0EE408AFFF771FB00BF9CE600B5E448DE
:103700000068022815DA1FED340AE24880ED000A4D
:103710001FED370ADA4880ED000A0020DE49086014
:1037200047F23050DD490860DD4908600020D24989
:103730000860DC480068401CDA490860DA4909681A
:10374000884204DAD9480068FFF7E7F90EE0D64866
:103750000068D4490860D648006820B1D3480068A2
:10376000FFF7DBF902E00020FFF7D7F900BDCD4AF3
:103770001268521CCB4B1A60824207DDBF4A1268A6
:103780000A44BE4B1A600022C64B1A6070472DE9EE
:10379000F041FFF7EEF9BC490860FFF7F3FDC548BB
:1037A0000068002821DDB5480068C24909688842E0
:1037B0002AD0B2480068BF49096888420EDAAF488B
:1037C0000068BD49096888421EDAAC480068FFF706
:1037D0005AFA04460121FFF7CAFF15E04FF0FF3106
:1037E000B6480068FFF7C3FF0EE0A4480068002851
:1037F00006DD4FF0FF31B2480068FFF7B8FF03E085
:10380000FFF77CFFBDE8F081AE4800689E4909687B
:10381000884205D0FFF7FBFD9B480068A949086076
:10382000A9480068F0B39548D0ED000AF8EEE00A28
:10383000A64890ED001A60EE810AB0EE600AFFF72C
:103840009DF904468D48D0ED000AF8EEE00AA04844
:1038500090ED001A60EE810AB0EE600AFFF78EF973
:1038600005468648D0ED000AF8EEE00A994890ED4A
:10387000001A60EE810AB0EE600AFFF77FF9064693
:103880007E48D0ED000AF8EEE00A934890ED001A69
:1038900060EE810AB0EE600AFFF770F90746234632
:1038A0002A4600E002E03146FFF7D3F800BFA9E75F
:1038B0008A4801680068401C884A1060462907D27F
:1038C0008748408B874909680844864908600BE0AF
:1038D000844800684621B0FBF1F08349086000206D
:1038E0007E4908607F490860804801680068401C84
:1038F0007E4A1060462907D27948008B7C490968C6
:1039000008447B4908600BE0794800684621B0FB19
:10391000F1F0784908600020744908607449086033
:10392000754801680068401C734A1060462907D238
:103930006B48808A714909680844704908600BE047
:103940006E4800684621B0FBF1F06D490860002028
:1039500069490860694908606A4801680068401C54
:10396000684A1060462907D25D48C08A66490968DE
:103970000844654908600BE0634800684621B0FBD5
:10398000F1F06249086000205E4908605E49086005
:103990005F4801680068401C5D4A1060322907D208
:1039A0004F4840895B49096808445A4908600BE060
:1039B000584800683221B0FBF1F0574908600020F8
:1039C0005349086053490860544801680068401C26
:1039D000524A1060322907D24148C08850490968CC
:1039E00008444F4908600BE04D4800683221B0FBA5
:1039F000F1F04C49086000204849086048490860D7
:103A0000494801680068401C474A1060322907D2C3
:103A100033488088454909680844444908600BE0F8
:103A2000424800683221B0FBF1F0414908600020B3
:103A30003D4908603D4908603E4801680068401CF7
:103A40003C4A1060462907D2254800893A4909684E
:103A50000844394908600BE0374800684621B0FB4C
:103A6000F1F03649086000203249086032490860A8
:103A700033480168006865E030030020140300202B
:103A800038030020F0020020480300203403002007
:103A9000400300203C0300201003002028030020E6
:103AA0002C03002024030020040300200003002036
:103AB00064030020180300201C0300205003002092
:103AC000200300204C0300200C0300206003002092
:103AD0005C030020580300205403002070040020E1
:103AE000460700207404002098000020780400207D
:103AF0007C0400209C00002080040020840400201E
:103B0000A4000020880400208C040020A0000020D5
:103B10009004002094040020A8000020A8040020A5
:103B2000AC040020BC000020B0040020B40400203D
:103B3000B8000020B8040020BC040020B000002021
:103B4000D0040020401CFE4A1060462907D2FD48E0
:103B50000088FD4909680844FB4908600BE0FA4801
:103B600000684621B0FBF1F0F84908600020F449F4
:103B70000860F5490860F64801680068401CF44A8E
:103B80001060462907D2EF484088F2490968084486
:103B9000F04908600BE0EF4800684621B0FBF1F007
:103BA000ED4908600020EA490860EA49086070476A
:103BB000EA480068EA490968884203DAE848006888
:103BC000E6490860E5480068E6490968884203DD7F
:103BD000E4480068E1490860E3490968DF4A12687F
:103BE000881A002801DB014600E04142022930DD4D
:103BF000DD480068D9490968884203DD0120DB49B6
:103C0000887502E00020D9498875D7490968D34AE8
:103C10001268881A002801DB014600E0414201EBEE
:103C20004101D34A116010460068D24909688842B0
:103C300003DDD048006811460860CD4800681E28A2
:103C400002DA1E20CA490860C9480078C749C87509
:103C500002E00020C549C8757047C7480068C749D9
:103C60000968884203DAC5480068C3490860C24849
:103C70000068C3490968884203DDC1480068BE493D
:103C80000860C0490968BC4A1268881A002801DB2C
:103C9000014600E04142022930DDBA480068B649D9
:103CA0000968884203DD0020B049887402E00120E1
:103CB000AE498874B3490968AF4A1268881A002867
:103CC00001DB014600E0414201EB4101A84A1160DD
:103CD00010460068AC490968884203DDAA480068BC
:103CE00011460860A2480068142802DA1420A0498E
:103CF00008609F4800789D49C87402E000209B49F5
:103D0000C8747047A1480068A1490968884203DA6D
:103D10009F4800689D4908609C4800689D49096863
:103D2000884203DD9B480068984908608749096814
:103D3000964A1268881A002801DB014600E04142D9
:103D4000042931DD8148006890490968884203DD13
:103D500000208649887602E00120844988767B49E4
:103D600009688A4A1268881A002801DB014600E0C7
:103D7000414201EB810189007D4A116010460068D3
:103D800085490968884203DD834800681146086058
:103D900077480068642802DA64207549086074482E
:103DA00000787249C87602E000207049C8767047F2
:103DB0007A4800687A490968884203DA78480068D6
:103DC000764908607548006876490968884203DDCD
:103DD00074480068714908605F4909686F4A126851
:103DE000881A002801DB014600E04142042934DD45
:103DF0005948006869490968884204DD00205B4928
:103E000081F82A0003E00120584981F82A0052492C
:103E10000968624A1268881A002801DB014600E03E
:103E2000414201EB81018900514A1160104600684E
:103E30005D490968884203DD5B48006811460860F7
:103E40004B480068C82802DAC82049490860484839
:103E50000078464981F82B0003E00020434981F8AF
:103E60002B00704710B551480068514909688842D5
:103E700003DA4F4800684D4908604C4800684D49D6
:103E80000968884203DD4B480068484908604A4B8E
:103E90001B68464C24681A1B002A01DB134600E00D
:103EA0005342022B4ADD294B1B68444C2468191BE2
:103EB000002901DB0B4600E04B42142B3EDA264B77
:103EC0001B683F4C2468181B002801DB034600E0F8
:103ED0004342142B7BDA3848006834490968884229
:103EE00004DD0120214981F8260003E000201F495C
:103EF00081F82600304909682C4A1268881A00287F
:103F000001DB014600E04142194A11601046006899
:103F10002C490968884203DD2A4800681146086078
:103F200013480068322802DA32201149086010482C
:103F300000780E4981F82700002045E047E00000A6
:103F4000D004002046070020D4040020C000002038
:103F5000D8040020DC040020C4000020D803002086
:103F6000D0030020D4030020B8000020040000206B
:103F70003804002010040020E4030020DC030020AB
:103F8000E0030020BC0000200C040020FC03002003
:103F9000F4030020F8030020180400200804002087
:103FA00000040020040400201C040020F003002072
:103FB000E8030020EC030020B0000020BC0100203A
:103FC000C001002014040020FD49086006E0002024
:103FD000FC4981F827000120F949086010BD25201F
:103FE000F94908604420F949086070473A20F649C9
:103FF00008605820F549086070474320F24908607E
:104000006420F249086070476E20EF490860A020E4
:10401000EE490860704700B50246FFF7F5FFEC482F
:104020000260EC48026000BD00B50246FFF7DEFF0B
:10403000E7480260E748026000BD00B50246FFF7AE
:10404000DCFFE3480260E348026000BD10B5FA20DF
:10405000E1490860E1480068E1490860FA20E14967
:104060000860E1480068E14908600020E049086014
:1040700035E006E0012016F053F8FCF7C6FC00B965
:1040800027E0D64A1268DB4B1B68D21A032392FB47
:10409000F3F3D94A1268D24C2468111B002901DBC2
:1040A0000A4600E04A429342E4DBCF4A1268D34B0F
:1040B0001B68D21A032392FBF3F3D14A1268CB4C4C
:1040C0002468101B002801DB024600E042429342B4
:1040D000D0DB00BFC6480068401CC5490860C44822
:1040E00000683228C5DB10BD10B50120C549086045
:1040F000C548006890BBC548006878BBC4480068E4
:1041000060BBC448006848BBB6EE001ADFEDC20AC7
:1041100005209FEDC20AFFF7B1F80020B4490860FE
:1041200014E006E0012015F0FBFFFCF76EFC00B97F
:1041300006E04FF48051BA4812F0F2FD0028F1D0A9
:1041400000BFAB480068401CA9490860A848006847
:104150009628E6DB0020FEF764FFA6E0FFE7AA480A
:104160000068012833D1A948006878BBA8480068D6
:1041700060BBA848006848BBB6EE001ADFEDA60A8F
:1041800005209FEDA60AFFF779F8002098490860FE
:1041900014E006E0012015F0C3FFFCF736FC00B97F
:1041A00006E04FF480519E4812F0BAFD0028F1D08D
:1041B00000BF8F480068401C8D4908608C4800682B
:1041C0009628E6DB0020FEF72CFF6EE0FFE78E4826
:1041D0000068012832D18D48006801282ED18C4812
:1041E000006858BB8B48006840BBB6EE001ADFED94
:1041F0008A0A05209FED8B0AFFF740F800207C49D2
:10420000086013E006E0012015F08AFFFCF7FDFBD3
:1042100000B905E00421844812F082FD0028F2D0A4
:1042200000BF73480068401C71490860704800680E
:104230009628E7DB0020FEF7F4FE36E072480068BF
:10424000012832D17148006801282ED170480068D9
:1042500001282AD16F48006838BBB6EE001ADFED9E
:104260006E0A05209FED6F0AFFF708F800206049ED
:10427000086013E006E0012015F052FFFCF7C5FBD3
:1042800000B905E00421684812F04AFD0028F2D088
:1042900000BF57480068401C5549086054480068F2
:1042A0009628E7DB0020FEF7BCFE10BD56480068EC
:1042B000B0B95648006898B95548006880B9554863
:1042C000006868B96420594908605948006859492C
:1042D00008603C48C07F40F004003A49C87752E08B
:1042E00049480068012816D14848006898B94848EC
:1042F000006880B94748006868B964204B49086085
:104300004D4800684B4908602E48C07F40F00800C7
:104310002C49C87737E03C480068012817D13B4852
:104320000068012813D13A48006880B9394800680C
:1043300068B964203D490860404800683D4908600C
:104340002048C07F40F040001E49C8771BE02E483F
:104350000068012817D12D480068012813D12C4886
:10436000006801280FD12B48006860B964202F49EC
:104370000860334800682F4908601248C07F40F049
:1043800010001049C87770471F480068B0B91F482F
:10439000006898B91E48006880B91E48006868B96E
:1043A00064202249086027480068224908600548BF
:1043B000C07F40F004000349C87798E044E0000063
:1043C000CC030020040000200C0400201004002076
:1043D000D8030020E403002018040020BC010020C2
:1043E000FC0300201C040020C00100200804002061
:1043F00094030020F4030020C000002000040020EB
:10440000C4000020A0020020880200208C020020AE
:10441000900200209402002000006144000000008F
:10442000000002400000E14400100240140400209B
:1044300080010020F003002084010020880100207A
:104440008C01002098010020F7480068012816D14F
:10445000F648006898B9F648006880B9F5480068E1
:1044600068B96420F4490860F4480068F4490860B9
:10447000F448C07F40F00800F249C87737E0EA48C6
:104480000068012817D1E9480068012813D1E848DD
:10449000006880B9E748006868B96420E6490860A8
:1044A000E9480068E6490860E648C07F40F04000FF
:1044B000E449C8771BE0DC480068012817D1DB48D5
:1044C0000068012813D1DA48006801280FD1D948C3
:1044D000006860B96420D8490860DC480068D849A1
:1044E0000860D848C07F40F01000D649C8777047B0
:1044F000CD48006878B9CD48006860B9CC480068FC
:1045000048B9CC48006830B9CE48C07F40F00400BC
:10451000CC49C87754E0C4480068012816D1C34884
:10452000006898B9C248006880B9C248006868B994
:104530006420C1490860C6480068C1490860C14894
:10454000C07F40F00800BF49C87739E0B64800682E
:10455000012818D1B5480068012814D1B448006872
:1045600088B9B448006870B96420B3490860B84895
:104570000068401FB2490860B248C07F40F0400068
:10458000B049C8771CE0A8480068012818D1A7489E
:104590000068012814D1A6480068012810D1A54858
:1045A000006868B96420A4490860AA48006808380F
:1045B000A3490860A348C07F40F01000A149C87714
:1045C00070472DE9F04105460E46FFF71DFDA24854
:1045D0000068FA30A1490860A1480068F030A1499C
:1045E0000860002415E006E0012015F099FDFCF7B5
:1045F0000CFA00B90BE09C4909689A4A1268881ABB
:10460000002801DB014600E041420F29ECDC00BF3D
:10461000641C322CE7DB9FED951A00EE106AF8EE71
:10462000C00A0C2000EE105AB8EEC00AFEF726FEB3
:10463000002416E006E0012015F072FDFCF7E5F914
:1046400000B90CE04FF48071894812F069FB012831
:10465000F1D08021874812F063FB0028EBD000BF27
:10466000641C40F21A408442E4DB0020FEF7D9FCCF
:104670007820814908607A480068C01E794908603E
:10468000002415E006E0012015F04AFDFCF7BDF915
:1046900000B90BE074490968724A1268881A002848
:1046A00001DB014600E041420729ECDC00BF641C4D
:1046B000322CE7DB4FF42F7015F032FD9FED6F1AAF
:1046C00000EE106AF8EEC00A0F2000EE105AB8EEA5
:1046D000C00AFEF7D3FD40F2A46015F021FD0024CE
:1046E00016E006E0012015F01BFDFCF78EF900B97D
:1046F0000CE001215F4812F013FB0128F2D04FF4C7
:1047000000615B4812F00CFB0128EBD000BF641C79
:1047100040F21A408442E4DBB42057490860504814
:1047200000681C304F4908609FED541A00EE106A73
:10473000F8EEC00A122000EE105AB8EEC00AFEF7DA
:104740009DFD00240FE006E0022015F0E9FCFCF7D7
:104750005CF900B905E00121494812F0E1FA0128AD
:10476000F2D000BF641C40F226208442EBDB4548B7
:104770000068012802D1FFF7BBFE0CE04248006848
:10478000012802D1FFF700FE05E04048006801283B
:1047900001D1FFF78BFD9FED391A00EE106AF8EE9C
:1047A000C00A0F2000EE105AB8EEC00AFEF766FDF0
:1047B000002410E006E0012015F0B2FCFCF725F91A
:1047C00000B906E04FF400512D4812F0A9FA012873
:1047D000F1D000BF641CB4F57A7FEBDB0020FEF75C
:1047E00020FC32202A4908601B480068C01C1B4975
:1047F00008604FF47A7015F093FC96202449086005
:1048000000244EE006E0012015F08AFCFCF7FDF8DC
:1048100000B944E01F490968104A1268881A002844
:104820003ADB014639E00000880200208C020020BB
:104830009002002094020020140400209C0100201B
:10484000F003002004000020A0010020A4010020AB
:104850007C01002078010020D0030020D803002034
:10486000DC030020E4030020BC000020CDCCCCBE43
:1048700000000240000402400C0400209A9999BEF6
:1048800000100240E8000020EC000020F0000020B2
:1048900010040020B800002041420729B3DC00BF0B
:1048A000641CFA2CAEDB4FF47A7015F039FC1FED66
:1048B000111A00EE106AF8EEC00A0C2000EE105A31
:1048C000B8EEC00AFEF7DAFC00240FE006E0012093
:1048D00015F026FCFCF799F800B905E00121F6482F
:1048E00012F01EFA0128F2D000BF641CFA2CEDDB96
:1048F000FDF775FD06E0052015F012FCFCF785F8C4
:1049000000B914E0FCF7B7F88046FCF787F8071EFB
:1049100001DB384600E07842B8F1000F01DB414688
:1049200001E0C8F100010844B0F5C87FE3DB00BF37
:10493000FFF76AFB4FF48270E0490860E0490860C5
:104940001FED361A00EE106AF8EEC00A0C2000EED9
:10495000105AB8EEC00AFEF791FC00240FE006E002
:10496000012015F0DDFBFCF750F800B905E010213F
:10497000D44812F0D5F90128F2D000BF641C642C91
:10498000EDDB0020FEF74DFBBDE8F08110B50246DF
:10499000101E01DB044600E044422146192900DDD7
:1049A0001921062901DA042010BDC1EBC100400025
:1049B000484340F2712490FBF4F0031D1846F3E7DE
:1049C0002DE9F04104460D460020BF4908603BE058
:1049D0002AE0BE480068071B3846FFF7D7FF0646A7
:1049E000BA480068001B002809DD9FEDB91ADFED09
:1049F000B90A30469FEDB80AFEF740FC10E0B34814
:104A00000068001B09D59FEDB21ADFEDB20A3046EF
:104A10009FEDB20AFEF732FC02E00020FEF701FB38
:104A2000FBF7F3FF00B909E0A8490968081B002853
:104A300001DB014600E041420129CADC00BFA24877
:104A40000068401CA04908609F480068A842BFDB7E
:104A5000BDE8F08170B5A2480468A24805684FF42B
:104A600061714842FFF7ADFDFFF7CEFA9E4800683E
:104A7000FA30924908609D480068F030904908601B
:104A80009FED9B1ADFED930A08209FED9A0AFEF72F
:104A9000F5FB00208C4908601AE006E0FBF7B5FF43
:104AA00000B90FE0012015F03BFB4FF480719248F4
:104AB00012F036F90128F1D080217F4812F030F948
:104AC0000028EBD000BF80480068401C7E49086089
:104AD0007D48006840F20E618842DEDB4FF4FA60E8
:104AE00015F01EFB85480068012803D140F23520EF
:104AF000FFF791FA0020FEF794FA80480068012839
:104B000022D17F4908607F480068F0B97E4800687C
:104B1000D8B97E480068C0B97D480068A8B99FED43
:104B2000741ADFED6C0A05209FED720AFEF7A6FBF2
:104B30004FF4FA6015F0F4FA4FF47A712046FFF75B
:104B40003FFF0020FEF76DFA6AE06E48006801281A
:104B50001ED16D480068D8B96C480068C0B96C486F
:104B60000068A8B99FED621ADFED5A0A05209FED93
:104B7000610AFEF783FB4FF4FA6015F0D1FA4FF4A7
:104B80007A712046FFF71CFF0020FEF74AFA47E043
:104B90005C48006801281FD15B48006801281BD1D0
:104BA0005A480068C0B95A480068A8B99FED501A21
:104BB000DFED480A05209FED4F0AFEF75FFB4FF43B
:104BC000FA6015F0ADFA4FF47A712846FFF7F8FE57
:104BD0000020FEF726FA23E04A48006801281FD18A
:104BE0004948006801281BD148480068012817D1AE
:104BF00047480068A0B99FED3E1ADFED360A052050
:104C00009FED3C0AFEF73AFB4FF4FA6015F088FA84
:104C10004FF47A712846FFF7D3FE0020FEF701FA21
:104C20000020FEF7FEF970BD10B536480068002878
:104C300041D13548006800283DD13448006800283B
:104C40007FD13348006800287BD11F49086019E0F4
:104C500006E0012015F064FAFBF7D7FE00B90BE07F
:104C60002C490968164A1268881A002801DB014697
:104C700000E041420A29ECDC00BF13480068401CF8
:104C80001149086010480068FA28E1DBB6EE001A06
:104C9000DFED100A05209FED110AFEF7EFFA002064
:104CA0000949086045E038E0012015F039FAFBF7C2
:104CB000ACFE88BB37E044E000040240D80300208B
:104CC000E40300200010024094030020A000002014
:104CD0006666663F00006144000000000000E14499
:104CE000B0010020B4010020D0030020DC0300202C
:104CF0003333333F000061C400000240E80000206D
:104D0000A0020020880200208C02002090020020D7
:104D100094020020BC000020FFE70421F74811F0B6
:104D2000FFFF0028C0D000BFF5480068401CF449D0
:104D30000860F34800689628B5DB0020FEF771F99B
:104D40007BE0F0480068012877D1EF480068002830
:104D500073D1EB49086019E006E0012015F0E0F995
:104D6000FBF753FE00B90BE0E8490968E84A12680E
:104D7000881A002801DB014600E041420A29ECDCE8
:104D800000BFDF480068401CDD490860DC4800685F
:104D9000FA28E1DBB6EE001A5FED320A05201FEDBE
:104DA0002B0AFEF76BFA0020D549086014E006E0F4
:104DB000FBF72BFE00B909E0012015F0B1F94FF423
:104DC0008071D44811F0ACFF0028F1D000BFCC486E
:104DD0000068401CCA490860C948006840F20E617A
:104DE0008842E4DB0020FEF71CF9B6EE001A5FED06
:104DF000470A05201FED470AFEF740FA0020C04988
:104E0000086013E006E0012015F08AF9FBF7FDFDCC
:104E100000B905E00421B94811F082FF0028F2D062
:104E200000BFB7480068401CB5490860B448006836
:104E30009628E7DB0020FEF7F4F810BD00B5FFF779
:104E4000DCF8FF20B4490860B149086000BD10B526
:104E5000AC480068002865D1B0480068002861D1DE
:104E6000AF48006800285DD1AE480068002859D1DD
:104E7000F020AD490860AD480068AD490860AD4814
:104E8000C07F40F00400AB49C877FFF7D7FF002090
:104E90009B49086019E006E0012015F041F9FBF795
:104EA000B4FD00B90BE099490968994A1268881A5B
:104EB000002801DB014600E041420A29ECDC00BF8A
:104EC0008F480068401C8E4908608D480068FA28A9
:104ED000E1DBB6EE001A5FED810A05201FED820AC4
:104EE000FEF7CCF900208649086013E006E00120B7
:104EF00015F016F9FBF789FD00B905E001218E4890
:104F000011F00EFF0028F2D000BF7D480068401C61
:104F10007B4908607A4800689628E7DB0020FEF7A6
:104F200080F886E0774800680128FAD17648006862
:104F300000287ED1F0207C490860804800687C49C8
:104F400008607C48C07F40F010007A49C877FFF7BE
:104F500075FF00206A49086019E006E0012015F09D
:104F6000DFF8FBF752FD00B90BE068490968684AB1
:104F70001268881A002801DB014600E041420A2934
:104F8000ECDC00BF5E480068401C5D4908605C487E
:104F90000068FA28E1DBB6EE001A5FEDB20A0520E0
:104FA0001FEDAC0AFEF76AF900205549086014E0CD
:104FB00006E0012015F0B4F8FBF727FD00B906E084
:104FC0004FF48071534811F0ABFE0028F1D000BFC0
:104FD0004B480068401C4A490860494800689628C8
:104FE000E6DBB6EE001A5FEDC50A05201FEDC60A26
:104FF000FEF744F900204249086013E006E0012072
:1050000015F08EF8FBF701FD00B905E001214A48D3
:1050100011F086FE0028F2D000BF39480068401C1D
:1050200037490860364800689628E7DB0020FDF71E
:10503000F8FF43480068012838D1FFF759FAB6EE67
:10504000001A5FEDDC0A08201FEDD60AFEF716F9FC
:1050500000202B4908601AE006E0FBF7D6FC00B9F7
:105060000FE0012015F05CF84021334811F058FEA4
:105070000028F2D04FF48071264811F051FE00282C
:10508000EBD000BF1E480068401C1D4908601C484A
:10509000006840F20E618842DEDB0020FDF7C1FFB0
:1050A0004FF47A7015F03CF8FFF71EF810BD10B5FC
:1050B00014480068002870D1184800680028FAD108
:1050C000174800680028F6D1164800680028F2D179
:1050D000C820154908601B48006815490860FFF79B
:1050E000ADFE00200649086040E02DE0012015F0EB
:1050F00017F8FBF78AFC00B932E025E00010024007
:10510000940300208802002098020020BC000020A8
:10511000E403002000000240D80300208C0200209D
:10512000900200209402002014040020900100202E
:10513000F00300200400002000040240940100203D
:10514000E8000020A8010020FC490968FC4A126818
:10515000881A002801DB014600E041420A29C5DC2B
:1051600000BFF8480068401CF6490860F548006830
:10517000FA28BADBB6EE001ADFEDF30A05209FED40
:10518000F30AFEF77BF8F248C07F40F00400F049D4
:10519000C8770020EB49086015E047E006E0FBF720
:1051A00034FC00B909E0012014F0BAFF4FF480711B
:1051B000E84811F0B5FD0028F1D000BFE1480068D3
:1051C000401CE0490860DF48006840F20E618842F8
:1051D000E4DB0020FDF725FFB6EE001ADFEDDA0A6A
:1051E00005209FEDDD0AFEF749F80020D54908604B
:1051F00014E006E0012014F093FFFBF706FC00B971
:1052000006E04FF40061D34811F08AFD0028F1D088
:1052100000BFCC480068401CCA490860C948006803
:105220009628E6DB0020FDF7FCFE61E0CB48006835
:1052300001285DD1CA480068002859D1F020C94929
:105240000860C9480068C9490860C148C07F40F08B
:105250001000BF49C877FFF7F1FD0020B949086089
:1052600019E006E0012014F05BFFFBF7CEFB00B96C
:105270000BE0B2490968B24A1268881A002801DBBB
:10528000014600E041420A29ECDC00BFAD4800685D
:10529000401CAC490860AB480068FA28E1DBB6EE78
:1052A000001ADFEDA90A05209FEDAB0AFDF7E6FF26
:1052B0000020A449086014E006E0012014F030FF4B
:1052C000FBF7A3FB00B906E04FF40061A14811F021
:1052D00027FD0028F1D000BF9A480068401C99497A
:1052E0000860984800689628E6DB0020FDF799FEE4
:1052F0009F480068012838D1FFF7FAF8B6EE001A87
:10530000DFED910A08209FED910AFDF7B7FF00201D
:105310008C4908601AE006E0FBF777FB00B90FE064
:10532000012014F0FDFE4021924811F0F9FC002804
:10533000F2D04FF48071874811F0F2FC0028EBD0D6
:1053400000BF80480068401C7E4908607D480068B6
:1053500040F20E618842DEDB0020FDF762FE4FF472
:105360007A7014F0DDFEFEF7BFFE10BD10B54FF4ED
:1053700061714842FFF725F940F20910FEF74BFE34
:105380007B48006800283CD17B480068C0BB7B4854
:105390000068A8BB9FED7A1ADFED6B0A0A209FED2B
:1053A0006B0AFDF76BFF0020664908601AE006E013
:1053B000FBF72BFB00B90FE0012014F0B1FE4021F8
:1053C0006C4811F0ADFC0028F2D04FF480716148B8
:1053D00011F0A6FC0028EBD000BF5A480068401C22
:1053E000584908605748006840F20E618842DEDB89
:1053F0000020FDF716FE4FF47A7014F091FE49E09C
:10540000FFE75B480068012837D19FED5E1ADFEDAA
:105410004E0A08209FED4D0AFDF730FF0020494954
:1054200008601AE006E0FBF7F0FA00B90FE001208F
:1054300014F076FE40214F4811F072FC0028F2D0A3
:105440004FF48071434811F06BFC0028EBD000BF93
:105450003C480068401C3B4908603A48006840F2FC
:105460000E618842DEDB0020FDF7DBFD4FF47A7031
:1054700014F056FEFEF738FE0CE03F4800680128A5
:1054800002D1FFF714FE05E03C480068012801D175
:10549000FFF7DDFC10BD2DE9F05F82460D46144696
:1054A0001E46DDE90B9BDDF8288037490968881B1B
:1054B000002801DB014600E0414201FB0BF74F45AC
:1054C00000DD4F4630480068801B404510DAE81B7D
:1054D00000EE900AF8EEE00AB0EE600A9FED2B1A9B
:1054E00000EE904AF8EEE00A5046FDF7C7FE22E0D3
:1054F00025480068801B404510DDE81900EE900A41
:10550000F8EEE00AB0EE600A9FED201A00EE904A35
:10551000F8EEE00A5046FDF7B1FE0CE09FED1B1AD5
:1055200000EE104AF8EEC00A504600EE105AB8EEEF
:10553000C00AFDF7A3FEBDE8F09F0000BC000020FC
:10554000E40300209403002000006144000061C4D3
:1055500004000020000002400000E1448802002016
:105560009802002014040020AC010020F003002069
:10557000E800002000040240EC000020F0000020C1
:10558000CDCC4C3F3333333FA00000209A99993E55
:105590003EB59A244FF461714842FFF712F800209B
:1055A000FD4908601CE011E0322040F22621022271
:1055B0002346CDE900210290F84AF8491439072022
:1055C000FFF769FFFBF721FA00B903E0F448006830
:1055D0001928E9DC00BFF0480068401CEE4908606B
:1055E000ED480068B0F57A7FDDDB0020EA4908600D
:1055F0001CE011E0322040F2262102222346CDE9B0
:1056000000210290E54AE54914390720FFF743FFDE
:10561000FBF7FBF900B903E0E24800689428E9DCF5
:1056200000BFDD480068401CDB490860DA480068BC
:10563000B0F57A7FDDDB0020FDF7F3FCFEF7E4FC3C
:105640004FF49670D8490860D84908603EBD2DE9EE
:10565000F04105460E460120D54908600020D54995
:1056600081F82B00FEF7D0FCD34800680838CE49FB
:105670000860D24800680838CC490860002415E06A
:1056800006E0012014F04CFDFBF7BFF900B90BE078
:10569000CB490968C54A1268881A002801DB01460F
:1056A00000E041420A29ECDC00BF641CFA2CE7DB75
:1056B0000020FDF7B6FC9FEDC31A00EE106AF8EE6D
:1056C000C00A0C2000EE105AB8EEC00AFDF7D6FD55
:1056D00000241CE006E0012014F022FDFBF795F900
:1056E00000B912E04FF48071B74811F019FB01289E
:1056F000F1D04021B54811F013FB0128EBD08021F7
:10570000B24811F00DFB0028E5D000BF641C40F248
:1057100026208442DEDBFCF762FE06E0052014F062
:10572000FFFCFBF772F900B914E0FBF7A4F980461F
:10573000FBF774F9071E01DB384600E07842B8F148
:10574000000F01DB414601E0C8F100010844B0F55B
:10575000967FE3DB00BF0020FDF763FC78209C49C7
:1057600008609C480068C01E90490860002415E04D
:1057700006E0052014F0D4FCFBF747F900B90BE074
:105780008F490968894A1268881A002801DB014696
:1057900000E041420A29ECDC00BF641C322CE7DB4C
:1057A00040F6B83014F0BCFCB6EE001A00EE106AF9
:1057B000F8EEC00A0F2000EE105AB8EEC00AFDF74E
:1057C0005DFD40F2A46014F0ABFC002416E006E09E
:1057D000012014F0A5FCFBF718F900B90CE0012139
:1057E0007A4811F09DFA0128F2D04FF40061764812
:1057F00011F096FA0128EBD000BF641C40F21A4069
:105800008442E4DB962072490860724800681E30CA
:1058100066490860B6EE001A00EE106AF8EEC00A9B
:105820000F2000EE105AB8EEC00AFDF727FD002445
:105830000FE006E0022014F073FCFBF7E6F800B975
:1058400005E00121644811F06BFA0128F2D000BF95
:10585000641C40F226208442EBDB002410E006E0CA
:10586000012014F05DFCFBF7D0F800B906E04FF41E
:105870000051594811F054FA0128F1D000BF641CBE
:10588000B4F57A7FEBDB55480068012802D1FEF7BA
:105890002FFE0CE052480068012802D1FEF774FD8B
:1058A00005E050480068012801D1FEF7FFFC002008
:1058B000FDF7B7FBFA204C4908604C480068C01C53
:1058C00039490860002415E006E0012014F028FCA6
:1058D000FBF79BF800B90BE045490968324A1268AA
:1058E000881A002801DB014600E041420A29ECDC6D
:1058F00000BF641CFA2CE7DB40F6B83014F010FC53
:105900009FED301A00EE106AF8EEC00A142000EE87
:10591000105AB8EEC00AFDF7B1FC00240FE006E013
:10592000012014F0FDFBFBF770F800B905E0012140
:10593000264811F0F5F90128F2D000BF641CFA2CBA
:10594000EDDBFCF74CFD06E0052014F0E9FBFBF76E
:105950005CF800B914E0FBF78EF88046FBF75EF8C0
:10596000071E01DB384600E07842B8F1000F01DB8A
:10597000414601E0C8F100010844B0F5C87FE3DB0F
:1059800000BFFEF741FB40F20B1007490860001F03
:10599000064908602EE000009403002090FCFFFF01
:1059A0009C000020AC000020D8030020E40300206D
:1059B0006C04002004000020D4030020E003002039
:1059C000BC000020CDCC4C3E000002400004024050
:1059D0000C040020DC03002000100240E80000203E
:1059E000EC000020F000002010040020D003002074
:1059F000B80000201FED0D1A00EE106AF8EEC00A84
:105A00000C2000EE105AB8EEC00AFDF737FC002457
:105A10000FE006E0012014F083FBFAF7F6FF00B96F
:105A200005E01021F84811F07BF90128F2D000BF01
:105A3000641C642CEDDB0020F4490860FDF7F1FAEA
:105A4000BDE8F08110B54FF461714842FFF7FFFDEA
:105A500040F20910FEF7DFFA0020ED49086019E076
:105A600006E0012014F05CFBFAF7CFFF00B90BE071
:105A7000E8490968E84A1268881A002801DB0146EB
:105A800000E041420A29ECDC00BFE1480068401C0C
:105A9000DF490860DE4800683228E1DBB6EE001A14
:105AA000DFEDDE0A0A209FEDDE0AFDF7E7FB0020AE
:105AB000D74908601AE006E0012014F031FBFAF73C
:105AC000A4FF00B90CE04021D64811F029F90028C4
:105AD000F2D04FF48071D44811F022F90028EBD0B5
:105AE00000BFCB480068401CC9490860C84800682E
:105AF000FA28E0DB0020FDF794FA4FF4FA6014F086
:105B00000FFBCA480068012801D1FEF7EDFA10BD6D
:105B100010B54FF461714842FFF799FDFEF774FA32
:105B2000C3480068FA30C3490860C3480068F030D1
:105B3000B94908609FEDC11ADFEDB80A0A209FED50
:105B4000B80AFDF79BFB0020B149086019E006E0A8
:105B5000FAF75BFF00B90EE0012014F0E1FAAD495D
:105B60000968AD4A1268881A002801DB014600E086
:105B700041420729ECDC00BFA5480068401CA4494D
:105B80000860A34800689628E1DB0020A04908606F
:105B90001DE009E0012014F0C3FAFAF736FF00B95E
:105BA0000FE0012014F0BCFA4FF480719E4811F010
:105BB000B7F80128EED080219A4811F0B1F80028FA
:105BC000E8D000BF92480068401C914908609048A6
:105BD000006840F20E618842DBDB4FF4FA6014F09B
:105BE0009FFA0020FDF71DFA90480068012805D1B2
:105BF000FEF77AFA4FF41170FEF70DFA0020FDF768
:105C000010FA10BD2DE9F04105460E46FEF7FCF9ED
:105C1000874800680A3087490860874800680A306A
:105C20007D490860002415E006E0012014F078FAB0
:105C3000FAF7EBFE00B90BE076490968764A12687C
:105C4000881A002801DB014600E041420A29ECDC09
:105C500000BF641C322CE7DBB6EE001A00EE106ABF
:105C6000F8EEC00A0C2000EE105AB8EEC00AFDF79C
:105C700005FB002416E006E0052014F051FAFAF7BF
:105C8000C4FE00B90CE04FF48071674811F048F889
:105C90000028F1D04021634811F042F80028EBD0F1
:105CA00000BF641CB4F57A7FE5DB4FF4966014F016
:105CB00037FA61480068401D57490860B6EE001A7F
:105CC00000EE106AF8EEC00A0A2000EE105AB8EE94
:105CD000C00AFDF7D3FAFCF782FB06E0012014F0BE
:105CE0001FFAFAF792FE00B914E0FAF7C4FE8046F4
:105CF000FAF794FE071E01DB384600E07842B8F15F
:105D0000000F01DB414601E0C8F100010844B0F595
:105D1000FF7FE3DB00BF0020FDF783F996204849B1
:105D2000086045480068F0303B490860002415E0F1
:105D300006E0012014F0F4F9FAF767FE00B90BE071
:105D400034490968344A1268881A002801DB014680
:105D500000E041422D29ECDC00BF641C322CE7DB63
:105D6000322037490860002415E006E0012014F0D5
:105D7000D7F9FAF74AFE00B90BE026490968264A26
:105D80001268881A002801DB014600E041420F2911
:105D9000ECDC00BF641C322CE7DB4FF47A7014F0AB
:105DA000BFF9B6EE001A00EE106AF8EEC00A08203D
:105DB00000EE105AB8EEC00AFDF760FA002410E0B9
:105DC00006E0012014F0ACF9FAF71FFE00B906E076
:105DD0004FF400510C4810F0A3FF0028F1D000BF91
:105DE000641C40F226208442EADB10480068012847
:105DF00002D1FEF77DFB2DE012480068012823D177
:105E0000FEF7C2FA26E00000001002406C040020F9
:105E100094030020BC000020E40300200000614443
:105E2000000061C40004024000000240E8000020BD
:105E3000D0030020D8030020DC030020CDCCCC3DD3
:105E40000C040020EC000020FE480068012801D16D
:105E5000FEF72CFAFC480068401DFC49086000244D
:105E600010E006E0012014F05BF9FAF7CEFD00B96E
:105E700006E04FF48041F64810F052FF0028F1D0C0
:105E800000BF641CB4F57A7FEBDB0020FDF7C9F896
:105E9000C820F0490860EC480068F030EB49086021
:105EA000002415E006E0012014F03AF9FAF7ADFD00
:105EB00000B90BE0E8490968E44A1268881A00282A
:105EC00001DB014600E041422329ECDC00BF641CF9
:105ED000FA2CE7DB3720DF490860002415E006E0F4
:105EE000012014F01DF9FAF790FD00B90BE0DA4932
:105EF0000968D64A1268881A002801DB014600E0CA
:105F000041420F29ECDC00BF641C322CE7DB9FED23
:105F1000D31A00EE106AF8EEC00A0A2000EE105AFA
:105F2000B8EEC00AFDF7AAF906E0012014F0F8F86F
:105F3000FAF76BFD00B905E01021C54810F0F0FE3E
:105F40000028F2D000BF4FF4FA7014F0E9F80020F6
:105F5000FDF767F8BDE8F08110B5C148006800287A
:105F600047D1C0480068002843D1BF4800680028D6
:105F70003FD1BE48006800283BD10120BC490860E1
:105F8000C821BC480068FEF71BFD40F23520FEF733
:105F900042F80020B849086019E006E0012014F03A
:105FA000BFF8FAF732FD00B90BE0B4490968B44A0A
:105FB0001268881A002801DB014600E041420A29E4
:105FC000ECDC00BFAC480068401CAB490860AA4844
:105FD0000068FA28E1DB1FED671A5FED700A072001
:105FE0009FEDA80AFDF74AF940F6C41014F098F89E
:105FF000AAE19B480068012846D19A480068E8BB9E
:1060000099480068D0BB99480068B8BB01209849FE
:106010000860C82197480068FEF7D2FC40F235209E
:10602000FDF7F9FF00209449086019E006E001201F
:1060300014F076F8FAF7E9FC00B90BE08F4909682B
:106040008F4A1268881A002801DB014600E04142AD
:106050000A29ECDC00BF88480068401C86490860BB
:1060600085480068FA28E1DB1FED8C1A5FED950A80
:1060700007209FED840AFDF701F900E004E040F6F7
:10608000C41014F04DF85FE175480068012872D122
:10609000744800680128FAD1734800680028F6D1D6
:1060A000724800680028F2D140F20910FDF7B3FFF2
:1060B00000207149086019E006E0012014F030F872
:1060C000FAF7A3FC00B90BE06C4909686C4A126846
:1060D000881A002801DB014600E041420A29ECDC75
:1060E00000BF65480068401C63490860624800685A
:1060F0003228E1DBB6EE001A5FEDB80A08201FED8A
:10610000B80AFDF7BBF800205B49086014E006E020
:10611000012014F005F8FAF778FC00B906E04FF416
:106120008071594810F0FCFD0028F1D000BF5248A2
:106130000068401C504908604F480068FA28E6DBB8
:10614000C8214C480068FEF73BFC0A20FCF769FFB9
:1061500001204749086040F23520FDF75CFF002030
:10616000454908601AE007E0012013F0D9FFFAF76B
:106170004CFC08B90CE023E040490968404A126829
:10618000881A002801DB014600E041420A29EBDCC5
:1061900000BF39480068401C37490860364800682D
:1061A000FA28E0DB1FEDDB1A5FEDE40A07209FED24
:1061B000350AFDF763F840F6C41013F0B1FFC3E0F1
:1061C0002748006801286FD12648006801286BD154
:1061D00025480068012867D124480068002863D159
:1061E00040F20910FDF717FF00202349086019E06D
:1061F00006E0012013F094FFFAF707FC00B90BE06A
:106200001E4909681E4A1268881A002801DB0146E7
:1062100000E041420A29ECDC00BF17480068401C3E
:1062200015490860144800683228E1DBB6EE001A10
:10623000DFED160A08209FED160AFDF71FF8002073
:106240000D4927E0F0000020D0030020D8030020F3
:106250000010024010040020B8000020CDCC4C3EBD
:10626000880200208C02002090020020940200206E
:10627000A4020020B001002094030020BC000020F4
:10628000E403002000000000000002400000614420
:10629000000061C4086015E007E0012013F040FF32
:1062A000FAF7B3FB08B907E04EE04FF48071F74806
:1062B00010F036FD0028F0D000BFF5480068401C03
:1062C000F3490860F2480068FA28E5DBC821F14884
:1062D0000068FEF775FB0A20FCF7A3FE0120EE49DB
:1062E000086040F23520FDF796FE0020E84908607E
:1062F00019E006E0012013F013FFFAF786FB00B95E
:106300000BE0E6490968E64A1268881A002801DBB2
:10631000014600E041420A29ECDC00BFDC4800688D
:10632000401CDB490860DA480068FA28E1DB9FED91
:10633000DD1A5FED2A0A07201FED2E0AFCF79EFFEB
:1063400040F6C41013F0ECFE0020FCF76AFE10BD0E
:1063500010B54FF461714842FFF754FCD248006811
:10636000002859D1D1480068002855D1D04800688C
:10637000002851D140F20910FDF74DFE0020C4491C
:10638000086019E006E0012013F0CAFEFAF73DFBB1
:1063900000B90BE0C1490968C14A1268881A00288F
:1063A00001DB014600E041420A29ECDC00BFB848AD
:1063B0000068401CB6490860B54800683228E1DB37
:1063C0009FEDBC1A5FED4F0A0A201FED4F0AFCF744
:1063D00055FF0020AE49086014E006E0FAF715FB0F
:1063E00000B909E0012013F09BFE4FF48071A7482B
:1063F00010F096FC0028F1D000BFA5480068401CB2
:10640000A3490860A248006840F20E618842E4DBBC
:106410000020FCF706FE05E0A5480068012801D130
:10642000FFF79AFD10BD10B54FF461714842FFF7B8
:10643000E9FB0020FCF7F5FD9B480068002859D1D6
:106440009A480068002855D199480068002851D121
:1064500040F20910FDF7DFFD00208D49086019E0CA
:1064600006E0012013F05CFEFAF7CFFA00B90BE06A
:106470008A4909688A4A1268881A002801DB01469D
:1064800000E041420A29ECDC00BF81480068401C62
:106490007F4908607E4800683228E1DB9FED851A5D
:1064A0005FED860A0A201FED860AFCF7E7FE002052
:1064B0007749086014E006E0FAF7A7FA00B909E0A6
:1064C000012013F02DFE4FF48071704810F028FC6D
:1064D0000028F1D000BF6E480068401C6C4908607D
:1064E0006B48006840F20E618842E4DB0020FCF754
:1064F00098FD0CE06D480068012802D1FEF7D7FD39
:1065000005E06B480068012801D1FEF7A0FC10BD32
:106510002DE9F04104460D4600205D4908603BE04E
:106520002AE065480068071B3846FEF72FFA064642
:1065300061480068001B002809DD9FED601A5FEDCF
:10654000AD0A30469FED5E0AFCF798FE10E05A480F
:106550000068001B09D59FED591A5FEDB40A30465B
:106560001FEDB80AFCF78AFE02E00020FCF759FD97
:10657000FAF74BFA00B909E04F490968081B0028EF
:1065800001DB014600E041420129CADC00BF40486E
:106590000068401C3E4908603D480068A842BFDBD7
:1065A000BDE8F08110B540F2B720FDF734FD0020C2
:1065B0003749086019E006E0012013F0B1FDFAF751
:1065C00024FA00B90BE035490968354A1268881A7F
:1065D000002801DB014600E041420A29ECDC00BF53
:1065E0002B480068401C2A49086029480068962802
:1065F000E1DBFDF77DFF33490968A1F10A004FF4A3
:106600007A71FFF785FF1FEDEB1A5FEDE00A0620B8
:106610001FEDE10AFCF732FE00201D49086013E07F
:1066200006E0012013F07CFDFAF7EFF900B905E070
:106630008021254810F074FB0028F2D000BF1448D8
:106640000068401C124908601148006840F21A4175
:106650008842E5DB0A20FCF7E4FC134800680128C7
:1066600050D11A480068012838D11948006860B92B
:106670001848006848B91848006830B94FF47A7172
:1066800010480068FFF744FF3CE027E000000240AC
:1066900094030020B0010020A4020020BC000020D0
:1066A000E4030020CDCCCC3DE8000020EC0000202D
:1066B000F0000020CDCC4C3FA40000206666663F71
:1066C0000000E144C80100200004024088020020CC
:1066D0008C0200209002002094020020F9480068FB
:1066E00001280FD1F848006801280BD1F74800684D
:1066F00040B9F748006828B94FF47A71F548006846
:10670000FFF706FF9FEDF41ADFEDF40A06209FED78
:10671000F40AFCF7B3FD0020F249086013E006E03C
:10672000012013F0FDFCFAF770F900B905E08021B3
:10673000ED4810F0F5FA0028F2D000BFE9480068F3
:10674000401CE8490860E748006840F21A41884266
:10675000E5DB4FF4FA6013F0E3FC0020FCF761FC8A
:1067600010BD10B540F2B720FDF755FC0020DD4903
:10677000086019E006E0012013F0D2FCFAF745F9B1
:1067800000B90BE0D9490968D94A1268881A00286B
:1067900001DB014600E041420A29ECDC00BFD148A0
:1067A0000068401CCF490860CE4800689628E1DBAD
:1067B000FDF79EFE4FF47A71CE4800680A30FFF76D
:1067C000A7FE0020FCF72DFC1FED461ADFEDC30AE3
:1067D00006209FEDC30AFCF751FD0020C149086067
:1067E00013E006E0012013F09BFCFAF70EF900B964
:1067F00005E08021BC4810F093FA0028F2D000BFD9
:10680000B8480068401CB7490860B648006840F2C4
:106810001A418842E5DB0A20FCF703FCB648006811
:10682000012827D1A748006801280FD1A648006891
:1068300060B9A648006848B9A548006830B94FF467
:106840007A71AE480068FFF763FE13E09D48006868
:1068500001280FD19C48006801280BD19B48006893
:1068600040B99B48006828B94FF47A71A148006884
:10687000FFF74EFE0020FCF7D4FB1FED721ADFED90
:10688000970A06209FED960AFCF7F8FC0020954930
:10689000086013E006E0012013F042FCFAF7B5F8B7
:1068A00000B905E08021904810F03AFA0028F2D0B3
:1068B00000BF8C480068401C8A490860894800680D
:1068C00040F21A418842E5DB4FF4FA6013F028FCED
:1068D0000020FCF7A6FB10BD10B5FDF709FE8648A9
:1068E0000068012831D14FF47A7185480068FFF7BC
:1068F0000FFE1FED901ADFED790A06209FED780A52
:10690000FCF7BCFC00207749086013E006E001209A
:1069100013F006FCFAF779F800B905E08021724817
:1069200010F0FEF90028F2D000BF6E480068401C4D
:106930006C4908606B48006840F21A418842E5DB08
:106940004FF4FA6013F0ECFB31E06B48006870BB69
:106950006B490968A1F10F004FF47A71FFF7D8FD78
:106960009FED681ADFED5D0A06209FED5D0AFCF7DA
:1069700085FC00205B49086013E006E0012013F06D
:10698000CFFBFAF742F800B905E08021564810F035
:10699000C7F90028F2D000BF52480068401C514996
:1069A00008605048006840F21A418842E5DB012047
:1069B000554908600020FCF734FB10BD10B5FDF709
:1069C00097FD4D480068012831D14FF47A714C4849
:1069D0000068FFF79DFD9FED4D1ADFED400A062090
:1069E0009FED3F0AFCF74AFC00203E49086013E097
:1069F00006E0012013F094FBFAF707F800B905E070
:106A00008021394810F08CF90028F2D000BF3548B9
:106A10000068401C334908603248006840F21A415F
:106A20008842E5DB4FF4FA6013F07AFB31E032483C
:106A3000006870BB32490968A1F10F004FF47A7108
:106A4000FFF766FD9FED2F1ADFED240A06209FED6C
:106A5000240AFCF713FC00202249086013E006E03A
:106A6000012013F05DFBF9F7D0FF00B905E08021AC
:106A70001D4810F055F90028F2D000BF19480068F1
:106A8000401C184908601748006840F21A418842C3
:106A9000E5DB0A20FCF7C5FA01201B49086010BDA0
:106AA0002DE9F04105460E46FDF7AEFA184800689C
:106AB0000A3018490860184800680A300C49086014
:106AC000002441E0880200208C0200209002002077
:106AD00094020020CC010020CDCC4C3E000061444B
:106AE000000061C49403002000040240BC000020A8
:106AF000E4030020E4010020E8000020E801002079
:106B0000D00100209A99993EF40000209A99193FEB
:106B1000D0030020D8030020DC03002006E0012081
:106B200013F0FEFAF9F771FF00B90BE0F9490968B3
:106B3000F94A1268881A002801DB014600E0414248
:106B40000829ECDC00BF641C322CE7DBB6EE001A2F
:106B500000EE106AF8EEC00A092000EE105AB8EEF6
:106B6000C00AFCF78BFB00240FE006E0052013F0C1
:106B7000D7FAF9F74AFF00B905E04021E74810F0DD
:106B8000CFF80028F2D000BF641CFA2CEDDB4FF4E4
:106B9000FA6013F0C5FAE2480068401DDE4908605B
:106BA000B6EE001A00EE106AF8EEC00A092000EEF8
:106BB000105AB8EEC00AFCF761FBFBF710FC06E0C8
:106BC000012013F0ADFAF9F720FF00B914E0F9F74E
:106BD00052FF8046F9F722FF071E01DB384600E02E
:106BE0007842B8F1000F01DB414601E0C8F1000135
:106BF0000844B0F5FA7FE3DB00BF0020FCF711FA90
:106C0000DC20C8490860C84800680A38C2490860E2
:106C1000002415E006E0012013F082FAF9F7F5FEF2
:106C200000B90BE0BB490968BB4A1268881A002802
:106C300001DB014600E041426429ECDC00BF641C3A
:106C4000322CE7DB2820B7490860002415E006E075
:106C5000012013F065FAF9F7D8FE00B90BE0AD4951
:106C60000968AD4A1268881A002801DB014600E075
:106C700041420529ECDC00BF641C322CE7DB4FF4F9
:106C80007A7013F04DFAB6EE001A00EE106AF8EEC4
:106C9000C00A0F2000EE105AB8EEC00AFCF7EEFA58
:106CA000002410E006E0012013F03AFAF9F7ADFEF7
:106CB00000B906E04FF400519C4810F031F800286C
:106CC000F1D000BF641C40F226208442EADB9848E1
:106CD0000068401D97490860002416E006E0012086
:106CE00013F01EFAF9F791FE00B90CE04FF4805151
:106CF000914810F015F80028F1D004218B4810F0CD
:106D00000FF80028EBD000BF641CB4F57A7FE5DBF8
:106D100040F2DC5013F004FA0020FCF782F9C8209E
:106D200086490860864800680A388249086000245D
:106D300015E006E0012013F0F3F9F9F766FE00B95B
:106D40000BE0804909687B4A1268881A002801DB39
:106D5000014600E041426429ECDC00BF641CFA2CCF
:106D6000E7DB322075490860002415E006E00120C9
:106D700013F0D6F9F9F749FE00B90BE0714909683B
:106D80006C4A1268881A002801DB014600E0414283
:106D90000A29ECDC00BF641CFA2CE7DBB6EE001A13
:106DA00000EE106AF8EEC00A0A2000EE105AB8EEA3
:106DB000C00AFCF763FA00240FE006E0012013F09C
:106DC000AFF9F9F722FE00B905E0102157480FF09E
:106DD000A7FF0028F2D000BF641C962CEDDB00203A
:106DE000FCF71FF9BDE8F0812DE9F05F82460D4602
:106DF00014461E46DDE90B9BDDF8288052490968E0
:106E0000881B002801DB014600E0414201FB0BF733
:106E10004F4500DD4F464C480068801B404510DA66
:106E2000E81B00EE900AF8EEE00AB0EE600AB6EE5B
:106E3000001A00EE904AF8EEE00A5046FCF71EFAFF
:106E400022E041480068801B404510DDE81900EE53
:106E5000900AF8EEE00AB0EE600AB6EE001A00EE14
:106E6000904AF8EEE00A5046FCF708FA0CE0B6EE5D
:106E7000001A00EE104AF8EEC00A504600EE105A12
:106E8000B8EEC00AFCF7FAF9BDE8F09F2DE9F05F13
:106E900082460D4614461E46DDE90B9BDDF8288030
:106EA00029490968881B002801DB014600E04142AE
:106EB00001FB0BF74F4500DD4F4623480068801B60
:106EC000404510DAE81900EE900AF8EEE00AB0EE5C
:106ED000600AB6EE001A00EE904AF8EEE00A50465C
:106EE000FCF7CCF93FE018480068801B40452DDDD9
:106EF000E81B00EE900AF8EEE00AB0EE600AB6EE8B
:106F0000001A00EE904AF8EEE00A5046FCF7B6F997
:106F100029E00000BC000020E4030020000402403F
:106F2000DC0300200C040020E003002000100240DD
:106F3000D0030020D80300200000024010040020ED
:106F4000D4030020B8000020A4000020B6EE001AF0
:106F500000EE104AF8EEC00A504600EE105AB8EEA5
:106F6000C00AFCF78BF9BDE8F09F2DE9F05F82467F
:106F70000D4614461E46DDE90B9BDDF82880F949D5
:106F80000968881B002801DB014600E0414201FB43
:106F90000BF74F4500DD4F46F2480068801B404527
:106FA00010DAE81900EE900AF8EEE00AB0EE600A96
:106FB0009FEDED1A00EE904AF8EEE00A5046FCF71D
:106FC0005DF922E0E7480068801B404510DDE81BC2
:106FD00000EE900AF8EEE00AB0EE600A9FEDE21AC9
:106FE00000EE904AF8EEE00A5046FCF747F90CE054
:106FF0009FEDDD1A00EE104AF8EEC00A504600EE92
:10700000105AB8EEC00AFCF739F9BDE8F09F2DE937
:10701000F05F82460D4614461E46DDE90B9BDDF807
:107020002880D2490968881B002801DB014600E05E
:10703000414201FB0BF74F4500DD4F46CB4800684E
:10704000801B404510DAE81B00EE900AF8EEE00ADB
:10705000B0EE600A9FEDC61A00EE904AF8EEE00A24
:107060005046FCF70BF922E0C0480068801B404501
:1070700010DDE81900EE900AF8EEE00AB0EE600AC2
:107080009FEDBB1A00EE904AF8EEE00A5046FCF77E
:10709000F5F80CE09FEDB71A00EE104AF8EEC00AC2
:1070A000504600EE105AB8EEC00AFCF7E7F8BDE80B
:1070B000F09F2DE9F05F82460D4614461E46DDE93D
:1070C0000B9BDDF82880AC490968881B002801DB90
:1070D000014600E0414201FB0BF74F4500DD4F4602
:1070E000A5480068801B404510DAE81B00EE900AB6
:1070F000F8EEE00AB0EE600A9FED9D1A00EE904AAD
:10710000F8EEE00A5046FCF7B9F822E09A48006829
:10711000801B404510DDE81900EE900AF8EEE00A09
:10712000B0EE600A9FED921A00EE904AF8EEE00A87
:107130005046FCF7A3F80CE09FED8D1A00EE104AC4
:10714000F8EEC00A504600EE105AB8EEC00AFCF73E
:1071500095F8BDE8F09F3EB5FCF756FF4FF48770F9
:10716000864908604FF48C70854908601E21002014
:10717000FCF77AF800240DE006E0052012F0D0FFBD
:10718000F9F743FC00B103E0784800682828F4DCF4
:1071900000BF641C40F226208442EDDB1E2100204B
:1071A000FCF762F800240DE006E0052012F0B8FFBD
:1071B000F9F72BFC00B103E06C4800684628F4DBCB
:1071C00000BF641C40F226208442EDDB1E2100201B
:1071D000FCF74AF800240DE006E0052012F0A0FFBD
:1071E000F9F713FC00B103E0604800683228F4DCD2
:1071F00000BF641C40F226208442EDDB0020FBF738
:1072000010FF002419E012E01E20C82102222023D2
:10721000CDE90021029000225A493C20FFF7F7FEF9
:10722000052012F07DFFF9F7F0FB00B103E04D48B7
:1072300000686428E8DC00BF641C40F22620844219
:10724000E1DB002419E012E01E20C82102222023E5
:10725000CDE90021029000224A491420FFF7D7FE11
:10726000052012F05DFFF9F7D0FB00B103E03D48C7
:1072700000680F28E8DC00BF641C40F2262084422E
:10728000E1DB0020FBF7CDFE3EBD3EB5FCF7BCFECA
:107290004FF48770394908604FF48C7038490860A2
:1072A0001E210020FBF7E0FF00240DE006E0052092
:1072B00012F036FFF9F7A9FB00B103E02B48006894
:1072C0002828F4DC00BF641C40F226208442EDDB59
:1072D0001E210020FBF7C8FF00240DE006E005207A
:1072E00012F01EFFF9F791FB00B103E01F480068A0
:1072F0004628F4DB00BF641C40F226208442EDDB0C
:107300001E210020FBF7B0FF00240DE006E0052061
:1073100012F006FFF9F779FB00B103E013480068AB
:107320003228F4DC00BF641C40F226208442EDDBEE
:107330000020FBF776FE00242CE025E01E20C8216B
:1073400002222023CDE90021029000220D493C2099
:10735000FFF75DFE052012F0E3FEF9F756FB98B14A
:1073600016E00000A00000209A99993E9C000020A1
:107370003333333FB81E453F98000020D803002028
:10738000E40300207CFCFFFFFE4800686428D5DC95
:1073900000BF641C40F226208442CEDB002419E0AA
:1073A00012E01E20C82102222023CDE900210290F4
:1073B0000022F5491420FFF72AFE052012F0B0FE46
:1073C000F9F723FB00B103E0EE4800680F28E8DC82
:1073D00000BF641C40F226208442E1DB0020FBF762
:1073E00020FE3EBDE948C07F40F00100E749C87774
:1073F0000846C07F00F0FD00C8777047E348C07FB3
:1074000040F00200E149C8770846C07F00F0FE0066
:10741000C8777047DD48C07F00F0FD00DB49C877C2
:107420000846C07F00F0FE00C8777047D848407813
:1074300000F0100088B3D648407800F0020060BB2E
:10744000D348C07948BBD248807930BBD148006866
:10745000D1490968884221DDCD48407800F001001B
:1074600058B1CE4800681438CA490968884204DD1A
:107470003220C64981F8270003E01420C34981F86F
:1074800027000120C14981F82600C2480068C4498C
:1074900008600120C34908603EE0FFE7BC4840782F
:1074A00000F0080088B3BA48407800F0020060BBE2
:1074B000B748C07948BBB648807930BBB54800684A
:1074C000B6490968884221DAB148407800F00100E5
:1074D00058B1B0480168B04800681430814204DDFA
:1074E0003220AA4981F8270003E01420A74981F837
:1074F00027000020A54981F82600A6480068A84971
:1075000008600120A749086006E0FFE70020A549C0
:1075100008609E4981F8270070479D48407800F038
:10752000400070B39A48407800F0020048BB984889
:10753000C07930BB9648807918BB9B4800689B494E
:10754000096888421EDA9248407800F0010050B184
:1075500095480168964800681430814203DD962002
:107560008A49C87602E046208849C87601208749C2
:1075700088768D4800688F49086001208E49086030
:1075800037E0FFE78248407800F0800070B3804821
:10759000407800F0020048BB7D48C07930BB7C4891
:1075A000807918BB804800688149096888421DDDE0
:1075B0007748407800F0010050B17C4800681438EA
:1075C00079490968884203DD96207049C87602E04F
:1075D00046206E49C87600206C498876724800685B
:1075E0007449086001207449086002E00020724973
:1075F000086070476648407800F0200088B364480F
:10760000407800F0020060BB6148C07948BB604828
:10761000807930BB6948006869490968884221DD82
:107620005B48407800F0010058B1664800681438A3
:1076300062490968884204DD9620544981F82B008C
:1076400003E06420514981F82B0000204F4981F864
:107650002A005A4800685C49086001205B490860BC
:107660003BE0FFE74A48407800F0040088B3484810
:10767000407800F0020060BB4548C07948BB4448F0
:10768000807930BB4D4800684E490968884221DA4C
:107690003F48407800F0010058B148480168484828
:1076A00000681430814204DD9620384981F82B00AF
:1076B00003E06420354981F82B000120334981F82B
:1076C0002A003E4800684049086001203F490860A0
:1076D00003E0FFE700203D490860704710B504460D
:1076E000FFF78CFE294890F8230000F0EF002749AF
:1076F00081F8230043F6982012F012FDFFF772FE86
:1077000041F6583012F00CFD4FF4805130480FF024
:1077100007FB012866D1601D2149086040F6B8309A
:1077200012F0FEFCFFF76AFE184890F8230000F004
:10773000EF00164981F8230043F6982012F0F0FC80
:10774000FFF750FE41F6583012F0EAFC4FF480513A
:107750001F480FF0E5FA012844D1601F1049086066
:1077600040F6B83012F0DCFCFFF748FE074890F80E
:10777000230000F0EF00054981F8230043F698202C
:1077800028E00000A00000207CFCFFFF0400002097
:10779000A3070020B0000020E8030020EC03002035
:1077A000F003002064040020C0000020F803002043
:1077B000F4030020FC03002068040020C400002023
:1077C0000004002004040020080400206C040020B1
:1077D0000000024012F0A4FCFFF704FE41F658300E
:1077E00012F09EFCA4F11400F949086010BD10B518
:1077F0004FF461714842FFF753F99FEDF61ADFED40
:10780000F60A0A209FEDF50AFBF738FD4FF47A607F
:1078100012F086FC0020FBF704FC0120F049086010
:1078200010BD10B54FF461714842FEF7EBF99FEDC2
:10783000E91ADFEDE90A0A209FEDE80AFBF71EFDD1
:107840004FF47A6012F06CFC0020FBF7EAFB012099
:10785000E349086010BD10B50020FBF7E2FBFBF721
:1078600084F9FCF7CAFB4FF48C70DE490860DE49EE
:107870000860C820DD490860DD480068DD4908600F
:10788000C820DD490860DD480068DD4908606420E3
:10789000DC490860DC480068CD490860DB48C07FEF
:1078A00000F07F00D949C8770846C07F00F0DF00AC
:1078B000C8770846C07F00F0F700C8770846C07F49
:1078C00000F0BF00C8770846C07F00F0EF00C8771F
:1078D0000846C07F00F0FB00C877F9F796F810BDA6
:1078E00010B50020FBF79DFBFBF73FF9FCF785FB8C
:1078F000F720BC490860BC4908606420C1490860A1
:10790000C1480068B2490860C048C07F00F07F00ED
:10791000BE49C8770846C07F00F0DF00C877084638
:10792000C07F00F0F700C8770846C07F00F0BF00B6
:10793000C8770846C07F00F0EF00C8770846C07FD0
:1079400000F0FB00C87710BD70B50446B04805686C
:10795000A54220DA6420AB4908609D4804600020FD
:10796000AC49086012E006E0012012F0D9FBF9F7FB
:107970004CF800B904E0E01EA54909688842F3DC30
:1079800000BFA4480068401CA2490860A1480068E4
:107990003228E8DB21E0A5421FDD64209949086018
:1079A0008B48046000209B49086012E006E001203B
:1079B00012F0B6FBF9F729F800B904E09448016821
:1079C000E01C8142F3DC00BF92480068401C9149F2
:1079D0000860904800683228E8DB70BD10B50020D0
:1079E0008C49086031E01CE04FF400618A480FF0D8
:1079F00097F920B904218948FBF736FC0AE04FF4D7
:107A0000005187480FF08CF920B904214FF46170C0
:107A1000FBF72AFC012012F083FBF8F7F6FF00B910
:107A20000DE04FF400617C480FF07AF90028DBD0BC
:107A30004FF400517A480FF073F90028D4D000BFFA
:107A400074480068401C7349086072480068B0F5CB
:107A5000FA7FC8DB4FF4966012F062FB0020FBF760
:107A6000E0FA10BD10B56948C07F40F004006749D6
:107A7000C8770846C07F40F08000C877FA205B498D
:107A80000860684800686E305A4908600020614903
:107A9000086019E006E0012012F042FBF8F7B5FF9C
:107AA00000B90BE060490968524A1268881A002838
:107AB00001DB014600E041420A29ECDC00BF5548E9
:107AC0000068401C53490860524800683228E1DBD6
:107AD00000205049086014E006E0012012F020FB6D
:107AE000F8F793FF00B906E04FF400614C480FF03F
:107AF00017F90128F1D000BF46480068401C4549ED
:107B000008604448006840F226218842E4DBFFF721
:107B100065FFFA203549086042480068323035492F
:107B2000086000203B49086019E006E0012012F0DF
:107B3000F7FAF8F76AFF00B90BE03B4909682D4AEC
:107B40001268881A002801DB014600E041420A2938
:107B5000ECDC00BF2F480068401C2E4908602D480F
:107B600000683228E1DB4FF4FA6012F0D9FA2748B6
:107B7000C07F00F0FB002549C8774FF47A7012F0FF
:107B8000CFFA2248C07F00F07F002049C877FA2052
:107B900016490860164800681649086000201D490B
:107BA00008604FE006E0012012F0BAFAF8F72DFF66
:107BB00000B941E00E4A12681A4B1B68D11A1A4AE2
:107BC00012680C4B1B68D01A00282FDB02462EE0EF
:107BD000F0030020CDCC4C3F00006144000061C4A4
:107BE0009C020020D8030020E40300201C04002095
:107BF000C00100200804002018040020BC0100205F
:107C0000FC03002014040020780100200400002060
:107C1000B000002094030020000C02407CFCFFFF19
:107C20000004024000040020C4000020424201EB96
:107C3000D173B2EB630FB6DC00BFF9480068401C9B
:107C4000F7490860F64800683228ABDB0020FBF7F4
:107C5000E8F910BD10B540F6AC5012F061FA002002
:107C6000EF49086031E01CE04FF48061ED480FF00F
:107C700057F820B90421EC48FBF7F6FA0AE04FF474
:107C80000041E8480FF04CF820B9042140F28E3052
:107C9000FBF7EAFA052012F043FAF8F7B6FE00B94E
:107CA0000DE04FF48061DF480FF03AF80028DBD098
:107CB0004FF40041DB480FF033F80028D4D000BF68
:107CC000D7480068401CD6490860D5480068B0F520
:107CD000FA7FC8DB4FF4966012F022FA0020FBF71F
:107CE000A0F910BD10B5D148C07F40F00800CF49C1
:107CF000C8770846C07F40F02000C877FA20CC49FA
:107D00000860CC4800684638CB4908600020C44968
:107D1000086019E006E0012012F002FAF8F775FE9B
:107D200000B90BE0C5490968C34A1268881A0028DF
:107D300001DB014600E041420A29ECDC00BFB84803
:107D40000068401CB6490860B54800683228E1DB8D
:107D50000020B349086014E006E0012012F0E0F9C9
:107D6000F8F753FE00B906E04FF40041B4480EF0B6
:107D7000D7FF0128F1D000BFA9480068401CA849DE
:107D80000860A74800683228E6DBFFF763FFFA20A7
:107D9000A7490860A74800682338A7490860002061
:107DA0009F49086019E006E0012012F0B9F9F8F7E0
:107DB0002CFE00B90BE0A14909689F4A1268881A95
:107DC000002801DB014600E041420A29ECDC00BF4B
:107DD00093480068401C9249086091480068322826
:107DE000E1DB40F6B83012F09BF99048C07F00F01C
:107DF000F7008E49C8774FF47A7012F091F98B48EA
:107E0000C07F00F0DF008949C87796208849086064
:107E10008C4800688849086000208149086021E09A
:107E200006E0012012F07CF9F8F7EFFD00B913E04D
:107E3000844A1268844B1B68D11A804A12687E4BB0
:107E40001B68D01A002801DB024600E0424201EB29
:107E5000D173B2EB630FE4DC00BF71480068401CD3
:107E60006F4908606E4800683228D9DB10BD10B534
:107E700000206B49086031E01CE04FF480617048DD
:107E80000EF04EFF20B904216748FBF7EDF90AE038
:107E90004FF4805163480EF043FF20B9042140F2B3
:107EA0008E30FBF7E1F9012012F03AF9F8F7ADFD59
:107EB00000B90DE04FF4806161480EF031FF0028F9
:107EC000DBD04FF4805157480EF02AFF0028D4D061
:107ED00000BF53480068401C514908605048006882
:107EE000B0F5FA7FC8DB4FF4966012F019F9002064
:107EF000FBF797F810BD10B54C48C07F40F040002C
:107F00004A49C8770846C07F40F08000C87764209F
:107F10004E4908604FF42D704D49086000204049DB
:107F2000086013E006E0012012F0FAF8F8F76DFDA2
:107F300000B905E04748006840F2B2218842F2DB10
:107F400000BF37480068401C354908603448006865
:107F50003228E7DBFA2040490860404800685A3878
:107F60003F49086000202E49086019E006E0012022
:107F700012F0D6F8F8F749FD00B90BE03949096865
:107F8000374A1268881A002801DB014600E04142A6
:107F90000A29ECDC00BF22480068401C2049086028
:107FA0001F4800683228E1DB00201D49086014E00A
:107FB00006E0012012F0B4F8F8F727FD00B906E05A
:107FC0004FF4006117480EF0ABFE0128F1D000BF5E
:107FD00013480068401C12490860114800683228A4
:107FE000E6DBFFF744FFFA201B4908601B480068E6
:107FF0001E381B4908600020094908603DE006E082
:10800000012012F08DF8F8F700FD00B92FE01549B6
:108010000968134A1268881A002825DB014624E003
:10802000940300200004024072FCFFFF04000020C3
:1080300018040020F8030020FC030020C0000020EA
:10804000000C0240BC010020F403002014040020B6
:10805000F0030020B00000201C04002004040020D5
:1080600008040020C400002041420A29C8DC00BFE7
:10807000F8480068401CF7490860F6480068322854
:10808000BDDB4FF4FA6012F04BF8F348C07F00F00C
:10809000BF00F149C8774FF47A7012F041F8EE480A
:1080A000C07F00F07F00EC49C877FA20EB490860F8
:1080B000EB480068EB4908600020E649086021E0D1
:1080C00006E0012012F02CF8F8F79FFC00B913E04D
:1080D000E34A1268E44B1B68D11AE44A1268E14B88
:1080E0001B68D01A002801DB024600E0424201EB87
:1080F000D173B2EB630FE4DC00BFD6480068401CCC
:10810000D4490860D34800683228D9DB10BD10B5C7
:108110000020D049086031E01CE04FF40061D448F1
:108120000EF0FEFD20B904210020FBF79DF80AE0C7
:108130004FF40051CF480EF0F3FD20B904214FF465
:10814000E160FBF791F8012011F0EAFFF8F75DFC20
:1081500000B90DE04FF40061C5480EF0E1FD0028C4
:10816000DBD04FF40051C3480EF0DAFD0028D4D024
:1081700000BFB8480068401CB6490860B5480068B0
:10818000B0F5FA7FC8DB4FF4966011F0C9FF00200C
:10819000FAF747FF10BD10B50020AE49086031E086
:1081A0001CE04FF40061B2480EF0BAFD28B904217A
:1081B0004FF4E160FBF758F809E04FF40051AD4887
:1081C0000EF0AEFD18B904210020FBF74DF8012098
:1081D00011F0A6FFF8F719FC00B90DE04FF40061AB
:1081E000A3480EF09DFD0028DBD04FF40051A148BC
:1081F0000EF096FD0028D4D000BF96480068401CC1
:108200009449086093480068B0F5FA7FC8DB4FF4E2
:10821000FA7011F085FF0020FAF703FF10BD10B5CA
:1082200095480068012802D1FFF7B5FF0CE093489C
:108230000068012802D1FFF76AFF05E09048006856
:10824000012801D1FFF7CAFB10BD10B500208149FC
:10825000086031E01CE04FF4806186480EF060FD5C
:1082600020B904210020FAF7FFFF0AE04FF4004193
:1082700080480EF055FD20B904214FF4E160FAF773
:10828000F3FF012011F04CFFF8F7BFFB00B90DE040
:108290004FF4806177480EF043FD0028DBD04FF4A7
:1082A000004174480EF03CFD0028D4D000BF69485E
:1082B0000068401C6749086066480068B0F5FA7FAE
:1082C000C8DB4FF4966011F02BFF0020FAF7A9FEEF
:1082D00010BD10B500205F49086031E01CE04FF48C
:1082E000806164480EF01CFD28B904214FF4E16060
:1082F000FAF7BAFF09E04FF400415E480EF010FDB6
:1083000018B904210020FAF7AFFF012011F008FF8F
:10831000F8F77BFB00B90DE04FF4806155480EF093
:10832000FFFC0028DBD04FF4004152480EF0F8FC6F
:108330000028D4D000BF47480068401C4549086069
:1083400044480068B0F5FA7FC8DB4FF4966011F03E
:10835000E7FE0020FAF765FE10BD10B5464800683C
:10836000012802D1FFF7B5FF0CE04448006801285E
:1083700002D1FFF76AFF05E041480068012801D1FA
:10838000FFF768FC10BD10B500203249086031E0ED
:108390001CE04FF4806136480EF0C2FC20B9042185
:1083A0000020FAF761FF0AE04FF4805131480EF0E7
:1083B000B7FC20B904214FF4E160FAF755FF012022
:1083C00011F0AEFEF8F721FB00B90DE04FF480612B
:1083D00027480EF0A5FC0028DBD04FF4805125483B
:1083E0000EF09EFC0028D4D000BF1A480068401C44
:1083F0001849086017480068B0F5FA7FC8DB4FF4E9
:10840000966011F08DFE0020FAF70BFE10BD10B53E
:1084100000201049086049E034E04FF480611448BE
:108420000EF07EFC28B904214FF4E160FAF71CFF3E
:1084300009E04FF480510F480EF072FC18B9042186
:108440000020FAF711FF012011F06AFEF8F7DDFABB
:10845000C0B925E094030020040000201C04002083
:10846000C00100200804002000040020C4000020F7
:10847000000C024000040240EC000020F00000204C
:10848000E80000204FF48061F9480EF049FC002814
:10849000C3D04FF48051F7480EF042FC0028BCD006
:1084A00000BFF5480068401CF3490860F2480068C6
:1084B000B0F5FA7FB0DB4FF4966011F031FE00208A
:1084C000FAF7AFFD10BD10B5EC480068012802D1E5
:1084D000FFF79DFF0CE0EA480068012802D1FFF792
:1084E00052FF05E0E7480068012801D1FFF7BFFC13
:1084F00010BD10B50020E049086031E01CE04FF4E9
:108500008041DC480EF00CFC20B90421DE48FAF76B
:10851000ABFE0AE04FF48041D5480EF001FC20B9D3
:10852000042140F28E30FAF79FFE012011F0F8FD91
:10853000F8F76BFA00B90DE04FF48041CD480EF02A
:10854000EFFB0028DBD04FF48041C9480EF0E8FB78
:108550000028D4D000BFC8480068401CC649086045
:10856000C5480068B0F5FA7FC8DB4FF4966011F09B
:10857000D7FD0020FAF755FD10BD10B50020BE490B
:10858000086031E01CE04FF48041BA480EF0C8FBAF
:1085900020B904210020FAF767FE0AE04FF4804179
:1085A000B3480EF0BDFB20B904214FF4E160FAF7A7
:1085B0005BFE012011F0B4FDF8F727FA00B90DE0D9
:1085C0004FF48041AB480EF0ABFB0028DBD04FF4FA
:1085D0008041A7480EF0A4FB0028D4D000BFA648D5
:1085E0000068401CA4490860A3480068B0F5FA7F01
:1085F000C8DB4FF4966011F093FD0020FAF711FDEF
:1086000010BD10B500209C49086031E01CE04FF41B
:10861000804198480EF084FB28B904214FF4E160B2
:10862000FAF722FE09E04FF4804191480EF078FB02
:1086300018B904210020FAF717FE012011F070FD8F
:10864000F8F7E3F900B90DE04FF4804189480EF0E6
:1086500067FB0028DBD04FF4804185480EF060FBBB
:108660000028D4D000BF84480068401C82490860BC
:1086700081480068B0F5FA7FC8DB4FF4966011F0CE
:108680004FFD0020FAF7CDFC10BD10B57B48006807
:10869000012802D1FFF7B5FF0CE0794800680128F6
:1086A00002D1FFF76AFF05E076480068012801D192
:1086B000FFF71FFF10BD10B57448C07F40F00400E5
:1086C0007249C8770846C07F40F08000C877FA201A
:1086D0006F4908606F48006850306F49086000209B
:1086E0006549086019E006E0012011F019FDF8F76E
:1086F0008CF900B90BE069490968674A1268881A61
:10870000002801DB014600E041420A29ECDC00BF01
:1087100059480068401C584908605748006832288A
:10872000E1DB00205449086014E006E0012011F06C
:10873000F7FCF8F76AF900B906E04FF400614D481C
:108740000EF0EEFA0128F1D000BF4B480068401C43
:1087500049490860484800683228E6DB4FF47A70DF
:1087600011F0DEFCFFF75BFD28204949086049480D
:1087700000681E304849086041F6583011F0D0FCBE
:1087800000203D49086046E032E0FA204049086098
:10879000404800685A304049086006E0012011F066
:1087A000BFFCF8F732F900B90BE03C4909683A4AD6
:1087B0001268881A002801DB014600E041420529C1
:1087C000ECDC00BF4FF47A7011F0AAFCFFF727FD34
:1087D00096202F4908602F4800681E302E490860F7
:1087E00041F6583011F09CFCF8F70FF900B90CE095
:1087F0002A490A68274909681E31501A002801DBF6
:10880000014600E041420429BFDC00BF1A4800686D
:10881000401C1949086018480068B0F5FA7FB3DBBE
:108820004FF4FA6011F07CFC1848C07F00F0FB00A8
:108830001649C8774FF47A7011F072FC1348C07F64
:1088400000F07F001149C877FA20114908601448E8
:108850000068114908600020074908603CE021E0F9
:10886000012011F05DFCF8F7D0F8D8B92EE0000037
:10887000000C02400004024094030020EC000020A1
:10888000F0000020E800002072FCFFFF0400002040
:108890001C0400200004002008040020C400002064
:1088A000C0010020FE4A1268FE4B1B68D11AFE4A26
:1088B0001268FE4B1B68D01A002801DB024600E05C
:1088C000424201EBD173B2EB630FC9DC00BFF84841
:1088D0000068401CF6490860F54800683228BEDB95
:1088E00010BD10B5F348C07F40F00800F149C877CB
:1088F0000846C07F40F02000C877E620EE490860B7
:10890000EE4800682F38EE4908600020E84908600A
:1089100019E006E0012011F003FCF8F776F800B941
:108920000BE0E8490968E64A1268881A002801DB6A
:10893000014600E041420529ECDC00BFDC4800684C
:10894000401CDB490860DA4800683228E1DB00207F
:10895000D749086014E006E0012011F0E1FBF8F7C8
:1089600054F800B906E04FF40041D7480EF0D8F9AA
:108970000128F1D000BFCE480068401CCC490860F7
:10898000CB48006840F226218842E4DB4FF47A703D
:1089900011F0C6FBFFF7E1FC3220C7490860C74869
:1089A0000068401FC649086041F6583011F0B8FB16
:1089B0000020BF49086056E042E0FA20BE49086046
:1089C000BE4800683238BE4908600020B8490860D7
:1089D00019E006E0012011F0A3FBF8F716F800B942
:1089E0000BE0B8490968B64A1268881A002801DB0A
:1089F000014600E041420529ECDC00BFAC480068BC
:108A0000401CAB490860AA4800683228E1DB4FF4FB
:108A10007A7011F085FBFFF7A0FC3220A6490860B0
:108A2000A6480068401FA649086041F6583011F07A
:108A300077FB012011F074FBF7F7E7FF00B90CE0BA
:108A40009E490968491F9F4A1268501A002801DB95
:108A5000014600E041420529AFDC00BF94480068B0
:108A6000401C93490860924800683228A4DB4FF408
:108A7000FA6011F055FB8F48C07F00F0F7008D4978
:108A8000C8774FF47A7011F04BFB8A48C07F00F032
:108A9000DF008849C877FA20874908608B4800685A
:108AA0008749086000208249086021E006E0012033
:108AB00011F036FBF7F7A9FF00B913E0834A1268FB
:108AC000834B1B68D11A7F4A12687D4B1B68D01AF2
:108AD000002801DB024600E0424201EBD173B2EB19
:108AE000630FE4DC00BF72480068401C70490860F6
:108AF0006F4800683228D9DB10BD10B56D48C07FC3
:108B000040F040006B49C8770846C07F40F08000C5
:108B1000C877FA206F4908606F48006832386349A7
:108B2000086000206249086019E006E0012011F0A9
:108B3000F7FAF7F76AFF00B90BE05B4909685B4A8F
:108B40001268881A002801DB014600E041420A2928
:108B5000ECDC00BF56480068401C5549086054488A
:108B600000683228E1DB00205149086014E006E08B
:108B7000012011F0D5FAF7F748FF00B906E04FF4ED
:108B8000006156480EF0CCF80128F1D000BF4848EB
:108B90000068401C46490860454800683228E6DB0A
:108BA0004FF47A7011F0BCFAFFF78DFC322049497E
:108BB000086049480068401F3C49086041F6583049
:108BC00011F0AEFA00203A49086056E042E0C820B1
:108BD0004049086040480068373834490860002040
:108BE0003349086019E006E0012011F099FAF7F71F
:108BF0000CFF00B90BE02C4909682C4A1268881A4E
:108C0000002801DB014600E041420529ECDC00BF01
:108C100027480068401C264908602548006832281B
:108C2000E1DB4FF47A7011F07BFAFFF74CFC322055
:108C30002849086028480068401F1C49086041F620
:108C4000583011F06DFA012011F06AFAF7F7DDFEE5
:108C500000B90CE020490968491F134A1268501AEC
:108C6000002801DB014600E041420529AFDC00BFDE
:108C70000F480068401C0E4908600D480068322803
:108C8000A4DB4FF4FA6011F04BFA0A48C07F00F001
:108C9000BF000849C8774FF47A7011F041FA1FE01D
:108CA000C001002000040020C400002008040020AF
:108CB000940300200400002018040020F803002082
:108CC000FC030020C0000020000C0240BC0100207A
:108CD000F40300201C0400200404002000040240CF
:108CE000FE48C07F00F07F00FC49C877FA20FC49AD
:108CF0000860FC480068FC4908600020FB490860E7
:108D000021E006E0012011F00BFAF7F77EFE00B932
:108D100013E0F44A1268F64B1B68D11AF54A126840
:108D2000F14B1B68D01A002801DB024600E04242EA
:108D300001EBD173B2EB630FE4DC00BFEB480068DA
:108D4000401CEA490860E94800683228D9DB10BDB8
:108D500010B5E248C07F40F01000E049C8770846EF
:108D6000C07F40F02000C877C820E3490860E3488E
:108D700000685730E24908600020DC49086019E0CB
:108D800006E0012011F0CCF9F7F73FFE00B90BE047
:108D9000DC490968DA4A1268881A002801DB0146B2
:108DA00000E041420A29ECDC00BFD0480068401CCA
:108DB000CE490860CD4800683228E1DB0020CB496D
:108DC000086014E006E0012011F0AAF9F7F71DFE93
:108DD00000B906E04FF40041CB480DF0A1FF012897
:108DE000F1D000BFC1480068401CC0490860BF48BE
:108DF00000683228E6DB4FF47A7011F091F9FFF742
:108E000044FC3220BC490860BC4800682D30BC4995
:108E1000086041F6583011F083F90020B34908602A
:108E200056E042E0FA20B4490860B44800685A307D
:108E3000B34908600020AD49086019E006E0012050
:108E400011F06EF9F7F7E1FD00B90BE0AD490968E3
:108E5000AB4A1268881A002801DB014600E0414253
:108E60000529ECDC00BFA1480068401C9F49086050
:108E70009E4800683228E1DB4FF47A7011F050F917
:108E8000FFF703FC32209C4908609C4800682D30A5
:108E90009B49086041F6583011F042F9012011F069
:108EA0003FF9F7F7B2FD00B90CE096490A6893491B
:108EB00009682D31501A002801DB014600E04142CB
:108EC0000429AFDC00BF89480068401C874908605E
:108ED000864800683228A4DB4FF4FA6011F020F9CC
:108EE0007E48C07F00F0EF007C49C8774FF47A706D
:108EF00011F016F97948C07F00F0DF007749C87794
:108F0000FA207D490860814800687D49086000209A
:108F10007649086021E006E0012011F001F9F7F739
:108F200074FD00B913E0794A1268744B1B68D11ABA
:108F3000744A1268724B1B68D01A002801DB024683
:108F400000E0424201EBD173B2EB630FE4DC00BFFF
:108F500066480068401C654908606448006832281B
:108F6000D9DB10BD10B50446C820694908606948BE
:108F7000046000205D49086019E006E0012011F05E
:108F8000CFF8F7F742FD00B90BE063490968614A81
:108F90001268881A002801DB014600E041420A29D4
:108FA000ECDC00BF51480068401C504908604F4845
:108FB00000689628E1DBFA20494908604C480068BF
:108FC0002330494908604548C07F40F004004349C8
:108FD000C8770846C07F40F08000C877002043492A
:108FE000086019E006E0012011F09AF8F7F70DFD8E
:108FF00000B90BE03F4909683B4A1268881A00280B
:1090000001DB014600E041420A29ECDC00BF3748A1
:109010000068401C35490860344800683228E1DBAC
:1090200000203249086014E006E0012011F078F8D1
:10903000F7F7EBFC00B906E04FF4006137480DF09C
:109040006FFE0128F1D000BF28480068401C274966
:109050000860264800683228E6DB4FF4FA6011F019
:109060005FF82F480068012802D1FFF794F805E067
:109070002C480068012801D1FFF749F84FF47A70B5
:1090800011F04EF8FA201649086019480068164990
:10909000086000201549086019E006E0012011F081
:1090A0003FF8F7F7B2FC00B90BE0124909680E4A25
:1090B0001268881A002801DB014600E041420A29B3
:1090C000ECDC00BF09480068401C084908600748FC
:1090D000006840F226218842DFDB25E00400002002
:1090E0001C040020C001002008040020940300207C
:1090F00000040020C400002018040020F403002015
:10910000FC030020C0000020000C0240BC01002035
:1091100014040020F0030020B000002000040240EE
:10912000EC000020F000002040F6B83010F0F8FF0E
:10913000F748C07F00F0FB00F549C8774FF47A701C
:1091400010F0EEFFF248C07F00F07F00F049C877D2
:10915000FA20F0490860F0480068F04908600020F3
:10916000EF49086021E006E0012010F0D9FFF7F791
:109170004CFC00B913E0E84A1268EA4B1B68D11AAC
:10918000E94A1268E54B1B68D01A002801DB024649
:1091900000E0424201EBD173B2EB630FE4DC00BFAD
:1091A000DF480068401CDE490860DD48006832285E
:1091B000D9DB10BD10B50446C820DC490860DC4886
:1091C00004600020D649086019E006E0012010F094
:1091D000A7FFF7F71AFC00B90BE0D6490968D44A93
:1091E0001268881A002801DB014600E041420A2982
:1091F000ECDC00BFCA480068401CC9490860C84888
:1092000000689628E1DBC248C07F40F01000C049EA
:10921000C8770846C07F40F02000C877C820C649FC
:109220000860C64800683C30C54908600020BC4959
:10923000086019E006E0012010F072FFF7F7E5FB87
:1092400000B90BE0BF490968BD4A1268881A0028B6
:1092500001DB014600E041420A29ECDC00BFB048D6
:109260000068401CAE490860AD4800683228E1DB68
:109270000020AB49086014E006E0012010F050FF28
:10928000F7F7C3FB00B906E04FF40041AE480DF01C
:1092900047FD0128F1D000BFA1480068401CA0494B
:1092A00008609F4800683228E6DB4FF47A7010F0BF
:1092B00037FFA6480068012802D1FFF7A2F905E0B0
:1092C000A3480068012801D1FFF757F9C8209A493F
:1092D00008609A480068801C9949086000209049FD
:1092E000086019E006E0012010F01AFFF7F78DFB87
:1092F00000B90BE093490968914A1268881A00285E
:1093000001DB014600E041420A29ECDC00BF844851
:109310000068401C82490860814800683228E1DB0F
:1093200040F6B83010F0FCFE7948C07F00F0EF0046
:109330007749C8774FF47A7010F0F2FE7448C07F16
:1093400000F0DF007249C877FA207B490860814845
:1093500000687B49086000207149086021E006E050
:10936000012010F0DDFEF7F750FB00B913E0794A59
:109370001268724B1B68D11A724A1268704B1B68D4
:10938000D01A002801DB024600E0424201EBD17313
:10939000B2EB630FE4DC00BF61480068401C604929
:1093A00008605F4800683228D9DB10BD10B5584806
:1093B000C07F40F004005649C8770846C07F40F09F
:1093C0008000C877FA205349086056480068323058
:1093D0005249086000205249086019E006E0012067
:1093E00010F09EFEF7F711FB00B90BE04E4909683B
:1093F0004A4A1268881A002801DB014600E041420F
:109400000629ECDC00BF46480068401C444908605F
:109410004348006840F226218842DFDB00204049B3
:10942000086014E006E0012010F07AFEF7F7EDFA8C
:1094300000B906E04FF4006147480DF071FC0128C7
:10944000F1D000BF36480068401C354908603448F8
:109450000068FA28E6DB4FF47A7010F061FEFEF740
:10946000BDFAFAF7CAFD40F28B103C49086040F2A1
:1094700013103B49086000202949086019E006E004
:10948000012010F04DFEF7F7C0FA00B90BE03549A6
:109490000968324A1268881A002801DB014600E098
:1094A00041420A29ECDC00BF1D480068401C1C49F1
:1094B00008601B4800689628E1DB00201849086016
:1094C00014E006E0012010F02BFEF7F79EFA00B939
:1094D00006E04FF4006120480DF022FC0128F1D095
:1094E00000BF0F480068401C0D4908600C48006828
:1094F0003228E6DBFA20074908600A48006819307C
:109500000649086000200649086046E033E0000094
:10951000040000201C040020C001002008040020DA
:109520009403002000040020C40000201404002044
:10953000F0030020B000002018040020F4030020F5
:10954000FC030020C0000020000C0240EC000020C2
:10955000F0000020BC01002000040240D8030020DD
:10956000E4030020B8000020012010F0D9FDF7F737
:109570004CFA00B90BE0F7490968F74A1268881AF3
:10958000002801DB014600E041420A29ECDC00BF73
:10959000F2480068401CF1490860F048006840F259
:1095A00026218842B2DB40F6B83010F0B9FDEC4815
:1095B000C07F00F0FB00EA49C8774FF47A7010F0E2
:1095C000AFFDE748C07F00F07F00E549C877FAF7B4
:1095D00006FD40F20910E3490860E3490860FA20FB
:1095E000E2490860E2480068DB4908600020DB4986
:1095F000086021E006E0012010F092FDF7F705FA7F
:1096000000B913E0DA4A1268DA4B1B68D11AD14A62
:109610001268D14B1B68D01A002801DB024600E01B
:10962000424201EBD173B2EB630FE4DC00BFCB48E5
:109630000068401CC9490860C84800683228D9DB66
:1096400010BD10B56420CC490860CC480068C01C2F
:10965000CB4908600020C149086019E006E00120FC
:1096600010F05EFDF7F7D1F900B90BE0C5490968C4
:10967000C34A1268881A002801DB014600E0414213
:109680000A29ECDC00BFB5480068401CB3490860FB
:10969000B24800689628E1DBB148C07F40F0200066
:1096A000AF49C8770846C07F40F00800C8779620C9
:1096B000B5490860B54800680A38B5490860002017
:1096C000A649086019E006E0012010F029FDF7F72F
:1096D0009CF900B90BE0AF490968AD4A1268881AD5
:1096E000002801DB014600E041420A29ECDC00BF12
:1096F0009A480068401C994908609848006840F200
:1097000026218842DFDB00209449086014E006E04F
:10971000012010F005FDF7F778F900B906E04FF4E5
:1097200000419D480DF0FCFA0128F1D000BF8B48A4
:109730000068401C89490860884800683228E6DBD8
:109740004FF47A7010F0ECFCFEF784FAFAF755FC4F
:1097500040F28B108349086040F213108249086080
:1097600000207E49086019E006E0012010F0D8FCD6
:10977000F7F74BF900B90BE088490968794A126894
:10978000881A002801DB014600E041420A29ECDC8E
:1097900000BF72480068401C704908606F4800684C
:1097A0009628E1DB00206D49086014E006E0012006
:1097B00010F0B6FCF7F729F900B906E04FF40041C4
:1097C00075480DF0ADFA0128F1D000BF634800687C
:1097D000401C62490860614800683228E6DB962038
:1097E0006949086069480068C01E6949086000202E
:1097F0005A49086019E006E0012010F091FCF7F7E3
:1098000004F900B90BE063490968614A1268881AD3
:10981000002801DB014600E041420529ECDC00BFE5
:109820004E480068401C4D4908604C48006832288A
:10983000E1DB4FF4FA6010F073FC4948C07F00F0A0
:10984000F7004749C8774FF47A7010F069FC444834
:10985000C07F00F0DF004249C877FAF7C0FB40F252
:1098600009104049086040490860FA2046490860EC
:109870004B4800684649086000203849086021E0EC
:1098800006E0012010F04CFCF7F7BFF800B913E038
:10989000434A1268434B1B68D11A3E4A12683C4B3C
:1098A0001B68D01A002801DB024600E0424201EBAF
:1098B000D173B2EB630FE4DC00BF28480068401CA2
:1098C00026490860254800683228D9DB10BD10B54C
:1098D00064202949086029480068401F2849086019
:1098E00000201E49086019E006E0012010F018FC75
:1098F000F7F78BF800B90BE022490968204A126893
:10990000881A002801DB014600E041420A29ECDC0C
:1099100000BF12480068401C104908600F480068EA
:109920009628E1DB0E48C07F40F040000C49C87724
:109930000846C07F40F08000C877002007490860D3
:109940003FE031E0012010F0EBFBF7F75EF800B9E3
:1099500031E029E0C4000020080400209403002026
:1099600004000020D8030020E40300201C04002091
:10997000C001002000040020140400207C0100200D
:10998000F0030020B000002018040020F80300209D
:10999000FC030020C0000020000C0240B8000020A2
:1099A000BC010020F40300204FF40061FE480DF0DC
:1099B000B7F90128C6D000BFFC480068401CFB492D
:1099C0000860FA4800683228BBDBFA20F8490860D2
:1099D000F84800680F38F84908600020F34908602B
:1099E00019E006E0012010F09BFBF7F70EF800B934
:1099F0000BE0F2490968F04A1268881A002801DB76
:109A0000014600E041420729ECDC00BFE74800685E
:109A1000401CE6490860E548006840F2262188427B
:109A2000DFDB4FF47A7010F07BFBFEF720FAFAF7D9
:109A3000E4FA40F28B10E249086040F21310E14969
:109A400008600020D949086019E006E0012010F004
:109A500067FBF6F7DAFF00B90BE0DB490968D84A83
:109A60001268881A002801DB014600E041420A29F9
:109A7000ECDC00BFCD480068401CCC490860CB48F6
:109A800000689628E1DB0020C849086014E006E081
:109A9000012010F045FBF6F7B8FF00B906E04FF4DF
:109AA0000061C1480DF03CF90128F1D000BFBF486A
:109AB0000068401CBD490860BC4800683228E6DBED
:109AC000FA20BB490860BB4800680838BA490860FA
:109AD0000020B649086019E006E0012010F020FBE4
:109AE000F6F793FF00B90BE0B4490968B24A12686F
:109AF000881A002801DB014600E041420A29ECDC1B
:109B000000BFAA480068401CA8490860A748006830
:109B10003228E1DB4FF4FA6010F002FBAB48C07F63
:109B200000F0BF00A949C8774FF47A7010F0F8FA36
:109B3000A648C07F00F07F00A449C877FAF74FFA23
:109B400040F209109E4908609E490860FA20984931
:109B500008609F48006898490860002093490860A1
:109B600021E006E0012010F0DBFAF6F74EFF00B925
:109B700013E0974A1268974B1B68D11A8F4A1268F4
:109B80008D4B1B68D01A002801DB024600E04242E0
:109B900001EBD173B2EB630FE4DC00BF83480068D4
:109BA000401C82490860814800683228D9DB10BD1A
:109BB00010B56420884908608848006808308849E2
:109BC000086000207949086019E006E0012010F0E3
:109BD000A7FAF6F71AFF00B90BE082490968804A34
:109BE0001268881A002801DB014600E041420A2978
:109BF000ECDC00BF6D480068401C6C4908606B4895
:109C000000689628E1DB7148C07F40F010006F4982
:109C1000C8770846C07F40F02000C877C820724946
:109C20000860724800683A307149086000205F4956
:109C3000086019E006E0012010F072FAF6F7E5FE80
:109C400000B90BE06B490968694A1268881A002854
:109C500001DB014600E041420A29ECDC00BF534829
:109C60000068401C51490860504800683228E1DB18
:109C700000204E49086014E006E0012010F050FA80
:109C8000F6F7C3FE00B906E04FF400415A480DF064
:109C900047F80128F1D000BF44480068401C434900
:109CA0000860424800683228E6DB4FF47A7010F012
:109CB00037FAFEF71EFCFAF7A0F940F28B10404984
:109CC000086040F213103F490860002037490860DF
:109CD00019E006E0012010F023FAF6F796FE00B92D
:109CE0000BE039490968364A1268881A002801DBF6
:109CF000014600E041420A29ECDC00BF2B48006825
:109D0000401C2A490860294800689628E1DB0020A9
:109D10002649086014E006E0012010F001FAF6F789
:109D200074FE00B906E04FF4004133480CF0F8FF30
:109D30000128F1D000BF1D480068401C1B49086085
:109D40001A4800683228E6DBC820274908602748FF
:109D500000681E302649086000201449086019E098
:109D600006E0012010F0DCF9F6F74FFE00B90BE039
:109D7000204909681E4A1268881A002801DB01463A
:109D800000E041420A29ECDC00BF08480068401CA2
:109D900006490860054800683228E1DB4FF4FA60A4
:109DA00010F0BEF9094829E00004024094030020A5
:109DB0001C0400200404002008040020C40000202B
:109DC000D8030020E4030020B80000200400002095
:109DD000C0010020000400201404002078010020AD
:109DE000F0030020B000002018040020F40300203D
:109DF000FC030020C0000020000C0240C07F00F0E7
:109E0000EF00FE49C8774FF47A7010F089F9FB48EB
:109E1000C07F00F0DF00F949C877FAF7E0F840F2B8
:109E20000910F7490860F7490860FA20F649086008
:109E3000F6480068F64908600020F649086021E00D
:109E400006E0012010F06CF9F6F7DFFD00B913E031
:109E5000EE4A1268F04B1B68D11AF04A1268EC4BBC
:109E60001B68D01A002801DB024600E0424201EBE9
:109E7000D173B2EB630FE4DC00BFE6480068401C1E
:109E8000E4490860E34800683228D9DB10BDE448A3
:109E90000068D8B9E3480068C0B9E3480068A8B9C9
:109EA000E248006890B9E248006801280ED1D34822
:109EB000C07F40F00400D149C877A020DD49086088
:109EC000DD4800685A30DD49086061E0D448006828
:109ED00001281BD1D3480068C0B9D3480068A8B98D
:109EE000D248006890B9D248006801280ED1C34812
:109EF000C07F40F00800C149C877A020C24908606F
:109F0000CF4800684138C249086041E0C448006851
:109F100001281CD1C3480068012818D1C248006834
:109F2000A8B9C248006890B9C148006801280ED19C
:109F3000B248C07F40F04000B049C877A020BD497A
:109F40000860C04800684138BC49086020E0B44857
:109F5000006801281CD1B3480068012818D1B24814
:109F60000068012814D1B148006888B9B048006879
:109F700001280DD1A148C07F40F010009F49C8774B
:109F8000A020A1490860A44800685A30A049086090
:109F90007047A3480068D8B9A2480068C0B9A24871
:109FA0000068A8B9A148006890B9A14800680128D4
:109FB0000ED19248C07F40F004009049C877B42089
:109FC0009C4908609C48006855309C49086061E0E5
:109FD0009348006801281BD192480068C0B9924894
:109FE0000068A8B99148006890B9914800680128B4
:109FF0000ED18248C07F40F008008049C877B42065
:10A00000814908608E4800683C388149086041E019
:10A010008348006801281CD182480068012818D1B3
:10A0200081480068A8B98148006890B980480068F4
:10A0300001280ED17148C07F40F040006F49C877B9
:10A04000B4207C4908607F4800683C387B49086040
:10A0500020E07348006801281CD17248006801287C
:10A0600018D171480068012814D17048006888B977
:10A070006F48006801280DD16048C07F40F0100093
:10A080005E49C877B420604908606348006855306D
:10A090005F490860704710B561480068012819D110
:10A0A00060480068B0B96048006898B95F480068C7
:10A0B00080B99FED651ADFED650A0A209FED640AFD
:10A0C000F9F7DCF841F2707010F02AF80020F8F788
:10A0D000A8FF5EE05248006801281AD15148006884
:10A0E000012816D15048006898B95048006880B9D6
:10A0F0009FED551ADFED550A0A209FED550AF9F735
:10A10000BDF841F2707010F00BF80020F8F789FFED
:10A110003FE04348006801281BD1424800680128FD
:10A1200017D141480068012813D14048006880B920
:10A130009FED451ADFED450A0A209FED460AF9F723
:10A140009DF841F270700FF0EBFF0020F8F769FF07
:10A150001FE03348006801281BD1324800680128FD
:10A1600017D131480068012813D130480068012810
:10A170000FD19FED351ADFED350A0A209FED350A24
:10A18000F9F77CF841F270700FF0CAFF0020F8F781
:10A1900048FF10BD10B522480068012819D1214898
:10A1A0000068B0B92048006898B92048006880B9B4
:10A1B000B6EE001ADFED280A0A209FED280AF9F70B
:10A1C0005DF841F270700FF0ABFF0020F8F729FF47
:10A1D00092E01348006801284ED112480068012817
:10A1E0004AD11148006840B91048006828B9B6EE55
:10A1F000001ADFED190A0A2032E03DE004000020D9
:10A20000D8030020E403002018040020BC01002033
:10A21000FC03002094030020F4030020C000002071
:10A22000880200208C02002090020020940200206E
:10A23000CC0300201C04002000040020080400209F
:10A24000F8030020040400209A99993E000061441C
:10A250000040CE4400001643000061C4000016C355
:10A260001FED020AF9F70AF841F270700FF058FF7B
:10A270000020F8F7D6FE3FE0FA48006801281BD11D
:10A28000F9480068012817D1F8480068012813D15F
:10A29000F748006880B9B6EE001A5FED110A0A208F
:10A2A0009FEDF40AF8F7EAFF41F270700FF038FF03
:10A2B0000020F8F7B6FE1FE0EA48006801281BD12D
:10A2C000E9480068012817D1E8480068012813D13F
:10A2D000E748006801280FD1B6EE001A5FED220AA8
:10A2E0000A209FEDE40AF8F7C9FF41F270700FF001
:10A2F00017FF0020F8F795FE10BD10B50020DE49CD
:10A300000860D8480068002839D1D748006800287C
:10A3100035D1D648006888BBD548006870BB64203A
:10A32000D6490860D6480068D64908600020D6495A
:10A33000086019E006E001200FF0F2FEF6F765FB79
:10A3400000B90BE0D1490968CE4A1268881A002882
:10A3500001DB014600E041420A29ECDC00BFCA48AB
:10A360000068401CC8490860C74800689628E1DBBF
:10A37000FDF778FB0120BB49086079E0FFE7B948A9
:10A380000068012838D1B8480068A0BBB748006809
:10A3900088BBB748006870BB6420B8490860BC48F7
:10A3A0000068B84908600020B749086019E006E075
:10A3B00001200FF0B5FEF6F728FB00B90BE0B3491A
:10A3C0000968B04A1268881A002801DB014600E0DB
:10A3D00041420A29ECDC00BFAB480068401CAA4996
:10A3E0000860A94800689628E1DBFDF77BFC0120A6
:10A3F0009D4908603CE0FFE79A480068012837D192
:10A4000099480068012833D19848006880BB984873
:10A41000006868BB6420994908609D4800689949B4
:10A42000086000209849086019E006E001200FF05C
:10A4300077FEF6F7EAFA00B90BE094490968914A09
:10A440001268881A002801DB014600E041420A290F
:10A45000ECDC00BF8C480068401C8B4908608A48CF
:10A4600000689628E1DBFDF746FD01207F49086082
:10A4700000208849086088490860884908600221EE
:10A4800087480CF04DFC10B9FFF784FE01E0FFF7A0
:10A4900002FE10BD10B500207749086071480068C1
:10A4A00000283ED17048006800283AD16F48006803
:10A4B000002836D16E48006890BBC8206F490860FC
:10A4C0006F4800686F49086000206F49086019E014
:10A4D00006E001200FF024FEF6F797FA00B90BE032
:10A4E0006A490968674A1268881A002801DB014630
:10A4F00000E041420829ECDC00BF63480068401CD2
:10A5000061490860604800689628E1DB4FF47A7082
:10A510000FF006FEFEF7CFF8012052490860E8E090
:10A52000FFE75048006801283DD14F480068C8BB8C
:10A530004E480068B0BB4E48006898BBC8204F49E1
:10A54000086053480068C01C4E49086000204E490E
:10A55000086019E006E001200FF0E2FDF6F755FA79
:10A5600000B90BE049490968464A1268881A002870
:10A5700001DB014600E041420829ECDC00BF424813
:10A580000068401C404908603F4800689628E1DBAD
:10A590004FF47A700FF0C4FDFEF7A3F901203249A1
:10A5A0000860A6E0FFE72F48006801283ED12E484A
:10A5B000006801283AD12D480068B0BB2C480068DB
:10A5C00098BBC8202D49086031480068401F2D49BC
:10A5D000086000202C49086019E006E001200FF017
:10A5E0009FFDF6F712FA00B90BE028490968254AE1
:10A5F0001268881A002801DB014600E04142082960
:10A60000ECDC00BF20480068401C1F4908601E4861
:10A6100000689628E1DB4FF47A700FF081FDFEF7B9
:10A620006CFA01201149086063E0FFE70D480068FB
:10A6300001285ED10C48006801285AD10B480068F7
:10A64000012856D10A48006858B9C8200B4908604B
:10A650000B48006808380B49086000200A49086068
:10A660003AE046E0880200208C02002090020020A0
:10A670009402002000C0F344A00200201404002033
:10A6800078010020F003002094030020B000002097
:10A690007C010020E8000020EC000020F0000020F9
:10A6A0000004024006E001200FF03AFDF6F7ADF994
:10A6B00000B90BE0FE490968FE4A1268881A0028B2
:10A6C00001DB014600E041420829ECDC00BFFA480A
:10A6D0000068401CF8490860F74800689628E1DBEC
:10A6E0004FF47A700FF01CFDFEF732FB0120F349A6
:10A6F00008600020F24908600221F2480CF010FBCB
:10A7000010B9FFF747FD01E0FFF7C5FC10BD10B51C
:10A710000020ED490860ED480068002840D1EC4871
:10A72000006800283CD1EB480068002838D1E34895
:10A730000068A0BB6420E8490860E8480068DD497B
:10A7400008600020DC49086019E006E001200FF0F5
:10A75000E7FCF6F75AF900B90BE0D5490968D54A84
:10A760001268881A002801DB014600E041420329F3
:10A77000ECDC00BFD0480068401CCF490860CE48E0
:10A78000006840F226218842DFDB4FF47A700FF038
:10A79000C7FCFDF790FF0120CC490860C8E0FFE747
:10A7A000CA48006801283ED1C9480068D0BBC948E2
:10A7B0000068B8BBC1480068A0BB6420C6490860F7
:10A7C000C7480068BB4908600020BB49086019E021
:10A7D00006E001200FF0A4FCF6F717F900B90BE032
:10A7E000B3490968B34A1268881A002801DB014698
:10A7F00000E041420329ECDC00BFAF480068401C88
:10A80000AD490860AC48006840F226218842DFDB91
:10A810004FF47A700FF084FCFEF763F80120AC4926
:10A82000086085E0FFE7A948006801283FD1A848F3
:10A83000006801283BD1A7480068B8BB9F48006862
:10A84000A0BB6420A4490860A64800689949086034
:10A8500000209949086019E006E001200FF060FC33
:10A86000F6F7D3F800B90BE091490968914A1268EC
:10A87000881A002801DB014600E041420329ECDC94
:10A8800000BF8D480068401C8B4908608A480068FA
:10A8900040F226218842DFDB4FF47A700FF040FC53
:10A8A000FEF72BF901208B49086041E0FFE787485C
:10A8B000006801283CD186480068012838D18548C5
:10A8C0000068012834D17D48006888BB6420824933
:10A8D000086085480068774908600020764908606C
:10A8E00019E006E001200FF01BFCF6F78EF800B926
:10A8F0000BE06F4909686F4A1268881A002801DB6B
:10A90000014600E041420329ECDC00BF6A480068D0
:10A91000401C69490860684800689628E1DB4FF4EC
:10A920007A700FF0FDFBFEF713FA0120634908600F
:10A9300000206E49086010BD10B56D480468F9F735
:10A94000D7FD4FF4FF70F9F766FBB6EE001ADFEDA6
:10A95000690A08209FED680AF8F790FC0020564924
:10A96000086019E006E001200FF0DAFBF6F74DF879
:10A9700000B90BE061490968614A1268881A002829
:10A9800001DB014600E041420A29ECDC00BF4A48F5
:10A990000068401C4849086047480068FA28E1DB25
:10A9A00000204549086020E006E0F6F72EF800B9DF
:10A9B00015E001200FF0B4FB4FF4807151480CF00A
:10A9C000AFF90128F1D040213E480CF0A9F9012847
:10A9D000EBD080213B480CF0A3F90028E5D000BF64
:10A9E00035480068401C344908603348006840F22C
:10A9F0000E618842D8DB0020F8F713FB01204249A2
:10AA0000086032480068F0B931480068D8B9314868
:10AA10000068C0B929480068A8B9B6EE001ADFED91
:10AA2000350A05209FED340AF8F728FC4FF4FA6048
:10AA30000FF076FB4FF47A712046F9F7C1FF002042
:10AA4000F8F7EFFAC0E02148006801281ED120483D
:10AA50000068D8B91F480068C0B918480068A8B98C
:10AA6000B6EE001ADFED230A05209FED230AF8F762
:10AA700005FC4FF4FA600FF053FB4FF47A71204657
:10AA8000F9F79EFF0020F8F7CCFA9DE00F48006828
:10AA9000012862D10E48006801285ED10D48006887
:10AAA00028B90648006810B9B6EE001A2EE054E046
:10AAB000B0000020F0030020940300209402002046
:10AAC000E800002000040240A402002088020020C8
:10AAD0008C0200209002002014040020800100203D
:10AAE00084010020880100208C010020F00000205B
:10AAF000B001002000006144000061C4BC000020DF
:10AB0000E403002000000240A00200205FED070ADD
:10AB100005209FEDFD0AF8F7B1FB0020FB49086016
:10AB200013E006E001200FF0FBFAF5F76EFF00B925
:10AB300005E00421F6480CF0F3F80028F2D000BF3D
:10AB4000F2480068401CF1490860F0480068962807
:10AB5000E7DB0020F8F765FA36E0EE4800680128E8
:10AB600032D1ED48006801282ED1EC480068012858
:10AB70002AD1EB48006838BBB6EE001A5FED230A15
:10AB800005209FEDE10AF8F779FB0020DF49086016
:10AB900013E006E001200FF0C3FAF5F736FF00B925
:10ABA00005E00421DA480CF0BBF80028F2D000BF21
:10ABB000D6480068401CD5490860D44800689628EB
:10ABC000E7DB0020F8F72DFA40F23520F9F723FAF9
:10ABD00010BD10B5FFF79BFD9FEDD21A5FED3B0A4C
:10ABE00009209FEDD10AF8F749FB4FF47A600FF086
:10ABF00097FA0020F8F715FACC480068012801D12F
:10AC0000FFF79AFE0020F8F70CFA10BD10B50020EF
:10AC1000C7490860BF48006800285CD1BE4800688A
:10AC2000002858D1BD480068002854D1BC480068AD
:10AC3000002850D1C820BF490860BF480068BF49FC
:10AC400008600020B149086019E006E001200FF01B
:10AC500067FAF5F7DAFE00B90BE0B9490968B74AB7
:10AC60001268881A002801DB014600E041420529EC
:10AC7000ECDC00BFA5480068401CA4490860A3485C
:10AC800000689628E1DBAC480068FEF76BF902210A
:10AC9000AC480CF045F868B99FEDAB1A5FED6A0A55
:10ACA0000A209FEDAA0AF8F7E9FA41F270700FF056
:10ACB00037FA0CE09FEDA41A5FED720A0A209FEDAF
:10ACC000920AF8F7DBFA41F270700FF029FA0120CE
:10ACD0009049086057E08F480068012853D19C488C
:10ACE000006800284FD1C820924908609948006840
:10ACF0009249086000208549086019E006E00120BB
:10AD00000FF00EFAF5F781FE00B90BE08C490968E7
:10AD10008A4A1268881A002801DB014600E0414295
:10AD20000529ECDC00BF79480068401C77490860C1
:10AD3000764800689628E1DB86480068FEF73AFA14
:10AD400001208349086002217E480BF0E9FF68B9C1
:10AD50009FED7D1A5FED980A0A209FED7C0AF8F7B7
:10AD60008DFA41F270700FF0DBF90CE09FED761A6E
:10AD70005FEDA00A0A209FED640AF8F77FFA41F21E
:10AD800070700FF0CDF900207349086010BD10B548
:10AD9000FFF73CFF0020F8F744F9644800680128F9
:10ADA00038D1F9F7A5FBB6EE001A5FEDAE0A082020
:10ADB0001FEDAF0AF8F762FA0020544908601AE064
:10ADC00006E0F5F722FE00B90FE001200FF0A8F928
:10ADD00040215C480BF0A4FF0028F2D04FF48071B2
:10ADE0005E480BF09DFF0028EBD000BF474800688D
:10ADF000401C464908604548006840F20E618842A0
:10AE0000DEDB0020F8F70DF94FF47A700FF088F9C7
:10AE1000F9F76AF910BD70B55148046851480568E2
:10AE2000F9F766FB40F20910F9F7F5F80020374909
:10AE3000086019E006E001200FF072F9F5F7E5FD72
:10AE400000B90BE048490968484A1268881A002886
:10AE500001DB014600E041420A29ECDC00BF2B483F
:10AE60000068401C29490860284800683228E1DB56
:10AE7000B6EE001A5FEDE10A08201FEDE10AF8F7CF
:10AE8000FDF90020214908601AE006E0F5F7BDFD54
:10AE900000B90FE001200FF043F9402129480BF0E1
:10AEA0003FFF0028F2D04FF480712C480BF038FFA0
:10AEB0000028EBD000BF15480068401C134908600B
:10AEC0001248006840F20E618842DEDB0020F8F78D
:10AED000A8F80120264908604FF47A700FF020F995
:10AEE0000C48006870B90C48006858B90B480068F5
:10AEF00040B90B48006828B94FF47A712046F9F739
:10AF00005FFDB8E036E000000000E144940300205B
:10AF100000100240880200208C02002090020020D5
:10AF2000940200209A99993E0040CE44E800002007
:10AF3000A40200201404002090010020F00300204F
:10AF4000B000002000040240CDCC4C3F00000000C7
:10AF50009802002094010020F00000200000024030
:10AF6000B0010020B4010020BC000020E403002058
:10AF7000A0020020FD48006801280ED1FC480068AE
:10AF800058B9FC48006840B9FB48006828B94FF43C
:10AF90007A712046F9F714FD6DE0F4480068012845
:10AFA00032D1F348006801282ED1F248006858BB1E
:10AFB000F148006840BBB6EE001ADFEDF00A05204C
:10AFC0001FED2F0AF8F75AF90020ED49086013E049
:10AFD00006E001200FF0A4F8F5F717FD00B905E031
:10AFE0000421E8480BF09CFE0028F2D000BFE448A2
:10AFF0000068401CE2490860E14800689628E7DBE9
:10B000000020F8F70EF836E0D8480068012832D161
:10B01000D748006801282ED1D648006801282AD1D7
:10B02000D548006838BBB6EE001ADFEDD40A05201B
:10B030001FED4B0AF8F722F90020D149086013E010
:10B0400006E001200FF06CF8F5F7DFFC00B905E031
:10B050000421CC480BF064FE0028F2D000BFC848A1
:10B060000068401CC6490860C54800689628E7DBB0
:10B070000020F7F7D6FF70BD10B5FFF748FBB6EE1E
:10B08000001ADFEDBE0A09201FED590AF8F7F6F89D
:10B090004FF47A600FF044F80020F7F7C2FFBA4887
:10B0A0000068012801D1FFF7B6FE0020F7F7B9FFCD
:10B0B00010BD10B5FFF72BFB0020F7F7B2FF10BD56
:10B0C00010B50020B1490860A8480068002839D1AF
:10B0D000A7480068002835D1A648006888BBA64864
:10B0E000006870BB6420AA490860AA480068AA49A1
:10B0F00008600020A249086019E006E001200FF076
:10B100000FF8F5F782FC00B90BE0A4490968A24AE0
:10B110001268881A002801DB014600E04142032939
:10B12000ECDC00BF96480068401C954908609448D4
:10B1300000689628E1DBFDF7BEFA01208B49086024
:10B14000B8E0FFE789480068012838D188480068DE
:10B15000A0BB8848006888BB8748006870BB642033
:10B160008B4908608E4800688B490860002084493C
:10B17000086019E006E001200EF0D2FFF5F745FC6B
:10B1800000B90BE085490968834A1268881A0028CB
:10B1900001DB014600E041420329ECDC00BF7848B6
:10B1A0000068401C76490860754800689628E1DB15
:10B1B000FDF797FB01206E4908607BE0FFE76B48D5
:10B1C0000068012839D16A480068012835D16948EA
:10B1D000006888BB6848006870BB64206C490860E0
:10B1E000704800686C49086000206549086019E0F3
:10B1F00006E001200EF094FFF5F707FC00B90BE024
:10B2000066490968644A1268881A002801DB014609
:10B2100000E041420329ECDC00BF59480068401CB3
:10B2200057490860564800689628E1DBFDF765FC41
:10B230000120504908603DE0FFE74C4800680128C4
:10B2400038D14B480068012834D14A4800680128A9
:10B2500030D14948006868BB64204D4908605248B5
:10B2600000684D49086000204549086019E006E083
:10B2700001200EF055FFF5F7C8FB00B90BE0474978
:10B280000968454A1268881A002801DB014600E077
:10B2900041420329ECDC00BF39480068401C3849B2
:10B2A0000860374800689628E1DBFDF751FD012072
:10B2B0003149086000203D49086010BD10B50020EC
:10B2C000324908602948006800284ED128480068A3
:10B2D00000284AD127480068002846D1264800683F
:10B2E00000287CD1C8202A490860314800682A49D2
:10B2F000086000202249086019E006E001200EF0F5
:10B300000FFFF5F782FB00B90BE024490968224AD8
:10B310001268881A002801DB014600E04142052935
:10B32000ECDC00BF16480068401C15490860144852
:10B3300000689628E1DB1E480068FDF713FE012037
:10B340000A49086002211B480BF0EAFCC0BBB6EEBC
:10B35000001ADFED190A0A209FED180AF7F78EFF91
:10B3600041F270700EF0DCFE91E038E088020020BF
:10B370008C02002090020020940200200000614412
:10B380009403002000100240E8000020A8020020E2
:10B390001404002098010020F0030020B0000020D9
:10B3A0009C010020A0010020A4010020EC0000204E
:10B3B000A801002000040240000061C40040E244F3
:10B3C000FFE79FEDFE1A5FED130A0A20B2EE040AB2
:10B3D000F7F754FF41F270700EF0A2FE57E0F84804
:10B3E0000068012853D1F748006800284FD1C820D1
:10B3F000F5490860F5480068F54908600020F549FE
:10B40000086019E006E001200EF08AFEF5F7FDFA6B
:10B4100000B90BE0F0490968ED4A1268881A002863
:10B4200001DB014600E041420329ECDC00BFE948B2
:10B430000068401CE7490860E64800689628E1DBA0
:10B44000E2480068FDF7B6FE0120DE4908600221EF
:10B45000E2480BF065FC68B9B6EE001A5FED2A0A07
:10B460000A201FED2A0AF7F709FF41F270700EF06B
:10B4700057FE0CE0B6EE001A5FED400A0A20B2EE6D
:10B48000040AF7F7FBFE41F270700EF049FE00204F
:10B49000D349086010BD10B50020D2490860C848E3
:10B4A000006800285ED1D048006800285AD1CF48F3
:10B4B0000068002856D1CE480068002852D1C82024
:10B4C000C1490860CB480068001FC14908600020DE
:10B4D000C049086019E006E001200EF021FEF5F7F2
:10B4E00094FA00B90BE0BC490968B94A1268881A95
:10B4F000002801DB014600E041420329ECDC00BFEB
:10B50000B4480068401CB3490860B24800689628F7
:10B51000E1DBB8490968081FFDF724FD0120A849AF
:10B5200008600221AD480BF0FBFB68B99FEDA31A40
:10B530005FED5F0A0C209FEDB00AF7F79FFE4FF416
:10B540007A600EF0EDFD65E09FED9C1A5FED750AE7
:10B550000C20B3EE040AF7F791FE4FF47A600EF078
:10B56000DFFD57E096480068012853D195480068F0
:10B5700000284FD1C8209449086094480068944935
:10B58000086000209349086019E006E001200EF0F1
:10B59000C7FDF5F73AFA00B90BE08F4909688C4A04
:10B5A0001268881A002801DB014600E041420329A5
:10B5B000ECDC00BF87480068401C8649086085486D
:10B5C00000689628E1DB81480068FDF7F3FD012063
:10B5D0007C490860022181480BF0A2FB68B99FED0D
:10B5E000771A5FED8B0A0C209FED830AF7F746FE72
:10B5F0004FF47A600EF094FD0CE09FED701A5FED51
:10B60000A10A0C20B3EE040AF7F738FE4FF47A6073
:10B610000EF086FD00207249086010BD10B50020B4
:10B620007649086066480068002842D16E48006884
:10B6300000283ED16D48006800283AD16C48006867
:10B64000002836D16420604908606D480068604970
:10B65000086000205F49086019E006E001200EF054
:10B660005FFDF5F7D2F900B90BE05B490968584A6C
:10B670001268881A002801DB014600E041420529D2
:10B68000ECDC00BF53480068401C52490860514838
:10B6900000689628E1DB4FF47A700EF041FDFDF76B
:10B6A00085FE01204649086040F20910F8F7B3FC16
:10B6B000FAE043480068012841D14B480068E8BBE4
:10B6C0004A480068D0BB4A480068B8BB64203E497D
:10B6D00008604C480068C01C3D49086000203D4996
:10B6E000086019E006E001200EF01AFDF5F78DF96B
:10B6F00000B90BE038490968354A1268881A0028F1
:10B7000001DB014600E041420529ECDC00BF314885
:10B710000068401C2F4908602E4800689628E1DB2D
:10B720004FF47A700EF0FCFCFDF78BFF40F209102D
:10B73000F8F771FC01202C490860B5E0FFE72048CC
:10B74000006801286AD128480068012866D1274886
:10B75000006888BB2648006870BB64201A490860EE
:10B7600028480068401F1A490860002019490860ED
:10B7700019E006E001200EF0D3FCF5F746F900B918
:10B780000BE015490968124A1268881A002801DB83
:10B79000014600E041420529ECDC00BF0D4800688D
:10B7A000401C0C4908600B4800689628E1DB4FF408
:10B7B0007A700EF0B5FC27E030E00000CDCC4C3FB5
:10B7C000880200209802002014040020AC01002010
:10B7D000F003002094030020B00000200004024089
:10B7E000EC000020A80200208C0200209002002023
:10B7F00094020020A80100200080E344A002002061
:10B80000780100207C010020FEF761F840F2091069
:10B81000F8F701FC0120FD49086045E0FC4800689C
:10B82000012841D1FB48006801283DD1F748006854
:10B83000012839D1F8480068B0BB6420F749086096
:10B84000F74800680838F74908600020F6490860A2
:10B8500019E006E001200EF063FCF5F7D6F800B918
:10B860000BE0F2490968EF4A1268881A002801DBE8
:10B87000014600E041420529ECDC00BFEA480068CF
:10B88000401CE9490860E84800689628E1DB4FF46D
:10B890007A700EF045FCFEF78BF940F20910F8F7CC
:10B8A000BAFB0120DC4908600020E1490860022160
:10B8B000E0480BF035FA10B9FEF76CFC01E0FEF73A
:10B8C000EAFB10BD70B504460B46201E01DB0646A0
:10B8D00000E0464231463C2901DD104670BD0C298E
:10B8E00001DA1846FAE700EE901AF8EEE00A9FED4A
:10B8F000D21A30EE811A00EE901AF8EEE00A80EECD
:10B90000810AD01A00EE900AB8EEE01A00EE903AE2
:10B91000F8EEE00A41EE000AFDEEE00A10EE905A61
:10B920002846DBE72DE9F04104460D460020BE49DC
:10B9300008603DE02CE0C1480068071B2D2204216F
:10B940003846FFF7BFFF0646BC480068001B0028CA
:10B9500009DD9FEDBB1ADFEDBB0A30469FEDBA0A49
:10B96000F7F78CFC10E0B5480068001B09D59FED87
:10B97000B41ADFEDB40A30469FEDB40AF7F77EFC47
:10B9800002E00020F7F74DFBF5F73FF800B909E0BA
:10B99000AA490968081B002801DB014600E0414272
:10B9A0000129C8DC00BFA0480068401C9E4908600F
:10B9B0009D480068A842BDDBBDE8F0812DE9F0415B
:10B9C00004460D460020984908603DE02CE0A04860
:10B9D0000068071B082204213846FFF773FF06465C
:10B9E0009B480068001B002809DDB6EE001ADFED59
:10B9F000950A30469FED970AF7F740FC10E094480F
:10BA00000068001B09D5B6EE001ADFED8E0A30463D
:10BA10009FED8C0AF7F732FC02E00020F7F701FBFC
:10BA2000F4F7F3FF00B909E089490968081B002809
:10BA300001DB014600E041420129C8DC00BF7A4831
:10BA40000068401C7849086077480068A842BDDB60
:10BA5000BDE8F0812DE9F04104460D460020724911
:10BA600008603DE02CE07C480068071B322204217E
:10BA70003846FFF727FF064677480068001B002876
:10BA800009DD9FED761ADFED6F0A30469FED6F0AF4
:10BA9000F7F7F4FB10E070480068001B09D59FED34
:10BAA0006F1ADFED680A30469FED670AF7F7E6FB8D
:10BAB00002E00120F7F7B5FAF4F7A7FF00B909E0B3
:10BAC00065490968081B002801DB014600E0414286
:10BAD0000129C8DC00BF54480068401C5249086076
:10BAE00051480068A842BDDBBDE8F0812DE9F04176
:10BAF00004460D4600204C4908603BE02AE05648C9
:10BB00000068071B3846F8F741FF064652480068B0
:10BB1000001B002809DD9FED4A1ADFED4E0A304672
:10BB20009FED490AF7F7AAFB10E04B480068001B9D
:10BB300009D59FED431ADFED470A30469FED430AD2
:10BB4000F7F79CFB02E00020F7F76BFAF4F75DFFD4
:10BB500000B909E040490968081B002801DB0146DB
:10BB600000E041420129CADC00BF2F480068401CA8
:10BB70002D4908602C480068A842BFDBBDE8F08171
:10BB80003748C079C8B13648407800F00800A0B105
:10BB90003448C07F40F004003249C8770846C07F6F
:10BBA00040F00800C8770846C07F40F04000C877E2
:10BBB0000846C07F40F01000C877704700B5F8F71E
:10BBC0001CFA40F28B102849086040F213102749F4
:10BBD000086000BD10B503210420F6F7A4F8032087
:10BBE0002349086010BD73B52DED028B282505266D
:10BBF0009FED150AB0EE408A19480079322839DBEA
:10BC000017480079C82835DC012034E09002002074
:10BC1000880200208C0200209402002014040020DE
:10BC200078010020F003002094030020B0000020E1
:10BC3000E80000200004024000000C42A0000020A8
:10BC40006666663F00006144000000000000E144B9
:10BC500098000020000061C4A40000203333333F6B
:10BC6000A307002004000020D8030020E4030020E4
:10BC70005402002000200446FE48407800F00100F5
:10BC800030B19DF80C501FED0B0AB0EE408A05E074
:10BC90009DF80850B6EE000AB0EE408AF5480078EC
:10BCA00000F0080098B1F348007800F0100070B977
:10BCB000F048007800F0200048B9EE48007800F025
:10BCC000400020B929460020F7F7CEFAB1E0E94854
:10BCD000007800F00800A0B9E648007800F01000F5
:10BCE00078B1E448007800F0200050B9E1480078CD
:10BCF00000F0400028B929464FF4E160F7F7B4FAA4
:10BD000097E0DC48007800F00800A0B9D948007836
:10BD100000F0100078B9D748007800F0200050B14A
:10BD2000D448007800F0400028B929464FF46170EB
:10BD3000F7F79AFA7DE0CF48007800F0080098B94C
:10BD4000CC48007800F0100070B9CA48007800F0C4
:10BD5000200048B9C748007800F0400020B12946CB
:10BD6000C548F7F781FA64E0C248007800F008009F
:10BD7000A0B1C048007800F0100078B9BD48007844
:10BD800000F0200050B1BB48007800F0400028B916
:10BD900029464FF4E170F7F767FA4AE0B5480078B2
:10BDA00000F0080098B1B348007800F0100070B9B6
:10BDB000B048007800F0200048B9AE48007800F0A4
:10BDC000400020B12946AD48F7F74EFA31E0A948C6
:10BDD000007800F00800A0B9A648007800F0100034
:10BDE00078B1A448007800F0200050B1A148007854
:10BDF00000F0400028B9294640F24650F7F734FADF
:10BE000017E09C48007800F0080090B99948007845
:10BE100000F0100068B19748007800F0200040B9A9
:10BE20009448007800F0400018B129469448F7F78C
:10BE30001BFA9048007800F00800F8B98D480078A7
:10BE400000F01000D0B98B48007800F02000A8B9AD
:10BE50008848007800F0400080B97CB1F6F77BFE9E
:10BE600060B18448407800F0400038B9814840789B
:10BE700000F0200010B90520F7F7D3F814B1F7F758
:10BE8000F9F827E07B48007932280EDAF6F763FEEE
:10BE900028B10020B1EE480AF7F7D6F91AE00020E1
:10BEA000B1EE480AF7F7D0F914E072480079C828D3
:10BEB0000EDDF6F750FE28B10020B0EE480AF7F785
:10BEC000C3F907E00020B0EE480AF7F7BDF901E03A
:10BED000F7F7D0F8BDEC028B7CBDFEB504460D46ED
:10BEE00016469620674908606748006867490860F9
:10BEF000FA20674908606748006867490860F8F7F2
:10BF000083F84FF4AF70654908606549086065487B
:10BF100090F8230040F00100624981F823006FF09F
:10BF20009500A0EB440000EE900AF8EEE00AB0EEB7
:10BF3000600A1FEDB61AF1EE040A1E20F7F79EF90B
:10BF400000205949086010E003E0F4F75EFD00B9F5
:10BF500005E0A4F11400554909688842F5DC00BFEA
:10BF600051480068401C504908604F4800686428E8
:10BF7000EADB40F26220494908604FF416704849F4
:10BF800008600020484908601EE012E00F2096215A
:10BF900001222346CDE900210290002211461920FA
:10BFA000FAF722FF01200EF0BBF8F4F72EFD00B9DE
:10BFB00004E03F480068B0F5EB7FE7DB00BF3A489C
:10BFC0000068401C38490860374800683228DCDBCC
:10BFD0000020354908601AE00FE00F209621012269
:10BFE0002346CDE900210290002211461720FAF7DE
:10BFF000FBFEF4F70AFD00B903E02E48006817289D
:10C00000EBDC00BF28480068401C27490860264830
:10C010000068FA28E0DB234890F8230040F0020093
:10C02000204981F8230000201F49086048E00FE004
:10C030000F20642101222346CDE900210290002235
:10C0400011460720FAF7D0FEF4F7DFFC00B90CE048
:10C050004FF4805118480AF063FE012805D181028F
:10C0600015480AF05DFE0128E2D000BF0E480068C6
:10C07000401C23E0A30700207CFCFFFF3EFEFFFFE7
:10C08000BAFAFFFF18040020BC010020FC030020C6
:10C090001C040020C001002008040020D803002058
:10C0A000E40300200400002094030020A4000020EA
:10C0B000B80000209C00002000100240F8490860F1
:10C0C000F74800686428B2DB40F6B8300EF028F874
:10C0D0003220F6F7A6FF4FF4FA600EF021F80020A8
:10C0E000EF49086035E021E00821EE480AF018FE2B
:10C0F000012804D10621EC48F7F7B6F80FE04FF419
:10C100000041E8480AF00CFE012805D1062140F262
:10C110005230F7F7A9F802E00020F6F782FF01207D
:10C120000DF0FEFFF4F771FC00B90CE04FF4004194
:10C13000DC480AF0F5FD0128D6D00821D9480AF0DC
:10C14000EFFD0128D0D000BFD5480068401CD4497D
:10C150000860D3480068B0F5FA7FC4DB0020F6F72A
:10C1600060FFD24890F8230000F0FE00CF4981F82C
:10C1700023004FF4FA600DF0D3FF0020C849086097
:10C1800013E006E001200DF0CBFFF4F73EFC00B910
:10C1900005E00221C3480AF0C3FD0128F2D000BF28
:10C1A000BF480068401CBE490860BD480068B0F543
:10C1B000FA7FE6DB0020F6F734FF1E20BC4908605A
:10C1C0004620BC49086040F26220BB4908604FF439
:10C1D0001670BA4908604FF47A600DF0A1FF1E2076
:10C1E000F6F71FFF40F29920B3490860401FB3499A
:10C1F0000860AE4890F8230000F0FD00AB4981F8DC
:10C20000230041F288300DF08BFF1E212846F7F7FE
:10C210002BF800219FEDAA0AA3483238F6F787FFD2
:10C22000F6F7DDF8F7F7F0FE11E005200DF078FFE6
:10C23000F4F7EBFB00B910E0A248006810F5E17FCD
:10C2400005DA40F209109C4908609C4908609D4845
:10C250000068954964318842E7DC00BFB6EE001AF9
:10C26000DFED990A08209FED990AF7F707F80020FB
:10C270008B49086019E006E005200DF051FFF4F746
:10C28000C4FB00B90BE04FF4807186480AF048FD0A
:10C2900028B9802183480AF043FD0028ECD000BF74
:10C2A0007F480068401C7E4908607D48006864281B
:10C2B000E1DB4FF4FA600DF033FF4FF47A71304652
:10C2C000FFF714FC0020F6F7ACFE14207849086054
:10C2D0002D2078490860FF20774908607749086079
:10C2E000FEBD10B5F7F790FEFF2073490860734953
:10C2F00008604FF4FA600DF013FF6C48C07F40F007
:10C3000004006A49C877B0EE001ADFED700A142005
:10C310009FED6F0AF6F7B2FF06E005200DF000FF73
:10C32000F4F773FB00B905E06648006840F27F311E
:10C330008842F2DB00BF0020F6F773FE6548006814
:10C34000012806D14FF47A7163480068FFF782FB39
:10C350000AE06048006838B95F490968A1F10F0038
:10C360004FF47A71FFF776FB5C480068012804D12E
:10C3700001210420F5F7D7FC02E0002058490860AD
:10C380000020F6F74EFE10BD10B5F7F73DFEFF207A
:10C3900049490860494908604FF4FA600DF0C0FE51
:10C3A0004248C07F40F004004049C877B0EE001A10
:10C3B000DFED460A14209FED4B0AF6F75FFF06E01B
:10C3C00005200DF0ADFEF4F720FB00B905E03D4877
:10C3D000006840F27F318842F2DB00BF0020F6F7B0
:10C3E00020FE3C48006840B93F490968A1F10F00B0
:10C3F0004FF47A71FFF72EFB09E0364800680128F8
:10C4000005D14FF47A7138480068FFF723FB00200C
:10C41000F6F707FE31480068022804D10121042004
:10C42000F5F781FC02E000202D49086010BD10B531
:10C43000F7F7EAFDFF2020490860204908604FF423
:10C44000FA600DF06DFE1948C07F40F004001749F6
:10C45000C877B0EE0C1ADFED1D0A0F209FED230AFE
:10C46000F6F70CFF06E005200DF05AFEF4F7CDFAC2
:10C4700000B905E01348006840F27F318842F2DBE2
:10C4800000BF0020F6F7CDFD12480068012831D129
:10C490004FF47A7116480068FFF7DCFA35E00000C7
:10C4A0009403002000100240AEFCFFFF04000020B7
:10C4B0000C04002010040020D8030020E403002016
:10C4C0009A9999BF48030020000061C400006144AC
:10C4D00000C0C1C4E8000020C801002060020020A4
:10C4E000640200200040CEC4D001002000C080C4FF
:10C4F000E8010020FB48006838B9FB490968A1F150
:10C500000F004FF47A71FFF7A5FAF8480068032886
:10C5100004D101210420F5F706FC02E00020F449D3
:10C5200008600020F6F77DFD10BD70B504460D468D
:10C530000020F049086011E006E001200DF0F0FD58
:10C54000F4F763FA00B903E0EB480068A042F4DBBB
:10C5500000BFE8480068401CE6490860E5480068FC
:10C56000A842E9DB70BD3EB50446F7F74DFDE34850
:10C570000068FA30E2490860E2480068FA30E249AF
:10C5800008609FEDE21A5FED2F0A26201FED320AA8
:10C59000F6F774FE0020D749086011E006E001209C
:10C5A0000DF0BEFDF4F731FA00B903E0D24800689F
:10C5B0007328F4DC00BFCF480068401CCD490860F8
:10C5C000CC480068FA28E9DB0020CA49086023E06B
:10C5D00010E01E20962102222346CDE90021029080
:10C5E0004FF4617251421C20FAF750FCF4F70DFA37
:10C5F00000B90BE0C6490968C34A1268881A0028C6
:10C6000001DB014600E041421429E2DC00BFB948E9
:10C610000068401CB7490860B6480068FA28D7DBB4
:10C620009FEDBA1A5FED570A19201FED590AF6F768
:10C6300025FE0020AF49086011E006E001200DF062
:10C640006FFDF4F7E2F900B903E0AB4800683C285D
:10C65000F4DC00BFA7480068401CA6490860A54854
:10C660000068FA28E9DB9F480068012807D1FA2012
:10C67000A8490860A8480068DC38A849086040F26A
:10C68000B920F7F7C8FC97480068002861D199499C
:10C6900008601FE014E01E2096210222A4F10F037F
:10C6A000CDE9002102904FF4617251421220FAF755
:10C6B000EDFB01200DF034FDF4F7A7F900B903E01C
:10C6C0008D4800680F28E6DC00BF8A480068401CDF
:10C6D0008849086087480068FA28DBDB0020854924
:10C6E00008602BE011E01E2096210222A4F10F0326
:10C6F000CDE9002102904FF4617251420820FAF70F
:10C70000C5FBF4F782F900B912E0402184480AF031
:10C7100007FB0128E7D04FF4807182480AF000FB44
:10C720000128E0D080217E480AF0FAFA0028DAD009
:10C7300000BF70480068401C6E4908606D48006882
:10C74000FA28CFDBA4F10F004FF47A71F9F7E0FE7D
:10C7500062E06448006801285ED1002065490860F5
:10C760001EE013E01E20962102222346CDE900217F
:10C7700002904FF4617251421220FAF787FB0120B8
:10C780000DF0CEFCF4F741F900B903E05A48006817
:10C790000F28E7DC00BF57480068401C5549086077
:10C7A00054480068FA28DCDB0020524908602AE07F
:10C7B00010E01E20962102222346CDE9002102909E
:10C7C0004FF4617251420820FAF760FBF4F71DF94B
:10C7D00000B912E0402152480AF0A2FA0128E8D03C
:10C7E0004FF480714F480AF09BFA0128E1D0802174
:10C7F0004B480AF095FA0028DBD000BF3D4800689E
:10C80000401C3C4908603B480068FA28D0DB4FF4E4
:10C810007A712046F9F77CFE0020F6F702FC3EBD57
:10C820003EB50446F7F7F0FB34480068FA30344967
:10C83000086034480068FA30334908609FED331AC5
:10C840005FEDDE0A26201FEDE00AF6F717FD002057
:10C850002849086011E006E001200DF061FCF4F7C2
:10C86000D4F800B903E0244800687328F4DC00BF62
:10C8700020480068401C1F4908601E480068FA28CC
:10C88000E9DB9FED221A5FEDEF0A1C201FEDF20A93
:10C89000F6F7F4FC00201749086011E006E00120DB
:10C8A0000DF03EFCF4F7B1F800B903E0124800685F
:10C8B0003C28F4DC00BF0F480068401C0D490860AC
:10C8C0000C480068FA28E9DBB6EE001ADFED160A1C
:10C8D00019209FED160AF6F7D1FC002005490860E3
:10C8E00038E00000E8000020E8010020600200209D
:10C8F000640200209403002098000020D003002050
:10C90000D8030020DC030020E40300206666663FB5
:10C91000BC0000201C040020C001002008040020EE
:10C92000000402400000024000006144000061C4B5
:10C9300006E001200DF0F4FBF4F767F800B903E01E
:10C94000FB4800681E28F4DC00BFFA480068401C61
:10C95000F8490860F7480068FA28E9DBF6480068FB
:10C96000012807D1FA20F5490860F5480068C83861
:10C97000F4490860F0480068002866D1ED49086075
:10C980001FE014E01E20F0490222A4F10F03CDE9BC
:10C99000002102904FF4617251421220FAF724FAFA
:10C9A00001200DF0BDFBF4F730F800B903E0E048DA
:10C9B00000681E28E6DC00BFDE480068401CDD4938
:10C9C0000860DC480068FA28DBDB0020D9490860F1
:10C9D0002EE014E01E20DC490222A4F10F03CDE971
:10C9E000002102904FF4617251420820FAF7FCF9DD
:10C9F000F4F70BF800B915E001200DF091FB402190
:10CA0000D2480AF08DF90128E4D04FF48071D04863
:10CA10000AF086F90128DDD08021CC480AF080F99F
:10CA20000028D7D000BFC3480068401CC149086037
:10CA3000C048006840F20E618842CADBA4F10F00D2
:10CA40004FF47A71F9F764FD6BE0BB480068012888
:10CA500067D10020B74908601EE013E01E20BA49E4
:10CA600002222346CDE9002102904FF46172514227
:10CA70001220FAF7B9F901200DF052FBF3F7C5FFC8
:10CA800000B903E0AA4800680F28E7DC00BFA94806
:10CA90000068401CA7490860A6480068FA28DCDB4B
:10CAA0000020A44908602DE013E01E20A6490222C0
:10CAB0002346CDE9002102904FF4617251420820D3
:10CAC000FAF792F9F3F7A1FF00B915E001200DF094
:10CAD00027FB40219D480AF023F90128E5D04FF4B7
:10CAE00080719B480AF01CF90128DED0802197480C
:10CAF0000AF016F90028D8D000BF8E480068401C04
:10CB00008C4908608B48006840F20E618842CBDB9C
:10CB100040F23520F7F77FFA4FF47A712046F9F7A3
:10CB2000F7FC0020F6F77DFA3EBD3EB50446F7F768
:10CB30006BFA88480068FA308749086087480068BF
:10CB4000FA30874908601FED8F1A5FED890A2320AC
:10CB50001FED8A0AF6F792FB00207649086011E083
:10CB600006E001200DF0DCFAF3F74FFF00B903E017
:10CB70006F4800687328F4DC00BF6E480068401CF2
:10CB80006C4908606B480068FA28E9DB1FEDA11AC0
:10CB90005FED9B0A1C201FED9B0AF6F76FFB002040
:10CBA0006449086011E006E001200DF0B9FAF3F7DE
:10CBB0002CFF00B903E05E4800685028F4DC00BF99
:10CBC0005C480068401C5B4908605A480068FA28C5
:10CBD000E9DB0020574908601FE014E01E20962181
:10CBE000022204F10F03CDE9002102904FF461729B
:10CBF00051421420F8F74FFC01200DF091FAF3F7A1
:10CC000004FF00B903E04A4800681E28E6DC00BFC4
:10CC100048480068401C4749086046480068FA28B0
:10CC2000DBDB5048C07F40F004004E49C8774248E3
:10CC30000068012807D1FA20404908604048006890
:10CC4000C8384049086040F2B920F7F7E4F93A489B
:10CC5000006800286AD1374908601FE014E01E20F0
:10CC60009621022204F10F03CDE9002102904FF436
:10CC7000617251421220F8F70EFC01200DF050FABB
:10CC8000F3F7C3FE00B903E0294800680F28E6DC8B
:10CC900000BF28480068401C2649086025480068F5
:10CCA000FA28DBDB0020234908602EE014E01E2078
:10CCB0009621022204F10F03CDE9002102904FF4E6
:10CCC000617251420820F8F7E6FB01200DF028FAC6
:10CCD000F3F79BFE00B912E040211C480AF020F84F
:10CCE0000128E4D04FF4807119480AF019F801289E
:10CCF000DDD0802115480AF013F80028D7D000BFF6
:10CD00000C480068401C0B4908600A48006840F263
:10CD10000E618842CADB4FF47A700DF001FA4FF4CD
:10CD20007A7104F10F00F7F74BFE89E01CE0000078
:10CD30009800002094030020E80000201C0400203C
:10CD4000C001002008040020A2FEFFFF00040240F2
:10CD500000000240D0030020D8030020DC030020A4
:10CD6000E403002004000020FE480068012867D189
:10CD70000020FD4908601EE013E01E2096210222DB
:10CD80002346CDE9002102904FF4617251421220F6
:10CD9000F8F781FB01200DF0C3F9F3F736FE00B977
:10CDA00003E0F24800680F28E7DC00BFEE480068A7
:10CDB000401CED490860EC480068FA28DCDB0020E4
:10CDC000E94908602DE013E01E2096210222234647
:10CDD000CDE9002102904FF4617251420820F8F72A
:10CDE0005AFB01200DF09CF9F3F70FFE00B912E099
:10CDF0004021DF4809F094FF0128E5D04FF480710D
:10CE0000DC4809F08DFF0128DED08021D84809F0E8
:10CE100087FF0028D8D000BFD3480068401CD24903
:10CE20000860D148006840F20E618842CBDB4FF4C5
:10CE30007A700DF075F94FF47A712046F7F7C0FD5E
:10CE40000020F6F7EEF83EBD10B506E001200DF02B
:10CE500067F9F3F7DAFD00B903E0C7480068012875
:10CE6000F4D000BF10BD10B5FFF73BFAFFF7ECFFA1
:10CE7000C148006818B9C1480068FFF774FB012079
:10CE8000BD49086010BD10B5FFF77EFAFFF7DCFF63
:10CE9000B948006818B9BA480068FFF7C1FC01201A
:10CEA000B549086010BD10B5FFF7C1FAFFF7CCFF18
:10CEB000B148006830B9B3480068FFF736FE01207A
:10CEC000AD49086010BD10B50120AF490860AF48FA
:10CED000006800286AD1AE480068002866D1AD48D5
:10CEE0000068002862D1AC48006800285ED1C821E3
:10CEF000AA480068F7F764FDB6EE001ADFEDA80A4D
:10CF000005209FEDA80AF6F7B9F9002096490860B8
:10CF100011E006E001200DF003F9F3F776FD00B90A
:10CF200003E0924800681F28F4DC00BF8E480068C8
:10CF3000401C8D4908608C4800689628E9DB002079
:10CF4000F6F76FF840F23520F7F765F800208649CC
:10CF5000086019E006E001200DF0E2F8F3F755FD56
:10CF600000B90BE090490968904A1268881A0028B5
:10CF700001DB014600E041420A29ECDC00BF7A48AF
:10CF80000068401C7849086077480068FA28E1DBAF
:10CF90009FED871ADFED820A06209FED860AF6F7DD
:10CFA0006DF940F6C4100DF0BBF8CFE1774800688A
:10CFB00001286AD176480068002866D17548006863
:10CFC000002862D17448006800285ED1C8217348E7
:10CFD0000068F7F7F5FCB6EE001ADFED710A0520E0
:10CFE0009FED700AF6F74AF900205F49086011E0EA
:10CFF00006E001200DF094F8F3F707FD00B903E017
:10D000005A4800681F28F4DC00BF57480068401CDD
:10D0100055490860544800689628E9DB0020F6F777
:10D0200000F840F23520F6F7F6FF00204E49086080
:10D0300019E006E001200DF073F8F3F7E6FC00B903
:10D040000BE059490968594A1268881A002801DB1F
:10D05000014600E041420A29ECDC00BF424800687A
:10D06000401C4149086040480068FA28E1DB9FED18
:10D07000501ADFED4B0A06209FED4E0AF6F7FEF838
:10D0800040F6C4100DF04CF860E1404800680128FB
:10D0900066D13F4800680128FAD13E480068002860
:10D0A0005ED13D48006800285AD1C8213B4800683D
:10D0B000F7F786FC4FF4FF70F6F7ADFFB6EE001AF7
:10D0C000DFED370A08209FED370AF6F7D7F8002082
:10D0D0002549086019E006E001200DF021F8F3F77A
:10D0E00094FC00B90BE030490968304A1268881A8C
:10D0F000002801DB014600E041420A29ECDC00BFC8
:10D1000019480068401C1849086017480068FA2848
:10D11000E1DB00201449086014E006E0F3F775FC39
:10D1200000B909E001200CF0FBFF4FF480711148B9
:10D1300009F0F6FD0128F1D000BF0B480068401C43
:10D14000094908600848006840F20E618842E4DB43
:10D150000A20F5F766FF40F23520F6F75CFF2BE07A
:10D160005AE00000E800002094030020980000200E
:10D17000000402400000024064020020C8010020B8
:10D18000D0010020DC010020A40200208802002041
:10D190008C0200209002002094020020B0010020A8
:10D1A00000006144000061C4BC000020E4030020D2
:10D1B000CDCCCC3D000000000020FE49086019E005
:10D1C00006E001200CF0ACFFF3F71FFC00B90BE008
:10D1D000F9490968F94A1268881A002801DB0146F2
:10D1E00000E041420A29ECDC00BFF2480068401C24
:10D1F000F0490860EF480068FA28E1DB1FED141AD7
:10D200005FED190A07201FED150AF6F737F840F60B
:10D21000C4100CF085FF99E0E9480068012871D13D
:10D22000E848006801286DD1E7480068012869D105
:10D23000E6480068002865D1C821E5480068F7F78E
:10D24000BFFB4FF4FF70F6F7E6FEB6EE001A5FED97
:10D250002C0A08201FED2D0AF6F710F80020D549FA
:10D26000086019E006E001200CF05AFFF3F7CDFB4F
:10D2700000B90BE0D0490968D04A1268881A002822
:10D2800001DB014600E041420A29ECDC00BFC9484D
:10D290000068401CC7490860C6480068FA28E1DBFE
:10D2A0000020C449086014E006E0F3F7AEFB00B9C3
:10D2B00009E001200CF034FF4FF48071C54809F0FB
:10D2C0002FFD0128F1D000BFBA480068401CB949C1
:10D2D0000860B848006840F20E618842E4DB0A202A
:10D2E000F5F79FFE40F23520F6F795FE0020B14994
:10D2F00008601AE007E001200CF012FFF3F785FB4D
:10D3000008B90CE022E0AC490968AC4A1268881AF6
:10D31000002801DB014600E041420A29EBDC00BFA6
:10D32000A4480068401CA3490860A2480068FA2885
:10D33000E0DB1FED611A5FED660A07201FED630A4F
:10D34000F5F79CFF40F6C4100CF0EAFEA248006816
:10D35000012801D1FDF7F0FA0020F5F762FE10BDBB
:10D3600010B597480068002879D1964800680028D1
:10D37000FAD1954800680028F6D194480068002842
:10D38000F2D1F020954908609548006895490860F9
:10D390009548C07F40F004009349C877F7F74EFDE9
:10D3A00000208449086019E006E001200CF0B8FE76
:10D3B000F3F72BFB00B90BE07F4909687F4A12683D
:10D3C000881A002801DB014600E041420A29ECDC12
:10D3D00000BF78480068401C7649086075480068BE
:10D3E000FA28E1DBB6EE001A5FED930A05201FED87
:10D3F000930AF5F743FF00206E49086019E006E044
:10D40000F3F703FB00B90EE001200CF089FE4FF4A6
:10D410008071764809F084FC28B98021734809F0AE
:10D420007FFC0028ECD000BF62480068401C6149C6
:10D4300008606048006840F20E618842DFDB0A2025
:10D44000F5F7EFFDB6EE001A5FEDAB0A05209FED94
:10D45000680AF5F713FF00205649086015E01CE044
:10D4600006E001200CF05CFEF3F7CFFA00B906E00D
:10D470004FF40061574809F053FC0028F1D000BF79
:10D480004C480068401C4B4908604A480068962890
:10D49000E6DB0020F5F7C5FD61E04948006801289A
:10D4A0005DD154480068002859D1F0204B490860EC
:10D4B000514800684B4908604B48C07F40F0040069
:10D4C0004949C877F7F7BAFC00203A49086019E0E3
:10D4D00006E001200CF024FEF3F797FA00B90BE008
:10D4E00035490968354A1268881A002801DB014667
:10D4F00000E041420A29ECDC00BF2E480068401CD5
:10D500002C4908602B480068FA28E1DBB6EE001AC7
:10D510005FEDDD0A05209FED360AF5F7AFFE00202E
:10D520002449086014E006E001200CF0F9FDF3F74F
:10D530006CFA00B906E04FF40061264809F0F0FBF0
:10D540000028F1D000BF1B480068401C1949086042
:10D55000184800689628E6DB0020F5F762FD10BD4C
:10D5600010B51B4804684FF461714842F8F74AFB54
:10D5700019480068002875D120480068002871D13A
:10D580001F48006800286DD1F6F73EFD1D48006871
:10D59000FA301D4908601D480068F03007490860EE
:10D5A000B6EE001ADFED1A0A08209FED1A0AF5F709
:10D5B00065FE31E094030020BC000020E40300205D
:10D5C000880200208C02002090020020940200209B
:10D5D000B001002000000240E800002014040020F8
:10D5E000A8010020F00300200400002000100240E9
:10D5F0000000E14498020020AC010020EC00002073
:10D60000F0000020D0030020D8030020DC0300201D
:10D6100000006144000061C40020FE49086019E078
:10D6200006E001200CF07CFDF3F7EFF900B90BE008
:10D63000F9490968F94A1268881A002801DB01468D
:10D6400000E041420A29ECDC00BFF2480068401CBF
:10D65000F0490860EF480068FA28E1DB0020ED4956
:10D6600008601BE02CE006E0F3F7CFF900B90FE00B
:10D6700001200CF055FD4FF48071E94809F050FB92
:10D680000128F1D08021E74809F04AFB0028EBD0BF
:10D6900000BFE0480068401CDE490860DD480068C3
:10D6A00040F20E618842DEDBDF480068012803D1CA
:10D6B00040F23520F6F7AFFC0020F5F7B2FC0CE0A5
:10D6C000D9480068012802D1FDF736F905E0D748AE
:10D6D0000068012801D1FFF7F6FB0020F5F7A1FC57
:10D6E00010BD10B5FDF7EAFD0020F5F79AFCCE4815
:10D6F0000068012801D1FDF71FF910BD10B5FDF735
:10D70000CAFE0020F5F78DFCC7480068012838D113
:10D71000F6F7EEFEB6EE001A5FED430A08201FEDA5
:10D72000430AF5F7ABFD0020BA4908601AE006E0AD
:10D73000F3F76BF900B90FE001200CF0F1FC402188
:10D74000B84809F0EDFA0028F2D04FF48071B448DF
:10D7500009F0E6FA0028EBD000BFAE480068401C94
:10D76000AC490860AB48006840F20E618842DEDBDD
:10D770000020F5F756FC4FF47A700CF0D1FCF6F768
:10D78000B3FC10BD70B59924A94805684FF46171C8
:10D790004842F6F716FFA448006800284DD1A54876
:10D7A0000068002849D1A1480068002845D1F6F753
:10D7B0002BFCA1480068FA30A0490860A048006826
:10D7C000F03096490860B6EE001A5FED6F0A082047
:10D7D0001FED700AF5F752FD00208E4908601AE02F
:10D7E00006E0F3F712F900B90FE001200CF098FC05
:10D7F0004FF480718A4809F093FA0128F1D0802112
:10D80000884809F08DFA0028EBD000BF81480068F5
:10D81000401C804908607F48006840F20E618842E1
:10D82000DEDB81480068012803D140F23520F6F79D
:10D83000F2FB0020F5F7F5FB13E07B4800680128B8
:10D8400002D1FDF779F80CE078480068012802D190
:10D85000FFF739FB05E077480068012801D1FFF7A1
:10D860007FFD0020F5F7DDFB70BD70B570480468E2
:10D87000744805684FF461714842F6F7A2FE6A48A1
:10D88000006800285FD16B48006800285BD16748BA
:10D890000068002857D140F20910F6F7BCFB0020C1
:10D8A0005C49086019E006E001200CF039FCF3F750
:10D8B000ACF800B90BE058490968584A1268881A50
:10D8C000002801DB014600E041420A29ECDC00BFF0
:10D8D00050480068401C4F4908604E480068322894
:10D8E000E1DBB6EE001A5FEDB60A08201FEDB70ABD
:10D8F000F5F7C4FC0020474908601AE006E0F3F79A
:10D9000084F800B90FE001200CF00AFC40214548E2
:10D9100009F006FA0028F2D04FF48071404809F06F
:10D92000FFF90028EBD000BF3A480068401C394995
:10D9300008603848006840F20E618842DEDB002053
:10D94000F5F76FFB0CE038480068012802D1FDF7BD
:10D9500062FA05E035480068012801D1F8F7FCFAC1
:10D9600070BD10B538480468F6F7C2FD40F20910E2
:10D97000F6F751FB00202749086019E006E0012076
:10D980000CF0CEFBF3F741F800B90BE0224909682F
:10D99000224A1268881A002801DB014600E0414251
:10D9A0000A29ECDC00BF1B480068401C19490860CC
:10D9B000184800683228E1DB4FF47A700CF0B0FBB5
:10D9C000B6EE001A5FEDEE0A08201FEDEE0AF5F73D
:10D9D00055FC00200F4908601AE006E001200CF019
:10D9E0009FFBF3F712F800B90CE040210D4809F055
:10D9F00097F90028F2D04FF48071094809F090F9A6
:10DA00000028EBD000BF03480068401C01490860B3
:10DA100000481BE094030020BC000020E403002029
:10DA20000000024000040240E8000020F000002056
:10DA3000B0010020EC000020D0030020D80300201B
:10DA4000DC030020B4010020B80100200068FA289F
:10DA5000C3DB0020F5F7E5FA0120FE490860FE4827
:10DA6000006890BBFD48006878BBFD48006860BB5B
:10DA7000FC48006848BBB6EE001ADFEDFB0A052043
:10DA80009FEDFA0AF5F7FAFB0020F949086014E067
:10DA900006E001200CF044FBF2F7B7FF00B906E006
:10DAA0004FF48051F34809F03BF90028F1D000BF52
:10DAB000EF480068401CEE490860ED480068962871
:10DAC000E6DB0020F5F7ADFA64E0FFE7E248006826
:10DAD000012833D1E148006878BBE148006860BBA9
:10DAE000E048006848BBB6EE001ADFEDDF0A05200B
:10DAF0009FEDDE0AF5F7C2FB0020DD49086014E067
:10DB000006E001200CF00CFBF2F77FFF00B906E005
:10DB10004FF48051D74809F003F90028F1D000BF35
:10DB2000D3480068401CD2490860D1480068962854
:10DB3000E6DB0020F5F775FA2CE0FFE7C648006841
:10DB400001280FD1C548006801280BD1C4480068DE
:10DB500040B9C448006828B94FF47A712046F8F7F4
:10DB6000D7FC17E0BC480068012813D1BB48006807
:10DB700001280FD1BA48006801280BD1B9480068C4
:10DB800040B94FF47A712046F8F7C2FC4FF47A702E
:10DB90000CF0C6FA10BD10B50120B7490860AE48B8
:10DBA0000068002875D1AD4800680028FAD1AC485B
:10DBB00000680028F6D1AB4800680028F2D140F296
:10DBC0000910F6F728FA0020A949086019E006E0D4
:10DBD00001200CF0A5FAF2F718FF00B90BE0A749F5
:10DBE0000968A74A1268881A002801DB014600E08C
:10DBF00041420A29ECDC00BF9D480068401C9C495A
:10DC000008609B480068FA28E1DB9FED9E1ADFED73
:10DC1000960A08209FED9C0AF5F730FB00209449F6
:10DC2000086014E006E0F2F7F0FE00B909E0012018
:10DC30000CF076FA4FF480718E4809F071F80028E4
:10DC4000F1D000BF8A480068401C894908608848B4
:10DC5000006840F20E618842E4DB0020F5F7E1F94C
:10DC60004FF4C870F6F7D7F90020814908601AE030
:10DC700006E001200CF054FAF2F7C7FE00B90CE000
:10DC80007E4909687E4A1268881A002802DB01462C
:10DC900001E04CE041420829EBDC00BF7448006819
:10DCA000401C7349086072480068FA28E0DB40F2C3
:10DCB000DC500CF035FAC82174480068F8F728FCED
:10DCC0009FED701ADFED680A07209FED710AF5F7E6
:10DCD000D5FA40F6C4100CF023FA0020F5F7A1F9AC
:10DCE00040F23520F6F797F900206149086019E005
:10DCF00006E001200CF014FAF2F787FE00B90BE001
:10DD00005E4909685E4A1268881A002801DB0146EC
:10DD100000E041420829ECDC00BF55480068401C87
:10DD20005349086052480068FA28E1DBCFE14A48CD
:10DD30000068012875D1494800680028FAD1484890
:10DD400000680028F6D1474800680028F2D140F268
:10DD50000910F6F760F900204549086019E006E06F
:10DD600001200CF0DDF9F2F750FE00B90BE0434959
:10DD70000968434A1268881A002801DB014600E05E
:10DD800041420A29ECDC00BF39480068401C384990
:10DD9000086037480068FA28E1DB9FED3A1ADFEDAA
:10DDA000320A08209FED380AF5F768FA002030495A
:10DDB000086014E006E0F2F728FE00B909E001204F
:10DDC0000CF0AEF94FF480712A4808F0A9FF002842
:10DDD000F1D000BF26480068401C2549086024484F
:10DDE000006840F20E618842E4DB0020F5F719F983
:10DDF0004FF4C870F6F70FF900201D4908601AE0CB
:10DE000006E001200CF08CF9F2F7FFFD00B90CE000
:10DE10001A4909681A4A1268881A002802DB014662
:10DE200001E06EE041420A29EBDC00BF10480068C7
:10DE3000401C0F4908600E480068FA28E0DB40F2F9
:10DE4000DC500CF06DF9C82110480068F8F760FB51
:10DE500020E00000A0020020880200208C020020A8
:10DE600090020020940200200000614400000000A5
:10DE70009403002000000240A8020020BC00002003
:10DE8000E4030020CDCC4C3F000061C4B801002069
:10DE90000000E144B6EE001A5FED0D0A07201FED09
:10DEA000040AF5F7EBF940F6C4100CF039F900203C
:10DEB000F5F7B7F840F23520F6F7ADF80020F7494E
:10DEC000086019E006E001200CF02AF9F2F79DFD48
:10DED00000B90BE0F2490968F24A1268881A002872
:10DEE00001DB014600E041420A29ECDC00BFEB48BF
:10DEF0000068401CE9490860E8480068FA28E1DB4E
:10DF0000E5E0E948006801286ED1E848006801288A
:10DF10006AD1E7480068E8BBE6480068D0BB4FF428
:10DF2000C870F6F778F80020DC49086019E006E0D0
:10DF300001200CF0F5F8F2F768FD00B90BE0D849C4
:10DF40000968D84A1268881A002801DB014600E0F7
:10DF500041420A29ECDC00BFD0480068401CCF4990
:10DF60000860CE480068FA28E1DB40F2DC500CF093
:10DF7000D7F8C821D0480068F8F7CAFA1FED3F1A51
:10DF80005FED470A07201FED3E0AF5F777F940F6E7
:10DF9000C41000E028E00CF0C3F840F23520F6F79A
:10DFA0003AF80020BD49086019E006E001200CF0B5
:10DFB000B7F8F2F72AFD00B90BE0B9490968B94A88
:10DFC0001268881A002801DB014600E041420A2954
:10DFD000ECDC00BFB1480068401CB0490860AF48A5
:10DFE0000068FA28E1DB72E0AF48006801286ED1D2
:10DFF000AE48006801286AD1AD480068012866D1A2
:10E00000AC480068F0BB4FF4C870F6F704F8002085
:10E01000A249086019E006E001200CF081F8F2F74F
:10E02000F4FC00B90BE09E4909689E4A1268881A00
:10E03000002801DB014600E041420A29ECDC00BF78
:10E0400096480068401C9549086094480068FA2882
:10E05000E1DB40F6C4100CF063F8C8219648006874
:10E06000F8F756FA1FED791A5FED810A07201FEDC8
:10E07000780AF5F703F940F6C4100CF051F840F2B5
:10E08000352000E023E0F5F7C6FF00208349086053
:10E0900019E006E001200CF043F8F2F7B6FC00B9F5
:10E0A0000BE07F4909687F4A1268881A002801DB63
:10E0B000014600E041420A29ECDC00BF77480068D5
:10E0C000401C7649086075480068FA28E1DB0020AA
:10E0D000F4F7A7FF10BD10B5774804684FF46171DD
:10E0E0004842F7F78FFD7548006800285FD17448F3
:10E0F000006800285BD173480068002857D140F2BF
:10E100000910F5F788FF00206449086019E006E06F
:10E1100001200CF005F8F2F778FC00B90BE060493B
:10E120000968604A1268881A002801DB014600E08D
:10E1300041420A29ECDC00BF58480068401C57499E
:10E140000860564800683228E1DB4FF47A700BF023
:10E15000E7FF1FEDB41A5FEDBC0A08201FEDB60AF9
:10E16000F5F78CF800204D49086014E006E0012026
:10E170000BF0D6FFF2F749FC00B906E04FF48071CE
:10E18000514808F0CDFD0028F1D000BF4348006899
:10E19000401C4249086041480068FA28E6DB00203C
:10E1A000F4F73FFF4FF47A700BF0BAFF0CE04348EE
:10E1B0000068012802D1FFF7D4FB05E04048006861
:10E1C000012801D1FFF7E7FC0020F4F72AFF10BD7A
:10E1D00010B5FCF775FF1FEDD51A5FEDDD0A0820BD
:10E1E0001FEDDE0AF5F74AF840F6B8300BF098FF5D
:10E1F0000020F4F716FF31480068012803D1F6F734
:10E2000077F9FFF7AEFB10BD10B54FF461714842CE
:10E21000F7F7F8FC29480068002878D128480068FA
:10E22000002874D127480068002870D140F20910F6
:10E23000F5F7F1FE00201949086019E006E0012019
:10E240000BF06EFFF2F7E1FB00B90BE0144909682F
:10E25000144A1268881A002801DB014600E0414296
:10E260000A29ECDC00BF0D480068401C0B4908601F
:10E270000A4800683228E1DB9FED141ADFED140A2A
:10E280000A209FED140AF4F7F9FF00200349086003
:10E2900032E024E0F2F7B9FBF0B927E09403002064
:10E2A000BC000020E4030020880200208C02002033
:10E2B0009002002094020020B8010020E800002015
:10E2C000EC000020F000002000000240CDCC4C3FCC
:10E2D00000006144000061C401200BF021FF4FF4F5
:10E2E0008071F64808F01CFD0028D3D000BFF44828
:10E2F0000068401CF2490860F148006840F20E6175
:10E300008842C6DB0020F4F78CFE06E0FFE7ED480C
:10E310000068012801D1FFF73EFC0020F4F781FEE0
:10E3200010BD704730B500201BE0002116E0002230
:10E3300011E0AFF2110300EB801404EB4404E24D52
:10E3400005EBC40401EB810505EBC10504EB850475
:10E3500044F82230521C0D2AEBDB491C1E29E6DB57
:10E36000401C1E28E1DBD94CD94BC3F80C42D94CD8
:10E37000C3F81042D84CC3F81442D84CD24BC3F85F
:10E380003C4ED74CC3F8404ED64CD74BC3F8104246
:10E39000D64CC3F81442D64CD64BC3F83844D64CAE
:10E3A000C3F83C44D24CC3F84044D44CC64B9C63A5
:10E3B000D34CDC63D14C1C64D24C5C64D04C9C6468
:10E3C000DC641C655C65CF4C9C65DC651C665C662A
:10E3D000AFF6F1449C67AFF6DB44DC67C3F88440DA
:10E3E000C3F89040AFF21724C3F88840C3F89440B4
:10E3F000C54CC3F8B040C3F8B440C44CC3F8BC40EB
:10E40000C34CC3F8C040C3F8CC40C24CC3F8C840AA
:10E41000C14CC3F8EC46C14CC3F8F046C04CC3F83D
:10E42000F446AFF6C364C3F8F846AFF6A744C3F8A2
:10E43000FC46BC4CC3F80047AFF6D134C3F80447E0
:10E44000B84CC3F80847AFF27134C3F80C47B64C68
:10E45000C3F81047B54CC3F81447AFF25324C3F8C0
:10E46000184730BD30B50246B1480068884201DC2B
:10E47000002030BDAF4800880844642490FBF4F5C8
:10E4800004FB150083B203EB8300AB4C204404680B
:10E490001460007910710120EBE70CB5012168468A
:10E4A000FFF7E0FF08B900200CBD9DF8020048B955
:10E4B0009DF80300012805D1A0490860F6F718F877
:10E4C0000120F1E79DF8020050B99DF803000228F1
:10E4D00006D101207B490860F5F756FF0120E3E7EC
:10E4E0009DF8020050B99DF80300032806D10120D1
:10E4F00093490860F5F7DAFE0120D5E70020D3E75D
:10E500001CB58B48006800B91CBD2CE0FFF7C5FFA7
:10E510006846F3F7DFFB00B929E09DF802001E28EA
:10E520001DDA9DF803001E2819DA9DF804000D2855
:10E5300015DA9DF8021001EB811101EB4101624AED
:10E5400002EBC1019DF8032002EB820303EBC20240
:10E5500001EB82019DF8042051F82200804741F22E
:10E5600088300BF0DDFD724800680028CEDC00BF6B
:10E5700000207449087000BFC6E710B572480078E3
:10E58000012836D17148007890BB7148007878BB7B
:10E590007048007860BB64206F4908606F4800686D
:10E5A0006F49086000204649086019E006E0012034
:10E5B0000BF0B6FDF2F729FA00B90BE069490968DA
:10E5C000674A1268881A002801DB014600E04142D0
:10E5D0000529ECDC00BF3A480068401C3849086057
:10E5E000374800689628E1DB01205F49086036E281
:10E5F000FFE755480078B0BB5448007898BB5448B2
:10E60000007880BB5348007801282DD164205249FE
:10E610000860524800685249086000202849086094
:10E6200019E006E001200BF07BFDF2F7EEF900B9EE
:10E630000BE04C4909684A4A1268881A002801DB35
:10E64000014600E041420529ECDC00BF1C4800689F
:10E65000401C1B4908601A4800689628E1DB01202D
:10E6600041490860FBE1FFE73748007828BB37489D
:10E67000007810BB3648007801281ED13548007854
:10E68000D8B96420344908603848006834490860C3
:10E6900000200B49086074E006E001200BF040FD0B
:10E6A000F2F7B3F900B966E02E4909682C4A1268FE
:10E6B000881A00285CDB01465BE06AE0000002404B
:10E6C00094030020EC000020B009002067CE000871
:10E6D000A046002087CE0008A7CE0008A565000848
:10E6E000D9680008BD690008F81B002063670008AE
:10E6F0002378000890830020EF770008FBA2000831
:10E7000095A400081DB60008D3AB000879B0000836
:10E710008FAD0008B3B00008455A0008554A0008FC
:10E72000115B00086D53000851630008276400085E
:10E73000540200205A020020B2070020E800002006
:10E74000F00000205D020020B7020020B40200208B
:10E75000B5020020B602002014040020640100204D
:10E76000F0030020B00000206801002060010020BC
:10E770004142052991DC00BFFE480068401CFD496C
:10E780000860FC480068962886DB0120FA4908608A
:10E7900065E1FA480078B0BBF9480078012833D128
:10E7A000F848007878BBF848007860BB6420F749E7
:10E7B0000860F7480068F74908600020ED490860E4
:10E7C00019E006E001200BF0ABFCF2F71EF900B9EE
:10E7D0000BE0F1490968EF4A1268881A002801DB4A
:10E7E000014600E041420529ECDC00BFE148006839
:10E7F000401CE0490860DF4800689628E1DB012002
:10E80000DD4908602BE1FFE7DC480078012837D1BB
:10E81000DB480078012833D1DA48007878BBDA4841
:10E82000007860BB6420D9490860D9480068D9499C
:10E8300008600020CF49086019E006E001200BF0D5
:10E840006FFCF2F7E2F800B90BE0D3490968D14A4E
:10E850001268881A002801DB014600E041420529C0
:10E86000ECDC00BFC3480068401CC2490860C148D6
:10E8700000689628E1DB0120BF490860EFE0FFE770
:10E88000BE480078012837D1BD480078012833D12F
:10E89000BC48007801282FD1BB48007860BB6420B9
:10E8A000BA490860BA480068BA4908600020B1490E
:10E8B000086019E006E001200BF032FCF2F7A5F841
:10E8C00000B90BE0B4490968B24A1268881A0028F6
:10E8D00001DB014600E041420529ECDC00BFA54810
:10E8E0000068401CA3490860A24800689628E1DB44
:10E8F0000120A1490860B2E0A0480078012838D181
:10E900009F480078012834D19E480078012830D1F2
:10E910009D48007801282CD164209C4908609C48BF
:10E9200000689C49086000209249086019E006E0F0
:10E9300001200BF0F5FBF2F768F800B90BE09649FF
:10E940000968944A1268881A002801DB014600E031
:10E9500041420529ECDC00BF86480068401C85491F
:10E960000860844800689628E1DB0120824908603D
:10E9700075E082480078012837D18148007898BB3B
:10E9800080480078012830D17F48007860BB64203F
:10E990007E4908607E4800687E490860002075490D
:10E9A000086019E006E001200BF0BAFBF2F72DF841
:10E9B00000B90BE078490968764A1268881A00287D
:10E9C00001DB014600E041420529ECDC00BF69485B
:10E9D0000068401C67490860664800689628E1DBCB
:10E9E0000120654908603AE0FFE7644800780128A3
:10E9F00035D16348007890BB6248007878BB6248A4
:10EA0000007801282BD164206049086063480068C1
:10EA10006049086000205749086019E006E00120BD
:10EA20000BF07EFBF1F7F1FF00B90BE05A490968E2
:10EA3000584A1268881A002801DB014600E041426A
:10EA40000529ECDC00BF4B480068401C49490860C0
:10EA5000484800689628E1DB01205149086010BD54
:10EA600010B500244FF400414E4808F059F950B950
:10EA70004FF480614B4808F053F920B90120404918
:10EA80000870641C02E000203D4908704FF480517A
:10EA9000444808F045F950B94FF48061424808F005
:10EAA0003FF920B9012037490870641C02E00020BA
:10EAB000344908704FF480413B4808F031F950B9AF
:10EAC0004FF48041374808F02BF920B901202E4936
:10EAD0000870641C02E000202B4908704FF40051BC
:10EAE000304808F01DF950B94FF400612E4808F085
:10EAF00017F920B9012021490870641C02E00020A8
:10EB00001E4908702948046010BD3EB50446FFF751
:10EB1000A7FFFFF732FDF5F769FA40F24F102449DD
:10EB200008602449086000201249086019E006E0E6
:10EB300001200BF0F5FAF1F768FF00B90BE01E4970
:10EB400009681C4A1268881A002801DB014600E0A7
:10EB500041420A29ECDC00BF06480068401C054918
:10EB60000860044800689628E1DB4FF47A600BF0F7
:10EB7000D7FA23E0940300206C010020B7020020A4
:10EB8000B4020020B5020020B602002014040020C8
:10EB900060010020F0030020B0000020640100208C
:10EBA0006801002000040240000C0240B002002076
:10EBB000D8030020E4030020BC0000204FF47A7149
:10EBC000BE20FCF747FF9FEDF61ADFEDF60A1E2088
:10EBD0009FEDF50AF4F752FB0020F449086012E0BB
:10EBE00006E005200BF09CFAF1F70FFF00B904E0F6
:10EBF000EF480068B0F5AA7FF3DC00BFEB4800687F
:10EC0000401CEA490860E948006840F22621884231
:10EC1000E6DB40F6B8300BF083FA0020E3490860E9
:10EC200012E006E005200BF07BFAF1F7EEFE00B9EA
:10EC300004E0DF480068B0F5967FF3DB00BFDB48F7
:10EC40000068401CD9490860D848006840F2262175
:10EC50008842E6DB41F288300BF062FA0020D349AB
:10EC6000086011E006E005200BF05AFAF1F7CDFE3E
:10EC700000B903E0CF4800681E28F4DC00BFCB4891
:10EC80000068401CC9490860C848006840F2262155
:10EC90008842E7DB0020C54908601FE014E00A2035
:10ECA0006FF0770103222346CDE9002102904FF453
:10ECB000617200212320F8F7FCF905200BF030FAEF
:10ECC000F1F7A3FE00B903E0B9480068FA28E6DCD2
:10ECD00000BFB6480068401CB4490860B3480068EB
:10ECE00040F226218842D9DB6420B3490860B3484A
:10ECF00000682838B24908606420B2490860AF480B
:10ED000000682838B04908600020A84908601FE062
:10ED100014E00A206FF0630101222346CDE90021AF
:10ED200002904FF4617200210520F8F7C2F9052026
:10ED30000BF0F6F9F1F769FE00B903E09C480068B2
:10ED4000B228E6DC00BF99480068401C974908607B
:10ED50009648006840F226218842D9DB0020F4F76B
:10ED600060F940F2C620F5F756F900208F49086097
:10ED700019E006E001200BF0D3F9F1F746FE00B9E7
:10ED80000BE092490968924A1268881A002801DB50
:10ED9000014600E041420529ECDC00BF83480068E1
:10EDA000401C82490860814800689628E1DB6420A5
:10EDB0008149086081480068814908606420814970
:10EDC00008607E480068804908600020F4F729F94F
:10EDD0003EBD10B54FF480617E4807F0A1FF0028CA
:10EDE00040D1FA2074490860744800686E30744954
:10EDF000086000206D49086025E006E001200BF066
:10EE00008FF9F1F702FE00B917E0734A12686C4BF4
:10EE10001B68D11A002901DB0A4600E04A420A2A8F
:10EE2000ECDC6E4A1268684B1B68D01A002801DBC4
:10EE3000024600E042420A2AE0DC00BF5B4800686C
:10EE4000401C5A490860594800683228D5DB40F612
:10EE5000B8300BF065F96248C07F40F008006049A7
:10EE6000C87747E04FF480615E4807F059FFE0BB88
:10EE7000FA20544908605C4800686E3052490860C6
:10EE800000204A49086025E006E001200BF048F91F
:10EE9000F1F7BBFD00B917E04F4A1268484B1B68F9
:10EEA000D11A002901DB0A4600E04A420A2AECDCBA
:10EEB0004A4A1268444B1B68D01A002801DB0246FC
:10EEC00000E042420A2AE0DC00BF38480068401CEB
:10EED00036490860354800683228D5DB40F6B8303E
:10EEE0000BF01EF93E48C07F00E003E040F0400018
:10EEF0003B49C87740F6B8300BF012F9FA202E499A
:10EF000008602E4800682E490860FA202D490860E4
:10EF1000354800682C49086000202449086025E035
:10EF200006E001200BF0FCF8F1F76FFD00B917E0E7
:10EF3000294A1268224B1B68D11A002901DB0A46B4
:10EF400000E04A420A2AECDC244A12681E4B1B6885
:10EF5000D01A002801DB024600E042420A2AE0DC27
:10EF600000BF12480068401C104908600F48006844
:10EF70003228D5DB10BD10B54FF48041154807F09D
:10EF8000CFFE60B932200C4908600C480068733825
:10EF90000B49086000200549086040E02DE048E08A
:10EFA000CDCC4C3F00006144000061C494030020BC
:10EFB000A00000209800002018040020BC010020C0
:10EFC000FC0300201C04002008040020BC000020DA
:10EFD000E403002000040240C0000020C400002020
:10EFE00004000020000C0240C001002001200BF0B2
:10EFF00097F8F1F70AFD00B90BE0FE490968FE4AEF
:10F000001268881A002801DB014600E04142042909
:10F01000ECDC00BFF9480068401CF8490860F7487C
:10F020000068FA28BADBF648C07F40F01000F449C7
:10F03000C8774FF40061F34807F072FED8BBFA209E
:10F04000F1490860F14800687338F1490860002010
:10F05000EA49086025E006E001200BF061F8F1F7CD
:10F06000D4FC00B917E0EB4A1268EB4B1B68D11ACD
:10F07000002901DB0A4600E04A420A2AECDCE74AA2
:10F080001268E34B1B68D01A002801DB024600E03F
:10F0900042420A2AE0DC00BFD8480068401CD74939
:10F0A0000860D64800683228D5DBD548C07F40F0DC
:10F0B0000400D349C87740F6B8300BF031F8FA2095
:10F0C000D7490860D7480068D3490860FA20CE497C
:10F0D0000860CE480068CE4908600020C749086033
:10F0E00025E006E001200BF01BF8F1F78EFC00B9DB
:10F0F00017E0C84A1268C84B1B68D11A002901DB07
:10F100000A4600E04A420A2AECDCC44A1268C04BB4
:10F110001B68D01A002801DB024600E042420A2A9E
:10F12000E0DC00BFB5480068401CB4490860B34843
:10F1300000683228D5DB10BD10B5BB480068012837
:10F1400002D1FFF718FF05E0B8480068012801D197
:10F15000FFF73FFEAA48C07F00F0DF00A849C8774C
:10F160000846C07F00F07F00C8770846C07F00F0E7
:10F17000F700C8770846C07F00F0BF00C877084690
:10F18000C07F00F0EF00C8770846C07F00F0FB00AA
:10F19000C87710BD10B5A448006801282FD1A44835
:10F1A000007801282BD19648C07F40F08000944918
:10F1B000C87700209149086014E006E001200AF0B9
:10F1C000AFFFF1F722FC00B906E04FF40061994867
:10F1D00007F0A6FD0128F1D000BF88480068401C58
:10F1E00086490860854800683228E6DB9620864913
:10F1F00008608C4800680A38854908609AE08B48A6
:10F20000006801282FD18C48007801282BD17C4838
:10F21000C07F40F020007A49C87700207749086015
:10F2200014E006E001200AF07BFFF1F7EEFB00B9E5
:10F2300006E04FF40041734807F072FD0128F1D059
:10F2400000BF6E480068401C6C4908606B4800684D
:10F250003228E6DB962072490860724800680A305E
:10F260006D49086066E07148006801282FD1734835
:10F27000007801282BD16248C07F40F080006049AF
:10F28000C87700205D49086014E006E001200AF01C
:10F2900047FFF1F7BAFB00B906E04FF4006165489B
:10F2A00007F03EFD0128F1D000BF54480068401C23
:10F2B00052490860514800683228E6DB96205249DE
:10F2C0000860584800680A305149086032E05648E2
:10F2D000006801282ED15A48007801282AD14848D0
:10F2E000C07F40F020004649C877002043490860AD
:10F2F00014E006E001200AF013FFF1F786FB00B9E5
:10F3000006E04FF400413F4807F00AFD0128F1D024
:10F3100000BF3A480068401C384908603748006818
:10F320003228E6DB96203E4908603E4800680A38ED
:10F330003949086010BD10B5FFF792FBFFF71DF9C2
:10F3400000202E49086011E006E001200AF0E8FEE6
:10F35000F1F75BFB00B903E03A48008A2828F4DCA7
:10F3600000BF26480068401C244908602348006804
:10F37000B0F57A7FE8DB4FF4FA600AF0D1FE0120A5
:10F380003149086008460068012827D14FF4AF7062
:10F39000F4F741FEFFF7FEFE40F6B8300AF0C0FE7B
:10F3A00000201649086011E006E001200AF0B8FECE
:10F3B000F1F72BFB00B903E02248008A2828F4DC8F
:10F3C00000BF0E480068401C0C4908600B480068EC
:10F3D000B0F57A7FE8DB02201B4908601A48006814
:10F3E00002285FD1FFF7A8FE00200F4908600F49EF
:10F3F00008602BE0BC000020E40300209403002000
:10F4000004000020000C02401C040020C001002069
:10F4100008040020C0000020FC030020C4000020DD
:10F4200018040020BC010020680100206C010020AD
:10F43000B702002000040240B4020020B502002000
:10F44000B602002046070020AC0200204FF47A707C
:10F450000AF066FEFFF704FBFFF78FF8FFF79AFE4E
:10F4600040F6B8300AF05CFE0020F949086011E06F
:10F4700006E001200AF054FEF1F7C7FA00B903E0F4
:10F48000F448008A2828F4DC00BFF1480068401CDA
:10F49000EF490860EE480068B0F57A7FE8DB0320AA
:10F4A000ED490860EC480068032815D1FFF744FED9
:10F4B0000020EA490860EA4908604FF47A700AF0CF
:10F4C0002FFEFFF7CDFAFFF758F840F6B8300AF0F4
:10F4D00027FE0020F3F7A5FD10BD10B5FFF7C0FA19
:10F4E000FFF74BF80020DA49086011E006E0012040
:10F4F0000AF016FEF1F789FA00B903E0D548008A50
:10F500002828F4DC00BFD2480068401CD0490860BD
:10F51000CF480068B0F57A7FE8DB4FF4FA600AF074
:10F52000FFFD0120CC49086008460068012827D16A
:10F530004FF4AF70F4F76FFDFFF72CFE40F6B830D4
:10F540000AF0EEFD0020C249086011E006E001204B
:10F550000AF0E6FDF1F759FA00B903E0BD48008A68
:10F560002828F4DC00BFBA480068401CB84908608D
:10F57000B7480068B0F57A7FE8DB0220B64908603A
:10F58000B548006802280ED1FFF7D6FD0020B34928
:10F590000860B34908604FF47A700AF0C1FDFFF7C4
:10F5A0005FFAFEF7EAFF0020F3F73BFD10BDAD4820
:10F5B000C07F40F08000AB49C8770846C07F40F06C
:10F5C0002000C877704710B5A648C07F40F0800083
:10F5D000A449C87700209E49086014E006E0012095
:10F5E0000AF09EFDF1F711FA00B906E04FF4004170
:10F5F0009D4807F095FB0128F1D000BF94480068B2
:10F60000401C93490860924800683228E6DB962047
:10F6100096490860964800683C3896490860002082
:10F620008B49086019E006E001200AF079FDF1F746
:10F63000ECF900B90BE0904909688E4A1268881A03
:10F64000002801DB014600E041420A29ECDC00BF52
:10F650007F480068401C7E4908607D480068962805
:10F66000E1DB8048C07F40F004007E49C87740F26B
:10F670002620F4F7D0FC00207549086019E006E068
:10F6800001200AF04DFDF1F7C0F900B90BE07B490C
:10F6900009687B4A1268881A002801DB014600E0ED
:10F6A00041420A29ECDC00BF69480068401C6849F7
:10F6B000086067480068FA28E1DB10BD0EB5B6EEB9
:10F6C000001ADFED700A06209FED6F0AF3F7D6FDF2
:10F6D00040F2DC500AF024FDFEF74FFF00205C49A9
:10F6E000086019E006E001200AF01AFDF1F78DF933
:10F6F00000B90BE065490968654A1268881A002854
:10F7000001DB014600E041420529ECDC00BF504826
:10F710000068401C4E4908604D4800689628E1DBAF
:10F7200000204B4908601FE014E00A206FF0C70179
:10F730000122B223CDE9002102904FF461721146FB
:10F740000620F5F7A8FE01200AF0EAFCF1F75DF9C2
:10F7500000B903E04F4800682F28E6DC00BF3C48B2
:10F760000068401C3A4908603948006840F2262188
:10F770008842D9DB0020F3F754FC4FF47A71B020B3
:10F78000F5F71EF90020F3F74CFC0EBD10B5354817
:10F79000C07F40F080003349C8770846C07F40F002
:10F7A0002000C87700202A4908601BE006E00120FD
:10F7B0000AF0B6FCF1F729F900B90DE04FF4006149
:10F7C000354807F0ADFA0128F1D04FF40061324816
:10F7D00007F0A6FA0128EAD000BF1D480068401CC7
:10F7E0001B4908601A4800683228DFDBFFF7F1FA8E
:10F7F00064202A4908602A480068801D244908605E
:10F8000000201349086019E006E001200AF088FC96
:10F81000F1F7FBF800B90BE01C4909681C4A1268B3
:10F82000881A002801DB014600E041420529ECDC92
:10F8300000BF07480068401C05490860044800688C
:10F840009628E1DBFFF7C5FA0020F3F7EAFB10BDCD
:10F850009403002046070020AC020020680100202D
:10F860006C01002004000020000C02401C04002059
:10F87000C001002008040020C4000020BC000020BB
:10F88000E4030020000061440000E144B0000020D7
:10F89000F00300209C00002000040240140400201B
:10F8A0006001002070B504460D460020FE49086046
:10F8B00011E006E00A200AF033FCF1F7A6F800B9DF
:10F8C00003E0FA480068A042F4DB00BFF648006895
:10F8D000401CF5490860F4480068A842E9DB70BDA7
:10F8E00010B50020F049086011E006E001200AF0A0
:10F8F00017FCF1F78AF800B903E0ED480068232807
:10F90000F4DC00BFE8480068401CE7490860E648AE
:10F910000068B0F57A7FE8DBE64890F8230040F015
:10F920000100E44981F8230049F640400AF0F8FB61
:10F930000120E149086008460068012815D1FA2035
:10F94000DE490860DE480068DE490860FA20DE49CA
:10F950000860DE480068DE4908604FF47A717A205A
:10F96000FFF7A0FF0220D449086010BD10B5E922BE
:10F97000D849AB20FCF7B1FAFFF7B2FFCE480068D8
:10F98000022801D1FEF7BCFDD3480068012805D14B
:10F990003620FFF7BAF80220CF49086010BD10B535
:10F9A000FEF7AEFDCC480068012805D13220FFF7F4
:10F9B000ACF80220C8490860C7480068022804D192
:10F9C000FFF7BAFB0320C449086010BD3EB50446EA
:10F9D000FEF7D3FD9FEDC11A5FED560A23209FED80
:10F9E000C00AF3F74BFC0020AF49086012E006E0C4
:10F9F00001200AF095FBF1F708F800B904E0B948D6
:10FA00000068B0F5D27FF3DC00BFA7480068401C57
:10FA1000A5490860A448006840F226218842E6DB38
:10FA20000020A149086020E014E00A206FF0C7011F
:10FA300003222346CDE9002102904FF46172002198
:10FA40001420F7F736FB05200AF06AFBF0F7DDFF1C
:10FA500000B904E0A3480068B0F5AF7FE5DC00BF63
:10FA600091480068401C904908608F48006840F247
:10FA700026218842D8DB00208B4908601FE014E073
:10FA80000A206FF0950102222346CDE90021029061
:10FA90004FF4617200210F20F7F70BFB05200AF0ED
:10FAA0003FFBF0F7B2FF00B903E08E480068D228B0
:10FAB000E6DC00BF7C480068401C7B4908607A484F
:10FAC000006840F226218842D9DB00207649086090
:10FAD0001FE014E00A206FF0950101222346CDE9D2
:10FAE000002102904FF4617200210520F7F7E1FA3E
:10FAF00005200AF015FBF0F788FF00B903E079480C
:10FB00000068B228E6DC00BF67480068401C664910
:10FB100008606548006840F226218842D9DB002051
:10FB2000F3F77FFA40F2C710F4F775FA00205E4948
:10FB3000086019E006E001200AF0F2FAF0F765FF2C
:10FB400000B90BE068490968684A1268881A0028F9
:10FB500001DB014600E041420529ECDC00BF5248D0
:10FB60000068401C504908604F4800689628E1DB57
:10FB70000020F3F756FA5E480068012828D1C10238
:10FB80005C4807F0CDF818BB4A48C07F40F08000C1
:10FB90004849C87700204449086014E006E0012085
:10FBA0000AF0BEFAF0F731FF00B906E04FF4006149
:10FBB000514807F0B5F80128F1D000BF3A48006875
:10FBC000401C39490860384800683228E6DBB3E059
:10FBD00047480068012828D18103474807F0A0F86A
:10FBE00018BB3448C07F40F020003249C87700205D
:10FBF0002D49086014E006E001200AF091FAF0F7C0
:10FC000004FF00B906E04FF400613B4807F088F8B4
:10FC10000128F1D000BF24480068401C2249086038
:10FC2000214800683228E6DB86E034480068012875
:10FC300028D18102304807F073F818BB1D48C07FF7
:10FC400040F020001B49C87700201749086014E0E5
:10FC500006E001200AF064FAF0F7D7FE00B906E0EA
:10FC60004FF40041234807F05BF80128F1D000BFB2
:10FC70000D480068401C0C4908600B480068322899
:10FC8000E6DB59E01D480068012855D1810219487A
:10FC900007F046F8A0BB0748C07F40F08000054948
:10FCA000C877002000492CE0940300209C0000202D
:10FCB000A800002004000020E0000020180400201C
:10FCC000BC010020FC0300201C040020C001002017
:10FCD000080400207AF9FFFF9C0200209A99993EBF
:10FCE00000000000A0000020BC000020E403002071
:10FCF00068010020000C0240000402406C0100205A
:10FD00001AE0086014E006E001200AF009FAF0F7B2
:10FD10007CFE00B906E04FF40041F84807F000F817
:10FD20000128F1D000BFF6480068401CF449086083
:10FD3000F34800683228E6DB0020F3F772F93EBD95
:10FD40003EB50446FEF719FC1FED1C1ADFEDED0A67
:10FD50001E201FED1D0AF3F791FA0020E849086004
:10FD600012E006E001200AF0DBF9F0F74EFE00B9E0
:10FD700004E0E5480068B0F5FF7FF3DC00BFE04831
:10FD80000068401CDE490860DD48006840F226211A
:10FD90008842E6DB1FED2F1ADFEDDA0A1E209FED09
:10FDA000DB0AF3F76BFA0020D549086012E006E0A1
:10FDB00001200AF0B5F9F0F728FE00B904E0D248B6
:10FDC0000068B0F5967FF3DC00BFCD480068401CAA
:10FDD000CB490860CA48006840F226218842E6DB29
:10FDE0000020C74908601FE014E00A206FF0950169
:10FDF00002222346CDE9002102904FF461720021D6
:10FE00000F20F7F756F905200AF08AF9F0F7FDFD03
:10FE100000B903E0BC480068D228E6DC00BFB8485F
:10FE20000068401CB6490860B548006840F22621C9
:10FE30008842D9DB0020B24908601FE014E00A20A4
:10FE40006FF0950101222346CDE9002102904FF485
:10FE5000617200210520F7F72CF905200AF060F9FE
:10FE6000F0F7D3FD00B903E0A7480068B228E6DC4C
:10FE700000BFA3480068401CA1490860A048006872
:10FE800040F226218842D9DB0020F3F7CAF840F27D
:10FE9000C710F4F7C0F800209949086019E006E09F
:10FEA00001200AF03DF9F0F7B0FD00B90BE09849E8
:10FEB0000968984A1268881A002801DB014600E0A8
:10FEC00041420529ECDC00BF8D480068401C8C498C
:10FED00008608B4800689628E1DB0020F3F7A1F862
:10FEE0008D480068012828D1C102844806F018FF17
:10FEF00018BB8A48C07F40F080008849C87700203E
:10FF00007F49086014E006E001200AF009F9F0F7E3
:10FF10007CFD00B906E04FF40061814806F000FF67
:10FF20000128F1D000BF76480068401C7449086081
:10FF3000734800683228E6DB85E0774800680128CE
:10FF400028D18103764806F0EBFE18BB7348C07FCA
:10FF500040F020007149C87700206949086014E02A
:10FF600006E001200AF0DCF8F0F74FFD00B906E0EA
:10FF70004FF400616A4806F0D3FE0128F1D000BFBB
:10FF80005F480068401C5E4908605D480068322890
:10FF9000E6DB58E063480068012828D18102604808
:10FFA00006F0BEFE18BB5D48C07F40F020005B49F4
:10FFB000C87700205249086014E006E001200AF0EA
:10FFC000AFF8F0F722FD00B906E04FF400414B48CE
:10FFD00006F0A6FE0128F1D000BF49480068401C89
:10FFE00047490860464800683228E6DB2BE04D4868
:10FFF0000068012827D18102404806F091FE10BB1D
:020000040801F1
:100000004648C07F40F080004449C87700203C4902
:10001000086014E006E001200AF082F8F0F7F5FC31
:1000200000B906E04FF40041344806F079FE01289B
:10003000F1D000BF32480068401C314908603048A8
:1000400000683228E6DB0020F2F7EBFF3EBD10B57A
:1000500035480068012803D13220FFF7B7FC0EE0D5
:1000600031480068022803D16A20FFF769FE06E0E4
:100070002D480068032802D19F20FFF761FE10BDC4
:100080000146081E01DB024600E0424200EE102A53
:10009000F8EEC01A9FED251AB2EE002AF0EE410AE2
:1000A00042EE210ABDEEE01A11EE100A704770B55B
:1000B0001F480068FFF7E4FF04461D480068552804
:1000C0003DDA09214FF46170F3F7CEF8F2F787F9C2
:1000D00006E005200AF024F8F0F797FC00B92DE0BF
:1000E000F0F7C9FC0646F0F799FC051E01DB28462F
:1000F00000E06842002E1DDB31461CE0000C02408F
:100100009403002000006144A000002000808E4382
:10011000BC000020E403002068010020040000204F
:10012000000402406C0100206802002000004842E8
:100130006C02002071420844A042CADB27E0FE485E
:100140000068662820DD0921FC48F3F78DF8F2F7F6
:1001500046F906E0052009F0E3FFF0F756FC00B988
:1001600011E0F0F7DCFC0646F0F7AFFC051E01DB02
:10017000284600E06842002E01DB314600E0714273
:100180000844A042E6DB02E00020F2F74AFF70BD1F
:100190000EB5B6EE001ADFEDEA0A19209FEDE90A66
:1001A000F3F76CF80020E849086012E006E001204F
:1001B00009F0B6FFF0F729FC00B904E0E348006855
:1001C000B0F5AF7FF3DC00BFDF480068401CDE49BC
:1001D0000860DD48006840F226218842E6DB9FED9A
:1001E000DC1ADFEDD70A1E209FEDDA0AF3F746F896
:1001F0000020D549086012E006E0012009F090FFD8
:10020000F0F703FC00B904E0D0480068B0F5827F45
:10021000F3DC00BFCC480068401CCB490860CA48EA
:10022000006840F226218842E6DB0020C6490860CB
:1002300020E015E00A206FF0950102224FF4897347
:10024000CDE90021029000224FF4E1610F20F6F782
:10025000CBFD052009F064FFF0F7D7FB00B903E000
:10026000BA480068DB28E5DC00BFB7480068401CDE
:10027000B5490860B448006840F226218842D8DBBE
:100280000020F2F7CEFE0020AF49086006E0FFF73D
:100290000EFFAD480068401CAB490860AA480068E2
:1002A00041F288318842F2DB4FF4C870F3F7B3FEB5
:1002B000A948C07F40F00400A749C877FA20A749A1
:1002C0000860B420A6490860B6EE001ADFED9C0A6B
:1002D00014209FED9C0AF2F7D1FF00209A49086094
:1002E00011E006E0012009F01BFFF0F78EFB00B9DA
:1002F00003E0964800688228F4DC00BF924800685A
:10030000401C914908609048006840F226218842CC
:10031000E7DB00208C49086006E0FFF7C8FE8A484A
:100320000068401C884908608748006841F28831AD
:100330008842F2DBB6EE001ADFED810A0E209FED57
:10034000810AF2F79BFF00207F49086011E006E078
:10035000012009F0E5FEF0F758FB00B903E07B4807
:1003600000682328F4DC00BF77480068401C764909
:1003700008607548006840F226218842E7DBB6EE47
:10038000001ADFED6F0A06209FED6E0AF2F776FF86
:1003900000206D49086011E006E0012009F0C0FE70
:1003A000F0F733FB00B903E0684800680428F4DC88
:1003B00000BF65480068401C6349086062480068E7
:1003C00040F226218842E7DB4FF47A7009F0A8FE5C
:1003D0000020F2F726FEF7F701FBFA205F490860DC
:1003E0006048006819305E4908600020564908607E
:1003F00019E006E0012009F093FEF0F706FB00B9D2
:100400000BE059490968564A1268881A002801DB2E
:10041000014600E041420A29ECDC00BF4A4800687E
:10042000401C494908604848006840F2262188423B
:10043000DFDB4FF4FA6009F073FE4748C07F00F03D
:10044000FB004549C877FA204449086047480068DE
:100450004349086000203C49086021E006E0012093
:1004600009F05EFEF0F7D1FA00B913E03F4A1268D6
:100470003C4B1B68D11A3C4A1268394B1B68D01A96
:10048000002801DB024600E0424201EBD173B2EBEF
:10049000630FE4DC00BF2C480068401C2A49086058
:1004A000294800683228D9DBB6EE001ADFED240AAD
:1004B0000A209FED230AF2F7E1FE40F6B83009F07A
:1004C0002FFE0EBD05202A49096861290FDB284946
:1004D00009687A290BDC1D490968232907DB1B49B8
:1004E00009683B2903DC0121224A11704CE02049B4
:1004F00009682E290FDB1E4909684A290BDC1349BC
:100500000968522907DB114909686D2903DC0221BA
:10051000184A117038E01649096811F1040F30DBF0
:10052000134909680D292CDC084909688D2928DB45
:1005300006490968A8291FE06C0200207CFCFFFF27
:10054000000000000000E144940300209800002017
:100550009A99193F0080BB44040000201C0400202D
:100560000804002000040020C4000020C001002076
:100570009C000020B802002003DC0321FD4A11701A
:1005800002E00121FB4A1170704710B5FFF79AFF96
:10059000F848007801280CD164213420FBF70EFACA
:1005A0000020F2F73EFD4FF47A71B120F4F708FA1B
:1005B00020E0F048007802280CD164216720FBF786
:1005C000FDF90020F2F72DFD4FF47A71B120F4F718
:1005D000F7F90FE0E748007803280BD164219C204D
:1005E000FBF7ECF90020F2F71CFD4FF47A71B12013
:1005F000F4F7E6F94FF4F070F3F70DFD0020DE4953
:10060000086019E006E0012009F08AFDF0F7FDF925
:1006100000B90BE0D9490968D94A1268881A00283C
:1006200001DB014600E041420A29ECDC00BFD24870
:100630000068401CD0490860CF480068FA28E1DB18
:10064000FEF77AFD10BD10B5FEF70AFACD48006836
:10065000022802DDFEF76FFE01E0FEF73EFF10BD4F
:1006600010B54FF4AF70F3F7D6FC6420C6490860AC
:10067000C6480068C64908600020BF49086019E004
:1006800006E0012009F04CFDF0F7BFF900B90BE0DE
:10069000C0490968BE4A1268881A002801DB014671
:1006A00000E041420529ECDC00BFB3480068401C73
:1006B000B1490860B04800689628E1DBB648C07FC1
:1006C00040F08000B449C8770020AB49086014E0CE
:1006D00006E0012009F024FDF0F797F900B906E0E3
:1006E0004FF40061AD4806F01BFB0128F1D000BFBC
:1006F000A1480068401CA04908609F480068322853
:10070000E6DB9620A6490860A64800683738A64967
:10071000086010BD2DE9F04104460D4600209649C1
:1007200008603BE02AE0A1480068071B3846F4F760
:100730002DF906469D480068001B002809DDB6EE2D
:10074000001ADFED9B0A30461FED830AF2F796FD93
:1007500010E096480068001B09D5B6EE001ADFEDE0
:10076000940A30461FED890AF2F788FD02E0002066
:10077000F2F757FCF0F749F900B909E08B4909682D
:10078000081B002801DB014600E041420129CADCC8
:1007900000BF79480068401C7749086076480068C7
:1007A000A842BFDBBDE8F081FEB504460D46164603
:1007B0009620804908607B4800687F490860FA20DD
:1007C000774908607D48006877490860F3F71CFCAA
:1007D0004FF4AF707A490860694908606E4890F834
:1007E000230040F001006C4981F82300962000EBC3
:1007F000440000EE900AF8EEE00AB0EE600A9FEDC9
:10080000711AF1EE040A1E20F2F738FD00205A4951
:10081000086013E006E0012009F082FCF0F7F5F82B
:1008200000B905E0A4F11400604909688842F2DCCF
:1008300000BF51480068401C4F4908604E4800689E
:100840006428E7DB40F267205D49086040F25D20E4
:100850004B4908600020484908601FE013E00F2062
:100860006FF0950101222346CDE90021029000227C
:1008700011461920F4F70FFE012009F051FCF0F7A2
:10088000C4F800B904E050480068B0F5EB7FE6DB3F
:1008900000BF39480068401C374908603648006886
:1008A0003228DBDB0020344908601BE010E00F2019
:1008B0006FF0950101222346CDE90021029000222C
:1008C00011460E20F4F7E7FDF0F79FF800B903E0BA
:1008D0003E4800681728EADC00BF27480068401C33
:1008E0002549086024480068FA28DFDB2A4890F888
:1008F000230040F00200284981F8230000201E490F
:10090000086024E010E00F206FF06301012223460D
:10091000CDE900210290002211460720F4F7BBFD2B
:10092000F0F773F800B90CE04FF48051284806F056
:10093000F7F9012805D18102254806F0F1F90128CF
:10094000E1D000BF0C480068401C0B4908600A4811
:1009500000686428D6DB40F6B83009F0E1FB3220AD
:10096000F2F75FFB4FF4FA6009F0DAFB002002496E
:10097000086065E0B802002094030020BC0000205D
:10098000E4030020B00200201404002060010020D5
:10099000F0030020B000002004000020000402400A
:1009A0001C040020BC01002008040020A00000203E
:1009B0000000614418040020FC030020C001002056
:1009C000D80300209A99993EB80000209C0000208E
:1009D0000010024021E04FF40041FA4806F0A0F96F
:1009E000012805D1062140F25230F2F73DFC0DE01E
:1009F0000821F44806F094F9012804D10621F248B0
:100A0000F2F732FC02E00020F2F70BFB012009F0C4
:100A100087FBEFF7FAFF00B90CE04FF40041E9481B
:100A200006F07EF90128D6D00821E64806F078F9CC
:100A30000128D0D000BFE5480068401CE3490860A9
:100A4000E2480068B0F5FA7FC4DB0020F2F7E9FA6B
:100A5000DF4890F8230000F0FE00DD4981F8230014
:100A60004FF4FA6009F05CFB0020D849086013E0FD
:100A700006E0012009F054FBEFF7C7FF00B905E0DD
:100A80000221D04806F04CF90128F2D000BFCF482F
:100A90000068401CCD490860CC480068B0F5FA7F7A
:100AA000E6DB0020F2F7BDFA2320CA490860502097
:100AB000C949086040F26720C8490860C849086011
:100AC0004FF47A6009F02CFB40F29920C34908608A
:100AD000401FC34908604FF47A7009F021FBBC48FD
:100AE00090F8230000F0FD00B94981F8230041F29D
:100AF000883009F015FB1E212846F2F7B5FB0021CE
:100B0000B7EE000A4FF46670F2F711FBF1F767FCDD
:100B1000F3F77AFA11E0052009F002FBEFF775FF11
:100B200000B90FE0AF480068B0F5E17F05DD40F2A5
:100B30000910AA490860AA490860AA480068B0F5E7
:100B4000487FE8DB00BFB6EE001A5FED670A0520BC
:100B50009FEDA50AF2F792FB00209C49086019E07E
:100B600006E0052009F0DCFAEFF74FFF00B90BE0D3
:100B70004FF48071934806F0D3F828B9802191484A
:100B800006F0CEF80028ECD000BF90480068401C6A
:100B90008E4908608D4800686428E1DB4FF4FA60F4
:100BA00009F0BEFA4FF47A713046FFF7B3FD00202A
:100BB000F2F737FA1420874908602D20864908602B
:100BC000FF2086490860864908600020F2F729FA6C
:100BD000FEBD2DE9F04104460D4600207B4908602A
:100BE0003DE02CE081480068071B41220421384683
:100BF000FAF768FE06467D480068001B002809DDFC
:100C0000B6EE001ADFED780A30469FED790AF2F76A
:100C100035FB14E075480068001B09D5B6EE001AD4
:100C2000DFED710A30469FED730AF2F727FB06E00D
:100C30000020F2F7F6F9EFF7E8FE00B909E06B499A
:100C40000968081B002801DB014600E04142012938
:100C5000C8DC00BF5D480068401C5C4908605B4818
:100C60000068A842BDDBBDE8F08110B5F3F7CCF910
:100C7000FF205A4908605A4908604FF4FA6009F0A9
:100C80004FFA5348C07F40F004005149C8779FEDA8
:100C90005A1ADFED550A14209FED580AF2F7EEFAC2
:100CA00006E0012009F03CFAEFF7AFFE00B905E0DD
:100CB0004C4800684449C8318842F2DC00BF00213A
:100CC0009FED4F0A40483238F2F731FA06E0012032
:100CD00009F026FAEFF799FE00B903E0F2F77AF887
:100CE0000028F4D100BF0020F2F79BF945480068C6
:100CF000012806D14FF47A7143480068FFF769FF75
:100D00000AE04048006838B93F490968A1F10F007E
:100D10004FF47A71FFF75DFF3C480068032804D167
:100D200001210420F0F7FFFF02E0002038490860AD
:100D30000020F2F776F910BD10B5F3F765F9FF2042
:100D400026490860264908604FF4FA6009F0E8F97E
:100D50002E480068022804D101210420F0F7E3FFA7
:100D600002E000202A4908601948C07F40F00400D2
:100D70001749C8779FED201ADFED1B0A14209FED5D
:100D8000250AF2F77BFA06E0012009F0C9F9EFF72E
:100D90003CFE00B905E0134800680B49C8318842A1
:100DA000F2DC00BF00219FED160A07483238F2F747
:100DB000BEF931E0012009F0B3F9EFF726FE00B9E2
:100DC0002EE029E000100240AEFCFFFF940300205B
:100DD000040000200C04002010040020D803002090
:100DE000E403002048030020000061C4A4000020A8
:100DF000000000000000E144CDCC0C4000007A442B
:100E00006666663FE8000020EC01002060020020DA
:100E1000640200200040CE44F1F7DCFF0028C9D175
:100E200000BF0020F2F7FDF8FE480068012806D157
:100E30004FF47A71FC480068FFF7CBFE0AE0F948EE
:100E4000006838B9F8490968A1F10F004FF47A71C8
:100E5000FFF7BFFE0020F2F7E4F810BD10B5F3F77E
:100E6000D3F8FF20F1490860F14908604FF4FA60B7
:100E700009F056F9EF48C07F40F00400ED49C8770B
:100E8000B0EE001A5FED280A14209FEDEB0AF2F78E
:100E9000F5F906E0012009F043F9EFF7B6FD00B9D6
:100EA00004E0E6480068E6498842F3DC00BF002120
:100EB0001FED2D0AE248FA38F2F739F906E0012071
:100EC00009F02EF9EFF7A1FD00B903E0F1F782FF79
:100ED0000028F4D100BF0020F2F7A3F8D948006839
:100EE000012804D101210420F0F71DFF02E00020B9
:100EF000D5490860CB480068012806D14FF47A71C3
:100F0000D2480068FFF765FE0AE0C648006838B9B5
:100F1000CE490968A1F10F004FF47A71FFF759FE2D
:100F20000020F2F77EF810BD2DE9F04104460D4691
:100F30000020C74908603BE02AE0C6480068071B5C
:100F40003846F3F723FD0646C2480068001B002818
:100F500009DDB6EE001A5FED5C0A30461FED5C0A53
:100F6000F2F78CF910E0BB480068001B09D5B6EE1B
:100F7000001A5FED630A30461FED620AF2F77EF950
:100F800002E00020F2F74DF8EFF73FFD00B909E06D
:100F9000B0490968081B002801DB014600E0414216
:100FA0000129CADC00BFAA480068401CA8490860A3
:100FB000A7480068A842BFDBBDE8F0813EB5044603
:100FC000F3F722F8A4480068FA3098490860A3486B
:100FD0000068FA30964908609FEDA11A5FED7E0A1D
:100FE00028209FEDA00AF2F749F9002098490860EF
:100FF00011E006E0012009F093F8EFF706FD00B9D3
:1010000003E0994800687328F4DC00BF904800684A
:10101000401C8F4908608E480068FA28E9DBB6EE6C
:10102000001A5FED8F0A1C209FED8E0AF2F726F959
:1010300000208749086011E006E0012009F070F8FF
:10104000EFF7E3FC00B903E0874800683228F4DCDE
:1010500000BF7F480068401C7D4908607C480068EC
:10106000FA28E9DB7348C07F40F004007149C87773
:101070006C480068012807D1FA207C4908607C4848
:101080000068C8387B49086040F2B920F2F7C3FF16
:1010900064480068002866D16D49086020E015E0CA
:1010A0000A206FF095010222A4F10F03CDE900217F
:1010B0000290634AFA3A51421220F5F795FE012058
:1010C00009F02EF8EFF7A1FC00B903E066480068CC
:1010D0000A28E5DC00BF5E480068401C5C490860E7
:1010E0005B480068FA28DADB00205949086029E0EB
:1010F00015E00A206FF095010222A4F10F03CDE95B
:10110000002102904E4AFA3A51420820F5F76CFE4F
:10111000012009F005F8EFF778FC00B90CE0402158
:10112000554805F0FDFD0128E3D04FF48071534888
:1011300005F0F6FD0128DCD000BF45480068401CE2
:10114000434908604248006840F20E618842CFDBA4
:101150004FF47A7008F0E4FFA4F10F004FF47A71B5
:10116000FFF7E2FE9EE02F480068012858D10020DA
:10117000374908601FE014E00A206FF09501022251
:101180002346CDE9002102902D4AFA3A514212201D
:10119000F5F72AFE012008F0C3FFEFF736FC00B98F
:1011A00003E0314800680A28E6DC00BF28480068F0
:1011B000401C2749086026480068FA28DBDB00202D
:1011C000234908605FE014E00A206FF095010222D5
:1011D0002346CDE900210290194AFA3A51420820EB
:1011E000F5F702FE012008F09BFFEFF70EFC00B9B7
:1011F00012E04021204805F093FD0128E4D04FF48F
:1012000080711E4805F08CFD0128DDD080211A4830
:1012100005F086FD0028D7D000BF0D4800682FE0FC
:1012200040E00000E8000020F4010020D803002086
:10123000E40300200400002000C0C1444803002053
:1012400076FDFFFF6002002064020020FC01002008
:1012500094030020A4000020D0030020DC03002021
:101260009A99193F00006144980000201C04002056
:10127000C0010020080400200004024000000240D9
:10128000401CFE490860FD48006840F20E6188423B
:1012900099DB4FF47A7008F043FF4FF47A712046DF
:1012A000FFF742FE0020F1F7BCFE3EBD3EB504460E
:1012B000F2F7AAFEF2480068FA30F2490860F248F4
:1012C0000068FA30F1490860B6EE001ADFEDF00A66
:1012D00026201FED1C0AF1F7D1FF0020E749086026
:1012E00011E006E0012008F01BFFEFF78EFB00B9CC
:1012F00003E0E84800687328F4DC00BFDF480068BA
:10130000401CDE490860DD480068FA28E9DBB6EEDB
:10131000001ADFEDDF0A1E201FED2E0AF1F7AEFFE7
:101320000020D649086011E006E0012008F0F8FE30
:10133000EFF76BFB00B903E0D64800682828F4DC1F
:1013400000BFCE480068401CCC490860CB4800680C
:10135000FA28E9DBD0480068012807D1FA20CF49F4
:101360000860CF480068C838CE490860CA4800689D
:10137000002866D1C14908601FE014E00A206FF020
:1013800063010222A4F10F03CDE900210290C64AB5
:1013900051421220F5F728FD012008F0C1FEEFF7B9
:1013A00034FB00B903E0BB4800680A28E6DC00BF54
:1013B000B2480068401CB1490860B0480068FA288B
:1013C000DBDB0020AD4908602EE014E00A206FF05E
:1013D00095010222A4F10F03CDE900210290B24A47
:1013E00051420720F5F700FDEFF70FFB00B915E0BC
:1013F000012008F095FE4021AC4805F091FC012841
:10140000E4D04FF48071AA4805F08AFC0128DDD0B1
:101410008021A64805F084FC0028D7D000BF97485B
:101420000068401C954908609448006840F20E61CD
:101430008842CADBA4F10F004FF47A71FFF774FD04
:101440006BE095480068012867D100208B4908604F
:101450001EE013E00A206FF0950102222346CDE939
:1014600000210290904A51421220F5F7BDFC012064
:1014700008F056FEEFF7C9FA00B903E085480068A6
:101480000A28E7DC00BF7D480068401C7B490860F3
:101490007A480068FA28DCDB0020784908602DE0F3
:1014A00013E00A206FF0950102222346CDE90021C6
:1014B00002907D4A51420720F5F796FCEFF7A5FA16
:1014C00000B915E0012008F02BFE4021774805F017
:1014D00027FC0128E5D04FF48071754805F020FC09
:1014E0000128DED08021714805F01AFC0028D8D0F0
:1014F00000BF62480068401C604908605F4800689F
:1015000040F20E618842CBDB40F23520F2F783FDDA
:101510004FF47A712046FFF707FD0020F1F781FDB7
:101520003EBD2DE9F04104460D46002053490860B8
:101530003BE02AE05F480068071B3846F3F726FACD
:1015400006465C480068001B002809DDB6EE001A5C
:10155000DFED4F0A30469FED580AF1F78FFE10E09D
:1015600054480068001B09D5B6EE001ADFED480AA2
:1015700030469FED520AF1F781FE02E00020F1F7BC
:1015800050FDEFF742FA00B909E04A490968081B23
:10159000002801DB014600E041420129CADC00BF0E
:1015A00036480068401C3549086034480068A84245
:1015B000BFDBBDE8F0813EB50446F2F725FD3048BB
:1015C0000068FA302F4908602F480068FA302F4928
:1015D00008609FED3B1ADFED2E0A26201FEDDF0A83
:1015E000F1F74CFE00202549086011E006E00120DB
:1015F00008F096FDEFF709FA00B903E02548006806
:101600007328F4DC00BF1D480068401C1B490860BB
:101610001A480068FA28E9DB9FED291ADFED1C0A59
:101620001C201FEDF00AF1F729FE00201349086085
:1016300011E006E0012008F073FDEFF7E6F900B9CC
:1016400003E0144800683228F4DC00BF0B4800684F
:10165000401C0A49086009480068FA28E9DB194873
:10166000C07F40F004001749C8770B480068012884
:101670002ED1FA2009490860094825E0940300208A
:10168000D0030020D8030020DC030020E403002066
:10169000000061C498000020E80000201C04002025
:1016A000C0010020080400207CFCFFFF0004024071
:1016B00000000240A00000200000E1440000000003
:1016C0006666663F040000200068C838FE4908606E
:1016D00040F2B920F2F79FFCFC480068002868D16E
:1016E000FB4908601EE013E00A209621022204F163
:1016F0001903CDE900210290F64A51421220F3F776
:10170000CAFE012008F00CFDEFF77FF900B903E0F5
:10171000F14800680A28E7DC00BFED480068401C7B
:10172000EB490860EA480068FA28DCDB0020E84959
:1017300008602DE013E00A209621022204F119032B
:10174000CDE900210290E34A51420820F3F7A3FEBD
:10175000012008F0E5FCEFF758F900B912E040214C
:10176000DE4805F0DDFA0128E5D04FF48071DC4851
:1017700005F0D6FA0128DED08021D84805F0D0FA4D
:101780000028D8D000BFD2480068401CD04908606B
:10179000CF48006840F20E618842CBDB4FF47A708C
:1017A00008F0BEFC4FF47A7104F11900FFF7B9FE9E
:1017B00063E0C648006801285FD10020C449086082
:1017C0001DE012E01E20962102222346CDE90021D1
:1017D0000290C04A51421220F3F75DFE012008F04A
:1017E0009FFCEFF712F900B903E0BB4800680A2834
:1017F000E8DC00BFB6480068401CB5490860B44842
:101800000068FA28DDDB0020B149086026E012E01C
:101810001E20962102222346CDE900210290AD4AE6
:1018200051420820F3F737FE012008F079FCEFF76A
:10183000ECF800B90CE04021A84805F071FA012845
:10184000E6D04FF48071A64805F06AFA0128DFD08F
:1018500000BF9F480068401C9D4908609C48006884
:1018600040F20E618842D2DB4FF47A7008F058FCE7
:101870004FF47A712046FFF754FE0020F1F7D1FBB8
:101880003EBD10B5FFF7EAFAFBF7DEFA95480068AF
:1018900018B995480068FFF78EFE0120914908604D
:1018A00010BD10B5FFF748FAFBF7CEFA8D48006877
:1018B00018B98E480068FFF7F9FC012089490860D3
:1018C00010BD10B5FFF7D1F9FBF7BEFA85480068E7
:1018D00030B987480068FFF771FB01208149086033
:1018E00010BD10B57B494842F5F7DAF81E20F1F734
:1018F00098FB01207F49086010BD10B5754948422A
:10190000F4F780F91E20F1F78CFB0120794908607B
:1019100010BD2DE9F04104460D4600206C490860D9
:101920003DE02CE074480068071B41220421384642
:10193000F9F7C8FF064670480068001B002809DD5B
:10194000B6EE001A5FEDAE0A30461FEDA50AF1F7BC
:1019500095FC10E068480068001B09D5B6EE001A37
:101960005FEDB50A30461FEDAB0AF1F787FC02E0E8
:101970000020F1F756FBEFF748F800B909E05E499F
:101980000968081B002801DB014600E041420129EB
:10199000C8DC00BF4E480068401C4D4908604C48F8
:1019A0000068A842BDDBBDE8F08110B54FF40061CE
:1019B000524805F0B5F9A8BB4FF40051474805F06F
:1019C000AFF978BB4FF48061444805F0A9F90128CC
:1019D00029D1C103414805F0A3F9012823D181028F
:1019E000464805F09DF901281DD101033B4805F04B
:1019F00097F9012817D18103384805F091F901289A
:101A000011D181033D4805F08BF901280BD16420E9
:101A10003B4908604FF4CD703A49086001203A49CB
:101A20000860E3E0FFE74FF40061344805F078F91F
:101A3000A8BB4FF40051294805F072F978BB4FF468
:101A40008061264805F06CF948BB4FF400412348FB
:101A500005F066F918BB4FF48061284805F060F97D
:101A600001281DD101031D4805F05AF9012817D19D
:101A700081031A4805F054F9012811D181031F4848
:101A800005F04EF901280BD164201D4908604FF480
:101A9000CD701C49086001201B490860A6E0FFE7E3
:101AA0004FF40061154805F03BF960B94FF400515F
:101AB0000A4805F035F930B94FF48061074805F060
:101AC0002FF900B922E04BE008040020E8000020D4
:101AD000940300207CFCFFFF9800002000040240DB
:101AE000000002406402002004020020F4010020F3
:101AF000EC0100209C020020A0000020000C02400D
:101B000014040020F0030020680100204FF400417D
:101B1000FA4805F005F918BB4FF48061F84805F064
:101B2000FFF8E8B94FF48051F44805F0F9F8B8B976
:101B30004FF48041F14805F0F3F8012810D18103FA
:101B4000EF4805F0EDF801280AD16420ED4908605E
:101B500040F25320EC4908600120EC49086045E060
:101B60004FF40061E64805F0DBF8A0BB4FF40051EC
:101B7000E24805F0D5F870BB4FF48061DF4805F00E
:101B8000CFF840BB4FF40041DC4805F0C9F810BB6A
:101B90004FF48061DA4805F0C3F8E0B94FF48051A2
:101BA000D64805F0BDF8B0B94FF48041D34805F0F0
:101BB000B7F880B94FF48041D14805F0B1F850B979
:101BC0006420D04908604FF4CD70CF4908600120EF
:101BD000CF4908600AE0FFE76420CA49086040F284
:101BE0005320C94908600120C849086010BD3EB5AE
:101BF0000446FFF7DAFEF2F7F9F940F24F10C54953
:101C00000860C54908600020C449086019E006E082
:101C1000012008F085FAEEF7F8FE00B90BE0C049A4
:101C20000968BD4A1268881A002801DB014600E0F5
:101C300041420A29ECDC00BFB8480068401CB749A3
:101C40000860B64800689628E1DB4FF47A6008F037
:101C500067FA4FF47A71BD20FFF75BFEB6EE001A0B
:101C6000DFEDB00A23209FEDB00AF1F707FB00205B
:101C7000AA49086012E006E0052008F051FAEEF7E4
:101C8000C4FE00B904E0A9480068B0F5AA7FF3DCFF
:101C900000BFA2480068401CA04908609F48006837
:101CA00040F226218842E6DB40F6B83008F038FAE8
:101CB00000209A49086012E006E0052008F030FA9A
:101CC000EEF7A3FE00B904E098480068B0F5967FEF
:101CD000F3DB00BF91480068401C904908608F48C2
:101CE000006840F226218842E6DB41F2883008F0A5
:101CF00017FA00208949086011E006E0012008F089
:101D00000FFAEEF782FE00B903E0894800681E284A
:101D1000F4DC00BF81480068401C804908607F48AF
:101D2000006840F226218842E7DB00207B490860FA
:101D30001DE012E00A20DC2103222346CDE9002128
:101D400002907C4A00211920F5F7B3F9052008F02C
:101D5000E7F9EEF75AFE00B903E074480068DC28A2
:101D6000E8DC00BF6D480068401C6C4908606B48A7
:101D7000006840F226218842DBDB002067490860CA
:101D80001DE012E00A20962101222346CDE9002120
:101D90000290684A00210620F5F78BF9052008F02B
:101DA000BFF9EEF732FE00B903E060480068A828EA
:101DB000E8DC00BF59480068401C58490860574893
:101DC000006840F226218842DBDB0020F1F729F988
:101DD00040F2C620F2F71FF900205049086019E0D0
:101DE00006E0012008F09CF9EEF70FFE00B90BE0C9
:101DF0004B490968484A1268881A002801DB0146E5
:101E000000E041420829ECDC00BF44480068401C67
:101E100042490860414800689628E1DB0020F1F75C
:101E200000F93EBD10B54FF48061344804F078FFEE
:101E300000283FD1FA2040490860404800687330CC
:101E40003F49086000203549086025E006E0012090
:101E500008F066F9EEF7D9FD00B917E0394A1268C3
:101E6000374B1B68D11A002901DB0A4600E04A42C1
:101E70000A2AECDC344A1268344B1B68D01A00285A
:101E800001DB024600E042420A2AE0DC00BF2348B0
:101E90000068401C21490860204800683228D5DBD2
:101EA00040F6B83008F03CF92948C07F40F00800FF
:101EB0002749C8774FF48061114804F031FFE0B939
:101EC000FA20244908602448006873301F490860DC
:101ED00000201249086056E006E0012008F020F9D1
:101EE000EEF793FD00B948E0164A1268144B1B68E0
:101EF000D11A002932DB0A4631E052E000040240E8
:101F0000000C024014040020F00300206C010020AB
:101F100068010020D8030020E4030020940300207F
:101F2000BC000020000061C400006144A400002047
:101F3000980000207CFCFFFF18040020BC0100205A
:101F4000FC030020C0000020C40000200804002082
:101F5000040000201C040020C00100204A420A2A7C
:101F6000BBDCF94A1268F94B1B68D01A002801DB68
:101F7000024600E042420A2AAFDC00BFF448006893
:101F8000401CF3490860F24800683228A4DB40F6A0
:101F9000B83008F0C5F8EF48C07F40F04000ED4988
:101FA000C87740F6B83008F0BBF8FA20EA49086074
:101FB000EA480068EA490860FA20EA490860EA4805
:101FC0000068E24908600020E149086025E006E079
:101FD000012008F0A5F8EEF718FD00B917E0E34A74
:101FE0001268DF4B1B68D11A002901DB0A4600E0AA
:101FF0004A420A2AECDCD44A1268D44B1B68D01A35
:10200000002801DB024600E042420A2AE0DC00BF71
:10201000CF480068401CCE490860CD48006832288F
:10202000D5DB10BD10B54FF48041D14804F078FEE7
:1020300000283FD1FA20C8490860C84800686E38B7
:10204000C74908600020C249086025E006E0012079
:1020500008F066F8EEF7D9FC00B917E0C34A126839
:10206000BF4B1B68D11A002901DB0A4600E04A4237
:102070000A2AECDCB44A1268B44B1B68D01A002858
:1020800001DB024600E042420A2AE0DC00BFB04821
:102090000068401CAE490860AD4800683228D5DBB6
:1020A00040F6B83008F03CF8AA48C07F40F0100075
:1020B000A849C8774FF40061AE4804F031FEE0BB98
:1020C000FA20A8490860A84800686E389F4908604F
:1020D00000209F49086025E006E0012008F020F874
:1020E000EEF793FC00B917E0A04A12689C4B1B68FE
:1020F000D11A002901DB0A4600E04A420A2AECDC38
:10210000914A1268914B1B68D01A002801DB0246E5
:1021100000E042420A2AE0DC00BF8D480068401C13
:102120008B4908608A4800683228D5DB40F6B83011
:1021300007F0F6FF8748C07F00E003E040F00400AE
:102140008449C87740F6B83007F0EAFFFA208249A0
:1021500008608248006882490860FA208149086066
:10216000814800687949086000207949086025E0C5
:1021700006E0012007F0D4FFEEF747FC00B917E0B6
:102180007A4A1268764B1B68D11A002901DB0A468D
:1021900000E04A420A2AECDC6B4A12686B4B1B686F
:1021A000D01A002801DB024600E042420A2AE0DCA5
:1021B00000BF67480068401C6549086064480068C3
:1021C0003228D5DB10BD10B56B480068002847D118
:1021D0006A480068002843D16948006800283FD158
:1021E0006848006800283BD1C82167480068FFF7AD
:1021F00098F901206549086040F23520F1F70BFF9E
:1022000000205349086019E006E0012007F088FF2C
:10221000EEF7FBFB00B90BE05D4909685D4A126807
:10222000881A002801DB014600E041420A29ECDC63
:1022300000BF47480068401C4549086044480068A2
:10224000FA28E1DB9FED541A5FEDCA0A06209FEDE4
:10225000530AF1F713F84FF4FA6007F061FFADE1AC
:1022600045480068012846D144480068E8BB444816
:102270000068D0BB43480068B8BBC821424800682A
:10228000FFF74FF901204149086040F23520F1F78E
:10229000C2FE00202E49086019E006E0012007F088
:1022A0003FFFEEF7B2FB00B90BE039490968394A44
:1022B0001268881A002801DB014600E041420A2921
:1022C000ECDC00BF22480068401C2149086020481F
:1022D0000068FA28E1DB9FED301A5FEDEE0A062078
:1022E0009FED2E0AF0F7CAFF00E004E04FF4FA6019
:1022F00007F016FF62E120480068012872D11F48EC
:1023000000680128FAD11E4800680028F6D11D484F
:1023100000680028F2D140F20910F1F77CFE00209D
:102320000B49086045E006E0012007F0F9FEEEF7F2
:102330006CFB00B937E016490968164A1268881A1A
:1023400000282DDB01462CE0C400002008040020FA
:10235000940300200400002018040020BC01002089
:10236000FC0300201C040020C0010020C00000204D
:1023700000040240000C0240880200208C02002071
:102380009002002094020020B0010020A40200204E
:10239000BC000020E4030020CDCC4C3E0000E14412
:1023A00041420A29C0DC00BFF7480068401CF649DA
:1023B0000860F54800683228B5DBB6EE001ADFED9C
:1023C000F30A08209FEDF20AF0F758FF0020EE49CB
:1023D000086015E007E0012007F0A2FEEEF715FB0C
:1023E00008B907E04FE04FF48071EA4804F098FC28
:1023F0000028F0D000BFE4480068401CE2490860B3
:10240000E1480068FA28E5DBC821E3480068FFF7E7
:1024100088F80020F0F705FE0120E049086040F24E
:102420003520F1F7F8FD0020D749086019E006E0F3
:10243000012007F075FEEEF7E8FA00B90BE0D84985
:102440000968D84A1268881A002801DB014600E0B2
:1024500041420A29ECDC00BFCB480068401CCA4955
:102460000860C9480068FA28E1DB9FEDCF1ADFED6C
:10247000C70A06201FED370AF0F700FF40F6C41028
:1024800007F04EFE9AE0C9480068012872D1C8489A
:10249000006801286ED1C748006801286AD1C64883
:1024A0000068002866D140F20910F1F7B4FD002061
:1024B000B549086019E006E0012007F031FEEEF7AB
:1024C000A4FA00B90BE0B6490968B64A1268881A3E
:1024D000002801DB014600E041420A29ECDC00BF94
:1024E000A9480068401CA8490860A748006832282D
:1024F000E1DBB6EE001ADFEDA50A08209FEDA40A85
:10250000F0F7BCFE0020A049086014E006E00120BE
:1025100007F006FEEEF779FA00B906E04FF4807195
:102520009C4804F0FDFB0028F1D000BF96480068ED
:10253000401C9549086094480068FA28E6DBC821E9
:1025400095480068FEF7EDFF0020F0F76AFD0120D6
:102550009249086040F23520F1F75DFD00208A497C
:1025600008601AE007E0012007F0DAFDEEF74DFA07
:1025700008B90CE022E08A4909688A4A1268881A78
:10258000002801DB014600E041420A29EBDC00BFE4
:102590007D480068401C7C4908607B480068FA2838
:1025A000E0DB9FED811ADFED790A06201FED850A39
:1025B000F0F764FE40F6C41007F0B2FD0A20F0F711
:1025C00030FD10BD10B57D494842F3F71BFB7C4838
:1025D0000068002859D17B480068002855D17A4806
:1025E0000068002851D140F20910F1F714FD0020D5
:1025F0006549086019E006E0012007F091FDEEF75B
:1026000004FA00B90BE066490968664A1268881A3C
:10261000002801DB014600E041420A29ECDC00BF52
:1026200059480068401C58490860574800683228DB
:10263000E1DBB6EE001ADFED550A0A209FED540AE1
:10264000F0F71CFE00205049086014E006E0EEF7A9
:10265000DCF900B909E0012007F062FD4FF4807158
:102660004C4804F05DFB0028F1D000BF46480068EC
:10267000401C454908604448006840F20E618842A9
:10268000E4DB0020F0F7CDFC05E04F4800680128AE
:1026900001D1FFF798FD0020F0F7C3FC10BD10B585
:1026A000F1F726FF0120494908604048006890BBC7
:1026B0003F48006878BB3F48006860BB3E48006800
:1026C00048BBB6EE001ADFED310A05201FEDCD0A3A
:1026D000F0F7D4FD00202C49086014E006E001204A
:1026E00007F01EFDEEF791F900B906E04FF48051B6
:1026F000284804F015FB0028F1D000BF22480068EC
:10270000401C21490860204800689628E6DB00202C
:10271000F0F787FCCAE0FFE724480068012857D19A
:102720002348006878BB2348006860BB22480068E3
:1027300048BBB6EE001ADFED150A05201FEDE90AC9
:10274000F0F79CFD00201049086014E006E001202D
:1027500007F0E6FCEEF759F900B906E04FF48051B6
:102760000C4804F0DDFA0028F1D000BF06480068EC
:10277000401C05490860044800689628E6DB0020F4
:10278000F0F74FFC92E023E094030020000061C4C6
:102790000000614400000240B0010020A4020020BB
:1027A000BC000020E4030020CDCCCC3D88020020FA
:1027B0008C02002090020020940200207CFCFFFF8D
:1027C000E8000020EC000020F0000020A002002023
:1027D000FE480068012832D1FD48006801282ED14A
:1027E000FC48006858BBFC48006840BBB6EE001AC5
:1027F0005FED1A0A05209FEDF90AF0F73FFD002072
:10280000F749086013E006E0012007F089FCEEF7C5
:10281000FCF800B905E00421F24804F081FA002830
:10282000F2D000BFEE480068401CED490860EC485B
:1028300000689628E7DB0020F0F7F3FB36E0E3487A
:102840000068012832D1E248006801282ED1E14811
:10285000006801282AD1E048006838BBB6EE001AAB
:102860005FED360A05209FEDDD0AF0F707FD002039
:10287000DB49086013E006E0012007F051FCEEF7A9
:10288000C4F800B905E00421D64804F049FA00284C
:10289000F2D000BFD2480068401CD1490860D0483F
:1028A00000689628E7DB0020F0F7BBFB10BD10B5F1
:1028B000C6480068002865D1C5480068002861D175
:1028C000C448006800285DD1C3480068002859D179
:1028D000F020C5490860C5480068C5490860C5487A
:1028E000C07F40F00400C349C877F2F7A7FA002080
:1028F000BB49086019E006E0012007F011FCEEF783
:1029000084F800B90BE0BC490968BC4A1268881A0F
:10291000002801DB014600E041420A29ECDC00BF4F
:10292000AF480068401CAE490860AD480068FA280E
:10293000E1DBB6EE001A5FED6B0A05209FEDB00AF1
:10294000F0F79CFC0020A649086013E006E0012097
:1029500007F0E6FBEEF759F800B905E00121A948B8
:1029600004F0DEF90028F2D000BF9D480068401C4A
:102970009B4908609A4800689628E7DB0020F0F73A
:1029800050FB86E0914800680128FAD19E48006813
:1029900000287ED1F020944908609C480068944942
:1029A00008609448C07F40F010009249C877F2F761
:1029B00045FA00208A49086019E006E0012007F086
:1029C000AFFBEEF722F800B90BE08B4909688B4AA0
:1029D0001268881A002801DB014600E041420A29FA
:1029E000ECDC00BF7E480068401C7D4908607C48E4
:1029F0000068FA28E1DBB6EE001A5FED9C0A0520BC
:102A00001FED9D0AF0F73AFC00207549086014E0BC
:102A100006E0012007F084FBEDF7F7FF00B906E0C0
:102A20004FF480717A4804F07BF90028F1D000BFA0
:102A30006B480068401C6A4908606948006896282D
:102A4000E6DBB6EE001A5FEDAF0A05209FED6C0ADB
:102A5000F0F714FC00206249086013E006E0012052
:102A600007F05EFBEDF7D1FF00B905E001216548F5
:102A700004F056F90028F2D000BF59480068401C05
:102A800057490860564800689628E7DB0020F0F7B1
:102A9000C8FA60480068012838D1F1F729FDB6EE80
:102AA000001A5FEDC60A08201FEDC70AF0F7E6FB23
:102AB00000204B4908601AE006E0EDF7A6FF00B9D8
:102AC0000FE0012007F02CFB40214E4804F028F9CC
:102AD0000028F2D04FF480714D4804F021F900280D
:102AE000EBD000BF3E480068401C3D4908603C48B0
:102AF000006840F20E618842DEDB0020F0F791FAB8
:102B00004FF47A7007F00CFBFFF7C9FD10BD10B54C
:102B100041494842F3F776F80020F0F782FA3D4841
:102B20000068002850D13D48006800284CD13C483E
:102B30000068002848D140F20910F1F76CFA002033
:102B40002749086019E006E0012007F0E9FAEDF7EF
:102B50005CFF00B90BE028490968284A1268881A06
:102B6000002801DB014600E041420A29ECDC00BFFD
:102B70001B480068401C1A49086019480068322840
:102B8000E1DBB6EE001ADFED270A0A209FED260AE8
:102B9000F0F774FB00201249086014E006E0EDF73E
:102BA00034FF00B909E0012007F0BAFA4FF4807150
:102BB000174804F0B5F80028F1D000BF08480068B5
:102BC000401C0749086031E03AE00000880200201C
:102BD0008C020020900200209402002000000000DF
:102BE00094030020001002401404002090010020F3
:102BF000F003002004000020BC000020E4030020BB
:102C00000000E144000402409802002094010020EA
:102C100000000240E80000207CFCFFFFEC000020E8
:102C2000F0000020000061C400006144FB4800681F
:102C300040F20E618842B1DB0020F0F7F2F905E0C6
:102C4000F7480068012801D1FFF731FE10BD10B52B
:102C5000F4480468F1F74CFC40F20910F1F7DBF995
:102C60000020EE49086019E006E0012007F058FA5C
:102C7000EDF7CBFE00B90BE0EB490968EB4A1268AF
:102C8000881A002801DB014600E041420A29ECDCF9
:102C900000BFE2480068401CE0490860DF48006867
:102CA0003228E1DBB6EE001A5FED220A08201FEDA4
:102CB000220AF0F7E3FA0020D849086014E006E0A1
:102CC000EDF7A3FE00B909E0012007F029FA4FF45F
:102CD0008071D74804F024F80028F1D000BFCF4815
:102CE0000068401CCD490860CC48006840F20E6185
:102CF0008842E4DB0120CF4908600020F0F791F919
:102D0000CD48006890BBCD48006878BBCC480068CF
:102D100060BBCC48006848BBB6EE001A5FED3F0AC6
:102D200005201FED490AF0F7A9FA0020BB49086009
:102D300014E006E0012007F0F3F9EDF766FE00B9B4
:102D400006E04FF48051BA4803F0EAFF0028F1D0C2
:102D500000BFB2480068401CB0490860AF48006836
:102D60009628E6DB0020F0F75CF960E0FFE7B24868
:102D70000068012833D1B148006878BBB0480068CA
:102D800060BBB048006848BBB6EE001A5FED5B0A56
:102D900005201FED650AF0F771FA00209F490860D1
:102DA00014E006E0012007F0BBF9EDF72EFE00B9B4
:102DB00006E04FF480519E4803F0B2FF0028F1D0A6
:102DC00000BF96480068401C94490860934800681A
:102DD0009628E6DB0020F0F724F928E0FFE7964884
:102DE000006801280FD19548006801280BD194484C
:102DF000006840B99348006828B94FF47A712046BA
:102E0000FEF792F813E08C48006801280FD18B4838
:102E1000006801280BD18A480068012807D1894839
:102E2000006820B94FF47A712046FEF77DF810BD96
:102E300010B50120844908607F480068002875D1DA
:102E40007E4800680028FAD17D4800680028F6D145
:102E50007C4800680028F2D140F20910F1F7DBF855
:102E600000206E49086019E006E0012007F058F9DB
:102E7000EDF7CBFD00B90BE06B4909686B4A1268AE
:102E8000881A002801DB014600E041420A29ECDCF7
:102E900000BF62480068401C604908605F480068E5
:102EA000FA28E1DB9FED691A5FEDA20A08201FED09
:102EB000A20AF0F7E3F900205849086014E006E0A0
:102EC000EDF7A3FD00B909E0012007F029F94FF45F
:102ED0008071574803F024FF0028F1D000BF4F480D
:102EE0000068401C4D4908604C48006840F20E6183
:102EF0008842E4DB0020F0F794F84FF4C870F1F753
:102F00008AF80020454908601AE006E0012007F031
:102F100007F9EDF77AFD00B90CE043490968434A27
:102F20001268881A002802DB014601E04CE04142A9
:102F30000829EBDC00BF39480068401C37490860AD
:102F400036480068FA28E0DB40F2DC5007F0E8F889
:102F5000C82134480068FDF7E7FF9FED3C1A5FED9C
:102F6000CF0A07201FEDE30AF0F788F940F6C410F6
:102F700007F0D6F80020F0F754F840F23520F1F7CA
:102F80004AF800202549086019E006E0012007F012
:102F9000C7F8EDF73AFD00B90BE023490968234A69
:102FA0001268881A002801DB014600E04142082926
:102FB000ECDC00BF19480068401C1849086017483D
:102FC0000068FA28E1DBC9E11B48006801287DD1CF
:102FD0001A4800680028FAD1194800680028F6D17C
:102FE000184800680028F2D140F20910F1F713F8F0
:102FF00000200A49086034E006E0012007F090F85C
:10300000EDF703FD00B926E007490968074A126891
:10301000881A00281CDB01461BE0000094030020F6
:10302000F0000020B8010020BC000020E4030020D4
:1030300000000240A0020020880200208C02002034
:103040009002002094020020A8020020CDCC4C3F2A
:1030500041420A29D1DC00BFF7480068401CF6490C
:103060000860F5480068FA28C6DB9FEDF41ADFED2A
:10307000F40A08209FEDF30AF0F700F90020EE496A
:10308000086014E006E0EDF7C0FC00B909E001209B
:1030900007F046F84FF48071EB4803F041FE00283A
:1030A000F1D000BFE4480068401CE3490860E248F2
:1030B000006840F20E618842E4DB0020EFF7B1FFC8
:1030C0004FF4C870F0F7A7FF002000E060E0DA4995
:1030D000086019E006E0012007F022F8EDF795FC02
:1030E00000B90BE0D9490968D94A1268881A002842
:1030F00001DB014600E041420A29ECDC00BFCE487A
:103100000068401CCC490860CB480068FA28E1DB25
:1031100040F2DC5007F004F8C821CE480068FDF703
:1031200003FF9FEDC61ADFEDC60A07209FEDCA0A0E
:10313000F0F7A4F840F6C41006F0F2FF0020EFF715
:1031400070FF40F23520F0F766FF0020BA490860B2
:1031500019E006E0012006F0E3FFEDF756FC00B9A8
:103160000BE0BA490968BA4A1268881A002801DBDC
:10317000014600E041420A29ECDC00BFAE4800688D
:10318000401CAD490860AC480068FA28E1DBE5E086
:10319000B248006801286ED1B148006801286AD1A0
:1031A000B0480068E8BBB0480068D0BB4FF4C870B6
:1031B000F0F731FF0020A049086019E006E0012087
:1031C00006F0AEFFEDF721FC00B90BE09F4909685E
:1031D0009F4A1268881A002801DB014600E041423C
:1031E0000A29ECDC00BF94480068401C9249086042
:1031F00091480068FA28E1DB40F2DC5006F090FFCD
:10320000C82194480068FDF78FFE9FED8C1ADFED12
:103210008C0A07209FED900AF0F730F840F6C410B2
:1032200000E028E006F07CFF40F23520F0F7F3FEE6
:1032300000208149086019E006E0012006F070FFD7
:10324000EDF7E3FB00B90BE080490968804A12689A
:10325000881A002801DB014600E041420A29ECDC23
:1032600000BF75480068401C7349086072480068D8
:10327000FA28E1DB72E07948006801286ED17848CD
:10328000006801286AD177480068012866D176482D
:103290000068E0BB4FF4C870F0F7BDFE002066493F
:1032A000086019E006E0012006F03AFFEDF7ADFBFB
:1032B00000B90BE065490968654A1268881A002858
:1032C00001DB014600E041420A29ECDC00BF5A481C
:1032D0000068401C5849086057480068FA28E1DB3C
:1032E00040F6C41006F01CFFC8215A480068FDF7DC
:1032F0001BFE9FED521ADFED520A07209FED560A82
:10330000EFF7BCFF40F6C41006F00AFF00E025E02E
:1033100040F23520F0F77FFE00204749086019E0B1
:1033200006E0012006F0FCFEEDF76FFB00B90BE0B4
:1033300046490968464A1268881A002801DB014696
:1033400000E041420A29ECDC00BF3B480068401C19
:103350003949086038480068FA28E1DB43480068CA
:10336000012801D1FFF773FC0020EFF75AFE10BDD2
:1033700010B53F494842F2F745FC3C480068002838
:103380007CD13C480068002878D13B480068002880
:1033900074D140F20910F0F73EFE00202649086083
:1033A00019E006E0012006F0BBFEEDF72EFB00B9A8
:1033B0000BE026490968264A1268881A002801DBB2
:1033C000014600E041420A29ECDC00BF1A480068CF
:1033D000401C19490860184800683228E1DBB6EE45
:1033E000001ADFED170A0A209FED160AEFF746FFD5
:1033F00000201149086014E006E0EDF706FB00B973
:1034000009E0012006F08CFE4FF480710E4803F0B5
:1034100087FC0028F1D000BF07480068401C06491F
:1034200008600548006840F20E618842E4DB002035
:10343000EFF7F7FD28E021E094030020CDCC4C3ECF
:10344000000061C40000614400000240BC00002094
:10345000E4030020B80100200000000088020020E2
:103460008C0200209002002094020020E80000203E
:103470007CFCFFFFEC000020F0000020F648006814
:10348000012801D1FFF7D4FC10BD10B5F348046842
:10349000F1F72EF840F20910F0F7BDFD0020F049D9
:1034A000086019E006E0012006F03AFEEDF7ADFAFB
:1034B00000B90BE0EB490968EB4A1268881A00284A
:1034C00001DB014600E041420A29ECDC00BFE44890
:1034D0000068401CE2490860E14800683228E1DBEE
:1034E0004FF47A7006F01CFEB6EE001A5FED2C0A5F
:1034F00008201FED2C0AEFF7C1FE0020D849086014
:1035000014E006E0012006F00BFEEDF77EFA00B9AC
:1035100006E04FF48071D54803F002FC0028F1D09A
:1035200000BFCF480068401CCD490860CC48006807
:10353000FA28E6DB0120CE4908600020EFF771FD94
:10354000CC48006888B9CC48006870B9CB4800689E
:1035500058B9CB48006840B94FF47A712046FDF75E
:10356000E0FF0020EFF75DFD83E0C248006801281E
:1035700011D1C148006870B9C048006858B9C04846
:10358000006840B94FF47A712046FDF7CAFF002069
:10359000EFF747FD6DE0B7480068012832D1B64823
:1035A000006801282ED1B548006858BBB4480068AF
:1035B00040BBB6EE001A5FED5E0A05201FED5A0A09
:1035C000EFF75CFE0020A649086013E006E001204A
:1035D00006F0A6FDEDF719FA00B905E00421A948A7
:1035E00003F09EFB0028F2D000BF9D480068401CFD
:1035F0009B4908609A4800689628E7DB0020EFF7AF
:1036000010FD36E09B480068012832D19A480068D6
:1036100001282ED19948006801282AD198480068CD
:1036200038BBB6EE001A5FED7A0A05201FED760A68
:10363000EFF724FE00208A49086013E006E001202D
:1036400006F06EFDEDF7E1F900B905E004218D48C3
:1036500003F066FB0028F2D000BF81480068401CE0
:103660007F4908607E4800689628E7DB0020EFF776
:10367000D8FC10BD10B584494842F2F7C3FA83481C
:10368000006800285BD174480068002857D1804842
:103690000068002853D140F20910F0F7BCFC00206C
:1036A0006F49086019E006E0012006F039FDEDF7EA
:1036B000ACF900B90BE06B4909686B4A1268881ACB
:1036C000002801DB014600E041420A29ECDC00BF92
:1036D00063480068401C62490860614800683228FD
:1036E000E1DB4FF47A7006F01BFDB6EE001A5FEDD9
:1036F000AC0A08201FEDAD0AEFF7C0FD00205849C5
:10370000086014E006E0012006F00AFDEDF77DF9FF
:1037100000B906E04FF48071544803F001FB002823
:10372000F1D000BF4E480068401C4D4908604C482D
:103730000068FA28E6DB0020EFF773FC0CE0534842
:103740000068012802D1FFF7A0FE05E0504800689C
:10375000012801D1FEF737FD0020EFF762FC10BD14
:1037600010B544480068002874D143480068002818
:10377000FAD1424800680028F6D141480068002884
:10378000F2D1F0204349086043480068434908608B
:103790004348C07F40F004004149C877F1F74EFB31
:1037A00000202F49086019E006E0012006F0B8FC6F
:1037B000EDF72BF900B90BE02A4909682A4A12688B
:1037C000881A002801DB014600E041420A29ECDCAE
:1037D00000BF23480068401C214908602048006859
:1037E000FA28E1DBB6EE001A5FEDEB0A05201FEDCB
:1037F000EB0AEFF743FD00201949086014E006E0EA
:10380000EDF703F900B909E0012006F089FC4FF457
:103810008071164803F084FA0028F1D000BF1048E8
:103820000068401C0E4908600D48006840F20E61B7
:103830008842E4DB0020EFF7F4FBB6EE001ADFED80
:10384000190A05209FED180AEFF718FD002004491A
:10385000086040E047E00000EC000020B0010020DC
:1038600094030020BC000020E4030020000002407C
:10387000A0020020880200208C020020900200207C
:1038800094020020001002407CFCFFFFE8000020B2
:10389000F000002014040020A8010020F003002004
:1038A00004000020000061C40000E14406E00120A3
:1038B00006F036FCEDF7A9F800B906E04FF4006118
:1038C000F74803F02DFA0028F1D000BFF548006852
:1038D000401CF4490860F34800689628E6DB0020A5
:1038E000EFF79FFB61E0F048006801285DD1EF48E9
:1038F0000068002859D1F020ED490860ED480068C3
:10390000ED490860ED48C07F40F01000EB49C877F2
:10391000F1F794FA0020E349086019E006E001207D
:1039200006F0FEFBEDF771F800B90BE0E449096819
:10393000E44A1268881A002801DB014600E041428F
:103940000A29ECDC00BFD7480068401CD549086054
:10395000D4480068FA28E1DBB6EE001A5FED2F0AC2
:1039600005209FEDD90AEFF789FC0020CD490860BA
:1039700014E006E0012006F0D3FBEDF746F800B9AD
:1039800006E04FF40061C64803F0CAF90028F1D000
:1039900000BFC4480068401CC2490860C1480068B4
:1039A0009628E6DB0020EFF73CFBC84800680128BA
:1039B00038D1F0F79DFDB6EE001A5FED460A0820FB
:1039C0009FEDC30AEFF75AFC0020B64908601AE0E1
:1039D00006E0EDF71AF800B90FE0012006F0A0FBB1
:1039E0004021BC4803F09CF90028F2D04FF48071CC
:1039F000AB4803F095F90028EBD000BFA948006858
:103A0000401CA8490860A748006840F20E6188423F
:103A1000DEDB0020EFF705FB4FF47A7006F080FB49
:103A2000FEF73DFE10BD10B5AB494842F0F7C9FDA9
:103A300040F20910F0F7EFFA00209A49086019E007
:103A400006E0012006F06CFBECF7DFFF00B90BE0AD
:103A50009B4909689B4A1268881A002801DB0146C5
:103A600000E041420A29ECDC00BF8E480068401C9F
:103A70008C4908608B4800683228E1DB9348006875
:103A8000D8BB96480068C0BB95480068A8BBB6EE96
:103A9000001A5FED7C0A0A209FED8D0AEFF7EEFB1E
:103AA0000020804908601AE006E0ECF7AEFF00B99C
:103AB0000FE0012006F034FB4021864803F030F986
:103AC0000028F2D04FF48071754803F029F90028DE
:103AD000EBD000BF73480068401C72490860714811
:103AE000006840F20E618842DEDB0020EFF799FAB1
:103AF0004FF47A7006F014FB43E0FFE77348006868
:103B0000012831D1B6EE001A5FED9A0A08209FED28
:103B1000700AEFF7B3FB00206249086014E006E08A
:103B2000ECF773FF00B909E0012006F0F9FA4FF451
:103B300080715B4803F0F4F80028F1D000BF5948C9
:103B40000068401C574908605648006840F20E6102
:103B50008842E4DB0020EFF764FA4FF47A7006F055
:103B6000DFFAFEF79CFD0CE05C480068012802D1FA
:103B7000FFF7F6FD05E05A480068012801D1FEF77D
:103B800096FE10BD10B554494842F0F71AFD4F4853
:103B9000006800285FD15148006800285BD1504878
:103BA0000068002857D140F20910F0F734FA0020DD
:103BB0003C49086019E006E0012006F0B1FAECF794
:103BC00024FF00B90BE03E4909683E4A1268881A92
:103BD000002801DB014600E041420A29ECDC00BF7D
:103BE00030480068401C2F4908602E480068322881
:103BF000E1DBB6EE001A5FEDD50A0A209FED340A2C
:103C0000EFF73CFB0020274908601AE006E0ECF7DC
:103C1000FCFE00B90FE0012006F082FA40212D4899
:103C200003F07EF80028F2D04FF480711C4803F0B6
:103C300077F80028EBD000BF1A480068401C1949EB
:103C400008601848006840F20E618842DEDB002000
:103C5000EFF7E7F90CE01D480068012802D1FEF7F4
:103C6000F6FF05E01D480068012801D1FFF7E0F8E4
:103C700010BD10B51B480468F0F73AFC4FF4FF7014
:103C8000F0F7C9F9B6EE001A5FEDFA0A08209FEDC9
:103C9000100AEFF7F3FA0020024908603EE0000046
:103CA00000000240940300208802002098020020B7
:103CB00014040020AC010020F003002004000020C8
:103CC000BC000020E403002000000000E800002009
:103CD00000006144000402407CFCFFFFEC00002077
:103CE000F0000020B801002006E0012006F018FADC
:103CF000ECF78BFE00B90BE0FE490968FE4A12683A
:103D0000881A002801DB014600E041420A29ECDC68
:103D100000BFFA480068401CF8490860F74800688E
:103D2000FA28E1DB0020F549086020E006E0ECF726
:103D30006CFE00B915E0012006F0F2F94FF4807135
:103D4000EF4802F0EDFF0128F1D04021ED4802F0EC
:103D5000E7FF0128EBD08021EA4802F0E1FF0028CC
:103D6000E5D000BFE5480068401CE4490860E3482E
:103D7000006840F20E618842D8DB0020EFF751F96D
:103D80000120E1490860E148006890BBE048006814
:103D900078BBE048006860BBDF48006848BBB6EE0F
:103DA000001ADFEDDE0A05209FEDDD0AEFF766FA67
:103DB0000020D249086014E006E0012006F0B0F9C6
:103DC000ECF723FE00B906E04FF48051CC4802F036
:103DD000A7FF0028F1D000BFC8480068401CC749B1
:103DE0000860C64800689628E6DB0020EFF719F95E
:103DF0007AE0FFE7C5480068012833D1C44800686D
:103E000078BBC448006860BBC348006848BBB6EED6
:103E1000001ADFEDC20A05209FEDC10AEFF72EFA66
:103E20000020B649086014E006E0012006F078F9A9
:103E3000ECF7EBFD00B906E04FF48051B04802F01A
:103E40006FFF0028F1D000BFAC480068401CAB49B0
:103E50000860AA4800689628E6DB0020EFF7E1F842
:103E600042E0FFE7A948006801281CD1A848006883
:103E7000012818D1A7480068A8B9A748006890B9D8
:103E8000B6EE001ADFEDA50A05201FED6F0AEFF769
:103E9000F5F94FF4FA6006F043F94FF47A712046D1
:103EA000FDF742F820E09948006801281CD19848A5
:103EB0000068012818D197480068012814D1964855
:103EC000006888B9B6EE001ADFED940A05201FEDF0
:103ED000800AEFF7D3F94FF4FA6006F021F94FF4B6
:103EE0007A712046FDF720F840F23520F0F793F87C
:103EF00010BD10B585480068002865D18448006869
:103F0000002861D18348006800285DD1824800689C
:103F1000002859D1F020834908608348006883490C
:103F200008608348C07F40F004008149C877F0F7FB
:103F300085FF00207149086019E006E0012006F0C5
:103F4000EFF8ECF762FD00B90BE06A4909686A4ACC
:103F50001268881A002801DB014600E041420A2964
:103F6000ECDC00BF65480068401C64490860634899
:103F70000068FA28E1DBB6EE001ADFED680A0520DA
:103F80009FED670AEFF77AF900205C49086013E0BB
:103F900006E0012006F0C4F8ECF737FD00B905E0B3
:103FA0000121584802F0BCFE0028F2D000BF53485F
:103FB0000068401C51490860504800689628E7DBBB
:103FC0000020EFF72EF88DE0504800680128FAD164
:103FD000584800680028F6D1F02052490860564839
:103FE0000068524908605248C07F40F010005049B4
:103FF000C877F0F723FF00204049086019E006E089
:10400000012006F08DF8ECF700FD00B90BE039490E
:104010000968394A1268881A002801DB014600E065
:1040200041420A29ECDC00BF34480068401C334997
:10403000086032480068FA28E1DBB6EE001ADFEDCE
:10404000370A05201FEDDE0AEFF718F900202B498B
:10405000086019E006E0ECF7D8FC00B90EE001209A
:1040600006F05EF84FF48071344802F059FE28B92A
:104070008021324802F054FE0028ECD000BF1F48D7
:104080000068401C1D4908601C48006840F20E6131
:104090008842DFDBB6EE001ADFED200A05209FED37
:1040A000200AEFF7EBF800201449086013E006E05F
:1040B000012006F035F8ECF7A8FC00B905E0012175
:1040C000104802F02DFE0028F2D000BF0B48006817
:1040D000401C0A490860094800689628E7DB002070
:1040E000EEF79FFF16480068012801D1FFF7C1FDD8
:1040F00010BD0000BC000020E40300209403002059
:104100000000024000040240A002002088020020BB
:104110008C0200209002002094020020000061C464
:104120000000E1441404002090010020F00300206E
:10413000040000209802002094010020001002409A
:10414000E800002010B5F8480068002875D1F7484D
:1041500000680028FAD1F64800680028F6D1F54832
:1041600000680028F2D14FF4FF70EFF754FFB6EE6D
:10417000001A5FED160A08209FEDEF0AEFF77EF8B0
:104180000020EE49086019E006E0012005F0C8FFB4
:10419000ECF73BFC00B90BE0E9490968E94A126811
:1041A000881A002801DB014600E041420A29ECDCC4
:1041B00000BFE2480068401CE0490860DF48006832
:1041C000FA28E1DB0120E04908600020DB490860B3
:1041D00014E006E0ECF719FC00B909E0012005F055
:1041E0009FFF4FF48071D94802F09AFD0128F1D069
:1041F00000BFD2480068401CD0490860CF48006822
:1042000040F20E618842E4DB4FF47A71D0480068D6
:10421000FCF78AFE0020EEF704FF40F23520EFF7AE
:10422000FAFE0020C54908601AE007E0012005F009
:1042300077FFECF7EAFB08B90CE023E0C049096816
:10424000C04A1268881A002801DB014600E041429A
:104250000A29EBDC00BFB9480068401CB749086078
:10426000B6480068FA28E0DB9FEDBA1A5FED550A00
:1042700006209FEDB90AEFF701F840F6C41005F0EB
:104280004FFF98E1A848006801286ED1A748006850
:104290000028FAD1A64800680028F6D1A548006891
:1042A0000028F2D14FF4FF70EFF7B5FEB6EE001A1A
:1042B0005FED660A08209FEDA00AEEF7DFFF002001
:1042C0009E49086019E006E0012005F029FFECF79F
:1042D0009CFB00B90BE09A4909689A4A1268881A4F
:1042E000002801DB014600E041420A29ECDC00BF66
:1042F00092480068401C9149086090480068FA287C
:10430000E1DB01209049086000208C49086014E03E
:1043100006E0ECF77AFB00B909E0012005F000FFA8
:104320004FF48071894802F0FBFC0128F1D000BFF6
:1043300082480068401C814908608048006840F25B
:104340000E618842E4DB4FF47A7181480068FCF723
:10435000EBFD0020EEF765FE40F23520EFF75BFE47
:104360000020764908601AE007E02AE0012005F005
:10437000D7FEECF74AFB00B90BE071490968714AB6
:104380001268881A002801DB014600E041420A2930
:10439000ECDC00BF69480068401C68490860674859
:1043A0000068FA28E0DB9FED6B1A5FEDA40A062097
:1043B0009FED690AEEF762FF4FF4FA6005F0B0FE78
:1043C000F9E05948006801286AD158480068012876
:1043D00066D157480068B0BB5648006898BB4FF498
:1043E0007A715B480068FCF79FFDB6EE001A5FED3E
:1043F000B50A05209FED500AEEF740FF00204F4917
:10440000086011E006E0012005F08AFEECF7FDFAF5
:1044100000B903E0514800681F28F4DC00BF47489A
:104420000068401C45490860444800689628E9DB5C
:1044300001204549086040F23520EFF7ECFD0020EF
:104440003E4908601AE02BE006E0012005F068FE16
:10445000ECF7DBFA00B90BE039490968394A126810
:10446000881A002801DB014600E041420A29ECDC01
:1044700000BF32480068401C304908602F4800687F
:10448000FA28E1DB9FED331A5FEDDC0A06209FED91
:10449000320AEEF7F3FE40F6C41005F041FE8AE062
:1044A0002148006801283ED12048006801283AD1FF
:1044B0001F48006801287ED11E48006898BB4FF451
:1044C0007A7123480068FCF72FFDB6EE001A5FED05
:1044D000ED0A05209FED180AEEF7D0FE00201749DF
:1044E000086011E006E0012005F01AFEECF78DFAF5
:1044F00000B903E0194800681F28F4DC00BF0F482A
:104500000068401C0D4908600C4800689628E9DBEB
:1045100001200D49086040F23520EFF77CFD0020B6
:104520000649086036E046E0880200208C02002040
:1045300090020020940200200000614494030020B7
:10454000BC000020E4030020A8020020000002407C
:10455000B8010020CDCCCC3D000000009800002028
:1045600006E0012005F0DCFDECF74FFA00B90BE0A6
:10457000F9490968F94A1268881A002801DB0146DE
:1045800000E041420A29ECDC00BFF5480068401C0D
:10459000F3490860F2480068FA28E1DB1FED131ABE
:1045A000DFEDF00A06201FED140AEEF767FE40F675
:1045B000C41005F0B5FDEC480068012801D1FFF7F3
:1045C00058FB0020EEF72DFD10BD10B5E74948421D
:1045D000EFF7F7FFE4480068002870D1E44800686E
:1045E00000286CD1E3480068002868D1EFF70CFD83
:1045F000E1480068FA30E1490860E1480068F030BD
:10460000D6490860B6EE001ADFEDD60A0A201FED83
:10461000360AEEF733FE0020D149086019E006E0C3
:10462000012005F07DFDECF7F0F900B90BE0CA4977
:104630000968CA4A1268881A002801DB014600E0AE
:1046400041420A29ECDC00BFC5480068401CC4494F
:104650000860C3480068FA28E1DB0020C049086010
:104660001AE006E0ECF7D1F900B90FE0012005F0FF
:1046700057FD4FF48071C34802F052FB0128F1D07E
:104680008021C14802F04CFB0028EBD000BFB448A9
:104690000068401CB2490860B148006840F20E61F1
:1046A0008842DEDBB0480068012803D140F23520A3
:1046B000EFF7B1FC0020EEF7B4FC14E0FFE7AA48E6
:1046C0000068012802D1FFF7D4FA0CE0A84800687E
:1046D000012802D1FFF736FD05E0A6480068012851
:1046E00001D1FFF706FC0020EEF79BFC10BD10B5D2
:1046F000A64804689D494842F1F784FA9A48006840
:1047000000286CD19A480068002868D19948006850
:10471000002864D1EFF778FC97480068FA30974991
:10472000086097480068F0308C490860B6EE001ABF
:10473000DFED8C0A08201FED800AEEF79FFD0020B8
:104740008749086019E006E0012005F0E9FCECF774
:104750005CF900B90BE080490968804A1268881A40
:10476000002801DB014600E041420A29ECDC00BFE1
:104770007B480068401C7A49086079480068FA283C
:10478000E1DB0020764908601AE006E0ECF73DF92D
:1047900000B90FE0012005F0C3FC4FF480717948A7
:1047A00002F0BEFA0128F1D08021774802F0B8FA71
:1047B0000028EBD000BF6A480068401C68490860C8
:1047C0006748006840F20E618842DEDB6648006898
:1047D000012811D140F23520EFF71DFC0CE06248B2
:1047E0000068012802D1FFF744FA05E0604800683C
:1047F000012801D1FFF7A6FC0020EEF712FC10BD46
:1048000010B55A494842F0F722FFEFF7FDFB5A482E
:104810000068FA305949086059480068F0304F493B
:104820000860B6EE001ADFED4F0A0A201FEDBE0A3F
:10483000EEF724FD00204A49086019E006E0ECF795
:10484000E4F800B90EE0012005F06AFC424909686D
:10485000424A1268881A002801DB014600E0414202
:104860000729ECDC00BF3E480068401C3C4908605A
:104870003B4800689628E1DB0020394908601DE0CC
:1048800009E0012005F04CFCECF7BFF800B90FE09F
:10489000012005F045FC4FF480713A4802F040FADF
:1048A0000128EED08021384802F03AFA0028E8D0FA
:1048B00000BF2B480068401C294908602848006850
:1048C00040F20E618842DBDB4FF4FA6005F028FC11
:1048D0000020EEF7A6FB24480068012805D1FDF76B
:1048E000DEFE4FF41170EFF796FB0020EEF799FB18
:1048F00010BD70B525480468254805681B49484225
:10490000EFF75FFEEFF780FB1B480068FA301B49AA
:1049100008601B480068F03010490860B6EE001AC5
:10492000DFED100A08201FEDFC0AEEF7A7FC0020BF
:104930000B49086037E006E0012005F0F1FBECF7D9
:1049400064F800B929E004490968044A1268881A21
:1049500000281FDB01461EE0BC000020E40300200D
:1049600094030020000061C4E80000207CFCFFFFED
:10497000EC000020F0000020D0030020D80300202D
:10498000DC0300200000024000040240B0010020CF
:10499000B801002041420A29CEDC00BFFD48006872
:1049A000401CFC490860FB480068FA28C3DB002073
:1049B000F84908601AE006E0ECF727F800B90FE0C4
:1049C000012005F0ADFB4FF48071F34802F0A8F927
:1049D0000128F1D08021F14802F0A2F90028EBD0A3
:1049E00000BFEC480068401CEA490860E9480068DC
:1049F00040F20E618842DEDB4FF47A7005F090FBE6
:104A0000E7480068012803D140F23520EFF703FBA7
:104A1000E348006801281FD1E2490860E2480068C5
:104A2000D8B9E2480068C0B9E1480068A8B9E148CF
:104A3000006890B9B6EE001A5FED360A05209FEDCA
:104A4000DE0AEEF71BFC4FF4FA6005F069FB4FF449
:104A50007A712046FCF765FD61E0D34800680128C3
:104A60001BD1D2480068C0B9D1480068A8B9D14864
:104A7000006890B9B6EE001A5FED460A05209FED7A
:104A8000CE0AEEF7FBFB4FF4FA6005F049FB4FF45A
:104A90007A712046FCF745FD41E0C34800680128D3
:104AA0001CD1C2480068012818D1C1480068A8B9C3
:104AB000C048006890B9B6EE001A5FED560A0520AE
:104AC0009FEDBD0AEEF7DAFB4FF4FA6005F028FB24
:104AD0004FF47A712846FCF727FA20E0B2480068C4
:104AE00001281CD1B1480068012818D1B0480068DD
:104AF000012814D1AF48006888B9B6EE001A5FEDFE
:104B0000670A05209FEDAC0AEEF7B8FB4FF4FA6098
:104B100005F006FB4FF47A712846FCF705FA0020F1
:104B2000EEF77FFA70BD10B5A4494842F0F78FFD4B
:104B300040F20910EFF76FFA00209649086019E07B
:104B400006E0012005F0ECFAEBF75FFF00B90BE09F
:104B50009B4909689B4A1268881A002801DB0146B4
:104B600000E041420A29ECDC00BF8A480068401C92
:104B700088490860874800683228E1DBB6EE001AF1
:104B80005FED880A0A209FED8C0AEEF777FB002084
:104B90008049086014E006E0012005F0C1FAEBF757
:104BA00034FF00B906E04FF480717B4802F0B8F89A
:104BB0000028F1D000BF77480068401C75490860A4
:104BC00074480068FA28E6DB0320EEF72AFA7448F6
:104BD0000068012801D1FDF762FD10BD10B5F6F7A0
:104BE00015F86F480068012838D1EFF781FCB6EE60
:104BF000001A5FEDA40A08209FED6F0AEEF73EFB56
:104C00000020644908601AE006E0EBF7FEFE00B9F8
:104C10000FE0012005F084FA4021604802F080F89E
:104C20000028F2D04FF480715B4802F079F8002838
:104C3000EBD000BF57480068401C564908605548F3
:104C4000006840F20E618842DEDB0020EEF7E9F9F1
:104C50004FF47A7005F064FAFDF721FD0020EEF7BD
:104C6000E0F910BD10B5F5F752FD9FED571ADFEDD5
:104C7000520A09209FED550AEEF700FB4FF47A60C7
:104C800005F04EFA0020EEF7CCF9454800680128FF
:104C900001D1FEF7FAFB0020EEF7C3F910BD10B505
:104CA000F5F7B4FF0020EEF7BCF93D480068012895
:104CB00032D1EFF71DFCB6EE001A5FEDD60A0820E0
:104CC0009FED3D0AEEF7DAFA00203249086014E061
:104CD00006E0EBF79AFE00B909E0012005F020FAA2
:104CE0004FF480712C4802F01BF80028F1D000BF6F
:104CF00028480068401C274908602648006840F2A0
:104D00000E618842E4DB0020EEF78BF94FF47A70F5
:104D100005F006FAFDF7C3FC0020EEF782F910BD9E
:104D200010B5F5F773FF0020EEF77BF91C4800681B
:104D3000012801D1FEF79DFF0020EEF772F910BDAA
:104D400010B5F6F7BBFA0020EEF76BF914480068CF
:104D5000012801D1F5F7F0FD10BD10B5F6F7B0F957
:104D60009FED1B1ADFED1B0A0C209FED1B0AEEF7CF
:104D700085FA41F2883005F0D3F90020EEF751F9B9
:104D800007480068012803D1EFF7B2FBFEF750F89F
:104D900010BD000094030020000002400004024007
:104DA000E8000020A0020020880200208C020020E1
:104DB0009002002094020020000061447CFCFFFF70
:104DC000BC000020E40300209A99993E000016C31D
:104DD000CDCC4C3F000061C40040E24410B5F6F772
:104DE0006FF9B6EE001A5FED050A0C209FEDFE0A82
:104DF000EEF744FA41F2883005F092F90020EEF720
:104E000010F9FA480068012803D1EFF771FBFEF7AB
:104E100030FF10BD10B540F2B720EFF7FCF80020CE
:104E2000F349086019E006E0012005F079F9EBF795
:104E3000ECFD00B90BE0EF490968EF4A1268881AE7
:104E4000002801DB014600E041420A29ECDC00BFFA
:104E5000E7480068401CE6490860E5480068962875
:104E6000E1DBEFF745FB4FF47A71E44800680A3064
:104E7000FCF75AF80020EEF7D4F8B6EE001A5FED12
:104E80002B0A06201FED340AEEF7F8F90020D84966
:104E9000086013E006E0012005F042F9EBF7B5FDEC
:104EA00000B905E08021D64801F03AFF0028F2D091
:104EB00000BFCF480068401CCD490860CC4800685E
:104EC00040F21A418842E5DB0A20EEF7AAF8C7480B
:104ED0000068012827D1CB48006801280FD1CA48B3
:104EE000006860B9C948006848B9C948006830B965
:104EF0004FF47A71C7480068FCF716F813E0C14810
:104F0000006801280FD1C048006801280BD1BF48B4
:104F1000006840B9BE48006828B94FF47A71B748B4
:104F20000068FCF701F80020EEF77BF8B6EE001AF7
:104F30005FED580A06201FED600AEEF79FF900208A
:104F4000AB49086013E006E0012005F0E9F8EBF753
:104F50005CFD00B905E08021A94801F0E1FE0028D0
:104F6000F2D000BFA2480068401CA1490860A048D8
:104F7000006840F21A418842E5DB4FF4FA6005F020
:104F8000CFF80020EEF74DF810BD10B5EFF7B0FAEE
:104F900096480068012835D14FF47A719E48006820
:104FA000FBF7C2FF40F23F20EFF735F81FED7A1A0A
:104FB0005FED780A06201FED800AEEF75FF900200A
:104FC0008B49086013E006E0012005F0A9F8EBF733
:104FD0001CFD00B905E08021894801F0A1FE0028F0
:104FE000F2D000BF82480068401C814908608048B8
:104FF000006840F21A418842E5DB4FF4FA6005F0A0
:105000008FF80AE07948006838B983490968A1F146
:105010000F004FF47A71FBF787FF0020EEF701F8DD
:1050200001207E49086010BD10B5EFF761FA6F48A6
:105030000068012835D14FF47A7177480068FBF792
:1050400073FF40F23F20EEF7E6FF1FEDA11A5FED80
:105050009F0A06201FEDA80AEEF710F90020644908
:10506000086013E006E0012005F05AF8EBF7CDFCEC
:1050700000B905E08021624801F052FE0028F2D01C
:1050800000BF5B480068401C5949086058480068E8
:1050900040F21A418842E5DB4FF4FA6005F040F82F
:1050A0000AE05248006838B95B490968A1F10F006D
:1050B0004FF47A71FBF738FF01205849086000204F
:1050C000EDF7AFFF10BD10B540F2B720EEF7A3FF2C
:1050D00000204749086019E006E0012005F020F8AB
:1050E000EBF793FC00B90BE042490968424A1268A9
:1050F000881A002801DB014600E041420A29ECDC65
:1051000000BF3B480068401C3949086038480068C7
:105110009628E1DBEFF7ECF941490968A1F10A00B3
:105120004FF47A71FBF700FFB6EE001A5FEDD70A75
:1051300006201FEDDF0AEEF7A1F800202C490860D9
:1051400013E006E0012004F0EBFFEBF75EFC00B992
:1051500005E080212A4801F0E3FD0028F2D000BFDD
:1051600023480068401C224908602148006840F23A
:105170001A418842E5DB0A20EDF753FF1B4800681F
:10518000012827D11F48006801280FD11E48006858
:1051900060B91E48006848B91D48006830B94FF42E
:1051A0007A711F480068FBF7BFFE13E015480068DE
:1051B00001280FD11448006801280BD1134800685A
:1051C00040B91348006828B94FF47A71154800684F
:1051D000FBF7AAFEB6EE001ADFED130A06209FEDDC
:1051E000130AEEF74BF823E00000E144E80000204A
:1051F00094030020BC000020E403002000020020F3
:1052000000040240880200208C020020900200204E
:1052100094020020FC010020F4010020F400002092
:10522000EC010020F0010020000061C40000614496
:105230000020FE49086013E006E0012004F070FF42
:10524000EBF7E3FB00B905E08021F94801F068FDC8
:105250000028F2D000BFF5480068401CF349086000
:10526000F248006840F21A418842E5DB4FF4FA60E8
:1052700004F056FF0020EDF7D4FE10BD30B500203D
:105280001AE0002115E0002210E0EA4B00EB801448
:1052900004EB4404E84D05EBC40401EB810505EB88
:1052A000C10504EB850444F82230521C0D2AECDBC6
:1052B000491C1E29E7DB401C1E28E2DBDF4CE04BCB
:1052C000C3F80C42DF4CC3F81042DF4CC3F8144261
:1052D000AFF20D24D84BC3F8444EAFF2B324C3F859
:1052E000404EAFF25934D94BC3F81042AFF2DB4411
:1052F000C3F80C42D64CD74BC3F83844D64CC3F84D
:105300003C44D34CC3F84044D44CCB4B9C63D44C6A
:10531000DC63D24C1C64D34C5C64D14C9C64DC6474
:105320001C655C65CF4C9C65DC651C665C66AFF2F9
:105330005354DC67C3F88040AFF2E154C3F88840AF
:10534000C3F89440AFF20764C3F88C40C3F89840A8
:10535000AFF23364C3F8AC40AFF2BD64C3F8B04001
:10536000AFF28774C3F8B840AFF20774C3F8BC401B
:10537000AFF29774C3F8C440BB4CC3F8C840AFF653
:105380005904C3F8EC46AFF69524C3F8F046AFF6DF
:105390008F34C3F8F446AFF6A944C3F8F846AFF625
:1053A000D554C3F8FC46B14CC3F80047B04CC3F821
:1053B0000447AE4CC3F80847AE4CC3F80C47AE4C9C
:1053C000C3F81047AD4CC3F81447AD4CC3F81847A9
:1053D00030BD1CB5AB48006800B91CBDF9F75DF8DD
:1053E0006846ECF777FC08B39DF802001E281DDA2A
:1053F0009DF803001E2819DA9DF804000D2815DA1F
:105400009DF8021001EB811101EB41018A4A02EB88
:10541000C1019DF8032002EB820303EBC20201EB02
:1054200082019DF8042051F822008047002096490F
:10543000087000BFD1E70EB5B7EE001A5FED860A1F
:1054400006201FED970AEDF719FF40F2DC5004F03B
:1054500067FE64208D49086040F25B208C4908603B
:1054600000207249086019E006E0012004F058FEAF
:10547000EBF7CBFA00B90BE086490968844A126859
:10548000881A002801DB014600E041420529ECDCD6
:1054900000BF66480068401C6449086063480068B3
:1054A0009628E1DB0020614908601EE013E014202B
:1054B0006FF0C7010122A823CDE900210290764AAE
:1054C00051420620F1F790FC012004F029FEEBF791
:1054D0009CFA00B903E0714800686728E7DB00BF69
:1054E00052480068401C514908605048006840F22A
:1054F00026218842DADB0020EDF793FD4FF47A7124
:10550000A820FBF711FD0020EDF78BFD0EBD10B5B7
:105510006348C07F40F080006149C8770846C07F7B
:1055200040F02000C8770020404908601BE006E0FA
:10553000012004F0F5FDEBF768FA00B90DE04FF437
:1055400000613B4801F0ECFB0128F1D04FF4006111
:10555000374801F0E5FB0128EAD000BF3348006876
:10556000401C32490860314800683228DFDBFCF714
:1055700059FC0020EDF755FD10BD10B500202B495A
:10558000086011E006E0012004F0CAFDEBF73DFAE7
:1055900000B903E0434800682328F4DC00BF234837
:1055A0000068401C2149086020480068B0F57A7FF7
:1055B000E8DB3B4890F8230040F00100384981F8CF
:1055C000230049F6404004F0ABFD01203649086055
:1055D00010BD3EB50446FCF7E8F9B6EE001ADFED63
:1055E000330A23201FEDEF0AEDF748FE00200F4994
:1055F000086012E006E0012004F092FDEBF705FAE6
:1056000000B904E02A480068B0F5E17FF3DC00BF90
:1056100006480068401C054908600448006840F2DC
:1056200026218842E6DB0020004943E09403002065
:105630000004024023E30008B00900208318010899
:10564000A0460020A3180108C3180108F81B002079
:10565000FB18010890830020E3180108FBA2000852
:1056600095A400081DB60008B3B00008273A010849
:10567000853B010875360108713301080F2B0108BD
:10568000C5250108540200205D02002014040020FA
:10569000F0030020B00000207CFCFFFF9C000020F5
:1056A00004000020A8000020E0000020000000000E
:1056B000A4000020086020E014E00A204FF4AF713D
:1056C00002222346CDE90021029000224FF46171AD
:1056D0001920F1F7EEFC052004F022FDEBF795F917
:1056E00000B904E0FE480068B0F5A57FE5DC00BF26
:1056F000FC480068401CFB490860FA48006840F21A
:1057000026218842D8DB0020F64908601EE013E01D
:105710000A20962102222346CDE900210290002290
:105720004FF461710F20F1F7C4FC052004F0F8FC80
:10573000EBF76BF900B903E0E9480068C828E7DC3B
:1057400000BFE8480068401CE6490860E54800687A
:1057500040F226218842DADB40F2C710EEF75BFC0C
:105760000020E04908601EE013E00A209621022292
:105770002346CDE90021029000224FF461710520FB
:10578000F1F797FC052004F0CBFCEBF73EF900B9EC
:1057900003E0D3480068AB28E7DC00BFD1480068CD
:1057A000401CD0490860CF48006840F2262188425A
:1057B000DADB0020EDF735FCCB480068012828D162
:1057C000C102CA4801F0ACFA18BBC948C07F40F01A
:1057D0008000C749C8770020C249086014E006E08D
:1057E000012004F09DFCEBF710F900B906E04FF43E
:1057F0000061C04801F094FA0128F1D000BFB94817
:105800000068401CB7490860B64800683228E6DBEB
:1058100085E0B5480068012828D18103B54801F02A
:105820007FFA18BBB248C07F40F02000B049C8776B
:105830000020AC49086014E006E0012004F070FC90
:10584000EBF7E3F800B906E04FF40061A94801F076
:1058500067FA0128F1D000BFA2480068401CA149A6
:105860000860A04800683228E6DB58E0A2480068DB
:10587000012828D181029F4801F052FA18BB9C48A8
:10588000C07F40F020009A49C87700209549086001
:1058900014E006E0012004F043FCEBF7B6F800B991
:1058A00006E04FF40041914801F03AFA0128F1D0A6
:1058B00000BF8C480068401C8A490860894800681D
:1058C0003228E6DB2BE08C480068012827D18102D2
:1058D000864801F025FA10BB8548C07F40F0800063
:1058E0008349C87700207F49086014E006E0012062
:1058F00004F016FCEBF789F800B906E04FF400411C
:105900007A4801F00DFA0128F1D000BF754800680F
:10591000401C74490860734800683228E6DB0020A8
:10592000EDF77FFB3EBD3EB50446FCF73EF89FED2C
:10593000731A5FEDA20A23209FED710AEDF79EFC1A
:1059400000206849086012E006E0012004F0E8FB4E
:10595000EBF75BF800B904E061480068B0F5E67F5A
:10596000F3DC00BF5F480068401C5E4908605D488A
:10597000006840F226218842E6DB00205949086091
:1059800020E014E00A204FF4AF7103222346CDE952
:105990000021029000224FF461711E20F1F789FB73
:1059A000052004F0BDFBEBF730F800B904E04C48EB
:1059B0000068B0F5A57FE5DC00BF4A480068401CE0
:1059C000484908604748006840F226218842D8DBF1
:1059D0000020444908601EE013E00A2096210222BC
:1059E0002346CDE90021029000224FF461710F207F
:1059F000F1F75FFB052004F093FBEBF706F800B925
:105A000003E037480068D228E7DC00BF354800686B
:105A1000401C344908603348006840F2262188421F
:105A2000DADB40F2C710EEF7F6FA00202D490860E5
:105A30001EE013E00A20642102222346CDE9002162
:105A4000029000224FF461710520F1F732FB012032
:105A500004F066FBEAF7D9FF00B903E020480068CC
:105A6000AB28E7DC00BF1F480068401C1D490860E8
:105A70001C48006840F226218842DADB0020EDF75E
:105A8000D0FA0020EDF7CDFA1748006801283CD184
:105A9000C102164801F044F9A0BB1548C07F40F090
:105AA00080001349C87700200E49086014E006E022
:105AB000012004F035FBEAF7A8FF00B906E04FF437
:105AC00000610C4801F02CF90128F1D000BF054815
:105AD0000068401C0349086002480068322812E050
:105AE000A40000209403002068010020000C024064
:105AF00004000020000402406C0100209A99993EA5
:105B00000000614401E0D2DB85E0FE480068012826
:105B100028D18103FC4801F003F918BBFB48C07F82
:105B200040F02000F949C8770020F949086014E0E6
:105B300006E0012004F0F4FAEAF767FF00B906E096
:105B40004FF40061F04801F0EBF80128F1D000BFFC
:105B5000EF480068401CEE490860ED4800683228B4
:105B6000E6DB58E0EB480068012828D18102E648CE
:105B700001F0D6F818BBE548C07F40F02000E349AB
:105B8000C8770020E249086014E006E0012004F034
:105B9000C7FAEAF73AFF00B906E04FF40041DE48E1
:105BA00001F0BEF80128F1D000BFD9480068401CC0
:105BB000D7490860D64800683228E6DB2BE0D54894
:105BC0000068012827D18102D34801F0A9F810BB51
:105BD000CE48C07F40F08000CC49C8770020CC4937
:105BE000086014E006E0012004F09AFAEAF70DFFDD
:105BF00000B906E04FF40041C74801F091F80128D0
:105C0000F1D000BFC2480068401CC1490860C048CC
:105C100000683228E6DB0020EDF703FA3EBD10B540
:105C2000B8480068012802D1FCF7FCF905E0B94842
:105C30000068012801D1FCF7F5F810BD10B5FBF79D
:105C4000B4FE0020B249086011E006E0012004F033
:105C500067FAEAF7DAFE00B903E0B048008A3228B2
:105C6000F4DC00BFAA480068401CA9490860A848A5
:105C70000068B0F57A7FE8DBFFF7D1FF10BD10B503
:105C8000A7480068012803D16E20FFF7A2FC0EE0B0
:105C9000A3480068022803D13820FFF79AFC06E0E9
:105CA0009F480068032802D10120FFF73CFEFFF760
:105CB000B6FF10BD10B54FF4947240F27261A1208E
:105CC000FAF772FDFFF759FC96480068012801D1E8
:105CD000FFF77FFB94480068012805D16920FBF796
:105CE00086FF0220904908608F480068022804D18E
:105CF000FFF795FF03208C49086010BD10B5FFF732
:105D000068FB89480068012805D16920FBF76FFF0F
:105D100002208549086084480068022804D1FFF702
:105D20007EFF03208049086010BD2DE9F041044644
:105D30000D460020764908603BE02AE07B48006879
:105D4000071B3846EEF722FE064678480068001B1F
:105D5000002809DDB6EE001ADFED750A30461FEDAA
:105D6000980AEDF78BFA10E070480068001B09D51F
:105D7000B6EE001ADFED6E0A30469FED6E0AEDF7C3
:105D80007DFA02E00020EDF74CF9EAF73EFE00B99B
:105D900009E066490968081B002801DB014600E0AC
:105DA00041420129CADC00BF59480068401C5849DB
:105DB000086057480068A842BFDBBDE8F08110B515
:105DC0005D480068012804D1C821D020FFF7ADFF4D
:105DD0002AE059480068022804D1C821FE20FFF7B4
:105DE000A4FF21E054480068032805D1C8214FF4DE
:105DF0009770FFF79AFF17E04F480068042813D107
:105E00000021B7EE000A4FF46170EDF790F906E05B
:105E1000012004F085F9EAF7F8FD00B903E0ECF79A
:105E2000D9FF0028F4D100BF0020EDF7FAF842486E
:105E30000068012807D040480068022803D03E4887
:105E4000006803285CD14FF4F070EEF7E4F8B6EE8A
:105E5000001ADFED370A07209FED380AEDF70EFA3A
:105E600000202B49086011E006E0012004F058F9F9
:105E7000EAF7CBFD00B903E0314800680A28F4DCFA
:105E800000BF23480068401C214908602048006882
:105E900040F226218842E7DB0020EDF7C2F81B48DC
:105EA000C07F40F080001949C87700201849086079
:105EB00014E006E0012004F033F9EAF7A6FD00B98A
:105EC00006E04FF40061104800F02AFF0128F1D0ED
:105ED00000BF0F480068401C0D4908600C4800686E
:105EE0003228E6DB32201749086017480068783806
:105EF0001649086041F6583004F012F9002027E0F6
:105F0000A5E0000068010020000402400400002019
:105F1000940300206C010020000C02404607002082
:105F200068020020E00000209C020020A400002065
:105F300000000000000061C4740200200000E14481
:105F4000980000201C040020C0010020080400204C
:105F5000FE4908601BE0FE490968FE4A1268881A7B
:105F6000002801DB014600E041420A290ADD40F237
:105F7000EF10EEF750F80A2004F0D2F8EAF745FDEA
:105F800000B908E0F1480068401CF0490860EF489B
:105F900000680528DFDB00BF0020EC4908601BE03B
:105FA000EB490968EB4A1268881A002801DB0146B0
:105FB00000E041420A290ADD40F2D110EEF72BF849
:105FC0000A2004F0ADF8EAF720FD00B908E0DF4848
:105FD0000068401CDD490860DC4800680528DFDBFC
:105FE00000BFDD48C07F40F00400DB49C877FA20DD
:105FF000DA490860DA480068DA490860FA20DA49C4
:106000000860DA480068D34908600020CF4908607A
:1060100019E006E0012004F083F8EAF7F6FC00B985
:106020000BE0CB490968CB4A1268881A002801DBCB
:10603000014600E041421E29ECDC00BFC348006875
:10604000401CC2490860C14800683228E1DB10BD2D
:1060500000B503461846EDF7DEFF00BD0EB5B6EEFF
:10606000001A5FED4D0A23201FED4C0AEDF706F9EB
:106070000020B649086012E006E0012004F050F864
:10608000EAF7C3FC00B904E0B9480068B0F5AF7F97
:10609000F3DC00BFAD480068401CAC490860AB4869
:1060A000006840F226218842E6DBB6EE001A5FED7A
:1060B000600A19209FEDAF0AEDF7E0F80020A34930
:1060C000086012E006E0012004F02AF8EAF79DFCDF
:1060D00000B904E0A6480068B0F5827FF3DC00BF99
:1060E0009A480068401C994908609848006840F246
:1060F00026218842E6DB0020944908601FE014E076
:106100000A20962102224FF48973CDE900210290E2
:1061100000224FF4E1611420F0F766FE052003F041
:10612000FFFFEAF772FC00B903E091480068DB2842
:10613000E6DC00BF85480068401C8449086083484D
:10614000006840F226218842D9DB0020ECF769FF85
:1061500000207E49086006E0F9F7A9FF7B48006847
:10616000401C7A4908607948006841F288318842C9
:10617000F2DB4FF4D770EDF74EFF7748C07F40F069
:1061800004007549C877FA2077490860AA20714948
:106190000860B6EE001A5FED9A0A14201FED990A06
:1061A000EDF76CF800206949086011E006E0012075
:1061B00003F0B6FFEAF729FC00B903E06C48006879
:1061C0008228F4DC00BF61480068401C5F49086019
:1061D0005E48006840F226218842E7DB00205B49E8
:1061E000086006E0F9F763FF58480068401C57490B
:1061F00008605648006841F288318842F2DBB6EE0A
:10620000001A5FEDB50A11201FEDB40AEDF736F85C
:1062100000204E49086011E006E0012003F080FFF5
:10622000EAF7F3FB00B903E0514800681928F4DCF1
:1062300000BF46480068401C444908604348006865
:1062400040F226218842E7DBB6EE001A5FEDC80A6D
:1062500006201FEDC60AEDF711F800203B49086043
:1062600011E006E0012003F05BFFEAF7CEFB00B986
:1062700003E03F4800680428F4DC00BF33480068AE
:10628000401C324908603148006840F226218842AB
:10629000E7DB4FF47A7003F043FF0020ECF7C1FE18
:1062A000F1F79CFBFA2030490860334800680F3052
:1062B0002849086000202549086019E006E001200F
:1062C00003F02EFFEAF7A1FB00B90BE020490968B3
:1062D000204A1268881A002801DB014600E041428A
:1062E0000529ECDC00BF19480068401C174908600C
:1062F0001648006840F226218842DFDB4FF47A70AE
:1063000003F00EFF1448C07F00F0FB001249C8776D
:106310004FF4FA6003F004FFFA20134908601348B1
:1063200000680C490860B6EE001ADFED140A0F2071
:106330009FED120AECF7A2FF41F6583003F0F0FE91
:106340000020ECF76EFEFFF73AFD0EBD940300202F
:10635000C4000020080400200400002018040020CD
:10636000BC010020FC0300201C040020C001002010
:10637000980000200080BB440004002000000000C2
:1063800010B50020FE49086040E02BE04FF40061AA
:10639000FC4800F0C5FC48B90121FB4800F0C0FCF6
:1063A00020B90421F948ECF75FFF14E04FF40051E5
:1063B000F54800F0B5FC58B94FF40061F44800F01E
:1063C000AFFC28B9042140F28E30ECF74DFF02E01B
:1063D0000020ECF726FE012003F0A2FEEAF715FBF1
:1063E00000B90DE04FF40061E64800F099FC002888
:1063F000CCD04FF40051E44800F092FC0028C5D006
:1064000000BFDF480068401CDD490860DC480068C8
:10641000C828BADB0020ECF704FE10BD10B5F5F774
:106420003AF80020ECF7FDFDDA480068012832D187
:10643000EEF75EF8B6EE001ADFEDD70A08209FED02
:10644000D70AECF71BFF0020CD49086014E006E0F6
:10645000EAF7DBFA00B909E0012003F061FE4FF42E
:106460008071CB4800F05CFC0028F1D000BFC4482C
:106470000068401CC2490860C148006840F20E61D3
:106480008842E4DB0020ECF7CCFD4FF47A7003F097
:1064900047FEFCF704F910BD10B5044600BF80218B
:1064A000BF4802F0F6FB0028F9D02146BC4802F0B4
:1064B00040FB10BD38B505462A46BAA1684604F02F
:1064C000C5FD6C4603E02078FFF7E6FF641C2078EA
:1064D0000028F8D138BD09E01120ECF79CFA012121
:1064E000B24802F0FBFA0F2003F01AFEF4E717E0BF
:1064F000EDF7DEF9EDF75CFBEDF7AFFBAC480068BC
:1065000008B9EDF7AFFCAB48006808B9EDF7FAFB46
:10651000A948006808B9EDF74BFC032003F000FE22
:10652000E6E714E0A5480068012801D1F3F731FD42
:10653000A3480068012801D1F3F7A9FCA14800682D
:10654000012801D1F3F7A3FC032003F0E9FDE9E7FB
:1065500004E0EDF71CF9032003F0E2FDF9E71FB5B5
:10656000EAF729FBEAF766FBEAF7DDFDEAF7A7FFA2
:10657000EAF72CFFEBF71BF8EAF7E9FB4FF4E13001
:10658000EBF71AF94FF4E130EBF79FF94FF4E130F4
:10659000EBF728FA4FF4E130EBF7C9FA4FF461203A
:1065A000EBF7FBFC4FF4E130EBF7D6FDECF7DDFA4F
:1065B000002085490860EBF712FF00200090019051
:1065C000029003464FF4807280A10390844803F048
:1065D00068FB002000900190029003464FF4807207
:1065E00080A10390844803F05CFB002000900190A0
:1065F000029003464FF4807280A10390844803F018
:1066000050FB4FF47A7003F08BFD2820814908601D
:106610003C208149086081480068814908608148C0
:1066200000688149086064208049086080480068EB
:1066300080490860FA2080490860804800688049E5
:106640000860FA207F4908607F4800687F49086039
:10665000EBF7C5FE74E06BE01E210520F5F7C3FAE9
:10666000F0F75BFFF0F7C6FFF0F7E0FEF5F788FA0A
:1066700077480068232807DA764890F8230040F02E
:106680000100744981F823007348007800F002008B
:1066900008B1F1F7E0F802213B4800F041FB48BBAC
:1066A000FEF7ECFD6C48407800F0200038B16A48F5
:1066B000807920B16848C07908B9FFF7FBFA6648CD
:1066C000407800F0100038B16348807920B162480A
:1066D000C07908B9FFF712FB5F48407800F0080066
:1066E00030B35D48807918B35B48C07900BBF1F7DF
:1066F000F7F81DE0F7F716FE5748407800F0200045
:1067000038B15548807920B15348C07908B9F3F7BA
:10671000C1FE5148407800F0100048B14E488079E1
:1067200030B14D48C07918B940F23520FFF790FCE0
:106730004948007800F0010000288DD1ECF771FC89
:1067400089E71FB5002000900190029003464FF4A6
:10675000807242A10390444803F0A3FA0020009005
:106760000190029003464FF4807240A1039042488A
:1067700003F097FA03F0AEFE002004B010BD000055
:1067800094030020000C02400004024072FCFFFF52
:1067900000000240E8000020000061C400006144E5
:1067A0000010014025303258200000000048004011
:1067B00064040020680400206C040020A002002073
:1067C000A4020020A8020020600400207461736B02
:1067D000526F626F74416E616C797469637300000B
:1067E000516501087461736B446965754B6869652F
:1067F0006E436F4361750000236501087461736B1C
:10680000446965754B6869656E436F436175310016
:10681000EF6401080C04002010040020B8000020E0
:10682000D8030020BC000020E40300201404002052
:1068300078010020F003002018040020BC01002093
:10684000FC0300201C040020C001002008040020DC
:10685000A800002004000020A30700207461736BCF
:106860004D61696E000000005F6501087461736B23
:106870004779726F00000000D76401080CB5002052
:10688000019000907248006840F4803070490860C0
:1068900000BF6F48006800F4003000900198401C71
:1068A0000190009818B90198B0F5A06FF1D168482F
:1068B000006800F4003010B10120009001E00020D9
:1068C00000900098012846D161484030006840F0AF
:1068D00080505F49403108605E48006840F4804065
:1068E0005C4908605A480830006859490831086016
:1068F0000846006840F4004008600846006840F41C
:10690000A05008605448091F0860081F006840F044
:106910008070091F086000BF4D48006800F00070DB
:106920000028F9D040F205604C490860484808301A
:10693000006820F0030046490831086008460068F6
:1069400040F00200086000BF41480830006800F0D5
:106950000C000828F8D10CBD10B53D48006840F087
:1069600001003B4908600020394908310860384877
:1069700000683B490840364908603A48091D0860EC
:10698000081F006820F48020091F0860002030499B
:106990000C310860FFF772FF4FF000603249086069
:1069A00010BD70B500200022022300240221284DD2
:1069B00008352D6805F00C0020B1042806D0082801
:1069C00034D107E0294D2A4E356033E0294D284E59
:1069D00035602FE01E4D2D1D2D68C5F380541C4DD4
:1069E0002D1D2D6805F03F0154B1224DB5FBF1F589
:1069F000174E361D3668C6F3881605FB06F209E009
:106A00001A4DB5FBF1F5124E361D3668C6F38816E1
:106A100005FB06F20E4D2D1D2D68C5F301456D1CBD
:106A20006B00B2FBF3F5124E356003E00F4D104ED4
:106A3000356000BF00BF064D08352D68C5F303154E
:106A40000D4E705D0A4D2D68C540094E356070BD14
:106A5000003802400070004008544007003C0240EB
:106A6000FFFFF6FE1030002408ED00E00024F400E3
:106A7000E004002000127A00E40400200648804769
:106A800006480047FEE7FEE7FEE7FEE7FEE7FEE713
:106A9000FEE7FEE7FEE7FEE7596901088901000805
:106AA00032490143324A1160704770B5002100231A
:106AB0000F22C4781CB32E4C246804F4E064C4F59F
:106AC000E064C4F30721C1F10404E3B20A4144784D
:106AD0009C40E1B28478144021430C07210E254CE0
:106AE00005786155047804F01F050124AC40057851
:106AF0006D11AD0005F1E025C5F8004109E004780D
:106B000004F01F050124AC401B4D0678761145F8B2
:106B1000264070BD194A0A400243154B1B1F1A60DC
:106B2000704739B1124A121D12680243104B1B1DE7
:106B30001A6006E00E4A121D126882430C4B1B1DA0
:106B40001A607047042808D14FF0E021096941F02C
:106B500004014FF0E022116107E04FF0E0210969E4
:106B600021F004014FF0E022116170470000FA05A6
:106B70000CED00E000E400E080E100E080FFFF1F9A
:106B800010B504468C48844208D10121084600F023
:106B900000FB0021012000F0FCFA5EE087488442FF
:106BA00008D10121022000F0F4FA0021022000F0B7
:106BB000F0FA52E08248844208D10121042000F01A
:106BC000E8FA0021042000F0E4FA46E07D4884421F
:106BD00008D10121082000F0DCFA0021082000F093
:106BE000D8FA3AE07848844208D10121102000F018
:106BF000D0FA0021102000F0CCFA2EE07348844235
:106C000008D10121202000F0C4FA0021202000F04A
:106C1000C0FA22E06E48844208D10121402000F0F1
:106C2000B8FA0021402000F0B4FA16E06948844226
:106C300008D10121802000F0ACFA0021802000F072
:106C4000A8FA0AE06448844207D10121801500F0C7
:106C5000A0FA0021A01500F09CFA10BDF0B50A467C
:106C600000210023002400BF3DE0012505FA01F3C7
:106C7000156805EA03049C4234D105684F000326D9
:106C8000BE40B543056015794E00B54006683543F2
:106C900005601579012D02D01579022D16D1856870
:106CA0004F000326BE40B543856055794E00B54080
:106CB000866835438560456801268E40B54345604A
:106CC000456896798E40B6B235434560C5684F0039
:106CD0000326BE40B543C560D5794E00B540C668B1
:106CE0003543C560491C1029BFD3F0BD4FF6FF7175
:106CF00001600021017141718171C171704708B556
:106D00004FF480320092009A0A430092009AC261C6
:106D1000C161009AC261C2690092C269009208BD55
:106D20000246002013690B400BB1012000E0002057
:106D300070470146086980B27047024600205369D7
:106D40000B400BB1012000E000207047014648696C
:106D500080B2704701837047418370470AB1018355
:106D600000E0418370474161704742694A40426197
:106D70007047F0B5002300244D07ED0E02FA05F32D
:106D8000CE1000F1200555F826504E07F70E0F26BD
:106D9000BE40B543CF1000F1200646F82750CE1074
:106DA00000F1200555F8265045EA0304CE1000F105
:106DB000200545F82640F0BD0000024000040240D6
:106DC00000080240000C0240001002400014024083
:106DD00000180240001C024000200240FA480068EF
:106DE00040F00100F84908600020F74908310860C8
:106DF000F5480068F5490840F3490860F448091D62
:106E00000860081F006820F48020091F0860002027
:106E1000ED490C31086070470021EB4A921C11705B
:106E200011460870704710B501460022002300206B
:106E30004A11012A02D1E44C236808E0022A03D156
:106E4000E14C7034236802E0DF4C7434236801F0B5
:106E50001F02012494401C400CB1012000E00020DE
:106E600010BD38B5002000900024002500BF31205F
:106E7000FFF7D9FF05460098401C00900098B0F538
:106E8000A06F01D0002DF2D03120FFF7CCFF08B168
:106E9000012400E00024204638BD01460020CA4AF3
:106EA000106820F0F80040EAC10010607047C9493E
:106EB000086070470021C44A7032117011700128B7
:106EC00002D004280AD104E00121BF4A70321170B7
:106ED00005E00521BC4A7032117000E000BF00BF20
:106EE0007047BD490860704770B5049C41EA82153F
:106EF0000126C6EB530645EA0645054345EA046507
:106F0000B14E361D356070BDB249086670478201CA
:106F100042EA0172AC4B84331A607047AD4988660F
:106F20007047AC49C864704702460020A64B08333E
:106F3000186820F0EC6042EA01031843A24B0833C2
:106F400018607047024600209F4B0833186820F0F5
:106F5000784042EA010318439B4B0833186070479E
:106F600001460020984A0832106820F003000843C8
:106F70001060704794480830006800F00C007047BB
:106F800001460020904A0832106820F0F0000843C3
:106F900010607047014600208B4A0832106820F4C8
:106FA000E05008431060704701460020864A0832CE
:106FB000106820F4604040EAC10010607047F0B5EE
:106FC0000021002200240225002602237E4F0837DC
:106FD0003F6807F00C0121B1042905D0082937D1F9
:106FE00005E07E4F076036E07D4F076033E0764F67
:106FF0003F1D3F68C7F38056734F3F1D3F6807F042
:107000003F036EB1764FB7FBF3F7DFF8BCC10CF16D
:10701000040CDCF800C0CCF3881C07FB0CF40CE07B
:107020006E4FB7FBF3F7DFF8A0C10CF1040CDCF8EE
:1070300000C0CCF3881C07FB0CF4634F3F1D3F6876
:10704000C7F301477F1C7D00B4FBF5F7076002E042
:10705000624F076000BF00BF5B4F08373F6807F013
:10706000F00109095F4F7A5C0768D7404760564FC7
:1070700008373F6807F4E051890A5A4F7A5C47683D
:10708000D7408760504F08373F6807F46041490B8D
:10709000544F7A5C4768D740C760F0BD002100F4C8
:1070A0004072B2F5407F0AD1474A0832116821F494
:1070B000F8114D4A02401143434A08321160424AD6
:1070C00070321268C0F30B031A433F4B70331A60DF
:1070D000704741494439086070473F49403908606A
:1070E000704742490860704739B1374A30321268F8
:1070F0000243354B30331A6006E0334A30321268AF
:107100008243314B30331A60704739B12E4A3432E2
:10711000126802432C4B34331A6006E02A4A343298
:1071200012688243284B34331A60704739B1264ABB
:10713000383212680243244B38331A6006E0224A80
:10714000383212688243204B38331A60704739B1A5
:107150001D4A4032126802431B4B40331A6006E05E
:10716000194A403212688243174B40331A60704705
:1071700039B1154A443212680243134B44331A6042
:1071800006E0114A4432126882430F4B44331A60BE
:10719000704739B10C4A1032126802430A4B10335F
:1071A0001A6006E0084A103212688243064B103318
:1071B0001A607047E1B1044A143212680243024B6C
:1071C00014331A6019E0000000380240FFFFF6FE99
:1071D0001030002400004742800E47420024F40093
:1071E00000127A00F4040020FFFCFF0F5C0147420C
:1071F0005B4A126882435A4B1A60704739B1584A49
:10720000121D12680243564B1B1D1A6006E0544AB9
:10721000121D12688243524B1B1D1A60704739B110
:107220004F4A0C32126802434D4B0C331A6006E091
:107230004B4A0C3212688243494B0C331A60704738
:1072400039B1474A103212680243454B10331A6075
:1072500006E0434A103212688243414B10331A60F1
:10726000704739B13E4A3C32126802433C4B3C33D2
:107270001A6006E03A4A3C3212688243384B3C338B
:107280001A60704739B1364A403212680243344BB3
:1072900040331A6006E0324A403212688243304B73
:1072A00040331A60704739B12D4A443212680243A4
:1072B0002B4B44331A6006E0294A44321268824359
:1072C000274B44331A60704739B1254A4C32126853
:1072D0000243234B4C331A6006E0214A4C321268B9
:1072E00082431F4B4C331A60704739B11C4A5032ED
:1072F000126802431A4B50331A6006E0184A5032A3
:1073000012688243164B50331A60704739B1144AE1
:10731000D21F12780243124BDB1F1A7006E0104A8C
:10732000D21F127882430E4BDB1F1A7070470C4835
:107330006030006840F08070094960310860704733
:1073400001460020064A083A12680A400AB10120A4
:1073500000E0002070470249891F08707047000054
:107360001438024010B501210802FFF769FF00211F
:107370004FF48070FFF764FF10BD30B50246002067
:1073800000235068F84C20400D790C6844EA05242D
:10739000204350609068F54C2040D1E903542C43C1
:1073A0008D682C434D7944EA450420439060D06AAF
:1073B00020F470000C7D641EE4B2234340EA0350C5
:1073C000D06230BD00210160017141718160C160F6
:1073D00001610121017570470021E54A1168E54A04
:1073E0001140D0E900231A4383681A43C3681A4343
:1073F0001143E14AC2F80413704700210160416063
:107400008160C160704721B1826842F001028260F0
:1074100003E0826822F00102826070470A46002180
:107420004168D64B19401143416070474162826206
:1074300070470A460021416821F01F011143416055
:10744000704738B1CA49096841F40001CA4AC2F814
:10745000041306E0C649096821F40001C64AC2F8CF
:107460000413704738B1C249096841F48001C24A27
:10747000C2F8041306E0BE49096821F48001BE4A3F
:10748000C2F804137047F0B504460D4600200021F1
:10749000092D11DDE068A5F10A0606EB460707266F
:1074A00006FA07F18843A5F10A0606EB460603FA39
:1074B00006F10843E0600CE0206905EB450707266C
:1074C00006FA07F1884305EB450603FA06F108437F
:1074D0002061072A0FDA606B561E06EB86071F260F
:1074E00006FA07F18843561E06EB860605FA06F1F2
:1074F0000843606322E00D2A0FDA206BD61F06EBEB
:1075000086071F2606FA07F18843D61F06EB860674
:1075100005FA06F10843206310E0E06AA2F10D06C7
:1075200006EB86071F2606FA07F18843A2F10D062F
:1075300006EB860605FA06F10843E062F0BD8168B5
:1075400041F0804181607047014600208A6802F462
:1075500080020AB1012000E00020704721B182685A
:1075600042F48062826003E0826822F4806282607A
:10757000704721B1826842F00202826003E08268B3
:1075800022F002028260704710B50A4600210023F3
:10759000416821F46041531E41EA4331416010BD0E
:1075A00021B1426842F40062426003E0426822F482
:1075B0000062426070470146C86C80B270476C48F8
:1075C000001D0068704721B1826842F480728260B9
:1075D00003E0826822F480728260704721B1826881
:1075E00042F40072826003E0826822F400728260DA
:1075F000704738B15E49096841F400515E4AC2F8EB
:10760000041306E05A49096821F400515A4AC2F8A5
:1076100004137047F0B504461546002000220026EA
:10762000092911DDE068A1F10A0707EB470C0727DC
:1076300007FA0CF29043A1F10A0707EB470703FA98
:1076400007F21043E0600CE0206901EB410C0727D2
:1076500007FA0CF2904301EB410703FA07F21043DB
:107660002061A06BC0F30156EF1C06F1010CA7EBE3
:107670000C0707EB870C1F2707FA0CF29043EF1C4F
:1076800006F1010CA7EB0C0707EB870701FA07F2DD
:107690001043A063F0BD10B50A4600210023816BA2
:1076A00021F44011531E41EA0351816310BD08B516
:1076B000002300930090009B0B440093009B1A60F2
:1076C00008BD0A460021816821F4702111438160C0
:1076D00070470A460021816821F4401111438160FE
:1076E0007047816841F48001816070470146002045
:1076F0008A6802F480020AB1012000E0002070478D
:1077000021B1426842F48062426003E0426822F4A0
:1077100080624260704721B1426842F48052426008
:1077200003E0426822F480524260704708B5024686
:1077300000200090009201F12800009B1844009066
:107740000098006880B208BD10B50B460021D9B280
:10775000012404FA01F11AB144680C43446002E0C8
:1077600044688C43446010BDFFFEFFFCFDF7FFC082
:1077700004230140E030FCFF00200140FFFD3FFFFB
:107780000246002013680B400BB1012000E00020EE
:107790007047CA430260704770B50246002000235C
:1077A00000240B12556801268E4005EA0604156870
:1077B0001D4015B10CB1012000E0002070BD002279
:1077C0000A12D34303607047016821F00101016090
:1077D0000021016041608160C1600161212141613E
:1077E000DB49884204D13D21D94A103A91608CE0AE
:1077F000D7491831884205D14FF47461D44A103A00
:10780000916082E0D2493031884205D14FF4741141
:10781000CF4A103A916078E0CD494831884205D18D
:107820004FF07461CA4A103A91606EE0C849603105
:10783000884204D1C749C64A103AD16065E0C449BC
:107840007831884204D1C449C14A103AD1605CE021
:10785000BF499031884204D1C049BD4A103AD16035
:1078600053E0BB49A831884205D14FF03D51B84A99
:10787000103AD16049E0BA49884204D13D21B84A62
:10788000083A116041E0B6491831884205D14FF4F9
:107890007461B34A083A116037E0B1493031884227
:1078A00005D14FF47411AE4A083A11602DE0AC498D
:1078B0004831884205D14FF07461A94A083A1160F5
:1078C00023E0A7496031884204D1A249A44A121F8B
:1078D00011601AE0A2497831884204D19E49A04A39
:1078E000121F116011E09E499031884204D19B49DA
:1078F0009B4A121F116008E09949A831884204D1BF
:107900004FF03D51964A121F1160704710B500228A
:107910000268944B1A40CC680B6823434C6923439C
:107920008C692343CC6923430C6A23434C6A234369
:107930008C6A23434C6B23438C6B23431A430260B2
:10794000426922F00702D1E90B3423431A43426112
:107950000B6943604B6883608B68C36010BD002176
:10796000016041608160C160016141618161C1610B
:10797000016241628162C162016341638163704758
:1079800021B1026842F00102026003E0026822F0C5
:1079900001020260704721B1026842F400420260B5
:1079A00003E0026822F400420260704721B10268DD
:1079B00042F02002026003E0026822F0200202602E
:1079C0007047416070470146486880B2704722B1F5
:1079D000036843F40023036003E0036823F40023F7
:1079E00003600161704721B1026842F480220260A5
:1079F00003E0026822F48022026070470AB101614C
:107A000000E0C1607047014600200A6802F40022CD
:107A10000AB1012000E000207047014600200A68FA
:107A200002F001020AB1012000E000207047014687
:107A300000204A6902F03800704730B503460A4614
:107A400000200024464DAB4202D24149103901E0EA
:107A50004349103902F000550DB14C6800E00C6844
:107A6000414D2C4004EA02050DB1012000E0002048
:107A700030BD02463A4B9A4202D23548103801E0F6
:107A80003748103801F000531BB1374B0B40C3602F
:107A900002E0354B0B408360704710B501F0800366
:107AA0004BB122B1436943F08003436103E0436972
:107AB00023F08003436180290BD02AB1036801F0D1
:107AC0001E042343036004E0036801F01E04A34383
:107AD000036010BD70B50246002000240025204E32
:107AE000B24202D21A4B103B01E01D4B103B1F4E1D
:107AF0000E4036B11E2606EAD124166806EA0405B1
:107B000002E0566906F0800501F000560EB15C688F
:107B100000E01C68144E344004EA010616B10DB1B1
:107B2000012000E0002070BD02460D4B9A4202D2B7
:107B30000748103801E00A48103801F000531BB123
:107B4000094B0B40C36002E0074B0B40836070475A
:107B5000106002403D000020400F002000003D204A
:107B6000106402403F801CF07D0F7D0F3C0F3C0FE6
:107B7000002044490860091D0860091D0860091DAE
:107B8000086041483F4914310860704700213D4971
:107B90008279002A3AD00A46126803689A430B4653
:107BA0001A600A1D126803689A430B1D1A60027955
:107BB00011440A6803681A430A60324A083212689C
:107BC00003689A432F4B08331A601A1D1268036822
:107BD0009A432C4B0C331A604279102A0ED11A1F8B
:107BE000126803681A43274B08331A601A1D12687B
:107BF00003681A43234B0C331A600DE02149427984
:107C000011440A6803681A430A6005E002791144C6
:107C10000A6803689A430A60704700210160017195
:107C20000C2141710021817170471649103109689A
:107C30000143144A10321160704701460020114A76
:107C4000143212680A400AB1012000E00020704797
:107C50000C49143108607047014600200022094B8E
:107C60001B6803EA0102074B14331B680B4013B176
:107C70000AB1012000E00020704702491431086079
:107C800070470000003C0140FFFF7F0010B5044634
:107C9000FE48844208D101210846FFF7D1FA0021AD
:107CA0000120FFF7CDFA9DE0B4F1804F08D101210A
:107CB0000846FFF7B4FA00210120FFF7B0FA91E07F
:107CC000F348844208D101210220FFF7A8FA0021DD
:107CD0000220FFF7A4FA85E0EE48844208D1012192
:107CE0000420FFF79CFA00210420FFF798FA79E0BE
:107CF000E948844208D101210820FFF790FA0021C9
:107D00000820FFF78CFA6DE0E448844208D1012195
:107D10001020FFF784FA00211020FFF780FA61E0BD
:107D2000DF48844208D101212020FFF778FA0021A2
:107D30002020FFF774FA55E0DA48844208D1012187
:107D40000220FFF77DFA00210220FFF779FA49E0CF
:107D5000D548844209D101210804FFF771FA0021B6
:107D60004FF48030FFF76CFA3CE0D048844209D1F0
:107D700001214804FFF764FA00214FF40030FFF7B7
:107D80005FFA2FE0CA48844209D101218804FFF735
:107D900057FA00214FF48020FFF752FA22E0C5483D
:107DA000844208D101214020FFF739FA0021402008
:107DB000FFF735FA16E0C048844208D1012180203F
:107DC000FFF72DFA00218020FFF729FA0AE0BB48CF
:107DD000844207D101218015FFF721FA0021A01567
:107DE000FFF71DFA10BD00220288A84B98420ED062
:107DF000AC4B98420BD0B0F1804F08D0A44B9842C6
:107E000005D0A44B984202D0A34B984204D14FF620
:107E10008F731A404B881A43A04B984207D0A04B4F
:107E2000984204D04FF6FF431A400B891A43028050
:107E30004B68C3620B880385944B984202D0994BE0
:107E4000984201D18B7A03860123838270474FF0D9
:107E5000FF314160002101800181418081727047C2
:107E60000185828270470A46002101884FF68F7390
:107E7000194011430180704741627047C1627047E9
:107E80000146486A70470146088D704721B1028853
:107E900042F00202028004E002884FF6FD731A40AD
:107EA0000280704721B1028842F00402028004E09F
:107EB00002884FF6FB731A400280704721B1028896
:107EC00042F08002028004E002884FF67F731A407D
:107ED0000280704702884FF6F7731A4002800288CA
:107EE0000A430280704702884FF6FF431A4002801F
:107EF00002880A430280704721B1028842F00102E1
:107F0000028004E002884FF6FE731A400280704738
:107F100070B5002400220023058C4FF6FE76354014
:107F20000584028C8388048B4FF68F752C40B51E18
:107F30002C400D882C43751E2A408D892A434D887C
:107F40002A43524DA84202D0564DA84213D14FF6B3
:107F5000F7752A40CD892A434FF6FB752A408D8854
:107F60002A434FF6FF652B404FF6FF552B400D8AF5
:107F70002B434D8A2B43838004838D6845630284A1
:107F800070BD70B5002400220023058C4FF6EF76FB
:107F900035400584028C8388048B48F6FF752C409D
:107FA0004FF6FF452C400D884FF6FF7606EA052573
:107FB0002C434FF6DF752A408D8906EA05152A43C2
:107FC0004D8806EA05152A43304DA84202D0354DAA
:107FD000A8421DD14FF67F752A40CD894FF6FF7616
:107FE00006EA05152A434FF6BF752A408D8806EA32
:107FF00005152A434FF6FF352B404FF2FF752B40F6
:108000000D8A06EA85052B434D8A06EA85052B4332
:10801000838004838D688563028470BD70B50024FD
:1080200000220023058C4FF6FF6635400584028C44
:108030008388848B4FF68F752C404FF6FC752C404F
:108040000D882C434FF6FF552A408D894FF6FF7659
:1080500006EA05252A434D8806EA05252A430B4DE5
:10806000A84202D00F4DA84238D14FF2FF752A40E6
:10807000CD894FF6FF7606EA05252A434FF6FF35F0
:108080002A408D8806EA05252A4319E000000140B0
:108090000004004000080040000C004000100040B8
:1080A0000014004000040140004001400044014031
:1080B0000048014000180040001C00400020004023
:1080C0004EF6FF752B404DF6FF752B400D8A06EAE4
:1080D00005152B434D8A06EA05152B4383808483BF
:1080E0008D68C563028470BD70B500220023002432
:1080F000058C4EF6FF7635400584038C8488828B90
:1081000048F6FF752A404FF6FF452A400D884FF686
:10811000FF7606EA05252A434DF6FF752B408D892B
:1081200006EA05352B434D8806EA05352B43FE4DFF
:10813000A84202D0FD4DA84208D14BF6FF752C4055
:108140000D8A4FF6FF7606EA85152C4384808283DC
:108150008D680564038470BD0021018041808180A9
:1081600081608181C18101824182704770B503467F
:10817000002000241846183001258D40ACB21D8C1B
:10818000A5431D8409B108290AD100EB61000568E7
:108190004FF68F76354005600568154305600FE0A2
:1081A0000D1FC5F34E052844056848F6FF76354097
:1081B000056005684FF6FF7606EA0226354305603E
:1081C00070BD4163704781637047C163704701644C
:1081D00070470A460021018B4FF68F7319401143F7
:1081E000018370470A460021018B48F6FF7319404E
:1081F0004FF6FF7303EA02231943018370470A46CF
:108200000021818B4FF68F73194011438183704792
:108210000A460021818B48F6FF7319404FF6FF7321
:1082200003EA02231943818370470A460021018B28
:108230004FF6F77319401143018370470A46002136
:10824000018B4FF2FF7319404FF6FF7303EA0223CD
:108250001943018370470A460021818B4FF6F7735B
:1082600019401143818370470A460021818B4FF2E8
:10827000FF7319404FF6FF7303EA0223194381830A
:1082800070470A460021018B4FF6FB7319401143DA
:10829000018370470A460021018B4FF6FF331940D6
:1082A0004FF6FF7303EA02231943018370470A461E
:1082B0000021818B4FF6FB73194011438183704776
:1082C0000A460021818B4FF6FF3319404FF6FF73AA
:1082D00003EA02231943818370470A460021018B78
:1082E0004FF67F7319401143018370470A460021FE
:1082F000018BC1F30E014FF6FF7303EA022319430A
:10830000018370470A460021818B4FF67F73194025
:108310001143818370470A460021818BC1F30E010E
:108320004FF6FF7303EA02231943818370470A461D
:108330000021018C4FF6FD731940114301847047F1
:108340000A460021018C4FF6F7731940114301844E
:1083500070470A460021018C4FF6DF7319404FF633
:10836000FF7303EA02131943018470470A46002190
:10837000018C4FF67F7319404FF6FF7303EA021327
:108380001943018470470A460021018C4FF6FF53C0
:1083900019404FF6FF7303EA022319430184704723
:1083A0000A460021018C4FF2FF7319404FF6FF730C
:1083B00003EA02231943018470470A460021018C15
:1083C0004DF6FF7319404FF6FF7303EA023319436A
:1083D0000184704730B5002301248C40A3B2048C83
:1083E0009C430484048C02FA01F5ADB22C4304844E
:1083F00030BD30B5002304248C40A3B2048C9C43D0
:108400000484048C02FA01F5ADB22C43048430BD1F
:10841000828B4FF2FF331A408283828B4FF6FF73B9
:1084200003EA01231A4382837047F0B50C461546D0
:10843000002100220026078C4EF6FF7C07EA0C077D
:108440000784818B028C4FF6FF7707EA043640F6EB
:10845000FF4739404FF6FF7707EA052739434FF6C4
:10846000FF7707EA0337394345F6FF773A4046F48A
:1084700080573A4381830284F0BD828B4FF6F373B9
:108480001A408283828B0A4382837047F0B50C4680
:108490001546002100220026078C4FF6FF6C07EAE4
:1084A0000C070784818B028C4FF6FF7707EA0426BE
:1084B0004FF60C7739404FF6FF7707EA03172F4343
:1084C00039434FF2FF573A4046F480773A4381836D
:1084D0000284F0BD028B4FF2FF331A400283028BFD
:1084E0004FF6FF7303EA01231A4302837047F0B586
:1084F0000C461546002100220026078C4FF6EF7C23
:1085000007EA0C070784018B028C4FF6FF7707EA16
:10851000041640F6FF4739404FF6FF7707EA033766
:1085200039434FF6FF7703E00000014000040140AB
:1085300007EA052739434FF65F773A4046F01007C0
:108540003A4301830284F0BD028B4FF6F3731A4065
:108550000283028B0A4302837047F0B50C4615462E
:1085600000210022068C4FF6FE773E400684018BE8
:10857000028C4FF60C7631407E1C06EA03162E4321
:1085800031434FF6F576324044F001063243018321
:108590000284F0BD70B505460C46208850B9238989
:1085A000A28861882846FFF7D8FFE1882846FFF7B0
:1085B000CBFF25E0208804280AD12389A28861887E
:1085C0002846FFF794FFE1882846FFF783FF17E06E
:1085D000208808280AD12389A28861882846FFF7C5
:1085E00055FFE1882846FFF748FF09E02389A28864
:1085F00061882846FFF719FFE1882846FFF708FF42
:1086000070BD002101804180012181800021C18055
:10861000018170472DE9F04105460C4600260127EF
:10862000608808B9022600E00026A088012801D150
:10863000022700E001272088A0B92389A288618849
:108640002846FFF78AFFE1882846FFF77DFF238948
:108650003A4631462846FFF74AFFE1882846FFF7A9
:1086600039FF13E02389A28861882846FFF73FFF7E
:10867000E1882846FFF72EFF23893A4631462846EF
:10868000FFF76BFFE1882846FFF75EFFBDE8F0814A
:108690000146486B70470146886B70470146C86BBE
:1086A00070470146086C70470A884B881A438B88CC
:1086B0001A43CB881A430B891A434B891A438B8977
:1086C0001A43A0F844207047002101804180818036
:1086D000C180018141818181704731B1B0F844206E
:1086E00042F40042A0F8442005E0B0F84420C2F370
:1086F0000E02A0F84420704721B1828842F00402A3
:10870000828004E082884FF6FB731A4082807047B3
:1087100021B1828842F00102828004E082884FF613
:10872000FE731A40828070471AB183890B4383819C
:1087300002E083898B4383817047818270470246C0
:108740000020138A0B400BB1012000E0002070478D
:10875000CA430282704730B502460020002300243D
:10876000158A05EA0103958905EA010413B10CB1E4
:10877000012000E0002030BDCA430282704741EA78
:108780000203A0F8483070471AB183890B438381F4
:1087900002E083898B438381704721B1828842F054
:1087A0000802828004E082884FF6F7731A408280C4
:1087B000704701894FF6F8721140018170470A46EF
:1087C000002101894FF68F731940114301817047D1
:1087D00030B504460D4629462046FFF7F0FF2089B4
:1087E00040F00700208130BD2DE9F04104460D46E0
:1087F00016461F46602D06D13B46012231462046D3
:10880000FFF775FE05E03B46012231462046FFF7A3
:10881000A4FE29462046FFF7D2FF208940F007003A
:108820002081BDE8F08130B50C4600210189C9B234
:108830004FF6FF7505EA03251543254329430181BA
:1088400030BD2DE9F04105460E46174698460024F6
:1088500043463A4631462846FFF7E5FF2C894FF656
:10886000F870044044F007044FF68F70044044F061
:1088700070042C81BDE8F081F0B504460D46164623
:108880001F463B46324629462046FFF7CCFF20894B
:1088900040F480402081F0BD82884FF68F731A40EB
:1088A000828082880A438280704702894FF6F8737B
:1088B0001A40028102890A430281704702894FF6F9
:1088C0007F731A40028102890A4302817047F0B522
:1088D0000C4615461E460021002200230189028B0A
:1088E000038C4FF6F877394021434FF6FC473A4066
:1088F00040F201173A434FF6DD773B404FF6FF77E2
:1089000007EA06172F433B43018102830384F0BD2E
:1089100021B1828842F08002828004E082884FF692
:108920007F731A4082807047A0F850107047000093
:1089300010B50446F748844208D101211020FEF703
:108940007FFC00211020FEF77BFC3EE0F2488442D1
:1089500009D101214804FEF762FC00214FF40030E8
:10896000FEF75DFC31E0ED48844209D10121880425
:10897000FEF755FC00214FF48020FEF750FC24E068
:10898000E748844209D10121C804FEF748FC0021D0
:108990004FF40020FEF743FC17E0E248844209D17F
:1089A00001210805FEF73BFC00214FF48010FEF783
:1089B00036FC0AE0DC48844207D101212020FEF782
:1089C0003FFC00212020FEF73BFC10BD2DE9FF47B6
:1089D00005460E460024A14600BFA046B08900B15E
:1089E00000BF2C8A24F44054F08804432C82AC89C4
:1089F00041F20C608443B08831890843718908438F
:108A00000443AC81AC8A24F44074B0890443AC8242
:108A10006846FEF7D4FABF48854202D0C248854274
:108A200002D1DDF80C9001E0DDF80890A88900F48F
:108A3000004040B109EBC90000EB09103168490062
:108A4000B0FBF1F707E009EBC90000EB0910316852
:108A50008900B0FBF1F76420B7FBF0F004012009B6
:108A6000642101FB1078A88900F4004040B1322055
:108A700000EBC800B0FBF1F000F00700044308E091
:108A8000322000EB08106421B0FBF1F000F00F0081
:108A900004432C81BDE8FF874FF41651016000218B
:108AA0008180C18001810C21418100218181704739
:108AB00010B502460020108A20F470600B884C88A4
:108AC00023438C882343CC8823431843108210BD52
:108AD0000021018041808180C180704721B182895D
:108AE00042F40052828104E082894DF6FF731A40FD
:108AF00082817047028B02F47F420283028B0A4319
:108B00000283704721B1828942F40042828103E0EE
:108B10008289C2F30E028281704721B1828A42F4B7
:108B20000062828204E0828A4FF2FF731A408282DE
:108B30007047C1F308028280704701468888C0F3FD
:108B400008007047028A4FF6F0731A400282028AC8
:108B50000A430282704721B1828942F00202828177
:108B600004E082894FF6FD731A4082817047828942
:108B70004FF2FF731A40828182890A4382817047D3
:108B8000028A4FF6DF731A400282028A0A43028287
:108B9000704721B1028A42F48042028204E0028AD4
:108BA0004BF6FF731A4002827047818941F0010140
:108BB0008181704721B1828A42F00802828204E0FA
:108BC000828A4FF6F7731A4082827047028BD2B2C4
:108BD0000283028B42EA01220283704721B1828A1A
:108BE00042F02002828204E0828A4FF6DF731A404C
:108BF0008282704721B1828A42F01002828204E0B0
:108C0000828A4FF6EF731A4082827047828A4FF64B
:108C1000FB731A408282828A0A438282704721B1A2
:108C2000828A42F00202828204E0828A4FF6FD7359
:108C30001A40828270471AB1838A0B43838202E012
:108C4000838A8B4383827047F0B503460024002655
:108C50000025002040F66A17B94200D100BF18462F
:108C6000C1F3421401F01F06012707FA06F5012C93
:108C700001D10C3004E0022C01D1103000E014309E
:108C80001AB107682F43076002E00768AF43076027
:108C9000F0BD02460020B1F5007F00D100BF13886F
:108CA0000B400BB1012000E00020704701F400727E
:108CB000B2F5007F00D100BFCA430280704770B593
:108CC0000246002400230025002040F66A16B14227
:108CD00000D100BFC1F3421501F01F03012606FABF
:108CE00003F3012D02D19689334006E0022D02D113
:108CF000168A334001E0968A33400C12012606FAA8
:108D000004F41688344013B10CB1012000E00020B7
:108D100070BD0000001001400044004000480040C9
:108D2000004C0040005000400014014010B50022EB
:108D3000002340F66A14A14200D100BF0A120124A8
:108D40009440A3B2DC43048010BD000010B50121A3
:108D50008803FEF775FA00214FF48040FEF770FAA1
:108D600010BD1A490860704730B500228B071C0FF0
:108D70000F2303FA04F2154B08338C1053F82430F8
:108D80009343124C08348D1044F8253023468C1040
:108D900053F824308C07240F00FA04F423430B4CBF
:108DA00008348D1044F8253030BD094908607047FB
:108DB000084908607047002004492031096801F41F
:108DC000807109B1012000E00020704700380140A7
:108DD000DC0027420004274200F1080141604FF007
:108DE000FF31816000F10801C16001610021016073
:108DF0007047002101617047426853684B604368C7
:108E00008B605368996051604160086103685B1C26
:108E10000360704710B502460B685C1C0CB9106902
:108E200007E002F1080000E04068446824689C42C2
:108E3000FAD944684C604C68A160886041600A615E
:108E40001468641C146010BD0146D1E901309860BB
:108E5000D1E9010358600A695068884201D18868E5
:108E60005060002008611068401E10601068704754
:108E700070B504460D461CB9E7F7DAF900BFFEE706
:108E800000F0F3FDD4E90F12206801FB02006060DE
:108E90000020A0632068A060E06B401E226C216867
:108EA00000FB0210E0604FF0FF306064A06475B911
:108EB000206908B9012000E0002080B904F1100009
:108EC00001F02AFC01280AD100F0C9FD07E004F1F5
:108ED0001000FFF781FF04F12400FFF77DFF00F091
:108EE000CDFD012070BD2DE9F04705460E46174621
:108EF0004FF00009DDB1502000F0E4FD0446B4B1AC
:108F000005FB06F000F10108404600F0DBFD2060A3
:108F1000206848B1E563266401212046FFF7A8FFD9
:108F200084F84D70A14602E0204600F02CFEB9F115
:108F3000000F03D1E7F77CF900BFFEE74846BDE824
:108F4000F08710B5044600F090FD11E0606A08B9A2
:108F5000012000E0002050B904F1240001F0DCFB06
:108F600008B101F054FCA06C401EA06400E002E0D7
:108F7000A06C0028EADC00BF4FF0FF30A06400F0D6
:108F80007DFD00F072FD11E0206908B9012000E0CC
:108F9000002050B904F1100001F0BEFB08B101F04F
:108FA00036FC606C401E606400E002E0606C0028EB
:108FB000EADC00BF4FF0FF30606400F05FFD10BDE1
:108FC00070B5044600F051FDA06BE16B884201D101
:108FD000012000E00020054600F050FD284670BD4D
:108FE00070B504460E461546206C38B9206838BB6B
:108FF000606801F09BFC0020606021E07DB9314693
:10900000226CA06801F0BCFC216CA0680844A06040
:10901000D4E90110884213D32068A06010E03146E3
:10902000226CE06801F0ACFC216CE068401AE06062
:109030002168E068884203D2216C6068401AE060D1
:10904000A06B401CA06370BDFFB583B004460D4605
:109050001E4600271CB9E7F7EBF800BFFEE70DB985
:10906000206C08B9012000E0002018B9E7F7E0F80B
:1090700000BFFEE700BF00F0F8FCA06BE16B884288
:1090800017D2324629462046FFF7AAFF606A08B980
:10909000012000E0002038B904F1240001F03CFB7D
:1090A000012801D100F0DBFC00F0E8FC012007B052
:1090B000F0BD059818B900F0E1FC0020F7E71FB9F2
:1090C00001A801F05EFB012700F0D8FC00F0DEFFF4
:1090D00000F0CBFC606C401C08B900206064A06C00
:1090E000401C08B90020A06400F0C8FC05A901A834
:1090F00001F055FBC0B92046FFF762FF70B104F1E3
:109100001000059901F0CBFA2046FFF71AFF00F096
:109110000DFF0028AFD100F0A2FCACE72046FFF71E
:1091200010FF00F003FFA6E72046FFF70AFF00F05C
:10913000FDFE0020BBE770B50546502000F0C2FCE4
:109140000446E4B1002060602060A060E060A0639D
:109150000120E06300202064401E6064A06484F865
:109160004D5004F11000FFF737FE04F12400FFF723
:1091700033FE00231A4619462046FFF765FF1CB947
:10918000E7F756F800BFFEE7204670BD70B504460D
:109190001CB9E7F74DF800BFFEE701F047FB616837
:1091A00088420CD1E068401EE060E06828B90023E6
:1091B0001A4619462046FFF747FF012500E0002523
:1091C000284670BD70B5044600F04FFCA06B08B98E
:1091D000012000E00020054600F050FC284670BD4C
:1091E00070B504460D46206870B1216CE0680844F3
:1091F000E0606168E068884201D32068E06028464A
:10920000226CE16801F0BCFB70BD2DE9FF4182B02A
:1092100004460D461E464FF000081CB9E7F708F853
:1092200000BFFEE70DB9206C08B9012000E0002066
:1092300018B9E6F7FDFF00BFFEE700BF00F015FC20
:10924000A06B80B3E76829462046FFF7C9FFB6B98F
:10925000A06B401EA063206810B901F0E7FA6060BF
:10926000206908B9012000E00020B0B904F1100025
:1092700001F052FA012810D100F0F1FB0DE0E76097
:10928000606A08B9012000E0002030B904F1240030
:1092900001F042FA08B100F0E2FB00F0EFFB012020
:1092A00006B0BDE8F081FFE7049818B900F0E6FBCE
:1092B0000020F5E7B8F1000F04D1684601F061FA2B
:1092C0004FF0010800F0DAFB00F0E0FE00F0CDFB0B
:1092D000606C401C08B900206064A06C401C08B998
:1092E0000020A06400F0CAFB04A9684601F057FA08
:1092F00008BB2046FFF766FFB8B1206830B900F020
:10930000B4FB606801F0A1FA00F0B8FB04F124009E
:10931000049901F0C4F92046FFF713FE00F006FEA1
:1093200000288BD100F09BFB88E72046FFF709FE61
:1093300000F0FCFD82E72046FFF703FE00F0F6FD9B
:109340000020ADE770B504460E461CB9E6F770FF85
:1093500000BFFEE701F06AFA6168884204D1E06864
:10936000401CE06001250BE00023324619462046F0
:10937000FFF74BFF0546012D02D1E068401CE0607D
:10938000284670BD70B506460D46022200213046C3
:10939000FFF7A9FD044604B1A5631CB9E6F748FF31
:1093A00000BFFEE7204670BD2DE9F04704460F469A
:1093B000154698461CB9E6F73BFF00BFFEE70FB91C
:1093C000206C08B9012000E0002018B9E6F730FF52
:1093D00000BFFEE7E6F72CFF8146A06BE16B8842F9
:1093E0001BD2424639462046FFF7FAFDA06C401CCE
:1093F00070B9606A08B9012000E0002058B904F192
:10940000240001F089F930B12DB10120286002E07B
:10941000A06C401CA064012600E000264846E6F748
:109420000EFF3046BDE8F0872DE9F04104460F46B7
:1094300015461CB9E6F7FCFE00BFFEE70FB9206C2D
:1094400008B9012000E0002018B9E6F7F1FE00BFDE
:10945000FEE7E6F7EDFE8046A06BE8B13946204610
:10946000FFF7BEFEA06B401EA063606C401C70B98D
:10947000206908B9012000E0002058B904F110006B
:1094800001F04AF930B12DB10120286002E0606C92
:10949000401C6064012600E000264046E6F7CFFE4F
:1094A0003046BDE8F08170B504461CB9E6F7C0FE51
:1094B00000BFFEE700F0D9FAA56B00F0DFFA2846FE
:1094C00070BD70B504461CB9E6F7B2FE00BFFEE7FA
:1094D000A56B284670BD014600200BE03D4A02EB1B
:1094E000C00252688A4204D100223A4B43F830202D
:1094F00002E0401C0828F1D300BF704710B50446B5
:109500001CB9E6F795FE00BFFEE72046FFF7E3FF34
:10951000206800F038FB204600F035FB10BD014606
:1095200091F84C00704780F84C107047014691F854
:109530004D00704770B504461CB9E6F779FE00BFD0
:10954000FEE7A06B08B9012000E000200546284690
:1095500070BD70B504461CB9E6F76AFE00BFFEE7B1
:10956000A06BE16B884201D1012000E0002005469C
:10957000284670BD024600200BE0164B53F83030F1
:1095800033B9144B43F8301003EBC0035A6002E0C8
:10959000401C0828F1D300BF704770B504460D4643
:1095A00000F063FA606C401C08B900206064A06C95
:1095B000401C08B90020A06400F060FAA06B20B93C
:1095C000294604F1240001F08DF82046FFF7B9FC8C
:1095D00070BD0000507701202DE9F04104460D4692
:1095E00016461F464FF0000865602461B5420CD84E
:1095F000F01BA169884202D34FF0010811E0211D40
:10960000F0480068FFF706FC0BE0BE4204D2BD4202
:1096100002D34FF0010804E0211DEB480068FFF77A
:10962000F9FB4046BDE8F0812DE9FE4305460E46B4
:1096300017461C46DDF828804FF00009E348006813
:1096400008B3009601970295ACB901F0F2F8012831
:1096500008D1002342466946DC480068FFF7F4FC65
:10966000814610E000231A466946D8480068FFF793
:10967000EBFC814607E0002322466946D348006898
:10968000FFF792FE81464846BDE8FE832DE9F84388
:1096900081462BE0CC480068C0680568CA4800686D
:1096A000C068C468201DFFF7CFFB2046616A884769
:1096B000E06901281AD1A0694619AE4207D966604F
:1096C0002461211DC0480068FFF7A4FB0EE00020C4
:1096D00003462A46014600902046FFF7A5FF0746AD
:1096E0001FB9E6F7A5FD00BFFEE700BFB64800685A
:1096F000006808B9012000E000200028CAD0B24864
:10970000D0F80080AF480068AF490860AD48C0F8A5
:109710000080BDE8F88370B5044600F009FF0546F7
:10972000AB480068854206D2A9480068FFF7AEFF43
:109730000120206001E000202060A5480560284647
:1097400070BD70B586B002A8FFF7E5FF064650E091
:10975000059C44B1606908B9012000E0002010B9FF
:10976000201DFFF771FB039830B1012826D0022895
:1097700025D003283BD136E00498A269811803461E
:1097800032462046FFF728FF012816D12046616A9D
:109790008847E069012810D1002000900498A16951
:1097A0004218002319462046FFF73EFF05461DB923
:1097B000E6F73EFD00BFFEE700BF19E018E00498A1
:1097C000A061A06908B1012000E0002018B9E6F707
:1097D0002FFD00BFFEE7A0698119334632462046BF
:1097E000FFF7FAFE04E0204600F0CDF900E000BFEC
:1097F00000BF00231A4603A974480068FFF705FD5F
:109800000028A5D106B070BDF8B505460F466E48D4
:109810000068C068C468201DFFF716FBE0690128D6
:1098200017D1A06941192B463A462046FFF7D4FECE
:1098300001280ED1002003462A460146009020460A
:10984000FFF7F2FE06461EB9E6F7F2FC00BFFEE7A0
:1098500000BF2046616A8847F8BDF8B504460E4649
:1098600000F014FC6846FFF756FF05460098A0B9C3
:1098700046B9AC4206D800F059FB29462046FFF70E
:10988000C3FF0CE0611B51480068FFF786FE00F043
:109890004DFB20B900F0E3F801E000F047FBF8BD14
:1098A0000146494A126812680AB9012200E0002202
:1098B0000A600A6822B9444A1268D268106800E057
:1098C0000020704708B500BF6846FFF7E9FF04466F
:1098D00020460099FFF7C1FFFFF733FFF4E710B50B
:1098E00000F0C3F83948006890B93A48FFF774FAB5
:1098F0003948FFF771FA374833490860364831492B
:10990000086000220C210A20FFF7EDFA2F490860B9
:1099100000F0B4F810BD1FB50024FFF7E0FF2B489E
:10992000006868B100200223CDE9003002900346B0
:109930004FF4007229A103902A4800F0B2F90446BE
:109940001CB9E6F775FC00BFFEE7204604B010BD69
:109950002DE9F04706460D4617469846DDF820905B
:109960004DB900240DB1012000E00020A0B9E6F7B8
:109970005FFC00BFFEE7282000F0A4F804465CB1BD
:10998000FFF7ADFF2660A561E761C4F82080C4F849
:109990002490201DFFF72DFA2046BDE8F08770B512
:1099A0000446264600F061F8706908B1012000E025
:1099B0000020054600F062F8284670BD01460A46C0
:1099C000106A704708050020040500200C050020DF
:1099D0001005002090770120A4770120546D72209B
:1099E00053766300C5980108001F4FF08073036031
:1099F000001F0160001F0023036014380260001F75
:109A0000DB1E0360203870472A48006842F210715C
:109A1000B0FBF1F0401E4FF0E021486107200861E3
:109A2000704710B52448006840F47C002249086063
:109A30000846006840F07C400860FFF7E5FF002022
:109A40001E490860E6F7C2FB1D48006840F0404030
:109A50001B490860E6F7B0FB002010BD70474FF0CF
:109A6000805015491C390860704710B5E6F7E0FBD7
:109A700012480068401C1149086010BD10B50F481D
:109A80000068401E0D4908600846006810B90020B3
:109A9000E6F7D5FB10BD10B54FF0805006491C39D4
:109AA0000860E6F7C5FB00F0C2F90020E6F7C7FB47
:109AB00010BD0000E004002020ED00E014050020AF
:109AC00034EF00E02DE9F04104464FF0000800F0CB
:109AD000DDFA3D48006898B93C493D4A11600021D3
:109AE00051604FF420513B4A5160002111603748CA
:109AF0004FF4205141601146016001203249086055
:109B000044B1103404F0070020B104F00700C0F1A4
:109B100008000444002C31D0B4F5205F2ED22C4F25
:109B20003846056801E02F462D686868A04202D2D9
:109B300028680028F7D1274885421FD0386800F1EF
:109B40001008286838606868001B202810D92E1972
:109B50006868001B70606C6071681D4800E00068F8
:109B6000026852688A42FAD302683260066000BF17
:109B7000194968680968081A1749086000F0D6F999
:109B80004046BDE8F08170B506463546B6B1103D99
:109B90002C4600F07BFA61680D4800E0006802681E
:109BA00052688A42FAD30268226004600A496068F7
:109BB000096808440849086000F0B8F970BD064813
:109BC00000687047704700002C050020B87701201E
:109BD00018050020200500202805002010B50024CD
:109BE00007E004EB8401FE4A02EB8100FFF7F4F882
:109BF000641C052CF5D3FB48FFF7EEF8FA48FFF795
:109C0000EBF8FA48FFF7E8F8F948FFF7E5F8F94804
:109C1000FFF7E2F8F348F8490860F348F7490860AD
:109C200010BD2DE9F04104460E4615469846069FA4
:109C30000A22314604F1340000F0D2FE00213D201A
:109C40000155052D00D30425E562A564201DFFF70D
:109C5000D0F804F11800FFF7CCF82461C5F1050035
:109C6000A0616462BDE8F08170B505460E464C20E7
:109C7000FFF728FF044694B11EB9A800FFF722FFA2
:109C800000E030462063206B20B92046FFF77BFFC1
:109C9000002404E0A900A522206B00F083FE2046EA
:109CA00070BD2DE9FF4F81B0804616469A46DDE92A
:109CB0000E5BB8F1000F03D1E6F7BAFA00BFFEE77A
:109CC000052D01D2012000E0002018B9E6F7B0FA16
:109CD00000BFFEE730461099FFF7C6FF0446002C90
:109CE00064D0701E216B01EB800929F0070909F08F
:109CF000070008B9012000E0002018B9E6F798FA3B
:109D000000BFFEE700962A462046119B0299FFF706
:109D100088FF524641464846FFF766FE2060BBF189
:109D2000000F01D0CBF80040FFF79FFEB448006859
:109D3000401CB3490860B348006840B9B1480460AA
:109D40000846006801280CD1FFF748FF09E0AE483B
:109D5000006830B9AB480068C06AA84201D8A94879
:109D60000460AA49E06A0968884202D9A749E06A02
:109D70000860A74800682064A5480068401CA44902
:109D80000860A449E06A0968884202D9A149E06AEA
:109D90000860E16A01EB8101914A02EB8100211D1B
:109DA000FFF72AF80127FFF769FE01E04FF0FF37C0
:109DB000012F09D19448006830B192480068C06A08
:109DC000A84201D2FFF74BFE384605B0BDE8F08F40
:109DD00070B50446FFF749FE8A480068844200D106
:109DE000002414B98748006800E020460546281D75
:109DF000FFF72AF8A86A18B105F11800FFF724F850
:109E0000291D7B48FEF7F8FF83480068401C824903
:109E100008607F480068401C7D490860FFF72EFEFF
:109E20007948006810B10CB9FFF719FE70BD70B524
:109E30007A480068002873D179480068401C784946
:109E400008600846006868BB6B480068006808B98D
:109E5000012000E0002018B9E6F7EAF900BFFEE7AC
:109E6000654805686548006863490860634805609F
:109E70006C480068401C6B4908605F4800680068D7
:109E800008B9012000E0002020B14FF0FF30664902
:109E9000086006E058480068C068C46862496068A5
:109EA000086000BF5E4800685F490968884236D391
:109EB00000BF51480068006808B9012000E0002098
:109EC00020B14FF0FF305849086027E04A48006849
:109ED000C068C468656852480068A84202D2524807
:109EE00005601BE0201DFEF7AFFFA06A18B104F16A
:109EF0001800FEF7A9FF4749E06A0968884202D9BD
:109F00004449E06A0860E16A01EB8101344A02EBEE
:109F10008100211DFEF770FFCBE701E000BF04E0E8
:109F200042480068401C4149086070BD70B500257A
:109F30003A48006818B9E6F77BF900BFFEE7FFF77B
:109F400094FD36480068401E3449086008460068A1
:109F5000002878D12A480068002874D0002621E023
:109F60002248C068C46804F11800FEF76DFF201D88
:109F7000FEF76AFF2749E06A0968884202D9254945
:109F8000E06A0860E16A01EB8101154A02EB810099
:109F9000211DFEF731FF1B49E06A0968C96A884242
:109FA00000D301261148006808B9012000E0002014
:109FB0000028D5D01D48006860B106E0FFF737FFE4
:109FC0001A480068401E19490860184800680028AF
:109FD000F4D10126012E2FD01548006801282AE06F
:109FE000B89F01201CA0012030A0012044A0012026
:109FF00058A001206CA00120340500203805002065
:10A0000040050020300500205005002048050020B4
:10A01000640500204C0500203C050020540500206C
:10A020004405002060050020680500205805002038
:10A030005C05002007E005D101250020F9490860F2
:10A04000FFF70DFD00BFFFF719FD284670BD10B5E5
:10A050000446F54800684460F4480068844207D22A
:10A06000F1480168091DF2480068FEF7D3FE0CE0D4
:10A07000ED480168091DEF480068FEF7CBFEEE4889
:10A080000068844201D2EC48046010BDEB480068CF
:10A09000401CEA49086070472DE9F04104460E462D
:10A0A0004FF000081CB9E6F7C3F800BFFEE70EB199
:10A0B000012000E0002018B9E6F7BAF800BFFEE77B
:10A0C000FFF7E4FF20688519D849206809688842AD
:10A0D00009D92068A8420FD9D448006885420BD915
:10A0E0004FF0010808E02068A84203D8CF48006874
:10A0F000854201D94FF001082560B8F1000F07D063
:10A10000C9480068001DFEF79FFE2846FFF79FFF25
:10A11000FFF70CFF07460FB9FFF7A1FCBDE8F08180
:10A1200070B5044600267CB1FFF7B0FFBF48006859
:10A130000519BD480068001DFEF786FE2846FFF79A
:10A1400086FFFFF7F3FE06460EB9FFF788FC70BDE9
:10A1500070B50446FFF789FC14B9B348006800E005
:10A1600020460646F56AFFF789FC284670BD2DE9B2
:10A17000F04706460D464FF00009052D01D201209B
:10A1800000E0002018B9E6F753F800BFFEE7052D00
:10A1900000D30425FFF769FCA3480068864200D17C
:10A1A000002616B9A048006800E030460446A76CB7
:10A1B000AF4234D0BD4203D92EB14FF0010902E0C5
:10A1C0000EB94FF00109D4F82C80E16AA06C8842E6
:10A1D00000D1E562A564C5F10500A06107EB870128
:10A1E000974A02EB81016069884213D1201DFEF776
:10A1F0002BFE9449E06A0968884202D99149E06AD5
:10A200000860E16A01EB81018D4A02EB8100211DAA
:10A21000FEF7F2FDB9F1010F01D1FFF720FCFFF7C6
:10A220002DFCBDE8F08710B58448006818B1012006
:10A230007C4908602CE00BE08248006818B9E5F71B
:10A24000F7FF00BFFEE77F480068401E7D490860B9
:10A250007C48006800EB8000794951F82000002814
:10A26000EAD07849096801EB8101754A02EB810067
:10A2700041684968416000F1080142688A4202D1A0
:10A280004168496841604168C968674A116000BF18
:10A2900010BD70B50446FFF7E8FB634800688442D0
:10A2A00000D1002414B96048006800E0204605464B
:10A2B000281DFEF7C9FDA86A18B105F11800FEF7C0
:10A2C000C3FD291D6048FEF797FDFFF7D7FB8CB94A
:10A2D0005E48006810B1FFF7C2FB0BE05A48006807
:10A2E0005B490968884203D100204F49086001E0BA
:10A2F000FFF799FF70BD70B5054600262C461DB9C5
:10A30000E5F796FF00BFFEE74F496069884201D13B
:10A31000012000E0002080B14E49A06A884201D1AE
:10A32000012000E00020012807D0A06A08B9012020
:10A3300000E00020012800D10126304670BD70B534
:10A3400005461DB9E5F774FF00BFFEE72C4644B390
:10A3500035480068844224D0FFF787FB2046FFF78A
:10A36000CAFF01281BD1201DFEF76EFD3549E06AAA
:10A370000968884202D93349E06A0860E16A01EB62
:10A3800081012F4A02EB8100211DFEF735FD264990
:10A39000E06A0968C96A884201D3FFF760FBFFF7EA
:10A3A0006DFB70BD2DE9F041054600261DB9E5F7AE
:10A3B0003FFF00BFFEE72C46E5F73AFF0746204681
:10A3C000FFF799FF012826D11C480068F0B916490B
:10A3D000E06A0968C96A884201D3012000E00020D0
:10A3E0000646201DFEF730FD1649E06A09688842DE
:10A3F00002D91449E06A0860E16A01EB8101104A60
:10A4000002EB8100211DFEF7F7FC04E004F11801C6
:10A410001048FEF7F1FC3846E5F711FF3046BDE87D
:10A42000F08100005C05002030050020440500207C
:10A430003805002034050020680500205405002060
:10A44000B89F01204C0500206CA001205005002081
:10A450004005002044A0012010B50446206BFFF702
:10A4600092FB2046FFF78FFB10BD70B523E0FFF78E
:10A470000DFEFD48006808B9012000E000200546F7
:10A48000FFF754FDBDB9FFF7F0FAF748C068C4689C
:10A49000201DFEF7D9FCF5480068401EF34908600E
:10A4A000F3480068401EF2490860FFF7E7FA2046CB
:10A4B000FFF7D2FF00BFEE4800680028D7D170BD7B
:10A4C00000BFFFF7D2FFEB4800680128F9D9FFF77A
:10A4D000C6FAF6E71FB500200090019002900346EF
:10A4E0004FF48072E4A10390E548FFF7DAFB0446DD
:10A4F000012C02D1FFF70FFA0446012C09D1E5F730
:10A5000097FE0120DF4908600020DF490860FFF75F
:10A5100088FA1CB9E5F78CFE00BFFEE71FBD10B539
:10A52000E5F786FE0020D7490860FFF797FA10BDCF
:10A5300010B5FFF79AFAD4480468FFF79FFA20464F
:10A5400010BD70B5E5F774FE0546CF48046828468F
:10A55000E5F775FE204670BDC448006870470146A7
:10A56000002002E0491C421C90B20A78A52AF9D0CA
:10A57000800870472DE9FE4381460C46164620466A
:10A5800041684968416000F1080142688A4202D18D
:10A590004168496841604168CF6800BF2046416812
:10A5A0004968416000F1080142688A4202D141686D
:10A5B000496841604168CD68286BFFF7D0FF80464D
:10A5C000286CE96A334605F13402CDE9001802909F
:10A5D000AEA1B34800F03AFDB149484600F0F4F9A5
:10A5E000BD42DBD1BDE8FE8370B50546FFF74EFDE9
:10A5F00000202870ABA1284600F0E6F9AA480068C0
:10A60000441C00BF641E04EB84009A4951F82000EA
:10A6100008B9012000E0002040B904EB8400954A0D
:10A6200002EB800152222846FFF7A4FF002CE9D15B
:10A630009E480068006808B9012000E0002028B9A1
:10A6400042229A4801682846FFF794FF984800681C
:10A65000006808B9012000E0002028B9422294488F
:10A6600001682846FFF786FF7F48006808B9012087
:10A6700000E0002020B944227B492846FFF77AFFFA
:10A680008C48006808B9012000E0002020B953225E
:10A6900088492846FFF76EFFFFF748FC70BD70B58C
:10A6A00005460C461DB9E5F7C3FD00BFFEE782482D
:10A6B000016818312846FEF7ADFB7F480068001D91
:10A6C000FEF7C2FB601C30B97B480168091D794860
:10A6D000FEF792FB05E06C48006806193046FFF76C
:10A6E000B6FC70BD70B504460D461CB9E5F7A0FD7B
:10A6F00000BFFEE77048016818312046FEF77CFB7A
:10A700006D480068001DFEF79FFB5F480068461912
:10A710003046FFF79CFC70BD70B50646F068C46813
:10A720001CB9E5F785FD00BFFEE704F11800FEF750
:10A730008BFB62480068A0B9201DFEF785FB6049CD
:10A74000E06A0968884202D95D49E06A0860E16A06
:10A7500001EB8101474A02EB8100211DFEF74CFB12
:10A7600004E004F118015748FEF746FB5249E06A3D
:10A770000968C96A884201D3012500E000252846FE
:10A7800070BD10B504461CB9E5F752FD00BFFEE7E9
:10A790004D48006820603C480068606010BD70B59E
:10A7A00004460D461CB9E5F743FD00BFFEE71DB9A1
:10A7B000E5F73EFD00BFFEE7FFF757F92868401CAC
:10A7C00008B900261FE0404920680968884206D081
:10A7D0002D4960680968884201D8012613E02A499A
:10A7E00060680968081A296888420BD22868264AD6
:10A7F00061681268511A401A28602046FFF7C1FFAD
:10A80000002600E00126FFF739F9304670BD01202F
:10A810002E4908607047014611B10A46506C00E0AD
:10A820000020704708B10246516470472249086809
:10A8300070471449096809B9002005E01F490968F3
:10A8400009B9012000E00220704770B505462C468A
:10A850004DB11949E06A0968C96A884265D216484B
:10A860000068C06A34E060E058A001204005002084
:10A870003C050020B89F012049444C4500000000E1
:10A88000C1A40108500500204405002025730909D2
:10A8900025630925750925750925750D0A00000030
:10A8A00080A001200D0A000048050020340500208A
:10A8B000380500206CA00120300500205405002040
:10A8C0004C05002044A00120600500205C0500200C
:10A8D000C0F10500A061E16A01EB8101254A02EBAC
:10A8E00081016069884201D1012000E00020C0B1EF
:10A8F000201DFEF7A9FA20480068C06AE0621F49DF
:10A90000E06A0968884202D91C49E06A0860E16A85
:10A9100001EB8101174A02EB8100211DFEF76CFA61
:10A9200003E015480068C06AE06270BD70B5054676
:10A930002C46EDB1A16CE06A884219D0201DFEF7CB
:10A9400083FAA06CE062E06AC0F10500A0610B49E7
:10A95000E06A0968884202D90849E06A0860E16A49
:10A9600001EB8101034A02EB8100211DFEF744FA4D
:10A9700070BD0000B89F0120300500204C0500206C
:10A9800040EA01039B0703D009E008C9121F08C071
:10A99000042AFAD203E011F8013B00F8013B521EF1
:10A9A000F9D27047D2B201E000F8012B491EFBD268
:10A9B00070470022F6E710B513460A4604461946CA
:10A9C000FFF7F0FF204610BD421E12F8013F002B9A
:10A9D000FBD111F8013B02F8013B002BF9D1704784
:10A9E00010B5044604E00B7800F8013B03B1491CA4
:10A9F000521EF8D2204610BD421C10F8011B00293F
:10AA0000FBD1801A704710B5002200E0521C835C15
:10AA10008C5CA34201D1002BF8D1D8B2E1B2401A2C
:10AA200010BD2DE9FE4F804681EA0300C00F0C46A1
:10AA3000009021F0004123F00045B8EB0200A9414D
:10AA400005D24046214690461C460B46024623F05E
:10AA50000040104347D0270DC7F30A00C3F30A5143
:10AA60000290401A019040286BDAC3F3130040F4BF
:10AA7000801B0098924620B10023D2EB030A63EBBF
:10AA80000B0B01985946C0F14002504600F0C2F944
:10AA900006460D4650465946019A00F0CAF910EB99
:10AAA00008006141002487EA115284EAE7731A43DF
:10AAB00040D0009A62B3019A012A4FEA075215DC8E
:10AAC000001B61EB02014FF0004202EA0752CDE9A0
:10AAD0000042001C41F5801132462B4600F001FA7D
:10AAE00003B0BDE8F08F40462146F9E7001B61EB5B
:10AAF0000201001C41F5801300185B412018A2F5EB
:10AB0000001747EB030140EAD570B6196D4111E01B
:10AB10006D084FEA360645EAC0754FEA0752001B3A
:10AB200061EB0201001C41F5801149084FEA300039
:10AB30000019514132462B4603B0BDE8F04F00F0FA
:10AB4000C1B90098012240000023D0EB020263EB60
:10AB5000E073009821464FEAE074B8EB000061EB27
:10AB60000401E9E783F000435BE781F0004158E727
:10AB70002DE9FE4F81EA030404F0004421F0004176
:10AB800000944FF0000B23F0004350EA01045ED024
:10AB900052EA03045BD0C3F30A54C1F30A552C44B0
:10ABA000A4F2F3340194A0FB0254C1F3130141F465
:10ABB0008011C3F3130343F4801301FB024400FB31
:10ABC000034E840A970A44EA815447EA8357A4FB58
:10ABD000076802958D0A05FB07854FEA932C04FB55
:10ABE0000C542705029D4FEA065847EA1637B5EB85
:10ABF00008056EEB070C870E920E47EA811742EAB2
:10AC00008312A7FB0201B6EB0B0164EB00042B0DD2
:10AC100043EA0C335E1844EB1C50DA465146E7FB1E
:10AC20000201C5F313044FEA0B3343EA14534FEA0E
:10AC30000432019C43EA0603A4F10C040294009C34
:10AC4000CDE900B400F04DF903B0BDE8F08F00206D
:10AC50000146F9E72DE9F04D81EA030404F0004BC9
:10AC600021F0004514464FF0000A23F0004150EA5D
:10AC7000050220D054EA01021DD0C5F30A5702464E
:10AC8000C5F31303C1F31300C1F30A5640F4801552
:10AC900043F48013A7EB0608101BD64608F2FD38D4
:10ACA00073EB050002D308F1010801E092185B4143
:10ACB000B8F1000F03DA00200146BDE8F08D002056
:10ACC0004FF48011064684460EE0171B73EB050710
:10ACD00005D3121B63EB050306434CEA010C49083C
:10ACE0004FEA300092185B4150EA0107EDD152EA79
:10ACF000030012D082EA040083EA0501084305D06C
:10AD0000101BAB4106D20122002306E000224FF0C7
:10AD1000004302E06FF0010253101AEB06004CEB07
:10AD2000085110EB0A0041EB0B01BDE8F04D00F0BB
:10AD3000C9B80EB5C10F80EAE0700844CA07002107
:10AD400040F233438DE80E000A460B4600F0C9F886
:10AD500003B000BD00F0004230F000400AD0C10D49
:10AD600001F56071C0F3160042EA0151C2084007C4
:10AD70001143704700200146704701F0004330B492
:10AD800021F0004150EA010206D00A0DA2F56072DE
:10AD9000C1F31301002A02DC30BC00207047440FCD
:10ADA00044EAC104C100E01830BC00EBC25000F01E
:10ADB00052B82DE9F05F0546002092469B46884632
:10ADC0000646814640241BE0284641464746224627
:10ADD00000F0E8F853465A46C01A914110D3114684
:10ADE0001846224600F016F82D1A67EB01084F4668
:10ADF00022460120002100F00DF817EB00094E411A
:10AE0000201EA4F10104DFDC484631462A464346B1
:10AE1000BDE8F09F202A04DB203A00FA02F100206E
:10AE200070479140C2F1200320FA03F31943904088
:10AE30007047202A06DBCB17203A41FA02F043EA9A
:10AE4000E07306E041FA02F3D040C2F120029140E3
:10AE50000843194670470029A8BF7047401C4900A5
:10AE600008BF20F00100704710B4B0FA80FC00FA6F
:10AE70000CF050EA010404BF10BC704749B1CCF19A
:10AE8000200421FA04F411FA0CF118BF0121214326
:10AE90000843A3EB0C01CB1D4FEA00614FEA1020E1
:10AEA00042BF002010BC704700EBC3501044002983
:10AEB000A4BF10BC7047401C490008BF20F001002F
:10AEC00010BC704710B5141E73F1000408DA401C62
:10AED00041F1000192185B411A4301D120F00100B9
:10AEE00010BD2DE9F04D92469B4611B1B1FA81F2A9
:10AEF00002E0B0FA80F220329046FFF78BFF044662
:10AF00000F4640EA0A0041EA0B0153465A460843FD
:10AF100013D0114653EA010019D0C8F1400250463F
:10AF200000F040F805460E46504659464246FFF7A7
:10AF300071FF084305D0012004E020463946BDE8F2
:10AF4000F08D0020054346EAE0762C4337430A980B
:10AF50006305E40AA0EB08000022FD0A44EA475416
:10AF60000A3002D500200146E9E7010510196941C0
:10AF7000DDE9084500196941BDE8F04DA2E7000090
:10AF8000064C074D06E0E06840F0010394E8070036
:10AF900098471034AC42F6D3E5F7FAF8C8B901087F
:10AFA000E8B90108202A04DB203A21FA02F0002146
:10AFB000704721FA02F3D040C2F1200291400843C9
:10AFC0001946704770B58C1810F8015B15F007032F
:10AFD00001D110F8013B2A1106D110F8012B03E032
:10AFE00010F8016B01F8016B5B1EF9D12B0705D43A
:10AFF0000023521E0DD401F8013BFAE710F8013B83
:10B00000CB1A921C03E013F8015B01F8015B521E9E
:10B01000F9D5A142D8D3002070BD00000FB41CB5F3
:10B020000246002007AC00290BD0491ECDE90021C3
:10B03000054B6A462146069800F074FA009A0021F2
:10B0400011701CBC5DF814FB87B901080FB4084BE4
:10B0500010B504A902AA039800F064FA044602A9F4
:10B06000002000F09BFC204610BC5DF814FB0000A3
:10B070009DB901084100080218BF04200A0E18BF3C
:10B0800040F001004FF07F4232EA010108BF40F07A
:10B090000200012808BF05207047000010EE101ABA
:10B0A00008B5444A6846B2EB410F28D94FF0E64054
:10B0B000B0EB410F94BF00204FF0FF30009000989C
:10B0C000002861DB60EE000A10F0010F45D010F09F
:10B0D000020FDFED391A9FED391A00EEE11ADFEDAC
:10B0E000381A40EE811A21EEA01AF0EE400A40EE26
:10B0F000010A08BFF1EE600AB0EE600A08BD314BEC
:10B1000021F0004293423CD911F0004FDFED2E0AAE
:10B1100020EE201ADFED2D0A19BF31EE601A71EE14
:10B12000200A31EE201A71EE600ABDEEE01A11EE2F
:10B13000100A9FED271A00F0030000EEC10A9FEDF0
:10B14000251A009000EEC10A9FED231A00EEC10AF5
:10B150009FED221A00EEC10AB1E79FED211A9FED83
:10B16000210A10F0020F00EE810A9FED1F1A00EE77
:10B17000801AB7EE000A00EE810A18BFB1EE400A4D
:10B1800008BD00F00FF99AE710EE100A4000B0F188
:10B190007F4F3CBFB7EE000A08BD07D14FF001005A
:10B1A00000F0BAF9BDE8084000F0ECB8BDE808408E
:10B1B00000F0E4B8B61F927E336D4C39DA82083C59
:10B1C000A0AA2ABE490E494683F9223F0000004B3F
:10B1D0000000C93F00A0FD390020A2331A61342CC1
:10B1E000B93AB2BACA9F2A3DDDFFFFBE00B510EEE4
:10B1F000101A2DED028B81B0524A6846B2EB410F16
:10B200002ED94FF0E640B0EB410F94BF00204FF035
:10B21000FF3000900098B0EE408A00286ADB10F002
:10B22000010F4BD068EE080A9FED471A9FED470AC1
:10B2300000EE810A9FED461A10F0020F00EE801A10
:10B24000B7EE000A00EE810A02BF01B0BDEC028B2E
:10B2500000BD00BF01B0B1EE400ABDEC028B00BDE5
:10B260003C4B21F00042934241D911F0004FDFEDF9
:10B270003A0A20EE201ADFED390A19BF31EE601AC2
:10B2800071EE200A31EE201A71EE600ABDEEE01A6E
:10B2900011EE100A9FED321A00F0030000EEC10A11
:10B2A0009FED301A009000EEC10A9FED2F1A00EEBC
:10B2B000C10A9FED2E1A00EEC10AABE728EE080A7C
:10B2C0009FED2B1ADFED2B0A10F0020F40EE410A22
:10B2D0009FED291A00EE201A61EE000AB0EE480A2E
:10B2E00008EE200AB6D101B0BDEC028B00BD00F023
:10B2F00059F88FE718EE100A4000B0F17F4F0DD2D9
:10B3000018EE100AFFF7B6FE042808BF00F042F856
:10B31000B0EE480A01B0BDEC028B00BD09D101209E
:10B3200000F0FAF801B0BDEC028B5DF804EB00F020
:10B3300029B801B0B0EE480ABDEC028B5DF804EB11
:10B3400000F01CB8B61F927EB93AB2BACA9F2A3D25
:10B35000DDFFFFBE490E494683F9223F0000004B46
:10B360000000C93F00A0FD390020A2331A61342C2F
:10B37000336D4C39DA82083CA0AA2ABE30EE000AAE
:10B3800070470000DFED020A80EEA00A704700005F
:10B39000000000009FED020A20EE000A7047000046
:10B3A000000000102DE9F0014FF07F42B2EB410F99
:10B3B0009FBF4FF0FF310160BDE8F00170474FF0D3
:10B3C000004242EA0123C1F3C752783A551112F004
:10B3D0001F0C434CCCF120067C44C1F3C752A2F1B0
:10B3E00078024FEA621204EB820254F8254008BF4B
:10B3F000D2E9015612D0556804FA0CF425FA06F782
:10B400003C43976805FA0CF527FA06F8D26807FA64
:10B410000CFCF24045EA08054CEA0206A4FB034C8A
:10B42000A5FB0352A6FB03631D449D4234BF0126C6
:10B4300000261319334416B1934202D903E0934214
:10B4400001D2012200E00022624402F1200C9206A7
:10B45000DC0C42EA443200EE102A5B03DFED210AE5
:10B46000F8EEC01A00EE103A4FEA9C1C11F0004FA3
:10B47000B8EE400AC0F800C020EE201A00EE105AC4
:10B48000DFED190AB8EE400A20EE200A71EE810ABB
:10B4900070EE800A10EE902A02F500626FF30B0244
:10B4A00000EE902A70EEE11A31EEC11ADFED101AAB
:10B4B00030EE411A9FED0D0A20EE800A01EE210ABE
:10B4C0009FED0C1A00EE810A04BFBDE8F001704741
:10B4D000CCF180510160BDE8F001B1EE400A704747
:10B4E000CC050000000000360000802C22AAFD29B7
:10B4F000DB0FC92F0000C92F02E008C8121F08C1C6
:10B50000002AFAD170477047002001E001C1121FE4
:10B51000002AFBD170470000014908607047000015
:10B520006C0500202DE9FF4F8DB00F460546002623
:10B5300006E025280BD0DDE90F1290476D1C761C24
:10B5400028780028F5D111B03046BDE8F08F0024EE
:10B55000A246A1460122EC4900E0044315F8013F50
:10B56000203B02FA03F00842F7D128782A2810D0AD
:10B570006FF02F022878A0F13001092914D80AEBC6
:10B580008A0102EB410144F0020400EB010A6D1C48
:10B59000F0E701CF5FEA000A03D544F40054CAF192
:10B5A000000A44F002046D1C28782E2817D115F8E3
:10B5B000010F44F004042A280ED06FF02F022878DF
:10B5C000A0F1300109290AD809EB890102EB4101F8
:10B5D00000EB01096D1CF2E757F8049B6D1C2878FD
:10B5E0006C280FD006DC4C2817D068280DD06A28AC
:10B5F00014D104E0742810D07A280FD10DE044F45F
:10B6000000140AE044F4801401E044F44014697822
:10B61000814202D104F580146D1C6D1C2A786E2ABB
:10B620001FD00CDC632A31D004DC002A8BD0582ACE
:10B6300011D1A3E0642A68D0692A0CD165E0732A8D
:10B640002ED004DC6F2A73D0702A04D19BE0752AB7
:10B650006FD0782A6ED01046DDE90F129047761C25
:10B6600050E1C4F30250022806D0032809D0042870
:10B6700001CF09D0066045E101CFF117C0E90061B3
:10B6800040E101CF06803DE106703BE117F8040B75
:10B690008DF8000000208DF80100EB46012003E04A
:10B6A00057F804BB4FF0FF3061074FF0000102D4A0
:10B6B0000DE008F10101884649450FDA8045F8DBC5
:10B6C0001BF808100029F4D108E008F101018846B0
:10B6D0008142FADB1BF808100029F6D1DDE90F23BF
:10B6E000AAEB08008146214600F036F9304400EB11
:10B6F000080604E0DDE90F121BF8010B9047B8F1D2
:10B700000108F7D221464846F7E00A21C4F3025364
:10B710004FF0000B0891022B04D001CFC117032B6F
:10B7200009D00AE0FF1D27F00707F7E8020108E04B
:10B7300032E01FE020E000B2C117042B01D140B27B
:10B74000C117031E71F1000307DA4FF0000CD0EBB4
:10B750000C006CEB01012D2302E0230504D52B2303
:10B760008DF82430012303E0E30701D02023F7E71D
:10B77000984658E00A2110E010210EE010204FF00A
:10B78000000B08900CE010214FF0000B44F0040473
:10B790004FF00809089103E008214FF0000B0891D1
:10B7A000C4F30253022B04D001CF0021032B06D097
:10B7B00006E0FF1D27F00707F7E8020103E080B26B
:10B7C000042B00D1C0B24FF0000823072BD5702AFC
:10B7D00007D0DDF820C08CF0100C5CEA0B0C05D013
:10B7E0000EE040238DF82430012308E050EA0103E5
:10B7F00006D030238DF824308DF82520022398467A
:10B80000DDF820C08CF0080C5CEA0B0C0BD150EA80
:10B81000010301D1630706D530238DF824304FF0A2
:10B820000108A9F10109582A04D038A20B9208AAEC
:10B830000A920BE03AA2F9E75B46089AFFF7B9FAD9
:10B840000B9B9B5C0A9A521E0A92137050EA0102EB
:10B85000F2D10A98ADEB000000F1200B600702D591
:10B8600024F4803401E04FF00109D94502DDA9EB51
:10B870000B0000E0002000EB0B0141440890AAEB14
:10B88000010AE00306D4DDE90F232146504600F00B
:10B8900063F806444FF0000908E009A911F809000F
:10B8A000DDE90F12904709F10109761CC145F4DB6F
:10B8B000E0030CD5DDE90F232146504600F04CF89B
:10B8C000064404E0DDE90F1230209047761C089909
:10B8D000481E08900029F5DC08E00A980A990078CB
:10B8E000491C0A91DDE90F129047761CBBF100015B
:10B8F000ABF1010BF1DC21465046DDE90F2300F0EE
:10B9000019F806446D1C1BE609280100303132335A
:10B91000343536373839616263646566000000008B
:10B920003031323334353637383941424344454675
:10B93000000000002DE9F041044600251E46174690
:10B94000880404D405E039462020B0476D1C641EED
:10B95000F9D52846BDE8F0812DE9F04104460025DF
:10B960001E469046C80301D5302700E020278804F2
:10B9700004D505E041463846B0476D1C641EF9D534
:10B980002846BDE8F0814A68002A06D00A68531CA0
:10B990000B6010704868401E486070470A68531C6E
:10B9A0000B60107070470000000000006E83F9A269
:10B9B0002915444ED15727FCC0DD34F5999562DB3B
:10B9C0004190433CAB6351FEE8B901080000002000
:10B9D00070050000C4AF010870BB010870050020AD
:10B9E000389F010008B50108411BFF01041A020439
:10B9F0001A03041A04041A05041A06041A07041A7E
:10BA000008041A09041A0A041A0B041A0C041A0D61
:10BA1000041A0E041A0F041A10041A11041A12043C
:10BA20001A130422141A8448C1195F01D91AFCECB4
:10BA30001A2CE11A200823F8021A5E0C1A12085A6E
:10BA4000B8F51A94081A5810811AF91069041ABA2C
:10BA5000181A62041AA40C5A9A281A5F0429081AA0
:10BA600096105A5A0C1A970C1A9D041A950432997A
:10BA700032E032971ABD10290429281A34081A0511
:10BA80000429381AAC041A8F041A31041A72041AE1
:10BA9000BE041ADA041A32041A06041A93041A6B42
:10BAA000041AE1041AC304293C2928296C32A0296C
:10BAB0009429BF1ADA081ACB041AD60D1A1C081AD0
:10BAC000B3081A0E041A180429B429E80124294CD1
:10BAD000015462FE223F1A8004111A400819041A08
:10BAE000A0041AC0041B20410C19041AF0042334CA
:10BAF000421A700434F0426452C83AA01029C314A8
:10BB0000A08601051C35FA8E3C4B30750409161CC5
:10BB100081023B1123420172691A1C991A2C10816F
:10BB2000299D320A89C0A12927692B2AEE2029D50F
:10BB3000D90C32FA5AC60C3262630703325F5A02DA
:10BB40000C013429901A907D1A3E44039314058405
:10BB50007A030A680901020304060708090CA91000
:10BB6000C11AAA010111023E281AFF01410000007A
:040000050800018965
:00000001FF
