:020000040800F2
:1000000058340020615800084502000847020008E3
:100010004B0200084F0200085302000800000000D5
:100020000000000000000000000000009D0100082A
:100030005702000800000000E10100087B8800086A
:100040007B5800087B5800087B5800087B58000844
:100050007B5800087B5800087B5800087B58000834
:10006000A9040008ED0400087B58000819030008E3
:10007000FB0200085B0300087B58000875020008BB
:100080007B580008810200087B5800087B58000854
:100090007B5800087B5800087B5800087B580008F4
:1000A0007B580008C5030008F10300087B580008CE
:1000B000F3030008210400084D0400087B580008E1
:1000C0007B5800087B5800087B580008A5040008EE
:1000D0007B5800085D0200087B5800087B58000828
:1000E0007B5800087B5800087B5800087B580008A4
:1000F0007B5800087B5800087B580008370300082D
:100100007B5800087B58000879040008A704000801
:100110007B5800087B58000897030008A3030008D9
:100120007B5800089B020008CD0200087B5800089D
:100130007B5800087B5800087B5800087B58000853
:100140007B5800087B5800087B5800087B58000843
:10015000ED0200087B5800087B5800087B58000817
:100160007B5800087B5800087B5800087B58000823
:100170007B5800087B5800087B5800087B58000813
:100180007B5800087B580008DFF80CD009F082FE8D
:10019000004800478955000858340020234B19684F
:1001A0000868B0E8F04F80F309884FF0000080F352
:1001B000118870470000000003480068006880F361
:1001C000088862B600DF00BF08ED00E0DFF80C0031
:1001D000016841F470010160704700BF88ED00E0E4
:1001E000EFF30980114B1A681EF0100F08BF20EDC5
:1001F000108A20E9F04F106008B54FF0140080F32A
:10020000118808F002FF4FF0000080F31188BDE86C
:10021000084019680868B0E8F04F1EF0100F08BFDA
:10022000B0EC108A80F30988704700BFA803002053
:10023000EFF311804FF0140181F31188704780F3C0
:1002400011887047704700BFFEE700BFFEE700BFA0
:10025000FEE700BFFEE770477047704710B540F2F9
:100260002551A34807F01DFC18B12021A04807F034
:100270000FFC10BD10B59F499F4806F047FB10BD0D
:1002800010B59E499C48303006F016FB20B19B49C2
:100290009948303006F03AFB10BD10B5984999489E
:1002A00006F00AFB88B19649964806F02FFB01F04C
:1002B0003EFE0021934806F055FA0421914806F0CD
:1002C00072FA01218F4806F04DFA10BD10B58E4923
:1002D0008C48183006F01AFB8C4840788B49097816
:1002E00040EA012000B28A49088010BD10B5894952
:1002F0008448603006F00AFB10BD10B580497E4886
:10030000483806F0D9FA30B17D497B48483806F0C4
:10031000FDFA00F0B9FA10BD10B57F497648603893
:1003200006F0CAFA30B17C497348603806F0EEFA3C
:1003300001F0FDFD10BD10B578496F48483006F05A
:10034000BBFA48B100216C48483006F00BFA7349FB
:100350006948483006F0DAFA10BD10B56A496648B7
:10036000303806F0A9FAA8B167496348303806F07A
:10037000CDFA01F011FC00215F48303806F0F2F9A7
:1003800006215D48303806F00EFA01215A4830380F
:1003900006F0E8F910BD10B50121614807F0DEF85C
:1003A00010BD10B501215F4807F0D8F87A205049F8
:1003B000888001215C4807F083FA01215B4807F03F
:1003C0007FFA10BD10B50121594807F0C7F8584809
:1003D000008800F0100028B156480068401E5549BA
:1003E000086004E053480068401C5249086010BD92
:1003F000704710B50121880707F0B0F84FF0804032
:10040000008800F0100028B14B480068401E4A499F
:10041000086004E048480068401C4749086010BD77
:1004200010B50121454807F099F84448008800F0CC
:10043000100028B142480068401E4149086004E0AD
:100440003F480068401C3E49086010BD10B50121BE
:100450003C4807F083F83B48008800F0100028B1C2
:1004600039480068401E3849086004E03648006892
:10047000401C3549086010BD10B50121334807F014
:100480006DF83248008800F0100028B1304800684C
:10049000401E2F49086004E02D480068401C2C498C
:1004A000086010BD7047704710B5042006F0C6FA0A
:1004B000D8B12021274805F04AFB0421264805F041
:1004C00021FB012804D10021164806F0C7FB09E0F2
:1004D0000421214805F016FB20B9124806F0C2FBA2
:1004E0001E49086004201E49086010BD70470000C6
:1004F0000010014020800020706002400080202019
:10050000008800102864024000802010C4050020EC
:100510008400002000880020208000100080002837
:10052000001000400014004000480040001401404A
:10053000000001406400002068000020000400402A
:100540006C0000200008004080000020000C0040EB
:100550007000002000000240000C024060000020FB
:10056000143C014070B50446204609F037F90546B1
:100570002146F74809F039F9A0B195222146F448FF
:1005800009F020F90021F34806F0ECF8F048F149B1
:100590000C310860EF48B838C0F8BC500121ED4874
:1005A00006F0E0F870BD70B50446002510E0605D0F
:1005B00068B1615DE84807F0AEF900BF8021E64808
:1005C00007F059FA0028F9D0681CC5B200E070BDE8
:1005D000EDE770B5044600250FE05CB12146DE482A
:1005E00007F099F900BF8021DB4807F044FA0028A2
:1005F000F9D000E070BD681CC5B2032DEDDB00BF73
:10060000F8E713B50C460020FFF7E3FFD3A0FFF790
:10061000CAFF2346D2A29621D24809F0A7FCD148AE
:10062000FFF7C1FFD0A0FFF7BEFFCDA29621CD48B6
:10063000009B09F09BFCCB48FFF7B5FFCCA0FFF770
:10064000B2FFFF20FFF7C5FFFF20FFF7C2FFFF202B
:10065000FFF7BFFF1CBD70B505460C46BFA0FFF7F6
:10066000A2FF2246BEA1BF4809F098FCBD48FFF793
:100670009AFFBDA0FFF797FF2846FFF794FFBCA0A5
:10068000FFF791FFFF20FFF7A4FF70BD77B585B09E
:100690000546FF26B4A103C9CDE90301B4A0006853
:1006A0000290AEA00068019000240AE00020B14949
:1006B0000855B1490855AB490855A5490855601C6E
:1006C000C4B21E2CF2DB0A20A6490870FF20487035
:1006D0008870C870A2A1A848079A09F05FFCA649D3
:1006E00001A809F063F801A99E4809F05FF803A981
:1006F0009C4809F05BF829469A4809F057F898A1F8
:100700009D48069A09F04AFC9B49964809F04EF824
:1007100002A9944809F04AF8FF20964908704870E9
:100720008870904809F042F88E48FFF71BFF08B028
:1007300070BDF7B584B005460E46FF278AA103C9F0
:10074000CDE902018AA00068019084A000680090B1
:10075000002408E000208749085587490855814949
:100760000855601CC4B20A2CF4DB0A207D490870CD
:10077000FF2048708870C87079A17F48069A09F0F8
:100780000DFC7D49684609F011F86946754809F085
:100790000DF802A9734809F009F82946714809F0D3
:1007A00005F831466F4809F001F801A96D4808F0D5
:1007B000FDFFFF206F490870487088700020C870E6
:1007C0000871684808F0F2FF6648FFF7CBFE07B0F3
:1007D000F0BD01B58EB069A2322101A80E9B09F0CF
:1007E000C5FB01A8FFF7BEFE0FB000BD73B584B016
:1007F0000546FF265CA103C9CDE902015CA00068A3
:10080000019056A00068009000240AE00020594999
:10081000085559490855534908554D490855601C14
:10082000C4B21E2CF2DB0A204E490870FF2048702B
:100830008870C8704AA15048059A09F0AFFB4E492C
:10084000684608F0B3FF6946464808F0AFFF02A9C2
:10085000444808F0ABFF2946424808F0A7FF464944
:10086000404808F0A3FF01A93E4808F09FFFFF2081
:1008700040490870487088703A4808F097FF394836
:10088000FFF770FE06B070BD1CB53F4800783E49CA
:10089000497808443C49897808443B49C978084468
:1008A00039490979084438494979084436498979E8
:1008B00008443549C97908443349097A0844C0B223
:1008C00001903148007A00F00F0000909DF8000080
:1008D0000D2803D000212D4806F0F2FF1CBD2A4848
:1008E000007A00F00F000D2806D12748007800F0AC
:1008F000010008B10D2070470020FCE72248007875
:1009000000F0100008B1012070470020FCE71CB582
:100910001F4806F0A7F91F49096840EA01400C2169
:1009200090FBF1F0009000243CE0194806F09AF9A1
:100930001849096840EA01400C2190FBF1F0019050
:10094000DDE90021881A002826DB014625E00000A9
:100950001E050020B86002400050004074000000F6
:1009600025640000E80300202E7478743D22000006
:1009700022000000CE040020A60400206A302E765B
:10098000616C3D2564000000000600200048004026
:10099000000400406C0000204142052900DA641C7C
:1009A00001980090022CC0DB01981CBD1CB54FF0D3
:1009B000804006F057F9FE49096840EA01400C21E1
:1009C00090FBF1F00090002418E04FF0804006F01A
:1009D00049F9F749096840EA01400C2190FBF1F020
:1009E0000190DDE90021881A002801DB014600E0C2
:1009F0004142052900DA641C01980090022CE4DBD6
:100A000001981CBD1CB5EB4806F02CF9EA490968B1
:100A100040EA01400C2190FBF1F00090002417E027
:100A2000E44806F01FF9E449096840EA01400C2156
:100A300090FBF1F00190DDE90021881A002801DB2C
:100A4000014600E04142052900DA641C019800904B
:100A5000022CE5DB01981CBD1CB5D84806F002F954
:100A6000D749096840EA01400C2190FBF1F0009061
:100A7000002417E0D14806F0F5F8D149096840EAAA
:100A800001400C2190FBF1F00190DDE90021881A72
:100A9000002801DB014600E04142052900DA641C20
:100AA00001980090022CE5DB01981CBD01B581B0D6
:100AB00000200090019800EBC0004000009002E090
:100AC0000098401E009000980028F9D10CBD01B597
:100AD00081B00020009044F250610198484300909A
:100AE00002E00098401E009000980028F9D10CBD4B
:100AF0001CB501211F2005F0E9F94FF6FF700090A9
:100B000001208DF8040000208DF8060001208DF8EA
:100B1000070003208DF805006946AA4804F090FFFD
:100B20004FF6FF70009001208DF8040000208DF832
:100B3000060001208DF8070003208DF805006946A6
:100B4000A14804F07DFF4FF6FF70009001208DF862
:100B5000040000208DF8060001208DF80700032016
:100B60008DF805006946994804F06AFF1CBD1CB564
:100B700001217E2005F0AAF9C020009000208DF808
:100B8000040001208DF8070002208DF80500694659
:100B90008F4804F055FF0620009000208DF80400D7
:100BA00001208DF8070002208DF805006946854870
:100BB00004F046FF0420009000208DF8040001207E
:100BC0008DF8070002208DF8050069467E4804F084
:100BD00037FF1CBD1FB54FF4E06004F053FE362014
:100BE0008DF8000000208DF801008DF80200012032
:100BF0008DF80300684604F04AFE0121102005F03C
:100C000098F93220ADF8040040F2E730029000205D
:100C1000ADF80C00ADF8060001A96E4805F0D5FF4F
:100C200001216C4806F09AFC01221146694806F041
:100C30006DFC0021674806F011F80121654806F0B7
:100C40004DF81FBD1FB54FF4E06004F01BFE3720C8
:100C50008DF8000000208DF801008DF802000120C1
:100C60008DF80300684604F012FE0121202005F0F3
:100C700060F93220ADF8040040F2E7300290002025
:100C8000ADF80C00ADF8060001A9534805F09DFF32
:100C90000121514806F062FC012211464E4806F03F
:100CA00035FC00214C4805F0D9FF01214A4806F0E7
:100CB00015F81FBD00B58BB00121022005F04AF9DF
:100CC00001210C2005F002F9032206213E4804F020
:100CD00042FF032207213C4804F03DFF0322082184
:100CE000394804F038FF03220921374804F033FF64
:100CF0004FF47070069002208DF81C0003208DF8D0
:100D00001D0000208DF81E0001208DF81F0006A98F
:100D10002D4804F095FEA420ADF8200040F6B83030
:100D200009904FF48070ADF828000020ADF8220043
:100D300008A92A4805F049FF6020ADF80400012009
:100D4000ADF8060000200390ADF810000121234803
:100D500005F0C4FF0021214805F080FF01A91F48CC
:100D600005F0C8FF01A91D4805F0FDFF01A91B48BA
:100D700006F046F801A9194806F0A8F8012117481D
:100D800006F09DFB0BB000BD00B58BB00121082023
:100D900005F0CFF80121084605F098F8022200215D
:100DA0000B4804F0D8FE02220121094818E0000097
:100DB000680000200008004080000020000C004077
:100DC000700000200004024000080240000C0240B5
:100DD00000000240001000400014004000040140E8
:100DE00004F0B9FE02221146FE4804F0B4FE0222CD
:100DF0000321FC4804F0AFFE0F20069002208DF87E
:100E00001C0003208DF81D0000208DF81E0001201D
:100E10008DF81F0006A9F34804F012FEBA20ADF8C1
:100E2000200042F2107009900020ADF82800ADF8C3
:100E3000220008A9EC4805F0C8FE6020ADF80400C7
:100E40000120ADF8060000200390ADF8100001214C
:100E5000E54805F043FF0021E34805F0FFFE01A946
:100E6000E14805F047FF01A9DF4805F07CFF01A933
:100E7000DD4805F0C5FF01A9DB4806F027F8012190
:100E8000D94806F01CFB0BB000BD00B58BB00121AA
:100E9000042005F04EF801210D2005F017F802227C
:100EA0000C21D24804F057FE02220D21CF4804F055
:100EB00052FE02220E21CD4804F04DFE02220F21E7
:100EC000CA4804F048FE4FF47040069002208DF8A6
:100ED0001C0003208DF81D0000208DF81E0001204D
:100EE0008DF81F0006A9C14804F0AAFDA420ADF8A2
:100EF000200040F6B83009904FF48070ADF828001B
:100F00000020ADF8220008A9B94805F05EFE602077
:100F1000ADF804000120ADF8060000200390ADF804
:100F200010000121B24805F0D9FE0021B04805F0BB
:100F300095FE01A9AE4805F0DDFE01A9AC4805F01B
:100F400012FF01A9AA4805F05BFF01A9A84805F016
:100F5000BDFF0BB000BD00B589B00121080404F04D
:100F6000F9FF0121084604F0B1FF032211469D4814
:100F700004F0F1FD032202219A4804F0ECFD0C205C
:100F8000019002208DF8080003208DF80900002050
:100F90008DF80A0001208DF80B0001A9914804F09A
:100FA0004FFD0020ADF818004FF6FF7007900020AD
:100FB000ADF82000ADF81A0006A98E4805F005FE30
:100FC0000420ADF80C000020ADF80E00C820ADF8EC
:100FD00014000120ADF8100003A9864806F0CCF9F2
:100FE00000231A460321844806F063FB012182484E
:100FF00006F0B4FA012211467F4806F087FA012173
:101000007C4805F06BFE00217B4805F027FE09B007
:1010100000BD00B589B00121084604F08AFF012116
:10102000022004F086FF0121032004F04FFF01227B
:101030000F216C4804F08FFD012203216F4804F05A
:101040008AFD022204216D4804F085FD022205215B
:101050006A4804F080FD3820019002208DF80800D5
:1010600003208DF8090000208DF80A0001208DF87A
:101070000B0001A9614804F0E3FC4FF4004001902B
:1010800002208DF8080003208DF8090000208DF85B
:101090000A0001208DF80B0001A9524804F0D0FC91
:1010A0000020ADF818004FF6FF7007900020ADF853
:1010B0002000ADF81A0006A94FF0804005F085FD2C
:1010C00006A94F4805F081FD0420ADF80C00022070
:1010D000ADF80E001420ADF814000120ADF810009A
:1010E00003A9800706F048F903A9454806F044F92A
:1010F00002231A460321580706F0DBFA02231A4698
:1011000003213F4806F0D5FA0121880706F026FAA8
:1011100001213B4806F022FA01221146900706F011
:10112000F5F901221146364806F0F0F90121880749
:1011300005F0D4FD0121324805F0D0FD00214FF02B
:10114000804005F08BFD00212D4805F087FD4FF410
:10115000C06004F097FB1D208DF8000003208DF87F
:10116000010000208DF8020001208DF80300684680
:1011700004F08DFB1C208DF8000004208DF8010088
:1011800000208DF8020001208DF80300684604F06D
:101190007EFB09B000BD00B589B00121084604F00E
:1011A000D9FE0121102004F091FE4FF4206001903F
:1011B00002208DF8080003208DF8090000208DF82A
:1011C0000A0001208DF80B0001A90E4804F038FC3C
:1011D000012209210B4804F0BEFC01220B21094821
:1011E00012E0000000000240000C0040000C024031
:1011F000000800400000014000400140000402409F
:10120000000400400010024004F0A5FC0020ADF8EE
:1012100018004FF6FF7007900020ADF82000ADF8E1
:101220001A0006A9FE4805F0D0FC0420ADF80C0019
:101230000020ADF80E000A20ADF814000120ADF832
:10124000100003A9F64806F097F800231A46032178
:10125000F34806F02EFA0121F14806F07FF9012249
:101260001146EF4806F052F90121ED4806F076F9F3
:1012700001221146EA4806F049F90121E84805F043
:101280002DFD0021E64805F0E9FC4FF4C06004F0B4
:10129000F9FA19208DF8000001208DF801000020D6
:1012A0008DF8020001208DF80300684604F0EFFA83
:1012B00009B000BD00B589B00121042004F039FE59
:1012C0000121082004F002FE4FF44050019002205A
:1012D0008DF8080003208DF8090000208DF80A0021
:1012E00001208DF80B0001A9CE4804F0A9FB0020D5
:1012F000ADF818004FF6FF7007900020ADF8200001
:10130000ADF81A0006A9C84805F05FFC02220C21BE
:10131000C44804F020FC02220D21C24804F01BFC4A
:101320000420ADF80C000220ADF80E00C820ADF886
:1013300014000120ADF8100003A9BB4806F01CF80A
:1013400002231A460321B84806F0B3F90121B64832
:1013500006F004F901221146B34806F0D7F801213E
:10136000B14805F0BBFC0021AF4805F077FC002038
:10137000AD49143108800120AB4908804FF4C060AA
:1013800004F080FA1E208DF8000004208DF8010082
:1013900000208DF8020001208DF80300684604F05B
:1013A00076FA09B000BD00B589B00121082004F02B
:1013B000C0FD0121084604F089FD032001900220B0
:1013C0008DF8080003208DF8090000208DF80A0030
:1013D00001208DF80B0001A9944804F031FB002096
:1013E000ADF818004FF6FF7007900020ADF8200010
:1013F000ADF81A0006A98E4805F0E7FB022200218D
:101400008A4804F0A8FB02220121884804F0A3FBCB
:101410000420ADF80C000220ADF80E00C820ADF895
:1014200014000120ADF8100003A9814805F0A4FFC5
:1014300002231A4603217E4806F03BF901217C482D
:1014400006F08CF801221146794806F05FF8012178
:10145000774805F043FC0021754805F0FFFB0020AC
:101460007349143108800120714908804FF4C0602D
:1014700004F008FA32208DF8000004208DF80100F5
:1014800000208DF8020001208DF80300684604F06A
:10149000FEF909B000BD00B59BB00121654804F01C
:1014A00015FD0121080204F055FD0020029062485C
:1014B00003906248049000200590082006900020C8
:1014C00007904FF4806008904000099080000A90D7
:1014D00040110B9040020C9000200D9001200E90C6
:1014E00000200F90109002A9554805F001F9012144
:1014F000534805F037F93C20009003208DF8040094
:1015000000208DF807006946484804F099FA3C200D
:10151000009003208DF8040000208DF80700694634
:10152000484804F08DFA0020119012901390149006
:1015300011A804F043FE4FF08070159001208DF843
:1015400058008DF859000020179018901990082025
:101550008DF8680015A938484C3804F000FE0023C7
:101560000122022134484C3804F07FFE002302227D
:10157000032131484C3804F078FE00230322042173
:101580002D484C3804F071FE0023042205212A481E
:101590004C3804F06AFE002305220C2126484C3802
:1015A00004F063FE002306220D2123484C3804F08A
:1015B0005CFE002307220E211F484C3804F055FE24
:1015C000002308220F211C484C3804F04EFE012154
:1015D00019484C3804F0F4FE012117484C3804F047
:1015E000E4FE012114484C3804F0FFFD12484C3849
:1015F00004F097FE1BB000BD08B54FF4E06004F0A6
:1016000041F925208DF8000000208DF801008DF8AB
:10161000020001208DF80300684604F038F908BD87
:1016200000000140000C02400008004000000240A1
:10163000000C0040050040004C200140B405002093
:10164000106402400008024010B596B00446012123
:10165000102004F07FFC0121084604F037FC012132
:10166000880504F033FC4FF4C060009002208DF830
:10167000040000208DF806008DF8070002208DF888
:1016800005006946FE4804F0DBF907220921FC4801
:1016900004F061FA07220A21F94804F05CFA029486
:1016A0000020ADF80C00ADF80E00ADF81000ADF85C
:1016B00014000C20ADF8120002A9F24806F078F8E8
:1016C0000121F04806F0FCF84FF4A06004F0DAF8CD
:1016D0003A208DF8180000208DF819008DF81A00B6
:1016E00001208DF81B0006A804F0D1F8E64804F0AC
:1016F0005DFF4FF00060079000200A90E3480990DA
:101700000A200B90DF48001D089000200C904FF439
:1017100080600D9000200E900F904FF4807010901C
:101720004002119004201290032013900020149086
:10173000159007A9D44804F0DBFF01224021D148CD
:1017400006F06BF901221021CF4805F098F801212D
:10175000CD4805F007F816B010BD10B596B0044698
:101760000121480504F0B2FB0121480404F0E1FB2B
:101770000121082004F0AAFB6020009002208DF8CF
:10178000040000208DF806008DF8070002208DF877
:1017900005006946BE4804F053F907220521BC48FC
:1017A00004F0D9F907220621B94804F0D4F90294CB
:1017B0000020ADF80C00ADF80E00ADF81000ADF84B
:1017C00014000C20ADF8120002A9B24805F0F0FF99
:1017D0000121B04806F074F84FF4A06004F052F80C
:1017E00011208DF8180000208DF819008DF81A00CE
:1017F00001208DF81B0006A804F049F8A64804F063
:10180000D5FE4FF00060079040200A90A348099051
:1018100046200B909F48001D089000200C904FF42C
:1018200080600D9000200E900F904FF4807010900B
:101830004002119004201290032013900020149075
:10184000159007A9944804F053FF01228021914884
:1018500006F0E3F8012280218E4806F0DEF801222E
:1018600010218D4805F00BF801218B4804F07AFF18
:1018700016B010BD10B596B004460121880404F0DE
:1018800058FB0121082004F021FB0121480504F048
:101890001DFB4FF44070009002208DF804000020E2
:1018A0008DF806008DF8070002208DF805006946C6
:1018B000774804F0C5F807220821754804F04BF971
:1018C00007220921724804F046F902940020ADF87D
:1018D0000C00ADF80E00ADF81000ADF814000C20AF
:1018E000ADF8120002A96E4805F062FF01216C48B4
:1018F00005F0E6FF4FF4A06003F0C4FF0C208DF864
:10190000180000208DF819008DF81A0001208DF8BC
:101910001B0006A803F0BBFF5F48783804F046FEC2
:101920004FF00060079000200A905E4809900A205E
:101930000B905B48001D089000200C904FF48060D5
:101940000D9000200E900F904FF480701090400288
:1019500011900420129003201390002014901590F1
:1019600007A94D48783804F0C3FE012240214C48B5
:1019700006F053F801224021494806F04EF80122B2
:1019800010214548783804F07AFF01214248783820
:1019900004F0E8FE16B010BD10B596B00446012163
:1019A000C80404F0C6FA0121042004F08FFA0121D2
:1019B000480504F08BFA4FF44060009002208DF847
:1019C000040000208DF806008DF8070002208DF835
:1019D00005006946344804F033F808220A213248E9
:1019E00004F0B9F808220B212F4804F0B4F802944F
:1019F0000020ADF80C00ADF80E00ADF81000ADF809
:101A000014000C20ADF8120002A9284805F0D0FE01
:101A10000121264805F054FF4FF4A06003F032FF87
:101A20000D208DF8180003208DF8190001208DF885
:101A30001A008DF81B0006A803F029FF164860382D
:101A400004F0B4FD4FF00060079000200A901848A1
:101A5000099006200B901548001D089000200C905E
:101A60004FF480600D9000200E900F9010904FF476
:101A7000003011900020129003201390002019E0F4
:101A8000000002400010014040640240C4050020F4
:101A9000000C024000440040A0600240040000200E
:101AA000004800400006002000080240004C0040B2
:101AB000670100201490159007A9FE4804F018FE55
:101AC00001224021FC4805F0A8FF01228021FA48AC
:101AD00005F0A3FF01221021F64804F0D0FE0121F9
:101AE000F44804F03FFE16B010BD30B5F34B1B6850
:101AF000322B20DAF24B1B8803EB4303F14CE0540A
:101B0000EF4B1B8803EB430323445970EC4B1B88BA
:101B100003EB430323449A70E94B1B885B1C32247C
:101B200093FBF4F504FB1533E54C2380E34B1B6872
:101B30005B1CE24C236030BD0146E048006808B9F8
:101B400000207047E048008800EB4000DD4A104468
:101B500002880A8080788870DB480088401C322226
:101B600090FBF2F302FB1300D74A1080D3480068C1
:101B7000401ED24A10600120E3E708B5CF48006854
:101B8000002808DD6846FFF7D7FFCC480068401EF4
:101B9000CA49086000BF08BD10B5CC4800780228CB
:101BA00030D1CA48407903282CD1C8480078C749A9
:101BB00049780844C54989780844C449C978084423
:101BC000C4B2C2480079A04214D1C0484078C0498C
:101BD0000870BE488078BF490870BC48C078BE49CC
:101BE000087008460278BB480178B9480078FFF7CA
:101BF0007CFF06E02C20B6490870B6490870B6494B
:101C0000087000BF10BD10B596B00446012148050C
:101C100004F05CF90121080504F08BF901210C2086
:101C200004F054F90420009002208DF804000020F4
:101C30008DF806008DF8070002208DF80500694632
:101C4000A64803F0FDFE4FF48050009002208DF86E
:101C5000040000208DF806008DF8070002208DF8A2
:101C6000050069469E4803F0EBFE082202219B48CE
:101C700003F071FF08220C21994803F06CFF4FF428
:101C8000A06003F0FFFD2F208DF8180005208DF8CF
:101C900019008DF81A0001208DF81B0006A803F02A
:101CA000F6FD0B208DF8180005208DF819008DF831
:101CB0001A0001208DF81B0006A803F0E8FD02942D
:101CC0000020ADF80C00ADF80E00ADF81000ADF836
:101CD00014000C20ADF8120002A9824805F068FD3E
:101CE0000121804805F0ECFD7248783004F05EFC7C
:101CF0004FF00060079040200A907B4809900A202E
:101D00000B907848001D089000200C904FF48060E4
:101D10000D9000200E900F9010904FF40030119015
:101D2000002012900320139000201490159007A912
:101D30006048783004F0DCFC5E48303804F036FC53
:101D40004FF00060079000200A9068480990052035
:101D50000B906448001D089000200C904FF48060A8
:101D60000D9000200E900F9010904FF400301190C5
:101D7000002012900320139000201490159007A9C2
:101D80004C48303804F0B4FC01228021554805F05D
:101D900044FE01224021534805F03FFE012210215C
:101DA0004448783004F06BFD01221021414830385E
:101DB00004F065FD01213F48783004F0D3FC012197
:101DC0003C48303804F0CEFC16B010BD10B596B0CB
:101DD00004460121202004F0BDF80121042004F074
:101DE00075F80121880504F071F8C02000900220E8
:101DF0008DF8040000208DF806008DF80700022001
:101E00008DF805006946364803F01AFE08220621BF
:101E1000334803F0A0FE08220721314803F09BFE5F
:101E200002940020ADF80C00ADF80E00ADF81000E3
:101E3000ADF814000C20ADF8120002A92C4805F0F2
:101E4000B7FC01212A4805F03BFD4FF4A06003F0E8
:101E500019FD39208DF8180003208DF81900012094
:101E60008DF81A008DF81B0006A803F010FD21481C
:101E700004F09CFB4FF02060079000200A901E4861
:101E8000099004200B901A48001D089000200C9027
:101E90004FF480600D9000200E900F9010904FF442
:101EA0000030119000201290032013900020149015
:101EB000159023E040600240004C0040700100207B
:101EC000740100200F060020760100206701002029
:101ED0006D0100206E0100206F010020000C024007
:101EE00000080240005000401E050020A50600200A
:101EF00000140140286402407801002007A9FD4831
:101F000004F0F6FB01224021FB4805F086FD01228A
:101F10008021F94805F081FD01221021F54804F0E7
:101F2000AEFC0121F34804F01DFC16B010BD0CB549
:101F3000002001900090F1480078022812D1EF486B
:101F400040780190ED48C078EC49897840EA01205A
:101F500000909DF80400EA490870BDF80000E949C6
:101F6000088004E00420E6490870E64908800CBDBA
:101F700000B585B00121082003F0A8FF01218803E6
:101F800003F0E8FF00208DF8100001208DF8130009
:101F90000C20039003A9DC4803F052FD022103202A
:101FA00005F0D4FD0420009000208DF804001020DE
:101FB0008DF8050001208DF80600684604F0D8FC75
:101FC00008208DF8080000208DF809008DF80A001F
:101FD00001208DF80B0002A803F059FC05B000BDEC
:101FE00070B504460D46012C0BD12946C74805F0B3
:101FF00092FC00BF4021C54805F03DFD0028F9D006
:1020000028E0032C0BD12946C14805F084FC00BF11
:102010004021BF4805F02FFD0028F9D01AE0042C1C
:102020000BD12946BB4805F076FC00BF4021B948DA
:1020300005F021FD0028F9D00CE0052C0AD1294635
:10204000B54805F068FC00BF4021B34805F013FD1A
:102050000028F9D070BD0020B0494862B04908603E
:10206000B0490860B049086070470020AB49486239
:10207000AB4908604FF080414862AC490860AC4908
:102080000860AC490860A7490860A7490860AA49E8
:102090000860AA490860704700204FF080414862FC
:1020A000A249086070470020A1490860A149086062
:1020B000704710B50020A2490870002407E0612194
:1020C0000120FFF78DFF3220FEF701FD641C022C7A
:1020D000F5D301209A4908707A209A49087010BDFA
:1020E00010B5002098490870002407E06121032002
:1020F000FFF776FF3220FEF7EAFC641C022CF5D3D2
:102100000120914908707A209049087010BD2DE98E
:10211000F14FAEB08EA02D9000202C908DF888004D
:102120008DF860002E98122831D2DFE800F00931D6
:102130003A41484F565F68717A7B8289909192E26A
:1021400002218C4803F0DEFC88B100224FF40041EC
:10215000894803F0F5FC4FF40041874803F0DFFCA9
:1021600004460022214685A0FEF790FA0FE00122E6
:10217000D103814803F0E4FC4FF400417E4803F0B2
:10218000CEFC04460022214684A0FEF77FFA21E21D
:1021900001228A48B0F90000414289A0FEF776FA90
:1021A00018E202228848016888A0FEF76FFA11E25F
:1021B00003228B4801688BA0FEF768FA0AE204222A
:1021C0008C4801688CA0FEF761FA03E205228E4874
:1021D00001688EA0FEF75AFAFCE1FEF798FB044670
:1021E000062221468DA0FEF751FAF3E1FEF7DEFB51
:1021F0000446072221468CA0FEF748FAEAE1FEF7E2
:102200002BFC0446082221468AA0FEF73FFAE1E1B2
:10221000FEF7F8FB04460922214689A0FEF736FAAC
:10222000D8E1D7E10B228948016889A0FEF72EFA90
:10223000D0E10C228948016889A0FEF727FAC9E19C
:102240000D228B4801688BA0FEF720FAC2E1C1E1A4
:10225000C0E101218A4803F055FC4FF4005117906A
:10226000454803F04FFC04460221854803F04AFC30
:1022700005464FF48041404803F044FC06460421E3
:102280007F4803F03FFC4FF4004116907C4803F078
:1022900039FC074608217A4803F034FC80464FF4A5
:1022A0008041774803F02EFC81461021744803F0EA
:1022B00029FC4FF400511590714803F023FC82462D
:1022C0000821114803F01EFC4FF4805114906C4813
:1022D00003F018FC102113900B4803F013FC4FF48B
:1022E00080611290664803F00DFC834680216448AB
:1022F000C8E0F2E0286402400014014078010020A8
:102300007C0100207E010020000C024000100140F2
:1023100000480040004C00400050004000000140D8
:102320006400002024080040800000206800002095
:10233000240400406C000020240C004070000020A9
:1023400089000020880000208B0000208A000020E7
:10235000313131313131313131313131313131316D
:10236000313131313131303131313131313131315E
:10237000000000000004024000080240524F424F9B
:102380005420322044414E47204348415920534174
:102390004E2058414E483A2020200000524F424FD4
:1023A0005420322044414E47204348415920534154
:1023B0004E20444F3A2020200000000084000020DE
:1023C000494D553A00000000A800002054726F20CB
:1023D0006368616E205472756F633A2000000000DC
:1023E000AC00002054726F206368616E20536175E9
:1023F0003A202000A000002054726F20786F61798D
:102400002074617920000000A400002054726F2025
:102410006E616E672074617920000000454E434F65
:102420004445525F464C2000454E434F4445525F61
:1024300046522000454E434F4445525F52522000C1
:10244000454E434F4445525F524C20009C000020B3
:102450004C617A6572207068616900009400002008
:102460004C617A6572207472756F63200000000001
:10247000980000204C617A657220747261692000B6
:102480000010024003F03EFB4FF480711190FE48B3
:1024900003F038FB10901798CDE90B65CDE90D409E
:1024A0001698CDE90798CDE90970DDE91421139854
:1024B000CDE9042A06910390DDE91110CDE9001B56
:1024C0000290F2A2282122A8109B07F04FFD1022B3
:1024D00022A9F7A0FEF72DF97CE08021F54803F052
:1024E0001EFB04460121F34803F019FB0546402179
:1024F000F04803F014FB06464FF40041EE4803F0A9
:102500000EFB07464FF48051EC4803F008FB804671
:102510004FF48061E74803F002FB81464FF400610D
:10252000E64803F0FCFA4FF400611790E14803F02D
:10253000F6FA82464FF48061DF4803F0F0FA8346F2
:102540004FF48051DB4803F0EAFA4FF40061169033
:10255000D94803F0E4FA4FF400511590D54803F040
:10256000DEFA4FF480411490D34803F0D8FA4FF4C8
:1025700080411390CF4803F0D2FA4FF4807112904B
:10258000CE4803F0CCFA4FF400411190C94803F053
:10259000C6FACDE90B76CDE90D5410901798CDE928
:1025A00007A0CDE9099814A807C803ABA3E807085A
:1025B000DDE911121398CDE900120290B3A228218F
:1025C00022A8109B07F0D2FC112222A9BCA0FEF782
:1025D000B0F800BF00BF2FB0BDE8F08F10B50121EB
:1025E000B94804F0BFF810BD01B5B84800680099BB
:1025F000884203DD0020B549086004E0B348006864
:10260000401CB2490860B1480068FFF780FD08BD72
:1026100001B59DF80000052801DA002008BD9DF8ED
:102620000000FBE730B504461D4624B9A8480078F1
:10263000A84BD87011E0002C07DDE0B2FFF7E8FFEF
:10264000A44BD8700020987007E06342D8B2FFF71F
:10265000DFFFA04BD8700120987021B99C4800780A
:102660009C4BD87111E0002907DDC8B2FFF7D0FFFD
:10267000984BD8710020987107E04B42D8B2FFF711
:10268000C7FF944BD8710120987122B99048007807
:10269000904BD87211E0002A07DDD0B2FFF7B8FFE7
:1026A0008C4BD8720120987207E05342D8B2FFF7E2
:1026B000AFFF884BD8720020987225B98448007803
:1026C000844BD87311E0002D07DDE8B2FFF7A0FFBF
:1026D000804BD8730020987307E06B42D8B2FFF7A5
:1026E00097FF7C4BD8730120987330BD794AD07026
:1026F000D071D072D07370477648C07803280DDA55
:102700007448C079032809DA7248C07A032805DAC8
:102710007048C07B032801DA012070470020FCE7E5
:1027200001206D49086070476C48006847F23051DD
:10273000884201D0012070470020FCE710B5FFF768
:10274000B8FC10BD6648B0F9000040427047B5EED5
:10275000C00AF1EE10FA09D26248D0ED000A70EE1C
:10276000600AFDEEE00A10EE900A70475D48D0ED79
:10277000000A70EE200AFDEEE00A10EE900AF4E77F
:1027800010B52DED0A8B044624B99FED570ABDEC18
:102790000A8B10BD002C25DA5448006807F0BBF9FD
:1027A00041EC190B204607F0B6F941EC1C0B9FEDEC
:1027B000500B53EC102B07F0CDF841EC1B0B9FEDA9
:1027C0004E0B53EC102B07F0BFF841EC1A0B53ECF7
:1027D000192B07F031F941EC180B07F0C0F900EEA6
:1027E000100AD4E74148006807F095F941EC190B4D
:1027F000204607F090F941EC1C0B9FED3D0B53EC8C
:10280000102B07F0A7F841EC1B0B9FED3B0B53EC93
:10281000102B06F0F8FF41EC1A0B53EC192B07F0C4
:102820000BF941EC180B07F09AF900EE100AAEE72D
:10283000F0EE400AF5EEC00AF1EE10FA02DBB0EE5F
:10284000600A7047B1EE600AFBE70146002901DB30
:10285000084670474842FCE701462948D0ED000A87
:10286000F1EE600A2748D0ED001A80EEA11A00EEC2
:10287000901AF8EEE01A2248D0ED000A41EE210A43
:10288000B0EE600A40E000000010024025642564BC
:1028900025642564256425642564256425642564F0
:1028A00025642564256425642564256400000000F2
:1028B000493A000000040240000C024000000240BF
:1028C0004F55543A00000000A06002407C000020F8
:1028D000C40100200400002028020020EC01002098
:1028E000840000208401002000000000D8010020A6
:1028F0009A9999999999B93F333333333333D33F05
:10290000BC010020C0010020FDEEC00A10EE900ABC
:102910007047B0EE402ADFEDFA2AB0EE620AB5EE5B
:10292000C02AF1EE10FA03D2F1EE422AB0EE622A8A
:10293000F5EEC00AF1EE10FA03D2F1EE602AF0EEE5
:10294000620AB5EEC01AF1EE10FA03D2F1EE412A96
:10295000B0EE621AF5EEC01AF1EE10FA03D2F1EE03
:10296000612AF0EE621AB4EEC02AF1EE10FA01DD2F
:10297000B0EE420AF4EEC00AF1EE10FA01DDB0EE5C
:10298000600AB4EEC01AF1EE10FA01DDB0EE410AB1
:10299000F4EEC01AF1EE10FA01DDB0EE610A7047F4
:1029A000D84800687047D8480068704710B52DEDCA
:1029B000028BB0EE408AD548006847F23051884219
:1029C0000ED11FED370AD24880ED000AD14880EDC4
:1029D000000AD14880ED000AD04880ED000A4AE0A4
:1029E000CF480068CF490968401AC8490968081AE1
:1029F00000EE100AB8EEC00AF0EE408ACA48D0EDE8
:102A0000000A88EEA00AC948D0ED000A30EE200A7C
:102A1000C748D0ED000A20EE200AF0EE408AB0EE62
:102A2000680A08F0CDF9F0EE000A20EE200AB84856
:102A300080ED000AB0EE680A07F0F0FAF0EE000A46
:102A400020EE200AB34880ED000AB14890ED000A5C
:102A5000B848D0ED000A30EE200AB04880ED000AF8
:102A6000AC4890ED000AB348D0ED000A30EE600AA1
:102A7000A94880ED000AB5EEC08AF1EE10FA73D0D5
:102A8000AD480068052820D2DFE800F003203A5462
:102A90006F00A24890ED000A30EE080A80ED000AAF
:102AA0009D4890ED000A30EE480A80ED000A9948F2
:102AB00090ED000A30EE080A80ED000A944890ED8F
:102AC000000A30EE480A80ED000A68E0924890ED76
:102AD000000A30EE480A80ED000A8E4890ED000AA8
:102AE00030EE080A80ED000A894890ED000A93480C
:102AF000D0ED000A08EE600A854880ED000A4EE03D
:102B0000864890ED000A30EE080A80ED000A814800
:102B100090ED000A8948D0ED000A08EE200A7D48B1
:102B200080ED000A7A4890ED000A30EE480A80ED08
:102B3000000A34E0794890ED000A30EE080A80ED92
:102B4000000A754890ED000A7C48D0ED000A08EEB6
:102B5000600A714880ED000A6D4890ED000A30EE81
:102B6000480A80ED000A1AE01AE06C4890ED000A6D
:102B70007248D0ED000A08EE200A684880ED000A8D
:102B8000654890ED000A30EE480A80ED000A614881
:102B900090ED000A30EE080A80ED000A00BF00BF89
:102BA0005B48D0ED001A5B4890ED001A5A48D0ED12
:102BB000000A5A4890ED000AFFF7ABFE6048D0EDDE
:102BC000000AF8EEE00A80EE801ABDEEC10A5D4808
:102BD00080ED000A4B4800685A490968884203DDC5
:102BE0005848006847490860012057490860BDEC13
:102BF000028B10BD10B504460020544908605448AB
:102C00000460FCB900203F4908601FEDC90A49482B
:102C100080ED000A47F230503C4908604D49086099
:102C20001FEDCF0A4C4880ED000A002042490860A1
:102C30004A49086034490860494908601FEDD60ACE
:102C4000FFF7B4FE10BD10B5434890ED000AB5EE95
:102C5000C00AF1EE10FA05D13748006810B93F48B4
:102C6000006890B11FEDE00A3B4880ED000A0020AB
:102C700031490860394908602948006829490860D5
:102C8000354890ED000AFFF791FE10BD3548C0EDC4
:102C9000000A354880ED000A704770B52DED028BB3
:102CA00005460C46B0EE408A18480068A8420BD191
:102CB00026480068A04207D11E4890ED000AB4EEF5
:102CC000480AF1EE10FA18D0204804600D48006858
:102CD00010B905200B4908601148006811490860C7
:102CE000144880ED008A0948056000201F490860EB
:102CF000194890ED000AFFF759FEBDEC028B70BD3C
:102D00006F12833AD801002004020020EC01002059
:102D100024020020200200201C02002018020020B3
:102D20000C020020F80100209C010020A8010020D6
:102D3000CC01002000020020D40100208C010020E2
:102D400080010020E0010020D0010020DC010020F3
:102D5000E4010020F0010020FC010020F40100202B
:102D600028020020BC010020C0010020E801002052
:102D700070B52DED028B0446B0EE408A0D46FE483C
:102D80000068A0420BD1FD4890ED000AB4EE480A5D
:102D9000F1EE10FA03D1FA480068A8423AD0F94897
:102DA000006847F23051884225D11E20F64908605C
:102DB000F648006810B90A20F449086047F230501C
:102DC000844218DA0120F2490860B5EEC08AF1EEBB
:102DD00010FA03DDEF480068A04208DCB5EEC08AB7
:102DE000F1EE10FA07D2EB480068A04203DAB1EE28
:102DF000480AB0EE408AE0480460E1480560DF48D8
:102E000080ED008A0020E4490860DC4890ED000A6B
:102E1000FFF7CCFDBDEC028B70BD10B52DED028B24
:102E2000B0EE408A04462146B0EE480A47F23050E0
:102E3000FFF79EFFBDEC028B10BD70B504460D463A
:102E40009FEDD60A29462046FFF727FF70BD70B5D3
:102E50002DED088BF0EE408A0446B0EE608AB0EEAD
:102E6000419ACF4890ED000AB8EEC00AB4EE680A65
:102E7000F1EE10FA0DD1C4480068A04209D1BE4855
:102E800090ED000AB8EEC00AB4EE480AF1EE10FA6E
:102E90005ED0BDEEE80AC24880ED000ABD4991ED62
:102EA000000AB8EEC00A38EEC00ABDEEC00A10EE45
:102EB000100A9FEDBA0A2146FFF7EFFEB54890EDE4
:102EC000000AB8EEC00A38EE400ABDEEC00A10EEA5
:102ED000105A002D01DB284600E06842642814DD0A
:102EE000AC4890ED000AB8EEC00AB4EEC08AF1EE2C
:102EF00010FA02DDB0EE490A01E0B1EE490A10EE27
:102F0000101A084606F018FE13E0A24890ED000AD9
:102F1000B8EEC00A38EE400A10EE101A084606F065
:102F20000BFE41EC1B0B9FED9F0B53EC102B06F09F
:102F300011FD41EC1A0B06F012FE09EE900A002179
:102F4000B0EE690AFDEEC80A10EE900AFFF710FF16
:102F5000BDEC088B70BD10B58D48006801283DDDC3
:102F6000854909688B4A1268881AFFF76EFC0628A3
:102F70000CDA874801680068401C854A1060B1F58A
:102F8000FA7F2BDD0020FFF735FE10BD804800687A
:102F9000FA2808DD05207C4908607C490860FB2090
:102FA0007B49086004E0052077490860774908609C
:102FB0007848006870490968884205DDBFEE000A5C
:102FC0006E4880ED000A04E0B7EE000A6B4880ED21
:102FD000000A6A4890ED000AFFF7E8FC00BFD4E75A
:102FE00010B52DED028B714890ED000AB5EEC00AC8
:102FF000F1EE10FA08D16548006828B15E48006813
:1030000047F23051884202DBBDEC028B10BD5B48B9
:1030100090ED000AB5EEC00AF1EE10FA7ED05948E4
:10302000006847F23051884279D1544890ED000A47
:10303000B5EEC00AF1EE10FA08DD4F4800685C49B1
:103040000968401A53490968884210DB4B4890EDE3
:10305000000AB5EEC00AF1EE10FA7CD246480068CC
:103060005349096808444B490968884273DD484858
:10307000006803285CDA40490968464A1268881AE1
:10308000FFF7E3FB0A2816DA3B4800684949086065
:1030900000203E4908603C4908609FED400A3748DF
:1030A00080ED000A02203A490860344890ED000A99
:1030B000FFF77CFCA8E73048006836490968884279
:1030C00037DD324890ED000AB8EEC00A2B48D0ED4B
:1030D000000A60EE200A364890ED000AB8EEC00AF9
:1030E000C0EE801AB0EE611AB0EE410AFFF7A0FB05
:1030F00021490968274A1268881AFFF7A6FB00EEE3
:10310000900AB8EEE01A2C48D0ED000A40EE010A11
:103110001E4890ED000AB8EEC00A01E0CBE068E07E
:1031200080EE801AB0EE418AB0EE480AFFF73EFC0E
:10313000C0E0164890ED000AB8EEC00A0F48D0ED86
:10314000000A60EE200A1A4890ED000AB8EEC00AA4
:10315000C0EE801A00E046E0B0EE611AB0EE410A1F
:10316000FFF766FB044909680A4A1268881AFFF7E4
:103170006CFB00EE900A21E0F4010020FC0100202D
:10318000D4010020EC010020DC010020D801002047
:10319000040200200C020020E801002000000000D2
:1031A000F00100207B14AE47E17A743F000200205A
:1031B000B80100200802002098010020B8EEE01AB3
:1031C000F848D0ED000A50EE410AF74890ED000AA9
:1031D000B8EEC00A80EE801AB0EE418AB0EE480A1E
:1031E000FFF7E4FB66E0F14890ED000AFFF7DEFB35
:1031F00060E0EE4890ED000AB5EEC00AF1EE10FA7C
:103200001FDDEB4890ED000AB8EEC00AE648D0EDAD
:10321000000AF8EEE00AE54890ED001A00EEC10A57
:10322000E448D0ED000AF8EEE00A70EE600AE248E9
:1032300090ED000AB8EEC00AF4EEC00AF1EE10FA02
:1032400027D3DA4890ED000AB5EEC00AF1EE10FA85
:103250002BD2D74890ED000AB8EEC00AD248D0ED84
:10326000000AF8EEE00AD14890ED001A00EEC10A1B
:10327000D048D0ED000AF8EEE00A70EE200ACE4801
:1032800090ED000AB8EEC00AF4EEC00AF1EE10FAB2
:103290000BDDC7490968C84A1268881AFFF770FA37
:1032A000B0EE408AFFF782FB04E0C04890ED000AD0
:1032B000FFF77CFBA8E6C1490968BF4A1268881A73
:1032C000FFF75EFAB0EE408AFFF770FB00BF9BE6A7
:1032D00000B5BB480068022815DA1FED500AB9484E
:1032E00080ED000A1FED530AB04880ED000A00206F
:1032F000B549086047F23050B4490860B4490860E5
:103300000020AB490860B3480068401CB149086020
:10331000B1490968884204DAB0480068FFF7E6F965
:103320000EE0AD480068AB490860AD48006820B1C8
:10333000AA480068FFF7DAF902E00020FFF7D6F9A3
:1033400000BDA44A1268521CA24B1A60824207DDDB
:10335000954A12680A44944B1A6000229D4B1A60E9
:1033600070472DE9F041FFF7EDF993490860FFF749
:10337000F2FD9C480068002821DD8B4800689949CF
:10338000096888422AD088480068964909688842B6
:103390000EDA854800689449096888421EDA824836
:1033A0000068FFF759FA04460121FFF7CAFF15E04C
:1033B0004FF0FF318D480068FFF7C3FF0EE07A48F9
:1033C0000068002806DD4FF0FF3189480068FFF7EC
:1033D000B8FF03E0FFF77CFFBDE8F0818548006897
:1033E00075490968884205D0FFF7FAFD7248006800
:1033F0008049086080480068F0B36B48D0ED000A4F
:10340000F8EEE00A7D4890ED001A60EE810AB0EE19
:10341000600AFFF79CF904466348D0ED000AF8EE15
:10342000E00A774890ED001A60EE810AB0EE600A7B
:10343000FFF78DF905465C48D0ED000AF8EEE00A8A
:10344000704890ED001A60EE810AB0EE600AFFF756
:103450007EF906465448D0ED000AF8EEE00A6A48C4
:1034600090ED001A60EE810AB0EE600AFFF76FF986
:10347000074623462A4600E002E03146FFF7D2F82D
:1034800000BFA9E76148407800F0400020B1FA2071
:103490005F4981F8330003E000205D4981F8330083
:1034A000704701B55948407800F0200040B1012034
:1034B000574981F822009DF8000081F8230011E0AF
:1034C0005248407800F0040040B10020504981F893
:1034D00022009DF8000081F8230003E002204C49FF
:1034E00081F8230008BD4B494B4A126841F822007D
:1034F00049490968491C142291FBF2F302FB13119C
:10350000454A11607047444800681330142290FB0C
:10351000F2F302FB13013F4850F82100704710B549
:103520002DED0C8B0446A4F16400002801DB01465C
:1035300000E0414200EE101AF8EEC08A18EE900A40
:1035400006F0FAFA41EC1D0B9FED340B53EC102BF7
:1035500006F000FA41EC1C0BB0EE4C0AF0EE6C0ADF
:1035600007F036FDB0EE40BAF0EE60BA9FED2D0BDD
:1035700053EC102B51EC1B0B06F0ECF941EC1A0B41
:103580009FED2A0B53EC102B06F03DF941EC190B83
:1035900006F0E5FA08EE100AB0EE480ABDEC0C8B16
:1035A00010BD000098010020D8010020FC0100207F
:1035B000F4010020B40100200C020020F8010020DA
:1035C0000402002000020020D4010020EC010020B1
:1035D000F0010020E8010020C8010020C401002003
:1035E00028020020DC010020E0010020140200205D
:1035F000E401002010020020D0010020240200205D
:10360000200200201C0200201802002000060020DA
:1036100004000020B0060020D40200209A99999955
:103620009999A93F9A9999999999E93F9A9999995C
:103630009999C93F70B52DED028B05462846FFF7D5
:1036400052FFF948C079E8B1FFF75DFF0446622CEC
:1036500004DB662C02DC0020FFF7F5FA2046FFF7BA
:103660005EFFB0EE408A632C05DA0020B1EE480A16
:10367000FFF7D3FB06E0652C04DD0020B0EE480A1E
:10368000FFF7CBFBBDEC028B70BD10B52DED0A8BA7
:10369000F0EE408A9FEDE50AB0EE40CA9FEDE30AE6
:1036A000B0EE408A9FEDE20AC8EE800A10EE904A22
:1036B000204606F041FA41EC1B0B9FEDDE1BB0EEFD
:1036C0004B0AF0EE6B0A06F053FDB0EE40AAF0EEA6
:1036D00060AA9FEDDA0B53EC102B51EC1A0B06F09D
:1036E00039F941EC190B06F03AFA08EE100A9FED91
:1036F000D50AB4EEC08AF1EE10FA04DD9FEDD10ACE
:10370000B0EE408A0AE09FEDD00AB4EEC08AF1EE36
:1037100010FA03D29FEDCC0AB0EE408A9FEDC40AA6
:1037200078EEC00A9FEDC21A80EE810ADFEDC60A6C
:1037300020EE200A10EE104A204606F0FDF941EC7A
:103740001B0B9FEDC20B53EC102B06F003F941EC61
:103750001A0B9FEDC00B53EC102B06F054F841EC04
:10376000190B06F0FCF908EE100A9FEDBC0AB4EE46
:10377000C08AF1EE10FA04DD9FEDB80AB0EE408A7F
:103780000AE09FEDB70AB4EEC08AF1EE10FA03D258
:103790009FEDB30AB0EE408ABDEEC80AB14880ED95
:1037A000000ABDEEC80AB04880ED000ABDEC0A8BE5
:1037B00010BD10B52DED088BF0EE408A9FED9B0AF1
:1037C000F0EE409A9FED990AB0EE408A28EEA80AE2
:1037D00010EE101A084606F0AFF941EC1B0BB0EEE4
:1037E0004B0AF0EE6B0A07F0B3FBB0EE40AAF0EE26
:1037F00060AA51EC1A0B06F0B2F909EE100A9FED1F
:103800009B0AC9EE000A9FED9A0A20EE800AB0EEEC
:10381000408A9FED8C0AB4EEC08AF1EE10FA04DD06
:103820009FED880AB0EE408A0AE09FED870AB4EE69
:10383000C08AF1EE10FA03D29FED830AB0EE408AFF
:10384000BDEEC80A8B4880ED000A00688A4908600E
:10385000884890ED000AB8EEC00A8848D0ED000A0A
:1038600020EE200AF2EE040A80EE201ABDEEC10A14
:10387000084680ED000ABDEC088B10BD8048016849
:103880000068401C7E4A1060642907D27D48008988
:103890007D49096808447C4908600BE07A48006863
:1038A0006421B0FBF1F07949086000207449086098
:1038B00075490860764801680068401C744A1060C9
:1038C000642907D26F4840897249096808447149E0
:1038D00008600BE06F4800686421B0FBF1F06E49AE
:1038E000086000206A4908606A4908606B480168FE
:1038F0000068401C694A1060642907D261488089C9
:10390000674909680844664908600CE06448006833
:103910003221B0FBF1F0401F6249086000205F498E
:1039200008605F490860604801680068401C5E4AA2
:103930001060782907D25348C0895C490968084457
:103940005A4908600BE0594800687821B0FBF1F053
:103950005749086000205449086054490860554898
:1039600001680068401C534A1060322907D245485C
:1039700040885149096808444F4908600BE04E48A7
:1039800000683221B0FBF1F04C4908600020494941
:103990000860494908604A4801680068401C484A74
:1039A0001060322907D23748008846490968084420
:1039B000444908600BE0434800683221B0FBF1F055
:1039C0004149086000203E4908603E4908603F4880
:1039D00001680068401C3D4A1060322907D229481E
:1039E00080883B4909680844394908600BE0384839
:1039F00000683221B0FBF1F03649086000203349FD
:103A0000086033490860344801680068401C324A45
:103A10001060322964D21B48C088304909680844C4
:103A20002E49086068E05BE000060020000000000E
:103A300000A07F459A9999999999F13F000000005B
:103A400000805A4000007A4300004842666666667D
:103A50006666E63F0000000000C082400000164499
:103A600000800944D8020020DC02002000401C45F0
:103A70000000B442C8020020CC020020D002002086
:103A800010030020B4050020140300209000002043
:103A9000180300201C0300209400002020030020B5
:103AA000240300209C000020280300202C03002079
:103AB00098000020380300203C030020AC000020C8
:103AC0004003002044030020A800002048030020F9
:103AD0004C030020A00000205003002054030020CD
:103AE000F74800683221B0FBF1F0F6490860002089
:103AF000F5490860F24908607047F4480068F449E5
:103B00000968884203DAF2480068F0490860EF4823
:103B10000068F0490968884203DDEE480068EB4917
:103B20000860ED490968E94A1268881A002801DB33
:103B3000014600E04142052930DDE7480068E349DD
:103B40000968884203DD0120E449887502E000200D
:103B5000E2498875E0490968DC4A1268881A002839
:103B600001DB014600E0414201EB4101DC4A11600A
:103B700010460068DB490968884203DDD9480068BF
:103B800011460860D64800681E2802DA1E20D44973
:103B90000860D3480078D149C87502E00020CF49B9
:103BA000C8757047D0480068D0490968884203DA70
:103BB000CE480068CC490860CB480068CC49096809
:103BC000884203DDCA480068C7490860C9490968D6
:103BD000C54A1268881A002801DB014600E041420C
:103BE000052930DDC3480068BF490968884203DD04
:103BF0000120BA49887402E00020B8498874BD49A0
:103C00000968B94A1268881A002801DB014600E0F9
:103C1000414201EB4101B24A116010460068B649C9
:103C20000968884203DDB448006811460860AC4862
:103C30000068322802DA3220A9490860A8480078D2
:103C4000A649C87402E00020A449C8747047AB4874
:103C50000068AB490968884203DAA9480068A749A7
:103C60000860A6480068A7490968884203DDA5489E
:103C70000068A2490860A4490968A04A1268881A25
:103C8000002801DB014600E04142032930DD9E4867
:103C900000689A490968884204DD01208F4981F84B
:103CA000260003E000208D4981F826009649096826
:103CB000924A1268881A002801DB014600E041425E
:103CC00001EB4101864A116010460068FA2802DDC6
:103CD000FA201146086082480068C82802DAC82025
:103CE0007F4908607E4800787C4981F8270003E01E
:103CF00000207A4981F82700704784480068844989
:103D00000968884203DA82480068804908607F4871
:103D1000006880490968884203DD7E4800687B4965
:103D2000086068490968794A1268881A002801DB26
:103D3000014600E04142032930DD624800687349D2
:103D40000968884204DD0020644981F82A0003E004
:103D50000120624981F82A005A4909686B4A1268B1
:103D6000881A002801DB014600E0414201EB4101D5
:103D70005B4A116010460068FA2802DDFA201146FD
:103D8000086057480068322802DA32205449086037
:103D900053480078514981F82B0003E000204F4937
:103DA00081F82B00704710B5BE2053490860FA20F7
:103DB0004C4908604FF4EB70444908604A49086078
:103DC000002410E006E0012005F09CF8FCF796FDC9
:103DD00000B106E04FF400414F4801F093FE002887
:103DE000F1D000BF641C40F226208442EADB14219B
:103DF0000020FFF722F8002410E006E0012005F083
:103E000081F8FCF77BFD00B106E04FF40041424829
:103E100001F078FE0128F1D000BF641C40F226209A
:103E20008442EADB0020FEF7E5FEEB20274908602C
:103E300000240EE006E0052005F064F8FCF75EFDC6
:103E400000B104E024480068B0F5967FF3DC00BFC1
:103E5000641C322CEEDB14210020FEF7EEFF002460
:103E60000FE006E0012005F04DF8FCF747FD00B13A
:103E700005E00421284801F045FE0128F2D000BFEA
:103E8000641C40F226208442EBDBF5200F490860D9
:103E9000FEF7EBF806E0052005F034F8FCF72EFD00
:103EA00000B104E0FCF7D8FDB0F5AF7FF3DB00BF55
:103EB0000020FEF79FFEE6200B49086000243CE04E
:103EC00054030020A400002050030020980200208A
:103ED0009002002094020020A8000020040000208E
:103EE000E8020020C4020020A40200209C0200205E
:103EF000A0020020AC000020C0020020B002002080
:103F0000A8020020AC020020A0000020BC0200207B
:103F1000B4020020B80200200010024006E0052094
:103F200004F0F0FFFCF7EAFC00B104E0F748006899
:103F3000B0F5967FF3DC00BF641CFA2CEEDB0C219D
:103F40000020FEF77AFFFEF790F806E0052004F067
:103F5000D9FFFCF7D3FC00B105E0FCF7D8FC40F238
:103F600052318842F2DB00BF0020FEF743FEF5200D
:103F7000E749086014210020FEF75FFF00240FE0EE
:103F800006E0012004F0BEFFFCF7B8FC00B105E03C
:103F90000121E04801F0B6FD0128F2D000BF641C09
:103FA000962CEDDB4FF48C70DB490860D849086033
:103FB0000020FEF71FFE10BD10B5AA20D7490860EB
:103FC000FA20D749086040F2B220D3490860D049AE
:103FD000086000240FE006E0052004F093FFFCF7E2
:103FE0008DFC00B105E0CF48006840F2AD21884269
:103FF000F2DC00BF641CFA2CEDDB0A210020FEF786
:104000001CFF002410E006E0012004F07BFFFCF719
:1040100075FC00B106E04FF40041BE4801F072FDAE
:104020000128F1D000BF641C40F226208442EADB64
:104030000020FEF7DFFDEB20B749086000240EE00A
:1040400006E0052004F05EFFFCF758FC00B104E038
:10405000B4480068B0F5967FF3DC00BF641C322CD6
:10406000EEDB14210020FEF7E8FE00240FE006E05E
:10407000012004F047FFFCF741FC00B105E00421FA
:10408000A44801F03FFD0128F2D000BF641C40F2BB
:1040900026208442EBDBF5209F490860FDF7E5FF11
:1040A00006E0052004F02EFFFCF728FC00B104E038
:1040B000FCF7D2FCB0F5AF7FF3DB00BF0020FEF7CA
:1040C00099FDE6209249086000240EE006E00520F4
:1040D00004F018FFFCF712FC00B104E08B48006804
:1040E000B0F5967FF3DC00BF641CFA2CEEDB1421E4
:1040F0000020FEF7A2FEFDF7B8FF06E0052004F061
:1041000001FFFCF7FBFB00B104E0FCF700FCB0F59D
:10411000167FF3DB00BF0020FEF76CFDF5207C4925
:10412000086014210020FEF788FE00240FE006E05E
:10413000012004F0E7FEFCF7E1FB00B105E00121FE
:10414000744801F0DFFC0128F2D000BF641C962CFB
:10415000EDDB4FF4EB70704908606D49086000209A
:10416000FEF748FD10BD10B5B4206C490860FA2078
:104170006B490860EB2068490860654908600024C5
:1041800010E006E0052004F0BDFEFCF7B7FB00B12F
:1041900006E04FF400415F4801F0B4FC0128F1D083
:1041A00000BF641CFA2CECDB14210020FEF745FE56
:1041B000002410E006E0012004F0A4FEFCF79EFBC2
:1041C00000B106E04FF40041524801F09BFC00288A
:1041D000F1D000BF641CFA2CECDBFDF746FF06E0D3
:1041E000052004F08FFEFCF789FB00B105E0FCF729
:1041F00033FC40F22B218842F2DB00BF0020FEF7A7
:10420000F9FC4FF4EB704449086000240EE006E02E
:10421000052004F077FEFCF771FB00B104E0414893
:104220000068B0F5E67FF3DB00BF641CFA2CEEDB20
:1042300014210020FEF701FE00240FE006E001201B
:1042400004F060FEFCF75AFB00B105E004213148A0
:1042500001F058FC0028F2D000BF641C40F2262078
:104260008442EBDBFDF701FF06E0052004F04AFE87
:10427000FCF744FB00B104E0FCF798FBB0F57A7F53
:10428000F3DB00BF0020FEF7B5FC40F2D11020495F
:10429000086000240EE006E0052004F033FEFCF781
:1042A0002DFB00B104E019480068B0F5E37FF3DDB1
:1042B00000BF641CFA2CEEDB14210020FEF7BDFDCC
:1042C00000240FE006E0012004F01CFEFCF716FBC2
:1042D00000B105E001210F4801F014FC0028F2D0E4
:1042E00000BF641C962CEDDB0020FEF783FC10BDA4
:1042F00010B5BE2009490860FA2009490860F0207D
:10430000054908600249086000241EE0AC00002056
:10431000A40200200010024098020020C0020020E9
:10432000C4020020A800002006E0052004F0EAFDF9
:10433000FCF7E4FA00B106E04FF40041F74801F061
:10434000E1FB0128F1D000BF641CFA2CECDB142146
:104350000020FEF772FD002410E006E0012004F0CA
:10436000D1FDFCF7CBFA00B106E04FF40041EB4879
:1043700001F0C8FB0028F1D000BF641CFA2CECDB74
:10438000FDF773FE06E0052004F0BCFDFCF7B6FA6D
:1043900000B105E0FCF760FB40F226218842F2DB29
:1043A00000BF0020FEF726FC40F2B220DC49086086
:1043B00000240EE006E0052004F0A4FDFCF79EFAC0
:1043C00000B104E0D7480068B0F52A7FF3DB00BFF6
:1043D000641CFA2CEEDB9FEDD41ADFEDD30A0A2021
:1043E0009FEDD10AFEF733FD0A210020FEF725FDDF
:1043F00000240FE006E0012004F084FDFCF77EFAC3
:1044000000B105E00421C54801F07CFB0028F2D092
:1044100000BF641C40F226208442EBDBFDF725FE42
:1044200006E0052004F06EFDFCF768FA00B105E037
:10443000FCF7BCFA40F24C418842F2DB00BF00209E
:10444000FEF7D8FB40F2B220B849086000240EE025
:1044500006E0052004F056FDFCF750FA00B104E038
:10446000B3480068B0F52B7FF3DD00BF641CFA2C65
:10447000EEDB9FEDAD1ADFEDAC0A0A209FEDAA0A34
:10448000FEF7E5FC00240FE006E0012004F03AFD11
:10449000FCF734FA00B105E00121A04801F032FB3D
:1044A0000028F2D000BF641C962CEDDB0020FEF744
:1044B000A1FB10BD10B5FA209E490860AA209E49B4
:1044C000086040F2762096490860984908604FF4E9
:1044D000FA709A49086002E0032004F013FD98493D
:1044E0000968964A1268881A002801DB014600E034
:1044F00041420529F0DC4FF4CD7092490860FA2062
:10450000914981F82F0002E0032004F0FBFC8F4961
:1045100009688C4A1268881A002801DB014600E00D
:1045200041420529F0DC40F24E207D490860401DE3
:104530007E4908604FF4FA5004F0E4FC4FF44870F0
:104540008049086002E0032004F0DCFC7F49096830
:104550007C4A1268881A002801DB014600E04142CB
:104560000529F0DC0122D103794801F0E9FA40F293
:104570001B307249086002E0032004F0C3FC70495C
:1045800009686E4A1268881A002801DB014600E0BB
:1045900041420529F0DC00224FF400416C4801F053
:1045A000CFFA43F6982004F0ADFC4FF4487065490B
:1045B000086002E0032004F0A5FC64490968614A30
:1045C0001268881A002801DB014600E041420529F3
:1045D000F0DC10BD2DE9F05F82460D4614461E4604
:1045E000DDE90B9BDDF828805A490968881B002803
:1045F00001DB014600E0414201FB0BF74F4500DDC6
:104600004F4654480068801B404510DAE81B00EE16
:10461000900AF8EEE00AB0EE600A9FED4F1A00EE45
:10462000904AF8EEE00A5046FEF711FC22E04948B5
:104630000068801B404510DDE81900EE900AF8EE96
:10464000E00AB0EE600A9FED441A00EE904AF8EEE0
:10465000E00A5046FEF7FBFB0CE09FED401A00EE2F
:10466000104AF8EEC00A504600EE105AB8EEC00AE2
:10467000FEF7EDFBBDE8F09F2DE9F05F82460D46A9
:1046800014461E46DDE90B9BDDF828803449096895
:10469000881B002801DB014600E0414201FB0BF7CB
:1046A0004F4500DD4F462E480068801B404510DA1C
:1046B000E81B00EE900AF8EEE00AB0EE600A9FED0B
:1046C000261A00EE904AF8EEE00A5046FEF7BFFBCD
:1046D00022E023480068801B404510DDE81900EE09
:1046E000900AF8EEE00AB0EE600A9FED1B1A00EEA9
:1046F000904AF8EEE00A5046FEF7A9FB0CE09FED69
:10470000171A00EE104AF8EEC00A504600EE105A92
:10471000B8EEC00AFEF79BFBBDE8F09F0010024018
:1047200098020020A800002000000000A402002041
:10473000AC000020C0020020C4020020B002002013
:10474000A0000020BC02002004000020A4000020E3
:10475000000C02409C0000203333333FB81E453F1D
:10476000940000203EB56420FC490860A020FC496C
:1047700008604FF48770FB4908604FF48C70FA4969
:1047800008601E210020FEF758FB00240DE006E023
:10479000052004F0B7FBFCF7B1F800B103E0F348E3
:1047A00000682828F4DC00BF641C40F22620844204
:1047B000EDDB1E210020FEF740FB00240DE006E0AB
:1047C000052004F09FFBFCF799F800B103E0E748EF
:1047D00000684628F4DB00BF641C40F226208442B7
:1047E000EDDB1E210020FEF728FB00240DE006E093
:1047F000052004F087FBFCF781F800B103E0DB48FB
:1048000000683228F4DC00BF641C40F22620844299
:10481000EDDB0020FEF7EEF9002419E012E01E2087
:10482000C82102222023CDE9002102900022D04994
:104830003C20FFF721FF052004F064FBFCF75EF845
:1048400000B103E0CB4800686428E8DC00BF641CCA
:1048500040F226208442E1DB002419E012E01E2011
:10486000C82102222023CDE9002102900022C04964
:104870001420FFF701FF052004F044FBFCF73EF88D
:1048800000B103E0BB4800680F28E8DC00BF641CEF
:1048900040F226208442E1DB0020FEF7ABF93EBD6A
:1048A0003EB56420AD490860A020AD4908604FF4D2
:1048B0008770AC4908604FF48C70AB4908601E21CA
:1048C0000020FEF7BAFA00240DE006E0052004F00F
:1048D00019FBFCF713F800B103E0A448006828288E
:1048E000F4DC00BF641C40F226208442EDDB1E2174
:1048F0000020FEF7A2FA00240DE006E0052004F0F7
:1049000001FBFBF7FBFF00B103E098480068462875
:10491000F4DB00BF641C40F226208442EDDB1E2144
:104920000020FEF78AFA00240DE006E0052004F0DE
:10493000E9FAFBF7E3FF00B103E08C480068322896
:10494000F4DC00BF641C40F226208442EDDB002032
:10495000FEF750F9002419E012E01E20C8210222BF
:104960002023CDE900210290002281493C20FFF75D
:1049700083FE052004F0C6FAFBF7C0FF00B103E098
:104980007C4800686428E8DC00BF641C40F22620F4
:104990008442E1DB002419E012E01E20C82102223B
:1049A0002023CDE900210290002271491420FFF755
:1049B00063FE052004F0A6FAFBF7A0FF00B103E0B8
:1049C0006C4800680F28E8DC00BF641C40F2262019
:1049D0008442E1DB0020FEF70DF93EBD73B52DEDFD
:1049E000028B282505261FEDB00AB0EE408A6248EA
:1049F0000079322805DB60480079C82801DC0120F5
:104A000000E0002004465C48407800F0010030B12E
:104A10009DF80C501FEDB00AB0EE408A05E09DF8FD
:104A20000850B6EE000AB0EE408A5348007800F015
:104A3000080098B15048007800F0100070B94E4856
:104A4000007800F0200048B94B48007800F04000A2
:104A500020B929460020FEF7F0F9C3E04648007867
:104A600000F00800A0B94448007800F0100078B1C8
:104A70004148007800F0200050B93F48007800F02D
:104A8000400028B929464FF4E160FEF7D6F9A9E0C5
:104A90003948007800F00800A0B93748007800F0E5
:104AA000100078B93448007800F0200050B1324846
:104AB000007800F0400028B929464FF46170FEF7F5
:104AC000BCF98FE02C48007800F0080098B92A481B
:104AD000007800F0100070B92748007800F020003E
:104AE00048B92548007800F0400020B12946204808
:104AF000FEF7A3F976E02048007800F00800A0B1A6
:104B00001D48007800F0100078B91B48007800F0CC
:104B1000200050B11848007800F0400028B929461C
:104B20004FF4E170FEF789F95CE01348007800F07B
:104B3000080028B31048007800F0100000BB0E48B1
:104B4000007800F02000D8B90B48007800F0400051
:104B5000B0B129460948FEF770F943E0C0020020D1
:104B6000C402002098020020A4020020940000202B
:104B70007CFCFFFF98000020000600203EFEFFFFA7
:104B8000FE48007800F00800A0B9FC48007800F06A
:104B9000100078B1F948007800F0200050B1F748D3
:104BA000007800F0400028B9294640F24650FEF750
:104BB00044F917E0F148007800F0080090B9EF4898
:104BC000007800F0100068B1EC48007800F0200098
:104BD00040B9EA48007800F0400018B12946E8489A
:104BE000FEF72BF9E548007800F00800F8B9E34833
:104BF000007800F01000D0B9E048007800F0200004
:104C0000A8B9DE48007800F0400080B97CB1FDF71B
:104C10008BFD60B1D948407800F0400038B9D748E2
:104C2000407800F0200010B90520FDF7E3FF14B133
:104C3000FEF709F827E0D148007932280EDAFDF7AF
:104C400073FD28B10020B1EE480AFEF7E6F81AE03D
:104C50000020B1EE480AFEF7E0F814E0C7480079FA
:104C6000C8280EDDFDF760FD28B10020B0EE480A2F
:104C7000FEF7D3F807E00020B0EE480AFEF7CDF8C3
:104C800001E0FDF7E0FFBDEC028B7CBD0EB54FF4FB
:104C9000E670BC490860BC49086017E0BB48006882
:104CA0002D2807DA40F26A20B649086040F27A20DF
:104CB000B549086014204FF4AF7102221223CDE9E8
:104CC0000021029000221146FFF784FCAF480068E3
:104CD0001928E3DC19E001221146AD4800F030FF4D
:104CE00040F26A20A749086040F27A20A64908608D
:104CF00014204FF4AF7102221223CDE9002102905B
:104D0000002211460F20FFF765FCA0480068082824
:104D1000E1DC03210020FEF790F84FF4966004F0E8
:104D2000F1F800224FF40061994800F009FF4FF4B8
:104D30007A6004F0E7F81420FDF75CFF00220121FF
:104D4000934800F0FDFE40F28A208E4908608E49AB
:104D500008600EBD0EB54FF4E6708A4908608A49B6
:104D6000086018E0894800682D2807DA40F26A20B8
:104D7000844908604FF42070834908601E2040F287
:104D8000712101222823CDE9002102900022114641
:104D90000F20FFF71FFC7D4800681928E2DC19E0AE
:104DA000012211467A4800F0CBFE40F26A20754994
:104DB00008604FF42170744908601E204FF4AF71F1
:104DC00001222823CDE900210290002211460A2069
:104DD000FFF700FC6D4800680B28E1DC9FED6D1AC1
:104DE000DFED6C0A0A209FED6B0AFEF730F840F603
:104DF000C41004F087F80A20FDF7FCFE00224FF4EF
:104E00000061634800F09CFE4FF47A6004F07AF889
:104E1000002201215E4800F093FE40F28A205949A9
:104E20000860594908600EBD0EB518E05748006883
:104E3000372807DA40F26A20524908604FF42070A0
:104E4000514908605A2040F2113102223D23CDE938
:104E500000210290002211461920FFF7BBFB4B48AE
:104E600000681928E2DC19E001221146484800F0E8
:104E700067FE40F26A20434908604FF421704249BE
:104E800008605A2040F2113102223D23CDE9002171
:104E90000290002211460F20FFF79CFB3B48006860
:104EA0000828E1DC03210020FDF7C7FF40F2DC50B9
:104EB00004F028F800224FF40061354800F040FE6D
:104EC00040F6B83004F01EF80A20FDF793FE0022E9
:104ED00001212F4800F034FE40F28A202949086061
:104EE000294908600EBD0EB518E0284800682D2835
:104EF00007DA40F26A202349086040F27A2022490A
:104F00000860502040F26B3102225123CDE900218C
:104F10000290002211461920FFF75CFB1B48006835
:104F20001928E2DC19E001221146194800F008FEB8
:104F300040F26A201349086040F27A201249086062
:104F4000502040F26B3102225123CDE90021029022
:104F5000002211460F20FFF73DFB0C48006808288F
:104F6000E1DC03210020FDF768FF40F2DC5003F094
:104F7000C9FF00224FF4006105480DE00006002043
:104F8000BAFAFFFF98020020A4020020940000203B
:104F9000000402400000000000F0D2FD4FF47A60EF
:104FA00003F0B0FF0A20FDF725FE00220121FA4898
:104FB00000F0C6FD40F28A20F8490860F849086010
:104FC0000EBD0EB511E032204FF42F7102224FF4C6
:104FD000CD73CDE900210290002211463C20FFF75D
:104FE000F9FAFBF78BFC00B903E0EE4800688C2867
:104FF000E9DC00BF1BE0EB480068912805DA40F2CD
:10500000AD20E6490860E649086028204FF4AF71FA
:1050100002224FF4D273CDE9002102900022114602
:105020001E20FFF7D7FAFBF769FC00B903E0DD4863
:1050300000680C28DFDC00BFFEF7BEFF052003F090
:1050400061FFFFF790F8FDF710F81FED2E1A5FEDE6
:105050002F0A1E201FED310AFDF7F9FE0020D2496C
:1050600008601EE011E0052003F04CFFFBF79EFCFA
:10507000B0F5617F05DD4FF4E670C8490860C849A6
:105080000860FBF73BFC00B905E0FBF78FFC40F242
:105090004C418842E7DB00BFC3480068401CC2495E
:1050A0000860C1480068FA28DCDBFEF77CFE0520BA
:1050B00003F028FFFFF757F8FCF7D7FF1FED4B1A57
:1050C0005FED4C0A1E201FED4D0AFDF7C0FE0020CB
:1050D000B54908601DE010E0052003F013FFFBF761
:1050E00065FCB0F5617F04DDEB20AC490860AC499C
:1050F0000860FBF703FC00B905E0FBF757FC40F242
:105100004C418842E8DB00BFA7480068401CA64924
:105110000860A5480068FA28DDDBFFF724F8FCF7F3
:10512000A4FF1FED641A5FED650A1E201FED670ADC
:10513000FDF78DFE00209C4908601DE010E0052071
:1051400003F0E0FEFBF732FCB0F5617F04DDEB20FD
:105150009249086092490860FBF7D0FB00B905E06E
:10516000FBF724FC40F24C418842E8DB00BF8E484C
:105170000068401C8C4908608B480068FA28DDDB19
:105180000020FDF737FD0EBD10B5FEF70CFE052023
:1051900003F0B8FEFEF707FE0020FDF72BFD10BD63
:1051A0000EB50FE02820FA2102228723CDE9002145
:1051B0000290002211463C20FFF70CFAFBF79EFB01
:1051C00000B903E0774800688C28EBDC00BF19E0E9
:1051D00074480068962805DA40F2AD206F490860EF
:1051E0006F4908601E20FA2102228F23CDE9002199
:1051F0000290002211462320FFF7ECF9FBF77EFB1B
:1052000000B903E0674800680C28E1DC00BFFEF746
:10521000D3FE052003F076FEFEF7C5FD052003F062
:1052200071FEFCF722FF1FEDA51A5FEDA60A1E20F6
:105230001FEDA80AFDF70BFE00205B4908601DE08A
:1052400010E0052003F05EFEFBF7B0FBB0F57A7FBF
:1052500004DDEB205149086051490860FBF74EFB23
:1052600000B905E0FBF7A2FB40F6FC018842E8DB51
:1052700000BF4D480068401C4B4908604A48006820
:10528000FA28DDDBFEF76FFFFCF7EFFE1FEDBF1A1C
:105290005FEDC00A1E201FEDC10AFDF7D8FD0020FA
:1052A000414908601DE010E0052003F02BFEFBF7EC
:1052B0007DFBB0F5617F04DDEB203849086038499B
:1052C0000860FBF71BFB00B905E0FBF76FFB40F242
:1052D0004C418842E8DB00BF33480068401C32493B
:1052E000086031480068FA28DDDBFEF73CFFFCF778
:1052F000BCFE1FEDD81A5FEDD90A1E201FEDDB0A98
:10530000FDF7A5FD0020284908601DE010E00520FC
:1053100003F0F8FDFBF74AFBB0F5617F04DDEB20FD
:105320001E4908601E490860FBF7E8FA00B905E06D
:10533000FBF73CFB40F24C418842E8DB00BF1A48D7
:105340000068401C1849086017480068FA28DDDB2F
:10535000FEF709FFFCF789FE1FEDF21A5FEDF30A75
:105360001E201FEDF40AFDF772FD00200E490860B3
:1053700028E01BE0052003F0C5FDFBF717FBB0F5A7
:10538000617F04DDEB200549086005490860FBF7F3
:10539000B5FA58B910E0000000040240980200205D
:1053A000A40200209400002058020020FBF7FEFA1F
:1053B00040F24C418842DDDB00BF82480068401C5F
:1053C000804908607F480068FA28D2DB0020FDF79A
:1053D00011FC0EBD10B5044600BF80217A4802F0D2
:1053E0004AFB0028F9D02146774802F094FA10BD14
:1053F00038B505462A4675A1684604F0CFFD6C46CF
:1054000003E02078FFF7E6FF641C20780028F8D13D
:1054100038BD09E01120FDF7E7F801216D4802F0E1
:105420004FFA0F2003F06EFDF4E70CE0FEF726FACA
:10543000FEF763FBFEF7B6FBFEF709FCFEF75DFC2B
:10544000032003F05FFDF1E702E0032003F05AFDC3
:10545000FBE704E0FDF785FF032003F053FDF9E7C8
:105460001FB5FBF745FBFBF782FBFBF7D2FDFBF714
:1054700092FEFBF798FFFBF71DFFFCF70CF8FBF71C
:10548000E1FB4FF4E130FCF7DFF84FF4E130FCF7DB
:1054900064F94FF4E130FCF7EDF94FF4E130FCF73B
:1054A0007BFA4FF46120FCF7AEFBFDF747F90020D3
:1054B00049490860FCF7D9FD1420484908603C20A0
:1054C000474908604FF4E170464908604649086062
:1054D0004FF4FA70454908604FF461704449086020
:1054E000002000900190029003464FF4807241A189
:1054F0000390454803F0C7FA002000900190029005
:1055000003464FF4807241A10390454803F0BBFA73
:10551000002000900190029003464FF4807241A158
:105520000390454803F0AFFA2DE024E0282107203E
:10553000FFF754FA4148407800F0200008B1FEF728
:1055400032FC3E48407800F0100008B1FEF734FD10
:105550003A48407800F0080008B1FEF704FE3748EA
:10556000407800F0040008B1FEF7C2FE3348C0796D
:1055700008B1FFF7F7F83148007800F00100002883
:10558000D4D1FDF737FBD0E71FB500200090019084
:10559000029003464FF4807229A103902B4803F038
:1055A00072FA002000900190029003464FF480723E
:1055B00027A10390294803F066FA03F07DFE00203E
:1055C00004B010BD580200200010014025303258B0
:1055D0002000000000480040C4000020C00200205D
:1055E000C402002098020020A4020020B002002083
:1055F000BC0200207461736B526F626F74416E6104
:105600006C79746963730000535400087461736BA0
:10561000446965754B6869656E436F436175000049
:10562000495400087461736B446965754B6869651A
:105630006E436F43617531002B5400080006002053
:105640007461736B4D61696E000000006154000865
:105650007461736B4779726F000000001354000887
:105660000CB50020019000907248006840F4803032
:105670007049086000BF6F48006800F40030009077
:105680000198401C0190009818B90198B0F5A06FDE
:10569000F1D16848006800F4003010B1012000909A
:1056A00001E0002000900098012846D16148403078
:1056B000006840F080505F49403108605E480068F3
:1056C00040F480405C4908605A48083000685949F5
:1056D000083108600846006840F400400860084649
:1056E000006840F4A05008605448091F0860081F73
:1056F000006840F08070091F086000BF4D480068D6
:1057000000F000700028F9D040F205604C490860B4
:1057100048480830006820F0030046490831086016
:105720000846006840F00200086000BF41480830A9
:10573000006800F00C000828F8D10CBD10B53D48F9
:10574000006840F001003B490860002039490831F9
:105750000860384800683B490840364908603A48C4
:10576000091D0860081F006820F48020091F0860D8
:10577000002030490C310860FFF772FF4FF00060E5
:105780003249086010BD70B50020002202230024B9
:105790000221284D08352D6805F00C0020B10428A1
:1057A00006D0082834D107E0294D2A4E356033E071
:1057B000294D284E35602FE01E4D2D1D2D68C5F357
:1057C00080541C4D2D1D2D6805F03F0154B1224D14
:1057D000B5FBF1F5174E361D3668C6F3881605FB86
:1057E00006F209E01A4DB5FBF1F5124E361D36688A
:1057F000C6F3881605FB06F20E4D2D1D2D68C5F368
:1058000001456D1C6B00B2FBF3F5124E356003E0F1
:105810000F4D104E356000BF00BF064D08352D6896
:10582000C5F303150D4E705D0A4D2D68C540094E38
:10583000356070BD003802400070004008544007D9
:10584000003C0240FFFFF6FE1030002408ED00E0AF
:105850000024F4005803002000127A005C030020AA
:105860000648804706480047FEE7FEE7FEE7FEE7FA
:10587000FEE7FEE7FEE7FEE7FEE7FEE73D5700082E
:105880008901000832490143324A1160704770B5FE
:10589000002100230F22C4781CB32E4C246804F48A
:1058A000E064C4F5E064C4F30721C1F10404E3B289
:1058B0000A4144789C40E1B28478144021430C07AB
:1058C000210E254C05786155047804F01F0501244C
:1058D000AC4005786D11AD0005F1E025C5F800413B
:1058E00009E0047804F01F050124AC401B4D067844
:1058F000761145F8264070BD194A0A400243154BFF
:105900001B1F1A60704739B1124A121D12680243F8
:10591000104B1B1D1A6006E00E4A121D12688243CE
:105920000C4B1B1D1A607047042808D14FF0E02172
:10593000096941F004014FF0E022116107E04FF0E6
:10594000E021096921F004014FF0E0221161704764
:105950000000FA050CED00E000E400E080E100E06A
:1059600080FFFF1F10B504468C48844208D10121F6
:10597000084600F000FB0021012000F0FCFA5EE088
:105980008748844208D10121022000F0F4FA002166
:10599000022000F0F0FA52E08248844208D101214E
:1059A000042000F0E8FA0021042000F0E4FA46E0C8
:1059B0007D48844208D10121082000F0DCFA002152
:1059C000082000F0D8FA3AE07848844208D1012152
:1059D000102000F0D0FA0021102000F0CCFA2EE0C8
:1059E0007348844208D10121202000F0C4FA00212C
:1059F000202000F0C0FA22E06E48844208D1012144
:105A0000402000F0B8FA0021402000F0B4FA16E07F
:105A10006948844208D10121802000F0ACFA0021BD
:105A2000802000F0A8FA0AE06448844207D10121EE
:105A3000801500F0A0FA0021A01500F09CFA10BD1E
:105A4000F0B50A4600210023002400BF3DE00125F7
:105A500005FA01F3156805EA03049C4234D1056890
:105A60004F000326BE40B543056015794E00B54092
:105A70000668354305601579012D02D01579022D90
:105A800016D185684F000326BE40B5438560557921
:105A90004E00B540866835438560456801268E40D6
:105AA000B5434560456896798E40B6B2354345604A
:105AB000C5684F000326BE40B543C560D5794E008A
:105AC000B540C6683543C560491C1029BFD3F0BD39
:105AD0004FF6FF7101600021017141718171C17147
:105AE000704708B54FF480320092009A0A43009242
:105AF000009AC261C161009AC261C2690092C26922
:105B0000009208BD0246002013690B400BB1012032
:105B100000E0002070470146086980B270470246E5
:105B2000002053690B400BB1012000E000207047BA
:105B30000146486980B270470183704741837047CE
:105B40000AB1018300E041837047416170474269B7
:105B50004A4042617047F0B5002300244D07ED0E26
:105B600002FA05F3CE1000F1200555F826504E0735
:105B7000F70E0F26BE40B543CF1000F1200646F8C1
:105B80002750CE1000F1200555F8265045EA0304B1
:105B9000CE1000F1200545F82640F0BD000002407F
:105BA0000004024000080240000C024000100240C5
:105BB0000014024000180240001C02400020024075
:105BC000FA48006840F00100F84908600020F749F1
:105BD00008310860F5480068F5490840F349086055
:105BE000F448091D0860081F006820F48020091F80
:105BF00008600020ED490C31086070470021EB4A35
:105C0000921C117011460870704710B501460022B1
:105C1000002300204A11012A02D1E44C236808E045
:105C2000022A03D1E14C7034236802E0DF4C743463
:105C3000236801F01F02012494401C400CB1012094
:105C400000E0002010BD38B50020009000240025A1
:105C500000BF3120FFF7D9FF05460098401C009097
:105C60000098B0F5A06F01D0002DF2D03120FFF7E1
:105C7000CCFF08B1012400E00024204638BD0146D5
:105C80000020CA4A106820F0F80040EAC100106005
:105C90007047C949086070470021C44A70321170CA
:105CA0001170012802D004280AD104E00121BF4A62
:105CB0007032117005E00521BC4A7032117000E0AD
:105CC00000BF00BF7047BD490860704770B5049CB5
:105CD00041EA82150126C6EB530645EA064505430F
:105CE00045EA0465B14E361D356070BDB24908669F
:105CF0007047820142EA0172AC4B84331A607047EC
:105D0000AD4988667047AC49C864704702460020B8
:105D1000A64B0833186820F0EC6042EA01031843F0
:105D2000A24B083318607047024600209F4B08338F
:105D3000186820F0784042EA010318439B4B08336F
:105D40001860704701460020984A0832106820F019
:105D5000030008431060704794480830006800F062
:105D60000C00704701460020904A0832106820F06D
:105D7000F000084310607047014600208B4A08324B
:105D8000106820F4E050084310607047014600207E
:105D9000864A0832106820F4604040EAC100106072
:105DA0007047F0B5002100220024022500260223BE
:105DB0007E4F08373F6807F00C0121B1042905D058
:105DC000082937D105E07E4F076036E07D4F076038
:105DD00033E0764F3F1D3F68C7F38056734F3F1D3A
:105DE0003F6807F03F036EB1764FB7FBF3F7DFF87C
:105DF000BCC10CF1040CDCF800C0CCF3881C07FB20
:105E00000CF40CE06E4FB7FBF3F7DFF8A0C10CF118
:105E1000040CDCF800C0CCF3881C07FB0CF4634FC7
:105E20003F1D3F68C7F301477F1C7D00B4FBF5F7BA
:105E3000076002E0624F076000BF00BF5B4F08379A
:105E40003F6807F0F00109095F4F7A5C0768D740A7
:105E50004760564F08373F6807F4E051890A5A4FA8
:105E60007A5C4768D7408760504F08373F6807F42F
:105E70006041490B544F7A5C4768D740C760F0BD1A
:105E8000002100F44072B2F5407F0AD1474A08323F
:105E9000116821F4F8114D4A02401143434A083277
:105EA0001160424A70321268C0F30B031A433F4B31
:105EB00070331A60704741494439086070473F4960
:105EC00040390860704742490860704739B1374A25
:105ED000303212680243354B30331A6006E0334AE1
:105EE000303212688243314B30331A60704739B117
:105EF0002E4A3432126802432C4B34331A6006E0C7
:105F00002A4A343212688243284B34331A6070476D
:105F100039B1264A383212680243244B38331A60AA
:105F200006E0224A383212688243204B38331A6026
:105F3000704739B11D4A4032126802431B4B40334F
:105F40001A6006E0194A403212688243174B403308
:105F50001A60704739B1154A443212680243134B34
:105F600044331A6006E0114A4432126882430F4BF0
:105F700044331A60704739B10C4A10321268024338
:105F80000A4B10331A6006E0084A10321268824346
:105F9000064B10331A607047E1B1044A143212689C
:105FA0000243024B14331A6019E00000003802402B
:105FB000FFFFF6FE1030002400004742800E4742EB
:105FC0000024F40000127A006C030020FFFCFF0F95
:105FD0005C0147425B4A126882435A4B1A60704721
:105FE00039B1584A121D12680243564B1B1D1A60E4
:105FF00006E0544A121D12688243524B1B1D1A6060
:10600000704739B14F4A0C32126802434D4B0C3382
:106010001A6006E04B4A0C3212688243494B0C333B
:106020001A60704739B1474A103212680243454B33
:1060300010331A6006E0434A103212688243414B23
:1060400010331A60704739B13E4A3C32126802433D
:106050003C4B3C331A6006E03A4A3C3212688243B9
:10606000384B3C331A60704739B1364A40321268B7
:106070000243344B40331A6006E0324A4032126821
:106080008243304B40331A60704739B12D4A443255
:10609000126802432B4B44331A6006E0294A44320B
:1060A00012688243274B44331A60704739B1254A3E
:1060B0004C3212680243234B4C331A6006E0214AEB
:1060C0004C32126882431F4B4C331A60704739B10F
:1060D0001C4A5032126802431A4B50331A6006E0D1
:1060E000184A503212688243164B50331A60704778
:1060F00039B1144AD21F12780243124BDB1F1A70B7
:1061000006E0104AD21F127882430E4BDB1F1A7032
:1061100070470C486030006840F080700949603179
:106120000860704701460020064A083A12680A4093
:106130000AB1012000E0002070470249891F087061
:10614000704700001438024010B501210802FFF723
:1061500069FF00214FF48070FFF764FF10BD30B578
:106160000246002000235068F84C20400D790C684E
:1061700044EA0524204350609068F54C2040D1E962
:1061800003542C438D682C434D7944EA4504204345
:106190009060D06A20F470000C7D641EE4B223434A
:1061A00040EA0350D06230BD0021016001714171AD
:1061B0008160C16001610121017570470021E54ADC
:1061C0001168E54A1140D0E900231A4383681A4355
:1061D000C3681A431143E14AC2F80413704700210F
:1061E000016041608160C160704721B1826842F006
:1061F0000102826003E0826822F00102826070473F
:106200000A4600214168D64B19401143416070474E
:106210004162826270470A460021416821F01F01F5
:1062200011434160704738B1CA49096841F400011F
:10623000CA4AC2F8041306E0C649096821F40001FD
:10624000C64AC2F80413704738B1C249096841F41C
:106250008001C24AC2F8041306E0BE49096821F46D
:106260008001BE4AC2F804137047F0B504460D46DB
:1062700000200021092D11DDE068A5F10A0606EBDA
:106280004607072606FA07F18843A5F10A0606EB3A
:10629000460603FA06F10843E0600CE0206905EBCE
:1062A0004507072606FA07F1884305EB450603FA7A
:1062B00006F108432061072A0FDA606B561E06EBD1
:1062C00086071F2606FA07F18843561E06EB860648
:1062D00005FA06F10843606322E00D2A0FDA206B0D
:1062E000D61F06EB86071F2606FA07F18843D61F3E
:1062F00006EB860605FA06F10843206310E0E06A23
:10630000A2F10D0606EB86071F2606FA07F1884361
:10631000A2F10D0606EB860605FA06F10843E062D7
:10632000F0BD816841F080418160704701460020E6
:106330008A6802F480020AB1012000E00020704760
:1063400021B1826842F48062826003E0826822F4B4
:1063500080628260704721B1826842F002028260EE
:1063600003E0826822F002028260704710B50A469C
:1063700000210023416821F46041531E41EA43316A
:10638000416010BD21B1426842F40062426003E006
:10639000426822F40062426070470146C86C80B2D5
:1063A00070476C48001D0068704721B1826842F454
:1063B0008072826003E0826822F48072826070479B
:1063C00021B1826842F40072826003E0826822F4A4
:1063D00000728260704738B15E49096841F400512B
:1063E0005E4AC2F8041306E05A49096821F40051D4
:1063F0005A4AC2F804137047F0B504461546002007
:1064000000220026092911DDE068A1F10A0707EB47
:10641000470C072707FA0CF29043A1F10A0707EB94
:10642000470703FA07F21043E0600CE0206901EB34
:10643000410C072707FA0CF2904301EB410703FADE
:1064400007F210432061A06BC0F30156EF1C06F168
:10645000010CA7EB0C0707EB870C1F2707FA0CF2C0
:106460009043EF1C06F1010CA7EB0C0707EB870725
:1064700001FA07F21043A063F0BD10B50A460021EF
:106480000023816B21F44011531E41EA03518163C3
:1064900010BD08B5002300930090009B0B440093AF
:1064A000009B1A6008BD0A460021816821F4702112
:1064B0001143816070470A460021816821F4401130
:1064C000114381607047816841F4800181607047A9
:1064D000014600208A6802F480020AB1012000E02F
:1064E0000020704721B1426842F48062426003E0BC
:1064F000426822F480624260704721B1426842F4EF
:106500008052426003E0426822F480524260704749
:1065100008B5024600200090009201F12800009B7F
:10652000184400900098006880B208BD10B50B4672
:106530000021D9B2012404FA01F11AB144680C43D4
:10654000446002E044688C43446010BDFFFEFFFCE1
:10655000FDF7FFC004230140E030FCFF00200140B4
:10656000FFFD3FFF0246002013680B400BB10120E6
:1065700000E000207047CA430260704770B50246D1
:106580000020002300240B12556801268E4005EAE6
:10659000060415681D4015B10CB1012000E0002073
:1065A00070BD00220A12D34303607047016821F0D6
:1065B000010101600021016041608160C1600161F1
:1065C00021214161DB49884204D13D21D94A103A59
:1065D00091608CE0D7491831884205D14FF474613D
:1065E000D44A103A916082E0D2493031884205D1D4
:1065F0004FF47411CF4A103A916078E0CD49483198
:10660000884205D14FF07461CA4A103A91606EE039
:10661000C8496031884204D1C749C64A103AD1609E
:1066200065E0C4497831884204D1C449C14A103A6E
:10663000D1605CE0BF499031884204D1C049BD4A75
:10664000103AD16053E0BB49A831884205D14FF0E0
:106650003D51B84A103AD16049E0BA49884204D164
:106660003D21B84A083A116041E0B64918318842E4
:1066700005D14FF47461B34A083A116037E0B1496B
:106680003031884205D14FF47411AE4A083A116096
:106690002DE0AC494831884205D14FF07461A94AD8
:1066A000083A116023E0A7496031884204D1A24929
:1066B000A44A121F11601AE0A2497831884204D11D
:1066C0009E49A04A121F116011E09E4990318842F4
:1066D00004D19B499B4A121F116008E09949A831D7
:1066E000884204D14FF03D51964A121F1160704705
:1066F00010B500220268944B1A40CC680B68234303
:106700004C6923438C692343CC6923430C6A23439C
:106710004C6A23438C6A23434C6B23438C6B234387
:106720001A430260426922F00702D1E90B34234385
:106730001A4342610B6943604B6883608B68C36096
:1067400010BD0021016041608160C1600161416153
:106750008161C161016241628162C1620163416321
:106760008163704721B1026842F00102026003E0D8
:10677000026822F001020260704721B1026842F40F
:106780000042026003E0026822F4004202607047A7
:1067900021B1026842F02002026003E0026822F0A8
:1067A000200202607047416070470146486880B22D
:1067B000704722B1036843F40023036003E00368D9
:1067C00023F4002303600161704721B1026842F4A1
:1067D0008022026003E0026822F480220260704797
:1067E0000AB1016100E0C1607047014600200A68FB
:1067F00002F400220AB1012000E0002070470146A7
:1068000000200A6802F001020AB1012000E0002025
:106810007047014600204A6902F03800704730B5E1
:1068200003460A4600200024464DAB4202D24149AD
:10683000103901E04349103902F000550DB14C68A0
:1068400000E00C68414D2C4004EA02050DB1012026
:1068500000E0002030BD02463A4B9A4202D2354851
:10686000103801E03748103801F000531BB1374BA6
:106870000B40C36002E0354B0B408360704710B59E
:1068800001F080034BB122B1436943F080034361BF
:1068900003E0436923F08003436180290BD02AB1D0
:1068A000036801F01E042343036004E0036801F061
:1068B0001E04A343036010BD70B5024600200024EF
:1068C0000025204EB24202D21A4B103B01E01D4B74
:1068D000103B1F4E0E4036B11E2606EAD124166824
:1068E00006EA040502E0566906F0800501F000564C
:1068F0000EB15C6800E01C68144E344004EA0106E6
:1069000016B10DB1012000E0002070BD02460D4B14
:106910009A4202D20748103801E00A48103801F0C4
:1069200000531BB1094B0B40C36002E0074B0B4007
:1069300083607047106002403D000020400F00203F
:1069400000003D20106402403F801CF07D0F7D0F51
:106950003C0F3C0F002044490860091D0860091DD8
:106960000860091D086041483F49143108607047BC
:1069700000213D498279002A3AD00A46126803680C
:106980009A430B461A600A1D126803689A430B1D4E
:106990001A60027911440A6803681A430A60324A8D
:1069A0000832126803689A432F4B08331A601A1D85
:1069B000126803689A432C4B0C331A604279102AF0
:1069C0000ED11A1F126803681A43274B08331A6046
:1069D0001A1D126803681A43234B0C331A600DE02A
:1069E0002149427911440A6803681A430A6005E0A4
:1069F000027911440A6803689A430A6070470021CB
:106A0000016001710C2141710021817170471649AB
:106A1000103109680143144A103211607047014671
:106A20000020114A143212680A400AB1012000E025
:106A3000002070470C49143108607047014600205F
:106A40000022094B1B6803EA0102074B14331B6841
:106A50000B4013B10AB1012000E000207047024949
:106A60001431086070470000003C0140FFFF7F00C8
:106A700010B50446FE48844208D101210846FFF7BC
:106A8000D1FA00210120FFF7CDFA9DE0B4F1804F4B
:106A900008D101210846FFF7B4FA00210120FFF7D1
:106AA000B0FA91E0F348844208D101210220FFF7B7
:106AB000A8FA00210220FFF7A4FA85E0EE488442FC
:106AC00008D101210420FFF79CFA00210420FFF7E0
:106AD00098FA79E0E948844208D101210820FFF7BB
:106AE00090FA00210820FFF78CFA6DE0E448844218
:106AF00008D101211020FFF784FA00211020FFF7B0
:106B000080FA61E0DF48844208D101212020FFF7AC
:106B100078FA00212020FFF774FA55E0DA48844221
:106B200008D101210220FFF77DFA00210220FFF7A2
:106B300079FA49E0D548844209D101210804FFF7D8
:106B400071FA00214FF48030FFF76CFA3CE0D04836
:106B5000844209D101214804FFF764FA00214FF46F
:106B60000030FFF75FFA2FE0CA48844209D10121C3
:106B70008804FFF757FA00214FF48020FFF752FAFC
:106B800022E0C548844208D101214020FFF739FAAC
:106B900000214020FFF735FA16E0C048844208D1B2
:106BA00001218020FFF72DFA00218020FFF729FA2C
:106BB0000AE0BB48844207D101218015FFF721FA82
:106BC0000021A015FFF71DFA10BD00220288A84B76
:106BD00098420ED0AC4B98420BD0B0F1804F08D009
:106BE000A44B984205D0A44B984202D0A34B9842A4
:106BF00004D14FF68F731A404B881A43A04B98422A
:106C000007D0A04B984204D04FF6FF431A400B899F
:106C10001A4302804B68C3620B880385944B9842E9
:106C200002D0994B984201D18B7A0386012383824B
:106C300070474FF0FF3141600021018001814180A8
:106C4000817270470185828270470A46002101885F
:106C50004FF68F73194011430180704741627047AE
:106C6000C16270470146486A70470146088D704707
:106C700021B1028842F00202028004E002884FF64D
:106C8000FD731A400280704721B1028842F004026D
:106C9000028004E002884FF6FB731A4002807047BE
:106CA00021B1028842F08002028004E002884FF69F
:106CB0007F731A400280704702884FF6F7731A40BC
:106CC000028002880A430280704702884FF6FF4321
:106CD0001A40028002880A430280704721B102886C
:106CE00042F00102028004E002884FF6FE731A406F
:106CF0000280704770B5002400220023058C4FF6F7
:106D0000FE7635400584028C8388048B4FF68F75A0
:106D10002C40B51E2C400D882C43751E2A408D89B1
:106D20002A434D882A43524DA84202D0564DA842CC
:106D300013D14FF6F7752A40CD892A434FF6FB75DC
:106D40002A408D882A434FF6FF652B404FF6FF55AA
:106D50002B400D8A2B434D8A2B43838004838D68FF
:106D60004563028470BD70B5002400220023058CA9
:106D70004FF6EF7635400584028C8388048B48F605
:106D8000FF752C404FF6FF452C400D884FF6FF76DF
:106D900006EA05252C434FF6DF752A408D8906EA61
:106DA00005152A434D8806EA05152A43304DA842A9
:106DB00002D0354DA8421DD14FF67F752A40CD89AE
:106DC0004FF6FF7606EA05152A434FF6BF752A40AF
:106DD0008D8806EA05152A434FF6FF352B404FF202
:106DE000FF752B400D8A06EA85052B434D8A06EA7E
:106DF00085052B43838004838D688563028470BD81
:106E000070B5002400220023058C4FF6FF66354044
:106E10000584028C8388848B4FF68F752C404FF647
:106E2000FC752C400D882C434FF6FF552A408D8968
:106E30004FF6FF7606EA05252A434D8806EA052522
:106E40002A430B4DA84202D00F4DA84238D14FF231
:106E5000FF752A40CD894FF6FF7606EA05252A43BD
:106E60004FF6FF352A408D8806EA05252A4319E0AA
:106E7000000001400004004000080040000C0040F9
:106E80000010004000140040000401400040014098
:106E9000004401400048014000180040001C004030
:106EA000002000404EF6FF752B404DF6FF752B403D
:106EB0000D8A06EA05152B434D8A06EA05152B4374
:106EC000838084838D68C563028470BD70B50022A1
:106ED00000230024058C4EF6FF7635400584038C94
:106EE0008488828B48F6FF752A404FF6FF452A407A
:106EF0000D884FF6FF7606EA05252A434DF6FF7505
:106F00002B408D8906EA05352B434D8806EA053569
:106F10002B43FE4DA84202D0FD4DA84208D14BF6AE
:106F2000FF752C400D8A4FF6FF7606EA85152C4337
:106F3000848082838D680564038470BD0021018094
:106F40004180818081608181C1810182418270475D
:106F500070B50346002000241846183001258D40E6
:106F6000ACB21D8CA5431D8409B108290AD100EBE0
:106F7000610005684FF68F7635400560056815435A
:106F800005600FE00D1FC5F34E052844056848F65F
:106F9000FF763540056005684FF6FF7606EA022663
:106FA0003543056070BD4163704781637047C163BD
:106FB0007047016470470A460021018B4FF68F73BA
:106FC00019401143018370470A460021018B48F69E
:106FD000FF7319404FF6FF7303EA0223194301833D
:106FE00070470A460021818B4FF68F731940114379
:106FF000818370470A460021818B48F6FF73194050
:107000004FF6FF7303EA02231943818370470A4650
:107010000021018B4FF6F77319401143018370472C
:107020000A460021018B4FF2FF7319404FF6FF73A0
:1070300003EA02231943018370470A460021818B2A
:107040004FF6F77319401143818370470A460021B8
:10705000818B4FF2FF7319404FF6FF7303EA02234F
:107060001943818370470A460021018B4FF6FB7359
:1070700019401143018370470A460021018B4FF6E6
:10708000FF3319404FF6FF7303EA022319430183CC
:1070900070470A460021818B4FF6FB73194011435C
:1070A000818370470A460021818B4FF6FF331940D8
:1070B0004FF6FF7303EA02231943818370470A46A0
:1070C0000021018B4FF67F731940114301837047F4
:1070D0000A460021018BC1F30E014FF6FF7303EA4C
:1070E00002231943018370470A460021818B4FF622
:1070F0007F7319401143818370470A460021818BB9
:10710000C1F30E014FF6FF7303EA02231943818393
:1071100070470A460021018C4FF6FD731940114358
:10712000018470470A460021018C4FF6F77319401D
:107130001143018470470A460021018C4FF6DF732A
:1071400019404FF6FF7303EA021319430184704795
:107150000A460021018C4FF67F7319404FF6FF73EA
:1071600003EA02131943018470470A460021018C87
:107170004FF6FF5319404FF6FF7303EA02231943FA
:10718000018470470A460021018C4FF2FF731940B9
:107190004FF6FF7303EA02231943018470470A463E
:1071A0000021018C4DF6FF7319404FF6FF7303EA7F
:1071B000023319430184704730B5002301248C4009
:1071C000A3B2048C9C430484048C02FA01F5ADB292
:1071D0002C43048430BD30B5002304248C40A3B27A
:1071E000048C9C430484048C02FA01F5ADB22C4358
:1071F000048430BD828B4FF2FF331A408283828B2E
:107200004FF6FF7303EA01231A4382837047F0B5F8
:107210000C461546002100220026078C4EF6FF7C06
:1072200007EA0C070784818B028C4FF6FF7707EA89
:10723000043640F6FF4739404FF6FF7707EA052747
:1072400039434FF6FF7707EA0337394345F6FF77AF
:107250003A4046F480573A4381830284F0BD828BE2
:107260004FF6F3731A408283828B0A4382837047FE
:10727000F0B50C461546002100220026078C4FF67B
:10728000FF6C07EA0C070784818B028C4FF6FF77AF
:1072900007EA04264FF60C7739404FF6FF7707EAE6
:1072A00003172F4339434FF2FF573A4046F4807794
:1072B0003A4381830284F0BD028B4FF2FF331A40C0
:1072C0000283028B4FF6FF7303EA01231A43028302
:1072D0007047F0B50C461546002100220026078CA9
:1072E0004FF6EF7C07EA0C070784018B028C4FF600
:1072F000FF7707EA041640F6FF4739404FF6FF775D
:1073000007EA033739434FF6FF7703E000000140F7
:107310000004014007EA052739434FF65F773A40FA
:1073200046F010073A4301830284F0BD028B4FF60A
:10733000F3731A400283028B0A4302837047F0B54D
:107340000C46154600210022068C4FF6FE773E4083
:107350000684018B028C4FF60C7631407E1C06EAC7
:1073600003162E4331434FF6F576324044F00106C2
:10737000324301830284F0BD70B505460C46208877
:1073800050B92389A28861882846FFF7D8FFE18891
:107390002846FFF7CBFF25E0208804280AD123895F
:1073A000A28861882846FFF794FFE1882846FFF706
:1073B00083FF17E0208808280AD12389A2886188E2
:1073C0002846FFF755FFE1882846FFF748FF09E008
:1073D0002389A28861882846FFF719FFE18828469B
:1073E000FFF708FF70BD00210180418001218180ED
:1073F0000021C180018170472DE9F04105460C460E
:1074000000260127608808B9022600E00026A0882F
:10741000012801D1022700E001272088A0B9238993
:10742000A28861882846FFF78AFFE1882846FFF78F
:107430007DFF23893A4631462846FFF74AFFE18817
:107440002846FFF739FF13E02389A2886188284680
:10745000FFF73FFFE1882846FFF72EFF23893A46D2
:1074600031462846FFF76BFFE1882846FFF75EFFAD
:10747000BDE8F0810146486B70470146886B704754
:107480000146C86B70470146086C70470A884B88F4
:107490001A438B881A43CB881A430B891A434B89AA
:1074A0001A438B891A43A0F84420704700210180B9
:1074B00041808180C180018141818181704731B1EA
:1074C000B0F8442042F40042A0F8442005E0B0F8AF
:1074D0004420C2F30E02A0F84420704721B18288F4
:1074E00042F00402828004E082884FF6FB731A4067
:1074F0008280704721B1828842F00102828004E0DC
:1075000082884FF6FE731A40828070471AB18389D1
:107510000B43838102E083898B438381704781829F
:10752000704702460020138A0B400BB1012000E097
:1075300000207047CA430282704730B502460020DF
:1075400000230024158A05EA0103958905EA010450
:1075500013B10CB1012000E0002030BDCA4302820B
:10756000704741EA0203A0F8483070471AB1838996
:107570000B43838102E083898B438381704721B170
:10758000828842F00802828004E082884FF6F77316
:107590001A408280704701894FF6F87211400181CC
:1075A00070470A46002101894FF68F731940114335
:1075B0000181704730B504460D4629462046FFF745
:1075C000F0FF208940F00700208130BD2DE9F04117
:1075D00004460D4616461F46602D06D13B46012245
:1075E00031462046FFF775FE05E03B460122314655
:1075F0002046FFF7A4FE29462046FFF7D2FF208948
:1076000040F007002081BDE8F08130B50C46002134
:107610000189C9B24FF6FF7505EA032515432543D5
:107620002943018130BD2DE9F04105460E4617463C
:107630009846002443463A4631462846FFF7E5FF80
:107640002C894FF6F870044044F007044FF68F7011
:10765000044044F070042C81BDE8F081F0B504468C
:107660000D4616461F463B46324629462046FFF742
:10767000CCFF208940F480402081F0BD82884FF605
:107680008F731A40828082880A4382807047028901
:107690004FF6F8731A40028102890A43028170474B
:1076A00002894FF67F731A40028102890A430281E0
:1076B0007047F0B50C4615461E46002100220023F7
:1076C0000189028B038C4FF6F877394021434FF63E
:1076D000FC473A4040F201173A434FF6DD773B4012
:1076E0004FF6FF7707EA06172F433B4301810283DA
:1076F0000384F0BD21B1828842F08002828004E0E0
:1077000082884FF67F731A4082807047A0F850102D
:107710007047000010B50446F748844208D10121A3
:107720001020FEF77FFC00211020FEF77BFC3EE0DE
:10773000F248844209D101214804FEF762FC00218D
:107740004FF40030FEF75DFC31E0ED48844209D192
:1077500001218804FEF755FC00214FF48020FEF73C
:1077600050FC24E0E748844209D10121C804FEF717
:1077700048FC00214FF40020FEF743FC17E0E248EC
:10778000844209D101210805FEF73BFC00214FF49A
:107790008010FEF736FC0AE0DC48844207D1012164
:1077A0002020FEF73FFC00212020FEF73BFC10BD0F
:1077B0002DE9FF4705460E460024A14600BFA0461E
:1077C000B08900B100BF2C8A24F44054F0880443EF
:1077D0002C82AC8941F20C608443B0883189084323
:1077E000718908430443AC81AC8A24F44074B089A5
:1077F0000443AC826846FEF7D4FABF48854202D003
:10780000C248854202D1DDF80C9001E0DDF8089015
:10781000A88900F4004040B109EBC90000EB091051
:1078200031684900B0FBF1F707E009EBC90000EB54
:10783000091031688900B0FBF1F76420B7FBF0F064
:1078400004012009642101FB1078A88900F400409C
:1078500040B1322000EBC800B0FBF1F000F00700AF
:10786000044308E0322000EB08106421B0FBF1F083
:1078700000F00F0004432C81BDE8FF874FF4165140
:10788000016000218180C18001810C2141810021A2
:107890008181704710B502460020108A20F4706084
:1078A0000B884C8823438C882343CC88234318437C
:1078B000108210BD0021018041808180C18070470D
:1078C00021B1828942F40052828104E082894DF61E
:1078D000FF731A4082817047028B02F47F42028359
:1078E000028B0A430283704721B1828942F400422D
:1078F000828103E08289C2F30E028281704721B146
:10790000828A42F40062828204E0828A4FF2FF732C
:107910001A4082827047C1F3080282807047014694
:107920008888C0F308007047028A4FF6F0731A4047
:107930000282028A0A430282704721B1828942F0A0
:107940000202828104E082894FF6FD731A4082812F
:10795000704782894FF2FF731A40828182890A43FD
:1079600082817047028A4FF6DF731A400282028AD0
:107970000A430282704721B1028A42F480420282A5
:1079800004E0028A4BF6FF731A4002827047818935
:1079900041F001018181704721B1828A42F00802E1
:1079A000828204E0828A4FF6F7731A40828270471F
:1079B000028BD2B20283028B42EA01220283704719
:1079C00021B1828A42F02002828204E0828A4FF64C
:1079D000DF731A408282704721B1828A42F010021E
:1079E000828204E0828A4FF6EF731A4082827047E7
:1079F000828A4FF6FB731A408282828A0A4382820D
:107A0000704721B1828A42F00202828204E0828AB7
:107A10004FF6FD731A40828270471AB1838A0B4376
:107A2000838202E0838A8B4383827047F0B50346EA
:107A3000002400260025002040F66A17B94200D134
:107A400000BF1846C1F3421401F01F06012707FAD0
:107A500006F5012C01D10C3004E0022C01D11030CC
:107A600000E014301AB107682F43076002E007688E
:107A7000AF430760F0BD02460020B1F5007F00D1A2
:107A800000BF13880B400BB1012000E000207047BD
:107A900001F40072B2F5007F00D100BFCA4302803A
:107AA000704770B50246002400230025002040F6F0
:107AB0006A16B14200D100BFC1F3421501F01F03A5
:107AC000012606FA03F3012D02D19689334006E020
:107AD000022D02D1168A334001E0968A33400C12FF
:107AE000012606FA04F41688344013B10CB10120C3
:107AF00000E0002070BD0000001001400044004084
:107B000000480040004C004000500040001401407C
:107B100010B50022002340F66A14A14200D100BF34
:107B20000A1201249440A3B2DC43048010BD00007B
:107B300010B501218803FEF775FA00214FF480404B
:107B4000FEF770FA10BD1A490860704730B5002280
:107B50008B071C0F0F2303FA04F2154B08338C100C
:107B600053F824309343124C08348D1044F82530D8
:107B700023468C1053F824308C07240F00FA04F4A9
:107B800023430B4C08348D1044F8253030BD09498F
:107B90000860704708490860704700200449203198
:107BA000096801F4807109B1012000E000207047EC
:107BB00000380140DC0027420004274200F10801A0
:107BC00041604FF0FF31816000F10801C160016147
:107BD00000210160704700210161704742685368CD
:107BE0004B6043688B6053689960516041600861E5
:107BF00003685B1C0360704710B502460B685C1C91
:107C00000CB9106907E002F1080000E04068446820
:107C100024689C42FAD944684C604C68A160886032
:107C200041600A611468641C146010BD0146D1E90A
:107C300001309860D1E9010358600A6950688842B0
:107C400001D188685060002008611068401E1060F3
:107C50001068704770B504460D461CB9F8F7E8FA8D
:107C600000BFFEE700F0F3FDD4E90F12206801FB2E
:107C7000020060600020A0632068A060E06B401EEE
:107C8000226C216800FB0210E0604FF0FF3060645E
:107C9000A06475B9206908B9012000E0002080B90E
:107CA00004F1100001F02AFC01280AD100F0C9FDFE
:107CB00007E004F11000FFF781FF04F12400FFF753
:107CC0007DFF00F0CDFD012070BD2DE9F047054698
:107CD0000E4617464FF00009DDB1502000F0E4FDDC
:107CE0000446B4B105FB06F000F10108404600F07F
:107CF000DBFD2060206848B1E56326640121204651
:107D0000FFF7A8FF84F84D70A14602E0204600F07E
:107D10002CFEB9F1000F03D1F8F78AFA00BFFEE795
:107D20004846BDE8F08710B5044600F090FD11E02C
:107D3000606A08B9012000E0002050B904F1240075
:107D400001F0DCFB08B101F054FCA06C401EA06403
:107D500000E002E0A06C0028EADC00BF4FF0FF303A
:107D6000A06400F07DFD00F072FD11E0206908B90B
:107D7000012000E0002050B904F1100001F0BEFB2A
:107D800008B101F036FC606C401E606400E002E067
:107D9000606C0028EADC00BF4FF0FF30606400F048
:107DA0005FFD10BD70B5044600F051FDA06BE16BA6
:107DB000884201D1012000E00020054600F050FD7E
:107DC000284670BD70B504460E461546206C38B97D
:107DD000206838BB606801F09BFC0020606021E0F7
:107DE0007DB93146226CA06801F0BCFC216CA06812
:107DF0000844A060D4E90110884213D32068A06031
:107E000010E03146226CE06801F0ACFC216CE068C7
:107E1000401AE0602168E068884203D2216C606803
:107E2000401AE060A06B401CA06370BDFFB583B03A
:107E300004460D461E4600271CB9F8F7F9F900BFA5
:107E4000FEE70DB9206C08B9012000E0002018B948
:107E5000F8F7EEF900BFFEE700BF00F0F8FCA06BFA
:107E6000E16B884217D2324629462046FFF7AAFF27
:107E7000606A08B9012000E0002038B904F124004C
:107E800001F03CFB012801D100F0DBFC00F0E8FC34
:107E9000012007B0F0BD059818B900F0E1FC002002
:107EA000F7E71FB901A801F05EFB012700F0D8FC3D
:107EB00000F0DEFF00F0CBFC606C401C08B9002035
:107EC0006064A06C401C08B90020A06400F0C8FCED
:107ED00005A901A801F055FBC0B92046FFF762FFD4
:107EE00070B104F11000059901F0CBFA2046FFF7BC
:107EF0001AFF00F00DFF0028AFD100F0A2FCACE7A4
:107F00002046FFF710FF00F003FFA6E72046FFF72B
:107F10000AFF00F0FDFE0020BBE770B505465020CB
:107F200000F0C2FC0446E4B1002060602060A06064
:107F3000E060A0630120E06300202064401E6064D4
:107F4000A06484F84D5004F11000FFF737FE04F1EF
:107F50002400FFF733FE00231A4619462046FFF798
:107F600065FF1CB9F8F764F900BFFEE7204670BD55
:107F700070B504461CB9F8F75BF900BFFEE701F0E5
:107F800047FB616888420CD1E068401EE060E06811
:107F900028B900231A4619462046FFF747FF012556
:107FA00000E00025284670BD70B5044600F04FFC87
:107FB000A06B08B9012000E00020054600F050FC4D
:107FC000284670BD70B504460D46206870B1216C1E
:107FD000E0680844E0606168E068884201D3206896
:107FE000E0602846226CE16801F0BCFB70BD2DE921
:107FF000FF4182B004460D461E464FF000081CB9F2
:10800000F8F716F900BFFEE70DB9206C08B901209A
:1080100000E0002018B9F8F70BF900BFFEE700BF39
:1080200000F015FCA06B80B3E76829462046FFF7F7
:10803000C9FFB6B9A06B401EA063206810B901F05B
:10804000E7FA6060206908B9012000E00020B0B9BB
:1080500004F1100001F052FA012810D100F0F1FBF8
:108060000DE0E760606A08B9012000E0002030B947
:1080700004F1240001F042FA08B100F0E2FB00F044
:10808000EFFB012006B0BDE8F081FFE7049818B9C6
:1080900000F0E6FB0020F5E7B8F1000F04D16846D8
:1080A00001F061FA4FF0010800F0DAFB00F0E0FEA9
:1080B00000F0CDFB606C401C08B900206064A06C2F
:1080C000401C08B90020A06400F0CAFB04A968465F
:1080D00001F057FA08BB2046FFF766FFB8B12068E9
:1080E00030B900F0B4FB606801F0A1FA00F0B8FB11
:1080F00004F12400049901F0C4F92046FFF713FEAF
:1081000000F006FE00288BD100F09BFB88E720469C
:10811000FFF709FE00F0FCFD82E72046FFF703FEB3
:1081200000F0F6FD0020ADE770B504460E461CB920
:10813000F8F77EF800BFFEE701F06AFA616888424E
:1081400004D1E068401CE06001250BE000233246CA
:1081500019462046FFF74BFF0546012D02D1E06886
:10816000401CE060284670BD70B506460D460222F0
:1081700000213046FFF7A9FD044604B1A5631CB9F0
:10818000F8F756F800BFFEE7204670BD2DE9F0472E
:1081900004460F46154698461CB9F8F749F800BF43
:1081A000FEE70FB9206C08B9012000E0002018B9E3
:1081B000F8F73EF800BFFEE7F8F73AF88146A06B03
:1081C000E16B88421BD2424639462046FFF7FAFD52
:1081D000A06C401C70B9606A08B9012000E0002062
:1081E00058B904F1240001F089F930B12DB1012012
:1081F000286002E0A06C401CA064012600E000267C
:108200004846F8F71CF83046BDE8F0872DE9F04104
:1082100004460F4615461CB9F8F70AF800BFFEE7FA
:108220000FB9206C08B9012000E0002018B9F7F759
:10823000FFFF00BFFEE7F7F7FBFF8046A06BE8B14A
:1082400039462046FFF7BEFEA06B401EA063606C5F
:10825000401C70B9206908B9012000E0002058B91D
:1082600004F1100001F04AF930B12DB1012028606D
:1082700002E0606C401C6064012600E0002640467D
:10828000F7F7DDFF3046BDE8F08170B504461CB954
:10829000F7F7CEFF00BFFEE700F0D9FAA56B00F0BC
:1082A000DFFA284670BD70B504461CB9F7F7C0FF69
:1082B00000BFFEE7A56B284670BD014600200BE01D
:1082C0003D4A02EBC00252688A4204D100223A4B76
:1082D00043F8302002E0401C0828F1D300BF70476B
:1082E00010B504461CB9F7F7A3FF00BFFEE7204610
:1082F000FFF7E3FF206800F038FB204600F035FB75
:1083000010BD014691F84C00704780F84C10704742
:10831000014691F84D00704770B504461CB9F7F757
:1083200087FF00BFFEE7A06B08B9012000E0002036
:108330000546284670BD70B504461CB9F7F778FFAE
:1083400000BFFEE7A06BE16B884201D1012000E095
:1083500000200546284670BD024600200BE0164B63
:1083600053F8303033B9144B43F8301003EBC003EB
:108370005A6002E0401C0828F1D300BF704770B576
:1083800004460D4600F063FA606C401C08B90020FA
:108390006064A06C401C08B90020A06400F060FA82
:1083A000A06B20B9294604F1240001F08DF8204685
:1083B000FFF7B9FC70BD0000000700202DE9F04177
:1083C00004460D4616461F464FF0000865602461BE
:1083D000B5420CD8F01BA169884202D34FF00108C6
:1083E00011E0211DF0480068FFF706FC0BE0BE42DB
:1083F00004D2BD4202D34FF0010804E0211DEB4836
:108400000068FFF7F9FB4046BDE8F0812DE9FE4327
:1084100005460E4617461C46DDF828804FF0000939
:10842000E348006808B3009601970295ACB901F0E3
:10843000F2F8012808D1002342466946DC4800686A
:10844000FFF7F4FC814610E000231A466946D8483D
:108450000068FFF7EBFC814607E0002322466946EF
:10846000D3480068FFF792FE81464846BDE8FE8388
:108470002DE9F84381462BE0CC480068C0680568C8
:10848000CA480068C068C468201DFFF7CFFB2046BB
:10849000616A8847E06901281AD1A0694619AE428D
:1084A00007D966602461211DC0480068FFF7A4FB5E
:1084B0000EE0002003462A46014600902046FFF7C2
:1084C000A5FF07461FB9F7F7B3FE00BFFEE700BFE1
:1084D000B6480068006808B9012000E000200028C4
:1084E000CAD0B248D0F80080AF480068AF490860F1
:1084F000AD48C0F80080BDE8F88370B5044600F0D0
:1085000009FF0546AB480068854206D2A9480068C5
:10851000FFF7AEFF0120206001E000202060A548A9
:108520000560284670BD70B586B002A8FFF7E5FF6C
:10853000064650E0059C44B1606908B9012000E09E
:10854000002010B9201DFFF771FB039830B10128FE
:1085500026D0022825D003283BD136E00498A26912
:108560008118034632462046FFF728FF012816D11E
:108570002046616A8847E069012810D100200090F8
:108580000498A1694218002319462046FFF73EFFD0
:1085900005461DB9F7F74CFE00BFFEE700BF19E026
:1085A00018E00498A061A06908B1012000E0002053
:1085B00018B9F7F73DFE00BFFEE7A0698119334601
:1085C00032462046FFF7FAFE04E0204600F0CDF9DF
:1085D00000E000BF00BF00231A4603A974480068EA
:1085E000FFF705FD0028A5D106B070BDF8B505461A
:1085F0000F466E480068C068C468201DFFF716FB70
:10860000E069012817D1A06941192B463A46204656
:10861000FFF7D4FE01280ED1002003462A4601466A
:1086200000902046FFF7F2FE06461EB9F7F700FE5F
:1086300000BFFEE700BF2046616A8847F8BDF8B575
:1086400004460E4600F014FC6846FFF756FF054648
:108650000098A0B946B9AC4206D800F059FB2946AB
:108660002046FFF7C3FF0CE0611B51480068FFF78D
:1086700086FE00F04DFB20B900F0E3F801E000F0C9
:1086800047FBF8BD0146494A126812680AB901223F
:1086900000E000220A600A6822B9444A1268D268DF
:1086A000106800E00020704708B500BF6846FFF77B
:1086B000E9FF044620460099FFF7C1FFFFF733FFAB
:1086C000F4E710B500F0C3F83948006890B93A48AB
:1086D000FFF774FA3948FFF771FA374833490860F1
:1086E00036483149086000220C210A20FFF7EDFAD4
:1086F0002F49086000F0B4F810BD1FB50024FFF743
:10870000E0FF2B48006868B100200223CDE900306B
:10871000029003464FF4007229A103902A4800F00A
:10872000B2F904461CB9F7F783FD00BFFEE7204607
:1087300004B010BD2DE9F04706460D461746984691
:10874000DDF820904DB900240DB1012000E000209B
:10875000A0B9F7F76DFD00BFFEE7282000F0A4F8F0
:1087600004465CB1FFF7ADFF2660A561E761C4F880
:108770002080C4F82490201DFFF72DFA2046BDE884
:10878000F08770B50446264600F061F8706908B1BC
:10879000012000E00020054600F062F8284670BD88
:1087A00001460A46106A7047800300207C030020BF
:1087B0008403002088030020400700205407002085
:1087C000546D722053766300A9860008001F4FF095
:1087D00080730360001F0160001F002303601438D2
:1087E0000260001FDB1E0360203870472A480068C3
:1087F00042F21071B0FBF1F0401E4FF0E0214861F1
:1088000007200861704710B52448006840F47C00D8
:10881000224908600846006840F07C400860FFF785
:10882000E5FF00201E490860F7F7D0FC1D480068EE
:1088300040F040401B490860F7F7BEFC002010BD27
:1088400070474FF0805015491C390860704710B5CB
:10885000F7F7EEFC12480068401C1149086010BD93
:1088600010B50F480068401E0D49086008460068B2
:1088700010B90020F7F7E3FC10BD10B54FF08050A1
:1088800006491C390860F7F7D3FC00F0C2F9002054
:10889000F7F7D5FC10BD00005803002020ED00E0E4
:1088A0008C03002034EF00E02DE9F04104464FF046
:1088B000000800F0DDFA3D48006898B93C493D4A9F
:1088C0001160002151604FF420513B4A516000215A
:1088D000116037484FF4205141601146016001207A
:1088E0003249086044B1103404F0070020B104F0AC
:1088F0000700C0F108000444002C31D0B4F5205F1B
:108900002ED22C4F3846056801E02F462D68686846
:10891000A04202D228680028F7D1274885421FD0FC
:10892000386800F11008286838606868001B202843
:1089300010D92E196868001B70606C6071681D4842
:1089400000E00068026852688A42FAD30268326026
:10895000066000BF194968680968081A1749086065
:1089600000F0D6F94046BDE8F08170B506463546C0
:10897000B6B1103D2C4600F07BFA61680D4800E06E
:108980000068026852688A42FAD302682260046072
:108990000A496068096808440849086000F0B8F9A5
:1089A00070BD06480068704770470000A4030020AF
:1089B000680700209003002098030020A0030020F7
:1089C00010B5002407E004EB8401FE4A02EB8100AD
:1089D000FFF7F4F8641C052CF5D3FB48FFF7EEF81D
:1089E000FA48FFF7EBF8FA48FFF7E8F8F948FFF71D
:1089F000E5F8F948FFF7E2F8F348F8490860F3486A
:108A0000F749086010BD2DE9F04104460E461546B1
:108A10009846069F0A22314604F1340000F0D2FE47
:108A200000213D200155052D00D30425E562A564F4
:108A3000201DFFF7D0F804F11800FFF7CCF82461EF
:108A4000C5F10500A0616462BDE8F08170B505461E
:108A50000E464C20FFF728FF044694B11EB9A8002B
:108A6000FFF722FF00E030462063206B20B920464C
:108A7000FFF77BFF002404E0A900A522206B00F093
:108A800083FE204670BD2DE9FF4F81B0804616461B
:108A90009A46DDE90E5BB8F1000F03D1F7F7C8FB8A
:108AA00000BFFEE7052D01D2012000E0002018B92B
:108AB000F7F7BEFB00BFFEE730461099FFF7C6FF91
:108AC0000446002C64D0701E216B01EB800929F054
:108AD000070909F0070008B9012000E0002018B9D3
:108AE000F7F7A6FB00BFFEE700962A462046119B3B
:108AF0000299FFF788FF524641464846FFF766FE57
:108B00002060BBF1000F01D0CBF80040FFF79FFEC3
:108B1000B4480068401CB3490860B348006840B9D5
:108B2000B14804600846006801280CD1FFF748FFEF
:108B300009E0AE48006830B9AB480068C06AA84296
:108B400001D8A9480460AA49E06A0968884202D9A4
:108B5000A749E06A0860A74800682064A548006843
:108B6000401CA4490860A449E06A0968884202D907
:108B7000A149E06A0860E16A01EB8101914A02EBD8
:108B80008100211DFFF72AF80127FFF769FE01E0A8
:108B90004FF0FF37012F09D19448006830B1924857
:108BA0000068C06AA84201D2FFF74BFE384605B004
:108BB000BDE8F08F70B50446FFF749FE8A480068AB
:108BC000844200D1002414B98748006800E02046A0
:108BD0000546281DFFF72AF8A86A18B105F1180004
:108BE000FFF724F8291D7B48FEF7F8FF834800684B
:108BF000401C824908607F480068401C7D4908602D
:108C0000FFF72EFE7948006810B10CB9FFF719FE86
:108C100070BD70B57A480068002873D17948006843
:108C2000401C784908600846006868BB6B480068CB
:108C3000006808B9012000E0002018B9F7F7F8FA39
:108C400000BFFEE76548056865480068634908603D
:108C5000634805606C480068401C6B4908605F48C9
:108C60000068006808B9012000E0002020B14FF042
:108C7000FF306649086006E058480068C068C4686C
:108C800062496068086000BF5E4800685F49096823
:108C9000884236D300BF51480068006808B90120F7
:108CA00000E0002020B14FF0FF305849086027E075
:108CB0004A480068C068C468656852480068A842AD
:108CC00002D2524805601BE0201DFEF7AFFFA06AEC
:108CD00018B104F11800FEF7A9FF4749E06A0968D6
:108CE000884202D94449E06A0860E16A01EB8101E7
:108CF000344A02EB8100211DFEF770FFCBE701E053
:108D000000BF04E042480068401C4149086070BD53
:108D100070B500253A48006818B9F7F789FA00BF1E
:108D2000FEE7FFF794FD36480068401E34490860AE
:108D300008460068002878D12A480068002874D0C6
:108D4000002621E02248C068C46804F11800FEF73C
:108D50006DFF201DFEF76AFF2749E06A0968884217
:108D600002D92549E06A0860E16A01EB8101154AF0
:108D700002EB8100211DFEF731FF1B49E06A096803
:108D8000C96A884200D301261148006808B9012049
:108D900000E000200028D5D01D48006860B106E042
:108DA000FFF737FF1A480068401E19490860184845
:108DB00000680028F4D10126012E2FD01548006844
:108DC00001282AE0682F0020CC2F0020E02F00206F
:108DD000F42F0020083000201C300020AC030020BD
:108DE000B0030020B8030020A8030020C80300201F
:108DF000C0030020DC030020C4030020B4030020D3
:108E0000CC030020BC030020D8030020E003002096
:108E1000D0030020D403002007E005D10125002065
:108E2000F9490860FFF70DFD00BFFFF719FD28465F
:108E300070BD10B50446F54800684460F448006809
:108E4000844207D2F1480168091DF2480068FEF724
:108E5000D3FE0CE0ED480168091DEF480068FEF7FD
:108E6000CBFEEE480068844201D2EC48046010BD9D
:108E7000EB480068401CEA49086070472DE9F04162
:108E800004460E464FF000081CB9F7F7D1F900BFB1
:108E9000FEE70EB1012000E0002018B9F7F7C8F98D
:108EA00000BFFEE7FFF7E4FF20688519D849206876
:108EB0000968884209D92068A8420FD9D4480068B7
:108EC00085420BD94FF0010808E02068A84203D87A
:108ED000CF480068854201D94FF001082560B8F1FC
:108EE000000F07D0C9480068001DFEF79FFE284606
:108EF000FFF79FFFFFF70CFF07460FB9FFF7A1FC35
:108F0000BDE8F08170B5044600267CB1FFF7B0FFE4
:108F1000BF4800680519BD480068001DFEF786FEC1
:108F20002846FFF786FFFFF7F3FE06460EB9FFF768
:108F300088FC70BD70B50446FFF789FC14B9B348CE
:108F4000006800E020460646F56AFFF789FC2846DF
:108F500070BD2DE9F04706460D464FF00009052D7E
:108F600001D2012000E0002018B9F7F761F900BF35
:108F7000FEE7052D00D30425FFF769FCA348006830
:108F8000864200D1002616B9A048006800E03046AD
:108F90000446A76CAF4234D0BD4203D92EB14FF086
:108FA000010902E00EB94FF00109D4F82C80E16A02
:108FB000A06C884200D1E562A564C5F10500A061FE
:108FC00007EB8701974A02EB81016069884213D160
:108FD000201DFEF72BFE9449E06A0968884202D9F9
:108FE0009149E06A0860E16A01EB81018D4A02EB78
:108FF0008100211DFEF7F2FDB9F1010F01D1FFF74C
:1090000020FCFFF72DFCBDE8F08710B58448006810
:1090100018B101207C4908602CE00BE08248006810
:1090200018B9F7F705F900BFFEE77F480068401E52
:109030007D4908607C48006800EB8000794951F860
:1090400020000028EAD07849096801EB8101754ABF
:1090500002EB810041684968416000F10801426803
:109060008A4202D14168496841604168C968674ADB
:10907000116000BF10BD70B50446FFF7E8FB634800
:109080000068844200D1002414B96048006800E000
:1090900020460546281DFEF7C9FDA86A18B105F14E
:1090A0001800FEF7C3FD291D6048FEF797FDFFF786
:1090B000D7FB8CB95E48006810B1FFF7C2FB0BE02C
:1090C0005A4800685B490968884203D100204F492B
:1090D000086001E0FFF799FF70BD70B505460026F6
:1090E0002C461DB9F7F7A4F800BFFEE74F496069A9
:1090F000884201D1012000E0002080B14E49A06AE1
:10910000884201D1012000E00020012807D0A06A98
:1091100008B9012000E00020012800D101263046D6
:1091200070BD70B505461DB9F7F782F800BFFEE7C0
:109130002C4644B335480068844224D0FFF787FBAF
:109140002046FFF7CAFF01281BD1201DFEF76EFD48
:109150003549E06A0968884202D93349E06A086003
:10916000E16A01EB81012F4A02EB8100211DFEF72C
:1091700035FD2649E06A0968C96A884201D3FFF7CC
:1091800060FBFFF76DFB70BD2DE9F0410546002641
:109190001DB9F7F74DF800BFFEE72C46F7F748F882
:1091A00007462046FFF799FF012826D11C48006892
:1091B000F0B91649E06A0968C96A884201D30120FA
:1091C00000E000200646201DFEF730FD1649E06A4B
:1091D0000968884202D91449E06A0860E16A01EB33
:1091E0008101104A02EB8100211DFEF7F7FC04E02B
:1091F00004F118011048FEF7F1FC3846F7F71FF8A4
:109200003046BDE8F0810000D4030020A803002010
:10921000BC030020B0030020AC030020E0030020CA
:10922000CC030020682F0020C40300201C30002045
:10923000C8030020B8030020F42F002010B5044616
:10924000206BFFF792FB2046FFF78FFB10BD70B538
:1092500023E0FFF70DFEFD48006808B9012000E09B
:1092600000200546FFF754FDBDB9FFF7F0FAF748B7
:10927000C068C468201DFEF7D9FCF5480068401E90
:10928000F3490860F3480068401EF2490860FFF7A0
:10929000E7FA2046FFF7D2FF00BFEE48006800283B
:1092A000D7D170BD00BFFFF7D2FFEB48006801289F
:1092B000F9D9FFF7C6FAF6E71FB500200090019034
:1092C000029003464FF48072E4A10390E548FFF753
:1092D000DAFB0446012C02D1FFF70FFA0446012CF9
:1092E00009D1F6F7A5FF0120DF4908600020DF491A
:1092F0000860FFF788FA1CB9F6F79AFF00BFFEE78F
:109300001FBD10B5F6F794FF0020D7490860FFF79E
:1093100097FA10BD10B5FFF79AFAD4480468FFF722
:109320009FFA204610BD70B5F6F782FF0546CF487C
:1093300004682846F6F783FF204670BDC4480068DD
:1093400070470146002002E0491C421C90B20A7896
:10935000A52AF9D0800870472DE9FE4381460C46C6
:109360001646204641684968416000F1080142689C
:109370008A4202D14168496841604168CF6800BFB4
:10938000204641684968416000F1080142688A420C
:1093900002D14168496841604168CD68286BFFF798
:1093A000D0FF8046286CE96A334605F13402CDE9E6
:1093B00000180290AEA1B34800F0F0FDB149484654
:1093C00000F0F4F9BD42DBD1BDE8FE8370B505467F
:1093D000FFF74EFD00202870ABA1284600F0E6F90B
:1093E000AA480068441C00BF641E04EB84009A492C
:1093F00051F8200008B9012000E0002040B904EB3A
:109400008400954A02EB800152222846FFF7A4FF10
:10941000002CE9D19E480068006808B9012000E0EE
:10942000002028B942229A4801682846FFF794FF95
:1094300098480068006808B9012000E0002028B9B9
:109440004222944801682846FFF786FF7F4800685B
:1094500008B9012000E0002020B944227B492846B9
:10946000FFF77AFF8C48006808B9012000E000206F
:1094700020B9532288492846FFF76EFFFFF748FCC2
:1094800070BD70B505460C461DB9F6F7D1FE00BF9C
:10949000FEE78248016818312846FEF7ADFB7F4899
:1094A0000068001DFEF7C2FB601C30B97B480168F4
:1094B000091D7948FEF792FB05E06C480068061923
:1094C0003046FFF7B6FC70BD70B504460D461CB9BA
:1094D000F6F7AEFE00BFFEE770480168183120467F
:1094E000FEF77CFB6D480068001DFEF79FFB5F48A0
:1094F000006846193046FFF79CFC70BD70B5064603
:10950000F068C4681CB9F6F793FE00BFFEE704F1EB
:109510001800FEF78BFB62480068A0B9201DFEF71B
:1095200085FB6049E06A0968884202D95D49E06AC2
:109530000860E16A01EB8101474A02EB8100211DCD
:10954000FEF74CFB04E004F118015748FEF746FB18
:109550005249E06A0968C96A884201D3012500E0DE
:109560000025284670BD10B504461CB9F6F760FE0C
:1095700000BFFEE74D48006820603C48006860601E
:1095800010BD70B504460D461CB9F6F751FE00BF7C
:10959000FEE71DB9F6F74CFE00BFFEE7FFF757F9EF
:1095A0002868401C08B900261FE040492068096867
:1095B000884206D02D4960680968884201D8012692
:1095C00013E02A4960680968081A296888420BD2A2
:1095D0002868264A61681268511A401A2860204695
:1095E000FFF7C1FF002600E00126FFF739F93046FA
:1095F00070BD01202E4908607047014611B10A462E
:10960000506C00E00020704708B10246516470477A
:109610002249086870471449096809B9002005E023
:109620001F49096809B9012000E00220704770B5A0
:1096300005462C464DB11949E06A0968C96A884255
:1096400065D216480068C06A34E060E00830002047
:10965000B8030020B4030020682F002049444C4583
:1096600000000000A5920008C8030020BC030020F1
:109670002573090925630925750925750925750DC2
:109680000A000000303000200D0A0000C003002056
:10969000AC030020B00300201C300020A8030020F1
:1096A000CC030020C4030020F42F0020D8030020A6
:1096B000D4030020C0F10500A061E16A01EB810143
:1096C000254A02EB81016069884201D1012000E056
:1096D0000020C0B1201DFEF7A9FA20480068C06A2A
:1096E000E0621F49E06A0968884202D91C49E06AC1
:1096F0000860E16A01EB8101174A02EB8100211D3C
:10970000FEF76CFA03E015480068C06AE06270BDBD
:1097100070B505462C46EDB1A16CE06A884219D0BF
:10972000201DFEF783FAA06CE062E06AC0F105003C
:10973000A0610B49E06A0968884202D90849E06AD9
:109740000860E16A01EB8101034A02EB8100211DFF
:10975000FEF744FA70BD0000682F0020A803002027
:10976000C403002040EA01039B0703D009E008C9B5
:10977000121F08C0042AFAD203E011F8013B00F8D6
:10978000013B521EF9D27047D2B201E000F8012B22
:10979000491EFBD270470022F6E710B513460A4671
:1097A00004461946FFF7F0FF204610BD421E12F88E
:1097B000013F002BFBD111F8013B02F8013B002BCC
:1097C000F9D1704710B5044604E00B7800F8013B6E
:1097D00003B1491C521EF8D2204610BD421C10F89D
:1097E000011B0029FBD1801A704710B5002200E050
:1097F000521C835C8C5CA34201D1002BF8D1D8B2FF
:10980000E1B2401A10BD2DE9FE4F804681EA030007
:10981000C00F0C46009021F0004123F00045B8EB4A
:109820000200A94105D24046214690461C460B46FF
:10983000024623F00040104347D0270DC7F30A002B
:10984000C3F30A510290401A019040286BDAC3F327
:10985000130040F4801B0098924620B10023D2EB05
:10986000030A63EB0B0B01985946C0F140025046C6
:1098700000F0C2F906460D4650465946019A00F0DE
:10988000CAF910EB08006141002487EA115284EA0A
:10989000E7731A4340D0009A62B3019A012A4FEA53
:1098A000075215DC001B61EB02014FF0004202EA97
:1098B0000752CDE90042001C41F5801132462B468B
:1098C00000F001FA03B0BDE8F08F40462146F9E709
:1098D000001B61EB0201001C41F5801300185B4185
:1098E0002018A2F5001747EB030140EAD570B6191E
:1098F0006D4111E06D084FEA360645EAC0754FEA42
:109900000752001B61EB0201001C41F58011490860
:109910004FEA30000019514132462B4603B0BDE8F2
:10992000F04F00F0C1B90098012240000023D0EBB5
:10993000020263EBE073009821464FEAE074B8EB53
:10994000000061EB0401E9E783F000435BE781F08D
:10995000004158E72DE9FE4F81EA030404F000447A
:1099600021F0004100944FF0000B23F0004350EA37
:1099700001045ED052EA03045BD0C3F30A54C1F37E
:109980000A552C44A4F2F3340194A0FB0254C1F311
:10999000130141F48011C3F3130343F4801301FB5B
:1099A000024400FB034E840A970A44EA815447EAC2
:1099B0008357A4FB076802958D0A05FB07854FEACC
:1099C000932C04FB0C542705029D4FEA065847EAE6
:1099D0001637B5EB08056EEB070C870E920E47EABB
:1099E000811742EA8312A7FB0201B6EB0B0164EB7D
:1099F00000042B0D43EA0C335E1844EB1C50DA468E
:109A00005146E7FB0201C5F313044FEA0B3343EA67
:109A100014534FEA0432019C43EA0603A4F10C04F8
:109A20000294009CCDE900B400F04DF903B0BDE80C
:109A3000F08F00200146F9E72DE9F04D81EA03049B
:109A400004F0004B21F0004514464FF0000A23F0CB
:109A5000004150EA050220D054EA01021DD0C5F3AE
:109A60000A570246C5F31303C1F31300C1F30A56A4
:109A700040F4801543F48013A7EB0608101BD6466C
:109A800008F2FD3873EB050002D308F1010801E08C
:109A900092185B41B8F1000F03DA00200146BDE8DF
:109AA000F08D00204FF48011064684460EE0171B0F
:109AB00073EB050705D3121B63EB050306434CEA62
:109AC000010C49084FEA300092185B4150EA010747
:109AD000EDD152EA030012D082EA040083EA0501C4
:109AE000084305D0101BAB4106D20122002306E03B
:109AF00000224FF0004302E06FF0010253101AEB16
:109B000006004CEB085110EB0A0041EB0B01BDE8DD
:109B1000F04D00F0C9B80EB5C10F80EAE0700844FE
:109B2000CA07002140F233438DE80E000A460B4677
:109B300000F0C9F803B000BD00F0004230F0004072
:109B40000AD0C10D01F56071C0F3160042EA01515F
:109B5000C20840071143704700200146704701F0DA
:109B6000004330B421F0004150EA010206D00A0D52
:109B7000A2F56072C1F31301002A02DC30BC0020A0
:109B80007047440F44EAC104C100E01830BC00EB48
:109B9000C25000F052B82DE9F05F05460020924611
:109BA0009B4688460646814640241BE0284641469F
:109BB0004746224600F080F953465A46C01A914162
:109BC00010D311461846224600F016F82D1A67EBFE
:109BD00001084F4622460120002100F00DF817EB46
:109BE00000094E41201EA4F10104DFDC4846314645
:109BF0002A464346BDE8F09F202A04DB203A00FABB
:109C000002F1002070479140C2F1200320FA03F3D3
:109C1000194390407047202A06DBCB17203A41FABF
:109C200002F043EAE07306E041FA02F3D040C2F1E9
:109C3000200291400843194670470029A8BF704789
:109C4000401C490008BF20F00100704710B4B0FA72
:109C500080FC00FA0CF050EA010404BF10BC70470D
:109C600049B1CCF1200421FA04F411FA0CF118BF27
:109C7000012121430843A3EB0C01CB1D4FEA0061F6
:109C80004FEA102042BF002010BC704700EBC350C9
:109C900010440029A4BF10BC7047401C490008BFF5
:109CA00020F0010010BC704710B5141E73F10004C1
:109CB00008DA401C41F1000192185B411A4301D1BE
:109CC00020F0010010BD2DE9F04D92469B4611B1E8
:109CD000B1FA81F202E0B0FA80F220329046FFF74A
:109CE0008BFF04460F4640EA0A0041EA0B01534647
:109CF0005A46084313D0114653EA010019D0C8F15F
:109D00004002504600F0D8F805460E4650465946E7
:109D10004246FFF771FF084305D0012004E02046CA
:109D20003946BDE8F08D0020054346EAE0762C4335
:109D300037430A986305E40AA0EB08000022FD0AF5
:109D400044EA47540A3002D500200146E9E70105FC
:109D500010196941DDE9084500196941BDE8F04D78
:109D6000A2E770B521F0004303430CD0C1F30A55BC
:109D70000024D5EB040564EB0403D617AD1AB341F8
:109D800002DB0020014670BD201841EB025170BD7E
:109D90002DE9F04D00231A461B1A8A4103DB0020EF
:109DA0000146BDE8F08DC1F30A52C1F3130141F43D
:109DB00080154FF0000BD10702D100186D41521EE3
:109DC0000027044640F2FF11384601EB620A3E4686
:109DD0008046024600204FF4801100F06DF8C21951
:109DE0007141BB1846EB0100B4EB030C75EB000CA2
:109DF00004D3E41A65EB000517460E46241908F152
:109E000001006D4180463428E3DDF91946EB060078
:109E1000091BA84103D24FF0FF32134601E0002294
:109E200013461BEB070046EB0A51BDE8F04DFFF768
:109E30003BBF000030B5041E71F1000404DB4FF09D
:109E40000044404264EB0101141E73F1000405DB81
:109E50001C464FF00043524263EB04038B4208BFA1
:109E6000824230BD30B5041E71F1000404DB4FF0B6
:109E70000044404264EB0101141E73F1000405DB51
:109E80001C464FF00043524263EB0403994208BF63
:109E9000904230BD064C074D06E0E06840F00103FB
:109EA00094E8070098471034AC42F6D3F6F770F9FF
:109EB00060BF000880BF0008202A04DB203A21FA96
:109EC00002F00021704721FA02F3D040C2F12002D3
:109ED000914008431946704770B5C1F30A5201F02A
:109EE00000450024C1F3130140F2FF3341F4801117
:109EF0009A4201DA002070BD40F233439A42A2F246
:109F0000334203DC5242FFF7D7FF00E090402C437E
:109F1000F1D0404270BD70B58C1810F8015B15F09F
:109F2000070301D110F8013B2A1106D110F8012BCB
:109F300003E010F8016B01F8016B5B1EF9D12B07F0
:109F400005D40023521E0DD401F8013BFAE710F8A6
:109F5000013BCB1A921C03E013F8015B01F8015B93
:109F6000521EF9D5A142D8D3002070BD0FB41CB544
:109F70000246002007AC00290BD0491ECDE9002184
:109F8000054B6A462146069801F0F8FC009A00212C
:109F900011701CBC5DF814FBDFBD00080FB4084B4A
:109FA00010B504A902AA039801F0E8FC044602A92E
:109FB000002001F01FFF204610BC5DF814FB0000DC
:109FC000F5BD000803B401984100009850EAC12093
:109FD00018BF04204A0D18BF40F0010040F2FF7284
:109FE000B2EB515F08BF40F00200012808BF052016
:109FF00002B070474100080218BF04200A0E18BFC3
:10A0000040F001004FF07F4232EA010108BF40F00A
:10A010000200012808BF05207047000010EE101A4A
:10A0200008B5444A6846B2EB410F28D94FF0E640E4
:10A03000B0EB410F94BF00204FF0FF30009000982C
:10A04000002861DB60EE000A10F0010F45D010F02F
:10A05000020FDFED391A9FED391A00EEE11ADFED3C
:10A06000381A40EE811A21EEA01AF0EE400A40EEB6
:10A07000010A08BFF1EE600AB0EE600A08BD314B7C
:10A0800021F0004293423CD911F0004FDFED2E0A3F
:10A0900020EE201ADFED2D0A19BF31EE601A71EEA5
:10A0A000200A31EE201A71EE600ABDEEE01A11EEC0
:10A0B000100A9FED271A00F0030000EEC10A9FED81
:10A0C000251A009000EEC10A9FED231A00EEC10A86
:10A0D0009FED221A00EEC10AB1E79FED211A9FED14
:10A0E000210A10F0020F00EE810A9FED1F1A00EE08
:10A0F000801AB7EE000A00EE810A18BFB1EE400ADE
:10A1000008BD01F07BFB9AE710EE100A4000B0F1A9
:10A110007F4F3CBFB7EE000A08BD07D14FF00100EA
:10A1200001F026FCBDE8084001F058BBBDE808403E
:10A1300001F050BBB61F927E336D4C39DA82083C79
:10A14000A0AA2ABE490E494683F9223F0000004BCF
:10A150000000C93F00A0FD390020A2331A61342C51
:10A16000B93AB2BACA9F2A3DDDFFFFBE0000000027
:10A170002DE9F04D2DED040B2DED0E8B96B0DDE9A4
:10A180002550279CDDF890A025F0004624F00048DB
:10A19000BAF1000F14BF0121002101EB4502FC4977
:10A1A00053184A1093422AD3002814BF01230023D6
:10A1B00003EB44030B44F7498B4220D358EA0001D8
:10A1C0009FEDF59B76D0DFF8D8B35D4503D1BAF1AA
:10A1D000000F05D188E0BAF1000F08BF002100D0C0
:10A1E000012101EB450111F5001F08D8002814BF1B
:10A1F0000121002101EB440111F5001F0BD99DED58
:10A20000261B9DED240B16B0BDEC0E8B04B0BDE8F3
:10A21000F04D01F02BB80027002DBCBFE149884567
:10A2200021DAE1498845A8BF02271CDAC3451ADCB8
:10A23000DE4901EB2851142908DDC1F1340220FA6E
:10A2400002F101FA02F282420DD108E058B9C1F1DF
:10A25000140228FA02F101FA02F2424503D101F098
:10A260000101C1F1020756EA0A0124D1002C22DAC9
:10A27000002D18BF022F01D0012F0AD0022001F0BB
:10A2800077FB16B0BDEC0E8B04B0BDE8F04D00F0CE
:10A29000CBBF022001F06CFB00F0C6FF51EC100BAD
:10A2A00081F0004141EC100B16B0BDEC0E8B04B0F8
:10A2B000BDE8F08D18E09FEDBEAB9FEDBF8B002891
:10A2C00071D1B848804522D105F1804010F5801049
:10A2D00008BFBAF1000F07D0B3450ADC002CA8BFB5
:10A2E0009DED260BE0DA0DE0B0EE490AF0EE690ACA
:10A2F000DAE7002C06DA9DED260B51EC100B81F00D
:10A3000000416FE0AE48784490ED000BCCE7D845B3
:10A310004DD1002C48DA2EB186423AD1BAF1000F65
:10A3200042D126E0BAF1000F13D0022001F020FB49
:10A3300000F0B6FF8DED020B9DED240B8DED000BB3
:10A3400010EE900A039961F31E0003909DED020B3D
:10A35000AAE78DED02AB9DED240B1AEE901A10EEDC
:10A36000900A8DED000B61F31E0003909DED020B32
:10A370009AE78DED028B9DED240B18EE901A10EEEE
:10A38000900A8DED000B61F31E0003909DED020B12
:10A390008AE709DA9DED240B51EC190B53EC102BD5
:10A3A000FFF74AFB1EE020E09DED240B7CE7864290
:10A3B0001BDAB4F1804F0DD0A4F10050B0F1FF5082
:10A3C00013D1002D11DB9DED240B51EC100B01F08E
:10A3D00022FD07E09DED240B53EC102B51EC100BEC
:10A3E00000F0C2BC41EC100B5EE79DED240B51EC7C
:10A3F000100B01F004FDBAF1000FCDE90E0142D1BE
:10A400009FED710B46B3A6F1E040B0F17F600CD038
:10A410005E4538D1002D00DAA7B3022F0CBF012012
:10A420004FF0FF30FFF777FBDCE7002D01DD002C5C
:10A430000DDA002D01DD002C1FDB002D16DA002CBB
:10A4400014DB012F08BF9FED620B3FF42DAFB0EE80
:10A450004A0AF0EE6A0A27E7022F18BF002D0CD037
:10A46000012F0AD1002DFFF61FAF06E0002DB8BF67
:10A47000002C08DA012F3FF417AFB0EE480AF0EED7
:10A48000680A11E71BE0012000EBE57050EA0701C4
:10A4900015D0791EB0EE498AF0EE698A084308BFEC
:10A4A0009FED4D8B4E480025804570DD4D494E484F
:10A4B000884514DDB0420DDB002C19DB2FE00120B4
:10A4C00001F056FA16B0BDEC0E8B04B0BDE8F04DAD
:10A4D00000F0D6BEB34502DC002C09DC1FE086424A
:10A4E00002DA002C1BDA03E05E452BDD002C16DDC2
:10A4F000022001F03DFA00F0D3FE8DED020B53EC8B
:10A500001A2B51EC180BFFF725FACDE9000103993E
:10A51000019861F31E0003909DED020BC4E602203A
:10A5200001F026FA00F0CCFE10EE901A18EE900A18
:10A530008DED020B8DED008B61F31E0003909DED00
:10A54000020BB1E69DED0E0B53EC192B51EC100BE9
:10A55000FFF7FAF99FED260BCDE9080153EC102B1C
:10A560009DED080B51EC100BFFF7F4F99FED221B4A
:10A5700053EC112BFFF7EBF99DED081B53EC112B5E
:10A58000FFF7E8F99FED1E1B53EC112B3CE08CE02C
:10A59000FFFF1F00FFFF0F00000000000000F03F62
:10A5A0000000F03F0000F07F0000404301FCFFFF8F
:10A5B000000000000000F07F00000000000000002C
:10A5C0002E1C0000000000000000000000000080C1
:10A5D000000000000000F0FF000000000000F0BFDD
:10A5E0000000E0410000F043FFFFEF3F00000000EB
:10A5F000000000000000D03F555555555555D53F3A
:10A60000000000000000E03FFFF7A1F99DED080BFE
:10A6100041EC1A0B53EC102B51EC100BFFF79AF98D
:10A6200053EC1A2BFFF796F941EC1A0B9FEDFE0B3A
:10A6300053EC102B9DED080B51EC100BFFF78AF932
:10A6400041EC1B0B9FEDFA0B51EC1A0B53EC102B4A
:10A65000FFF780F941EC1A0B9FEDF70B53EC102B31
:10A660009DED080B51EC100BFFF774F953EC1A2B0E
:10A67000FFF76AF941EC1A0B51EC1B0B53EC1A2B48
:10A68000FFF7C1F80690CDE906519DED060B53EC9E
:10A690001B2B51EC100BFFF757F953EC1A2BFFF75C
:10A6A00056F941EC100B00F0A1B90020B6F5801F5F
:10A6B0000EDA9FEDE30B53EC102B9DED0E0B51ECDE
:10A6C000100BFFF747F9CDE90E016FF034000E468D
:10A6D00000EB2650A0F2FF37C6F31300DA4940F032
:10A6E0007F6646F040568842D8BF002408DDD7492F
:10A6F0008142C8BF012403DC0024A6F580167F1C1C
:10A70000D348784400EBC4000F9690ED00CB9DED4C
:10A710000E0B53EC1C2B51EC100BFFF715F99DEDB4
:10A720000E0B41EC1B0B53EC1C2B51EC100BFFF7E9
:10A730006AF841EC100B51EC190B53EC102BFFF79E
:10A740007BF941EC1D0B51EC1B0B53EC1D2BFFF760
:10A7500001F941EC1A0BBF488DED10AB7844109510
:10A7600090ED000B4FF0005040EA660000EB844093
:10A770008DED080B00F5002009909DED080B53ECC2
:10A780001C2B51EC100BFFF7DFF89DED0E1B53EC6B
:10A79000112BFFF7DCF841EC100B53EC102B9DED67
:10A7A000100B51EC100BFFF7D5F89DED080B41ECA9
:10A7B0001C0B53EC102B9DED100B51EC100BFFF705
:10A7C000C9F853EC1B2BFFF7C2F853EC1C2BFFF717
:10A7D000BBF853EC1D2BFFF7BDF841EC1C0B53EC01
:10A7E0001A2B51EC1A0BFFF7B5F841EC1B0B9A48EA
:10A7F0000621B0EE4B0AF0EE6B0A784400F098FCAC
:10A80000B0EE401AF0EE601AB0EE41DAF0EE61DA26
:10A8100053EC1B2B51EC1B0BFFF79CF853EC1D2B3F
:10A82000FFF798F89DED100B41EC1B0B53EC1A2B26
:10A8300051EC100BFEF7E7FF53EC1C2BFFF78AF8E7
:10A8400053EC1B2BFEF7DFFF9DED100B41EC1B0BB8
:10A8500053EC102B51EC100BFFF77CF841EC1D0B67
:10A860009FED7FEB53EC1E2BFEF7CDFF53EC1B2B24
:10A87000FEF7C9FF0890CDE908519DED080B53EC98
:10A880001E2B51EC100BFFF75FF853EC1D2BFFF75D
:10A890005BF853EC1B2BFFF75AF89DED080B41ECCE
:10A8A0001D0B53EC102B9DED100B51EC100BFFF713
:10A8B00051F841EC1B0B53EC1A2B51EC1D0BFFF71D
:10A8C00049F89DED080B41EC1A0B53EC102B51ECA1
:10A8D0001C0BFFF73FF853EC1A2BFEF794FF41ECEB
:10A8E0001A0B51EC1B0B53EC1A2BFEF78CFF0C9040
:10A8F000CDE90C519DED0C0B53EC1B2B51EC100BC7
:10A90000FFF722F853EC1A2BFFF721F841EC1B0B51
:10A910009FED550B53EC102B9DED0C0B51EC100BD8
:10A92000FFF718F841EC1A0B9FED510B51EC1B0B84
:10A9300053EC102BFFF70EF841EC1B0B9FED4E0B69
:10A9400053EC102B9DED0C0B51EC100BFFF702F8A4
:10A9500053EC1B2BFEF757FF41EC100B4848784493
:10A9600000EBC40090ED001B51EC100B53EC112BCD
:10A97000FEF749FF41EC1B0B3846FFF7CCF8CDE959
:10A98000080153EC1B2B51EC1A0BFEF73CFF41EC7A
:10A99000100B3C48784400EBC40090ED00CB51EC28
:10A9A000100B53EC1C2BFEF72EFF9DED081B53ECF8
:10A9B000112BFEF728FF0690CDE906519DED080BFF
:10A9C00053EC102B9DED060B51EC100BFEF7BCFF6A
:10A9D00053EC1C2BFEF7B8FF53EC1A2BFEF7B4FF19
:10A9E00053EC1B2BFEF7B3FF41EC100B9DED261B28
:10A9F00053EC102B8DED001B00959DED260B51ECBB
:10AA0000100BFEF7A7FF9DED000B41EC1A0B53EC6A
:10AA1000102B9DED260B51EC100BFEF795FF9DEDD5
:10AA2000061B53EC112B2FE0000000604715F73F89
:10AA3000FE822B654715F73F44DF5DF80BAE543EB1
:10AA400000000000000040438E9803007AB60B001F
:10AA500082170000D8170000BA160000000000009E
:10AA60000000000000000840000000E009C7EE3FC1
:10AA7000FD033ADC09C7EE3FF5015B14E02F3EBE53
:10AA80004615000000150000FEF764FF53EC1A2B7A
:10AA9000FEF7B9FE9DED060B41EC1A0B53EC102BA3
:10AAA0009DED000B51EC100BFEF754FFCDE90C01AE
:10AAB0009DED0C0B51EC1A0B53EC102BFEF7A3FE83
:10AAC000CDE902010C46AA498C422FDB611A0843EA
:10AAD00018D19DED0C0B53EC102B9DED020B51EC9E
:10AAE000100BFEF731FF41EC1B0B9FEDA30B51EC5C
:10AAF0001A0B53EC102BFEF786FE53EC1B2BFFF7C3
:10AB0000B1F92DD2022000F033FF00F0C9FB10EEA6
:10AB1000901A18EE900A8DED020B8DED008B61F30B
:10AB20001E0003909DED020BFFF7BEBB944A24F07C
:10AB30000041914214D39349214408437FF4EFAC80
:10AB40009DED0C0B53EC102B9DED020B51EC100BFB
:10AB5000FEF7FAFE53EC1A2BFFF784F97FF6DFAC11
:10AB600024F000408849894A002601EB20518242A6
:10AB70002BDA481C4FF4801121FA00F02044844A5B
:10AB8000C0F30A517A44A1F2FF3192ED000B814AE1
:10AB90008DED080BCA4020EA0202C0F3130040F416
:10ABA0008010C1F1140120FA01F60992002CB8BFFF
:10ABB00076429DED080B53EC102B9DED0C0B51ECE8
:10ABC000100BFEF7C1FECDE90C019DED0C0B51EC15
:10ABD0001A0B53EC102BFEF716FE9FED6F0B08902F
:10ABE000CDE9085153EC102B9DED080B51EC100BE7
:10ABF000FEF7B0FE41EC1B0B9FED690B53EC102BE5
:10AC00009DED080B51EC100BFEF7A4FE9DED0C0B17
:10AC100041EC1C0B53EC102B9DED080B51EC100B71
:10AC2000FEF792FE53EC1A2BFEF791FE9FED5E1B92
:10AC300053EC112BFEF78EFE53EC1C2BFEF7E3FDBD
:10AC400041EC1A0B51EC1B0B53EC1A2BFEF7DBFDFE
:10AC5000CDE902019DED020B53EC1B2B51EC100BC7
:10AC6000FEF772FE53EC1A2BFEF771FE9DED020B00
:10AC700041EC1A0B53EC102B51EC100BFEF76AFE53
:10AC8000CDE908014A489DED080B0521784400F004
:10AC90004FFA9DED081B51EC100B53EC112BFEF7F6
:10ACA00059FE9DED021B53EC112BFEF750FECDE932
:10ACB00006019DED020B53EC1A2B51EC100BFEF725
:10ACC00049FE53EC1A2BFEF79EFD9FED3B0B41EC2A
:10ACD0001A0B53EC102B9DED060B51EC100BFEF7ED
:10ACE00033FE9DED060B41EC1B0B53EC102B9DED41
:10ACF000020B51EC100BFEF72DFE53EC1B2BFEF755
:10AD00009BFE53EC1A2BFEF71FFE9DED021B53EC2E
:10AD1000112BFEF719FE53EC192BFEF718FECDE9A7
:10AD2000020101EB065001150029C8BF039015DC94
:10AD30009DED020B324651EC100BFFF712F8FFF7B6
:10AD400041F9042808BF00F0BBFA32469DED020B22
:10AD500051EC100BFFF705F8CDE902019DED020B58
:10AD600051EC180B53EC102BFEF7F4FDFFF73ABB38
:10AD70000000904000000000FE822B654715973CC4
:10AD800000CC904000346F3F01FCFFFF0000E03F2B
:10AD9000B0130000FFFF0F0000000000432EE63F4D
:10ADA000396CA80C615C20BEEF39FAFE422EE63FFA
:10ADB00058120000000000000000000000000040E9
:10ADC00000B510EE101A2DED028B81B0524A684684
:10ADD000B2EB410F2ED94FF0E640B0EB410F94BFDC
:10ADE00000204FF0FF3000900098B0EE408A00281D
:10ADF0006ADB10F0010F4BD068EE080A9FED471A8E
:10AE00009FED470A00EE810A9FED461A10F0020FEF
:10AE100000EE801AB7EE000A00EE810A02BF01B010
:10AE2000BDEC028B00BD00BF01B0B1EE400ABDEC2D
:10AE3000028B00BD3C4B21F00042934241D911F0FE
:10AE4000004FDFED3A0A20EE201ADFED390A19BF74
:10AE500031EE601A71EE200A31EE201A71EE600AAE
:10AE6000BDEEE01A11EE100A9FED321A00F0030059
:10AE700000EEC10A9FED301A009000EEC10A9FED6E
:10AE80002F1A00EEC10A9FED2E1A00EEC10AABE7A1
:10AE900028EE080A9FED2B1ADFED2B0A10F0020FA7
:10AEA00040EE410A9FED291A00EE201A61EE000AD9
:10AEB000B0EE480A08EE200AB6D101B0BDEC028B14
:10AEC00000BD00F09BFC8FE718EE100A4000B0F1C7
:10AED0007F4F0DD218EE100AFFF78CF8042808BF38
:10AEE00000F084FCB0EE480A01B0BDEC028B00BD5E
:10AEF00009D1012000F03CFD01B0BDEC028B5DF8F2
:10AF000004EB00F06BBC01B0B0EE480ABDEC028B64
:10AF10005DF804EB00F05EBCB61F927EB93AB2BA9F
:10AF2000CA9F2A3DDDFFFFBE490E494683F9223FF5
:10AF30000000004B0000C93F00A0FD390020A233F3
:10AF40001A61342C336D4C39DA82083CA0AA2ABE2F
:10AF500000B52DED048BB0EE409AF0EE609A83B010
:10AF600051EC190BFEF714FF41EC180B18EE100A08
:10AF700018EE901A8DED008B002818BF01200843B1
:10AF800020F00040C0F17F6000F1E040C00F14D01D
:10AF900019EE101A19EE900A8DED009B002918BFCA
:10AFA0000121084320F00040C0F17F6000F1E04043
:10AFB000C00F04BF012000F0DBFCB0EE480A03B074
:10AFC000F0EE680ABDEC048B00BD0000000000003C
:10AFD00010B54D492DED020B2DED048B84B0099C6D
:10AFE00024F000409FED4A9B884221DB04BF089873
:10AFF000002809D09DED080B04B0BDEC048B02B015
:10B00000BDE8104000F028B98DED029B9DED080BC6
:10B0100019EE901A10EE900A8DED000B61F31E00F0
:10B0200003909DED020B04B0BDEC048B02B010BD8B
:10B0300039498842A4BFB0EE490AF0EE690A57DAEE
:10B04000B0F1725F0CDA9DED080B51EC100BFEF7BE
:10B05000B9FF042808BF00F033F99DED080BE2E7C3
:10B060002E499DED080B814251EC100B9FED2C8B6E
:10B070001CDC00F0C4FE53EC182BFEF76BFC41EC1B
:10B08000100B00F02DF953EC182B51EC100BFEF7C0
:10B09000BAFB41EC100B51EC180B53EC102BFEF7E4
:10B0A000CBFC53EC192BFEF752FC1FE000F0A7FE7F
:10B0B0009FED1D1B53EC112BFEF74CFC41EC100BCC
:10B0C00000F00EF9B0EE409AF0EE609A53EC182BB7
:10B0D00051EC190BFEF797FB41EC180B51EC190BD7
:10B0E00081F0004153EC182BFEF7A6FC41EC100B4D
:10B0F000002C98DA51EC100B81F0004141EC100B60
:10B1000091E70000000000000000F07F0000000058
:10B11000000000000000F03F000036400000F03F5B
:10B12000000000000000004000000000000000C01F
:10B1300070B504462DED028B4D1E00EBC500B0EE40
:10B14000408AF0EE608A90ED000B35F0060017D0D3
:10B1500053EC182B51EC100BFEF7FCFB41EC100BE1
:10B160006D1E04EBC50090ED001B51EC100B53EC71
:10B17000112BFEF748FB41EC100B35F00600E7D130
:10B18000022D36D0042D1CD0062D1CBFBDEC028B29
:10B1900070BD53EC182B51EC100BFEF7DBFB94ED5C
:10B1A0000A1B53EC112BFEF72EFB53EC182BFEF76A
:10B1B000D1FB94ED081B53EC112BFEF724FB41EC63
:10B1C000100B53EC182B51EC100BFEF7C3FB94ED56
:10B1D000061B53EC112BFEF716FB53EC182BFEF756
:10B1E000B9FB94ED040B53EC102BFEF70CFB41EC78
:10B1F000100B53EC182B51EC100BFEF7ABFB94ED3E
:10B20000021B53EC112BFEF7FEFA53EC182BFEF742
:10B21000A1FB94ED001B53EC112BFEF7F4FABDECEF
:10B22000028B41EC100B70BD9FED070B10B553EC7A
:10B23000102B9FED070B51EC100BFEF7FDFB41ECC3
:10B24000100B10BD00000000000000000000000016
:10B25000000000000000F03F10B553EC102B51EC43
:10B26000100BFEF7D0FA41EC100B10BD10B553ECEB
:10B27000112B51EC100BFEF7C6FA41EC100B10BD70
:10B280009FED050B10B553EC102B51EC100BFEF796
:10B29000D3FB41EC100B10BD0000000000000000CB
:10B2A0009FED050B10B553EC102B51EC100BFEF776
:10B2B00051FB41EC100B10BD0000000000000070BD
:10B2C0009FED050B10B553EC102B51EC100BFEF756
:10B2D00041FB41EC100B10BD00000000000000100D
:10B2E00070B52DED020B2DED0C8B82B00F9C9DEDFA
:10B2F0000E0B14F0004508BF8DED000B05D051EC8E
:10B30000100B81F00041CDE90001FF4824F000441A
:10B3100084424BD3FD489FEDFE8BA04234D8FE48BB
:10B3200084421BD30E99C4F31300084309D09DED4A
:10B330000E0B02B0BDEC0C8B02B0BDE87040FFF705
:10B340008BBF35B99DED0E0B02B0BDEC0C8B02B07E
:10B3500070BDB0EE480AF0EE680AF5E79FEDF00B1D
:10B3600053EC102B9DED0E0B51EC100BFEF77AFDFC
:10B370000AD2022000F0FCFA02B0BDEC0C8B02B045
:10B38000BDE87040FFF78CBF85B19FEDE70B53EC34
:10B39000102B9DED0E0B51EC100BFEF734FA9FEDC8
:10B3A000E40B53EC102BFEF745FDD2D3E2489FEDA2
:10B3B000E4AB844240F20581E3489FEDE59B9FEDBD
:10B3C000E68BA04215D99DED0E0B53EC192B51ECD9
:10B3D000100B45B1FEF717FA41EC190B9FEDE08B0E
:10B3E0004FF0FF3440E0FEF7AFFA41EC190B0124B7
:10B3F0003AE09FEDDD0B53EC102B9DED0E0B51EC65
:10B40000100BFEF7A7FA41EC100B002D12BF9FEDB9
:10B41000D81BB0EE4A1AF0EE6A1A53EC112B51EC1D
:10B42000100BFEF7F0F9FEF757FD0446FEF773FB2D
:10B43000CDE900019DED000B53EC192B51EC100BE5
:10B44000FEF788FA9DED0E1B53EC112BFEF77FFAE9
:10B450009DED000B41EC190B53EC182B51EC100B2C
:10B46000FEF778FA41EC180B51EC190B53EC182B42
:10B47000FEF76AFACDE90E019DED0E0B53EC192B88
:10B4800051EC100BFEF763FA53EC182BFEF75CFA45
:10B4900041EC1B0B9DED0E0B53EC1A2B51EC100BDA
:10B4A000FEF758FA41EC1D0B9DED0E0B53EC1D2BD6
:10B4B00051EC100BFEF74EFA41EC180BAE4805218B
:10B4C000B0EE480AF0EE680A7844FFF731FE53EC1C
:10B4D000182B51EC100BFEF73DFA9FEDA99B53EC96
:10B4E000192BFEF790F941EC1C0B53EC1D2BFEF7CA
:10B4F00031FA9FEDA51B53EC112BFEF728FACDE98D
:10B5000000019DED000B53EC102B9DED0E0B51EC4B
:10B51000100BFEF71FFA9FED9E1B53EC112BFEF74D
:10B5200016FA9DED000B41EC1D0B53EC102B51EC6A
:10B530001C0BFEF709FA53EC1D2BFEF77DFA53ECBA
:10B54000182BFEF707FA41EC100BCCB353EC1B2B76
:10B5500051EC100BFEF7F8F99DED0E1B53EC112B7F
:10B56000FEF7F8F953EC1B2BFEF7EEF953EC182B12
:10B57000FEF7EAF941EC180BB4F1FF3F47D0012C7C
:10B5800056D014F1020F01DD382C71DD9DED0E0B4C
:10B5900053EC182B51EC100BFEF7D9F953EC192B87
:10B5A000FEF7D5F9CDE9000101EB045001909DEDC6
:10B5B000000B53EC192B51EC100BFEF7C5F954E0BE
:10B5C00010E07548A04298BF00247FF663AF9DED60
:10B5D0000E0B51EC100BFEF7F5FC042808BFFFF72B
:10B5E0006FFEAFE653EC102B9DED0E0B51EC100BE4
:10B5F000FEF7B0F953EC182BFEF7A6F99DED0E1BE4
:10B6000053EC112BFEF7A3F941EC100B9CE69DEDDA
:10B610000E0B53EC182B51EC100BFEF795F953EC75
:10B620001A2BFEF797F953EC1A2BFEF78DF91CE055
:10B630009FED5B0B53EC102B9DED0E0B51EC100BA3
:10B64000FEF7F8FB15D29DED0E0B53EC1A2B51ECC7
:10B65000100BFEF7D8F853EC182BFEF778F99FED96
:10B66000521B53EC112BFEF775F941EC100B6BE6F6
:10B6700012E09DED0E0B53EC182B51EC100BFEF766
:10B6800063F99FED4B1B53EC112BFEF763F953EC61
:10B69000192BFEF7B8F8E8E78DED009B142C1BDAA8
:10B6A0004FF40010E040C0F17F6000F14050019085
:10B6B0009DED0E0B53EC182B51EC100BFEF747F9D8
:10B6C0009DED001B53EC112BFEF741F9CDE9000174
:10B6D00001EB045001907AE040F2FF30001B0005BE
:10B6E00001909DED000B51EC180B53EC102BFEF765
:10B6F0008AF89DED0E1B53EC112BFEF728F953EC45
:10B70000192BCDE9000157E07A684340422E86406C
:10B71000000000000000F0BF0000F07F000000000B
:10B72000EF39FAFE422E864059F3F8C21F6EA5018A
:10B730000000000000000000422ED63F0000000084
:10B74000000000000000E03FB2A2F03F0000000057
:10B750000000E0FE422EE63F763C7935EF39EA3DC7
:10B76000763C7935EF39EABDFE822B654715F73F08
:10B77000000000000000E0BF440A000000000000DC
:10B78000000000000000F03F000000000000084042
:10B7900000000000000018400000903C0000000085
:10B7A000000000000000D0BF00000000000000C04A
:10B7B00000000000000000409DED000B51EC100B5C
:10B7C000FEF721F8CDE9000101EB045001909DED59
:10B7D000000BB9E530EE000A70470000DFED020A09
:10B7E00080EEA00A70470000000000009FED020AF2
:10B7F00020EE000A70470000000000102DE9F00163
:10B800004FF07F42B2EB410F9FBF4FF0FF3101601D
:10B81000BDE8F00170474FF0004242EA0123C1F356
:10B82000C752783A551112F01F0C434CCCF1200648
:10B830007C44C1F3C752A2F178024FEA621204EBD2
:10B84000820254F8254008BFD2E9015612D055684B
:10B8500004FA0CF425FA06F73C43976805FA0CF550
:10B8600027FA06F8D26807FA0CFCF24045EA080508
:10B870004CEA0206A4FB034CA5FB0352A6FB0363A0
:10B880001D449D4234BF012600261319334416B1CE
:10B89000934202D903E0934201D2012200E0002248
:10B8A000624402F1200C9206DC0C42EA443200EEC3
:10B8B000102A5B03DFED210AF8EEC01A00EE103A01
:10B8C0004FEA9C1C11F0004FB8EE400AC0F800C0CF
:10B8D00020EE201A00EE105ADFED190AB8EE400AE9
:10B8E00020EE200A71EE810A70EE800A10EE902A96
:10B8F00002F500626FF30B0200EE902A70EEE11A7F
:10B9000031EEC11ADFED101A30EE411A9FED0D0A2B
:10B9100020EE800A01EE210A9FED0C1A00EE810A4A
:10B9200004BFBDE8F0017047CCF180510160BDE873
:10B93000F001B1EE400A70470C070000000000362D
:10B940000000802C22AAFD29DB0FC92F0000C92F7F
:10B9500002E008C8121F08C1002AFAD170477047D8
:10B96000002001E001C1121F002AFBD17047000036
:10B970000149086070470000E40300202DE9FF4FF3
:10B980008DB00F460546002606E025280BD0DDE9E0
:10B990000F1290476D1C761C28780028F5D111B045
:10B9A0003046BDE8F08F0024A246A1460122EC49B2
:10B9B00000E0044315F8013F203B02FA03F008427F
:10B9C000F7D128782A2810D06FF02F022878A0F11C
:10B9D0003001092914D80AEB8A0102EB410144F035
:10B9E000020400EB010A6D1CF0E701CF5FEA000AD8
:10B9F00003D544F40054CAF1000A44F002046D1C5B
:10BA000028782E2817D115F8010F44F004042A28AD
:10BA10000ED06FF02F022878A0F1300109290AD842
:10BA200009EB890102EB410100EB01096D1CF2E712
:10BA300057F8049B6D1C28786C280FD006DC4C2826
:10BA400017D068280DD06A2814D104E0742810D0CB
:10BA50007A280FD10DE044F400140AE044F4801475
:10BA600001E044F440146978814202D104F5801465
:10BA70006D1C6D1C2A786E2A1FD00CDC632A31D015
:10BA800004DC002A8BD0582A11D1A3E0642A68D0A4
:10BA9000692A0CD165E0732A2ED004DC6F2A73D09A
:10BAA000702A04D19BE0752A6FD0782A6ED0104698
:10BAB000DDE90F129047761C50E1C4F302500228D2
:10BAC00006D0032809D0042801CF09D0066045E13B
:10BAD00001CFF117C0E9006140E101CF06803DE1EF
:10BAE00006703BE117F8040B8DF8000000208DF87C
:10BAF0000100EB46012003E057F804BB4FF0FF3094
:10BB000061074FF0000102D40DE008F10101884601
:10BB100049450FDA8045F8DB1BF808100029F4D1FD
:10BB200008E008F1010188468142FADB1BF80810A1
:10BB30000029F6D1DDE90F23AAEB08008146214652
:10BB400000F036F9304400EB080604E0DDE90F129E
:10BB50001BF8010B9047B8F10108F7D2214648467F
:10BB6000F7E00A21C4F302534FF0000B0891022BB7
:10BB700004D001CFC117032B09D00AE0FF1D27F025
:10BB80000707F7E8020108E032E01FE020E000B21A
:10BB9000C117042B01D140B2C117031E71F100037C
:10BBA00007DA4FF0000CD0EB0C006CEB01012D23F9
:10BBB00002E0230504D52B238DF82430012303E074
:10BBC000E30701D02023F7E7984658E00A2110E068
:10BBD00010210EE010204FF0000B08900CE0102117
:10BBE0004FF0000B44F004044FF00809089103E003
:10BBF00008214FF0000B0891C4F30253022B04D02C
:10BC000001CF0021032B06D006E0FF1D27F0070718
:10BC1000F7E8020103E080B2042B00D1C0B24FF07C
:10BC2000000823072BD5702A07D0DDF820C08CF040
:10BC3000100C5CEA0B0C05D00EE040238DF824308C
:10BC4000012308E050EA010306D030238DF82430A8
:10BC50008DF8252002239846DDF820C08CF0080CD2
:10BC60005CEA0B0C0BD150EA010301D1630706D546
:10BC700030238DF824304FF00108A9F10109582A2A
:10BC800004D038A20B9208AA0A920BE03AA2F9E774
:10BC90005B46089AFDF77FFF0B9B9B5C0A9A521E3E
:10BCA0000A92137050EA0102F2D10A98ADEB00003B
:10BCB00000F1200B600702D524F4803401E04FF03E
:10BCC0000109D94502DDA9EB0B0000E0002000EBE3
:10BCD0000B0141440890AAEB010AE00306D4DDE918
:10BCE0000F232146504600F063F806444FF0000948
:10BCF00008E009A911F80900DDE90F12904709F1E0
:10BD00000109761CC145F4DBE0030CD5DDE90F2306
:10BD10002146504600F04CF8064404E0DDE90F12DD
:10BD200030209047761C0899481E08900029F5DCC1
:10BD300008E00A980A990078491C0A91DDE90F1277
:10BD40009047761CBBF10001ABF1010BF1DC214601
:10BD50005046DDE90F2300F019F806446D1C1BE680
:10BD600009280100303132333435363738396162D1
:10BD70006364656600000000303132333435363795
:10BD80003839414243444546000000002DE9F04166
:10BD9000044600251E461746880404D405E03946AB
:10BDA0002020B0476D1C641EF9D52846BDE8F081FF
:10BDB0002DE9F041044600251E469046C80301D5F2
:10BDC000302700E02027880404D505E041463846A6
:10BDD000B0476D1C641EF9D52846BDE8F0814A685D
:10BDE000002A06D00A68531C0B6010704868401E79
:10BDF000486070470A68531C0B601070704782B02F
:10BE0000CDE9000121F0004001909DED000B02B052
:10BE100051EC100B704700B52DED048B83B041EC55
:10BE2000190BFDF7B5FF41EC180B18EE100A18EED0
:10BE3000901A8DED008B002818BF0120084320F0D8
:10BE40000040C0F17F6000F1E040C00F14D019EE57
:10BE5000101A19EE900A8DED009B002918BF0121E0
:10BE6000084320F00040C0F17F6000F1E040C00FC7
:10BE700004BF0120FFF77CFD51EC180B03B0BDECB3
:10BE8000048B00BD00000000000000000000F03F37
:10BE9000000000000000F83F00000000000000006B
:10BEA0000000004003B8E23F000000000000000076
:10BEB00006D0CF43EBFD4C3E033333333333E33F04
:10BEC000FFAB6FDBB66DDB3F4D268F515555D53F30
:10BED00001411DA96074D13F65DBC9934A86CD3FFE
:10BEE000EF4E454A287ECA3F3E5555555555C53FEC
:10BEF00093BDBE166CC166BF2CDE25AF6A56113FDE
:10BF0000F16BD2C541BDBBBED0A4BE726937663EDF
:10BF1000F41011111111A1BF8555FE19A0015A3F4E
:10BF2000B7DBAA9E19CE14BF3952E686CACFD03EDF
:10BF30002DC3096EB7FD8ABE00000000000000009E
:10BF4000000000006E83F9A22915444ED15727FC4A
:10BF5000C0DD34F5999562DB4190433CAB6351FE03
:10BF600080BF000800000020E8030000169F0008C2
:10BF70008CC00008E80300207030000060B90008A1
:10BF8000411BFF01041A02041A03041A04041A05CF
:10BF9000041A06041A07041A08041A09041A0A04DF
:10BFA0001A0B041A0C041A0D04112A0E051A0F0597
:10BFB00082101A8440C1195701B11AFCC41A2CB955
:10BFC0001A200823F8021A5E0C1A12081AB8081A66
:10BFD000580832A01A620829DC1ADA081ACB041AA7
:10BFE000D60D1A1C081AB3081A0E041A18045AA4FB
:10BFF00038012062FE223F1A8004111A40081904F9
:10C000001AA0041AC0041B20410C19041AF00423BE
:10C0100034421A700434F0426452C81AB4102B200F
:10C020004367231027051C35FA8E3C4B30750409F5
:10C03000161C81023B111A42F872691A1C991A2CBB
:10C040001081299D320A89C0A12927290432E62AB4
:10C05000B7D1D90C32D76320031A90295A840C0126
:10C0600030297C29401A3E40035B14052B7A03EBF0
:10C0700049DC6808020304060708090CA910C11A64
:0CC08000AA010111023E281AFF01410034
:040000050800018965
:00000001FF
