:020000040800F2
:1000000088A40120C94F01084502000847020008E2
:100010004B0200084F0200085302000800000000D5
:100020000000000000000000000000009D0100082A
:100030005702000800000000E1010008E37F01080A
:10004000E34F0108E34F0108E34F0108E34F0108C4
:10005000E34F0108E34F0108E34F0108E34F0108B4
:10006000AB040008EF040008E34F01081B0300087D
:10007000FD0200085D030008E34F01087502000857
:10008000E34F010881020008E34F0108E34F010834
:10009000E34F0108E34F0108E34F0108E34F010874
:1000A000E34F0108C7030008F3030008E34F01080A
:1000B000F5030008230400084F040008E34F01087B
:1000C000E34F0108E34F0108E34F0108A7040008CC
:1000D000E34F01085D020008E34F0108E34F010808
:1000E000E34F0108E34F0108E34F0108E34F010824
:1000F000E34F0108E34F0108E34F0108390300080B
:10010000E34F0108E34F01087B040008A90400083D
:10011000E34F0108E34F010899030008A503000815
:10012000E34F01089B020008CF020008E34F0108DB
:10013000E34F0108E34F0108E34F0108E34F0108D3
:10014000E34F0108E34F0108E34F0108E34F0108C3
:10015000EF020008E34F0108E34F0108E34F0108F5
:10016000E34F0108E34F0108E34F0108E34F0108A3
:10017000E34F0108E34F0108E34F0108E34F010893
:10018000E34F0108E34F0108DFF80CD019F0CCF978
:1001900000480047CF4C010888A40120234B196870
:1001A0000868B0E8F04F80F309884FF0000080F352
:1001B000118870470000000003480068006880F361
:1001C000088862B600DF00BF08ED00E0DFF80C0031
:1001D000016841F470010160704700BF88ED00E0E4
:1001E000EFF30980114B1A681EF0100F08BF20EDC5
:1001F000108A20E9F04F106008B54FF0140080F32A
:10020000118818F0B6FA4FF0000080F31188BDE8AD
:10021000084019680868B0E8F04F1EF0100F08BFDA
:10022000B0EC108A80F30988704700BF14050020E5
:10023000EFF311804FF0140181F31188704780F3C0
:1002400011887047704700BFFEE700BFFEE700BFA0
:10025000FEE700BFFEE770477047704710B540F2F9
:100260002551A34816F0D1FF18B12021A04816F05F
:10027000C3FF10BD10B59F499F4815F0FBFE10BD90
:1002800010B59E499C48303015F0CAFE20B19B49FC
:100290009948303015F0EEFE10BD10B598499948D8
:1002A00015F0BEFE90B19649964815F0E3FE01F0B8
:1002B000DFFF00219048303815F008FE08219148F2
:1002C00015F025FE01218F4815F000FE10BD10B578
:1002D0008D498C48183015F0CDFE8C4840788B49FC
:1002E000097840EA012000B28949088010BD10B5A4
:1002F00088498448603015F0BDFE10BD10B58049B6
:100300007D48483815F08CFE30B17D497A48483830
:1003100015F0B0FE00F0B8FA10BD10B57E49764871
:10032000603815F07DFE30B17B497348603815F0B8
:10033000A1FE01F09DFF10BD10B578496E48483010
:1003400015F06EFE48B100216B48483015F0BEFD37
:1003500072496948483015F08DFE10BD10B56A49E4
:100360006548303815F05CFEA8B1674962483038FE
:1003700015F080FE01F076FD00215F48303815F061
:10038000A5FD08215C48303815F0C1FD01215A480F
:10039000303815F09BFD10BD10B50121604816F0F6
:1003A00091FC10BD10B501215E4816F08BFC7A203F
:1003B0004F49888001215C4816F036FE01215B48D8
:1003C00016F032FE10BD10B50121594816F07AFC26
:1003D0005748008800F0100028B156480068401EB9
:1003E0005449086004E053480068401C51490860C3
:1003F00010BD704710B50121880716F063FC4FF05F
:100400008040008800F0100028B14B480068401E72
:100410004949086004E048480068401C46490860B3
:1004200010BD10B50121454816F04CFC434800882A
:1004300000F0100028B142480068401E40490860A2
:1004400004E03F480068401C3D49086010BD10B5FD
:1004500001213C4816F036FC3A48008800F01000B4
:1004600028B139480068401E3749086004E0364822
:100470000068401C3449086010BD10B501213348A4
:1004800016F020FC3148008800F0100028B13048F8
:100490000068401E2E49086004E02D480068401C9A
:1004A0002B49086010BD7047704710B5042015F047
:1004B00079FED8B12021274814F0FDFE04212648FA
:1004C00014F0D4FE012804D10021164815F07AFF5B
:1004D00009E00421204814F0C9FE20B9114815F0A4
:1004E00075FF1E49086004201D49086010BD704753
:1004F0000010014020800020706002400080202019
:100500000088001028640240008020103C07002072
:100510008C0000200088002020800010008000282F
:10052000001000400014004000480040001401404A
:10053000000001406C00002070000020000400401A
:10054000740000200008004088000020000C0040DB
:100550007800002000000240000C024068000020EB
:10056000143C014070B50446204618F0EBFC0546EB
:100570002146F84818F0EDFCA0B195222146F54837
:1005800018F0D4FC0021F44815F0A0FCF148F24921
:100590000C310860F048B838C0F8BC500121EE4872
:1005A00015F094FC70BD70B50446002510E0605D48
:1005B00068B1615DE94816F062FD00BF8021E7483F
:1005C00016F00DFE0028F9D0681CC5B200E070BD21
:1005D000EDE770B5044600250FE05CB12146DF4829
:1005E00016F04DFD00BF8021DC4816F0F8FD002814
:1005F000F9D000E070BD681CC5B2032DEDDB00BF73
:10060000F8E713B50C460020FFF7E3FFD4A0FFF78F
:10061000CAFF2346D3A29621D34818F0C3FFD2487D
:10062000FFF7C1FFD1A0FFF7BEFFCEA29621CE48B3
:10063000009B18F0B7FFCC48FFF7B5FFCDA0FFF740
:10064000B2FFFF20FFF7C5FFFF20FFF7C2FFFF202B
:10065000FFF7BFFF1CBD70B505460C46C0A0FFF7F5
:10066000A2FF2246BFA1C04818F0B4FFBE48FFF762
:100670009AFFBEA0FFF797FF2846FFF794FFBDA0A3
:10068000FFF791FFFF20FFF7A4FF70BD77B585B09E
:100690000546FF26B5A103C9CDE90301B5A0006851
:1006A0000290AFA00068019000240AE00020B24947
:1006B0000855B2490855AC490855A6490855601C6B
:1006C000C4B21E2CF2DB0A20A7490870FF20487034
:1006D0008870C870A3A1A948079A18F07BFFA749A2
:1006E00001A818F017FC01A99F4818F013FC03A9F2
:1006F0009D4818F00FFC29469B4818F00BFC99A167
:100700009E48069A18F066FF9C49974818F002FC2C
:1007100002A9954818F0FEFBFF2097490870487021
:100720008870914818F0F6FB8F48FFF71BFF08B060
:1007300070BDF7B584B005460E46FF278BA103C9EF
:10074000CDE902018BA00068019085A000680090AF
:10075000002408E000208849085588490855824946
:100760000855601CC4B20A2CF4DB0A207E490870CC
:10077000FF2048708870C8707AA18048069A18F0E7
:1007800029FF7E49684618F0C5FB6946764818F08F
:10079000C1FB02A9744818F0BDFB2946724818F045
:1007A000B9FB3146704818F0B5FB01A96E4818F046
:1007B000B1FBFF2070490870487088700020C87035
:1007C0000871694818F0A6FB6748FFF7CBFE07B031
:1007D000F0BD01B58EB06AA2322101A80E9B18F0BF
:1007E000E1FE01A8FFF7BEFE0FB000BD73B584B0F7
:1007F0000546FF265DA103C9CDE902015DA00068A1
:10080000019057A00068009000240AE000205A4997
:1008100008555A490855544908554E490855601C11
:10082000C4B21E2CF2DB0A204F490870FF2048702A
:100830008870C8704BA15148059A18F0CBFE4F49FB
:10084000684618F067FB6946474818F063FB02A941
:10085000454818F05FFB2946434818F05BFB4749C1
:10086000414818F057FB01A93F4818F053FBFF20FF
:1008700041490870487088703B4818F04BFB3A4873
:10088000FFF770FE06B070BD10B52DED0C8B82B079
:100890003E4800783D49497808443C4989780844F5
:1008A0003A49C978084439490979084437494979A6
:1008B00008443649897908443449C9790844334998
:1008C000097A0844C0B201903048007A00F00F0065
:1008D00000909FED2F0AB0EE40DA2C48407A019943
:1008E000884271D12948007A00F00F000D286BD1A1
:1008F00026488078C0F17F0000EE100AB8EEC08A6A
:100900002248C078813800EE100AF8EEC08AB5EEB1
:10091000C08AF1EE10FA03D1B7EE000AB0EE408AB9
:10092000F5EEC08AF1EE10FA03D1B7EE000AF0EE50
:10093000408ABDEEC80A10EE102A002A01DB1346D9
:1009400000E05342BDEEE80A10EE100A002821DB59
:10095000044620E08A060020B860024000500040B3
:100960007400000025640000540500202E74787483
:100970003D220000220000003A060020120600205E
:100980006A302E76616C3D25640000007D070020F2
:10099000DB0F49404442191901EBD1735B10F94C4C
:1009A0002360BDEEE80A10EE101A002901DB0A46AA
:1009B00000E04A42322A0FDABDEEC80A10EE100AF1
:1009C000002802DB024601E02FE04242322A03DA2D
:1009D0000020ED49086030E018EE900A18F07FFC26
:1009E00041EC1B0B18EE100A18F079FC41EC1C0BC3
:1009F000B0EE4B1AF0EE6B1AB0EE4C0AF0EE6C0A49
:100A000018F096FFB0EE40AAF0EE60AA9FEDDF0B63
:100A100053EC102B51EC1A0B18F050FB41EC190B56
:100A200018F03EFCD849086007E09DF800000D284A
:100A300003D00021D74816F0F7FA02B0BDEC0C8BBA
:100A400010BDD548007A00F00F000D2806D1D2481D
:100A5000007800F0010008B10D2070470020FCE78D
:100A6000CD48007800F0100008B100207047012048
:100A7000FCE71CB54FF0804015F0A8FCC749096899
:100A800040EA01400C2190FBF1F00090002418E0B6
:100A90004FF0804015F09AFCC049096840EA0140D7
:100AA0000C2190FBF1F00190DDE90021881A00286B
:100AB00001DB014600E04142052900DA641C01988F
:100AC0000090022CE4DB019840421CBD1CB5B448E8
:100AD00015F07CFCB349096840EA01400C2190FB09
:100AE000F1F00090002417E0AD4815F06FFCAD491F
:100AF000096840EA01400C2190FBF1F00190DDE92A
:100B00000021881A002801DB014600E04142052946
:100B100000DA641C01980090022CE5DB01981CBDF2
:100B20001CB5A14815F052FCA049096840EA0140F3
:100B30000C2190FBF1F00090002417E09A4815F08A
:100B400045FC9A49096840EA01400C2190FBF1F00C
:100B50000190DDE90021881A002801DB014600E050
:100B60004142052900DA641C01980090022CE5DB63
:100B700001981CBD1CB58E4815F028FC8D490968EC
:100B800040EA01400C2190FBF1F00090002417E0B6
:100B9000874815F01BFC8749096840EA01400C2191
:100BA00090FBF1F00190DDE90021881A002801DBBB
:100BB000014600E04142052900DA641C01980090DA
:100BC000022CE5DB01981CBD01B581B0002000902E
:100BD000019800EBC0004000009002E00098401E29
:100BE000009000980028F9D10CBD01B581B000201B
:100BF000009044F2506101984843009002E0009850
:100C0000401E009000980028F9D10CBD1CB50121B0
:100C10001F2014F00FFD4FF6FF70009001208DF89B
:100C2000040000208DF8060001208DF80700032045
:100C30008DF805006946604814F0B6FA4FF6FF706B
:100C4000009001208DF8040000208DF8060001209E
:100C50008DF8070003208DF805006946574814F009
:100C6000A3FA4FF6FF70009001208DF804000020D9
:100C70008DF8060001208DF8070003208DF805008F
:100C800069464F4814F090FA1CBD1CB501217E2026
:100C900014F0D0FC4FF4CE50009000208DF80400EA
:100CA00001208DF8070002208DF8050069464548AF
:100CB00014F07AFA4FF6C740009000208DF8040037
:100CC00001208DF8070002208DF8050069463A489A
:100CD00014F06AFA0420009000208DF8040001202E
:100CE0008DF8070002208DF805006946334814F09E
:100CF0005BFA4FF44C40009000208DF80400012076
:100D00008DF8070002208DF8050069462C4814F084
:100D10004BFA1CBD1FB54FF4E06014F067F93620A4
:100D20008DF8000000208DF801008DF802000120F0
:100D30008DF80300684614F05EF90121102014F0CC
:100D4000ACFC3220ADF8040040F2E7300290002005
:100D5000ADF80C00ADF8060001A91B4815F0E9FA42
:100D60000121194815F0AEFF01221146164815F071
:100D700081FF0021144815F025FB0121124815F0D0
:100D800061FB1FBDCC000020C800002000000080D7
:100D9000A9E78140004800407D0700207000002046
:100DA000000400407400002000080040880000207B
:100DB000000C0040780000200004024000080240BF
:100DC000000C024000000240001000401FB54FF42C
:100DD000E06014F00BF937208DF8000000208DF84A
:100DE00001008DF8020001208DF80300684614F020
:100DF00002F90121202014F050FC3220ADF804004B
:100E000040F2E73002900020ADF80C00ADF806008B
:100E100001A9FE4815F08DFA0121FC4815F052FF9A
:100E200001221146F94815F025FF0021F74815F079
:100E3000C9FA0121F54815F005FB1FBD00B58BB0BF
:100E40000121022014F03AFC01210C2014F0F2FBE5
:100E500003220621EE4814F032FA03220721EC485F
:100E600014F02DFA03220821E94814F028FA03228D
:100E70000921E74814F023FA4FF47070069002201D
:100E80008DF81C0003208DF81D0000208DF81E0039
:100E900001208DF81F0006A9DD4814F085F9A42073
:100EA000ADF8200040F6B83009904FF48070ADF8EE
:100EB00028000020ADF8220008A9D64815F039FA1C
:100EC0006020ADF804000120ADF80600002003907A
:100ED000ADF810000121CF4815F0B4FA0021CD483B
:100EE00015F070FA01A9CB4815F0B8FA01A9C94864
:100EF00015F0EDFA01A9C74815F036FB01A9C54860
:100F000015F098FB0121C34815F08DFE0BB000BD14
:100F100000B58BB00121082014F0BFFB0121084669
:100F200014F088FB02220021BB4814F0C8F9022209
:100F30000121B94814F0C3F902221146B64814F051
:100F4000BEF902220321B44814F0B9F90F2006902B
:100F500002208DF81C0003208DF81D0000208DF864
:100F60001E0001208DF81F0006A9AB4814F01CF9E3
:100F7000BA20ADF8200042F2107009900020ADF8C0
:100F80002800ADF8220008A9A44815F0D2F9602085
:100F9000ADF804000120ADF8060000200390ADF884
:100FA000100001219D4815F04DFA00219B4815F0D5
:100FB00009FA01A9994815F051FA01A9974815F0C5
:100FC00086FA01A9954815F0CFFA01A9934815F0C2
:100FD00031FB0121914815F026FE0BB000BD00B594
:100FE0008BB00121042014F058FB01210D2014F0D6
:100FF00021FB02220C218A4814F061F902220D2102
:10100000874814F05CF902220E21854814F057F944
:1010100002220F21824814F052F94FF470400690DA
:1010200002208DF81C0003208DF81D0000208DF893
:101030001E0001208DF81F0006A9794814F0B4F8AD
:10104000A420ADF8200040F6B83009904FF480702D
:10105000ADF828000020ADF8220008A9714815F06D
:1010600068F96020ADF804000120ADF8060000200A
:101070000390ADF8100001216A4815F0E3F9002152
:10108000684815F09FF901A9664815F0E7F901A92C
:10109000644815F01CFA01A9624815F065FA01A927
:1010A000604815F0C7FA0BB000BD00B589B001214A
:1010B000080414F003FB0121084614F0BBFA0322D4
:1010C0001146554814F0FBF803220221524814F04F
:1010D000F6F80C20019002208DF8080003208DF80E
:1010E000090000208DF80A0001208DF80B0001A9ED
:1010F000494814F059F80020ADF818004FF6FF7079
:1011000007900020ADF82000ADF81A0006A9464867
:1011100015F00FF90420ADF80C000020ADF80E001A
:10112000C820ADF814000120ADF8100003A93E4816
:1011300015F0D6FC00231A4603213C4815F06DFE3D
:1011400001213A4815F0BEFD01221146374815F03D
:1011500091FD0121344815F075F90021334815F04F
:1011600031F909B000BD00B589B00121084614F07D
:1011700094FA0121022014F090FA0121032014F0C6
:1011800059FA01220F21244814F099F80122032171
:10119000274814F094F802220421254814F08FF80F
:1011A00002220521224814F08AF8382001900220FA
:1011B0008DF8080003208DF8090000208DF80A0042
:1011C00001208DF80B0001A9194813F0EDFF4FF431
:1011D0000040019002208DF8080003208DF80900DE
:1011E00000208DF80A0001208DF80B0001A90A48A3
:1011F00013F0DAFF0020ADF818004FF6FF700790EB
:101200000020ADF82000ADF81A0013E000140040F3
:10121000000802400004014000000240000C0040B1
:10122000000C024000080040000001400040014066
:101230000004024006A94FF0804015F07AF806A994
:10124000FE4815F076F80420ADF80C000220ADF849
:101250000E001420ADF814000120ADF8100003A911
:10126000800715F03DFC03A9F44815F039FC022372
:101270001A460321580715F0D0FD02231A46032110
:10128000EE4815F0CAFD0121880715F01BFD01216C
:10129000EA4815F017FD01221146900715F0EAFC07
:1012A00001221146E54815F0E5FC0121880715F0FB
:1012B000C9F80121E14815F0C5F800214FF0804040
:1012C00015F080F80021DD4815F07CF84FF4C0607F
:1012D00013F08CFE1D208DF8000003208DF8010016
:1012E00000208DF8020001208DF80300684613F0FD
:1012F00082FE1C208DF8000004208DF801000020E3
:101300008DF8020001208DF80300684613F073FE8B
:1013100009B000BD00B589B00121084614F0CEF92E
:101320000121102014F086F94FF420600190022072
:101330008DF8080003208DF8090000208DF80A00C0
:1013400001208DF80B0001A9BD4813F02DFF0122EB
:101350000921BB4813F0B3FF01220B21B84813F059
:10136000AEFF0020ADF818004FF6FF700790002088
:10137000ADF82000ADF81A0006A9B24814F0D9FF64
:101380000420ADF80C000020ADF80E000A20ADF8E6
:1013900014000120ADF8100003A9AA4815F0A0FB25
:1013A00000231A460321A74815F037FD0121A5485F
:1013B00015F088FC01221146A24815F05BFC0121C2
:1013C000A04815F07FFC012211469E4815F052FC02
:1013D00001219C4815F036F800219A4814F0F2FFDC
:1013E0004FF4C06013F002FE19208DF800000120B8
:1013F0008DF8010000208DF8020001208DF8030017
:10140000684613F0F8FD09B000BD00B589B00121B0
:10141000042014F042F90121082014F00BF94FF4D4
:101420004050019002208DF8080003208DF809003B
:1014300000208DF80A0001208DF80B0001A98248D8
:1014400013F0B2FE0020ADF818004FF6FF700790C1
:101450000020ADF82000ADF81A0006A97B4814F072
:1014600068FF02220C21784813F029FF02220D2187
:10147000754813F024FF0420ADF80C000220ADF8ED
:101480000E00C820ADF814000120ADF8100003A92B
:101490006E4815F025FB02231A4603216B4815F010
:1014A000BCFC0121694815F00DFC0122114667487A
:1014B00015F0E0FB0121654814F0C4FF00216348EA
:1014C00014F080FF002061491431088001205F4939
:1014D00008804FF4C06013F089FD1E208DF80000D5
:1014E00004208DF8010000208DF8020001208DF805
:1014F0000300684613F07FFD09B000BD00B589B058
:101500000121082014F0C9F80121084614F092F8CE
:101510000320019002208DF8080003208DF80900B7
:1015200000208DF80A0001208DF80B0001A9484821
:1015300013F03AFE0020ADF818004FF6FF70079048
:101540000020ADF82000ADF81A0006A9414814F0BB
:10155000F0FE022200213E4813F0B1FE02220121DA
:101560003B4813F0ACFE0420ADF80C000220ADF8AF
:101570000E00C820ADF814000120ADF8100003A93A
:10158000344815F0ADFA02231A460321314815F00C
:1015900044FC01212F4815F095FB012211462D48EE
:1015A00015F068FB01212B4814F04CFF002129485D
:1015B00014F008FF00202749143108800120254934
:1015C00008804FF4C06013F011FD32208DF8000048
:1015D00004208DF8010000208DF8020001208DF814
:1015E0000300684613F007FD09B000BD00B59BB0CD
:1015F0000121194814F01EF80121080214F05EF8C8
:101600000020029015480390154804900020059092
:101610000E200690002007904FF480600890400054
:10162000099080000A9040110B9040020C9000201D
:101630000D9001200E9000200F9013E00004004058
:101640000010024000000140000C02400008004071
:1016500000000240000C0040070040004C20014008
:1016600020070020109002A9FE4814F0F5FB01218C
:10167000FC4814F02BFCFC20009003208DF80400A3
:1016800000208DF807006946F74813F08DFD4FF4F0
:101690004070009003208DF8040000208DF80700B2
:1016A0006946F24813F080FD3F20009003208DF83A
:1016B000040000208DF807006946ED4813F074FD22
:1016C000002011904FF4403012900020139014909D
:1016D00011A814F027F94FF08070159001208DF8B3
:1016E00058008DF8590000201790189019900E207E
:1016F0008DF8680015A9DF4814F0E5F807230122EA
:101700000221DC4814F065F9072302220321D9489D
:1017100014F05FF9072303220421D64814F059F985
:10172000072304220521D34814F053F90723052287
:101730000621D04814F04DF9072306221946CD485A
:1017400014F047F907231A460821CA4814F041F952
:10175000072308220921C74814F03BF9072309226F
:101760000A21C44814F035F907230A220B21C14885
:1017700014F02FF907230B220C21BE4814F029F98D
:1017800007230C220D21BB4814F023F907230D2257
:101790000E21B84814F01DF907230E220F21B54879
:1017A00014F017F90121B34814F0BEF90121B14832
:1017B00014F0AFF90121AF4814F0CBF8AD4814F0A4
:1017C00064F91BB000BD08B54FF4E06013F00EFCE7
:1017D00025208DF8000000208DF801008DF8020012
:1017E00001208DF80300684613F005FC08BD10B514
:1017F00096B004460121102013F060FF0121084635
:1018000013F018FF0121880513F014FF4FF4C06096
:10181000009002208DF8040000208DF806008DF85D
:10182000070002208DF8050069468F4813F0BCFCC4
:10183000072209218C4813F042FD07220A218A4819
:1018400013F03DFD02940020ADF80C00ADF80E0041
:10185000ADF81000ADF814000C20ADF8120002A98C
:10186000854815F059FB0121834815F0DDFB4FF445
:10187000A06013F0BBFB3A208DF8180000208DF813
:1018800019008DF81A0001208DF81B0006A813F02E
:10189000B2FB7448303014F03DFA4FF0006007900E
:1018A00000200A90754809900A200B907248001D8C
:1018B000089000200C904FF480600D9000200E9056
:1018C0000F904FF4807010904002119004201290FD
:1018D0000320139000201490159007A96148303020
:1018E00014F0BAFA01224021634815F04AFC0122A3
:1018F00010215C48303014F076FB0121594830301B
:1019000014F0E4FA16B010BD10B596B004460121EB
:10191000480513F08FFE0121480413F0BEFE01219B
:10192000082013F087FE6020009002208DF804004C
:1019300000208DF806008DF8070002208DF80500C4
:1019400069464F4813F030FC072205214C4813F03C
:10195000B6FC072206214A4813F0B1FC029400208D
:10196000ADF80C00ADF80E00ADF81000ADF81400A5
:101970000C20ADF8120002A9424815F0CDFA012161
:10198000404815F051FB4FF4A06013F02FFB1120DD
:101990008DF8180000208DF819008DF81A0001202C
:1019A0008DF81B0006A813F026FB374814F0B2F997
:1019B0004FF00060079040200A9034480990502072
:1019C0000B903048001D089000200C904FF4806070
:1019D0000D9000200E900F904FF4807010904002F8
:1019E0001190042012900320139000201490159061
:1019F00007A9254814F030FA01228021214815F06A
:101A0000C0FB012280211F4815F0BBFB01221021E1
:101A10001D4814F0E8FA01211B4814F057FA16B0DB
:101A200010BD10B596B004460121880413F035FEB0
:101A30000121082013F0FEFD0121480513F0FAFDF5
:101A40004FF44070009002208DF8040000208DF8C3
:101A500006008DF8070002208DF805006946084849
:101A600016E0000010640240000002400004024042
:101A70000008024000200140001001403C07002007
:101A8000000C024000440040A0600240040000201E
:101A900013F08AFB07220821FE4813F010FC0722EE
:101AA0000921FC4813F00BFC02940020ADF80C0057
:101AB000ADF80E00ADF81000ADF814000C20ADF834
:101AC000120002A9F44815F027FA0121F24815F096
:101AD000ABFA4FF4A06013F089FA0C208DF81800CF
:101AE00000208DF819008DF81A0001208DF81B00D8
:101AF00006A813F080FAE94814F00CF94FF00060E2
:101B0000079000200A90E64809900A200B90E248CE
:101B1000001D089000200C904FF480600D90002074
:101B20000E900F904FF4807010904002119004209E
:101B300012900320139000201490159007A9D74805
:101B400014F08AF901224021D34815F01AFB012232
:101B50004021D14815F015FB01221021CF4814F087
:101B600042FA0121CD4814F0B1F916B010BD10B5FC
:101B700096B004460121C80413F08FFD0121042012
:101B800013F058FD0121480513F054FD4FF4406057
:101B9000009002208DF8040000208DF806008DF8DA
:101BA000070002208DF805006946BE4813F0FCFAD4
:101BB00008220A21BB4813F082FB08220B21B948F6
:101BC00013F07DFB02940020ADF80C00ADF80E0080
:101BD000ADF81000ADF814000C20ADF8120002A909
:101BE000B14815F099F90121AF4815F01DFA4FF4ED
:101BF000A06013F0FBF90D208DF8180003208DF87C
:101C0000190001208DF81A008DF81B0006A813F0AA
:101C1000F2F9A248183014F07DF84FF000600790F8
:101C200000200A90A148099008200B909E48001DB2
:101C3000089000200C904FF480600D9000200E90D2
:101C40000F9010904FF4003011900020129003205C
:101C5000139000201490159007A99048183014F0A4
:101C6000FBF801224021904815F08BFA01228021D7
:101C70008D4815F086FA012210218848183014F09A
:101C8000B2F901218548183014F020F916B010BDC2
:101C900070B5874C2468642C00DB70BD854C2488AB
:101CA00004EB8404844D2C446070824C248804EB43
:101CB00084042C44A1707F4C248804EB84042C44BD
:101CC000E2707C4C248804EB84042C442371794C0E
:101CD0002488641C642594FBF5F605FB1644754DB9
:101CE0002C80734C2468641C714D2C6000BFD4E7B9
:101CF00001466F48006808B9002070476F480088A7
:101D000000EB80006C4A104402680A600079087198
:101D10000120F2E701466648006808B900207047D4
:101D20006648008800EB8000634A104402680A603D
:101D30000079087161480088401C642290FBF2F32E
:101D400002FB13005D4A108059480068401E584A43
:101D500010600120E3E70CB56846FFF7DBFF0020C9
:101D6000574908700CBD70B504460D46012C0BD1C7
:101D70002946544815F083F900BF4021514815F019
:101D80002EFA0028F9D036E0032C0BD12946424820
:101D900015F075F900BF40213F4815F020FA0028E2
:101DA000F9D028E0042C0BD129463F4815F067F9FB
:101DB00000BF40213C4815F012FA0028F9D01AE083
:101DC000052C0BD12946404815F059F900BF402198
:101DD0003D4815F004FA0028F9D00CE0062C0AD191
:101DE00029463A4815F04BF900BF4021374815F015
:101DF000F6F90028F9D070BD2DE9F047022401253D
:101E0000022600274FF000084FF003096019304404
:101E1000384440442E490978084400F0FF0A21461E
:101E20000620FFF7A0FF29460620FFF79CFF31465A
:101E30000620FFF798FF39460620FFF794FF41463A
:101E40000620FFF790FF224801780620FFF78BFF5E
:101E500051460620FFF787FF49460620FFF783FF1C
:101E6000BDE8F08710B5114800781049497808445A
:101E70000E49897808440D49C97808440B49097905
:101E800008440A4949790844C4B20848007802283D
:101E900020D010BD000C02400048004028600240E5
:101EA0007D07002000080240004C0040470200204F
:101EB00054020020580200208C0700205A02002003
:101EC0005D0200200010014000500040001401405D
:101ED00060020020FE48C079032800D010BDFC48F5
:101EE0008079A0424ED1FA484078FA490870F84803
:101EF0008078F9490870F648C078F8490870F448C5
:101F00000079F7490870F2484079F6490870F148BD
:101F1000007801280AD1F0480078022806D1084646
:101F20000078F1490860FFF767FF34E0E94800787E
:101F3000022807D1E8480078012803D10020EB49A6
:101F4000086028E0E348007802280ED1E2480078D3
:101F500002280AD1E3480378E1480278DF48017893
:101F6000DD480078FFF794FE15E0DA480078022893
:101F700011D1D948007803280DD1DA480078DC491E
:101F8000086008E0FF20D4490870D4490870D4499B
:101F90000870D449087000BFA0E710B596B0044699
:101FA0000121480513F046FB0121080513F075FBDC
:101FB00001210C2013F03EFB0420009002208DF83C
:101FC000040000208DF806008DF8070002208DF82F
:101FD00005006946C74813F0E7F84FF480500090B9
:101FE00002208DF8040000208DF806008DF807000F
:101FF00002208DF805006946BF4813F0D5F8082285
:102000000221BC4813F05BF908220C21BA4813F0F6
:1020100056F94FF4A06012F0E9FF2F208DF8180058
:1020200005208DF819008DF81A0001208DF81B008D
:1020300006A812F0E0FF0B208DF8180005208DF89F
:1020400019008DF81A0001208DF81B0006A812F067
:10205000D2FF02940020ADF80C00ADF80E00ADF8F0
:102060001000ADF814000C20ADF8120002A9A3482E
:1020700014F052FF0121A14814F0D6FFA04813F03C
:1020800049FE4FF00060079040200A909D4809905B
:102090000A200B909948001D089000200C904FF4E6
:1020A00080600D9000200E900F9010904FF4003043
:1020B000119000201290032013900020149015908E
:1020C00007A98F4813F0C8FE8D48A83813F022FEE8
:1020D0004FF00060079000200A908B48099005207F
:1020E0000B908648001D089000200C904FF48060F3
:1020F0000D9000200E900F9010904FF40030119032
:10210000002012900320139000201490159007A92E
:102110007B48A83813F0A0FE01228021774815F0F3
:1021200030F801224021754815F02BF801221021CA
:10213000734813F058FF012210217148A83813F09A
:1021400052FF01216E4813F0C1FE01216C48A838EE
:1021500013F0BCFE16B010BD10B596B004460121B8
:10216000202013F0ABFA0121042013F063FA0121BF
:10217000880513F05FFAC020009002208DF804005B
:1021800000208DF806008DF8070002208DF805006C
:102190006946594813F008F808220621564813F0FA
:1021A0008EF808220721544813F089F80294002081
:1021B000ADF80C00ADF80E00ADF81000ADF814004D
:1021C0000C20ADF8120002A9504814F0A5FE012120
:1021D0004E4814F029FF4FF4A06012F007FF392099
:1021E0008DF8180003208DF8190001208DF81A00D1
:1021F0008DF81B0006A812F0FEFE454813F08AFD7C
:102200004FF02060079000200A9042480990082073
:102210000B903E48001D089000200C904FF4806009
:102220000D9000200E900F9010904FF40030119000
:10223000002012900320139000201490159007A9FD
:10224000334813F009FE01224021304814F099FF71
:10225000012280212D4814F094FF012210212C48E6
:1022600013F0C1FE01212A4813F030FE16B010BD54
:1022700028490978274A52781144264A927811440D
:10228000244AD2781144234A12791144214A5279BE
:102290001144C8B21F490978022900D070471D496E
:1022A000C979032900D0F9E71A498979814245D1D2
:1022B00018494978184A117016498978174A1170D7
:1022C0001449C978164A117012490979154A2BE048
:1022D000470200204F02002050020020510200203F
:1022E00052020020530200206002002064020020FD
:1022F00068020020000C024000080240005000402C
:10230000B86002408A0600208009002000140140C5
:10231000286402406C020020740200207502002034
:1023200076020020770200201170FE494979FE4AAA
:102330001170FE490978FE4A117006E0FF21FD4A3E
:102340001170FA4A1170F84A117000BFA6E700B583
:1023500085B00121082013F06DF90121880313F0E5
:10236000ADF900208DF8100001208DF813000C202D
:10237000039003A9F04812F017FF0221032014F084
:1023800099FF0420009000208DF8040010208DF8A3
:10239000050001208DF80600684613F09DFE082018
:1023A0008DF8080000208DF809008DF80A00012042
:1023B0008DF80B0002A812F01EFE05B000BD002033
:1023C000DE494862DE490860DE490860DE4908608F
:1023D00070470020D9494862D94908604FF08041D0
:1023E0004862DA490860DA490860DA490860D54984
:1023F0000860D5490860D8490860D8490860704726
:1024000000204FF080414862D049086070470020AA
:10241000CF490860CF490860704710B50020D04907
:102420000870002407E061210120FFF79CFC3220A6
:10243000FEF7DBFB641C022CF5D30120C8490870B1
:102440007A20C849087010BD10B50020C649087030
:10245000002407E061210320FFF785FC3220FEF70E
:10246000C4FB641C022CF5D30120BF4908707A20FC
:10247000BE49087010BD2DE9F14FAEB0BCA02D9043
:1024800000202C908DF888008DF860002E9815287B
:1024900033D2DFE800F00B333C434A51585F666D9E
:1024A000747B828B949BA2FEFDFCFB000221B94849
:1024B00012F0DCFE88B100224FF40041B64812F061
:1024C000F3FE4FF40041B44812F0DDFE0446002252
:1024D0002146B2A0FEF7DAF80FE00122D103AE48A0
:1024E00012F0E2FE4FF40041AB4812F0CCFE04467D
:1024F00000222146B1A0FEF7C9F87DE20122B748CB
:10250000B0F900004142B6A0FEF7C0F874E2022222
:10251000B5480168B5A0FEF7B9F86DE20322B848E6
:102520000168B8A0FEF7B2F866E20422B948016873
:10253000B9A0FEF7ABF85FE20522BB480168BBA07B
:10254000FEF7A4F858E20622BC480168BCA0FEF7DA
:102550009DF851E20722BE480168BEA0FEF796F83A
:102560004AE20822BE480168BEA0FEF78FF843E2A7
:102570000922BF480168BFA0FEF788F83CE20A22A2
:10258000BF480168BFA0FEF781F835E20B22C148C1
:102590000168C1A0FEF77AF82EE2FEF76AFA044657
:1025A0000C222146C1A0FEF771F825E2FEF78EFA53
:1025B00004460D222146C0A0FEF768F81CE20E2258
:1025C000C0480168C0A0FEF761F815E20F22C148BB
:1025D0000168C1A0FEF75AF80EE20121C14812F0CD
:1025E00045FE4FF4005117906B4812F03FFE044631
:1025F0000221BC4812F03AFE05464FF4804166487D
:1026000012F034FE06460421B64812F02FFE4FF4B5
:1026100000411690B34812F029FE07460821B14840
:1026200012F024FE80464FF48041AE4812F01EFEA8
:1026300081461021AB4812F019FE4FF4005115905D
:10264000A84812F013FE824608213B4812F00EFE05
:102650004FF480511490A34812F008FE10211390FB
:10266000354812F003FE4FF4806112909D4812F03D
:10267000FDFD834680219B4812F0F8FD4FF48071E8
:102680001190984812F0F2FD109003E0ACE1A4E143
:102690009CE121E01798CDE90B65CDE90D40169836
:1026A000CDE90798CDE90970DDE913121598CDE958
:1026B000042A03910690DDE91110CDE9001B029078
:1026C00089A2282122A8109B16F06CFF102222A9B3
:1026D0008EA0FEF72EF88FE180212E4812F0C6FD65
:1026E000044601212B4812F0C1FD0546402129482E
:1026F00012F0BCFD06464FF400410F4812F0B6FD43
:1027000007464FF48051824812F0B0FD80464FF4E6
:102710008061204812F0AAFD81464FF400617C4898
:10272000F8E000006C020020780200207702002010
:102730007902002076020020000C024000000140D7
:102740006C00002024080040880000207000002059
:102750002404004074000020240C00407800002075
:1027600091000020900000209300002092000020A3
:102770003131313131313131313131313131313149
:10278000313131313131303131313131313131313A
:10279000000000000004024000080240524F424F77
:1027A0005420322044414E47204348415920534150
:1027B0004E2058414E483A2020200000524F424FB0
:1027C0005420322044414E47204348415920534130
:1027D0004E20444F3A202020000000008C000020B2
:1027E000494D553A00000000B800002054726F2097
:1027F0006368616E205472756F633A2000000000B8
:10280000BC00002054726F206368616E20536175B4
:102810003A202000B000002054726F20786F617958
:102820002074617920000000C000002054726F20E5
:10283000646179207461792031200000C400002097
:1028400054726F2064617920746179203220000015
:10285000A40000204C617A657220706861690000F4
:10286000A00000204C617A657220747261692000BA
:10287000980000204C617A65722073617500000039
:102880009C0000204C617A6572207472756F632021
:102890000000000054020020636F756E745F646175
:1028A00074615F756172743420000000454E434FBF
:1028B0004445525F464C2000454E434F4445525FCD
:1028C00046522000940200204B545F48615F5461DF
:1028D000792000006802002069645F6461745F68A9
:1028E0006F70200000100240256425642564256473
:1028F0002564256425642564256425642564256490
:10290000256425642564256400000000493A000020
:102910000000024012F0AAFC4FF400611790FE483C
:1029200012F0A4FC82464FF48061FC4812F09EFC39
:1029300083464FF48051F84812F098FC4FF4006140
:102940001690F64812F092FC4FF400511590F248A0
:1029500012F08CFC4FF480411490F04812F086FC89
:102960004FF480411390EC4812F080FC4FF48071DA
:102970001290EB4812F07AFC4FF400411190E648B7
:1029800012F074FCCDE90B76CDE90D541090179838
:10299000CDE907A0CDE90998DDE915211498CDE925
:1029A000051BCDE90302DDE911121398CDE90012F0
:1029B0000290AFF2CC02282122A8109B16F0F2FD63
:1029C000112222A9D7A0FDF7B4FE15E0D74841890E
:1029D0001222D7A0FDF75AFE0EE01322D848016854
:1029E000D8A0FDF753FE07E01422D9480168AFF2E2
:1029F0006C10FDF74BFE00BF00BF2FB0BDE8F08F9D
:102A000010B50121D34813F061FA10BD01B5D248C9
:102A100000680099884203DD0020CF49086004E087
:102A2000CD480068401CCC490860CB480068FFF7DF
:102A300022FD08BD01B59DF80000052801DA00203F
:102A400008BD9DF80000FBE730B504461D4624B9DB
:102A5000C2480078C24BD87011E0002C07DDE0B20C
:102A6000FFF7E8FFBE4BD8700020987007E0634284
:102A7000D8B2FFF7DFFFBA4BD8700120987021B9A8
:102A8000B6480078B64BD87111E0002907DDC8B20E
:102A9000FFF7D0FFB24BD8710120987107E04B428D
:102AA000D8B2FFF7C7FFAE4BD8710020987122B99A
:102AB000AA480078AA4BD87211E0002A07DDD0B2EC
:102AC000FFF7B8FFA64BD8720120987207E0534277
:102AD000D8B2FFF7AFFFA24BD8720020987225B989
:102AE0009E4800789E4BD87311E0002D07DDE8B2B8
:102AF000FFF7A0FF9A4BD8730120987307E06B4251
:102B0000D8B2FFF797FF964BD8730020987330BD6B
:102B1000934AD070D071D072D07370479048C0780B
:102B200003280DDA8E48C079032809DA8C48C07A68
:102B3000032805DA8A48C07B032801DA01207047A0
:102B40000020FCE70120874908607047864800683C
:102B500047F23051884201D0012070470020FCE745
:102B600010B5FFF75AFC10BD8048B0F90000404294
:102B70007047B5EEC00AF1EE10FA09D27C48D0EDEC
:102B8000000A70EE600AFDEEE00A10EE900A70474F
:102B90007748D0ED000A70EE200AFDEEE00A10EE54
:102BA000900AF4E710B52DED0A8B044624B99FED89
:102BB000710ABDEC0A8B10BD002C25DA6E48006846
:102BC00016F05DFB41EC190B204616F058FB41EC6A
:102BD0001C0B9FED6A0B53EC102B16F06FFA41ECB7
:102BE0001B0B9FED680B53EC102B16F061FA41ECB8
:102BF0001A0B53EC192B16F0D3FA41EC180B16F004
:102C000081FB00EE100AD4E75B48006816F037FB42
:102C100041EC190B204616F032FB41EC1C0B9FEDEA
:102C2000570B53EC102B16F049FA41EC1B0B9FEDA0
:102C3000550B53EC102B16F09AF941EC1A0B53EC90
:102C4000192B16F0ADFA41EC180B16F05BFB00EEF9
:102C5000100AAEE7F0EE400AF5EEC00AF1EE10FA07
:102C600002DBB0EE600A7047B1EE600AFBE7014696
:102C7000002901DB084670474842FCE7014643480B
:102C8000D0ED000AF1EE600A4148D0ED001A80EE66
:102C9000A11A00EE901AF8EEE01A3C48D0ED000AB6
:102CA00041EE210AB0EE600AFDEEC00A10EE900A75
:102CB0007047B0EE402ADFED372AB0EE620AB5EE7B
:102CC000C02AF1EE10FA03D2F1EE422AB0EE622AE7
:102CD000F5EEC00AF1EE10FA03D2F1EE602AF0EE42
:102CE000620AB5EEC01AF1EE10FA03D2F1EE412AF3
:102CF000B0EE621AF5EEC01AF1EE10FA03D2F1EE60
:102D0000612AF0EE621AB4EEC02AF1EE10FA01DD8B
:102D1000B0EE420A40E0000000040240000C024015
:102D200000000240696E323A0000000020070020D7
:102D30005175616E675F74726F203A200000000069
:102D400064020020636F5F7661745F63616E2000D0
:102D50009C000020A060024084000020E4020020CB
:102D600004000020480300200C0300208C000020F9
:102D7000A402002000000000F80200209A9999990E
:102D80009999B93F333333333333D33FDC020020D7
:102D9000E00200206F12833AF4EEC00AF1EE10FA5E
:102DA00001DDB0EE600AB4EEC01AF1EE10FA01DDFA
:102DB000B0EE410AF4EEC01AF1EE10FA01DDB0EE09
:102DC000610A7047FE4800687047FE480068704717
:102DD00010B52DED028BB0EE408AFB48006847F23B
:102DE000305188420ED11FED1D0AF84880ED000ACF
:102DF000F74880ED000AF74880ED000AF64880EDBC
:102E0000000A4AE0F5480068F5490968401AEE49A9
:102E10000968081A00EE100AB8EEC00AF0EE408AFF
:102E2000F048D0ED000A88EEA00AEF48D0ED000A85
:102E300030EE200AED48D0ED000A20EE200AF0EE38
:102E4000408AB0EE680A16F013FFF0EE000A20EE9A
:102E5000200ADE4880ED000AB0EE680A16F060FE37
:102E6000F0EE000A20EE200AD94880ED000AD7488B
:102E700090ED000ADE48D0ED000A30EE200AD64878
:102E800080ED000AD24890ED000AD948D0ED000A42
:102E900030EE600ACF4880ED000AB5EEC08AF1EE50
:102EA00010FA73D0D3480068052820D2DFE800F07C
:102EB00003203A546F00C84890ED000A30EE080A2B
:102EC00080ED000AC34890ED000A30EE480A80ED1C
:102ED000000ABF4890ED000A30EE080A80ED000AB3
:102EE000BA4890ED000A30EE480A80ED000A68E02A
:102EF000B84890ED000A30EE480A80ED000AB44868
:102F000090ED000A30EE080A80ED000AAF4890ED1F
:102F1000000AB948D0ED000A08EE600AAB4880ED1F
:102F2000000A4EE0AC4890ED000A30EE080A80ED51
:102F3000000AA74890ED000AAF48D0ED000A08EE5D
:102F4000200AA34880ED000AA04890ED000A30EE68
:102F5000480A80ED000A34E09F4890ED000A30EE08
:102F6000080A80ED000A9B4890ED000AA248D0EDC7
:102F7000000A08EE600A974880ED000A934890ED39
:102F8000000A30EE480A80ED000A1AE01AE0924882
:102F900090ED000A9848D0ED000A08EE200A8E480D
:102FA00080ED000A8B4890ED000A30EE480A80ED73
:102FB000000A874890ED000A30EE080A80ED000A0A
:102FC00000BF00BF8148D0ED001A814890ED001A83
:102FD0008048D0ED000A804890ED000AFFF769FEB6
:102FE0008648D0ED000AF8EEE00A80EE801ABDEEC9
:102FF000C10A834880ED000A714800688049096869
:10300000884203DD7E4800686D49086001207D49E3
:103010000860BDEC028B10BD10B5044600207A4953
:1030200008607A480460FCB90020654908601FED1B
:10303000AF0A6F4880ED000A47F2305062490860DD
:10304000734908601FEDB50A724880ED000A002040
:1030500068490860704908605A4908606F4908600B
:103060001FEDBC0AFFF7B4FE10BD10B5694890ED26
:10307000000AB5EEC00AF1EE10FA05D15D4800680D
:1030800010B96548006890B11FEDC60A614880ED2F
:10309000000A0020574908605F4908604F480068EF
:1030A0004F4908605B4890ED000AFFF791FE10BDA4
:1030B0005B48C0ED000A5B4880ED000A704770B5C0
:1030C0002DED028B05460C46B0EE408A3E48006866
:1030D000A8420BD14C480068A04207D1444890ED6B
:1030E000000AB4EE480AF1EE10FA18D0464804601F
:1030F0003348006810B90520314908603748006836
:10310000374908603A4880ED008A2F480560002062
:10311000454908603F4890ED000AFFF759FEBDECB5
:10312000028B70BD70B52DED028B0446B0EE408A67
:103130000D4639480068A0420BD1364890ED000A90
:10314000B4EE480AF1EE10FA03D12A480068A8420A
:1031500072D01D48006847F23051884225D11E20A8
:10316000294908601648006810B90A201449086007
:1031700047F23050844218DA012012490860B5EE57
:10318000C08AF1EE10FA03DD14480068A04208DCA2
:10319000B5EEC08AF1EE10FA07D210480068A042DE
:1031A00003DAB1EE480AB0EE408A1B4804601148C9
:1031B0000560184880ED008A00201B49086036E051
:1031C000F8020020240300200C0300204403002008
:1031D000400300203C030020380300202C03002083
:1031E00018030020BC020020C8020020EC020020CE
:1031F00020030020F4020020AC020020A0020020E6
:1032000000030020F0020020FC0200200403002044
:10321000100300201C03002014030020480300209A
:10322000DC020020E00200200803002004E0FE4849
:1032300090ED000AFFF7CCFDBDEC028B70BD10B520
:103240002DED028BB0EE408A04462146B0EE480ACE
:1032500047F23050FFF766FFBDEC028B10BD70B532
:1032600004460D469FEDF10A29462046FFF727FF49
:1032700070BD70B52DED088BF0EE408A0446B0EEBF
:10328000608AB0EE419AEA4890ED000AB8EEC00AB2
:10329000B4EE680AF1EE10FA0DD1E6480068A042DB
:1032A00009D1E54890ED000AB8EEC00AB4EE480A2C
:1032B000F1EE10FA5ED0BDEEE80ADD4880ED000ABE
:1032C000DE4991ED000AB8EEC00A38EEC00ABDEE44
:1032D000C00A10EE100A9FEDD50A2146FFF7EFFE57
:1032E000D64890ED000AB8EEC00A38EE400ABDEEAE
:1032F000C00A10EE105A002D01DB284600E068429B
:10330000642814DDCD4890ED000AB8EEC00AB4EE92
:10331000C08AF1EE10FA02DDB0EE490A01E0B1EE2A
:10332000490A10EE101A084615F0D9FF13E0C348F9
:1033300090ED000AB8EEC00A38EE400A10EE101AFE
:10334000084615F0CCFF41EC1B0B9FEDBD0B53EC79
:10335000102B15F0B3FE41EC1A0B15F0D3FF09EE5C
:10336000900A0021B0EE690AFDEEC80A10EE900A3C
:10337000FFF7D8FEBDEC088B70BD10B5B2480068F1
:1033800001283DDDAC490968AC4A1268881AFFF78C
:103390006EFC06280CDAAC4801680068401CAA4A9A
:1033A0001060B1F5FA7F2BDD0020FFF735FE10BD70
:1033B000A5480068FA2808DD05209E490860A34951
:1033C0000860FB20A049086004E0052099490860D6
:1033D0009E4908609948006897490968884205DD58
:1033E000BFEE000A904880ED000A04E0B7EE000A44
:1033F0008D4880ED000A8C4890ED000AFFF7E8FC4C
:1034000000BFD4E710B52DED028B914890ED000A76
:10341000B5EEC00AF1EE10FA08D18C48006828B168
:103420008548006847F23051884202DBBDEC028BD0
:1034300010BD7D4890ED000AB5EEC00AF1EE10FA1D
:103440007ED08448006847F23051884279D176486E
:1034500090ED000AB5EEC00AF1EE10FA08DD7648EC
:1034600000687D490968401A74490968884210DB80
:103470006D4890ED000AB5EEC00AF1EE10FA7CD26C
:103480006D4800687449096808446C4909688842B5
:1034900073DD6D48006803285CDA67490968674A8C
:1034A0001268881AFFF7E3FB0A2816DA62480068F8
:1034B0006A4908600020654908605E4908609FED20
:1034C0005B0A594880ED000A02205F4908605648AF
:1034D00090ED000AFFF77CFCA8E7574800685749C1
:1034E0000968884237DD594890ED000AB8EEC00AF5
:1034F0004D48D0ED000A60EE200A574890ED000AD2
:10350000B8EEC00AC0EE801AB0EE611AB0EE410A01
:10351000FFF7A0FB48490968484A1268881AFFF774
:10352000A6FB00EE900AB8EEE01A4D48D0ED000A76
:1035300040EE010A454890ED000AB8EEC00A01E0ED
:10354000C9E045E080EE801AB0EE418AB0EE480A4C
:10355000FFF73EFCBEE03D4890ED000AB8EEC00A21
:103560003148D0ED000A60EE200A3B4890ED000A99
:10357000B8EEC00AC0EE801A00E023E0B0EE611A97
:10358000B0EE410AFFF766FB2B4909682B4A126827
:10359000881AFFF76CFB00EE900AB8EEE01A30488C
:1035A000D0ED000A50EE410A284890ED000AB8EE2E
:1035B000C00A80EE801AB0EE418AB0EE480AFFF7EA
:1035C00007FC87E0184890ED000AFFF701FC81E056
:1035D000154890ED000AB5EEC00AF1EE10FA1FDDB5
:1035E000154890ED000AB8EEC00A1848D0ED000A60
:1035F000F8EEE00A0C4890ED001A00EEC10A1948F6
:10360000D0ED000AF8EEE00A70EE600A0B4890ED8B
:10361000000AB8EEC00AF4EEC00AF1EE10FA48D380
:10362000014890ED000A1FE01C030020000000008C
:1036300010030020FC020020140300202C030020B3
:103640007B14AE47E17A743F24030020F802002087
:10365000200300200C030020D802002028030020B3
:10366000B8020020D4020020B5EEC00AF1EE10FA34
:103670002BD2FE4890ED000AB8EEC00AFC48D0ED0F
:10368000000AF8EEE00AFB4890ED001A00EEC10ACD
:10369000F948D0ED000AF8EEE00A70EE200AF7488B
:1036A00090ED000AB8EEC00AF4EEC00AF1EE10FA8E
:1036B0000BDDEE490968F14A1268881AFFF772FAC1
:1036C000B0EE408AFFF784FB04E0EA4890ED000A80
:1036D000FFF77EFBAAE6EA490968E84A1268881AF9
:1036E000FFF760FAB0EE408AFFF772FB00BF9DE67D
:1036F00000B5E4480068022815DA1FED340AE248F4
:1037000080ED000A1FED370ADA4880ED000A00203C
:10371000DE49086047F23050DD490860DD49086045
:103720000020D2490860DC480068401CDA49086083
:10373000DA490968884204DAD9480068FFF7E8F9ED
:103740000EE0D6480068D4490860D648006820B129
:10375000D3480068FFF7DCF902E00020FFF7D8F952
:1037600000BDCD4A1268521CCB4B1A60824207DD65
:10377000BF4A12680A44BE4B1A600022C64B1A6048
:1037800070472DE9F041FFF7EFF9BC490860FFF7FA
:10379000F4FDC5480068002821DDB5480068C2492D
:1037A000096888422AD0B2480068BF49096888423F
:1037B0000EDAAF480068BD49096888421EDAAC4895
:1037C0000068FFF75BFA04460121FFF7CAFF15E026
:1037D0004FF0FF31B6480068FFF7C3FF0EE0A44882
:1037E0000068002806DD4FF0FF31B2480068FFF79F
:1037F000B8FF03E0FFF77CFFBDE8F081AE4800684A
:103800009E490968884205D0FFF7FCFD9B48006887
:10381000A9490860A9480068F0B39548D0ED000AAE
:10382000F8EEE00AA64890ED001A60EE810AB0EECC
:10383000600AFFF79EF904468D48D0ED000AF8EEC5
:10384000E00AA04890ED001A60EE810AB0EE600A2E
:10385000FFF78FF905468648D0ED000AF8EEE00A3A
:10386000994890ED001A60EE810AB0EE600AFFF709
:1038700080F906467E48D0ED000AF8EEE00A93484B
:1038800090ED001A60EE810AB0EE600AFFF771F960
:10389000074623462A4600E002E03146FFF7D4F807
:1038A00000BFA9E78A4801680068401C884A106088
:1038B000462907D28748408B8749096808448649CA
:1038C00008600BE0844800684621B0FBF1F08349B2
:1038D000086000207E4908607F49086080480168D0
:1038E0000068401C7E4A1060462907D27948008B48
:1038F0007C49096808447B4908600BE07948006806
:103900004621B0FBF1F07849086000207449086056
:1039100074490860754801680068401C734A10606B
:10392000462907D26B48808A714909680844704962
:1039300008600BE06E4800684621B0FBF1F06D496D
:103940000860002069490860694908606A480168A0
:103950000068401C684A1060462907D25D48C08A4A
:10396000664909680844654908600BE063480068D7
:103970004621B0FBF1F06249086000205E49086012
:103980005E4908605F4801680068401C5D4A10603D
:10399000322907D24F4840895B49096808445A498F
:1039A00008600BE0584800683221B0FBF1F057493D
:1039B0000860002053490860534908605448016872
:1039C0000068401C524A1060322907D24148C08822
:1039D0005049096808444F4908600BE04D480068A9
:1039E0003221B0FBF1F04C490860002048490860E2
:1039F00048490860494801680068401C474A10600F
:103A0000322907D233488088454909680844444927
:103A100008600BE0424800683221B0FBF1F04149F8
:103A2000086000203D4908603D4908603E48016843
:103A30000068401C3C4A1060462907D2254800898E
:103A40003A4909680844394908600BE0374800687A
:103A50004621B0FBF1F03649086000203249086089
:103A60003249086033480168006865E014030020AB
:103A7000F80200201C030020D40200202C030020A8
:103A8000180300202403002020030020F40200205B
:103A90000C0300201003002008030020E80200208F
:103AA000E402002048030020FC0200200003002064
:103AB000340300200403002030030020F002002023
:103AC00044030020400300203C0300203803002072
:103AD00054040020200700205804002098000020F3
:103AE0005C040020600400209C000020640400208E
:103AF00068040020A40000206C0400207004002052
:103B0000A00000207404002078040020A8000020F9
:103B10008C04002090040020BC00002094040020AD
:103B200098040020B80000209C040020A00400207D
:103B3000B0000020B4040020401CFE4A106046295A
:103B400007D2FD480088FD4909680844FB49086020
:103B50000BE0FA4800684621B0FBF1F0F849086034
:103B60000020F4490860F5490860F64801680068DB
:103B7000401CF44A1060462907D2EF484088F249B9
:103B800009680844F04908600BE0EF4800684621E6
:103B9000B0FBF1F0ED4908600020EA490860EA490D
:103BA00008607047EA480068EA490968884203DA11
:103BB000E8480068E6490860E5480068E6490968A1
:103BC000884203DDE4480068E1490860E349096888
:103BD000DF4A1268881A002801DB014600E04142F2
:103BE000022930DDDD480068D9490968884203DDD3
:103BF0000120DB49887502E00020D9498875D74942
:103C00000968D34A1268881A002801DB014600E0DF
:103C1000414201EB4101D34A116010460068D2498C
:103C20000968884203DDD048006811460860CD4825
:103C300000681E2802DA1E20CA490860C9480078B8
:103C4000C749C87502E00020C549C8757047C74814
:103C50000068C7490968884203DAC5480068C34953
:103C60000860C2480068C3490968884203DDC1484A
:103C70000068BE490860C0490968BC4A1268881AD1
:103C8000002801DB014600E04142022930DDBA484C
:103C90000068B6490968884203DD0020B04988748D
:103CA00002E00120AE498874B3490968AF4A12683E
:103CB000881A002801DB014600E0414201EB410186
:103CC000A84A116010460068AC490968884203DDC3
:103CD000AA48006811460860A2480068142802DA61
:103CE0001420A04908609F4800789D49C87402E0EC
:103CF00000209B49C8747047A1480068A149096821
:103D0000884203DA9F4800689D4908609C48006823
:103D10009D490968884203DD9B480068984908600E
:103D200087490968964A1268881A002801DB01460B
:103D300000E04142042931DD81480068904909686A
:103D4000884203DD00208649887602E0012084490C
:103D500088767B4909688A4A1268881A002801DB3C
:103D6000014600E0414201EB810189007D4A11607A
:103D70001046006885490968884203DD8348006869
:103D80001146086077480068642802DA64207549A3
:103D90000860744800787249C87602E000207049D3
:103DA000C87670477A4800687A490968884203DA19
:103DB000784800687649086075480068764909685F
:103DC000884203DD74480068714908605F490968EA
:103DD0006F4A1268881A002801DB014600E0414260
:103DE000042934DD5948006869490968884204DDBE
:103DF00000205B4981F82A0003E00120584981F83E
:103E00002A0052490968624A1268881A002801DBB0
:103E1000014600E0414201EB81018900514A1160F5
:103E2000104600685D490968884203DD5B48006808
:103E3000114608604B480068C82802DAC820494982
:103E4000086048480078464981F82B0003E00020CC
:103E5000434981F82B00704710B55148006851491B
:103E60000968884203DA4F4800684D4908604C48A9
:103E700000684D490968884203DD4B48006848499D
:103E800008604A4B1B68464C24681A1B002A01DB59
:103E9000134600E05342022B4ADD294B1B68444C79
:103EA0002468191B002901DB0B4600E04B42142B50
:103EB0003EDA264B1B683F4C2468181B002801DBA8
:103EC000034600E04342142B7BDA3848006834494B
:103ED0000968884204DD0120214981F8260003E0B9
:103EE00000201F4981F82600304909682C4A1268D1
:103EF000881A002801DB014600E04142194A11609E
:103F0000104600682C490968884203DD2A48006889
:103F10001146086013480068322802DA322011493D
:103F20000860104800780E4981F82700002045E01D
:103F300047E00000B404002020070020B80400205F
:103F4000C0000020BC040020C0040020C4000020E9
:103F5000BC030020B4030020B8030020B8000020F8
:103F6000040000201C040020F4030020C8030020EB
:103F7000C0030020C4030020BC000020F003002088
:103F8000E0030020D8030020DC030020FC03002015
:103F9000EC030020E4030020E803002000040020DC
:103FA000D4030020CC030020D0030020B000002068
:103FB000BC010020C0010020F8030020FD4908607A
:103FC00006E00020FC4981F827000120F94908603B
:103FD00010BD2520F94908604420F9490860704760
:103FE0003A20F64908605820F54908607047432098
:103FF000F24908606420F249086070476920EF497F
:104000000860A020EE490860704700B50246FFF73F
:10401000F5FFEC480260EC48026000BD00B50246C6
:10402000FFF7DEFFE7480260E748026000BD00B529
:104030000246FFF7DCFFE3480260E348026000BD90
:1040400010B5FA20E1490860E1480068E1490860DC
:10405000FA20E1490860E1480068E1490860002071
:10406000E049086035E006E0012014F0FFFAFCF7B3
:10407000F7FC00B927E0D64A1268DB4B1B68D21A5E
:10408000032392FBF3F3D94A1268D24C2468111B24
:10409000002901DB0A4600E04A429342E4DBCF4AB2
:1040A0001268D34B1B68D21A032392FBF3F3D14A55
:1040B0001268CB4C2468101B002801DB024600E08C
:1040C00042429342D0DB00BFC6480068401CC5494D
:1040D0000860C44800683228C5DB10BD10B5012057
:1040E000C5490860C548006890BBC548006878BBF2
:1040F000C448006860BBC448006848BBB6EE001AFC
:10410000DFEDC20A05209FEDC20AFFF7B2F80020DA
:10411000B449086014E006E0012014F0A7FAFCF7A7
:104120009FFC00B906E04FF48051BA4811F09EF8A8
:104130000028F1D000BFAB480068401CA9490860C6
:10414000A84800689628E6DB0020FEF765FFA6E099
:10415000FFE7AA480068012833D1A948006878BB66
:10416000A848006860BBA848006848BBB6EE001AC3
:10417000DFEDA60A05209FEDA60AFFF77AF80020DA
:104180009849086014E006E0012014F06FFAFCF78B
:1041900067FC00B906E04FF480519E4811F066F8C4
:1041A0000028F1D000BF8F480068401C8D4908608E
:1041B0008C4800689628E6DB0020FEF72DFF6EE0B5
:1041C000FFE78E480068012832D18D480068012839
:1041D0002ED18C48006858BB8B48006840BBB6EEB7
:1041E000001ADFED8A0A05209FED8B0AFFF741F8E0
:1041F00000207C49086013E006E0012014F036FA44
:10420000FCF72EFC00B905E00421844811F02EF8DB
:104210000028F2D000BF73480068401C7149086054
:10422000704800689628E7DB0020FEF7F5FE36E0D0
:1042300072480068012832D17148006801282ED1E7
:104240007048006801282AD16F48006838BBB6EE74
:10425000001ADFED6E0A05209FED6F0AFFF709F8DF
:1042600000206049086013E006E0012014F0FEF928
:10427000FCF7F6FB00B905E00421684810F0F6FFF2
:104280000028F2D000BF57480068401C554908601C
:10429000544800689628E7DB0020FEF7BDFE10BDFD
:1042A00056480068B0B95648006898B95548006843
:1042B00080B95548006868B9642059490860594870
:1042C0000068594908603C48C07F40F004003A4902
:1042D000C87752E049480068012816D1484800686C
:1042E00098B94848006880B94748006868B96420B0
:1042F0004B4908604D4800684B4908602E48C07F14
:1043000040F008002C49C87737E03C480068012895
:1043100017D13B480068012813D13A48006880B99A
:104320003948006868B964203D4908604048006821
:104330003D4908602048C07F40F040001E49C877D2
:104340001BE02E480068012817D12D48006801287D
:1043500013D12C48006801280FD12B48006860B9A0
:1043600064202F490860334800682F4908601248CC
:10437000C07F40F010001049C87770471F480068A0
:10438000B0B91F48006898B91E48006880B91E4837
:10439000006868B9642022490860274800682249FB
:1043A00008600548C07F40F004000349C87798E0E2
:1043B00044E00000B003002004000020F0030020CF
:1043C000F4030020BC030020C8030020FC030020ED
:1043D000BC010020E003002000040020C0010020F8
:1043E000EC03002078030020D8030020C000002048
:1043F000E4030020C4000020940200207C0200207E
:104400008002002084020020880200200000614415
:1044100000000000000002400000E14400100240E3
:10442000F803002080010020D40300208401002034
:10443000880100208C01002098010020FE480068BF
:10444000012816D1FD48006898B9FD48006880B978
:10445000FC48006868B96420FB490860FB480068B4
:10446000FB490860FB48C07F40F00800F949C87765
:1044700037E0F1480068012817D1F04800680128AA
:1044800013D1EF48006880B9EE48006868B964202D
:10449000ED490860F0480068ED490860ED48C07FCC
:1044A00040F04000EB49C8771BE0E3480068012872
:1044B00017D1E2480068012813D1E14800680128BB
:1044C0000FD1E048006860B96420DF490860E34824
:1044D0000068DF490860DF48C07F40F01000DD4918
:1044E000C8777047D448006878B9D448006860B984
:1044F000D348006848B9D348006830B9D548C07F70
:1045000040F00400D349C87752E0CB480068012846
:1045100016D1CA48006898B9C948006880B9C94826
:10452000006868B96420C8490860CD480068C84977
:104530000860C848C07F40F00800C649C87737E027
:10454000BD480068012817D1BC480068012813D174
:10455000BB48006880B9BB48006868B96420BA49A4
:104560000860BF480068BA490860BA48C07F40F098
:104570004000B849C8771BE0AF480068012817D150
:10458000AE480068012813D1AD48006801280FD15A
:10459000AC48006860B96420AB490860B148006865
:1045A000AB490860AB48C07F40F01000A949C8770C
:1045B00070472DE9F04105460E46FFF71FFDAA485A
:1045C0000068FA30A9490860A9480068F030A94994
:1045D0000860002415E006E0012014F047F8FCF71D
:1045E0003FFA00B90BE0A4490968A24A1268881A88
:1045F000002801DB014600E041420F29ECDC00BF4E
:10460000641C322CE7DB9FED9D1A00EE106AF8EE79
:10461000C00A0C2000EE105AB8EEC00AFEF729FEC0
:10462000002416E006E0012014F020F8FCF718FA48
:1046300000B90CE04FF48071914810F017FE01288A
:10464000F1D080218F4810F011FE0028EBD000BF80
:10465000641C40F21A408442E4DB0020FEF7DCFCDC
:1046600078208949086082480068C01E8149086036
:10467000002415E006E0012013F0F8FFFCF7F0F944
:1046800000B90BE07C4909687A4A1268881A002848
:1046900001DB014600E041420729ECDC00BF641C5D
:1046A000322CE7DB4FF42F7013F0E0FFB6EE001A68
:1046B00000EE106AF8EEC00A0F2000EE105AB8EEB5
:1046C000C00AFEF7D6FD40F2A46013F0CFFF00242D
:1046D00016E006E0012013F0C9FFFCF7C1F900B9AC
:1046E0000CE00121674810F0C1FD0128F2D04FF421
:1046F0000061634810F0BAFD0128EBD000BF641CD4
:1047000040F21A408442E4DBB4205F490860584814
:1047100000681C3057490860B6EE001A00EE106AB7
:10472000F8EEC00A122000EE105AB8EEC00AFEF7EA
:10473000A0FD00240FE006E0022013F097FFFCF735
:104740008FF900B905E00121504810F08FFD0128D4
:10475000F2D000BF641C40F226208442EBDB4C48C0
:104760000068012802D1FFF7BDFE0CE0494800684F
:10477000012802D1FFF702FE05E047480068012842
:1047800001D1FFF78DFDB6EE001A00EE106AF8EECB
:10479000C00A0F2000EE105AB8EEC00AFEF769FDFD
:1047A000002410E006E0012013F060FFFCF758F948
:1047B00000B906E04FF40051344810F057FD0128CD
:1047C000F1D000BF641CB4F57A7FEBDB0020FEF76C
:1047D00023FC32203149086023480068C01C23496B
:1047E00008604FF47A7013F041FF96202B4908605F
:1047F000002415E006E0012013F038FFFCF730F943
:1048000000B90BE026490968184A1268881A00287E
:1048100001DB014600E041420729ECDC00BF641CDB
:10482000FA2CE7DB4FF47A7013F020FFB6EE001A93
:1048300000EE106A36E000007C02002080020020BA
:104840008402002088020020F80300209C01002040
:10485000D403002004000020A0010020A4010020B7
:104860007C01002078010020B4030020BC0300205C
:10487000C0030020C8030020BC000020CDCC4C3F6A
:104880000000024000040240F0030020001002403B
:10489000E8000020EC000020F0000020F4030020DD
:1048A000B8000020F8EEC00A0C2000EE105AB8EE56
:1048B000C00AFEF7DEFC00240FE006E0012013F042
:1048C000D5FEFCF7CDF800B905E00121FE4810F057
:1048D000CDFC0128F2D000BF641CFA2CEDDBFDF703
:1048E00078FD06E0052013F0C1FEFCF7B9F800B929
:1048F00014E0FCF7EBF88046FCF7BBF8071E01DB81
:10490000384600E07842B8F1000F01DB414601E093
:10491000C8F100010844B0F5C87FE3DB00BFFFF732
:104920006DFB4FF48270E9490860E9490860B6EE12
:10493000001A00EE106AF8EEC00A0C2000EE105AC1
:10494000B8EEC00AFEF795FC00240FE006E0012057
:1049500013F08CFEFCF784F800B905E01021DD4867
:1049600010F084FC0128F2D000BF641C642CEDDB45
:104970000020FEF751FBBDE8F08110B50246101E85
:1049800001DB044600E044422146192900DD1921DB
:10499000062901DA042010BDC1EBC10040004843E4
:1049A00040F2712490FBF4F0031D1846F3E72DE963
:1049B000F04104460D460020C74908603BE02AE06C
:1049C000C6480068071B3846FFF7D7FF0646C348AE
:1049D0000068001B002809DD9FEDC11ADFEDC10A48
:1049E00030469FEDC10AFEF744FC10E0BB4800686A
:1049F000001B09D59FEDBA1ADFEDBA0A30469FEDCC
:104A0000BB0AFEF736FC02E00020FEF705FBFCF7D0
:104A100027F800B909E0B1490968081B002801DB43
:104A2000014600E041420129CADC00BFAA480068F3
:104A3000401CA9490860A8480068A842BFDBBDE83F
:104A4000F08170B5AA480468AA4805684FF46171FE
:104A50004842FFF7AEFDFFF7D1FAA7480068FA30E9
:104A60009A490860A5480068F030994908609FEDB0
:104A7000A41ADFED9C0A08209FEDA20AFEF7F9FBBD
:104A80000020954908601AE006E0FBF7E9FF00B94D
:104A90000FE0012013F0EAFD4FF480719A4810F006
:104AA000E5FB0128F1D08021874810F0DFFB0028CA
:104AB000EBD000BF88480068401C874908608648E2
:104AC000006840F20E618842DEDB4FF4FA6013F0BA
:104AD000CDFD8E480068012803D140F23520FFF754
:104AE00094FA0020FEF798FA88480068012822D13D
:104AF0008749086087480068F0B987480068D8B9D6
:104B000086480068C0B986480068A8B99FED7C1A3D
:104B1000DFED740A05209FED7B0AFEF7AAFB4FF438
:104B2000FA6013F0A3FD4FF47A712046FFF73FFFC0
:104B30000020FEF771FA6AE07648006801281ED16D
:104B400075480068D8B975480068C0B974480068ED
:104B5000A8B99FED6B1ADFED630A05209FED690A86
:104B6000FEF787FB4FF4FA6013F080FD4FF47A7183
:104B70002046FFF71CFF0020FEF74EFA47E065488D
:104B8000006801281FD16448006801281BD16348D0
:104B90000068C0B962480068A8B99FED591ADFEDF6
:104BA000510A05209FED570AFEF763FB4FF4FA60A8
:104BB00013F05CFD4FF47A712846FFF7F8FE0020F1
:104BC000FEF72AFA23E05348006801281FD1524813
:104BD000006801281BD151480068012817D15048AE
:104BE0000068A0B99FED461ADFED3E0A05209FED53
:104BF000450AFEF73EFB4FF4FA6013F037FD4FF421
:104C00007A712846FFF7D3FE0020FEF705FA002050
:104C1000FEF702FA70BD10B53E480068002851D179
:104C20003D48006800284DD13C480068002849D123
:104C30003B48006800287CD12749086019E006E05D
:104C4000012013F013FDFBF70BFF00B90BE0354912
:104C500009681F4A1268881A002801DB014600E033
:104C600041420A29ECDC00BF1B480068401C1A497D
:104C7000086019480068FA28E1DBB6EE001ADFED9B
:104C8000190A05209FED190AFEF7F3FA00201249D0
:104C9000086013E006E0012013F0E8FCFBF7E0FEFB
:104CA00000B905E004210B4810F0E0FA0028F2D02A
:104CB00000BF09480068401C0749086006480068B2
:104CC000962831E035E0000000040240BC030020DB
:104CD000C80300200010024078030020A00000203C
:104CE0006666663F00006144000000000000E14489
:104CF000B0010020B4010020B4030020C003002054
:104D00003333333F000061C400000240E80000205C
:104D1000940200207C0200208002002084020020F7
:104D200088020020BC000020B4DB0020FEF774F9EC
:104D30007BE0FE480068012877D1FD480068002824
:104D400073D1FC49086019E006E0012013F08EFCE5
:104D5000FBF786FE00B90BE0F7490968F74A1268CD
:104D6000881A002801DB014600E041420A29ECDCF8
:104D700000BFF0480068401CEE490860ED4800683C
:104D8000FA28E1DBB6EE001A5FED2A0A05201FEDD6
:104D9000230AFEF76EFA0020E649086014E006E0F8
:104DA000FBF75EFE00B909E0012013F05FFC4FF451
:104DB0008071E34810F05AFA0028F1D000BFDD48B6
:104DC0000068401CDB490860DA48006840F20E6168
:104DD0008842E4DB0020FEF71FF9B6EE001A5FED13
:104DE0003F0A05201FED3F0AFEF743FA0020D14994
:104DF000086013E006E0012013F038FCFBF730FEFA
:104E000000B905E00421CF4810F030FA0028F2D0B4
:104E100000BFC8480068401CC6490860C548006813
:104E20009628E7DB0020FEF7F7F810BD00B5FFF786
:104E3000DEF8FF20C4490860C049086000BD10B515
:104E4000BA480068002865D1C0480068002861D1D0
:104E5000BF48006800285DD1BE480068002859D1CD
:104E6000F020BD490860BD480068BD490860BD48E4
:104E7000C07F40F00400BB49C877FFF7D7FF002090
:104E8000AC49086019E006E0012013F0EFFBFBF7E6
:104E9000E7FD00B90BE0A8490968A84A1268881A1A
:104EA000002801DB014600E041420A29ECDC00BF9A
:104EB000A0480068401C9F4908609E480068FA2886
:104EC000E1DBB6EE001A5FED790A05201FED7A0AE4
:104ED000FEF7CFF900209749086013E006E00120B3
:104EE00013F0C4FBFBF7BCFD00B905E001219E48AF
:104EF00010F0BCF90028F2D000BF8E480068401CBA
:104F00008C4908608B4800689628E7DB0020FEF794
:104F100083F886E0854800680128FAD18448006853
:104F200000287ED1F0208C490860904800688C49A8
:104F300008608C48C07F40F010008A49C877FFF7AE
:104F400075FF00207B49086019E006E0012013F09E
:104F50008DFBFBF785FD00B90BE077490968774ABF
:104F60001268881A002801DB014600E041420A2944
:104F7000ECDC00BF6F480068401C6E4908606D485B
:104F80000068FA28E1DBB6EE001A5FEDAA0A0520F8
:104F90001FEDA40AFEF76DF900206649086014E0D1
:104FA00006E0012013F062FBFBF75AFD00B906E0B2
:104FB0004FF48071624810F059F90028F1D000BF19
:104FC0005C480068401C5B4908605A4800689628A5
:104FD000E6DBB6EE001A5FEDBD0A05201FEDBE0A46
:104FE000FEF747F900205349086013E006E001206E
:104FF00013F03CFBFBF734FD00B905E001215A48F2
:1050000010F034F90028F2D000BF4A480068401C74
:1050100048490860474800689628E7DB0020FDF70C
:10502000FBFF53480068012838D1FFF75BFAB6EE62
:10503000001A5FEDD40A08201FEDCE0AFEF719F919
:1050400000203C4908601AE006E0FBF709FD00B9C2
:105050000FE0012013F00AFB4021434810F006F94D
:105060000028F2D04FF48071354810F0FFF8002886
:10507000EBD000BF2F480068401C2E4908602D4827
:10508000006840F20E618842DEDB0020FDF7C4FFBD
:105090004FF47A7013F0EAFAFFF720F810BD10B55C
:1050A0002248006800286BD1284800680028FAD1FF
:1050B000274800680028F6D1264800680028F2D169
:1050C000C820254908602B48006825490860FFF77B
:1050D000ADFE00201749086019E006E0012013F03A
:1050E000C5FAFBF7BDFC00B90BE013490968134A88
:1050F0001268881A002801DB014600E041420A29B3
:10510000ECDC00BF0B480068401C0A4908600948F5
:105110000068FA28E1DBB6EE001ADFED170A052079
:105120009FED160AFEF7A5F80E482AE07C02002043
:105130008C02002078030020BC000020C80300205F
:105140000000024000100240BC030020800200204A
:105150008402002088020020F80300209001002033
:10516000D403002004000020000402409401002029
:10517000E8000020A801002000006144000061C494
:1051800050E0C07F40F00400F949C8770020F94999
:10519000086014E006E0FBF763FC00B909E00120B9
:1051A00013F064FA4FF48071F34810F05FF80028B0
:1051B000F1D000BFEF480068401CEE490860ED48A0
:1051C000006840F20E618842E4DB0020FDF724FF16
:1051D000B6EE001A5FED180A05209FEDE80AFEF70B
:1051E00048F80020E349086014E006E0012013F0CD
:1051F0003DFAFBF735FC00B906E04FF40061DE48EC
:1052000010F034F80028F1D000BFDA480068401CE4
:10521000D8490860D74800689628E6DB0020FDF7EB
:10522000FBFE61E0D648006801285DD1D5480068E2
:10523000002859D1F020D4490860D4480068D449E6
:105240000860CB48C07F40F01000C949C877FFF71D
:10525000EDFD0020C749086019E006E0012013F0C9
:1052600005FAFBF7FDFB00B90BE0CA490968CA4A19
:105270001268881A002801DB014600E041420A2931
:10528000ECDC00BFBB480068401CBA490860B94864
:105290000068FA28E1DBB6EE001A5FED490A052046
:1052A0009FEDB60AFDF7E5FF0020B249086014E063
:1052B00006E0012013F0DAF9FBF7D2FB00B906E0B3
:1052C0004FF40061AC480FF0D1FF0028F1D000BFCF
:1052D000A8480068401CA7490860A64800689628AE
:1052E000E6DB0020FDF798FEAC480068012838D1C5
:1052F000FFF7F8F8B6EE001A5FED610A08201FED1F
:10530000610AFDF7B6FF00209A4908601AE006E03E
:10531000FBF7A6FB00B90FE0012013F0A7F940212D
:105320009F480FF0A3FF0028F2D04FF480719248FD
:105330000FF09CFF0028EBD000BF8E480068401C97
:105340008C4908608B48006840F20E618842DEDBC1
:105350000020FDF761FE4FF47A7013F087F9FEF735
:10536000BDFE10BD10B54FF461714842FFF721F941
:1053700040F20910FEF749FE8848006800283CD139
:1053800088480068C0BB88480068A8BB9FED871AA2
:105390005FED870A0A201FED870AFDF76AFF0020EC
:1053A000744908601AE006E0FBF75AFB00B90FE009
:1053B000012013F05BF9402179480FF057FF0028D6
:1053C000F2D04FF480716C480FF050FF0028EBD002
:1053D00000BF68480068401C66490860654800686E
:1053E00040F20E618842DEDB0020FDF715FE4FF42F
:1053F0007A7013F03BF949E0FFE76848006801283C
:1054000037D19FED6B1A5FEDA40A08201FEDA50AA6
:10541000FDF72FFF0020574908601AE006E0FBF770
:105420001FFB00B90FE0012013F020F940215C4878
:105430000FF01CFF0028F2D04FF480714E480FF09F
:1054400015FF0028EBD000BF4A480068401C4949BE
:1054500008604848006840F20E618842DEDB0020A8
:10546000FDF7DAFD4FF47A7013F000F9FEF736FE1F
:105470000CE04C480068012802D1FFF710FE05E05F
:1054800049480068012801D1FFF7D9FC10BD2DE97A
:10549000F05F82460D4614461E46DDE90B9BDDF8A3
:1054A000288044490968881B002801DB014600E088
:1054B000414201FB0BF74F4500DD4F463D48006878
:1054C000801B404510DAE81B00EE900AF8EEE00A77
:1054D000B0EE600A9FED381A00EE904AF8EEE00A4E
:1054E0005046FDF7C6FE22E032480068801B40456A
:1054F00010DDE81900EE900AF8EEE00AB0EE600A5E
:105500009FED2D1A00EE904AF8EEE00A5046FDF7A6
:10551000B0FE0CE09FED281A00EE104AF8EEC00A2B
:10552000504600EE105AB8EEC00AFDF7A2FEBDE8E4
:10553000F09F3EB59A244FF461714842FFF739F865
:1055400000200C49086045E03AE0322040F2262174
:1055500002222346CDE900210290184A1749143946
:105560000720FFF794FFFBF77BFA00B92CE027E058
:105570000400002078030020000002400000E14405
:105580007C0200208C020020F8030020AC010020E7
:10559000D4030020BC000020C8030020E800002045
:1055A00000040240EC000020F0000020CDCC4C3F75
:1055B0003333333FA00000209A99993E90FCFFFFBF
:1055C000F94800681928C0DC00BFF8480068401C92
:1055D000F6490860F5480068B0F57A7FB4DB002032
:1055E000F24908601CE011E0322040F2262102223C
:1055F0002346CDE900210290ED4AED4914390720F8
:10560000FFF745FFFBF72CFA00B903E0E948006813
:105610009428E9DC00BFE5480068401CE3490860C5
:10562000E2480068B0F57A7FDDDB0020FDF7F4FC8E
:10563000FEF7E4FC4FF49670DF490860DF4908602C
:105640003EBD2DE9F04105460E460120DC490860CB
:105650000020DC4981F82B00FEF7D0FCDA48006816
:105660000838D5490860D94800680838D349086027
:10567000002415E006E0012012F0F8FFFBF7F0F936
:1056800000B90BE0D2490968CC4A1268881A002890
:1056900001DB014600E041420A29ECDC00BF641C4A
:1056A000FA2CE7DB0020FDF7B7FC9FEDCA1A00EEED
:1056B000106AF8EEC00A0C2000EE105AB8EEC00ACC
:1056C000FDF7D7FD00241CE006E0012012F0CEFF1C
:1056D000FBF7C6F900B912E04FF48071BE480FF035
:1056E000C5FD0128F1D04021BC480FF0BFFD0128C5
:1056F000EBD08021B9480FF0B9FD0028E5D000BFFC
:10570000641C40F226208442DEDBFCF762FE06E0E9
:10571000052012F0ABFFFBF7A3F900B914E0FBF78B
:10572000D5F98046FBF7A5F9071E01DB384600E0F6
:105730007842B8F1000F01DB414601E0C8F10001F9
:105740000844B0F5967FE3DB00BF0020FDF764FC62
:105750007820A3490860A3480068C01E97490860E4
:10576000002415E006E0052012F080FFFBF778F931
:1057700000B90BE096490968904A1268881A002817
:1057800001DB014600E041420A29ECDC00BF641C59
:10579000322CE7DB40F6B83012F068FFB6EE001AA4
:1057A00000EE106AF8EEC00A0F2000EE105AB8EEB4
:1057B000C00AFDF75EFD40F2A46012F057FF00241E
:1057C00016E006E0012012F051FFFBF749F900B99D
:1057D0000CE0012181480FF049FD0128F2D04FF47F
:1057E00000617D480FF042FD0128EBD000BF641C32
:1057F00040F21A408442E4DB9620794908607948F7
:1058000000681C306D490860B6EE001A00EE106AA0
:10581000F8EEC00A0F2000EE105AB8EEC00AFDF7ED
:1058200028FD00240FE006E0022012F01FFFFBF726
:1058300017F900B905E001216B480FF017FD0128A9
:10584000F2D000BF641C40F226208442EBDB00242F
:1058500010E006E0012012F009FFFBF701F900B9A2
:1058600006E04FF4005160480FF000FD0128F1D030
:1058700000BF641CB4F57A7FEBDB5C48006801284C
:1058800002D1FEF72FFE0CE059480068012802D132
:10589000FEF774FD05E057480068012801D1FEF7C6
:1058A000FFFC0020FDF7B8FBFA205349086053487D
:1058B0000068C01C40490860002415E006E0012093
:1058C00012F0D4FEFBF7CCF800B90BE04C490968A4
:1058D000394A1268881A002801DB014600E041427B
:1058E0000A29ECDC00BF641CFA2CE7DB40F6B83078
:1058F00012F0BCFE9FED371A00EE106AF8EEC00AF7
:10590000142000EE105AB8EEC00AFDF7B2FC0024D5
:105910000FE006E0012012F0A9FEFBF7A1F800B9A4
:1059200005E001212D480FF0A1FC0128F2D000BFB5
:10593000641CFA2CEDDBFCF74CFD06E0052012F0B0
:1059400095FEFBF78DF800B914E0FBF7BFF8804631
:10595000FBF78FF8071E01DB384600E07842B8F10C
:10596000000F01DB414601E0C8F100010844B0F539
:10597000C87FE3DB00BFFEF741FB40F20B100E498E
:105980000860001F0D4908609FED121A00EE106AB2
:10599000F8EEC00A0C2000EE105AB8EEC00AFDF76F
:1059A00068FC00243EE000009C00002078030020FA
:1059B00090FCFFFFAC000020BC030020C8030020C7
:1059C0005004002004000020B8030020C40300207D
:1059D000BC000020CDCC4C3E000002400004024040
:1059E000F0030020C003002000100240E800002067
:1059F000EC000020F0000020F4030020B40300209D
:105A0000B800002006E0012012F030FEFBF728F875
:105A100000B905E01021F8480FF028FC0128F2D069
:105A200000BF641C642CEDDB0020F4490860FDF726
:105A3000F3FABDE8F08110B54FF461714842FFF709
:105A400000FE40F20910FEF7E0FA0020EC49086081
:105A500019E006E0012012F009FEFBF701F800B999
:105A60000BE0E8490968E84A1268881A002801DB57
:105A7000014600E041420A29ECDC00BFE048006832
:105A8000401CDF490860DE4800683228E1DBB6EEE2
:105A9000001ADFEDDE0A0A209FEDDD0AFDF7E9FBC3
:105AA0000020D74908601AE006E0012012F0DEFD70
:105AB000FAF7D6FF00B90CE04021D6480FF0D6FB2C
:105AC0000028F2D04FF48071D3480FF0CFFB0028AC
:105AD000EBD000BFCA480068401CC9490860C848EC
:105AE0000068FA28E0DB0020FDF796FA4FF4FA6030
:105AF00012F0BCFDC9480068012801D1FEF7EEFA9A
:105B000010BD10B54FF461714842FFF79AFDFEF7E2
:105B100075FAC3480068FA30C2490860C248006894
:105B2000F030B94908609FEDC11ADFEDB80A0A20CC
:105B30009FEDB70AFDF79DFB0020B149086019E011
:105B400006E0FAF78DFF00B90EE0012012F08EFD9D
:105B5000AC490968AC4A1268881A002801DB014682
:105B600000E041420729ECDC00BFA5480068401C6A
:105B7000A3490860A24800689628E1DB0020A049FC
:105B800008601DE009E0012012F070FDFAF768FFDF
:105B900000B90FE0012012F069FD4FF480719E48BA
:105BA0000FF064FB0128EED080219A480FF05EFBD5
:105BB0000028E8D000BF92480068401C9049086067
:105BC0008F48006840F20E618842DBDB4FF4FA60D8
:105BD00012F04CFD0020FDF71FFA904800680128E4
:105BE00005D1FEF77BFA4FF41170FEF70EFA002094
:105BF000FDF712FA10BD2DE9F04105460E46FEF7FD
:105C0000FDF9874800680A308649086086480068C0
:105C10000A307D490860002415E006E0012012F0FA
:105C200025FDFAF71DFF00B90BE076490968764AB1
:105C30001268881A002801DB014600E041420A2967
:105C4000ECDC00BF641C322CE7DBB6EE001A00EE81
:105C5000106AF8EEC00A0C2000EE105AB8EEC00A26
:105C6000FDF707FB002416E006E0052012F0FEFC1D
:105C7000FAF7F6FE00B90CE04FF4807166480FF0B9
:105C8000F5FA0028F1D0402162480FF0EFFA002821
:105C9000EBD000BF641CB4F57A7FE5DB4FF4FA600B
:105CA00012F0E4FC60480068401D57490860B6EEF9
:105CB000001A00EE106AF8EEC00A0A2000EE105A30
:105CC000B8EEC00AFDF7D5FAFCF783FB06E0012029
:105CD00012F0CCFCFAF7C4FE00B914E0FAF7F6FEB5
:105CE0008046FAF7C6FE071E01DB384600E0784220
:105CF000B8F1000F01DB414601E0C8F100010844A2
:105D0000B0F5FF7FE3DB00BF0020FDF785F99620AB
:105D10004749086044480068F0303B490860002467
:105D200015E006E0012012F0A1FCFAF799FE00B997
:105D30000BE034490968344A1268881A002801DBEC
:105D4000014600E041422D29ECDC00BF641C322CEE
:105D5000E7DB322036490860002415E006E0012028
:105D600012F084FCFAF77CFE00B90BE025490968C3
:105D7000254A1268881A002801DB014600E04142EA
:105D80000F29ECDC00BF641C322CE7DB4FF47A7087
:105D900012F06CFCB6EE001A00EE106AF8EEC00AC3
:105DA000082000EE105AB8EEC00AFDF762FA00248F
:105DB00010E006E0012012F059FCFAF751FE00B99C
:105DC00006E04FF400510C480FF050FA0028F1D0D3
:105DD00000BF641C40F226208442EADB0F480068C2
:105DE000012802D1FEF77EFB2CE012480068012852
:105DF00022D1FEF7C3FA25E0001002405004002033
:105E000078030020BC000020C8030020000061448B
:105E1000000061C40004024000000240E8000020CD
:105E2000B4030020BC030020C0030020CDCCCC3D37
:105E3000F0030020EC000020FE480068012801D19A
:105E4000FEF72EFAFC480068401DFC49086000245B
:105E500010E006E0012012F009FCFAF701FE00B99B
:105E600006E04FF48041F6480FF000FA0028F1D028
:105E700000BF641CB4F57A7FEBDB0020FDF7CCF8A3
:105E8000C820F0490860EC480068F030EB49086031
:105E9000002415E006E0012012F0E8FBFAF7E0FD2F
:105EA00000B90BE0E8490968E44A1268881A00283A
:105EB00001DB014600E041422329ECDC00BF641C09
:105EC000FA2CE7DB3720DF490860002415E006E004
:105ED000012012F0CBFBFAF7C3FD00B90BE0DA4961
:105EE0000968D64A1268881A002801DB014600E0DA
:105EF00041420F29ECDC00BF641C322CE7DB9FED34
:105F0000D31A00EE106AF8EEC00A0A2000EE105A0A
:105F1000B8EEC00AFDF7ADF906E0012012F0A6FBCD
:105F2000FAF79EFD00B905E01021C5480FF09EF973
:105F30000028F2D000BF4FF4FA7012F097FB002057
:105F4000FDF76AF8BDE8F08110B50120C04908608E
:105F5000C0480068002844D1BF480068002840D1EC
:105F6000BE48006800283CD1BD480068C0BBC821BD
:105F7000BC480068FEF71BFDB6EE001A5FED5D0A37
:105F800006209FEDB90AFDF774F94FF4FA6012F09C
:105F90006DFB40F23520FEF738F80020B349086069
:105FA00019E006E0012012F061FBFAF759FD00B993
:105FB0000BE0AF490968AF4A1268881A002801DB74
:105FC000014600E041420A29ECDC00BFA748006816
:105FD000401CA6490860A5480068FA28E1DB9FE15B
:105FE000FFE79C480068012842D19B48006880BBBD
:105FF0009A48006868BB9A48006850BBC821994815
:106000000068FEF7D4FCB6EE001A5FED800A0620A9
:106010009FED950AFDF72DF94FF4FA6012F026FB7B
:1060200040F23520FDF7F1FF0020904908601AE0AA
:1060300006E0012012F01AFBFAF712FD00B90CE09D
:106040008B4909688B4A1268881A002802DB0146CE
:1060500001E00DE041420A29EBDC00BF8348006803
:10606000401C8249086081480068FA28E0DB57E15B
:1060700078480068012874D1774800680128FAD16F
:10608000764800680028F6D1754800680028F2D1EB
:1060900040F20910FDF7B9FF00207449086019E0CB
:1060A00006E0012012F0E2FAFAF7DAFC00B90BE0A0
:1060B0006F4909686F4A1268881A002801DB014697
:1060C00000E041420A29ECDC00BF68480068401C3F
:1060D00066490860654800683228E1DBC8216148EC
:1060E0000068FEF764FCB6EE001A5FEDB80A062001
:1060F0009FED5D0AFDF7BDF84FF4FA6012F0B6FAB5
:10610000B6EE001A5FEDBF0A08201FEDBF0AFDF7CB
:10611000B0F800205549086014E006E0012012F0B4
:10612000A5FAFAF79DFC00B906E04FF480715248D9
:106130000FF09CF80028F1D000BF4C480068401CCC
:106140004A49086049480068FA28E6DB0A20FCF75B
:1061500063FF40F23520FDF758FF002043490860F7
:106160001AE01EE006E0012012F080FAFAF778FC4F
:1061700000B90BE03E4909683E4A1268881A0028B7
:1061800001DB014600E041420A29ECDC00BF374850
:106190000068401C3549086034480068FA28E1DB93
:1061A000BEE02C48006801286AD12B48006801280D
:1061B00066D12A480068012862D129480068002871
:1061C0005ED140F20910FDF720FF0020274908604A
:1061D00019E006E0012012F049FAFAF741FC00B993
:1061E0000BE023490968234A1268881A002801DB5A
:1061F000014600E041420A29ECDC00BF1B48006870
:10620000401C1A490860194800683228E1DBC8219F
:1062100014480068FEF7CBFBB6EE001ADFED170A54
:1062200006209FED110AFDF724F84FF4FA6012F0F2
:106230001DFA26E0F0000020B4030020BC0300207B
:1062400000100240F4030020B8000020CDCC4C3EEA
:10625000980200207C02002080020020840200209E
:1062600088020020B0010020000000007803002018
:10627000BC000020C8030020000002400000614470
:106280004EE0B6EE001A5FED030A08209FEDFE0A0D
:10629000FCF7EFFF0020FD49086014E006E0012054
:1062A00012F0E4F9FAF7DCFB00B906E04FF4807174
:1062B000F7480EF0DBFF0028F1D000BFF34800687C
:1062C000401CF2490860F1480068FA28E6DB0A2021
:1062D000FCF7A2FE40F23520FDF797FE0020EB49C7
:1062E000086019E006E0012012F0C0F9FAF7B8FBE7
:1062F00000B90BE0E7490968E74A1268881A0028E4
:1063000001DB014600E041420A29ECDC00BFDF4826
:106310000068401CDD490860DC480068FA28E1DBC1
:106320000020FCF779FE10BD10B54FF461714842B2
:10633000FFF761FCD9480068002859D1D8480068A7
:10634000002855D1D7480068002851D140F20910E3
:10635000FDF75BFE0020CD49086019E006E0012052
:1063600012F084F9FAF77CFB00B90BE0C94909681F
:10637000C94A1268881A002801DB014600E0414240
:106380000A29ECDC00BFC1480068401CBF49086016
:10639000BE4800683228E1DB9FEDC31A5FED490A71
:1063A0000A209FEDB90AFCF764FF0020B749086096
:1063B00014E006E0FAF754FB00B909E0012012F0FE
:1063C00055F94FF48071B2480EF050FF0028F1D01B
:1063D00000BFAE480068401CAC490860AB4800688C
:1063E00040F20E618842E4DB0020FCF715FE05E078
:1063F000AC480068012801D1FFF7A6FD10BD10B51B
:106400004FF461714842FFF7F6FB0020FCF704FEF1
:10641000A2480068002859D1A1480068002855D139
:10642000A0480068002851D140F20910FDF7EDFDA9
:1064300000209649086019E006E0012012F016F9E4
:10644000FAF70EFB00B90BE092490968924A12680C
:10645000881A002801DB014600E041420A29ECDCF1
:1064600000BF8A480068401C884908608748006867
:106470003228E1DB9FED8C1A5FED800A0A209FED48
:10648000820AFCF7F6FE00208049086014E006E06E
:10649000FAF7E6FA00B909E0012012F0E7F84FF444
:1064A00080717B480EF0E2FE0028F1D000BF7748F3
:1064B0000068401C754908607448006840F20E612D
:1064C0008842E4DB0020FCF7A7FD0CE0744800687C
:1064D000012802D1FEF7E3FD05E0724800680128BB
:1064E00001D1FEF7ACFC10BD2DE9F04104460D468C
:1064F0000020664908603BE02AE06C480068071B02
:106500003846FEF73AFA064668480068001B00283D
:1065100009DD9FED671A5FEDA70A30469FED650A1A
:10652000FCF7A7FE10E061480068001B09D59FED4D
:10653000601A5FEDAE0A30461FEDB50AFCF799FE12
:1065400002E00020FCF768FDFAF78AFA00B909E0DA
:1065500056490968081B002801DB014600E041425A
:106560000129CADC00BF49480068401C474908604F
:1065700046480068A842BFDBBDE8F08110B540F294
:10658000B720FDF742FD00204049086019E006E011
:10659000012012F06BF8FAF763FA00B90BE03D49FD
:1065A00009683D4A1268881A002801DB014600E0AC
:1065B00041420A29ECDC00BF34480068401C3349E2
:1065C0000860324800689628E1DBFDF78BFF3A4906
:1065D0000968A1F10A004FF47A71FFF785FF1FEDFA
:1065E000E51A5FEDDA0A06209FED270AFCF741FE67
:1065F00000202649086013E006E0012012F036F87A
:10660000FAF72EFA00B905E080212C480EF02EFE94
:106610000028F2D000BF1D480068401C1B490860DC
:106620001A48006840F21A418842E5DB0A20FCF76C
:10663000F3FC1A48006801284FD12148006801285E
:106640000FD12048006860B91F48006848B91F484A
:10665000006830B94FF47A7117480068FFF744FFBB
:106660003BE017480068012837D116480068012828
:1066700033D11548006868BB1448006850BB4FF41C
:106680007A711348006826E0000061C47803002096
:1066900000000240BC000020C8030020E8000020E9
:1066A000EC000020F0000020CDCC4C3FA4000020E6
:1066B0006666663F0000E144C80100200004024015
:1066C0007C0200208002002084020020880200203A
:1066D000CC01002001E0FFF707FF9FEDFE1ADFED80
:1066E000FE0A06201FED180AFCF7C3FD0020FB4937
:1066F000086013E006E0012011F0B8FFFAF7B0F9E6
:1067000000B905E08021F6480EF0B0FD0028F2D077
:1067100000BFF2480068401CF0490860EF4800687C
:1067200040F21A418842E5DB4FF4FA6011F09EFF17
:106730000020FCF771FC10BD10B540F2B720FDF74A
:1067400064FC0020E549086019E006E0012011F032
:106750008DFFFAF785F900B90BE0E2490968E24AD2
:106760001268881A002801DB014600E041420A292C
:10677000ECDC00BFD9480068401CD8490860D74805
:1067800000689628E1DBFDF7ADFE4FF47A71D7483B
:1067900000680A30FFF7A8FE0020FCF73DFC1FED63
:1067A0003E1ADFEDCD0A06201FED490AFCF761FD18
:1067B0000020CA49086013E006E0012011F056FFEE
:1067C000FAF74EF900B905E08021C5480EF04EFDFC
:1067D0000028F2D000BFC1480068401CBF490860D3
:1067E000BE48006840F21A418842E5DB0A20FCF707
:1067F00013FCBF480068012827D1BE480068012863
:106800000FD1BD48006860B9BC48006848B9BC48B1
:10681000006830B94FF47A71BA480068FFF764FE37
:1068200013E0B448006801280FD1B348006801287C
:106830000BD1B248006840B9B148006828B94FF49C
:106840007A71AA480068FFF74FFE0020FCF7E4FBCE
:106850001FED6B1ADFEDA00A06201FED750AFCF78D
:1068600008FD00209D49086013E006E0012011F0BA
:10687000FDFEFAF7F5F800B905E0802198480EF022
:10688000F5FC0028F2D000BF94480068401C9349F2
:1068900008609248006840F21A418842E5DB4FF4F4
:1068A000FA6011F0E3FE0020FCF7B6FB10BD10B556
:1068B000FDF718FE4FF47A7193480068FFF714FE55
:1068C0000020FCF7A9FB8A480068012803D140F2A8
:1068D0003F20FDF79AFB1FED8C1ADFED7F0A0620A3
:1068E0001FED970AFCF7C5FC00207C49086013E007
:1068F00006E0012011F0BAFEFAF7B2F800B905E09F
:10690000802177480EF0B2FC0028F2D000BF734817
:106910000068401C714908607048006840F21A41E4
:106920008842E5DB0A20FCF777FB4FF47A71764862
:106930000068FFF7D9FD1FEDA41ADFED670A0620F6
:106940001FEDAF0AFCF795FC00206449086013E0D6
:1069500006E0012011F08AFEFAF782F800B905E09E
:1069600080215F480EF082FC0028F2D000BF5B4817
:106970000068401C594908605848006840F21A41B4
:106980008842E5DB4FF4FA6011F070FE01205F49A8
:1069900008600020FCF740FB10BD10B5FDF7A2FD1C
:1069A0004FF47A7158480068FFF79EFD5048006820
:1069B000012803D140F23F20FDF727FB9FED541A39
:1069C000DFED450A06201FEDD00AFCF752FC00203F
:1069D0004249086013E006E0012011F047FEFAF793
:1069E0003FF800B905E080213D480EF03FFC00284B
:1069F000F2D000BF39480068401C38490860374869
:106A0000006840F21A418842E5DB4FF4FA6011F069
:106A10002DFE0A20FCF700FB01203C4908604FF4E2
:106A20007A7139480068FFF75FFD10BD2DE9F0412C
:106A300005460E46FDF7E2FA364800680A30364948
:106A40000860364800680A3027490860002415E0CD
:106A500006E0012011F00AFEFAF702F800B90BE097
:106A600020490968204A1268881A002801DB01467B
:106A700000E041420829ECDC00BF641C322CE7DB5B
:106A80009FED271A00EE106AF8EEC00A092000EE0A
:106A9000105AB8EEC00AFCF7ECFB00240FE006E049
:106AA000052011F0E3FDF9F7DBFF00B905E0402117
:106AB0000B480EF0DBFB0028F2D000BF641CFA2C60
:106AC000EDDB4FF4FA6011F0D1FD14480068401D71
:106AD000054927E0CDCC4C3E0000614478030020FE
:106AE00000040240BC000020C8030020E401002094
:106AF000E80000207C0200208002002084020020A8
:106B000088020020E8010020D0010020F4000020CD
:106B10009A99993EB4030020BC030020C0030020D2
:106B2000CDCC4CBE08601FED021A00EE106AF8EEE4
:106B3000C00A092000EE105AB8EEC00AFCF799FB13
:106B4000FBF747FC06E0012011F090FDF9F788FF04
:106B500000B914E0F9F7BAFF8046F9F78AFF071E7B
:106B600001DB384600E07842B8F1000F01DB414616
:106B700001E0C8F100010844B0F5FA7FE3DB00BF93
:106B80000020FCF749FADC20FC490860FC4800685A
:106B90000A38FC490860002415E006E0012011F0E5
:106BA00065FDF9F75DFF00B90BE0F7490968F54AA3
:106BB0001268881A002801DB014600E0414264297E
:106BC000ECDC00BF641C322CE7DB2820EB490860BA
:106BD000002415E006E0012011F048FDF9F740FF20
:106BE00000B90BE0E8490968E64A1268881A0028EB
:106BF00001DB014600E041420529ECDC00BF641CDA
:106C0000322CE7DB4FF47A7011F030FD1FED3C1AA7
:106C100000EE106AF8EEC00A0F2000EE105AB8EE2F
:106C2000C00AFCF726FB002410E006E0012011F06A
:106C30001DFDF9F715FF00B906E04FF40051D348E8
:106C40000EF014FB0028F1D000BF641C40F2262097
:106C50008442EADBCE480068401DCE49086000242B
:106C600016E006E0012011F001FDF9F7F9FE00B988
:106C70000CE04FF48051C8480EF0F8FA0028F1D02B
:106C80000421C2480EF0F2FA0028EBD000BF641CC9
:106C9000B4F57A7FE5DB40F2DC5011F0E7FC002030
:106CA000FCF7BAF9C820BD490860BD4800680A3839
:106CB000B8490860002415E006E0012011F0D6FC78
:106CC000F9F7CEFE00B90BE0B6490968B14A12687F
:106CD000881A002801DB014600E041426429ECDC0F
:106CE00000BF641CFA2CE7DB3220AC4908600024AA
:106CF00015E006E0012011F0B9FCF9F7B1FE00B98A
:106D00000BE0A8490968A34A1268881A002801DB29
:106D1000014600E041420A29ECDC00BF641CFA2C69
:106D2000E7DB1FED811A00EE106AF8EEC00A0A20B8
:106D300000EE105AB8EEC00AFCF79BFA00240FE0F0
:106D400006E0012011F092FCF9F78AFE00B905E097
:106D500010218E480EF08AFA0028F2D000BF641C81
:106D6000962CEDDB0020FCF757F9BDE8F0812DE90A
:106D7000F05F82460D4614461E46DDE90B9BDDF8AA
:106D8000288089490968881B002801DB014600E04A
:106D9000414201FB0BF74F4500DD4F46824800683A
:106DA000801B404510DAE81B00EE900AF8EEE00A7E
:106DB000B0EE600AB6EE001A00EE904AF8EEE00A75
:106DC0005046FCF756FA22E077480068801B4045A1
:106DD00010DDE81900EE900AF8EEE00AB0EE600A65
:106DE000B6EE001A00EE904AF8EEE00A5046FCF7C4
:106DF00040FA0CE0B6EE001A00EE104AF8EEC00AB7
:106E0000504600EE105AB8EEC00AFCF732FABDE860
:106E1000F09F2DE9F05F82460D4614461E46DDE9DF
:106E20000B9BDDF8288060490968881B002801DB7E
:106E3000014600E0414201FB0BF74F4500DD4F46A4
:106E400059480068801B404510DAE81900EE900AA6
:106E5000F8EEE00AB0EE600AB6EE001A00EE904AD4
:106E6000F8EEE00A5046FCF704FA22E04E480068CB
:106E7000801B404510DDE81B00EE900AF8EEE00AAA
:106E8000B0EE600AB6EE001A00EE904AF8EEE00AA4
:106E90005046FCF7EEF90CE0B6EE001A00EE104A90
:106EA000F8EEC00A504600EE105AB8EEC00AFCF7E1
:106EB000E0F9BDE8F09F2DE9F05F82460D461446EB
:106EC0001E46DDE90B9BDDF8288038490968881BE0
:106ED000002801DB014600E0414201FB0BF74F4572
:106EE00000DD4F4631480068801B404510DAE81944
:106EF00000EE900AF8EEE00AB0EE600A1FEDFC1A10
:106F000000EE904AF8EEE00A5046FCF7B2F922E0B3
:106F100026480068801B404510DDE81B00EE900A03
:106F2000F8EEE00AB0EE600A9FED211A00EE904AFA
:106F3000F8EEE00A5046FCF79CF90CE09FED1C1AB5
:106F400000EE104AF8EEC00A504600EE105AB8EEB5
:106F5000C00AFCF78EF9BDE8F09F2DE9F05F82468C
:106F60000D4614461E46DDE90B9BDDF828801149CD
:106F70000968881B00281FDB01461EE0F003002083
:106F8000C4030020C8030020BC0000200010024001
:106F9000B4030020BC03002000000240F4030020E2
:106FA000B8030020B8000020A4000020A0000020AA
:106FB0009A99993E9C000020414201FB0BF74F45F6
:106FC00000DD4F46FE480068801B404510DAE81B94
:106FD00000EE900AF8EEE00AB0EE600A9FEDF91AB2
:106FE00000EE904AF8EEE00A5046FCF742F922E043
:106FF000F3480068801B404510DDE81900EE900A58
:10700000F8EEE00AB0EE600A9FEDEE1A00EE904A4C
:10701000F8EEE00A5046FCF72CF90CE09FEDEA1A76
:1070200000EE104AF8EEC00A504600EE105AB8EED4
:10703000C00AFCF71EF9BDE8F09F2DE9F05F82461B
:107040000D4614461E46DDE90B9BDDF82880DF491E
:107050000968881B002801DB014600E0414201FB72
:107060000BF74F4500DD4F46D8480068801B404570
:1070700010DAE81B00EE900AF8EEE00AB0EE600AC3
:107080009FEDD01A00EE904AF8EEE00A5046FCF769
:10709000F0F822E0CD480068801B404510DDE8197B
:1070A00000EE900AF8EEE00AB0EE600A9FEDC51A15
:1070B00000EE904AF8EEE00A5046FCF7DAF80CE0F1
:1070C0009FEDC01A00EE104AF8EEC00A504600EEDE
:1070D000105AB8EEC00AFCF7CCF8BDE8F09F3EB5F8
:1070E000FCF78CFF4FF48770B94908604FF48C703F
:1070F000B84908601E210020FCF7B1F800240DE01B
:1071000006E0052011F0B2FAF9F7AAFC00B103E09D
:10711000AB4800682828F4DC00BF641C40F226203D
:107120008442EDDB1E210020FCF799F800240DE0DD
:1071300006E0052011F09AFAF9F792FC00B103E09D
:107140009F4800684628F4DB00BF641C40F22620FC
:107150008442EDDB1E210020FCF781F800240DE0C5
:1071600006E0052011F082FAF9F77AFC00B103E09D
:10717000934800683228F4DC00BF641C40F22620EB
:107180008442EDDB0020FBF747FF002419E012E00A
:107190001E20C82102222023CDE9002102900022D6
:1071A0008D493C20FFF7D9FE052011F05FFAF9F771
:1071B00057FC00B103E0894800686428E8DC00BFA0
:1071C000641C40F226208442E1DB002419E012E036
:1071D0001E20C82102222023CDE900210290002296
:1071E0007D491420FFF7B9FE052011F03FFAF9F7A9
:1071F00037FC00B103E0794800680F28E8DC00BFE5
:10720000641C40F226208442E1DB0020FBF704FFEF
:107210003EBD3EB5FCF7F2FE4FF487706C49086046
:107220004FF48C706B4908601E210020FCF717F8A2
:1072300000240DE006E0052011F018FAF9F710FC23
:1072400000B103E05E4800682828F4DC00BF641C3D
:1072500040F226208442EDDB1E210020FBF7FFFFD9
:1072600000240DE006E0052011F000FAF9F7F8FB24
:1072700000B103E0524800684628F4DB00BF641CFC
:1072800040F226208442EDDB1E210020FBF7E7FFC1
:1072900000240DE006E0052011F0E8F9F9F7E0FB25
:1072A00000B103E0464800683228F4DC00BF641CEB
:1072B00040F226208442EDDB0020FBF7ADFE0024E7
:1072C00019E012E01E20C82102222023CDE900216E
:1072D0000290002240493C20FFF73FFE052011F0BC
:1072E000C5F9F9F7BDFB00B103E03C48006864282C
:1072F000E8DC00BF641C40F226208442E1DB00246D
:1073000019E012E01E20C82102222023CDE900212D
:107310000290002230491420FFF71FFE052011F0D3
:10732000A5F9F9F79DFB00B103E02C4800680F2890
:10733000E8DC00BF641C40F226208442E1DB002030
:10734000FBF76AFE3EBD2648C07F40F0010024499D
:10735000C8770846C07F00F0FD00C8777047204816
:10736000C07F40F002001E49C8770846C07F00F089
:10737000FE00C87770471A48C07F00F0FD0018492A
:10738000C8770846C07F00F0FE00C87770471548F0
:10739000407800F0100058B31248407800F0020026
:1073A00030BB1048C07918BB0E48807900BB0E482E
:1073B00000680E49096888423ADD0A48407818E0BA
:1073C0009C0000203333333FB81E453F9800002017
:1073D000BC030020C80300207CFCFFFFA0000020AD
:1073E000040000207D070020B0000020CC03002016
:1073F0001EE000F0010058B1FE4800681438FE4954
:107400000968884204DD3220FC4981F8270003E046
:107410001420FA4981F827000120F84981F8260054
:10742000F5480068F64908600120F64908603DE02B
:10743000F548407800F0080088B3F348407800F041
:10744000020060BBF048C07948BBEF48807930BB90
:10745000E9480068E7490968884221DAEA48407843
:1074600000F0010058B1E4480168E84800681430B1
:10747000814204DD3220E14981F8270003E0142035
:10748000DE4981F827000020DC4981F82600DA482F
:107490000068DB4908600120DA49086006E0FFE780
:1074A0000020D8490860D54981F827007047D648A0
:1074B000407800F0400070B3D348407800F00200FC
:1074C00048BBD148C07930BBCF48807918BBD04881
:1074D0000068D049096888421EDACB48407800F03D
:1074E000010050B1CA480168CB480068143081429D
:1074F00003DD9620C149C87602E04620BF49C87620
:107500000120BE498876C2480068C449086001204D
:10751000C349086037E0FFE7BB48407800F08000CF
:1075200070B3B948407800F0020048BBB648C07953
:1075300030BBB548807918BBB5480068B6490968C2
:1075400088421DDDB048407800F0010050B1B148DC
:1075500000681438AE490968884203DD9620A749BF
:10756000C87602E04620A549C8760020A34988765F
:10757000A7480068A94908600120A949086002E0FD
:107580000020A749086070479F48407800F020001D
:1075900088B39D48407800F0020060BB9A48C079EB
:1075A00048BB9948807930BB9E4800689E4909686D
:1075B000884221DD9448407800F0010058B19B4892
:1075C0000068143897490968884204DD96208B4981
:1075D00081F82B0003E06420884981F82B0000200B
:1075E000864981F82A008F48006891490860012087
:1075F000904908603BE0FFE78348407800F00400D2
:1076000088B38148407800F0020060BB7E48C079B2
:1076100048BB7D48807930BB82480068834909684F
:10762000884221DA7848407800F0010058B17D485E
:1076300001687D4800681430814204DD96206F495E
:1076400081F82B0003E064206C4981F82B000120B5
:107650006A4981F82A00734800687549086001206A
:107660007449086003E0FFE7002072490860704732
:1076700010B50446FFF773FE604890F8230000F051
:10768000EF005E4981F8230043F6982010F0EEFFEA
:10769000FFF759FE41F6583010F0E8FF4FF48051E3
:1076A00065480DF0E3FD01283CD1601D5449086098
:1076B00040F6B83010F0DAFFFFF751FE4F4890F86F
:1076C000230000F0EF004D4981F8230043F6982095
:1076D00010F0CCFFFFF737FE41F6583010F0C6FF30
:1076E0004FF4805154480DF0C1FD01281AD1601F9C
:1076F0004349086040F6B83010F0B8FFFFF72FFE9E
:107700003E4890F8230000F0EF003C4981F8230048
:1077100043F6982010F0AAFFFFF715FE41F6583007
:1077200010F0A4FFA4F114003549086010BD10B595
:107730004FF461714842FFF779F99FED401ADFED90
:10774000400A0A209FED3F0AFBF793FD4FF47A6051
:1077500010F08CFF0020FBF75FFC01203A49086025
:1077600010BD10B54FF461714842FEF744FA9FED29
:10777000331ADFED330A0A209FED320AFBF779FD59
:107780004FF47A6010F072FF0020FBF745FC0120F7
:107790002D49086010BD10B50020FBF73DFCFBF73C
:1077A000DFF9FCF724FC4FF48C7028490860284965
:1077B0000860C82027490860274800681C490860FD
:1077C000C8202649086026480068144908606420DB
:1077D0002449086024480068094908600748C07FB8
:1077E00000F07F000549C8770846C07F00F0DF0041
:1077F000C8773BE0D0030020B00000200400002048
:10780000D4030020480400207D070020CC03002082
:10781000C0000020DC030020D8030020E00300208B
:107820004C040020C4000020E4030020E8030020F2
:10783000EC0300205004002000000240CDCC4C3F5F
:1078400000006144000061C490020020BC030020DD
:10785000C803002000040020C0010020FC03002019
:10786000BC010020F8030020780100200846C07FFA
:1078700000F0F700C8770846C07F00F0BF00C87767
:107880000846C07F00F0EF00C8770846C07F00F0D0
:10789000FB00C877F9F7E4F810BD10B50020FBF73E
:1078A000BBFBFBF75DF9FCF7A2FBF720FC49086086
:1078B000FC4908606420FC490860FC480068FC49F9
:1078C0000860FC48C07F00F07F00FA49C87708468E
:1078D000C07F00F0DF00C8770846C07F00F0F700E7
:1078E000C8770846C07F00F0BF00C8770846C07F51
:1078F00000F0EF00C8770846C07F00F0FB00C877B3
:1079000010BD70B50446EC480568A54220DA642035
:10791000E5490860E64804600020E849086012E094
:1079200006E0012010F0A2FEF9F79AF800B904E091
:10793000E01EE14909688842F3DC00BFDF480068C7
:10794000401CDE490860DD4800683228E8DB21E0A1
:10795000A5421FDD6420D4490860D548046000209A
:10796000D649086012E006E0012010F07FFEF9F72A
:1079700077F800B904E0D0480168E01C8142F3DCEC
:1079800000BFCE480068401CCC490860CB48006866
:107990003228E8DB70BD10B50020C84908603CE023
:1079A00027E04FF40061C6480DF060FC48B90121A2
:1079B000C4480DF05BFC20B90421C348FBF74FFC21
:1079C00010E04FF40051BF480DF050FC50B94FF497
:1079D0000061BE480DF04AFC20B904214FF46170EB
:1079E000FBF73DFC012010F041FEF9F739F800B932
:1079F0000DE04FF40061B2480DF038FC0028D0D003
:107A00004FF40051AF480DF031FC0028C9D000BF41
:107A1000AA480068401CA9490860A8480068C8280E
:107A2000BEDB4FF47A7010F021FE0020FBF7F4FA71
:107A300010BD10B59F48C07F40F004009D49C87735
:107A40000846C07F40F08000C877FA20A04908604F
:107A5000A04800686E30A04908600020974908607F
:107A600019E006E0012010F001FEF8F7F9FF00B977
:107A70000BE09A490968984A1268881A002801DBC5
:107A8000014600E041420A29ECDC00BF8B48006857
:107A9000401C8A490860894800683228E1DB0020E0
:107AA0008649086014E006E0012010F0DFFDF8F7D9
:107AB000D7FF00B906E04FF4006182480DF0D6FB15
:107AC0000128F1D000BF7D480068401C7B49086058
:107AD0007A48006840F226218842E4DBFFF75BFF2A
:107AE000FA207B4908607B48006832307A49086098
:107AF00000207249086019E006E0012010F0B6FD90
:107B0000F8F7AEFF00B90BE074490968724A1268D1
:107B1000881A002801DB014600E041420A29ECDC1A
:107B200000BF66480068401C6449086063480068FC
:107B30003228E1DB4FF4FA6010F098FD5D48C07F19
:107B400000F0FB005B49C8774FF47A7010F08EFDAF
:107B50005848C07F00F07F005649C877FA205C493A
:107B600008605F4800685C4908600020534908606D
:107B700021E006E0012010F079FDF8F771FF00B96F
:107B800013E0574A1268534B1B68D11A534A1268C4
:107B9000514B1B68D01A002801DB024600E042422C
:107BA00001EBD173B2EB630FE4DC00BF4348006824
:107BB000401C42490860414800683228D9DB002057
:107BC000FBF72AFA10BD10B540F6AC5010F04EFD90
:107BD00000203A4908603DE028E04FF480613948D0
:107BE0000DF044FB50B9012136480DF03FFB28B998
:107BF000042135480A38FBF732FB10E04FF400410E
:107C000030480DF033FB50B94FF400612F480DF0B0
:107C10002DFB20B9042140F28E30FBF720FB05201C
:107C200010F024FDF8F71CFF00B90DE04FF480615F
:107C300024480DF01BFB0028CFD04FF40041214811
:107C40000DF014FB0028C8D000BF1C480068401C81
:107C50001A49086019480068B0F5FA7FBCDB4FF498
:107C6000966010F003FD0020FBF7D6F910BD10B5AB
:107C70001048C07F40F008000E49C8770846C07F12
:107C800040F02000C877FA201649086016480068BE
:107C90005A381649086000200849086042E0000090
:107CA000BC030020C8030020F80300207801002056
:107CB000D403002004000020B0000020780300203E
:107CC000000C0240000402407CFCFFFF0000024068
:107CD00000040020E4030020EC030020C400002086
:107CE000C0010020FC030020DC030020E003002092
:107CF00006E0012010F0BAFCF8F7B2FE00B90BE084
:107D0000F6490968F64A1268881A002801DB01461C
:107D100000E041420A29ECDC00BFF2480068401C48
:107D2000F0490860EF4800683228E1DB0020ED49A7
:107D3000086014E006E0012010F098FCF8F790FECF
:107D400000B906E04FF40041E7480DF08FFA012832
:107D5000F1D000BFE3480068401CE2490860E148F8
:107D600000683228E6DBFFF72EFFFA20DF490860C3
:107D7000DF4800682338DA4908600020D9490860E4
:107D800019E006E0012010F071FCF8F769FE00B977
:107D90000BE0D2490968D24A1268881A002801DB30
:107DA000014600E041420A29ECDC00BFCD480068F2
:107DB000401CCC490860CB4800683228E1DB40F623
:107DC000B83010F053FCCB48C07F00F0F700C94931
:107DD000C8774FF47A7010F049FCC648C07F00F0B5
:107DE000DF00C449C8779620C0490860C2480068CF
:107DF000BB4908600020BB49086021E006E0012083
:107E000010F034FCF8F72CFE00B913E0BA4A1268FF
:107E1000BA4B1B68D11AB14A1268B14B1B68D01A11
:107E2000002801DB024600E0424201EBD173B2EBD5
:107E3000630FE4DC00BFAB480068401CA949086040
:107E4000A84800683228D9DB10BD10B50020A5492C
:107E500008603CE027E04FF48061A3480DF006FA8B
:107E600048B90121A6480DF001FA20B90421A5481E
:107E7000FBF7F5F910E04FF48051A1480DF0F6F949
:107E800050B94FF40061A0480DF0F0F920B9042179
:107E900040F28E30FBF7E3F9012010F0E7FBF8F732
:107EA000DFFD00B90DE04FF480618F480DF0DEF981
:107EB0000028D0D04FF4805191480DF0D7F9002818
:107EC000C9D000BF87480068401C864908608548C3
:107ED0000068B0F5FA7FBDDB4FF4966010F0C6FB8A
:107EE0000020FBF799F810BD10B58248C07F40F024
:107EF00040008049C8770846C07F40F08000C877BE
:107F00006420824908604FF42D7081490860002088
:107F10007449086013E006E0012010F0A7FBF8F7B1
:107F20009FFD00B905E07B48006840F2B22188421D
:107F3000F2DB00BF6B480068401C6A490860694872
:107F400000683228E7DBFA2073490860734800684C
:107F50005A387349086000206249086019E006E059
:107F6000012010F083FBF8F77BFD00B90BE06D49B1
:107F700009686B4A1268881A002801DB014600E094
:107F800041420A29ECDC00BF56480068401C5549B4
:107F90000860544800683228E1DB0020514908603D
:107FA00014E006E0012010F061FBF8F759FD00B97C
:107FB00006E04FF4006152480DF058F90128F1D065
:107FC00000BF48480068401C4649086045480068B2
:107FD0003228E6DBFFF739FFFA204F4908604F48A7
:107FE00000681E384E49086000203E49086019E0CC
:107FF00006E0012010F03AFBF8F732FD00B90BE083
:1080000048490968464A1268881A002801DB014677
:1080100000E041420A29ECDC00BF32480068401C05
:10802000304908602F4800683228E1DB4FF4FA60DD
:1080300010F01CFB2F48C07F00F0BF002D49C8770F
:108040004FF47A7010F012FB2A48C07F00F07F00D6
:108050002849C877FA203049086033480068304919
:10806000086000201F49086021E006E0012010F0B0
:10807000FDFAF8F7F5FC00B913E02B4A12682B4B18
:108080001B68D11A274A1268254B1B68D01A002892
:1080900001DB024600E0424201EBD173B2EB630F19
:1080A000E4DC00BF0F480068401C0E4908600D4822
:1080B00000683228D9DB10BD10B5002009490860DE
:1080C0005CE047E04FF4006107480DF0CFF820B9BD
:1080D00004210020FBF7C3F835E029E0C0000020B0
:1080E000E003002078030020000C0240FC03002085
:1080F000DC03002004000020BC010020D803002085
:108100000004024072FCFFFF00000240F803002060
:10811000D4030020B000002000040020E803002069
:10812000EC030020C4000020C0010020E403002074
:108130004FF40051F9480DF099F820B904214FF49B
:10814000E160FBF78CF8012010F090FAF8F788FC5A
:1081500000B90DE04FF40061F1480DF087F80028F8
:10816000B0D04FF40051ED480DF080F80028A9D0B0
:1081700000BFEC480068401CEA490860E948006814
:10818000C8289EDB4FF47A7010F070FA0020FAF7DE
:1081900043FF10BD10B50020E249086031E01CE04B
:1081A0004FF40061DE480DF061F828B904214FF466
:1081B000E160FBF754F809E04FF40051D7480DF0A7
:1081C00055F818B904210020FBF749F8012010F0F8
:1081D0004DFAF8F745FC00B90DE04FF40061D048C6
:1081E0000DF044F80028DBD04FF40051CB480DF0DF
:1081F0003DF80028D4D000BFCA480068401CC949D7
:108200000860C8480068C828C9DB4FF47A7010F0CD
:108210002DFA0020FAF700FF10BD10B5C248C07F4C
:1082200040F00400C049C8770846C07F40F0800095
:10823000C877FA20BD490860BD4800685030BD4984
:1082400008600020B749086019E006E0012010F03E
:108250000DFAF8F705FC00B90BE0B7490968B54A13
:108260001268881A002801DB014600E041420A2911
:10827000ECDC00BFAB480068401CAA490860A94874
:1082800000683228E1DB0020A649086014E006E01F
:10829000012010F0EBF9F8F7E3FB00B906E04FF42A
:1082A00000619E480CF0E2FF0128F1D000BF9D481C
:1082B0000068401C9B4908609A4800683228E6DB49
:1082C0009E480068012802D1FFF764FF0CE09C483B
:1082D0000068012802D1FFF7EFFE05E09948006829
:1082E000012801D1FFF757FBFA2090490860904818
:1082F00000681E308F49086000208A49086019E034
:1083000006E0012010F0B2F9F8F7AAFB00B90BE083
:1083100089490968874A1268881A002801DB0146E2
:1083200000E041420A29ECDC00BF7E480068401CA6
:108330007C4908607B48006840F226218842DFDBE8
:108340004FF4FA6010F092F97748C07F00F0FB001C
:108350007549C8774FF47A7010F088F97248C07F79
:1083600000F07F007049C877FA20704908607648AD
:1083700000687049086000206A49086021E006E052
:10838000012010F073F9F8F76BFB00B913E06E4AA7
:108390001268674B1B68D11A674A1268654B1B68E5
:1083A000D01A002801DB024600E0424201EBD17303
:1083B000B2EB630FE4DC00BF5A480068401C594927
:1083C0000860584800683228D9DB10BD10B500207D
:1083D0005449086031E01CE04FF480614F480CF0D4
:1083E00045FF20B904210020FAF739FF0AE04FF4D5
:1083F00000414A480CF03AFF20B904214FF4E160F3
:10840000FAF72DFF012010F031F9F8F729FB00B938
:108410000DE04FF4806141480CF028FF0028DBD0CC
:108420004FF400413D480CF021FF0028D4D000BF9C
:108430003C480068401C3B4908603A480068B0F579
:10844000FA7FC8DB4FF47A7010F010F90020FAF7C9
:10845000E3FD10BD10B500203249086031E01CE09A
:108460004FF480612D480CF001FF28B904214FF42E
:10847000E160FAF7F4FE09E04FF4004127480CF000
:10848000F5FE18B904210020FAF7E9FE012010F0EA
:10849000EDF8F8F7E5FA00B90DE04FF480611F48F8
:1084A0000CF0E4FE0028DBD04FF400411B480CF038
:1084B000DDFE0028D4D000BF1A480068401C1949CE
:1084C000086018480068B0F5FA7FC8DB4FF47A708E
:1084D00010F0CCF80020FAF79FFD10BD10B512483F
:1084E000C07F40F008001049C8770846C07F40F0C0
:1084F0002000C877E620154908601548006837381D
:108500001449086000200749086037E024E0012092
:1085100010F0ACF8F8F7A4FAF0B929E00004024032
:10852000000C02407803002004000020000400201A
:10853000E4030020EC030020C4000020EC00002035
:10854000F0000020E8000020C0010020FC03002013
:10855000DC030020E0030020F8490968F84A1268AB
:10856000881A002801DB014600E041420329CEDCE5
:1085700000BFF4480068401CF2490860F1480068F8
:108580003228C3DB0020EF49086014E006E0012038
:1085900010F06CF8F8F764FA00B906E04FF4004107
:1085A000E9480CF063FE0128F1D000BFE5480068FF
:1085B000401CE4490860E348006840F226218842F4
:1085C000E4DBE2480068012802D1FFF743FF0CE03A
:1085D000DF480068012802D1FFF7F8FE05E0DD481A
:1085E0000068012801D1FFF7EEFAC820DA490860D7
:1085F000DA480068401FD24908600020D14908606D
:1086000019E006E0012010F031F8F8F729FA00B976
:108610000BE0CA490968CA4A1268881A002801DBB7
:10862000014600E041420829ECDC00BFC548006873
:10863000401CC4490860C34800683228E1DB4FF49D
:10864000FA6010F013F8C648C07F00F0F700C44984
:10865000C8774FF47A7010F009F8C148C07F00F075
:10866000DF00BF49C877FA20BB490860BD480068F1
:10867000B34908600020B349086021E006E001200A
:108680000FF0F4FFF8F7ECF900B913E0B54A1268FF
:10869000B54B1B68D11AA94A1268A94B1B68D01A9E
:1086A000002801DB024600E0424201EBD173B2EB4D
:1086B000630FE4DC00BFA3480068401CA1490860C8
:1086C000A04800683228D9DB10BD10B500209D49B4
:1086D000086031E01CE04FF480619B480CF0C6FD5F
:1086E00020B904210020FAF7BAFD0AE04FF48051C6
:1086F0009E480CF0BBFD20B904214FF4E160FAF76D
:10870000AEFD01200FF0B2FFF8F7AAF900B90DE0B5
:108710004FF480618C480CF0A9FD0028DBD04FF4A9
:10872000805192480CF0A2FD0028D4D000BF8548AB
:108730000068401C8349086082480068B0F5FA7FF1
:10874000C8DB4FF47A700FF091FF0020FAF764FC59
:1087500010BD10B500207B49086031E01CE04FF4EB
:10876000806179480CF082FD28B904214FF4E16062
:10877000FAF775FD09E04FF480517C480CF076FD66
:1087800018B904210020FAF76AFD01200FF06EFFEE
:10879000F8F766F900B90DE04FF480616A480CF013
:1087A00065FD0028DBD04FF4805170480CF05EFD71
:1087B0000028D4D000BF63480068401C61490860AD
:1087C00060480068B0F5FA7FC8DB4FF47A700FF0AC
:1087D0004DFF0020FAF720FC10BD10B56048C07FA7
:1087E00040F040005E49C8770846C07F40F08000F6
:1087F000C877FA205E4908605E48006837385E49ED
:10880000086000204F49086019E006E001200FF0E1
:108810002DFFF8F725F900B90BE058490968564AC9
:108820001268881A002801DB014600E041420A294B
:10883000ECDC00BF43480068401C424908604148E6
:1088400000683228E1DB00203E49086014E006E0C1
:1088500001200FF00BFFF8F703F900B906E04FF421
:10886000006142480CF002FD0128F1D000BF3548FC
:108870000068401C33490860324800683228E6DB53
:1088800032480068012802D1FFF763FF0CE030484E
:108890000068012802D1FFF718FF05E02D480068A5
:1088A000012801D1FFF7D1FAFA2031490860314897
:1088B0000068401F3049086000202249086019E024
:1088C00006E001200FF0D2FEF8F7CAF800B90BE07D
:1088D0002A490968284A1268881A002801DB0146DB
:1088E00000E041420A29ECDC00BF16480068401C49
:1088F00014490860134800683228E1DB4FF4FA603D
:108900000FF0B4FE1648C07F00F0BF001449C877CE
:108910004FF47A700FF0AAFE1148C07F00F07F007C
:108920000F49C877FA2012490860154800681249B3
:10893000086000200349086046E00000C0000020F5
:10894000E003002078030020000C0240EC0000202F
:10895000F0000020E8000020FC030020DC030020E1
:1089600004000020BC010020D803002000040240C5
:1089700000040020E8030020EC030020C4000020D5
:10898000C001002006E001200FF070FEF8F768F843
:1089900000B913E0FE4A1268FE4B1B68D11AFE4A6A
:1089A0001268FE4B1B68D01A002801DB024600E06B
:1089B000424201EBD173B2EB630FE4DC00BFF84835
:1089C0000068401CF6490860F54800683228D9DB89
:1089D00010BD10B50020F24908603CE027E04FF4DC
:1089E0008041F0480CF042FC48B90121ED480CF000
:1089F0003DFC20B90421EC48FAF731FC10E04FF4BB
:108A00008041EA480CF032FC50B94FF40061E8486C
:108A10000CF02CFC20B9042140F28E30FAF71FFC38
:108A200001200FF023FEF8F71BF800B90DE04FF41A
:108A30008041DC480CF01AFC0028D0D04FF4804173
:108A4000DA480CF013FC0028C9D000BFD4480068F5
:108A5000401CD3490860D2480068B0F5FA7FBDDBFE
:108A60004FF47A700FF002FE0020FAF7D5FA10BD2D
:108A700010B50020CA49086031E01CE04FF4804185
:108A8000C8480CF0F3FB20B904210020FAF7E7FBFB
:108A90000AE04FF48041C5480CF0E8FB20B90421FE
:108AA0004FF4E160FAF7DBFB01200FF0DFFDF7F791
:108AB000D7FF00B90DE04FF48041BA480CF0D6FB67
:108AC0000028DBD04FF48041B8480CF0CFFB0028E1
:108AD000D4D000BFB2480068401CB1490860B0481B
:108AE0000068B0F5FA7FC8DB4FF47A700FF0BEFD76
:108AF0000020FAF791FA10BD10B50020A8490860CF
:108B000031E01CE04FF48041A6480CF0AFFB28B9DF
:108B100004214FF4E160FAF7A2FB09E04FF4804131
:108B2000A2480CF0A3FB18B904210020FAF797FB28
:108B300001200FF09BFDF7F793FF00B90DE04FF414
:108B4000804198480CF092FB0028DBD04FF4804124
:108B500096480CF08BFB0028D4D000BF90480068EA
:108B6000401C8F4908608E480068B0F5FA7FC8DB6A
:108B70004FF47A700FF07AFD0020FAF74DFA10BD2D
:108B800010B58C48C07F40F010008A49C87708466D
:108B9000C07F40F02000C877C82087490860874818
:108BA000006857308649086000207D49086019E058
:108BB00006E001200FF05AFDF7F752FF00B90BE075
:108BC000804909687E4A1268881A002801DB01463C
:108BD00000E041420A29ECDC00BF71480068401CFB
:108BE0006F4908606E4800683228E1DB00206C495C
:108BF000086014E006E001200FF038FDF7F730FFC1
:108C000000B906E04FF4004168480CF02FFB012842
:108C1000F1D000BF62480068401C614908606048AC
:108C200000683228E6DB68480068012802D1FFF7B7
:108C300063FF0CE065480068012802D1FFF718FFC8
:108C400005E063480068012801D1FFF7C2FEC82093
:108C500059490860594800681E3059490860002089
:108C60004F49086019E006E001200FF0FFFCF7F71C
:108C7000F7FE00B90BE053490968514A1268881A97
:108C8000002801DB014600E041420A29ECDC00BF7C
:108C900043480068401C4249086041480068322847
:108CA000E1DB4FF4FA600FF0E1FC4248C07F00F0D6
:108CB000EF004049C8774FF47A700FF0D7FC3D4879
:108CC000C07F00F0DF003B49C877FA203A490860CE
:108CD000404800683A49086000203149086021E0B6
:108CE00006E001200FF0C2FCF7F7BAFE00B913E06E
:108CF000384A1268314B1B68D11A324A1268304B1D
:108D00001B68D01A002801DB024600E0424201EB5A
:108D1000D173B2EB630FE4DC00BF21480068401C54
:108D20001F4908601E4800683228D9DB10BD10B505
:108D30000446C820284908602848046000201849D3
:108D4000086019E006E001200FF090FCF7F788FEBC
:108D500000B90BE022490968204A1268881A0028E5
:108D600001DB014600E041420A29ECDC00BF0C486F
:108D70000068401C0A490860094800689628E1DB41
:108D8000FA201849086003480068283003492BE09E
:108D9000C0010020E4030020C4000020EC030020F8
:108DA000780300200004024072FCFFFF000C024028
:108DB0000000024004000020FC030020D803002033
:108DC000E0030020C0000020EC000020F0000020A4
:108DD000E8000020BC010020F8030020D40300209C
:108DE000B0000020000400200860FE48C07F40F072
:108DF0000400FC49C8770846C07F40F08000C8776F
:108E00000020F949086019E006E001200FF02EFC6F
:108E1000F7F726FE00B90BE0F4490968F44A126836
:108E2000881A002801DB014600E041420A29ECDCF7
:108E300000BFED480068401CEB490860EA48006844
:108E40003228E1DB0020E849086014E006E0012058
:108E50000FF00CFCF7F704FE00B906E04FF40061D8
:108E6000E4480CF003FA0128F1D000BFDE480068A6
:108E7000401CDD490860DC4800683228E6DBDE483B
:108E80000068012802D1FFF785F905E0DB4800689A
:108E9000012801D1FFF710F94FF47A700FF0E6FBCB
:108EA000FA20D7490860D7480068D14908600020F7
:108EB000CD49086019E006E001200FF0D7FBF7F775
:108EC000CFFD00B90BE0C9490968C94A1268881A80
:108ED000002801DB014600E041420A29ECDC00BF2A
:108EE000C1480068401CC0490860BF48006840F2A3
:108EF00026218842DFDB40F6B8300FF0B7FBB948D7
:108F0000C07F00F0FB00B749C8774FF47A700FF0CC
:108F1000ADFBB448C07F00F07F00B249C877FA20AB
:108F2000B7490860B8480068B14908600020AE49F8
:108F3000086021E006E001200FF098FBF7F790FDB4
:108F400000B913E0B04A1268AE4B1B68D11AA74AA9
:108F50001268A74B1B68D01A002801DB024600E00C
:108F6000424201EBD173B2EB630FE4DC00BF9E48D9
:108F70000068401C9C4908609B4800683228D9DB87
:108F800010BD10B50446C820A0490860A048046080
:108F900000209549086019E006E001200FF066FB0B
:108FA000F7F75EFD00B90BE09A490968984A126824
:108FB000881A002801DB014600E041420A29ECDC66
:108FC00000BF89480068401C8749086086480068DF
:108FD0009628E1DB8348C07F40F010008149C877C4
:108FE0000846C07F40F02000C877C8208A49086042
:108FF0008A4800683C308A49086000207A49086045
:1090000019E006E001200FF031FBF7F729FD00B968
:109010000BE084490968824A1268881A002801DB3B
:10902000014600E041420A29ECDC00BF6E480068BE
:10903000401C6D4908606C4800683228E1DB002064
:109040006949086014E006E001200FF00FFBF7F714
:1090500007FD00B906E04FF4004173480CF006F933
:109060000128F1D000BF60480068401C5E490860DC
:109070005D4800683228E6DB5F480068012802D1BD
:10908000FFF73AFD05E05D480068012801D1FFF7D0
:10909000EFFCC8206049086060480068801C604997
:1090A000086000205049086019E006E001200FF038
:1090B000DDFAF7F7D5FC00B90BE05A490968584AC0
:1090C0001268881A002801DB014600E041420A29A3
:1090D000ECDC00BF44480068401C4349086042483B
:1090E00000683228E1DB40F6B8300FF0BFFA3D48A7
:1090F000C07F00F0EF003B49C8774FF47A700FF063
:10910000B5FA3848C07F00F0DF003649C877FA204A
:1091100041490860454800684149086000203249DB
:10912000086021E006E001200FF0A0FAF7F798FCB4
:1091300000B913E03D4A1268384B1B68D11A394A0E
:109140001268374B1B68D01A002801DB024600E08A
:10915000424201EBD173B2EB630FE4DC00BF224863
:109160000068401C204908601F4800683228D9DB8D
:1091700010BD10B51B48C07F40F004001949C877E6
:109180000846C07F40F08000C877FA201C4908607C
:109190001C480068323016490860002012490860F7
:1091A00019E006E001200FF061FAF7F759FC00B969
:1091B0000BE00E4909680E4A1268881A002801DB84
:1091C000014600E041420629ECDC00BF0648006889
:1091D000401C054908600448006840F22621884286
:1091E000DFDB25E00400002078030020C40000201D
:1091F000EC03002000040240EC000020F0000020FE
:1092000000040020E4030020C0010020F803002037
:10921000D4030020B0000020FC030020D80300206D
:10922000E0030020C0000020000C0240BC01002030
:109230000020FE49086014E006E001200FF016FA55
:10924000F7F70EFC00B906E04FF40061F8480CF0A7
:109250000DF80128F1D000BFF4480068401CF34924
:109260000860F2480068FA28E6DBFEF794FBFAF79C
:10927000BEFE40F28B10EF49086040F21310EE4939
:1092800008600020E949086019E006E001200FF0BD
:10929000EDF9F7F7E5FB00B90BE0E8490968E54AA5
:1092A0001268881A002801DB014600E041420A29C1
:1092B000ECDC00BFDD480068401CDC490860DB488E
:1092C00000689628E1DB0020D849086014E006E039
:1092D00001200FF0CBF9F7F7C3FB00B906E04FF41C
:1092E0000061D3480BF0C2FF0128F1D000BFCF4886
:1092F0000068401CCD490860CC4800683228E6DB95
:10930000FA20CF490860CF4800681930CE4908607C
:109310000020C649086019E006E001200FF0A6F918
:10932000F7F79EFB00B90BE0C8490968C64A126806
:10933000881A002801DB014600E041420A29ECDCE2
:1093400000BFBA480068401CB8490860B7480068C8
:1093500040F226218842DFDB40F6B8300FF086F974
:10936000BB48C07F00F0FB00B949C8774FF47A7062
:109370000FF07CF9B648C07F00F07F00B449C87791
:10938000FAF727FE40F20910AA490860AA490860C6
:10939000FA20AB490860AF480068AB49086000207C
:1093A000A249086021E006E001200FF05FF9F7F71D
:1093B00057FB00B913E0A74A1268A24B1B68D11AE9
:1093C000A24A1268A04B1B68D01A002801DB024693
:1093D00000E0424201EBD173B2EB630FE4DC00BF6B
:1093E00092480068401C9149086090480068322803
:1093F000D9DB10BD10B56420974908609748006814
:10940000C01C9749086000208849086019E006E000
:1094100001200FF02BF9F7F723FB00B90BE091497E
:1094200009688F4A1268881A002801DB014600E0AB
:1094300041420A29ECDC00BF7C480068401C7B49A3
:1094400008607A4800689628E1DB8148C07F40F0D8
:1094500020007F49C8770846C07F40F00800C877E1
:10946000962081490860814800680A388049086070
:1094700000206E49086019E006E001200FF0F6F8C0
:10948000F7F7EEFA00B90BE07A490968784A1268F2
:10949000881A002801DB014600E041420A29ECDC81
:1094A00000BF62480068401C604908605F4800686F
:1094B00040F226218842DFDB00205C49086014E08E
:1094C00006E001200FF0D2F8F7F7CAFA00B906E07B
:1094D0004FF4004168480BF0C9FE0128F1D000BFED
:1094E00052480068401C51490860504800683228C2
:1094F000E6DBFEF768FBFAF77AFD40F28B104D4988
:10950000086040F213104C49086000204749086089
:1095100019E006E001200FF0A9F8F7F7A1FA00B969
:109520000BE046490968434A1268881A002801DBA3
:10953000014600E041420A29ECDC00BF3B480068DC
:10954000401C3A490860394800689628E1DB002051
:109550003649086014E006E001200FF087F8F7F7BD
:109560007FFA00B906E04FF4004143480BF07EFE5D
:109570000128F1D000BF2D480068401C2B4908602D
:109580002A4800683228E6DB9620374908603748C9
:109590000068C01E3649086000202449086019E0B0
:1095A00006E001200FF062F8F7F75AFA00B90BE075
:1095B000304909682E4A1268881A002801DB0146E2
:1095C00000E041420529ECDC00BF18480068401C5F
:1095D00016490860154800683228E1DB4FF4FA604C
:1095E0000FF044F81A48C07F00F0F7001849C87718
:1095F0004FF47A700FF03AF81548C07F00F0DF00A2
:109600001349C877FAF7E5FC40F2091009490860E8
:1096100009490860FA20144908601848006814498C
:1096200008600020014908604CE000007803002039
:1096300000040240BC030020C8030020B800002042
:1096400000040020E4030020EC030020C4000020FC
:1096500004000020C0010020F80300207C0100204D
:10966000D4030020B0000020FC030020DC03002015
:10967000E0030020C0000020000C0240BC010020DC
:1096800006E001200EF0F2FFF7F7EAF900B913E067
:10969000F74A1268F74B1B68D11AF74A1268F74B62
:1096A0001B68D01A002801DB024600E0424201EBB1
:1096B000D173B2EB630FE4DC00BFF1480068401CDB
:1096C000EF490860EE4800683228D9DB10BD10B5BC
:1096D0006420EC490860EC480068001FEB49086012
:1096E0000020E749086019E006E001200EF0BEFF07
:1096F000F7F7B6F900B90BE0E5490968E34A1268E3
:10970000881A002801DB014600E041420A29ECDC0E
:1097100000BFDB480068401CD9490860D848006891
:109720009628E1DBDB48C07F40F04000D949C8778C
:109730000846C07F40F08000C877FA20D64908600C
:10974000D64800682338D64908600020CC49086014
:1097500019E006E001200EF089FFF7F781F900B962
:109760000BE0D0490968CE4A1268881A002801DB4C
:10977000014600E041420A29ECDC00BFC048006815
:10978000401CBF490860BE48006840F2262188425C
:10979000DFDB0020BA49086014E006E001200EF08B
:1097A00065FFF7F75DF900B906E04FF40061BE48C8
:1097B0000BF05CFD0128F1D000BFB1480068401CEF
:1097C000AF490860AE4800683228E6DBFEF73DFB93
:1097D000FAF70DFC40F28B10B449086040F2131008
:1097E000B34908600020A649086019E006E001209E
:1097F0000EF03CFFF7F734F900B90BE0AD4909680A
:10980000AA4A1268881A002801DB014600E041429A
:109810000A29ECDC00BF9A480068401C984908609F
:10982000974800689628E1DB00209549086014E01D
:1098300006E001200EF01AFFF7F712F900B906E072
:109840004FF4006198480BF011FD0128F1D000BFE2
:109850008B480068401C8A490860894800683228A3
:10986000E6DBFA208C4908608C48006808388C498F
:10987000086000208249086019E006E001200EF02F
:10988000F5FEF7F7EDF800B90BE086490968844A60
:109890001268881A002801DB014600E041420A29CB
:1098A000ECDC00BF76480068401C754908607448CD
:1098B00000683228E1DB4FF4FA600EF0D7FE7548FD
:1098C000C07F00F0BF007349C8774FF47A700EF084
:1098D000CDFE7048C07F00F07F006E49C877FAF770
:1098E00078FB40F209107149086071490860FA205C
:1098F000694908607048006869490860002060494B
:10990000086021E006E001200EF0B0FEF7F7A8F8AD
:1099100000B913E0684A1268684B1B68D11A614AA3
:1099200012685F4B1B68D01A002801DB024600E07A
:10993000424201EBD173B2EB630FE4DC00BF50484D
:109940000068401C4E4908604D4800683228D9DB49
:1099500010BD10B564204B490860594800680830B4
:109960004A49086000204649086019E006E00120E5
:109970000EF07CFEF7F774F800B90BE04449096873
:10998000424A1268881A002801DB014600E0414281
:109990000A29ECDC00BF3A480068401C38490860DE
:1099A000374800689628E1DB3A48C07F40F0100055
:1099B0003849C8770846C07F40F02000C877C820E3
:1099C000404908602B4800683A302C490860002064
:1099D0002B49086019E006E001200EF047FEF7F77A
:1099E0003FF800B90BE024490968244A1268881A34
:1099F000002801DB014600E041420A29ECDC00BFFF
:109A00001F480068401C1E4908601D480068322835
:109A1000E1DB00201A49086014E006E001200EF0A6
:109A200025FEF7F71DF800B906E04FF4004126487F
:109A30000BF01CFC0128F1D000BF11480068401C4D
:109A40000F4908600E4800683228E6DBFEF7C1FFC8
:109A5000FAF7CDFA40F28B101449086040F2131067
:109A60001349086000200649086048E035E000001E
:109A7000BC010020D8030020C0000020E00300202B
:109A800078030020F80300207C010020D40300208C
:109A9000B00000200400002000040020E8030020A3
:109AA000EC030020C400002000040240BC0300209E
:109AB000C8030020B8000020C0010020E4030020FB
:109AC00078010020FC030020000C024001200EF071
:109AD000CDFDF6F7C5FF00B90BE0F7490968F74A75
:109AE0001268881A002801DB014600E041420A2979
:109AF000ECDC00BFF2480068401CF1490860F04807
:109B000000689628B2DB0020ED49086014E006E00A
:109B100001200EF0ABFDF6F7A3FF00B906E04FF40D
:109B20000041E8480BF0A2FB0128F1D000BFE44857
:109B30000068401CE2490860E14800683228E6DB22
:109B4000C820E1490860E14800681E30E04908602B
:109B50000020DB49086019E006E001200EF086FDD8
:109B6000F6F77EFF00B90BE0DA490968D84A1268B7
:109B7000881A002801DB014600E041420A29ECDC9A
:109B800000BFCF480068401CCD490860CC48006841
:109B90003228E1DB4FF4FA600EF068FDCE48C07F5A
:109BA00000F0EF00CC49C8774FF47A700EF05EFDFC
:109BB000C948C07F00F0DF00C749C877FAF709FA43
:109BC00040F20910BD490860C4490860FA20BE4946
:109BD0000860C3480068BE4908600020B8490860B2
:109BE00021E006E001200EF041FDF6F739FF00B953
:109BF00013E0BB4A1268B54B1B68D11AB54A12680C
:109C0000B34B1B68D01A002801DB024600E0424239
:109C100001EBD173B2EB630FE4DC00BFA84800682E
:109C2000401CA7490860A64800683228D9DB10BD4F
:109C3000AC480068D8B9AC480068C0B9AB48006807
:109C4000A8B9AB48006890B9AA48006801280ED1AD
:109C5000A148C07F40F004009F49C877A020A649D2
:109C60000860A64800685A30A549086061E09D4830
:109C7000006801281BD19C480068C0B99B48006857
:109C8000A8B99B48006890B99A48006801280ED18D
:109C90009148C07F40F008008F49C877A0208A49CA
:109CA00008609848006841388949086041E08D485B
:109CB000006801281CD18C480068012818D18B4805
:109CC0000068A8B98A48006890B98A4800680128E5
:109CD0000ED18148C07F40F040007F49C877A02066
:109CE000854908608848006841388549086020E057
:109CF0007C48006801281CD17B480068012818D1E5
:109D00007A480068012814D17948006888B97948F0
:109D1000006801280DD17048C07F40F010006E49E6
:109D2000C877A02068490860684800685A306849C8
:109D3000086070476B480068D8B96B480068C0B9C4
:109D40006A480068A8B96A48006890B9694800681C
:109D500001280ED16048C07F40F004005E49C877FA
:109D6000B42065490860654800685530644908605A
:109D700061E05C48006801281BD15B480068C0B9FD
:109D80005A480068A8B95A48006890B9594800680C
:109D900001280ED15048C07F40F008004E49C877D6
:109DA000B42049490860574800683C384849086071
:109DB00041E04C48006801281CD14B48006801284C
:109DC00018D14A480068A8B94948006890B949487C
:109DD000006801280ED14048C07F40F040003E4955
:109DE000C877B42044490860474800683C38444973
:109DF000086020E03B48006801281CD13A48006810
:109E0000012818D139480068012814D13848006861
:109E100088B93848006801280DD12F48C07F40F02C
:109E200010002D49C877B4202749086027480068EA
:109E3000553027490860704710B52A480068012846
:109E400019D129480068B0B92848006898B928484D
:109E5000006880B99FED2D1ADFED2D0A07209FEDD8
:109E60002D0AF9F706FA42F210700EF0FFFB0020FF
:109E7000F9F7D2F890E01B48006801284CD11A4845
:109E80000068012848D11948006898B91848006846
:109E900080B99FED1E1ADFED1E0A07209FED1D0AF7
:109EA000F9F7E7F942F210700EF0E0FB0020F9F745
:109EB000B3F871E030E00000B8000020BC030020DF
:109EC00078030020000C0240FC030020D80300208F
:109ED000E0030020C000002004000020C803002090
:109EE000BC0100207C0200208002002084020020AF
:109EF00088020020B003002000040020E4030020BA
:109F0000EC030020DC030020E80300209A99993E2E
:109F1000000061440040CE44F648006801281BD18F
:109F2000F5480068012817D1F4480068012813D1CA
:109F3000F348006880B91FED0B1A5FED0B0A07208C
:109F40009FEDF00AF9F795F942F210700EF08EFBD2
:109F50000020F9F761F81FE0E648006801281BD1EE
:109F6000E5480068012817D1E4480068012813D1AA
:109F7000E348006801280FD11FED1C1A5FED1C0A91
:109F800007209FEDE00AF9F774F942F210700EF025
:109F90006DFB0020F9F740F810BD10B5D5480068FA
:109FA000012819D1D4480068B0B9D448006898B9DC
:109FB000D348006880B9B6EE001ADFEDD30A072057
:109FC0009FEDD20AF9F755F942F210700EF04EFBF0
:109FD0000020F9F721F85EE0C648006801281AD190
:109FE000C5480068012816D1C448006898B9C4481B
:109FF000006880B9B6EE001ADFEDC30A07209FEDB6
:10A00000C30AF9F736F942F210700EF02FFB002068
:10A01000F9F702F83FE0B748006801281BD1B648BD
:10A020000068012817D1B5480068012813D1B44849
:10A03000006880B9B6EE001ADFEDB30A07209FED85
:10A04000B40AF9F716F942F210700EF00FFB002077
:10A05000F8F7E2FF1FE0A748006801281BD1A648D7
:10A060000068012817D1A5480068012813D1A44829
:10A07000006801280FD1B6EE001ADFEDA30A072011
:10A080009FEDA30AF9F7F5F842F210700EF0EEFA20
:10A090000020F8F7C1FF10BD10B500209D490860F1
:10A0A00094480068002839D193480068002835D1C9
:10A0B0009248006888BB9248006870BB642096494B
:10A0C0000860964800689649086000209549086035
:10A0D00019E006E001200EF0C9FAF6F7C1FC00B95C
:10A0E0000BE0914909688E4A1268881A002801DB42
:10A0F000014600E041420A29ECDC00BF89480068C3
:10A10000401C88490860874800689628E1DBFDF715
:10A1100090FC01207749086079E0FFE77548006806
:10A12000012838D174480068A0BB7448006888BB17
:10A130007348006870BB6420774908607B480068FA
:10A140007749086000207749086019E006E001209F
:10A150000EF08CFAF6F784FC00B90BE0724909683E
:10A160006F4A1268881A002801DB014600E041426C
:10A170000A29ECDC00BF6B480068401C6949086094
:10A18000684800689628E1DBFDF771FD01205A4917
:10A1900008603CE0FFE757480068012837D156487F
:10A1A0000068012833D15548006880BB54480068D6
:10A1B00068BB6420584908605C48006858490860DA
:10A1C00000205849086019E006E001200EF04EFA20
:10A1D000F6F746FC00B90BE053490968504A12688B
:10A1E000881A002801DB014600E041420A29ECDC24
:10A1F00000BF4C480068401C4A4908604948006854
:10A200009628E1DBFDF770FE01203C490860002044
:10A2100047490860474908604749086002214748A4
:10A220000BF024F810B9FFF7B8FE01E0FFF704FEC9
:10A2300010BD10B50020374908602E48006800287E
:10A240003ED12D48006800283AD12C4800680028EB
:10A2500036D12B48006890BBC8202F4908602F4892
:10A2600000682F49086000202E49086019E006E0C8
:10A2700001200EF0FBF9F6F7F3FB00B90BE02A49D9
:10A280000968274A1268881A002801DB014600E0A5
:10A2900041420829ECDC00BF22480068401C2149EB
:10A2A0000860204800689628E1DB4FF47A700EF0D1
:10A2B000DDF9FDF7B2FF01200E490860EDE0FFE790
:10A2C0000C480068012863D10B48006888B90B4826
:10A2D000006870B90A48006858B9C8200E4908607B
:10A2E00012480068C01C0E49086000200D49086033
:10A2F00040E04DE07C02002080020020840200202B
:10A300008802002000001643000061C4000016C34C
:10A3100000C0F34494020020F803002078010020DC
:10A32000D403002078030020B00000207C0100202E
:10A33000E8000020EC000020F000002000040240B3
:10A3400006E001200EF092F9F6F78AFB00B90BE067
:10A35000F7490968F74A1268881A002801DB0146A4
:10A3600000E041420829ECDC00BFF3480068401CD3
:10A37000F1490860F04800689628E1DB4FF47A70F4
:10A380000EF074F9FEF7AAF80120EC49086084E0A9
:10A39000EB48006801283ED1E848006801283AD11E
:10A3A000E8480068B0BBE848006898BBC820E749A7
:10A3B0000860E7480068001FDE4908600020DE49A9
:10A3C000086019E006E001200EF050F9F6F748FBAE
:10A3D00000B90BE0D6490968D64A1268881A0028E5
:10A3E00001DB014600E041420829ECDC00BFD24815
:10A3F0000068401CD0490860CF4800689628E1DB1F
:10A400004FF47A700EF032F9FEF7E7F90120CD49EA
:10A41000086042E0FFE7CA48006801283DD1C7480C
:10A420000068012839D1C7480068012835D1C648DD
:10A43000006890BBC820C5490860C6480068401D38
:10A44000BC4908600020BC49086019E006E0012012
:10A450000EF00CF9F6F704FB00B90BE0B4490968FB
:10A46000B44A1268881A002801DB014600E0414224
:10A470000829ECDC00BFB0480068401CAE49086009
:10A48000AD4800689628E1DB4FF47A700EF0EEF8E4
:10A49000FEF776FB0120AC4908600020AE49086059
:10A4A0000221AE480AF0E2FE10B9FFF776FD01E0A6
:10A4B000FFF7C2FC10BD10B50020A9490860A048F4
:10A4C0000068002840D19D48006800283CD19D4884
:10A4D0000068002838D19C480068A0BB64209B49D4
:10A4E0000860A0480068934908600020924908600D
:10A4F00019E006E001200EF0B9F8F6F7B1FA00B95C
:10A500000BE08B4909688B4A1268881A002801DB26
:10A51000014600E041420329ECDC00BF86480068A8
:10A52000401C854908608448006840F22621884222
:10A53000DFDB4FF47A700EF099F8FDF76EFE012024
:10A540007F490860C8E0FFE77D48006801283ED1E8
:10A550007A480068D0BB7B480068B8BB7A4800687E
:10A56000A0BB6420794908607F4800687149086091
:10A5700000207149086019E006E001200EF076F82D
:10A58000F6F76EFA00B90BE069490968694A126882
:10A59000881A002801DB014600E041420329ECDC77
:10A5A00000BF65480068401C634908606248006855
:10A5B00040F226218842DFDB4FF47A700EF056F825
:10A5C000FDF78CFF01205D49086085E0FFE75C48EE
:10A5D000006801283FD15948006801283BD15948FB
:10A5E0000068B8BB58480068A0BB642057490860A1
:10A5F0005E4800684F49086000204F49086019E034
:10A6000006E001200EF032F8F6F72AFA00B90BE066
:10A6100047490968474A1268881A002801DB014641
:10A6200000E041420329ECDC00BF43480068401CC5
:10A63000414908604048006840F226218842DFDB3B
:10A640004FF47A700EF012F8FEF7C7F801203D497A
:10A65000086041E0FFE73A48006801283CD13748EC
:10A660000068012838D137480068012834D13648BD
:10A67000006888BB6420354908603D4800682D4962
:10A68000086000202C49086019E006E001200DF068
:10A69000EDFFF6F7E5F900B90BE025490968254A11
:10A6A0001268881A002801DB014600E041420329B4
:10A6B000ECDC00BF20480068401C1F4908601E48B1
:10A6C00000689628E1DB4FF47A700DF0CFFFFEF7BB
:10A6D00057FA01201C49086000202649086010BD77
:10A6E00010B525480468F9F7FDFE4FF4FF70F9F73F
:10A6F0008CFCB6EE001ADFED210A08209FED200A3F
:10A70000F8F7B7FD00200C49086048E006E001209A
:10A710000DF0ACFFF6F7A4F900B93AE01949096861
:10A72000194A1268881A002830DB01462FE0000021
:10A73000B0000020D4030020780300208002002015
:10A740007C0200208402002088020020F803002000
:10A750007C01002078010020E80000200004024075
:10A760009802002080010020840100208801002040
:10A770008C010020F0000020B001002000006144A6
:10A78000000061C4BC000020C803002041420A2927
:10A79000BDDC00BFFE480068401CFD490860FC4865
:10A7A0000068FA28B2DB0020F949086020E006E0E2
:10A7B000F6F756F900B915E001200DF057FF4FF4F8
:10A7C0008071F4480AF052FD0128F1D04021F2488E
:10A7D0000AF04CFD0128EBD08021EF480AF046FD3D
:10A7E0000028E5D000BFEA480068401CE84908603E
:10A7F000E748006840F20E618842D8DB0020F8F795
:10A800000BFC0120E5490860E5480068F0B9E5481F
:10A810000068D8B9E4480068C0B9E4480068A8B93D
:10A82000B6EE001A5FED2B0A05201FED2B0AF8F794
:10A8300020FD4FF4FA600DF019FF4FF47A712046B5
:10A84000FAF7B5F80020F8F7E7FB90E0D448006885
:10A8500001281ED1D3480068D8B9D3480068C0B9D0
:10A86000D2480068A8B9B6EE001A5FED3C0A052090
:10A870001FED3D0AF8F7FDFC4FF4FA600DF0F6FE0F
:10A880004FF47A712046FAF792F80020F8F7C4FBEB
:10A890006DE0C3480068012832D1C2480068012831
:10A8A0002ED1C148006858BBC048006840BBB6EE16
:10A8B000001A5FED4E0A05209FEDBD0AF8F7D9FC9E
:10A8C0000020B349086013E006E001200DF0CEFE41
:10A8D000F6F7C6F800B905E00421B6480AF0C6FC50
:10A8E0000028F2D000BFAA480068401CA8490860B0
:10A8F000A74800689628E7DB0020F8F78DFB36E0D4
:10A90000A7480068012832D1A648006801282ED146
:10A91000A548006801282AD1A448006838BBB6EED3
:10A92000001A5FED6A0A05209FEDA10AF8F7A1FC65
:10A9300000209749086013E006E001200DF096FE24
:10A94000F6F78EF800B905E004219A480AF08EFC6B
:10A950000028F2D000BF8E480068401C8C49086077
:10A960008B4800689628E7DB0020F8F755FB40F29B
:10A970003520F9F74AFB10BD10B5FFF79CFD9FEDA0
:10A980008E1A5FED820A09209FED8C0AF8F771FCA0
:10A990004FF47A600DF06AFE0020F8F73DFB88481E
:10A9A0000068012801D1FFF79BFE0020F8F734FB77
:10A9B00010BD10B500208349086079480068002860
:10A9C0005CD178480068002858D177480068002892
:10A9D00054D176480068002850D1C8207A490860D0
:10A9E0007A4800687A49086000206949086019E0DF
:10A9F00006E001200DF03AFEF6F732F800B90BE060
:10AA000074490968724A1268881A002801DB0146F5
:10AA100000E041420529ECDC00BF5D480068401CB5
:10AA20005B4908605A4800689628E1DB674800687F
:10AA3000FEF77DF9022158480AF018FC68B99FED2D
:10AA4000661A5FEDB10A0A209FED640AF8F711FC5F
:10AA500041F270700DF00AFE0CE09FED5F1A5FEDA1
:10AA6000B90A0A209FED520AF8F703FC41F2707010
:10AA70000DF0FCFD01204A49086057E04848006895
:10AA8000012853D15648006800284FD1C8204E49AC
:10AA90000860544800684E49086000203C4908603E
:10AAA00019E006E001200DF0E1FDF5F7D9FF00B94E
:10AAB0000BE048490968464A1268881A002801DBF9
:10AAC000014600E041420529ECDC00BF3048006847
:10AAD000401C2F4908602E4800689628E1DB414859
:10AAE0000068FEF74EFA01203D49086002212A481D
:10AAF0000AF0BCFB68B99FED381A5FEDDF0A0A2047
:10AB00009FED360AF8F7B5FB41F270700DF0AEFD1F
:10AB10000CE09FED311A5FEDE70A0A209FED240A51
:10AB2000F8F7A7FB41F270700DF0A0FD00202E4950
:10AB3000086010BD10B5FFF73CFF0020F8F76CFA75
:10AB40001F480068012867D1F9F7CCFCB6EE001A5F
:10AB50005FEDF60A08201FEDF60AF8F78AFB0020E1
:10AB60000B49086049E006E0F5F77AFF00B93EE0DE
:10AB700001200DF07BFD402107480AF077FB0028FB
:10AB8000F2D04FF4807103480AF070FB00282DE0EA
:10AB900078030020000002400004024094020020DC
:10ABA0007C02002080020020840200208802002015
:10ABB0000000E144001002409A99993E0040CE44C2
:10ABC000E800002098020020F803002090010020F7
:10ABD000D4030020B0000020CDCC4C3F000000008A
:10ABE0008C02002094010020F0000020BCD000BFA7
:10ABF000F7480068401CF6490860F548006840F2D4
:10AC00000E618842AFDB0020F8F706FA4FF47A7045
:10AC10000DF02CFDF9F762FA10BD70B5ED4804682F
:10AC2000ED480568F9F75EFC40F20910F9F7EDF917
:10AC30000020E749086019E006E001200DF016FD4C
:10AC4000F5F70EFF00B90BE0E4490968E44A126821
:10AC5000881A002801DB014600E041420A29ECDCA9
:10AC600000BFDB480068401CD9490860D84800682C
:10AC70003228E1DBB6EE001ADFEDDA0A08209FED9C
:10AC8000DA0AF8F7F6FA0020D14908601AE006E07F
:10AC9000F5F7E6FE00B90FE001200DF0E7FC4021DA
:10ACA000D2480AF0E3FA0028F2D04FF48071D0487D
:10ACB0000AF0DCFA0028EBD000BFC5480068401C51
:10ACC000C3490860C248006840F20E618842DEDB7A
:10ACD0000020F8F7A1F90120C64908604FF47A7006
:10ACE0000DF0C4FCC448006870B9C448006858B985
:10ACF000C348006840B9C348006828B94FF47A7166
:10AD00002046F9F754FE80E0BB48006801280ED1C8
:10AD1000BA48006858B9BA48006840B9B9480068EC
:10AD200028B94FF47A712046F9F741FE6DE0B24838
:10AD30000068012832D1B148006801282ED1B048FE
:10AD4000006858BBAF48006840BBB6EE001ADFEDA4
:10AD5000A50A05201FED6A0AF8F78BFA00209C4926
:10AD6000086013E006E001200DF080FCF5F778FEA6
:10AD700000B905E00421A4480AF078FA0028F2D0CE
:10AD800000BF93480068401C9149086090480068E3
:10AD90009628E7DB0020F8F73FF936E09648006890
:10ADA000012832D19548006801282ED194480068C6
:10ADB00001282AD19348006838BBB6EE001ADFEDAF
:10ADC000890A05201FED860AF8F753FA002080490A
:10ADD000086013E006E001200DF048FCF5F740FEA6
:10ADE00000B905E0042188480AF040FA0028F2D0B2
:10ADF00000BF77480068401C7549086074480068C7
:10AE00009628E7DB0020F8F707F970BD10B5FFF7CB
:10AE100052FBB6EE001ADFED730A09201FED990A06
:10AE2000F8F727FA4FF47A600DF020FC0020F8F7CD
:10AE3000F3F876480068012801D1FFF7EEFE002004
:10AE4000F8F7EAF810BD10B5FFF735FB0020F8F76A
:10AE5000E3F810BD10B500206D4908606648006831
:10AE6000002839D165480068002835D16448006859
:10AE700088BB6448006870BB642066490860664807
:10AE800000686649086000205149086019E006E042
:10AE900001200DF0EBFBF5F7E3FD00B90BE0604995
:10AEA00009685E4A1268881A002801DB014600E042
:10AEB00041420329ECDC00BF45480068401C44497E
:10AEC0000860434800689628E1DBFDF7A6F90120F9
:10AED00049490860E7E0FFE747480068012838D1A2
:10AEE00046480068A0BB4648006888BB45480068E3
:10AEF00070BB6420474908604A48006847490860B9
:10AF000000203349086019E006E001200DF0AEFB97
:10AF1000F5F7A6FD00B90BE0414909683F4A126800
:10AF2000881A002801DB014600E041420329ECDCDD
:10AF300000BF27480068401C254908602448006875
:10AF40009628E1DBFDF7CAFA01202C490860AAE047
:10AF5000FFE729480068012868D1284800680128CF
:10AF600064D12748006888BB2648006870BB64200D
:10AF7000284908602C4800682849086000201449C6
:10AF8000086019E006E001200DF070FBF5F768FDA0
:10AF900000B90BE022490968204A1268881A002883
:10AFA00001DB014600E041420329ECDC00BF084818
:10AFB0000068401C06490860054800689628E1DBE7
:10AFC000FDF70BFC01200E4908606CE02EE000004C
:10AFD00078030020B0010020B4010020BC00002054
:10AFE000C803002000006144000061C40004024066
:10AFF00000000240940200207C0200208002002019
:10B00000840200208802002000100240E800002096
:10B010009C020020F803002098010020D4030020A7
:10B02000B00000209C010020A0010020FA48006828
:10B03000012838D1F9480068012834D1F84800685F
:10B04000012830D1F748006868BB6420F6490860E1
:10B05000F6480068F64908600020F649086019E0E3
:10B0600006E001200DF002FBF5F7FAFC00B90BE059
:10B07000F1490968EE4A1268881A002801DB014686
:10B0800000E041420329ECDC00BFEA480068401CB4
:10B09000E8490860E74800689628E1DBFDF770FDA5
:10B0A0000120E04908600020E449086010BD10B5A7
:10B0B0000020E3490860D848006800285CD1D748E0
:10B0C0000068002858D1D6480068002854D1D548D7
:10B0D0000068002850D1C820D3490860D9480068CA
:10B0E000D34908600020D349086019E006E0012038
:10B0F0000DF0BCFAF5F7B4FC00B90BE0CE490968D5
:10B10000CB4A1268881A002801DB014600E0414260
:10B110000529ECDC00BFC7480068401CC549086031
:10B12000C44800689628E1DBC6480068FDF7FFFDCB
:10B130000120B94908600221C3480AF097F868B9AC
:10B14000B6EE001A5FED580A0A209FEDC00AF8F724
:10B1500090F841F270700DF089FA65E09FEDBC1A2D
:10B160005FED600A0A20B2EE040AF8F782F841F2B5
:10B1700070700DF07BFA57E0A7480068012853D1A2
:10B18000B448006800284FD1C820A7490860B248D9
:10B190000068A74908600020A649086019E006E099
:10B1A00001200DF063FAF5F75BFC00B90BE0A24952
:10B1B00009689F4A1268881A002801DB014600E0EE
:10B1C00041420329ECDC00BF9A480068401C9949C1
:10B1D0000860984800689628E1DB9F480068FDF702
:10B1E000D0FE01209B490860022197480AF03EF8F2
:10B1F00068B9B6EE001A5FED840A0A209FED930A43
:10B20000F8F737F841F270700DF030FA0CE0B6EE56
:10B21000001A5FED8C0A0A20B2EE040AF8F729F84A
:10B2200041F270700DF022FA00208449086010BDD0
:10B2300010B50020824908607748006800285ED178
:10B240007648006800285AD175480068002856D111
:10B2500074480068002852D1C820734908607948B2
:10B260000068001F7249086000207249086019E0F8
:10B2700006E001200DF0FAF9F5F7F2FB00B90BE05A
:10B280006D4909686A4A1268881A002801DB01467C
:10B2900000E041420329ECDC00BF66480068401C26
:10B2A00064490860634800689628E1DB65490968DD
:10B2B000081FFDF73CFD0120574908600221624844
:10B2C00009F0D4FF68B99FED621A5FEDB90A0C204E
:10B2D0009FED620AF7F7CDFF4FF47A600DF0C6F9E3
:10B2E00065E09FED5B1A5FEDC10A0C20B3EE040A26
:10B2F000F7F7BFFF4FF47A600DF0B8F957E0464812
:10B300000068012853D15348006800284FD1C82055
:10B310004549086050480068454908600020454993
:10B32000086019E006E001200DF0A0F9F5F798FBA0
:10B3300000B90BE0404909683D4A1268881A0028A4
:10B3400001DB014600E041420329ECDC00BF394843
:10B350000068401C37490860364800689628E1DBE1
:10B360003D480068FDF70DFE01203A4908600221C2
:10B37000354809F07BFF68B99FED351A5FEDE60AA5
:10B380000C209FED360AF7F774FF4FF47A600DF04A
:10B390006DF90CE09FED2E1A5FEDEE0A0C20B3EE76
:10B3A000040AF7F766FF4FF47A600DF05FF90020AA
:10B3B0002249086010BD10B50020294908601648D0
:10B3C000006800286BD115480068002867D1144830
:10B3D0000068002863D11348006800285FD164200A
:10B3E000114908601F480068114908600020114990
:10B3F000086042E006E001200DF038F9F5F730FB77
:10B4000000B934E00C490968094A1268881A002812
:10B410002ADB014629E000007C0200208002002097
:10B420008402002088020020F8030020A4010020EC
:10B43000D403002078030020B0000020EC0000209E
:10B440009C020020A8010020000402400040E244C9
:10B45000CDCC4C3F8C020020AC0100200080E344A6
:10B46000940200207801002041420529C3DC00BF7E
:10B47000F9480068401CF8490860F74800689628B9
:10B48000B8DB4FF47A700DF0F1F8FDF772FE012091
:10B49000F249086040F20910F8F7B7FDD2E0EF4832
:10B4A0000068012841D1EE480068E8BBED4800681B
:10B4B000D0BBED480068B8BB6420EC490860EC489C
:10B4C0000068C01CEB4908600020E349086019E0EF
:10B4D00006E001200DF0CAF8F5F7C2FA00B90BE05A
:10B4E000E5490968E34A1268881A002801DB014629
:10B4F00000E041420529ECDC00BFD7480068401C51
:10B50000D5490860D44800689628E1DB4FF47A708A
:10B510000DF0ACF8FDF76EFF40F20910F8F775FD7D
:10B520000120CF4908608DE0FFE7CC480068012882
:10B5300042D1CB48006801283ED1CA480068D0BB40
:10B54000C9480068B8BB6420C8490860C84800689A
:10B55000001FC84908600020BF49086019E006E0E4
:10B5600001200DF083F8F5F77BFA00B90BE0C24932
:10B570000968C04A1268881A002801DB014600E009
:10B5800041420529ECDC00BFB3480068401CB249C9
:10B590000860B14800689628E1DB4FF47A700DF03E
:10B5A00065F8FEF794F840F20910F8F72EFD012037
:10B5B000AC49086046E0FFE7A8480068012841D18F
:10B5C000A748006801283DD1A6480068012839D164
:10B5D000A5480068B0BB6420A4490860A74800687B
:10B5E000401DA449086000209B49086019E006E05E
:10B5F00001200DF03BF8F5F733FA00B90BE09E4956
:10B6000009689C4A1268881A002801DB014600E09C
:10B6100041420529ECDC00BF8F480068401C8E4980
:10B6200008608D4800689628E1DB4FF47A700DF0D1
:10B630001DF8FEF78EF940F20910F8F7E6FC01203C
:10B640008949086000208E49086002218D4809F070
:10B650000DFE10B9FEF7A1FC01E0FEF7EDFB10BDF9
:10B6600070B504460B46201E01DB064600E046424C
:10B6700031463C2901DD104670BD0C2901DA18461F
:10B68000FAE700EE901AF8EEE00A9FED7F1A30EE2E
:10B69000811A00EE901AF8EEE00A80EE810AD01AC4
:10B6A00000EE900AB8EEE01A00EE903AF8EEE00AEA
:10B6B00041EE000AFDEEE00A10EE905A2846DBE764
:10B6C0002DE9F04104460D460020634908603DE045
:10B6D0002CE06E480068071B2D2204213846FFF736
:10B6E000BFFF064669480068001B002809DD9FED82
:10B6F000681ADFED680A30469FED670AF7F7B9FD73
:10B7000010E062480068001B09D59FED611ADFED6B
:10B71000610A30469FED610AF7F7ABFD02E00020B9
:10B72000F7F77AFCF5F79CF900B909E05749096881
:10B73000081B002801DB014600E041420129C8DC6A
:10B7400000BF45480068401C434908604248006803
:10B75000A842BDDBBDE8F0812DE9F04104460D466D
:10B7600000203D4908603DE02CE04D480068071B83
:10B77000372204213846FFF773FF06464848006821
:10B78000001B002809DD9FED421ADFED420A30461A
:10B790009FED420AF7F76DFD10E041480068001B7D
:10B7A00009D59FED3B1ADFED3B0A30469FED3A0A83
:10B7B000F7F75FFD02E00120F7F72EFCF5F750F9EF
:10B7C00000B909E036490968081B002801DB014679
:10B7D00000E041420129C8DC00BF1F480068401C4E
:10B7E0001D4908601C480068A842BDDBBDE8F08127
:10B7F0002DE9F04104460D4600201749086064E039
:10B8000053E027480068071B3846F9F7B6F80646A4
:10B8100023480068001B002809DD9FED1D1ADFED9D
:10B82000210A30469FED1C0AF7F723FD10E01C4863
:10B830000068001B09D59FED161ADFED1A0A304685
:10B840009FED160AF7F715FD02E00020F7F7E4FB7D
:10B85000F5F706F940BB32E0780300207C020020B7
:10B86000800200208402002088020020F8030020CB
:10B870007C010020D4030020B000002078010020CB
:10B88000E80000200004024000000C42A00000205C
:10B890006666663F00006144000000000000E1446D
:10B8A000A4000020000061C4FFE7FE490968081BEE
:10B8B000002801DB014600E041420129A1DC00BF74
:10B8C000F9480068401CF8490860F7480068A84239
:10B8D00096DBBDE8F0812DE9F04104460D460020DD
:10B8E000F14908603BE02AE0F0480068071B384651
:10B8F000F9F743F80646ED480068001B002809DD0B
:10B90000B6EE001A5FED1D0A30461FED1A0AF7F772
:10B91000B0FC10E0E5480068001B09D5B6EE001A3F
:10B920005FED240A30461FED250AF7F7A2FC02E07E
:10B930000020F7F771FBF5F793F800B909E0DB4950
:10B940000968081B002801DB014600E0414201298B
:10B95000CADC00BFD4480068401CD3490860D24804
:10B960000068A842BFDBBDE8F081D148C079C8B10A
:10B97000CF48407800F00800A0B1CE48C07F40F02A
:10B980000400CC49C8770846C07F40F00800C8775B
:10B990000846C07F40F04000C8770846C07F40F0AE
:10B9A0001000C877704700B5F8F721FB40F28B1004
:10B9B000C149086040F21310C049086000BD10B5CD
:10B9C00003210420F6F7CFF90320BD49086010BD1C
:10B9D00073B52DED028B282505261FED510AB0EE1B
:10B9E000408AB3480079322805DBB1480079C8287D
:10B9F00001DC012000E000200446AD48407800F062
:10BA0000010030B19DF80C509FEDAE0AB0EE408AB7
:10BA100005E09DF80850B6EE000AB0EE408AA44852
:10BA2000007800F0080098B1A148007800F01000FC
:10BA300070B99F48007800F0200048B99C48007811
:10BA400000F0400020B929460020F7F708FCB1E0DB
:10BA50009748007800F00800A0B99548007800F0F9
:10BA6000100078B19248007800F0200050B990485A
:10BA7000007800F0400028B929464FF4E160F7F75C
:10BA8000EEFB97E08A48007800F00800A0B98848EB
:10BA9000007800F0100078B98548007800F02000A8
:10BAA00050B18348007800F0400028B929464FF48F
:10BAB0006170F7F7D4FB7DE07D48007800F0080066
:10BAC00098B97B48007800F0100070B97848007889
:10BAD00000F0200048B97648007800F0400020B11E
:10BAE00029467948F7F7BBFB64E07148007800F01D
:10BAF0000800A0B16E48007800F0100078B96C48DA
:10BB0000007800F0200050B16948007800F0400053
:10BB100028B929464FF4E170F7F7A1FB4AE06448E1
:10BB2000007800F0080098B16148007800F010003B
:10BB300070B95F48007800F0200048B95C48007890
:10BB400000F0400020B129466048F7F788FB31E05B
:10BB50005748007800F00800A0B95548007800F078
:10BB6000100078B15248007800F0200050B15048E1
:10BB7000007800F0400028B9294640F24650F7F717
:10BB80006EFB17E04A48007800F0080090B948487A
:10BB9000007800F0100068B14548007800F02000FF
:10BBA00040B94348007800F0400018B129464848A1
:10BBB000F7F755FB3E48007800F00800F8B93C481C
:10BBC000007800F01000D0B93948007800F020006B
:10BBD000A8B93748007800F0400080B97CB1F6F78A
:10BBE000B5FF60B13248407800F0400038B93048C5
:10BBF000407800F0200010B90520F7F70DFA14B1D5
:10BC0000F7F733FA27E02A48007932280EDAF6F7F8
:10BC10009DFF28B10020B1EE480AF7F710FB1AE0AB
:10BC20000020B1EE480AF7F70AFB14E0204800793B
:10BC3000C8280EDDF6F78AFF28B10020B0EE480ACA
:10BC4000F7F7FDFA07E00020B0EE480AF7F7F7FA39
:10BC500001E0F7F70AFABDEC028B7CBDFEB50446A5
:10BC60000D46164696201B4908601B4800681B4974
:10BC70000860FA201A4908601A4800681A490860E2
:10BC8000F8F7BCF94FF4AF700B4908600B49086036
:10BC9000084890F8230040F00100064981F823008D
:10BCA00024E00000A4000020780300209800002079
:10BCB0007D07002004000020BC030020C8030020F2
:10BCC000540200203333333F7CFCFFFF3EFEFFFF76
:10BCD000BAFAFFFFFC030020BC010020E0030020B3
:10BCE00000040020C0010020EC0300206FF095004C
:10BCF000A0EB440000EE900AF8EEE00AB0EE600A15
:10BD00001FED101AF1EE040A1E20F7F7B2FA002018
:10BD1000FD49086010E003E0F4F7A2FE00B905E079
:10BD2000A4F11400F94909688842F5DC00BFF6481F
:10BD30000068401CF4490860F34800686428EADBA6
:10BD400040F26720F249086040F25D20F149086046
:10BD50000020ED4908601EE012E00F20962101222C
:10BD60002346CDE900210290002211461920FAF75E
:10BD7000FEFF01200CF07AFCF4F772FE00B904E03B
:10BD8000E5480068B0F5EB7FE7DB00BFDE48006800
:10BD9000401CDD490860DC4800683228DCDB0020FC
:10BDA000D94908601AE00FE00F20962101222346AE
:10BDB000CDE900210290002211461720FAF7D7FFA3
:10BDC000F4F74EFE00B903E0D44800681728EBDC16
:10BDD00000BFCD480068401CCB490860CA480068D5
:10BDE000FA28E0DBCE4890F8230040F00200CC496E
:10BDF00081F823000020C449086023E00FE00F20F1
:10BE0000642101222346CDE900210290002211463F
:10BE10000720FAF7ACFFF4F723FE00B90CE04FF46B
:10BE20008051C04809F022FA012805D18102BD489D
:10BE300009F01CFA0128E2D000BFB3480068401C9A
:10BE4000B1490860B04800686428D7DB40F6B830D4
:10BE50000CF00CFC3220F7F7DFF84FF4FA600CF02E
:10BE600005FC0020A849086035E021E00821AD4824
:10BE700009F0FCF9012804D10621AB48F7F7EFF9E6
:10BE80000FE04FF40041A74809F0F0F9012805D16F
:10BE9000062140F25230F7F7E2F902E00020F7F70E
:10BEA000BBF801200CF0E2FBF4F7DAFD00B90CE07E
:10BEB0004FF400419B4809F0D9F90128D6D0082158
:10BEC000984809F0D3F90128D0D000BF8E48006807
:10BED000401C8D4908608C480068B0F5FA7FC4DBCF
:10BEE0000020F7F799F88E4890F8230000F0FE0044
:10BEF0008B4981F823004FF4FA600CF0B7FB002067
:10BF00008149086013E006E001200CF0AFFBF4F774
:10BF1000A7FD00B905E00221824809F0A7F9012830
:10BF2000F2D000BF78480068401C77490860764826
:10BF30000068B0F5FA7FE6DB0020F7F76DF81E2009
:10BF40007A49086046207A49086040F267207049C3
:10BF50000860704908604FF47A600CF087FB1E207F
:10BF6000F7F75AF840F2992069490860401F69497B
:10BF700008606B4890F8230000F0FD00684981F8E4
:10BF8000230041F288300CF071FB1E212846F7F7A0
:10BF900066F900219FED670A63483238F7F7C2F867
:10BFA000F6F717FAF8F72AF811E005200CF05EFB17
:10BFB000F4F756FD00B910E05F48006810F5E17F26
:10BFC00005DA40F2091052490860524908605A489F
:10BFD0000068554964318842E7DC00BFB6EE001ABC
:10BFE000DFED560A08209FED560AF7F742F90020C8
:10BFF0004549086019E006E005200CF037FBF4F72E
:10C000002FFD00B90BE04FF48071464809F02EF97E
:10C0100028B98021434809F029F90028ECD000BF55
:10C0200039480068401C384908603748006864286F
:10C03000E1DB4FF4FA600CF019FB4FF47A713046F3
:10C04000FFF7D6FB0020F6F7E7FF1420374908601A
:10C050002D2037490860FF202D4908602D490860D0
:10C06000FEBD10B5F7F7CAFFFF202949086029492E
:10C0700008604FF4FA600CF0F9FA2948C07F40F0EC
:10C0800004002749C877B0EE001ADFED2D0A14200E
:10C090009FED2C0AF7F7EDF806E005200CF0E6FA24
:10C0A000F4F7DEFC00B905E02348006840F27F3178
:10C0B0008842F2DB00BF0020F6F7AEFF224800689E
:10C0C000012804D101210420F5F74DFE02E00020F3
:10C0D0001E4908601E480068012806D14FF47A7195
:10C0E0001C480068FFF738FB0AE01948006838B9B7
:10C0F00018490968A1F10A004FF47A71FFF72CFB87
:10C100000020F6F789FF10BD78030020A40000206E
:10C11000BC030020C8030020B80000209C000020C1
:10C120000400002000100240AEFCFFFFF0030020DE
:10C13000F40300209A9999BF2C030020000061C4E9
:10C140000000614400C0C1C46002002064020020FD
:10C15000E8000020C801002010B5F7F74FFFFF20CE
:10C16000FA490860FA4908604FF4FA600CF07EFA68
:10C17000F8480068022804D101210420F5F7F3FDF6
:10C1800002E00020F4490860F448C07F40F0040059
:10C19000F249C877B0EE001A5FED170A14209FED40
:10C1A000F00AF7F766F806E005200CF05FFAF4F7FE
:10C1B00057FC00B905E0EB48006840F27F31884247
:10C1C000F2DB00BF0020F6F727FFE748006840B920
:10C1D000E6490968A1F10A004FF47A71FFF7BCFA49
:10C1E00009E0E1480068012805D14FF47A71DF4881
:10C1F0000068FFF7B1FA0020F6F70EFF10BD10B58A
:10C20000F7F7FCFEFF20D1490860D14908604FF4E0
:10C21000FA600CF02BFAD148C07F40F00400CF49FF
:10C22000C877B0EE0C1A5FED3A0A0F209FEDD00AE6
:10C23000F7F71FF806E005200CF018FAF4F710FCE9
:10C2400000B905E0C748006840F27F318842F2DB60
:10C2500000BF0020F6F7E0FEC3480068012806D1C1
:10C260004FF47A71C3480068FFF776FA09E0BE48D8
:10C27000006830B9BF490968081F4FF47A71FFF7A9
:10C280006BFAB4480068032804D101210420F5F7B3
:10C290006AFD02E00020B04908600020F6F7BCFE0D
:10C2A00010BD70B504460D460020B349086011E08A
:10C2B00006E001200CF0DAF9F4F7D2FB00B903E054
:10C2C000AE480068A042F4DB00BFAB480068401CE9
:10C2D000A9490860A8480068A842E9DB70BD3EB5DE
:10C2E0000446F7F78BFEA6480068FA3097490860C5
:10C2F000A4480068FA30964908609FEDA31A5FEDE4
:10C30000700A23201FED730AF6F7B3FF00209A4945
:10C31000086011E006E001200CF0A8F9F4F7A0FB9A
:10C3200000B903E0954800687328F4DC00BF924828
:10C330000068401C904908608F480068FA28E9DBD3
:10C3400000208D49086023E010E01E209621022283
:10C350002346CDE9002102904FF4617251421C2026
:10C36000FAF757FDF4F77CFB00B90BE08749096841
:10C37000774A1268881A002801DB014600E0414232
:10C380001429E2DC00BF7C480068401C7A49086040
:10C3900079480068FA28D7DB9FED7B1A5FED980A91
:10C3A00019201FED9A0AF6F764FF00207249086011
:10C3B00011E006E001200CF059F9F4F751FB00B947
:10C3C00003E06E4800683C28F4DC00BF6A4800685F
:10C3D000401C6949086068480068FA28E9DB62483F
:10C3E0000068012807D1FA20694908606948006897
:10C3F000DC386949086040F2B920F7F706FE5A4870
:10C400000068002861D15C4908601FE014E01E202C
:10C4100096210222A4F10A03CDE9002102904FF4F3
:10C42000617251420F20FAF7F4FC01200CF01EF962
:10C43000F4F716FB00B903E0504800680F28E6DC6B
:10C4400000BF4D480068401C4B4908604A480068DE
:10C45000FA28DBDB0020484908602BE011E01E20B1
:10C4600096210222A4F10A03CDE9002102904FF4A3
:10C47000617251420720FAF7CCFCF4F7F1FA00B9E7
:10C4800012E04021454808F0F1FE0128E7D04FF4C2
:10C490008071434808F0EAFE0128E0D080213F483F
:10C4A00008F0E4FE0028DAD000BF33480068401CE2
:10C4B0003149086030480068FA28CFDBA4F10A004F
:10C4C0004FF47A71FAF710F890E0274800680128D5
:10C4D00069D10020284908601EE013E01E20962143
:10C4E00002222346CDE9002102904FF461725142AD
:10C4F0000F20FAF78EFC01200CF0B8F8F4F7B0FA30
:10C5000000B903E01D4800680F28E7DC00BF1A48A7
:10C510000068401C1849086017480068FA28DCDBEE
:10C5200000201549086058E03EE01E2096210222B6
:10C530002346CDE9002102904FF461725142072059
:10C54000FAF767FCF4F78CFA60BB40E0BC0300200C
:10C55000C8030020600200206402002004000020C4
:10C560000040CEC42C030020E8000020D0010020B1
:10C5700000C080C4E801002078030020980000205B
:10C58000B4030020C00300206666663FBC000020A4
:10C5900000040020C0010020EC0300200004024041
:10C5A0000000024000E021E04021F84808F05EFE73
:10C5B0000128BAD04FF48071F54808F057FE0128E1
:10C5C000B3D08021F14808F051FE0028ADD000BF63
:10C5D000F0480068401CEF490860EE480068FA28FF
:10C5E000A2DB4FF47A712046F9F77EFF0020F6F7C0
:10C5F00013FD3EBD3EB50446F7F700FDE648006872
:10C60000FA30E6490860E6480068FA30E549086013
:10C610001FED231ADFEDE40A26209FEDE40AF6F76A
:10C6200028FE0020DB49086011E006E001200CF044
:10C630001DF8F4F715FA00B903E0DD480068732827
:10C64000F4DC00BFD3480068401CD2490860D148E0
:10C650000068FA28E9DB1FED341ADFEDD30A1C204D
:10C660009FEDD20AF6F705FE0020CA49086011E0E6
:10C6700006E001200BF0FAFFF4F7F2F900B903E04D
:10C68000CB4800683C28F4DC00BFC2480068401C6E
:10C69000C0490860BF480068FA28E9DBB6EE001A16
:10C6A000DFEDC10A19209FEDC10AF6F7E2FD002077
:10C6B000B849086011E006E001200BF0D7FFF4F75D
:10C6C000CFF900B903E0BA4800681E28F4DC00BFC7
:10C6D000B0480068401CAF490860AE480068FA28BE
:10C6E000E9DBB4480068012807D1FA20B2490860A4
:10C6F000B2480068C838B2490860AE4800680028EF
:10C7000066D1A44908601FE014E01E20AD49022252
:10C71000A4F10A03CDE9002102904FF46172514265
:10C720000F20FAF724FB01200BF0A0FFF4F798F993
:10C7300000B903E09E4800681E28E6DC00BF95486B
:10C740000068401C9349086092480068FA28DBDBC7
:10C750000020904908602EE014E01E209949022232
:10C76000A4F10A03CDE9002102904FF46172514215
:10C770000720FAF7FCFAF4F773F900B915E0012085
:10C780000BF074FF4021814808F070FD0128E4D0CF
:10C790004FF480717E4808F069FD0128DDD08021CA
:10C7A0007A4808F063FD0028D7D000BF79480068B8
:10C7B000401C784908607748006840F20E61884262
:10C7C000CADBA4F10A004FF47A71F9F78DFE6BE031
:10C7D00078480068012867D100206E4908601EE093
:10C7E00013E01E20774902222346CDE90021029062
:10C7F0004FF4617251420F20FAF7B9FA01200BF0A1
:10C8000035FFF4F72DF900B903E0694800680F28F7
:10C81000E7DC00BF5F480068401C5E4908605D4877
:10C820000068FA28DCDB00205A4908602DE013E09C
:10C830001E20644902222346CDE9002102904FF4D4
:10C84000617251420720FAF792FAF4F709F900B938
:10C8500015E001200BF00AFF40214C4808F006FDCE
:10C860000128E5D04FF48071494808F0FFFC012809
:10C87000DED08021454808F0F9FC0028D8D000BF60
:10C8800044480068401C434908604248006840F240
:10C890000E618842CBDB40F23520F7F7B6FB4FF450
:10C8A0007A712046F9F720FE0020F6F7B5FB3EBD71
:10C8B0003EB50446F7F7A2FB37480068FA3037491F
:10C8C000086037480068FA30364908601FEDD21A10
:10C8D000DFED350A23209FED350AF6F7CAFC00206C
:10C8E0002C49086011E006E001200BF0BFFEF4F7D0
:10C8F000B7F800B903E02E4800687328F4DC00BFE5
:10C9000024480068401C2349086022480068FA282F
:10C91000E9DB1FEDE31ADFED240A1C209FED230A5B
:10C92000F6F7A7FC00201B49086011E006E0012093
:10C930000BF09CFEF4F794F800B903E01C48006883
:10C940005028F4DC00BF13480068401C11490860FF
:10C9500010480068FA28E9DB00200E4908603DE035
:10C9600032E01E2096210222631DCDE900210290B3
:10C970004FF4617251421420F8F789FD01200BF049
:10C9800075FEF4F76DF800B922E01DE000040240E6
:10C990000000024078030020B4030020BC03002004
:10C9A000C0030020C803002000006144000061C4EF
:10C9B00098000020E800002000040020C0010020B2
:10C9C000EC030020A2FEFFFFFE4800681E28C8DC22
:10C9D00000BFFD480068401CFB490860FA48006839
:10C9E000FA28BDDBF948C07F40F00400F749C8775A
:10C9F000F7480068012807D1FA20F6490860F64890
:10CA00000068C838F549086040F2B920F7F7FDFA28
:10CA1000EF48006800286AD1EB4908601FE014E085
:10CA20001E209621022204F10A03CDE90021029082
:10CA30004FF4617251420F20F8F729FD01200BF0ED
:10CA400015FEF4F70DF800B903E0DE4800680F2882
:10CA5000E6DC00BFDC480068401CDB490860DA48BF
:10CA60000068FA28DBDB0020D74908602EE014E0DC
:10CA70001E209621022204F10A03CDE90021029032
:10CA80004FF4617251420720F8F701FD01200BF0CD
:10CA9000EDFDF3F7E5FF00B912E04021D04808F0C2
:10CAA000E5FB0128E4D04FF48071CE4808F0DEFBAE
:10CAB0000128DDD08021CA4808F0D8FB0028D7D053
:10CAC00000BFC1480068401CBF490860BE480068FC
:10CAD00040F20E618842CADB4FF47A700BF0C6FD5B
:10CAE0004FF47A7104F10A00F7F761FF6BE0B84880
:10CAF0000068012867D10020B34908601EE013E0F8
:10CB00001E20962102222346CDE9002102904FF4F7
:10CB1000617251420F20F8F7BAFC01200BF0A6FD1C
:10CB2000F3F79EFF00B903E0A64800680F28E7DC92
:10CB300000BFA5480068401CA3490860A2480068DF
:10CB4000FA28DCDB0020A04908602DE013E01E205D
:10CB5000962102222346CDE9002102904FF4617212
:10CB600051420720F8F793FC01200BF07FFDF3F70B
:10CB700077FF00B912E04021994808F077FB0128BF
:10CB8000E5D04FF48071974808F070FB0128DED0A3
:10CB90008021934808F06AFB0028D8D000BF8A485B
:10CBA0000068401C884908608748006840F20E61B0
:10CBB0008842CBDB4FF47A700BF058FD4FF47A715A
:10CBC0002046F7F7F4FE0020F6F726FA3EBD10B532
:10CBD00006E001200BF04AFDF3F742FF00B903E045
:10CBE000814800680128F4D000BF10BD10B5FFF7E0
:10CBF00038FAFFF7ECFF7C48006818B97B480068FA
:10CC0000FFF76DFB01207849086010BD10B5FFF7F4
:10CC1000A3FAFFF7DCFF7448006818B9744800688D
:10CC2000FFF7E8FC01207049086010BD10B5FFF760
:10CC3000E6FAFFF7CCFF6C48006830B96D48006831
:10CC4000FFF736FE01206849086010BD10B50120CD
:10CC5000694908606948006800286AD16848006826
:10CC6000002866D167480068002862D166480068DD
:10CC700000285ED1C82165480068F7F798FEB6EE37
:10CC8000001A5FEDB70A05201FEDB80AF6F7F1FAB2
:10CC900000204D49086011E006E001200BF0E6FCA1
:10CCA000F3F7DEFE00B903E0464800681F28F4DC15
:10CCB00000BF45480068401C43490860424800687E
:10CCC0009628E9DBB6EE001A5FEDC90A06209FED53
:10CCD000500AF6F7CEFA4FF4FA600BF0C7FC0020CA
:10CCE000F6F79AF940F23520F7F78FF90020364928
:10CCF000086019E006E001200BF0B8FCF3F7B0FE85
:10CD000000B90BE043490968434A1268881A0028B1
:10CD100001DB014600E041420A29ECDC00BF2A4861
:10CD20000068401C2849086027480068FA28E1DBB1
:10CD3000D3E132480068012872D1314800680028E8
:10CD40006ED13048006800286AD12F48006800285A
:10CD500066D1C8212D480068F7F729FEB6EE001A03
:10CD60005FEDEF0A05201FEDEF0AF6F782FA0020CB
:10CD70001549086011E006E001200BF077FCF3F79D
:10CD80006FFE00B903E00F4800681F28F4DC00BF05
:10CD90000D480068401C0C4908600B480068962844
:10CDA000E9DBB6EE001ADFED1D0A06209FED180A3A
:10CDB000F6F75FFA4FF4FA600BF058FC0020F6F734
:10CDC0002BF92EE0980000207803002004000020BA
:10CDD000E800002000040020C0010020EC03002037
:10CDE000000402400000024064020020C80100204C
:10CDF000D0010020DC010020980200207C020020ED
:10CE0000800200208402002088020020B00100205F
:10CE100000000000BC000020C803002000006144A6
:10CE200026E040F23520F7F7F0F80020FE490860D0
:10CE300019E006E001200BF019FCF3F711FE00B930
:10CE40000BE0FA490968FA4A1268881A002801DBDF
:10CE5000014600E041420A29ECDC00BFF2480068CC
:10CE6000401CF1490860F0480068FA28E1DB34E131
:10CE7000F0480068012876D1EF4800680128FAD10F
:10CE8000EE48006800286ED1ED48006800286AD19D
:10CE9000C821EC480068F7F78AFDB6EE001A5FED8E
:10CEA000210A06201FED260AF6F7E3F94FF4FA608F
:10CEB0000BF0DCFB4FF4FF70F7F7A7F8B6EE001AA3
:10CEC0005FED2A0A08209FEDE00AF6F7D2F900206C
:10CED000D549086019E006E001200BF0C7FBF3F725
:10CEE000BFFD00B90BE0D1490968D14A1268881A20
:10CEF000002801DB014600E041420A29ECDC00BFCA
:10CF0000C9480068401CC8490860C7480068FA283A
:10CF1000E1DB0020C449086014E006E0F3F7A0FD5F
:10CF200000B909E001200BF0A1FB4FF48071C74864
:10CF300008F09CF90128F1D000BFBB480068401CF4
:10CF4000B9490860B848006840F20E618842E4DBE5
:10CF50000A20F6F761F840F23520F7F756F800207E
:10CF6000B14908601AE01EE006E001200BF07EFBEC
:10CF7000F3F776FD00B90BE0AC490968AC4A1268DA
:10CF8000881A002801DB014600E041420A29ECDC56
:10CF900000BFA5480068401CA3490860A24800687B
:10CFA000FA28E1DB99E0A3480068012876D1A2487D
:10CFB0000068012872D1A148006801286ED1A048FC
:10CFC000006800286AD1C8219E480068F7F7EFFC86
:10CFD000B6EE001A5FED6F0A06201FED730AF6F732
:10CFE00048F94FF4FA600BF041FB4FF4FF70F7F78C
:10CFF0000CF8B6EE001A5FED770A08209FED920A52
:10D00000F6F737F900208849086019E006E00120AA
:10D010000BF02CFBF3F724FD00B90BE08349096802
:10D02000834A1268881A002801DB014600E0414269
:10D030000A29ECDC00BF7C480068401C7A49086083
:10D0400079480068FA28E1DB00207749086014E09D
:10D0500006E0F3F705FD00B909E001200BF006FB3F
:10D060004FF48071794808F001F90128F1D000BF30
:10D070006D480068401C6C4908606B48006840F2CD
:10D080000E618842E4DB0A20F5F7C6FF40F2352046
:10D09000F6F7BBFF0020644908601AE01DE006E0D7
:10D0A00001200BF0E3FAF3F7DBFC00B90BE05F497A
:10D0B00009685F4A1268881A002801DB014600E00F
:10D0C00041420A29ECDC00BF57480068401C564921
:10D0D000086055480068FA28E1DB5D4800680128CF
:10D0E00001D1FDF7FDFA0020F5F796FF10BD10B550
:10D0F00050480068002879D14F4800680028FAD1CC
:10D100004E4800680028F6D14D4800680028F2D14A
:10D11000F020504908605048006850490860504865
:10D12000C07F40F004004E49C877F7F77FFE00202B
:10D130003D49086019E006E001200BF097FAF3F78B
:10D140008FFC00B90BE039490968394A1268881A1E
:10D15000002801DB014600E041420A29ECDC00BF67
:10D1600031480068401C304908602F480068FA28A0
:10D17000E1DBB6EE001A5FEDD70A05209FED320A1B
:10D18000F6F777F800202849086019E006E0F3F781
:10D1900067FC00B90EE001200BF068FA4FF48071D3
:10D1A000304808F063F828B980212E4808F05EF86E
:10D1B0000028ECD000BF1C480068401C1A490860D9
:10D1C0001948006840F20E618842DFDB0A20F5F75B
:10D1D00023FFB6EE001A5FEDEF0A05209FED220A4D
:10D1E000F6F747F800201049086015E03EE006E039
:10D1F00001200BF03BFAF3F733FC00B906E04FF4E3
:10D200000061124808F032F80028F1D000BF06484B
:10D210000068401C04490860034800689628E6DB63
:10D220000020F5F7F9FE83E078030020BC00002021
:10D23000C80300207C02002080020020840200201D
:10D2400088020020B0010020000061C400000240FC
:10D25000E8000020F8030020A8010020D4030020EB
:10D2600004000020001002400000E144FE48006875
:10D2700001285DD1FD480068002859D1F020FC4903
:10D280000860FC480068FC490860FC48C07F40F02A
:10D290000400FA49C877F7F7C9FD0020F84908608B
:10D2A00019E006E001200BF0E1F9F3F7D9FB00B932
:10D2B0000BE0F4490968F44A1268881A002801DB77
:10D2C000014600E041420A29ECDC00BFEC4800685E
:10D2D000401CEB490860EA480068FA28E1DBB6EE3A
:10D2E000001ADFEDEA0A05201FED210AF5F7C1FF5C
:10D2F0000020E349086014E006E001200BF0B6F9D5
:10D30000F3F7AEFB00B906E04FF40061E04807F028
:10D31000ADFF0028F1D000BFD9480068401CD849B3
:10D320000860D74800689628E6DB0020F5F774FE11
:10D3300010BD10B5D74804684FF461714842F8F742
:10D340005AFCD5480068002870D1D44800680028ED
:10D350006CD1D3480068002868D1F6F74FFED14859
:10D360000068FA30D0490860D0480068F030C649FB
:10D370000860B6EE001ADFEDC50A08201FED4E0A60
:10D38000F5F777FF0020BE49086019E006E00120AC
:10D390000BF06CF9F3F764FB00B90BE0B9490968CD
:10D3A000B94A1268881A002801DB014600E04142B0
:10D3B0000A29ECDC00BFB2480068401CB049086094
:10D3C000AF480068FA28E1DB0020AD4908601AE0A8
:10D3D00006E0F3F745FB00B90FE001200BF046F93A
:10D3E0004FF48071AA4807F041FF0128F1D0802155
:10D3F000AF4807F03BFF0028EBD000BFA048006813
:10D40000401C9F4908609E48006840F20E618842B7
:10D41000DEDBA1480068012803D140F23520F6F791
:10D42000F4FD0020F5F7F8FD0DE0FFE79A480068ED
:10D43000012802D1FDF754F905E099480068012858
:10D4400001D1FFF703FC0020F5F7E6FD10BD10B594
:10D45000FDF72DFE0020F5F7DFFD8F48006801285D
:10D4600001D1FDF73DF910BD10B5FDF7E1FE00203B
:10D47000F5F7D2FD88480068012838D1F7F732F86F
:10D48000B6EE001ADFED810A08201FED910AF5F7CC
:10D49000F0FE00207A4908601AE006E0F3F7E0FAAF
:10D4A00000B90FE001200BF0E1F84021804807F0BF
:10D4B000DDFE0028F2D04FF48071754807F0D6FEEB
:10D4C0000028EBD000BF6E480068401C6C49086023
:10D4D0006B48006840F20E618842DEDB0020F5F701
:10D4E0009BFD4FF47A700BF0C1F8F6F7F7FD10BD15
:10D4F00070B59924674805684FF461714842F7F7A1
:10D5000058F86548006800284DD164480068002834
:10D5100049D163480068002845D1F6F76FFD61489E
:10D520000068FA306049086060480068F030564989
:10D530000860B6EE001ADFED550A08201FEDBE0A9E
:10D54000F5F797FE00204E4908601AE006E0F3F771
:10D5500087FA00B90FE001200BF088F84FF48071D2
:10D560004B4807F083FE0128F1D08021504807F096
:10D570007DFE0028EBD000BF41480068401C4049B8
:10D5800008603F48006840F20E618842DEDB424896
:10D590000068012803D140F23520F6F736FD00205F
:10D5A000F5F73AFD13E03C480068012802D1FDF789
:10D5B00097F80CE03A480068012802D1FFF746FBD3
:10D5C00005E036480068012801D1FFF790FD0020F2
:10D5D000F5F722FD70BD70B52E4804683548056822
:10D5E0004FF461714842F6F7E4FF2B4800680028C9
:10D5F0007ED12A48006800287AD12948006800288E
:10D6000076D140F20910F6F700FD00201C490860B1
:10D6100019E006E001200BF029F8F3F721FA00B930
:10D620000BE018490968184A1268881A002801DBBB
:10D63000014600E041420A29ECDC00BF10480068C6
:10D64000401C0F4908600E4800683228E1DBB6EE46
:10D65000001ADFED0E0A08209FED170AF5F709FE04
:10D6600000200749086046E07C0200208C02002070
:10D67000F8030020AC010020D403002004000020A7
:10D6800078030020BC000020C80300200000614493
:10D6900000000240B0010020E8000020EC00002063
:10D6A000F0000020B4030020BC030020C0030020D1
:10D6B00000040240B4010020000061C406E0F3F75A
:10D6C000CFF900B90FE001200AF0D0FF4021FA485D
:10D6D00007F0CCFD0028F2D04FF48071F74807F036
:10D6E000C5FD0028EBD000BFF5480068401C00E0F5
:10D6F0000BE0F3490860F248006840F20E6188428E
:10D70000DCDB0020F5F788FC0CE0EE48006801281F
:10D7100002D1FDF782FA05E0EB480068012801D14B
:10D72000F8F712FC70BD10B5E8480468F6F7DAFEA9
:10D7300040F20910F6F769FC0020E149086019E0A1
:10D7400006E001200AF092FFF3F78AF900B90BE036
:10D75000DF490968DF4A1268881A002801DB0146A0
:10D7600000E041420A29ECDC00BFD5480068401CBB
:10D77000D3490860D24800683228E1DB4FF47A7060
:10D780000AF074FFB6EE001A5FED400A08201FEDA4
:10D79000360AF5F76EFD0020C94908601AE006E078
:10D7A00001200AF063FFF3F75BF900B90CE04021B8
:10D7B000C14807F05BFD0028F2D04FF48071BF48EC
:10D7C00007F054FD0028EBD000BFBD480068401CA6
:10D7D000BB490860BA480068FA28E0DB0020F5F78A
:10D7E0001BFC0120BC490860BC48006890BBBC48D9
:10D7F000006878BBBB48006860BBBB48006848BB9A
:10D80000B6EE001A5FED5F0A05209FEDB80AF5F746
:10D8100030FD0020AA49086014E006E001200AF06B
:10D8200025FFF3F71DF900B906E04FF48051A34836
:10D8300007F01CFD0028F1D000BFA1480068401C83
:10D840009F4908609E4800689628E6DB0020F5F7AF
:10D85000E3FB64E0FFE7A1480068012833D1A0485A
:10D86000006878BB9F48006860BB9F48006848BB61
:10D87000B6EE001A5FED7B0A05209FED9C0AF5F7D6
:10D88000F8FC00208E49086014E006E001200AF050
:10D89000EDFEF3F7E5F800B906E04FF48051874854
:10D8A00007F0E4FC0028F1D000BF85480068401C68
:10D8B00083490860824800689628E6DB0020F5F777
:10D8C000ABFB2CE0FFE78548006801280FD18448B6
:10D8D000006801280BD18348006840B9824800687D
:10D8E00028B94FF47A712046F8F7FEFD17E07B481F
:10D8F0000068012813D17A48006801280FD17948BF
:10D90000006801280BD17848006840B94FF47A715B
:10D910002046F8F7E9FD4FF47A700AF0A7FE10BD33
:10D9200010B50120724908606C480068002875D164
:10D930006B4800680028FAD16A4800680028F6D1D0
:10D94000694800680028F2D140F20910F6F75DFB43
:10D9500000205B49086019E006E001200AF086FE1D
:10D96000F3F77EF800B90BE059490968594A126883
:10D97000881A002801DB014600E041420A29ECDC5C
:10D9800000BF4F480068401C4D4908604C48006883
:10D99000FA28E1DB9FED571A5FEDC40A08201FED5E
:10D9A000BA0AF5F766FC00204549086014E006E075
:10D9B000F3F756F800B909E001200AF057FE4FF4DA
:10D9C00080713E4807F052FC0028F1D000BF3C486F
:10D9D0000068401C3A4908603948006840F20E610E
:10D9E0008842E4DB0020F5F717FB4FF4C870F6F728
:10D9F0000CFB0020324908601AE006E001200AF022
:10DA000035FEF3F72DF800B90CE031490968314AC9
:10DA10001268881A002802DB014601E06EE04142EC
:10DA20000829EBDC00BF26480068401C2449086038
:10DA300023480068FA28E0DB40F2DC500AF016FECA
:10DA4000C82122480068F8F74FFD9FED2A1A5FEDC4
:10DA5000F10A07209FED280AF5F70BFC40F6C410E9
:10DA60000AF004FE0020F5F7D7FA40F23520F6F769
:10DA7000CCFA00201249086019E006E001200AF003
:10DA8000F5FDF2F7EDFF00B90BE011490968114A05
:10DA90001268881A002801DB014600E0414208298B
:10DAA000ECDC00BF06480068401C054908600448DB
:10DAB0000068FA28E1DBCFE10004024000000240E8
:10DAC00078030020E8000020F0000020B8010020CA
:10DAD000BC000020C8030020940200207C0200202B
:10DAE0008002002084020020880200200000000044
:10DAF0009C020020CDCC4C3F0000E144FE48006871
:10DB0000012875D1FD4800680028FAD1FC4800685A
:10DB10000028F6D1FB4800680028F2D140F2091035
:10DB2000F6F773FA0020F849086019E006E00120D2
:10DB30000AF09CFDF2F794FF00B90BE0F349096885
:10DB4000F34A1268881A002801DB014600E04142CE
:10DB50000A29ECDC00BFEC480068401CEA49086078
:10DB6000E9480068FA28E1DB1FED1E1ADFEDE90A3B
:10DB700008209FEDE90AF5F77CFB0020E2490860E8
:10DB800014E006E0F2F76CFF00B909E001200AF0AA
:10DB90006DFD4FF48071E14807F068FB0028F1D07B
:10DBA00000BFD9480068401CD7490860D6480068C3
:10DBB00040F20E618842E4DB0020F5F72DFA4FF4C5
:10DBC000C870F6F722FA0020CF4908601AE006E094
:10DBD00001200AF04BFDF2F743FF00B90CE0CB49FE
:10DBE0000968CB4A1268881A002802DB014601E066
:10DBF0004CE041420A29EBDC00BFC3480068401CEE
:10DC0000C1490860C0480068FA28E0DB40F2DC50F7
:10DC10000AF02CFDC821C2480068F8F765FCB6EE92
:10DC2000001ADFEDBC0A07201FED4D0AF5F721FBB6
:10DC300040F6C4100AF01AFD0020F5F7EDF940F2A5
:10DC40003520F6F7E2F90020AF49086019E006E058
:10DC500001200AF00BFDF2F703FF00B90BE0AB491E
:10DC60000968AB4A1268881A002801DB014600E007
:10DC700041420A29ECDC00BFA3480068401CA249CD
:10DC80000860A1480068FA28E1DBE5E09A480068EE
:10DC900001286ED19948006801286AD19848006827
:10DCA000E8BB98480068D0BB4FF4C870F6F7ADF9F0
:10DCB00000209549086019E006E001200AF0D6FC32
:10DCC000F2F7CEFE00B90BE090490968904A12685D
:10DCD000881A002801DB014600E041420A29ECDCF9
:10DCE00000BF89480068401C874908608648006872
:10DCF000FA28E1DB40F2DC500AF0B8FCC821884881
:10DD00000068F8F7F1FB1FED851ADFED820A0720A6
:10DD10001FED870AF5F7ADFA40F6C41000E028E0E1
:10DD20000AF0A4FC40F23520F6F76FF9002076499E
:10DD3000086019E006E001200AF098FCF2F790FE76
:10DD400000B90BE071490968714A1268881A002805
:10DD500001DB014600E041420A29ECDC00BF6A48D1
:10DD60000068401C6849086067480068FA28E1DBE1
:10DD700072E06148006801286ED16048006801289F
:10DD80006AD15F480068012866D15E480068E0BB40
:10DD90004FF4C870F6F739F900205B49086019E0C4
:10DDA00006E001200AF062FCF2F75AFE00B90BE02F
:10DDB00056490968564A1268881A002801DB01464C
:10DDC00000E041420A29ECDC00BF4F480068401CDB
:10DDD0004D4908604C480068FA28E1DB40F6C41061
:10DDE0000AF044FCC8214E480068F8F77DFB1FED9F
:10DDF000BF1ADFED480A07201FEDC10AF5F739FA0F
:10DE000040F6C4100AF032FC00E025E040F2352074
:10DE1000F6F7FBF800203C49086019E006E0012015
:10DE20000AF024FCF2F71CFE00B90BE03749096840
:10DE3000374A1268881A002801DB014600E0414297
:10DE40000A29ECDC00BF30480068401C2E490860FD
:10DE50002D480068FA28E1DB0020F5F7DDF810BD59
:10DE600010B52F4804684FF461714842F7F7C3FEBC
:10DE70002C48006800287DD12B480068002879D103
:10DE80002A480068002875D140F20910F6F7BDF85D
:10DE900000201D49086019E006E001200AF0E6FBB9
:10DEA000F2F7DEFD00B90BE018490968184A12685C
:10DEB000881A002801DB014600E041420A29ECDC17
:10DEC00000BF11480068401C0F4908600E480068F8
:10DED0003228E1DB4FF47A700AF0C8FB1FEDFB1A21
:10DEE000DFED0C0A08209FED0C0AF5F7C2F90020BF
:10DEF0000549086031E000007C020020800200201B
:10DF0000840200208802002078030020BC0000204A
:10DF1000C803002000006144000061C4000002400A
:10DF2000B8010020E8000020EC000020F0000020F4
:10DF300006E001200AF09AFBF2F792FD00B906E034
:10DF40004FF48071FC4807F091F90028F1D000BF30
:10DF5000FA480068401CF9490860F8480068FA2847
:10DF6000E6DB0020F5F758F84FF47A700AF07EFBF4
:10DF70000DE0FFE7F2480068012802D1FFF7D3FB6C
:10DF800005E0F0480068012801D1FFF7C9FC002036
:10DF9000F5F742F810BD10B5FCF75CFF9FEDEA1AEB
:10DFA0005FED240A08209FEDE90AF5F762F940F6D3
:10DFB000B8300AF05BFB0020F5F72EF8E048006867
:10DFC000012803D1F6F78EFAFFF7ADFB10BD10B5AF
:10DFD0004FF461714842F7F70EFED94800680028F7
:10DFE00059D1D8480068002855D1D9480068002880
:10DFF00051D140F20910F6F708F80020CF49086027
:10E0000019E006E001200AF031FBF2F729FD00B922
:10E010000BE0D0490968D04A1268881A002801DB51
:10E02000014600E041420A29ECDC00BFC348006819
:10E03000401CC2490860C14800683228E1DB9FEDFE
:10E04000C21A5FED4C0A0A201FED4D0AF5F711F9CF
:10E050000020BA49086014E006E0F2F701FD00B9BB
:10E0600009E001200AF002FB4FF48071B24807F08A
:10E07000FDF80028F1D000BFB0480068401CAF494F
:10E080000860AE48006840F20E618842E4DB002080
:10E09000F4F7C2FF05E0AB480068012801D1FFF7A3
:10E0A0003FFC0020F4F7B8FF10BD704730B50020EA
:10E0B0001BE0002116E0002211E0AFF2110300EB9B
:10E0C000801404EB4404A54D05EBC40401EB810569
:10E0D00005EBC10504EB850444F82230521C0D2ADF
:10E0E000EBDB491C1E29E6DB401C1E28E1DB9C4CB7
:10E0F0009C4BC3F80C429C4CC3F810429B4CC3F899
:10E1000014429B4C954BC3F83C4E9A4CC3F8404E7E
:10E11000994C9A4BC3F81042994CC3F81442994C4D
:10E12000994BC3F83844994CC3F83C44954CC3F818
:10E130004044974C894B9C63964CDC63944C1C6424
:10E14000954C5C64934C9C64DC641C655C65924CEF
:10E150009C65DC651C665C66AFF60D549C67AFF68B
:10E16000F744DC67C3F88440C3F89040AFF2D91499
:10E17000C3F88840C3F89440884CC3F8B040C3F853
:10E18000B440874CC3F8BC40864CC3F8C040C3F8C9
:10E19000CC40854CC3F8C840844CC3F8EC46844C52
:10E1A000C3F8F046834CC3F8F446AFF67964C3F87D
:10E1B000F846AFF6C344C3F8FC467F4CC3F80047AB
:10E1C000AFF6ED34C3F804477B4CC3F80847AFF211
:10E1D0006F34C3F80C47794CC3F81047784CC3F838
:10E1E0001447AFF21524C3F8184730BD30B50246C6
:10E1F00074480068884201DC002030BD7248008805
:10E200000844642490FBF4F504FB150083B203EB8F
:10E2100083006E4C20440468146000791071012062
:10E22000EBE70CB501216846FFF7E0FF08B90020D5
:10E230000CBD9DF8020048B99DF80300012805D1E6
:10E240003F490860F6F74EF90120F1E79DF802001A
:10E2500050B99DF80300022806D101203949086011
:10E26000F6F78CF80120E3E79DF8020050B99DF81D
:10E270000300032806D1012035490860F6F710F89D
:10E280000120D5E70020D3E71CB54E48006800B94F
:10E290001CBDFFF7C6FF6846F3F73CFD08B39DF8C9
:10E2A00002001E281DDA9DF803001E2819DA9DF8C9
:10E2B00004000D2815DA9DF8021001EB811101EB25
:10E2C0004101264A02EBC1019DF8032002EB8203C3
:10E2D00003EBC20201EB82019DF8042051F82200F9
:10E2E000804700203A49087000BFD1E710B54FF4CD
:10E2F0000061384806F0BAFFE8B94FF4806136484B
:10E3000006F0B4FF012871D18102324806F0AEFF59
:10E3100001286BD18103304806F0A8FF012865D1A0
:10E3200064202E4908602E4800682E4908600120AC
:10E330002D490860CFE059E000000240780300203A
:10E34000E8000020EC000020CDCC4C3F0000000095
:10E35000F0000020BC000020C80300208C09002031
:10E36000EDCB00087C4600200DCC00082DCC000829
:10E370007D650008AF6800089B690008D41B002079
:10E3800039670008637700086C8300202F77000846
:10E3900099A0000833A20008B7B3000879A90008C3
:10E3A0000DAE000835AB000847AE0008375A00082C
:10E3B000434A0008035B000865530008296300080E
:10E3C000FF630008540200205A0200208C0700203E
:10E3D0005D020020000C024000040240F80300200F
:10E3E00064010020D4030020680100204FF4006184
:10E3F000F64806F03BFFE8B94FF48061F44806F0B8
:10E4000035FFB8B94FF48061F04806F02FFF0128BE
:10E4100010D18103EE4806F029FF01280AD16420BB
:10E42000EC490860EC480068EC4908600120EC49C0
:10E43000086050E04FF40061E44806F017FFE8B9C7
:10E440004FF48061E24806F011FFB8B94FF48061E3
:10E45000DE4806F00BFF88B94FF48041DC4806F037
:10E4600005FF01280AD16420DA490860DA4800680B
:10E47000DA4908600120DA4908602CE04FF40061B5
:10E48000D24806F0F3FEE0B94FF48061D04806F0C0
:10E49000EDFEB0B94FF48061CC4806F0E7FE80B9DC
:10E4A0004FF48041CA4806F0E1FE50B96420C949E2
:10E4B0000860C9480068C94908600120C849086067
:10E4C00009E06420C3490860C6480068C349086081
:10E4D0000120C549086010BD3EB50446FFF706FFA0
:10E4E000F5F77EFD40F24F10C0490860C049086052
:10E4F0000020C049086019E006E001200AF0B6F8E3
:10E50000F2F7AEFA00B90BE0BB490968B84A1268E5
:10E51000881A002801DB014600E041420A29ECDCB0
:10E5200000BFB4480068401CB2490860B1480068A8
:10E530009628E1DB4FF47A600AF098F84FF47A718C
:10E54000BE20FDF709F91FED801ADFEDAC0A1E2091
:10E550009FEDAB0AF4F78DFE0020A649086012E09B
:10E5600006E005200AF082F8F2F77AFA00B904E032
:10E57000A4480068B0F5AA7FF3DC00BF9D4800689E
:10E58000401C9C4908609B48006840F22621884254
:10E59000E6DB40F6B8300AF069F8002095490860DB
:10E5A00012E006E005200AF061F8F2F759FA00B926
:10E5B00004E094480068B0F5967FF3DB00BF8D4817
:10E5C0000068401C8B4908608A48006840F2262198
:10E5D0008842E6DB41F288300AF048F8002085499D
:10E5E000086011E006E005200AF040F8F2F738FA7A
:10E5F00000B903E0844800681E28F4DC00BF7D48B1
:10E600000068401C7B4908607A48006840F2262177
:10E610008842E7DB0020774908601FE014E00A2009
:10E620006FF0770103222346CDE9002102904FF4D9
:10E63000617200212320F8F700FD05200AF016F88A
:10E64000F2F70EFA00B903E06E480068FA28E6DC3B
:10E6500000BF68480068401C66490860654800685B
:10E6600040F226218842D9DB0020624908601FE081
:10E6700014E00A206FF0630101222346CDE9002156
:10E6800002904FF4617200210520F8F7D6FC0520B6
:10E6900009F0ECFFF2F7E4F900B903E0594800682B
:10E6A000B228E6DC00BF53480068401C51490860AE
:10E6B0005048006840F226218842D9DB0020F4F758
:10E6C000ABFC40F2D510F5F7A0FC002049490860EA
:10E6D00019E006E0012009F0C9FFF2F7C1F900B91D
:10E6E0000BE045490968424A1268881A002801DB94
:10E6F000014600E041420529ECDC00BF3D480068CE
:10E70000401C3C4908603B4800689628E1DB4FF418
:10E71000FA6009F0ABFF32480068012828D1C10235
:10E720002A4806F0A3FD18BB3848C07F40F080009F
:10E730003649C87700202F49086014E006E0012020
:10E7400009F094FFF2F78CF900B906E04FF400618C
:10E750001F4806F08BFD0128F1D000BF2548006856
:10E76000401C24490860234800683228E6DBA8E002
:10E770001B48006801284BD18103154806F076FD3F
:10E7800018BB2248C07F40F020002049C8770020F5
:10E790001849086014E006E0012009F067FFF2F76D
:10E7A0005FF900B906E04FF40061094806F05EFD2C
:10E7B0000128F1D000BF0F480068401C0D490860D7
:10E7C0000C4800683228E6DB7BE021E0000C0240C8
:10E7D00000040240F803002064010020D40300205C
:10E7E00068010020600100206C010020BC030020B3
:10E7F000C803002078030020BC0000200000614412
:10E80000000061C4A0000020980000200400002047
:10E81000F8480068012828D18102F74806F026FD53
:10E8200018BBF648C07F40F02000F449C8770020AC
:10E83000F349086014E006E0012009F017FFF2F741
:10E840000FF900B906E04FF40041EE4806F00EFD66
:10E850000128F1D000BFEA480068401CE849086080
:10E86000E74800683228E6DB2BE0E2480068012830
:10E8700027D18102E34806F0F9FC10BBDF48C07FD6
:10E8800040F08000DD49C8770020DD49086014E0D1
:10E8900006E0012009F0EAFEF2F7E2F800B906E02E
:10E8A0004FF40041D74806F0E1FC0128F1D000BF49
:10E8B000D3480068401CD2490860D148006832281B
:10E8C000E6DB0020F4F7A8FB3EBD10B54FF48061F5
:10E8D000C94806F0CBFC002840D1FA20CA4908609C
:10E8E000CA4800686930CA4908600020C449086005
:10E8F00025E006E0012009F0B9FEF2F7B1F800B911
:10E9000017E0C44A1268C24B1B68D11A002901DB08
:10E910000A4600E04A420A2AECDCBF4A1268BF4BB2
:10E920001B68D01A002801DB024600E042420A2A96
:10E93000E0DC00BFB2480068401CB1490860B04844
:10E9400000683228D5DB40F6B83009F08FFEAB48BE
:10E95000C07F40F00800A949C87747E04FF48061C4
:10E96000A84806F083FCE0BBFA20AD490860AD483A
:10E9700000686E30A94908600020A149086025E0C0
:10E9800006E0012009F072FEF2F76AF800B917E01C
:10E99000A04A12689E4B1B68D11A002901DB0A4667
:10E9A00000E04A420A2AECDC9B4A12689B4B1B6837
:10E9B000D01A002801DB024600E042420A2AE0DCCD
:10E9C00000BF8F480068401C8D4908608C48006873
:10E9D0003228D5DB40F6B83009F048FE8748C07FC2
:10E9E00000E003E040F040008449C87740F6B830CA
:10E9F00009F03CFEFA208449086084480068844994
:10EA00000860FA20864908608648006883490860E3
:10EA100000207B49086025E006E0012009F026FE81
:10EA2000F2F71EF800B917E07A4A1268784B1B68B3
:10EA3000D11A002901DB0A4600E04A420A2AECDC2E
:10EA4000754A1268754B1B68D01A002801DB024614
:10EA500000E042420A2AE0DC00BF69480068401C2E
:10EA600067490860664800683228D5DB10BD10B5DC
:10EA70004FF48041604806F0F9FB98BB32206249B0
:10EA80000860624800686E38614908604FF4E670BB
:10EA9000F5F7BBFA00205A49086019E006E00120AA
:10EAA00009F0E4FDF1F7DCFF00B90BE05E4909680D
:10EAB0005E4A1268881A002801DB014600E04142E4
:10EAC0000429ECDC00BF4E480068401C4C4908603B
:10EAD0004B480068FA28E1DB4848C07F40F010004E
:10EAE0004649C8774FF40061464806F0BFFB00284E
:10EAF0003FD1FA204A4908604A48006873384749BC
:10EB0000086000203E49086025E006E0012009F089
:10EB1000ADFDF1F7A5FF00B917E03E4A12683C4B86
:10EB20001B68D11A002901DB0A4600E04A420A2A82
:10EB3000ECDC394A1268394B1B68D01A002801DB1B
:10EB4000024600E042420A2AE0DC00BF2C4800688E
:10EB5000401C2B4908602A4800683228D5DB4FF456
:10EB6000E670F5F752FA2548C07F40F004002349CB
:10EB7000C87740F6B83009F079FDFA2022490860DC
:10EB80002248006822490860FA2025490860254883
:10EB900000682249086000201949086025E006E065
:10EBA000012009F063FDF1F75BFF00B917E0194A96
:10EBB0001268174B1B68D11A002901DB0A4600E0D6
:10EBC0004A420A2AECDC144A1268144B1B68D01A19
:10EBD000002801DB024600E042420A2AE0DC00BFD6
:10EBE00007480068401C064908600548006832284C
:10EBF000D5DB10BD6C0100200004024004000020A1
:10EC000078030020000C0240FC030020BC0100201F
:10EC1000E0030020C0000020C4000020EC0300201E
:10EC200000040020C0010020BC000020C803002018
:10EC300010B5FE480068012802D1FFF718FF05E073
:10EC4000FB480068012801D1FFF73FFEF948C07F6B
:10EC500000F0DF00F749C8770846C07F00F07F006A
:10EC6000C8770846C07F00F0F700C8770846C07F25
:10EC700000F0BF00C8770846C07F00F0EF00C877FB
:10EC80000846C07F00F0FB00C87710BDE948C07F90
:10EC900040F08000E749C8770846C07F40F0200078
:10ECA000C877704710B5E348C07F40F08000E14965
:10ECB000C8770020E049086014E006E0012009F070
:10ECC000D5FCF1F7CDFE00B906E04FF40041DB487A
:10ECD00006F0CCFA0128F1D000BFD7480068401CEC
:10ECE000D5490860D44800683228E6DB9620D4492C
:10ECF0000860D44800683C38D34908600020CE49F9
:10ED0000086019E006E0012009F0B0FCF1F7A8FE68
:10ED100000B90BE0CD490968CB4A1268881A00286F
:10ED200001DB014600E041420A29ECDC00BFC24899
:10ED30000068401CC0490860BF4800689628E1DBB5
:10ED4000BC48C07F40F00400BA49C87740F2262092
:10ED5000F5F75BF90020B849086019E006E00120EA
:10ED600009F084FCF1F77CFE00B90BE0B8490968B2
:10ED7000B84A1268881A002801DB014600E04142C7
:10ED80000A29ECDC00BFAC480068401CAA490860B6
:10ED9000A9480068FA28E1DB10BD0EB5B6EE001AEE
:10EDA000DFEDAD0A06209FEDAD0AF4F762FA40F2FE
:10EDB000DC5009F05BFCFFF799FA00209E490860DF
:10EDC00019E006E0012009F051FCF1F749FE00B915
:10EDD0000BE0A3490968A34A1268881A002801DBDE
:10EDE000014600E041420529ECDC00BF9248006882
:10EDF000401C91490860904800689628E1DB00209B
:10EE00008D4908601FE014E00A206FF0C70101225D
:10EE1000B223CDE9002102904FF461721146062021
:10EE2000F6F735FB012009F021FCF1F719FE00B9D6
:10EE300003E08D4800682F28E6DC00BF7E480068AC
:10EE4000401C7D4908607C48006840F226218842C9
:10EE5000D9DB0020F4F7E0F84FF47A71B020F5F731
:10EE6000A6FD0020F4F7D8F80EBD10B57148C07F9C
:10EE700040F080006F49C8770846C07F40F020000E
:10EE8000C87700206C4908601BE006E0012009F00B
:10EE9000EDFBF1F7E5FD00B90DE04FF400617348BB
:10EEA00006F0E4F90128F1D04FF400616F4806F054
:10EEB000DDF90128EAD000BF5F480068401C5E49C8
:10EEC00008605D4800683228DFDBFFF7FEFC642045
:10EED0006749086067480068801D62490860002033
:10EEE0005549086019E006E0012009F0BFFBF1F781
:10EEF000B7FD00B90BE05A4909685A4A1268881AE6
:10EF0000002801DB014600E041420529ECDC00BF9E
:10EF100049480068401C48490860474800689628EE
:10EF2000E1DBFFF7D2FC0020F4F776F810BD70B5F6
:10EF300004460D4600204049086011E006E00A2022
:10EF400009F094FBF1F78CFD00B903E04648006836
:10EF5000A042F4DB00BF38480068401C3649086016
:10EF600035480068A842E9DB70BD10B50020324981
:10EF7000086011E006E0012009F078FBF1F770FD70
:10EF800000B903E03C4800683228F4DC00BF2A489E
:10EF90000068401C2849086027480068B0F57A7F5F
:10EFA000E8DB244890F8230040F00100214981F873
:10EFB000230048F6B80009F059FB01202F490860EA
:10EFC00008460068012815D1FA202D4908602D480F
:10EFD00000682D490860FA2019490860194800683E
:10EFE000194908604FF47A717A20FFF7A0FF0220D8
:10EFF0002249086010BD10B5E9222449AB20FCF776
:10F000002DFEFFF7B2FF1D480068022801D1FFF76F
:10F010003BF91F480068012805D13220FFF75CFA50
:10F0200002201B4908601A48006833E0680100208C
:10F030006C0100200400002078030020000C024036
:10F0400000040020C0010020EC030020C4000020C8
:10F05000BC000020C8030020000061440000E1441F
:10F06000B0000020D40300209C00002000040240D7
:10F07000F803002060010020A8000020E00000202C
:10F08000FC030020BC010020E00300207AF9FFFF10
:10F0900090020020022804D1FFF7CAFD0320FD4999
:10F0A0000860FC480068032804D1FFF776FE0420BE
:10F0B000F8490860F7480068042804D1FFF7D5FE36
:10F0C0000520F449086010BD10B5FFF7DDF8F148E0
:10F0D0000068012805D13220FFF7FEF90220ED4932
:10F0E0000860EC480068022804D1FFF7A1FD032066
:10F0F000E8490860E7480068032804D1FFF74DFE9F
:10F100000420E4490860E3480068042804D1FFF7BC
:10F11000ACFE0520DF49086010BD3EB50446FFF790
:10F12000E5F89FEDDD1A5FED340A23209FEDDB0A41
:10F13000F4F79FF80020DA49086012E006E00120A9
:10F1400009F094FAF1F78CFC00B904E0D5480068A6
:10F15000B0F5D27FF3DC00BFD1480068401CD04935
:10F160000860CF48006840F226218842E6DB002094
:10F17000CB49086020E014E00A206FF0C7010322A9
:10F180002346CDE9002102904FF461720021142042
:10F19000F7F753FF052009F069FAF1F761FC00B9B0
:10F1A00004E0C0480068B0F5AF7FE5DC00BFBC48B4
:10F1B0000068401CBA490860B948006840F226213E
:10F1C0008842D8DB0020B64908601FE014E00A201E
:10F1D0006FF0950102222346CDE9002102904FF401
:10F1E000617200210F20F7F728FF052009F03EFA91
:10F1F000F1F736FC00B903E0AA480068D228E6DC43
:10F2000000BFA7480068401CA5490860A4480068E2
:10F2100040F226218842D9DB0020A14908601FE086
:10F2200014E00A206FF0950101222346CDE9002168
:10F2300002904FF4617200210520F7F7FEFE0520D1
:10F2400009F014FAF1F70CFC00B903E095480068E6
:10F25000B228E6DC00BF92480068401C9049086074
:10F260008F48006840F226218842D9DB0020F3F75E
:10F27000D3FE40F2C710F4F7C8FE002088490860AA
:10F2800019E006E0012009F0F1F9F1F7E9FB00B916
:10F290000BE085490968854A1268881A002801DB55
:10F2A000014600E041420529ECDC00BF7C480068D3
:10F2B000401C7B4908607A4800689628E1DB002002
:10F2C000F3F7AAFE7A480068012828D1C1027948DC
:10F2D00005F0CCFF18BB7848C07F40F0800076492D
:10F2E000C87700206E49086014E006E0012009F0AC
:10F2F000BDF9F1F7B5FB00B906E04FF400616F48C6
:10F3000005F0B4FF0128F1D000BF65480068401C3B
:10F3100063490860624800683228E6DB85E064489B
:10F320000068012828D18103644805F09FFF18BBBD
:10F330006148C07F40F020005F49C87700205849ED
:10F34000086014E006E0012009F090F9F1F788FB6D
:10F3500000B906E04FF40061584805F087FF012826
:10F36000F1D000BF4E480068401C4D4908604C4831
:10F3700000683228E6DB58E051480068012828D1AF
:10F3800081024E4805F072FF18BB4B48C07F40F029
:10F3900020004949C87700204149086014E006E090
:10F3A000012009F063F9F1F75BFB00B906E04FF4C7
:10F3B0000041404805F05AFF0128F1D000BF38480D
:10F3C0000068401C36490860354800683228E6DB92
:10F3D0002BE03B480068012827D18102354805F021
:10F3E00045FF10BB3448C07F40F080003249C877E9
:10F3F00000202B49086014E006E0012009F036F9EE
:10F40000F1F72EFB00B906E04FF40041294805F062
:10F410002DFF0128F1D000BF21480068401C204981
:10F4200008601F4800683228E6DB0020F3F7F4FD8F
:10F430003EBD3EB50446FEF759FF9FED171A5FED3E
:10F44000FA0A1E209FED150AF3F713FF0020144956
:10F45000086012E006E0012009F008F9F1F700FB6E
:10F4600000B904E00F480068B0F5FF7FF3DC00BF8F
:10F470000B480068401C0A4908600948006840F2CF
:10F4800026218842E6DB9FED041ADFED0E0A1E20DE
:10F490001AE00000900200209A99993E00000000B6
:10F4A00078030020A0000020BC000020C80300203A
:10F4B00068010020000C024004000020000402400B
:10F4C0006C010020000061449FEDFE0AF3F7D1FEBD
:10F4D0000020FD49086012E006E0012009F0C6F8AE
:10F4E000F1F7BEFA00B904E0F8480068B0F5967F7D
:10F4F000F3DC00BFF4480068401CF3490860F248A0
:10F50000006840F226218842E6DB0020EE490860D0
:10F510001FE014E00A206FF0950102222346CDE996
:10F52000002102904FF4617200210F20F7F785FD52
:10F53000052009F09BF8F1F793FA00B903E0E348DE
:10F540000068D228E6DC00BFDF480068401CDE49C6
:10F550000860DD48006840F226218842D9DB00209F
:10F56000D94908601FE014E00A206FF095010122DC
:10F570002346CDE9002102904FF46172002105205D
:10F58000F7F75BFD052009F071F8F1F769FA00B9AA
:10F5900003E0CE480068B228E6DC00BFCA48006835
:10F5A000401CC9490860C848006840F226218842CA
:10F5B000D9DB0020F3F730FD40F2C710F4F725FD4A
:10F5C0000020C149086019E006E0012009F04EF86A
:10F5D000F1F746FA00B90BE0BD490968BD4A126867
:10F5E000881A002801DB014600E041420529ECDCD5
:10F5F00000BFB5480068401CB3490860B2480068C5
:10F600009628E1DB0020F3F707FDB34800680128E6
:10F6100028D1C102B14805F029FE18BBB048C07F0F
:10F6200040F08000AE49C8770020A749086014E088
:10F6300006E0012009F01AF8F1F712FA00B906E025
:10F640004FF40061A74805F011FE0128F1D000BF7A
:10F650009D480068401C9C4908609B48006832280F
:10F66000E6DB85E09C480068012828D181039D489D
:10F6700005F0FCFD18BB9A48C07F40F02000984977
:10F68000C87700209049086014E006E0012008F0E7
:10F69000EDFFF1F7E5F900B906E04FF4006191489C
:10F6A00005F0E4FD0128F1D000BF87480068401C48
:10F6B00085490860844800683228E6DB58E08A48BB
:10F6C0000068012828D18102864805F0CFFD18BBCB
:10F6D0008348C07F40F020008149C87700207A49E4
:10F6E000086014E006E0012008F0C0FFF1F7B8F967
:10F6F00000B906E04FF40041784805F0B7FD012855
:10F70000F1D000BF70480068401C6F4908606E4827
:10F7100000683228E6DB2BE073480068012827D117
:10F7200081026E4805F0A2FD10BB6D48C07F40F01D
:10F7300080006B49C87700206349086014E006E048
:10F74000012008F093FFF1F78BF900B906E04FF4C0
:10F750000041624805F08AFD0128F1D000BF5A48F7
:10F760000068401C58490860574800683228E6DBAA
:10F770000020F3F751FC3EBD10B55C48006801283D
:10F7800003D13220FFF7C9FC0EE058480068022878
:10F7900003D16A20FFF74DFE06E0544800680328B5
:10F7A00002D19F20FFF745FE10BD10B564205049DF
:10F7B00008605048006850490860002042490860CD
:10F7C00019E006E0012008F051FFF1F749F900B90E
:10F7D0000BE04A490968484A1268881A002801DB88
:10F7E000014600E041420529ECDC00BF36480068D4
:10F7F000401C35490860344800689628E1DBF9F779
:10F80000BFF910BD2DE9F04104460D4600202E49F8
:10F8100008603BE02AE02D480068071B3846F5F7F2
:10F82000ACF8064629480068001B002809DDB6EE42
:10F83000001A5FEDDC0A30461FEDE80AF3F719FD08
:10F8400010E022480068001B09D5B6EE001A5FEDF3
:10F85000E30A30469FED2A0AF3F70BFD02E0002091
:10F86000F3F7DAFBF1F7FCF800B909E0174909688A
:10F87000081B002801DB014600E041420129CADCE7
:10F8800000BF11480068401C0F4908600E4800681E
:10F89000A842BFDBBDE8F081FEB504460D46164622
:10F8A0009620184908601848006818490860FA202E
:10F8B000174908601748006817490860F4F79EFB6D
:10F8C0002CE0000000808E4378030020A000002080
:10F8D000BC000020C803002068010020000C02408A
:10F8E00004000020000402406C0100206802002097
:10F8F000F803002078010020D4030020B00000208D
:10F900000000E144FC030020BC010020E0030020D3
:10F9100000040020C0010020EC0300204FF4AF7071
:10F92000F7490860F7490860F74890F8230040F06D
:10F930000100F54981F82300962000EB440000EE19
:10F94000900AF8EEE00AB0EE600A9FEDF01AF1EED0
:10F95000040A1E20F3F78DFC0020ED49086013E037
:10F9600006E0012008F082FEF1F77AF800B905E020
:10F97000A4F11400E74909688842F2DC00BFE448BA
:10F980000068401CE2490860E14800686428E7DB41
:10F9900040F26720DA49086040F25D20D9490860EA
:10F9A0000020DB4908601FE013E00F206FF0950195
:10F9B00001222346CDE900210290002211461920A0
:10F9C000F5F765FD012008F051FEF1F749F800B99F
:10F9D00004E0D1480068B0F5EB7FE6DB00BFCC481F
:10F9E0000068401CCA490860C94800683228DBDB4F
:10F9F0000020C74908601BE010E00F206FF0950160
:10FA000001222346CDE900210290002211460E205A
:10FA1000F5F73DFDF1F724F800B903E0BF480068B1
:10FA20001728EADC00BFBA480068401CB8490860E3
:10FA3000B7480068FA28DFDBB34890F8230040F0AD
:10FA40000200B14981F823000020B149086024E098
:10FA500010E00F206FF0630101222346CDE9002161
:10FA60000290002211460720F5F711FDF0F7F8FF8C
:10FA700000B90CE04FF48051A94805F0F7FB0128CC
:10FA800005D18102A64805F0F1FB0128E1D000BFB5
:10FA90009F480068401C9E4908609D480068642893
:10FAA000D6DB40F6B83008F0E1FD3220F3F7B4FAC7
:10FAB0004FF4FA6008F0DAFD00209549086035E05F
:10FAC00021E04FF40041964805F0D0FB012805D114
:10FAD000062140F25230F3F7C2FB0DE008219048B6
:10FAE00005F0C4FB012804D106218E48F3F7B7FBCB
:10FAF00002E00020F3F790FA012008F0B7FDF0F7DC
:10FB0000AFFF00B90CE04FF40041854805F0AEFBB3
:10FB10000128D6D00821824805F0A8FB0128D0D0C2
:10FB200000BF7B480068401C79490860784800683D
:10FB3000B0F5FA7FC4DB0020F3F76EFA724890F854
:10FB4000230000F0FE00704981F823004FF4FA60B2
:10FB500008F08CFD00206E49086013E006E00120EB
:10FB600008F084FDF0F77CFF00B905E002216C4845
:10FB700005F07CFB0128F2D000BF65480068401CFE
:10FB80006349086062480068B0F5FA7FE6DB002050
:10FB9000F3F742FA23206449086050206349086063
:10FBA00040F2672056490860564908604FF47A6071
:10FBB00008F05CFD40F2992051490860401F51490E
:10FBC00008604FF47A7008F051FD4F4890F8230018
:10FBD00000F0FD004C4981F8230041F2883008F024
:10FBE00045FD1E212846F3F73AFB0021B7EE000A37
:10FBF0004FF46670F3F796FAF2F7EBFBF4F7FEF9C1
:10FC000011E0052008F032FDF0F72AFF00B90FE0FF
:10FC100047480068B0F5E17F05DD40F2091038493A
:10FC200008603849086042480068B0F5487FE8DB62
:10FC300000BFB6EE001ADFED3F0A05209FED3E0A39
:10FC4000F3F717FB00203249086019E006E00520B1
:10FC500008F00CFDF0F704FF00B90BE04FF48071E1
:10FC60002F4805F003FB28B980212D4805F0FEFA46
:10FC70000028ECD000BF26480068401C24490860DA
:10FC8000234800686428E1DB4FF4FA6008F0EEFCDA
:10FC90004FF47A713046FFF7B5FD0020F3F7BCF959
:10FCA0001420214908602D2020490860FF201449B4
:10FCB0000860144908600020F3F7AEF9FEBD2DE995
:10FCC000F04104460D460020114908605FE04EE017
:10FCD0001A480068071B1E2204213846FBF7C0FCA7
:10FCE000064616480068001B00282BDDB6EE001AF9
:10FCF000DFED110A30469FED120AF3F7BAFA36E04B
:10FD0000BC030020C8030020040000209A99993EFB
:10FD100078030020A0000020B80000209C000020F4
:10FD200000100240AEFCFFFFF0030020F4030020AF
:10FD30002C03002000006144000061C4A4000020E6
:10FD400000000000F8480068001B09D5B6EE001A54
:10FD50005FED070A30469FEDF50AF3F78AFA06E0F1
:10FD60000020F3F759F9F0F77BFE00B909E0EE49FE
:10FD70000968081B002801DB014600E04142012917
:10FD8000A6DC00BFEA480068401CE9490860E84872
:10FD90000068A8429BDBBDE8F08110B5F4F72EF9AE
:10FDA000FF20E4490860E44908604FF4FA6008F075
:10FDB0005DFCE248C07F40F00400E049C8779FED59
:10FDC000E01A5FED230A14209FEDDE0AF3F751FAE3
:10FDD00006E0012008F04AFCF0F742FE00B904E01A
:10FDE000D9480068D9498842F3DC00BF00219FED63
:10FDF000D80AD648FA38F3F795F906E0012008F05A
:10FE000035FCF0F72DFE00B903E0F2F7DEFF002825
:10FE1000F4D100BF0020F3F7FFF8CE4800680128B6
:10FE200006D14FF47A71CC480068FFF748FF0AE02A
:10FE3000C848006838B9C8490968A1F10A004FF4F8
:10FE40007A71FFF73CFFC5480068032804D10121FF
:10FE50000420F1F788FF02E00020C149086000207B
:10FE6000F3F7DAF810BD10B5F4F7C8F8FF20B14980
:10FE70000860B14908604FF4FA6008F0F7FBB74832
:10FE80000068022804D101210420F1F76CFF02E090
:10FE90000020B3490860A948C07F40F00400A7498A
:10FEA000C8779FEDA71A5FED5C0A14209FEDAD0A9D
:10FEB000F3F7DFF906E0012008F0D8FBF0F7D0FDFA
:10FEC00000B904E0A0480068A0498842F3DC00BF04
:10FED00000219FED9F0A9D48FA38F3F723F906E0C9
:10FEE000012008F0C3FBF0F7BBFD00B903E0F2F717
:10FEF0006CFF0028F4D100BF0020F3F78DF895487F
:10FF00000068012806D14FF47A7197480068FFF71E
:10FF1000D6FE0AE08F48006838B993490968A1F114
:10FF20000A004FF47A71FFF7CAFE0020F3F774F865
:10FF300010BD2DE9F04104460D4600207C490860C3
:10FF40003DE02CE089480068071B1E22042138464A
:10FF5000FBF786FB064685480068001B002809DD84
:10FF6000B6EE001A5FED8C0A30469FED700AF3F78B
:10FF700080F910E07D480068001B09D5B6EE001A34
:10FF80005FED930A30461FED920AF3F772F902E033
:10FF90000020F3F741F8F0F763FD00B909E0734979
:10FFA0000968081B002801DB014600E041420129E5
:10FFB000C8DC00BF5E480068401C5D4908605C48C2
:10FFC0000068A842BDDBBDE8F08110B5F4F716F873
:10FFD000FF2058490860584908604FF4FA6008F05B
:10FFE00045FB5648C07F40F004005449C877B0EE46
:10FFF000001A5FEDAF0A14209FED5D0AF3F739F99F
:020000040801F1
:1000000006E0012008F032FBF0F72AFD00B904E019
:100010004D4800684D498842F3DC00BF00219FED48
:100020004C0A4A48FA38F3F77DF806E0012008F058
:100030001DFBF0F715FD00B903E0F2F7C6FE00283E
:10004000F4D100BF0020F2F7E7FF44480068012820
:1000500004D101210420F1F786FE02E0002040498E
:1000600008603C480068012806D14FF47A71414885
:100070000068FFF75EFF09E03648006830B94FF4CA
:100080007A713C4800680A30FFF753FF0020F2F70E
:10009000C3FF10BD2DE9F04104460D460020244960
:1000A00008603BE02AE020480068071B3846F4F768
:1000B00064FC06461C480068001B002809DDB6EEFB
:1000C000001A5FEDE30A30461FEDE30AF3F7D1F8BB
:1000D00010E015480068001B09D5B6EE001A5FED68
:1000E000EA0A30469FED110AF3F7C3F802E0002058
:1000F000F2F792FFF0F7B4FC00B909E00A49096889
:10010000081B002801DB014600E041420129CADC4E
:1001100000BF07480068401C0549086004480068A3
:10012000A842BFDBBDE8F081A40000200000E1444C
:1001300078030020BC030020C80300200400002036
:10014000CDCC0C4000007A442C03002076FDFFFF4C
:100150006666663FE8000020EC0100206002002097
:10016000640200200040CE44F4010020A0000020E2
:1001700000C0C144040200203EB50446F3F73EFF30
:10018000FE480068FA30FE490860FE480068FA3010
:10019000FD4908601FED121ADFEDFC0A23209FEDD8
:1001A000FC0AF3F766F80020FA49086011E006E05F
:1001B000012008F05BFAF0F753FC00B903E0F648C1
:1001C00000687328F4DC00BFF2480068401CF14965
:1001D0000860F0480068FA28E9DB1FED231ADFED1C
:1001E000EB0A1C209FEDEA0AF3F743F80020E949E7
:1001F000086011E006E0012008F038FAF0F730FC62
:1002000000B903E0E44800683C28F4DC00BFE148A2
:100210000068401CDF490860DE480068FA28E9DB16
:10022000DE48C07F40F00400DC49C877DC48006845
:10023000012807D1FA20DB490860DB480068C8388C
:10024000DA49086040F2B920F3F7DFFED4480068CD
:1002500000286AD1CF4908601FE014E00A206FF03F
:1002600095010222A4F10F03CDE900210290D04AAA
:1002700051420F20F6F77BFD012008F0F7F9F0F767
:10028000EFFB00B903E0C44800680A28E6DC00BFC1
:10029000C0480068401CBF490860BE480068FA2892
:1002A000DBDB0020BB4908602EE014E00A206FF081
:1002B00095010222A4F10F03CDE900210290BC4A6E
:1002C00051420620F6F753FD012008F0CFF9F0F770
:1002D000C7FB00B912E04021B64804F0C7FF01286F
:1002E000E4D04FF48071B44804F0C0FF0128DDD0A1
:1002F0008021B04804F0BAFF0028D7D000BFA5483D
:100300000068401CA3490860A248006840F20E61E2
:100310008842CADB4FF47A7008F0A8F9A4F10F0004
:100320004FF47A71FFF7B6FE6BE09D480068012834
:1003300067D10020974908601EE013E00A206FF0A3
:10034000950102222346CDE900210290984A5142AC
:100350000F20F6F70CFD012008F088F9F0F780FB7C
:1003600000B903E08C4800680A28E7DC00BF894830
:100370000068401C8749086086480068FA28DCDB72
:100380000020844908602DE013E00A206FF09501F9
:1003900002222346CDE900210290854A51420620DF
:1003A000F6F7E5FC012008F061F9F0F759FB00B918
:1003B00012E040217F4804F059FF0128E5D04FF4B6
:1003C00080717D4804F052FF0128DED080217948F9
:1003D00004F04CFF0028D8D000BF6E480068401CD5
:1003E0006C4908606B48006840F20E618842CBDBC4
:1003F0004FF47A7008F03AF94FF47A712046FFF71B
:1004000049FE0020F2F708FE3EBD3EB50446F3F774
:10041000F5FD5A480068FA305949086059480068A3
:10042000FA3059490860B6EE001ADFED580A232069
:100430009FED570AF2F71DFF00205649086011E0B2
:1004400006E0012008F012F9F0F70AFB00B903E01A
:10045000514800687328F4DC00BF4E480068401C17
:100460004C4908604B480068FA28E9DBB6EE001AF0
:10047000DFED460A1C209FED460AF2F7FAFE002047
:100480004449086011E006E0012008F0EFF8F0F7B9
:10049000E7FA00B903E0404800683228F4DC00BF06
:1004A0003C480068401C3B4908603A480068FA280C
:1004B000E9DB3B480068012807D1FA203949086088
:1004C00039480068C838394908603548006800284C
:1004D00074D1304908601FE014E00A206FF09501E4
:1004E0000222A4F10A03CDE900210290304A5142D0
:1004F0000F20F6F73CFC012008F0B8F8F0F7B0FA4E
:1005000000B903E0244800680A28E6DC00BF21485F
:100510000068401C1F4908601E480068FA28DBDBA1
:1005200000201C49086050E014E00A206FF095019B
:100530000222A4F10A03CDE9002102901C4A514293
:100540000620F6F714FCF0F78BFA00B915E001204D
:1005500008F08CF84021174804F088FE0128E4D008
:100560004FF48071144804F081FE0128DDD0802111
:10057000104804F07BFE0028D7D020E0B403002010
:10058000BC030020C0030020C8030020000061C499
:10059000000061447803002098000020040000203F
:1005A000E800002000040020C0010020EC0300202F
:1005B0007CFCFFFF000402400000024012E000BF8C
:1005C000FE480068401CFD490860FC48006840F295
:1005D0000E618842A8DBA4F10A004FF47A71FFF79C
:1005E00059FD6BE0F6480068012867D10020F34907
:1005F00008601EE013E00A206FF0950102222346F6
:10060000CDE900210290EF4A51420F20F6F7AFFBEF
:10061000012008F02BF8F0F723FA00B903E0EA48CC
:1006200000680A28E7DC00BFE4480068401CE34992
:100630000860E2480068FA28DCDB0020DF49086037
:100640002DE013E00A206FF0950102222346CDE948
:1006500000210290DB4A51420620F6F788FBF0F7B2
:10066000FFF900B915E0012008F000F84021D74853
:1006700004F0FCFD0128E5D04FF48071D44804F06B
:10068000F5FD0128DED08021D04804F0EFFD0028E0
:10069000D8D000BFC9480068401CC8490860C74896
:1006A000006840F20E618842CBDB40F23520F3F760
:1006B000ACFC4FF47A712046FFF7ECFC0020F2F717
:1006C000ABFC3EBD2DE9F04104460D460020BB4980
:1006D00008603BE02AE0BF480068071B3846F4F793
:1006E0004CF90646BB480068001B002809DDB6EE41
:1006F000001A5FED5A0A30469FEDB70AF2F7B9FDCE
:1007000010E0B4480068001B09D5B6EE001A5FED92
:10071000610A30469FEDB10AF2F7ABFD02E000201E
:10072000F2F77AFCF0F79CF900B909E0A9490968E9
:10073000081B002801DB014600E041420129CADC18
:1007400000BF9E480068401C9C4908609B480068A8
:10075000A842BFDBBDE8F0813EB50446F3F74EFC8E
:100760009F480068FA309F4908609F480068FA3047
:100770009E4908609FED9E1A5FED7C0A26201FEDC2
:100780007C0AF2F776FD00208C49086011E006E053
:10079000012007F06BFFF0F763F900B903E08A4826
:1007A00000687328F4DC00BF84480068401C83495B
:1007B000086082480068FA28E9DB9FED8D1A5FED3A
:1007C0008D0A1C201FED8E0AF2F753FD00207B4995
:1007D000086011E006E0012007F048FFF0F740F95B
:1007E00000B903E0784800683C28F4DC00BF734897
:1007F0000068401C7149086070480068FA28E9DB0D
:100800007C48C07F40F004007A49C8776C48006893
:10081000012807D1FA207849086078480068C8386C
:100820007749086040F2B920F3F7EFFB64480068AD
:10083000002868D1614908601EE013E01E2096215F
:10084000022204F10F03CDE9002102905D4A5142DA
:100850000F20F4F71CFE012007F008FFF0F700F965
:1008600000B903E0584800680A28E7DC00BF534895
:100870000068401C5149086050480068FA28DCDBD9
:1008800000204E4908602DE013E01E209621022230
:1008900004F10F03CDE9002102904A4A514207209A
:1008A000F4F7F5FD012007F0E1FEF0F7D9F800B903
:1008B00012E04021454804F0D9FC0128E5D04FF46E
:1008C0008071434804F0D2FC0128DED080213F48EB
:1008D00004F0CCFC0028D8D000BF38480068401C89
:1008E000364908603548006840F20E618842CBDB2B
:1008F0004FF47A7007F0BAFE4FF47A7104F10F00EA
:10090000FFF7E0FE8FE02E48006801287AD1002032
:100910002A4908601DE012E01E209621022223468B
:10092000CDE900210290274A51420F20F4F7AFFD94
:10093000012007F09BFEF0F793F800B903E022488E
:1009400000680A28E8DC00BF1C480068401C1B49FE
:1009500008601A480068FA28DDDB002017490860A3
:1009600052E012E01E20962102222346CDE900210A
:100970000290144A51420720F4F789FD012007F044
:1009800075FEF0F76DF800B912E040210F4804F051
:100990006DFC0128E6D04FF480710D4804F066FC30
:1009A0000128DFD08021094804F060FC0028D9D05C
:1009B00000BF02480068401C004924E07803002082
:1009C000E80000207CFCFFFF9800002000040240AB
:1009D00000000240A00000200000E14400000000F0
:1009E000B4030020BC030020C0030020C803002083
:1009F0006666663F0400002000040020C00100205D
:100A0000EC0300200FE00860F748006840F20E6138
:100A10008842A6DB4FF47A7007F028FE4FF47A7113
:100A20002046FFF74FFE0020F2F7F6FA3EBD10B564
:100A3000FFF7CBFAFCF7CBF8EC48006818B9EC48A4
:100A40000068FFF789FE0120E849086010BD10B575
:100A5000FFF709FAFCF7BBF8E448006818B9E54865
:100A60000068FFF7D2FC0120E049086010BD10B516
:100A7000FFF793F9FCF7ABF8DC48006830B9DE48C3
:100A80000068FFF779FB0120D849086010BD10B558
:100A9000DA494842F5F7CAFF1E20F2F7BDFA0120F5
:100AA000D749086010BD10B5D4494842F5F7A3F8FE
:100AB0001E20F2F7B1FA0120D149086010BD10B52F
:100AC0004FF40061CF4804F0D1FBE8B94FF48061E6
:100AD000CD4804F0CBFB012816D18102C94804F0AF
:100AE000C5FB012810D18103C74804F0BFFB0128D2
:100AF0000AD16420C54908604FF4CD70C44908602C
:100B00000120C449086074E04FF40061BD4804F05E
:100B1000ADFBE8B94FF48061BB4804F0A7FBB8B95E
:100B20004FF48061B74804F0A1FB012810D1810384
:100B3000B54804F09BFB01280AD16420B349086042
:100B40004FF4CD70B24908600120B249086050E00E
:100B50004FF40061AB4804F089FBE8B94FF48061C1
:100B6000A94804F083FBB8B94FF48061A54804F0AC
:100B70007DFB88B94FF48041A34804F077FB01283E
:100B80000AD16420A14908604FF4CD70A0490860E3
:100B90000120A04908602CE04FF40061994804F05E
:100BA00065FBE0B94FF48061974804F05FFBB0B992
:100BB0004FF48061934804F059FB80B94FF48041B1
:100BC000914804F053FB50B96420904908604FF4F9
:100BD000CD708F49086001208E49086009E06420CB
:100BE0008A49086040F25B208949086001208A49EF
:100BF000086010BD3EB50446FFF761FFF3F7F0F95A
:100C000040F24F1085490860854908600020764908
:100C1000086019E006E0012007F028FDEFF720FF4B
:100C200000B90BE07F4909687D4A1268881A0028DC
:100C300001DB014600E041420A29ECDC00BF6A48C2
:100C40000068401C68490860674800689628E1DB36
:100C50004FF47A6007F00AFD4FF47A71BD20FFF778
:100C600068F9B6EE001ADFED700A23209FED6F0AD7
:100C7000F2F7FFFA00205C49086012E006E0052068
:100C800007F0F4FCEFF7ECFE00B904E068480068F8
:100C9000B0F5AA7FF3DC00BF53480068401C5249FE
:100CA00008605148006840F226218842E6DB40F6A1
:100CB000B83007F0DBFC00204B49086012E006E08A
:100CC000052007F0D3FCEFF7CBFE00B904E058484D
:100CD0000068B0F5967FF3DB00BF43480068401C16
:100CE000414908604048006840F226218842E6DB1E
:100CF00041F2883007F0BAFC00203B49086011E05F
:100D000006E0012007F0B2FCEFF7AAFE00B903E00D
:100D1000484800681E28F4DC00BF33480068401CC7
:100D2000314908603048006840F226218842E7DBFC
:100D300000202D4908601DE012E00A20DC2103227A
:100D40002346CDE9002102902C4A00211920F6F714
:100D500074F9052007F08AFCEFF782FE00B903E082
:100D600033480068DC28E8DC00BF1F480068401CEE
:100D70001D4908601C48006840F226218842DBDBE0
:100D80000020194908601DE012E00A209621012286
:100D90002346CDE900210290184A00210620F6F7EB
:100DA0004CF9052007F062FCEFF75AFE00B903E0AA
:100DB0001F480068A828E8DC00BF0B480068401CFA
:100DC000094908600848006840F226218842DBDBB8
:100DD0000020F2F721F940F2D310F3F716F90020C2
:100DE0000149086042E0000078030020640200200E
:100DF00004020020F4010020EC0100207CFCFFFF35
:100E000090020020000C024000040240F803002081
:100E1000D4030020680100206C010020BC030020E6
:100E2000C8030020BC000020000061C40000614431
:100E3000A40000209800002006E0012007F016FC26
:100E4000EFF70EFE00B90BE0FB490968FB4A126898
:100E5000881A002801DB014600E041420829ECDC49
:100E600000BFF7480068401CF5490860F448006876
:100E70009628E1DB4FF4FA6007F0F8FBF148C07FF9
:100E800040F08000EF49C8770020ED49086014E089
:100E900006E0012007F0EAFBEFF7E2FD00B906E00B
:100EA0004FF40061E84804F0E1F90128F1D000BFF7
:100EB000E3480068401CE2490860E14800683228C5
:100EC000E6DBE048C07F40F02000DE49C877002024
:100ED000DB49086014E006E0012007F0C7FBEFF7EC
:100EE000BFFD00B906E04FF40041D84804F0BEF958
:100EF0000128F1D000BFD2480068401CD0490860EA
:100F0000CF4800683228E6DB0020F2F785F83EBDC6
:100F100010B54FF48061CC4804F0A8F900283FD107
:100F2000FA20CB490860CB4800686E30CA49086097
:100F30000020C349086025E006E0012007F096FB89
:100F4000EFF78EFD00B917E0C44A1268C24B1B6868
:100F5000D11A002901DB0A4600E04A420A2AECDCE9
:100F6000BF4A1268BF4B1B68D01A002801DB02463B
:100F700000E042420A2AE0DC00BFB1480068401CA1
:100F8000AF490860AE4800683228D5DB40F6B8307B
:100F900007F06CFBAB48C07F40F00800A949C87758
:100FA0004FF48061A94804F061F9E0BBFA20AE4932
:100FB0000860AE4800686E30AA4908600020A04969
:100FC000086025E006E0012007F050FBEFF748FD40
:100FD00000B917E0A14A12689F4B1B68D11A00297B
:100FE00001DB0A4600E04A420A2AECDC9C4A12680D
:100FF0009C4B1B68D01A002801DB024600E04242ED
:101000000A2AE0DC00BF8E480068401C8C4908605A
:101010008B4800683228D5DB40F6B83007F026FB55
:101020008848C07F00E003E040F040008549C87771
:1010300040F6B83007F01AFBFA2085490860854869
:10104000006885490860FA20874908608748006879
:101050008449086000207A49086025E006E0012004
:1010600007F004FBEFF7FCFC00B917E07B4A1268BD
:10107000794B1B68D11A002901DB0A4600E04A427D
:101080000A2AECDC764A1268764B1B68D01A0028D4
:1010900001DB024600E042420A2AE0DC00BF684869
:1010A0000068401C66490860654800683228D5DB46
:1010B00010BD10B54FF48041634804F0D7F8002804
:1010C0003FD1FA2062490860624800686E38624980
:1010D000086000205A49086025E006E0012007F07A
:1010E000C5FAEFF7BDFC00B917E05C4A12685A4B2D
:1010F0001B68D11A002901DB0A4600E04A420A2A8D
:10110000ECDC574A1268574B1B68D01A002801DBE9
:10111000024600E042420A2AE0DC00BF484800687C
:10112000401C47490860464800683228D5DB40F635
:10113000B83007F09BFA4348C07F40F010004149A7
:10114000C8774FF40061414804F090F8F0BBFA20F2
:1011500045490860454800686E38424908600020EB
:101160003749086025E006E0012007F07FFAEFF735
:1011700077FC00B917E0394A1268374B1B68D11A5F
:10118000002901DB0A4600E04A420A2AECDC344A24
:101190001268344B1B68D01A002801DB024600E0BD
:1011A00042420A2AE0DC00BF25480068401C24496E
:1011B0000860234800683228D5DB40F6B83007F0D5
:1011C00055FA2048C07F40F0040000E001E01D49CE
:1011D000C87740F6B83007F049FAFA201C49086091
:1011E0001C4800681C490860FA201F4908601F4815
:1011F00000681C49086000201149086041E006E0D1
:10120000012007F033FAEFF72BFC00B933E0134A63
:101210001268114B1B68D11A002901DB0A4600E055
:101220004A420A2AECDC0E4A12680E4B1B68D01A9E
:1012300000281DDB02461CE0BC000020C803002083
:10124000780300200400002000040240000C02404B
:10125000FC030020BC010020E0030020C0000020AF
:10126000C4000020EC03002000040020C001002086
:1012700042420A2AC4DC00BFFD480068401CFC4909
:101280000860FB4800683228B9DB10BD10B5F9488A
:101290000068012802D1FFF70CFF05E0F64800685E
:1012A000012801D1FFF734FE10BD10B50120F3492C
:1012B0000860F3480068002844D1F248006800281C
:1012C00040D1F148006800283CD1F0480068C0BB1C
:1012D000C821EF480068FFF7F5F99FEDEE1ADFED42
:1012E000EE0A06209FEDED0AF1F7C3FF4FF4FA6016
:1012F00007F0BCF940F23520F2F787FE0020DC4908
:10130000086019E006E0012007F0B0F9EFF7A8FB4C
:1013100000B90BE0E2490968E24A1268881A00281D
:1013200001DB014600E041420A29ECDC00BFD04865
:101330000068401CCE490860CD480068FA28E1DB0F
:1013400078E1FFE7CE480068012842D1CD48006827
:1013500080BBCD48006868BBCC48006850BBC82142
:10136000CB480068FFF7AEF99FEDCA1ADFEDCA0A55
:1013700006209FEDCA0AF1F77CFF4FF4FA6007F0F0
:1013800075F940F23520F2F740FE0020B8490860B8
:101390001AE006E0012007F069F9EFF761FB00B9F8
:1013A0000CE0BF490968BF4A1268881A002802DBAE
:1013B000014601E00DE041420A29EBDC00BFAC48E8
:1013C0000068401CAA490860A9480068FA28E0DBC8
:1013D00030E1AB480068012874D1AA4800680128B0
:1013E000FAD1A94800680028F6D1A848006800286A
:1013F000F2D140F20910F2F708FE00209C49086083
:1014000019E006E0012007F031F9EFF729FB00B9F8
:101410000BE0A3490968A34A1268881A002801DB77
:10142000014600E041420A29ECDC00BF9048006818
:10143000401C8F4908608E4800683228E1DBC821D3
:1014400093480068FFF73EF99FED921ADFED920A8C
:1014500006209FED920AF1F70CFF4FF4FA6007F0B7
:1014600005F9B6EE001ADFED8C0A08209FED8E0A12
:10147000F1F7FFFE00207E49086014E006E001203D
:1014800007F0F4F8EFF7ECFA00B906E04FF48071DA
:10149000864803F0EBFE0028F1D000BF74480068D6
:1014A000401C7349086072480068FA28E6DB0A208D
:1014B000F1F7B2FD40F23520F2F7A7FD00206C49AC
:1014C00008601AE01EE006E0012007F0CFF8EFF711
:1014D000C7FA00B90BE072490968724A1268881AA3
:1014E000002801DB014600E041420A29ECDC00BF94
:1014F0005F480068401C5E4908605D480068FA2843
:10150000E1DB97E05E480068012874D15D4800681F
:10151000012870D15C48006801286CD15B480068E4
:10152000002868D140F20910F2F76FFD0020504901
:10153000086019E006E0012007F098F8EFF790FA4C
:1015400000B90BE056490968564A1268881A002803
:1015500001DB014600E041420A29ECDC00BF4448BF
:101560000068401C42490860414800683228E1DBBD
:10157000C82147480068FFF7A5F8B6EE001ADFED6E
:10158000460A06209FED450AF1F773FE4FF4FA6014
:1015900007F06CF8B6EE001ADFED3F0A08209FED69
:1015A000420AF1F766FE00203149086014E006E0C7
:1015B000012007F05BF8EFF753FA00B906E04FF4AB
:1015C00080713A4803F052FE0028F1D000BF28484D
:1015D0000068401C2649086025480068FA28E6DBB8
:1015E0000A20F1F719FD40F23520F2F70EFD002038
:1015F0001F4908601AE01DE006E0012007F036F8F8
:10160000EFF72EFA00B90BE025490968254A126860
:10161000881A002801DB014600E041420A29ECDC7F
:1016200000BF13480068401C11490860104800685A
:10163000FA28E1DB0020F1F7EFFC10BD10B51C49E2
:101640004842F4F7D8FA1B48006800287ED11A48AF
:10165000006800287AD11948006800287CD140F23F
:101660000910F2F7D2FC00200149086042E00000B6
:1016700078030020680100206C01002098020020FF
:101680007C020020800200208402002088020020CA
:10169000B0010020CDCC4C3E000061C40000E1440C
:1016A000BC000020C803002000006144000002408C
:1016B0007CFCFFFFE8000020EC000020F000002090
:1016C00006E0012006F0D2FFEFF7CAF900B90BE0FF
:1016D000FE490968FE4A1268881A002801DB0146A3
:1016E00000E041420A29ECDC00BFFA480068401CD7
:1016F000F8490860F74800683228E1DBB6EE001AC6
:101700005FED1B0A0A201FED180AF1F7B2FD002059
:10171000F049086014E006E0EFF7A2F900B909E02B
:10172000012006F0A3FF4FF48071EB4803F09EFD0B
:101730000028F1D000BFE7480068401CE549086078
:10174000E448006840F20E61884200E004E0E2DB19
:101750000020F1F761FC05E0E0480068012801D1B4
:10176000FFF7A3FD0020F1F757FC10BD10B5F2F70D
:10177000B9FE0120DA490860DA48006890BBDA480F
:10178000006878BBD948006860BBD948006848BB8E
:10179000B6EE001A5FED400A05201FED400AF1F792
:1017A00068FD0020CB49086014E006E0012006F047
:1017B0005DFFEFF755F900B906E04FF48051C648D8
:1017C00003F054FD0028F1D000BFC2480068401C5F
:1017D000C0490860BF4800689628E6DB0020F1F7A2
:1017E0001BFCA6E0FFE7BF480068012833D1BE48D4
:1017F000006878BBBD48006860BBBD48006848BB56
:10180000B6EE001A5FED5C0A05201FED5C0AF1F7E9
:1018100030FD0020AF49086014E006E0012006F02A
:1018200025FFEFF71DF900B906E04FF48051AA48F3
:1018300003F01CFD0028F1D000BFA6480068401C42
:10184000A4490860A34800689628E6DB0020F1F769
:10185000E3FB6EE0FFE7A3480068012832D1A2480D
:10186000006801282ED1A148006858BBA048006834
:1018700040BBB6EE001A5FED780A05209FED9D0A89
:10188000F1F7F7FC00209349086013E006E001201F
:1018900006F0ECFEEFF7E4F800B905E00421964805
:1018A00003F0E4FC0028F2D000BF8A480068401C26
:1018B00088490860874800689628E7DB0020F1F730
:1018C000ABFB36E087480068012832D186480068C3
:1018D00001282ED18548006801282AD18448006853
:1018E00038BBB6EE001A5FED940A05209FED810A21
:1018F000F1F7BFFC00207749086013E006E0012003
:1019000006F0B4FEEFF7ACF800B905E004217A4820
:1019100003F0ACFC0028F2D000BF6E480068401C09
:101920006C4908606B4800689628E7DB0020F1F7F7
:1019300073FB10BD10B56B480068002865D16A487C
:101940000068002861D16948006800285DD16848B6
:101950000068002859D1F02068490860684800688C
:10196000684908606848C07F40F004006649C8774D
:10197000F3F75CFA00205749086019E006E00120FF
:1019800006F074FEEFF76CF800B90BE04F490968F8
:101990004F4A1268881A002801DB014600E04142E4
:1019A0000A29ECDC00BF4B480068401C494908602C
:1019B00048480068FA28E1DBB6EE001A5FEDCA0A73
:1019C00005201FEDCA0AF1F754FC002041490860C8
:1019D00013E006E0012006F049FEEFF741F800B9F8
:1019E00005E00121494803F041FC0028F2D000BF86
:1019F00038480068401C3749086036480068962817
:101A0000E7DB0020F1F708FBAEE03648006801286C
:101A1000FAD13F4800680028F6D1F0203749086025
:101A20003C480068374908603748C07F40F01000E4
:101A30003549C877F3F7FAF900202649086019E01C
:101A400006E0012006F012FEEFF70AF800B90BE0FD
:101A50001E4909681E4A1268881A002801DB0146DF
:101A600000E041420A29ECDC00BF1A480068401C33
:101A70001849086017480068FA28E1DBB6EE001A3A
:101A80005FEDFB0A05201FEDF80AF1F7F2FB0020DD
:101A90001049086014E006E0012006F0E7FDEEF7CB
:101AA000DFFF00B906E04FF480710B4803F0DEFB66
:101AB0000028F1D000BF07480068401C05490860B5
:101AC000044800689628E6DB26E00000BC00002001
:101AD000C80300207803002000000240F00000202E
:101AE000940200207C02002080020020840200205A
:101AF000880200200000000000100240F8030020CF
:101B000090010020D40300200400002000040240C3
:101B10008C02002094010020B6EE001ADFEDF70AD7
:101B200005209FEDF70AF1F7A4FB0020F5490860B6
:101B300013E006E0012006F099FDEEF791FF00B9F1
:101B400005E00121F04803F091FB0028F2D000BF2E
:101B5000EC480068401CEB490860EA480068962899
:101B6000E7DB0020F1F758FAE8480068012838D18F
:101B7000F2F7B8FCB6EE001ADFEDE00A08209FEDA0
:101B8000E40AF1F776FB0020DE4908601AE006E07F
:101B9000EEF766FF00B90FE0012006F067FD402177
:101BA000D94803F063FB0028F2D04FF48071D94884
:101BB00003F05CFB0028EBD000BFD2480068401C5B
:101BC000D0490860CF48006840F20E618842DEDBF1
:101BD0000020F1F721FA4FF47A7006F047FDFFF785
:101BE000C5FD10BD10B5CC494842F4F704F80020FB
:101BF000F1F712FAC5480068002859D1C7480068B3
:101C0000002855D1C6480068002851D140F209107B
:101C1000F2F7FBF90020BB49086019E006E001205B
:101C200006F024FDEEF71CFF00B90BE0BD49096882
:101C3000BD4A1268881A002801DB014600E04142D3
:101C40000A29ECDC00BFAF480068401CAD490860C1
:101C5000AC4800683228E1DBB6EE001ADFEDA70AD7
:101C60000A209FEDAB0AF1F704FB0020A5490860AC
:101C700014E006E0EEF7F4FE00B909E0012006F0FA
:101C8000F5FC4FF48071A34803F0F0FA0028F1D07E
:101C900000BF9C480068401C9A4908609948006849
:101CA00040F20E618842E4DB0020F1F7B5F905E06F
:101CB0009B480068012801D1FFF73CFE10BD10B51C
:101CC0009A480468F2F70EFC40F20910F2F79DF909
:101CD00000208C49086019E006E0012006F0C6FCEF
:101CE000EEF7BEFE00B90BE08E4909688E4A126815
:101CF000881A002801DB014600E041420A29ECDC99
:101D000000BF80480068401C7E4908607D4800682C
:101D10003228E1DBB6EE001ADFED780A08209FEDED
:101D20007C0AF1F7A6FA00207649086014E006E084
:101D3000EEF796FE00B909E0012006F097FC4FF49B
:101D40008071744803F092FA0028F1D000BF6D480A
:101D50000068401C6B4908606A48006840F20E61E8
:101D60008842E4DB0120724908600020F1F754F951
:101D70007048006890BB7048006878BB6F48006886
:101D800060BB6F48006848BBB6EE001ADFED5B0A27
:101D900005209FED5B0AF1F76CFA002059490860B5
:101DA00014E006E0012006F061FCEEF759FE00B9F0
:101DB00006E04FF48051574803F058FA0028F1D05C
:101DC00000BF50480068401C4E4908604D480068FC
:101DD0009628E6DB0020F1F71FF960E0FFE75548A1
:101DE0000068012833D15448006878BB5348006824
:101DF00060BB5348006848BBB6EE001ADFED3F0AEF
:101E000005209FED3F0AF1F734FA00203D490860B4
:101E100014E006E0012006F029FCEEF721FE00B9EF
:101E200006E04FF480513B4803F020FA0028F1D03F
:101E300000BF34480068401C3249086031480068DF
:101E40009628E6DB0020F1F7E7F828E0FFE73948BD
:101E5000006801280FD13848006801280BD13748A5
:101E6000006840B93648006828B94FF47A712046B6
:101E7000FEF710F913E02F48006801280FD12E4813
:101E8000006801280BD12D480068012807D12C4893
:101E9000006820B94FF47A712046FEF7FBF810BDB8
:101EA00010B50120274908602248006800287DD12C
:101EB000214800680028FAD1204800680028F6D19F
:101EC0001F4800680028F2D140F20910F2F79DF88F
:101ED00000200C49086040E006E0012006F0C6FB47
:101EE000EEF7BEFD00B932E00E4909680E4A1268ED
:101EF000881A002828DB014627E00000000061C4A2
:101F00000000E1447803002000040240E8000020C3
:101F100000006144000002407CFCFFFFEC00002058
:101F2000F0000020BC000020C8030020B801002001
:101F3000940200207C020020800200208402002005
:101F4000880200209C02002041420A29C5DC00BF13
:101F5000F7480068401CF6490860F5480068FA2810
:101F6000BADB9FEDF41A5FED1B0A08201FED180A7B
:101F7000F1F77FF90020EE49086014E006E0EEF783
:101F80006FFD00B909E0012006F070FB4FF480718D
:101F9000E94803F06BF90028F1D000BFE44800687D
:101FA000401CE3490860E248006800E06CE040F251
:101FB0000E618842E2DB0020F1F72EF84FF4C87082
:101FC000F2F723F80020DA49086019E006E0012062
:101FD00006F04CFBEEF744FD00B90BE0D749096869
:101FE000D74A1268881A002801DB014600E0414206
:101FF0000829ECDC00BFCE480068401CCC490860D2
:10200000CB480068FA28E1DB40F2DC5006F02EFBFA
:10201000C821CC480068FEF73DF89FEDC61A5FED79
:10202000490A07209FEDC80AF1F723F940F6C410CA
:1020300006F01CFB0020F0F7EFFF40F23520F1F72F
:10204000E4FF0020BA49086019E006E0012006F02C
:102050000DFBEEF705FD00B90BE0B8490968B84A79
:102060001268881A002801DB014600E04142082975
:10207000ECDC00BFAE480068401CAD490860AC48CD
:102080000068FA28E1DBC4E1B0480068012875D196
:10209000AF4800680028FAD1AE4800680028F6D1A1
:1020A000AD4800680028F2D140F20910F1F7ADFF09
:1020B00000209F49086019E006E0012006F0D6FAEA
:1020C000EEF7CEFC00B90BE09C4909689C4A126807
:1020D000881A002801DB014600E041420A29ECDCB5
:1020E00000BF93480068401C914908609048006810
:1020F000FA28E1DB9FED991A5FED800A08201FEDB9
:102100007C0AF1F7B6F800208949086014E006E07F
:10211000EEF7A6FC00B909E0012006F0A7FA4FF49B
:102120008071854803F0A2F80028F1D000BF8048F4
:102130000068401C7E4908607D48006840F20E61DE
:102140008842E4DB0020F0F767FF4FF4C870F1F736
:102150005CFF0020764908601AE006E0012006F0E6
:1021600085FAEEF77DFC00B90CE074490968744A01
:102170001268881A002802DB014601E04CE0414267
:102180000A29EBDC00BF6A480068401C6849086007
:1021900067480068FA28E0DB40F2DC5006F066FA97
:1021A000C82168480068FDF775FF9FED6C1A5FED68
:1021B000AD0A07209FED640AF1F75BF840F6C41002
:1021C00006F054FA0020F0F727FF40F23520F1F72F
:1021D0001CFF00205649086019E006E0012006F0C7
:1021E00045FAEEF73DFC00B90BE054490968544A42
:1021F0001268881A002801DB014600E041420A29E2
:10220000ECDC00BF4A480068401C49490860484867
:102210000068FA28E1DBFCE04C48006801286ED138
:102220004B48006801286AD14A480068E8BB4A4820
:102230000068D0BB4FF4C870F1F7E7FE00203C49BE
:10224000086019E006E0012006F010FAEEF708FC3D
:1022500000B90BE039490968394A1268881A002820
:1022600001DB014600E041420A29ECDC00BF3048B6
:102270000068401C2E4908602D480068FA28E1DB00
:1022800040F2DC5006F0F2F9C8212E480068FDF754
:1022900001FF9FED321A5FEDE70A07209FED2A0A42
:1022A000F0F7E7FF40F6C41000E028E006F0DEF9A2
:1022B00040F23520F1F7A9FE00201D49086019E021
:1022C00006E0012006F0D2F9EEF7CAFB00B90BE0F8
:1022D0001A4909681A4A1268881A002801DB01465F
:1022E00000E041420A29ECDC00BF11480068401CB4
:1022F0000F4908600E480068FA28E1DB89E01348BE
:102300000068012813D11248006801280FD1114834
:10231000006801287DD11048006840B94FF4C870AA
:10232000F1F773FE00200249086032E01FE070E020
:1023300078030020CDCC4C3F00000240BC000020C0
:10234000C8030020B8010020000000007C0200202B
:10235000800200208402002088020020CDCC4C3E68
:10236000012006F083F9EEF77BFB00B90BE0FE4994
:102370000968FE4A1268881A002801DB014600E05D
:1023800041420A29ECDC00BFF9480068401CF849CA
:102390000860F7480068FA28C8DB40F6C41006F069
:1023A00065F9C821F3480068FDF774FE1FED151AA2
:1023B000DFEDF10A07201FED1C0AF0F75AFF40F687
:1023C000C41006F053F940F23520F1F71EFE00204C
:1023D000E749086019E006E0012006F047F9EEF74A
:1023E0003FFB00B90BE0E0490968E04A1268881A2F
:1023F000002801DB014600E041420A29ECDC00BF75
:10240000DB480068401CDA490860D9480068FA28AF
:10241000E1DBDA480068012801D1FFF750FC002019
:10242000F0F7FAFD10BD10B5D5494842F3F7E3FBCC
:10243000D2480068002859D1D2480068002855D1F8
:10244000D1480068002851D140F20910F1F7DDFDB4
:102450000020C749086019E006E0012006F006F9EF
:10246000EEF7FEFA00B90BE0BF490968BF4A1268EF
:10247000881A002801DB014600E041420A29ECDC11
:1024800000BFBB480068401CB9490860B8480068F4
:102490003228E1DBB6EE001ADFEDB70A0A209FED25
:1024A000BB0AF0F7E6FE0020B149086014E006E040
:1024B000EEF7D6FA00B909E0012006F0D7F84FF49C
:1024C0008071B34802F0D2FE0028F1D000BFA848C6
:1024D0000068401CA6490860A548006840F20E61EB
:1024E0008842E4DB0020F0F797FD05E0A54800688E
:1024F000012801D1FFF7D4FC10BD10B5A548046830
:10250000F1F7F0FF40F20910F1F77FFD0020984944
:10251000086019E006E0012006F0A8F8EEF7A0FA3E
:1025200000B90BE090490968904A1268881A00289F
:1025300001DB014600E041420A29ECDC00BF8C4887
:102540000068401C8A490860894800683228E1DB3D
:102550004FF47A7006F08AF8B6EE001ADFED860ABC
:1025600008209FED8A0AF0F784FE00208049086069
:1025700014E006E0012006F079F8EEF771FA00B9F0
:1025800006E04FF48071824802F070FE0028F1D01E
:1025900000BF77480068401C7549086074480068AF
:1025A000FA28E6DB01207C4908600020F0F734FDC2
:1025B0007A48006888B97A48006870B97948006834
:1025C00058B97948006840B94FF47A712046FEF74F
:1025D00079F80020F0F720FD83E0704800680128BA
:1025E00011D16F48006870B96E48006858B96E48DC
:1025F000006840B94FF47A712046FEF763F8002076
:10260000F0F70AFD6DE065480068012832D16448A2
:10261000006801282ED16348006858BB62480068F2
:1026200040BBB6EE001ADFED540A05201FEDBA0AD2
:10263000F0F71FFE00204E49086013E006E001207D
:1026400006F014F8EEF70CFA00B905E0042157483B
:1026500002F00CFE0028F2D000BF45480068401C84
:1026600043490860424800689628E7DB0020F0F7FD
:10267000D3FC36E049480068012832D14848006858
:1026800001282ED14748006801282AD14648006811
:1026900038BBB6EE001ADFED380A05201FEDD60A6A
:1026A000F0F7E7FD00203249086013E006E0012062
:1026B00005F0DCFFEEF7D4F900B905E004213B4852
:1026C00002F0D4FD0028F2D000BF29480068401C69
:1026D00027490860264800689628E7DB0020F0F7C5
:1026E0009BFC10BD10B526494842F3F784FA2348F5
:1026F000006800287ED12348006800287FD1224846
:10270000006800287BD140F20910F1F77EFC002020
:102710001749086019E006E0012005F0A7FFEEF771
:102720009FF900B90BE010490968104A1268881A2D
:10273000002801DB014600E041420A29ECDC00BF31
:102740000B480068401C0A490860094800683228A4
:10275000E1DB4FF47A7005F089FFB6EE001ADFED89
:10276000060A082024E00000BC000020C803002066
:1027700078030020B8010020000061C4E8000020B8
:102780007CFCFFFFEC000020F00000200000614412
:1027900000000240B0010020940200207C020020D2
:1027A00080020020840200208802002000100240E5
:1027B0001FED0A0AF0F75DFD0020FE49086014E0F5
:1027C00006E0012005F052FFEEF74AF900B906E0F5
:1027D0004FF48071F84802F049FD0028F1D000BFA5
:1027E000F4480068401CF3490860F2480068FA2881
:1027F000E6DB00E003E00020F0F70EFC0CE0EF4821
:102800000068012802D1FFF778FE05E0EC48006877
:10281000012801D1FEF749FD0020F0F7FDFB10BDB6
:1028200010B5E8480068002874D1E748006800281F
:10283000FAD1E64800680028F6D1E548006800288B
:10284000F2D1F020E3490860E3480068E3490860FA
:10285000E348C07F40F00400E149C877F2F7E6FAA8
:102860000020D449086019E006E0012005F0FEFED2
:10287000EEF7F6F800B90BE0DA490968DA4A1268AF
:10288000881A002801DB014600E041420A29ECDCFD
:1028900000BFC8480068401CC6490860C5480068B9
:1028A000FA28E1DBB6EE001A5FED4D0A05201FEDB8
:1028B000490AF0F7DEFC0020BE49086014E006E09B
:1028C000EEF7CEF800B909E0012005F0CFFE4FF495
:1028D0008071B94802F0CAFC0028F1D000BFB548A9
:1028E0000068401CB3490860B248006840F20E61BD
:1028F0008842E4DB0020F0F78FFBB6EE001A5FEDB4
:10290000620A05209FEDB90AF0F7B3FC0020A9493F
:10291000086015E01CE006E0012005F0A7FEEEF7D8
:102920009FF800B906E04FF40061A34802F09EFC56
:102930000028F1D000BF9F480068401C9D490860F6
:102940009C4800689628E6DB0020F0F765FB61E014
:102950009C48006801285DD1A5480068002859D12D
:10296000F0209C490860A34800689C4908609C4886
:10297000C07F40F010009A49C877F2F757FA00205C
:102980008C49086019E006E0012005F06FFEEEF7C3
:1029900067F800B90BE093490968934A1268881AEE
:1029A000002801DB014600E041420A29ECDC00BFBF
:1029B00080480068401C7F4908607E480068FA280B
:1029C000E1DBB6EE001A5FED940A05209FED8A0A5E
:1029D000F0F74FFC00207749086014E006E0012082
:1029E00005F044FEEEF73CF800B906E04FF4006154
:1029F000714802F03BFC0028F1D000BF6D48006830
:102A0000401C6C4908606B4800689628E6DB002093
:102A1000F0F702FB69480068012838D1F1F762FD40
:102A2000B6EE001A5FEDAC0A08201FEDA80AF0F719
:102A300020FC00205F4908601AE006E0EEF710F87D
:102A400000B90FE0012005F011FE40216B4802F0B3
:102A50000DFC0028F2D04FF48071574802F006FCBC
:102A60000028EBD000BF53480068401C5149086063
:102A70005048006840F20E618842DEDB0020F0F72B
:102A8000CBFA4FF47A7005F0F1FDFEF76FFE10BD42
:102A900010B55B494842F1F78CFD40F20910F1F79F
:102AA000B4FA00204349086019E006E0012005F06F
:102AB000DDFDEDF7D5FF00B90BE04A4909684A4A48
:102AC0001268881A002801DB014600E041420A2909
:102AD000ECDC00BF37480068401C364908603548C8
:102AE00000683228E1DB35480068D8BB45480068FB
:102AF000C0BB33480068A8BBB6EE001A5FEDE20A1F
:102B00000A201FEDDE0AF0F7B4FB00202949086017
:102B10001AE006E0EDF7A4FF00B90FE0012005F090
:102B2000A5FD4021354802F0A1FB0028F2D04FF46A
:102B30008071214802F09AFB0028EBD000BF1D48AD
:102B40000068401C1B4908601A48006840F20E618A
:102B50008842DEDB0020F0F75FFA4FF47A7005F070
:102B600085FD70E0FFE71548006801285ED1B6EEEC
:102B7000001ADFED250A08201FEDFC0AF0F779FBAB
:102B800000200C49086014E006E0EDF769FF00B989
:102B900009E0012005F06AFD4FF48071064802F05B
:102BA00065FB0028F1D000BF02480068401C0149C5
:102BB00008602BE07803002000000240E8000020BD
:102BC000F00000207C02002080020020840200200F
:102BD00088020020F8030020A8010020D403002070
:102BE00004000020BC000020C80300200000E144D5
:102BF0008C020020AC010020000000000004024014
:102C00007CFCFFFFEC000020000061C4FE4800686F
:102C100040F20E618842B7DB0020F0F7FDF94FF477
:102C20007A7005F023FDFEF7A1FD0CE0F74800687F
:102C3000012802D1FFF7F4FD05E0F54800680128FE
:102C400001D1FEF777FE10BD10B5F2494842F1F709
:102C5000B0FCF148006800285FD1EC48006800280B
:102C60005BD1EB480068002857D140F20910F1F71A
:102C7000CCF90020E449086019E006E0012005F0E5
:102C8000F5FCEDF7EDFE00B90BE0E4490968E44A14
:102C90001268881A002801DB014600E041420A2937
:102CA000ECDC00BFD8480068401CD7490860D64813
:102CB00000683228E1DBB6EE001A5FED2D0A0A202B
:102CC0009FEDD80AF0F7D5FA0020CF4908601AE046
:102CD00006E0EDF7C5FE00B90FE0012005F0C6FCE7
:102CE0004021D14802F0C2FA0028F2D04FF480719E
:102CF000CE4802F0BBFA0028EBD000BFC248006803
:102D0000401CC1490860C048006840F20E6188421A
:102D1000DEDB0020F0F780F90CE0BF4800680128F6
:102D200002D1FEF7CCFF05E0B8480068012801D1C8
:102D3000FFF7B6F810BD10B5BD480468F1F7D2FB37
:102D40004FF4FF70F1F761F9B6EE001A5FED520A29
:102D500008209FEDB40AF0F78CFA0020AA49086019
:102D600019E006E0012005F081FCEDF779FE00B9DD
:102D70000BE0AA490968AA4A1268881A002801DBF0
:102D8000014600E041420A29ECDC00BF9E48006891
:102D9000401C9D4908609C480068FA28E1DB00203F
:102DA0009949086020E006E0EDF75AFE00B915E009
:102DB000012005F05BFC4FF480719C4802F056FA4C
:102DC0000128F1D04021984802F050FA0128EBD0B8
:102DD0008021954802F04AFA0028E5D000BF8A48D1
:102DE0000068401C884908608748006840F20E610E
:102DF0008842D8DB0020F0F70FF901208D490860E8
:102E00008D48006890BB8D48006878BB8C4800688E
:102E100060BB8C48006848BBB6EE001A5FED860ABE
:102E200005201FED8E0AF0F724FA0020764908608D
:102E300014E006E0012005F019FCEDF711FE00B9E1
:102E400006E04FF48051794802F010FA0028F1D0E2
:102E500000BF6D480068401C6B4908606A48006804
:102E60009628E6DB0020F0F7D7F87AE0FFE7724813
:102E70000068012833D17148006878BB7048006849
:102E800060BB7048006848BBB6EE001A5FEDA20A4E
:102E900005201FEDAA0AF0F7ECF900205A49086056
:102EA00014E006E0012005F0E1FBEDF7D9FD00B9E3
:102EB00006E04FF480515D4802F0D8F90028F1D0C7
:102EC00000BF51480068401C4F4908604E480068E8
:102ED0009628E6DB0020F0F79FF842E0FFE756482F
:102EE000006801281CD155480068012818D15448B1
:102EF0000068A8B95348006890B9B6EE001A5FEDB3
:102F0000BE0A05209FED470AF0F7B3F94FF4FA60C7
:102F100005F0ACFB4FF47A712046FDF7BBF820E0DA
:102F20004548006801281CD144480068012818D190
:102F300043480068012814D14248006888B9B6EEB9
:102F4000001A5FEDCF0A05209FED360AF0F791F9E0
:102F50004FF4FA6005F08AFB4FF47A712046FDF7D2
:102F600099F840F23520F1F750F810BD10B532480D
:102F70000068002872D13148006800286ED13048BE
:102F8000006800286AD12F480068002866D1F02028
:102F90002D4908602D4800682D4908602D48C07FE4
:102FA00040F004002B49C877F1F740FF0020164994
:102FB000086019E006E0012005F058FBEDF750FD30
:102FC00000B90BE015490968154A1268881A0028EB
:102FD00001DB014600E041420A29ECDC00BF0A485F
:102FE0000068401C0849086007480068FA28E1DBCF
:102FF000B6EE001A5FEDFC0A05209FED170AF0F708
:1030000038F9002000492AE078030020EC00002075
:10301000F00000207CFCFFFFE8000020BC00002046
:10302000C803002000006144000402400000024088
:10303000B8010020940200207C02002080020020C1
:103040008402002088020020F80300209001002064
:10305000D4030020040000200000E1441DE00860CB
:1030600013E006E0012005F001FBEDF7F9FC00B9E3
:1030700005E00121FE4802F0F9F80028F2D000BF77
:10308000FC480068401CFB490860FA480068962824
:10309000E7DB0020EFF7C0FF8DE0F748006801286C
:1030A000FAD1F64800680028F6D1F020F44908600B
:1030B000F4480068F4490860F448C07F40F010000C
:1030C000F249C877F1F7B2FE0020EA49086019E03A
:1030D00006E0012005F0CAFAEDF7C2FC00B90BE0EA
:1030E000EB490968EB4A1268881A002801DB01469F
:1030F00000E041420A29ECDC00BFDE480068401CC9
:10310000DC490860DB480068FA28E1DBB6EE001A0B
:10311000DFEDE10A05201FED3D0AF0F7AAF80020D7
:10312000D449086019E006E0EDF79AFC00B90EE01A
:10313000012005F09BFA4FF48071D84802F096F810
:1031400028B98021D54802F091F80028ECD000BFC2
:10315000C8480068401CC7490860C648006840F27B
:103160000E618842DFDBB6EE001ADFEDCB0A0520E8
:103170001FED470AF0F77DF80020BE49086013E014
:1031800006E0012005F072FAEDF76AFC00B905E0EF
:103190000121B74802F06AF80028F2D000BFB54814
:1031A0000068401CB3490860B24800689628E7DB15
:1031B0000020EFF731FFBA480068012801D1FFF77E
:1031C000BAFD10BD10B5AC48006800287AD1B548EA
:1031D00000680028FAD1B44800680028F6D1B34846
:1031E00000680028F2D14FF4FF70F0F70EFFB6EE42
:1031F000001ADFEDA90A08201FED760AF0F739F86A
:1032000000209C49086019E006E0012005F02EFA34
:10321000EDF726FC00B90BE09D4909689D4A12684C
:10322000881A002801DB014600E041420A29ECDC53
:1032300000BF90480068401C8E4908608D480068B7
:10324000FA28E1DB01209A490860002089490860DA
:1032500014E006E0EDF704FC00B909E0012005F0F8
:1032600005FA4FF48071934802F000F80128F1D07C
:1032700000BF80480068401C7E4908607D480068A7
:1032800040F20E618842E4DB4FF47A718A480068AC
:10329000FCF700FFB6EE001ADFED7F0A06209FED77
:1032A000870AEFF7E6FF4FF4FA6005F0DFF9002038
:1032B000EFF7B2FE40F23520F0F7A7FE00206D498F
:1032C00008601AE01EE006E0012005F0CFF9EDF7F6
:1032D000C7FB00B90BE06E4909686E4A1268881A8C
:1032E000002801DB014600E041420A29ECDC00BF76
:1032F00060480068401C5F4908605E480068FA2822
:10330000E1DBACE15C48006801287AD165480068DF
:103310000028FAD1644800680028F6D163480068A4
:103320000028F2D14FF4FF70F0F76FFEB6EE001AEE
:10333000DFED590A08201FEDC50AEFF79AFF0020BC
:103340004C49086019E006E0012005F08FF9EDF71F
:1033500087FB00B90BE04E4909684E4A1268881A8B
:10336000002801DB014600E041420A29ECDC00BFF5
:1033700040480068401C3F4908603E480068FA2801
:10338000E1DB01204A49086000203A49086014E066
:1033900006E0EDF765FB00B909E0012005F066F9EC
:1033A0004FF48071434801F061FF0128F1D000BF64
:1033B00030480068401C2F4908602E48006840F2E1
:1033C0000E618842E4DB4FF47A713B480068FCF7F9
:1033D00061FEB6EE001ADFED300A06209FED370AD7
:1033E000EFF747FF4FF4FA6005F040F90020EFF7E0
:1033F00013FE40F23520F0F708FE00201D4908605A
:103400001AE01EE006E0012005F030F9EDF728FB98
:1034100000B90BE01E4909681E4A1268881A002884
:1034200001DB014600E041420A29ECDC00BF114803
:103430000068401C0F4908600E480068FA28E1DB6C
:103440000DE10D48006801283AD1164800680128AE
:1034500036D11548006898BB1448006880BB4FF40B
:103460007A7115480068FCF715FE0120104928E024
:1034700000040240780300207C0200208C0200201F
:10348000F803002094010020D40300200400002051
:10349000BC000020C8030020000061C400100240EE
:1034A000E800002080020020840200208802002022
:1034B0009C02002000000240B80100200000000033
:1034C0005AE00860B6EE001A5FED0D0A05209FED88
:1034D000F60AEFF7CEFE0020F449086011E006E09E
:1034E000012005F0C3F8EDF7BBFA00B903E0F0489E
:1034F00000681F28F4DC00BFEC480068401CEB4962
:103500000860EA4800689628E9DB9FEDEA1A5FED5B
:103510001E0A06201FED170AEFF7ABFE4FF4FA6004
:1035200005F0A4F80020EFF777FD40F23520F0F722
:103530006CFD0020DD49086019E006E0012005F07F
:1035400095F8EDF78DFA00B90BE0DB490968DB4A25
:103550001268881A002801DB014600E041420A296E
:10356000ECDC00BFD1480068401CD0490860CF485F
:103570000068FA28E1DB72E0D148006801286ED1CA
:10358000D048006801286AD1CF480068012866D178
:10359000CE480068F0BB4FF47A71CD480068FCF764
:1035A00079FD0120CB490860B6EE001A5FED460AAE
:1035B00005209FEDBD0AEFF75CFE0020BB490860C7
:1035C00011E006E0012005F051F8EDF749FA00B9E5
:1035D00003E0B74800681F28F4DC00BFB348006868
:1035E000401CB2490860B14800689628E9DB9FEDAD
:1035F000B11A5FED570A06201FED500AEFF739FEAA
:103600004FF4FA6005F032F80020EFF705FD40F2C4
:10361000352000E023E0F0F7F8FC0020A349086023
:1036200019E006E0012005F021F8EDF719FA00B9DC
:103630000BE0A1490968A14A1268881A002801DB39
:10364000014600E041420A29ECDC00BF97480068CF
:10365000401C9649086095480068FA28E1DB9E48BE
:103660000068012801D1FFF766FB0020EFF7D4FCCA
:1036700010BD10B599494842F0F79BFF9648006885
:10368000002870D19648006800286CD195480068E1
:10369000002868D1F0F7B2FC93480068FA309349EB
:1036A000086093480068F03084490860B6EE001A5C
:1036B0005FED870A0A209FED7C0AEFF7DAFD002014
:1036C0007A49086019E006E0012004F0CFFFEDF729
:1036D000C7F900B90BE078490968784A1268881A76
:1036E000002801DB014600E041420A29ECDC00BF72
:1036F0006E480068401C6D4908606C480068FA28F4
:10370000E1DB0020694908601AE006E0EDF7A8F95E
:1037100000B90FE0012004F0A9FF4FF48071754853
:1037200001F0A4FD0128F1D08021734801F09EFD35
:103730000028EBD000BF5D480068401C5B49086072
:103740005A48006840F20E618842DEDB6248006839
:10375000012803D140F23520F0F757FC0020EFF7A5
:103760005BFC14E0FFE75C480068012802D1FFF72A
:10377000E2FA0CE05A480068012802D1FFF722FD66
:1037800005E058480068012801D1FFF7EFFB002051
:10379000EFF742FC10BD10B5584804684F49484245
:1037A000F2F729FA4C48006800286CD14C480068B0
:1037B000002868D14B480068002864D1F0F71EFC4F
:1037C00049480068FA304949086049480068F030C3
:1037D0003A490860B6EE001A5FEDD10A08209FED65
:1037E000320AEFF746FD00203049086019E006E094
:1037F000012004F03BFFEDF733F900B90BE02E494F
:1038000009682E4A1268881A002801DB014600E088
:1038100041420A29ECDC00BF24480068401C2349CF
:10382000086022480068FA28E1DB00201F49086090
:103830001AE006E0EDF714F900B90FE0012004F0FA
:1038400015FF4FF480712B4801F010FD0128F1D0D5
:103850008021294801F00AFD0028EBD000BF134861
:103860000068401C114908601048006840F20E6171
:103870008842DEDB18480068012811D140F235206B
:10388000F0F7C3FB0CE014480068012802D1FFF7F1
:1038900052FA05E012480068012801D1FFF792FCB6
:1038A0000020EFF7B9FB10BD000061447803002051
:1038B00098000020CDCC4C3EBC000020C803002066
:1038C0007C02002080020020840200208802002068
:1038D000B80100209C020020E80000207CFCFFFFD3
:1038E000EC000020F0000020B4030020BC03002006
:1038F000C00300200000024000040240B00100208C
:1039000010B5FE494842F1F79CFEF0F777FBFC4802
:103910000068FA30FB490860FB480068F030FB495A
:103920000860B6EE001ADFEDFA0A0A201FED220A3F
:10393000EFF79FFC0020F749086019E006E0EDF77B
:103940008FF800B90EE0012004F090FEF2490968FA
:10395000EE4A1268881A002801DB014600E0414265
:103960000729ECDC00BFEB480068401CE94908600F
:10397000E84800689628E1DB0020E64908601DE081
:1039800009E0012004F072FEEDF76AF800B90FE0DB
:10399000012004F06BFE4FF48071E04801F066FCFA
:1039A0000128EED08021DE4801F060FC0028E8D03C
:1039B00000BFD8480068401CD6490860D548006858
:1039C00040F20E618842DBDB4FF4FA6004F04EFEF9
:1039D0000020EFF721FBD3480068012805D1FDF74F
:1039E000C5FE4FF41170F0F710FB0020EFF714FB49
:1039F00010BD70B5CC480468CC480568BF49484242
:103A0000F0F7D7FDF0F7FAFABD480068FA30BD4983
:103A10000860BD480068F030BC490860B6EE001A86
:103A2000DFEDBB0A08201FED600AEFF722FC002043
:103A3000B849086019E006E0012004F017FEEDF730
:103A40000FF800B90BE0B4490968B04A1268881A47
:103A5000002801DB014600E041420A29ECDC00BFFE
:103A6000AC480068401CAB490860AA480068FA28C6
:103A7000E1DB0020A74908601AE006E0ECF7F0FF60
:103A800000B90FE0012004F0F1FD4FF48071A3486C
:103A900001F0ECFB0128F1D08021A14801F0E6FB08
:103AA0000028EBD000BF9B480068401C9949086083
:103AB0009848006840F20E618842DEDB4FF47A706D
:103AC00004F0D4FD97480068012803D140F2352066
:103AD000F0F79BFA9348006801281FD194490860C9
:103AE00094480068D8B994480068C0B99348006801
:103AF000A8B99348006890B9B6EE001ADFED840AC1
:103B000005201FED970AEFF7B4FB4FF4FA6004F0BD
:103B1000ADFD4FF47A712046FCF7D4FD61E0854895
:103B2000006801281BD184480068C0B98348006838
:103B3000A8B98348006890B9B6EE001ADFED740AA0
:103B400005201FEDA70AEFF794FB4FF4FA6004F08D
:103B50008DFD4FF47A712046FCF7B4FD41E07548C5
:103B6000006801281CD174480068012818D17348E6
:103B70000068A8B97248006890B9B6EE001ADFED87
:103B8000640A05201FEDB80AEFF773FB4FF4FA60E3
:103B900004F06CFD4FF47A712846FCF77BFA20E0C4
:103BA0006448006801281CD163480068012818D1C6
:103BB00062480068012814D16148006888B9B6EEEF
:103BC000001ADFED530A05201FEDC90AEFF751FB7C
:103BD0004FF4FA6004F04AFD4FF47A712846FCF77E
:103BE00059FA0020EFF718FA70BD10B54349484262
:103BF000F1F727FD40F20910F0F707FA00204549D8
:103C0000086019E006E0012004F030FDECF728FF21
:103C100000B90BE0404909683C4A1268881A00283C
:103C200001DB014600E041420A29ECDC00BF3948D3
:103C30000068401C37490860364800683228E1DBDC
:103C4000B6EE001ADFED320A0A201FEDE90AEFF79F
:103C500010FB00202F49086014E006E0012004F06A
:103C600005FDECF7FDFE00B906E04FF480712B482E
:103C700001F0FCFA0028F1D000BF26480068401C83
:103C80002449086023480068FA28E6DB0320EFF7A0
:103C9000C3F924480068012801D1FDF767FD10BD74
:103CA00010B5F6F786FE1F48006801285FD1F0F7CF
:103CB00019FCB6EE001ADFED160A08209FED210A66
:103CC000EFF7D7FA00201349086041E006E0ECF76F
:103CD000C7FE00B90FE0012004F0C8FC40211048E5
:103CE00001F0C4FA0028F2D04FF480710B4801F0C3
:103CF000BDFA0028EBD000BF064825E07CFCFFFFA2
:103D0000B4030020BC030020C0030020C80300202F
:103D1000000061C478030020BC00002000000240C5
:103D200000040240E8000020B0010020B80100209B
:103D3000940200207C0200208002002084020020E7
:103D400088020020000061440068401CFA490860B5
:103D5000F948006840F20E618842B7DB0020EFF7B7
:103D60005BF94FF47A7004F081FCFDF7FFFC002052
:103D7000EFF752F910BD10B5F6F79DFB9FEDEF1A66
:103D80005FED100A09209FEDEE0AEFF772FA4FF48B
:103D90007A6004F06BFC0020EFF73EF9E948006818
:103DA000012801D1FEF7A9FB0020EFF735F910BD7E
:103DB00010B5F6F7FEFD0020EFF72EF9E148006898
:103DC000012832D1F0F78EFBB6EE001A5FED300A13
:103DD00008201FED240AEFF74CFA0020D6490860AE
:103DE00014E006E0ECF73CFE00B909E0012004F025
:103DF0003DFC4FF48071D44801F038FA0028F1D02E
:103E000000BFCD480068401CCB490860CA48006824
:103E100040F20E618842E4DB0020EFF7FDF84FF43A
:103E20007A7004F023FCFDF7A1FC0020EFF7F4F812
:103E300010BD10B5F6F7BDFD0020EFF7EDF8C14855
:103E40000068012801D1FEF776FF0020EFF7E4F8C3
:103E500010BD10B5F7F72BF90020EFF7DDF8B948E2
:103E60000068012801D1F6F73BFC10BD10B5F6F74C
:103E7000F1FF9FEDB61A5FED5A0A0C209FEDB40AD0
:103E8000EFF7F7F941F2883004F0F0FB0020EFF78C
:103E9000C3F8AC480068012803D1F0F723FBFDF715
:103EA000FFFF10BD10B5F6F7D5FFB6EE001A5FEDB7
:103EB000680A0C209FEDA70AEFF7DBF941F2883082
:103EC00004F0D4FB0020EFF7A7F89E480068012813
:103ED00003D1F0F707FBFEF72EFF10BD10B540F23F
:103EE000B720F0F792F800209349086019E006E047
:103EF000012004F0BBFBECF7B3FD00B90BE09649E1
:103F00000968964A1268881A002801DB014600E019
:103F100041420A29ECDC00BF87480068401C864902
:103F20000860854800689628E1DBF0F7DBFA4FF47B
:103F30007A718B4800680A30FCF7ACF80020EFF784
:103F40006BF8B6EE001A5FED8E0A06201FED830AAD
:103F5000EFF78FF900207849086013E006E00120B0
:103F600004F084FBECF77CFD00B905E080217D487E
:103F700001F07CF90028F2D000BF6F480068401CB7
:103F80006D4908606C48006840F21A418842E5DBE0
:103F90000A20EFF741F86B480068012827D17248E2
:103FA000006801280FD17148006860B97048006846
:103FB00048B97048006830B94FF47A716E480068AB
:103FC000FCF768F813E06848006801280FD16748DB
:103FD000006801280BD16648006840B96548006850
:103FE00028B94FF47A715E480068FCF753F8002056
:103FF000EFF712F8B6EE001A5FEDBB0A06201FEDD0
:10400000AF0AEFF736F900204B49086013E006E0ED
:10401000012004F02BFBECF723FD00B905E0802123
:10402000504801F023F90028F2D000BF4248006850
:10403000401C414908604048006840F21A418842EB
:10404000E5DB4FF4FA6004F011FB0020EEF7E4FF2B
:1040500010BD10B5F0F746FA4FF47A714748006882
:10406000FCF718F837480068012803D140F23F20D8
:10407000EFF7CBFF9FED311A5FEDDB0A06201FED56
:10408000CF0AEFF7F6F800202B49086013E006E0AE
:10409000012004F0EBFAECF7E3FC00B905E0802125
:1040A000304801F0E3F80028F2D000BF2248006851
:1040B000401C214908602048006840F21A418842AB
:1040C000E5DB4FF4FA6004F0D1FA0A20EEF7A4FF22
:1040D00001202B4908604FF47A7128480068FBF7EB
:1040E000D9FF10BD10B5F0F7FDF94FF47A712348F0
:1040F0000068FBF7CFFF0020EEF78EFF1148006845
:10410000012803D140F23F20EFF77FFFB6EE001AFF
:10411000DFED1C0A06201FEDF50AEFF7AAF80020D4
:10412000054908603CE02FE0012004F09FFAECF71D
:1041300097FC00B92EE027E0780300209A99993E79
:10414000000016C3E800002000000240CDCC4C3F28
:104150000040E2440000E144BC000020C80300200D
:1041600000020020000402407C02002080020020A7
:104170008402002088020020FC010020F4010020BD
:10418000F4000020000061C48021FC4801F06EF8BA
:104190000028C9D000BFFA480068401CF8490860F0
:1041A000F748006840F21A418842BCDB0A20EEF76B
:1041B00033FF4FF47A71F3480068FBF76BFFB6EEFC
:1041C000001A5FED100A06209FEDEF0AEFF751F895
:1041D0000020EB49086013E006E0012004F046FAF5
:1041E000ECF73EFC00B905E08021E44801F03EF820
:1041F0000028F2D000BFE2480068401CE049086097
:10420000DF48006840F21A418842E5DB4FF4FA606B
:1042100004F02CFA0120DD4908600020EEF7FCFED6
:1042200010BD10B540F2B720EFF7EFFE0020D449E3
:10423000086019E006E0012004F018FAECF710FC21
:1042400000B90BE0D2490968D24A1268881A0028DE
:1042500001DB014600E041420A29ECDC00BFC8480E
:104260000068401CC6490860C54800689628E1DB24
:10427000F0F738F9C8490968A1F10A004FF47A71DA
:10428000FBF708FFB6EE001A5FED420A06209FED2D
:10429000BE0AEEF7EEFF0020B949086013E006E021
:1042A000012004F0E3F9ECF7DBFB00B905E0802125
:1042B000B24800F0DBFF0028F2D000BFB048006831
:1042C000401CAF490860AE48006840F21A4188427D
:1042D000E5DB0A20EEF7A0FEB0480068012827D1F0
:1042E000AF48006801280FD1AE48006860B9AE48F9
:1042F000006848B9AD48006830B94FF47A71A648F3
:104300000068FBF7C7FE13E0A548006801280FD13D
:10431000A448006801280BD1A348006840B9A3480D
:10432000006828B94FF47A71A1480068FBF7B2FE23
:10433000B6EE001A5FED6D0A06209FED930AEEF7C8
:1043400098FF00208E49086013E006E0012004F089
:104350008DF9ECF785FB00B905E08021874800F076
:1043600085FF0028F2D000BF85480068401C8449C2
:1043700008608348006840F21A418842E5DB4FF448
:10438000FA6004F073F90020EEF746FE10BD30B578
:1043900000201AE0002115E0002210E0854B00EB20
:1043A000801404EB4404844D05EBC40401EB810547
:1043B00005EBC10504EB850444F82230521C0D2A9C
:1043C000ECDB491C1E29E7DB401C1E28E2DB7B4C92
:1043D0007B4BC3F80C427B4CC3F810427A4CC3F8B9
:1043E0001442AFF2C114744BC3F83C4EAFF20B341D
:1043F000C3F8404EAFF2A534744BC3F81042AFF28D
:104400002354C3F81442724C724BC3F83844724CB4
:10441000C3F83C446E4CC3F84044704C664B9C63FC
:104420006F4CDC636D4C1C646E4C5C646C4C9C6427
:10443000DC641C655C656B4C9C65DC651C665C66BD
:10444000AFF29F54DC67C3F88040AFF2DF54C3F88B
:104450008840C3F89440AFF20564C3F88C40C3F8B9
:104460009840AFF23164C3F8AC40AFF2BB64C3F81C
:10447000B040AFF2D374C3F8B840AFF20574C3F8DC
:10448000BC40AFF2E374C3F8C440574CC3F8C84013
:10449000AFF6A904C3F8EC46AFF6A924C3F8F0467A
:1044A000AFF6A334C3F8F446AFF61554C3F8F84694
:1044B000AFF64164C3F8FC464C4CC3F800474C4C83
:1044C000C3F80447494CC3F808474A4CC3F80C47A3
:1044D000494CC3F81047494CC3F81447484CC3F83B
:1044E000184730BD1CB54748006800B91CBDF9F736
:1044F00098FE6846EDF70EFC08B39DF802001E28F2
:104500001DDA9DF803001E2819DA9DF804000D2815
:1045100015DA9DF8021001EB811101EB4101264AE9
:1045200002EBC1019DF8032002EB820303EBC20200
:1045300001EB82019DF8042051F822008047002001
:104540003149087000BFD1E70EB5B7EE001A5FED34
:10455000F30A06209FED2D0AEEF78BFE40F2DC50A9
:1045600004F084F864202A49086040F25B2029495D
:10457000086000200249086068E000000004024072
:1045800078030020F401002000006144F4000020C2
:10459000BC000020C8030020EC010020E80000203F
:1045A0007C0200208002002084020020880200207B
:1045B000F0010020ABE000088C0900202F0A010860
:1045C0007C4600204F0A01086F0A0108D41B002016
:1045D000A70A01086C8300208F0A010899A000082F
:1045E00033A20008B7B3000847AE0008912A0108BB
:1045F000492C0108E526010827240108E51B0108CC
:104600003D160108540200205D0200200000E14434
:10461000F8030020D403002006E0012004F026F86F
:10462000ECF71EFA00B90BE0FA490968FA4A126879
:10463000881A002801DB014600E041420529ECDC34
:1046400000BFF6480068401CF4490860F348006861
:104650009628E1DB0020F14908601EE013E01420F9
:104660006FF0C7010122A823CDE900210290EC4A96
:1046700051420620F2F77BFB012003F0F7FFECF735
:10468000EFF900B903E0E74800686728E7DB00BFFF
:10469000E2480068401CE1490860E048006840F2D8
:1046A00026218842DADB0020EEF7B6FC4FF47A715F
:1046B000A820FBF7EFFC0020EEF7AEFC0EBD10B516
:1046C000D948C07F40F08000D749C8770846C07FEE
:1046D00040F02000C8770020D04908601BE006E0C9
:1046E000012003F0C3FFECF7BBF900B90DE04FF474
:1046F0000061CE4800F0BAFD0128F1D04FF400610E
:10470000CA4800F0B3FD0128EAD000BFC3480068E2
:10471000401CC2490860C14800683228DFDBFCF752
:10472000F7FB0020EEF778FC10BD10B50020BB4968
:10473000086011E006E0012003F098FFECF790F923
:1047400000B903E0BA4800683228F4DC00BFB3487F
:104750000068401CB1490860B0480068B0F57A7F35
:10476000E8DBB14890F8230040F00100AE4981F841
:10477000230048F6B80003F079FF0120AD49086036
:1047800010BD10B54FF4947240F27261A120FBF796
:1047900083F8FFF7CAFFA7480068012801D1FFF797
:1047A000A1FEA5480068012805D16920FCF722FA7E
:1047B0000220A1490860A0480068022804D1FCF743
:1047C00065FD03209C4908609B480068032804D1CC
:1047D000FFF7BAFE0420984908609748006804284B
:1047E00004D1FFF76CFF05209349086010BD10B598
:1047F000FFF778FE90480068012805D16A20FCF791
:10480000F9F902208C4908608B480068022804D11D
:10481000FCF73CFD032088490860874800680328AE
:1048200004D1FFF791FE04208349086082480068A4
:10483000042804D1FFF743FF05207F49086010BD1D
:1048400010B500207549086041E02CE04FF400618C
:104850007A4800F00BFD50B90121744800F006FDC4
:1048600028B904216E480A38EEF7F9FC14E04FF439
:1048700000516E4800F0FAFC58B94FF400617048DE
:1048800000F0F4FC28B9042140F28E30EEF7E7FC8A
:1048900002E00020EEF7C0FB012003F0E7FEECF79A
:1048A000DFF800B90DE04FF40061644800F0DEFC71
:1048B0000028CBD04FF400515C4800F0D7FC002812
:1048C000C4D000BF55480068401C54490860534894
:1048D0000068C828B9DB0020EEF79EFB10BD10B5BC
:1048E000F6F7A6FC0020EEF797FB56480068012873
:1048F00032D1EFF7F7FDB6EE001ADFED530A0820CC
:104900001FEDDF0AEEF7B5FC00204449086014E013
:1049100006E0ECF7A5F800B909E0012003F0A6FED7
:104920004FF48071464800F0A1FC0028F1D000BF90
:104930003A480068401C394908603848006840F22D
:104940000E618842E4DB0020EEF766FB4FF47A70DC
:1049500003F08CFEFCF70AFF10BD10B5044600BF43
:1049600080213A4802F03BFC0028F9D02146374824
:1049700002F085FB10BD38B505462A4634A16846CD
:1049800004F028FE6C4603E02078FFF7E6FF641C85
:1049900020780028F8D138BD09E01120EEF736F86C
:1049A00001212D4802F040FB0F2003F05FFEF4E7E9
:1049B00017E0EEF777FFEFF7F5F8EFF748F927483C
:1049C000006808B9EFF748FA2548006808B9EFF71A
:1049D00093F92448006808B9EFF7E4F9032003F0DD
:1049E00045FEE6E714E020480068012801D1F5F70C
:1049F000A1F91E480068012801D1F5F719F91C48F2
:104A00000068012801D1F5F713F9032003F02EFE09
:104A1000E9E70000B0000020D40300207803002064
:104A20007CFCFFFF9C0000200400002000040240EA
:104A3000A8000020E000002090020020000C0240AE
:104A400000000240E8000020000061C400100140A6
:104A50002530325820000000004800404804002063
:104A60004C040020500400209402002098020020F2
:104A70009C02002004E0EEF784FE032003F0F6FD24
:104A8000F9E71FB5ECF7C2F8ECF7FFF8ECF76BFBB2
:104A9000ECF740FCECF732FDECF7B7FCECF7A6FDC9
:104AA000ECF794F94FF4E130ECF7A1FE4FF4E1306C
:104AB000ECF72AFF4FF4E130ECF7B3FF4FF4E130AD
:104AC000EDF755F84FF46120EDF767FA4FF4E13058
:104AD000EDF742FBEEF744F800208C490860EDF753
:104AE00078FC002000900190029003464FF4807201
:104AF00087A103908B4803F07AFB0020009001907F
:104B0000029003464FF4807287A103908B4803F014
:104B10006EFB002000900190029003464FF48072DB
:104B200087A103908B4803F062FB4FF47A7003F087
:104B30009DFD2820884908603C20884908608848F5
:104B400000688849086088480068884908606420CF
:104B5000874908608748006887490860FA208749C4
:104B600008608748006887490860FA20864908601D
:104B70008648006886490860EDF72BFCA6E09CE0BB
:104B80001E210520F6F724FFF2F791FCF2F7FCFC5A
:104B9000F2F7FDFBF6F7E9FE7E480068282807DA01
:104BA0007D4890F8230040F001007B4981F8230004
:104BB0007A48007800F0020008B1F2F7ECFD02211B
:104BC000774800F053FB002840D1FFF7E0FB734823
:104BD000407800F0200048B17048807930B16F48CB
:104BE000C07918B96F494842EFF7E3FC6B48407849
:104BF00000F0100048B16948807930B16748C07949
:104C000018B968494842F0F71CFD6448407800F044
:104C1000040048B16148807930B16048C07918B962
:104C200060494842F0F7E7FF5C48407800F0080030
:104C3000002842D05948807900283ED05748C07992
:104C4000D8BB58494842F1F7F1FE36E0F9F72EFAA1
:104C50005248407800F0200038B15048807920B1A7
:104C60004E48C07908B9FAF787FD4C48407800F003
:104C7000100038B14948807920B14848C07908B956
:104C8000F9F7D6FF4548407800F0040040B14348AA
:104C9000807928B14148C07910B99A20FAF7C9FB48
:104CA0003E48407800F0080038B13C48807920B197
:104CB0003A48C07908B9FAF7D8F83848007800F0CF
:104CC000010000287FF45CAFEEF7A6F957E71FB5A7
:104CD000002000900190029003464FF4807232A1B0
:104CE0000390344803F083FA002000900190029072
:104CF00003464FF4807230A10390324803F077FAF4
:104D000003F08EFE002004B010BD0000440400201B
:104D10007461736B526F626F74416E616C79746908
:104D200063730000754A01087461736B44696575AB
:104D30004B6869656E436F4361750000E549010882
:104D40007461736B446965754B6869656E436F4345
:104D500061753100B1490108F0030020F40300201F
:104D6000B8000020BC030020BC000020C8030020C5
:104D7000F803002078010020D4030020FC03002069
:104D8000BC010020E003002000040020C00100203E
:104D9000EC030020A8000020040000207D07002074
:104DA000000402407CFCFFFF7461736B4D61696E0F
:104DB00000000000834A01087461736B4779726FC9
:104DC00000000000994901080CB5002001900090F6
:104DD0007248006840F480307049086000BF6F4836
:104DE000006800F4003000900198401C0190009889
:104DF00018B90198B0F5A06FF1D16848006800F4C7
:104E0000003010B10120009001E0002000900098D7
:104E1000012846D161484030006840F080505F4929
:104E2000403108605E48006840F480405C4908609A
:104E30005A48083000685949083108600846006837
:104E400040F4004008600846006840F4A050086044
:104E50005448091F0860081F006840F08070091F4F
:104E6000086000BF4D48006800F000700028F9D0CD
:104E700040F205604C49086048480830006820F05E
:104E800003004649083108600846006840F0020007
:104E9000086000BF41480830006800F00C00082896
:104EA000F8D10CBD10B53D48006840F001003B4909
:104EB00008600020394908310860384800683B49DB
:104EC0000840364908603A48091D0860081F006814
:104ED00020F48020091F0860002030490C31086050
:104EE000FFF772FF4FF000603249086010BD70B5E7
:104EF00000200022022300240221284D08352D68BD
:104F000005F00C0020B1042806D0082834D107E0B1
:104F1000294D2A4E356033E0294D284E35602FE06B
:104F20001E4D2D1D2D68C5F380541C4D2D1D2D6863
:104F300005F03F0154B1224DB5FBF1F5174E361D7A
:104F40003668C6F3881605FB06F209E01A4DB5FB74
:104F5000F1F5124E361D3668C6F3881605FB06F2CB
:104F60000E4D2D1D2D68C5F301456D1C6B00B2FB68
:104F7000F3F5124E356003E00F4D104E356000BF63
:104F800000BF064D08352D68C5F303150D4E705D45
:104F90000A4D2D68C540094E356070BD003802408D
:104FA0000070004008544007003C0240FFFFF6FE3E
:104FB0001030002408ED00E00024F400C4040020B8
:104FC00000127A00C80400200648804706480047BF
:104FD000FEE7FEE7FEE7FEE7FEE7FEE7FEE7FEE7A9
:104FE000FEE7FEE7A54E01088901000832490143AA
:104FF000324A1160704770B5002100230F22C47837
:105000001CB32E4C246804F4E064C4F5E064C4F3DB
:105010000721C1F10404E3B20A4144789C40E1B2A3
:105020008478144021430C07210E254C05786155E6
:10503000047804F01F050124AC4005786D11AD0023
:1050400005F1E025C5F8004109E0047804F01F05EA
:105050000124AC401B4D0678761145F8264070BD02
:10506000194A0A400243154B1B1F1A60704739B199
:10507000124A121D12680243104B1B1D1A6006E0F3
:105080000E4A121D126882430C4B1B1D1A6070479A
:10509000042808D14FF0E021096941F004014FF0E4
:1050A000E022116107E04FF0E021096921F00401DD
:1050B0004FF0E022116170470000FA050CED00E0AE
:1050C00000E400E080E100E080FFFF1F10B504462F
:1050D0008C48844208D10121084600F000FB0021E1
:1050E000012000F0FCFA5EE08748844208D10121EB
:1050F000022000F0F4FA0021022000F0F0FA52E061
:105100008248844208D10121042000F0E8FA0021FD
:10511000042000F0E4FA46E07D48844208D10121F1
:10512000082000F0DCFA0021082000F0D8FA3AE06C
:105130007848844208D10121102000F0D0FA0021E3
:10514000102000F0CCFA2EE07348844208D10121EF
:10515000202000F0C4FA0021202000F0C0FA22E054
:105160006E48844208D10121402000F0B8FA0021A5
:10517000402000F0B4FA16E06948844208D10121C9
:10518000802000F0ACFA0021802000F0A8FA0AE0AC
:105190006448844207D10121801500F0A0FA002163
:1051A000A01500F09CFA10BDF0B50A4600210023BE
:1051B000002400BF3DE0012505FA01F3156805EA6A
:1051C00003049C4234D105684F000326BE40B5431A
:1051D000056015794E00B5400668354305601579C0
:1051E000012D02D01579022D16D185684F000326B6
:1051F000BE40B543856055794E00B540866835435D
:105200008560456801268E40B543456045689679BE
:105210008E40B6B235434560C5684F000326BE4098
:10522000B543C560D5794E00B540C6683543C56005
:10523000491C1029BFD3F0BD4FF6FF71016000215A
:10524000017141718171C171704708B54FF48032AD
:105250000092009A0A430092009AC261C161009ACA
:10526000C261C2690092C269009208BD0246002074
:1052700013690B400BB1012000E00020704701468C
:10528000086980B270470246002053690B400BB199
:10529000012000E0002070470146486980B2704755
:1052A00001837047418370470AB1018300E0418365
:1052B00070474161704742694A4042617047F0B5AA
:1052C000002300244D07ED0E02FA05F3CE1000F185
:1052D000200555F826504E07F70E0F26BE40B54361
:1052E000CF1000F1200646F82750CE1000F120051F
:1052F00055F8265045EA0304CE1000F1200545F884
:105300002640F0BD000002400004024000080240B8
:10531000000C02400010024000140240001802403D
:10532000001C024000200240FA48006840F00100E2
:10533000F84908600020F74908310860F54800681E
:10534000F5490840F3490860F448091D0860081F42
:10535000006820F48020091F08600020ED490C310E
:10536000086070470021EB4A921C117011460870CA
:10537000704710B501460022002300204A11012A7F
:1053800002D1E44C236808E0022A03D1E14C7034D6
:10539000236802E0DF4C7434236801F01F0201240B
:1053A00094401C400CB1012000E0002010BD38B535
:1053B000002000900024002500BF3120FFF7D9FF16
:1053C00005460098401C00900098B0F5A06F01D0F1
:1053D000002DF2D03120FFF7CCFF08B1012400E00E
:1053E0000024204638BD01460020CA4A106820F03B
:1053F000F80040EAC10010607047C9490860704772
:105400000021C44A703211701170012802D00428A2
:105410000AD104E00121BF4A7032117005E0052174
:10542000BC4A7032117000E000BF00BF7047BD4938
:105430000860704770B5049C41EA82150126C6EBEE
:10544000530645EA0645054345EA0465B14E361D57
:10545000356070BDB24908667047820142EA017248
:10546000AC4B84331A607047AD4988667047AC49CD
:10547000C864704702460020A64B0833186820F025
:10548000EC6042EA01031843A24B083318607047EE
:10549000024600209F4B0833186820F0784042EA0B
:1054A000010318439B4B08331860704701460020E6
:1054B000984A0832106820F00300084310607047D3
:1054C00094480830006800F00C0070470146002046
:1054D000904A0832106820F0F000084310607047CE
:1054E000014600208B4A0832106820F4E05008433F
:1054F0001060704701460020864A0832106820F488
:10550000604040EAC10010607047F0B50021002201
:1055100000240225002602237E4F08373F6807F04B
:105520000C0121B1042905D0082937D105E07E4FAF
:10553000076036E07D4F076033E0764F3F1D3F68E0
:10554000C7F38056734F3F1D3F6807F03F036EB1AE
:10555000764FB7FBF3F7DFF8BCC10CF1040CDCF8B5
:1055600000C0CCF3881C07FB0CF40CE06E4FB7FBBB
:10557000F3F7DFF8A0C10CF1040CDCF800C0CCF3A9
:10558000881C07FB0CF4634F3F1D3F68C7F30147BE
:105590007F1C7D00B4FBF5F7076002E0624F0760F7
:1055A00000BF00BF5B4F08373F6807F0F0010909F3
:1055B0005F4F7A5C0768D7404760564F08373F68AF
:1055C00007F4E051890A5A4F7A5C4768D7408760F0
:1055D000504F08373F6807F46041490B544F7A5CDD
:1055E0004768D740C760F0BD002100F44072B2F5B3
:1055F000407F0AD1474A0832116821F4F8114D4A18
:1056000002401143434A08321160424A7032126824
:10561000C0F30B031A433F4B70331A607047414984
:105620004439086070473F49403908607047424933
:105630000860704739B1374A303212680243354B3F
:1056400030331A6006E0334A303212688243314BFD
:1056500030331A60704739B12E4A3432126802432F
:105660002C4B34331A6006E02A4A343212688243E3
:10567000284B34331A60704739B1264A38321268E1
:105680000243244B38331A6006E0224A383212684B
:105690008243204B38331A60704739B11D4A40327B
:1056A000126802431B4B40331A6006E0194A40322D
:1056B00012688243174B40331A60704739B1154A5C
:1056C000443212680243134B44331A6006E0114A15
:1056D0004432126882430F4B44331A60704739B129
:1056E0000C4A1032126802430A4B10331A6006E06B
:1056F000084A103212688243064B10331A60704712
:10570000E1B1044A143212680243024B14331A60A6
:1057100019E0000000380240FFFFF6FE10300024C0
:1057200000004742800E47420024F40000127A0035
:10573000D8040020FFFCFF0F5C0147425B4A12685F
:1057400082435A4B1A60704739B1584A121D126889
:105750000243564B1B1D1A6006E0544A121D126884
:105760008243524B1B1D1A60704739B14F4A0C32AD
:10577000126802434D4B0C331A6006E04B4A0C3260
:1057800012688243494B0C331A60704739B1474A5B
:10579000103212680243454B10331A6006E0434A48
:1057A000103212688243414B10331A60704739B18E
:1057B0003E4A3C32126802433C4B3C331A6006E0DE
:1057C0003A4A3C3212688243384B3C331A60704785
:1057D00039B1364A403212680243344B40331A60C2
:1057E00006E0324A403212688243304B40331A603E
:1057F000704739B12D4A4432126802432B4B44336F
:105800001A6006E0294A443212688243274B443327
:105810001A60704739B1254A4C3212680243234B53
:105820004C331A6006E0214A4C32126882431F4B07
:105830004C331A60704739B11C4A50321268024327
:105840001A4B50331A6006E0184A503212688243ED
:10585000164B50331A60704739B1144AD21F127870
:105860000243124BDB1F1A7006E0104AD21F127857
:1058700082430E4BDB1F1A7070470C486030006883
:1058800040F080700949603108607047014600208F
:10589000064A083A12680A400AB1012000E00020D6
:1058A00070470249891F0870704700001438024091
:1058B00010B501210802FFF769FF00214FF4807045
:1058C000FFF764FF10BD30B502460020002350688A
:1058D000F84C20400D790C6844EA052420435060C0
:1058E0009068F54C2040D1E903542C438D682C433B
:1058F0004D7944EA450420439060D06A20F470005A
:105900000C7D641EE4B2234340EA0350D06230BDF4
:1059100000210160017141718160C160016101215B
:10592000017570470021E54A1168E54A1140D0E948
:1059300000231A4383681A43C3681A431143E14A98
:10594000C2F8041370470021016041608160C160AA
:10595000704721B1826842F00102826003E08268F0
:1059600022F00102826070470A4600214168D64B4E
:1059700019401143416070474162826270470A4694
:105980000021416821F01F0111434160704738B187
:10599000CA49096841F40001CA4AC2F8041306E082
:1059A000C649096821F40001C64AC2F804137047C9
:1059B00038B1C249096841F48001C24AC2F80413EF
:1059C00006E0BE49096821F48001BE4AC2F804130A
:1059D0007047F0B504460D4600200021092D11DD69
:1059E000E068A5F10A0606EB4607072606FA07F166
:1059F0008843A5F10A0606EB460603FA06F10843BA
:105A0000E0600CE0206905EB4507072606FA07F180
:105A1000884305EB450603FA06F108432061072A8F
:105A20000FDA606B561E06EB86071F2606FA07F193
:105A30008843561E06EB860605FA06F108436063A6
:105A400022E00D2A0FDA206BD61F06EB86071F26F1
:105A500006FA07F18843D61F06EB860605FA06F11B
:105A60000843206310E0E06AA2F10D0606EB86070A
:105A70001F2606FA07F18843A2F10D0606EB8606FB
:105A800005FA06F10843E062F0BD816841F080410B
:105A900081607047014600208A6802F480020AB1E2
:105AA000012000E00020704721B1826842F480624A
:105AB000826003E0826822F480628260704721B1D4
:105AC000826842F00202826003E0826822F00202F1
:105AD0008260704710B50A4600210023416821F416
:105AE0006041531E41EA4331416010BD21B142681B
:105AF00042F40062426003E0426822F400624260C5
:105B000070470146C86C80B270476C48001D006841
:105B1000704721B1826842F48072826003E082683B
:105B200022F480728260704721B1826842F4007270
:105B3000826003E0826822F400728260704738B1AC
:105B40005E49096841F400515E4AC2F8041306E058
:105B50005A49096821F400515A4AC2F8041370479F
:105B6000F0B504461546002000220026092911DD63
:105B7000E068A1F10A0707EB470C072707FA0CF2C8
:105B80009043A1F10A0707EB470703FA07F2104316
:105B9000E0600CE0206901EB410C072707FA0CF2EA
:105BA000904301EB410703FA07F210432061A06B19
:105BB000C0F30156EF1C06F1010CA7EB0C0707EB35
:105BC000870C1F2707FA0CF29043EF1C06F1010C1B
:105BD000A7EB0C0707EB870701FA07F21043A06356
:105BE000F0BD10B50A4600210023816B21F440115D
:105BF000531E41EA0351816310BD08B50023009391
:105C00000090009B0B440093009B1A6008BD0A465D
:105C10000021816821F470211143816070470A4698
:105C20000021816821F4401111438160704781682F
:105C300041F4800181607047014600208A6802F4C7
:105C400080020AB1012000E00020704721B14268C3
:105C500042F48062426003E0426822F48062426063
:105C6000704721B1426842F48052426003E04268CA
:105C700022F480524260704708B50246002000902E
:105C8000009201F12800009B1844009000980068E1
:105C900080B208BD10B50B460021D9B2012404FA28
:105CA00001F11AB144680C43446002E044688C433B
:105CB000446010BDFFFEFFFCFDF7FFC00423014060
:105CC000E030FCFF00200140FFFD3FFF02460020C6
:105CD00013680B400BB1012000E000207047CA435D
:105CE0000260704770B502460020002300240B12AA
:105CF000556801268E4005EA060415681D4015B159
:105D00000CB1012000E0002070BD00220A12D34334
:105D100003607047016821F001010160002101600A
:105D200041608160C160016121214161DB4988429C
:105D300004D13D21D94A103A91608CE0D7491831FD
:105D4000884205D14FF47461D44A103A916082E0E0
:105D5000D2493031884205D14FF47411CF4A103AFC
:105D6000916078E0CD494831884205D14FF07461A7
:105D7000CA4A103A91606EE0C8496031884204D145
:105D8000C749C64A103AD16065E0C44978318842B3
:105D900004D1C449C14A103AD1605CE0BF49903196
:105DA000884204D1C049BD4A103AD16053E0BB4992
:105DB000A831884205D14FF03D51B84A103AD16020
:105DC00049E0BA49884204D13D21B84A083A1160F5
:105DD00041E0B6491831884205D14FF47461B34AA5
:105DE000083A116037E0B1493031884205D14FF4AB
:105DF0007411AE4A083A11602DE0AC49483188422E
:105E000005D14FF07461A94A083A116023E0A7490F
:105E10006031884204D1A249A44A121F11601AE0DD
:105E2000A2497831884204D19E49A04A121F1160CC
:105E300011E09E499031884204D19B499B4A121F30
:105E4000116008E09949A831884204D14FF03D51D2
:105E5000964A121F1160704710B500220268944BD9
:105E60001A40CC680B6823434C6923438C69234355
:105E7000CC6923430C6A23434C6A23438C6A234333
:105E80004C6B23438C6B23431A430260426922F01C
:105E90000702D1E90B3423431A4342610B69436083
:105EA0004B6883608B68C36010BD00210160416056
:105EB0008160C160016141618161C16101624162D2
:105EC0008162C162016341638163704721B10268ED
:105ED00042F00102026003E0026822F00102026067
:105EE000704721B1026842F40042026003E0026898
:105EF00022F400420260704721B1026842F02002A1
:105F0000026003E0026822F02002026070474160F4
:105F100070470146486880B2704722B1036843F475
:105F20000023036003E0036823F40023036001619E
:105F3000704721B1026842F48022026003E00268E7
:105F400022F48022026070470AB1016100E0C16062
:105F50007047014600200A6802F400220AB10120BD
:105F600000E000207047014600200A6802F00102AC
:105F70000AB1012000E000207047014600204A6974
:105F800002F03800704730B503460A46002000246E
:105F9000464DAB4202D24149103901E04349103924
:105FA00002F000550DB14C6800E00C68414D2C40EA
:105FB00004EA02050DB1012000E0002030BD0246D8
:105FC0003A4B9A4202D23548103801E0374810382F
:105FD00001F000531BB1374B0B40C36002E0354B5F
:105FE0000B408360704710B501F080034BB122B1C4
:105FF000436943F08003436103E0436923F0800376
:10600000436180290BD02AB1036801F01E042343A9
:10601000036004E0036801F01E04A343036010BDA5
:1060200070B50246002000240025204EB24202D264
:106030001A4B103B01E01D4B103B1F4E0E4036B17A
:106040001E2606EAD124166806EA040502E056690F
:1060500006F0800501F000560EB15C6800E01C6897
:10606000144E344004EA010616B10DB1012000E0DF
:10607000002070BD02460D4B9A4202D207481038EC
:1060800001E00A48103801F000531BB1094B0B40E6
:10609000C36002E0074B0B40836070471060024012
:1060A0003D000020400F002000003D201064024011
:1060B0003F801CF07D0F7D0F3C0F3C0F00204449BA
:1060C0000860091D0860091D0860091D0860414835
:1060D0003F4914310860704700213D498279002A08
:1060E0003AD00A46126803689A430B461A600A1DA2
:1060F000126803689A430B1D1A60027911440A68FA
:1061000003681A430A60324A0832126803689A43E5
:106110002F4B08331A601A1D126803689A432C4BE0
:106120000C331A604279102A0ED11A1F12680368C4
:106130001A43274B08331A601A1D126803681A4362
:10614000234B0C331A600DE02149427911440A684F
:1061500003681A430A6005E0027911440A6803687B
:106160009A430A6070470021016001710C2141715E
:106170000021817170471649103109680143144AA2
:1061800010321160704701460020114A1432126823
:106190000A400AB1012000E0002070470C49143188
:1061A00008607047014600200022094B1B6803EA83
:1061B0000102074B14331B680B4013B10AB10120D5
:1061C00000E0002070470249143108607047000069
:1061D000003C0140FFFF7F0010B50446FE488442AA
:1061E00008D101210846FFF7D1FA00210120FFF76D
:1061F000CDFA9DE0B4F1804F08D101210846FFF7A8
:10620000B4FA00210120FFF7B0FA91E0F34884428C
:1062100008D101210220FFF7A8FA00210220FFF790
:10622000A4FA85E0EE48844208D101210420FFF75A
:106230009CFA00210420FFF798FA79E0E9488442AB
:1062400008D101210820FFF790FA00210820FFF76C
:106250008CFA6DE0E448844208D101211020FFF758
:1062600084FA00211020FFF780FA61E0DF488442C1
:1062700008D101212020FFF778FA00212020FFF724
:1062800074FA55E0DA48844208D101210220FFF770
:106290007DFA00210220FFF779FA49E0D5488442CF
:1062A00009D101210804FFF771FA00214FF4803071
:1062B000FFF76CFA3CE0D048844209D10121480440
:1062C000FFF764FA00214FF40030FFF75FFA2FE088
:1062D000CA48844209D101218804FFF757FA0021F6
:1062E0004FF48020FFF752FA22E0C548844208D1DB
:1062F00001214020FFF739FA00214020FFF735FA4D
:1063000016E0C048844208D101218020FFF72DFA11
:1063100000218020FFF729FA0AE0BB48844207D118
:1063200001218015FFF721FA0021A015FFF71DFAC2
:1063300010BD00220288A84B98420ED0AC4B984268
:106340000BD0B0F1804F08D0A44B984205D0A44B9D
:10635000984202D0A34B984204D14FF68F731A4053
:106360004B881A43A04B984207D0A04B984204D0C8
:106370004FF6FF431A400B891A4302804B68C362F1
:106380000B880385944B984202D0994B984201D1D7
:106390008B7A03860123838270474FF0FF3141607F
:1063A00000210180018141808172704701858282D4
:1063B00070470A46002101884FF68F731940114338
:1063C0000180704741627047C16270470146486A68
:1063D00070470146088D704721B1028842F00202E1
:1063E000028004E002884FF6FD731A400280704775
:1063F00021B1028842F00402028004E002884FF6D4
:10640000FB731A400280704721B1028842F080027B
:10641000028004E002884FF67F731A4002807047C2
:1064200002884FF6F7731A40028002880A430280FE
:10643000704702884FF6FF431A40028002880A43E1
:106440000280704721B1028842F00102028004E01C
:1064500002884FF6FE731A400280704770B5002420
:1064600000220023058C4FF6FE7635400584028C11
:106470008388048B4FF68F752C40B51E2C400D88F9
:106480002C43751E2A408D892A434D882A43524D3C
:10649000A84202D0564DA84213D14FF6F7752A40B4
:1064A000CD892A434FF6FB752A408D882A434FF643
:1064B000FF652B404FF6FF552B400D8A2B434D8A2D
:1064C0002B43838004838D684563028470BD70B55F
:1064D000002400220023058C4FF6EF76354005841A
:1064E000028C8388048B48F6FF752C404FF6FF45DD
:1064F0002C400D884FF6FF7606EA05252C434FF613
:10650000DF752A408D8906EA05152A434D8806EA7B
:1065100005152A43304DA84202D0354DA8421DD161
:106520004FF67F752A40CD894FF6FF7606EA0515AE
:106530002A434FF6BF752A408D8806EA05152A437F
:106540004FF6FF352B404FF2FF752B400D8A06EAC0
:1065500085052B434D8A06EA85052B4383800483FA
:106560008D688563028470BD70B50024002200230D
:10657000058C4FF6FF6635400584028C8388848B3A
:106580004FF68F752C404FF6FC752C400D882C4330
:106590004FF6FF552A408D894FF6FF7606EA05250E
:1065A0002A434D8806EA05252A430B4DA84202D00E
:1065B0000F4DA84238D14FF2FF752A40CD894FF6D2
:1065C000FF7606EA05252A434FF6FF352A408D88D7
:1065D00006EA05252A4319E00000014000040040B6
:1065E00000080040000C0040001000400014004073
:1065F00000040140004001400044014000480140C7
:1066000000180040001C0040002000404EF6FF75BE
:106610002B404DF6FF752B400D8A06EA05152B43DE
:106620004D8A06EA05152B43838084838D68C563F4
:10663000028470BD70B5002200230024058C4EF644
:10664000FF7635400584038C8488828B48F6FF757D
:106650002A404FF6FF452A400D884FF6FF7606EA9E
:1066600005252A434DF6FF752B408D8906EA053531
:106670002B434D8806EA05352B43FE4DA84202D038
:10668000FD4DA84208D14BF6FF752C400D8A4FF600
:10669000FF7606EA85152C43848082838D68056425
:1066A000038470BD002101804180818081608181EF
:1066B000C18101824182704770B5034600200024E9
:1066C0001846183001258D40ACB21D8CA5431D84A1
:1066D00009B108290AD100EB610005684FF68F76F1
:1066E000354005600568154305600FE00D1FC5F3D3
:1066F0004E052844056848F6FF7635400560056874
:106700004FF6FF7606EA02263543056070BD416309
:10671000704781637047C1637047016470470A46E0
:106720000021018B4FF68F7319401143018370478D
:106730000A460021018B48F6FF7319404FF6FF739C
:1067400003EA02231943018370470A460021818B23
:106750004FF68F7319401143818370470A46002119
:10676000818B48F6FF7319404FF6FF7303EA02234B
:106770001943818370470A460021018B4FF6F77356
:1067800019401143018370470A460021018B4FF2E3
:10679000FF7319404FF6FF7303EA02231943018385
:1067A00070470A460021818B4FF6F7731940114359
:1067B000818370470A460021818B4FF2FF73194095
:1067C0004FF6FF7303EA02231943818370470A4699
:1067D0000021018B4FF6FB73194011430183704771
:1067E0000A460021018B4FF6FF3319404FF6FF7325
:1067F00003EA02231943018370470A460021818B73
:106800004FF6FB7319401143818370470A460021FC
:10681000818B4FF6FF3319404FF6FF7303EA0223D3
:106820001943818370470A460021018B4FF67F731D
:1068300019401143018370470A460021018BC1F3BF
:106840000E014FF6FF7303EA0223194301837047D9
:106850000A460021818B4FF67F73194011438183D3
:1068600070470A460021818BC1F30E014FF6FF737A
:1068700003EA02231943818370470A460021018CF1
:106880004FF6FD7319401143018470470A460021F9
:10689000018C4FF6F77319401143018470470A4683
:1068A0000021018C4FF6DF7319404FF6FF7303EAA6
:1068B00002131943018470470A460021018C4FF6E8
:1068C0007F7319404FF6FF7303EA021319430184E3
:1068D00070470A460021018C4FF6FF5319404FF6CE
:1068E000FF7303EA02231943018470470A4600211B
:1068F000018C4FF2FF7319404FF6FF7303EA022336
:106900001943018470470A460021018C4DF6FF733C
:1069100019404FF6FF7303EA0233194301847047AD
:1069200030B5002301248C40A3B2048C9C43048422
:10693000048C02FA01F5ADB22C43048430BD30B5AD
:10694000002304248C40A3B2048C9C430484048C54
:1069500002FA01F5ADB22C43048430BD828B4FF2B4
:10696000FF331A408283828B4FF6FF7303EA0123C1
:106970001A4382837047F0B50C4615460021002269
:106980000026078C4EF6FF7C07EA0C070784818BF4
:10699000028C4FF6FF7707EA043640F6FF4739408E
:1069A0004FF6FF7707EA052739434FF6FF7707EAE7
:1069B0000337394345F6FF773A4046F480573A4368
:1069C00081830284F0BD828B4FF6F3731A40828379
:1069D000828B0A4382837047F0B50C46154600212E
:1069E00000220026078C4FF6FF6C07EA0C0707848D
:1069F000818B028C4FF6FF7707EA04264FF60C775F
:106A000039404FF6FF7707EA03172F4339434FF218
:106A1000FF573A4046F480773A4381830284F0BDC1
:106A2000028B4FF2FF331A400283028B4FF6FF7343
:106A300003EA01231A4302837047F0B50C4615465A
:106A4000002100220026078C4FF6EF7C07EA0C0796
:106A50000784018B028C4FF6FF7707EA041640F695
:106A6000FF4739404FF6FF7707EA033739434FF6C0
:106A7000FF7703E0000001400004014007EA05271A
:106A800039434FF65F773A4046F010073A430183A7
:106A90000284F0BD028B4FF6F3731A400283028B1F
:106AA0000A4302837047F0B50C46154600210022C8
:106AB000068C4FF6FE773E400684018B028C4FF623
:106AC0000C7631407E1C06EA03162E4331434FF606
:106AD000F576324044F00106324301830284F0BD72
:106AE00070B505460C46208850B92389A288618874
:106AF0002846FFF7D8FFE1882846FFF7CBFF25E0BF
:106B0000208804280AD12389A28861882846FFF7B3
:106B100094FFE1882846FFF783FF17E020880828C4
:106B20000AD12389A28861882846FFF755FFE188AA
:106B30002846FFF748FF09E02389A2886188284694
:106B4000FFF719FFE1882846FFF708FF70BD002115
:106B500001804180012181800021C1800181704735
:106B60002DE9F04105460C4600260127608808B94A
:106B7000022600E00026A088012801D1022700E0BB
:106B800001272088A0B92389A28861882846FFF7B9
:106B90008AFFE1882846FFF77DFF23893A46314680
:106BA0002846FFF74AFFE1882846FFF739FF13E040
:106BB0002389A28861882846FFF73FFFE18828469D
:106BC000FFF72EFF23893A4631462846FFF76BFF31
:106BD000E1882846FFF75EFFBDE8F0810146486B7B
:106BE00070470146886B70470146C86B7047014685
:106BF000086C70470A884B881A438B881A43CB88E5
:106C00001A430B891A434B891A438B891A43A0F8FC
:106C1000442070470021018041808180C180018132
:106C200041818181704731B1B0F8442042F4004283
:106C3000A0F8442005E0B0F84420C2F30E02A0F80A
:106C40004420704721B1828842F00402828004E02F
:106C500082884FF6FB731A408280704721B1828888
:106C600042F00102828004E082884FF6FE731A40EF
:106C7000828070471AB183890B43838102E0838944
:106C80008B43838170478182704702460020138ABC
:106C90000B400BB1012000E000207047CA43028284
:106CA000704730B50246002000230024158A05EA0B
:106CB0000103958905EA010413B10CB1012000E03C
:106CC000002030BDCA430282704741EA0203A0F8A7
:106CD000483070471AB183890B43838102E083896E
:106CE0008B438381704721B1828842F00802828001
:106CF00004E082884FF6F7731A408280704701895A
:106D00004FF6F8721140018170470A46002101894F
:106D10004FF68F73194011430181704730B5044617
:106D20000D4629462046FFF7F0FF208940F0070076
:106D3000208130BD2DE9F04104460D4616461F4620
:106D4000602D06D13B46012231462046FFF775FEF5
:106D500005E03B46012231462046FFF7A4FE2946C6
:106D60002046FFF7D2FF208940F007002081BDE8D0
:106D7000F08130B50C4600210189C9B24FF6FF758C
:106D800005EA0325154325432943018130BD2DE93B
:106D9000F04105460E4617469846002443463A46BB
:106DA00031462846FFF7E5FF2C894FF6F87004407E
:106DB00044F007044FF68F70044044F070042C81B7
:106DC000BDE8F081F0B504460D4616461F463B4629
:106DD000324629462046FFF7CCFF208940F4804008
:106DE0002081F0BD82884FF68F731A40828082889E
:106DF0000A438280704702894FF6F8731A40028175
:106E000002890A430281704702894FF67F731A4054
:106E1000028102890A4302817047F0B50C4615468B
:106E20001E460021002200230189028B038C4FF6AD
:106E3000F877394021434FF6FC473A4040F20117BA
:106E40003A434FF6DD773B404FF6FF7707EA0617E8
:106E50002F433B43018102830384F0BD21B182882B
:106E600042F08002828004E082884FF67F731A40ED
:106E700082807047A0F850107047000010B504469B
:106E8000F748844208D101211020FEF77FFC002141
:106E90001020FEF77BFC3EE0F248844209D101213C
:106EA0004804FEF762FC00214FF40030FEF75DFC61
:106EB00031E0ED48844209D101218804FEF755FCF8
:106EC00000214FF48020FEF750FC24E0E748844284
:106ED00009D10121C804FEF748FC00214FF400202D
:106EE000FEF743FC17E0E248844209D1012108057E
:106EF000FEF73BFC00214FF48010FEF736FC0AE061
:106F0000DC48844207D101212020FEF73FFC00210C
:106F10002020FEF73BFC10BD2DE9FF4705460E463D
:106F20000024A14600BFA046B08900B100BF2C8A52
:106F300024F44054F08804432C82AC8941F20C6064
:106F40008443B08831890843718908430443AC8184
:106F5000AC8A24F44074B0890443AC826846FEF7DE
:106F6000D4FABF48854202D0C248854202D1DDF83A
:106F70000C9001E0DDF80890A88900F4004040B1D1
:106F800009EBC90000EB091031684900B0FBF1F7CB
:106F900007E009EBC90000EB091031688900B0FB7C
:106FA000F1F76420B7FBF0F004012009642101FB34
:106FB0001078A88900F4004040B1322000EBC800EE
:106FC000B0FBF1F000F00700044308E0322000EBD2
:106FD00008106421B0FBF1F000F00F0004432C8195
:106FE000BDE8FF874FF41651016000218180C18008
:106FF00001810C21418100218181704710B5024639
:107000000020108A20F470600B884C8823438C8801
:107010002343CC8823431843108210BD00210180F4
:1070200041808180C180704721B1828942F4005241
:10703000828104E082894DF6FF731A408281704795
:10704000028B02F47F420283028B0A430283704761
:1070500021B1828942F40042828103E08289C2F335
:107060000E028281704721B1828A42F400628282DC
:1070700004E0828A4FF2FF731A4082827047C1F3A4
:1070800008028280704701468888C0F30800704774
:10709000028A4FF6F0731A400282028A0A43028281
:1070A000704721B1828942F00202828104E0828924
:1070B0004FF6FD731A408281704782894FF2FF7349
:1070C0001A40828182890A4382817047028A4FF680
:1070D000DF731A400282028A0A430282704721B19A
:1070E000028A42F48042028204E0028A4BF6FF7375
:1070F0001A4002827047818941F001018181704705
:1071000021B1828A42F00802828204E0828A4FF62C
:10711000F7731A4082827047028BD2B20283028BCD
:1071200042EA01220283704721B1828A42F02002A2
:10713000828204E0828A4FF6DF731A4082827047AF
:1071400021B1828A42F01002828204E0828A4FF6E4
:10715000EF731A4082827047828A4FF6FB731A409F
:107160008282828A0A438282704721B1828A42F0F7
:107170000202828204E0828A4FF6FD731A40828204
:1071800070471AB1838A0B43838202E0838A8B4360
:1071900083827047F0B503460024002600250020B6
:1071A00040F66A17B94200D100BF1846C1F3421435
:1071B00001F01F06012707FA06F5012C01D10C305A
:1071C00004E0022C01D1103000E014301AB107683D
:1071D0002F43076002E00768AF430760F0BD024637
:1071E0000020B1F5007F00D100BF13880B400BB128
:1071F000012000E00020704701F40072B2F5007F2A
:1072000000D100BFCA430280704770B50246002417
:1072100000230025002040F66A16B14200D100BFCD
:10722000C1F3421501F01F03012606FA03F3012DF5
:1072300002D19689334006E0022D02D1168A3340EE
:1072400001E0968A33400C12012606FA04F41688EF
:10725000344013B10CB1012000E0002070BD0000EB
:10726000001001400044004000480040004C004035
:10727000005000400014014010B50022002340F6E9
:107280006A14A14200D100BF0A1201249440A3B2A3
:10729000DC43048010BD000010B501218803FEF717
:1072A00075FA00214FF48040FEF770FA10BD1A49BC
:1072B0000860704730B500228B071C0F0F2303FABC
:1072C00004F2154B08338C1053F824309343124CBE
:1072D00008348D1044F8253023468C1053F82430A0
:1072E0008C07240F00FA04F423430B4C08348D1050
:1072F00044F8253030BD09490860704708490860E6
:107300007047002004492031096801F4807109B1F7
:10731000012000E00020704700380140DC002742D7
:107320000004274200F1080141604FF0FF31816005
:1073300000F10801C1600161002101607047002176
:1073400001617047426853684B6043688B605368C3
:10735000996051604160086103685B1C036070477D
:1073600010B502460B685C1C0CB9106907E002F10D
:10737000080000E04068446824689C42FAD94468E8
:107380004C604C68A160886041600A611468641CAC
:10739000146010BD0146D1E901309860D1E90103C4
:1073A00058600A695068884201D18868506000209E
:1073B00008611068401E10601068704770B5044680
:1073C0000D461CB9E8F734FF00BFFEE700F0F3FDFF
:1073D000D4E90F12206801FB020060600020A06366
:1073E0002068A060E06B401E226C216800FB021048
:1073F000E0604FF0FF306064A06475B9206908B99F
:10740000012000E0002080B904F1100001F02AFC06
:1074100001280AD100F0C9FD07E004F11000FFF7D0
:1074200081FF04F12400FFF77DFF00F0CDFD012076
:1074300070BD2DE9F04705460E4617464FF000098E
:10744000DDB1502000F0E4FD0446B4B105FB06F0C8
:1074500000F10108404600F0DBFD2060206848B1E3
:10746000E563266401212046FFF7A8FF84F84D70EC
:10747000A14602E0204600F02CFEB9F1000F03D136
:10748000E8F7D6FE00BFFEE74846BDE8F08710B536
:10749000044600F090FD11E0606A08B9012000E0A8
:1074A000002050B904F1240001F0DCFB08B101F028
:1074B00054FCA06C401EA06400E002E0A06C002818
:1074C000EADC00BF4FF0FF30A06400F07DFD00F06B
:1074D00072FD11E0206908B9012000E0002050B9D8
:1074E00004F1100001F0BEFB08B101F036FC606C45
:1074F000401E606400E002E0606C0028EADC00BF2F
:107500004FF0FF30606400F05FFD10BD70B50446C1
:1075100000F051FDA06BE16B884201D1012000E039
:107520000020054600F050FD284670BD70B50446A9
:107530000E461546206C38B9206838BB606801F0EB
:107540009BFC0020606021E07DB93146226CA06880
:1075500001F0BCFC216CA0680844A060D4E90110D3
:10756000884213D32068A06010E03146226CE068A6
:1075700001F0ACFC216CE068401AE0602168E06832
:10758000884203D2216C6068401AE060A06B401C06
:10759000A06370BDFFB583B004460D461E460027AC
:1075A0001CB9E8F745FE00BFFEE70DB9206C08B92D
:1075B000012000E0002018B9E8F73AFE00BFFEE71E
:1075C00000BF00F0F8FCA06BE16B884217D2324696
:1075D00029462046FFF7AAFF606A08B9012000E0AB
:1075E000002038B904F1240001F03CFB012801D14E
:1075F00000F0DBFC00F0E8FC012007B0F0BD0598CE
:1076000018B900F0E1FC0020F7E71FB901A801F06C
:107610005EFB012700F0D8FC00F0DEFF00F0CBFCA1
:10762000606C401C08B900206064A06C401C08B964
:107630000020A06400F0C8FC05A901A801F055FBDA
:10764000C0B92046FFF762FF70B104F11000059940
:1076500001F0CBFA2046FFF71AFF00F00DFF0028DB
:10766000AFD100F0A2FCACE72046FFF710FF00F01E
:1076700003FFA6E72046FFF70AFF00F0FDFE00200B
:10768000BBE770B50546502000F0C2FC0446E4B1EB
:10769000002060602060A060E060A0630120E063E3
:1076A00000202064401E6064A06484F84D5004F102
:1076B0001000FFF737FE04F12400FFF733FE00232C
:1076C0001A4619462046FFF765FF1CB9E8F7B0FDDA
:1076D00000BFFEE7204670BD70B504461CB9E8F750
:1076E000A7FD00BFFEE701F047FB616888420CD1AF
:1076F000E068401EE060E06828B900231A46194699
:107700002046FFF747FF012500E00025284670BD11
:1077100070B5044600F04FFCA06B08B9012000E0F2
:107720000020054600F050FC284670BD70B50446A8
:107730000D46206870B1216CE0680844E060616823
:10774000E068884201D32068E0602846226CE16846
:1077500001F0BCFB70BD2DE9FF4182B004460D462F
:107760001E464FF000081CB9E8F762FD00BFFEE7B7
:107770000DB9206C08B9012000E0002018B9E8F725
:1077800057FD00BFFEE700BF00F015FCA06B80B303
:10779000E76829462046FFF7C9FFB6B9A06B401E2F
:1077A000A063206810B901F0E7FA6060206908B9A9
:1077B000012000E00020B0B904F1100001F052FAFD
:1077C000012810D100F0F1FB0DE0E760606A08B914
:1077D000012000E0002030B904F1240001F042FA59
:1077E00008B100F0E2FB00F0EFFB012006B0BDE8BD
:1077F000F081FFE7049818B900F0E6FB0020F5E7F8
:10780000B8F1000F04D1684601F061FA4FF00108A9
:1078100000F0DAFB00F0E0FE00F0CDFB606C401CF5
:1078200008B900206064A06C401C08B90020A06466
:1078300000F0CAFB04A9684601F057FA08BB2046CD
:10784000FFF766FFB8B1206830B900F0B4FB60689C
:1078500001F0A1FA00F0B8FB04F12400049901F052
:10786000C4F92046FFF713FE00F006FE00288BD176
:1078700000F09BFB88E72046FFF709FE00F0FCFDC7
:1078800082E72046FFF703FE00F0F6FD0020ADE79B
:1078900070B504460E461CB9E8F7CAFC00BFFEE707
:1078A00001F06AFA6168884204D1E068401CE06037
:1078B00001250BE00023324619462046FFF74BFF17
:1078C0000546012D02D1E068401CE060284670BDED
:1078D00070B506460D46022200213046FFF7A9FD8D
:1078E000044604B1A5631CB9E8F7A2FC00BFFEE79B
:1078F000204670BD2DE9F04704460F4615469846D0
:107900001CB9E8F795FC00BFFEE70FB9206C08B979
:10791000012000E0002018B9E8F78AFC00BFFEE76C
:10792000E8F786FC8146A06BE16B88421BD2424699
:1079300039462046FFF7FAFDA06C401C70B9606A1A
:1079400008B9012000E0002058B904F1240001F03A
:1079500089F930B12DB10120286002E0A06C401CF3
:10796000A064012600E000264846E8F768FC30469F
:10797000BDE8F0872DE9F04104460F4615461CB9D5
:10798000E8F756FC00BFFEE70FB9206C08B90120EC
:1079900000E0002018B9E8F74BFC00BFFEE7E8F76D
:1079A00047FC8046A06BE8B139462046FFF7BEFE93
:1079B000A06B401EA063606C401C70B9206908B9C0
:1079C000012000E0002058B904F1100001F04AF94C
:1079D00030B12DB10120286002E0606C401C606471
:1079E000012600E000264046E8F729FC3046BDE8C5
:1079F000F08170B504461CB9E8F71AFC00BFFEE739
:107A000000F0D9FAA56B00F0DFFA284670BD70B51A
:107A100004461CB9E8F70CFC00BFFEE7A56B28463E
:107A200070BD014600200BE03D4A02EBC0025268E7
:107A30008A4204D100223A4B43F8302002E0401C35
:107A40000828F1D300BF704710B504461CB9E8F709
:107A5000EFFB00BFFEE72046FFF7E3FF206800F0E2
:107A600038FB204600F035FB10BD014691F84C0074
:107A7000704780F84C107047014691F84D007047F0
:107A800070B504461CB9E8F7D3FB00BFFEE7A06B56
:107A900008B9012000E000200546284670BD70B5F9
:107AA00004461CB9E8F7C4FB00BFFEE7A06BE16B1E
:107AB000884201D1012000E000200546284670BD23
:107AC000024600200BE0164B53F8303033B9144B0C
:107AD00043F8301003EBC0035A6002E0401C082852
:107AE000F1D300BF704770B504460D4600F063FA4D
:107AF000606C401C08B900206064A06C401C08B990
:107B00000020A06400F060FAA06B20B9294604F1BF
:107B1000240001F08DF82046FFF7B9FC70BD00008D
:107B20002C7701202DE9F04104460D4616461F46EC
:107B30004FF0000865602461B5420CD8F01BA169C4
:107B4000884202D34FF0010811E0211DF04800687F
:107B5000FFF706FC0BE0BE4204D2BD4202D34FF059
:107B6000010804E0211DEB480068FFF7F9FB4046DF
:107B7000BDE8F0812DE9FE4305460E4617461C463A
:107B8000DDF828804FF00009E348006808B300964C
:107B900001970295ACB901F0F2F8012808D1002351
:107BA00042466946DC480068FFF7F4FC814610E075
:107BB00000231A466946D8480068FFF7EBFC814667
:107BC00007E0002322466946D3480068FFF792FE8B
:107BD00081464846BDE8FE832DE9F84381462BE007
:107BE000CC480068C0680568CA480068C068C468B6
:107BF000201DFFF7CFFB2046616A8847E069012816
:107C00001AD1A0694619AE4207D966602461211DC8
:107C1000C0480068FFF7A4FB0EE0002003462A4698
:107C2000014600902046FFF7A5FF07461FB9E8F779
:107C3000FFFA00BFFEE700BFB6480068006808B959
:107C4000012000E000200028CAD0B248D0F800800F
:107C5000AF480068AF490860AD48C0F80080BDE893
:107C6000F88370B5044600F009FF0546AB4800688C
:107C7000854206D2A9480068FFF7AEFF01202060C8
:107C800001E000202060A5480560284670BD70B561
:107C900086B002A8FFF7E5FF064650E0059C44B118
:107CA000606908B9012000E0002010B9201DFFF72D
:107CB00071FB039830B1012826D0022825D0032873
:107CC0003BD136E00498A26981180346324620462B
:107CD000FFF728FF012816D12046616A8847E0692E
:107CE000012810D1002000900498A16942180023B7
:107CF00019462046FFF73EFF05461DB9E8F798FAFA
:107D000000BFFEE700BF19E018E00498A061A06979
:107D100008B1012000E0002018B9E8F789FA00BF97
:107D2000FEE7A0698119334632462046FFF7FAFE86
:107D300004E0204600F0CDF900E000BF00BF0023C2
:107D40001A4603A974480068FFF705FD0028A5D16D
:107D500006B070BDF8B505460F466E480068C068AD
:107D6000C468201DFFF716FBE069012817D1A06940
:107D700041192B463A462046FFF7D4FE01280ED182
:107D8000002003462A46014600902046FFF7F2FEF7
:107D900006461EB9E8F74CFA00BFFEE700BF2046D2
:107DA000616A8847F8BDF8B504460E4600F014FC39
:107DB0006846FFF756FF05460098A0B946B9AC42A1
:107DC00006D800F059FB29462046FFF7C3FF0CE018
:107DD000611B51480068FFF786FE00F04DFB20B99B
:107DE00000F0E3F801E000F047FBF8BD0146494A26
:107DF000126812680AB9012200E000220A600A68CB
:107E000022B9444A1268D268106800E00020704726
:107E100008B500BF6846FFF7E9FF04462046009911
:107E2000FFF7C1FFFFF733FFF4E710B500F0C3F829
:107E30003948006890B93A48FFF774FA3948FFF7B3
:107E400071FA3748334908603648314908600022E2
:107E50000C210A20FFF7EDFA2F49086000F0B4F872
:107E600010BD1FB50024FFF7E0FF2B48006868B184
:107E700000200223CDE90030029003464FF4007247
:107E800029A103902A4800F0B2F904461CB9E8F78A
:107E9000CFF900BFFEE7204604B010BD2DE9F04742
:107EA00006460D4617469846DDF820904DB9002449
:107EB0000DB1012000E00020A0B9E8F7B9F900BF3A
:107EC000FEE7282000F0A4F804465CB1FFF7ADFF00
:107ED0002660A561E761C4F82080C4F82490201DC5
:107EE000FFF72DFA2046BDE8F08770B50446264618
:107EF00000F061F8706908B1012000E0002005463B
:107F000000F062F8284670BD01460A46106A7047C4
:107F1000EC040020E8040020F0040020F404002019
:107F20006C77012080770120546D722053766300B6
:107F3000117E0108001F4FF080730360001F016075
:107F4000001F0023036014380260001FDB1E036063
:107F5000203870472A48006842F21071B0FBF1F0F7
:107F6000401E4FF0E021486107200861704710B5BE
:107F70002448006840F47C002249086008460068F4
:107F800040F07C400860FFF7E5FF00201E490860D4
:107F9000E8F71CF91D48006840F040401B490860A4
:107FA000E8F70AF9002010BD70474FF080501549DE
:107FB0001C390860704710B5E8F73AF912480068B4
:107FC000401C1149086010BD10B50F480068401EE4
:107FD0000D4908600846006810B90020E8F72FF93D
:107FE00010BD10B54FF0805006491C390860E8F705
:107FF0001FF900F0C2F90020E8F721F910BD0000D8
:10800000C404002020ED00E0F804002034EF00E07C
:108010002DE9F04104464FF0000800F0DDFA3D483C
:10802000006898B93C493D4A1160002151604FF405
:1080300020513B4A51600021116037484FF42051D4
:1080400041601146016001203249086044B110349A
:1080500004F0070020B104F00700C0F10800044458
:10806000002C31D0B4F5205F2ED22C4F3846056855
:1080700001E02F462D686868A04202D228680028D7
:10808000F7D1274885421FD0386800F110082868CA
:1080900038606868001B202810D92E196868001BFA
:1080A00070606C6071681D4800E00068026852688A
:1080B0008A42FAD302683260066000BF19496868D4
:1080C0000968081A1749086000F0D6F94046BDE86B
:1080D000F08170B506463546B6B1103D2C4600F02D
:1080E0007BFA61680D4800E00068026852688A42C5
:1080F000FAD30268226004600A496068096808448B
:108100000849086000F0B8F970BD0648006870477B
:10811000704700001005002098770120FC04002023
:10812000040500200C05002010B5002407E004EB36
:108130008401FE4A02EB8100FFF7F4F8641C052C71
:10814000F5D3FB48FFF7EEF8FA48FFF7EBF8FA48EB
:10815000FFF7E8F8F948FFF7E5F8F948FFF7E2F824
:10816000F348F8490860F348F749086010BD2DE965
:10817000F04104460E4615469846069F0A223146AF
:1081800004F1340000F0D2FE00213D200155052D00
:1081900000D30425E562A564201DFFF7D0F804F1A3
:1081A0001800FFF7CCF82461C5F10500A0616462F6
:1081B000BDE8F08170B505460E464C20FFF728FF5C
:1081C000044694B11EB9A800FFF722FF00E0304634
:1081D0002063206B20B92046FFF77BFF002404E0DA
:1081E000A900A522206B00F083FE204670BD2DE97A
:1081F000FF4F81B0804616469A46DDE90E5BB8F126
:10820000000F03D1E8F714F800BFFEE7052D01D2F7
:10821000012000E0002018B9E8F70AF800BFFEE7E7
:1082200030461099FFF7C6FF0446002C64D0701E3C
:10823000216B01EB800929F0070909F0070008B953
:10824000012000E0002018B9E7F7F2FF00BFFEE7C9
:1082500000962A462046119B0299FFF788FF524656
:1082600041464846FFF766FE2060BBF1000F01D093
:10827000CBF80040FFF79FFEB4480068401CB349AC
:108280000860B348006840B9B14804600846006817
:1082900001280CD1FFF748FF09E0AE48006830B96B
:1082A000AB480068C06AA84201D8A9480460AA493E
:1082B000E06A0968884202D9A749E06A0860A748CD
:1082C00000682064A5480068401CA4490860A449CF
:1082D000E06A0968884202D9A149E06A0860E16A57
:1082E00001EB8101914A02EB8100211DFFF72AF881
:1082F0000127FFF769FE01E04FF0FF37012F09D199
:108300009448006830B192480068C06AA84201D21F
:10831000FFF74BFE384605B0BDE8F08F70B5044658
:10832000FFF749FE8A480068844200D1002414B94E
:108330008748006800E020460546281DFFF72AF818
:10834000A86A18B105F11800FFF724F8291D7B4829
:10835000FEF7F8FF83480068401C824908607F48A8
:108360000068401C7D490860FFF72EFE79480068D0
:1083700010B10CB9FFF719FE70BD70B57A480068EE
:10838000002873D179480068401C78490860084685
:10839000006868BB6B480068006808B9012000E00D
:1083A000002018B9E7F744FF00BFFEE765480568FD
:1083B0006548006863490860634805606C48006868
:1083C000401C6B4908605F480068006808B90120DC
:1083D00000E0002020B14FF0FF306649086006E061
:1083E00058480068C068C46862496068086000BF97
:1083F0005E4800685F490968884236D300BF51482B
:108400000068006808B9012000E0002020B14FF0AA
:10841000FF305849086027E04A480068C068C468CF
:10842000656852480068A84202D2524805601BE0C5
:10843000201DFEF7AFFFA06A18B104F11800FEF787
:10844000A9FF4749E06A0968884202D94449E06ABD
:108450000860E16A01EB8101344A02EB8100211DD1
:10846000FEF770FFCBE701E000BF04E04248006880
:10847000401C4149086070BD70B500253A4800684D
:1084800018B9E7F7D5FE00BFFEE7FFF794FD3648C1
:108490000068401E3449086008460068002878D10A
:1084A0002A480068002874D0002621E02248C068CD
:1084B000C46804F11800FEF76DFF201DFEF76AFF87
:1084C0002749E06A0968884202D92549E06A0860BC
:1084D000E16A01EB8101154A02EB8100211DFEF7E3
:1084E00031FF1B49E06A0968C96A884200D3012646
:1084F0001148006808B9012000E000200028D5D00C
:108500001D48006860B106E0FFF737FF1A480068B1
:10851000401E19490860184800680028F4D1012657
:10852000012E2FD01548006801282AE0989F0120CD
:10853000FC9F012010A0012024A0012038A00120D0
:108540004CA00120180500201C0500202405002057
:1085500014050020340500202C05002048050020CB
:1085600030050020200500203805002028050020C7
:10857000440500204C0500203C050020400500205B
:1085800007E005D101250020F9490860FFF70DFD3E
:1085900000BFFFF719FD284670BD10B50446F54829
:1085A00000684460F4480068844207D2F1480168DA
:1085B000091DF2480068FEF7D3FE0CE0ED480168A3
:1085C000091DEF480068FEF7CBFEEE4800688442C4
:1085D00001D2EC48046010BDEB480068401CEA4939
:1085E000086070472DE9F04104460E464FF0000840
:1085F0001CB9E7F71DFE00BFFEE70EB1012000E049
:10860000002018B9E7F714FE00BFFEE7FFF7E4FF0C
:1086100020688519D84920680968884209D92068E6
:10862000A8420FD9D448006885420BD94FF0010801
:1086300008E02068A84203D8CF480068854201D9E5
:108640004FF001082560B8F1000F07D0C948006855
:10865000001DFEF79FFE2846FFF79FFFFFF70CFF68
:1086600007460FB9FFF7A1FCBDE8F08170B50446DD
:1086700000267CB1FFF7B0FFBF4800680519BD4870
:108680000068001DFEF786FE2846FFF786FFFFF70D
:10869000F3FE06460EB9FFF788FC70BD70B50446C0
:1086A000FFF789FC14B9B348006800E0204606468D
:1086B000F56AFFF789FC284670BD2DE9F0470646AC
:1086C0000D464FF00009052D01D2012000E00020E9
:1086D00018B9E7F7ADFD00BFFEE7052D00D304256F
:1086E000FFF769FCA3480068864200D1002616B94E
:1086F000A048006800E030460446A76CAF4234D082
:10870000BD4203D92EB14FF0010902E00EB94FF07E
:108710000109D4F82C80E16AA06C884200D1E5629E
:10872000A564C5F10500A06107EB8701974A02EB3C
:1087300081016069884213D1201DFEF72BFE944908
:10874000E06A0968884202D99149E06A0860E16AF2
:1087500001EB81018D4A02EB8100211DFEF7F2FD44
:10876000B9F1010F01D1FFF720FCFFF72DFCBDE8A7
:10877000F08710B58448006818B101207C49086072
:108780002CE00BE08248006818B9E7F751FD00BF04
:10879000FEE77F480068401E7D4908607C4800680D
:1087A00000EB8000794951F820000028EAD0784990
:1087B000096801EB8101754A02EB81004168496853
:1087C000416000F1080142688A4202D1416849686B
:1087D00041604168C968674A116000BF10BD70B54B
:1087E0000446FFF7E8FB63480068844200D1002498
:1087F00014B96048006800E020460546281DFEF7D1
:10880000C9FDA86A18B105F11800FEF7C3FD291DBE
:108810006048FEF797FDFFF7D7FB8CB95E4800680C
:1088200010B1FFF7C2FB0BE05A4800685B490968CA
:10883000884203D100204F49086001E0FFF799FF0B
:1088400070BD70B5054600262C461DB9E7F7F0FC53
:1088500000BFFEE74F496069884201D1012000E076
:10886000002080B14E49A06A884201D1012000E079
:108870000020012807D0A06A08B9012000E00020EC
:10888000012800D10126304670BD70B505461DB9DE
:10889000E7F7CEFC00BFFEE72C4644B3354800683E
:1088A000844224D0FFF787FB2046FFF7CAFF012848
:1088B0001BD1201DFEF76EFD3549E06A096888422C
:1088C00002D93349E06A0860E16A01EB81012F4A6D
:1088D00002EB8100211DFEF735FD2649E06A09689B
:1088E000C96A884201D3FFF760FBFFF76DFB70BDDB
:1088F0002DE9F041054600261DB9E7F799FC00BFB8
:10890000FEE72C46E7F794FC07462046FFF799FF61
:10891000012826D11C480068F0B91649E06A0968A8
:10892000C96A884201D3012000E000200646201DCC
:10893000FEF730FD1649E06A0968884202D91449F9
:10894000E06A0860E16A01EB8101104A02EB8100F4
:10895000211DFEF7F7FC04E004F118011048FEF7B2
:10896000F1FC3846E7F76BFC3046BDE8F0810000CB
:108970004005002014050020280500201C050020CB
:10898000180500204C05002038050020989F012084
:10899000300500204CA001203405002024050020D3
:1089A00024A0012010B50446206BFFF792FB20465F
:1089B000FFF78FFB10BD70B523E0FFF70DFEFD48FC
:1089C000006808B9012000E000200546FFF754FDCB
:1089D000BDB9FFF7F0FAF748C068C468201DFEF77C
:1089E000D9FCF5480068401EF3490860F348006868
:1089F000401EF2490860FFF7E7FA2046FFF7D2FF72
:108A000000BFEE4800680028D7D170BD00BFFFF757
:108A1000D2FFEB4800680128F9D9FFF7C6FAF6E75C
:108A20001FB5002000900190029003464FF4807221
:108A3000E4A10390E548FFF7DAFB0446012C02D1DC
:108A4000FFF70FFA0446012C09D1E7F7F1FB0120EB
:108A5000DF4908600020DF490860FFF788FA1CB989
:108A6000E7F7E6FB00BFFEE71FBD10B5E7F7E0FB49
:108A70000020D7490860FFF797FA10BD10B5FFF73F
:108A80009AFAD4480468FFF79FFA204610BD70B5E3
:108A9000E7F7CEFB0546CF4804682846E7F7CFFB4B
:108AA000204670BDC448006870470146002002E0BF
:108AB000491C421C90B20A78A52AF9D08008704758
:108AC0002DE9FE4381460C4616462046416849681A
:108AD000416000F1080142688A4202D14168496858
:108AE00041604168CF6800BF2046416849684160E5
:108AF00000F1080142688A4202D141684968416038
:108B00004168CD68286BFFF7D0FF8046286CE96A82
:108B1000334605F13402CDE900180290AEA1B34806
:108B200000F058FDB149484600F0F4F9BD42DBD1F0
:108B3000BDE8FE8370B50546FFF74EFD00202870A6
:108B4000ABA1284600F0E6F9AA480068441C00BF23
:108B5000641E04EB84009A4951F8200008B90120F2
:108B600000E0002040B904EB8400954A02EB80014C
:108B700052222846FFF7A4FF002CE9D19E48006846
:108B8000006808B9012000E0002028B942229A4874
:108B900001682846FFF794FF98480068006808B904
:108BA000012000E0002028B94222944801682846AC
:108BB000FFF786FF7F48006808B9012000E0002029
:108BC00020B944227B492846FFF77AFF8C48006889
:108BD00008B9012000E0002020B953228849284626
:108BE000FFF76EFFFFF748FC70BD70B505460C46F9
:108BF0001DB9E7F71DFB00BFFEE782480168183189
:108C00002846FEF7ADFB7F480068001DFEF7C2FB5B
:108C1000601C30B97B480168091D7948FEF792FB5A
:108C200005E06C48006806193046FFF7B6FC70BDD9
:108C300070B504460D461CB9E7F7FAFA00BFFEE727
:108C40007048016818312046FEF77CFB6D480068CB
:108C5000001DFEF79FFB5F48006846193046FFF78E
:108C60009CFC70BD70B50646F068C4681CB9E7F797
:108C7000DFFA00BFFEE704F11800FEF78BFB624845
:108C80000068A0B9201DFEF785FB6049E06A09680D
:108C9000884202D95D49E06A0860E16A01EB81011E
:108CA000474A02EB8100211DFEF74CFB04E004F172
:108CB00018015748FEF746FB5249E06A0968C96A3D
:108CC000884201D3012500E00025284670BD10B57B
:108CD00004461CB9E7F7ACFA00BFFEE74D48006850
:108CE00020603C480068606010BD70B504460D46C9
:108CF0001CB9E7F79DFA00BFFEE71DB9E7F798FA40
:108D000000BFFEE7FFF757F92868401C08B90026A6
:108D10001FE0404920680968884206D02D496068F4
:108D20000968884201D8012613E02A496068096869
:108D3000081A296888420BD22868264A6168126896
:108D4000511A401A28602046FFF7C1FF002600E0B4
:108D50000126FFF739F9304670BD01202E49086021
:108D60007047014611B10A46506C00E00020704780
:108D700008B1024651647047224908687047144997
:108D8000096809B9002005E01F49096809B90120EF
:108D900000E00220704770B505462C464DB11949D8
:108DA000E06A0968C96A884265D216480068C06AE4
:108DB00034E060E038A001202405002020050020D8
:108DC000989F012049444C45000000000D8A01088D
:108DD000340500202805002025730909256309258D
:108DE000750925750925750D0A00000060A0012090
:108DF0000D0A00002C050020180500201C0500208D
:108E00004CA001201405002038050020300500206A
:108E100024A001204405002040050020C0F10500E9
:108E2000A061E16A01EB8101254A02EB81016069E1
:108E3000884201D1012000E00020C0B1201DFEF7D2
:108E4000A9FA20480068C06AE0621F49E06A096820
:108E5000884202D91C49E06A0860E16A01EB81019D
:108E6000174A02EB8100211DFEF76CFA03E015485A
:108E70000068C06AE06270BD70B505462C46EDB171
:108E8000A16CE06A884219D0201DFEF783FAA06C1D
:108E9000E062E06AC0F10500A0610B49E06A096880
:108EA000884202D90849E06A0860E16A01EB810161
:108EB000034A02EB8100211DFEF744FA70BD000059
:108EC000989F0120140500203005002040EA01038E
:108ED0009B0703D009E008C9121F08C0042AFAD270
:108EE00003E011F8013B00F8013B521EF9D2704734
:108EF000D2B201E000F8012B491EFBD270470022DC
:108F0000F6E710B513460A4604461946FFF7F0FF88
:108F1000204610BD421E12F8013F002BFBD111F874
:108F2000013B02F8013B002BF9D1704710B5044614
:108F300004E00B7800F8013B03B1491C521EF8D243
:108F4000204610BD421C10F8011B0029FBD1801ADD
:108F5000704710B5002200E0521C835C8C5CA34279
:108F600001D1002BF8D1D8B2E1B2401A10BD2DE9E1
:108F7000FE4F804681EA0300C00F0C46009021F0AE
:108F8000004123F00045B8EB0200A94105D240465C
:108F9000214690461C460B46024623F000401043F3
:108FA00047D0270DC7F30A00C3F30A510290401AB5
:108FB000019040286BDAC3F3130040F4801B009843
:108FC000924620B10023D2EB030A63EB0B0B01980E
:108FD0005946C0F14002504600F0E1F906460D4600
:108FE00050465946019A00F0F9F910EB080061412A
:108FF000002487EA115284EAE7731A4340D0009AAA
:1090000062B3019A012A4FEA075215DC001B61EB9B
:1090100002014FF0004202EA0752CDE90042001C73
:1090200041F5801132462B4600F030FA03B0BDE81E
:10903000F08F40462146F9E7001B61EB0201001C5E
:1090400041F5801300185B412018A2F5001747EB8B
:10905000030140EAD570B6196D4111E06D084FEA81
:10906000360645EAC0754FEA0752001B61EB020164
:10907000001C41F5801149084FEA300000195141A8
:1090800032462B4603B0BDE8F04F00F0F0B900982F
:10909000012240000023D0EB020263EBE073009852
:1090A00021464FEAE074B8EB000061EB0401E9E708
:1090B00083F000435BE781F0004158E72DE9FE4F64
:1090C00081EA030404F0004421F0004100944FF0D1
:1090D000000B23F0004350EA01045ED052EA03047F
:1090E0005BD0C3F30A54C1F30A552C44A4F2F33401
:1090F0000194A0FB0254C1F3130141F48011C3F3A6
:10910000130343F4801301FB024400FB034E840A63
:10911000970A44EA815447EA8357A4FB07680295FB
:109120008D0A05FB07854FEA932C04FB0C54270599
:10913000029D4FEA065847EA1637B5EB08056EEB75
:10914000070C870E920E47EA811742EA8312A7FBAB
:109150000201B6EB0B0164EB00042B0D43EA0C3368
:109160005E1844EB1C50DA465146E7FB0201C5F39A
:1091700013044FEA0B3343EA14534FEA0432019CC1
:1091800043EA0603A4F10C040294009CCDE900B468
:1091900000F07CF903B0BDE8F08F00200146F9E74C
:1091A0002DE9F04D81EA030404F0004B21F0004565
:1091B00014464FF0000A23F0004150EA050220D087
:1091C00054EA01021DD0C5F30A570246C5F3130342
:1091D000C1F31300C1F30A5640F4801543F4801321
:1091E000A7EB0608101BD64608F2FD3873EB050006
:1091F00002D308F1010801E092185B41B8F1000FB9
:1092000003DA00200146BDE8F08D00204FF4801104
:10921000064684460EE0171B73EB050705D3121BA9
:1092200063EB050306434CEA010C49084FEA3000A2
:1092300092185B4150EA0107EDD152EA030012D0C7
:1092400082EA040083EA0501084305D0101BAB4104
:1092500006D20122002306E000224FF0004302E084
:109260006FF0010253101AEB06004CEB085110EBA3
:109270000A0041EB0B01BDE8F04D00F0F8B80EB567
:10928000C10F80EAE0700844CA07002140F233436E
:109290008DE80E000A460B4600F0F8F803B000BD5A
:1092A00070B5C1F30A5201F000450024C1F3130167
:1092B00040F2FF3341F480119A4201DA002070BD80
:1092C00040F233439A42A2F2334203DC524200F0AE
:1092D00075F800E090402C43F1D0404270BD00F0A2
:1092E000004230F000400AD0C10D01F56071C0F3BA
:1092F000160042EA0151C20840071143704700209E
:109300000146704701F0004330B421F0004150EABB
:10931000010206D00A0DA2F56072C1F31301002A02
:1093200002DC30BC00207047440F44EAC104C10095
:10933000E01830BC00EBC25000F062B82DE9F05FDD
:109340000546002092469B468846064681464024B4
:109350001BE0284641464746224600F02FF8534678
:109360005A46C01A914110D311461846224600F0C1
:1093700016F82D1A67EB01084F46224601200021FE
:1093800000F00DF817EB00094E41201EA4F1010476
:10939000DFDC484631462A464346BDE8F09F202A96
:1093A00004DB203A00FA02F1002070479140C2F13C
:1093B000200320FA03F3194390407047202A04DB6E
:1093C000203A21FA02F00021704721FA02F3D0403E
:1093D000C2F120029140084319467047202A06DB5B
:1093E000CB17203A41FA02F043EAE07306E041FA73
:1093F00002F3D040C2F12002914008431946704761
:109400000029A8BF7047401C490008BF20F0010098
:10941000704710B4B0FA80FC00FA0CF050EA010476
:1094200004BF10BC704749B1CCF1200421FA04F408
:1094300011FA0CF118BF012121430843A3EB0C01E1
:10944000CB1D4FEA00614FEA102042BF002010BC44
:10945000704700EBC35010440029A4BF10BC7047F4
:10946000401C490008BF20F0010010BC704710B537
:10947000141E73F1000408DA401C41F10001921837
:109480005B411A4301D120F0010010BD2DE9F04DE0
:1094900092469B4611B1B1FA81F202E0B0FA80F235
:1094A00020329046FFF77BFF04460F4640EA0A0051
:1094B00041EA0B0153465A46084313D0114653EA7A
:1094C000010019D0C8F140025046FFF777FF05466A
:1094D0000E46504659464246FFF761FF084305D005
:1094E000012004E020463946BDE8F08D0020054308
:1094F00046EAE0762C4337430A986305E40AA0EB7A
:1095000008000022FD0A44EA47540A3002D5002030
:109510000146E9E7010510196941DDE9084500192F
:109520006941BDE8F04DA2E7064C074D06E0E06852
:1095300040F0010394E8070098471034AC42F6D39A
:10954000E6F726FE58A6010878A6010870B58C1823
:1095500010F8015B15F0070301D110F8013B2A1147
:1095600006D110F8012B03E010F8016B01F8016B34
:109570005B1EF9D12B0705D40023521E0DD401F830
:10958000013BFAE710F8013BCB1A921C03E013F8F9
:10959000015B01F8015B521EF9D5A142D8D300202E
:1095A00070BD00000FB41CB50246002007AC0029B6
:1095B0000BD0491ECDE90021054B6A46214606988D
:1095C00000F092FD009A002111701CBC5DF814FBA4
:1095D0004BA501080FB4084B10B504A902AA0398C3
:1095E00000F082FD044602A9002000F0B9FF2046E9
:1095F00010BC5DF814FB000061A5010803B40198DC
:109600004100009850EAC12018BF04204A0D18BF3D
:1096100040F0010040F2FF72B2EB515F08BF40F032
:109620000200012808BF052002B07047410008026F
:1096300018BF04200A0E18BF40F001004FF07F420F
:1096400032EA010108BF40F00200012808BF0520EE
:10965000704700000000000070B59B482DED020B24
:109660002DED068B079D25F00044A04218DC97489D
:10967000844202DC0AD1069840B19DED060BBDEC98
:10968000068B02B0BDE8704000F036BC002DCCBFA8
:109690009FED8F0B9FED900BBDEC068B02B070BD64
:1096A0008F48A04215DD8F48A042D8BF4FF0FF344D
:1096B00058DD9DED060B51EC100BFFF79FFF0428C2
:1096C00008BF00F02DFC9DED060BBDEC068B02B033
:1096D00070BD9DED060B51EC100B00F04EFFCDE977
:1096E000060181489FED828BA0423CDD8248A0426A
:1096F0001FDD00249FED82AB9DED060B53EC1A2B72
:1097000051EC100BFFF733FC9DED060B41EC190BF0
:1097100053EC1A2B51EC100BFFF7D0FC53EC182B29
:10972000FFF7C6FC53EC192BFFF73AFDCDE9060114
:1097300049E09DED060B012453EC182B51EC100B66
:10974000FFF715FC9DED060B41EC190B53EC182BA4
:1097500051EC100BFFF7ACFC53EC192BFFF720FD7D
:10976000CDE906012FE06848A0421FDD02249FEDED
:10977000689B9DED060B53EC192B51EC100BFFF77A
:109780009DFC53EC182BFFF7F2FB9DED060B41EC13
:10979000180B53EC192B51EC100BFFF789FC53EC11
:1097A000182BFFF7FDFCCDE906010CE09DED060B43
:1097B000032453EC102B9FED580B51EC100BFFF7CB
:1097C000EFFCCDE906019DED060B53EC102B51EC9F
:1097D000100BFFF773FC41EC180B53EC182BFFF741
:1097E0006DFC41EC190B4E480621B0EE490AF0EE33
:1097F000690A784400F004FB53EC182B51EC100B71
:10980000FFF75CFC41EC180B4648B0EE490AF0EE5D
:10981000690A0521784400F0F3FA53EC192B51EC56
:10982000100BFFF74BFC41EC100B51EC180B53ECF9
:10983000102B002C0EDAFFF79AFB9DED061B53EC64
:10984000112BFFF73BFC9DED061B53EC112BFFF793
:1098500032FC35E0FFF78BFB9DED061B53EC112B23
:10986000FFF72CFC41EC100B2F48784400EBC400B0
:1098700090ED001B51EC100B53EC112BFFF718FC73
:109880009DED061B53EC112BFFF712FC41EC100B66
:109890002648784400EBC40090ED001B51EC100BFF
:1098A00053EC112BFFF707FC41EC100B002DA2BF6E
:1098B000BDEC068B02B070BD51EC100B81F0004185
:1098C00041EC100B01E70000000010440000F07FA5
:1098D000182D4454FB21F93F182D4454FB21F9BFA6
:1098E0000000DC3F0000203E0000F33F00000000CD
:1098F000000000000000F03F0000E63F0000000014
:109900000000000000000040008003400000000054
:10991000000000000000F83F000000000000F0BF61
:109920000A0E0000C00D00004A0D0000020D0000EC
:1099300070B56B4E2DED040B2DED028B82B0DDF872
:109940001CC0DDE905235C422CF000411C4341EAC8
:10995000D474049D22F00040B44205D86C422C43DC
:1099600040EAD474B4420BD99DED061B9DED040B67
:1099700002B0BDEC028B04B0BDE8704000F0C6BA86
:10998000ACF14054A4F17F641C430BD0022404EAE0
:10999000AC7444EAD27405439FED538B9FED542B76
:1099A00007D015E09DED040B51EC100B00F0DDFD30
:1099B00042E0002C11BF012C9DED040B02B0BDEC68
:1099C000028B04BF04B070BD022C38D0032C3BD0F6
:1099D0000B439FED491B9FED4A0B0AD0B14218D1B2
:1099E000B04209D121F0804120F0804007910590DC
:1099F0000FE0002A15DA10E0434B7B44002C08BF2F
:109A000093ED000B0DD0012C10D0022C17D0032C9D
:109A10001AD0B0421DD1002A03DAB0EE410AF0EEAE
:109A2000610A02B0BDEC028B04B070BD93ED000B77
:109A300051EC100B81F0004141EC100BF1E7B0EE5E
:109A4000480AF0EE680AECE7B0EE420AF0EE620A6D
:109A5000E7E7401A00153C28C8BF8DED000B19DC64
:109A6000BCF1000FBEBF10F13C0F9FED290B8DED37
:109A7000000B0FDB9DED060B53EC102B9DED040B43
:109A800051EC100BFFF78CFB00F077FD00F06DFD43
:109A9000CDE90001002C08BF9DED000BC1D0012CC9
:109AA00010D0022C9FED1C0B53EC102B9DED000BE6
:109AB00051EC100B0DD0FFF7FBFA53EC182BFFF70E
:109AC000F7FAB9E7019880F0004001909DED000B96
:109AD000A7E7FFF7EDFA53EC182BFFF7ECFAABE72B
:109AE0000000F07F00000000182D4454FB210940C5
:109AF000182D4454FB2109C0182D4454FB21F9BFF3
:109B0000182D4454FB21F93F320C000000000000E6
:109B10000000000000000000075C143326A6A13CF2
:109B200010EE101A08B5444A6846B2EB410F28D926
:109B30004FF0E640B0EB410F94BF00204FF0FF30F4
:109B400000900098002861DB60EE000A10F0010F21
:109B500045D010F0020FDFED391A9FED391A00EEF3
:109B6000E11ADFED381A40EE811A21EEA01AF0EE6C
:109B7000400A40EE010A08BFF1EE600AB0EE600A4A
:109B800008BD314B21F0004293423CD911F0004F07
:109B9000DFED2E0A20EE201ADFED2D0A19BF31EE7F
:109BA000601A71EE200A31EE201A71EE600ABDEEE5
:109BB000E01A11EE100A9FED271A00F0030000EEE4
:109BC000C10A9FED251A009000EEC10A9FED231AED
:109BD00000EEC10A9FED221A00EEC10AB1E79FED27
:109BE000211A9FED210A10F0020F00EE810A9FED6D
:109BF0001F1A00EE801AB7EE000A00EE810A18BFA5
:109C0000B1EE400A08BD00F0AFF99AE710EE100A75
:109C10004000B0F17F4F3CBFB7EE000A08BD07D14E
:109C20004FF0010000F05AFABDE8084000F08CB98E
:109C3000BDE8084000F084B9B61F927E336D4C3900
:109C4000DA82083CA0AA2ABE490E494683F9223F7F
:109C50000000004B0000C93F00A0FD390020A233E6
:109C60001A61342CB93AB2BACA9F2A3DDDFFFFBE51
:109C700000B510EE101A2DED028B81B0524A6846E5
:109C8000B2EB410F2ED94FF0E640B0EB410F94BF3D
:109C900000204FF0FF3000900098B0EE408A00287E
:109CA0006ADB10F0010F4BD068EE080A9FED471AEF
:109CB0009FED470A00EE810A9FED461A10F0020F51
:109CC00000EE801AB7EE000A00EE810A02BF01B072
:109CD000BDEC028B00BD00BF01B0B1EE400ABDEC8F
:109CE000028B00BD3C4B21F00042934241D911F060
:109CF000004FDFED3A0A20EE201ADFED390A19BFD6
:109D000031EE601A71EE200A31EE201A71EE600A0F
:109D1000BDEEE01A11EE100A9FED321A00F00300BA
:109D200000EEC10A9FED301A009000EEC10A9FEDCF
:109D30002F1A00EEC10A9FED2E1A00EEC10AABE702
:109D400028EE080A9FED2B1ADFED2B0A10F0020F08
:109D500040EE410A9FED291A00EE201A61EE000A3A
:109D6000B0EE480A08EE200AB6D101B0BDEC028B75
:109D700000BD00F0F9F88FE718EE100A4000B0F1CE
:109D80007F4F0DD218EE100AFFF750FC042808BFD1
:109D900000F0E2F8B0EE480A01B0BDEC028B00BD65
:109DA00009D1012000F09AF901B0BDEC028B5DF8F9
:109DB00004EB00F0C9B801B0B0EE480ABDEC028B6C
:109DC0005DF804EB00F0BCB8B61F927EB93AB2BAA7
:109DD000CA9F2A3DDDFFFFBE490E494683F9223F57
:109DE0000000004B0000C93F00A0FD390020A23355
:109DF0001A61342C336D4C39DA82083CA0AA2ABE91
:109E000070B504462DED028B4D1E00EBC500B0EE83
:109E1000408AF0EE608A90ED000B35F0060017D016
:109E200053EC182B51EC100BFFF748F941EC100BD9
:109E30006D1E04EBC50090ED001B51EC100B53ECB4
:109E4000112BFFF794F841EC100B35F00600E7D129
:109E5000022D36D0042D1CD0062D1CBFBDEC028B6C
:109E600070BD53EC182B51EC100BFFF727F994ED54
:109E70000A1B53EC112BFFF77AF853EC182BFFF762
:109E80001DF994ED081B53EC112BFFF770F841EC12
:109E9000100B53EC182B51EC100BFFF70FF994ED4E
:109EA000061B53EC112BFFF762F853EC182BFFF74E
:109EB00005F994ED040B53EC102BFFF758F841EC27
:109EC000100B53EC182B51EC100BFFF7F7F894ED37
:109ED000021B53EC112BFFF74AF853EC182BFFF73A
:109EE000EDF894ED001B53EC112BFFF740F8BDEC9F
:109EF000028B41EC100B70BD10B553EC102B51ECE4
:109F0000100BFFF734F841EC100B10BD10B553ECFB
:109F1000112B51EC100BFFF72AF841EC100B10BD80
:109F20009FED050B10B553EC102B51EC100BFFF708
:109F3000C5F841EC100B10BD00000000000000103F
:109F400030EE000A70470000DFED020A80EEA00A42
:109F500070470000000000009FED020A20EE000A9A
:109F600070470000000000102DE9F0014FF07F4223
:109F7000B2EB410F9FBF4FF0FF310160BDE8F00130
:109F800070474FF0004242EA0123C1F3C752783ACA
:109F9000551112F01F0C434CCCF120067C44C1F348
:109FA000C752A2F178024FEA621204EB820254F81F
:109FB000254008BFD2E9015612D0556804FA0CF4C6
:109FC00025FA06F73C43976805FA0CF527FA06F8D8
:109FD000D26807FA0CFCF24045EA08054CEA020692
:109FE000A4FB034CA5FB0352A6FB03631D449D4247
:109FF00034BF012600261319334416B1934202D907
:10A0000003E0934201D2012200E00022624402F107
:10A01000200C9206DC0C42EA443200EE102A5B036C
:10A02000DFED210AF8EEC01A00EE103A4FEA9C1C50
:10A0300011F0004FB8EE400AC0F800C020EE201A20
:10A0400000EE105ADFED190AB8EE400A20EE200AA1
:10A0500071EE810A70EE800A10EE902A02F500621D
:10A060006FF30B0200EE902A70EEE11A31EEC11A86
:10A07000DFED101A30EE411A9FED0D0A20EE800A36
:10A0800001EE210A9FED0C1A00EE810A04BFBDE823
:10A09000F0017047CCF180510160BDE8F001B1EEF4
:10A0A000400A704798060000000000360000802C2F
:10A0B00022AAFD29DB0FC92F0000C92F02E008C822
:10A0C000121F08C1002AFAD170477047002001E032
:10A0D00001C1121F002AFBD170470000014908602E
:10A0E00070470000500500202DE9FF4F8DB00F464E
:10A0F0000546002606E025280BD0DDE90F12904723
:10A100006D1C761C28780028F5D111B03046BDE8CA
:10A11000F08F0024A246A1460122EC4900E004434E
:10A1200015F8013F203B02FA03F00842F7D12878E6
:10A130002A2810D06FF02F022878A0F130010929C9
:10A1400014D80AEB8A0102EB410144F0020400EB4F
:10A15000010A6D1CF0E701CF5FEA000A03D544F461
:10A160000054CAF1000A44F002046D1C28782E281D
:10A1700017D115F8010F44F004042A280ED06FF00F
:10A180002F022878A0F1300109290AD809EB8901AA
:10A1900002EB410100EB01096D1CF2E757F8049B4B
:10A1A0006D1C28786C280FD006DC4C2817D0682846
:10A1B0000DD06A2814D104E0742810D07A280FD169
:10A1C0000DE044F400140AE044F4801401E044F487
:10A1D00040146978814202D104F580146D1C6D1C15
:10A1E0002A786E2A1FD00CDC632A31D004DC002AC6
:10A1F0008BD0582A11D1A3E0642A68D0692A0CD1E7
:10A2000065E0732A2ED004DC6F2A73D0702A04D143
:10A210009BE0752A6FD0782A6ED01046DDE90F12C8
:10A220009047761C50E1C4F30250022806D0032860
:10A2300009D0042801CF09D0066045E101CFF1170C
:10A24000C0E9006140E101CF06803DE106703BE1DD
:10A2500017F8040B8DF8000000208DF80100EB4684
:10A26000012003E057F804BB4FF0FF3061074FF0C7
:10A27000000102D40DE008F10101884649450FDADA
:10A280008045F8DB1BF808100029F4D108E008F13C
:10A29000010188468142FADB1BF808100029F6D13B
:10A2A000DDE90F23AAEB08008146214600F036F9CC
:10A2B000304400EB080604E0DDE90F121BF8010B47
:10A2C0009047B8F10108F7D221464846F7E00A2145
:10A2D000C4F302534FF0000B0891022B04D001CFBE
:10A2E000C117032B09D00AE0FF1D27F00707F7E885
:10A2F000020108E032E01FE020E000B2C117042BA9
:10A3000001D140B2C117031E71F1000307DA4FF00B
:10A31000000CD0EB0C006CEB01012D2302E02305B7
:10A3200004D52B238DF82430012303E0E30701D06B
:10A330002023F7E7984658E00A2110E010210EE0AC
:10A3400010204FF0000B08900CE010214FF0000B94
:10A3500044F004044FF00809089103E008214FF08D
:10A36000000B0891C4F30253022B04D001CF00214B
:10A37000032B06D006E0FF1D27F00707F7E80201D0
:10A3800003E080B2042B00D1C0B24FF000082307D5
:10A390002BD5702A07D0DDF820C08CF0100C5CEAB9
:10A3A0000B0C05D00EE040238DF82430012308E08B
:10A3B00050EA010306D030238DF824308DF8252093
:10A3C00002239846DDF820C08CF0080C5CEA0B0CE8
:10A3D0000BD150EA010301D1630706D530238DF874
:10A3E00024304FF00108A9F10109582A04D038A2FD
:10A3F0000B9208AA0A920BE03AA2F9E75B46089A88
:10A40000FEF79CFF0B9B9B5C0A9A521E0A921370EC
:10A4100050EA0102F2D10A98ADEB000000F1200BE6
:10A42000600702D524F4803401E04FF00109D945DA
:10A4300002DDA9EB0B0000E0002000EB0B01414422
:10A440000890AAEB010AE00306D4DDE90F232146B8
:10A45000504600F063F806444FF0000908E009A9EF
:10A4600011F80900DDE90F12904709F10109761C86
:10A47000C145F4DBE0030CD5DDE90F23214650464E
:10A4800000F04CF8064404E0DDE90F12302090475C
:10A49000761C0899481E08900029F5DC08E00A9807
:10A4A0000A990078491C0A91DDE90F129047761C41
:10A4B000BBF10001ABF1010BF1DC21465046DDE9B7
:10A4C0000F2300F019F806446D1C1BE60928010053
:10A4D000303132333435363738396162636465661A
:10A4E00000000000303132333435363738394142DC
:10A4F00043444546000000002DE9F0410446002594
:10A500001E461746880404D405E039462020B0478B
:10A510006D1C641EF9D52846BDE8F0812DE9F04197
:10A52000044600251E469046C80301D5302700E0AA
:10A530002027880404D505E041463846B0476D1C05
:10A54000641EF9D52846BDE8F0814A68002A06D085
:10A550000A68531C0B6010704868401E48607047C2
:10A560000A68531C0B601070704710B541EC100B5B
:10A57000FFF772F851EC100B10BD82B0CDE900016D
:10A5800021F0004001909DED000B02B051EC100B4A
:10A5900070470000000000004FBB610567ACDD3F65
:10A5A000182D4454FB21E93F9BF681D20B73EF3FFA
:10A5B000182D4454FB21F93FE2652F227F2B7A3C72
:10A5C000075C143326A6813CBDCBF07A8807703C2B
:10A5D000075C143326A6913CC4EB98999999C9BF9E
:10A5E000711623FEC671BCBF6D9A74AFF2B0B3BFD3
:10A5F0009AFDDE522DDEADBF2F6C6A2C44B4A2BF93
:10A600000D5555555555D53FFF8300922449C23FFE
:10A610006E204CC5CD45B73F513DD0A0660DB13F32
:10A62000EB0D76244B7BA93F11DA22E33AAD903F44
:10A630000000000000000000000000006E83F9A28E
:10A640002915444ED15727FCC0DD34F5999562DBBE
:10A650004190433CAB6351FE78A601080000002006
:10A66000540500004C950108FCA701085405002082
:10A67000349F0100CCA00108411BFF01041A020411
:10A680001A03041A04041A05041A06041A07041A01
:10A6900008041A09041A0A041A0B041A0C041A0DE5
:10A6A000041A0E041A0F041A10041A11041A1204C0
:10A6B0001A130422141A8448C1195F01D91AFCEC38
:10A6C0001A2CE11A200823F8021A5E0C1A12085AF2
:10A6D000B8F51A94081A5810811AF91069041ABAB0
:10A6E000181A62041AA40C5A9A281A5F0429081A24
:10A6F00096105A5A0C1A970C1A9D041A95043299FE
:10A7000032E032971ABD10290429281A34081A0594
:10A710000429381AAC041A8F041A31041A72041A64
:10A72000BE041ADA041A32041A06041A93041A6BC5
:10A73000041AE1041AC304293C2928296C32A029EF
:10A740009429BF1ADA081ACB041AD60D1A1C081A53
:10A75000B3081A0E041A180429B429E80124294C54
:10A76000013862FE223F1A8004111A400819041AA7
:10A77000A0041AC0041B20410C19041AF00423344D
:10A78000421A700434F0426452C83AA01029A71447
:10A79000A08601051C35FA8E3C4B30750409161C49
:10A7A00081023B1123420172691A1C991A2C1081F3
:10A7B000299D320A89C0A12927692B2AEE2029D593
:10A7C000D90C32FA5AC60C3262630703425F590C45
:10A7D000013429901A907D1A3E4403931405847A1B
:10A7E000030A680901020304060708090CA910C13D
:0CA7F0001AAA010111023E281AFF0141C3
:040000050800018965
:00000001FF
