:020000040800F2
:10000000E0340020D98A00084502000847020008B1
:100010004B0200084F0200085302000800000000D5
:100020000000000000000000000000009D0100082A
:100030005702000800000000E1010008F3BA0008C0
:10004000F38A0008F38A0008F38A0008F38A00089C
:10005000F38A0008F38A0008F38A0008F38A00088C
:10006000D104000815050008F38A00081B030008E6
:10007000FD02000859030008F38A00087502000811
:10008000F38A000881020008F38A0008F38A000856
:10009000F38A0008F38A0008F38A0008F38A00084C
:1000A000F38A0008C3030008F38A0008F38A0008F3
:1000B000EF0300081D04000849040008F38A000843
:1000C000F38A0008F38A0008F38A0008CD040008C8
:1000D000F38A00085D020008F38A0008F38A00082A
:1000E000F38A0008F38A0008F38A0008F38A0008FC
:1000F000F38A0008F38A0008F38A00083503000831
:10010000F38A0008F38A000875040008CF04000889
:10011000F38A0008F38A000895030008A103000889
:10012000F38A00089B020008CF020008F38A000847
:10013000F38A0008F38A0008F38A0008F38A0008AB
:10014000F38A0008F38A0008F38A0008F38A00089B
:10015000EF020008F38A0008F38A0008F38A000817
:10016000F38A0008F38A0008F38A0008F38A00087B
:10017000F38A0008F38A0008F38A0008F38A00086B
:10018000F38A0008F38A0008DFF80CD00DF018F8A5
:100190000048004763880008E0340020234B1968BA
:1001A0000868B0E8F04F80F309884FF0000080F352
:1001B000118870470000000003480068006880F361
:1001C000088862B600DF00BF08ED00E0DFF80C0031
:1001D000016841F470010160704700BF88ED00E0E4
:1001E000EFF30980114B1A681EF0100F08BF20EDC5
:1001F000108A20E9F04F106008B54FF0140080F32A
:1002000011880CF03EF84FF0000080F31188BDE833
:10021000084019680868B0E8F04F1EF0100F08BFDA
:10022000B0EC108A80F30988704700BF24040020D6
:10023000EFF311804FF0140181F31188704780F3C0
:1002400011887047704700BFFEE700BFFEE700BFA0
:10025000FEE700BFFEE770477047704710B540F2F9
:100260002551AD480AF059FD18B12021AA480AF0DD
:100270004BFD10BD10B5A949A94809F083FC10BD7C
:1002800010B5A849A648303009F052FC20B1A54964
:10029000A348303009F076FC10BD10B5A249A34840
:1002A00009F046FC90B1A049A04809F06BFC01F0B0
:1002B0001CFF00219A48303809F090FB08219B4828
:1002C00009F0ADFB0121994809F088FB10BD10B57C
:1002D00097499648183009F055FC9648407895495A
:1002E000097840EA012000B29349088010BD10B59A
:1002F00092498E48603009F045FC10BD10B58A491E
:100300008748483809F014FC30B187498448483898
:1003100009F038FC00F0D0FA10BD10B588498048CB
:10032000603809F005FC20B185497D48603809F046
:1003300029FC10BD10B583497948483009F0F8FB15
:1003400048B100217648483009F048FB7D4974489F
:10035000483009F017FC10BD10B5754970483038A9
:1003600009F0E6FBA8B172496D48303809F00AFC83
:1003700001F02DFD00216A48303809F02FFB0821DB
:100380006748303809F04BFB01216548303809F0E7
:1003900025FB10BD10B501216B480AF01BFA10BDFA
:1003A00010B5012169480AF015FA7A205A49888067
:1003B000012167480AF0C0FB012166480AF0BCFB36
:1003C00010BD10B5012164480AF004FA62480088A3
:1003D00000F0100028B161480068401C5F490860C7
:1003E00004E05E480068401E5C49086010BD10B51E
:1003F000012188070AF0EEF94FF08040008800F0F4
:10040000100028B156480068401E5549086004E0B5
:1004100053480068401C5249086010BD10B50121C6
:1004200050480AF0D7F94F48008800F0100028B172
:100430004D480068401E4C49086004E04A48006886
:10044000401C4949086010BD10B5012147480AF019
:10045000C1F94648008800F0100028B144480068FF
:10046000401E4349086004E041480068401C404980
:10047000086010BD10B501213E480AF0ABF93D48B7
:10048000008800F0100028B13B480068401E3A493F
:10049000086004E038480068401C3749086010BD17
:1004A00010B5012135480AF095F93448008800F06C
:1004B000100028B132480068401E3149086004E04D
:1004C0002F480068401C2E49086010BD70477047D7
:1004D00010B5042009F0EEFBD8B12021294808F01E
:1004E00072FC0421284808F049FC012804D10021AD
:1004F000164809F0EFFC09E00421234808F03EFC0F
:1005000020B9124809F0EAFC20490860042020497B
:10051000086010BD704700000010014020800020DE
:100520007060024000802020008800102864024093
:1005300000802010400600208C0000200088002051
:1005400020800010008000280010004000140040AF
:1005500000480040001401400000014068000020F5
:100560006C000020000400407000002000080040E3
:1005700084000020000C00407400002000040140B2
:100580008800002000000240000C024064000020AF
:10059000143C014070B5044620460CF05BFA054659
:1005A0002146F7480CF05DFAA0B195222146F448A7
:1005B0000CF044FA0021F34809F010FAF048F14930
:1005C0000C310860EF48B838C0F8BC500121ED4844
:1005D00009F004FA70BD70B50446002510E0605DB6
:1005E00068B1615DE8480AF0D2FA00BF8021E648B0
:1005F0000AF07DFB0028F9D0681CC5B200E070BD90
:10060000EDE770B5044600250FE05CB12146DE48F9
:100610000AF0BDFA00BF8021DB480AF068FB002821
:10062000F9D000E070BD681CC5B2032DEDDB00BF42
:10063000F8E713B50C460020FFF7E3FFD3A0FFF760
:10064000CAFF2346D2A29621D2480CF003FED1481D
:10065000FFF7C1FFD0A0FFF7BEFFCDA29621CD4886
:10066000009B0CF0F7FDCB48FFF7B5FFCCA0FFF7E0
:10067000B2FFFF20FFF7C5FFFF20FFF7C2FFFF20FB
:10068000FFF7BFFF1CBD70B505460C46BFA0FFF7C6
:10069000A2FF2246BEA1BF480CF0F4FDBD48FFF703
:1006A0009AFFBDA0FFF797FF2846FFF794FFBCA075
:1006B000FFF791FFFF20FFF7A4FF70BD77B585B06E
:1006C0000546FF26B4A103C9CDE90301B4A0006823
:1006D0000290AEA00068019000240AE00020B14919
:1006E0000855B1490855AB490855A5490855601C3E
:1006F000C4B21E2CF2DB0A20A6490870FF20487005
:100700008870C870A2A1A848079A0CF0BBFDA64942
:1007100001A80CF087F901A99E480CF083F903A900
:100720009C480CF07FF929469A480CF07BF998A177
:100730009D48069A0CF0A6FD9B4996480CF072F96C
:1007400002A994480CF06EF9FF2096490870487091
:10075000887090480CF066F98E48FFF71BFF08B0D0
:1007600070BDF7B584B005460E46FF278AA103C9C0
:10077000CDE902018AA00068019084A00068009081
:10078000002408E000208749085587490855814919
:100790000855601CC4B20A2CF4DB0A207D4908709D
:1007A000FF2048708870C87079A17F48069A0CF0C5
:1007B00069FD7D4968460CF035F9694675480CF0CD
:1007C00031F902A973480CF02DF9294671480CF053
:1007D00029F931466F480CF025F901A96D480CF054
:1007E00021F9FF206F490870487088700020C87098
:1007F000087168480CF016F96648FFF7CBFE07B0A1
:10080000F0BD01B58EB069A2322101A80E9B0CF09B
:1008100021FD01A8FFF7BEFE0FB000BD73B584B087
:100820000546FF265CA103C9CDE902015CA0006872
:10083000019056A00068009000240AE00020594969
:10084000085559490855534908554D490855601CE4
:10085000C4B21E2CF2DB0A204E490870FF204870FB
:100860008870C8704AA15048059A0CF00BFD4E499B
:1008700068460CF0D7F8694646480CF0D3F802A950
:1008800044480CF0CFF8294642480CF0CBF84649D2
:1008900040480CF0C7F801A93E480CF0C3F8FF200F
:1008A00040490870487088703A480CF0BBF83948E5
:1008B000FFF770FE06B070BD1CB53F4800783E499A
:1008C000497808443C49897808443B49C978084438
:1008D00039490979084438494979084436498979B8
:1008E00008443549C97908443349097A0844C0B2F3
:1008F00001903148007A00F00F0000909DF8000050
:100900000D2803D000212D480AF016F91CBD2A48F5
:10091000007A00F00F000D2806D12748007800F07B
:10092000010008B10D2070470020FCE72248007844
:1009300000F0100008B1012070470020FCE71CB552
:100940001F4809F0CBFA1F49096840EA01403221EB
:1009500090FBF1F0009000243CE0194809F0BEFA49
:100960001849096840EA0140322190FBF1F00190FA
:10097000DDE90021881A002826DB014625E0000079
:100980009A050020B860024000500040740000004A
:1009900025640000640400202E7478743D22000059
:1009A000220000004A050020220500206A302E7631
:1009B000616C3D25640000007C060020004800407A
:1009C00000040040700000204142052900DA641C48
:1009D00001980090022CC0DB019840421CBD30B54C
:1009E0002DED048B83B0FE4809F078FAFD490968C3
:1009F00040EA014528460CF0CAF941EC190B9FED7D
:100A0000FA0B53EC102B0CF053F941EC180B0CF0D3
:100A1000CFF90190002423E0F14809F05FFAF14991
:100A2000096840EA014528460CF0B1F941EC190B80
:100A30009FEDED0B53EC102B0CF03AF941EC180B39
:100A40000CF0B6F90290DDE90121881A002801DBDB
:100A5000014600E04142052900DA641C0298019039
:100A6000022CD9DB029803B0BDEC048B30BD30B54D
:100A70002DED048B83B04FF0804009F02FFADC4954
:100A8000096840EA014528460CF081F941EC190B50
:100A90009FEDD50B53EC102B0CF00AF941EC180B21
:100AA0000CF086F90190002424E04FF0804009F01A
:100AB00015FACF49096840EA014528460CF067F964
:100AC00041EC190B9FEDC80B53EC102B0CF0F0F818
:100AD00041EC180B0CF06CF90290DDE90121881A49
:100AE000002801DB014600E04142052900DA641CD0
:100AF00002980190022CD8DB029803B0BDEC048B65
:100B000030BD30B52DED048B83B0BA4809F0E6F95D
:100B1000B949096840EA014528460CF038F941EC2A
:100B2000190B9FEDB10B53EC102B0CF0C1F841ECFD
:100B3000180B0CF03DF90190002423E0AD4809F0BA
:100B4000CDF9AD49096840EA014528460CF01FF986
:100B500041EC190B9FEDA40B53EC102B0CF0A8F8F3
:100B600041EC180B0CF024F90290DDE90121881A00
:100B7000002801DB014600E04142052900DA641C3F
:100B800002980190022CD9DB0298404203B0BDECE0
:100B9000048B30BD01B581B000200090019800EBBE
:100BA000C0004000009002E00098401E00900098B5
:100BB0000028F9D10CBD01B581B00020009044F2AD
:100BC000506101984843009002E00098401E009058
:100BD00000980028F9D10CBD1CB501211F2008F098
:100BE000B1FA4FF6FF70009001208DF8040000204C
:100BF0008DF8060001208DF8070003208DF8050010
:100C000069467E4808F058F84FF6FF7000900120C2
:100C10008DF8040000208DF8060001208DF80700F3
:100C200003208DF805006946754808F045F84FF631
:100C3000FF70009001208DF8040000208DF8060060
:100C400001208DF8070003208DF8050069466D48E6
:100C500008F032F81CBD1CB501217E2008F072FAA4
:100C6000C020009000208DF8040001208DF80700BE
:100C700002208DF805006946634808F01DF806203B
:100C8000009000208DF8040001208DF8070002205C
:100C90008DF805006946594808F00EF84FF4C04039
:100CA000009000208DF8040001208DF8070002203C
:100CB0008DF805006946524807F0FEFF18200090A5
:100CC00000208DF8040001208DF8070002208DF827
:100CD000050069464B4807F0EFFF1CBD1FB54FF4F8
:100CE000E06007F00BFF36208DF8000000208DF843
:100CF00001008DF8020001208DF80300684607F01E
:100D000002FF0121102008F050FA3220ADF8040053
:100D100040F2E73002900020ADF80C00ADF806007C
:100D200001A93A4809F08DF80121384809F052FD2F
:100D300001221146354809F025FD0021334809F00C
:100D4000C9F80121314809F005F91FBD1FB54FF45D
:100D5000E06007F0D3FE37208DF8000000208DF80A
:100D600001008DF8020001208DF80300684607F0AD
:100D7000CAFE0121202008F018FA3220ADF8040044
:100D800040F2E73002900020ADF80C00ADF806000C
:100D900001A91F4809F055F801211D4809F01AFD65
:100DA000012211461A4809F0EDFC0021184809F00B
:100DB00091F80121164809F0CDF81FBD00B58BB0A0
:100DC0000121022008F002FA01210C2008F0BAF9F2
:100DD000032206210A4807F0FAFF0322072119E03F
:100DE00000080040840000206666666666A64E40E5
:100DF0006C000020000C0040740000200004024041
:100E000000080240000C02400000024000100040B8
:100E100000140040FE4807F0DAFF03220821FC48D6
:100E200007F0D5FF03220921F94807F0D0FF4FF45E
:100E30007070069002208DF81C0003208DF81D00B4
:100E400000208DF81E0001208DF81F0006A9F04833
:100E500007F032FFA420ADF8200040F6B83009902A
:100E60004FF48070ADF828000020ADF8220008A9EA
:100E7000E84808F0E6FF6020ADF804000120ADF876
:100E8000060000200390ADF810000121E14809F0B0
:100E900061F80021DF4809F01DF801A9DD4809F0DB
:100EA00065F801A9DB4809F09AF801A9D94809F0C9
:100EB000E3F801A9D74809F045F90121D54809F01F
:100EC0003AFC0BB000BD00B58BB00121082008F042
:100ED0006CF90121084608F035F902220021CE48BC
:100EE00007F075FF02220121CB4807F070FF0222B4
:100EF0001146C94807F06BFF02220321C64807F0DC
:100F000066FF0F20069002208DF81C0003208DF84C
:100F10001D0000208DF81E0001208DF81F0006A97D
:100F2000BD4807F0C9FEBA20ADF8200042F21070AB
:100F300009900020ADF82800ADF8220008A9B748B4
:100F400008F07FFF6020ADF804000120ADF8060036
:100F500000200390ADF810000121B04808F0FAFF1E
:100F60000021AE4808F0B6FF01A9AC4808F0FEFF2A
:100F700001A9AA4809F033F801A9A84809F07CF8AA
:100F800001A9A64809F0DEF80121A44809F0D3FB25
:100F90000BB000BD00B58BB00121042008F005F9AD
:100FA00001210D2008F0CEF802220C219C4807F008
:100FB0000EFF02220D219A4807F009FF02220E219E
:100FC000974807F004FF02220F21954807F0FFFE23
:100FD0004FF47040069002208DF81C0003208DF81D
:100FE0001D0000208DF81E0001208DF81F0006A9AD
:100FF0008B4807F061FEA420ADF8200040F6B83021
:1010000009904FF48070ADF828000020ADF8220060
:1010100008A9844808F015FF6020ADF804000120FD
:10102000ADF8060000200390ADF8100001217D48C6
:1010300008F090FF00217B4808F04CFF01A9794897
:1010400008F094FF01A9774808F0C9FF01A9754885
:1010500009F012F801A9734809F074F80BB000BD4B
:1010600000B589B00121080408F0B0F80121084654
:1010700008F068F803221146674807F0A8FE03222B
:101080000221654807F0A3FE0C20019002208DF894
:10109000080003208DF8090000208DF80A000120C7
:1010A0008DF80B0001A95C4807F006FE0020ADF8A2
:1010B00018004FF6FF7007900020ADF82000ADF843
:1010C0001A0006A9584808F0BCFE0420ADF80C0030
:1010D0000020ADF80E00C820ADF814000120ADF8D6
:1010E000100003A9504809F083FA00231A4603218F
:1010F0004E4809F01AFC01214C4809F06BFB012213
:1011000011464A4809F03EFB0121474808F022FFFA
:101110000021464808F0DEFE09B000BD00B589B0E8
:101120000121084608F041F80121022008F03DF8AD
:101130000121032008F006F801220F21364807F0AC
:1011400046FE012203213A4807F041FE0222042113
:10115000374807F03CFE02220521354807F037FEEC
:101160003820019002208DF808008DF80900002039
:101170008DF80A0001208DF80B0001A92C4807F01A
:101180009BFD4FF40040019002208DF808008DF87F
:10119000090000208DF80A0001208DF80B0001A93C
:1011A0001D4807F089FD0020ADF818004FF6FF70CC
:1011B00007900020ADF82000ADF81A0006A94FF006
:1011C000804008F03EFE06A91A4808F03AFE0420C6
:1011D000ADF80C000220ADF80E001420ADF814009C
:1011E0000120ADF8100003A9800709F001FA03A956
:1011F000104809F0FDF902231A460321580709F0A7
:1012000094FB02231A4603210A4809F08EFB13E0DF
:10121000000802400004014000000240000C0040B1
:10122000000C024000080040000001400040014066
:1012300000040240000400400121880709F0CAFAB6
:101240000121FE4809F0C6FA01221146900709F073
:1012500099FA01221146F94809F094FA0121880708
:1012600008F078FE0121F54808F074FE00214FF0E7
:10127000804008F02FFE0021F04808F02BFE4FF4CC
:10128000C06007F03BFC1D208DF8000003208DF8A6
:10129000010000208DF8020001208DF8030068464F
:1012A00007F031FC1C208DF8000004208DF80100AF
:1012B00000208DF8020001208DF80300684607F039
:1012C00022FC09B000BD00B589B00121084607F035
:1012D0007DFF0121102007F035FF4FF420600190C1
:1012E00002208DF8080003208DF8090000208DF8F9
:1012F0000A0001208DF80B0001A9D14807F0DCFCA1
:1013000001220921CE4807F062FD01220B21CC48C1
:1013100007F05DFD0020ADF818004FF6FF70079054
:101320000020ADF82000ADF81A0006A9C54808F065
:1013300088FD0420ADF80C000220ADF80E000A2054
:10134000ADF814000120ADF8100003A9BD4809F064
:101350004FF900231A460321BA4809F0E6FA0121A1
:10136000B84809F037FA01221146B64809F00AFADE
:101370000121B44809F02EFA01221146B14809F0C2
:1013800001FA0121AF4808F0E5FD0021AD4808F061
:10139000A1FD4FF4C06007F0B1FB19208DF80000EB
:1013A00001208DF8010000208DF8020001208DF849
:1013B0000300684607F0A7FB09B000BD00B589B07F
:1013C0000121042007F0F1FE0121082007F0BAFEF8
:1013D0004FF44050019002208DF8080003208DF852
:1013E000090000208DF80A0001208DF80B0001A9EA
:1013F000954807F061FC0020ADF818004FF6FF702B
:1014000007900020ADF82000ADF81A0006A98F481B
:1014100008F017FD02220C218B4807F0D8FC0222AD
:101420000D21894807F0D3FC0420ADF80C00022000
:10143000ADF80E00C820ADF814000120ADF8100082
:1014400003A9824809F0D4F802231A4603217F48F1
:1014500009F06BFA01217D4809F0BCF9012211461F
:101460007A4809F08FF90121784808F073FD0021CE
:10147000764808F02FFD00207449143108800120BF
:10148000724908804FF4C06007F038FB1E208DF8C9
:10149000000004208DF8010000208DF802000120DA
:1014A0008DF80300684607F02EFB09B000BD00B5BB
:1014B00089B00121082007F078FE0121084607F0D5
:1014C00041FE0320019002208DF8080003208DF8D2
:1014D000090000208DF80A0001208DF80B0001A9F9
:1014E0005B4807F0E9FB0020ADF818004FF6FF70ED
:1014F00007900020ADF82000ADF81A0006A9554865
:1015000008F09FFC02220021514807F060FC0222F3
:1015100001214F4807F05BFC0420ADF80C000220CD
:10152000ADF80E00C820ADF814000120ADF8100091
:1015300003A9484809F05CF802231A4603214548EC
:1015400009F0F3F90121434809F044F90122114659
:10155000404809F017F901213E4808F0FBFC002142
:101560003C4808F0B7FC00203A49143108800120BB
:10157000384908804FF4C06007F0C0FA32208DF877
:10158000000004208DF8010000208DF802000120E9
:101590008DF80300684607F0B6FA09B000BD00B543
:1015A00089B00121302007F000FE0121042007F05E
:1015B000C9FDC020019002208DF8080003208DF89D
:1015C000090000208DF80A0001208DF80B0001A908
:1015D000214807F071FB0020ADF818004FF6FF70AE
:1015E00007900020ADF82000ADF81A0006A91B48AE
:1015F00008F027FC03220621174807F0E8FB032226
:101600000721154807F0E3FB0420ADF80C00022089
:10161000ADF80E00C820ADF814000120ADF81000A0
:1016200003A90E4808F0E4FF02231A4603210B48E1
:1016300009F07BF90121094812E000000004004094
:101640000010024000000140000C02400008004071
:1016500000000240000C004000080240000401406D
:1016600009F0B8F801221146FE4809F08BF8012173
:10167000FC4808F06FFC0021FA4808F02BFC002021
:10168000F849143108800120F64908804FF4C06001
:1016900007F034FA2C208DF8000004208DF80100AA
:1016A00000208DF8020001208DF80300684607F045
:1016B0002AFA09B000BD00B59BB00121EA4807F045
:1016C00041FD0121080207F081FD00200290E7485A
:1016D0000390E74804900020059008200690002021
:1016E00007904FF4806008904000099080000A90B5
:1016F00040110B9040020C9000200D9001200E90A4
:1017000000200F90109002A9DA4808F02DF901216D
:10171000D84808F063F93C20009003208DF80400BD
:1017200000208DF807006946D34807F0C5FA3C2031
:10173000009003208DF8040000208DF80700694612
:10174000CE4807F0B9FA002011901290139014902F
:1017500011A807F06FFE4FF08070159001208DF8F2
:1017600058008DF859000020179018901990082003
:101770008DF8680015A9BD484C3807F02CFE0323EE
:1017800001220221B9484C3807F0ABFE03230222A4
:101790001946B6484C3807F0A4FE03231A46042124
:1017A000B2484C3807F09DFE032304220521AF48C0
:1017B0004C3807F096FE032305220C21AB484C3829
:1017C00007F08FFE032306220D21A8484C3807F0AE
:1017D00088FE032307220E21A4484C3807F081FE1F
:1017E000032308220F21A1484C3807F07AFE01217B
:1017F0009E484C3807F020FF01219C484C3807F0E8
:1018000010FF012199484C3807F02BFE97484C38BF
:1018100007F0C3FE1BB000BD08B54FF4E06007F051
:101820006DF925208DF8000000208DF801008DF85D
:10183000020001208DF80300684607F064F908BD36
:1018400010B596B004460121102007F0BFFC01211D
:10185000084607F077FC0121880507F073FC4FF478
:10186000C060009002208DF8040000208DF8060072
:101870008DF8070002208DF8050069467E4807F0C4
:101880001BFA072209217C4807F0A1FA07220A2146
:10189000794807F09CFA02940020ADF80C00ADF8EE
:1018A0000E00ADF81000ADF814000C20ADF81200D9
:1018B00002A9734809F0B8F80121714809F03CF910
:1018C0004FF4A06007F01AF93A208DF818000020B4
:1018D0008DF819008DF81A0001208DF81B0006A85C
:1018E00007F011F96348303007F09CFF4FF00060BB
:1018F000079000200A90634809900A200B906048E6
:10190000001D089000200C904FF480600D90002086
:101910000E900F904FF480701090400211900420B0
:1019200012900320139000201490159007A951489D
:10193000303008F019F801224021514809F0A9F986
:10194000012210214B48303008F0D5F801214948D8
:10195000303008F043F816B010BD10B596B004460C
:101960000121480507F0EEFB0121480407F01DFCAA
:101970000121082007F0E6FB6020009002208DF88E
:10198000040000208DF806008DF8070002208DF875
:10199000050069463C4807F08FF9072205213A48BF
:1019A00007F015FA07220621374807F010FA0294CB
:1019B0000020ADF80C00ADF80E00ADF81000ADF849
:1019C00014000C20ADF8120002A9304809F02CF8E0
:1019D00001212E4809F0B0F84FF4A06007F08EF80E
:1019E00011208DF8180000208DF819008DF81A00CC
:1019F00001208DF81B0006A807F085F8244807F0A1
:101A000011FF4FF00060079040200A902148099094
:101A100046200B901D48001D089000200C904FF4AC
:101A200080600D9000200E900F904FF48070109009
:101A30004002119004201290032013900020149073
:101A4000159007A9124807F08FFF012280210F4847
:101A500009F01FF9012280210C4809F01AF901222E
:101A6000102119E000040140050040004C20014015
:101A700030060020106402400000024000080240CE
:101A80000010014040060020000C024000440040CD
:101A9000A060024008000020FE4808F02CF8012158
:101AA000FC4807F09BFF16B010BD10B596B0044679
:101AB0000121880407F079FB0121082007F042FB8F
:101AC0000121480507F03EFB4FF4407000900220D2
:101AD0008DF8040000208DF806008DF80700022024
:101AE0008DF805006946EC4807F0E6F80722082162
:101AF000E94807F06CF907220921E74807F067F980
:101B000002940020ADF80C00ADF80E00ADF8100006
:101B1000ADF814000C20ADF8120002A9DF4808F05F
:101B200083FF0121DD4809F007F84FF4A06006F0BB
:101B3000E5FF0C208DF8180000208DF819008DF8B5
:101B40001A0001208DF81B0006A806F0DCFFD14822
:101B5000783807F067FE4FF00060079000200A9089
:101B6000CF4809900A200B90CC48001D0890002017
:101B70000C904FF480600D9000200E900F904FF469
:101B80008070109040021190042012900320139056
:101B900000201490159007A9BE48783807F0E4FE9D
:101BA00001224021BD4809F074F801224021BB48C0
:101BB00009F06FF801221021B648783807F09BFF32
:101BC0000121B448783807F009FF16B010BD10B5F0
:101BD00096B004460121C80407F0E7FA0121042069
:101BE00007F0B0FA0121480507F0ACFA4FF4406065
:101BF000009002208DF8040000208DF806008DF87A
:101C0000070002208DF805006946A64807F054F841
:101C100008220A21A34807F0DAF808220B21A1487C
:101C200007F0D5F802940020ADF80C00ADF80E00D6
:101C3000ADF81000ADF814000C20ADF8120002A9A8
:101C4000994808F0F1FE0121974808F075FF4FF41C
:101C5000A06006F053FF0D208DF8180003208DF8CA
:101C6000190001208DF81A008DF81B0006A806F057
:101C70004AFF8848603807F0D5FD4FF000600790B4
:101C800000200A908948099008200B908648001D82
:101C9000089000200C904FF480600D9000200E9072
:101CA0000F9010904FF400301190002012900320FC
:101CB000139000201490159007A97648603807F01B
:101CC00053FE01224021784808F0E3FF01228021E1
:101CD000754808F0DEFF012210216E48603807F0D9
:101CE0000AFF01216B48603807F078FE16B010BD7E
:101CF00030B56F4B1B68322B00DB30BD6D4B1B8842
:101D000003EB83036C4C234498706A4B1B8803EBF2
:101D100083032344D970674B1B8803EB830323445D
:101D20001A71644B1B885B1C322493FBF4F504FB93
:101D30001533604C23805E4B1B685B1C5C4C23603E
:101D400000BFDAE701465A48006808B9002070472A
:101D50005A48008800EB8000574A104402680A6025
:101D60000079087155480088401C322290FBF2F33C
:101D700002FB1300514A10804D480068401E4C4A37
:101D800010600120E3E70CB54D48007800B10CBDB0
:101D90004748006810B900204A4908706846FFF7B4
:101DA000D1FF70B19DF80400464908709DF802000B
:101DB000454908709DF803004449087001204049D6
:101DC000087000BFE3E700203D49087070473749BD
:101DD0000978364A52781144344A92781144334A89
:101DE000D2781144314A12791144304A527911445F
:101DF000C8B22E490978022900D070472B49C97909
:101E0000032900D0F9E729498979814218D1274966
:101E100049782F4A1170254989782E4A1170234933
:101E2000C978294A117021490979284A11701F4936
:101E30004979294A117025490978284A116006E034
:101E4000FF21214A1170214A1170234A117000BFED
:101E5000D3E710B596B004460121480507F072F9A2
:101E60000121080507F0A1F901210C2007F06AF90A
:101E70000420009002208DF8040000208DF8060058
:101E80008DF8070002208DF805006946024806F02B
:101E900013FF25E0A0600240000C02400048004013
:101EA0007C06002000080240004C00406701002032
:101EB00074010020780100208B0600207A010020A8
:101EC0007D0100207C0100207101002072010020B2
:101ED0006F010020700100207301002080010020AC
:101EE0004FF48050009002208DF8040000208DF8FF
:101EF00006008DF8070002208DF805006946F948B4
:101F000006F0DAFE08220221F74806F060FF0822F8
:101F10000C21F44806F05BFF4FF4A06006F0EEFDE4
:101F20002F208DF8180005208DF819008DF81A0063
:101F300001208DF81B0006A806F0E5FD02940020A4
:101F4000ADF80C00ADF80E00ADF81000ADF81400BF
:101F50000C20ADF8120002A9E44808F065FD01214B
:101F6000E24808F0E9FDE24807F05CFC4FF0006051
:101F7000079040200A90DF48099096200B90DB489C
:101F8000001D089000200C904FF480600D90002000
:101F90000E900F9010904FF400301190002012908E
:101FA0000320139000201490159007A9D04807F043
:101FB000DBFC01228021CD4808F06BFE01221021BC
:101FC000CB4807F098FD0121C94807F007FD16B07E
:101FD00010BD10B596B004460121202007F0F6F898
:101FE0000121042007F0AEF80121880507F0AAF8C6
:101FF000C020009002208DF8040000208DF806001B
:102000008DF8070002208DF805006946B54806F0F6
:1020100053FE08220621B34806F0D9FE0822072104
:10202000B04806F0D4FE02940020ADF80C00ADF8E4
:102030000E00ADF81000ADF814000C20ADF8120041
:1020400002A9AD4808F0F0FC0121AB4808F074FD8E
:102050004FF4A06006F052FD39208DF818000320DF
:102060008DF8190001208DF81A008DF81B0006A8C4
:1020700006F049FDA14807F0D5FB4FF0206007901E
:1020800000200A909E48099008200B909A48001D55
:10209000089000200C904FF480600D9000200E906E
:1020A0000F9010904FF400301190002012900320F8
:1020B000139000201490159007A9904807F054FC45
:1020C000012240218C4808F0E4FD012280218A4849
:1020D00008F0DFFD01221021884807F00CFD0121E6
:1020E000864807F07BFC16B010BD85490978844A04
:1020F00052781144824A92781144814AD27811442C
:102100007F4A127911447E4A52791144C8B27C49FF
:102110000978022900D070477949C979032900D08C
:10212000F9E777498979814218D175494978754A23
:10213000117073498978744A11707149C978734A6A
:1021400011706F490979724A11706D494979714A64
:1021500011706F490978704A117006E0FF216B4ACF
:1021600011706B4A11706B4A117000BFD3E700B554
:1021700085B00121082006F0E5FF0121880307F062
:1021800025F800208DF8100001208DF813000C2098
:10219000039003A9544806F08FFD0221032008F0A4
:1021A00011FE0420009000208DF8040010208DF80E
:1021B000050001208DF80600684607F015FD08208F
:1021C0008DF8080000208DF809008DF80A00012024
:1021D0008DF80B0002A806F096FC05B000BD70B5A6
:1021E00004460D46012C0BD129464C4808F0CFFC83
:1021F00000BF4021494808F07AFD0028F9D028E0C6
:10220000032C0BD12946464808F0C1FC00BF4021F1
:10221000434808F06CFD0028F9D01AE0042C0BD1DB
:102220002946404808F0B3FC00BF40213D4808F073
:102230005EFD0028F9D00CE0052C0AD129462B4878
:1022400008F0A5FC00BF4021284808F050FD0028F8
:10225000F9D070BD002034490860344908607047E7
:10226000002033494862334908604FF0804148629A
:10227000314908602C4908602C4908602F490860E2
:102280002F4908602F4908602F49086070470020D7
:102290004FF0804148622849086070470020224979
:1022A000086022490860704710B50020274908706F
:1022B000002407E061210120FFF791FF3220FEF7A3
:1022C0007AFC641C022CF5D30120204908707A2086
:1022D0001F49087010BD10B500201E490870002469
:1022E00042E0000000080240000C024000500040A4
:1022F000B86002409A0500200014014028640240A2
:10230000840100208C0100208D0100208E0100201E
:102310008F01002090010020910100200010014059
:1023200000480040004C00402404004070000020A1
:1023300000000140680000206C00002024080040DC
:1023400084000020240C0040740000209100002034
:10235000900000209300002061210320FFF73FFF41
:102360003220FEF728FC641C022CF5D30120F8492A
:1023700008707A20F749087010BD2DE9F14FAEB012
:10238000F5A02D9000202C908DF888008DF860002D
:102390002E98142832D2DFE800F00A323B4249502E
:1023A000576069727B828990979EA5FDFCFB022194
:1023B000F24806F0E3FC88B100224FF40041F048F7
:1023C00006F0FAFC4FF40041ED4806F0E4FC044648
:1023D00000222146EBA0FEF771F90FE00122D103A4
:1023E000E74806F0E9FC4FF40041E54806F0D3FC6D
:1023F000044600222146EBA0FEF760F97CE10122B1
:10240000F048B0F900004142EFA0FEF757F973E140
:102410000222EF480168EFA0FEF750F96CE10322B9
:10242000F0480168F0A0FEF749F965E10422F1489F
:102430000168F1A0FEF742F95EE10522F14801686A
:10244000F1A0FEF73BF957E1FEF7C9FA0446062270
:102450002146F0A0FEF732F94EE1FEF708FB0446F4
:1024600007222146EEA0FEF729F945E1FEF749FBD8
:10247000044608222146EDA0FEF720F93CE1FEF7D4
:102480005EFA044609222146EBA0FEF717F933E174
:102490000A22ED480178EDA0FEF710F92CE10B229D
:1024A000ED480168EDA0FEF709F925E10C22EF489F
:1024B0000168EFA0FEF702F91EE10D22F048017855
:1024C000F0A0FEF7FBF817E10E22F1480178F1A029
:1024D000FEF7F4F810E10F22F3480168F3A0FEF7CD
:1024E000EDF809E10121F64806F048FC4FF40051EF
:1024F0001790A34806F042FC04460221F04806F07B
:102500003DFC05464FF480419D4806F037FC0646E9
:102510000421EB4806F032FC4FF400411690E848E5
:1025200006F02CFC07460821E54806F027FC80460B
:102530004FF48041E24806F021FC81461021E0483A
:1025400006F01CFC4FF400511590DD4806F016FC17
:1025500082460821DB4806F011FC4FF480511490AC
:10256000D74806F00BFC10211390D64806F006FC65
:102570004FF480611290D24806F000FC834680211F
:10258000CF4806F0FBFB4FF480711190CC4802E07D
:10259000ABE0A3E023E006F0F1FB10901798CDE943
:1025A0000B65CDE90D401698CDE90798CDE9097086
:1025B00013A807C8CDE905A2CDE90301DDE9111093
:1025C000CDE9001B0290C0A2282122A8109B0AF08E
:1025D00041FE102222A9C5A0FEF7C3F88CE080219D
:1025E000664806F0D8FB04460121644806F0D3FB98
:1025F00005464021614806F0CEFB06464FF40041F7
:10260000B04806F0C8FB07464FF48051B84806F0C2
:10261000C2FB80464FF48061584806F0BCFB8146FF
:102620004FF40061B24806F0B6FB4FF4006117901A
:10263000524806F0B0FB82464FF48061A14806F094
:10264000AAFB83464FF480514C4806F0A4FB4FF49C
:10265000006116909B4806F09EFB4FF400511590C8
:10266000464806F098FB4FF480411490954806F0D8
:1026700092FB4FF480411390404806F08CFB4FF4DE
:10268000807112909A4806F086FB4FF40041119039
:102690003A4806F080FBCDE90B76CDE90D54109059
:1026A0001798CDE907A0CDE90998DDE9141216982D
:1026B000CDE9050BCDE90312DDE911121398CDE93F
:1026C0000012029080A2282122A8109B0AF0C2FDCD
:1026D000112222A987A0FEF744F80DE02A226C48B7
:1026E000017825A0FDF7EAFF06E02B226448017877
:1026F00021A0FDF7E3FF00BF00BF2FB0BDE8F08FC2
:1027000010B501217D4807F069F910BD01B57C487D
:1027100000680099884203DD00207949086004E0E0
:1027200077480068401C7649086075480068FFF7E4
:1027300024FE08BD10B5FEF752F972490860FEF795
:1027400096F971490860FEF7DCF97049086010BD20
:10275000930000209200002031313131313131318C
:10276000313131313131313131313131313130315A
:10277000313131313131313100000000000402408B
:1027800000080240524F424F5420322044414E47ED
:1027900020434841592053414E2058414E483A2049
:1027A00020200000524F424F5420322044414E47D7
:1027B00020434841592053414E20444F3A20202085
:1027C000000000008C000020494D553A0000000038
:1027D000040000204C617A6572207472756F633A50
:1027E00000000000980000204C617A65722073613F
:1027F000753A0000A00000204C617A657220706874
:10280000616920009C0000204C617A65722074721E
:1028100061693A00454E434F4445525F306820009D
:10282000454E434F4445525F34682000454E434F68
:102830004445525F38682000454E434F444552207E
:10284000434841592000000091010020646F206C32
:10285000656368203A000000B40000204269656E9C
:1028600054726F4E616E673A00000000AC000020A9
:1028700054726F20746179206B66733A0000000017
:102880007301002069645F626C6F636B203A000023
:102890007C01002074616B655F646174615F626CD0
:1028A0006F636B3A0000000074010020636F756E67
:1028B000745F646174615F75617274343A00000022
:1028C00000100240000C0240256425642564256444
:1028D00025642564256425642564256425642564B0
:1028E000256425642564256400000000493A000041
:1028F000000002404F55543A00000000A060024022
:1029000080000020780300207C030020800300204A
:102910002DE9F0412DED088B06460F4630460AF0B2
:1029200036FA41EC190B9FEDFE1BB0EE490AF0EEB2
:10293000690A0AF073FFB0EE408AF0EE608A51EC4B
:10294000180B0AF035FA0446002C02DBA4F5E1640A
:1029500001E004F5E16438460AF019FA41EC1B0B7A
:102960009FEDEF1BB0EE4B0AF0EE6B0A0AF056FF3C
:10297000B0EE409AF0EE609A30460AF008FA41EC68
:102980001B0B9FEDE71BB0EE4B0AF0EE6B0A0AF053
:1029900045FFB0EE40AAF0EE60AA53EC192B51ECC3
:1029A0001A0B0AF00DF941EC180B0AF001FA054672
:1029B0002846211E01DB0A4600E04A42002801DBCE
:1029C000034600E043429A4205DA25464FF0FF30C5
:1029D000D549086003E035460120D3490860284600
:1029E000BDEC088BBDE8F0810146FA2901DDFA2132
:1029F00002E0032900DC0221C8B2704710B504468A
:102A00000B4624B9C9480078C949C87116E0C948BD
:102A100090ED000AB5EEC00AF1EE10FA07DD20468F
:102A2000FFF7E2FFC249C8710020887106E06042EA
:102A3000FFF7DAFFBE49C8710120887123B9BB488E
:102A40000078BB49C87516E0BB4890ED000AB5EEAA
:102A5000C00AF1EE10FA07DD1846FFF7C5FFB449CA
:102A6000C8750020887506E05842FFF7BDFFB049E1
:102A7000C8750120887522B9AC480078AC49C87384
:102A800016E0AE4890ED000AB5EEC00AF1EE10FA7D
:102A900007DD1046FFF7A8FFA549C873012088731A
:102AA00006E05042FFF7A0FFA149C87300208873D9
:102AB00010BDA34B1860A34B1960A34B1A6070475D
:102AC0009B4AD071D075D07370479948C07903285C
:102AD00009DA9748C07D032805DA9548C07B0328AA
:102AE00001DA012070470020FCE7012097490860C7
:102AF00070479748006847F23051884201D0012062
:102B000070470020FCE710B5FFF7CEFB10BD9148E1
:102B1000B0F9000040427047B5EEC00AF1EE10FA7D
:102B200009D28D48D0ED000A70EE600AFDEEE00A91
:102B300010EE900A70478848D0ED000A70EE200A27
:102B4000FDEEE00A10EE900AF4E770B52DED0E8B65
:102B500004469FED820AB0EE409A9FED810AF0EEA6
:102B6000409AB0EE000AB0EE40EA201E01DB0146BA
:102B700000E0414200EE101AB8EEC00AB4EECE0AF0
:102B8000F1EE10FA04D29FED770ABDEC0E8B70BD0A
:102B9000002C02DDB0EE690A01E0B1EE690A00EE38
:102BA000904AF8EEE00AB0EE408A00EE898A18EE0C
:102BB000100A0AF01CF941EC1D0BB0EE4D0AF0EEC4
:102BC0006D0A0AF021FEB0EE40BAF0EE60BAB0EE47
:102BD000480A0BF06FFD10EE105A28460AF007F96C
:102BE00041EC1C0B53EC1B2B09F0F0FF41EC1A0BD2
:102BF0000AF010F908EE900A5B4890ED000AF8EE32
:102C0000C00A88EEA00AC0E7F0EE400AF5EEC00A5E
:102C1000F1EE10FA02DBB0EE600A7047B1EE600A26
:102C2000FBE70146002901DB084670474842FCE704
:102C300001464E48D0ED000AF1EE600A4C48D0ED56
:102C4000001A80EEA11A00EE901AF8EEE01A47483A
:102C5000D0ED000A41EE210AB0EE600AFDEEC00A96
:102C600010EE900A704701460A2250239FED3C1A4D
:102C7000F0EE410A0A2901DC0A207047502901DBE5
:102C80005020FAE7A1F10A0001EE100AF8EEC11A8D
:102C9000B2EE041AB0EE410A01EEA00A9FED351A19
:102CA000B4EEC10AF1EE10FA03DD9FED321AB0EE78
:102CB000410AB2EE041AB4EEC10AF1EE10FA03D2E0
:102CC000B2EE041AB0EE410ABDEEC01A11EE100ABF
:102CD000D3E7F0EE401A9FED282AB0EE420AF5EE57
:102CE000C01AF1EE10FA03D2B1EE612AF0EE421AE8
:102CF000F5EEC00AF1EE10FA03D2B1EE602AF0EE62
:102D0000420AB5EEC01AF1EE10FA03D2B1EE412A32
:102D1000B0EE421AF4EEC01AF1EE10FA30DD2DE0FA
:102D2000000000000020AC4078020020D801002004
:102D3000080000203C020020400200204402002045
:102D4000600200206402002068020020B40200201B
:102D5000040200208C000020A0010020CDCC4C3DBE
:102D60003333333F00000000F0010020BC0200209C
:102D7000C00200200000A0426F12833AB0EE610A48
:102D8000F4EEC00AF1EE10FA01DDB0EE600AB4EE26
:102D9000C01AF1EE10FA01DDB0EE410A7047FE48AC
:102DA00000687047FD480068704710B52DED0A8B2C
:102DB000F0EE408A18EE900A0AF019F841EC1C0B6C
:102DC0001FED291BB0EE4C0AF0EE6C0A0AF026FD4E
:102DD000B0EE40BAF0EE60BA1FED2F0B53EC102BA3
:102DE00051EC1B0B09F04BFE41EC1A0B1FED341B91
:102DF000B0EE4A0AF0EE6A0A0AF010FDB0EE409A10
:102E0000F0EE609A51EC190B0AF004F808EE100A83
:102E10009FEDE30AB4EEC08AF1EE10FA06DD9FEDF5
:102E2000E10AB4EEC08AF1EE10FA0BD3B5EEC08A17
:102E3000F1EE10FA0ADB9FEDDC0AB4EEC08AF1EE87
:102E400010FA03D80120BDEC0A8B10BD9FEDD70A04
:102E5000B4EEC08AF1EE10FA01D80220F3E79FED3C
:102E6000D40AB4EEC08AF1EE10FA01D80320EAE7E2
:102E70000420E8E710B52DED108B8AB0B0EE408A43
:102E8000F0EE608AB0EE419ACA4890ED000A28EE52
:102E9000000ADFEDC90A80EE201A11EE104A204622
:102EA00009F0A5FFCDE908019DED080B0AF054FBE0
:102EB000B0EE40FAF0EE60FA18EE900A09F097FFD3
:102EC00041EC1E0B53EC1F2B09F080FE41EC1C0B58
:102ED00009F0A0FF0AEE900A19EE100A09F087FF28
:102EE000CDE90601B34890ED000A28EE000ADFEDB7
:102EF000B20A80EE201A11EE104A204609F077FF40
:102F000041EC1E0BB0EE4E0AF0EE6E0A0BF030FBF9
:102F10008DED040B18EE900A09F069FF41EC1C0BD3
:102F20009DED040B53EC102B09F050FE41EC1F0BF0
:102F30009DED060B53EC102B09F0A1FDCDE9080126
:102F40009DED080B51EC100B09F064FF0BEE100A1D
:102F50009FED9A0A38EE400A9648D0ED000A20EE1E
:102F6000200ADFED950A80EE201A11EE104A204665
:102F700009F03DFFCDE908019DED080B0AF0ECFAE0
:102F8000B0EE40FAF0EE60FA18EE900A09F02FFF6A
:102F900041EC1E0B53EC1F2B09F018FE41EC1C0BEF
:102FA00009F038FF0BEE900A19EE100A09F01FFF26
:102FB00041EC1F0B9FED810A38EE400A7D48D0EDB1
:102FC000000A20EE200ADFED7C0A80EE201A11EEC6
:102FD000104A204609F00BFF41EC1E0BB0EE4E0AE2
:102FE000F0EE6E0A0BF0C4FA8DED040B18EE900AA9
:102FF00009F0FDFE41EC1C0B9DED040B53EC102B76
:1030000009F0E4FD53EC1F2BCDE906019DED060B05
:1030100051EC100B09F033FDCDE908019DED080BD3
:1030200051EC100B09F0F6FE0DEE100A9FED640A4C
:1030300038EE400A5F48D0ED000A20EE200ADFEDAE
:103040005E0A80EE201A11EE104A204609F0CFFEEB
:1030500041EC1E0BB0EE4E0AF0EE6E0A0AF07CFA5E
:10306000B0EE40FAF0EE60FA18EE900A09F0BFFEFA
:1030700041EC1C0B53EC1F2B09F0A8FDCDE9080116
:103080009DED080B51EC100B09F0C4FE09EE900AFF
:1030900019EE100A09F0ABFE9FED490A38EE400A1E
:1030A000CDE906014348D0ED000A20EE200ADFED0D
:1030B000420A80EE201A11EE104A204609F097FECF
:1030C00041EC1E0BB0EE4E0AF0EE6E0A0BF050FA19
:1030D000B0EE40CAF0EE60CA18EE900A09F087FE22
:1030E00041EC1F0B53EC1C2B09F070FDCDE90401E2
:1030F0009DED060B53EC102B9DED040B51EC100BCA
:1031000009F0BDFCCDE908019DED080B51EC100B59
:1031100009F080FE0AEE100AF0EE6A0AB0EE4B0AE1
:103120000AF0F0F8DFED240A20EE200A2148D0ED65
:10313000000A80EE201A234880ED001A2248016818
:10314000204890ED000ABDEEC00A10EE100AFFF70D
:10315000DFFB00EE100AB8EEC00A1A4880ED000A44
:103160001A4890ED000AB8EEC00A194880ED000A2E
:103170001648006809F00BFECDE906011BEE100AA7
:1031800009F035FE41EC1E0B9FED121BB0EE4E0A0E
:10319000F0EE6E0A22E00000F00100201C02002088
:1031A00000E04445000061450000E14300C0A84440
:1031B00000A00C45E40100200000E144000096441A
:1031C0000000164548020020780300207802002005
:1031D0003C02002000000000000000400AF0A0FBBC
:1031E000B0EE40FAF0EE60FA1AEE900A09F0FFFD38
:1031F00041EC1E0B1FED091BB0EE4E0AF0EE6E0AFD
:103200000AF08EFB8DED000B53EC1F2B9DED000B98
:1032100051EC100B09F033FCCDE902019DED020BDE
:103220000BF00AFAB0EE40CAF0EE60CA9FEDF70B61
:1032300053EC102B51EC1C0B09F03AFDCDE90401C5
:103240009DED060B53EC102B9DED040B51EC100B78
:1032500009F0BCFCCDE908019DED080B51EC100B09
:1032600009F0D8FDEB490860F0EE6B0AB0EE4D0AAC
:103270000AF048F85FED300A20EE200AE648D0ED6B
:10328000000A80EE201AE54880ED001AE448016843
:10329000E24890ED000ABDEEC00A10EE100AFFF7FA
:1032A00037FB00EE100AB8EEC00ADC4880ED000AD9
:1032B000DC4890ED000AB8EEC00ADB4880ED000A59
:1032C000D848006809F063FDCDE906011DEE100A3B
:1032D00009F08DFD41EC1E0B1FED421BB0EE4E0AB6
:1032E000F0EE6E0A0AF01CFB8DED020B1BEE900A4D
:1032F00009F07DFD41EC1E0B1FED4A1BB0EE4E0A9E
:10330000F0EE6E0A0AF00CFB8DED000B9DED020B4A
:1033100053EC102B9DED000B51EC100B09F0AFFBA3
:1033200041EC1C0BB0EE4C0AF0EE6C0A0BF084F989
:10333000B0EE40FAF0EE60FA9FEDB40B53EC102BB8
:1033400051EC1F0B09F0B4FCCDE904019DED060B17
:1033500053EC102B9DED040B51EC100B09F036FCD7
:10336000CDE908019DED080B51EC100B09F052FD61
:10337000AE490860F0EE690AB0EE4A0A09F0C2FFF1
:103380005FED730A20EE200AA348D0ED000A80EE1C
:10339000201AA74880ED001AA6480168A44890EDBD
:1033A000000ABDEEC00A10EE100AFFF7B1FA00EEF7
:1033B000100AB8EEC00A9E4880ED000A994890EDC8
:1033C000000AB8EEC00A9C4880ED000A95480068E3
:1033D00009F0DDFC41EC1F0B1AEE100A09F007FDA5
:1033E00041EC1E0B1FED851BB0EE4E0AF0EE6E0A8F
:1033F0000AF096FA8DED000B19EE900A09F0F7FC31
:1034000041EC1E0B1FED8D1BB0EE4E0AF0EE6E0A66
:103410000AF086FAB0EE40CAF0EE60CA9DED000BED
:1034200053EC102B51EC1C0B09F029FBCDE90201E8
:103430009DED020B0BF000F98DED040B9FED730B6E
:1034400053EC102B9DED040B51EC100B09F030FCEC
:1034500053EC1F2BCDE906019DED060B51EC100B33
:1034600009F0B4FBCDE908019DED080B51EC100B00
:1034700009F0D0FC714908601AEE100A09F0B7FC97
:1034800041EC1F0B1FEDAD1BB0EE4F0AF0EE6F0AC3
:103490000AF046FA8DED080B19EE900A09F0A7FC28
:1034A00041EC1F0B1FEDB51BB0EE4F0AF0EE6F0A9B
:1034B0000AF036FA8DED060B9DED080B53EC102B40
:1034C0009DED060B51EC100B09F0D9FA41EC1C0BE9
:1034D000B0EE4C0AF0EE6C0A0BF0AEF8B0EE40EA3B
:1034E000F0EE60EA51EC1E0B09F062FC54490860F2
:1034F0004E4890ED000ABDEEC00A524880ED000A29
:10350000514890ED000AB8EEC00AFFF74EFC4F4953
:1035100008604C4890ED000AB8EEC00A4C4880EDB7
:10352000000A0AB0BDEC108B10BDF0EE400AB0EE00
:10353000600A484890ED001AB1EE411AF4EEC10A53
:10354000F1EE10FA06D290ED001AB1EE411AB0EE8B
:10355000410A0EE0394890ED001A3E48D0ED001ABD
:10356000B4EEE11AF1EE10FA03DD90ED001AB0EEC0
:10357000410A70473148D0ED000AF5EEC00AF1EE7D
:1035800010FA06DDD0ED000A70EEC00AC0ED000AA8
:1035900006E02A48D0ED000A70EE800AC0ED000A6D
:1035A0002648D0ED000A2B4890ED001AB1EE411AE2
:1035B000F4EEC10AF1EE10FA07D2D0ED000AF1EEF6
:1035C000600A1E48C0ED000A0FE01C48D0ED000A5A
:1035D000204890ED001AF4EEC10AF1EE10FA04DD75
:1035E000D0ED000A1548C0ED000A70471348D0ED31
:1035F000000AF5EEC00AF1EE10FA2DDDD0ED000A5A
:1036000070EE800AC0ED000A2DE00000000000000E
:103610000000444030020020E40100204C02002061
:103620007C030020780200204002002034020020A9
:1036300050020020800300204402002038020020B5
:103640005402002058020020040200205C020020E6
:1036500098010020B8010020FD48D0ED000A70EE6E
:10366000C00AC0ED000AFA48D0ED000AF94890ED12
:10367000001AB1EE411AF4EEC10AF1EE10FA07D2C7
:10368000D0ED000AF1EE600AF148C0ED000A0FE04B
:10369000EF48D0ED000AEF4890ED001AF4EEC10AB1
:1036A000F1EE10FA04DDD0ED000AE948C0ED000AA1
:1036B0007047E948D0ED000AF5EEC00AF1EE10FAC5
:1036C00006DDD0ED000A70EEC00AC0ED000A06E08B
:1036D000E148D0ED000A70EE800AC0ED000ADE4835
:1036E000D0ED000ADB4890ED001AB1EE411AF4EE7D
:1036F000C10AF1EE10FA07D2D0ED000AF1EE600A2D
:10370000D548C0ED000A0FE0D348D0ED000AD148FB
:1037100090ED001AF4EEC10AF1EE10FA04DDD0EDDE
:10372000000ACD48C0ED000A7047CB48D0ED000A32
:10373000F5EEC00AF1EE10FA06DDD0ED000A70EEEB
:10374000800AC0ED000A06E0C348D0ED000A70EE22
:10375000C00AC0ED000AC048D0ED000ABD4890ED97
:10376000001AB1EE411AF4EEC10AF1EE10FA07D2D6
:10377000D0ED000AF1EE600AB748C0ED000A0FE094
:10378000B548D0ED000AB34890ED001AF4EEC10A36
:10379000F1EE10FA04DDD0ED000AAF48C0ED000AEA
:1037A0007047AE48D0ED000AF5EEC00AF1EE10FA0F
:1037B00006DDD0ED000A70EEC00AC0ED000A06E09A
:1037C000A648D0ED000A70EE800AC0ED000AA348BA
:1037D000D0ED000A9F4890ED001AB1EE411AF4EEC8
:1037E000C10AF1EE10FA07D2D0ED000AF1EE600A3C
:1037F0009A48C0ED000A0FE09848D0ED000A9548BD
:1038000090ED001AF4EEC10AF1EE10FA04DDD0EDED
:10381000000A9248C0ED000A70479048D0ED000AB7
:10382000F5EEC00AF1EE10FA06DDD0ED000A70EEFA
:10383000800AC0ED000A06E08848D0ED000A70EE6C
:10384000C00AC0ED000A8548D0ED000A814890ED1D
:10385000001AB1EE411AF4EEC10AF1EE10FA07D2E5
:10386000D0ED000AF1EE600A7C48C0ED000A0FE0DE
:103870007A48D0ED000A774890ED001AF4EEC10ABC
:10388000F1EE10FA04DDD0ED000A7448C0ED000A34
:1038900070479FED732AF0EE421A9FED722AF0EE08
:1038A000420A9FED712AB0EE420A704A1268704BCC
:1038B0001B68D01AB0F5E16F01DDA0F5616010F56D
:1038C000E16F01DA00F5616002EE100AB8EEC22A7B
:1038D000684A82ED002A021E01DB134600E05342D3
:1038E0001946B1F1FF3F17DA012915DD02EE101A72
:1038F000F8EEC22A9FED603A82EE832A71EEE02A4A
:10390000B0EE601A02EE221A5C4A92ED002A22EE14
:10391000012AB0EE420A08E0584A92ED002AF2EE7F
:10392000082A22EE222AB0EE420A704710B52DED89
:10393000088BB0EE408A18EE100A09F058FA41ECF4
:103940001B0B9FED4F0B53EC102B09F03FF941EC93
:103950001A0B09F05FFA09EE100A4B48006847F2AB
:10396000305188420ED1B2EE0E0A28EE000A4748C6
:1039700080ED000A90ED001ADFED3B0A9FED3A0A58
:10398000FFF778FAB5EEC08AF1EE10FA21D13E4881
:10399000006847F2305188421BD0344800683449EF
:1039A0000968401A38490968081A00EE100AF8EE4A
:1039B000C08AFFF76EFF354880ED000A90ED001ACF
:1039C000334890ED000AF8EEC00AB0EE680AFFF73F
:1039D00051FAB5EEC08AF1EE10FA76D02A480068A6
:1039E00047F2305188427BD020480068204909685E
:1039F000401A25490968081A00EE100AB8EEC00AF4
:103A0000F0EE408A1D4890ED000AF2EE080A20EE22
:103A1000200A1E4880ED000A90ED001A1C4890ED27
:103A2000000AF8EEC00AB0EE680AFFF723FA16485B
:103A300090ED000AB8EEC00AFFF7B7F9012829D0C7
:103A4000022830D0032837D0042848D13EE00000B7
:103A500038020020B801002034020020300200208B
:103A60000000C8420000484200000000240200207C
:103A700010020020940100200000E1441402002004
:103A8000000000000000E03F040200209C02002033
:103A9000F4010020B0EE490AFFF70BFEB0EE490A30
:103AA000FFF7A4FD1BE0B0EE490AFFF7B6FEB0EE4B
:103AB000490AFFF7FEFD12E0B0EE490AFFF735FEB6
:103AC000B0EE490AFFF756FD09E009E0B0EE490AF9
:103AD000FFF767FEB0EE490AFFF788FD00BF00BFA1
:103AE000FC4890ED001AFC48D0ED000AFB4890ED30
:103AF000000AFFF7EEF8FA48D0ED000AF8EEE00A07
:103B000080EE801ABDEEC10AF64880ED000AF64844
:103B10000068F4490968884203DDF2480068F24908
:103B200008600120F1490860BDEC088B10BD10B59C
:103B300004460020EE490860EE480460FCB900200D
:103B4000E94908601FED380AEB4880ED000A47F2AA
:103B50003050EA490860EA4908601FED3D0AE9482B
:103B600080ED000A0020E8490860E8490860E8495B
:103B70000860E84908601FED440AFFF7D7FE10BD52
:103B800010B5E04890ED000AB5EEC00AF1EE10FA6B
:103B900005D1DD48006810B9DC48006890B11FED20
:103BA0004E0AD84880ED000A0020D7490860D7495E
:103BB0000860D9480068D9490860D24890ED000AE9
:103BC000FFF7B4FE10BDD648C0ED000AD54880ED21
:103BD000000A704770B52DED028B05460C46B0EE1D
:103BE000408AC6480068A8420BD1C1480068A0427C
:103BF00007D1C14890ED000AB4EE480AF1EE10FA80
:103C000018D0BB480460B848006810B90520B64910
:103C10000860C1480068C1490860B74880ED008A63
:103C2000B64805600020C0490860B64890ED000A1B
:103C3000FFF77CFEBDEC028B70BD70B52DED028BE5
:103C40000446B0EE408A0D46B0480068A0420BD151
:103C5000AC4890ED000AB4EE480AF1EE10FA03D138
:103C6000A9480068A84237D0A448006847F23051FC
:103C7000884222D163209E4908600F209A4908603B
:103C800047F23050844218DA0120A1490860B5EEAD
:103C9000C08AF1EE10FA03DD9F480068A04208DCFC
:103CA000B5EEC08AF1EE10FA07D29B480068A04238
:103CB00003DAB1EE480AB0EE408A944804609248B4
:103CC0000560904880ED008A0020974908608D4883
:103CD00090ED000AFFF72AFEBDEC028B70BD10B517
:103CE0002DED028BB0EE408A04462146B0EE480A24
:103CF00047F23050FFF7A1FFBDEC028B10BD70B54D
:103D000004460D461FEDA80A29462046FFF762FF2C
:103D100070BD10B52DED088BF0EE408A0446B0EE74
:103D2000608AB0EE419A764890ED000AB8EEC00A7B
:103D3000B4EE680AF1EE10FA0DD16D480068A042A9
:103D400009D1724890ED000AB8EEC00AB4EE480AF4
:103D5000F1EE10FA5ED0BDEEE80A694880ED000A87
:103D60006D4991ED000AB8EEC00A38EEC00ABDEE0A
:103D7000C00A10EE100A1FEDC40A2146FFF72AFF01
:103D80006548D0ED000AF8EEE00A78EE600AB0EE81
:103D9000600AFEF739FF5FEDCD0AB4EEE00AF1EEFE
:103DA00010FA14DD5C4890ED000AB8EEC00AB4EEDB
:103DB000C08AF1EE10FA02DDB0EE490A01E0B1EE80
:103DC000490A10EE101A084609F011F813E052489B
:103DD00090ED000AB8EEC00A38EE400A10EE101A54
:103DE000084609F004F841EC1B0B9FED500B53EC17
:103DF000102B08F0EBFE41EC1A0B09F00BF809EE62
:103E0000900A0021B0EE690AFDEEC80A10EE900A91
:103E1000FFF713FFBDEC088B10BD10B53C480068E0
:103E200001283DDD394909683B4A1268881AFEF7C6
:103E3000F8FE05280CDA364801680068401C344A50
:103E40001060B1F5FA7F2BDD0020FFF770FE10BD8A
:103E50002F480068FA2808DD052025490860224916
:103E60000860FB202A49086004E00520204908601A
:103E70001D4908602848006824490968884205DD12
:103E8000BFEE000A1F4880ED000A04E0B7EE000A0A
:103E90001C4880ED000A1B4890ED000AFFF746FD24
:103EA00000BFD4E710B52DED028B134890ED000A4A
:103EB000B5EEC00AF1EE10FA08D10B48006828B13F
:103EC0001248006847F23051884233DBBDEC028B68
:103ED00010BD000038020020340200203002002013
:103EE0009C010020F8010020F0010020E8010020E2
:103EF000F4010020FC010020180200200402002030
:103F00000802002014020020EC0100200C02002016
:103F10001C020020B4020020240200201002002015
:103F2000BC020020C002002000020020FCA9F1D247
:103F30004D62403FFB48006800280ADDFA4890EDDA
:103F4000000AB5EEC00AF1EE10FA02D0BDEC028B09
:103F500010BDF54890ED000AB5EEC00AF1EE10FA7A
:103F60007ED0F248006847F23051884279D1EE485D
:103F700090ED000AB5EEC00AF1EE10FA08DDEC484B
:103F80000068EC490968401AEB490968884210DB6F
:103F9000E54890ED000AB5EEC00AF1EE10FA7CD2C9
:103FA000E3480068E34909680844E349096888422E
:103FB00073DDE248006803285CDADD490968DE4AFF
:103FC0001268881AFEF72DFE0A2816DAD84800680B
:103FD000DB4908600520DB490860D24908609FED95
:103FE000DA0AD14880ED000A0220D4490860CE48A0
:103FF00090ED000AFFF79AFCA8E7CD480068CE498B
:104000000968884237DDCF4890ED000AB8EEC00A53
:10401000C548D0ED000A60EE200AC64890ED000ABF
:10402000B8EEC00AC0EE801AB0EE611AB0EE410AD6
:10403000FEF7EAFDBE490968BF4A1268881AFEF712
:10404000F0FD00EE900AB8EEE01AC048D0ED000A8C
:1040500040EE010ABB4890ED000AB8EEC00A01E04C
:104060009BE045E080EE801AF0EE418AB0EE680AEF
:10407000FFF75CFC90E0B34890ED000AB8EEC00A90
:10408000A948D0ED000A60EE200AAA4890ED000A87
:10409000B8EEC00AC0EE801A00E023E0B0EE611A6C
:1040A000B0EE410AFEF7B0FDA1490968A24A1268C4
:1040B000881AFEF7B6FD00EE900AB8EEE01AA348A3
:1040C000D0ED000A50EE410A9E4890ED000AB8EE8D
:1040D000C00A80EE801AF0EE418AB0EE680AFFF75F
:1040E00025FC59E0904890ED000AFFF71FFC53E0D3
:1040F0008D4890ED000AB5EEC00AF1EE10FA1FDD12
:104100008B4890ED000AB8EEC00A8E48D0ED000A48
:10411000F8EEE00A844890ED001A00EEC10A8C48DF
:10412000D0ED000AF8EEE00A70EE600A824890EDE9
:10413000000AB8EEC00AF4EEC00AF1EE10FA27D376
:10414000794890ED000AB5EEC00AF1EE10FA23D2DC
:10415000774890ED000AB8EEC00A7A48D0ED000A20
:10416000F8EEE00A704890ED001A00EEC10A7848B7
:10417000D0ED000AF8EEE00A70EE200A6E4890EDED
:10418000000AB8EEC00AF4EEC00AF1EE10FA03DD40
:104190009FED6D0AFFF7CAFBD8E66E490968664ACB
:1041A0001268881AFEF7D1FCF0EE408AFFF7BEFBDA
:1041B0005C480068002815DD674890ED000AB5EE00
:1041C000C00AF1EE10FA0DD1574890ED000AB5EE95
:1041D000C00AF1EE10FA05D15548006847F2305197
:1041E000884200DAB2E65B48006853490968441A1D
:1041F000B4F5E16F01DDA4F5616414F5E16F01DA56
:1042000004F56164201E01DB014600E04142012902
:1042100004DA9FED4D0AFFF789FB97E6FFF739FBBC
:10422000B0EE408AB0EE480AFFF780FB00BF8DE693
:1042300000B542480068032815DA9FED430A464856
:1042400080ED000A9FED400A374880ED000A00200B
:104250004249086047F230503449086040490860DC
:104260000020334908603F480068401C3D49086011
:104270003D490968884204DA3C480068FEF720FCA2
:104280000EE039480068374908603948006820B1B5
:1042900036480068FEF714FC02E00020FEF710FC30
:1042A00000BD304A1268521C2E4B1A60824207DD54
:1042B000244A12680A44234B1A600022294B1A60D0
:1042C000704770B5FEF723FC1B490860FFF7A5FD9A
:1042D0001448006800284FDD1A4800681149096831
:1042E000884257D0174800680E49096888420EDA9C
:1042F000144800681F49096888424BDA1148006871
:10430000FEF796FC04460121FFF7CBFF42E00D4883
:104310000068FEF7A8FC04464FF0FF31FFF7C1FF2D
:1043200038E00000F4010020140200200402002004
:104330000C020020D4010020240200201C020020D6
:1043400020020020F001002000000000B401002045
:10435000D00100201002002018020020EC010020F3
:104360000802002000020020DC010020D80100200B
:10437000B4020020F8010020FE480068002806DD95
:104380004FF0FF31FC480068FFF78BFF02E0FFF7BA
:104390004FFF70BDF9480068F9490968884205D0A7
:1043A000FFF780FDF6480068F4490860F5480068AA
:1043B000E8B3F048D0ED000AF8EEE00AF24890EDDC
:1043C000001A60EE810AB0EE600AFEF7A5FB044613
:1043D000E848D0ED000AF8EEE00AEC4890ED001A4B
:1043E00060EE810AB0EE600AFEF796FB0546E148F2
:1043F000D0ED000AF8EEE00AE54890ED001A60EE14
:10440000810AB0EE600AFEF787FB0646224629467F
:10441000FEF7F4FADF4890ED000ABDEEC00A10EE98
:10442000102ADD4890ED000ABDEEC00A00E00AE067
:1044300010EE101AD94890ED000ABDEEC00A10EE39
:10444000100AFEF736FB00BFA3E7D54801680068F5
:10445000401CD34A1060142907D2D248C089D249DF
:1044600009680844D04908600BE0CF48006814216F
:10447000B0FBF1F0CD4908600020C9490860CA4985
:104480000860CB4801680068401CC94A10601429C4
:1044900007D2C4484089C74909680844C54908602B
:1044A0000BE0C44800681421B0FBF1F0C249086079
:1044B0000020BF490860BF490860C0480168006823
:1044C000401CBE4A1060322907D2B6480089BC4958
:1044D00009680844BA4908600BE0B9480068282117
:1044E000B0FBF1F0B74908600020B4490860B44956
:1044F0000860B54801680068401CB34A1060322962
:1045000007D2A8488089B14909680844AF490860C2
:104510000BE0AE4800682821B0FBF1F0AC49086020
:104520000020A9490860A9490860AA4801680068F4
:10453000401CA84A10600A2907D29A488088A649D8
:1045400009680844A44908600BE0A34800680A21F0
:10455000B0FBF1F0A149086000209E4908609E4927
:1045600008609F4801680068401C9D4A106032291D
:1045700007D28C4800889B4909680844994908601B
:104580000BE0984800683221B0FBF1F096490860D2
:1045900000209349086093490860944801680068C6
:1045A000401C924A1060322907D27E4840889049C8
:1045B000096808448E4908600BE08D480068322184
:1045C000B0FBF1F08B4908600020884908608849F9
:1045D000086070478848006888490968884203DA9B
:1045E00086480068844908608348006884490968EF
:1045F000884203DD824800687F4908607A4909687B
:104600007D4A1268881A002801DB014600E0414219
:10461000022932DD7448006877490968884204DD60
:104620000120784981F8220003E00020754981F8D3
:1046300022006D490968704A1268881A002801DB57
:10464000014600E0414289006F4A1160104600684F
:104650006E490968884203DD6C48006811460860AD
:1046600069480068642802DA64206749086066487F
:104670000078644981F8230003E00020614981F853
:10468000230070476248006862490968884203DA7B
:10469000604800685E4908605D4800685E490968D6
:1046A000884203DD5C48006859490860514909683F
:1046B000574A1268881A002801DB014600E041428F
:1046C000072932DD4B48006851490968884204DDFA
:1046D00000204C4981F8320003E00120494981F86B
:1046E0003200444909684A4A1268881A002801DBE6
:1046F000014600E041428900434A116010460068CB
:1047000046490968884203DD44480068114608604C
:104710003D4800685A2802DA5A203B4908603A4866
:104720000078384981F8330003E00020354981F8EA
:104730003300704710B53A48407800F02000B8B117
:104740002D4800682E490968884270DA344880791B
:1047500070B93348407800F0020048B930484078DA
:1047600000F0010020B924480068401C224959E0AB
:104770005DE00000F0010020FC0100202802002084
:1047800024020020E801002038020020340200202A
:1047900030020020500200204C020020480200207D
:1047A0008C03002030060020900300209800002099
:1047B0009403002098030020040000209C030020A4
:1047C000A0030020A0000020A4030020A8030020D4
:1047D0009C000020AC030020B0030020A4000020B7
:1047E000C4030020C8030020B4000020BC03002044
:1047F000C0030020AC000020340300202C03002064
:10480000300300200800002064030020440300203F
:1048100040030020380300203C0300204C0300200C
:104820007C0600200860962007F0A8FC1FE0FA48EC
:10483000407800F00400D0B1F8480068F8490968F1
:10484000884214DDF448807988B9F348407800F054
:10485000020060B9F048407800F0010038B9EF4834
:104860000068401EED490860962007F087FC10BDE7
:1048700010B5E948407800F0200060B3E648407881
:1048800000F0020038B3E448807920BBE248C079E8
:1048900008BBE4480078C043E249087010E00120FA
:1048A00007F06CFCDF48007828B900220121DE48BF
:1048B00004F082FA04E001221146DB4804F07CFA9D
:1048C000D548407800F0200028B1D348407800F067
:1048D00002000028E3D110BD10B5CF48407800F0A9
:1048E000080068B3CC48407800F0020040B3CA48E2
:1048F000807928BBC848C07910BBCC480078C04339
:10490000CA49087011E0012007F038FCC748007858
:1049100030B900224FF40041C54804F04DFA04E0DC
:104920000122D103C24804F047FABB48407800F0A6
:10493000080028B1B848407800F002000028E2D111
:1049400010BD10B5B448407800F0040060B3B24820
:10495000407800F0020038B3AF48807920BBAE4801
:10496000C07908BBB3480078C043B249087010E072
:10497000012007F003FCAF48007828B9002240214D
:10498000A94804F019FA04E001224021A64804F0E5
:1049900013FAA148407800F0040028B19E484078FE
:1049A00000F002000028E3D110BD10B59A4840780D
:1049B00000F0100098B39848407800F0020070BBF7
:1049C0009548807958BB9448C07940B39A4800789C
:1049D000C0439949087011E00020984908700120EF
:1049E00007F0CCFB9448007820B90020944981F866
:1049F0002B0003E0FA20924981F82B00864840788A
:104A000000F0100058B18448807940B9824840785D
:104A100000F0020018B98048C0790028DCD110BD30
:104A200010B5FA20874908604FF4AF707B490860E1
:104A3000012240217C4804F0BFF90122D1037C48C7
:104A400004F0BAF942F2107007F098FB0122114607
:104A5000754804F0B1F94FF4FA5007F08FFB0022CB
:104A60004FF40041724804F0A7F94FF4FA5007F0F0
:104A700085FB002201216C4804F09EF910BD6648B8
:104A8000407800F0200088B36348407800F00200CE
:104A900060BB6148C07948BB5F48807930BB6A48D9
:104AA00000686A490968884221DA5B48407800F06A
:104AB000010058B1654800681438634909688842A4
:104AC00004DDFA205E4981F8230003E028205C49D8
:104AD00081F8230000205A4981F822005A480068D2
:104AE0004E49086001205A4908603BE0FFE74A4808
:104AF000407800F0040088B34748407800F0020096
:104B000060BB4548C07948BB4348807930BB4E48BC
:104B1000006843490968884221DD3F48407800F039
:104B2000010058B1484801683D480068143081428E
:104B300004DDFA20424981F8230003E014204049B3
:104B400081F8230001203E4981F822003E48006898
:104B50003249086001203E49086003E0FFE7002079
:104B60003B49086070472C4840791E2827DA3948AD
:104B700000680A3838490968884220DD26484078AC
:104B800000F0010058B133480068283832490968FC
:104B9000884204DDFA202A4981F8330003E06420CA
:104BA000274981F833000120254981F832002A483D
:104BB00000682A49086001202949086057E0164822
:104BC0004079E62850DD24480168264800680A300C
:104BD000814249DD1048407800F0010058B11E487C
:104BE0000168204800682830814204DDFA20144919
:104BF00081F8330003E06420114981F8330000207C
:104C00000F4981F8320014480068144908600120F7
:104C1000134908602BE000007C06002034030020CC
:104C20002C0300205C030020000402405D030020F0
:104C3000000C02405E0300205F030020E102002020
:104C40000800002044030020B400002030030020AE
:104C5000880300203C030020AC000020400300201B
:104C600084030020380300200020F74908607047C3
:104C70002DE9F05F82460D4614461E46DDE90B9B8A
:104C8000DDF82880F1490968881B002801DB01460E
:104C900000E0414201FB0BF74F4500DD4F46EB487A
:104CA0000068801B404510DAE81B00EE900AF8EE21
:104CB000E00AB0EE600A9FEDE61A00EE904AF8EEC8
:104CC000E00A5046FFF725F822E0E0480068801B24
:104CD000404510DDE81900EE900AF8EEE00AB0EE6B
:104CE000600A9FEDDB1A00EE904AF8EEE00A5046AB
:104CF000FFF70FF80CE09FEDD61A00EE104AF8EE21
:104D0000C00A504600EE105AB8EEC00AFFF701F88C
:104D1000BDE8F09F2DE9F05F82460D4614461E4621
:104D2000DDE90B9BDDF82880CA490968881B00284B
:104D300001DB014600E0414201FB0BF74F4500DD7E
:104D40004F46C4480068801B404510DAE81900EE61
:104D5000900AF8EEE00AB0EE600A9FEDBD1A00EE90
:104D6000904AF8EEE00A5046FEF7D3FF22E0B94839
:104D70000068801B404510DDE81B00EE900AF8EE4D
:104D8000E00AB0EE600A9FEDB21A00EE904AF8EE2B
:104D9000E00A5046FEF7BDFF0CE09FEDAD1A00EEB5
:104DA000104AF8EEC00A504600EE105AB8EEC00A9B
:104DB000FEF7AFFFBDE8F09F2DE9F05F07460C4618
:104DC00093461D46DDE90B9ADDF82880A149096864
:104DD000481B002801DB014600E0414201FB0AF6C6
:104DE0004E4500DD4E469B480068401B404504DAB6
:104DF000A0193946FEF783FF0DE096480068401B76
:104E0000404504DDA01B3946FEF779FF03E0394633
:104E10002046FEF774FFBDE8F09F2DE9F05F824663
:104E20000D4614461E46DDE90B9BDDF828808A49B5
:104E30000968881B002801DB014600E0414201FBB4
:104E40000BF74F4500DD4F4683480068801B404507
:104E500010DAE81900EE900AF8EEE00AB0EE600A07
:104E60009FED7E1A00EE904AF8EEE00A5046FEF7FB
:104E700050FF22E078480068801B404510DDE81BA9
:104E800000EE900AF8EEE00AB0EE600A9FED731AA9
:104E900000EE904AF8EEE00A5046FEF73AFF0CE0CA
:104EA0009FED6F1A00EE104AF8EEC00A504600EE71
:104EB000105AB8EEC00AFEF72CFFBDE8F09F10B5FF
:104EC0006848407800F00200E0B96648C079C8B18F
:104ED0006448407800F02000A0B11021624803F03F
:104EE0004DFF01280ED1C820604908606048006865
:104EF000C83860490860FA205F4981F82B0001201A
:104F00005E4908701021584803F038FF002841D14D
:104F10005A48007801283DD100205949086011E025
:104F20001021514803F02AFF012803D100205449E1
:104F300008600BE0022007F021F951480068401C8E
:104F40004F4908604E4800689628E9DB00BF4C488E
:104F5000006891281EDD4648006846490860002028
:104F6000454981F82B0040F6B83007F007F9FA20E0
:104F70003E4908603E48006800F5A0703D49086061
:104F8000FA20404908604FF448703F490860022009
:104F90003A49087010BDFA22344B1A60354A106045
:104FA000FA22384B1A60384A1160704710B5FDF785
:104FB000AAFDC82007F0E2F8C8202C4908604FF489
:104FC000D7702C4908604FF451702F4908600022B7
:104FD0004FF400412D4803F0EFFE002240212C4801
:104FE00003F0EAFE00220121294803F0E5FE00203B
:104FF0002849086010BD0EB51A48807832286FDA4B
:105000002548006800F54D702449086006E001203D
:1050100007F0B4F8FBF78AFC00B106E04FF48051CA
:10502000114803F0ABFE0128F1D000BF0F201E2174
:1050300002223523CDE900210290002218492820C0
:10504000FFF7EBFE35E0000084030020A000002005
:10505000CDCCCC3D9C000020040000203333333FF6
:10506000B81E453F7C06002000100240440300208B
:10507000B40000203403002008000020E1020020DA
:10508000F00200204C03002040030020000C0240EE
:1050900000040240CC000020240200201403002061
:1050A0007CFCFFFF012007F069F8FBF73FFC00B133
:1050B00009E04FF48051FD4803F060FE18B9FC4848
:1050C00000686A28EEDC00BF0F21FA48FEF717FEE1
:1050D00000219FEDF90A40F25230FEF7AEFD07E0E5
:1050E00012E0012007F04AF8FBF720FC00B105E0D0
:1050F000F2480068F24909688842F2DB00BFFDF718
:1051000002FD0020FEF713FDEE488078C82843DD3D
:10511000EA480068A0F54D70E94908600F201421A5
:1051200002223523CDE90021029000224FF4617163
:105130002820FFF772FE06E0012007F01FF8FBF7BA
:10514000F5FB00B108E00821DF4803F017FE18B9AD
:10515000DE4800686A28EFDC00BF0F214FF4FA70C8
:10516000FEF7CDFD00219FEDDA0ADA48FEF765FD76
:1051700006E0012007F002F8FBF7D8FB00B105E0DC
:10518000CE480068CE4909688842F2DC00BFFDF7CE
:10519000BAFC0020FEF7CBFC0EBD73B52DED028BE3
:1051A000142505269FEDCC0AB0EE408AC54800794B
:1051B000322805DBC3480079C82801DC012000E063
:1051C00000200446BF48007800F00800D0B9BD4870
:1051D000007800F01000A8B9BA48007800F020006C
:1051E00080B9B848007800F0400058B954B1B548CB
:1051F000407800F0400028B93220FEF798FCBDEC62
:10520000028B7CBDAF48407800F0010030B19DF8C2
:105210000C509FEDB20AB0EE408A05E09DF80850B0
:105220001FED720AB0EE408AA648007800F0080030
:10523000E0B1A448007800F01000B8B9A1480078A7
:1052400000F0200090B99F48007800F0400068B955
:105250009C48407800F0020040B99A48C07928B9CB
:1052600029464FF4E160FEF74AFDC2E09548007818
:1052700000F0080098B99348007800F0100070B171
:105280009048007800F0200048B98E48007800F07F
:10529000400020B929460020FEF731FDA9E08948E9
:1052A000007800F00800E0B98648007800F01000AF
:1052B000B8B98448007800F0200090B181480078A7
:1052C00000F0400068B97F48407800F0020040B923
:1052D0007C48C07928B929467E483230FEF70FFD58
:1052E00087E07848007800F00800E0B97548007859
:1052F00000F01000B8B97348007800F0200090B9B1
:105300007048007800F0400068B16E48407800F0C6
:10531000020040B96B48C07928B929464FF4617042
:10532000FEF7EDFC65E06748007800F0080098B1F2
:105330006448007800F0100070B96248007800F00E
:10534000200048B15F48007800F0400020B92946AD
:105350006348FEF7D4FC4CE05A48007800F008009F
:10536000A0B15848007800F0100078B9554800788E
:1053700000F0200050B95348007800F0400028B1F8
:10538000294640F24650FEF7BAFC32E04D4800781C
:1053900000F00800A0B94B48007800F0100078B188
:1053A0004848007800F0200050B14648007800F0EE
:1053B000400028B929463F481430FEF7A0FC18E009
:1053C0004048007800F0080098B93E48007800F0A6
:1053D000100070B13B48007800F0200048B939480F
:1053E000007800F0400020B129464FF4E170FEF74C
:1053F00086FC3448007800F00800D0B931480078C5
:1054000000F01000A8B92F48007800F0200080B903
:105410002C48007800F0400058B954B1FDF769FB02
:1054200038B12848407800F0400010B90020FEF75D
:105430007EFB14B1FEF7A4FB27E022480079322856
:105440000EDAFDF756FB28B10020B1EE480AFEF750
:1054500046FC1AE00020B1EE480AFEF740FC14E0DA
:1054600018480079C8280EDDFDF743FB28B100205D
:10547000B0EE480AFEF733FC07E00020B0EE480A21
:10548000FEF72DFC01E0FEF77BFB00BFB7E610B591
:105490000020144988700821044803F06FFC01289B
:1054A00022D102200F49C870012010BD0010024017
:1054B0009C0000202AFEFFFFCDCC4C3F24020020A0
:1054C000140300207C060020000C0240A0000020F5
:1054D000CDCC4CBF4AFCFFFF000000006666663F73
:1054E000BAFAFFFF080000206420F649C8700020C7
:1054F00010BD10B50821F44803F040FC01280BD181
:10550000F248007840B96420EE49C8700020F049A4
:105510000860F049086010BDFBF761FA041E01DB6A
:10552000204600E06042EC490968884208DDE7480F
:105530000078012804D10220E249C8700120EAE77E
:105540001E20E049C8700120E04908700020E2E711
:1055500010B50020DB4988740121DB4803F00EFC04
:10556000012804D10220D749C874012010BD64204D
:10557000D449C8740020F9E710B50121D24803F0DE
:10558000FDFB01280CD1D548007848B96420CD49ED
:10559000C87400204FF080414862D149086010BDB6
:1055A000FBF765FA041E01DB204600E06042CD49AE
:1055B0000968884208DDC9480078012804D1022022
:1055C000C049C8740120EAE71E20BE49C874012002
:1055D000C24908700020E2E710B50120B94988727D
:1055E0004103C14803F0CAFB012804D10220B54998
:1055F000C872012010BD6420B249C8720020F9E7CA
:1056000010B54FF40051B84803F0B8FB01280BD196
:10561000B648007840B96420AA49C8720020B4494D
:105620000860B449086010BDFBF76BFA041E01DB8B
:10563000204600E06042B0490968884208DDAB4876
:105640000078012804D102209E49C8720120EAE7AF
:105650001E209C49C8720120A44908700020E2E77E
:1056600010B52DED048BFBF7BAF9A4490968441A6B
:10567000002C01DB204600E06042002839DDFBF70A
:10568000AEF99E490968884203DD01208D49887082
:1056900002E000208B498870FBF7A1F9974909685F
:1056A000441A002C01DB214600E06142084607F065
:1056B0006EFB41EC190B9FED920B53EC102B07F096
:1056C00085FA41EC180B07F073FB8F490860084618
:1056D0000068C82801DDC82008608B4800680A28D7
:1056E00002DA0A2088490860874800787549C8703E
:1056F00002E002207349C870BDEC048B10BD10B5E8
:105700002DED048BFBF7B3F980490968441A002C8E
:1057100001DB204600E06042002839DDFBF7A7F9F5
:105720007A490968884203DD01206649887402E0ED
:10573000002064498874FBF79AF974490968441A8F
:10574000002C01DB214600E06142084607F01FFB08
:1057500041EC190B9FED6A0B53EC102B07F036FA56
:1057600041EC180B07F024FB674908600846006805
:10577000C82801DDC8200860634800680A2802DAEA
:105780000A2061490860604800784E49C87402E008
:1057900002204C49C874BDEC048B10BD10B52DED32
:1057A000048BFBF7AEF95A490968441A002C01DB57
:1057B000204600E06042002839DDFBF7A2F9544999
:1057C0000968884203DD00203E49887202E001201A
:1057D0003C498872FBF795F94D490968441A002C39
:1057E00001DB214600E06142084607F0D0FA41ECB7
:1057F000190B9FED430B53EC102B07F0E7F941EC2D
:10580000180B07F0D5FA4049086008460068C82818
:1058100001DDC82008603C4800680A2802DA0A2036
:1058200039490860384800782649C87202E00220E9
:105830002449C872BDEC048B10BDFEB50546C820D6
:10584000344908604FF4BE70334908604FF451701A
:105850003249086000241AE013E01E20C821022209
:105860002B46CDE9002102900A224FF4E16132205B
:10587000FFF7FEF9012006F081FCFBF757F800B1B5
:1058800003E0274800681E28E7DB00BF641C40F2E5
:1058900026208442E0DB00244AE043E01E20502121
:1058A00001222B46CDE9002102900A224FF4E1614A
:1058B000FFF7DEF9012006F061FCFBF737F800B1D5
:1058C00034E02FE0080000200010024060030020B8
:1058D00024080040840000206C03002061030020A5
:1058E0006C000020700300200008024063030020C9
:1058F000240C00407400002074030020600200208B
:105900009A9999999999E93F6403002064020020CB
:1059100068020020440300203403002040030020DC
:10592000A0000020F84800681028B7DC00BF641C05
:1059300040F226208442B0DBFCF78CFC9FEDF31A8A
:10594000F2EE0C0A19209FEDF20AFEF7E2F906E0EA
:10595000052006F013FCFAF7E9FF00B10AE0FAF7B8
:10596000EEFF061E01DB304600E0704240F2A4610B
:105970008842EDDB00BFB6EE001AF2EE0C0A1420EE
:105980009FEDE30AFEF7C5F9002415E006E00120CB
:1059900006F0F4FBFAF7CAFF00B10BE04FF4004148
:1059A000DC4803F0EBF9012804D1DB480068B0F5CE
:1059B0008F7FECDA00BF641CC82CE7DB012240219A
:1059C000D64803F0F9F90122D103D54803F0F4F9E0
:1059D0000020FEF7ACF8FA20D249086040F24310EC
:1059E000D1490860FEBD3EB5054601221146CB48AF
:1059F00003F0E2F94FF47A6006F0C0FB00224FF4A6
:105A00000041C74803F0D8F940F6B83006F0B6FBBD
:105A1000FA20C449086040F24D10C34908604FF4B1
:105A2000FA6006F0ABFB00220121BC4803F0C4F988
:105A30004FF4FA6006F0A2FBFA20BA4908604FF46E
:105A4000BE70B9490860002424E01DE0B748006832
:105A5000B92804DA00224021B04803F0ADF91E2035
:105A60004FF4AF7102229123CDE9002102900E2262
:105A70004FF4E1613220FFF74DF9012006F07EFB83
:105A8000FAF754FF00B103E0A8480068A028DDDC65
:105A900000BF641C40F226208442D6DBC820A44903
:105AA00081F82700012081F82600FA209D4908602E
:105AB0004FF4F5709C490860002425E01EE04FF487
:105AC0000041944803F05AF9012803D10020984975
:105AD00081F827000520642102229123CDE90021CD
:105AE00002900E224FF4E1612320FFF713F9012009
:105AF00006F044FBFAF71AFF00B103E0864800689D
:105B00008228DCDC00BF641C642CD7DBFCF73BF98B
:105B10000020874981F82700002421E013E00520B8
:105B2000642102229223CDE90021029008224FF441
:105B3000E1611420FFF7EEF8012006F01FFBFAF7F1
:105B4000F5FE00B10AE04FF40051724803F016F977
:105B5000012803D1704800686928E0DC00BF641C9C
:105B6000282CDBDB0020FDF7E2FF3EBD10B5FCF783
:105B7000CAFF4FF4FA6006F001FB962069490860FD
:105B80004FF401706849086040F24D30694908607F
:105B90009FED691ADFED690A46209FED690AFEF75D
:105BA000B8F800206749086011E006E0012006F01F
:105BB000E5FAFAF7BBFE00B103E057480068642835
:105BC000F4DB00BF5F480068401C5E4908605D4828
:105BD0000068B0F5FA7FE8DB00205A49086013E05E
:105BE00006E0012006F0CAFAFAF7A0FE00B105E0CF
:105BF00008214B4803F0C2F80028F2D000BF5148FA
:105C00000068401C4F4908604E480068B0F5FA7FB4
:105C1000E6DB9FED491ADFED490A46209FED480A71
:105C2000FEF777F800204749086011E006E0012000
:105C300006F0A4FAFAF77AFE00B103E036480068ED
:105C4000C828F4DC00BF3F480068401C3D4908609C
:105C50003C480068B0F5FA7FE8DB9FED371ADFEDCE
:105C6000370A3C209FED360AFEF753F800203549ED
:105C7000086013E006E0012006F080FAFAF756FE0D
:105C800000B105E00821264803F078F80128F2D099
:105C900000BF2C480068401C2A4908602948006859
:105CA000B0F5FA7FE6DB9FED241ADFED240A282009
:105CB0009FED230AFEF72DF800202249086011E02D
:105CC00006E0012006F05AFAFAF730FE00B103E0D0
:105CD000114800686428F4DB00BF1A480068401CC3
:105CE0001849086017480068B0F5FA7FE8DB9FEDB7
:105CF000121ADFED120A1E209FED110AFEF709F8B5
:105D000000201049086031E0A0000020CDCC4C3EBE
:105D10000000E144001002400400002000040240A2
:105D2000000C024044030020340300209C000020AB
:105D30000800002040030020CDCCCC3D0000000036
:105D400000006144F002002006E0012006F016FA8F
:105D5000FAF7ECFD00B103E0F94800680728F4DC2D
:105D600000BFF8480068401CF6490860F548006824
:105D700040F226218842E7DB1FED111A5FED110A80
:105D800014201FED110AFDF7C4FF0020ED49086043
:105D900014E006E0012006F0F1F9FAF7C7FD00B1C2
:105DA00006E04FF48061E84802F0E8FF0128F1D0F6
:105DB00000BFE4480068401CE2490860E148006810
:105DC00040F226218842E4DB1E20FDF7B0FE10BD24
:105DD000FEB505460E461446FFF7C8FE4FF4FA60BE
:105DE00006F0CCF91FED2C1A5FED2C0A28201FEDD0
:105DF000380AFDF78EFF0020D249086012E006E065
:105E0000012006F0BBF9FAF791FD00B104E0CF489C
:105E10000068B0F5CB7FF3DA00BFCA480068401CC9
:105E2000C8490860C7480068FA28E8DB1FED3E1A39
:105E30005FED3E0A3C201FED4A0AFDF76AFF002095
:105E4000C049086024E019E09620C149086040F28A
:105E50002530C0490860052002212B460022CDE9EB
:105E6000001402904FF4E1613C20FEF753FF022042
:105E700006F084F9FAF75AFD00B103E0B348006870
:105E8000AA28E1DC00BFAF480068401CAD490860AB
:105E9000AC480068FA28D6DB0020AA49086024E054
:105EA00019E09620AA49086040F22530A949086007
:105EB0001E2002212B460022CDE9001402904FF44F
:105EC000E1613220FEF726FF022006F057F9FAF7CB
:105ED0002DFD00B103E09D4800684628E1DC00BFCD
:105EE00098480068401C9749086096480068B0F5DB
:105EF000FA7FD5DB00209349086024E019E0C82030
:105F0000954908604FF406709449086014200221F6
:105F10002B460022CDE9001402904FF4E1611920D4
:105F2000FEF7F8FE012006F029F9FAF7FFFC00B1B0
:105F300003E0864800683128E1DC00BF8148006842
:105F4000401C804908607F480068B0F5FA7FD5DBC7
:105F500000207C49086011E006E0022006F00EF9FE
:105F6000FAF7E4FC00B103E0784800681428F4DC98
:105F700000BF74480068401C72490860714800689E
:105F8000B0F5FA7FE8DB2820FDF7D1FDFEBD0EB5A8
:105F900007214FF4E160FDF7B2FE00206949086077
:105FA00013E006E0012006F0E9F8FAF7BFFC00B1C3
:105FB00005E08021644802F0E1FE0128F2D000BF34
:105FC00060480068401C5F4908605E480068B0F5A2
:105FD000FA7FE6DB0020FDF7AAFD002059490860A2
:105FE0001EE013E01420322102223923CDE90021E2
:105FF000029000224FF461712820FEF70EFF01206D
:1060000006F0BCF8FAF792FC00B103E054480068CF
:106010006E28E7DC00BF4B480068401C4949086017
:1060200048480068B0F5FA7FDBDB14214FF461705B
:10603000FDF765FE00204349086011E006E00120FD
:1060400006F09CF8FAF772FC00B103E044480068DF
:106050001A28F4DC00BF3B480068401C394908603E
:1060600038480068B0F5FA7FE8DB1E210020FDF714
:1060700046FE00203349086012E006E0012006F0E9
:106080007DF8FAF753FC00B104E030480068B0F541
:10609000D97FF3DA00BF2B480068401C294908600B
:1060A00028480068B0F5FA7FE7DB00202549086042
:1060B0001DE012E01420322102220523CDE9002147
:1060C0000290002211462820FEF724FE012006F04F
:1060D00055F8FAF72BFC00B103E01C4800686F2864
:1060E000E8DC00BF17480068401C164908601548E6
:1060F0000068B0F5FA7FDCDB0A210020FDF7FFFD28
:1061000000201049086011E006E0012006F036F892
:10611000FAF70CFC00B103E00C4800683C28F4DC02
:1061200000BF08480068401C064908600548006830
:10613000B0F5FA7FE8DB0020FDF7F9FC0EBD0000AA
:106140009C000020F002002000100240040000200B
:1061500044030020340300204C03002040030020AF
:10616000A00000202DE9F04104460D4616461F46CA
:106170009FEDFC1ADFEDFC0A1E209FEDFC0AFDF7E7
:10618000C8FD0020FA49086011E006E0012005F092
:10619000F5FFFAF7CBFB00B103E0F64800682828CA
:1061A000F4DC00BFF2480068401CF1490860F04888
:1061B0000068B0F5FA7FE8DB0020FDF7B8FC142199
:1061C00040F63400FDF79BFD00219FEDEB0AEB4804
:1061D000FDF733FD0DE0FA20E94908604FF47070D7
:1061E000E8490860012005F0C9FFFAF79FFB00B1FC
:1061F00005E0E5480068E1491E318842EBDC00BF5C
:10620000FDF7BEFC9FEDD71ADFEDD80A19209FEDF0
:10621000DF0AFDF77EFD0020D549086015E00AE0A1
:1062200039463046FEF7B7FE012005F0A7FFFAF722
:106230007DFB00B103E0D6480068A842F0DB00BF58
:10624000CB480068401CCA490860C9480068B0F5DE
:10625000FA7FE4DB9FEDC31ADFEDC40A07209FED50
:10626000CB0AFDF756FD0020C149086011E006E0A9
:10627000012005F083FFFAF759FB00B103E0C448A1
:106280000068A042F4DB00BFB9480068401CB84970
:106290000860B7480068B0F5FA7FE8DB0020FDF73A
:1062A00046FC07210020FDF72AFD0020B0490860C8
:1062B00011E006E0032005F061FFFAF737FB00B1BB
:1062C00003E0B44800682728F4DC00BFA848006851
:1062D000401CA7490860A6480068B0F5FA7FE8DBD3
:1062E0001E20FDF724FCBDE8F081FEB504460D46F6
:1062F00016461F469FED9B1ADFED9B0A1E209FED61
:106300009B0AFDF706FD00209949086011E006E0B0
:10631000012005F033FFFAF709FB00B103E09548CF
:1063200000683C28F4DC00BF91480068401C90499C
:1063300008608F480068B0F5FA7FE8DB0020FDF7C1
:10634000F6FB9FED881ADFED880A28209FED920A60
:10635000FDF7DFFC00208649086011E006E001201F
:1063600005F00CFFFAF7E2FA00B103E0814800689B
:106370000F28F4DC00BF7E480068401C7C490860A0
:106380007B480068B0F5FA7FE8DB9FED841ADFED0B
:10639000760A28209FED7D0AFDF7BBFC002074499A
:1063A000086011E006E0012005F0E8FEFAF7BEFA09
:1063B00000B103E06F4800689628F4DB00BF6C482A
:1063C0000068401C6A49086069480068B0F5FA7FB7
:1063D000E8DBFBF73FFF9FED711ADFED630A142046
:1063E0009FED6F0AFDF795FC00206149086012E0FF
:1063F00006E0012005F0C2FEFAF798FA00B104E0C9
:10640000FAF79DFAB0F57A6FF3DC00BF58480068E0
:10641000401C5749086056480068B0F5FA7FE7DB32
:106420000020FDF784FB9FED4F1ADFED4F0A14208B
:106430009FED4E0AFDF76DFC00204D49086012E00B
:1064400006E0012005F09AFEFAF770FA00B104E0C8
:106450004F480068B0F5A27FF3DD00BF44480068F4
:10646000401C4349086042480068B0F5FA7FE7DB0A
:1064700000203F4908601EE013E014206FF0310156
:1064800002222823CDE90021029000223B491E2050
:10649000FEF7C3FC012005F071FEFAF747FA00B1E0
:1064A00003E03B480068A842E7DB00BF30480068D3
:1064B000401C2F4908602E480068B0F57A7FDBDB6E
:1064C00000202B49086022E017E014206FF0310112
:1064D00002222823CDE900210290002227490A2028
:1064E000FEF79BFC39463046FEF755FD012005F0CE
:1064F00045FEFAF71BFA00B103E025480068A04208
:10650000E3DB00BF1A480068401C194908601848BE
:106510000068FA28D8DB0020FDF709FB00201449A9
:10652000086015E00AE007210020FDF7E8FB0120E4
:1065300005F024FEFAF7FAF900B103E01548006807
:106540002828F0DC00BF0A480068401C08490860A1
:1065500007480068B0F5FA7FE4DB0020FDF7E7FAB2
:10656000FEBD0000CDCC4C3E00000000000061C428
:10657000F00200209C000020333333BF7CFCFFFF7F
:106580004403002034030020240200200000E144E2
:10659000A0000020040000200080D4C4CDCCCC3D5D
:1065A0000000AFC42DE9F04104460D4616461F46D3
:1065B0001FED141A5FED140A1E201FED140AFDF7DB
:1065C000A8FB0020FE49086011E006E0012005F06C
:1065D000D5FDFAF7ABF900B103E0FA48006870287E
:1065E000F4DC00BFF6480068401CF5490860F44838
:1065F0000068B0F5FA7FE8DB0020FDF798FA1FEDA0
:10660000271A5FED270A0A201FED290AFDF781FBF3
:106610000020EB49086011E006E0012005F0AEFD26
:10662000FAF784F900B103E0E74800688A28F4DC4F
:1066300000BFE3480068401CE1490860E04800688A
:10664000B0F5FA7FE8DB0721E048FDF758FB0021B1
:10665000B8EE000ADE48FDF7F0FA0DE0FA20DD4959
:1066600008604FF47070DC490860012005F086FD79
:10667000FAF75CF900B105E0D8480068D449323136
:106680008842EBDC00BFFDF77BFA1FED3C1ADFED23
:10669000D40A14201FED4B0AFDF73BFB0020C8492C
:1066A000086012E006E0012005F068FDFAF73EF907
:1066B00000B104E0CB480068B0F5167FF3DC00BF02
:1066C000BF480068401CBE490860BD480068B0F57E
:1066D000FA7FE7DB1FED4F1ADFEDC10A19201FED2E
:1066E0005D0AFDF716FB0020B549086011E006E0E1
:1066F000012005F043FDFAF719F900B103E0B948AC
:106700000068A842F4DC00BFAD480068401CAC49FA
:106710000860AB480068B0F5FA7FE8DB1FED611A4E
:10672000DFEDAF0A07201FED6F0AFDF7F2FA002038
:10673000A349086015E00AE039463046FEF72BFC15
:10674000012005F01BFDFAF7F1F800B103E0A548C0
:106750000068A042F0DC00BF99480068401C9849DE
:10676000086097480068B0F5FA7FE4DB0020FDF789
:10677000DEF907210020FDF7C2FA002090490860E9
:1067800011E006E0032005F0F9FCFAF7CFF800B1BC
:1067900003E08D4800682828F4DC00BF88480068C2
:1067A000401C8749086086480068B0F5FA7FE8DB3E
:1067B0001E20FDF7BCF9BDE8F0812DE9F04104464B
:1067C0000D4616461F461FED991A5FED990A1E20C9
:1067D0001FED9A0AFDF79DFA00207949086011E043
:1067E00006E0012005F0CAFCFAF7A0F800B103E0CA
:1067F000744800687028F4DC00BF71480068401CD1
:106800006F4908606E480068B0F5FA7FE8DB002049
:10681000FDF78DF91FEDAD1A5FEDAD0A0A201FEDF2
:10682000AE0AFDF776FA00206549086011E006E03F
:10683000012005F0A3FCFAF779F800B103E0624803
:1068400000688A28F4DC00BF5D480068401C5C4991
:1068500008605B480068B0F5FA7FE8DB07215B4819
:10686000FDF74DFA0021B8EE000A5948FDF7E5F9A9
:106870000DE0FA20574908604FF4707056490860DF
:10688000012005F07BFCFAF751F800B105E0534810
:1068900000684F490A318842EBDC00BFFDF770F910
:1068A0001FEDC21ADFED4E0A14201FEDD00AFDF7CE
:1068B00030FA00204249086012E006E0012005F0AD
:1068C0005DFCFAF733F800B104E046480068B0F523
:1068D000167FF3DC00BF3A480068401C3849086066
:1068E00037480068B0F5FA7FE7DB1FEDD41ADFED1B
:1068F0003C0A28201FEDE30AFDF70BFA002030497F
:10690000086011E006E0012005F038FCFAF70EF807
:1069100000B103E033480068BE28F4DC00BF28481B
:106920000068401C2649086025480068B0F5FA7FD9
:10693000E8DB1FEDE61ADFED2A0A0A201FEDF50A53
:10694000FDF7E7F900201E49086011E006E0052088
:1069500005F014FCF9F7EAFF00B103E021480068F4
:106960007728F4DC00BF16480068401C1449086012
:1069700013480068B0F5FA7FE8DB07214FF4E170B7
:10698000FDF7BDF900219FED180A1848FDF755F9EC
:1069900006E0012005F0F2FBF9F7C8FF00B105E0C1
:1069A0000E48006811490A318842F2DC00BFFDF749
:1069B000E7F89FED0F1ADFED0F0A1E201CE0000024
:1069C000F00200209C000020040000203EFEFFFF9B
:1069D000F8F8FFFF440300203403002024020020C5
:1069E0000000E1C4A0000020333333BF74F5FFFF83
:1069F000CDCCCC3D00C028C59FEDF70AFDF789F945
:106A00000020F649086011E006E0012005F0B6FB21
:106A1000F9F78CFF00B103E0F1480068A842F4DB0D
:106A200000BFEE480068401CEC490860EB48006875
:106A3000B0F5FA7FE8DB1FED121A5FED120A0720AE
:106A40009FEDE50AFDF765F90020E449086015E0CF
:106A50000AE039463046FEF79EFA012005F08EFB2B
:106A6000F9F764FF00B103E0DD480068A042F0DB05
:106A700000BFDA480068401CD8490860D748006861
:106A8000B0F5FA7FE4DB07210020FDF738F900209C
:106A9000D249086011E006E0032005F06FFBF9F72A
:106AA00045FF00B103E0CF4800682828F4DC00BFB0
:106AB000CA480068401CC9490860C8480068B0F569
:106AC000FA7FE8DB1E20FDF732F8BDE8F08110B553
:106AD000FCF719F84FF4FA6005F050FB9620C24914
:106AE00008604FF40170C149086040F24D30C04960
:106AF00008601FED411ADFEDBF0A3C209FEDBE0A82
:106B0000FDF707F90020B549086011E006E0012013
:106B100005F034FBF9F70AFF00B103E0B148006863
:106B20006428F4DB00BFAD480068401CAB49086036
:106B3000AA480068B0F5FA7FE8DB0020A7490860A2
:106B400013E006E0012005F019FBF9F7EFFE00B1B4
:106B500005E00821A94802F011F90028F2D000BF91
:106B60009E480068401C9D4908609C480068B0F53C
:106B7000FA7FE6DB1FED621ADFED9E0A3C209FEDF7
:106B80009E0AFDF7C6F800209449086011E006E06F
:106B9000012005F0F3FAF9F7C9FE00B103E09148CE
:106BA0000068C828F4DC00BF8C480068401C8B4992
:106BB00008608A480068B0F5FA7FE8DB1FED741AB8
:106BC000DFED8C0A3C209FED8C0AFDF7A2F8002037
:106BD0008249086013E006E0012005F0CFFAF9F7DA
:106BE000A5FE00B105E00821844802F0C7F801289D
:106BF000F2D000BF79480068401C784908607748A7
:106C00000068B0F5FA7FE6DB1FED871ADFED790A41
:106C100028209FED790AFDF77CF800206F49086075
:106C200011E006E0012005F0A9FAF9F77FFE00B1B6
:106C300003E06C4800686428F4DB00BF6748006824
:106C4000401C6649086065480068B0F5FA7FE8DBDB
:106C50001FED991ADFED670A1E209FED670AFDF709
:106C600058F800205D49086011E006E0012005F0B9
:106C700085FAF9F75BFE00B103E059480068072880
:106C8000F4DC00BF55480068401C54490860534874
:106C9000006840F226218842E7DB1FEDAB1ADFEDEA
:106CA000550A0F209FED540AFDF733F800204B4999
:106CB000086014E006E0012005F060FAF9F736FEFE
:106CC00000B106E04FF480614D4802F057F801280A
:106CD000F1D000BF41480068401C404908603F486F
:106CE000006840F226218842E4DB3220FCF71FFFD7
:106CF00010BD10B54348007800280ED042480078F7
:106D000003280BD1962340F2D52240F24E2140F2C7
:106D10003520FFF747FCFBF756F8A4E03A48007827
:106D200006280BD1A62340F2BB3240F20A2140F2E2
:106D3000CF10FFF737FCFBF746F894E032480078B5
:106D400009280BD1962340F2D5224FF4C97140F2A5
:106D50004510FFF727FCFBF736F884E02A48007857
:106D60000C2809D1A12340F22922F521AF20FFF7F9
:106D700019FCFBF728F876E02348007801280BD1AE
:106D8000962340F2D52240F285114FF4DB70FFF7D5
:106D9000E9F9FBF718F866E01B48007804280BD1E6
:106DA000A12340F2292240F2D1114FF40170FFF7E4
:106DB0009CFAFBF708F856E013480078072825D11D
:106DC000962340F2D5224FF40C7140F25920FFF780
:106DD0008CFAFAF7F8FF46E00000E144F0020020E8
:106DE0009C00002004000020440300203403002005
:106DF000400300200000000000006144000C02403D
:106E0000001002407D0100207C010020F94800783C
:106E10000A280BD1A12340F2292240F2762140F228
:106E20009320FFF762FAFAF7CEFF1CE0F1480078F2
:106E300002280AD1A12340F22922E6214FF49570BD
:106E4000FFF790F9FAF7BFFF0DE0EA4800780B284A
:106E500009D1962340F2D522CC214FF49170FFF74F
:106E6000ACFCFAF7B0FF10BD70B52DED028B0446F7
:106E7000A4F16400002801DB014600E0414208EE75
:106E8000101AF8EEC80A9FEDDC0A9FEDDC1A11EE2D
:106E9000200ABDEEC00A10EE105A642C03D1002067
:106EA000FCF745FE3DE0642C1CDDFBF7D3F99FEDBC
:106EB000D41A5FED300A19209FEDD20AFCF729FFA2
:106EC00006E0052005F05AF9F9F730FD00B108E0B9
:106ED000F9F735FD061E01DB304600E07042A8429E
:106EE000EFDB1EE0642C1CDAFBF7B4F99FEDC41A4B
:106EF0005FED400A19201FED400AFCF70AFF06E08B
:106F0000052005F03BF9F9F711FD00B108E0F9F7AC
:106F100016FD061E01DB304600E07042A842EFDBA2
:106F200000BFBDEC028B70BDFEB50546FA20B64928
:106F300008604FF4BE70B54908604FF45170B44911
:106F4000086000241AE013E01E206FF0C70102223F
:106F50002B46CDE900210290D21F00213220FDF7FF
:106F600087FE012005F00AF9F9F7E0FC00B103E023
:106F7000A84800681E28E7DB00BF641C40F22620FA
:106F80008442E0DB002419E012E01E206FF03101A2
:106F900001222B46CDE900210290921F0021FDF72E
:106FA00067FE012005F0EAF8F9F7C0FC00B103E044
:106FB000984800681028E8DC00BF641C40F22620D6
:106FC0008442E1DBFBF746F99FED931AF9EE040AE0
:106FD00019201FED780AFCF79CFE06E0052005F05D
:106FE000CDF8F9F7A3FC00B10AE0F9F7A8FC061EFA
:106FF00001DB304600E0704240F6B8318842EDDBFC
:1070000000BF9FED851AF9EE040A14201FED870AD0
:10701000FCF77FFE002415E006E0052005F0AEF841
:10702000F9F784FC00B10BE04FF400417B4801F01C
:10703000A5FE012804D17A480068B0F59E7FECDAFD
:1070400000BF641CC82CE7DB01224021754801F019
:10705000B3FE0122D103744801F0AEFE1420FCF708
:1070600066FDFA206849086040F2431067490860ED
:10707000FEBD3EB50546012211466A4801F09CFE60
:107080004FF47A6005F07AF800224FF40041664828
:1070900001F092FE40F6B83005F070F8FA205A4937
:1070A000086040F24D10594908604FF4FA6005F04D
:1070B00065F8002201215B4801F07EFE4FF4FA6082
:1070C00005F05CF8FA20504908604FF4BE704F4953
:1070D0000860002422E01BE054480068B92804DA64
:1070E000002240214F4801F067FE1E205049022235
:1070F0009B23CDE900210290D21F00213220FDF711
:1071000009FE012005F03AF8F9F710FC00B103E0A0
:1071100046480068A028DFDC00BF641C40F226203F
:107120008442D8DBC820434981F82700012081F838
:107130002600FA20344908604FF4F570334908609E
:10714000002425E01EE04FF40041344801F016FE13
:10715000012803D10020374981F8270005206FF06E
:10716000630102229B23CDE900210290D21F00215E
:107170002320FDF7CFFD012005F000F8F9F7D6FB3D
:1071800000B103E0264800688228DCDC00BF641CF4
:10719000642CD7DBFAF7F7FD0020264981F8270099
:1071A000002420E013E005206FF0630102229B23FE
:1071B000CDE900210290521F00211420FDF7AAFD05
:1071C000012004F0DBFFF9F7B1FB00B109E04FF457
:1071D0000051124801F0D2FD18B911480068642826
:1071E000E1DC00BF641C282CDCDB1420FCF79FFCD6
:1071F0003EBD00007C01002000804F43E17A9440B6
:10720000CDCCCC3D000061C44403002034030020F9
:1072100040030020A0000020CDCC4C3E00100240D6
:107220009800002000040240000C02409C00002056
:10723000A2FEFFFF0800002010B5FBF764FC4FF42E
:10724000FA6004F09BFF9620F94908604FF4017042
:10725000F849086040F24D30F74908601FED181AF0
:10726000DFEDF60A46201FED190AFCF752FD00205B
:10727000F349086011E006E0012004F07FFFF9F710
:1072800055FB00B103E0EF4800686428F4DB00BF61
:10729000EB480068401CEA490860E9480068B0F51E
:1072A000FA7FE8DB0020E649086014E006E00120F0
:1072B00004F064FFF9F73AFB00B106E04FF48051A7
:1072C000E14801F05BFD0028F1D000BFDC48006818
:1072D000401CDB490860DA480068B0F5FA7FE5DB5E
:1072E0001FED391ADFEDD50A46201FED3A0AFCF7EB
:1072F00010FD0020D249086011E006E0012004F0F2
:107300003DFFF9F713FB00B103E0CE480068C82841
:10731000F4DC00BFCA480068401CC9490860C8487E
:107320000068B0F5FA7FE8DB1FED4B1ADFEDC30A0A
:107330003C201FED4C0AFCF7ECFC0020C049086023
:1073400014E006E0012004F019FFF9F7EFFA00B1AC
:1073500006E04FF48051BC4801F010FD0128F1D047
:1073600000BFB7480068401CB5490860B4480068D1
:10737000B0F5FA7FE5DB1FED5E1ADFEDB00A2820DD
:107380001FED600AFCF7C5FC0020AD49086011E064
:1073900006E0012004F0F2FEF9F7C8FA00B103E0BC
:1073A000A84800686428F4DB00BFA5480068401CBA
:1073B000A3490860A2480068B0F5FA7FE8DB1FED3A
:1073C000701ADFED9E0A1E201FED720AFCF7A1FC69
:1073D00000209B49086011E006E0012004F0CEFE89
:1073E000F9F7A4FA00B103E0984800680828F4DC33
:1073F00000BF93480068401C9149086090480068AD
:1074000040F226218842E7DB1FED831ADFED8B0A6D
:1074100014201FED840AFCF77CFC002088490860DA
:1074200014E006E0012004F0A9FEF9F77FFA00B1AC
:1074300006E04FF48071844801F0A0FC0128F1D0EF
:1074400000BF7F480068401C7D4908607C48006898
:1074500040F226218842E4DB0020FCF768FB10BDE7
:10746000FEB505460E461446FFF7E6FE4FF4FA60F9
:1074700004F084FE9FED761ADFED700A32209FED56
:10748000750AFCF746FC00206D49086012E006E032
:10749000012004F073FEF9F749FA00B104E06948ED
:1074A0000068B0F5CB7FF3DA00BF65480068401C88
:1074B0006349086062480068FA28E8DB00206049F8
:1074C000086024E019E096205949086040F2253010
:1074D00058490860052002212B460022CDE90014FE
:1074E00002904FF4E1614620FDF7C2FB022004F058
:1074F00045FEF9F71BFA00B103E052480068AA28DC
:10750000E1DC00BF4E480068401C4D4908604C4813
:107510000068FA28D6DB00204949086024E019E019
:1075200096204349086040F22530424908601E20F9
:1075300002212B460022CDE9001402904FF4E161B4
:107540003C20FDF795FB022004F018FEF9F7EEF958
:1075500000B103E03B4800684628E1DC00BF384842
:107560000068401C3649086035480068B0F5FA7F6D
:10757000D5DB00203249086024E019E0C8203649F4
:1075800008604FF4FF702C490860142002212B463C
:107590000022CDE9001402904FF4E1611920FDF7BB
:1075A00067FB012004F0EAFDF9F7C0F900B103E040
:1075B000244800683128E1DC00BF21480068401CF5
:1075C0001F4908601E480068B0F5FA7FD5DB00202F
:1075D0001B49086011E006E0022004F0CFFDF9F736
:1075E000A5F900B103E0174800681428F4DC00BFD7
:1075F00013480068401C1249086011480068B0F543
:10760000FA7FE8DB2820FCF792FA96200849086008
:1076100040F2F12007490860FEBD10B50F214FF47C
:10762000E160FCF76CFB0020054908602AE00000DF
:107630004403002034030020400300200000000029
:10764000F00200200400002000100240A0000020F2
:10765000CDCCCCBD0000E1444C03002006E001206D
:1076600004F08CFDF9F762F900B105E08021F848DB
:1076700001F084FB0128F2D000BFF6480068401CEE
:10768000F4490860F3480068B0F5FA7FE6DB0F21A3
:10769000F148FCF734FB0020EE49086011E006E0F9
:1076A000012004F06BFDF9F741F900B103E0EB486C
:1076B00000684B28F4DC00BFE6480068401CE54940
:1076C0000860E4480068B0F5FA7FE8DB0F2100208D
:1076D000FCF715FB00219FEDE20ADF48FCF7ADFA4D
:1076E00010BDFEB504460D4616461F469FEDDD1A39
:1076F0005FED2E0A14209FEDDC0AFCF70AFB002048
:10770000D449086011E006E0012004F037FDF9F7E4
:107710000DF900B103E0D14800681428F4DC00BF83
:10772000CC480068401CCB490860CA480068B0F5E6
:10773000FA7FE8DB0020FCF7FAF99FEDCA1A5FED4B
:10774000410A14201FED3D0AFCF7E3FA0020C1496D
:10775000086018E00DE0FA20C44908604FF470702A
:10776000C3490860012004F009FDF9F7DFF800B112
:1077700003E0BA4800689628EDDB00BFB548006812
:10778000401CB4490860B3480068B0F5FA7FE1DBFB
:10779000FAF760FD9FEDB31A5FED580A14209FEDD4
:1077A000B50AFCF7B6FA0020AA49086013E006E023
:1077B000012004F0E3FCF9F7B9F800B105E0F9F7AE
:1077C000BEF840F63C718842F2DC00BFA148006878
:1077D000401CA04908609F480068B0F5FA7FE6DBCE
:1077E0000020FCF7A4F99FED9F1A5FED6C0A1420AE
:1077F0009FED9D0AFCF78DFA00209649086013E082
:1078000006E0012004F0BAFCF9F790F800B105E0B9
:107810009248006840F262218842F2DC00BF8D4845
:107820000068401C8B4908608A480068B0F5FA7F00
:10783000E6DB0020874908601EE013E014206FF0AB
:10784000310102222823CDE9002102900022824941
:107850001E20FDF7E2FA012004F090FCF9F766F82B
:1078600000B103E07D480068A842E7DC00BF79482A
:107870000068401C7749086076480068B0F5FA7FD8
:10788000DBDB0020734908601EE013E014206FF07A
:10789000310102222823CDE90021029000226E4905
:1078A0000F20FDF7BAFA012004F068FCF9F73EF862
:1078B00000B103E069480068A042E7DC00BF65480A
:1078C0000068401C6349086062480068FA28DCDBF5
:1078D00000206049086015E00AE007210020FCF75D
:1078E0000EFA012004F04AFCF9F720F800B103E099
:1078F000614800682A28F0DC00BF56480068401C38
:107900005449086053480068B0F5FA7FE4DB394613
:107910003046FDF740FB4FF4FA6004F02FFC0020E6
:10792000FCF705F9FEBDFEB504460D4616461F469A
:107930009FED4C1A5FEDBF0A28209FED4B0AFCF724
:10794000E8F900204349086011E006E0012004F056
:1079500015FCF8F7EBFF00B103E04048006855283C
:10796000F4DC00BF3B480068401C3A4908603948D5
:107970000068B0F5FA7FE8DB0020FCF7D8F81E219C
:107980006FF09500FCF7BBF900219FED3C0A3248EF
:10799000FCF753F906E0012004F0F0FBF8F7C6FF0E
:1079A00000B104E03648006810F5487FF3DC00BF02
:1079B000FCF7E6F89FED331ADFED2B0A28201FEDC8
:1079C000E10AFCF7A6F900202249086011E006E070
:1079D000012004F0D3FBF8F7A9FF00B103E02A4827
:1079E00000686E28F4DC00BF1A480068401C194982
:1079F000086018480068B0F5FA7FE8DB1E214FF4F4
:107A0000AF70FCF77CF900219FED200A2048FCF7BD
:107A100014F906E0012004F0B1FBF8F787FF00B18C
:107A200005E0174800681A4932318842F2DC00BF8D
:107A3000FCF7A6F89FED0B1ADFED160A14209FED58
:107A40000A0AFCF766F900200249086037E00000E6
:107A500000100240F00200207CFCFFFF9C00002090
:107A6000666666BFCDCC4C3E000061C44403002076
:107A7000340300200040CEC404000020333333BF61
:107A800024020020CDCCCC3DA00000209A9919BF43
:107A9000F8F8FFFF0000E1C406E0012004F06EFBEF
:107AA000F8F744FF00B104E0FE480068B0F5A37F9A
:107AB000F3DD00BFFC480068401CFB490860FA4841
:107AC0000068B0F5FA7FE7DB0020F74908601DE0A9
:107AD00012E01420782102222823CDE9002102900F
:107AE000F24A51101E20FDF798F9012004F046FBE0
:107AF000F8F71CFF00B103E0EA480068A842E8DBA1
:107B000000BFE9480068401CE7490860E648006893
:107B1000B0F5FA7FDCDB0020E349086021E016E0E5
:107B20001420502102222823CDE900210290DF4AAF
:107B300051100F20FDF771F939463046FDF72BFA49
:107B4000012004F01BFBF8F7F1FE00B103E0D5487B
:107B50000068A042E4DB00BFD3480068401CD24963
:107B60000860D1480068B0F5FA7FD8DB0020CE4924
:107B7000086015E00AE007210020FCF7C0F80120AA
:107B800004F0FCFAF8F7D2FE00B103E0C848006840
:107B90002828F0DC00BFC4480068401CC2490860C7
:107BA000C1480068B0F5FA7FE4DB0020FBF7BFFFB7
:107BB000FEBD2DE9F04104460D4616461F461FED59
:107BC000571ADFEDBC0A1E201FED590AFCF7A1F879
:107BD0000020B549086011E006E0012004F0CEFA6B
:107BE000F8F7A4FE00B103E0AE4800685528F4DCC5
:107BF00000BFAD480068401CAB490860AA48006857
:107C0000B0F5FA7FE8DB0020FBF791FF14216FF05D
:107C10009500FCF774F800211FED680AA648FCF7F0
:107C20000CF80AE039463046FDF7B5F9012004F0BA
:107C3000A5FAF8F77BFE00B105E0A04800689E4970
:107C400032318842EEDC00BFFBF79AFF1FED7B1A52
:107C50005FED7B0A19209FED970AFCF75AF8002088
:107C60009149086011E006E0012004F087FAF8F776
:107C70005DFE00B103E092480068A842F4DC00BF5A
:107C800089480068401C8849086087480068B0F54A
:107C9000FA7FE8DB1FED8D1A5FED8D0A07209FED5F
:107CA000890AFCF736F800207F49086011E006E0F9
:107CB000012004F063FAF8F739FE00B103E08048D0
:107CC0000068A042F4DC00BF77480068401C764999
:107CD000086075480068B0F5FA7FE8DB0020FBF724
:107CE00026FF07210020FCF70AF800206E490860F3
:107CF00011E006E0032004F041FAF8F717FE00B1A6
:107D000003E06B4800682628F4DC00BF6648006882
:107D1000401C6549086064480068B0F5FA7FE8DBFC
:107D20001E20FBF704FFBDE8F0813EB504460D467A
:107D30001FEDB41ADFED5F0A14201FEDB50AFBF743
:107D4000E8FF00205849086011E006E0012004F037
:107D500015FAF8F7EBFD00B103E05248006814286B
:107D6000F4DC00BF50480068401C4F4908604E4892
:107D70000068B0F5FA7FE8DB0020FBF7D8FE1FEDC6
:107D8000C71ADFED4C0A14209FED4F0AFBF7C1FF25
:107D900000204549086018E00DE0FA204B490860D2
:107DA0004FF470704A490860012004F0E7F9F8F7D1
:107DB000BDFD00B103E03B4800689628EDDB00BF45
:107DC00039480068401C3849086037480068B0F5F9
:107DD000FA7FE1DBFAF73EFA1FEDDE1ADFED350A36
:107DE00014201FEDDC0AFBF794FF00202E490860E9
:107DF00013E006E0012004F0C1F9F8F797FD00B1A7
:107E000005E0F8F79CFD40F63C718842F2DC00BFCB
:107E100025480068401C2449086023480068B0F5E4
:107E2000FA7FE6DB0020FBF782FE1FEDF21ADFEDA2
:107E3000210A14201FEDF40AFBF76BFF00201A49FA
:107E4000086013E006E0012004F098F9F8F76EFDF1
:107E500000B105E01348006840F262218842F2DC7C
:107E600000BF11480068401C0F4908600E480068B8
:107E7000B0F5FA7FE6DB00200B49086038E02DE022
:107E800014206FF04F0101222823CDE90021029038
:107E9000002209491846FCF7C0FF012004F06EF9E2
:107EA00018E000009C000020F0020020F8F8FFFF1E
:107EB00004000020000000007CFCFFFF24020020E2
:107EC000A0000020000016C30000E144440300208D
:107ED00034030020F8F72AFD00B103E0FB480068F6
:107EE000B428CDDC00BFFA480068401CF84908609F
:107EF000F7480068B0F5FA7FC1DB0020F44908605C
:107F00001EE013E014206FF04F0101222823CDE979
:107F1000002102900022EF490A20FCF77EFF012099
:107F200004F02CF9F8F702FD00B103E0E74800681F
:107F30008C28E7DC00BFE6480068401CE449086084
:107F4000E3480068B0F5FA7FDBDB06E0012004F0CF
:107F500015F9F8F7EBFC00B106E04FF48051DE486C
:107F600000F00CFF0028F1D000BF0F21DB48FBF729
:107F7000C6FE00219FEDDA0A40F25230FBF75DFEAB
:107F800006E0012004F0FAF8F8F7D0FC00B105E0B3
:107F9000D448006840F252318842F2DB00BFFBF760
:107FA000EFFD9FEDD11ADFEDD10A14201FED3F0A3E
:107FB000FBF7AFFE0020C649086016E00AE029463C
:107FC0002046FCF7E8FF012004F0D8F8F8F7AEFCF3
:107FD00000B104E0C6480068B0F58E7FEFDD00BF59
:107FE000BB480068401CBA490860B9480068B0F551
:107FF000FA7FE3DB0020B649086015E00AE00721BC
:108000000020FBF77CFE012004F0B8F8F8F78EFCA6
:1080100000B103E0B74800682828F0DC00BFAC4896
:108020000068401CAA490860A9480068B0F5FA7FBA
:10803000E4DB0020FBF77BFD3EBD10B5FAF763FDE6
:108040004FF4FA6004F09AF89620AB4908604FF4B8
:108050000170AA49086040F24D30A94908609FEDBF
:10806000A21A5FED6C0A46209FEDA60AFBF751FEAF
:1080700000209749086011E006E0012004F07EF836
:10808000F8F754FC00B103E09A4800686428F4DB78
:1080900000BF8F480068401C8D4908608C4800680C
:1080A000B0F5FA7FE8DB00208949086014E006E0BB
:1080B000012004F063F8F8F739FC00B106E04FF452
:1080C0008051854800F05AFE0028F1D000BF80485A
:1080D0000068401C7E4908607D480068B0F5FA7F62
:1080E000E5DB9FED811A5FED8D0A46209FED850A45
:1080F000FBF70FFE00207649086011E006E0012042
:1081000004F03CF8F8F712FC00B103E0794800688D
:10811000C828F4DC00BF6E480068401C6C49086049
:108120006B480068B0F5FA7FE8DB9FED6F1A5FEDF2
:108130009F0A3C209FED730AFBF7EBFD002064498A
:10814000086014E006E0012004F018F8F8F7EEFBF0
:1081500000B106E04FF480515F4800F00FFE0128A7
:10816000F1D000BF5A480068401C5949086058487F
:108170000068B0F5FA7FE5DB9FED5B1A5FEDB30AAF
:1081800028209FED600AFBF7C4FD002050490860DD
:1081900011E006E0012003F0F1FFF8F7C7FB00B1A2
:1081A00003E0544800686428F4DB00BF48480068D6
:1081B000401C4749086046480068B0F5FA7FE8DB94
:1081C0009FED491A5FEDC50A1E209FED4E0AFBF791
:1081D000A0FD00203E49086011E006E0012003F008
:1081E000CDFFF8F7A3FB00B103E041480068082881
:1081F000F4DC00BF36480068401C3549086034484C
:10820000006840F226218842E7DB9FED371A5FEDD8
:10821000D70A14209FED3B0AFBF77BFD00202C4979
:10822000086014E006E0012003F0A8FFF8F77EFBE9
:1082300000B106E04FF48071274800F09FFD01284F
:10824000F1D000BF22480068401C21490860204846
:10825000006840F226218842E4DB0020FBF767FC3F
:1082600010BD10B52848007800280DD027480078A8
:1082700003280AD1962340F2D522990040F24A20E1
:10828000FFF72FFAF9F79FFDA8E0204800780628AD
:108290000BD1A62340F2BB324FF406714FF4E870C5
:1082A000FFF71FFAF9F78FFD98E0184800780928C2
:1082B0002ED1962340F2D5224FF4CB7140F24310D9
:1082C000FFF70FFAF9F77FFD88E000009C0000201F
:1082D000F00200207CFCFFFF001002402AFEFFFF9E
:1082E0003333333F24020020CDCCCC3D0000614429
:1082F000A0000020040000204403002034030020DC
:1083000040030020000061C47D0100207C010020AA
:10831000FE4800780C2809D1A12340F22922ED2142
:10832000AC20FFF7DEF9F9F74EFD57E0F74800788B
:10833000012809D1962340F2D522A3219520FFF7E9
:1083400038FCF9F740FD49E0F048007804280BD1EB
:10835000A12340F2292240F2CF114FF40270FFF71F
:10836000E2FAF9F730FD39E0E848007807280BD148
:10837000962340F2D52240F23F214FF41B70FFF7C5
:10838000D2FAF9F720FD29E0E04800780A280BD15D
:10839000A12340F2292240F292214FF42C70FFF7E2
:1083A000C2FAF9F710FD19E0D848007802280AD17E
:1083B000A12340F2292240F23311481FFFF7F9FBB5
:1083C000F9F701FD0AE0D14800780B2806D1962183
:1083D00040F2D520FFF7A9FCF9F7F5FC10BD10B568
:1083E000044600BF8021CA4802F081FC0028F9D071
:1083F0002146C74802F0CBFB10BD38B505462A46DA
:10840000C4A1684604F03EFF6C4603E02078FFF705
:10841000E6FF641C20780028F8D138BD09E011205F
:10842000FAF774F90121BD4802F086FB0F2003F032
:10843000A5FEF4E70EE0FCF708F8B948006808B9B3
:10844000FCF7C8F8B748006808B9FCF71BF9032027
:1084500003F094FEEFE708E0FDF702F9FDF74FF9AE
:10846000FDF79CF9032003F089FEF5E706E0FAF733
:1084700061F9FBF726FF032003F080FEF7E71FB545
:10848000F8F7AAFBF8F7E7FBF8F748FEF8F71BFF49
:10849000F9F70DF8F8F792FFF9F70DF9F8F756FC30
:1084A0004FF4E130F9F7CCF94FF4E130F9F755FA30
:1084B0004FF4E130F9F7F9FA4FF4E130F9F787FBBF
:1084C0004FF46120F9F7C5FC4FF4E130F9F781FD75
:1084D000FAF719FB00BFFCF7DAFF08B9012400E046
:1084E0000024FDF735F808B9012000E0002004431E
:1084F000FDF772F808B9012000E000200443002CC9
:10850000E9D100BFFCF7F5FF08B9012400E0002421
:10851000FDF732F808B9012000E000200443FDF720
:108520006FF808B9012000E000200443002CE9D1D5
:1085300000207D490860F9F793FE0020009001902B
:10854000029003464FF4807278A103907C4803F0B8
:10855000D6FB002000900190029003464FF48072F9
:1085600078A103907C4803F0CAFB002000900190A2
:10857000029003464FF4807278A103907C4803F088
:10858000BEFB40F2DF5003F0F9FD7A4800687A49FB
:1085900008607A4800687A49086061E157E12D2156
:1085A0001E20FCF7FAFD7748407800F0020010BB6F
:1085B00074488079F8B97348407800F01000D0B161
:1085C0004FF40041704800F0D9FBA0B96D484078E5
:1085D00000F0010038B196206C4981F82700012095
:1085E00081F8260033E02820684981F8270001201F
:1085F00081F826002BE06348407800F0020010BBB1
:1086000060488079F8B95F48407800F00800D0B140
:108610004FF480415C4800F0B1FBA0B95948407864
:1086200000F0010038B19620584981F82700002059
:1086300081F826000BE02820544981F8270000200B
:1086400081F8260003E00020504981F82700FCF75C
:108650008AFAFCF714FA4B48407800F0400078B1F1
:108660004848407800F0010050B94648807938B950
:10867000FA20464981F82F00002081F82E0005E0FD
:108680000020424981F82F0081F82E00FCF7F0F815
:10869000FCF722F9FCF755F9FCF787F9FCF70FFC1A
:1086A0003848007800F0400048B13648407800F083
:1086B000020020B1A12140F22920FCF76CFC3148D6
:1086C000007800F0080048B12E48407800F0020021
:1086D00020B1962140F2D520FCF75DFC29480078B6
:1086E00000F0200048B12748407800F0020020B197
:1086F000A62140F2BB30FCF74EFC2248407800F047
:10870000080008B11F4843E050E000007C01002051
:108710000010014025303258200000000048004081
:108720008803002084030020CC0000207461736B58
:10873000526F626F74416E616C797469637300008B
:108740006D8400087461736B446965754B68696575
:108750006E436F4361750000578400087461736B4A
:10876000446965754B6869656E436F436175310097
:1087700035840008AC00002040030020B400002035
:10878000340300207C060020001002400800002076
:10879000407800F0020048B94148C07930B1FA2071
:1087A0004049086040F211303F4908603C48407839
:1087B00000F0080048B13A48807930B13848C079B3
:1087C00018B93A480078FEF74FFB3548007800F0BA
:1087D000020008B1FCF7EAFB0221354800F0CEFAAE
:1087E00001281AD12E48407800F0800040B131486D
:1087F000006828B92620FDF720F801202D490860DF
:108800002748407800F0800008B32A480068012813
:108810001DD12620FDF7E7F819E02148407800F047
:10882000800040B12348006828B92720FEF77CFB70
:108830000120204908601A48407800F0800030B1DB
:108840001C480068012802D12720FEF712FC1448BA
:10885000007800F0010000287FF4A1AEFBF767F973
:108860009CE61FB5002000900190029003464FF453
:10887000807211A10390134803F041FA0020009088
:108880000190029003464FF480720FA103901148AB
:1088900003F035FA03F04CFE002004B010BD0000D8
:1088A0007C060020440300203403002091010020B6
:1088B00000040240CC0000207461736B4D61696E4E
:1088C000000000007F8400087461736B4779726F49
:1088D000000000001D8400080CB5002001900090ED
:1088E0007248006840F480307049086000BF6F48EB
:1088F000006800F4003000900198401C019000983E
:1089000018B90198B0F5A06FF1D16848006800F47B
:10891000003010B10120009001E00020009000988C
:10892000012846D161484030006840F080505F49DE
:10893000403108605E48006840F480405C4908604F
:108940005A480830006859490831086008460068EC
:1089500040F4004008600846006840F4A0500860F9
:108960005448091F0860081F006840F08070091F04
:10897000086000BF4D48006800F000700028F9D082
:1089800040F205604C49086048480830006820F013
:1089900003004649083108600846006840F00200BC
:1089A000086000BF41480830006800F00C0008284B
:1089B000F8D10CBD10B53D48006840F001003B49BE
:1089C00008600020394908310860384800683B4990
:1089D0000840364908603A48091D0860081F0068C9
:1089E00020F48020091F0860002030490C31086005
:1089F000FFF772FF4FF000603249086010BD70B59C
:108A000000200022022300240221284D08352D6871
:108A100005F00C0020B1042806D0082834D107E066
:108A2000294D2A4E356033E0294D284E35602FE020
:108A30001E4D2D1D2D68C5F380541C4D2D1D2D6818
:108A400005F03F0154B1224DB5FBF1F5174E361D2F
:108A50003668C6F3881605FB06F209E01A4DB5FB29
:108A6000F1F5124E361D3668C6F3881605FB06F280
:108A70000E4D2D1D2D68C5F301456D1C6B00B2FB1D
:108A8000F3F5124E356003E00F4D104E356000BF18
:108A900000BF064D08352D68C5F303150D4E705DFA
:108AA0000A4D2D68C540094E356070BD0038024042
:108AB0000070004008544007003C0240FFFFF6FEF3
:108AC0001030002408ED00E00024F400D40300205E
:108AD00000127A00D8030020064880470648004765
:108AE000FEE7FEE7FEE7FEE7FEE7FEE7FEE7FEE75E
:108AF000FEE7FEE7B5890008890100083249014315
:108B0000324A1160704770B5002100230F22C478EB
:108B10001CB32E4C246804F4E064C4F5E064C4F390
:108B20000721C1F10404E3B20A4144789C40E1B258
:108B30008478144021430C07210E254C057861559B
:108B4000047804F01F050124AC4005786D11AD00D8
:108B500005F1E025C5F8004109E0047804F01F059F
:108B60000124AC401B4D0678761145F8264070BDB7
:108B7000194A0A400243154B1B1F1A60704739B14E
:108B8000124A121D12680243104B1B1D1A6006E0A8
:108B90000E4A121D126882430C4B1B1D1A6070474F
:108BA000042808D14FF0E021096941F004014FF099
:108BB000E022116107E04FF0E021096921F0040192
:108BC0004FF0E022116170470000FA050CED00E063
:108BD00000E400E080E100E080FFFF1F10B50446E4
:108BE0008C48844208D10121084600F000FB002196
:108BF000012000F0FCFA5EE08748844208D10121A0
:108C0000022000F0F4FA0021022000F0F0FA52E015
:108C10008248844208D10121042000F0E8FA0021B2
:108C2000042000F0E4FA46E07D48844208D10121A6
:108C3000082000F0DCFA0021082000F0D8FA3AE021
:108C40007848844208D10121102000F0D0FA002198
:108C5000102000F0CCFA2EE07348844208D10121A4
:108C6000202000F0C4FA0021202000F0C0FA22E009
:108C70006E48844208D10121402000F0B8FA00215A
:108C8000402000F0B4FA16E06948844208D101217E
:108C9000802000F0ACFA0021802000F0A8FA0AE061
:108CA0006448844207D10121801500F0A0FA002118
:108CB000A01500F09CFA10BDF0B50A460021002373
:108CC000002400BF3DE0012505FA01F3156805EA1F
:108CD00003049C4234D105684F000326BE40B543CF
:108CE000056015794E00B540066835430560157975
:108CF000012D02D01579022D16D185684F0003266B
:108D0000BE40B543856055794E00B5408668354311
:108D10008560456801268E40B54345604568967973
:108D20008E40B6B235434560C5684F000326BE404D
:108D3000B543C560D5794E00B540C6683543C560BA
:108D4000491C1029BFD3F0BD4FF6FF71016000210F
:108D5000017141718171C171704708B54FF4803262
:108D60000092009A0A430092009AC261C161009A7F
:108D7000C261C2690092C269009208BD0246002029
:108D800013690B400BB1012000E000207047014641
:108D9000086980B270470246002053690B400BB14E
:108DA000012000E0002070470146486980B270470A
:108DB00001837047418370470AB1018300E041831A
:108DC00070474161704742694A4042617047F0B55F
:108DD000002300244D07ED0E02FA05F3CE1000F13A
:108DE000200555F826504E07F70E0F26BE40B54316
:108DF000CF1000F1200646F82750CE1000F12005D4
:108E000055F8265045EA0304CE1000F1200545F838
:108E10002640F0BD0000024000040240000802406D
:108E2000000C0240001002400014024000180240F2
:108E3000001C024000200240FA48006840F0010097
:108E4000F84908600020F74908310860F5480068D3
:108E5000F5490840F3490860F448091D0860081FF7
:108E6000006820F48020091F08600020ED490C31C3
:108E7000086070470021EB4A921C1170114608707F
:108E8000704710B501460022002300204A11012A34
:108E900002D1E44C236808E0022A03D1E14C70348B
:108EA000236802E0DF4C7434236801F01F020124C0
:108EB00094401C400CB1012000E0002010BD38B5EA
:108EC000002000900024002500BF3120FFF7D9FFCB
:108ED00005460098401C00900098B0F5A06F01D0A6
:108EE000002DF2D03120FFF7CCFF08B1012400E0C3
:108EF0000024204638BD01460020CA4A106820F0F0
:108F0000F80040EAC10010607047C9490860704726
:108F10000021C44A703211701170012802D0042857
:108F20000AD104E00121BF4A7032117005E0052129
:108F3000BC4A7032117000E000BF00BF7047BD49ED
:108F40000860704770B5049C41EA82150126C6EBA3
:108F5000530645EA0645054345EA0465B14E361D0C
:108F6000356070BDB24908667047820142EA0172FD
:108F7000AC4B84331A607047AD4988667047AC4982
:108F8000C864704702460020A64B0833186820F0DA
:108F9000EC6042EA01031843A24B083318607047A3
:108FA000024600209F4B0833186820F0784042EAC0
:108FB000010318439B4B083318607047014600209B
:108FC000984A0832106820F0030008431060704788
:108FD00094480830006800F00C00704701460020FB
:108FE000904A0832106820F0F00008431060704783
:108FF000014600208B4A0832106820F4E0500843F4
:109000001060704701460020864A0832106820F43C
:10901000604040EAC10010607047F0B500210022B6
:1090200000240225002602237E4F08373F6807F000
:109030000C0121B1042905D0082937D105E07E4F64
:10904000076036E07D4F076033E0764F3F1D3F6895
:10905000C7F38056734F3F1D3F6807F03F036EB163
:10906000764FB7FBF3F7DFF8BCC10CF1040CDCF86A
:1090700000C0CCF3881C07FB0CF40CE06E4FB7FB70
:10908000F3F7DFF8A0C10CF1040CDCF800C0CCF35E
:10909000881C07FB0CF4634F3F1D3F68C7F3014773
:1090A0007F1C7D00B4FBF5F7076002E0624F0760AC
:1090B00000BF00BF5B4F08373F6807F0F0010909A8
:1090C0005F4F7A5C0768D7404760564F08373F6864
:1090D00007F4E051890A5A4F7A5C4768D7408760A5
:1090E000504F08373F6807F46041490B544F7A5C92
:1090F0004768D740C760F0BD002100F44072B2F568
:10910000407F0AD1474A0832116821F4F8114D4ACC
:1091100002401143434A08321160424A70321268D9
:10912000C0F30B031A433F4B70331A607047414939
:109130004439086070473F494039086070474249E8
:109140000860704739B1374A303212680243354BF4
:1091500030331A6006E0334A303212688243314BB2
:1091600030331A60704739B12E4A343212680243E4
:109170002C4B34331A6006E02A4A34321268824398
:10918000284B34331A60704739B1264A3832126896
:109190000243244B38331A6006E0224A3832126800
:1091A0008243204B38331A60704739B11D4A403230
:1091B000126802431B4B40331A6006E0194A4032E2
:1091C00012688243174B40331A60704739B1154A11
:1091D000443212680243134B44331A6006E0114ACA
:1091E0004432126882430F4B44331A60704739B1DE
:1091F0000C4A1032126802430A4B10331A6006E020
:10920000084A103212688243064B10331A607047C6
:10921000E1B1044A143212680243024B14331A605B
:1092200019E0000000380240FFFFF6FE1030002475
:1092300000004742800E47420024F40000127A00EA
:10924000E8030020FFFCFF0F5C0147425B4A126805
:1092500082435A4B1A60704739B1584A121D12683E
:109260000243564B1B1D1A6006E0544A121D126839
:109270008243524B1B1D1A60704739B14F4A0C3262
:10928000126802434D4B0C331A6006E04B4A0C3215
:1092900012688243494B0C331A60704739B1474A10
:1092A000103212680243454B10331A6006E0434AFD
:1092B000103212688243414B10331A60704739B143
:1092C0003E4A3C32126802433C4B3C331A6006E093
:1092D0003A4A3C3212688243384B3C331A6070473A
:1092E00039B1364A403212680243344B40331A6077
:1092F00006E0324A403212688243304B40331A60F3
:10930000704739B12D4A4432126802432B4B443323
:109310001A6006E0294A443212688243274B4433DC
:109320001A60704739B1254A4C3212680243234B08
:109330004C331A6006E0214A4C32126882431F4BBC
:109340004C331A60704739B11C4A503212680243DC
:109350001A4B50331A6006E0184A503212688243A2
:10936000164B50331A60704739B1144AD21F127825
:109370000243124BDB1F1A7006E0104AD21F12780C
:1093800082430E4BDB1F1A7070470C486030006838
:1093900040F0807009496031086070470146002044
:1093A000064A083A12680A400AB1012000E000208B
:1093B00070470249891F0870704700001438024046
:1093C00010B501210802FFF769FF00214FF48070FA
:1093D000FFF764FF10BD30B502460020002350683F
:1093E000F84C20400D790C6844EA05242043506075
:1093F0009068F54C2040D1E903542C438D682C43F0
:109400004D7944EA450420439060D06A20F470000E
:109410000C7D641EE4B2234340EA0350D06230BDA9
:1094200000210160017141718160C1600161012110
:10943000017570470021E54A1168E54A1140D0E9FD
:1094400000231A4383681A43C3681A431143E14A4D
:10945000C2F8041370470021016041608160C1605F
:10946000704721B1826842F00102826003E08268A5
:1094700022F00102826070470A4600214168D64B03
:1094800019401143416070474162826270470A4649
:109490000021416821F01F0111434160704738B13C
:1094A000CA49096841F40001CA4AC2F8041306E037
:1094B000C649096821F40001C64AC2F8041370477E
:1094C00038B1C249096841F48001C24AC2F80413A4
:1094D00006E0BE49096821F48001BE4AC2F80413BF
:1094E0007047F0B504460D4600200021092D11DD1E
:1094F000E068A5F10A0606EB4607072606FA07F11B
:109500008843A5F10A0606EB460603FA06F108436E
:10951000E0600CE0206905EB4507072606FA07F135
:10952000884305EB450603FA06F108432061072A44
:109530000FDA606B561E06EB86071F2606FA07F148
:109540008843561E06EB860605FA06F1084360635B
:1095500022E00D2A0FDA206BD61F06EB86071F26A6
:1095600006FA07F18843D61F06EB860605FA06F1D0
:109570000843206310E0E06AA2F10D0606EB8607BF
:109580001F2606FA07F18843A2F10D0606EB8606B0
:1095900005FA06F10843E062F0BD816841F08041C0
:1095A00081607047014600208A6802F480020AB197
:1095B000012000E00020704721B1826842F48062FF
:1095C000826003E0826822F480628260704721B189
:1095D000826842F00202826003E0826822F00202A6
:1095E0008260704710B50A4600210023416821F4CB
:1095F0006041531E41EA4331416010BD21B14268D0
:1096000042F40062426003E0426822F40062426079
:1096100070470146C86C80B270476C48001D0068F6
:10962000704721B1826842F48072826003E08268F0
:1096300022F480728260704721B1826842F4007225
:10964000826003E0826822F400728260704738B161
:109650005E49096841F400515E4AC2F8041306E00D
:109660005A49096821F400515A4AC2F80413704754
:10967000F0B504461546002000220026092911DD18
:10968000E068A1F10A0707EB470C072707FA0CF27D
:109690009043A1F10A0707EB470703FA07F21043CB
:1096A000E0600CE0206901EB410C072707FA0CF29F
:1096B000904301EB410703FA07F210432061A06BCE
:1096C000C0F30156EF1C06F1010CA7EB0C0707EBEA
:1096D000870C1F2707FA0CF29043EF1C06F1010CD0
:1096E000A7EB0C0707EB870701FA07F21043A0630B
:1096F000F0BD10B50A4600210023816B21F4401112
:10970000531E41EA0351816310BD08B50023009345
:109710000090009B0B440093009B1A6008BD0A4612
:109720000021816821F470211143816070470A464D
:109730000021816821F440111143816070478168E4
:1097400041F4800181607047014600208A6802F47C
:1097500080020AB1012000E00020704721B1426878
:1097600042F48062426003E0426822F48062426018
:10977000704721B1426842F48052426003E042687F
:1097800022F480524260704708B5024600200090E3
:10979000009201F12800009B184400900098006896
:1097A00080B208BD10B50B460021D9B2012404FADD
:1097B00001F11AB144680C43446002E044688C43F0
:1097C000446010BDFFFEFFFCFDF7FFC00423014015
:1097D000E030FCFF00200140FFFD3FFF024600207B
:1097E00013680B400BB1012000E000207047CA4312
:1097F0000260704770B502460020002300240B125F
:10980000556801268E4005EA060415681D4015B10D
:109810000CB1012000E0002070BD00220A12D343E9
:1098200003607047016821F00101016000210160BF
:1098300041608160C160016121214161DB49884251
:1098400004D13D21D94A103A91608CE0D7491831B2
:10985000884205D14FF47461D44A103A916082E095
:10986000D2493031884205D14FF47411CF4A103AB1
:10987000916078E0CD494831884205D14FF074615C
:10988000CA4A103A91606EE0C8496031884204D1FA
:10989000C749C64A103AD16065E0C4497831884268
:1098A00004D1C449C14A103AD1605CE0BF4990314B
:1098B000884204D1C049BD4A103AD16053E0BB4947
:1098C000A831884205D14FF03D51B84A103AD160D5
:1098D00049E0BA49884204D13D21B84A083A1160AA
:1098E00041E0B6491831884205D14FF47461B34A5A
:1098F000083A116037E0B1493031884205D14FF460
:109900007411AE4A083A11602DE0AC4948318842E2
:1099100005D14FF07461A94A083A116023E0A749C4
:109920006031884204D1A249A44A121F11601AE092
:10993000A2497831884204D19E49A04A121F116081
:1099400011E09E499031884204D19B499B4A121FE5
:10995000116008E09949A831884204D14FF03D5187
:10996000964A121F1160704710B500220268944B8E
:109970001A40CC680B6823434C6923438C6923430A
:10998000CC6923430C6A23434C6A23438C6A2343E8
:109990004C6B23438C6B23431A430260426922F0D1
:1099A0000702D1E90B3423431A4342610B69436038
:1099B0004B6883608B68C36010BD0021016041600B
:1099C0008160C160016141618161C1610162416287
:1099D0008162C162016341638163704721B10268A2
:1099E00042F00102026003E0026822F0010202601C
:1099F000704721B1026842F40042026003E002684D
:109A000022F400420260704721B1026842F0200255
:109A1000026003E0026822F02002026070474160A9
:109A200070470146486880B2704722B1036843F42A
:109A30000023036003E0036823F400230360016153
:109A4000704721B1026842F48022026003E002689C
:109A500022F48022026070470AB1016100E0C16017
:109A60007047014600200A6802F400220AB1012072
:109A700000E000207047014600200A6802F0010261
:109A80000AB1012000E000207047014600204A6929
:109A900002F03800704730B503460A460020002423
:109AA000464DAB4202D24149103901E043491039D9
:109AB00002F000550DB14C6800E00C68414D2C409F
:109AC00004EA02050DB1012000E0002030BD02468D
:109AD0003A4B9A4202D23548103801E037481038E4
:109AE00001F000531BB1374B0B40C36002E0354B14
:109AF0000B408360704710B501F080034BB122B179
:109B0000436943F08003436103E0436923F080032A
:109B1000436180290BD02AB1036801F01E0423435E
:109B2000036004E0036801F01E04A343036010BD5A
:109B300070B50246002000240025204EB24202D219
:109B40001A4B103B01E01D4B103B1F4E0E4036B12F
:109B50001E2606EAD124166806EA040502E05669C4
:109B600006F0800501F000560EB15C6800E01C684C
:109B7000144E344004EA010616B10DB1012000E094
:109B8000002070BD02460D4B9A4202D207481038A1
:109B900001E00A48103801F000531BB1094B0B409B
:109BA000C36002E0074B0B408360704710600240C7
:109BB0003D000020400F002000003D2010640240C6
:109BC0003F801CF07D0F7D0F3C0F3C0F002044496F
:109BD0000860091D0860091D0860091D08604148EA
:109BE0003F4914310860704700213D498279002ABD
:109BF0003AD00A46126803689A430B461A600A1D57
:109C0000126803689A430B1D1A60027911440A68AE
:109C100003681A430A60324A0832126803689A439A
:109C20002F4B08331A601A1D126803689A432C4B95
:109C30000C331A604279102A0ED11A1F1268036879
:109C40001A43274B08331A601A1D126803681A4317
:109C5000234B0C331A600DE02149427911440A6804
:109C600003681A430A6005E0027911440A68036830
:109C70009A430A6070470021016001710C21417113
:109C80000021817170471649103109680143144A57
:109C900010321160704701460020114A14321268D8
:109CA0000A400AB1012000E0002070470C4914313D
:109CB00008607047014600200022094B1B6803EA38
:109CC0000102074B14331B680B4013B10AB101208A
:109CD00000E000207047024914310860704700001E
:109CE000003C0140FFFF7F0010B50446FE4884425F
:109CF00008D101210846FFF7D1FA00210120FFF722
:109D0000CDFA9DE0B4F1804F08D101210846FFF75C
:109D1000B4FA00210120FFF7B0FA91E0F348844241
:109D200008D101210220FFF7A8FA00210220FFF745
:109D3000A4FA85E0EE48844208D101210420FFF70F
:109D40009CFA00210420FFF798FA79E0E948844260
:109D500008D101210820FFF790FA00210820FFF721
:109D60008CFA6DE0E448844208D101211020FFF70D
:109D700084FA00211020FFF780FA61E0DF48844276
:109D800008D101212020FFF778FA00212020FFF7D9
:109D900074FA55E0DA48844208D101210220FFF725
:109DA0007DFA00210220FFF779FA49E0D548844284
:109DB00009D101210804FFF771FA00214FF4803026
:109DC000FFF76CFA3CE0D048844209D101214804F5
:109DD000FFF764FA00214FF40030FFF75FFA2FE03D
:109DE000CA48844209D101218804FFF757FA0021AB
:109DF0004FF48020FFF752FA22E0C548844208D190
:109E000001214020FFF739FA00214020FFF735FA01
:109E100016E0C048844208D101218020FFF72DFAC6
:109E200000218020FFF729FA0AE0BB48844207D1CD
:109E300001218015FFF721FA0021A015FFF71DFA77
:109E400010BD00220288A84B98420ED0AC4B98421D
:109E50000BD0B0F1804F08D0A44B984205D0A44B52
:109E6000984202D0A34B984204D14FF68F731A4008
:109E70004B881A43A04B984207D0A04B984204D07D
:109E80004FF6FF431A400B891A4302804B68C362A6
:109E90000B880385944B984202D0994B984201D18C
:109EA0008B7A03860123838270474FF0FF31416034
:109EB0000021018001814180817270470185828289
:109EC00070470A46002101884FF68F7319401143ED
:109ED0000180704741627047C16270470146486A1D
:109EE00070470146088D704721B1028842F0020296
:109EF000028004E002884FF6FD731A40028070472A
:109F000021B1028842F00402028004E002884FF688
:109F1000FB731A400280704721B1028842F0800230
:109F2000028004E002884FF67F731A400280704777
:109F300002884FF6F7731A40028002880A430280B3
:109F4000704702884FF6FF431A40028002880A4396
:109F50000280704721B1028842F00102028004E0D1
:109F600002884FF6FE731A400280704770B50024D5
:109F700000220023058C4FF6FE7635400584028CC6
:109F80008388048B4FF68F752C40B51E2C400D88AE
:109F90002C43751E2A408D892A434D882A43524DF1
:109FA000A84202D0564DA84213D14FF6F7752A4069
:109FB000CD892A434FF6FB752A408D882A434FF6F8
:109FC000FF652B404FF6FF552B400D8A2B434D8AE2
:109FD0002B43838004838D684563028470BD70B514
:109FE000002400220023058C4FF6EF7635400584CF
:109FF000028C8388048B48F6FF752C404FF6FF4592
:10A000002C400D884FF6FF7606EA05252C434FF6C7
:10A01000DF752A408D8906EA05152A434D8806EA30
:10A0200005152A43304DA84202D0354DA8421DD116
:10A030004FF67F752A40CD894FF6FF7606EA051563
:10A040002A434FF6BF752A408D8806EA05152A4334
:10A050004FF6FF352B404FF2FF752B400D8A06EA75
:10A0600085052B434D8A06EA85052B4383800483AF
:10A070008D688563028470BD70B5002400220023C2
:10A08000058C4FF6FF6635400584028C8388848BEF
:10A090004FF68F752C404FF6FC752C400D882C43E5
:10A0A0004FF6FF552A408D894FF6FF7606EA0525C3
:10A0B0002A434D8806EA05252A430B4DA84202D0C3
:10A0C0000F4DA84238D14FF2FF752A40CD894FF687
:10A0D000FF7606EA05252A434FF6FF352A408D888C
:10A0E00006EA05252A4319E000000140000400406B
:10A0F00000080040000C0040001000400014004028
:10A10000000401400040014000440140004801407B
:10A1100000180040001C0040002000404EF6FF7573
:10A120002B404DF6FF752B400D8A06EA05152B4393
:10A130004D8A06EA05152B43838084838D68C563A9
:10A14000028470BD70B5002200230024058C4EF6F9
:10A15000FF7635400584038C8488828B48F6FF7532
:10A160002A404FF6FF452A400D884FF6FF7606EA53
:10A1700005252A434DF6FF752B408D8906EA0535E6
:10A180002B434D8806EA05352B43FE4DA84202D0ED
:10A19000FD4DA84208D14BF6FF752C400D8A4FF6B5
:10A1A000FF7606EA85152C43848082838D680564DA
:10A1B000038470BD002101804180818081608181A4
:10A1C000C18101824182704770B50346002000249E
:10A1D0001846183001258D40ACB21D8CA5431D8456
:10A1E00009B108290AD100EB610005684FF68F76A6
:10A1F000354005600568154305600FE00D1FC5F388
:10A200004E052844056848F6FF7635400560056828
:10A210004FF6FF7606EA02263543056070BD4163BE
:10A22000704781637047C1637047016470470A4695
:10A230000021018B4FF68F73194011430183704742
:10A240000A460021018B48F6FF7319404FF6FF7351
:10A2500003EA02231943018370470A460021818BD8
:10A260004FF68F7319401143818370470A460021CE
:10A27000818B48F6FF7319404FF6FF7303EA022300
:10A280001943818370470A460021018B4FF6F7730B
:10A2900019401143018370470A460021018B4FF298
:10A2A000FF7319404FF6FF7303EA0223194301833A
:10A2B00070470A460021818B4FF6F773194011430E
:10A2C000818370470A460021818B4FF2FF7319404A
:10A2D0004FF6FF7303EA02231943818370470A464E
:10A2E0000021018B4FF6FB73194011430183704726
:10A2F0000A460021018B4FF6FF3319404FF6FF73DA
:10A3000003EA02231943018370470A460021818B27
:10A310004FF6FB7319401143818370470A460021B1
:10A32000818B4FF6FF3319404FF6FF7303EA022388
:10A330001943818370470A460021018B4FF67F73D2
:10A3400019401143018370470A460021018BC1F374
:10A350000E014FF6FF7303EA02231943018370478E
:10A360000A460021818B4FF67F7319401143818388
:10A3700070470A460021818BC1F30E014FF6FF732F
:10A3800003EA02231943818370470A460021018CA6
:10A390004FF6FD7319401143018470470A460021AE
:10A3A000018C4FF6F77319401143018470470A4638
:10A3B0000021018C4FF6DF7319404FF6FF7303EA5B
:10A3C00002131943018470470A460021018C4FF69D
:10A3D0007F7319404FF6FF7303EA02131943018498
:10A3E00070470A460021018C4FF6FF5319404FF683
:10A3F000FF7303EA02231943018470470A460021D0
:10A40000018C4FF2FF7319404FF6FF7303EA0223EA
:10A410001943018470470A460021018C4DF6FF73F1
:10A4200019404FF6FF7303EA023319430184704762
:10A4300030B5002301248C40A3B2048C9C430484D7
:10A44000048C02FA01F5ADB22C43048430BD30B562
:10A45000002304248C40A3B2048C9C430484048C09
:10A4600002FA01F5ADB22C43048430BD828B4FF269
:10A47000FF331A408283828B4FF6FF7303EA012376
:10A480001A4382837047F0B50C461546002100221E
:10A490000026078C4EF6FF7C07EA0C070784818BA9
:10A4A000028C4FF6FF7707EA043640F6FF47394043
:10A4B0004FF6FF7707EA052739434FF6FF7707EA9C
:10A4C0000337394345F6FF773A4046F480573A431D
:10A4D00081830284F0BD828B4FF6F3731A4082832E
:10A4E000828B0A4382837047F0B50C4615460021E3
:10A4F00000220026078C4FF6FF6C07EA0C07078442
:10A50000818B028C4FF6FF7707EA04264FF60C7713
:10A5100039404FF6FF7707EA03172F4339434FF2CD
:10A52000FF573A4046F480773A4381830284F0BD76
:10A53000028B4FF2FF331A400283028B4FF6FF73F8
:10A5400003EA01231A4302837047F0B50C4615460F
:10A55000002100220026078C4FF6EF7C07EA0C074B
:10A560000784018B028C4FF6FF7707EA041640F64A
:10A57000FF4739404FF6FF7707EA033739434FF675
:10A58000FF7703E0000001400004014007EA0527CF
:10A5900039434FF65F773A4046F010073A4301835C
:10A5A0000284F0BD028B4FF6F3731A400283028BD4
:10A5B0000A4302837047F0B50C461546002100227D
:10A5C000068C4FF6FE773E400684018B028C4FF6D8
:10A5D0000C7631407E1C06EA03162E4331434FF6BB
:10A5E000F576324044F00106324301830284F0BD27
:10A5F00070B505460C46208850B92389A288618829
:10A600002846FFF7D8FFE1882846FFF7CBFF25E073
:10A61000208804280AD12389A28861882846FFF768
:10A6200094FFE1882846FFF783FF17E02088082879
:10A630000AD12389A28861882846FFF755FFE1885F
:10A640002846FFF748FF09E02389A2886188284649
:10A65000FFF719FFE1882846FFF708FF70BD0021CA
:10A6600001804180012181800021C18001817047EA
:10A670002DE9F04105460C4600260127608808B9FF
:10A68000022600E00026A088012801D1022700E070
:10A6900001272088A0B92389A28861882846FFF76E
:10A6A0008AFFE1882846FFF77DFF23893A46314635
:10A6B0002846FFF74AFFE1882846FFF739FF13E0F5
:10A6C0002389A28861882846FFF73FFFE188284652
:10A6D000FFF72EFF23893A4631462846FFF76BFFE6
:10A6E000E1882846FFF75EFFBDE8F0810146486B30
:10A6F00070470146886B70470146C86B704701463A
:10A70000086C70470A884B881A438B881A43CB8899
:10A710001A430B891A434B891A438B891A43A0F8B1
:10A72000442070470021018041808180C1800181E7
:10A7300041818181704731B1B0F8442042F4004238
:10A74000A0F8442005E0B0F84420C2F30E02A0F8BF
:10A750004420704721B1828842F00402828004E0E4
:10A7600082884FF6FB731A408280704721B182883D
:10A7700042F00102828004E082884FF6FE731A40A4
:10A78000828070471AB183890B43838102E08389F9
:10A790008B43838170478182704702460020138A71
:10A7A0000B400BB1012000E000207047CA43028239
:10A7B000704730B50246002000230024158A05EAC0
:10A7C0000103958905EA010413B10CB1012000E0F1
:10A7D000002030BDCA430282704741EA0203A0F85C
:10A7E000483070471AB183890B43838102E0838923
:10A7F0008B438381704721B1828842F008028280B6
:10A8000004E082884FF6F7731A408280704701890E
:10A810004FF6F8721140018170470A460021018904
:10A820004FF68F73194011430181704730B50446CC
:10A830000D4629462046FFF7F0FF208940F007002B
:10A84000208130BD2DE9F04104460D4616461F46D5
:10A85000602D06D13B46012231462046FFF775FEAA
:10A8600005E03B46012231462046FFF7A4FE29467B
:10A870002046FFF7D2FF208940F007002081BDE885
:10A88000F08130B50C4600210189C9B24FF6FF7541
:10A8900005EA0325154325432943018130BD2DE9F0
:10A8A000F04105460E4617469846002443463A4670
:10A8B00031462846FFF7E5FF2C894FF6F870044033
:10A8C00044F007044FF68F70044044F070042C816C
:10A8D000BDE8F081F0B504460D4616461F463B46DE
:10A8E000324629462046FFF7CCFF208940F48040BD
:10A8F0002081F0BD82884FF68F731A408280828853
:10A900000A438280704702894FF6F8731A40028129
:10A9100002890A430281704702894FF67F731A4009
:10A92000028102890A4302817047F0B50C46154640
:10A930001E460021002200230189028B038C4FF662
:10A94000F877394021434FF6FC473A4040F201176F
:10A950003A434FF6DD773B404FF6FF7707EA06179D
:10A960002F433B43018102830384F0BD21B18288E0
:10A9700042F08002828004E082884FF67F731A40A2
:10A9800082807047A0F850107047000010B5044650
:10A99000F748844208D101211020FEF77FFC0021F6
:10A9A0001020FEF77BFC3EE0F248844209D10121F1
:10A9B0004804FEF762FC00214FF40030FEF75DFC16
:10A9C00031E0ED48844209D101218804FEF755FCAD
:10A9D00000214FF48020FEF750FC24E0E748844239
:10A9E00009D10121C804FEF748FC00214FF40020E2
:10A9F000FEF743FC17E0E248844209D10121080533
:10AA0000FEF73BFC00214FF48010FEF736FC0AE015
:10AA1000DC48844207D101212020FEF73FFC0021C1
:10AA20002020FEF73BFC10BD2DE9FF4705460E46F2
:10AA30000024A14600BFA046B08900B100BF2C8A07
:10AA400024F44054F08804432C82AC8941F20C6019
:10AA50008443B08831890843718908430443AC8139
:10AA6000AC8A24F44074B0890443AC826846FEF793
:10AA7000D4FABF48854202D0C248854202D1DDF8EF
:10AA80000C9001E0DDF80890A88900F4004040B186
:10AA900009EBC90000EB091031684900B0FBF1F780
:10AAA00007E009EBC90000EB091031688900B0FB31
:10AAB000F1F76420B7FBF0F004012009642101FBE9
:10AAC0001078A88900F4004040B1322000EBC800A3
:10AAD000B0FBF1F000F00700044308E0322000EB87
:10AAE00008106421B0FBF1F000F00F0004432C814A
:10AAF000BDE8FF874FF41651016000218180C180BD
:10AB000001810C21418100218181704710B50246ED
:10AB10000020108A20F470600B884C8823438C88B6
:10AB20002343CC8823431843108210BD00210180A9
:10AB300041808180C180704721B1828942F40052F6
:10AB4000828104E082894DF6FF731A40828170474A
:10AB5000028B02F47F420283028B0A430283704716
:10AB600021B1828942F40042828103E08289C2F3EA
:10AB70000E028281704721B1828A42F40062828291
:10AB800004E0828A4FF2FF731A4082827047C1F359
:10AB900008028280704701468888C0F30800704729
:10ABA000028A4FF6F0731A400282028A0A43028236
:10ABB000704721B1828942F00202828104E08289D9
:10ABC0004FF6FD731A408281704782894FF2FF73FE
:10ABD0001A40828182890A4382817047028A4FF635
:10ABE000DF731A400282028A0A430282704721B14F
:10ABF000028A42F48042028204E0028A4BF6FF732A
:10AC00001A4002827047818941F0010181817047B9
:10AC100021B1828A42F00802828204E0828A4FF6E1
:10AC2000F7731A4082827047028BD2B20283028B82
:10AC300042EA01220283704721B1828A42F0200257
:10AC4000828204E0828A4FF6DF731A408282704764
:10AC500021B1828A42F01002828204E0828A4FF699
:10AC6000EF731A4082827047828A4FF6FB731A4054
:10AC70008282828A0A438282704721B1828A42F0AC
:10AC80000202828204E0828A4FF6FD731A408282B9
:10AC900070471AB1838A0B43838202E0838A8B4315
:10ACA00083827047F0B5034600240026002500206B
:10ACB00040F66A17B94200D100BF1846C1F34214EA
:10ACC00001F01F06012707FA06F5012C01D10C300F
:10ACD00004E0022C01D1103000E014301AB10768F2
:10ACE0002F43076002E00768AF430760F0BD0246EC
:10ACF0000020B1F5007F00D100BF13880B400BB1DD
:10AD0000012000E00020704701F40072B2F5007FDE
:10AD100000D100BFCA430280704770B502460024CC
:10AD200000230025002040F66A16B14200D100BF82
:10AD3000C1F3421501F01F03012606FA03F3012DAA
:10AD400002D19689334006E0022D02D1168A3340A3
:10AD500001E0968A33400C12012606FA04F41688A4
:10AD6000344013B10CB1012000E0002070BD0000A0
:10AD7000001001400044004000480040004C0040EA
:10AD8000005000400014014010B50022002340F69E
:10AD90006A14A14200D100BF0A1201249440A3B258
:10ADA000DC43048010BD000010B501218803FEF7CC
:10ADB00075FA00214FF48040FEF770FA10BD1A4971
:10ADC0000860704730B500228B071C0F0F2303FA71
:10ADD00004F2154B08338C1053F824309343124C73
:10ADE00008348D1044F8253023468C1053F8243055
:10ADF0008C07240F00FA04F423430B4C08348D1005
:10AE000044F8253030BD094908607047084908609A
:10AE10007047002004492031096801F4807109B1AC
:10AE2000012000E00020704700380140DC0027428C
:10AE30000004274200F1080141604FF0FF318160BA
:10AE400000F10801C160016100210160704700212B
:10AE500001617047426853684B6043688B60536878
:10AE6000996051604160086103685B1C0360704732
:10AE700010B502460B685C1C0CB9106907E002F1C2
:10AE8000080000E04068446824689C42FAD944689D
:10AE90004C604C68A160886041600A611468641C61
:10AEA000146010BD0146D1E901309860D1E9010379
:10AEB00058600A695068884201D188685060002053
:10AEC00008611068401E10601068704770B5044635
:10AED0000D461CB9F5F7ACF900BFFEE700F0F3FD35
:10AEE000D4E90F12206801FB020060600020A0631B
:10AEF0002068A060E06B401E226C216800FB0210FD
:10AF0000E0604FF0FF306064A06475B9206908B953
:10AF1000012000E0002080B904F1100001F02AFCBB
:10AF200001280AD100F0C9FD07E004F11000FFF785
:10AF300081FF04F12400FFF77DFF00F0CDFD01202B
:10AF400070BD2DE9F04705460E4617464FF0000943
:10AF5000DDB1502000F0E4FD0446B4B105FB06F07D
:10AF600000F10108404600F0DBFD2060206848B198
:10AF7000E563266401212046FFF7A8FF84F84D70A1
:10AF8000A14602E0204600F02CFEB9F1000F03D1EB
:10AF9000F5F74EF900BFFEE74846BDE8F08710B56B
:10AFA000044600F090FD11E0606A08B9012000E05D
:10AFB000002050B904F1240001F0DCFB08B101F0DD
:10AFC00054FCA06C401EA06400E002E0A06C0028CD
:10AFD000EADC00BF4FF0FF30A06400F07DFD00F020
:10AFE00072FD11E0206908B9012000E0002050B98D
:10AFF00004F1100001F0BEFB08B101F036FC606CFA
:10B00000401E606400E002E0606C0028EADC00BFE3
:10B010004FF0FF30606400F05FFD10BD70B5044676
:10B0200000F051FDA06BE16B884201D1012000E0EE
:10B030000020054600F050FD284670BD70B504465E
:10B040000E461546206C38B9206838BB606801F0A0
:10B050009BFC0020606021E07DB93146226CA06835
:10B0600001F0BCFC216CA0680844A060D4E9011088
:10B07000884213D32068A06010E03146226CE0685B
:10B0800001F0ACFC216CE068401AE0602168E068E7
:10B09000884203D2216C6068401AE060A06B401CBB
:10B0A000A06370BDFFB583B004460D461E46002761
:10B0B0001CB9F5F7BDF800BFFEE70DB9206C08B963
:10B0C000012000E0002018B9F5F7B2F800BFFEE754
:10B0D00000BF00F0F8FCA06BE16B884217D232464B
:10B0E00029462046FFF7AAFF606A08B9012000E060
:10B0F000002038B904F1240001F03CFB012801D103
:10B1000000F0DBFC00F0E8FC012007B0F0BD059882
:10B1100018B900F0E1FC0020F7E71FB901A801F021
:10B120005EFB012700F0D8FC00F0DEFF00F0CBFC56
:10B13000606C401C08B900206064A06C401C08B919
:10B140000020A06400F0C8FC05A901A801F055FB8F
:10B15000C0B92046FFF762FF70B104F110000599F5
:10B1600001F0CBFA2046FFF71AFF00F00DFF002890
:10B17000AFD100F0A2FCACE72046FFF710FF00F0D3
:10B1800003FFA6E72046FFF70AFF00F0FDFE0020C0
:10B19000BBE770B50546502000F0C2FC0446E4B1A0
:10B1A000002060602060A060E060A0630120E06398
:10B1B00000202064401E6064A06484F84D5004F1B7
:10B1C0001000FFF737FE04F12400FFF733FE0023E1
:10B1D0001A4619462046FFF765FF1CB9F5F728F80F
:10B1E00000BFFEE7204670BD70B504461CB9F5F7F8
:10B1F0001FF800BFFEE701F047FB616888420CD1F1
:10B20000E068401EE060E06828B900231A4619464D
:10B210002046FFF747FF012500E00025284670BDC6
:10B2200070B5044600F04FFCA06B08B9012000E0A7
:10B230000020054600F050FC284670BD70B504465D
:10B240000D46206870B1216CE0680844E0606168D8
:10B25000E068884201D32068E0602846226CE168FB
:10B2600001F0BCFB70BD2DE9FF4182B004460D46E4
:10B270001E464FF000081CB9F4F7DAFF00BFFEE7E6
:10B280000DB9206C08B9012000E0002018B9F4F7CE
:10B29000CFFF00BFFEE700BF00F015FCA06B80B33E
:10B2A000E76829462046FFF7C9FFB6B9A06B401EE4
:10B2B000A063206810B901F0E7FA6060206908B95E
:10B2C000012000E00020B0B904F1100001F052FAB2
:10B2D000012810D100F0F1FB0DE0E760606A08B9C9
:10B2E000012000E0002030B904F1240001F042FA0E
:10B2F00008B100F0E2FB00F0EFFB012006B0BDE872
:10B30000F081FFE7049818B900F0E6FB0020F5E7AC
:10B31000B8F1000F04D1684601F061FA4FF001085E
:10B3200000F0DAFB00F0E0FE00F0CDFB606C401CAA
:10B3300008B900206064A06C401C08B90020A0641B
:10B3400000F0CAFB04A9684601F057FA08BB204682
:10B35000FFF766FFB8B1206830B900F0B4FB606851
:10B3600001F0A1FA00F0B8FB04F12400049901F007
:10B37000C4F92046FFF713FE00F006FE00288BD12B
:10B3800000F09BFB88E72046FFF709FE00F0FCFD7C
:10B3900082E72046FFF703FE00F0F6FD0020ADE750
:10B3A00070B504460E461CB9F4F742FF00BFFEE735
:10B3B00001F06AFA6168884204D1E068401CE060EC
:10B3C00001250BE00023324619462046FFF74BFFCC
:10B3D0000546012D02D1E068401CE060284670BDA2
:10B3E00070B506460D46022200213046FFF7A9FD42
:10B3F000044604B1A5631CB9F4F71AFF00BFFEE7C9
:10B40000204670BD2DE9F04704460F461546984684
:10B410001CB9F4F70DFF00BFFEE70FB9206C08B9A7
:10B42000012000E0002018B9F4F702FF00BFFEE79A
:10B43000F4F7FEFE8146A06BE16B88421BD24246C8
:10B4400039462046FFF7FAFDA06C401C70B9606ACF
:10B4500008B9012000E0002058B904F1240001F0EF
:10B4600089F930B12DB10120286002E0A06C401CA8
:10B47000A064012600E000264846F4F7E0FE3046CE
:10B48000BDE8F0872DE9F04104460F4615461CB98A
:10B49000F4F7CEFE00BFFEE70FB9206C08B901201B
:10B4A00000E0002018B9F4F7C3FE00BFFEE7F4F790
:10B4B000BFFE8046A06BE8B139462046FFF7BEFECE
:10B4C000A06B401EA063606C401C70B9206908B975
:10B4D000012000E0002058B904F1100001F04AF901
:10B4E00030B12DB10120286002E0606C401C606426
:10B4F000012600E000264046F4F7A1FE3046BDE8F4
:10B50000F08170B504461CB9F4F792FE00BFFEE767
:10B5100000F0D9FAA56B00F0DFFA284670BD70B5CF
:10B5200004461CB9F4F784FE00BFFEE7A56B28466D
:10B5300070BD014600200BE03D4A02EBC00252689C
:10B540008A4204D100223A4B43F8302002E0401CEA
:10B550000828F1D300BF704710B504461CB9F4F7B2
:10B5600067FE00BFFEE72046FFF7E3FF206800F01C
:10B5700038FB204600F035FB10BD014691F84C0029
:10B58000704780F84C107047014691F84D007047A5
:10B5900070B504461CB9F4F74BFE00BFFEE7A06B84
:10B5A00008B9012000E000200546284670BD70B5AE
:10B5B00004461CB9F4F73CFE00BFFEE7A06BE16B4C
:10B5C000884201D1012000E000200546284670BDD8
:10B5D000024600200BE0164B53F8303033B9144BC1
:10B5E00043F8301003EBC0035A6002E0401C082807
:10B5F000F1D300BF704770B504460D4600F063FA02
:10B60000606C401C08B900206064A06C401C08B944
:10B610000020A06400F060FAA06B20B9294604F174
:10B62000240001F08DF82046FFF7B9FC70BD000042
:10B63000880700202DE9F04104460D4616461F46B6
:10B640004FF0000865602461B5420CD8F01BA16979
:10B65000884202D34FF0010811E0211DF048006834
:10B66000FFF706FC0BE0BE4204D2BD4202D34FF00E
:10B67000010804E0211DEB480068FFF7F9FB404694
:10B68000BDE8F0812DE9FE4305460E4617461C46EF
:10B69000DDF828804FF00009E348006808B3009601
:10B6A00001970295ACB901F0F2F8012808D1002306
:10B6B00042466946DC480068FFF7F4FC814610E02A
:10B6C00000231A466946D8480068FFF7EBFC81461C
:10B6D00007E0002322466946D3480068FFF792FE40
:10B6E00081464846BDE8FE832DE9F84381462BE0BC
:10B6F000CC480068C0680568CA480068C068C4686B
:10B70000201DFFF7CFFB2046616A8847E0690128CA
:10B710001AD1A0694619AE4207D966602461211D7D
:10B72000C0480068FFF7A4FB0EE0002003462A464D
:10B73000014600902046FFF7A5FF07461FB9F4F722
:10B7400077FD00BFFEE700BFB6480068006808B993
:10B75000012000E000200028CAD0B248D0F80080C4
:10B76000AF480068AF490860AD48C0F80080BDE848
:10B77000F88370B5044600F009FF0546AB48006841
:10B78000854206D2A9480068FFF7AEFF012020607D
:10B7900001E000202060A5480560284670BD70B516
:10B7A00086B002A8FFF7E5FF064650E0059C44B1CD
:10B7B000606908B9012000E0002010B9201DFFF7E2
:10B7C00071FB039830B1012826D0022825D0032828
:10B7D0003BD136E00498A2698118034632462046E0
:10B7E000FFF728FF012816D12046616A8847E069E3
:10B7F000012810D1002000900498A169421800236C
:10B8000019462046FFF73EFF05461DB9F4F710FD27
:10B8100000BFFEE700BF19E018E00498A061A0692E
:10B8200008B1012000E0002018B9F4F701FD00BFC5
:10B83000FEE7A0698119334632462046FFF7FAFE3B
:10B8400004E0204600F0CDF900E000BF00BF002377
:10B850001A4603A974480068FFF705FD0028A5D122
:10B8600006B070BDF8B505460F466E480068C06862
:10B87000C468201DFFF716FBE069012817D1A069F5
:10B8800041192B463A462046FFF7D4FE01280ED137
:10B89000002003462A46014600902046FFF7F2FEAC
:10B8A00006461EB9F4F7C4FC00BFFEE700BF204601
:10B8B000616A8847F8BDF8B504460E4600F014FCEE
:10B8C0006846FFF756FF05460098A0B946B9AC4256
:10B8D00006D800F059FB29462046FFF7C3FF0CE0CD
:10B8E000611B51480068FFF786FE00F04DFB20B950
:10B8F00000F0E3F801E000F047FBF8BD0146494ADB
:10B90000126812680AB9012200E000220A600A687F
:10B9100022B9444A1268D268106800E000207047DB
:10B9200008B500BF6846FFF7E9FF044620460099C6
:10B93000FFF7C1FFFFF733FFF4E710B500F0C3F8DE
:10B940003948006890B93A48FFF774FA3948FFF768
:10B9500071FA374833490860364831490860002297
:10B960000C210A20FFF7EDFA2F49086000F0B4F827
:10B9700010BD1FB50024FFF7E0FF2B48006868B139
:10B9800000200223CDE90030029003464FF40072FC
:10B9900029A103902A4800F0B2F904461CB9F4F733
:10B9A00047FC00BFFEE7204604B010BD2DE9F0477C
:10B9B00006460D4617469846DDF820904DB90024FE
:10B9C0000DB1012000E00020A0B9F4F731FC00BF68
:10B9D000FEE7282000F0A4F804465CB1FFF7ADFFB5
:10B9E0002660A561E761C4F82080C4F82490201D7A
:10B9F000FFF72DFA2046BDE8F08770B504462646CD
:10BA000000F061F8706908B1012000E000200546EF
:10BA100000F062F8284670BD01460A46106A704779
:10BA2000FC030020F8030020000400200404002090
:10BA3000C8070020DC070020546D72205376630095
:10BA400021B90008001F4FF080730360001F0160E0
:10BA5000001F0023036014380260001FDB1E036018
:10BA6000203870472A48006842F21071B0FBF1F0AC
:10BA7000401E4FF0E021486107200861704710B573
:10BA80002448006840F47C002249086008460068A9
:10BA900040F07C400860FFF7E5FF00201E49086089
:10BAA000F4F794FB1D48006840F040401B490860D3
:10BAB000F4F782FB002010BD70474FF0805015490D
:10BAC0001C390860704710B5F4F7B2FB12480068E3
:10BAD000401C1149086010BD10B50F480068401E99
:10BAE0000D4908600846006810B90020F4F7A7FB6C
:10BAF00010BD10B54FF0805006491C390860F4F7AE
:10BB000097FB00F0C2F90020F4F799FB10BD00008C
:10BB1000D403002020ED00E00804002034EF00E012
:10BB20002DE9F04104464FF0000800F0DDFA3D48F1
:10BB3000006898B93C493D4A1160002151604FF4BA
:10BB400020513B4A51600021116037484FF4205189
:10BB500041601146016001203249086044B110344F
:10BB600004F0070020B104F00700C0F1080004440D
:10BB7000002C31D0B4F5205F2ED22C4F384605680A
:10BB800001E02F462D686868A04202D2286800288C
:10BB9000F7D1274885421FD0386800F1100828687F
:10BBA00038606868001B202810D92E196868001BAF
:10BBB00070606C6071681D4800E00068026852683F
:10BBC0008A42FAD302683260066000BF1949686889
:10BBD0000968081A1749086000F0D6F94046BDE820
:10BBE000F08170B506463546B6B1103D2C4600F0E2
:10BBF0007BFA61680D4800E00068026852688A427A
:10BC0000FAD30268226004600A496068096808443F
:10BC10000849086000F0B8F970BD06480068704730
:10BC20007047000020040020F00700200C040020D2
:10BC3000140400201C04002010B5002407E004EBCD
:10BC40008401FE4A02EB8100FFF7F4F8641C052C26
:10BC5000F5D3FB48FFF7EEF8FA48FFF7EBF8FA48A0
:10BC6000FFF7E8F8F948FFF7E5F8F948FFF7E2F8D9
:10BC7000F348F8490860F348F749086010BD2DE91A
:10BC8000F04104460E4615469846069F0A22314664
:10BC900004F1340000F0D2FE00213D200155052DB5
:10BCA00000D30425E562A564201DFFF7D0F804F158
:10BCB0001800FFF7CCF82461C5F10500A0616462AB
:10BCC000BDE8F08170B505460E464C20FFF728FF11
:10BCD000044694B11EB9A800FFF722FF00E03046E9
:10BCE0002063206B20B92046FFF77BFF002404E08F
:10BCF000A900A522206B00F083FE204670BD2DE92F
:10BD0000FF4F81B0804616469A46DDE90E5BB8F1DA
:10BD1000000F03D1F4F78CFA00BFFEE7052D01D226
:10BD2000012000E0002018B9F4F782FA00BFFEE716
:10BD300030461099FFF7C6FF0446002C64D0701EF1
:10BD4000216B01EB800929F0070909F0070008B908
:10BD5000012000E0002018B9F4F76AFA00BFFEE7FE
:10BD600000962A462046119B0299FFF788FF52460B
:10BD700041464846FFF766FE2060BBF1000F01D048
:10BD8000CBF80040FFF79FFEB4480068401CB34961
:10BD90000860B348006840B9B148046008460068CC
:10BDA00001280CD1FFF748FF09E0AE48006830B920
:10BDB000AB480068C06AA84201D8A9480460AA49F3
:10BDC000E06A0968884202D9A749E06A0860A74882
:10BDD00000682064A5480068401CA4490860A44984
:10BDE000E06A0968884202D9A149E06A0860E16A0C
:10BDF00001EB8101914A02EB8100211DFFF72AF836
:10BE00000127FFF769FE01E04FF0FF37012F09D14D
:10BE10009448006830B192480068C06AA84201D2D4
:10BE2000FFF74BFE384605B0BDE8F08F70B504460D
:10BE3000FFF749FE8A480068844200D1002414B903
:10BE40008748006800E020460546281DFFF72AF8CD
:10BE5000A86A18B105F11800FFF724F8291D7B48DE
:10BE6000FEF7F8FF83480068401C824908607F485D
:10BE70000068401C7D490860FFF72EFE7948006885
:10BE800010B10CB9FFF719FE70BD70B57A480068A3
:10BE9000002873D179480068401C7849086008463A
:10BEA000006868BB6B480068006808B9012000E0C2
:10BEB000002018B9F4F7BCF900BFFEE76548056833
:10BEC0006548006863490860634805606C4800681D
:10BED000401C6B4908605F480068006808B9012091
:10BEE00000E0002020B14FF0FF306649086006E016
:10BEF00058480068C068C46862496068086000BF4C
:10BF00005E4800685F490968884236D300BF5148DF
:10BF10000068006808B9012000E0002020B14FF05F
:10BF2000FF305849086027E04A480068C068C46884
:10BF3000656852480068A84202D2524805601BE07A
:10BF4000201DFEF7AFFFA06A18B104F11800FEF73C
:10BF5000A9FF4749E06A0968884202D94449E06A72
:10BF60000860E16A01EB8101344A02EB8100211D86
:10BF7000FEF770FFCBE701E000BF04E04248006835
:10BF8000401C4149086070BD70B500253A48006802
:10BF900018B9F4F74DF900BFFEE7FFF794FD3648F6
:10BFA0000068401E3449086008460068002878D1BF
:10BFB0002A480068002874D0002621E02248C06882
:10BFC000C46804F11800FEF76DFF201DFEF76AFF3C
:10BFD0002749E06A0968884202D92549E06A086071
:10BFE000E16A01EB8101154A02EB8100211DFEF798
:10BFF00031FF1B49E06A0968C96A884200D30126FB
:10C000001148006808B9012000E000200028D5D0C0
:10C010001D48006860B106E0FFF737FF1A48006866
:10C02000401E19490860184800680028F4D101260C
:10C03000012E2FD01548006801282AE0F02F00209B
:10C0400054300020683000207C30002090300020E8
:10C05000A4300020280400202C04002034040020F8
:10C0600024040020440400203C0400205804002044
:10C070004004002030040020480400203804002040
:10C08000540400205C0400204C04002050040020D4
:10C0900007E005D101250020F9490860FFF70DFDF3
:10C0A00000BFFFF719FD284670BD10B50446F548DE
:10C0B00000684460F4480068844207D2F14801688F
:10C0C000091DF2480068FEF7D3FE0CE0ED48016858
:10C0D000091DEF480068FEF7CBFEEE480068844279
:10C0E00001D2EC48046010BDEB480068401CEA49EE
:10C0F000086070472DE9F04104460E464FF00008F5
:10C100001CB9F4F795F800BFFEE70EB1012000E07E
:10C11000002018B9F4F78CF800BFFEE7FFF7E4FF42
:10C1200020688519D84920680968884209D920689B
:10C13000A8420FD9D448006885420BD94FF00108B6
:10C1400008E02068A84203D8CF480068854201D99A
:10C150004FF001082560B8F1000F07D0C94800680A
:10C16000001DFEF79FFE2846FFF79FFFFFF70CFF1D
:10C1700007460FB9FFF7A1FCBDE8F08170B5044692
:10C1800000267CB1FFF7B0FFBF4800680519BD4825
:10C190000068001DFEF786FE2846FFF786FFFFF7C2
:10C1A000F3FE06460EB9FFF788FC70BD70B5044675
:10C1B000FFF789FC14B9B348006800E02046064642
:10C1C000F56AFFF789FC284670BD2DE9F047064661
:10C1D0000D464FF00009052D01D2012000E000209E
:10C1E00018B9F4F725F800BFFEE7052D00D30425A4
:10C1F000FFF769FCA3480068864200D1002616B903
:10C20000A048006800E030460446A76CAF4234D036
:10C21000BD4203D92EB14FF0010902E00EB94FF033
:10C220000109D4F82C80E16AA06C884200D1E56253
:10C23000A564C5F10500A06107EB8701974A02EBF1
:10C2400081016069884213D1201DFEF72BFE9449BD
:10C25000E06A0968884202D99149E06A0860E16AA7
:10C2600001EB81018D4A02EB8100211DFEF7F2FDF9
:10C27000B9F1010F01D1FFF720FCFFF72DFCBDE85C
:10C28000F08710B58448006818B101207C49086027
:10C290002CE00BE08248006818B9F3F7C9FF00BF33
:10C2A000FEE77F480068401E7D4908607C480068C2
:10C2B00000EB8000794951F820000028EAD0784945
:10C2C000096801EB8101754A02EB81004168496808
:10C2D000416000F1080142688A4202D14168496820
:10C2E00041604168C968674A116000BF10BD70B500
:10C2F0000446FFF7E8FB63480068844200D100244D
:10C3000014B96048006800E020460546281DFEF785
:10C31000C9FDA86A18B105F11800FEF7C3FD291D73
:10C320006048FEF797FDFFF7D7FB8CB95E480068C1
:10C3300010B1FFF7C2FB0BE05A4800685B4909687F
:10C34000884203D100204F49086001E0FFF799FFC0
:10C3500070BD70B5054600262C461DB9F3F768FF81
:10C3600000BFFEE74F496069884201D1012000E02B
:10C37000002080B14E49A06A884201D1012000E02E
:10C380000020012807D0A06A08B9012000E00020A1
:10C39000012800D10126304670BD70B505461DB993
:10C3A000F3F746FF00BFFEE72C4644B3354800686C
:10C3B000844224D0FFF787FB2046FFF7CAFF0128FD
:10C3C0001BD1201DFEF76EFD3549E06A09688842E1
:10C3D00002D93349E06A0860E16A01EB81012F4A22
:10C3E00002EB8100211DFEF735FD2649E06A096850
:10C3F000C96A884201D3FFF760FBFFF76DFB70BD90
:10C400002DE9F041054600261DB9F3F711FF00BFE5
:10C41000FEE72C46F3F70CFF07462046FFF799FF8F
:10C42000012826D11C480068F0B91649E06A09685D
:10C43000C96A884201D3012000E000200646201D81
:10C44000FEF730FD1649E06A0968884202D91449AE
:10C45000E06A0860E16A01EB8101104A02EB8100A9
:10C46000211DFEF7F7FC04E004F118011048FEF767
:10C47000F1FC3846F3F7E3FE3046BDE8F0810000FA
:10C480005004002024040020380400202C04002044
:10C49000280400205C04002048040020F02F002025
:10C4A00040040020A4300020440400203404002074
:10C4B0007C30002010B50446206BFFF792FB20462D
:10C4C000FFF78FFB10BD70B523E0FFF70DFEFD48B1
:10C4D000006808B9012000E000200546FFF754FD80
:10C4E000BDB9FFF7F0FAF748C068C468201DFEF731
:10C4F000D9FCF5480068401EF3490860F34800681D
:10C50000401EF2490860FFF7E7FA2046FFF7D2FF26
:10C5100000BFEE4800680028D7D170BD00BFFFF70C
:10C52000D2FFEB4800680128F9D9FFF7C6FAF6E711
:10C530001FB5002000900190029003464FF48072D6
:10C54000E4A10390E548FFF7DAFB0446012C02D191
:10C55000FFF70FFA0446012C09D1F3F769FE012019
:10C56000DF4908600020DF490860FFF788FA1CB93E
:10C57000F3F75EFE00BFFEE71FBD10B5F3F758FEF0
:10C580000020D7490860FFF797FA10BD10B5FFF7F4
:10C590009AFAD4480468FFF79FFA204610BD70B598
:10C5A000F3F746FE0546CF4804682846F3F747FEF2
:10C5B000204670BDC448006870470146002002E074
:10C5C000491C421C90B20A78A52AF9D0800870470D
:10C5D0002DE9FE4381460C461646204641684968CF
:10C5E000416000F1080142688A4202D1416849680D
:10C5F00041604168CF6800BF20464168496841609A
:10C6000000F1080142688A4202D1416849684160EC
:10C610004168CD68286BFFF7D0FF8046286CE96A37
:10C62000334605F13402CDE900180290AEA1B348BB
:10C6300000F028FEB149484600F0F4F9BD42DBD1D4
:10C64000BDE8FE8370B50546FFF74EFD002028705B
:10C65000ABA1284600F0E6F9AA480068441C00BFD8
:10C66000641E04EB84009A4951F8200008B90120A7
:10C6700000E0002040B904EB8400954A02EB800101
:10C6800052222846FFF7A4FF002CE9D19E480068FB
:10C69000006808B9012000E0002028B942229A4829
:10C6A00001682846FFF794FF98480068006808B9B9
:10C6B000012000E0002028B9422294480168284661
:10C6C000FFF786FF7F48006808B9012000E00020DE
:10C6D00020B944227B492846FFF77AFF8C4800683E
:10C6E00008B9012000E0002020B9532288492846DB
:10C6F000FFF76EFFFFF748FC70BD70B505460C46AE
:10C700001DB9F3F795FD00BFFEE7824801681831B7
:10C710002846FEF7ADFB7F480068001DFEF7C2FB10
:10C72000601C30B97B480168091D7948FEF792FB0F
:10C7300005E06C48006806193046FFF7B6FC70BD8E
:10C7400070B504460D461CB9F3F772FD00BFFEE755
:10C750007048016818312046FEF77CFB6D48006880
:10C76000001DFEF79FFB5F48006846193046FFF743
:10C770009CFC70BD70B50646F068C4681CB9F3F740
:10C7800057FD00BFFEE704F11800FEF78BFB62487F
:10C790000068A0B9201DFEF785FB6049E06A0968C2
:10C7A000884202D95D49E06A0860E16A01EB8101D3
:10C7B000474A02EB8100211DFEF74CFB04E004F127
:10C7C00018015748FEF746FB5249E06A0968C96AF2
:10C7D000884201D3012500E00025284670BD10B530
:10C7E00004461CB9F3F724FD00BFFEE74D4800687E
:10C7F00020603C480068606010BD70B504460D467E
:10C800001CB9F3F715FD00BFFEE71DB9F3F710FDE6
:10C8100000BFFEE7FFF757F92868401C08B900265B
:10C820001FE0404920680968884206D02D496068A9
:10C830000968884201D8012613E02A49606809681E
:10C84000081A296888420BD22868264A616812684B
:10C85000511A401A28602046FFF7C1FF002600E069
:10C860000126FFF739F9304670BD01202E490860D6
:10C870007047014611B10A46506C00E00020704735
:10C8800008B102465164704722490868704714494C
:10C89000096809B9002005E01F49096809B90120A4
:10C8A00000E00220704770B505462C464DB119498D
:10C8B000E06A0968C96A884265D216480068C06A99
:10C8C00034E060E090300020340400203004002088
:10C8D000F02F002049444C45000000001DC5000811
:10C8E0004404002038040020257309092563092524
:10C8F000750925750925750D0A000000B83000205E
:10C900000D0A00003C040020280400202C04002014
:10C91000A43000202404002048040020400400200B
:10C920007C3000205404002050040020C0F1050099
:10C93000A061E16A01EB8101254A02EB8101606996
:10C94000884201D1012000E00020C0B1201DFEF787
:10C95000A9FA20480068C06AE0621F49E06A0968D5
:10C96000884202D91C49E06A0860E16A01EB810152
:10C97000174A02EB8100211DFEF76CFA03E015480F
:10C980000068C06AE06270BD70B505462C46EDB126
:10C99000A16CE06A884219D0201DFEF783FAA06CD2
:10C9A000E062E06AC0F10500A0610B49E06A096835
:10C9B000884202D90849E06A0860E16A01EB810116
:10C9C000034A02EB8100211DFEF744FA70BD00000E
:10C9D000F02F0020240400204004002040EA01033E
:10C9E0009B0703D009E008C9121F08C0042AFAD225
:10C9F00003E011F8013B00F8013B521EF9D27047E9
:10CA0000D2B201E000F8012B491EFBD27047002290
:10CA1000F6E710B513460A4604461946FFF7F0FF3D
:10CA2000204610BD421E12F8013F002BFBD111F829
:10CA3000013B02F8013B002BF9D1704710B50446C9
:10CA400004E00B7800F8013B03B1491C521EF8D2F8
:10CA5000204610BD421C10F8011B0029FBD1801A92
:10CA6000704710B5002200E0521C835C8C5CA3422E
:10CA700001D1002BF8D1D8B2E1B2401A10BD2DE996
:10CA8000FE4F804681EA0300C00F0C46009021F063
:10CA9000004123F00045B8EB0200A94105D2404611
:10CAA000214690461C460B46024623F000401043A8
:10CAB00047D0270DC7F30A00C3F30A510290401A6A
:10CAC000019040286BDAC3F3130040F4801B0098F8
:10CAD000924620B10023D2EB030A63EB0B0B0198C3
:10CAE0005946C0F14002504600F0E1F906460D46B5
:10CAF00050465946019A00F0F9F910EB08006141DF
:10CB0000002487EA115284EAE7731A4340D0009A5E
:10CB100062B3019A012A4FEA075215DC001B61EB50
:10CB200002014FF0004202EA0752CDE90042001C28
:10CB300041F5801132462B4600F030FA03B0BDE8D3
:10CB4000F08F40462146F9E7001B61EB0201001C13
:10CB500041F5801300185B412018A2F5001747EB40
:10CB6000030140EAD570B6196D4111E06D084FEA36
:10CB7000360645EAC0754FEA0752001B61EB020119
:10CB8000001C41F5801149084FEA3000001951415D
:10CB900032462B4603B0BDE8F04F00F0F0B90098E4
:10CBA000012240000023D0EB020263EBE073009807
:10CBB00021464FEAE074B8EB000061EB0401E9E7BD
:10CBC00083F000435BE781F0004158E72DE9FE4F19
:10CBD00081EA030404F0004421F0004100944FF086
:10CBE000000B23F0004350EA01045ED052EA030434
:10CBF0005BD0C3F30A54C1F30A552C44A4F2F334B6
:10CC00000194A0FB0254C1F3130141F48011C3F35A
:10CC1000130343F4801301FB024400FB034E840A18
:10CC2000970A44EA815447EA8357A4FB07680295B0
:10CC30008D0A05FB07854FEA932C04FB0C5427054E
:10CC4000029D4FEA065847EA1637B5EB08056EEB2A
:10CC5000070C870E920E47EA811742EA8312A7FB60
:10CC60000201B6EB0B0164EB00042B0D43EA0C331D
:10CC70005E1844EB1C50DA465146E7FB0201C5F34F
:10CC800013044FEA0B3343EA14534FEA0432019C76
:10CC900043EA0603A4F10C040294009CCDE900B41D
:10CCA00000F07CF903B0BDE8F08F00200146F9E701
:10CCB0002DE9F04D81EA030404F0004B21F000451A
:10CCC00014464FF0000A23F0004150EA050220D03C
:10CCD00054EA01021DD0C5F30A570246C5F31303F7
:10CCE000C1F31300C1F30A5640F4801543F48013D6
:10CCF000A7EB0608101BD64608F2FD3873EB0500BB
:10CD000002D308F1010801E092185B41B8F1000F6D
:10CD100003DA00200146BDE8F08D00204FF48011B9
:10CD2000064684460EE0171B73EB050705D3121B5E
:10CD300063EB050306434CEA010C49084FEA300057
:10CD400092185B4150EA0107EDD152EA030012D07C
:10CD500082EA040083EA0501084305D0101BAB41B9
:10CD600006D20122002306E000224FF0004302E039
:10CD70006FF0010253101AEB06004CEB085110EB58
:10CD80000A0041EB0B01BDE8F04D00F0F8B80EB51C
:10CD9000C10F80EAE0700844CA07002140F2334323
:10CDA0008DE80E000A460B4600F0F8F803B000BD0F
:10CDB00070B5C1F30A5201F000450024C1F313011C
:10CDC00040F2FF3341F480119A4201DA002070BD35
:10CDD00040F233439A42A2F2334203DC524200F063
:10CDE00075F800E090402C43F1D0404270BD00F057
:10CDF000004230F000400AD0C10D01F56071C0F36F
:10CE0000160042EA0151C208400711437047002052
:10CE10000146704701F0004330B421F0004150EA70
:10CE2000010206D00A0DA2F56072C1F31301002AB7
:10CE300002DC30BC00207047440F44EAC104C1004A
:10CE4000E01830BC00EBC25000F062B82DE9F05F92
:10CE50000546002092469B46884606468146402469
:10CE60001BE0284641464746224600F02FF853462D
:10CE70005A46C01A914110D311461846224600F076
:10CE800016F82D1A67EB01084F46224601200021B3
:10CE900000F00DF817EB00094E41201EA4F101042B
:10CEA000DFDC484631462A464346BDE8F09F202A4B
:10CEB00004DB203A00FA02F1002070479140C2F1F1
:10CEC000200320FA03F3194390407047202A04DB23
:10CED000203A21FA02F00021704721FA02F3D040F3
:10CEE000C2F120029140084319467047202A06DB10
:10CEF000CB17203A41FA02F043EAE07306E041FA28
:10CF000002F3D040C2F12002914008431946704715
:10CF10000029A8BF7047401C490008BF20F001004D
:10CF2000704710B4B0FA80FC00FA0CF050EA01042B
:10CF300004BF10BC704749B1CCF1200421FA04F4BD
:10CF400011FA0CF118BF012121430843A3EB0C0196
:10CF5000CB1D4FEA00614FEA102042BF002010BCF9
:10CF6000704700EBC35010440029A4BF10BC7047A9
:10CF7000401C490008BF20F0010010BC704710B5EC
:10CF8000141E73F1000408DA401C41F100019218EC
:10CF90005B411A4301D120F0010010BD2DE9F04D95
:10CFA00092469B4611B1B1FA81F202E0B0FA80F2EA
:10CFB00020329046FFF77BFF04460F4640EA0A0006
:10CFC00041EA0B0153465A46084313D0114653EA2F
:10CFD000010019D0C8F140025046FFF777FF05461F
:10CFE0000E46504659464246FFF761FF084305D0BA
:10CFF000012004E020463946BDE8F08D00200543BD
:10D0000046EAE0762C4337430A986305E40AA0EB2E
:10D0100008000022FD0A44EA47540A3002D50020E5
:10D020000146E9E7010510196941DDE908450019E4
:10D030006941BDE8F04DA2E770B521F0004303431C
:10D040000CD0C1F30A550024D5EB040564EB0403AE
:10D05000D617AD1AB34102DB0020014670BD20187F
:10D0600041EB025170BD2DE9F04D00231A461B1A09
:10D070008A4103DB00200146BDE8F08DC1F30A526E
:10D08000C1F3130141F480154FF0000BD10702D119
:10D0900000186D41521E0027044640F2FF11384629
:10D0A00001EB620A3E468046024600204FF48011A2
:10D0B000FFF70CFFC2197141BB1846EB0100B4EB3E
:10D0C000030C75EB000C04D3E41A65EB000517465E
:10D0D0000E46241908F101006D4180463428E3DD35
:10D0E000F91946EB0600091BA84103D24FF0FF32A5
:10D0F000134601E0002213461BEB070046EB0A51E2
:10D10000BDE8F04DFFF73BBF2DE9FE4FC3F30A57D3
:10D1100001F000450024C1F30A56C3F31303C1F321
:10D12000130143F4801312EB020AA64641F4801166
:10D13000009543EB030CA7F1010B16E0B0EB0A00DE
:10D1400061EB0C01071E71F1000707DA4FF00008D0
:10D15000D0EB080085F0004568EB0101171A73EB6E
:10D160000107EBD3761E001849415E45F6DA50EA16
:10D17000010209D0CDE900E5002213460296FFF72F
:10D180000DFF03B0BDE8F08F20460099F9E70000DD
:10D1900030B5041E71F1000404DB4FF0004440423E
:10D1A00064EB0101141E73F1000405DB1C464FF013
:10D1B0000043524263EB0403994208BF904230BDE2
:10D1C000064C074D06E0E06840F0010394E80700D4
:10D1D00098471034AC42F6D3F2F7DAFF60F7000854
:10D1E00080F700080EB540F2334102910021CDE9ED
:10D1F00000110A460B46FFF7D1FE03B000BD70B523
:10D200008C1810F8015B15F0070301D110F8013BF1
:10D210002A1106D110F8012B03E010F8016B01F878
:10D22000016B5B1EF9D12B0705D40023521E0DD4D0
:10D2300001F8013BFAE710F8013BCB1A921C03E01E
:10D2400013F8015B01F8015B521EF9D5A142D8D356
:10D25000002070BD0FB41CB50246002007AC0029A9
:10D260000BD0491ECDE90021054B6A4621460698A0
:10D2700001F002FF009A002111701CBC5DF814FB44
:10D28000DBF400080FB4084B10B504A902AA0398F8
:10D2900001F0F2FE044602A9002002F029F920461E
:10D2A00010BC5DF814FB0000F1F4000803B4019811
:10D2B0004100009850EAC12018BF04204A0D18BF51
:10D2C00040F0010040F2FF72B2EB515F08BF40F046
:10D2D0000200012808BF052002B070474100080283
:10D2E00018BF04200A0E18BF40F001004FF07F4223
:10D2F00032EA010108BF40F00200012808BF052002
:10D300007047000010EE100A10B510EE901A4FF0A2
:10D31000684202EB40032DED028BB3F1654F3CBF39
:10D3200002EB4102B2F1654F7CD200BFC0F3C7539C
:10D33000C1F3C7529A1A1B2A09DD10F0004F14BF1F
:10D340009FED6E0A9FED6E0ABDEC028B10BD12F1CF
:10D350001A0F1BDA11F0004F09D010F0004F0CBF6C
:10D360009FED680A9FED680ABDEC028B10BD80EE50
:10D37000208A18EE100AFFF7B1FF042808BF01F059
:10D380005DFEB0EE480ABDEC028B10BD4200B2EB70
:10D39000410F37D910F0004F19BFDFED5C1A9FED38
:10D3A0005C1ADFED5C1A9FED5C1AB0EE602A0A464B
:10D3B000F1EE400A80F00041B0EE420A10460A1A2F
:10D3C0005200B2F1807F34D2484010F0004FDFEDC0
:10D3D000532A9FED533A1DBFBEEE002A71EEE21AAA
:10D3E00031EE431AB6EE002A04BF71EEA21A31EEF6
:10D3F000031AF0EE402A42EE602A40EE020A82EE64
:10D40000A02A18E011F0004F04BF9FED461AF0EE7D
:10D41000411AD4D010F0004F1CBFDFED431A9FED2E
:10D42000431A00E026E004BFDFED411A9FED411AE8
:10D43000C5E780EE202A22EE020ADFED3F0ADFED8B
:10D440003F2ABDEC028B40EE202ADFED3D0A40EE84
:10D45000220ADFED3C2A40EE202ADFED3B0A40EEB7
:10D46000220A22EE000A00EE201A31EE020A30EE05
:10D47000210A10BD4FF07F42B2EB400F28BFB2EB44
:10D48000410F05D2BDEC028BBDE8104001F0CBBDD1
:10D4900040EA01035B0008BF41F0FF410BD0B2EB53
:10D4A000400F08BFB2EB410F08D120F0804000EEE2
:10D4B000100A21F0804100EE901A37E7B2EB400FDE
:10D4C00012BF5FEA410240F0FF4001F000413FF42B
:10D4D0002DAF4A0092EA40033FF528AF002AACBFC7
:10D4E0009FED1A1A9FED1A1A20EE010A60EE810ACA
:10D4F00010EE100A10EE901A18E70000DB0FC9BFFB
:10D50000DB0FC93FDB0F4940DB0F49C00000C9BF3B
:10D5100022AAFDB90000C93F22AAFD390060ED3EF4
:10D52000C30ACE3700000000000049C022AA7DBA1D
:10D530000000494022AA7D3A2DAD65BD8FB8D53D8A
:10D540000FB511BE61C84C3EA8AAAABE0000804F0C
:10D550000000802F0000000010B52F499FED2C1B0C
:10D560002DED020B84B0059820F000408842D8BF12
:10D570009DED040B2DDD2949884209D1049840B95D
:10D580004FF0010001F072FD01F01AFD06B010BD70
:10D5900005DB9DED040B01F0FFFC06B010BD6846F5
:10D5A0009DED040B01F0F8F810F0030004BF9DEDB1
:10D5B000021B9DED000B0CD001280ED09DED021B2F
:10D5C0009DED000B022817D0012001F035FC06B0BC
:10D5D00010BD01F0FDFA06B010BD9DED021B9DEDE2
:10D5E000000B012001F028FC51EC100B81F00041F0
:10D5F00006B041EC100B10BD01F0EAFA51EC100B33
:10D6000081F0004106B041EC100B10BD000000009D
:10D610000000000000000000FB21E93F0000F07F57
:10D6200010B510EE104A4FF019406849002200EB87
:10D6300044002DED028B884257D8DFED650A14F0C7
:10D64000004F60EE200A14BFBEEE001AB6EE001ABC
:10D6500071EE200AFDEEE00A10EE900A00EE900A4C
:10D66000F8EEE00A9FED5B1A00EEC10A9FED5A1A30
:10D6700000EEC10ADFED590A9FED591A00EE201A9B
:10D68000DFED580A40EE010A9FED571A574B00F0A4
:10D69000030100EE201A21EE000A7B4403EB810314
:10D6A000D3ED000A524B7B4403EB810393ED001A48
:10D6B000504B41EE000A7B4403EB8101801091ED59
:10D6C000000A70EE800AEABB00EE100AB8EEC01A3B
:10D6D000DFED491A9FED490ABDEC028B01EE210AEC
:10D6E000BCEEC00A20EE200A10BD4FF0FF40A04360
:10D6F0001BD04FF0CE40B0EB440F82BFB7EE000A14
:10D70000BDEC028B10BD3E48B0EB440F28BF012298
:10D7100093D2022001F0AAFC14F0004F15D0BDEC0A
:10D72000028BBDE8104001F089BC14F5000F02BF68
:10D730009FED340ABDEC028B10BDBDEC028BBDE841
:10D74000104000E007E001F06BBCBDEC028BBDE8CF
:10D75000104001F06BBC00EBD07359104FF07E52BB
:10D7600002EBC15100EE101AA0EB630002EBC050B7
:10D7700060EE200A00EE100A20EE208A18EE100A51
:10D7800088B118EE100AB0F1FF4F15D018EE100A4C
:10D79000FFF7A4FD042808BF01F050FCB0EE480AD2
:10D7A000BDEC028B10BD022001F060FCBDEC028BD1
:10D7B000BDE8104001F042BC022001F057FCBDEC76
:10D7C000028BBDE8104001F031BC00000000501E8B
:10D7D0003BAAB8400070313EF4FD053712BB2A3D2C
:10D7E00012BB2A3EFFFFFF3EFFFF7F3FAA1F000044
:10D7F000AE1F00007E1F00000000004B00007E4EA8
:10D800000000A085000000002DED020B019820F023
:10D81000004001909DED000B02B0704710B52DED5A
:10D82000040B86B09DED060B10EE100A10EE901A58
:10D830008DED000B002818BF0120084320F00040A8
:10D84000C0F17F6000F1E040C00F21D19DED080BD9
:10D8500010EE101A10EE900A8DED000B002918BF83
:10D860000121084320F00040C0F17F6000F1E0405A
:10D87000C00F0DD129490798B1EB400F04BF06989E
:10D88000002842D00998400004BF089800283CD0E6
:10D890009DED080B53EC102B9DED060B51EC100B7E
:10D8A000FFF732FCCDE902019DED020B40F2FF7162
:10D8B00010EE900A8DED000B31EA105021D0079840
:10D8C000039900F0004001F00041884219D09DED1D
:10D8D000080B8DED040B9DED020B8DED000B10EE92
:10D8E000900A059961F31E0005909DED041B9DEDC6
:10D8F000020B51EC110B53EC102BFFF764F9CDE93F
:10D9000002019DED020B0AB010BD012001F0AEFB3B
:10D910000AB0BDE8104001F053BB00000000E0FF7A
:10D920002DE9F04D2DED040B2DED0E8B96B0DDE9BC
:10D930002550279CDDF890A025F0004624F00048F3
:10D94000BAF1000F14BF0121002101EB4502FC498F
:10D9500053184A1093422AD3002814BF01230023EE
:10D9600003EB44030B44F7498B4220D358EA0001F0
:10D970009FEDF59B76D0DFF8D8B35D4503D1BAF1C2
:10D98000000F05D188E0BAF1000F08BF002100D0D8
:10D99000012101EB450111F5001F08D8002814BF33
:10D9A0000121002101EB440111F5001F0BD99DED70
:10D9B000261B9DED240B16B0BDEC0E8B04B0BDE80C
:10D9C000F04D01F0F3BA0027002DBCBFE1498845B6
:10D9D00021DAE1498845A8BF02271CDAC3451ADCD1
:10D9E000DE4901EB2851142908DDC1F1340220FA87
:10D9F00002F101FA02F282420DD108E058B9C1F1F8
:10DA0000140228FA02F101FA02F2424503D101F0B0
:10DA10000101C1F1020756EA0A0124D1002C22DAE1
:10DA2000002D18BF022F01D0012F0AD0022001F0D3
:10DA30001DFB16B0BDEC0E8B04B0BDE8F04D01F03F
:10DA400093BA022001F012FB01F08EFA51EC100B98
:10DA500081F0004141EC100B16B0BDEC0E8B04B010
:10DA6000BDE8F08D18E09FEDBEAB9FEDBF8B0028A9
:10DA700071D1B848804522D105F1804010F5801061
:10DA800008BFBAF1000F07D0B3450ADC002CA8BFCD
:10DA90009DED260BE0DA0DE0B0EE490AF0EE690AE2
:10DAA000DAE7002C06DA9DED260B51EC100B81F025
:10DAB00000416FE0AE48784490ED000BCCE7D845CC
:10DAC0004DD1002C48DA2EB186423AD1BAF1000F7E
:10DAD00042D126E0BAF1000F13D0022001F0C6FABD
:10DAE00001F07EFA8DED020B9DED240B8DED000B08
:10DAF00010EE900A039961F31E0003909DED020B56
:10DB0000AAE78DED02AB9DED240B1AEE901A10EEF4
:10DB1000900A8DED000B61F31E0003909DED020B4A
:10DB20009AE78DED028B9DED240B18EE901A10EE06
:10DB3000900A8DED000B61F31E0003909DED020B2A
:10DB40008AE709DA9DED240B51EC190B53EC102BED
:10DB5000FFF7AEF81EE020E09DED240B7CE7864247
:10DB60001BDAB4F1804F0DD0A4F10050B0F1FF509A
:10DB700013D1002D11DB9DED240B51EC100B01F0A6
:10DB8000C8FC07E09DED240B53EC102B51EC100B5F
:10DB900000F0C2BC41EC100B5EE79DED240B51EC94
:10DBA000100B01F0AAFCBAF1000FCDE90E0142D131
:10DBB0009FED710B46B3A6F1E040B0F17F600CD051
:10DBC0005E4538D1002D00DAA7B3022F0CBF01202B
:10DBD0004FF0FF30FFF7DBF8DCE7002D01DD002C14
:10DBE0000DDA002D01DD002C1FDB002D16DA002CD4
:10DBF00014DB012F08BF9FED620B3FF42DAFB0EE99
:10DC00004A0AF0EE6A0A27E7022F18BF002D0CD04F
:10DC1000012F0AD1002DFFF61FAF06E0002DB8BF7F
:10DC2000002C08DA012F3FF417AFB0EE480AF0EEEF
:10DC3000680A11E71BE0012000EBE57050EA0701DC
:10DC400015D0791EB0EE498AF0EE698A084308BF04
:10DC50009FED4D8B4E480025804570DD4D494E4867
:10DC6000884514DDB0420DDB002C19DB2FE00120CC
:10DC700001F0FCF916B0BDEC0E8B04B0BDE8F04D20
:10DC800001F09EB9B34502DC002C09DC1FE086429E
:10DC900002DA002C1BDA03E05E452BDD002C16DDDA
:10DCA000022001F0E3F901F09BF98DED020B53EC3A
:10DCB0001A2B51EC180BFEF789FFCDE900010399EF
:10DCC000019861F31E0003909DED020BC4E6022053
:10DCD00001F0CCF901F094F910EE901A18EE900AC8
:10DCE0008DED020B8DED008B61F31E0003909DED19
:10DCF000020BB1E69DED0E0B53EC192B51EC100B02
:10DD0000FEF75EFF9FED260BCDE9080153EC102BCB
:10DD10009DED080B51EC100BFEF758FF9FED221BF9
:10DD200053EC112BFEF74FFF9DED081B53EC112B0D
:10DD3000FEF74CFF9FED1E1B53EC112B3CE08CE0DB
:10DD4000FFFF1F00FFFF0F00000000000000F03F7A
:10DD50000000F03F0000F07F0000404301FCFFFFA7
:10DD6000000000000000F07F000000000000000044
:10DD7000AE1B00000000000000000000000000805A
:10DD8000000000000000F0FF000000000000F0BFF5
:10DD90000000E0410000F043FFFFEF3F0000000003
:10DDA000000000000000D03F555555555555D53F52
:10DDB000000000000000E03FFEF705FF9DED080BAE
:10DDC00041EC1A0B53EC102B51EC100BFEF7FEFE3E
:10DDD00053EC1A2BFEF7FAFE41EC1A0B9FEDFE0BEB
:10DDE00053EC102B9DED080B51EC100BFEF7EEFEE3
:10DDF00041EC1B0B9FEDFA0B51EC1A0B53EC102B63
:10DE0000FEF7E4FE41EC1A0B9FEDF70B53EC102BE1
:10DE10009DED080B51EC100BFEF7D8FE53EC1A2BBE
:10DE2000FEF7CEFE41EC1A0B51EC1B0B53EC1A2BF8
:10DE3000FEF725FE0690CDE906519DED060B53EC4D
:10DE40001B2B51EC100BFEF7BBFE53EC1A2BFEF70D
:10DE5000BAFE41EC100B00F0A1B90020B6F5801F0E
:10DE60000EDA9FEDE30B53EC102B9DED0E0B51ECF6
:10DE7000100BFEF7ABFECDE90E016FF034000E463D
:10DE800000EB2650A0F2FF37C6F31300DA4940F04A
:10DE90007F6646F040568842D8BF002408DDD74947
:10DEA0008142C8BF012403DC0024A6F580167F1C34
:10DEB000D348784400EBC4000F9690ED00CB9DED65
:10DEC0000E0B53EC1C2B51EC100BFEF779FE9DED65
:10DED0000E0B41EC1B0B53EC1C2B51EC100BFEF703
:10DEE000CEFD41EC100B51EC190B53EC102BFEF74F
:10DEF000DFFE41EC1D0B51EC1B0B53EC1D2BFEF711
:10DF000065FE41EC1A0BBF488DED10AB78441095BF
:10DF100090ED000B4FF0005040EA660000EB8440AB
:10DF20008DED080B00F5002009909DED080B53ECDA
:10DF30001C2B51EC100BFEF743FE9DED0E1B53EC1A
:10DF4000112BFEF740FE41EC100B53EC102B9DED16
:10DF5000100B51EC100BFEF739FE9DED080B41EC58
:10DF60001C0B53EC102B9DED100B51EC100BFEF71E
:10DF70002DFE53EC1B2BFEF726FE53EC1C2BFEF75D
:10DF80001FFE53EC1D2BFEF721FE41EC1C0B53EC46
:10DF90001A2B51EC1A0BFEF719FE41EC1B0B9A4899
:10DFA0000621B0EE4B0AF0EE6B0A784400F0C8FE92
:10DFB000B0EE401AF0EE601AB0EE41DAF0EE61DA3F
:10DFC00053EC1B2B51EC1B0BFEF700FE53EC1D2BEF
:10DFD000FEF7FCFD9DED100B41EC1B0B53EC1A2BD7
:10DFE00051EC100BFEF74BFD53EC1C2BFEF7EEFD36
:10DFF00053EC1B2BFEF743FD9DED100B41EC1B0B6F
:10E0000053EC102B51EC100BFEF7E0FD41EC1D0B17
:10E010009FED7FEB53EC1E2BFEF731FD53EC1B2BDA
:10E02000FEF72DFD0890CDE908519DED080B53EC4E
:10E030001E2B51EC100BFEF7C3FD53EC1D2BFEF70E
:10E04000BFFD53EC1B2BFEF7BEFD9DED080B41EC15
:10E050001D0B53EC102B9DED100B51EC100BFEF72C
:10E06000B5FD41EC1B0B53EC1A2B51EC1D0BFEF7CD
:10E07000ADFD9DED080B41EC1A0B53EC102B51EC50
:10E080001C0BFEF7A3FD53EC1A2BFEF7F8FC41EC3A
:10E090001A0B51EC1B0B53EC1A2BFEF7F0FC0C90F7
:10E0A000CDE90C519DED0C0B53EC1B2B51EC100BDF
:10E0B000FEF786FD53EC1A2BFEF785FD41EC1B0B9A
:10E0C0009FED550B53EC102B9DED0C0B51EC100BF1
:10E0D000FEF77CFD41EC1A0B9FED510B51EC1B0B35
:10E0E00053EC102BFEF772FD41EC1B0B9FED4E0B1A
:10E0F00053EC102B9DED0C0B51EC100BFEF766FD55
:10E1000053EC1B2BFEF7BBFC41EC100B484878444A
:10E1100000EBC40090ED001B51EC100B53EC112BE5
:10E12000FEF7ADFC41EC1B0B3846FEF730FECDE9A7
:10E13000080153EC1B2B51EC1A0BFEF7A0FC41EC31
:10E14000100B3C48784400EBC40090ED00CB51EC40
:10E15000100B53EC1C2BFEF792FC9DED081B53ECAF
:10E16000112BFEF78CFC0690CDE906519DED080BB6
:10E1700053EC102B9DED060B51EC100BFEF720FD20
:10E1800053EC1C2BFEF71CFD53EC1A2BFEF718FD6D
:10E1900053EC1B2BFEF717FD41EC100B9DED261BDE
:10E1A00053EC102B8DED001B00959DED260B51ECD3
:10E1B000100BFEF70BFD9DED000B41EC1A0B53EC21
:10E1C000102B9DED260B51EC100BFEF7F9FC9DED8D
:10E1D000061B53EC112B2FE0000000604715F73FA2
:10E1E000FE822B654715F73F44DF5DF80BAE543ECA
:10E1F00000000000000040438E9803007AB60B0038
:10E20000CA160000581700000216000000000000A7
:10E210000000000000000840000000E009C7EE3FD9
:10E22000FD033ADC09C7EE3FF5015B14E02F3EBE6B
:10E230008E14000048140000FEF7C8FC53EC1A2BA3
:10E24000FEF71DFC9DED060B41EC1A0B53EC102B59
:10E250009DED000B51EC100BFEF7B8FCCDE90C0165
:10E260009DED0C0B51EC1A0B53EC102BFEF707FC39
:10E27000CDE902010C46AA498C422FDB611A084302
:10E2800018D19DED0C0B53EC102B9DED020B51ECB6
:10E29000100BFEF795FC41EC1B0B9FEDA30B51EC13
:10E2A0001A0B53EC102BFEF7EAFB53EC1B2BFEF77B
:10E2B0006FFF2DD2022000F0D9FE00F091FE10EE8B
:10E2C000901A18EE900A8DED020B8DED008B61F324
:10E2D0001E0003909DED020BFFF7BEBB944A24F095
:10E2E0000041914214D39349214408437FF4EFAC99
:10E2F0009DED0C0B53EC102B9DED020B51EC100B14
:10E30000FEF75EFC53EC1A2BFEF742FF7FF6DFAC04
:10E3100024F000408849894A002601EB20518242BE
:10E320002BDA481C4FF4801121FA00F02044844A73
:10E33000C0F30A517A44A1F2FF3192ED000B814AF9
:10E340008DED080BCA4020EA0202C0F3130040F42E
:10E350008010C1F1140120FA01F60992002CB8BF17
:10E3600076429DED080B53EC102B9DED0C0B51EC00
:10E37000100BFEF725FCCDE90C019DED0C0B51ECCB
:10E380001A0B53EC102BFEF77AFB9FED6F0B0890E6
:10E39000CDE9085153EC102B9DED080B51EC100BFF
:10E3A000FEF714FC41EC1B0B9FED690B53EC102B9B
:10E3B0009DED080B51EC100BFEF708FC9DED0C0BCE
:10E3C00041EC1C0B53EC102B9DED080B51EC100B8A
:10E3D000FEF7F6FB53EC1A2BFEF7F5FB9FED5E1BE9
:10E3E00053EC112BFEF7F2FB53EC1C2BFEF747FB13
:10E3F00041EC1A0B51EC1B0B53EC1A2BFEF73FFBB5
:10E40000CDE902019DED020B53EC1B2B51EC100BDF
:10E41000FEF7D6FB53EC1A2BFEF7D5FB9DED020B56
:10E4200041EC1A0B53EC102B51EC100BFEF7CEFB0A
:10E43000CDE908014A489DED080B0521784400F01C
:10E440007FFC9DED081B51EC100B53EC112BFEF7DC
:10E45000BDFB9DED021B53EC112BFEF7B4FBCDE988
:10E4600006019DED020B53EC1A2B51EC100BFEF73D
:10E47000ADFB53EC1A2BFEF702FB9FED3B0B41EC7F
:10E480001A0B53EC102B9DED060B51EC100BFEF705
:10E4900097FB9DED060B41EC1B0B53EC102B9DEDF8
:10E4A000020B51EC100BFEF791FB53EC1B2BFEF70C
:10E4B000FFFB53EC1A2BFEF783FB9DED021B53EC85
:10E4C000112BFEF77DFB53EC192BFEF77CFBCDE9FE
:10E4D000020101EB065001150029C8BF039015DCAD
:10E4E0009DED020B324651EC100BFEF7A5FDFEF739
:10E4F000DDFE042808BF00F083FD32469DED020BCF
:10E5000051EC100BFEF798FDCDE902019DED020BD9
:10E5100051EC180B53EC102BFEF758FBFFF73ABBEE
:10E520000000904000000000FE822B654715973CDC
:10E5300000CC904000346F3F01FCFFFF0000E03F43
:10E5400030130000FFFF0F0000000000432EE63FE5
:10E55000396CA80C615C20BEEF39FAFE422EE63F12
:10E56000A0110000000000000000000000000040BA
:10E5700010B52F499FED2C1B2DED020B84B0059893
:10E5800020F000408842DCBF00209DED040B32DD0E
:10E590002849884209D1049840B94FF0010000F0A1
:10E5A00065FD00F00DFD06B010BD05DB9DED040B13
:10E5B00000F0F2FC06B010BD68469DED040B00F0C3
:10E5C000EBF810F0030011D0012818D09DED021BCC
:10E5D0009DED000B02281AD000F0FAFA51EC100B56
:10E5E00081F0004106B041EC100B10BD9DED021B07
:10E5F0009DED000B012000F01FFC06B010BD9DED4D
:10E60000021B9DED000B00F0E3FA06B010BD0120E7
:10E6100000F012FC51EC100B81F0004106B041EC0F
:10E62000100B10BD00000000000000000000000002
:10E63000FB21E93F0000F07F00B52DED048BB0EE2B
:10E64000409AF0EE609A83B051EC190BFEF70BFD87
:10E6500041EC180B18EE100A18EE901A8DED008B95
:10E66000002818BF0120084320F00040C0F17F605F
:10E6700000F1E040C00F14D019EE101A19EE900A04
:10E680008DED009B002918BF0121084320F00040B8
:10E69000C0F17F6000F1E040C00F04BF012000F036
:10E6A000E5FCB0EE480A03B0F0EE680ABDEC048B5E
:10E6B00000BD000010B510EE104A2DED028B4FF09A
:10E6C0007F40B0EEC08AB0EB440F55D318EE101A5D
:10E6D0002C4A914220DD18EE101AB0EB410F1BD3EB
:10E6E00018EE101A284AF7EE008A914207DD18EE5C
:10E6F000101AB0EB410F28BFB0EE680A35D238EEE1
:10E70000080AFEF78DFF70EE280AB0EE001A81EEBF
:10E71000200A38EEC00A28E018EE101AB1F1665F40
:10E720000FDA18EE101AB0EB410F0AD318EE100AE8
:10E73000FEF7D4FD042808BF00F080FCB0EE480AC4
:10E7400013E028EE080ADFED110ADFED111A9FED44
:10E75000111A40EE210A60EE800A30EE010A80EEC6
:10E76000801AB0EE480A08EE010A002CB8BFB1EEDC
:10E77000400ABDEC028B10BDBDEC028BBDE8104021
:10E7800000F04EBC549F0C3FB32C1041C6E252BF68
:10E79000B2117BBB1A2A1E402DE9F14F04462DED24
:10E7A000020B2DED088B8AB09FEDE70B80ED020B7D
:10E7B000139EE74826F0004585420ADC9DED120BCA
:10E7C000002084ED000B0AB0BDEC088B03B0BDE85F
:10E7D000F08FE0489FEDE0AB9FEDE1BBA84247DD45
:10E7E000E14F9FEDE39B9FEDE48B9DED120B53EC0E
:10E7F0001A2B51EC100B002E1CDDFEF7E1F941EC59
:10E80000100BBD4208D053EC1B2B51EC100BFEF744
:10E81000D7F9C4E900010BE053EC192B51EC100BB4
:10E82000FEF7CEF953EC182BFEF7CAF9C4E9000144
:10E830000120C8E7FEF723F941EC100BBD4208D0D8
:10E8400053EC1B2B51EC100BFEF719F9C4E9000136
:10E850000BE053EC192B51EC100BFEF710F953ECB5
:10E86000182BFEF70CF9C4E900014FF0FF30AAE7BE
:10E87000C348A84279DB9DED120B51EC100B00F060
:10E880003CFE41EC180B9FEDC00B53EC102BFEF738
:10E890009DF99FEDBF1B53EC112BFEF7F0F8FEF72F
:10E8A00087FA0746FEF773FA41EC190B53EC1A2B63
:10E8B000FEF78CF953EC182BFEF785F941EC180B99
:10E8C00053EC1B2B51EC190BFEF780F9DFF8C8A2B3
:10E8D00041EC100B4FEA15580125FA4453EC102B6C
:10E8E00051EC180BFEF76CF9032DC4E900013DD083
:10E8F000C1F30A5005EB4511A8EB00001139814224
:10E9000034DA0AEB051BB0EE48AA9BED000BF0EEE3
:10E9100068AA53EC102B51EC190BFEF757F941EC98
:10E920001B0B51EC1A0B53EC1B2BFEF749F941EC76
:10E93000180B51EC1A0B53EC182BFEF741F953EC62
:10E940001B2BFEF73DF99BED020B41EC1A0B53EC30
:10E95000102B51EC190BFEF739F953EC1A2BFEF77B
:10E960002FF941EC100B6D1CB8E70EE0002EA8BF8C
:10E970003846BFF628AF94ED000B51EC100B81F038
:10E980000041C4E9000178421DE7C6F3130040F4DA
:10E99000801EC6F30A50A0F2F530471100F01F05A3
:10E9A000C5F12000DDF848B00890002006900790DF
:10E9B0000520EC467949002D07EB0002794408BF99
:10E9C00051F8221009D051F8223001EB8201AB40FE
:10E9D0004A68089922FA01F11943A1FB0E26A1FB0E
:10E9E0000B131A449A4234BF0123002303EB060899
:10E9F0000CEB8003D3E901A60E448E4234BF012103
:10EA0000002192448A4411B1924502D903E0924513
:10EA100001D2012100E00021C3E901A641444CF8E4
:10EA20002010011EA0F10100C4DC029800F100508A
:10EA3000850F0298DDE903678000DDF81480FEF79A
:10EA4000A6F941EC1A0B3046FEF7CCFB9FED541BA8
:10EA500053EC112BFEF7BAF841EC1B0B3846FEF7CE
:10EA6000C1FB9FED511B53EC112BFEF7AFF841ECAE
:10EA7000180B4046FEF7B6FB9FED4D1B53EC112BD8
:10EA8000FEF7A4F841EC190B51EC180B53EC192BC1
:10EA9000FDF7F5FF53EC1B2BFDF7F1FF53EC1A2BA1
:10EAA000FDF7EDFFCDE90801002008909DED080B72
:10EAB00053EC1A2B51EC100BFEF782F853EC1B2B86
:10EAC000FEF77EF853EC182BFEF77AF853EC192B6F
:10EAD000FEF779F89FED381B53EC112BFEF776F813
:10EAE0009FED370B41EC180B53EC102B9DED080BF1
:10EAF00051EC100BFEF76AF853EC182BFDF7BFFF33
:10EB00009FED310B41EC180B53EC102B9DED080BD6
:10EB100051EC100BFEF75AF853EC182BFDF7AFFF32
:10EB200041EC100B139810F0004F06D06D4251ECE1
:10EB3000100B81F0004141EC100B284684ED000BD6
:10EB400041E600000000000000000000000000009E
:10EB5000FB21E93F7CD9024000004054FB21F93FF2
:10EB60003163621A61B4D03DFB21F93F000000001F
:10EB70000000601A61B4D03D7370032E8A19A33B64
:10EB8000FB2139410000000083C8C96D305FE43FBC
:10EB9000000000000000E03F920D0000E00C0000CB
:10EBA000000000000000103E000000000000103CCB
:10EBB000000000000000103A182D4454FB21F93DDC
:10EBC0003326A611460B113C00000054FB21F93DF1
:10EBD00010B52DED040B2DED088B82B0B0EE419AEF
:10EBE000F0EE619A0B9820F000449FED4BABB4F12E
:10EBF000795F11DA9DED0A0B51EC100BFEF7D8F896
:10EC0000002801BFB0EE4A0AF0EE6A0A02B0BDEC7D
:10EC1000088B04BF04B010BD9DED0A0B53EC102B04
:10EC200051EC100BFDF7D2FF41EC180B3C480621CC
:10EC3000B0EE480AF0EE680A784400F081F853EC30
:10EC4000182B51EC100BFDF7C1FF9DED0A0B41ECA9
:10EC50001B0B53EC192B51EC100BFDF7B7FF41ECDC
:10EC6000190B53EC1B2B51EC180BFDF7AFFF53ECBA
:10EC7000192BFDF7A5FF9FED2C0B41EC190B53EC65
:10EC8000102B51EC180BFDF7A1FF41EC100B28489D
:10EC9000844210DA53EC192B51EC100BFDF790FF66
:10ECA00053EC1A2BFDF78FFF41EC100B02B0BDECBB
:10ECB000088B04B010BD1F48A042BCBF9FED1E1BB7
:10ECC0008DED001B06DBA4F50010019000200090E4
:10ECD0009DED001B51EC100B53EC112BFDF770FF59
:10ECE0009DED000B41EC180B53EC102B51EC1A0B63
:10ECF000FDF766FF41EC1A0B53EC192B51EC180B86
:10ED0000FDF75EFF53EC1A2BFDF75DFF41EC100B96
:10ED1000CCE7000000000000000000000000F03F11
:10ED2000CC09000000000000000000000000E03FEF
:10ED30003333D33F0000E93F000000000000D23F22
:10ED400070B504462DED028B4D1E00EBC500B0EEF4
:10ED5000408AF0EE608A90ED000B35F0060017D087
:10ED600053EC182B51EC100BFDF730FF41EC100B5E
:10ED70006D1E04EBC50090ED001B51EC100B53EC25
:10ED8000112BFDF77CFE41EC100B35F00600E7D1AE
:10ED9000022D36D0042D1CD0062D1CBFBDEC028BDD
:10EDA00070BD53EC182B51EC100BFDF70FFF94EDD9
:10EDB0000A1B53EC112BFDF762FE53EC182BFDF7E9
:10EDC00005FF94ED081B53EC112BFDF758FE41ECA9
:10EDD000100B53EC182B51EC100BFDF7F7FE94EDD4
:10EDE000061B53EC112BFDF74AFE53EC182BFDF7D5
:10EDF000EDFE94ED040B53EC102BFDF740FE41ECBF
:10EE0000100B53EC182B51EC100BFDF7DFFE94EDBB
:10EE1000021B53EC112BFDF732FE53EC182BFDF7C0
:10EE2000D5FE94ED001B53EC112BFDF728FEBDEC35
:10EE3000028B41EC100B70BD31B504462DED040B77
:10EE40002DED0A8BB0EE41BAF0EE61BA0B989DED54
:10EE50000A0B20F00040B0F1795F0DDA51EC100B95
:10EE6000FEF724FA042808BF00F0CAF89DED0A0B4B
:10EE7000BDEC0A8B05B030BD53EC102B51EC100BE0
:10EE8000FDF7A4FE41EC180B9DED0A0B53EC182B7B
:10EE900051EC100BFDF79AFE41EC190B2C48B0EE2B
:10EEA000480AF0EE680A05217844FFF749FF9FED14
:10EEB0002ACBB0EE40AAF0EE60AA9CB353EC1C2B18
:10EEC00051EC190BFDF782FE41EC1C0B53EC1A2B95
:10EED00051EC190BFDF77AFE9FED210B41EC190B5C
:10EEE00053EC102B51EC1B0BFDF770FE53EC192B60
:10EEF000FDF766FE53EC182BFDF768FE53EC1B2B59
:10EF0000FDF75EFE53EC1C2BFDF75AFE9DED0A1B30
:10EF100053EC112BFDF757FEBDEC0A8B05B041EC0D
:10EF2000100B30BDFFE753EC1A2B51EC180BFDF71B
:10EF30004DFE53EC1C2BFDF7A2FD53EC192BFDF7F6
:10EF400045FE9DED0A1B53EC112BFDF798FDE3E701
:10EF50008C08000000000000495555555555C5BFA7
:10EF6000000000000000E03F9FED070B10B553ECE0
:10EF7000102B9FED070B51EC100BFDF799FE41ECA8
:10EF8000100B10BD00000000000000000000000099
:10EF9000000000000000F03F10B553EC102B51ECC6
:10EFA000100BFDF76CFD41EC100B10BD10B553ECD0
:10EFB000112B51EC100BFDF762FD41EC100B10BD55
:10EFC0009FED050B10B553EC102B51EC100BFDF71A
:10EFD0006FFE41EC100B10BD0000000000000000AF
:10EFE0009FED050B10B553EC102B51EC100BFDF7FA
:10EFF000EDFD41EC100B10BD0000000000000070A2
:10F000009FED050B10B553EC102B51EC100BFDF7D9
:10F01000DDFD41EC100B10BD0000000000000010F1
:10F0200030EE000A704730EE200A70479FED020A6A
:10F0300020EE000A70470000000000709FED020AF9
:10F0400020EE000A704700000000001002E008C82F
:10F05000121F08C1002AFAD170477047002001E052
:10F0600001C1121F002AFBD170470000014908604E
:10F0700070470000600400202DE9FF4F8DB00F465F
:10F080000546002606E025280BD0DDE90F12904743
:10F090006D1C761C28780028F5D111B03046BDE8EB
:10F0A000F08F0024A246A1460122EC4900E004436F
:10F0B00015F8013F203B02FA03F00842F7D1287807
:10F0C0002A2810D06FF02F022878A0F130010929EA
:10F0D00014D80AEB8A0102EB410144F0020400EB70
:10F0E000010A6D1CF0E701CF5FEA000A03D544F482
:10F0F0000054CAF1000A44F002046D1C28782E283E
:10F1000017D115F8010F44F004042A280ED06FF02F
:10F110002F022878A0F1300109290AD809EB8901CA
:10F1200002EB410100EB01096D1CF2E757F8049B6B
:10F130006D1C28786C280FD006DC4C2817D0682866
:10F140000DD06A2814D104E0742810D07A280FD189
:10F150000DE044F400140AE044F4801401E044F4A7
:10F1600040146978814202D104F580146D1C6D1C35
:10F170002A786E2A1FD00CDC632A31D004DC002AE6
:10F180008BD0582A11D1A3E0642A68D0692A0CD107
:10F1900065E0732A2ED004DC6F2A73D0702A04D164
:10F1A0009BE0752A6FD0782A6ED01046DDE90F12E9
:10F1B0009047761C50E1C4F30250022806D0032881
:10F1C00009D0042801CF09D0066045E101CFF1172D
:10F1D000C0E9006140E101CF06803DE106703BE1FE
:10F1E00017F8040B8DF8000000208DF80100EB46A5
:10F1F000012003E057F804BB4FF0FF3061074FF0E8
:10F20000000102D40DE008F10101884649450FDAFA
:10F210008045F8DB1BF808100029F4D108E008F15C
:10F22000010188468142FADB1BF808100029F6D15B
:10F23000DDE90F23AAEB08008146214600F036F9EC
:10F24000304400EB080604E0DDE90F121BF8010B67
:10F250009047B8F10108F7D221464846F7E00A2165
:10F26000C4F302534FF0000B0891022B04D001CFDE
:10F27000C117032B09D00AE0FF1D27F00707F7E8A5
:10F28000020108E032E01FE020E000B2C117042BC9
:10F2900001D140B2C117031E71F1000307DA4FF02C
:10F2A000000CD0EB0C006CEB01012D2302E02305D8
:10F2B00004D52B238DF82430012303E0E30701D08C
:10F2C0002023F7E7984658E00A2110E010210EE0CD
:10F2D00010204FF0000B08900CE010214FF0000BB5
:10F2E00044F004044FF00809089103E008214FF0AE
:10F2F000000B0891C4F30253022B04D001CF00216C
:10F30000032B06D006E0FF1D27F00707F7E80201F0
:10F3100003E080B2042B00D1C0B24FF000082307F5
:10F320002BD5702A07D0DDF820C08CF0100C5CEAD9
:10F330000B0C05D00EE040238DF82430012308E0AB
:10F3400050EA010306D030238DF824308DF82520B3
:10F3500002239846DDF820C08CF0080C5CEA0B0C08
:10F360000BD150EA010301D1630706D530238DF894
:10F3700024304FF00108A9F10109582A04D038A21D
:10F380000B9208AA0A920BE03AA2F9E75B46089AA8
:10F39000FDF75CFD0B9B9B5C0A9A521E0A92137050
:10F3A00050EA0102F2D10A98ADEB000000F1200B07
:10F3B000600702D524F4803401E04FF00109D945FB
:10F3C00002DDA9EB0B0000E0002000EB0B01414443
:10F3D0000890AAEB010AE00306D4DDE90F232146D9
:10F3E000504600F063F806444FF0000908E009A910
:10F3F00011F80900DDE90F12904709F10109761CA7
:10F40000C145F4DBE0030CD5DDE90F23214650466E
:10F4100000F04CF8064404E0DDE90F12302090477C
:10F42000761C0899481E08900029F5DC08E00A9827
:10F430000A990078491C0A91DDE90F129047761C61
:10F44000BBF10001ABF1010BF1DC21465046DDE9D7
:10F450000F2300F019F806446D1C1BE60928010073
:10F46000303132333435363738396162636465663A
:10F4700000000000303132333435363738394142FC
:10F4800043444546000000002DE9F04104460025B4
:10F490001E461746880404D405E039462020B047AC
:10F4A0006D1C641EF9D52846BDE8F0812DE9F041B8
:10F4B000044600251E469046C80301D5302700E0CB
:10F4C0002027880404D505E041463846B0476D1C26
:10F4D000641EF9D52846BDE8F0814A68002A06D0A6
:10F4E0000A68531C0B6010704868401E48607047E3
:10F4F0000A68531C0B601070704782B0CDE90001A0
:10F5000021F0004001909DED000B02B051EC100B7A
:10F51000704700B52DED048B83B041EC190BFDF75E
:10F52000A2FD41EC180B18EE100A18EE901A8DEDA2
:10F53000008B002818BF0120084320F00040C0F1D4
:10F540007F6000F1E040C00F14D019EE101A19EEE0
:10F55000900A8DED009B002918BF0121084320F07F
:10F560000040C0F17F6000F1E040C00F04BF012007
:10F57000FFF77CFD51EC180B03B0BDEC048B00BD14
:10F58000000000000000F03F000000000000F83F15
:10F5900000000000000000000000004003B8E23F4F
:10F5A000000000000000000006D0CF43EBFD4C3E01
:10F5B000033333333333E33FFFAB6FDBB66DDB3FF6
:10F5C0004D268F515555D53F01411DA96074D13F3E
:10F5D00065DBC9934A86CD3FEF4E454A287ECA3F38
:10F5E0003E5555555555C53F93BDBE166CC166BFBA
:10F5F0002CDE25AF6A56113FF16BD2C541BDBBBEB3
:10F60000D0A4BE726937663E4C5555555555A53F39
:10F610007751C1166CC156BF9015CB19A001FA3EA7
:10F62000AD529C804F7E92BEC4B1B4BD9EEE213ED1
:10F63000D43888BEE9FAA8BD0000803F0030983F6A
:10F640000000B53F0040D73F00000000320A7E397D
:10F650007F661E395B991F390000803FF037983F65
:10F66000F304B53FFD44D73F000000000000000058
:10F6700000004054FB21F93F3163621A61B4D03D70
:10F680000000601A61B4D03D7370032E8A19A33B49
:10F690000000002E8A19A33BC14920259A837B399B
:10F6A00000000000000000006E83F9A22915444EFE
:10F6B000D15727FCC0DD34F5999562DB4190433C7E
:10F6C000AB6351FE61C5BBDE3A6E24B7E0D24D425A
:10F6D000EA2E49061C92D1091CEB1DFE3EA729B15A
:10F6E000F53582E88444BB2E26709CE9417E5FB4E8
:10F6F00039D69139F43953838B5F849C3B28F9BD0B
:10F70000FF97F81F0F9805DE8B112FEF1F6D0A5A18
:10F71000CF7E366DB709CB27663F464F2DEA5F9EF9
:10F72000C7BA27757BF1E5EBF739073DEA92528AB4
:10F73000B15FFB6B085D8D1FA6F810111111813FA1
:10F74000D561C119A0012ABF7DFEB157E31DC73E97
:10F75000EB9C2B8AE6E55ABE7CD5CF5A3AD9E53DDB
:10F7600080F700080000002064040000FED10008BB
:10F7700090F80008640400207C3000005CF0000871
:10F78000811BFF01041A02041A03041A04041A0557
:10F79000041A06041A07041A08041A09041A0A04A7
:10F7A0001A0B041A0C041A0D04112A0E051A0F055F
:10F7B00082101A8440C1195701B51AFCC81A2CBD11
:10F7C0001A200823F8021A5E0C1A12081AB8081A2E
:10F7D000580832A01A620829E01AD6051A1C0C1A19
:10F7E000B3081A0E041A18045AA430013C62FA2213
:10F7F0003F1A8004111A400819041AA0041AC00400
:10F800001B20410C19041AF0042334421A700434EA
:10F81000F0425032C8297B231027180835FA8E3C55
:10F82000C3F54830011A4B30750409161C81027368
:10F83000142D295C8F3E0401161A48F41AC80401DD
:10F84000222342017269231C021A2C1081323C329D
:10F850000A32640213C8292B290432F063CA033226
:10F86000875A840C012823DE091A9104035F770765
:10F870002B7A03CF49BC1F02030406070876490C04
:10F88000A910C11AAA010111023E281AFF01410064
:040000050800018965
:00000001FF
