:020000040800F2
:10000000D8340020B18700084502000847020008E4
:100010004B0200084F0200085302000800000000D5
:100020000000000000000000000000009D0100082A
:100030005702000800000000E1010008CBB70008EB
:10004000CB870008CB870008CB870008CB87000848
:10005000CB870008CB870008CB870008CB87000838
:10006000B7040008FB040008CB8700080103000860
:10007000E30200083F030008CB8700087502000870
:10008000CB87000881020008CB870008CB870008D7
:10009000CB870008CB870008CB870008CB870008F8
:1000A000CB870008A9030008CB870008CB8700088E
:1000B000D5030008030400082F040008CB870008BC
:1000C000CB870008CB870008CB870008B304000863
:1000D000CB8700085D020008CB870008CB870008AB
:1000E000CB870008CB870008CB870008CB870008A8
:1000F000CB870008CB870008CB8700081B030008CC
:10010000CB870008CB8700085B040008B504000813
:10011000CB870008CB8700087B0300088703000813
:10012000CB8700089B020008B5020008CB870008B7
:10013000CB870008CB870008CB870008CB87000857
:10014000CB870008CB870008CB870008CB87000847
:10015000D5020008CB870008CB870008CB870008B2
:10016000CB870008CB870008CB870008CB87000827
:10017000CB870008CB870008CB870008CB87000817
:10018000CB870008CB870008DFF80CD00CF084FE8A
:10019000004800473B850008D8340020234B1968ED
:1001A0000868B0E8F04F80F309884FF0000080F352
:1001B000118870470000000003480068006880F361
:1001C000088862B600DF00BF08ED00E0DFF80C0031
:1001D000016841F470010160704700BF88ED00E0E4
:1001E000EFF30980114B1A681EF0100F08BF20EDC5
:1001F000108A20E9F04F106008B54FF0140080F32A
:1002000011880BF0AAFE4FF0000080F31188BDE8C2
:10021000084019680868B0E8F04F1EF0100F08BFDA
:10022000B0EC108A80F30988704700BF14040020E6
:10023000EFF311804FF0140181F31188704780F3C0
:1002400011887047704700BFFEE700BFFEE700BFA0
:10025000FEE700BFFEE770477047704710B540F2F9
:100260002551A6480AF0C5FB18B12021A3480AF081
:10027000B7FB10BD10B5A249A24809F0EFFA10BDB6
:1002800010B5A1499F48303009F0BEFA20B19E490F
:100290009C48303009F0E2FA10BD10B59B499C48EB
:1002A00009F0B2FA28B19949994809F0D7FA01F052
:1002B0000CFF10BD10B597499548183009F0CEFADB
:1002C000954840789449097840EA012000B2934962
:1002D000088010BD10B592498D48603009F0BEFA13
:1002E00010BD10B589498748483809F08DFA30B1FA
:1002F00086498448483809F0B1FA00F0CFFA10BDB9
:1003000010B588497F48603809F07EFA20B18549E8
:100310007C48603809F0A2FA10BD10B582497948CE
:10032000483009F071FA48B100217648483009F0A8
:10033000C1F97D497348483009F090FA10BD10B5F5
:1003400074497048303809F05FFAA8B171496D48B6
:10035000303809F083FA01F02AFD0021694830386D
:1003600009F0A8F908216748303809F0C4F90121DB
:100370006448303809F09EF910BD10B501216B4872
:100380000AF094F810BD10B5012169480AF08EF802
:100390007A205A498880012166480AF039FA0121F9
:1003A00065480AF035FA10BD10B5012163480AF01E
:1003B0007DF86248008800F0100028B160480068AD
:1003C000401C5F49086004E05D480068401E5C49CD
:1003D000086010BD10B5012188070AF067F84FF0DA
:1003E0008040008800F0100028B156480068401E88
:1003F0005449086004E053480068401C51490860B3
:1004000010BD10B5012150480AF050F84E48008840
:1004100000F0100028B14D480068401E4B490860AC
:1004200004E04A480068401C4849086010BD10B507
:10043000012147480AF03AF84548008800F01000CA
:1004400028B144480068401E4249086004E0414821
:100450000068401C3F49086010BD10B501213E48AE
:100460000AF024F83C48008800F0100028B13B480E
:100470000068401E3949086004E038480068401CA4
:100480003649086010BD10B5012135480AF00EF854
:100490003348008800F0100028B132480068401E40
:1004A0003049086004E02F480068401C2D4908606E
:1004B00010BD7047704710B5042009F067FAD8B135
:1004C0002021294808F0EBFA0421284808F0C2FA54
:1004D000012804D10021164809F068FB09E0042135
:1004E000224808F0B7FA20B9114809F063FB204907
:1004F000086004201F49086010BD704700100140CB
:1005000020800020706002400080202000880010C1
:100510002864024000802010300600208C0000205B
:10052000008800202080001000800028001000407B
:100530000014004000480040001401400000014049
:10054000680000206C0000200004004070000020C3
:100550000008004084000020000C004074000020CF
:10056000000401408800002000000240000C02400E
:1005700064000020143C014070B5044620460CF095
:10058000D5F805462146F7480CF0D7F8A0B19522DA
:100590002146F4480CF0BEF80021F34809F08AF82F
:1005A000F048F1490C310860EF48B838C0F8BC5049
:1005B0000121ED4809F07EF870BD70B504460025B4
:1005C00010E0605D68B1615DE8480AF04CF900BF79
:1005D0008021E6480AF0F7F90028F9D0681CC5B276
:1005E00000E070BDEDE770B5044600250FE05CB19A
:1005F0002146DE480AF037F900BF8021DB480AF0C7
:10060000E2F90028F9D000E070BD681CC5B2032DE6
:10061000EDDB00BFF8E713B50C460020FFF7E3FF62
:10062000D3A0FFF7CAFF2346D2A29621D2480CF0EE
:100630007DFCD148FFF7C1FFD0A0FFF7BEFFCDA2E0
:100640009621CD48009B0CF071FCCB48FFF7B5FF1D
:10065000CCA0FFF7B2FFFF20FFF7C5FFFF20FFF799
:10066000C2FFFF20FFF7BFFF1CBD70B505460C465B
:10067000BFA0FFF7A2FF2246BEA1BF480CF06EFC50
:10068000BD48FFF79AFFBDA0FFF797FF2846FFF789
:1006900094FFBCA0FFF791FFFF20FFF7A4FF70BD00
:1006A00077B585B00546FF26B4A103C9CDE903019E
:1006B000B4A000680290AEA00068019000240AE097
:1006C0000020B1490855B1490855AB490855A5491D
:1006D0000855601CC4B21E2CF2DB0A20A649087023
:1006E000FF2048708870C870A2A1A848079A0CF033
:1006F00035FCA64901A80CF001F801A99E480BF0B1
:10070000FDFF03A99C480BF0F9FF29469A480BF01E
:10071000F5FF98A19D48069A0CF020FC9B4996484D
:100720000BF0ECFF02A994480BF0E8FFFF2096497C
:1007300008704870887090480BF0E0FF8E48FFF713
:100740001BFF08B070BDF7B584B005460E46FF2705
:100750008AA103C9CDE902018AA00068019084A0A2
:1007600000680090002408E0002087490855874968
:10077000085581490855601CC4B20A2CF4DB0A20D4
:100780007D490870FF2048708870C87079A17F4843
:10079000069A0CF0E3FB7D4968460BF0AFFF694613
:1007A00075480BF0ABFF02A973480BF0A7FF294671
:1007B00071480BF0A3FF31466F480BF09FFF01A972
:1007C0006D480BF09BFFFF206F49087048708870E0
:1007D0000020C870087168480BF090FF6648FFF76A
:1007E000CBFE07B0F0BD01B58EB069A2322101A8E1
:1007F0000E9B0CF09BFB01A8FFF7BEFE0FB000BDE7
:1008000073B584B00546FF265CA103C9CDE902019A
:100810005CA00068019056A00068009000240AE0E7
:1008200000205949085559490855534908554D491B
:100830000855601CC4B21E2CF2DB0A204E49087019
:10084000FF2048708870C8704AA15048059A0CF083
:1008500085FB4E4968460BF051FF694646480BF050
:100860004DFF02A944480BF049FF294642480BF0CE
:1008700045FF464940480BF041FF01A93E480BF0B7
:100880003DFFFF2040490870487088703A480BF0DF
:1008900035FF3948FFF770FE06B070BD1CB53F4804
:1008A00000783E49497808443C49897808443B49E6
:1008B000C9780844394909790844384949790844CC
:1008C0003649897908443549C97908443349097A50
:1008D0000844C0B201903148007A00F00F00009047
:1008E0009DF800000D2803D000212D4809F090FF4D
:1008F0001CBD2A48007A00F00F000D2806D12748B9
:10090000007800F0010008B10D2070470020FCE7DE
:100910002248007800F0100008B101207047002044
:10092000FCE71CB51F4809F045F91F49096840EA72
:100930000140322190FBF1F0009000243CE0194886
:1009400009F038F91849096840EA0140322190FB62
:10095000F1F00190DDE90021881A002826DB01462C
:1009600025E000008A050020B860024000500040E9
:100970007400000025640000540400202E74787474
:100980003D220000220000003A0500201205002050
:100990006A302E76616C3D25640000006C060020F4
:1009A000004800400004004070000020414205293A
:1009B00000DA641C01980090022CC0DB01981CBD79
:1009C00030B52DED048B83B0FE4809F0F3F8FE49F5
:1009D000096840EA014528460CF045F841EC190B3E
:1009E0009FEDFA0B53EC102B0BF0CEFF41EC180BE4
:1009F0000CF04AF80190002423E0F24809F0DAF8FC
:100A0000F149096840EA014528460CF02CF841EC10
:100A1000190B9FEDEE0B53EC102B0BF0B5FF41ECD7
:100A2000180B0CF031F80290DDE90121881A00283A
:100A300001DB014600E04142052900DA641C02980E
:100A40000190022CD9DB029803B0BDEC048B30BDC1
:100A500030B52DED048B83B04FF0804009F0AAF83B
:100A6000DC49096840EA014528460BF0FCFF41ECEF
:100A7000190B9FEDD60B53EC102B0BF085FF41ECBF
:100A8000180B0CF001F80190002424E04FF0804096
:100A900009F090F8CF49096840EA014528460BF073
:100AA000E2FF41EC190B9FEDC90B53EC102B0BF03F
:100AB0006BFF41EC180B0BF0E7FF0290DDE9012121
:100AC000881A002801DB014600E04142052900DACE
:100AD000641C02980190022CD8DB029803B0BDEC94
:100AE000048B30BD30B52DED048B83B0BA4809F0CE
:100AF00061F8BA49096840EA014528460BF0B3FF9E
:100B000041EC190B9FEDB10B53EC102B0BF03CFF9C
:100B100041EC180B0BF0B8FF0190002423E0AE4825
:100B200009F048F8AD49096840EA014528460BF04C
:100B30009AFF41EC190B9FEDA50B53EC102B0BF01A
:100B400023FF41EC180B0BF09FFF0290DDE9012120
:100B5000881A002801DB014600E04142052900DA3D
:100B6000641C02980190022CD9DB0298404203B029
:100B7000BDEC048B30BD01B581B000200090019820
:100B800000EBC0004000009002E00098401E009082
:100B900000980028F9D10CBD01B581B0002000906B
:100BA00044F2506101984843009002E00098401ED2
:100BB000009000980028F9D10CBD1CB501211F2020
:100BC00008F02CF94FF6FF70009001208DF804001A
:100BD00000208DF8060001208DF8070003208DF815
:100BE000050069467E4807F0D3FE4FF6FF7000907F
:100BF00001208DF8040000208DF8060001208DF8FA
:100C0000070003208DF805006946764807F0C0FE0E
:100C10004FF6FF70009001208DF8040000208DF841
:100C2000060001208DF8070003208DF805006946B5
:100C30006D4807F0ADFE1CBD1CB501217E2008F0FB
:100C4000EDF8C020009000208DF8040001208DF800
:100C5000070002208DF805006946644807F098FEF9
:100C60000620009000208DF8040001208DF8070078
:100C700002208DF805006946594807F089FE4FF4B7
:100C8000C040009000208DF8040001208DF807007E
:100C900002208DF805006946524807F079FE1820B9
:100CA000009000208DF8040001208DF8070002203C
:100CB0008DF8050069464C4807F06AFE1CBD1FB55B
:100CC0004FF4E06007F086FD36208DF8000000202C
:100CD0008DF801008DF8020001208DF803006846B0
:100CE00007F07DFD0121102008F0CBF83220ADF88F
:100CF000040040F2E73002900020ADF80C00ADF89F
:100D0000060001A93A4808F008FF0121384809F017
:100D1000CDFB01221146364809F0A0FB00213448E2
:100D200008F044FF0121324808F080FF1FBD1FB5C5
:100D30004FF4E06007F04EFD37208DF800000020F2
:100D40008DF801008DF8020001208DF8030068463F
:100D500007F045FD0121202008F093F83220ADF87E
:100D6000040040F2E73002900020ADF80C00ADF82E
:100D7000060001A91F4808F0D0FE01211D4809F016
:100D800095FB012211461B4809F068FB0021194818
:100D900008F00CFF0121174808F048FF1FBD00B5FF
:100DA0008BB00121022008F07DF801210C2008F011
:100DB00035F8032206210B4807F075FE03220721B0
:100DC000084819E000080040840000206666666656
:100DD00066A64E406C000020000C0040740000200D
:100DE0000004024000080240000C024000000240E3
:100DF000001000400014004007F055FE03220821B7
:100E0000FE4807F050FE03220921FC4807F04BFE84
:100E10004FF47070069002208DF81C0003208DF8AE
:100E20001D0000208DF81E0001208DF81F0006A96E
:100E3000F24807F0ADFDA420ADF8200040F6B83030
:100E400009904FF48070ADF828000020ADF8220022
:100E500008A9EB4808F061FE6020ADF8040001200D
:100E6000ADF8060000200390ADF810000121E44821
:100E700008F0DCFE0021E24808F098FE01A9E048F5
:100E800008F0E0FE01A9DE4808F015FF01A9DC48E2
:100E900008F05EFF01A9DA4808F0C0FF0121D84838
:100EA00009F0B5FA0BB000BD00B58BB001210820E8
:100EB00007F0E7FF0121084607F0B0FF02220021FA
:100EC000D04807F0F0FD02220121CE4807F0EBFDEB
:100ED00002221146CB4807F0E6FD02220321C94851
:100EE00007F0E1FD0F20069002208DF81C00032082
:100EF0008DF81D0000208DF81E0001208DF81F00C8
:100F000006A9C04807F044FDBA20ADF8200042F21F
:100F1000107009900020ADF82800ADF8220008A953
:100F2000B94808F0FAFD6020ADF804000120ADF8E2
:100F3000060000200390ADF810000121B24808F02F
:100F400075FE0021B04808F031FE01A9AE4808F056
:100F500079FE01A9AC4808F0AEFE01A9AA4808F044
:100F6000F7FE01A9A84808F059FF0121A64809F099
:100F70004EFA0BB000BD00B58BB00121042007F084
:100F800080FF01210D2007F049FF02220C219F481C
:100F900007F089FD02220D219C4807F084FD022202
:100FA0000E219A4807F07FFD02220F21974807F093
:100FB0007AFD4FF47040069002208DF81C0003204B
:100FC0008DF81D0000208DF81E0001208DF81F00F7
:100FD00006A98E4807F0DCFCA420ADF8200040F6FE
:100FE000B83009904FF48070ADF828000020ADF8BB
:100FF000220008A9864808F090FD6020ADF80400A2
:101000000120ADF8060000200390ADF8100001218A
:101010007F4808F00BFE00217D4808F0C7FD01A9BC
:101020007B4808F00FFE01A9794808F044FE01A9A9
:10103000774808F08DFE01A9754808F0EFFE0BB067
:1010400000BD00B589B00121080407F02BFF012184
:10105000084607F0E3FE032211466A4807F023FD25
:1010600003220221674807F01EFD0C200190022098
:101070008DF8080003208DF8090000208DF80A0083
:1010800001208DF80B0001A95E4807F081FC0020CB
:10109000ADF818004FF6FF7007900020ADF8200063
:1010A000ADF81A0006A95B4808F037FD0420ADF83A
:1010B0000C000020ADF80E00C820ADF8140001208F
:1010C000ADF8100003A9534809F0FEF800231A46B2
:1010D0000321514809F095FA01214F4809F0E6F93A
:1010E000012211464C4809F0B9F90121494808F09C
:1010F0009DFD0021484808F059FD09B000BD00B52C
:1011000089B00121084607F0BCFE0121022007F04A
:10111000B8FE0121032007F081FE01220F2139488A
:1011200007F0C1FC012203213C4807F0BCFC02226D
:1011300004213A4807F0B7FC02220521374807F09E
:10114000B2FC3820019002208DF808008DF80900CB
:1011500000208DF80A0001208DF80B0001A92F480E
:1011600007F016FC4FF40040019002208DF80800B3
:101170008DF8090000208DF80A0001208DF80B0081
:1011800001A9204807F004FC0020ADF818004FF634
:10119000FF7007900020ADF82000ADF81A0006A9F6
:1011A0004FF0804008F0B9FC06A91D4808F0B5FCD6
:1011B0000420ADF80C000220ADF80E001420ADF8AC
:1011C00014000120ADF8100003A9800709F07CF895
:1011D00003A9134809F078F802231A460321580797
:1011E00009F00FFA02231A4603210D4809F009FA03
:1011F0000121880709F05AF9012113E00008024093
:101200000004014000000240000C0040000C0240BD
:10121000000800400000014000400140000402407E
:1012200000040040FE4809F041F9012211469007F0
:1012300009F014F901221146F94809F00FF90121CA
:10124000880708F0F3FC0121F54808F0EFFC0021C5
:101250004FF0804008F0AAFC0021F14808F0A6FCFD
:101260004FF4C06007F0B6FA1D208DF8000003208F
:101270008DF8010000208DF8020001208DF8030098
:10128000684607F0ACFA1C208DF8000004208DF8A9
:10129000010000208DF8020001208DF8030068464F
:1012A00007F09DFA09B000BD00B589B001210846DC
:1012B00007F0F8FD0121102007F0B0FD4FF4206089
:1012C000019002208DF8080003208DF8090000200D
:1012D0008DF80A0001208DF80B0001A9D14807F014
:1012E00057FB01220921CF4807F0DDFB01220B212A
:1012F000CC4807F0D8FB0020ADF818004FF6FF707F
:1013000007900020ADF82000ADF81A0006A9C648E5
:1013100008F003FC0420ADF80C000220ADF80E002C
:101320000A20ADF814000120ADF8100003A9BE4852
:1013300008F0CAFF00231A460321BB4809F061F9EF
:101340000121B94809F0B2F801221146B64809F066
:1013500085F80121B44809F0A9F801221146B248E4
:1013600009F07CF80121B04808F060FC0021AE488B
:1013700008F01CFC4FF4C06007F02CFA19208DF81F
:10138000000001208DF8010000208DF802000120EE
:101390008DF80300684607F022FA09B000BD00B5D9
:1013A00089B00121042007F06CFD0121082007F01D
:1013B00035FD4FF44050019002208DF808000320C5
:1013C0008DF8090000208DF80A0001208DF80B002F
:1013D00001A9964807F0DCFA0020ADF818004FF696
:1013E000FF7007900020ADF82000ADF81A0006A9A4
:1013F0008F4808F092FB02220C218C4807F053FB27
:1014000002220D21894807F04EFB0420ADF80C00A4
:101410000220ADF80E00C820ADF814000120ADF890
:10142000100003A9824808F04FFF02231A46032147
:101430007F4809F0E6F801217D4809F037F80122DC
:1014400011467B4809F00AF80121794808F0EEFBC3
:101450000021774808F0AAFB002075491431088064
:101460000120734908804FF4C06007F0B3F91E20D3
:101470008DF8000004208DF8010000208DF8020096
:1014800001208DF80300684607F0A9F909B000BDF6
:1014900000B589B00121082007F0F3FC01210846BE
:1014A00007F0BCFC0320019002208DF80800032007
:1014B0008DF8090000208DF80A0001208DF80B003E
:1014C00001A95C4807F064FA0020ADF818004FF657
:1014D000FF7007900020ADF82000ADF81A0006A9B3
:1014E000554808F01AFB02220021524807F0DBFAA7
:1014F000022201214F4807F0D6FA0420ADF80C0073
:101500000220ADF80E00C820ADF814000120ADF89F
:10151000100003A9484808F0D7FE02231A46032109
:10152000454809F06EF80121434808F0BFFF012249
:101530001146414808F092FF01213F4808F076FB30
:1015400000213D4808F032FB00203B49143108805F
:101550000120394908804FF4C06007F03BF9322080
:101560008DF8000004208DF8010000208DF80200A5
:1015700001208DF80300684607F031F909B000BD7D
:1015800000B589B00121302007F07BFC0121042047
:1015900007F044FCC020019002208DF808000320D1
:1015A0008DF8090000208DF80A0001208DF80B004D
:1015B00001A9224807F0ECF90020ADF818004FF619
:1015C000FF7007900020ADF82000ADF81A0006A9C2
:1015D0001B4808F0A2FA03220621184807F063FA14
:1015E00003220721154807F05EFA0420ADF80C002D
:1015F0000220ADF80E00C820ADF814000120ADF8AF
:10160000100003A90E4808F05FFE02231A460321CA
:101610000B4808F0F6FF0121094808F047FF11E0E8
:10162000000400400010024000000140000C024095
:101630000008004000000240000C0040000802408A
:101640000004014001221146FE4808F007FF012175
:10165000FC4808F0EBFA0021FA4808F0A7FA00204D
:10166000F849143108800120F64908804FF4C06021
:1016700007F0B0F82C208DF8000004208DF8010050
:1016800000208DF8020001208DF80300684607F065
:10169000A6F809B000BD00B59BB00121EA4807F0EB
:1016A000BDFB0121080207F0FDFB00200290E74886
:1016B0000390E74804900020059008200690002041
:1016C00007904FF4806008904000099080000A90D5
:1016D00040110B9040020C9000200D9001200E90C4
:1016E00000200F90109002A9DA4807F0A9FF01210D
:1016F000D84807F0DFFF3C20009003208DF804005D
:1017000000208DF807006946D34807F041F93C20D6
:10171000009003208DF8040000208DF80700694632
:10172000CE4807F035F900201190129013901490D4
:1017300011A807F0EBFC4FF08070159001208DF898
:1017400058008DF859000020179018901990082023
:101750008DF8680015A9BD484C3807F0A8FC032394
:1017600001220221B9484C3807F027FD0323022249
:101770001946B6484C3807F020FD03231A460421C9
:10178000B2484C3807F019FD032304220521AF4865
:101790004C3807F012FD032305220C21AB484C38CE
:1017A00007F00BFD032306220D21A8484C3807F053
:1017B00004FD032307220E21A4484C3807F0FDFC4A
:1017C000032308220F21A1484C3807F0F6FC012121
:1017D0009E484C3807F09CFD01219C484C3807F08E
:1017E0008CFD012199484C3807F0A7FC97484C38EC
:1017F00007F03FFD1BB000BD08B54FF4E06006F0F8
:10180000E9FF25208DF8000000208DF801008DF8FB
:10181000020001208DF80300684606F0E0FF08BDD5
:1018200010B596B004460121102007F03BFB0121C2
:10183000084607F0F3FA0121880507F0EFFA4FF4A4
:10184000C060009002208DF8040000208DF8060092
:101850008DF8070002208DF8050069467E4807F0E4
:1018600097F8072209217C4807F01DF907220A2171
:10187000794807F018F902940020ADF80C00ADF893
:101880000E00ADF81000ADF814000C20ADF81200F9
:1018900002A9734808F034FF0121714808F0B8FF2D
:1018A0004FF4A06006F096FF3A208DF81800002053
:1018B0008DF819008DF81A0001208DF81B0006A87C
:1018C00006F08DFF6348303007F018FE4FF00060DF
:1018D000079000200A90634809900A200B90604806
:1018E000001D089000200C904FF480600D900020A7
:1018F0000E900F904FF480701090400211900420D1
:1019000012900320139000201490159007A95148BD
:10191000303007F095FE01224021514809F025F8AA
:10192000012210214B48303007F051FF0121494876
:10193000303007F0BFFE16B010BD10B596B00446AB
:101940000121480507F06AFA0121480407F099FAD5
:101950000121082007F062FA6020009002208DF833
:10196000040000208DF806008DF8070002208DF895
:10197000050069463C4807F00BF8072205213A4864
:1019800007F091F807220621374807F08CF80294F7
:101990000020ADF80C00ADF80E00ADF81000ADF869
:1019A00014000C20ADF8120002A9304808F0A8FE7F
:1019B00001212E4808F02CFF4FF4A06006F00AFF2A
:1019C00011208DF8180000208DF819008DF81A00EC
:1019D00001208DF81B0006A806F001FF244807F03F
:1019E0008DFD4FF00060079040200A90214809903B
:1019F00046200B901D48001D089000200C904FF4CD
:101A000080600D9000200E900F904FF48070109029
:101A10004002119004201290032013900020149093
:101A2000159007A9124807F00BFE012280210F48EC
:101A300008F09BFF012280210C4808F096FF01224C
:101A4000102119E000040140050040004C20014035
:101A500020060020106402400000024000080240FE
:101A60000010014030060020000C024000440040FD
:101A7000A060024008000020FE4807F0A8FE0121F7
:101A8000FC4807F017FE16B010BD10B596B004461E
:101A90000121880407F0F5F90121082007F0BEF9BB
:101AA0000121480507F0BAF94FF440700090022078
:101AB0008DF8040000208DF806008DF80700022044
:101AC0008DF805006946EC4806F062FF0722082100
:101AD000E94806F0E8FF07220921E74806F0E3FF9E
:101AE00002940020ADF80C00ADF80E00ADF8100027
:101AF000ADF814000C20ADF8120002A9DF4808F080
:101B0000FFFD0121DD4808F083FE4FF4A06006F0E0
:101B100061FE0C208DF8180000208DF819008DF85A
:101B20001A0001208DF81B0006A806F058FED148C7
:101B3000783807F0E3FC4FF00060079000200A902F
:101B4000CF4809900A200B90CC48001D0890002037
:101B50000C904FF480600D9000200E900F904FF489
:101B60008070109040021190042012900320139076
:101B700000201490159007A9BE48783807F060FD42
:101B800001224021BD4808F0F0FE01224021BB485F
:101B900008F0EBFE01221021B648783807F017FE56
:101BA0000121B448783807F085FD16B010BD10B596
:101BB00096B004460121C80407F063F9012104200E
:101BC00007F02CF90121480507F028F94FF440608F
:101BD000009002208DF8040000208DF806008DF89A
:101BE000070002208DF805006946A64806F0D0FEE1
:101BF00008220A21A34806F056FF08220B21A1481B
:101C000006F051FF02940020ADF80C00ADF80E0074
:101C1000ADF81000ADF814000C20ADF8120002A9C8
:101C2000994808F06DFD0121974808F0F1FD4FF447
:101C3000A06006F0CFFD0D208DF8180003208DF870
:101C4000190001208DF81A008DF81B0006A806F077
:101C5000C6FD8848603807F051FC4FF000600790DF
:101C600000200A908948099008200B908648001DA2
:101C7000089000200C904FF480600D9000200E9092
:101C80000F9010904FF4003011900020129003201C
:101C9000139000201490159007A97648603807F03B
:101CA000CFFC01224021784808F05FFE012280210C
:101CB000754808F05AFE012210216E48603807F07E
:101CC00086FD01216B48603807F0F4FC16B010BDAA
:101CD00030B56F4B1B68322B00DB30BD6D4B1B8862
:101CE00003EB83036C4C234498706A4B1B8803EB13
:101CF00083032344D970674B1B8803EB830323447E
:101D00001A71644B1B885B1C322493FBF4F504FBB3
:101D10001533604C23805E4B1B685B1C5C4C23605E
:101D200000BFDAE701465A48006808B9002070474A
:101D30005A48008800EB8000574A104402680A6045
:101D40000079087155480088401C322290FBF2F35C
:101D500002FB1300514A10804D480068401E4C4A57
:101D600010600120E3E70CB54D48007800B10CBDD0
:101D70004748006810B900204A4908706846FFF7D4
:101D8000D1FF70B19DF80400464908709DF802002B
:101D9000454908709DF803004449087001204049F6
:101DA000087000BFE3E700203D490870704710B598
:101DB00036480078354949780844344989780844D8
:101DC0003249C97808443149097908442F49497989
:101DD0000844C4B22D480078022800D010BD2B481A
:101DE000C079032800D0F9E728488079A0421CD1A7
:101DF000264840782E490870244880782D4908707C
:101E00002248C0782849087020480079274908707E
:101E10001E4840792849087008460278234801780E
:101E200021480078FFF754FF06E0FF201E490870A4
:101E30001E4908702049087000BFCFE710B596B062
:101E400004460121480506F0E9FF0121080507F0D5
:101E500018F801210C2006F0E1FF04200090022078
:101E60008DF8040000208DF806008DF80700022090
:101E700024E00000A0600240000C02400048004046
:101E80006C06002000080240004C00406701002062
:101E900074010020780100207B0600207A010020D8
:101EA0007D0100207C0100207101002072010020D2
:101EB0006F01002070010020730100208DF80500E3
:101EC0006946F84806F064FD4FF480500090022007
:101ED0008DF8040000208DF806008DF80700022020
:101EE0008DF805006946F04806F052FD08220221EF
:101EF000EC4806F0D8FD08220C21EB4806F0D3FD93
:101F00004FF4A06006F066FC2F208DF81800052025
:101F10008DF819008DF81A0001208DF81B0006A815
:101F200006F05DFC02940020ADF80C00ADF80E0048
:101F3000ADF81000ADF814000C20ADF8120002A9A5
:101F4000DA4808F0DDFB0121D84808F061FCD848E8
:101F500007F0D4FA4FF00060079040200A90D5486F
:101F6000099096200B90D148001D089000200C90FD
:101F70004FF480600D9000200E900F9010904FF461
:101F80000030119000201290032013900020149034
:101F9000159007A9C64807F053FB01228021C348CA
:101FA00008F0E3FC01221021C14807F010FC0121D8
:101FB000BF4807F07FFB16B010BD10B596B00446C1
:101FC0000121202006F06EFF0121042006F026FFEB
:101FD0000121880506F022FFC020009002208DF824
:101FE000040000208DF806008DF8070003208DF80E
:101FF00005006946AC4806F0CBFC08220621AA4839
:1020000006F051FD08220721A74806F04CFD029476
:102010000020ADF80C00ADF80E00ADF81000ADF8E2
:1020200014000C20ADF8120002A9A34808F068FBC8
:102030000121A14808F0ECFB4FF4A06006F0CAFBB8
:1020400039208DF8180003208DF8190001208DF833
:102050001A008DF81B0006A806F0C1FB974807F090
:102060004DFA4FF02060079000200A9094480990A4
:1020700010200B909048001D089000200C904FF409
:1020800080600D9000200E900F904FF480701090A3
:10209000400211900420129003201390002014900D
:1020A000159007A9854807F0CBFA01224021824804
:1020B00008F05BFC01221021804807F088FB012119
:1020C0007E4807F0F7FA16B010BD0EB5002002905A
:1020D000019000907A48007802282ED17848407804
:1020E00001907748C0787649897840EA01200090CD
:1020F00073490978724A52781144714A92781144AE
:102100006F4AD2788818C11700EB11610912A0EB51
:102110000121C9B202916A4800799DF808108842ED
:102120000BD167484079032807D19DF80400654921
:102130000870BDF80000644908800EBD00B585B088
:102140000121082006F06AFE0121880306F0AAFE9C
:1021500000208DF8100001208DF813000C20039052
:1021600003A9504806F014FC0221032008F096FC55
:102170000420009000208DF8040010208DF8050048
:1021800001208DF80600684607F09AFB08208DF8BC
:10219000080000208DF809008DF80A0001208DF854
:1021A0000B0002A806F01BFB05B000BD70B504468D
:1021B0000D46012C0BD12946444808F054FB00BFC2
:1021C0004021424808F0FFFB0028F9D028E0032C0A
:1021D0000BD129463E4808F046FB00BF40213C4851
:1021E00008F0F1FB0028F9D01AE0042C0BD12946A5
:1021F000384808F038FB00BF4021364808F0E3FBC0
:102200000028F9D00CE0052C0AD12946274808F00F
:102210002AFB00BF4021254808F0D5FB0028F9D053
:1022200070BD00202C4948622C490860704700208E
:1022300029494862294908604FF08041486228498D
:10224000086028490860284908602849086028492A
:1022500008602849086028490860704700204FF04E
:10226000804148621E490860704700201D4908608F
:102270001D490860704710B50020204908700024EF
:1022800007E061210120FFF791FF3220FEF784FC77
:10229000641C022CF5D30120184908707A201849D3
:1022A000087010BD000C02400008024000500040C1
:1022B000B86002408A0500200014014028640240F2
:1022C000750700207E0100208001002000100140E1
:1022D00000480040004C0040000001406800002021
:1022E0006C000020240400407000002024080040FE
:1022F00084000020240C0040740000209100002085
:102300009000002010B50020F8490870002407E074
:1023100061210320FFF74AFF3220FEF73DFC641CD9
:10232000022CF5D30120F14908707A20F049087099
:1023300010BD2DE9F14FAEB0EEA02D9000202C90F5
:102340008DF888008DF860002E98142832D2DFE8CE
:1023500000F00A323B42495057606931317279804E
:10236000878E95FDFCFB0221EB4806F073FB88B1DC
:1023700000224FF40041E94806F08AFB4FF4004187
:10238000E64806F074FB044600222146E4A0FEF76E
:1023900087F90FE00122D103E04806F079FB4FF402
:1023A0000041DE4806F063FB044600222146E4A01B
:1023B000FEF776F96DE10122E948B0F900004142EB
:1023C000E8A0FEF76DF964E10222E8480168E8A0A0
:1023D000FEF766F95DE10322E9480168E9A0FEF72E
:1023E0005FF956E10422EA480168EAA0FEF758F9CD
:1023F0004FE10522EA480168EAA0FEF751F948E1F9
:10240000FEF7DEFA044606222146E9A0FEF748F967
:102410003FE1FEF71DFB044607222146E7A0FEF739
:102420003FF936E1FEF75EFB044608222146E6A0AE
:10243000FEF736F92DE10B22E6480168E6A0FEF72B
:102440002FF926E10C22E8480168E8A0FEF728F9F8
:102450001FE10D22E9480178E9A0FEF721F918E112
:102460000E22EA480178EAA0FEF71AF911E10F22DC
:10247000EC480168ECA0FEF713F90AE10121EF48EE
:1024800006F0E8FA4FF400511790A44806F0E2FA7B
:1024900004460221E94806F0DDFA05464FF4804182
:1024A0009E4806F0D7FA06460421E44806F0D2FA20
:1024B0004FF400411690E14806F0CCFA0746082197
:1024C000DE4806F0C7FA80464FF48041DB4806F04C
:1024D000C1FA81461021D94806F0BCFA4FF40051E8
:1024E0001590D64806F0B6FA82460821D44806F080
:1024F000B1FA4FF480511490D04806F0ABFA102195
:102500001390CF4806F0A6FA4FF480611290CB48A2
:1025100006F0A0FA83468021C84806F09BFA4FF4E3
:1025200080711190C54806F095FA10901798CDE982
:102530000B65CDE90D401698CDE90798CDE90970F6
:10254000DDE91312159802E09CE094E014E0CDE977
:10255000042A03910690DDE91110CDE9001B0290D9
:10256000B8A2282122A8109B0AF0E0FC102222A980
:10257000BDA0FEF7E8F88CE08021674806F077FA06
:1025800004460121644806F072FA0546402162487B
:1025900006F06DFA06464FF40041A94806F067FAC6
:1025A00007464FF48051B14806F061FA80464FF477
:1025B0008061594806F05BFA81464FF40061AB48F0
:1025C00006F055FA4FF400611790534806F04FFAA1
:1025D00082464FF480619A4806F049FA83464FF4E8
:1025E00080514D4806F043FA4FF40061169094482C
:1025F00006F03DFA4FF400511590474806F037FABF
:102600004FF4804114908E4806F031FA4FF4804127
:102610001390414806F02BFA4FF4807112909348C2
:1026200006F025FA4FF4004111903B4806F01FFADE
:10263000CDE90B76CDE90D5410901798CDE907A0A0
:10264000CDE90998DDE914121698CDE9050BCDE91D
:102650000312DDE911121398CDE90012029079A25C
:10266000282122A8109B0AF061FC112222A980A037
:10267000FEF769F80DE02A226448017825A0FEF7EC
:102680000FF806E02B225D48017822A0FEF708F83B
:1026900000BF00BF2FB0BDE8F08F10B50121764814
:1026A00007F008F810BD01B5744800680099884229
:1026B00003DD00207149086004E070480068401C98
:1026C0006E4908606D480068FFF733FE08BD10B51D
:1026D000FEF776F96A490860FEF7BAF969490860B9
:1026E000FEF700FA6849086010BD00009300002062
:1026F00092000020313131313131313131313131DC
:1027000031313131313131313131303131313131BA
:102710003131313100000000000402400008024065
:10272000524F424F5420322044414E4720434841AB
:10273000592053414E2058414E483A202020000055
:10274000524F424F5420322044414E47204348418B
:10275000592053414E20444F3A20202000000000D1
:102760008C000020494D553A000000000400002074
:102770004C617A6572207472756F633A00000000D4
:10278000980000204C617A6572207361753A0000F0
:10279000A00000204C617A65722070686169200099
:1027A0009C0000204C617A657220747261693A0065
:1027B000454E434F4445525F30682000454E434FDD
:1027C0004445525F34682000454E434F4445525FB4
:1027D00038682000B40000204269656E54726F4E64
:1027E000616E673A00000000AC00002054726F2058
:1027F000746179206B66733A000000007301002059
:1028000069645F626C6F636B203A00007C0100209A
:1028100074616B655F646174615F626C6F636B3A76
:102820000000000074010020636F756E745F6461C6
:1028300074615F75617274343A00000000100240E8
:10284000000C024025642564256425642564256404
:102850002564256425642564256425642564256430
:102860002564256400000000493A00000000024091
:102870004F55543A00000000A06002408000002044
:10288000680300206C030020700300202DE9F04154
:102890002DED088B06460F4630460AF0E4F841EC71
:1028A000190B9FEDFE1BB0EE490AF0EE690A0AF023
:1028B00021FEB0EE408AF0EE608A51EC180B0AF06F
:1028C000E3F80446002C02DBA4F5E16401E004F522
:1028D000E16438460AF0C7F841EC1B0B9FEDEF1B93
:1028E000B0EE4B0AF0EE6B0A0AF004FEB0EE409A2E
:1028F000F0EE609A30460AF0B6F841EC1B0B9FED03
:10290000E71BB0EE4B0AF0EE6B0A0AF0F3FDB0EEF7
:1029100040AAF0EE60AA53EC192B51EC1A0B09F007
:10292000BBFF41EC180B0AF0AFF805462846211E04
:1029300001DB0A4600E04A42002801DB034600E0D2
:1029400043429A4205DA25464FF0FF30D5490860E8
:1029500003E035460120D34908602846BDEC088BCA
:10296000BDE8F0810146FA2901DDFA2102E00329E0
:1029700000DC0221C8B2704710B504460B4624B9EA
:10298000C9480078C949C87116E0C94890ED000AE5
:10299000B5EEC00AF1EE10FA07DD2046FFF7E2FFC0
:1029A000C249C8710020887106E06042FFF7DAFF73
:1029B000BE49C8710120887123B9BB480078BB4962
:1029C000C87516E0BB4890ED000AB5EEC00AF1EEFE
:1029D00010FA07DD1846FFF7C5FFB449C875002097
:1029E000887506E05842FFF7BDFFB049C875012061
:1029F000887522B9AC480078AC49C87316E0AE4877
:102A000090ED000AB5EEC00AF1EE10FA07DD1046AF
:102A1000FFF7A8FFA549C8730120887306E050425C
:102A2000FFF7A0FFA149C8730020887310BDA34B16
:102A30001860A34B1960A34B1A6070479B4AD07172
:102A4000D075D07370479948C079032809DA974840
:102A5000C07D032805DA9548C07B032801DA0120F0
:102A600070470020FCE701209749086070479748AD
:102A7000006847F23051884201D0012070470020A1
:102A8000FCE710B5FFF7F7FB10BD9148B0F9000067
:102A900040427047B5EEC00AF1EE10FA09D28D48F7
:102AA000D0ED000A70EE600AFDEEE00A10EE900A2A
:102AB00070478848D0ED000A70EE200AFDEEE00A6B
:102AC00010EE900AF4E770B52DED0E8B04469FEDE5
:102AD000820AB0EE409A9FED810AF0EE409AB0EE85
:102AE000000AB0EE40EA201E01DB014600E0414250
:102AF00000EE101AB8EEC00AB4EECE0AF1EE10FAEB
:102B000004D29FED770ABDEC0E8B70BD002C02DD68
:102B1000B0EE690A01E0B1EE690A00EE904AF8EE03
:102B2000E00AB0EE408A00EE898A18EE100A09F039
:102B3000CAFF41EC1D0BB0EE4D0AF0EE6D0A0AF033
:102B4000CFFCB0EE40BAF0EE60BAB0EE480A0BF03F
:102B50001DFC10EE105A284609F0B5FF41EC1C0B85
:102B600053EC1B2B09F09EFE41EC1A0B09F0BEFF43
:102B700008EE900A5B4890ED000AF8EEC00A88EE75
:102B8000A00AC0E7F0EE400AF5EEC00AF1EE10FA36
:102B900002DBB0EE600A7047B1EE600AFBE7014667
:102BA000002901DB084670474842FCE701464E48D1
:102BB000D0ED000AF1EE600A4C48D0ED001A80EE2C
:102BC000A11A00EE901AF8EEE01A4748D0ED000A7C
:102BD00041EE210AB0EE600AFDEEC00A10EE900A46
:102BE000704701460A2250239FED3C1AF0EE410A3D
:102BF0000A2901DC0A207047502901DB5020FAE73E
:102C0000A1F10A0001EE100AF8EEC11AB2EE041AA0
:102C1000B0EE410A01EEA00A9FED351AB4EEC10AEA
:102C2000F1EE10FA03DD9FED321AB0EE410AB2EE7A
:102C3000041AB4EEC10AF1EE10FA03D2B2EE041A8D
:102C4000B0EE410ABDEEC01A11EE100AD3E7F0EE65
:102C5000401A9FED282AB0EE420AF5EEC01AF1EEB6
:102C600010FA03D2B1EE612AF0EE421AF5EEC00A74
:102C7000F1EE10FA03D2B1EE602AF0EE420AB5EEA0
:102C8000C01AF1EE10FA03D2B1EE412AB0EE421AA8
:102C9000F4EEC01AF1EE10FA30DD2DE00000000075
:102CA0000020AC4068020020C8010020080000207D
:102CB0002C020020300200203402002050020020AC
:102CC0005402002058020020A4020020F401002039
:102CD0008C00002090010020CDCC4C3D3333333F9D
:102CE00000000000E0010020AC020020B002002043
:102CF0000000A0426F12833AB0EE610AF4EEC00AFF
:102D0000F1EE10FA01DDB0EE600AB4EEC01AF1EE99
:102D100010FA01DDB0EE410A7047FE4800687047C6
:102D2000FD480068704710B52DED0A8BF0EE408A23
:102D300018EE900A09F0C7FE41EC1C0B1FED291B91
:102D4000B0EE4C0AF0EE6C0A0AF0D4FBB0EE40BADA
:102D5000F0EE60BA1FED2F0B53EC102B51EC1B0B58
:102D600009F0F9FC41EC1A0B1FED341BB0EE4A0AD6
:102D7000F0EE6A0A0AF0BEFBB0EE409AF0EE609AFE
:102D800051EC190B09F0B2FE08EE100A9FEDE30AB0
:102D9000B4EEC08AF1EE10FA06DD9FEDE10AB4EE62
:102DA000C08AF1EE10FA0BD3B5EEC08AF1EE10FA3C
:102DB0000ADB9FEDDC0AB4EEC08AF1EE10FA03D80C
:102DC0000120BDEC0A8B10BD9FEDD70AB4EEC08A7E
:102DD000F1EE10FA01D80220F3E79FEDD40AB4EE29
:102DE000C08AF1EE10FA01D80320EAE70420E8E7F0
:102DF00010B52DED108B8AB0B0EE408AF0EE608AEF
:102E0000B0EE419ACA4890ED000A28EE000ADFEDC4
:102E1000C90A80EE201A11EE104A204609F053FE2E
:102E2000CDE908019DED080B0AF002FAB0EE40FA78
:102E3000F0EE60FA18EE900A09F045FE41EC1E0B28
:102E400053EC1F2B09F02EFD41EC1C0B09F04EFE3C
:102E50000AEE900A19EE100A09F035FECDE90601D6
:102E6000B34890ED000A28EE000ADFEDB20A80EECA
:102E7000201A11EE104A204609F025FE41EC1E0BE7
:102E8000B0EE4E0AF0EE6E0A0BF0DEF98DED040B9B
:102E900018EE900A09F017FE41EC1C0B9DED040B97
:102EA00053EC102B09F0FEFC41EC1F0B9DED060BC3
:102EB00053EC102B09F04FFCCDE908019DED080BF8
:102EC00051EC100B09F012FE0BEE100A9FED9A0A5E
:102ED00038EE400A9648D0ED000A20EE200ADFEDD9
:102EE000950A80EE201A11EE104A204609F0EBFDFB
:102EF000CDE908019DED080B0AF09AF9B0EE40FA11
:102F0000F0EE60FA18EE900A09F0DDFD41EC1E0BC0
:102F100053EC1F2B09F0C6FC41EC1C0B09F0E6FD3D
:102F20000BEE900A19EE100A09F0CDFD41EC1F0BD3
:102F30009FED810A38EE400A7D48D0ED000A20EE70
:102F4000200ADFED7C0A80EE201A11EE104A20469E
:102F500009F0B9FD41EC1E0BB0EE4E0AF0EE6E0A20
:102F60000BF072F98DED040B18EE900A09F0ABFD31
:102F700041EC1C0B9DED040B53EC102B09F092FC63
:102F800053EC1F2BCDE906019DED060B51EC100B08
:102F900009F0E1FBCDE908019DED080B51EC100BA8
:102FA00009F0A4FD0DEE100A9FED640A38EE400A08
:102FB0005F48D0ED000A20EE200ADFED5E0A80EEC9
:102FC000201A11EE104A204609F07DFD41EC1E0B3F
:102FD000B0EE4E0AF0EE6E0A0AF02AF9B0EE40FAB0
:102FE000F0EE60FA18EE900A09F06DFD41EC1C0B52
:102FF00053EC1F2B09F056FCCDE908019DED080BA1
:1030000051EC100B09F072FD09EE900A19EE100A4E
:1030100009F059FD9FED490A38EE400ACDE9060155
:103020004348D0ED000A20EE200ADFED420A80EE90
:10303000201A11EE104A204609F045FD41EC1E0B06
:10304000B0EE4E0AF0EE6E0A0BF0FEF8B0EE40CA9B
:10305000F0EE60CA18EE900A09F035FD41EC1F0B46
:1030600053EC1C2B09F01EFCCDE904019DED060B71
:1030700053EC102B9DED040B51EC100B09F06BFB86
:10308000CDE908019DED080B51EC100B09F02EFD68
:103090000AEE100AF0EE6A0AB0EE4B0A09F09EFF43
:1030A000DFED240A20EE200A2148D0ED000A80EE50
:1030B000201A234880ED001A22480168204890ED2C
:1030C000000ABDEEC00A10EE100AFFF7DFFB00EEAB
:1030D000100AB8EEC00A1A4880ED000A1A4890EDAE
:1030E000000AB8EEC00A194880ED000A16480068C8
:1030F00009F0B9FCCDE906011BEE100A09F0E3FC6A
:1031000041EC1E0B9FED121BB0EE4E0AF0EE6E0A64
:1031100022E00000E00100200C02002000E0444515
:10312000000061450000E14300C0A84400A00C4538
:10313000D40100200000E144000096440000164540
:103140003802002068030020680200202C020020C2
:1031500000000000000000400AF04EFAB0EE40FA15
:10316000F0EE60FA1AEE900A09F0ADFC41EC1E0B8D
:103170001FED091BB0EE4E0AF0EE6E0A0AF03CFAA3
:103180008DED000B53EC1F2B9DED000B51EC100B44
:1031900009F0E1FACDE902019DED020B0BF0B8F860
:1031A000B0EE40CAF0EE60CA9FEDF70B53EC102B67
:1031B00051EC1C0B09F0E8FBCDE904019DED060B79
:1031C00053EC102B9DED040B51EC100B09F06AFB36
:1031D000CDE908019DED080B51EC100B09F086FCC0
:1031E000EB490860F0EE6B0AB0EE4D0A09F0F6FE0E
:1031F0005FED300A20EE200AE648D0ED000A80EEAE
:10320000201AE54880ED001AE4480168E24890ED94
:10321000000ABDEEC00A10EE100AFFF737FB00EE01
:10322000100AB8EEC00ADC4880ED000ADC4890EDD8
:10323000000AB8EEC00ADB4880ED000AD8480068F2
:1032400009F011FCCDE906011DEE100A09F03BFC66
:1032500041EC1E0B1FED421BB0EE4E0AF0EE6E0A63
:103260000AF0CAF98DED020B1BEE900A09F02BFC57
:1032700041EC1E0B1FED4A1BB0EE4E0AF0EE6E0A3B
:103280000AF0BAF98DED000B9DED020B53EC102BFB
:103290009DED000B51EC100B09F05DFA41EC1C0B9D
:1032A000B0EE4C0AF0EE6C0A0BF032F8B0EE40FAD9
:1032B000F0EE60FA9FEDB40B53EC102B51EC1F0BAA
:1032C00009F062FBCDE904019DED060B53EC102BD8
:1032D0009DED040B51EC100B09F0E4FACDE9080167
:1032E0009DED080B51EC100B09F000FCAE49086095
:1032F000F0EE690AB0EE4A0A09F070FE5FED730A5B
:1033000020EE200AA348D0ED000A80EE201AA7483C
:1033100080ED001AA6480168A44890ED000ABDEEB1
:10332000C00A10EE100AFFF7B1FA00EE100AB8EE6C
:10333000C00A9E4880ED000A994890ED000AB8EE58
:10334000C00A9C4880ED000A9548006809F08BFB94
:1033500041EC1F0B1AEE100A09F0B5FB41EC1E0BF5
:103360001FED851BB0EE4E0AF0EE6E0A0AF044F92E
:103370008DED000B19EE900A09F0A5FB41EC1E0B38
:103380001FED8D1BB0EE4E0AF0EE6E0A0AF034F916
:10339000B0EE40CAF0EE60CA9DED000B53EC102B6E
:1033A00051EC1C0B09F0D7F9CDE902019DED020BA0
:1033B0000AF0AEFF8DED040B9FED730B53EC102B59
:1033C0009DED040B51EC100B09F0DEFA53EC1F2BB2
:1033D000CDE906019DED060B51EC100B09F062FAE8
:1033E000CDE908019DED080B51EC100B09F07EFBB7
:1033F000714908601AEE100A09F065FB41EC1F0BD9
:103400001FEDAD1BB0EE4F0AF0EE6F0A0AF0F4F8B4
:103410008DED080B19EE900A09F055FB41EC1F0BDE
:103420001FEDB51BB0EE4F0AF0EE6F0A0AF0E4F89C
:103430008DED060B9DED080B53EC102B9DED060B4F
:1034400051EC100B09F087F941EC1C0BB0EE4C0A63
:10345000F0EE6C0A0AF05CFFB0EE40EAF0EE60EAD3
:1034600051EC1E0B09F010FB544908604E4890EDDA
:10347000000ABDEEC00A524880ED000A514890EDA6
:10348000000AB8EEC00AFFF74EFC4F4908604C48EE
:1034900090ED000AB8EEC00A4C4880ED000A0AB070
:1034A000BDEC108B10BDF0EE400AB0EE600A48484B
:1034B00090ED001AB1EE411AF4EEC10AF1EE10FAE5
:1034C00006D290ED001AB1EE411AB0EE410A0EE0BC
:1034D000394890ED001A3E48D0ED001AB4EEE11ADA
:1034E000F1EE10FA03DD90ED001AB0EE410A7047DC
:1034F0003148D0ED000AF5EEC00AF1EE10FA06DD13
:10350000D0ED000A70EEC00AC0ED000A06E02A48BD
:10351000D0ED000A70EE800AC0ED000A2648D0ED1A
:10352000000A2B4890ED001AB1EE411AF4EEC10AE0
:10353000F1EE10FA07D2D0ED000AF1EE600A1E4853
:10354000C0ED000A0FE01C48D0ED000A204890EDC5
:10355000001AF4EEC10AF1EE10FA04DDD0ED000A13
:103560001548C0ED000A70471348D0ED000AF5EE8B
:10357000C00AF1EE10FA2DDDD0ED000A70EE800ADF
:10358000C0ED000A2DE000000000000000004440F3
:1035900020020020D40100203C0200206C03002007
:1035A0006802002030020020240200204002002097
:1035B0007003002034020020280200204402002072
:1035C00048020020F40100204C0200208801002065
:1035D000A8010020FD48D0ED000A70EEC00AC0ED41
:1035E000000AFA48D0ED000AF94890ED001AB1EE51
:1035F000411AF4EEC10AF1EE10FA07D2D0ED000A3A
:10360000F1EE600AF148C0ED000A0FE0EF48D0ED9E
:10361000000AEF4890ED001AF4EEC10AF1EE10FA3C
:1036200004DDD0ED000AE948C0ED000A7047E94822
:10363000D0ED000AF5EEC00AF1EE10FA06DDD0ED8D
:10364000000A70EEC00AC0ED000A06E0E148D0EDC5
:10365000000A70EE800AC0ED000ADE48D0ED000AD4
:10366000DB4890ED001AB1EE411AF4EEC10AF1EE1A
:1036700010FA07D2D0ED000AF1EE600AD548C0ED8D
:10368000000A0FE0D348D0ED000AD14890ED001AAF
:10369000F4EEC10AF1EE10FA04DDD0ED000ACD48D7
:1036A000C0ED000A7047CB48D0ED000AF5EEC00A25
:1036B000F1EE10FA06DDD0ED000A70EE800AC0EDE2
:1036C000000A06E0C348D0ED000A70EEC00AC0ED63
:1036D000000AC048D0ED000ABD4890ED001AB1EED6
:1036E000411AF4EEC10AF1EE10FA07D2D0ED000A49
:1036F000F1EE600AB748C0ED000A0FE0B548D0ED22
:10370000000AB34890ED001AF4EEC10AF1EE10FA87
:1037100004DDD0ED000AAF48C0ED000A7047AE48A6
:10372000D0ED000AF5EEC00AF1EE10FA06DDD0ED9C
:10373000000A70EEC00AC0ED000A06E0A648D0ED0F
:10374000000A70EE800AC0ED000AA348D0ED000A1E
:103750009F4890ED001AB1EE411AF4EEC10AF1EE65
:1037600010FA07D2D0ED000AF1EE600A9A48C0EDD7
:10377000000A0FE09848D0ED000A954890ED001A35
:10378000F4EEC10AF1EE10FA04DDD0ED000A924821
:10379000C0ED000A70479048D0ED000AF5EEC00A6F
:1037A000F1EE10FA06DDD0ED000A70EE800AC0EDF1
:1037B000000A06E08848D0ED000A70EEC00AC0EDAD
:1037C000000A8548D0ED000A814890ED001AB1EE5C
:1037D000411AF4EEC10AF1EE10FA07D2D0ED000A58
:1037E000F1EE600A7C48C0ED000A0FE07A48D0EDA7
:1037F000000A774890ED001AF4EEC10AF1EE10FAD3
:1038000004DDD0ED000A7448C0ED000A70479FED5A
:10381000732AF0EE421A9FED722AF0EE420A9FEDF3
:10382000712AB0EE420A704A1268704B1B68D01AB7
:10383000B0F5E16F01DDA0F5616010F5E16F01DA2F
:1038400000F5616002EE100AB8EEC22A684A82ED05
:10385000002A021E01DB134600E053421946B1F173
:10386000FF3F17DA012915DD02EE101AF8EEC22A21
:103870009FED603A82EE832A71EEE02AB0EE601A84
:1038800002EE221A5C4A92ED002A22EE012AB0EEE4
:10389000420A08E0584A92ED002AF2EE082A22EE87
:1038A000222AB0EE420A704710B52DED088BB0EE1B
:1038B000408A18EE100A09F006F941EC1B0B9FED47
:1038C0004F0B53EC102B08F0EDFF41EC1A0B09F0F5
:1038D0000DF909EE100A4B48006847F23051884252
:1038E0000ED1B2EE0E0A28EE000A474880ED000A1B
:1038F00090ED001ADFED3B0A9FED3A0AFFF778FAE8
:10390000B5EEC08AF1EE10FA21D13E48006847F2C8
:10391000305188421BD03448006834490968401A45
:1039200038490968081A00EE100AF8EEC08AFFF755
:103930006EFF354880ED000A90ED001A334890ED97
:10394000000AF8EEC00AB0EE680AFFF751FAB5EEC9
:10395000C08AF1EE10FA76D02A48006847F230515A
:1039600088427BD02048006820490968401A2549D0
:103970000968081A00EE100AB8EEC00AF0EE408A94
:103980001D4890ED000AF2EE080A20EE200A1E48BB
:1039900080ED000A90ED001A1C4890ED000AF8EE48
:1039A000C00AB0EE680AFFF723FA164890ED000A45
:1039B000B8EEC00AFFF7B7F9012829D0022830D0A5
:1039C000032837D0042848D13EE000002802002018
:1039D000A801002024020020200200200000C8428C
:1039E00000004842000000001402002000020020F5
:1039F000840100200000E1440402002000000000D7
:103A00000000E03FF40100208C020020E4010020CF
:103A1000B0EE490AFFF70BFEB0EE490AFFF7A4FD2E
:103A20001BE0B0EE490AFFF7B6FEB0EE490AFFF719
:103A3000FEFD12E0B0EE490AFFF735FEB0EE490A8E
:103A4000FFF756FD09E009E0B0EE490AFFF767FE0F
:103A5000B0EE490AFFF788FD00BF00BFFC4890EDBB
:103A6000001AFC48D0ED000AFB4890ED000AFFF771
:103A7000EEF8FA48D0ED000AF8EEE00A80EE801A7F
:103A8000BDEEC10AF64880ED000AF6480068F44928
:103A90000968884203DDF2480068F24908600120A5
:103AA000F1490860BDEC088B10BD10B5044600203C
:103AB000EE490860EE480460FCB90020E94908605E
:103AC0001FED380AEB4880ED000A47F23050EA4912
:103AD0000860EA4908601FED3D0AE94880ED000AE8
:103AE0000020E8490860E8490860E8490860E849BA
:103AF00008601FED440AFFF7D7FE10BD10B5E0487F
:103B000090ED000AB5EEC00AF1EE10FA05D1DD48DD
:103B1000006810B9DC48006890B11FED4E0AD84823
:103B200080ED000A0020D7490860D7490860D948CD
:103B30000068D9490860D24890ED000AFFF7B4FE4A
:103B400010BDD648C0ED000AD54880ED000A704788
:103B500070B52DED028B05460C46B0EE408AC64886
:103B60000068A8420BD1C1480068A04207D1C148F3
:103B700090ED000AB4EE480AF1EE10FA18D0BB48F6
:103B80000460B848006810B90520B6490860C1480B
:103B90000068C1490860B74880ED008AB6480560F2
:103BA0000020C0490860B64890ED000AFFF77CFE8F
:103BB000BDEC028B70BD70B52DED028B0446B0EEEE
:103BC000408A0D46B0480068A0420BD1AC4890ED49
:103BD000000AB4EE480AF1EE10FA03D1A9480068D1
:103BE000A84237D0A448006847F23051884222D119
:103BF00063209E4908600F209A49086047F23050C0
:103C0000844218DA0120A1490860B5EEC08AF1EEBD
:103C100010FA03DD9F480068A04208DCB5EEC08AB8
:103C2000F1EE10FA07D29B480068A04203DAB1EE29
:103C3000480AB0EE408A9448046092480560904873
:103C400080ED008A0020974908608D4890ED000AB9
:103C5000FFF72AFEBDEC028B70BD10B52DED028B77
:103C6000B0EE408A04462146B0EE480A47F2305092
:103C7000FFF7A1FFBDEC028B10BD70B504460D46E9
:103C80001FEDA80A29462046FFF762FF70BD10B558
:103C90002DED088BF0EE408A0446B0EE608AB0EE5F
:103CA000419A764890ED000AB8EEC00AB4EE680A70
:103CB000F1EE10FA0DD16D480068A04209D17248AA
:103CC00090ED000AB8EEC00AB4EE480AF1EE10FA20
:103CD0005ED0BDEEE80A694880ED000A6D4991EDBD
:103CE000000AB8EEC00A38EEC00ABDEEC00A10EEF7
:103CF000100A1FEDC40A2146FFF72AFF6548D0EDE0
:103D0000000AF8EEE00A78EE600AB0EE600AFEF70C
:103D100039FF5FEDCD0AB4EEE00AF1EE10FA14DDE2
:103D20005C4890ED000AB8EEC00AB4EEC08AF1EE2D
:103D300010FA02DDB0EE490A01E0B1EE490A10EED8
:103D4000101A084608F0BFFE13E0524890ED000A32
:103D5000B8EEC00A38EE400A10EE101A084608F015
:103D6000B2FE41EC1B0B9FED500B53EC102B08F0F7
:103D700099FD41EC1A0B08F0B9FE09EE900A0021FA
:103D8000B0EE690AFDEEC80A10EE900AFFF713FFC5
:103D9000BDEC088B10BD10B53C48006801283DDD26
:103DA000394909683B4A1268881AFEF7F8FE052867
:103DB0000CDA364801680068401C344A1060B1F5DE
:103DC000FA7F2BDD0020FFF770FE10BD2F48006842
:103DD000FA2808DD05202549086022490860FB20F3
:103DE0002A49086004E00520204908601D49086050
:103DF0002848006824490968884205DDBFEE000AAA
:103E00001F4880ED000A04E0B7EE000A1C4880ED70
:103E1000000A1B4890ED000AFFF746FD00BFD4E7FB
:103E200010B52DED028B134890ED000AB5EEC00AD7
:103E3000F1EE10FA08D10B48006828B1124800686A
:103E400047F23051884233DBBDEC028B10BD0000DD
:103E50002802002024020020200200208C010020E3
:103E6000E8010020E0010020D8010020E40100204A
:103E7000EC01002008020020F4010020F8010020DD
:103E800004020020DC010020FC0100200C020020C4
:103E9000A40200201402002000020020AC02002036
:103EA000B0020020F0010020FCA9F1D24D62403F99
:103EB000FB48006800280ADDFA4890ED000AB5EEDC
:103EC000C00AF1EE10FA02D0BDEC028B10BDF5482D
:103ED00090ED000AB5EEC00AF1EE10FA7ED0F2487D
:103EE000006847F23051884279D1EE4890ED000ADF
:103EF000B5EEC00AF1EE10FA08DDEC480068EC49B6
:103F00000968401AEB490968884210DBE54890EDE2
:103F1000000AB5EEC00AF1EE10FA7CD2E348006860
:103F2000E34909680844E3490968884273DDE248C7
:103F3000006803285CDADD490968DE4A1268881ADD
:103F4000FEF72DFE0A2816DAD8480068DB4908601B
:103F50000520DB490860D24908609FEDDA0AD148A4
:103F600080ED000A0220D4490860CE4890ED000A96
:103F7000FFF79AFCA8E7CD480068CE490968884257
:103F800037DDCF4890ED000AB8EEC00AC548D0ED45
:103F9000000A60EE200AC64890ED000AB8EEC00A9A
:103FA000C0EE801AB0EE611AB0EE410AFEF7EAFDEB
:103FB000BE490968BF4A1268881AFEF7F0FD00EE94
:103FC000900AB8EEE01AC048D0ED000A40EE010AAF
:103FD000BB4890ED000AB8EEC00A01E09BE045E066
:103FE00080EE801AF0EE418AB0EE680AFFF75CFCC2
:103FF00090E0B34890ED000AB8EEC00AA948D0EDB1
:10400000000A60EE200AAA4890ED000AB8EEC00A45
:10401000C0EE801A00E023E0B0EE611AB0EE410A73
:10402000FEF7B0FDA1490968A24A1268881AFEF796
:10403000B6FD00EE900AB8EEE01AA348D0ED000AF3
:1040400050EE410A9E4890ED000AB8EEC00A80EE9C
:10405000801AF0EE418AB0EE680AFFF725FC59E0BD
:10406000904890ED000AFFF71FFC53E08D4890ED5B
:10407000000AB5EEC00AF1EE10FA1FDD8B4890ED94
:10408000000AB8EEC00A8E48D0ED000AF8EEE00A49
:10409000844890ED001A00EEC10A8C48D0ED000A69
:1040A000F8EEE00A70EE600A824890ED000AB8EE81
:1040B000C00AF4EEC00AF1EE10FA27D3794890ED69
:1040C000000AB5EEC00AF1EE10FA23D2774890ED5F
:1040D000000AB8EEC00A7A48D0ED000AF8EEE00A0D
:1040E000704890ED001A00EEC10A7848D0ED000A41
:1040F000F8EEE00A70EE200A6E4890ED000AB8EE85
:10410000C00AF4EEC00AF1EE10FA03DD9FED6D0A6D
:10411000FFF7CAFBD8E66E490968664A1268881A32
:10412000FEF7D1FCF0EE408AFFF7BEFB5C4800686A
:10413000002815DD674890ED000AB5EEC00AF1EEE3
:1041400010FA0DD1574890ED000AB5EEC00AF1EE15
:1041500010FA05D15548006847F23051884200DA1C
:10416000B2E65B48006853490968441AB4F5E16F48
:1041700001DDA4F5616414F5E16F01DA04F5616411
:10418000201E01DB014600E04142012904DA9FEDD7
:104190004D0AFFF789FB97E6FFF739FBB0EE408A3F
:1041A000B0EE480AFFF780FB00BF8DE600B542483D
:1041B0000068032815DA9FED430A464880ED000A9F
:1041C0009FED400A374880ED000A00204249086010
:1041D00047F23050344908604049086000203349B4
:1041E00008603F480068401C3D4908603D49096837
:1041F000884204DA3C480068FEF720FC0EE03948AB
:104200000068374908603948006820B136480068BE
:10421000FEF714FC02E00020FEF710FC00BD304A5F
:104220001268521C2E4B1A60824207DD244A126823
:104230000A44234B1A600022294B1A60704770B55C
:10424000FEF723FC1B490860FFF7A5FD1448006832
:1042500000284FDD1A48006811490968884257D084
:10426000174800680E49096888420EDA1448006849
:104270001F49096888424BDA11480068FEF796FC2E
:1042800004460121FFF7CBFF42E00D480068FEF72E
:10429000A8FC04464FF0FF31FFF7C1FF38E00000F3
:1042A000E401002004020020F4010020FC010020B1
:1042B000C4010020140200200C0200201002002083
:1042C000E001002000000000A4010020C001002047
:1042D0000002002008020020DC010020F80100207C
:1042E000F0010020CC010020C8010020A402002021
:1042F000E8010020FE480068002806DD4FF0FF318D
:10430000FC480068FFF78BFF02E0FFF74FFF70BD2E
:10431000F9480068F9490968884205D0FFF780FD2F
:10432000F6480068F4490860F5480068E8B3F048CA
:10433000D0ED000AF8EEE00AF24890ED001A60EEC7
:10434000810AB0EE600AFEF7A5FB0446E848D0ED0E
:10435000000AF8EEE00AEC4890ED001A60EE810ADF
:10436000B0EE600AFEF796FB0546E148D0ED000A84
:10437000F8EEE00AE54890ED001A60EE810AB0EE32
:10438000600AFEF787FB064622462946FEF7F4FA46
:10439000DF4890ED000ABDEEC00A10EE102ADD489D
:1043A00090ED000ABDEEC00A00E00AE010EE101A1F
:1043B000D94890ED000ABDEEC00A10EE100AFEF7D3
:1043C00036FB00BFA3E7D54801680068401CD34A0C
:1043D0001060142907D2D248C089D249096808441C
:1043E000D04908600BE0CF4800681421B0FBF1F021
:1043F000CD4908600020C9490860CA490860CB4817
:1044000001680068401CC94A1060142907D2C448DA
:104410004089C74909680844C54908600BE0C44899
:1044200000681421B0FBF1F0C24908600020BF49C8
:104430000860BF490860C04801680068401CBE4A67
:104440001060322907D2B6480089BC49096808447F
:10445000BA4908600BE0B94800682821B0FBF1F0C8
:10446000B74908600020B4490860B4490860B548FD
:1044700001680068401CB34A1060322907D2A8487E
:104480008089B14909680844AF4908600BE0AE482B
:1044900000682821B0FBF1F0AC4908600020A94970
:1044A0000860A9490860AA4801680068401CA84A39
:1044B00010600A2907D29A488088A64909680844EA
:1044C000A44908600BE0A34800680A21B0FBF1F0A2
:1044D000A149086000209E4908609E4908609F48E5
:1044E00001680068401C9D4A1060322907D28C4840
:1044F00000889B4909680844994908600BE098487E
:1045000000683221B0FBF1F0964908600020934921
:10451000086093490860944801680068401C924A0A
:104520001060322907D27E484088904909680844C3
:104530008E4908600BE08D4800683221B0FBF1F035
:104540008B490860002088490860884908607047E6
:104550008848006888490968884203DA8648006804
:10456000844908608348006884490968884203DDFB
:10457000824800687F4908607A4909687D4A126864
:10458000881A002801DB014600E04142022932DDA1
:104590007448006877490968884204DD0120784939
:1045A00081F8220003E00020754981F822006D495E
:1045B0000968704A1268881A002801DB014600E089
:1045C000414289006F4A1160104600686E490968CF
:1045D000884203DD6C48006811460860694800683D
:1045E000642802DA642067490860664800786449F4
:1045F00081F8230003E00020614981F8230070471F
:104600006248006862490968884203DA60480068C5
:104610005E4908605D4800685E490968884203DDBC
:104620005C4800685949086051490968574A12684E
:10463000881A002801DB014600E04142072932DDEB
:104640004B48006851490968884204DD00204C4904
:1046500081F8320003E00120494981F832004449E1
:1046600009684A4A1268881A002801DB014600E0FE
:1046700041428900434A1160104600684649096872
:10468000884203DD44480068114608603D480068E0
:104690005A2802DA5A203B4908603A4800783849DB
:1046A00081F8330003E00020354981F8330070477A
:1046B00010B53A48407800F02000B8B12D480068A5
:1046C0002E490968884270DA3448807970B93348D5
:1046D000407800F0020048B93048407800F001000E
:1046E00020B924480068401C224959E05DE00000E0
:1046F000E0010020EC01002018020020140200203C
:10470000D8010020280200202402002020020020DE
:10471000400200203C020020380200207C030020E0
:104720002006002080030020980000208403002041
:1047300088030020040000208C0300209003002048
:10474000A000002094030020980300209C0000207B
:104750009C030020A0030020A4000020B40300203C
:10476000B8030020B4000020AC030020B0030020F8
:10477000AC000020240300201C03002020030020A4
:1047800008000020540300203403002030030020E0
:10479000280300202C0300203C0300206C0600208E
:1047A0000860962007F056FB1FE0FA48407800F0BA
:1047B0000400D0B1F8480068F8490968884214DD5F
:1047C000F448807988B9F348407800F0020060B975
:1047D000F048407800F0010038B9EF480068401E0A
:1047E000ED490860962007F035FB10BD10B5E9488B
:1047F000407800F0200068B3E648407800F00200FE
:1048000040B3E448807928BBE248C07910BBE44853
:104810000078C043E249087011E0012007F01AFB5C
:10482000DF48007830B900224FF40041DD4804F041
:104830002FF904E00122D103DA4804F029F9D54820
:10484000407800F0200028B1D248407800F0020003
:104850000028E2D110BD10B5CE48407800F0080025
:1048600060B3CC48407800F0020038B3C948807982
:1048700020BBC848C07908BBCB480078C043CA49B0
:10488000087010E0012007F0E5FAC748007828B961
:1048900000224021C54804F0FBF804E00122402139
:1048A000C24804F0F5F8BB48407800F0080028B191
:1048B000B848407800F002000028E3D110BD10B5E0
:1048C000B448407800F0040060B3B248407800F08B
:1048D000020038B3AF48807920BBAE48C07908BB2E
:1048E000B3480078C043B249087010E0012007F0D7
:1048F000B1FAAF48007828B900220121AB4804F092
:10490000C7F804E001221146A84804F0C1F8A14804
:10491000407800F0040028B19E48407800F0020082
:104920000028E3D110BD10B59A48407800F010007F
:1049300098B39848407800F0020070BB95488079A1
:1049400058BB9448C07940B39A480078C04399490D
:10495000087011E0002098490870012007F07AFAE9
:104960009448007820B90020944981F82B0003E096
:10497000FA20924981F82B008648407800F0100018
:1049800058B18448807940B98248407800F00200EC
:1049900018B98048C0790028DCD110BD10B5FA20C4
:1049A000874908604FF4AF707B49086001221146C7
:1049B0007E4804F06DF8012240217C4804F068F83C
:1049C00042F2107007F046FA0122D103754804F054
:1049D0005FF84FF4FA5007F03DFA00224021734887
:1049E00004F056F84FF4FA5007F034FA00224FF46E
:1049F00000416C4804F04CF810BD6648407800F067
:104A0000200088B36348407800F0020060BB614832
:104A1000C07948BB5F48807930BB6A4800686A4902
:104A20000968884221DA5B48407800F0010058B1FB
:104A300065480068143863490968884204DDFA2033
:104A40005E4981F8230003E028205C4981F82300B7
:104A500000205A4981F822005A4800684E490860EF
:104A600001205A4908603BE0FFE74A48407800F0DF
:104A7000040088B34748407800F0020060BB454816
:104A8000C07948BB4348807930BB4E4800684349F1
:104A90000968884221DD3F48407800F0010058B1A4
:104AA000484801683D4800681430814204DDFA201E
:104AB000424981F8230003E01420404981F8230093
:104AC00001203E4981F822003E48006832490860D2
:104AD00001203E49086003E0FFE700203B490860F1
:104AE00070472C4840791E2827DA394800680A3870
:104AF00038490968884220DD2648407800F00100E6
:104B000058B133480068283832490968884204DDC2
:104B1000FA202A4981F8330003E06420274981F80C
:104B200033000120254981F832002A4800682A49CB
:104B3000086001202949086057E016484079E628B6
:104B400050DD24480168264800680A30814249DD6A
:104B50001048407800F0010058B11E480168204814
:104B600000682830814204DDFA20144981F83300BE
:104B700003E06420114981F8330000200F4981F8D7
:104B80003200144800681449086001201349086085
:104B90002BE000006C060020240300201C030020F2
:104BA0004C030020000C02404D0300200004024092
:104BB0004E0300204F030020D102002008000020F7
:104BC00034030020B40000202003002078030020DC
:104BD0002C030020AC0000203003002074030020D0
:104BE000280300200020F649086070472DE9F05F97
:104BF00082460D4614461E46DDE90B9BDDF82880F3
:104C0000F0490968881B002801DB014600E04142A9
:104C100001FB0BF74F4500DD4F46EA480068801B5B
:104C2000404510DAE81B00EE900AF8EEE00AB0EE1C
:104C3000600A9FEDE51A00EE904AF8EEE00A504651
:104C4000FFF725F822E0DF480068801B404510DDB3
:104C5000E81900EE900AF8EEE00AB0EE600A9FED67
:104C6000DA1A00EE904AF8EEE00A5046FFF70FF825
:104C70000CE09FEDD51A00EE104AF8EEC00A50463F
:104C800000EE105AB8EEC00AFFF701F8BDE8F09F39
:104C90002DE9F05F82460D4614461E46DDE90B9B6A
:104CA000DDF82880C9490968881B002801DB014616
:104CB00000E0414201FB0BF74F4500DD4F46C34882
:104CC0000068801B404510DAE81900EE900AF8EE03
:104CD000E00AB0EE600A9FEDBC1A00EE904AF8EED2
:104CE000E00A5046FEF7D3FF22E0B8480068801B78
:104CF000404510DDE81B00EE900AF8EEE00AB0EE49
:104D0000600A9FEDB11A00EE904AF8EEE00A5046B4
:104D1000FEF7BDFF0CE09FEDAC1A00EE104AF8EE76
:104D2000C00A504600EE105AB8EEC00AFEF7AFFFB8
:104D3000BDE8F09F2DE9F05F07460C4693461D46FF
:104D4000DDE90B9ADDF82880A0490968481B002896
:104D500001DB014600E0414201FB0AF64E4500DD61
:104D60004E469A480068401B404504DAA01939466F
:104D7000FEF783FF0DE095480068401B404504DDC9
:104D8000A01B3946FEF779FF03E039462046FEF7BF
:104D900074FFBDE8F09F2DE9F05F82460D46144692
:104DA0001E46DDE90B9BDDF8288089490968881BD0
:104DB000002801DB014600E0414201FB0BF74F45B3
:104DC00000DD4F4682480068801B404510DAE81934
:104DD00000EE900AF8EEE00AB0EE600A9FED7D1A50
:104DE00000EE904AF8EEE00A5046FEF750FF22E04F
:104DF00077480068801B404510DDE81B00EE900AF4
:104E0000F8EEE00AB0EE600A9FED721A00EE904AEA
:104E1000F8EEE00A5046FEF73AFF0CE09FED6E1AFE
:104E200000EE104AF8EEC00A504600EE105AB8EEF6
:104E3000C00AFEF72CFFBDE8F09F10B56748407828
:104E400000F00200E0B96548C079C8B16348407815
:104E500000F02000A0B11021614803F0FBFD012803
:104E60000ED1C8205F4908605F480068C8385F49B4
:104E70000860FA205E4981F82B0001205D49087026
:104E80001021574803F0E6FD002838D15948007832
:104E9000012834D100205849086011E01021504801
:104EA00003F0D8FD012803D10020534908600BE02E
:104EB000022006F0CFFF50480068401C4E490860B1
:104EC0004D4800689628E9DB00BF4B4800689128F0
:104ED00015DDFA20434908604348006800F5A070DA
:104EE00042490860FA20424981F82B004349086092
:104EF00040F263304249086002203E49087010BD0C
:104F0000FA22384B1A60394A1060FA223B4B1A6079
:104F10003B4A1160704710B5FDF7B3FDC82006F09D
:104F200099FFC8202F4908604FF4D7702F490860B7
:104F30004FF451703249086000224021314803F09B
:104F4000A7FD002201212F4803F0A2FD00224FF40B
:104F500000412D4803F09CFD00202C49086010BD45
:104F60000EB51E48807832286FDA2948006800F5AF
:104F70004D702849086006E0012006F06BFFFBF742
:104F8000C7FC00B106E04FF48051154803F062FD04
:104F90000128F1D000BF0F201E2102223523CDE9C8
:104FA0000021029000221C492820FFF7F4FE35E082
:104FB000012006F04FFFFBF7ABFC00B138E02DE01D
:104FC00074030020A0000020CDCCCC3D9C0000202C
:104FD000040000203333333FB81E453F6C060020E9
:104FE0000010024034030020B400002024030020FD
:104FF00008000020D1020020E00200203C03002035
:105000003003002000040240000C0240CC000020CD
:1050100014020020040300207CFCFFFF4FF48051A9
:10502000FD4803F017FD18B9FC4800686A28BFDC8A
:1050300000BF0F21FA48FEF720FE00219FEDF90A7C
:1050400040F25230FEF7B7FD07E012E0012006F013
:1050500001FFFBF75DFC00B105E0F3480068F34990
:1050600009688842F2DB00BFFDF70BFD0020FEF768
:105070001CFDEF488078C82843DDEB480068A0F5A8
:105080004D70EA4908600F20142102223523CDE932
:105090000021029000224FF461712820FFF77BFE6F
:1050A00006E0012006F0D6FEFBF732FC00B108E076
:1050B0000821E04803F0CEFC18B9DF4800686A28F0
:1050C000EFDC00BF0F214FF4FA70FEF7D6FD002190
:1050D0009FEDDA0ADA48FEF76EFD06E0012006F0E1
:1050E000B9FEFBF715FC00B105E0CF480068CF49D9
:1050F00009688842F2DC00BFFDF7C3FC0020FEF720
:10510000D4FC0EBD73B52DED028B142505269FED45
:10511000CD0AB0EE408AC6480079322805DBC44883
:105120000079C82801DC012000E000200446C048C6
:10513000007800F00800D0B9BD48007800F01000F9
:10514000A8B9BB48007800F0200080B9B8480078C2
:1051500000F0400058B954B1B548407800F0400024
:1051600028B90020FEF7A1FCBDEC028B7CBDB04845
:10517000407800F0010030B19DF80C509FEDB20A6C
:10518000B0EE408A05E09DF808501FED6E0AB0EEC3
:10519000408AA748007800F00800E0B1A4480078F1
:1051A00000F01000B8B9A248007800F0200090B9D3
:1051B0009F48007800F0400068B99D48407800F0B2
:1051C000020040B99A48C07928B929464FF4E160F5
:1051D000FEF753FDC2E09648007800F0080098B949
:1051E0009348007800F0100070B19148007800F00A
:1051F000200048B98E48007800F0400020B92946C8
:105200000020FEF73AFDA9E08948007800F0080088
:10521000E0B98748007800F01000B8B984480078F9
:1052200000F0200090B18248007800F0400068B99A
:105230007F48407800F0020040B97D48C07928B925
:1052400029467F483230FEF718FD87E0784800781D
:1052500000F00800E0B97648007800F01000B8B916
:105260007348007800F0200090B97148007800F091
:10527000400068B16E48407800F0020040B96C48C8
:10528000C07928B929464FF46170FEF7F6FC65E055
:105290006748007800F0080098B16548007800F091
:1052A000100070B96248007800F0200048B16048F2
:1052B000007800F0400020B929466448FEF7DDFC84
:1052C0004CE05B48007800F00800A0B15848007836
:1052D00000F0100078B95648007800F0200050B96E
:1052E0005348007800F0400028B1294640F246506B
:1052F000FEF7C3FC32E04E48007800F00800A0B989
:105300004B48007800F0100078B14948007800F070
:10531000200050B14648007800F0400028B92946E6
:105320003F481430FEF7A9FC18E04148007800F02F
:10533000080098B93E48007800F0100070B13C4871
:10534000007800F0200048B93948007800F04000AB
:1053500020B129464FF4E170FEF78FFC3448007805
:1053600000F00800D0B93248007800F01000A8B969
:105370002F48007800F0200080B92D48007800F018
:10538000400058B954B1FDF772FB38B12848407855
:1053900000F0400010B90020FEF787FB14B1FEF7C3
:1053A000ADFB27E02248007932280EDAFDF75FFBDB
:1053B00028B10020B1EE480AFEF74FFC1AE00020A9
:1053C000B1EE480AFEF749FC14E019480079C828F4
:1053D0000EDDFDF74CFB28B10020B0EE480AFEF7C9
:1053E0003CFC07E00020B0EE480AFEF736FC01E086
:1053F000FEF784FB00BFB7E610B5002014498870A3
:105400000821054803F026FB012823D1022010497A
:10541000C870012010BD0000001002409C00002058
:105420002AFEFFFFCDCC4C3F1402002004030020D5
:105430006C060020000C0240A0000020CDCC4CBF28
:105440004AFCFFFF000000006666663FBAFAFFFFF5
:10545000080000206420FA49C870002010BD10B573
:105460000821F84803F0F6FA01280BD1F648007835
:1054700040B96420F249C8700020F4490860F4493A
:10548000086010BDFBF79CFA041E01DB204600E01B
:105490006042F0490968884208DDEB48007801283D
:1054A00004D10220E649C8700120EAE71E20E44941
:1054B000C8700120E44908700020E2E710B5002020
:1054C000DF4988740121DF4803F0C4FA012804D1C0
:1054D0000220DB49C874012010BD6420D849C8747B
:1054E0000020F9E710B50121D64803F0B3FA0128EE
:1054F0000CD1D948007848B96420D149C87400203B
:105500004FF080414862D549086010BDFBF7A0FA12
:10551000041E01DB204600E06042D1490968884250
:1055200008DDCD480078012804D10220C449C874A0
:105530000120EAE71E20C249C8740120C64908704C
:105540000020E2E710B50120BD4988724103C5483B
:1055500003F080FA012804D10220B949C872012061
:1055600010BD6420B649C8720020F9E710B54FF4A9
:105570000051BC4803F06EFA01280BD1BA480078FC
:1055800040B96420AE49C8720020B8490860B849E3
:10559000086010BDFBF7A6FA041E01DB204600E000
:1055A0006042B4490968884208DDAF4800780128A4
:1055B00004D10220A249C8720120EAE71E20A049B6
:1055C000C8720120A84908700020E2E710B52DED4F
:1055D000048BFBF7F5F9A8490968441A002C01DB94
:1055E000204600E06042002839DDFBF7E9F9A249D6
:1055F0000968884203DD01209149887002E000209B
:105600008F498870FBF7DCF99B490968441A002C24
:1056100001DB214600E06142084607F024FA41EC34
:10562000190B9FED960B53EC102B07F03BF941EC57
:10563000180B07F029FA9349086008460068C82843
:1056400001DDC82008608F4800680A2802DA0A20B5
:105650008C4908608B4800787949C87002E00220C4
:105660007749C870BDEC048B10BD10B52DED048BCF
:10567000FBF7EEF984490968441A002C01DB204647
:1056800000E06042002839DDFBF7E2F97E49096855
:10569000884203DD01206A49887402E000206849DD
:1056A0008874FBF7D5F978490968441A002C01DBA6
:1056B000214600E06142084607F0D5F941EC190B9C
:1056C0009FED6E0B53EC102B07F0ECF841EC180B30
:1056D00007F0DAF96B49086008460068C82801DD60
:1056E000C8200860674800680A2802DA0A2065496D
:1056F0000860644800785249C87402E002205049AA
:10570000C874BDEC048B10BD10B52DED048BFBF7F8
:10571000E9F95E490968441A002C01DB204600E0E3
:105720006042002839DDFBF7DDF9584909688842F5
:1057300003DD00204249887202E00120404988725E
:10574000FBF7D0F951490968441A002C01DB2146C6
:1057500000E06142084607F086F941EC190B9FED25
:10576000470B53EC102B07F09DF841EC180B07F09A
:105770008BF94449086008460068C82801DDC82044
:105780000860404800680A2802DA0A203D4908609B
:105790003C4800782A49C87202E002202849C872B1
:1057A000BDEC048B10BD3EB50546C82038490860E5
:1057B00040F26110374908604FF451703649086073
:1057C000002419E012E01E20C82102222B46CDE958
:1057D000002102900A2200213220FFF707FA01205F
:1057E00006F038FBFBF794F800B103E02B480068A3
:1057F0001928E8DB00BF641C40F226208442E1DB6C
:1058000001221146264803F043F901224021244891
:1058100003F03EF900244CE045E01E205021012217
:105820002B46CDE9002102900A2200211920FFF722
:10583000DDF9012006F00EFBFBF76AF890B336E0C5
:1058400008000020001002405003002024080040FF
:10585000840000205C030020510300206C00002025
:10586000600300200008024053030020240C004085
:105870007400002064030020500200209A99999936
:105880009999E93F54030020540200205802002057
:10589000340300202403002030030020A000002057
:1058A00000040240FFE7FE4800681028B5DC00BF96
:1058B000641C40F226208442AEDBFCF7B2FCB6EE5C
:1058C000001AF2EE0C0A0C209FEDF60AFEF7DFF943
:1058D00006E0052006F0BEFAFBF71AF800B105E075
:1058E000FBF71FF841F288318842F2DB00BFB6EEC9
:1058F000001AF2EE0C0A0C209FEDEA0AFEF7C7F937
:10590000002410E006E0012006F0A4FAFBF700F8FE
:1059100000B106E04FF40041E34803F09BF8012892
:10592000F1D000BF641CC82CECDB0020FEF7BDF8F2
:10593000FA20DE4908604FF48270DD4908604FF4B8
:10594000FA6006F087FA0122D103DA4803F0A0F8E2
:105950004FF47A6006F07EFA00224021D64803F028
:1059600097F840F6B83006F075FAFA20CF4908608B
:105970004FF49170CE4908604FF4FA6006F06AFA6D
:1059800000224FF40041CB4803F082F84FF4FA6054
:1059900006F060FAFA20C54908604FF4BE70C449A9
:1059A0000860002423E01CE0C4480068A52804DA4D
:1059B00000220121C04803F06BF81E204FF4AF71A4
:1059C00002229123CDE9002102900E2200212820FD
:1059D000FFF75EF9012006F03DFAFAF799FF00B1F2
:1059E00003E0B64800689128DEDC00BF641C40F28A
:1059F00026208442D7DBC820B14981F82700012046
:105A000081F82600FA20A94908604FF4F070A849EF
:105A10000860002424E01DE04FF40041A24803F098
:105A200019F8012803D10020A54981F82700052095
:105A3000642102229123CDE9002102900E2200214F
:105A40001920FFF725F9012006F004FAFAF760FFA4
:105A500000B103E09B4800688228DDDC00BF641CC5
:105A6000642CD8DBFCF77FF90020954981F82700EA
:105A7000002420E012E00520642102229223CDE9D7
:105A800000210290082200211046FFF701F90120B1
:105A900006F0E0F9FAF73CFF00B10AE04FF40051DC
:105AA000814802F0D7FF012803D1864800686E289C
:105AB000E1DC00BF641C282CDCDB0020FDF7F5FFD7
:105AC0003EBD10B5FA207E4981F82F00400006F057
:105AD000C1F996207A4981F82700012081F8260033
:105AE0004FF47A7006F0B6F90020754981F8270066
:105AF00081F82F00FCF795FBB6EE001ADFED690A7E
:105B00001E209FED710AFEF7C2F806E0052006F0A0
:105B1000A1F9FAF7FDFE00B105E0FAF702FF40F641
:105B2000B8318842F2DB00BF00206849086011E00C
:105B300006E0012006F08EF9FAF7EAFE00B103E074
:105B4000604800684B28F4DC00BF60480068401CD7
:105B50005E4908605D4800686428E9DB0020FDF7C5
:105B6000A4FF10BD10B5FCF78CFF4FF4FA6006F0EF
:105B700071F996204D4908604FF401704C49086056
:105B800040F24D30524908609FED521ADFED450A50
:105B900046209FED510AFEF77AF800204B49086035
:105BA00011E006E0012006F055F9FAF7B1FE00B168
:105BB00003E0444800686428F4DB00BF4348006801
:105BC000401C4249086041480068B0F5FA7FE8DBB4
:105BD00000203E49086013E006E0012006F03AF993
:105BE000FAF796FE00B105E00821324802F032FFD4
:105BF0000028F2D000BF35480068401C33490860D7
:105C000032480068B0F5FA7FE6DB9FED321ADFED2F
:105C1000250A46209FED300AFEF739F800202B496F
:105C2000086011E006E0012006F014F9FAF770FEB2
:105C300000B103E023480068C828F4DC00BF234813
:105C40000068401C2149086020480068B0F5FA7FD0
:105C5000E8DB9FED201ADFED130A46209FED1E0AB8
:105C6000FEF715F800201949086013E006E001204E
:105C700006F0F0F8FAF74CFE00B105E008210D48F7
:105C800002F0E8FE0128F2D000BF10480068401C76
:105C90000E4908600D480068B0F5FA7FE6DB1DE0AC
:105CA000A00000200000000000100240340300208B
:105CB00024030020000C0240000402409C0000204D
:105CC0000800002004000020008009C4E002002039
:105CD00030030020CDCCCC3D000061C41FED031A81
:105CE0005FED100A1E201FED040AFDF7D0FF002013
:105CF000FA49086011E006E0012006F0ABF8FAF777
:105D000007FE00B103E0F64800686428F4DB00BF3A
:105D1000F2480068401CF1490860F0480068B0F59E
:105D2000FA7FE8DB1FED151A5FED220A14201FED44
:105D3000160AFDF7ACFF0020E849086011E006E014
:105D4000012006F087F8FAF7E3FD00B103E0E5482B
:105D500000680728F4DC00BFE0480068401CDF4909
:105D60000860DE48006840F226218842E7DB1FED2C
:105D7000271A5FED340A08201FED290AFDF787FF77
:105D80000020D649086013E006E0012006F062F822
:105D9000FAF7BEFD00B105E08021D34802F05AFEBB
:105DA0000128F2D000BFCD480068401CCB490860F4
:105DB000CA48006840F226218842E5DB0020FDF752
:105DC00074FE10BDFEB505460E461446FFF7CAFE2A
:105DD0004FF4FA6006F03EF81FED421A5FED4F0AED
:105DE00014201FED500AFDF752FF0020BB49086048
:105DF00019E00DE09620BD4908604FF44370BC499E
:105E00000860012006F026F8FAF782FD00B104E0F0
:105E1000B3480068B0F5EE7FECDA00BFAF48006829
:105E2000401CAE490860AD480068FA28E1DB1FED70
:105E3000571A5FED640A32201FED660AFDF727FF4F
:105E40000020A649086019E00DE09620A7490860E7
:105E50004FF44370A6490860012005F0FBFFFAF7F4
:105E600057FD00B104E09E480068B0F5C87FECDC47
:105E700000BF9A480068401C98490860974800682D
:105E8000FA28E1DB00209549086023E018E096201D
:105E9000964908604FF44370954908601E2002211E
:105EA0002B460022CDE90014029011464620FEF751
:105EB000EFFE022005F0CEFFFAF72AFD00B103E065
:105EC00087480068C828E2DC00BF84480068401C9E
:105ED0008249086081480068FA28D7DB00207F49A2
:105EE000086023E018E096208049086040F21130F5
:105EF0007F4908601E2002212B460022CDE90014B4
:105F0000029011463220FEF7C3FE022005F0A2FFE8
:105F1000FAF7FEFC00B103E0714800686E28E2DC8D
:105F200000BF6E480068401C6C4908606B48006800
:105F3000B0F5FA7FD6DB0020684908602AE01FE050
:105F400096206A49086040F2113069490860C8200B
:105F50006849086040F25D2067490860142002210A
:105F60002B460022CDE90014029011460F20FEF7C7
:105F70008FFE012005F06EFFFAF7CAFC00B103E0C6
:105F8000574800684B28DBDC00BF54480068401CC1
:105F90005249086051480068B0F5FA7FCFDB002015
:105FA0004E49086011E006E0022005F053FFFAF7C1
:105FB000AFFC00B103E04A4800682828F4DC00BFC9
:105FC00046480068401C4549086044480068B0F5F0
:105FD000FA7FE8DB1E20FDF768FDFEBD0EB5072148
:105FE0004FF4E160FDF749FE00203C49086014E0F1
:105FF00006E0012005F02EFFFAF78AFC00B106E06A
:106000004FF48061384802F025FD0128F1D000BF2F
:1060100032480068401C3149086030480068B0F5DB
:10602000FA7FE5DB0020FDF740FD00202B490860EA
:106030001EE013E01420322102223923CDE9002191
:10604000029000224FF461712820FEF7A4FE012087
:1060500005F000FFFAF75CFC00B103E02748006898
:106060006E28E7DC00BF1D480068401C1B49086023
:106070001A480068B0F5FA7FDBDB14214FF4617039
:10608000FDF7FBFD00201549086011E006E0012046
:1060900005F0E0FEFAF73CFC00B103E017480068A9
:1060A0001A28F4DC00BF0D480068401C0B4908604A
:1060B0000A480068B0F5FA7FE8DB1E210020FDF7F2
:1060C000DCFD00200549086025E019E0012005F00D
:1060D000C1FEFAF71DFC98B117E00000E0020020B5
:1060E000040000209C000020001002403403002027
:1060F000240300203C03002030030020A0000020E7
:10610000FC480068B0F5D97FE0DA00BFFA480068C3
:10611000401CF9490860F8480068B0F5FA7FD4DB04
:106120000020F54908601DE012E01420322102220F
:106130000523CDE900210290002211462820FEF718
:10614000A7FD012005F086FEFAF7E2FB00B103E0AF
:10615000E84800686F28E8DC00BFE7480068401C9A
:10616000E5490860E4480068B0F5FA7FDCDB0A2105
:106170000020FDF782FD0020DF49086011E006E005
:10618000012005F067FEFAF7C3FB00B103E0D94830
:1061900000683C28F4DC00BFD7480068401CD649A2
:1061A0000860D5480068B0F5FA7FE8DB0020FDF70D
:1061B0007CFC0EBD2DE9F04104460D4616461F46F7
:1061C0009FEDCE1ADFEDCE0A1E209FEDCE0AFDF721
:1061D0005EFD0020C849086011E006E0012005F0DE
:1061E00039FEFAF795FB00B103E0C748006828289C
:1061F000F4DC00BFC0480068401CBF490860BE48CE
:106200000068B0F5FA7FE8DB0020FDF74EFC1421B2
:1062100040F63400FDF731FD00219FEDBC0ABC487B
:10622000FDF7C9FC0DE0FA20BA4908604FF4707020
:10623000B9490860012005F00DFEFAF769FB00B1CD
:1062400005E0B6480068B2491E318842EBDC00BF69
:10625000FDF754FC9FEDA91ADFEDAA0A19209FED66
:10626000B00AFDF714FD0020A349086015E00AE01C
:1062700039463046FEF744FE012005F0EBFDFAF703
:1062800047FB00B103E0A7480068A842F0DB00BF6D
:1062900099480068401C9849086097480068B0F524
:1062A000FA7FE4DB9FED951ADFED960A07209FED5C
:1062B0009C0AFDF7ECFC00208F49086011E006E025
:1062C000012005F0C7FDFAF723FB00B103E0954874
:1062D0000068A042F4DB00BF87480068401C864984
:1062E000086085480068B0F5FA7FE8DB0020FDF71C
:1062F000DCFB07210020FDF7C0FC00207E49086080
:1063000011E006E0032005F0A5FDFAF701FB00B15E
:1063100003E0784800682728F4DC00BF764800686E
:10632000401C7549086074480068B0F5FA7FE8DBE6
:106330001E20FDF7BAFBBDE8F081FEB504460D4610
:1063400016461F469FED6D1ADFED6D0A1E209FED6C
:106350006D0AFDF79CFC00206749086011E006E02B
:10636000012005F077FDFAF7D3FA00B103E06648A3
:1063700000683C28F4DC00BF5F480068401C5E49B0
:1063800008605D480068B0F5FA7FE8DB0020FDF7A3
:106390008CFB9FED5A1ADFED5A0A28209FED620A06
:1063A000FDF775FC00205449086011E006E001206B
:1063B00005F050FDFAF7ACFA00B103E0524800686E
:1063C0000F28F4DC00BF4C480068401C4A490860B4
:1063D00049480068B0F5FA7FE8DB9FED541ADFED1D
:1063E000480A28209FED4E0AFDF751FC0020424943
:1063F000086011E006E0012005F02CFDFAF788FAAC
:1064000000B103E0404800689628F4DB00BF3A483A
:106410000068401C3849086037480068B0F5FA7FCA
:10642000E8DBFBF7FEFE9FED411ADFED350A142095
:106430009FED3F0AFDF72BFC00202F49086012E07A
:1064400006E0012005F006FDFAF762FA00B104E06B
:10645000FAF767FAB0F57A6FF3DC00BF26480068F8
:10646000401C2549086024480068B0F5FA7FE7DB46
:106470000020FDF71AFB9FED211ADFED210A142001
:106480009FED200AFDF703FC00201B49086012E085
:1064900006E0012005F0DEFCFAF73AFA00B104E06C
:1064A00020480068B0F5A27FF3DD00BF1248006805
:1064B000401C1149086010480068B0F5FA7FE7DB1E
:1064C00000200D4908603FE034E014206FF03101F6
:1064D00002222823CDE90021029000220C491E202F
:1064E000FEF759FC012005F0B5FCFAF711FA00B1EE
:1064F00024E01FE004000020E0020020CDCC4C3E50
:1065000000000000000061C49C000020333333BF52
:106510007CFCFFFF34030020240300201402002031
:106520000000E144A00000200080D4C4CDCCCC3DCC
:106530000000AFC4F9480068A842C6DB00BFF848B5
:106540000068401CF6490860F5480068B0F57A7F9D
:10655000BADB0020F249086022E017E014206FF057
:10656000310102222823CDE9002102900022ED49C9
:106570000A20FEF710FC39463046FEF7C1FC012028
:1065800005F068FCFAF7C4F900B103E0E3480068DD
:10659000A042E3DB00BFE2480068401CE04908601D
:1065A000DF480068FA28D8DB0020FDF77EFA0020DB
:1065B000DB49086015E00AE007210020FDF75DFBDC
:1065C000012005F047FCFAF7A3F900B103E0D64833
:1065D00000682828F0DC00BFD1480068401CD04982
:1065E0000860CF480068B0F5FA7FE4DB0020FDF7D3
:1065F0005CFAFEBD2DE9F04104460D4616461F46E5
:106600001FED421A5FED420A1E201FED420AFDF700
:106610003EFB0020C249086011E006E0012005F0C1
:1066200019FCFAF775F900B103E0C048006870285A
:10663000F4DC00BFBA480068401CB9490860B8489B
:106640000068B0F5FA7FE8DB0020FDF72EFA1FEDB9
:10665000551A5FED550A0A201FED570AFDF717FB83
:106660000020AF49086011E006E0012005F0F2FBD0
:10667000FAF74EF900B103E0AB4800688A28F4DC71
:1066800000BFA7480068401CA5490860A4480068EE
:10669000B0F5FA7FE8DB0721A548FDF7EEFA002107
:1066A000B8EE000AA348FDF786FA0DE0FA20A249E9
:1066B00008604FF47070A1490860012005F0CAFB22
:1066C000FAF726F900B105E09D4800689949323192
:1066D0008842EBDC00BFFDF711FA1FED6C1ADFED0D
:1066E000990A14201FED790AFDF7D1FA00208C4990
:1066F000086012E006E0012005F0ACFBFAF708F9AB
:1067000000B104E085480068B0F5167FF3DC00BFF7
:1067100083480068401C8249086081480068B0F5E1
:10672000FA7FE7DB1FED7F1ADFED860A19201FEDE8
:106730008B0AFDF7ACFA00207949086011E006E009
:10674000012005F087FBFAF7E3F800B103E0734896
:106750000068A842F4DC00BF71480068401C704922
:1067600008606F480068B0F5FA7FE8DB1FED911A0A
:10677000DFED740A07201FED9D0AFDF788FA00205F
:106780006749086015E00AE039463046FEF7B8FB75
:10679000012005F05FFBFAF7BBF800B103E05F48AA
:1067A0000068A042F0DC00BF5D480068401C5C4906
:1067B00008605B480068B0F5FA7FE4DB0020FDF775
:1067C00074F907210020FDF758FA002054490860A9
:1067D00011E006E0032005F03DFBFAF799F800B15F
:1067E00003E0514800682828F4DC00BF4C480068EA
:1067F000401C4B4908604A480068B0F5FA7FE8DB66
:106800001E20FDF752F9BDE8F0812DE9F041044664
:106810000D4616461F461FEDC71A5FEDC70A1E201C
:106820001FEDC80AFDF733FA00203D49086011E06A
:1068300006E0012005F00EFBFAF76AF800B103E06C
:106840003A4800687028F4DC00BF35480068401CF6
:106850003349086032480068B0F5FA7FE8DB002071
:10686000FDF723F91FEDDB1A5FEDDB0A0A201FEDB0
:10687000DC0AFDF70CFA00202949086011E006E067
:10688000012005F0E7FAFAF743F800B103E02648E3
:1068900000688A28F4DC00BF21480068401C2049B9
:1068A00008601F480068B0F5FA7FE8DB0721204840
:1068B000FDF7E3F90021B8EE000A1E48FDF77BF969
:1068C0000DE0FA201C4908604FF470701B49086005
:1068D000012005F0BFFAFAF71BF800B105E01848EF
:1068E000006814490A318842EBDC00BFFDF706F965
:1068F0001FEDF21ADFED130A14209FED130AFDF7C6
:10690000C6F90020064908602BE01FE0012005F0D1
:10691000A1FAF9F7FDFFC8B11DE00000A0000020BA
:10692000E00200207CFCFFFF040000209C0000200F
:106930003EFEFFFFF8F8FFFF340300202403002091
:10694000140200200000E1C4000061C4F94800689E
:10695000B0F5167FDADC00BFF7480068401CF64946
:106960000860F5480068B0F5FA7FCEDB9FEDF31ABA
:106970005FED0C0A28201FED0C0AFDF788F90020B6
:10698000ED49086011E006E0012005F063FAF9F72F
:10699000BFFF00B103E0E7480068BE28F4DC00BF99
:1069A000E5480068401CE4490860E3480068B0F529
:1069B000FA7FE8DB9FEDE11A5FED1E0A0A201FED6A
:1069C0001E0AFDF764F90020DB49086011E006E0CB
:1069D000052005F03FFAF9F79BFF00B103E0D54829
:1069E00000687728F4DC00BFD3480068401CD24917
:1069F0000860D1480068B0F5FA7FE8DB07214FF462
:106A0000E170FDF73AF900219FEDCD0ACD48FDF781
:106A1000D2F806E0012005F01DFAF9F779FF00B180
:106A200005E0C9480068C7490A318842F2DC00BF66
:106A3000FDF764F89FEDC11ADFEDC40A1E209FED3B
:106A4000C40AFDF724F90020BB49086011E006E004
:106A5000012005F0FFF9F9F75BFF00B103E0BD4845
:106A60000068A842F4DB00BFB3480068401CB2498C
:106A70000860B1480068B0F5FA7FE8DB9FEDAF1A17
:106A8000DFEDB20A07209FEDB20AFDF700F9002002
:106A9000A949086015E00AE039463046FEF730FAA9
:106AA000012005F0D7F9F9F733FF00B103E0A94859
:106AB0000068A042F0DB00BF9F480068401C9E4970
:106AC00008609D480068B0F5FA7FE4DB07210020EC
:106AD000FDF7D3F800209849086011E006E0032094
:106AE00005F0B8F9F9F714FF00B103E09A4800681F
:106AF0002828F4DC00BF90480068401C8E490860DC
:106B00008D480068B0F5FA7FE8DB1E20FCF7CDFF6A
:106B1000BDE8F08110B59148007800280ED090486B
:106B2000007803280BD1962340F2D52240F24E2163
:106B300040F23520FFF75EFDFBF735F98AE0884823
:106B4000007806280BD1A62340F2BB3240F20A217E
:106B500040F2CF10FFF74EFDFBF725F97AE08048B1
:106B6000007809280BD1962340F2D5224FF4C97141
:106B700040F24510FFF73EFDFBF715F96AE0784853
:106B800000780C2809D1A12340F22922F521AF2059
:106B9000FFF730FDFBF707F95CE07148007801284A
:106BA0000BD1962340F2D52240F285114FF4DB70D1
:106BB000FFF700FBFBF7F7F84CE069480078042882
:106BC0000BD1A12340F2292240F2D1114FF40170E0
:106BD000FFF7B3FBFBF7E7F83CE0614800780728D4
:106BE0000BD1962340F2D5224FF40C7140F259207C
:106BF000FFF7A3FBFBF7D7F82CE0594800780A28E9
:106C00000BD1A12340F2292240F2762140F29320B9
:106C1000FFF793FBFBF7C7F81CE051480078022808
:106C20000AD1A12340F22922E6214FF49570FFF703
:106C3000C1FAFBF7B8F80DE0494800780B2809D1F4
:106C4000962340F2D522CC214FF49170FFF7DDFD61
:106C5000FBF7A9F810BDFEB50546C82041490860FC
:106C600040F26110404908604FF451703F4908609C
:106C700000241BE014E01E206FF0C70102222B4607
:106C8000CDE900210290D21F4FF4E1613220FDF7DF
:106C9000ADFF012005F0DEF8F9F73AFE00B103E0A0
:106CA000244800681928E6DB00BF641C40F2262057
:106CB0008442DFDB012211462D4801F0E9FE01226A
:106CC00040212B4801F0E4FE00241BE014E01E20CC
:106CD0006FF0310101222B46CDE900210290921F75
:106CE0004FF4E1611420FDF781FF012005F0B2F8B7
:106CF000F9F70EFE00B103E00E4800681028E6DC4C
:106D000000BF641C40F226208442DFDBFBF789FAD7
:106D10009FED181AF9EE040A0C209FED0D0AFCF7FE
:106D2000B6FF29E0052005F095F8F9F7F1FD00B16F
:106D30002DE021E0A0000020E0020020CDCCCC3DE1
:106D4000333333BF74F5FFFF1402002000C028C5A1
:106D50000000E1449C000020040000207D01002090
:106D60007C01002034030020240300203003002095
:106D700000040240CDCC4C3EF9F7D3FD061E01DBEA
:106D8000304600E0704241F288318842CADB00BFE1
:106D90001FED081AF9EE040A0C201FED130AFCF788
:106DA00076FF002410E006E0052005F053F8F9F71F
:106DB000AFFD00B106E04FF40041FE4801F04AFE8D
:106DC0000128F1D000BF641CC82CECDB0020FCF7CC
:106DD0006CFEFA20F84908604FF48270F7490860A9
:106DE0004FF4FA6005F036F80122D103F44801F0BF
:106DF0004FFE4FF47A6005F02DF800224021F14853
:106E000001F046FE40F6B83005F024F8FA20EA49D1
:106E100008604FF49170E94908604FF4FA6005F09A
:106E200019F800224FF40041E54801F031FE4FF41B
:106E3000FA6005F00FF8FA20DF4908604FF4BE70E1
:106E4000DE490860002423E01CE0DF480068A52834
:106E500004DA00220121DB4801F01AFE1E20DB4982
:106E600002228C23CDE900210290D21F4FF4E16170
:106E70002820FDF70DFF012004F0ECFFF9F748FD95
:106E800000B103E0D04800689128DEDC00BF641C3C
:106E900040F226208442D7DBAA20CD4981F8270082
:106EA000012081F82600FA20C34908604FF4F570EC
:106EB000C2490860002426E01FE04FF40041BD48AD
:106EC00001F0C8FD012803D10020C14981F8270045
:106ED00005206FF0630102228C23CDE9002102908E
:106EE000D21F4FF4E1611920FDF7D2FE012004F01A
:106EF000B1FFF9F70DFD00B103E0B6480068822844
:106F0000DBDC00BF641C642CD6DBFAF72CFF00200E
:106F1000AF4981F82700002421E014E005206FF03C
:106F2000630102228C23CDE900210290521F4FF40D
:106F3000E1610820FDF7ACFE012004F08BFFF9F7BA
:106F4000E7FC00B109E04FF400519A4801F082FDDE
:106F500018B9A04800686428E0DC00BF641C282C35
:106F6000DBDB0020FCF7A1FDFEBD10B5FBF789FDC2
:106F70004FF4FA6004F06EFF96208F49086040F2EB
:106F80008A208E49086040F24D30934908601FED19
:106F9000951ADFED920A46209FED910AFCF777FEE5
:106FA00000209049086011E006E0012004F052FF43
:106FB000F9F7AEFC00B103E08B4800686428F4DB0D
:106FC00000BF88480068401C864908608548006802
:106FD000B0F5FA7FE8DB00208249086014E006E0A3
:106FE000012004F037FFF9F793FC00B106E04FF4FD
:106FF0008051704801F02EFD0028F1D000BF794883
:107000000068401C7749086076480068B0F5FA7F50
:10701000E5DB1FEDB61ADFED710A46209FED700A21
:10702000FCF735FE00206F49086011E006E0012002
:1070300004F010FFF9F76CFC00B103E06A48006847
:10704000C828F4DC00BF67480068401C6549086038
:1070500064480068B0F5FA7FE8DB1FEDC81ADFED81
:107060005F0A46209FED5E0AFCF711FE00205D4995
:10707000086014E006E0012004F0ECFEF9F748FC9B
:1070800000B106E04FF480514A4801F0E3FC0128CA
:10709000F1D000BF53480068401C52490860514875
:1070A0000068B0F5FA7FE5DB1FEDDC1ADFED4B0A77
:1070B0001E209FED4B0AFCF7EAFD002049490860BD
:1070C00011E006E0012004F0C5FEF9F721FC00B153
:1070D00003E0454800686428F4DB00BF41480068CD
:1070E000401C404908603F480068B0F5FA7FE8DB83
:1070F0001FEDEE1ADFED390A14209FED390AFCF777
:10710000C6FD00203749086011E006E0012004F0C8
:10711000A1FEF9F7FDFB00B103E034480068082840
:10712000F4DC00BF2F480068401C2E4908602D4841
:10713000006840F226218842E7DB9FED2D1ADFED43
:10714000270A08209FED2B0AFCF7A1FD0020254906
:10715000086014E006E0012004F07CFEF9F7D8FB9B
:1071600000B106E04FF48071124801F073FC012871
:10717000F1D000BF1B480068401C1A49086019483C
:10718000006840F226218842E4DB0020FCF78DFCF9
:1071900010BDFEB505460E461446FFF7E6FE4FF459
:1071A000FA6004F057FE9FED141ADFED0C0A14206C
:1071B00024E00000001002403403002024030020DB
:1071C000000C0240000402409C000020A2FEFFFFD1
:1071D000080000209800002030030020000000007C
:1071E00000006B44E002002004000020A00000200A
:1071F000CDCCCC3D00006144CDCCCCBD1FED090A07
:10720000FCF745FD0020F949086019E00DE09620E3
:10721000F74908604FF44370F6490860012004F014
:1072200019FEF9F775FB00B104E0F3480068B0F50A
:10723000EE7FECDA00BFED480068401CEB490860C7
:10724000EA480068FA28E1DB1FED151A5FED1D0A18
:1072500032201FED1E0AFCF71AFD0020E3490860EA
:1072600019E00DE09620E24908604FF44370E149CF
:107270000860012004F0EEFDF9F74AFB00B104E0DC
:10728000DD480068B0F5C87FECDC00BFD748006877
:10729000401CD6490860D5480068FA28E1DB002088
:1072A000D249086023E018E09620D14908604FF4E5
:1072B0004370D04908601E2002212B460022CDE9F0
:1072C0000014029011463220FDF790FC022004F0D9
:1072D000C1FDF9F71DFB00B103E0C7480068C828ED
:1072E000E2DC00BFC1480068401CC0490860BF48DC
:1072F0000068FA28D7DB0020BC49086023E018E0CA
:107300009620BB4908604FF44370BA4908601E20BC
:1073100002212B460022CDE90014029011463220B2
:10732000FDF764FC022004F095FDF9F7F1FA00B1D5
:1073300003E0B14800686E28E2DC00BFAB4800689B
:10734000401CAA490860A9480068B0F5FA7FD6DB5E
:107350000020A64908602AE01FE09620A4490860A2
:1073600040F21130A3490860C820A449086040F2E7
:107370005D20A3490860142002212B460022CDE99C
:107380000014029011460F20FDF730FC012004F09C
:1073900061FDF9F7BDFA00B103E0974800684B289A
:1073A000DBDC00BF91480068401C904908608F48B2
:1073B0000068B0F5FA7FCFDB00208C49086011E04F
:1073C00006E0022004F046FDF9F7A2FA00B103E05E
:1073D000894800682828F4DC00BF84480068401C05
:1073E0008249086081480068B0F5FA7FE8DB1E201A
:1073F000FCF75BFBFEBD10B50F214FF4E160FCF71D
:107400003CFC00207949086014E006E0012004F00B
:1074100021FDF9F77DFA00B106E04FF4806179486B
:1074200001F018FB0128F1D000BF70480068401C33
:107430006E4908606D480068B0F5FA7FE5DB0F2102
:107440007148FCF71AFC00206849086011E006E06A
:10745000012004F0FFFCF9F75BFA00B103E06B4890
:1074600000684B28F4DC00BF60480068401C5F499E
:1074700008605E480068B0F5FA7FE8DB0F21002065
:10748000FCF7FBFB00219FED620A5F48FCF793FBD2
:1074900010BDFEB504460D4616461F469FED5D1A0B
:1074A0005FEDB20A14209FED5C0AFCF7F0FB0020B0
:1074B0004E49086011E006E0012004F0CBFCF9F72A
:1074C00027FA00B103E0514800681428F4DC00BF3B
:1074D00046480068401C4549086044480068B0F5CB
:1074E000FA7FE8DB0020FCF7E0FA9FED4A1A5FED37
:1074F000C50A14209FED490AFCF7C9FB00203B494F
:10750000086018E00DE0FA20394908604FF4707007
:1075100038490860012004F09DFCF9F7F9F900B141
:1075200003E03A4800689628EDDB00BF2F4800686A
:10753000401C2E4908602D480068B0F5FA7FE1DB59
:10754000FAF76FFE9FED331A5FEDDC0A14209FED12
:10755000340AFCF79CFB00202449086013E006E095
:10756000012004F077FCF9F7D3F900B105E0F9F751
:10757000D8F940F63C718842F2DC00BF1B48006835
:10758000401C1A49086019480068B0F5FA7FE6DB2C
:107590000020FCF78AFA9FED1F1A5FEDF00A142015
:1075A0009FED1D0AFCF773FB00201049086013E0F3
:1075B00006E0012004F04EFCF9F7AAF900B105E05D
:1075C0001248006840F262218842F2DC00BF07489E
:1075D0000068401C0549086004480068B0F5FA7F5F
:1075E000E6DB0020014908603BE00000E0020020EB
:1075F0003403002024030020040000203C0300206A
:1076000030030020001002407CFCFFFF9C000020A3
:10761000666666BFCDCC4C3E000061C40000E1440C
:107620000040CEC413E014206FF031010222282361
:10763000CDE9002102900022F7491E20FDF7ABFBA7
:10764000012004F007FCF9F763F900B103E0F34807
:107650000068A842E7DC00BFF1480068401CF04920
:107660000860EF480068B0F5FA7FDBDB0020EC49EA
:1076700008601EE013E014206FF03101022228237D
:10768000CDE9002102900022E3490F20FDF783FBA2
:10769000012004F0DFFBF9F73BF900B103E0DF481C
:1076A0000068A042E7DC00BFDD480068401CDC4900
:1076B0000860DB480068FA28DCDB0020D849086055
:1076C00015E00AE007210020FCF7D7FA012004F0BA
:1076D000C1FBF9F71DF900B103E0D24800682A2880
:1076E000F0DC00BFCE480068401CCD490860CC48A3
:1076F0000068B0F5FA7FE4DB39463046FDF700FC60
:107700004FF4FA6004F0A6FB0020FCF7CEF9FEBDB2
:10771000FEB504460D4616461F461FED421ADFED24
:10772000C20A28201FED440AFCF7B1FA0020BC4928
:10773000086011E006E0012004F08CFBF9F7E8F89E
:1077400000B103E0B54800685528F4DC00BFB44838
:107750000068401CB2490860B1480068B0F5FA7F83
:10776000E8DB0020FCF7A1F91E216FF09500FCF783
:1077700084FA00219FEDAD0AA748FCF71CFA06E049
:10778000012004F067FBF9F7C3F800B104E0A84852
:10779000006810F5487FF3DC00BFFCF7AFF99FED00
:1077A000A51A5FED630A28209FED9F0AFCF76FFA88
:1077B00000209B49086011E006E0012004F04AFB2C
:1077C000F9F7A6F800B103E09B4800686E28F4DCE6
:1077D00000BF93480068401C9149086090480068C9
:1077E000B0F5FA7FE8DB1E214FF4AF70FCF745FAE5
:1077F00000219FED920A9248FCF7DDF906E0012096
:1078000004F028FBF9F784F800B105E08848006827
:107810008B4932318842F2DC00BFFCF76FF91FED73
:10782000831ADFED880A14201FED850AFCF72FFA72
:1078300000207B49086012E006E0012004F00AFB0A
:10784000F9F766F800B104E074480068B0F5A37F6A
:10785000F3DD00BF72480068401C71490860704841
:107860000068B0F5FA7FE7DB00206D4908601DE095
:1078700012E01420782102222823CDE90021029071
:107880006F4A51101E20FDF786FA012004F0E2FA3B
:10789000F9F73EF800B103E060480068A842E8DB71
:1078A00000BF5F480068401C5D4908605C48006894
:1078B000B0F5FA7FDCDB00205949086021E016E0D2
:1078C0001420502102222823CDE9002102905C4A95
:1078D00051100F20FDF75FFA39463046FDF710FBD7
:1078E000012004F0B7FAF9F713F800B103E04B48B0
:1078F0000068A042E4DB00BF49480068401C4849DA
:10790000086047480068B0F5FA7FD8DB002044499A
:10791000086015E00AE007210020FCF7AEF901201D
:1079200004F098FAF8F7F4FF00B103E03D4800686E
:107930002828F0DC00BF3A480068401C384908603D
:1079400037480068B0F5FA7FE4DB0020FCF7ADF8BB
:10795000FEBD2DE9F04104460D4616461F461FEDBB
:10796000D31ADFED310A1E201FEDD50AFCF78FF97F
:1079700000202B49086011E006E0012004F06AFABB
:10798000F8F7C6FF00B103E0244800685528F4DC8E
:1079900000BF23480068401C214908602048006857
:1079A000B0F5FA7FE8DB0020FCF77FF814216FF0D8
:1079B0009500FCF762F900219FED1C0A1648FCF7C0
:1079C000FAF80AE039463046FDF79AFA012004F049
:1079D00041FAF8F79DFF00B105E0154800680E492F
:1079E00032318842EEDC00BFFCF788F81FEDF71A51
:1079F0005FEDF70A19209FED0C0AFCF748F900200B
:107A0000074908602AE01FE0012004F023FAF8F794
:107A10007FFFC8B11CE000007CFCFFFF9C00002041
:107A2000E00200200400002000000000333333BFD8
:107A300014020020CDCCCC3DA00000209A9919BFA3
:107A4000F8F8FFFF0000E1C4FD480068A842DBDC55
:107A500000BFFC480068401CFA490860F94800680B
:107A6000B0F5FA7FCFDB9FEDF81ADFEDF80A0720BB
:107A70009FEDF70AFCF70BF90020F249086011E0CE
:107A800006E0012004F0E6F9F8F742FF00B103E058
:107A9000EB480068A042F4DC00BFEA480068401CE4
:107AA000E8490860E7480068B0F5FA7FE8DB0020A5
:107AB000FBF7FBFF07210020FCF7DFF80020E1497E
:107AC000086011E006E0032004F0C4F9F8F720FF95
:107AD00000B103E0DF4800682628F4DC00BFD94885
:107AE0000068401CD7490860D6480068B0F5FA7FA6
:107AF000E8DB1E20FBF7D9FFBDE8F0813EB5044668
:107B00000D469FEDD11A5FED380A14209FEDCF0A84
:107B1000FCF7BDF80020CB49086011E006E0012029
:107B200004F098F9F8F7F4FE00B103E0CA480068E1
:107B30001428F4DC00BFC3480068401CC149086039
:107B4000C0480068B0F5FA7FE8DB0020FBF7ADFF26
:107B50009FEDBD1A5FED4C0A14209FEDC00AFCF7A3
:107B600096F80020B749086018E00DE0FA20BC49FB
:107B700008604FF47070BB490860012004F06AF996
:107B8000F8F7C6FE00B103E0B34800689628EDDBC5
:107B900000BFAC480068401CAA490860A9480068BA
:107BA000B0F5FA7FE1DBFAF73CFB9FEDA71A5FED3A
:107BB000620A14209FEDAC0AFCF769F80020A14985
:107BC000086013E006E0012004F044F9F8F7A0FE95
:107BD00000B105E0F8F7A5FE40F63C718842F2DC02
:107BE00000BF98480068401C9649086095480068A6
:107BF000B0F5FA7FE6DB0020FBF757FF9FED921A06
:107C00005FED770A14209FED910AFCF740F8002001
:107C10008C49086013E006E0012004F01BF9F8F736
:107C200077FE00B105E08C48006840F2622188428E
:107C3000F2DC00BF83480068401C8249086081482C
:107C40000068B0F5FA7FE6DB00207E4908601EE0A0
:107C500013E014206FF04F0101222823CDE9002109
:107C60000290002281491846FDF795F8012004F0A2
:107C7000F1F8F8F74DFE00B103E077480068B4284A
:107C8000E7DC00BF6F480068401C6E4908606D4823
:107C90000068B0F5FA7FDBDB00206A4908601EE06F
:107CA00013E014206FF04F0101222823CDE90021B9
:107CB000029000226D490A20FDF76DF8012004F0C2
:107CC000C9F8F8F725FE00B103E0634800688C2886
:107CD000E7DC00BF5B480068401C5A49086059480F
:107CE0000068B0F5FA7FDBDB06E0012004F0B2F8B3
:107CF000F8F70EFE00B106E04FF480515C4800F04A
:107D0000A9FE0028F1D000BF0F215A48FBF7B5FFAC
:107D100000219FED590A40F25230FBF74CFF06E07C
:107D2000012004F097F8F8F7F3FD00B105E053489F
:107D3000006840F252318842F2DB00BFFBF7DEFE02
:107D40001FEDC41ADFED4E0A14201FEDC90AFBF720
:107D50009EFF00203B49086016E00AE029462046C5
:107D6000FDF7CEF8012004F075F8F8F7D1FD00B169
:107D700004E033480068B0F58E7FEFDD00BF314886
:107D80000068401C2F4908602E480068B0F5FA7F53
:107D9000E3DB00202B49086015E00AE00721002002
:107DA000FBF76BFF012004F055F8F8F7B1FD00B1C7
:107DB00003E0284800682828F0DC00BF214800685C
:107DC000401C204908601F480068B0F5FA7FE4DBDA
:107DD0000020FBF76AFE3EBD10B59FED1B1A5FED5C
:107DE000EE0A1E209FED190AFBF751FF00201549EE
:107DF000086011E006E0012004F02CF8F8F788FD97
:107E000000B103E0144800685528F4DC00BF0D48B9
:107E10000068401C0B4908600A480068B0F5FA7F0A
:107E2000E8DB0020FBF741FE14216FF09500FBF723
:107E300024FF00219FED130A0C48FBF7BCFE2AE04B
:107E4000A0000020E0020020CDCC4C3E000061C428
:107E5000000016C3040000209C0000200000E14444
:107E600034030020240300200040CEC47CFCFFFF2C
:107E7000001002402AFEFFFF3333333F140200207C
:107E800000006144333333BF012003F0E3FFF8F710
:107E90003FFD00B104E0F9480068F9498842F3DC8D
:107EA00000BF0020FBF701FE10BD10B5F5480078BB
:107EB00000280DD0F448007803280AD1962340F218
:107EC000D522990040F24A20FFF7E3FAF9F76BFF59
:107ED00085E0ED48007806280BD1A62340F2BB329E
:107EE0004FF406714FF4E870FFF7D3FAF9F75BFF30
:107EF00075E0E548007809280BD1962340F2D52299
:107F00004FF4CB7140F24310FFF7C3FAF9F74BFF80
:107F100065E0DD4800780C2809D1A12340F2292230
:107F2000ED21AC20FFF7B5FAF9F73DFF57E0D64851
:107F30000078012809D1962340F2D522A32195206B
:107F4000FFF707FDF9F72FFF49E0CF480078042835
:107F50000BD1A12340F2292240F2CF114FF402703D
:107F6000FFF7D6FBF9F71FFF39E0C748007807286D
:107F70000BD1962340F2D52240F23F214FF41B70E3
:107F8000FFF7C6FBF9F70FFF29E0BF4800780A2882
:107F90000BD1A12340F2292240F292214FF42C7000
:107FA000FFF7B6FBF9F7FFFE19E0B74800780228A3
:107FB0000AD1A12340F2292240F23311481FFFF7D2
:107FC000C8FCF9F7F0FE0AE0AF4800780B2806D1AC
:107FD000962140F2D520FFF791FDF9F7E4FE10BDA0
:107FE00010B5044600BF8021A84802F0ECFC002830
:107FF000F9D02146A54802F036FC10BD38B505463B
:108000002A46A3A1684604F0A9FF6C4603E0207845
:10801000FFF7E6FF641C20780028F8D138BD09E09E
:108020001120FAF740FB01219B4802F0F1FB0F20E1
:1080300003F010FFF4E70EE0FCF7C5F9974800687D
:1080400008B9FCF785FA9648006808B9FCF7D8FA31
:10805000032003F0FFFEEFE708E0FDF7B7FAFDF7B6
:1080600004FBFDF751FB032003F0F4FEF5E706E007
:10807000FAF72DFBFCF7E3F8032003F0EBFEF7E73C
:108080001FB5F8F79AFDF8F7D7FDF9F738F8F9F7C3
:108090000BF9F9F7FDF9F9F782F9F9F7FCFAF8F7B6
:1080A00046FE4FF4E130F9F7BBFB4FF4E130F9F74E
:1080B00044FC4FF4E130F9F7E8FC4FF4E130F9F714
:1080C00076FD4FF46120F9F7B9FEFAF7DAFC00BF4C
:1080D000FDF792F908B9012400E00024FDF7EEF95C
:1080E00008B9012000E000200443FDF72BFA08B98D
:1080F000012000E000200443002CE9D100BFFDF77F
:10810000AEF908B9012400E00024FDF7EBF908B945
:10811000012000E000200443FDF728FA08B90120FF
:1081200000E000200443002CE9D100205D490860F4
:10813000FAF77DF8002000900190029003464FF47A
:10814000807259A103905D4803F045FC0020009027
:108150000190029003464FF4807259A103905D484C
:1081600003F039FC002000900190029003464FF488
:10817000807259A103905D4803F02DFC40F2DF505E
:1081800003F068FE5A4800685A4908605A48006877
:108190005A490860D0E1C5E146211E20FCF7B2FF34
:1081A0005748407800F0020010BB55488079F8B974
:1081B0005348407800F01000D0B14FF400415148CE
:1081C00000F048FCA0B94E48407800F0010038B1FA
:1081D00096204D4981F82700012081F8260033E0E0
:1081E0002820494981F82700012081F826002BE04A
:1081F0004348407800F0020010BB41488079F8B94C
:108200003F48407800F00800D0B14FF480413D482D
:1082100000F020FCA0B93A48407800F0010038B1E5
:108220009620394981F82700002081F826000BE0CC
:108230002820354981F82700002081F8260003E036
:108240000020314981F82700FCF74BFCFCF7D5FBF7
:108250002B48407800F0400078B12948407800F081
:10826000010050B92648807938B9FA20264981F8AA
:108270002F00002081F82E004EE047E0140200207D
:10828000AEFCFFFF7D0100207C01002000100140BA
:1082900025303258200000000048004078030020BC
:1082A00074030020CC0000207461736B526F626F06
:1082B00074416E616C797469637300006F800008AB
:1082C0007461736B446965754B6869656E436F4390
:1082D00061750000598000087461736B44696575AD
:1082E0004B6869656E436F436175310037800008E4
:1082F000AC00002030030020B40000202403002044
:108300006C060020001002400800002000209A495E
:1083100081F82F0081F82E00FCF768FAFCF79BFA31
:10832000FCF7CDFAFCF7FFFAFCF787FD93480078DD
:1083300000F0400048B19148407800F0020020B1C0
:10834000A12140F22920FCF7DBFD8C48007800F0E9
:10835000080048B18948407800F0020020B1962119
:1083600040F2D520FCF7CCFD8448007800F02000D6
:1083700048B18248407800F0020020B1A62140F2C6
:10838000BB30FCF7BDFD7D48407800F0080070B1BF
:108390007A48407800F0020048B97848C07930B196
:1083A000FA207749086040F2113076490860734836
:1083B000007800F0020008B1FCF7ADFD0221724820
:1083C00000F048FB012863D16C48407800F0400081
:1083D00030B16A48407800F0010008B1FDF7FEFDB9
:1083E0006648407800F0800028B16848006810B9FD
:1083F0001720FDF7D8F96148407800F0100050B11F
:108400005E48807938B15D48C07920B9962211461E
:108410000A20FDF7D7FC5948407800F0200050B101
:108420005648807938B15548C07920B9C8226421AE
:108430004B20FDF7C7FC5148407800F0080058B1C8
:108440004E48807940B14D48C07928B94FF49672B2
:1084500064218F20FDF7B6FC4848007800F0080042
:1084600020B14648C07908B1FEF754FB4348007874
:1084700000F04000E8B34148C079D0B3962340F201
:10848000D52240F285114FF4DB70FDF793FE49E0F1
:108490003A48407800F0800040B13C48006828B974
:1084A0001C20FEF7D8FB012038490860334840788B
:1084B00000F0100050B13148807938B12F48C079B0
:1084C00020B9782296210A20FEF763FE2B484078D7
:1084D00000F0200050B12948807938B12748C07990
:1084E00020B9962264214B20FEF753FE23484078A2
:1084F00000E017E000F0080050B12048807938B162
:108500001E48C07920B9DC2264218F20FEF741FE8D
:108510001A48007800F0080020B11848C07908B166
:10852000FFF7C3FC1548007800F0010000287FF435
:1085300033AE0A20FBF7B9FA2DE61FB500200090F4
:108540000190029003464FF4807211A103901348EA
:1085500003F041FA002000900190029003464FF48E
:1085600080720FA10390114803F035FA03F04CFE1E
:10857000002004B010BD0000080000206C060020A0
:10858000340300202403002000040240CC0000201B
:108590007461736B4D61696E00000000818000089A
:1085A0007461736B4779726F000000001F800008D0
:1085B0000CB50020019000907248006840F48030B3
:1085C0007049086000BF6F48006800F400300090F8
:1085D0000198401C0190009818B90198B0F5A06F5F
:1085E000F1D16848006800F4003010B1012000901B
:1085F00001E0002000900098012846D161484030F9
:10860000006840F080505F49403108605E48006873
:1086100040F480405C4908605A4808300068594975
:10862000083108600846006840F4004008600846C9
:10863000006840F4A05008605448091F0860081FF3
:10864000006840F08070091F086000BF4D48006856
:1086500000F000700028F9D040F205604C49086035
:1086600048480830006820F0030046490831086097
:108670000846006840F00200086000BF414808302A
:10868000006800F00C000828F8D10CBD10B53D487A
:10869000006840F001003B4908600020394908317A
:1086A0000860384800683B490840364908603A4845
:1086B000091D0860081F006820F48020091F086059
:1086C000002030490C310860FFF772FF4FF0006066
:1086D0003249086010BD70B500200022022300243A
:1086E0000221284D08352D6805F00C0020B1042822
:1086F00006D0082834D107E0294D2A4E356033E0F2
:10870000294D284E35602FE01E4D2D1D2D68C5F3D7
:1087100080541C4D2D1D2D6805F03F0154B1224D94
:10872000B5FBF1F5174E361D3668C6F3881605FB06
:1087300006F209E01A4DB5FBF1F5124E361D36680A
:10874000C6F3881605FB06F20E4D2D1D2D68C5F3E8
:1087500001456D1C6B00B2FBF3F5124E356003E072
:108760000F4D104E356000BF00BF064D08352D6817
:10877000C5F303150D4E705D0A4D2D68C540094EB9
:10878000356070BD0038024000700040085440075A
:10879000003C0240FFFFF6FE1030002408ED00E030
:1087A0000024F400C403002000127A00C803002053
:1087B0000648804706480047FEE7FEE7FEE7FEE77B
:1087C000FEE7FEE7FEE7FEE7FEE7FEE78D86000830
:1087D0008901000832490143324A1160704770B57F
:1087E000002100230F22C4781CB32E4C246804F40B
:1087F000E064C4F5E064C4F30721C1F10404E3B20A
:108800000A4144789C40E1B28478144021430C072B
:10881000210E254C05786155047804F01F050124CC
:10882000AC4005786D11AD0005F1E025C5F80041BB
:1088300009E0047804F01F050124AC401B4D0678C4
:10884000761145F8264070BD194A0A400243154B7F
:108850001B1F1A60704739B1124A121D1268024379
:10886000104B1B1D1A6006E00E4A121D126882434F
:108870000C4B1B1D1A607047042808D14FF0E021F3
:10888000096941F004014FF0E022116107E04FF067
:10889000E021096921F004014FF0E02211617047E5
:1088A0000000FA050CED00E000E400E080E100E0EB
:1088B00080FFFF1F10B504468C48844208D1012177
:1088C000084600F000FB0021012000F0FCFA5EE009
:1088D0008748844208D10121022000F0F4FA0021E7
:1088E000022000F0F0FA52E08248844208D10121CF
:1088F000042000F0E8FA0021042000F0E4FA46E049
:108900007D48844208D10121082000F0DCFA0021D2
:10891000082000F0D8FA3AE07848844208D10121D2
:10892000102000F0D0FA0021102000F0CCFA2EE048
:108930007348844208D10121202000F0C4FA0021AC
:10894000202000F0C0FA22E06E48844208D10121C4
:10895000402000F0B8FA0021402000F0B4FA16E000
:108960006948844208D10121802000F0ACFA00213E
:10897000802000F0A8FA0AE06448844207D101216F
:10898000801500F0A0FA0021A01500F09CFA10BD9F
:10899000F0B50A4600210023002400BF3DE0012578
:1089A00005FA01F3156805EA03049C4234D1056811
:1089B0004F000326BE40B543056015794E00B54013
:1089C0000668354305601579012D02D01579022D11
:1089D00016D185684F000326BE40B54385605579A2
:1089E0004E00B540866835438560456801268E4057
:1089F000B5434560456896798E40B6B235434560CB
:108A0000C5684F000326BE40B543C560D5794E000A
:108A1000B540C6683543C560491C1029BFD3F0BDB9
:108A20004FF6FF7101600021017141718171C171C7
:108A3000704708B54FF480320092009A0A430092C2
:108A4000009AC261C161009AC261C2690092C269A2
:108A5000009208BD0246002013690B400BB10120B3
:108A600000E0002070470146086980B27047024666
:108A7000002053690B400BB1012000E0002070473B
:108A80000146486980B2704701837047418370474F
:108A90000AB1018300E04183704741617047426938
:108AA0004A4042617047F0B5002300244D07ED0EA7
:108AB00002FA05F3CE1000F1200555F826504E07B6
:108AC000F70E0F26BE40B543CF1000F1200646F842
:108AD0002750CE1000F1200555F8265045EA030432
:108AE000CE1000F1200545F82640F0BD0000024000
:108AF0000004024000080240000C02400010024046
:108B00000014024000180240001C024000200240F5
:108B1000FA48006840F00100F84908600020F74971
:108B200008310860F5480068F5490840F3490860D5
:108B3000F448091D0860081F006820F48020091F00
:108B400008600020ED490C31086070470021EB4AB5
:108B5000921C117011460870704710B50146002232
:108B6000002300204A11012A02D1E44C236808E0C6
:108B7000022A03D1E14C7034236802E0DF4C7434E4
:108B8000236801F01F02012494401C400CB1012015
:108B900000E0002010BD38B5002000900024002522
:108BA00000BF3120FFF7D9FF05460098401C009018
:108BB0000098B0F5A06F01D0002DF2D03120FFF762
:108BC000CCFF08B1012400E00024204638BD014656
:108BD0000020CA4A106820F0F80040EAC100106086
:108BE0007047C949086070470021C44A703211704B
:108BF0001170012802D004280AD104E00121BF4AE3
:108C00007032117005E00521BC4A7032117000E02D
:108C100000BF00BF7047BD490860704770B5049C35
:108C200041EA82150126C6EB530645EA064505438F
:108C300045EA0465B14E361D356070BDB24908661F
:108C40007047820142EA0172AC4B84331A6070476C
:108C5000AD4988667047AC49C86470470246002039
:108C6000A64B0833186820F0EC6042EA0103184371
:108C7000A24B083318607047024600209F4B083310
:108C8000186820F0784042EA010318439B4B0833F0
:108C90001860704701460020984A0832106820F09A
:108CA000030008431060704794480830006800F0E3
:108CB0000C00704701460020904A0832106820F0EE
:108CC000F000084310607047014600208B4A0832CC
:108CD000106820F4E05008431060704701460020FF
:108CE000864A0832106820F4604040EAC1001060F3
:108CF0007047F0B50021002200240225002602233F
:108D00007E4F08373F6807F00C0121B1042905D0D8
:108D1000082937D105E07E4F076036E07D4F0760B8
:108D200033E0764F3F1D3F68C7F38056734F3F1DBA
:108D30003F6807F03F036EB1764FB7FBF3F7DFF8FC
:108D4000BCC10CF1040CDCF800C0CCF3881C07FBA0
:108D50000CF40CE06E4FB7FBF3F7DFF8A0C10CF199
:108D6000040CDCF800C0CCF3881C07FB0CF4634F48
:108D70003F1D3F68C7F301477F1C7D00B4FBF5F73B
:108D8000076002E0624F076000BF00BF5B4F08371B
:108D90003F6807F0F00109095F4F7A5C0768D74028
:108DA0004760564F08373F6807F4E051890A5A4F29
:108DB0007A5C4768D7408760504F08373F6807F4B0
:108DC0006041490B544F7A5C4768D740C760F0BD9B
:108DD000002100F44072B2F5407F0AD1474A0832C0
:108DE000116821F4F8114D4A02401143434A0832F8
:108DF0001160424A70321268C0F30B031A433F4BB2
:108E000070331A60704741494439086070473F49E0
:108E100040390860704742490860704739B1374AA5
:108E2000303212680243354B30331A6006E0334A61
:108E3000303212688243314B30331A60704739B197
:108E40002E4A3432126802432C4B34331A6006E047
:108E50002A4A343212688243284B34331A607047EE
:108E600039B1264A383212680243244B38331A602B
:108E700006E0224A383212688243204B38331A60A7
:108E8000704739B11D4A4032126802431B4B4033D0
:108E90001A6006E0194A403212688243174B403389
:108EA0001A60704739B1154A443212680243134BB5
:108EB00044331A6006E0114A4432126882430F4B71
:108EC00044331A60704739B10C4A103212680243B9
:108ED0000A4B10331A6006E0084A103212688243C7
:108EE000064B10331A607047E1B1044A143212681D
:108EF0000243024B14331A6019E0000000380240AC
:108F0000FFFFF6FE1030002400004742800E47426B
:108F10000024F40000127A00D8030020FFFCFF0FA9
:108F20005C0147425B4A126882435A4B1A607047A1
:108F300039B1584A121D12680243564B1B1D1A6064
:108F400006E0544A121D12688243524B1B1D1A60E0
:108F5000704739B14F4A0C32126802434D4B0C3303
:108F60001A6006E04B4A0C3212688243494B0C33BC
:108F70001A60704739B1474A103212680243454BB4
:108F800010331A6006E0434A103212688243414BA4
:108F900010331A60704739B13E4A3C3212680243BE
:108FA0003C4B3C331A6006E03A4A3C32126882433A
:108FB000384B3C331A60704739B1364A4032126838
:108FC0000243344B40331A6006E0324A40321268A2
:108FD0008243304B40331A60704739B12D4A4432D6
:108FE000126802432B4B44331A6006E0294A44328C
:108FF00012688243274B44331A60704739B1254ABF
:109000004C3212680243234B4C331A6006E0214A6B
:109010004C32126882431F4B4C331A60704739B18F
:109020001C4A5032126802431A4B50331A6006E051
:10903000184A503212688243164B50331A607047F8
:1090400039B1144AD21F12780243124BDB1F1A7037
:1090500006E0104AD21F127882430E4BDB1F1A70B3
:1090600070470C486030006840F0807009496031FA
:109070000860704701460020064A083A12680A4014
:109080000AB1012000E0002070470249891F0870E2
:10909000704700001438024010B501210802FFF7A4
:1090A00069FF00214FF48070FFF764FF10BD30B5F9
:1090B0000246002000235068F84C20400D790C68CF
:1090C00044EA0524204350609068F54C2040D1E9E3
:1090D00003542C438D682C434D7944EA45042043C6
:1090E0009060D06A20F470000C7D641EE4B22343CB
:1090F00040EA0350D06230BD00210160017141712E
:109100008160C16001610121017570470021E54A5C
:109110001168E54A1140D0E900231A4383681A43D5
:10912000C3681A431143E14AC2F80413704700218F
:10913000016041608160C160704721B1826842F086
:109140000102826003E0826822F0010282607047BF
:109150000A4600214168D64B1940114341607047CF
:109160004162826270470A460021416821F01F0176
:1091700011434160704738B1CA49096841F40001A0
:10918000CA4AC2F8041306E0C649096821F400017E
:10919000C64AC2F80413704738B1C249096841F49D
:1091A0008001C24AC2F8041306E0BE49096821F4EE
:1091B0008001BE4AC2F804137047F0B504460D465C
:1091C00000200021092D11DDE068A5F10A0606EB5B
:1091D0004607072606FA07F18843A5F10A0606EBBB
:1091E000460603FA06F10843E0600CE0206905EB4F
:1091F0004507072606FA07F1884305EB450603FAFB
:1092000006F108432061072A0FDA606B561E06EB51
:1092100086071F2606FA07F18843561E06EB8606C8
:1092200005FA06F10843606322E00D2A0FDA206B8D
:10923000D61F06EB86071F2606FA07F18843D61FBE
:1092400006EB860605FA06F10843206310E0E06AA3
:10925000A2F10D0606EB86071F2606FA07F18843E2
:10926000A2F10D0606EB860605FA06F10843E06258
:10927000F0BD816841F08041816070470146002067
:109280008A6802F480020AB1012000E000207047E1
:1092900021B1826842F48062826003E0826822F435
:1092A00080628260704721B1826842F0020282606F
:1092B00003E0826822F002028260704710B50A461D
:1092C00000210023416821F46041531E41EA4331EB
:1092D000416010BD21B1426842F40062426003E087
:1092E000426822F40062426070470146C86C80B256
:1092F00070476C48001D0068704721B1826842F4D5
:109300008072826003E0826822F48072826070471B
:1093100021B1826842F40072826003E0826822F424
:1093200000728260704738B15E49096841F40051AB
:109330005E4AC2F8041306E05A49096821F4005154
:109340005A4AC2F804137047F0B504461546002087
:1093500000220026092911DDE068A1F10A0707EBC8
:10936000470C072707FA0CF29043A1F10A0707EB15
:10937000470703FA07F21043E0600CE0206901EBB5
:10938000410C072707FA0CF2904301EB410703FA5F
:1093900007F210432061A06BC0F30156EF1C06F1E9
:1093A000010CA7EB0C0707EB870C1F2707FA0CF241
:1093B0009043EF1C06F1010CA7EB0C0707EB8707A6
:1093C00001FA07F21043A063F0BD10B50A46002170
:1093D0000023816B21F44011531E41EA0351816344
:1093E00010BD08B5002300930090009B0B44009330
:1093F000009B1A6008BD0A460021816821F4702193
:109400001143816070470A460021816821F44011B0
:10941000114381607047816841F480018160704729
:10942000014600208A6802F480020AB1012000E0AF
:109430000020704721B1426842F48062426003E03C
:10944000426822F480624260704721B1426842F46F
:109450008052426003E0426822F4805242607047CA
:1094600008B5024600200090009201F12800009B00
:10947000184400900098006880B208BD10B50B46F3
:109480000021D9B2012404FA01F11AB144680C4355
:10949000446002E044688C43446010BDFFFEFFFC62
:1094A000FDF7FFC004230140E030FCFF0020014035
:1094B000FFFD3FFF0246002013680B400BB1012067
:1094C00000E000207047CA430260704770B5024652
:1094D0000020002300240B12556801268E4005EA67
:1094E000060415681D4015B10CB1012000E00020F4
:1094F00070BD00220A12D34303607047016821F057
:10950000010101600021016041608160C160016171
:1095100021214161DB49884204D13D21D94A103AD9
:1095200091608CE0D7491831884205D14FF47461BD
:10953000D44A103A916082E0D2493031884205D154
:109540004FF47411CF4A103A916078E0CD49483118
:10955000884205D14FF07461CA4A103A91606EE0BA
:10956000C8496031884204D1C749C64A103AD1601F
:1095700065E0C4497831884204D1C449C14A103AEF
:10958000D1605CE0BF499031884204D1C049BD4AF6
:10959000103AD16053E0BB49A831884205D14FF061
:1095A0003D51B84A103AD16049E0BA49884204D1E5
:1095B0003D21B84A083A116041E0B6491831884265
:1095C00005D14FF47461B34A083A116037E0B149EC
:1095D0003031884205D14FF47411AE4A083A116017
:1095E0002DE0AC494831884205D14FF07461A94A59
:1095F000083A116023E0A7496031884204D1A249AA
:10960000A44A121F11601AE0A2497831884204D19D
:109610009E49A04A121F116011E09E499031884274
:1096200004D19B499B4A121F116008E09949A83157
:10963000884204D14FF03D51964A121F1160704785
:1096400010B500220268944B1A40CC680B68234383
:109650004C6923438C692343CC6923430C6A23431D
:109660004C6A23438C6A23434C6B23438C6B234308
:109670001A430260426922F00702D1E90B34234306
:109680001A4342610B6943604B6883608B68C36017
:1096900010BD0021016041608160C16001614161D4
:1096A0008161C161016241628162C16201634163A2
:1096B0008163704721B1026842F00102026003E059
:1096C000026822F001020260704721B1026842F490
:1096D0000042026003E0026822F400420260704728
:1096E00021B1026842F02002026003E0026822F029
:1096F000200202607047416070470146486880B2AE
:10970000704722B1036843F40023036003E0036859
:1097100023F4002303600161704721B1026842F421
:109720008022026003E0026822F480220260704717
:109730000AB1016100E0C1607047014600200A687B
:1097400002F400220AB1012000E000207047014627
:1097500000200A6802F001020AB1012000E00020A6
:109760007047014600204A6902F03800704730B562
:1097700003460A4600200024464DAB4202D241492E
:10978000103901E04349103902F000550DB14C6821
:1097900000E00C68414D2C4004EA02050DB10120A7
:1097A00000E0002030BD02463A4B9A4202D23548D2
:1097B000103801E03748103801F000531BB1374B27
:1097C0000B40C36002E0354B0B408360704710B51F
:1097D00001F080034BB122B1436943F08003436140
:1097E00003E0436923F08003436180290BD02AB151
:1097F000036801F01E042343036004E0036801F0E2
:109800001E04A343036010BD70B50246002000246F
:109810000025204EB24202D21A4B103B01E01D4BF4
:10982000103B1F4E0E4036B11E2606EAD1241668A4
:1098300006EA040502E0566906F0800501F00056CC
:109840000EB15C6800E01C68144E344004EA010666
:1098500016B10DB1012000E0002070BD02460D4B95
:109860009A4202D20748103801E00A48103801F045
:1098700000531BB1094B0B40C36002E0074B0B4088
:1098800083607047106002403D000020400F0020C0
:1098900000003D20106402403F801CF07D0F7D0FD2
:1098A0003C0F3C0F002044490860091D0860091D59
:1098B0000860091D086041483F491431086070473D
:1098C00000213D498279002A3AD00A46126803688D
:1098D0009A430B461A600A1D126803689A430B1DCF
:1098E0001A60027911440A6803681A430A60324A0E
:1098F0000832126803689A432F4B08331A601A1D06
:10990000126803689A432C4B0C331A604279102A70
:109910000ED11A1F126803681A43274B08331A60C6
:109920001A1D126803681A43234B0C331A600DE0AA
:109930002149427911440A6803681A430A6005E024
:10994000027911440A6803689A430A60704700214B
:10995000016001710C21417100218171704716492C
:10996000103109680143144A1032116070470146F2
:109970000020114A143212680A400AB1012000E0A6
:10998000002070470C4914310860704701460020E0
:109990000022094B1B6803EA0102074B14331B68C2
:1099A0000B4013B10AB1012000E0002070470249CA
:1099B0001431086070470000003C0140FFFF7F0049
:1099C00010B50446FE48844208D101210846FFF73D
:1099D000D1FA00210120FFF7CDFA9DE0B4F1804FCC
:1099E00008D101210846FFF7B4FA00210120FFF752
:1099F000B0FA91E0F348844208D101210220FFF738
:109A0000A8FA00210220FFF7A4FA85E0EE4884427C
:109A100008D101210420FFF79CFA00210420FFF760
:109A200098FA79E0E948844208D101210820FFF73B
:109A300090FA00210820FFF78CFA6DE0E448844298
:109A400008D101211020FFF784FA00211020FFF730
:109A500080FA61E0DF48844208D101212020FFF72D
:109A600078FA00212020FFF774FA55E0DA488442A2
:109A700008D101210220FFF77DFA00210220FFF723
:109A800079FA49E0D548844209D101210804FFF759
:109A900071FA00214FF48030FFF76CFA3CE0D048B7
:109AA000844209D101214804FFF764FA00214FF4F0
:109AB0000030FFF75FFA2FE0CA48844209D1012144
:109AC0008804FFF757FA00214FF48020FFF752FA7D
:109AD00022E0C548844208D101214020FFF739FA2D
:109AE00000214020FFF735FA16E0C048844208D133
:109AF00001218020FFF72DFA00218020FFF729FAAD
:109B00000AE0BB48844207D101218015FFF721FA02
:109B10000021A015FFF71DFA10BD00220288A84BF6
:109B200098420ED0AC4B98420BD0B0F1804F08D089
:109B3000A44B984205D0A44B984202D0A34B984224
:109B400004D14FF68F731A404B881A43A04B9842AA
:109B500007D0A04B984204D04FF6FF431A400B8920
:109B60001A4302804B68C3620B880385944B98426A
:109B700002D0994B984201D18B7A038601238382CC
:109B800070474FF0FF314160002101800181418029
:109B9000817270470185828270470A4600210188E0
:109BA0004FF68F731940114301807047416270472F
:109BB000C16270470146486A70470146088D704788
:109BC00021B1028842F00202028004E002884FF6CE
:109BD000FD731A400280704721B1028842F00402EE
:109BE000028004E002884FF6FB731A40028070473F
:109BF00021B1028842F08002028004E002884FF620
:109C00007F731A400280704702884FF6F7731A403C
:109C1000028002880A430280704702884FF6FF43A1
:109C20001A40028002880A430280704721B10288EC
:109C300042F00102028004E002884FF6FE731A40EF
:109C40000280704770B5002400220023058C4FF677
:109C5000FE7635400584028C8388048B4FF68F7521
:109C60002C40B51E2C400D882C43751E2A408D8932
:109C70002A434D882A43524DA84202D0564DA8424D
:109C800013D14FF6F7752A40CD892A434FF6FB755D
:109C90002A408D882A434FF6FF652B404FF6FF552B
:109CA0002B400D8A2B434D8A2B43838004838D6880
:109CB0004563028470BD70B5002400220023058C2A
:109CC0004FF6EF7635400584028C8388048B48F686
:109CD000FF752C404FF6FF452C400D884FF6FF7660
:109CE00006EA05252C434FF6DF752A408D8906EAE2
:109CF00005152A434D8806EA05152A43304DA8422A
:109D000002D0354DA8421DD14FF67F752A40CD892E
:109D10004FF6FF7606EA05152A434FF6BF752A402F
:109D20008D8806EA05152A434FF6FF352B404FF282
:109D3000FF752B400D8A06EA85052B434D8A06EAFE
:109D400085052B43838004838D688563028470BD01
:109D500070B5002400220023058C4FF6FF663540C5
:109D60000584028C8388848B4FF68F752C404FF6C8
:109D7000FC752C400D882C434FF6FF552A408D89E9
:109D80004FF6FF7606EA05252A434D8806EA0525A3
:109D90002A430B4DA84202D00F4DA84238D14FF2B2
:109DA000FF752A40CD894FF6FF7606EA05252A433E
:109DB0004FF6FF352A408D8806EA05252A4319E02B
:109DC000000001400004004000080040000C00407A
:109DD0000010004000140040000401400040014019
:109DE000004401400048014000180040001C0040B1
:109DF000002000404EF6FF752B404DF6FF752B40BE
:109E00000D8A06EA05152B434D8A06EA05152B43F4
:109E1000838084838D68C563028470BD70B5002221
:109E200000230024058C4EF6FF7635400584038C14
:109E30008488828B48F6FF752A404FF6FF452A40FA
:109E40000D884FF6FF7606EA05252A434DF6FF7585
:109E50002B408D8906EA05352B434D8806EA0535EA
:109E60002B43FE4DA84202D0FD4DA84208D14BF62F
:109E7000FF752C400D8A4FF6FF7606EA85152C43B8
:109E8000848082838D680564038470BD0021018015
:109E90004180818081608181C181018241827047DE
:109EA00070B50346002000241846183001258D4067
:109EB000ACB21D8CA5431D8409B108290AD100EB61
:109EC000610005684FF68F763540056005681543DB
:109ED00005600FE00D1FC5F34E052844056848F6E0
:109EE000FF763540056005684FF6FF7606EA0226E4
:109EF0003543056070BD4163704781637047C1633E
:109F00007047016470470A460021018B4FF68F733A
:109F100019401143018370470A460021018B48F61E
:109F2000FF7319404FF6FF7303EA022319430183BD
:109F300070470A460021818B4FF68F7319401143F9
:109F4000818370470A460021818B48F6FF731940D0
:109F50004FF6FF7303EA02231943818370470A46D1
:109F60000021018B4FF6F7731940114301837047AD
:109F70000A460021018B4FF2FF7319404FF6FF7321
:109F800003EA02231943018370470A460021818BAB
:109F90004FF6F77319401143818370470A46002139
:109FA000818B4FF2FF7319404FF6FF7303EA0223D0
:109FB0001943818370470A460021018B4FF6FB73DA
:109FC00019401143018370470A460021018B4FF667
:109FD000FF3319404FF6FF7303EA0223194301834D
:109FE00070470A460021818B4FF6FB7319401143DD
:109FF000818370470A460021818B4FF6FF33194059
:10A000004FF6FF7303EA02231943818370470A4620
:10A010000021018B4FF67F73194011430183704774
:10A020000A460021018BC1F30E014FF6FF7303EACC
:10A0300002231943018370470A460021818B4FF6A2
:10A040007F7319401143818370470A460021818B39
:10A05000C1F30E014FF6FF7303EA02231943818314
:10A0600070470A460021018C4FF6FD7319401143D9
:10A07000018470470A460021018C4FF6F77319409E
:10A080001143018470470A460021018C4FF6DF73AB
:10A0900019404FF6FF7303EA021319430184704716
:10A0A0000A460021018C4FF67F7319404FF6FF736B
:10A0B00003EA02131943018470470A460021018C08
:10A0C0004FF6FF5319404FF6FF7303EA022319437B
:10A0D000018470470A460021018C4FF2FF7319403A
:10A0E0004FF6FF7303EA02231943018470470A46BF
:10A0F0000021018C4DF6FF7319404FF6FF7303EA00
:10A10000023319430184704730B5002301248C4089
:10A11000A3B2048C9C430484048C02FA01F5ADB212
:10A120002C43048430BD30B5002304248C40A3B2FA
:10A13000048C9C430484048C02FA01F5ADB22C43D8
:10A14000048430BD828B4FF2FF331A408283828BAE
:10A150004FF6FF7303EA01231A4382837047F0B579
:10A160000C461546002100220026078C4EF6FF7C87
:10A1700007EA0C070784818B028C4FF6FF7707EA0A
:10A18000043640F6FF4739404FF6FF7707EA0527C8
:10A1900039434FF6FF7707EA0337394345F6FF7730
:10A1A0003A4046F480573A4381830284F0BD828B63
:10A1B0004FF6F3731A408283828B0A43828370477F
:10A1C000F0B50C461546002100220026078C4FF6FC
:10A1D000FF6C07EA0C070784818B028C4FF6FF7730
:10A1E00007EA04264FF60C7739404FF6FF7707EA67
:10A1F00003172F4339434FF2FF573A4046F4807715
:10A200003A4381830284F0BD028B4FF2FF331A4040
:10A210000283028B4FF6FF7303EA01231A43028382
:10A220007047F0B50C461546002100220026078C29
:10A230004FF6EF7C07EA0C070784018B028C4FF680
:10A24000FF7707EA041640F6FF4739404FF6FF77DD
:10A2500007EA033739434FF6FF7703E00000014078
:10A260000004014007EA052739434FF65F773A407B
:10A2700046F010073A4301830284F0BD028B4FF68B
:10A28000F3731A400283028B0A4302837047F0B5CE
:10A290000C46154600210022068C4FF6FE773E4004
:10A2A0000684018B028C4FF60C7631407E1C06EA48
:10A2B00003162E4331434FF6F576324044F0010643
:10A2C000324301830284F0BD70B505460C462088F8
:10A2D00050B92389A28861882846FFF7D8FFE18812
:10A2E0002846FFF7CBFF25E0208804280AD12389E0
:10A2F000A28861882846FFF794FFE1882846FFF787
:10A3000083FF17E0208808280AD12389A288618862
:10A310002846FFF755FFE1882846FFF748FF09E088
:10A320002389A28861882846FFF719FFE18828461B
:10A33000FFF708FF70BD002101804180012181806D
:10A340000021C180018170472DE9F04105460C468E
:10A3500000260127608808B9022600E00026A088B0
:10A36000012801D1022700E001272088A0B9238914
:10A37000A28861882846FFF78AFFE1882846FFF710
:10A380007DFF23893A4631462846FFF74AFFE18898
:10A390002846FFF739FF13E02389A2886188284601
:10A3A000FFF73FFFE1882846FFF72EFF23893A4653
:10A3B00031462846FFF76BFFE1882846FFF75EFF2E
:10A3C000BDE8F0810146486B70470146886B7047D5
:10A3D0000146C86B70470146086C70470A884B8875
:10A3E0001A438B881A43CB881A430B891A434B892B
:10A3F0001A438B891A43A0F844207047002101803A
:10A4000041808180C180018141818181704731B16A
:10A41000B0F8442042F40042A0F8442005E0B0F82F
:10A420004420C2F30E02A0F84420704721B1828874
:10A4300042F00402828004E082884FF6FB731A40E7
:10A440008280704721B1828842F00102828004E05C
:10A4500082884FF6FE731A40828070471AB1838952
:10A460000B43838102E083898B4383817047818220
:10A47000704702460020138A0B400BB1012000E018
:10A4800000207047CA430282704730B50246002060
:10A4900000230024158A05EA0103958905EA0104D1
:10A4A00013B10CB1012000E0002030BDCA4302828C
:10A4B000704741EA0203A0F8483070471AB1838917
:10A4C0000B43838102E083898B438381704721B1F1
:10A4D000828842F00802828004E082884FF6F77397
:10A4E0001A408280704701894FF6F872114001814D
:10A4F00070470A46002101894FF68F7319401143B6
:10A500000181704730B504460D4629462046FFF7C5
:10A51000F0FF208940F00700208130BD2DE9F04197
:10A5200004460D4616461F46602D06D13B460122C5
:10A5300031462046FFF775FE05E03B4601223146D5
:10A540002046FFF7A4FE29462046FFF7D2FF2089C8
:10A5500040F007002081BDE8F08130B50C460021B5
:10A560000189C9B24FF6FF7505EA03251543254356
:10A570002943018130BD2DE9F04105460E461746BD
:10A580009846002443463A4631462846FFF7E5FF01
:10A590002C894FF6F870044044F007044FF68F7092
:10A5A000044044F070042C81BDE8F081F0B504460D
:10A5B0000D4616461F463B46324629462046FFF7C3
:10A5C000CCFF208940F480402081F0BD82884FF686
:10A5D0008F731A40828082880A4382807047028982
:10A5E0004FF6F8731A40028102890A4302817047CC
:10A5F00002894FF67F731A40028102890A43028161
:10A600007047F0B50C4615461E4600210022002377
:10A610000189028B038C4FF6F877394021434FF6BE
:10A62000FC473A4040F201173A434FF6DD773B4092
:10A630004FF6FF7707EA06172F433B43018102835A
:10A640000384F0BD21B1828842F08002828004E060
:10A6500082884FF67F731A4082807047A0F85010AE
:10A660007047000010B50446F748844208D1012124
:10A670001020FEF77FFC00211020FEF77BFC3EE05F
:10A68000F248844209D101214804FEF762FC00210E
:10A690004FF40030FEF75DFC31E0ED48844209D113
:10A6A00001218804FEF755FC00214FF48020FEF7BD
:10A6B00050FC24E0E748844209D10121C804FEF798
:10A6C00048FC00214FF40020FEF743FC17E0E2486D
:10A6D000844209D101210805FEF73BFC00214FF41B
:10A6E0008010FEF736FC0AE0DC48844207D10121E5
:10A6F0002020FEF73FFC00212020FEF73BFC10BD90
:10A700002DE9FF4705460E460024A14600BFA0469E
:10A71000B08900B100BF2C8A24F44054F08804436F
:10A720002C82AC8941F20C608443B08831890843A3
:10A73000718908430443AC81AC8A24F44074B08925
:10A740000443AC826846FEF7D4FABF48854202D083
:10A75000C248854202D1DDF80C9001E0DDF8089096
:10A76000A88900F4004040B109EBC90000EB0910D2
:10A7700031684900B0FBF1F707E009EBC90000EBD5
:10A78000091031688900B0FBF1F76420B7FBF0F0E5
:10A7900004012009642101FB1078A88900F400401D
:10A7A00040B1322000EBC800B0FBF1F000F0070030
:10A7B000044308E0322000EB08106421B0FBF1F004
:10A7C00000F00F0004432C81BDE8FF874FF41651C1
:10A7D000016000218180C18001810C214181002123
:10A7E0008181704710B502460020108A20F4706005
:10A7F0000B884C8823438C882343CC8823431843FD
:10A80000108210BD0021018041808180C18070478D
:10A8100021B1828942F40052828104E082894DF69E
:10A82000FF731A4082817047028B02F47F420283D9
:10A83000028B0A430283704721B1828942F40042AD
:10A84000828103E08289C2F30E028281704721B1C6
:10A85000828A42F40062828204E0828A4FF2FF73AD
:10A860001A4082827047C1F3080282807047014615
:10A870008888C0F308007047028A4FF6F0731A40C8
:10A880000282028A0A430282704721B1828942F021
:10A890000202828104E082894FF6FD731A408281B0
:10A8A000704782894FF2FF731A40828182890A437E
:10A8B00082817047028A4FF6DF731A400282028A51
:10A8C0000A430282704721B1028A42F48042028226
:10A8D00004E0028A4BF6FF731A40028270478189B6
:10A8E00041F001018181704721B1828A42F0080262
:10A8F000828204E0828A4FF6F7731A4082827047A0
:10A90000028BD2B20283028B42EA01220283704799
:10A9100021B1828A42F02002828204E0828A4FF6CC
:10A92000DF731A408282704721B1828A42F010029E
:10A93000828204E0828A4FF6EF731A408282704767
:10A94000828A4FF6FB731A408282828A0A4382828D
:10A95000704721B1828A42F00202828204E0828A38
:10A960004FF6FD731A40828270471AB1838A0B43F7
:10A97000838202E0838A8B4383827047F0B503466B
:10A98000002400260025002040F66A17B94200D1B5
:10A9900000BF1846C1F3421401F01F06012707FA51
:10A9A00006F5012C01D10C3004E0022C01D110304D
:10A9B00000E014301AB107682F43076002E007680F
:10A9C000AF430760F0BD02460020B1F5007F00D123
:10A9D00000BF13880B400BB1012000E0002070473E
:10A9E00001F40072B2F5007F00D100BFCA430280BB
:10A9F000704770B50246002400230025002040F671
:10AA00006A16B14200D100BFC1F3421501F01F0325
:10AA1000012606FA03F3012D02D19689334006E0A0
:10AA2000022D02D1168A334001E0968A33400C127F
:10AA3000012606FA04F41688344013B10CB1012043
:10AA400000E0002070BD0000001001400044004004
:10AA500000480040004C00400050004000140140FD
:10AA600010B50022002340F66A14A14200D100BFB5
:10AA70000A1201249440A3B2DC43048010BD0000FC
:10AA800010B501218803FEF775FA00214FF48040CC
:10AA9000FEF770FA10BD1A490860704730B5002201
:10AAA0008B071C0F0F2303FA04F2154B08338C108D
:10AAB00053F824309343124C08348D1044F8253059
:10AAC00023468C1053F824308C07240F00FA04F42A
:10AAD00023430B4C08348D1044F8253030BD094910
:10AAE0000860704708490860704700200449203119
:10AAF000096801F4807109B1012000E0002070476D
:10AB000000380140DC0027420004274200F1080120
:10AB100041604FF0FF31816000F10801C1600161C7
:10AB2000002101607047002101617047426853684D
:10AB30004B6043688B605368996051604160086165
:10AB400003685B1C0360704710B502460B685C1C11
:10AB50000CB9106907E002F1080000E040684468A1
:10AB600024689C42FAD944684C604C68A1608860B3
:10AB700041600A611468641C146010BD0146D1E98B
:10AB800001309860D1E9010358600A695068884231
:10AB900001D188685060002008611068401E106074
:10ABA0001068704770B504460D461CB9F5F740FBB8
:10ABB00000BFFEE700F0F3FDD4E90F12206801FBAF
:10ABC000020060600020A0632068A060E06B401E6F
:10ABD000226C216800FB0210E0604FF0FF306064DF
:10ABE000A06475B9206908B9012000E0002080B98F
:10ABF00004F1100001F02AFC01280AD100F0C9FD7F
:10AC000007E004F11000FFF781FF04F12400FFF7D3
:10AC10007DFF00F0CDFD012070BD2DE9F047054618
:10AC20000E4617464FF00009DDB1502000F0E4FD5C
:10AC30000446B4B105FB06F000F10108404600F0FF
:10AC4000DBFD2060206848B1E563266401212046D1
:10AC5000FFF7A8FF84F84D70A14602E0204600F0FF
:10AC60002CFEB9F1000F03D1F5F7E2FA00BFFEE7C1
:10AC70004846BDE8F08710B5044600F090FD11E0AD
:10AC8000606A08B9012000E0002050B904F12400F6
:10AC900001F0DCFB08B101F054FCA06C401EA06484
:10ACA00000E002E0A06C0028EADC00BF4FF0FF30BB
:10ACB000A06400F07DFD00F072FD11E0206908B98C
:10ACC000012000E0002050B904F1100001F0BEFBAB
:10ACD00008B101F036FC606C401E606400E002E0E8
:10ACE000606C0028EADC00BF4FF0FF30606400F0C9
:10ACF0005FFD10BD70B5044600F051FDA06BE16B27
:10AD0000884201D1012000E00020054600F050FDFE
:10AD1000284670BD70B504460E461546206C38B9FD
:10AD2000206838BB606801F09BFC0020606021E077
:10AD30007DB93146226CA06801F0BCFC216CA06892
:10AD40000844A060D4E90110884213D32068A060B1
:10AD500010E03146226CE06801F0ACFC216CE06848
:10AD6000401AE0602168E068884203D2216C606884
:10AD7000401AE060A06B401CA06370BDFFB583B0BB
:10AD800004460D461E4600271CB9F5F751FA00BFD0
:10AD9000FEE70DB9206C08B9012000E0002018B9C9
:10ADA000F5F746FA00BFFEE700BF00F0F8FCA06B25
:10ADB000E16B884217D2324629462046FFF7AAFFA8
:10ADC000606A08B9012000E0002038B904F12400CD
:10ADD00001F03CFB012801D100F0DBFC00F0E8FCB5
:10ADE000012007B0F0BD059818B900F0E1FC002083
:10ADF000F7E71FB901A801F05EFB012700F0D8FCBE
:10AE000000F0DEFF00F0CBFC606C401C08B90020B5
:10AE10006064A06C401C08B90020A06400F0C8FC6D
:10AE200005A901A801F055FBC0B92046FFF762FF54
:10AE300070B104F11000059901F0CBFA2046FFF73C
:10AE40001AFF00F00DFF0028AFD100F0A2FCACE724
:10AE50002046FFF710FF00F003FFA6E72046FFF7AC
:10AE60000AFF00F0FDFE0020BBE770B5054650204C
:10AE700000F0C2FC0446E4B1002060602060A060E5
:10AE8000E060A0630120E06300202064401E606455
:10AE9000A06484F84D5004F11000FFF737FE04F170
:10AEA0002400FFF733FE00231A4619462046FFF719
:10AEB00065FF1CB9F5F7BCF900BFFEE7204670BD81
:10AEC00070B504461CB9F5F7B3F900BFFEE701F011
:10AED00047FB616888420CD1E068401EE060E06892
:10AEE00028B900231A4619462046FFF747FF0125D7
:10AEF00000E00025284670BD70B5044600F04FFC08
:10AF0000A06B08B9012000E00020054600F050FCCD
:10AF1000284670BD70B504460D46206870B1216C9E
:10AF2000E0680844E0606168E068884201D3206816
:10AF3000E0602846226CE16801F0BCFB70BD2DE9A1
:10AF4000FF4182B004460D461E464FF000081CB972
:10AF5000F5F76EF900BFFEE70DB9206C08B90120C6
:10AF600000E0002018B9F5F763F900BFFEE700BF65
:10AF700000F015FCA06B80B3E76829462046FFF778
:10AF8000C9FFB6B9A06B401EA063206810B901F0DC
:10AF9000E7FA6060206908B9012000E00020B0B93C
:10AFA00004F1100001F052FA012810D100F0F1FB79
:10AFB0000DE0E760606A08B9012000E0002030B9C8
:10AFC00004F1240001F042FA08B100F0E2FB00F0C5
:10AFD000EFFB012006B0BDE8F081FFE7049818B947
:10AFE00000F0E6FB0020F5E7B8F1000F04D1684659
:10AFF00001F061FA4FF0010800F0DAFB00F0E0FE2A
:10B0000000F0CDFB606C401C08B900206064A06CAF
:10B01000401C08B90020A06400F0CAFB04A96846DF
:10B0200001F057FA08BB2046FFF766FFB8B1206869
:10B0300030B900F0B4FB606801F0A1FA00F0B8FB91
:10B0400004F12400049901F0C4F92046FFF713FE2F
:10B0500000F006FE00288BD100F09BFB88E720461D
:10B06000FFF709FE00F0FCFD82E72046FFF703FE34
:10B0700000F0F6FD0020ADE770B504460E461CB9A1
:10B08000F5F7D6F800BFFEE701F06AFA616888427A
:10B0900004D1E068401CE06001250BE0002332464B
:10B0A00019462046FFF74BFF0546012D02D1E06807
:10B0B000401CE060284670BD70B506460D46022271
:10B0C00000213046FFF7A9FD044604B1A5631CB971
:10B0D000F5F7AEF800BFFEE7204670BD2DE9F0475A
:10B0E00004460F46154698461CB9F5F7A1F800BF6F
:10B0F000FEE70FB9206C08B9012000E0002018B964
:10B10000F5F796F800BFFEE7F5F792F88146A06BD9
:10B11000E16B88421BD2424639462046FFF7FAFDD2
:10B12000A06C401C70B9606A08B9012000E00020E2
:10B1300058B904F1240001F089F930B12DB1012092
:10B14000286002E0A06C401CA064012600E00026FC
:10B150004846F5F774F83046BDE8F0872DE9F04130
:10B1600004460F4615461CB9F5F762F800BFFEE726
:10B170000FB9206C08B9012000E0002018B9F5F7DC
:10B1800057F800BFFEE7F5F753F88046A06BE8B12B
:10B1900039462046FFF7BEFEA06B401EA063606CE0
:10B1A000401C70B9206908B9012000E0002058B99E
:10B1B00004F1100001F04AF930B12DB101202860EE
:10B1C00002E0606C401C6064012600E000264046FE
:10B1D000F5F735F83046BDE8F08170B504461CB986
:10B1E000F5F726F800BFFEE700F0D9FAA56B00F0EE
:10B1F000DFFA284670BD70B504461CB9F5F718F89B
:10B2000000BFFEE7A56B284670BD014600200BE09D
:10B210003D4A02EBC00252688A4204D100223A4BF6
:10B2200043F8302002E0401C0828F1D300BF7047EB
:10B2300010B504461CB9F4F7FBFF00BFFEE720463B
:10B24000FFF7E3FF206800F038FB204600F035FBF5
:10B2500010BD014691F84C00704780F84C107047C3
:10B26000014691F84D00704770B504461CB9F4F7DB
:10B27000DFFF00BFFEE7A06B08B9012000E000205F
:10B280000546284670BD70B504461CB9F4F7D0FFDA
:10B2900000BFFEE7A06BE16B884201D1012000E016
:10B2A00000200546284670BD024600200BE0164BE4
:10B2B00053F8303033B9144B43F8301003EBC0036C
:10B2C0005A6002E0401C0828F1D300BF704770B5F7
:10B2D00004460D4600F063FA606C401C08B900207B
:10B2E0006064A06C401C08B90020A06400F060FA03
:10B2F000A06B20B9294604F1240001F08DF8204606
:10B30000FFF7B9FC70BD0000800700202DE9F04177
:10B3100004460D4616461F464FF00008656024613E
:10B32000B5420CD8F01BA169884202D34FF0010846
:10B3300011E0211DF0480068FFF706FC0BE0BE425B
:10B3400004D2BD4202D34FF0010804E0211DEB48B6
:10B350000068FFF7F9FB4046BDE8F0812DE9FE43A8
:10B3600005460E4617461C46DDF828804FF00009BA
:10B37000E348006808B3009601970295ACB901F064
:10B38000F2F8012808D1002342466946DC480068EB
:10B39000FFF7F4FC814610E000231A466946D848BE
:10B3A0000068FFF7EBFC814607E000232246694670
:10B3B000D3480068FFF792FE81464846BDE8FE8309
:10B3C0002DE9F84381462BE0CC480068C068056849
:10B3D000CA480068C068C468201DFFF7CFFB20463C
:10B3E000616A8847E06901281AD1A0694619AE420E
:10B3F00007D966602461211DC0480068FFF7A4FBDF
:10B400000EE0002003462A46014600902046FFF742
:10B41000A5FF07461FB9F4F70BFF00BFFEE700BF0B
:10B42000B6480068006808B9012000E00020002844
:10B43000CAD0B248D0F80080AF480068AF49086071
:10B44000AD48C0F80080BDE8F88370B5044600F050
:10B4500009FF0546AB480068854206D2A948006846
:10B46000FFF7AEFF0120206001E000202060A5482A
:10B470000560284670BD70B586B002A8FFF7E5FFED
:10B48000064650E0059C44B1606908B9012000E01F
:10B49000002010B9201DFFF771FB039830B101287F
:10B4A00026D0022825D003283BD136E00498A26993
:10B4B0008118034632462046FFF728FF012816D19F
:10B4C0002046616A8847E069012810D10020009079
:10B4D0000498A1694218002319462046FFF73EFF51
:10B4E00005461DB9F4F7A4FE00BFFEE700BF19E052
:10B4F00018E00498A061A06908B1012000E00020D4
:10B5000018B9F4F795FE00BFFEE7A069811933462C
:10B5100032462046FFF7FAFE04E0204600F0CDF95F
:10B5200000E000BF00BF00231A4603A9744800686A
:10B53000FFF705FD0028A5D106B070BDF8B505469A
:10B540000F466E480068C068C468201DFFF716FBF0
:10B55000E069012817D1A06941192B463A462046D7
:10B56000FFF7D4FE01280ED1002003462A460146EB
:10B5700000902046FFF7F2FE06461EB9F4F758FE8B
:10B5800000BFFEE700BF2046616A8847F8BDF8B5F6
:10B5900004460E4600F014FC6846FFF756FF0546C9
:10B5A0000098A0B946B9AC4206D800F059FB29462C
:10B5B0002046FFF7C3FF0CE0611B51480068FFF70E
:10B5C00086FE00F04DFB20B900F0E3F801E000F04A
:10B5D00047FBF8BD0146494A126812680AB90122C0
:10B5E00000E000220A600A6822B9444A1268D26860
:10B5F000106800E00020704708B500BF6846FFF7FC
:10B60000E9FF044620460099FFF7C1FFFFF733FF2B
:10B61000F4E710B500F0C3F83948006890B93A482B
:10B62000FFF774FA3948FFF771FA37483349086071
:10B6300036483149086000220C210A20FFF7EDFA54
:10B640002F49086000F0B4F810BD1FB50024FFF7C3
:10B65000E0FF2B48006868B100200223CDE90030EC
:10B66000029003464FF4007229A103902A4800F08B
:10B67000B2F904461CB9F4F7DBFD00BFFEE7204633
:10B6800004B010BD2DE9F04706460D461746984612
:10B69000DDF820904DB900240DB1012000E000201C
:10B6A000A0B9F4F7C5FD00BFFEE7282000F0A4F81C
:10B6B00004465CB1FFF7ADFF2660A561E761C4F801
:10B6C0002080C4F82490201DFFF72DFA2046BDE805
:10B6D000F08770B50446264600F061F8706908B13D
:10B6E000012000E00020054600F062F8284670BD09
:10B6F00001460A46106A7047EC030020E803002068
:10B70000F0030020F4030020C0070020D40700202D
:10B71000546D722053766300F9B50008001F4FF096
:10B7200080730360001F0160001F00230360143852
:10B730000260001FDB1E0360203870472A48006843
:10B7400042F21071B0FBF1F0401E4FF0E021486171
:10B7500007200861704710B52448006840F47C0059
:10B76000224908600846006840F07C400860FFF706
:10B77000E5FF00201E490860F4F728FD1D48006819
:10B7800040F040401B490860F4F716FD002010BD52
:10B7900070474FF0805015491C390860704710B54C
:10B7A000F4F746FD12480068401C1149086010BDBE
:10B7B00010B50F480068401E0D4908600846006833
:10B7C00010B90020F4F73BFD10BD10B54FF08050CC
:10B7D00006491C390860F4F72BFD00F0C2F900207F
:10B7E000F4F72DFD10BD0000C403002020ED00E0A3
:10B7F000F803002034EF00E02DE9F04104464FF05B
:10B80000000800F0DDFA3D48006898B93C493D4A1F
:10B810001160002151604FF420513B4A51600021DA
:10B82000116037484FF420514160114601600120FA
:10B830003249086044B1103404F0070020B104F02C
:10B840000700C0F108000444002C31D0B4F5205F9B
:10B850002ED22C4F3846056801E02F462D686868C7
:10B86000A04202D228680028F7D1274885421FD07D
:10B87000386800F11008286838606868001B2028C4
:10B8800010D92E196868001B70606C6071681D48C3
:10B8900000E00068026852688A42FAD302683260A7
:10B8A000066000BF194968680968081A17490860E6
:10B8B00000F0D6F94046BDE8F08170B50646354641
:10B8C000B6B1103D2C4600F07BFA61680D4800E0EF
:10B8D0000068026852688A42FAD3026822600460F3
:10B8E0000A496068096808440849086000F0B8F926
:10B8F00070BD0648006870477047000010040020C3
:10B90000E8070020FC030020040400200C040020B1
:10B9100010B5002407E004EB8401FE4A02EB81002D
:10B92000FFF7F4F8641C052CF5D3FB48FFF7EEF89D
:10B93000FA48FFF7EBF8FA48FFF7E8F8F948FFF79D
:10B94000E5F8F948FFF7E2F8F348F8490860F348EA
:10B95000F749086010BD2DE9F04104460E46154632
:10B960009846069F0A22314604F1340000F0D2FEC8
:10B9700000213D200155052D00D30425E562A56475
:10B98000201DFFF7D0F804F11800FFF7CCF8246170
:10B99000C5F10500A0616462BDE8F08170B505469F
:10B9A0000E464C20FFF728FF044694B11EB9A800AC
:10B9B000FFF722FF00E030462063206B20B92046CD
:10B9C000FFF77BFF002404E0A900A522206B00F014
:10B9D00083FE204670BD2DE9FF4F81B0804616469C
:10B9E0009A46DDE90E5BB8F1000F03D1F4F720FCB5
:10B9F00000BFFEE7052D01D2012000E0002018B9AC
:10BA0000F4F716FC00BFFEE730461099FFF7C6FFBB
:10BA10000446002C64D0701E216B01EB800929F0D4
:10BA2000070909F0070008B9012000E0002018B953
:10BA3000F4F7FEFB00BFFEE700962A462046119B66
:10BA40000299FFF788FF524641464846FFF766FED7
:10BA50002060BBF1000F01D0CBF80040FFF79FFE44
:10BA6000B4480068401CB3490860B348006840B956
:10BA7000B14804600846006801280CD1FFF748FF70
:10BA800009E0AE48006830B9AB480068C06AA84217
:10BA900001D8A9480460AA49E06A0968884202D925
:10BAA000A749E06A0860A74800682064A5480068C4
:10BAB000401CA4490860A449E06A0968884202D988
:10BAC000A149E06A0860E16A01EB8101914A02EB59
:10BAD0008100211DFFF72AF80127FFF769FE01E029
:10BAE0004FF0FF37012F09D19448006830B19248D8
:10BAF0000068C06AA84201D2FFF74BFE384605B085
:10BB0000BDE8F08F70B50446FFF749FE8A4800682B
:10BB1000844200D1002414B98748006800E0204620
:10BB20000546281DFFF72AF8A86A18B105F1180084
:10BB3000FFF724F8291D7B48FEF7F8FF83480068CB
:10BB4000401C824908607F480068401C7D490860AD
:10BB5000FFF72EFE7948006810B10CB9FFF719FE07
:10BB600070BD70B57A480068002873D179480068C4
:10BB7000401C784908600846006868BB6B4800684C
:10BB8000006808B9012000E0002018B9F4F750FB64
:10BB900000BFFEE7654805686548006863490860BE
:10BBA000634805606C480068401C6B4908605F484A
:10BBB0000068006808B9012000E0002020B14FF0C3
:10BBC000FF306649086006E058480068C068C468ED
:10BBD00062496068086000BF5E4800685F490968A4
:10BBE000884236D300BF51480068006808B9012078
:10BBF00000E0002020B14FF0FF305849086027E0F6
:10BC00004A480068C068C468656852480068A8422D
:10BC100002D2524805601BE0201DFEF7AFFFA06A6C
:10BC200018B104F11800FEF7A9FF4749E06A096856
:10BC3000884202D94449E06A0860E16A01EB810167
:10BC4000344A02EB8100211DFEF770FFCBE701E0D3
:10BC500000BF04E042480068401C4149086070BDD4
:10BC600070B500253A48006818B9F4F7E1FA00BF4A
:10BC7000FEE7FFF794FD36480068401E344908602F
:10BC800008460068002878D12A480068002874D047
:10BC9000002621E02248C068C46804F11800FEF7BD
:10BCA0006DFF201DFEF76AFF2749E06A0968884298
:10BCB00002D92549E06A0860E16A01EB8101154A71
:10BCC00002EB8100211DFEF731FF1B49E06A096884
:10BCD000C96A884200D301261148006808B90120CA
:10BCE00000E000200028D5D01D48006860B106E0C3
:10BCF000FFF737FF1A480068401E194908601848C6
:10BD000000680028F4D10126012E2FD015480068C4
:10BD100001282AE0E82F00204C300020603000206D
:10BD200074300020883000209C300020180400204F
:10BD30001C040020240400201404002034040020EB
:10BD40002C0400204804002030040020200400209F
:10BD50003804002028040020440400204C04002063
:10BD60003C0400204004002007E005D1012500200C
:10BD7000F9490860FFF70DFD00BFFFF719FD2846E0
:10BD800070BD10B50446F54800684460F44800688A
:10BD9000844207D2F1480168091DF2480068FEF7A5
:10BDA000D3FE0CE0ED480168091DEF480068FEF77E
:10BDB000CBFEEE480068844201D2EC48046010BD1E
:10BDC000EB480068401CEA49086070472DE9F041E3
:10BDD00004460E464FF000081CB9F4F729FA00BFDC
:10BDE000FEE70EB1012000E0002018B9F4F720FAB8
:10BDF00000BFFEE7FFF7E4FF20688519D8492068F7
:10BE00000968884209D92068A8420FD9D448006837
:10BE100085420BD94FF0010808E02068A84203D8FA
:10BE2000CF480068854201D94FF001082560B8F17C
:10BE3000000F07D0C9480068001DFEF79FFE284686
:10BE4000FFF79FFFFFF70CFF07460FB9FFF7A1FCB5
:10BE5000BDE8F08170B5044600267CB1FFF7B0FF65
:10BE6000BF4800680519BD480068001DFEF786FE42
:10BE70002846FFF786FFFFF7F3FE06460EB9FFF7E9
:10BE800088FC70BD70B50446FFF789FC14B9B3484F
:10BE9000006800E020460646F56AFFF789FC284660
:10BEA00070BD2DE9F04706460D464FF00009052DFF
:10BEB00001D2012000E0002018B9F4F7B9F900BF61
:10BEC000FEE7052D00D30425FFF769FCA3480068B1
:10BED000864200D1002616B9A048006800E030462E
:10BEE0000446A76CAF4234D0BD4203D92EB14FF007
:10BEF000010902E00EB94FF00109D4F82C80E16A83
:10BF0000A06C884200D1E562A564C5F10500A0617E
:10BF100007EB8701974A02EB81016069884213D1E0
:10BF2000201DFEF72BFE9449E06A0968884202D979
:10BF30009149E06A0860E16A01EB81018D4A02EBF8
:10BF40008100211DFEF7F2FDB9F1010F01D1FFF7CC
:10BF500020FCFFF72DFCBDE8F08710B58448006891
:10BF600018B101207C4908602CE00BE08248006891
:10BF700018B9F4F75DF900BFFEE77F480068401E7E
:10BF80007D4908607C48006800EB8000794951F8E1
:10BF900020000028EAD07849096801EB8101754A40
:10BFA00002EB810041684968416000F10801426884
:10BFB0008A4202D14168496841604168C968674A5C
:10BFC000116000BF10BD70B50446FFF7E8FB634881
:10BFD0000068844200D1002414B96048006800E081
:10BFE00020460546281DFEF7C9FDA86A18B105F1CF
:10BFF0001800FEF7C3FD291D6048FEF797FDFFF707
:10C00000D7FB8CB95E48006810B1FFF7C2FB0BE0AC
:10C010005A4800685B490968884203D100204F49AB
:10C02000086001E0FFF799FF70BD70B50546002676
:10C030002C461DB9F4F7FCF800BFFEE74F496069D4
:10C04000884201D1012000E0002080B14E49A06A61
:10C05000884201D1012000E00020012807D0A06A19
:10C0600008B9012000E00020012800D10126304657
:10C0700070BD70B505461DB9F4F7DAF800BFFEE7EC
:10C080002C4644B335480068844224D0FFF787FB30
:10C090002046FFF7CAFF01281BD1201DFEF76EFDC9
:10C0A0003549E06A0968884202D93349E06A086084
:10C0B000E16A01EB81012F4A02EB8100211DFEF7AD
:10C0C00035FD2649E06A0968C96A884201D3FFF74D
:10C0D00060FBFFF76DFB70BD2DE9F04105460026C2
:10C0E0001DB9F4F7A5F800BFFEE72C46F4F7A0F859
:10C0F00007462046FFF799FF012826D11C48006813
:10C10000F0B91649E06A0968C96A884201D301207A
:10C1100000E000200646201DFEF730FD1649E06ACB
:10C120000968884202D91449E06A0860E16A01EBB3
:10C130008101104A02EB8100211DFEF7F7FC04E0AB
:10C1400004F118011048FEF7F1FC3846F4F777F8CF
:10C150003046BDE8F08100004004002014040020B7
:10C16000280400201C040020180400204C04002097
:10C1700038040020E82F0020300400209C300020EC
:10C1800034040020240400207430002010B504463C
:10C19000206BFFF792FB2046FFF78FFB10BD70B5B9
:10C1A00023E0FFF70DFEFD48006808B9012000E01C
:10C1B00000200546FFF754FDBDB9FFF7F0FAF74838
:10C1C000C068C468201DFEF7D9FCF5480068401E11
:10C1D000F3490860F3480068401EF2490860FFF721
:10C1E000E7FA2046FFF7D2FF00BFEE4800680028BC
:10C1F000D7D170BD00BFFFF7D2FFEB480068012820
:10C20000F9D9FFF7C6FAF6E71FB5002000900190B4
:10C21000029003464FF48072E4A10390E548FFF7D3
:10C22000DAFB0446012C02D1FFF70FFA0446012C79
:10C2300009D1F3F7FDFF0120DF4908600020DF4945
:10C240000860FFF788FA1CB9F3F7F2FF00BFFEE7BA
:10C250001FBD10B5F3F7ECFF0020D7490860FFF7CA
:10C2600097FA10BD10B5FFF79AFAD4480468FFF7A3
:10C270009FFA204610BD70B5F3F7DAFF0546CF48A8
:10C2800004682846F3F7DBFF204670BDC448006809
:10C2900070470146002002E0491C421C90B20A7817
:10C2A000A52AF9D0800870472DE9FE4381460C4647
:10C2B0001646204641684968416000F1080142681D
:10C2C0008A4202D14168496841604168CF6800BF35
:10C2D000204641684968416000F1080142688A428D
:10C2E00002D14168496841604168CD68286BFFF719
:10C2F000D0FF8046286CE96A334605F13402CDE967
:10C3000000180290AEA1B34800F028FEB14948469B
:10C3100000F0F4F9BD42DBD1BDE8FE8370B50546FF
:10C32000FFF74EFD00202870ABA1284600F0E6F98B
:10C33000AA480068441C00BF641E04EB84009A49AC
:10C3400051F8200008B9012000E0002040B904EBBA
:10C350008400954A02EB800152222846FFF7A4FF91
:10C36000002CE9D19E480068006808B9012000E06F
:10C37000002028B942229A4801682846FFF794FF16
:10C3800098480068006808B9012000E0002028B93A
:10C390004222944801682846FFF786FF7F480068DC
:10C3A00008B9012000E0002020B944227B4928463A
:10C3B000FFF77AFF8C48006808B9012000E00020F0
:10C3C00020B9532288492846FFF76EFFFFF748FC43
:10C3D00070BD70B505460C461DB9F3F729FF00BFC7
:10C3E000FEE78248016818312846FEF7ADFB7F481A
:10C3F0000068001DFEF7C2FB601C30B97B48016875
:10C40000091D7948FEF792FB05E06C4800680619A3
:10C410003046FFF7B6FC70BD70B504460D461CB93A
:10C42000F3F706FF00BFFEE77048016818312046A9
:10C43000FEF77CFB6D480068001DFEF79FFB5F4820
:10C44000006846193046FFF79CFC70BD70B5064683
:10C45000F068C4681CB9F3F7EBFE00BFFEE704F117
:10C460001800FEF78BFB62480068A0B9201DFEF79C
:10C4700085FB6049E06A0968884202D95D49E06A43
:10C480000860E16A01EB8101474A02EB8100211D4E
:10C49000FEF74CFB04E004F118015748FEF746FB99
:10C4A0005249E06A0968C96A884201D3012500E05F
:10C4B0000025284670BD10B504461CB9F3F7B8FE38
:10C4C00000BFFEE74D48006820603C48006860609F
:10C4D00010BD70B504460D461CB9F3F7A9FE00BFA8
:10C4E000FEE71DB9F3F7A4FE00BFFEE7FFF757F91B
:10C4F0002868401C08B900261FE0404920680968E8
:10C50000884206D02D4960680968884201D8012612
:10C5100013E02A4960680968081A296888420BD222
:10C520002868264A61681268511A401A2860204615
:10C53000FFF7C1FF002600E00126FFF739F930467A
:10C5400070BD01202E4908607047014611B10A46AE
:10C55000506C00E00020704708B1024651647047FB
:10C560002249086870471449096809B9002005E0A4
:10C570001F49096809B9012000E00220704770B521
:10C5800005462C464DB11949E06A0968C96A8842D6
:10C5900065D216480068C06A34E060E08830002048
:10C5A0002404002020040020E82F002049444C45AA
:10C5B00000000000F5C10008340400202804002019
:10C5C0002573090925630925750925750925750D43
:10C5D0000A000000B03000200D0A00002C040020EA
:10C5E000180400201C0400209C30002014040020AB
:10C5F000380400203004002074300020440400205F
:10C6000040040020C0F10500A061E16A01EB810156
:10C61000254A02EB81016069884201D1012000E0D6
:10C620000020C0B1201DFEF7A9FA20480068C06AAA
:10C63000E0621F49E06A0968884202D91C49E06A41
:10C640000860E16A01EB8101174A02EB8100211DBC
:10C65000FEF76CFA03E015480068C06AE06270BD3E
:10C6600070B505462C46EDB1A16CE06A884219D040
:10C67000201DFEF783FAA06CE062E06AC0F10500BD
:10C68000A0610B49E06A0968884202D90849E06A5A
:10C690000860E16A01EB8101034A02EB8100211D80
:10C6A000FEF744FA70BD0000E82F002014040020BB
:10C6B0003004002040EA01039B0703D009E008C9C9
:10C6C000121F08C0042AFAD203E011F8013B00F857
:10C6D000013B521EF9D27047D2B201E000F8012BA3
:10C6E000491EFBD270470022F6E710B513460A46F2
:10C6F00004461946FFF7F0FF204610BD421E12F80F
:10C70000013F002BFBD111F8013B02F8013B002B4C
:10C71000F9D1704710B5044604E00B7800F8013BEE
:10C7200003B1491C521EF8D2204610BD421C10F81D
:10C73000011B0029FBD1801A704710B5002200E0D0
:10C74000521C835C8C5CA34201D1002BF8D1D8B27F
:10C75000E1B2401A10BD2DE9FE4F804681EA030088
:10C76000C00F0C46009021F0004123F00045B8EBCB
:10C770000200A94105D24046214690461C460B4680
:10C78000024623F00040104347D0270DC7F30A00AC
:10C79000C3F30A510290401A019040286BDAC3F3A8
:10C7A000130040F4801B0098924620B10023D2EB86
:10C7B000030A63EB0B0B01985946C0F14002504647
:10C7C00000F0E1F906460D4650465946019A00F040
:10C7D000F9F910EB08006141002487EA115284EA5C
:10C7E000E7731A4340D0009A62B3019A012A4FEAD4
:10C7F000075215DC001B61EB02014FF0004202EA18
:10C800000752CDE90042001C41F5801132462B460B
:10C8100000F030FA03B0BDE8F08F40462146F9E75A
:10C82000001B61EB0201001C41F5801300185B4105
:10C830002018A2F5001747EB030140EAD570B6199E
:10C840006D4111E06D084FEA360645EAC0754FEAC2
:10C850000752001B61EB0201001C41F580114908E1
:10C860004FEA30000019514132462B4603B0BDE873
:10C87000F04F00F0F0B90098012240000023D0EB07
:10C88000020263EBE073009821464FEAE074B8EBD4
:10C89000000061EB0401E9E783F000435BE781F00E
:10C8A000004158E72DE9FE4F81EA030404F00044FB
:10C8B00021F0004100944FF0000B23F0004350EAB8
:10C8C00001045ED052EA03045BD0C3F30A54C1F3FF
:10C8D0000A552C44A4F2F3340194A0FB0254C1F392
:10C8E000130141F48011C3F3130343F4801301FBDC
:10C8F000024400FB034E840A970A44EA815447EA43
:10C900008357A4FB076802958D0A05FB07854FEA4C
:10C91000932C04FB0C542705029D4FEA065847EA66
:10C920001637B5EB08056EEB070C870E920E47EA3B
:10C93000811742EA8312A7FB0201B6EB0B0164EBFD
:10C9400000042B0D43EA0C335E1844EB1C50DA460E
:10C950005146E7FB0201C5F313044FEA0B3343EAE8
:10C9600014534FEA0432019C43EA0603A4F10C0479
:10C970000294009CCDE900B400F07CF903B0BDE85E
:10C98000F08F00200146F9E72DE9F04D81EA03041C
:10C9900004F0004B21F0004514464FF0000A23F04C
:10C9A000004150EA050220D054EA01021DD0C5F32F
:10C9B0000A570246C5F31303C1F31300C1F30A5625
:10C9C00040F4801543F48013A7EB0608101BD646ED
:10C9D00008F2FD3873EB050002D308F1010801E00D
:10C9E00092185B41B8F1000F03DA00200146BDE860
:10C9F000F08D00204FF48011064684460EE0171B90
:10CA000073EB050705D3121B63EB050306434CEAE2
:10CA1000010C49084FEA300092185B4150EA0107C7
:10CA2000EDD152EA030012D082EA040083EA050144
:10CA3000084305D0101BAB4106D20122002306E0BB
:10CA400000224FF0004302E06FF0010253101AEB96
:10CA500006004CEB085110EB0A0041EB0B01BDE85E
:10CA6000F04D00F0F8B80EB5C10F80EAE070084450
:10CA7000CA07002140F233438DE80E000A460B46F8
:10CA800000F0F8F803B000BD70B5C1F30A5201F030
:10CA900000450024C1F3130140F2FF3341F480113B
:10CAA0009A4201DA002070BD40F233439A42A2F26A
:10CAB000334203DC524200F075F800E090402C4312
:10CAC000F1D0404270BD00F0004230F000400AD08A
:10CAD000C10D01F56071C0F3160042EA0151C208B0
:10CAE00040071143704700200146704701F00043A2
:10CAF00030B421F0004150EA010206D00A0DA2F53F
:10CB00006072C1F31301002A02DC30BC00207047C0
:10CB1000440F44EAC104C100E01830BC00EBC2502D
:10CB200000F062B82DE9F05F0546002092469B4672
:10CB300088460646814640241BE028464146474633
:10CB4000224600F02FF853465A46C01A914110D39E
:10CB500011461846224600F016F82D1A67EB010818
:10CB60004F4622460120002100F00DF817EB000986
:10CB70004E41201EA4F10104DFDC484631462A461E
:10CB80004346BDE8F09F202A04DB203A00FA02F178
:10CB9000002070479140C2F1200320FA03F31943AB
:10CBA00090407047202A04DB203A21FA02F000214D
:10CBB000704721FA02F3D040C2F1200291400843AD
:10CBC00019467047202A06DBCB17203A41FA02F0BB
:10CBD00043EAE07306E041FA02F3D040C2F12002DA
:10CBE00091400843194670470029A8BF7047401C70
:10CBF000490008BF20F00100704710B4B0FA80FC73
:10CC000000FA0CF050EA010404BF10BC704749B1AF
:10CC1000CCF1200421FA04F411FA0CF118BF01211F
:10CC200021430843A3EB0C01CB1D4FEA00614FEAFF
:10CC3000102042BF002010BC704700EBC3501044CE
:10CC40000029A4BF10BC7047401C490008BF20F059
:10CC5000010010BC704710B5141E73F1000408DA0F
:10CC6000401C41F1000192185B411A4301D120F0B0
:10CC7000010010BD2DE9F04D92469B4611B1B1FA6D
:10CC800081F202E0B0FA80F220329046FFF77BFF9B
:10CC900004460F4640EA0A0041EA0B0153465A4651
:10CCA000084313D0114653EA010019D0C8F14002DD
:10CCB0005046FFF777FF05460E4650465946424616
:10CCC000FFF761FF084305D0012004E02046394604
:10CCD000BDE8F08D0020054346EAE0762C4337435B
:10CCE0000A986305E40AA0EB08000022FD0A44EA62
:10CCF00047540A3002D500200146E9E70105101922
:10CD00006941DDE9084500196941BDE8F04DA2E738
:10CD100070B521F0004303430CD0C1F30A55002441
:10CD2000D5EB040564EB0403D617AD1AB34102DB5F
:10CD30000020014670BD201841EB025170BD2DE965
:10CD4000F04D00231A461B1A8A4103DB00200146DE
:10CD5000BDE8F08DC1F30A52C1F3130141F480150F
:10CD60004FF0000BD10702D100186D41521E002771
:10CD7000044640F2FF11384601EB620A3E46804607
:10CD8000024600204FF48011FFF70CFFC2197141D9
:10CD9000BB1846EB0100B4EB030C75EB000C04D39D
:10CDA000E41A65EB000517460E46241908F1010048
:10CDB0006D4180463428E3DDF91946EB0600091B76
:10CDC000A84103D24FF0FF32134601E00022134680
:10CDD0001BEB070046EB0A51BDE8F04DFFF73BBFE8
:10CDE0002DE9FE4FC3F30A5701F000450024C1F3BB
:10CDF0000A56C3F31303C1F3130143F4801312EB78
:10CE0000020AA64641F48011009543EB030CA7F1FA
:10CE1000010B16E0B0EB0A0061EB0C01071E71F18B
:10CE2000000707DA4FF00008D0EB080085F0004556
:10CE300068EB0101171A73EB0107EBD3761E00189C
:10CE400049415E45F6DA50EA010209D0CDE900E534
:10CE5000002213460296FFF70DFF03B0BDE8F08FE6
:10CE600020460099F9E7000030B5041E71F1000476
:10CE700004DB4FF00044404264EB0101141E73F1E7
:10CE8000000405DB1C464FF00043524263EB0403F1
:10CE9000994208BF904230BD064C074D06E0E0685D
:10CEA00040F0010394E8070098471034AC42F6D3F1
:10CEB000F3F76EF938F4000858F400080EB540F2A4
:10CEC000334102910021CDE900110A460B46FFF7DC
:10CED000D1FE03B000BD70B58C1810F8015B15F0E1
:10CEE000070301D110F8013B2A1106D110F8012BDC
:10CEF00003E010F8016B01F8016B5B1EF9D12B0701
:10CF000005D40023521E0DD401F8013BFAE710F8B6
:10CF1000013BCB1A921C03E013F8015B01F8015BA3
:10CF2000521EF9D5A142D8D3002070BD0FB41CB554
:10CF30000246002007AC00290BD0491ECDE9002194
:10CF4000054B6A462146069801F002FF009A00212F
:10CF500011701CBC5DF814FBB3F100080FB4084B52
:10CF600010B504A902AA039801F0F2FE044602A932
:10CF7000002002F029F9204610BC5DF814FB0000E7
:10CF8000C9F1000803B401984100009850EAC1209B
:10CF900018BF04204A0D18BF40F0010040F2FF7294
:10CFA000B2EB515F08BF40F00200012808BF052026
:10CFB00002B070474100080218BF04200A0E18BFD3
:10CFC00040F001004FF07F4232EA010108BF40F01B
:10CFD0000200012808BF05207047000010EE100A6B
:10CFE00010B510EE901A4FF0684202EB40032DEDA1
:10CFF000028BB3F1654F3CBF02EB4102B2F1654FCA
:10D000007CD200BFC0F3C753C1F3C7529A1A1B2A80
:10D0100009DD10F0004F14BF9FED6E0A9FED6E0A00
:10D02000BDEC028B10BD12F11A0F1BDA11F0004F8C
:10D0300009D010F0004F0CBF9FED680A9FED680A01
:10D04000BDEC028B10BD80EE208A18EE100AFFF7AF
:10D05000B1FF042808BF01F05DFEB0EE480ABDEC48
:10D06000028B10BD4200B2EB410F37D910F0004FD8
:10D0700019BFDFED5C1A9FED5C1ADFED5C1A9FEDC6
:10D080005C1AB0EE602A0A46F1EE400A80F00041D8
:10D09000B0EE420A10460A1A5200B2F1807F34D232
:10D0A000484010F0004FDFED532A9FED533A1DBF6B
:10D0B000BEEE002A71EEE21A31EE431AB6EE002AF5
:10D0C00004BF71EEA21A31EE031AF0EE402A42EECE
:10D0D000602A40EE020A82EEA02A18E011F0004F0A
:10D0E00004BF9FED461AF0EE411AD4D010F0004F65
:10D0F0001CBFDFED431A9FED431A00E026E004BF9A
:10D10000DFED411A9FED411AC5E780EE202A22EE9D
:10D11000020ADFED3F0ADFED3F2ABDEC028B40EE55
:10D12000202ADFED3D0A40EE220ADFED3C2A40EEE8
:10D13000202ADFED3B0A40EE220A22EE000A00EE32
:10D14000201A31EE020A30EE210A10BD4FF07F4264
:10D15000B2EB400F28BFB2EB410F05D2BDEC028B02
:10D16000BDE8104001F0CBBD40EA01035B0008BF01
:10D1700041F0FF410BD0B2EB400F08BFB2EB410FC3
:10D1800008D120F0804000EE100A21F0804100EE2E
:10D19000901A37E7B2EB400F12BF5FEA410240F04E
:10D1A000FF4001F000413FF42DAF4A0092EA4003F6
:10D1B0003FF528AF002AACBF9FED1A1A9FED1A1A4F
:10D1C00020EE010A60EE810A10EE100A10EE901AAD
:10D1D00018E70000DB0FC9BFDB0FC93FDB0F494079
:10D1E000DB0F49C00000C9BF22AAFDB90000C93F3A
:10D1F00022AAFD390060ED3EC30ACE3700000000D0
:10D20000000049C022AA7DBA0000494022AA7D3A06
:10D210002DAD65BD8FB8D53D0FB511BE61C84C3E73
:10D22000A8AAAABE0000804F0000802F00000000C6
:10D2300010B52F499FED2C1B2DED020B84B00598E6
:10D2400020F000408842D8BF9DED040B2DDD294918
:10D25000884209D1049840B94FF0010001F072FDF5
:10D2600001F01AFD06B010BD05DB9DED040B01F0C9
:10D27000FFFC06B010BD68469DED040B01F0F8F808
:10D2800010F0030004BF9DED021B9DED000B0CD0C0
:10D2900001280ED09DED021B9DED000B022817D03A
:10D2A000012001F035FC06B010BD01F0FDFA06B01A
:10D2B00010BD9DED021B9DED000B012001F028FC2F
:10D2C00051EC100B81F0004106B041EC100B10BD89
:10D2D00001F0EAFA51EC100B81F0004106B041EC8C
:10D2E000100B10BD00000000000000000000000056
:10D2F000FB21E93F0000F07F10B510EE104A4FF01F
:10D3000019406849002200EB44002DED028B884251
:10D3100057D8DFED650A14F0004F60EE200A14BF05
:10D32000BEEE001AB6EE001A71EE200AFDEEE00A1B
:10D3300010EE900A00EE900AF8EEE00A9FED5B1AFC
:10D3400000EEC10A9FED5A1A00EEC10ADFED590A3C
:10D350009FED591A00EE201ADFED580A40EE010A3F
:10D360009FED571A574B00F0030100EE201A21EEF3
:10D37000000A7B4403EB8103D3ED000A524B7B444C
:10D3800003EB810393ED001A504B41EE000A7B44FE
:10D3900003EB8101801091ED000A70EE800AEABB78
:10D3A00000EE100AB8EEC01ADFED491A9FED490AE7
:10D3B000BDEC028B01EE210ABCEEC00A20EE200A71
:10D3C00010BD4FF0FF40A0431BD04FF0CE40B0EB5C
:10D3D000440F82BFB7EE000ABDEC028B10BD3E4881
:10D3E000B0EB440F28BF012293D2022001F0AAFC27
:10D3F00014F0004F15D0BDEC028BBDE8104001F0D9
:10D4000089BC14F5000F02BF9FED340ABDEC028BFE
:10D4100010BDBDEC028BBDE8104000E007E001F05C
:10D420006BBCBDEC028BBDE8104001F06BBC00EBA7
:10D43000D07359104FF07E5202EBC15100EE101A1A
:10D44000A0EB630002EBC05060EE200A00EE100A71
:10D4500020EE208A18EE100A88B118EE100AB0F1FA
:10D46000FF4F15D018EE100AFFF7A4FD042808BFDF
:10D4700001F050FCB0EE480ABDEC028B10BD02205A
:10D4800001F060FCBDEC028BBDE8104001F042BC35
:10D49000022001F057FCBDEC028BBDE8104001F00A
:10D4A00031BC00000000501E3BAAB8400070313E65
:10D4B000F4FD053712BB2A3D12BB2A3EFFFFFF3E9B
:10D4C000FFFF7F3FAA1F0000AE1F00007E1F00006D
:10D4D0000000004B00007E4E0000A0850000000010
:10D4E0002DED020B019820F0004001909DED000B06
:10D4F00002B0704710B52DED040B86B09DED060B04
:10D5000010EE100A10EE901A8DED000B002818BFD7
:10D510000120084320F00040C0F17F6000F1E040AE
:10D52000C00F21D19DED080B10EE101A10EE900ADD
:10D530008DED000B002918BF0121084320F00040A9
:10D54000C0F17F6000F1E040C00F0DD1294907987C
:10D55000B1EB400F04BF0698002842D00998400064
:10D5600004BF089800283CD09DED080B53EC102B0D
:10D570009DED060B51EC100BFFF732FCCDE90201DB
:10D580009DED020B40F2FF7110EE900A8DED000B45
:10D5900031EA105021D00798039900F0004001F0C3
:10D5A0000041884219D09DED080B8DED040B9DEDD7
:10D5B000020B8DED000B10EE900A059961F31E0031
:10D5C00005909DED041B9DED020B51EC110B53ECEE
:10D5D000102BFFF764F9CDE902019DED020B0AB0B3
:10D5E00010BD012001F0AEFB0AB0BDE8104001F013
:10D5F00053BB00000000E0FF2DE9F04D2DED040BC2
:10D600002DED0E8B96B0DDE92550279CDDF890A01E
:10D6100025F0004624F00048BAF1000F14BF0121A4
:10D62000002101EB4502FC4953184A1093422AD3CA
:10D63000002814BF0123002303EB44030B44F749E4
:10D640008B4220D358EA00019FEDF59B76D0DFF89E
:10D65000D8B35D4503D1BAF1000F05D188E0BAF126
:10D66000000F08BF002100D0012101EB450111F599
:10D67000001F08D8002814BF0121002101EB44013C
:10D6800011F5001F0BD99DED261B9DED240B16B047
:10D69000BDEC0E8B04B0BDE8F04D01F0F3BA0027ED
:10D6A000002DBCBFE149884521DAE1498845A8BF82
:10D6B00002271CDAC3451ADCDE4901EB2851142984
:10D6C00008DDC1F1340220FA02F101FA02F28242CD
:10D6D0000DD108E058B9C1F1140228FA02F101FA9B
:10D6E00002F2424503D101F00101C1F1020756EAFD
:10D6F0000A0124D1002C22DA002D18BF022F01D0FC
:10D70000012F0AD0022001F01DFB16B0BDEC0E8BDC
:10D7100004B0BDE8F04D01F093BA022001F012FB15
:10D7200001F08EFA51EC100B81F0004141EC100B2E
:10D7300016B0BDEC0E8B04B0BDE8F08D18E09FED87
:10D74000BEAB9FEDBF8B002871D1B848804522D178
:10D7500005F1804010F5801008BFBAF1000F07D026
:10D76000B3450ADC002CA8BF9DED260BE0DA0DE0E6
:10D77000B0EE490AF0EE690ADAE7002C06DA9DED10
:10D78000260B51EC100B81F000416FE0AE4878445D
:10D7900090ED000BCCE7D8454DD1002C48DA2EB1E6
:10D7A00086423AD1BAF1000F42D126E0BAF1000F19
:10D7B00013D0022001F0C6FA01F07EFA8DED020BC3
:10D7C0009DED240B8DED000B10EE900A039961F393
:10D7D0001E0003909DED020BAAE78DED02AB9DEDBF
:10D7E000240B1AEE901A10EE900A8DED000B61F3E7
:10D7F0001E0003909DED020B9AE78DED028B9DEDCF
:10D80000240B18EE901A10EE900A8DED000B61F3C8
:10D810001E0003909DED020B8AE709DA9DED240BB3
:10D8200051EC190B53EC102BFFF7AEF81EE020E083
:10D830009DED240B7CE786421BDAB4F1804F0DD0BE
:10D84000A4F10050B0F1FF5013D1002D11DB9DED7C
:10D85000240B51EC100B01F0C8FC07E09DED240BEC
:10D8600053EC102B51EC100B00F0C2BC41EC100B30
:10D870005EE79DED240B51EC100B01F0AAFCBAF110
:10D88000000FCDE90E0142D19FED710B46B3A6F119
:10D89000E040B0F17F600CD05E4538D1002D00DA59
:10D8A000A7B3022F0CBF01204FF0FF30FFF7DBF8CA
:10D8B000DCE7002D01DD002C0DDA002D01DD002C50
:10D8C0001FDB002D16DA002C14DB012F08BF9FEDA3
:10D8D000620B3FF42DAFB0EE4A0AF0EE6A0A27E77A
:10D8E000022F18BF002D0CD0012F0AD1002DFFF6FA
:10D8F0001FAF06E0002DB8BF002C08DA012F3FF45F
:10D9000017AFB0EE480AF0EE680A11E71BE00120FD
:10D9100000EBE57050EA070115D0791EB0EE498A98
:10D92000F0EE698A084308BF9FED4D8B4E480025F5
:10D93000804570DD4D494E48884514DDB0420DDB11
:10D94000002C19DB2FE0012001F0FCF916B0BDEC32
:10D950000E8B04B0BDE8F04D01F09EB9B34502DC7A
:10D96000002C09DC1FE0864202DA002C1BDA03E0FF
:10D970005E452BDD002C16DD022001F0E3F901F0FD
:10D980009BF98DED020B53EC1A2B51EC180BFEF7A3
:10D9900089FFCDE900010399019861F31E0003900E
:10D9A0009DED020BC4E6022001F0CCF901F094F9E0
:10D9B00010EE901A18EE900A8DED020B8DED008B93
:10D9C00061F31E0003909DED020BB1E69DED0E0B81
:10D9D00053EC192B51EC100BFEF75EFF9FED260B5D
:10D9E000CDE9080153EC102B9DED080B51EC100B09
:10D9F000FEF758FF9FED221B53EC112BFEF74FFF54
:10DA00009DED081B53EC112BFEF74CFF9FED1E1BE9
:10DA100053EC112B3CE08CE0FFFF1F00FFFF0F00D9
:10DA2000000000000000F03F0000F03F0000F07F29
:10DA30000000404301FCFFFF000000000000F07FF9
:10DA40000000000000000000AE1B0000000000000D
:10DA50000000000000000080000000000000F0FF57
:10DA6000000000000000F0BF0000E0410000F043B3
:10DA7000FFFFEF3F00000000000000000000D03F6B
:10DA8000555555555555D53F000000000000E03F65
:10DA9000FEF705FF9DED080B41EC1A0B53EC102B24
:10DAA00051EC100BFEF7FEFE53EC1A2BFEF7FAFEBC
:10DAB00041EC1A0B9FEDFE0B53EC102B9DED080B68
:10DAC00051EC100BFEF7EEFE41EC1B0B9FEDFA0B39
:10DAD00051EC1A0B53EC102BFEF7E4FE41EC1A0B41
:10DAE0009FEDF70B53EC102B9DED080B51EC100B39
:10DAF000FEF7D8FE53EC1A2BFEF7CEFE41EC1A0BC4
:10DB000051EC1B0B53EC1A2BFEF725FE0690CDE9CA
:10DB100006519DED060B53EC1B2B51EC100BFEF741
:10DB2000BBFE53EC1A2BFEF7BAFE41EC100B00F0D3
:10DB3000A1B90020B6F5801F0EDA9FEDE30B53EC80
:10DB4000102B9DED0E0B51EC100BFEF7ABFECDE94B
:10DB50000E016FF034000E4600EB2650A0F2FF37A6
:10DB6000C6F31300DA4940F07F6646F0405688421B
:10DB7000D8BF002408DDD7498142C8BF012403DC97
:10DB80000024A6F580167F1CD348784400EBC4001F
:10DB90000F9690ED00CB9DED0E0B53EC1C2B51EC32
:10DBA000100BFEF779FE9DED0E0B41EC1B0B53ECB9
:10DBB0001C2B51EC100BFEF7CEFD41EC100B51EC81
:10DBC000190B53EC102BFEF7DFFE41EC1D0B51EC53
:10DBD0001B0B53EC1D2BFEF765FE41EC1A0BBF48E7
:10DBE0008DED10AB7844109590ED000B4FF0005088
:10DBF00040EA660000EB84408DED080B00F5002044
:10DC000009909DED080B53EC1C2B51EC100BFEF70B
:10DC100043FE9DED0E1B53EC112BFEF740FE41EC35
:10DC2000100B53EC102B9DED100B51EC100BFEF76D
:10DC300039FE9DED080B41EC1C0B53EC102B9DEDB8
:10DC4000100B51EC100BFEF72DFE53EC1B2BFEF7C7
:10DC500026FE53EC1C2BFEF71FFE53EC1D2BFEF78C
:10DC600021FE41EC1C0B53EC1A2B51EC1A0BFEF766
:10DC700019FE41EC1B0B9A480621B0EE4B0AF0EE60
:10DC80006B0A784400F0C8FEB0EE401AF0EE601A5D
:10DC9000B0EE41DAF0EE61DA53EC1B2B51EC1B0BCA
:10DCA000FEF700FE53EC1D2BFEF7FCFD9DED100B67
:10DCB00041EC1B0B53EC1A2B51EC100BFEF74BFDF8
:10DCC00053EC1C2BFEF7EEFD53EC1B2BFEF743FD34
:10DCD0009DED100B41EC1B0B53EC102B51EC100B7A
:10DCE000FEF7E0FD41EC1D0B9FED7FEB53EC1E2B8F
:10DCF000FEF731FD53EC1B2BFEF72DFD0890CDE90F
:10DD000008519DED080B53EC1E2B51EC100BFEF748
:10DD1000C3FD53EC1D2BFEF7BFFD53EC1B2BFEF791
:10DD2000BEFD9DED080B41EC1D0B53EC102B9DED42
:10DD3000100B51EC100BFEF7B5FD41EC1B0B53EC37
:10DD40001A2B51EC1D0BFEF7ADFD9DED080B41ECC0
:10DD50001A0B53EC102B51EC1C0BFEF7A3FD53ECEC
:10DD60001A2BFEF7F8FC41EC1A0B51EC1B0B53EC91
:10DD70001A2BFEF7F0FC0C90CDE90C519DED0C0B2D
:10DD800053EC1B2B51EC100BFEF786FD53EC1A2BBA
:10DD9000FEF785FD41EC1B0B9FED550B53EC102B53
:10DDA0009DED0C0B51EC100BFEF77CFD41EC1A0BBA
:10DDB0009FED510B51EC1B0B53EC102BFEF772FD3A
:10DDC00041EC1B0B9FED4E0B53EC102B9DED0C0B00
:10DDD00051EC100BFEF766FD53EC1B2BFEF7BBFC62
:10DDE00041EC100B4848784400EBC40090ED001B58
:10DDF00051EC100B53EC112BFEF7ADFC41EC1B0B5F
:10DE00003846FEF730FECDE9080153EC1B2B51ECF0
:10DE10001A0BFEF7A0FC41EC100B3C48784400EBD9
:10DE2000C40090ED00CB51EC100B53EC1C2BFEF713
:10DE300092FC9DED081B53EC112BFEF78CFC069019
:10DE4000CDE906519DED080B53EC102B9DED060B13
:10DE500051EC100BFEF720FD53EC1C2BFEF71CFDC4
:10DE600053EC1A2BFEF718FD53EC1B2BFEF717FD96
:10DE700041EC100B9DED261B53EC102B8DED001B80
:10DE800000959DED260B51EC100BFEF70BFD9DED63
:10DE9000000B41EC1A0B53EC102B9DED260B51ECB3
:10DEA000100BFEF7F9FC9DED061B53EC112B2FE038
:10DEB000000000604715F73FFE822B654715F73FCE
:10DEC00044DF5DF80BAE543E00000000000040430C
:10DED0008E9803007AB60B00CA160000581700008F
:10DEE00002160000000000000000000000000840D2
:10DEF000000000E009C7EE3FFD033ADC09C7EE3F32
:10DF0000F5015B14E02F3EBE8E14000048140000A3
:10DF1000FEF7C8FC53EC1A2BFEF71DFC9DED060B1B
:10DF200041EC1A0B53EC102B9DED000B51EC100B38
:10DF3000FEF7B8FCCDE90C019DED0C0B51EC1A0B72
:10DF400053EC102BFEF707FCCDE902010C46AA4961
:10DF50008C422FDB611A084318D19DED0C0B53EC5A
:10DF6000102B9DED020B51EC100BFEF795FC41ECD4
:10DF70001B0B9FEDA30B51EC1A0B53EC102BFEF770
:10DF8000EAFB53EC1B2BFEF76FFF2DD2022000F0B3
:10DF9000D9FE00F091FE10EE901A18EE900A8DED69
:10DFA000020B8DED008B61F31E0003909DED020BC3
:10DFB000FFF7BEBB944A24F00041914214D3934929
:10DFC000214408437FF4EFAC9DED0C0B53EC102B78
:10DFD0009DED020B51EC100BFEF75EFC53EC1A2B7F
:10DFE000FEF742FF7FF6DFAC24F000408849894A03
:10DFF000002601EB205182422BDA481C4FF480119D
:10E0000021FA00F02044844AC0F30A517A44A1F274
:10E01000FF3192ED000B814A8DED080BCA4020EADA
:10E020000202C0F3130040F48010C1F1140120FA81
:10E0300001F60992002CB8BF76429DED080B53EC17
:10E04000102B9DED0C0B51EC100BFEF725FCCDE9D0
:10E050000C019DED0C0B51EC1A0B53EC102BFEF741
:10E060007AFB9FED6F0B0890CDE9085153EC102B14
:10E070009DED080B51EC100BFEF714FC41EC1B0B53
:10E080009FED690B53EC102B9DED080B51EC100B21
:10E09000FEF708FC9DED0C0B41EC1C0B53EC102B18
:10E0A0009DED080B51EC100BFEF7F6FB53EC1A2B11
:10E0B000FEF7F5FB9FED5E1B53EC112BFEF7F2FB19
:10E0C00053EC1C2BFEF747FB41EC1A0B51EC1B0BDE
:10E0D00053EC1A2BFEF73FFBCDE902019DED020B3D
:10E0E00053EC1B2B51EC100BFEF7D6FB53EC1A2B09
:10E0F000FEF7D5FB9DED020B41EC1A0B53EC102BF8
:10E1000051EC100BFEF7CEFBCDE908014A489DED1E
:10E11000080B0521784400F07FFC9DED081B51ECB5
:10E12000100B53EC112BFEF7BDFB9DED021B53ECC6
:10E13000112BFEF7B4FBCDE906019DED020B53EC6C
:10E140001A2B51EC100BFEF7ADFB53EC1A2BFEF71C
:10E1500002FB9FED3B0B41EC1A0B53EC102B9DED9A
:10E16000060B51EC100BFEF797FB9DED060B41ECF7
:10E170001B0B53EC102B9DED020B51EC100BFEF71B
:10E1800091FB53EC1B2BFEF7FFFB53EC1A2BFEF716
:10E1900083FB9DED021B53EC112BFEF77DFB53EC33
:10E1A000192BFEF77CFBCDE9020101EB06500115AE
:10E1B0000029C8BF039015DC9DED020B324651ECDF
:10E1C000100BFEF7A5FDFEF7DDFE042808BF00F0EA
:10E1D00083FD32469DED020B51EC100BFEF798FDCE
:10E1E000CDE902019DED020B51EC180B53EC102B05
:10E1F000FEF758FBFFF73ABB00009040000000001C
:10E20000FE822B654715973C00CC904000346F3F51
:10E2100001FCFFFF0000E03F30130000FFFF0F0094
:10E2200000000000432EE63F396CA80C615C20BE64
:10E23000EF39FAFE422EE63FA01100000000000078
:10E24000000000000000004010B52F499FED2C1B7E
:10E250002DED020B84B0059820F000408842DCBF11
:10E2600000209DED040B32DD2849884209D1049835
:10E2700040B94FF0010000F065FD00F00DFD06B063
:10E2800010BD05DB9DED040B00F0F2FC06B010BDE7
:10E2900068469DED040B00F0EBF810F0030011D080
:10E2A000012818D09DED021B9DED000B02281AD00D
:10E2B00000F0FAFA51EC100B81F0004106B041EC8D
:10E2C000100B10BD9DED021B9DED000B012000F019
:10E2D0001FFC06B010BD9DED021B9DED000B00F074
:10E2E000E3FA06B010BD012000F012FC51EC100B57
:10E2F00081F0004106B041EC100B10BD00000000A1
:10E300000000000000000000FB21E93F0000F07F5A
:10E3100000B52DED048BB0EE409AF0EE609A83B01C
:10E3200051EC190BFEF70BFD41EC180B18EE100A1F
:10E3300018EE901A8DED008B002818BF01200843BD
:10E3400020F00040C0F17F6000F1E040C00F14D029
:10E3500019EE101A19EE900A8DED009B002918BFD6
:10E360000121084320F00040C0F17F6000F1E0404F
:10E37000C00F04BF012000F0E5FCB0EE480A03B076
:10E38000F0EE680ABDEC048B00BD000010B510EE85
:10E39000104A2DED028B4FF07F40B0EEC08AB0EBFB
:10E3A000440F55D318EE101A2C4A914220DD18EE76
:10E3B000101AB0EB410F1BD318EE101A284AF7EED3
:10E3C000008A914207DD18EE101AB0EB410F28BF0A
:10E3D000B0EE680A35D238EE080AFEF78DFF70EE0F
:10E3E000280AB0EE001A81EE200A38EEC00A28E0B2
:10E3F00018EE101AB1F1665F0FDA18EE101AB0EBD2
:10E40000410F0AD318EE100AFEF7D4FD042808BF06
:10E4100000F080FCB0EE480A13E028EE080ADFEDB9
:10E42000110ADFED111A9FED111A40EE210A60EE7C
:10E43000800A30EE010A80EE801AB0EE480A08EE3B
:10E44000010A002CB8BFB1EE400ABDEC028B10BD32
:10E45000BDEC028BBDE8104000F04EBC549F0C3F59
:10E46000B32C1041C6E252BFB2117BBB1A2A1E4028
:10E470002DE9F14F04462DED020B2DED088B8AB0EE
:10E480009FEDE70B80ED020B139EE74826F0004559
:10E4900085420ADC9DED120B002084ED000B0AB0D2
:10E4A000BDEC088B03B0BDE8F08FE0489FEDE0AB1A
:10E4B0009FEDE1BBA84247DDE14F9FEDE39B9FED60
:10E4C000E48B9DED120B53EC1A2B51EC100B002E2C
:10E4D0001CDDFEF7E1F941EC100BBD4208D053EC16
:10E4E0001B2B51EC100BFEF7D7F9C4E900010BE030
:10E4F00053EC192B51EC100BFEF7CEF953EC182B03
:10E50000FEF7CAF9C4E900010120C8E7FEF723F9C4
:10E5100041EC100BBD4208D053EC1B2B51EC100BFF
:10E52000FEF719F9C4E900010BE053EC192B51EC8B
:10E53000100BFEF710F953EC182BFEF70CF9C4E999
:10E5400000014FF0FF30AAE7C348A84279DB9DEDF8
:10E55000120B51EC100B00F03CFE41EC180B9FED40
:10E56000C00B53EC102BFEF79DF99FEDBF1B53EC36
:10E57000112BFEF7F0F8FEF787FA0746FEF773FA5D
:10E5800041EC190B53EC1A2BFEF78CF953EC182BBA
:10E59000FEF785F941EC180B53EC1B2B51EC190BD2
:10E5A000FEF780F9DFF8C8A241EC100B4FEA1558CE
:10E5B0000125FA4453EC102B51EC180BFEF76CF9C3
:10E5C000032DC4E900013DD0C1F30A5005EB45110C
:10E5D000A8EB00001139814234DA0AEB051BB0EEDA
:10E5E00048AA9BED000BF0EE68AA53EC102B51ECFF
:10E5F000190BFEF757F941EC1B0B51EC1A0B53ECBE
:10E600001B2BFEF749F941EC180B51EC1A0B53EC9C
:10E61000182BFEF741F953EC1B2BFEF73DF99BED50
:10E62000020B41EC1A0B53EC102B51EC190BFEF7BB
:10E6300039F953EC1A2BFEF72FF941EC100B6D1C36
:10E64000B8E70EE0002EA8BF3846BFF628AF94ED1D
:10E65000000B51EC100B81F00041C4E9000178423D
:10E660001DE7C6F3130040F4801EC6F30A50A0F263
:10E67000F530471100F01F05C5F12000DDF848B066
:10E6800008900020069007900520EC467949002D5F
:10E6900007EB0002794408BF51F8221009D051F865
:10E6A000223001EB8201AB404A68089922FA01F15D
:10E6B0001943A1FB0E26A1FB0B131A449A4234BF47
:10E6C0000123002303EB06080CEB8003D3E901A62A
:10E6D0000E448E4234BF0121002192448A4411B17C
:10E6E000924502D903E0924501D2012100E00021C8
:10E6F000C3E901A641444CF82010011EA0F101001D
:10E70000C4DC029800F10050850F0298DDE9036730
:10E710008000DDF81480FEF7A6F941EC1A0B3046B4
:10E72000FEF7CCFB9FED541B53EC112BFEF7BAF810
:10E7300041EC1B0B3846FEF7C1FB9FED511B53EC20
:10E74000112BFEF7AFF841EC180B4046FEF7B6FB75
:10E750009FED4D1B53EC112BFEF7A4F841EC190B68
:10E7600051EC180B53EC192BFDF7F5FF53EC1B2B59
:10E77000FDF7F1FF53EC1A2BFDF7EDFFCDE9080192
:10E78000002008909DED080B53EC1A2B51EC100B58
:10E79000FEF782F853EC1B2BFEF77EF853EC182B98
:10E7A000FEF77AF853EC192BFEF779F89FED381B3A
:10E7B00053EC112BFEF776F89FED370B41EC180B5D
:10E7C00053EC102B9DED080B51EC100BFEF76AF883
:10E7D00053EC182BFDF7BFFF9FED310B41EC180BED
:10E7E00053EC102B9DED080B51EC100BFEF75AF873
:10E7F00053EC182BFDF7AFFF41EC100B139810F002
:10E80000004F06D06D4251EC100B81F0004141ECFD
:10E81000100B284684ED000B41E6000000000000CC
:10E820000000000000000000FB21E93F7CD902400D
:10E8300000004054FB21F93F3163621A61B4D03DBE
:10E84000FB21F93F000000000000601A61B4D03DD8
:10E850007370032E8A19A33BFB213941000000008D
:10E8600083C8C96D305FE43F000000000000E03F56
:10E87000920D0000E00C0000000000000000103EBF
:10E88000000000000000103C000000000000103AF2
:10E89000182D4454FB21F93D3326A611460B113C9B
:10E8A00000000054FB21F93D10B52DED040B2DEDBA
:10E8B000088B82B0B0EE419AF0EE619A0B9820F08E
:10E8C00000449FED4BABB4F1795F11DA9DED0A0B7B
:10E8D00051EC100BFEF7D8F8002801BFB0EE4A0A41
:10E8E000F0EE6A0A02B0BDEC088B04BF04B010BDA4
:10E8F0009DED0A0B53EC102B51EC100BFDF7D2FFE2
:10E9000041EC180B3C480621B0EE480AF0EE680ACC
:10E91000784400F081F853EC182B51EC100BFDF704
:10E92000C1FF9DED0A0B41EC1B0B53EC192B51EC75
:10E93000100BFDF7B7FF41EC190B53EC1B2B51ECFF
:10E94000180BFDF7AFFF53EC192BFDF7A5FF9FED5B
:10E950002C0B41EC190B53EC102B51EC180BFDF761
:10E96000A1FF41EC100B2848844210DA53EC192B1C
:10E9700051EC100BFDF790FF53EC1A2BFDF78FFFB6
:10E9800041EC100B02B0BDEC088B04B010BD1F4869
:10E99000A042BCBF9FED1E1B8DED001B06DBA4F546
:10E9A00000100190002000909DED001B51EC100B19
:10E9B00053EC112BFDF770FF9DED000B41EC180B94
:10E9C00053EC102B51EC1A0BFDF766FF41EC1A0BC0
:10E9D00053EC192B51EC180BFDF75EFF53EC1A2B7F
:10E9E000FDF75DFF41EC100BCCE7000000000000DC
:10E9F000000000000000F03FCC0900000000000013
:10EA0000000000000000E03F3333D33F0000E93F47
:10EA1000000000000000D23F70B504462DED028BCF
:10EA20004D1E00EBC500B0EE408AF0EE608A90ED1E
:10EA3000000B35F0060017D053EC182B51EC100BDF
:10EA4000FDF730FF41EC100B6D1E04EBC50090ED9F
:10EA5000001B51EC100B53EC112BFDF77CFE41EC2D
:10EA6000100B35F00600E7D1022D36D0042D1CD056
:10EA7000062D1CBFBDEC028B70BD53EC182B51EC66
:10EA8000100BFDF70FFF94ED0A1B53EC112BFDF754
:10EA900062FE53EC182BFDF705FF94ED081B53ECB9
:10EAA000112BFDF758FE41EC100B53EC182B51ECD9
:10EAB000100BFDF7F7FE94ED061B53EC112BFDF741
:10EAC0004AFE53EC182BFDF7EDFE94ED040B53ECCE
:10EAD000102BFDF740FE41EC100B53EC182B51ECC2
:10EAE000100BFDF7DFFE94ED021B53EC112BFDF72D
:10EAF00032FE53EC182BFDF7D5FE94ED001B53ECC2
:10EB0000112BFDF728FEBDEC028B41EC100B70BD04
:10EB100031B504462DED040B2DED0A8BB0EE41BA54
:10EB2000F0EE61BA0B989DED0A0B20F00040B0F1B9
:10EB3000795F0DDA51EC100BFEF724FA042808BFB8
:10EB400000F0CAF89DED0A0BBDEC0A8B05B030BD94
:10EB500053EC102B51EC100BFDF7A4FE41EC180BFD
:10EB60009DED0A0B53EC182B51EC100BFDF79AFEA0
:10EB700041EC190B2C48B0EE480AF0EE680A05216A
:10EB80007844FFF749FF9FED2ACBB0EE40AAF0EEA4
:10EB900060AA9CB353EC1C2B51EC190BFDF782FEC1
:10EBA00041EC1C0B53EC1A2B51EC190BFDF77AFEC0
:10EBB0009FED210B41EC190B53EC102B51EC1B0B6F
:10EBC000FDF770FE53EC192BFDF766FE53EC182B86
:10EBD000FDF768FE53EC1B2BFDF75EFE53EC1C2B80
:10EBE000FDF75AFE9DED0A1B53EC112BFDF757FE66
:10EBF000BDEC0A8B05B041EC100B30BDFFE753ECC8
:10EC00001A2B51EC180BFDF74DFE53EC1C2BFDF7A6
:10EC1000A2FD53EC192BFDF745FE9DED0A1B53ECAD
:10EC2000112BFDF798FDE3E78C08000000000000C1
:10EC3000495555555555C5BF000000000000E03F3F
:10EC40009FED070B10B553EC102B9FED070B51EC0C
:10EC5000100BFDF799FE41EC100B10BD00000000F9
:10EC60000000000000000000000000000000F03F75
:10EC700010B553EC102B51EC100BFDF76CFD41EC73
:10EC8000100B10BD10B553EC112B51EC100BFDF710
:10EC900062FD41EC100B10BD9FED050B10B553EC60
:10ECA000102B51EC100BFDF76FFE41EC100B10BD5B
:10ECB00000000000000000009FED050B10B553ECB4
:10ECC000102B51EC100BFDF7EDFD41EC100B10BDBE
:10ECD00000000000000000709FED050B10B553EC24
:10ECE000102B51EC100BFDF7DDFD41EC100B10BDAE
:10ECF000000000000000001030EE000A704730EE07
:10ED0000200A70479FED020A20EE000A70470000BB
:10ED1000000000709FED020A20EE000A704700001C
:10ED20000000001002E008C8121F08C1002AFAD132
:10ED300070477047002001E001C1121F002AFBD17B
:10ED4000704700000149086070470000500400202F
:10ED50002DE9FF4F8DB00F460546002606E0252819
:10ED60000BD0DDE90F1290476D1C761C2878002827
:10ED7000F5D111B03046BDE8F08F0024A246A1467F
:10ED80000122EC4900E0044315F8013F203B02FA60
:10ED900003F00842F7D128782A2810D06FF02F020C
:10EDA0002878A0F13001092914D80AEB8A0102EB76
:10EDB000410144F0020400EB010A6D1CF0E701CFB1
:10EDC0005FEA000A03D544F40054CAF1000A44F093
:10EDD00002046D1C28782E2817D115F8010F44F075
:10EDE00004042A280ED06FF02F022878A0F13001F9
:10EDF00009290AD809EB890102EB410100EB01095D
:10EE00006D1CF2E757F8049B6D1C28786C280FD016
:10EE100006DC4C2817D068280DD06A2814D104E0ED
:10EE2000742810D07A280FD10DE044F400140AE0C1
:10EE300044F4801401E044F440146978814202D122
:10EE400004F580146D1C6D1C2A786E2A1FD00CDC12
:10EE5000632A31D004DC002A8BD0582A11D1A3E0D8
:10EE6000642A68D0692A0CD165E0732A2ED004DCAC
:10EE70006F2A73D0702A04D19BE0752A6FD0782A4C
:10EE80006ED01046DDE90F129047761C50E1C4F3B6
:10EE90000250022806D0032809D0042801CF09D047
:10EEA000066045E101CFF117C0E9006140E101CF03
:10EEB00006803DE106703BE117F8040B8DF8000079
:10EEC00000208DF80100EB46012003E057F804BB59
:10EED0004FF0FF3061074FF0000102D40DE008F160
:10EEE0000101884649450FDA8045F8DB1BF8081018
:10EEF0000029F4D108E008F1010188468142FADBDB
:10EF00001BF808100029F6D1DDE90F23AAEB080051
:10EF10008146214600F036F9304400EB080604E053
:10EF2000DDE90F121BF8010B9047B8F10108F7D289
:10EF300021464846F7E00A21C4F302534FF0000B84
:10EF40000891022B04D001CFC117032B09D00AE08E
:10EF5000FF1D27F00707F7E8020108E032E01FE095
:10EF600020E000B2C117042B01D140B2C117031E2B
:10EF700071F1000307DA4FF0000CD0EB0C006CEBE2
:10EF800001012D2302E0230504D52B238DF8243025
:10EF9000012303E0E30701D02023F7E7984658E078
:10EFA0000A2110E010210EE010204FF0000B089015
:10EFB0000CE010214FF0000B44F004044FF008095E
:10EFC000089103E008214FF0000B0891C4F30253AD
:10EFD000022B04D001CF0021032B06D006E0FF1D39
:10EFE00027F00707F7E8020103E080B2042B00D105
:10EFF000C0B24FF0000823072BD5702A07D0DDF8E8
:10F0000020C08CF0100C5CEA0B0C05D00EE0402305
:10F010008DF82430012308E050EA010306D03023A4
:10F020008DF824308DF8252002239846DDF820C085
:10F030008CF0080C5CEA0B0C0BD150EA010301D1F7
:10F04000630706D530238DF824304FF00108A9F16D
:10F050000109582A04D038A20B9208AA0A920BE0A0
:10F060003AA2F9E75B46089AFDF75CFD0B9B9B5CB7
:10F070000A9A521E0A92137050EA0102F2D10A98BB
:10F08000ADEB000000F1200B600702D524F48034C2
:10F0900001E04FF00109D94502DDA9EB0B0000E0CA
:10F0A000002000EB0B0141440890AAEB010AE003A9
:10F0B00006D4DDE90F232146504600F063F80644EC
:10F0C0004FF0000908E009A911F80900DDE90F1265
:10F0D000904709F10109761CC145F4DBE0030CD52A
:10F0E000DDE90F232146504600F04CF8064404E0C9
:10F0F000DDE90F1230209047761C0899481E0890D1
:10F100000029F5DC08E00A980A990078491C0A9160
:10F11000DDE90F129047761CBBF10001ABF1010B4A
:10F12000F1DC21465046DDE90F2300F019F80644D2
:10F130006D1C1BE609280100303132333435363777
:10F140003839616263646566000000003031323333
:10F1500034353637383941424344454600000000D3
:10F160002DE9F041044600251E461746880404D4C4
:10F1700005E039462020B0476D1C641EF9D52846AD
:10F18000BDE8F0812DE9F041044600251E46904679
:10F19000C80301D5302700E02027880404D505E006
:10F1A00041463846B0476D1C641EF9D52846BDE877
:10F1B000F0814A68002A06D00A68531C0B60107060
:10F1C0004868401E486070470A68531C0B60107006
:10F1D000704782B0CDE9000121F0004001909DED23
:10F1E000000B02B051EC100B704700B52DED048BF5
:10F1F00083B041EC190BFDF7A2FD41EC180B18EEA2
:10F20000100A18EE901A8DED008B002818BF01200F
:10F21000084320F00040C0F17F6000F1E040C00FE3
:10F2200014D019EE101A19EE900A8DED009B0029EA
:10F2300018BF0121084320F00040C0F17F6000F1B9
:10F24000E040C00F04BF0120FFF77CFD51EC180B1C
:10F2500003B0BDEC048B00BD000000000000F03FD7
:10F26000000000000000F83F000000000000000067
:10F270000000004003B8E23F000000000000000072
:10F2800006D0CF43EBFD4C3E033333333333E33F00
:10F29000FFAB6FDBB66DDB3F4D268F515555D53F2C
:10F2A00001411DA96074D13F65DBC9934A86CD3FFA
:10F2B000EF4E454A287ECA3F3E5555555555C53FE8
:10F2C00093BDBE166CC166BF2CDE25AF6A56113FDA
:10F2D000F16BD2C541BDBBBED0A4BE726937663EDC
:10F2E0004C5555555555A53F7751C1166CC156BF64
:10F2F0009015CB19A001FA3EAD529C804F7E92BE74
:10F30000C4B1B4BD9EEE213ED43888BEE9FAA8BD92
:10F310000000803F0030983F0000B53F0040D73FDD
:10F3200000000000320A7E397F661E395B991F3962
:10F330000000803FF037983FF304B53FFD44D73FCE
:10F34000000000000000000000004054FB21F93FD5
:10F350003163621A61B4D03D0000601A61B4D03DDF
:10F360007370032E8A19A33B0000002E8A19A33B59
:10F37000C14920259A837B3900000000000000006D
:10F380006E83F9A22915444ED15727FCC0DD34F510
:10F39000999562DB4190433CAB6351FE61C5BBDE96
:10F3A0003A6E24B7E0D24D42EA2E49061C92D109AA
:10F3B0001CEB1DFE3EA729B1F53582E88444BB2E27
:10F3C00026709CE9417E5FB439D69139F439538374
:10F3D0008B5F849C3B28F9BDFF97F81F0F9805DED3
:10F3E0008B112FEF1F6D0A5ACF7E366DB709CB27D1
:10F3F000663F464F2DEA5F9EC7BA27757BF1E5EB66
:10F40000F739073DEA92528AB15FFB6B085D8D1FA9
:10F41000A6F810111111813FD561C119A0012ABFB1
:10F420007DFEB157E31DC73EEB9C2B8AE6E55ABE35
:10F430007CD5CF5A3AD9E53D58F4000800000020A9
:10F4400054040000D6CE000868F5000854040020DB
:10F450008430000034ED0008811BFF01041A02040F
:10F460001A03041A04041A05041A06041A07041AD3
:10F4700008041A09041A0A041A0B041A0C041A0DB7
:10F4800004112A0E051A0F0582101A8440C119575B
:10F4900001B51AFCC81A2CBD1A200823F8021A5EFE
:10F4A0000C1A12081AB8081A580832A01A62082949
:10F4B000E01AD6051A1C0C1AB3081A0E041A1804FE
:10F4C0005AA430012C62FA223F1A8004111A400813
:10F4D00019041AA0041AC0041B20410C19041AF0C4
:10F4E000042334421A700434F0425032C8296B238A
:10F4F0001027180835FA8E3CC3F54830011A4B30F6
:10F50000750409161C810273142D295C8F3E0401B9
:10F51000161A48F41AC80401222342017269231CF6
:10F52000021A2C1081323C320A32640213C8292B91
:10F53000290432F063CA0332875A840C012823DE7F
:10F54000091A9104035F77072B7A03CF49BC1F0286
:10F55000030406070876490CA910C11AAA01011173
:08F56000023E281AFF014100E0
:040000050800018965
:00000001FF
