:020000040800F2
:1000000058A501207D91010845020008470200081B
:100010004B0200084F0200085302000800000000D5
:100020000000000000000000000000009D0100082A
:100030005702000800000000E101000897C1010814
:1000400097910108979101089791010897910108EC
:1000500097910108979101089791010897910108DC
:10006000AB040008EF040008979101081B03000887
:10007000FD0200085D030008979101087502000861
:100080009791010881020008979101089791010852
:10009000979101089791010897910108979101089C
:1000A00097910108C7030008F3030008979101081E
:1000B000F5030008230400084F0400089791010885
:1000C000979101089791010897910108A7040008EA
:1000D000979101085D020008979101089791010826
:1000E000979101089791010897910108979101084C
:1000F0009791010897910108979101083903000829
:1001000097910108979101087B040008A904000851
:10011000979101089791010899030008A503000829
:10012000979101089B020008CF02000897910108EF
:1001300097910108979101089791010897910108FB
:1001400097910108979101089791010897910108EB
:10015000EF02000897910108979101089791010813
:1001600097910108979101089791010897910108CB
:1001700097910108979101089791010897910108BB
:100180009791010897910108DFF80CD01DF0BEFA95
:1001900000480047A38E010858A50120234B196889
:1001A0000868B0E8F04F80F309884FF0000080F352
:1001B000118870470000000003480068006880F361
:1001C000088862B600DF00BF08ED00E0DFF80C0031
:1001D000016841F470010160704700BF88ED00E0E4
:1001E000EFF30980114B1A681EF0100F08BF20EDC5
:1001F000108A20E9F04F106008B54FF0140080F32A
:1002000011881CF090FB4FF0000080F31188BDE8CE
:10021000084019680868B0E8F04F1EF0100F08BFDA
:10022000B0EC108A80F30988704700BF54050020A5
:10023000EFF311804FF0140181F31188704780F3C0
:1002400011887047704700BFFEE700BFFEE700BFA0
:10025000FEE700BFFEE770477047704710B540F2F9
:100260002551A3481BF0ABF818B12021A0481BF082
:100270009DF810BD10B59F499F4819F0D5FF10BDDE
:1002800010B59E499C48303019F0A4FF20B19B491D
:100290009948303019F0C8FF10BD10B598499948F9
:1002A00019F098FF90B19649964819F0BDFF01F0FA
:1002B000CAFF00219048303819F0E2FE0821914829
:1002C00019F0FFFE01218F4819F0DAFE10BD10B5BC
:1002D0008D498C48183019F0A7FF8C4840788B491D
:1002E000097840EA012000B28949088010BD10B5A4
:1002F00088498448603019F097FF10BD10B58049D7
:100300007D48483819F066FF30B17D497A48483851
:1003100019F08AFF00F0B9FA10BD10B57E49764891
:10032000603819F057FF30B17B497348603819F0D5
:100330007BFF01F088FF10BD10B578496E4848304A
:1003400019F048FF48B100216B48483019F098FE79
:1003500072496948483019F067FF10BD10B56A4905
:100360006548303819F036FFA8B16749624830381F
:1003700019F05AFF01F024FD00215F48303819F0D0
:100380007FFE08215C48303819F09BFE01215A4855
:10039000303819F075FE10BD10B5012160481AF013
:1003A0006BFD10BD10B501215E481AF065FD7A2085
:1003B0004F49888001215C481AF010FF01215B48F9
:1003C0001AF00CFF10BD10B5012159481AF054FD68
:1003D0005748008800F0100028B156480068401EB9
:1003E0005449086004E053480068401C51490860C3
:1003F00010BD704710B5012188071AF03DFD4FF080
:100400008040008800F0100028B14B480068401E72
:100410004949086004E048480068401C46490860B3
:1004200010BD10B5012145481AF026FD434800884B
:1004300000F0100028B142480068401E40490860A2
:1004400004E03F480068401C3D49086010BD10B5FD
:1004500001213C481AF010FD3A48008800F01000D5
:1004600028B139480068401E3749086004E0364822
:100470000068401C3449086010BD10B501213348A4
:100480001AF0FAFC3148008800F0100028B130481A
:100490000068401E2E49086004E02D480068401C9A
:1004A0002B49086010BD7047704710B5042019F043
:1004B00053FFD8B12021274818F0D7FF0421264840
:1004C00018F0AEFF012804D1002116481AF054F8A4
:1004D00009E00421204818F0A3FF20B911481AF0C0
:1004E0004FF81E49086004201D49086010BD704780
:1004F0000010014020800020706002400080202019
:10050000008800102864024000802010120800209B
:100510008C0000200088002020800010008000282F
:10052000001000400014004000480040001401404A
:10053000000001406C00002070000020000400401A
:10054000740000200008004088000020000C0040DB
:100550007800002000000240000C024068000020EB
:10056000143C014070B5044620461CF0C5FD05460C
:100570002146F9481CF0C7FDA8B140F22B122146D4
:10058000F5481CF0ADFD0021F44819F079FDF24862
:10059000F2490C310860F148B838C0F8BC5001216C
:1005A000EE4819F06DFD70BD70B50446002510E0F1
:1005B000605D68B1615DEA481AF03BFE00BF8021D2
:1005C000E7481AF0E6FE0028F9D0681CC5B200E042
:1005D00070BDEDE770B5044600250FE05CB1214623
:1005E000DF481AF026FE00BF8021DD481AF0D1FE58
:1005F0000028F9D000E070BD681CC5B2032DEDDB0A
:1006000000BFF8E713B50C460020FFF7E3FFD5A0C5
:10061000FFF7CAFF2346D4A29621D4481DF0B4F8B0
:10062000D248FFF7C1FFD2A0FFF7BEFFCEA29621AE
:10063000CE48009B1DF0A8F8CC48FFF7B5FFCEA030
:10064000FFF7B2FFFF20FFF7C5FFFF20FFF7C2FF54
:10065000FF20FFF7BFFF1CBD70B505460C46C1A0CB
:10066000FFF7A2FF2246C0A1C0481DF0A5F8BF4871
:10067000FFF79AFFBEA0FFF797FF2846FFF794FF0A
:10068000BDA0FFF791FFFF20FFF7A4FF70BD77B576
:1006900085B00546FF26B6A103C9CDE90301B6A082
:1006A00000680290AFA00068019000240AE00020DA
:1006B000B2490855B2490855AC490855A6490855EC
:1006C000601CC4B21E2CF2DB0A20A8490870FF206F
:1006D00048708870C870A4A1A948079A1DF06CF8EA
:1006E000A74901A81CF0F0FC01A9A0481CF0ECFCF3
:1006F00003A99E481CF0E8FC29469C481CF0E4FC39
:1007000099A19F48069A1DF057F89D4997481CF0FB
:10071000DBFC02A995481CF0D7FCFF209749087024
:100720004870887091481CF0CFFC9048FFF71AFF82
:1007300008B070BDF7B584B005460E46FF278CA102
:1007400003C9CDE902018CA00068019085A0006872
:100750000090002408E00020884908558849085581
:1007600082490855601CC4B20A2CF4DB0A207F4978
:100770000870FF2048708870C8707BA18048069A76
:100780001DF01AF87E4968461CF09EFC69467748C1
:100790001CF09AFC02A975481CF096FC2946734887
:1007A0001CF092FC314671481CF08EFC01A96F4888
:1007B0001CF08AFCFF207149087048708870002086
:1007C000C870087169481CF07FFC6848FFF7CAFED2
:1007D00007B0F0BD01B58EB06AA2322101A80E9B10
:1007E0001CF0D2FF01A8FFF7BDFE0FB000BD73B52E
:1007F00084B00546FF265EA103C9CDE902015EA0D3
:100800000068019057A00068009000240AE00020D2
:100810005A4908555A490855544908554E490855EA
:10082000601CC4B21E2CF2DB0A2050490870FF2065
:1008300048708870C8704CA15148059A1CF0BCFFE4
:100840004F4968461CF040FC694648481CF03CFC97
:1008500002A946481CF038FC294644481CF034FCE8
:10086000474942481CF030FC01A940481CF02CFCD0
:10087000FF2042490870487088703C481CF024FCF6
:100880003A48FFF76FFE06B070BD10B52DED0C8B2A
:1008900082B03F4800783E49497808443C4989780D
:1008A00008443B49C978084439490979084438491A
:1008B000497908443649897908443549C979084451
:1008C0003349097A0844C0B201903148007A00F0F7
:1008D0000F0000909FED2F0AB0EE40DA2C48407ACE
:1008E0000199884272D12A48007A00F00F000D2841
:1008F0006CD127488078C0F17F0000EE100AB8EE76
:10090000C08A2348C078813800EE100AF8EEC08A09
:10091000B5EEC08AF1EE10FA03D1B7EE000AB0EEE0
:10092000408AF5EEC08AF1EE10FA03D1B7EE000A64
:10093000F0EE408ABDEEC80A10EE102A002A01DB54
:10094000134600E05342BDEEE80A10EE100A0028FC
:1009500022DB044621E00000CA060020B860024005
:100960000050004074000000256400009405002041
:100970002E7478743D220000220000007A060020C8
:10098000520600206A302E76616C3D25640000001E
:1009900053080020DB0F49404442191901EBD17381
:1009A0005B10FE4C2360BDEEE80A10EE101A002921
:1009B00001DB0A4600E04A42322A0FDABDEEC80ADD
:1009C00010EE100A002802DB024601E02FE042424E
:1009D000322A03DA0020F249086030E018EE900A6B
:1009E0001CF057FD41EC1B0B18EE100A1CF051FDDA
:1009F00041EC1C0BB0EE4B1AF0EE6B1AB0EE4C0A49
:100A0000F0EE6C0A1DF084F8B0EE40AAF0EE60AA99
:100A10009FEDE40B53EC102B51EC1A0B1CF028FC4F
:100A200041EC190B1CF016FDDD49086007E09DF84C
:100A300000000D2803D00021DC481AF0CFFB02B0E3
:100A4000BDEC0C8B10BDDA48007A00F00F000D28C9
:100A500006D1D748007800F0010008B10D2070479A
:100A60000020FCE7D248007800F0100008B1002018
:100A700070470120FCE71CB54FF0804019F080FD65
:100A8000CC49096840EA01400C2190FBF1F000904C
:100A9000002418E04FF0804019F072FDC549096844
:100AA00040EA01400C2190FBF1F00190DDE90021CA
:100AB000881A002801DB014600E04142052900DADE
:100AC000641C01980090022CE4DB019840421CBD9C
:100AD0001CB5B94819F054FDB849096840EA01400D
:100AE0000C2190FBF1F00090002417E0B24819F0BF
:100AF00047FDB249096840EA01400C2190FBF1F042
:100B00000190DDE90021881A002801DB014600E0A0
:100B10004142052900DA641C01980090022CE5DBB3
:100B200001981CBD1CB5A64819F02AFDA549096805
:100B300040EA01400C2190FBF1F00090002417E006
:100B40009F4819F01DFD9F49096840EA01400C21AA
:100B500090FBF1F00190DDE90021881A002801DB0B
:100B6000014600E04142052900DA641C019800902A
:100B7000022CE5DB01981CBD1CB5934819F000FD63
:100B80009249096840EA01400C2190FBF1F0009085
:100B9000002417E08C4819F0F3FC8C49096840EAFE
:100BA00001400C2190FBF1F00190DDE90021881A51
:100BB000002801DB014600E04142052900DA641CFF
:100BC00001980090022CE5DB01981CBD01B581B0B5
:100BD00000200090019800EBC0004000009002E06F
:100BE0000098401E009000980028F9D10CBD01B576
:100BF00081B00020009044F2506101984843009079
:100C000002E00098401E009000980028F9D10CBD29
:100C10001CB501211F2018F0E7FD4FF6FF70009072
:100C200001208DF8040000208DF8060001208DF8C9
:100C3000070003208DF805006946654818F08EFB13
:100C40004FF6FF70009001208DF8040000208DF811
:100C5000060001208DF8070003208DF80500694685
:100C60005C4818F07BFB4FF6FF70009001208DF878
:100C7000040000208DF8060001208DF807000320F5
:100C80008DF805006946544818F068FB1CBD1CB57A
:100C900001217E2018F0A8FD4FF4CE5000900020D6
:100CA0008DF8040001208DF8070002208DF8050062
:100CB00069464A4818F052FB4FF6C74000900020A2
:100CC0008DF8040001208DF8070002208DF8050042
:100CD00069463F4818F042FB0420009000208DF840
:100CE000040001208DF8070002208DF805006946F8
:100CF000384818F033FB4CF60340009000208DF884
:100D0000040001208DF8070002208DF805006946D7
:100D1000314818F023FB4FF42060009000208DF83C
:100D2000040001208DF8070002208DF805006946B7
:100D30002B4818F013FB1CBD1FB54FF4E06018F0F2
:100D40002FFA36208DF8000000208DF801008DF874
:100D5000020001208DF80300684618F026FA0121F0
:100D6000102018F074FD3220ADF8040040F2E73096
:100D700002900020ADF80C00ADF8060001A919485A
:100D800019F0B1FB012117481AF076F8012211463B
:100D900014481AF049F80021124825E0CC00002040
:100DA000C800002000000080A9E781400048004002
:100DB0005308002070000020000400407400002050
:100DC0000008004088000020000C0040780000204F
:100DD0000004024000080240000C024000000240F3
:100DE000001002400010004019F0C6FB0121FE482F
:100DF00019F002FC1FBD1FB54FF4E06018F0D0F9E8
:100E000037208DF8000000208DF801008DF80200D9
:100E100001208DF80300684618F0C7F90121202051
:100E200018F015FD3220ADF8040040F2E7300290D2
:100E30000020ADF80C00ADF8060001A9EB4819F050
:100E400052FB0121E9481AF017F801221146E74840
:100E500019F0EAFF0021E54819F08EFB0121E34873
:100E600019F0CAFB1FBD00B58BB00121022018F09C
:100E7000FFFC01210C2018F0B7FC03220621DC48FE
:100E800018F0F7FA03220721D94818F0F2FA0322E2
:100E90000821D74818F0EDFA03220921D44818F0A8
:100EA000E8FA4FF47070069002208DF81C000320C1
:100EB0008DF81D0000208DF81E0001208DF81F0008
:100EC00006A9CB4818F04AFAA420ADF8200040F655
:100ED000B83009904FF48070ADF828000020ADF8CC
:100EE000220008A9C34819F0FEFA6020ADF80400FA
:100EF0000120ADF8060000200390ADF8100001219C
:100F0000BC4819F079FB0021BA4819F035FB01A95A
:100F1000B84819F07DFB01A9B64819F0B2FB01A948
:100F2000B44819F0FBFB01A9B24819F05DFC01219E
:100F3000B04819F052FF0BB000BD00B58BB00121D5
:100F4000082018F084FC0121084618F04DFC02220C
:100F50000021A94818F08DFA02220121A64818F0B4
:100F600088FA02221146A44818F083FA02220321CB
:100F7000A14818F07EFA0F20069002208DF81C0080
:100F800003208DF81D0000208DF81E0001208DF833
:100F90001F0006A9984818F0E1F9BA20ADF8200022
:100FA00042F2107009900020ADF82800ADF8220040
:100FB00008A9924819F097FA6020ADF804000120C2
:100FC000ADF8060000200390ADF8100001218B4819
:100FD00019F012FB0021894819F0CEFA01A98748BF
:100FE00019F016FB01A9854819F04BFB01A98348AC
:100FF00019F094FB01A9814819F0F6FB01217F4803
:1010000019F0EBFE0BB000BD00B58BB00121042040
:1010100018F01DFC01210D2018F0E6FB02220C2126
:10102000774818F026FA02220D21754818F021FAA7
:1010300002220E21724818F01CFA02220F21704879
:1010400018F017FA4FF47040069002208DF81C003B
:1010500003208DF81D0000208DF81E0001208DF862
:101060001F0006A9664818F079F9A420ADF8200001
:1010700040F6B83009904FF48070ADF82800002099
:10108000ADF8220008A95F4819F02DFA6020ADF8EC
:1010900004000120ADF8060000200390ADF8100018
:1010A0000121584819F0A8FA0021564819F064FAAD
:1010B00001A9544819F0ACFA01A9524819F0E1FA13
:1010C00001A9504819F02AFB01A94E4819F08CFBE0
:1010D0000BB000BD00B589B00121080418F0C8FBB1
:1010E0000121084618F080FB03221146424818F0FF
:1010F000C0F903220221404818F0BBF90C200190EE
:1011000002208DF8080003208DF8090000208DF8DA
:101110000A0001208DF80B0001A9374818F01EF9CC
:101120000020ADF818004FF6FF7007900020ADF8D2
:101130002000ADF81A0006A9334819F0D4F90420AC
:10114000ADF80C000020ADF80E00C820ADF814007A
:101150000120ADF8100003A92B4819F09BFD0023D6
:101160001A460321294819F032FF0121274819F0B6
:1011700083FE01221146254819F056FE012122481E
:1011800019F03AFA0021214819F0F6F909B000BD2A
:1011900000B589B00121084618F059FB0121022051
:1011A00018F055FB0121032018F01EFB01220F212E
:1011B000114818F05EF901220321154818F059F979
:1011C00002220421124818F054F902220521104885
:1011D00018F04FF93820019002208DF80800032004
:1011E0008DF80900002015E00010004000140040B8
:1011F000000802400004014000000240000C0040D2
:10120000000C024000080040000001400040014086
:10121000000402408DF80A0001208DF80B0001A99E
:10122000FE4818F09BF84FF40040019002208DF822
:10123000080003208DF8090000208DF80A00012025
:101240008DF80B0001A9F64818F088F80020ADF8D9
:1012500018004FF6FF7007900020ADF82000ADF8A1
:101260001A0006A94FF0804019F03DF906A9ED4893
:1012700019F039F90420ADF80C000220ADF80E0089
:101280001420ADF814000120ADF8100003A9800768
:1012900019F000FD03A9E34819F0FCFC02231A46EB
:1012A0000321580719F093FE02231A460321DD4853
:1012B00019F08DFE0121880719F0DEFD0121D948C2
:1012C00019F0DAFD01221146900719F0ADFD012257
:1012D0001146D44819F0A8FD0121880719F08CF9AE
:1012E0000121D04819F088F900214FF0804019F011
:1012F00043F90021CB4819F03FF94FF4C06017F0D3
:101300004FFF1D208DF8000003208DF80100002004
:101310008DF8020001208DF80300684617F045FFA4
:101320001C208DF8000004208DF8010000208DF8AD
:10133000020001208DF80300684617F036FF09B05F
:1013400000BD00B589B00121084618F091FA0121CD
:10135000102018F049FA4FF42060019002208DF817
:10136000080003208DF8090000208DF80A000120F4
:101370008DF80B0001A9AC4817F0F0FF01220921FC
:10138000A94818F076F801220B21A74818F071F847
:101390000020ADF818004FF6FF7007900020ADF860
:1013A0002000ADF81A0006A9A04819F09CF8042006
:1013B000ADF80C000020ADF80E000A20ADF81400C6
:1013C0000120ADF8100003A9984819F063FC002330
:1013D0001A460321954819F0FAFD0121934819F0A6
:1013E0004BFD01221146914819F01EFD01218F4845
:1013F00019F042FD012211468C4819F015FD01211A
:101400008A4819F0F9F80021884819F0B5F84FF426
:10141000C06017F0C5FE19208DF8000001208DF87E
:10142000010000208DF8020001208DF803006846BD
:1014300017F0BBFE09B000BD00B589B00121042042
:1014400018F005FA0121082018F0CEF94FF44050A9
:10145000019002208DF8080003208DF8090000207B
:101460008DF80A0001208DF80B0001A9704817F0D3
:1014700075FF0020ADF818004FF6FF7007900020B0
:10148000ADF82000ADF81A0006A96A4819F02BF84B
:1014900002220C21664817F0ECFF02220D2164485D
:1014A00017F0E7FF0420ADF80C000220ADF80E00A5
:1014B000C820ADF814000120ADF8100003A95D4864
:1014C00019F0E8FB02231A4603215A4819F07FFD60
:1014D0000121584819F0D0FC01221146554819F055
:1014E000A3FC0121534819F087F80021514819F055
:1014F00043F800204F491431088001204D490880ED
:101500004FF4C06017F04CFE1E208DF80000042040
:101510008DF8010000208DF8020001208DF80300F5
:10152000684617F042FE09B000BD00B589B0012140
:10153000082018F08CF90121084618F055F903200D
:10154000019002208DF8080003208DF8090000208A
:101550008DF80A0001208DF80B0001A9304817F022
:10156000FDFE0020ADF818004FF6FF700790002038
:10157000ADF82000ADF81A0006A92F4818F0B3FF07
:1015800002220021264817F074FF0222012124487C
:1015900017F06FFF0420ADF80C000220ADF80E002C
:1015A000C820ADF814000120ADF8100003A92248AE
:1015B00019F070FB02231A4603211F4819F007FD9A
:1015C00001211D4819F058FC012211461A4819F052
:1015D0002BFC0121184819F00FF80021164818F0CB
:1015E000CBFF0020144914310880012012490880E3
:1015F0004FF4C06017F0D4FD32208DF800000420B5
:101600008DF8010000208DF8020001208DF8030004
:10161000684617F0CAFD09B000BD00000004024092
:1016200000000240000400400010024000000140A1
:10163000000C024000080040000C004000B59BB0C8
:101640000121FE4818F0D0F80121080218F010F925
:1016500000200290FA480390FA4804900020059078
:101660000E200690002007904FF480600890400004
:10167000099080000A9040110B9040020C900020CD
:101680000D9001200E9000200F90109002A9EE48BE
:1016900018F0BCFC0121EC4818F0F2FCFC20009092
:1016A00003208DF8040000208DF807006946E74804
:1016B00017F054FE4FF44070009003208DF80400A2
:1016C00000208DF807006946E14817F047FE3F20EB
:1016D000009003208DF8040000208DF80700694673
:1016E000DC4817F03BFE002011904FF44030129080
:1016F00000201390149011A818F0EEF94FF08070AC
:10170000159001208DF858008DF859000020179091
:10171000189019900E208DF8680015A9C8484C380B
:1017200018F0ABF9072301220221C5484C3818F004
:101730002AFA072302220321C1484C3818F023FA61
:10174000072303220421BE484C3818F01CFA072353
:1017500004220521BA484C3818F015FA072305224F
:101760000621B7484C3818F00EFA0723062219460E
:10177000B3484C3818F007FA07231A460821B04836
:101780004C3818F000FA072308220921AC484C38DD
:1017900018F0F9F9072309220A21A9484C3818F052
:1017A000F2F907230A220B21A5484C3818F0EBF96F
:1017B00007230B220C21A2484C3818F0E4F9072328
:1017C0000C220D219E484C3818F0DDF907230D221C
:1017D0000E219B484C3818F0D6F907230E220F2112
:1017E00097484C3818F0CFF9012195484C3818F03B
:1017F00075FA012192484C3818F065FA0121904899
:101800004C3818F080F98E484C3818F018FA1BB094
:1018100000BD08B54FF4E06017F0C2FC25208DF83C
:10182000000000208DF801008DF8020001208DF8E5
:101830000300684617F0B9FC08BD10B596B0044621
:101840000121102018F014F80121084617F0CCFFF0
:101850000121880517F0C8FF4FF4C06000900220F6
:101860008DF8040000208DF806008DF80700022096
:101870008DF805006946754817F070FD07220921AB
:10188000724817F0F6FD07220A21704817F0F1FDA3
:1018900002940020ADF80C00ADF80E00ADF8100079
:1018A000ADF814000C20ADF8120002A96A4819F036
:1018B0000DFC0121684819F091FC4FF4A06017F06D
:1018C0006FFC3A208DF8180000208DF819008DF873
:1018D0001A0001208DF81B0006A817F066FC5A4874
:1018E000303018F0F1FA4FF00060079000200A90B5
:1018F0005A4809900A200B905748001D0890002074
:101900000C904FF480600D9000200E900F904FF4DB
:1019100080701090400211900420129003201390C8
:1019200000201490159007A94748303018F06EFB3E
:1019300001224021484819F0FEFC012210214248B2
:10194000303018F02AFC01213F48303018F098FB65
:1019500016B010BD10B596B004460121480517F029
:1019600043FF0121480417F072FF0121082017F0FE
:101970003BFF6020009002208DF8040000208DF8CD
:1019800006008DF8070002208DF8050069463448EE
:1019900017F0E4FC07220521314817F06AFD072201
:1019A00006212F4817F065FD02940020ADF80C00C9
:1019B000ADF80E00ADF81000ADF814000C20ADF835
:1019C000120002A9274819F081FB0121254819F0CE
:1019D00005FC4FF4A06017F0E3FB11208DF8180010
:1019E00000208DF819008DF81A0001208DF81B00D9
:1019F00006A817F0DAFB1C4818F066FA4FF00060F2
:101A0000079040200A901948099050200B901548E3
:101A1000001D089000200C904FF480600D90002075
:101A20000E900F904FF4807010904002119004209F
:101A30001290032013900020149019E0070040003A
:101A40004C200140F60700201064024000000240D4
:101A5000000402400008024000100140120800206B
:101A6000000C024000440040A0600240040000203E
:101A7000159007A9F94818F0C9FA01228021F84801
:101A800019F059FC01228021F54819F054FC01227B
:101A90001021F24818F081FB0121F04818F0F0FA0B
:101AA00016B010BD10B596B004460121880417F099
:101AB000CEFE0121082017F097FE0121480517F0FE
:101AC00093FE4FF44070009002208DF80400002037
:101AD0008DF806008DF8070002208DF80500694694
:101AE000E04817F03BFC07220821DE4817F0C1FC54
:101AF00007220921DB4817F0BCFC02940020ADF856
:101B00000C00ADF80E00ADF81000ADF814000C207C
:101B1000ADF8120002A9D44819F0D8FA0121D24830
:101B200019F05CFB4FF4A06017F03AFB0C208DF825
:101B3000180000208DF819008DF81A0001208DF88A
:101B40001B0006A817F031FBC448783818F0BCF920
:101B50004FF00060079000200A90C44809900A20C6
:101B60000B90C148001D089000200C904FF480603D
:101B70000D9000200E900F904FF480701090400256
:101B800011900420129003201390002014901590BF
:101B900007A9B248783818F039FA01224021B24832
:101BA00019F0C9FB01224021AF4819F0C4FB012202
:101BB0001021AA48783818F0F0FA0121A74878389F
:101BC00018F05EFA16B010BD10B596B004460121AB
:101BD000C80417F03CFE0121042017F005FE012186
:101BE000480517F001FE4FF44060009002208DF888
:101BF000040000208DF806008DF8070002208DF803
:101C0000050069469A4817F0A9FB08220A2198485E
:101C100017F02FFC08220B21954817F02AFC02949C
:101C20000020ADF80C00ADF80E00ADF81000ADF8D6
:101C300014000C20ADF8120002A98E4819F046FAE3
:101C400001218C4819F0CAFA4FF4A06017F0A8FAE5
:101C50000D208DF8180003208DF8190001208DF853
:101C60001A008DF81B0006A817F09FFA7B48603811
:101C700018F02AF94FF00060079000200A907E4883
:101C8000099008200B907B48001D089000200C90C4
:101C90004FF480600D9000200E900F9010904FF444
:101CA0000030119000201290032013900020149017
:101CB000159007A96948603818F0A8F90122402159
:101CC0006C4819F038FB012280216A4819F033FB77
:101CD000012210216148603818F05FFA01215F4845
:101CE000603818F0CDF916B010BD70B5634C24689B
:101CF000642C00DB70BD624C248804EB8404614DCD
:101D00002C4460705E4C248804EB84042C44A17045
:101D10005B4C248804EB84042C44E270584C2488E7
:101D200004EB84042C442371554C2488641C6425E2
:101D300094FBF5F605FB1644514D2C804F4C24685E
:101D4000641C4E4D2C6000BFD4E701464B48006830
:101D500008B9002070474C48008800EB8000494AD1
:101D6000104402680A60007908710120F2E7014618
:101D70004248006808B9002070474348008800EBDB
:101D80008000404A104402680A60007908713E48A9
:101D90000088401C642290FBF2F302FB13003A4AD5
:101DA000108036480068401E344A10600120E3E786
:101DB0000CB56846FFF7DBFF0020344908700CBD06
:101DC00010B52D4800782C49497808442A4989786B
:101DD00008442949C978084427490979084426490B
:101DE00049790844C4B224480078022800D010BDC4
:101DF0002148C079032800D0F9E71F488079A04224
:101E000072D11D484078224908701B4880782149CA
:101E100008701948C07820490870174800791F4990
:101E20000870154840791E49087019480078012843
:101E300008D118480078022804D1084600781949CA
:101E4000086093E01248007802282FD111480078EA
:101E500001282BD100201449086087E0A0600240CF
:101E600000440040000C024000480040530800209D
:101E700000080240004C004047020020640200209D
:101E800068020020620800206A0200206D02002023
:101E90004F02002050020020510200205202002078
:101EA000530200207002002074020020FE480078D7
:101EB00002280AD1FD4800780A2806D1FC4800789B
:101EC000012802D1FB49086050E0F7480078022859
:101ED0000BD1F64800780A2807D1F5480078022887
:101EE00003D1F449086041E037E0EF480078022868
:101EF0000ED1EE48007802280AD1EF480378EF4867
:101F00000278EB480178E9480078FFF7EEFE2DE013
:101F1000E5480078022808D1E4480078032804D175
:101F2000E5480078E649086020E0DF4800780228AC
:101F30001CD1DE480078042818D1DD480078E1493A
:101F40000860DE480078E0490860DB480078DF4937
:101F500008600120DE49086008E0FF20D3490870CE
:101F6000D3490870D5490870D349087000BF3EE7CF
:101F700010B596B004460121480517F035FC012143
:101F8000080517F064FC01210C2017F02DFC04203B
:101F9000009002208DF8040000208DF806008DF8D6
:101FA000070002208DF805006946CA4817F0D6F9E7
:101FB0004FF48050009002208DF8040000208DF82E
:101FC00006008DF8070002208DF805006946C2481A
:101FD00017F0C4F908220221BE4817F04AFA082275
:101FE0000C21BD4817F045FA4FF4A06017F0D8F85F
:101FF0002F208DF8180005208DF819008DF81A0093
:1020000001208DF81B0006A817F0CFF80B208DF8E3
:10201000180005208DF819008DF81A0001208DF8A0
:102020001B0006A817F0C1F802940020ADF80C00C0
:10203000ADF80E00ADF81000ADF814000C20ADF8AE
:10204000120002A9A54819F041F80121A34819F08E
:10205000C5F8A34817F038FF4FF000600790402004
:102060000A90A04809900A200B909C48001D0890F7
:1020700000200C904FF480600D9000200E900F9087
:1020800010904FF400301190002012900320139014
:1020900000201490159007A9914817F0B7FF9048B9
:1020A000A83817F011FF4FF00060079000200A9049
:1020B0008D48099005200B908848001D089000204D
:1020C0000C904FF480600D9000200E900F901090B7
:1020D0004FF4003011900020129003201390002044
:1020E0001490159007A97E48A83817F08FFF012299
:1020F00080217A4819F01FF901224021774819F010
:102100001AF901221021764818F047F8012210210F
:102110007348A83818F041F80121714817F0B0FF52
:1021200001216F48A83817F0ABFF16B010BD10B5ED
:1021300096B004460121202017F09AFB01210420CB
:1021400017F052FB0121880517F04EFBC0200090CC
:1021500002208DF8040000208DF806008DF807009D
:1021600002208DF8050069465B4817F0F7F8082251
:102170000621594817F07DF908220721564817F023
:1021800078F902940020ADF80C00ADF80E00ADF81F
:102190001000ADF814000C20ADF8120002A953484D
:1021A00018F094FF0121514819F018F84FF4A0607D
:1021B00016F0F6FF39208DF8180003208DF819006D
:1021C00001208DF81A008DF81B0006A816F0EDFF0F
:1021D000474817F079FE4FF02060079000200A90E2
:1021E0004448099008200B904048001D08900020AA
:1021F0000C904FF480600D9000200E900F90109086
:102200004FF4003011900020129003201390002012
:102210001490159007A9364817F0F8FE01224021C6
:10222000324819F088F801228021304819F083F8EB
:10223000012210212E4817F0B0FF01212C4817F081
:102240001FFF16B010BD2B4909782A4A5278114455
:10225000284A92781144274AD2781144254A1279A3
:102260001144244A52791144C8B2224909780229FA
:1022700000D070471F49C979032900D0F9E71D49EB
:102280008979814249D11B4949781B4A1170194902
:1022900089781A4A11701749C978194A1170154975
:1022A0000979184A11702FE04F02002050020020D7
:1022B0005102002088020020530200205202002018
:1022C000780200207C02002080020020840200208E
:1022D0008C020020000C0240000802400050004028
:1022E000B8600240CA060020560A002000140140CF
:1022F00028640240900200209802002099020020E9
:102300009A0200209B020020FE494979FE4A117082
:10231000FE490978FE4A117006E0FF21FD4A11705E
:10232000FA4A1170F84A117000BFA2E700B585B0F3
:102330000121082017F058FA0121880317F098FAB4
:1023400000208DF8100001208DF813000C20039060
:1023500003A9F14817F002F80221032019F084F8CC
:102360000420009000208DF8040010208DF8050056
:1023700001208DF80600684617F088FF08208DF8C8
:10238000080000208DF809008DF80A0001208DF862
:102390000B0002A816F009FF05B000BD70B5044699
:1023A0000D46012C0BD12946DC4818F042FF00BF36
:1023B0004021DA4818F0EDFF0028F9D036E0032C70
:1023C0000BD12946D64818F034FF00BF4021D4482D
:1023D00018F0DFFF0028F9D028E0042C0BD12946A3
:1023E000D04818F026FF00BF4021CE4818F0D1FF9A
:1023F0000028F9D01AE0052C0BD12946CA4818F05C
:1024000018FF00BF4021C84818F0C3FF0028F9D0CA
:102410000CE0062C0AD12946C44818F00AFF00BF78
:102420004021C24818F0B5FF0028F9D070BD2DE951
:10243000F04702240125022600274FF000084FF044
:1024400003096019304438444044B94909780844C4
:1024500000F0FF0A21460420FFF7A0FF29460420D0
:10246000FFF79CFF31460420FFF798FF3946042010
:10247000FFF794FF41460420FFF790FFAC48017836
:102480000420FFF78BFF51460420FFF787FF4946E2
:102490000420FFF783FFBDE8F0870020A5494862CC
:1024A000A5490860A5490860A54908607047002053
:1024B000A0494862A04908604FF080414862A149A4
:1024C0000860A1490860A14908609C4908609C49CE
:1024D00008609F4908609F490860704700204FF0DE
:1024E000804148629749086070470020964908601B
:1024F00096490860704710B500209749087000247D
:1025000007E061210120FFF749FF3220FEF76FFB52
:10251000641C022CF5D301208F4908707A208F4962
:10252000087010BD10B500208D490870002407E028
:1025300061210320FFF732FF3220FEF758FB641CB5
:10254000022CF5D30120864908707A20854908704D
:1025500010BD2DE9F14FAEB083A02D9000202C903E
:102560008DF888008DF860002E98182834D2DFE8A6
:1025700000F00C343D444B525960676E7580878E75
:10258000959CA3C7C6C5C4C3C2C102217F4816F02B
:1025900047FF88B100224FF400417D4816F05EFFEE
:1025A0004FF400417A4816F048FF044600222146C5
:1025B00078A0FEF76CF80FE00122D103744816F002
:1025C0004DFF4FF40041724816F037FF04460022D9
:1025D000214678A0FEF75BF896E201227D48B0F92B
:1025E000000041427CA0FEF752F88DE202227C48B6
:1025F00001687CA0FEF74BF886E203227C48016864
:102600007CA0FEF744F87FE204227F4801687FA0A7
:10261000FEF73DF878E205227F4801687FA0FEF7CB
:1026200036F871E206228148016881A0FEF72FF892
:102630006AE207228148016881A0FEF728F863E278
:1026400008228348016883A0FEF721F85CE2092292
:102650008448016884A0FEF71AF855E201212E484B
:1026600016F0DEFE04460A22214683A0FEF70FF88C
:102670004AE20B228248016882A0FEF708F843E292
:102680000C228448016884A0FEF701F83CE28748E8
:10269000018A0D2286A0FDF7FAFF35E20E22884856
:1026A000016888A0FDF7F3FF2EE2804841890F22E0
:1026B00088A0FDF7ECFF27E201218A4816F0B0FE62
:1026C0004FF400511790324816F0AAFE044602213A
:1026D000844816F0A5FE05464FF480412C4816F0BC
:1026E0009FFE064604217F4816F09AFE4FF40041F3
:1026F0001690F9E0FCE1F4E1E7E1DFE1D7E1CFE1B9
:102700004FE10000900200209C0200209B0200206C
:102710009D0200209A020020000C0240001001409F
:1027200000480040004C00400050004000140140B0
:1027300070020020000001406C00002024080040CE
:102740008800002070000020240400407400002055
:10275000240C004078000020910000209000002010
:10276000930000209200002031313131313131317C
:10277000313131313131313131313131313130314A
:10278000313131313131313100000000000402407B
:1027900000080240524F424F5420322044414E47DD
:1027A00020434841592053414E2058414E483A2039
:1027B00020200000524F424F5420322044414E47C7
:1027C00020434841592053414E20444F3A20202075
:1027D000000000008C000020494D553A0000000028
:1027E000A40000204C617A65722070686169000065
:1027F000B800002054726F206368616E20547275B7
:102800006F633A2000000000A00000204C617A6550
:102810007220747261692000BC00002054726F2025
:102820006368616E205361753A2020009800002093
:102830004C617A657220736175200000C000002031
:1028400054726F2064617920746179203120000016
:102850009C0000204C617A6572207472756F632051
:1028600000000000C400002054726F2064617920D1
:10287000746179203220000053746172742000006A
:10288000B000002054726F20786F617920746179F4
:1028900020000000880200206D6F64655F6368613E
:1028A000795F72756E673A2000000000F60700201D
:1028B0005175616E672074726F2032200000000035
:1028C0008C0200206D6F6465206E68617420686FF3
:1028D000702000005175616E675F74726F203A203E
:1028E0000000000000100240F84816F099FD07466D
:1028F0000821F64816F094FD80464FF48041F348D5
:1029000016F08EFD81461021F04816F089FD4FF437
:1029100000511590ED4816F083FD82460821EC48E1
:1029200016F07EFD4FF480511490E84816F078FDC3
:1029300010211390E64816F073FD4FF48061129059
:10294000E24816F06DFD83468021E04816F068FDF0
:102950004FF480711190DD4816F062FD10901798C9
:10296000CDE90B65CDE90D401698CDE90798CDE985
:102970000970DDE913121598CDE9042A0391069038
:10298000DDE91110CDE9001B0290D2A2282122A876
:10299000109B1AF0F9FE102222A9D7A0FDF7CAFE5B
:1029A000B2E08021D54816F03BFD04460121D34812
:1029B00016F036FD05464021D04816F031FD06469A
:1029C0004FF40041C24816F02BFD07464FF48051EA
:1029D000CB4816F025FD80464FF48061C74816F0BD
:1029E0001FFD81464FF40061C54816F019FD4FF4F4
:1029F00000611790C14816F013FD82464FF48061C4
:102A0000B34816F00DFD83464FF48051BB4816F0D5
:102A100007FD4FF400611690AD4816F001FD4FF42C
:102A200000511590B54816F0FBFC4FF4804114900E
:102A3000A74816F0F5FC4FF480411390AF4816F00C
:102A4000EFFC4FF480711290AD4816F0E9FC4FF4A2
:102A500000411190A94816F0E3FCCDE90B76CDE9D1
:102A60000D5410901798CDE907A0CDE90998DDE93C
:102A700015211498CDE9051BCDE90302DDE91112FA
:102A80001398CDE90012029092A2282122A8109B4F
:102A90001AF07AFE112222A99AA0FDF74BFE33E02C
:102AA00012229A4801689AA0FDF7F1FD2CE013224A
:102AB0009C4801689CA0FDF7EAFD25E014229D4892
:102AC00001689DA0FDF7E3FD1EE04FF400617F4823
:102AD00016F0A6FC0446152221469BA0FDF7D7FD63
:102AE00012E016229C4801789CA0FDF7D0FD0BE077
:102AF0004FF40071754816F093FC044617222146E6
:102B00009AA0FDF7C4FD00BF00BF2FB0BDE8F08F55
:102B100010B50121994817F0B3FA10BD01B59848D6
:102B200000680099884203DD00209549086004E0B0
:102B300093480068401C9249086091480068FFF77C
:102B400008FD08BD01B59DF80000052801DA002048
:102B500008BD9DF80000FBE730B504461D4624B9CA
:102B600088480078884BD87011E0002C07DDE0B26F
:102B7000FFF7E8FF844BD8700020987007E06342AD
:102B8000D8B2FFF7DFFF804BD8700120987021B9D1
:102B90007C4800787C4BD87111E0002907DDC8B271
:102BA000FFF7D0FF784BD8710120987107E04B42B6
:102BB000D8B2FFF7C7FF744BD8710020987122B9C3
:102BC00070480078704BD87211E0002A07DDD0B24F
:102BD000FFF7B8FF6C4BD8720120987207E05342A0
:102BE000D8B2FFF7AFFF684BD8720020987225B9B2
:102BF00064480078644BD87311E0002D07DDE8B21B
:102C0000FFF7A0FF604BD8730120987307E06B4279
:102C1000D8B2FFF797FF5C4BD8730020987330BD94
:102C2000594AD070D071D072D07370475648C0786E
:102C300003280DDA5448C079032809DA5248C07ACB
:102C4000032805DA5048C07B032801DA01207047C9
:102C50000020FCE701204D49086070474C4800689F
:102C600047F23051884201D0012070470020FCE734
:102C700010B5FFF740FC10BD4648B0F900004042D7
:102C80007047B5EEC00AF1EE10FA09D24248D0ED15
:102C9000000A70EE600AFDEEE00A10EE900A70473E
:102CA0003D48D0ED000A70EE200AFDEEE00A10EE7D
:102CB000900AF4E710B52DED0A8B044624B99FED78
:102CC000370ABDEC0A8B10BD6AE00000001002401C
:102CD000000C024025642564256425642564256470
:102CE000256425642564256425642564256425649C
:102CF0002564256400000000493A000000040240F9
:102D000000000240696E323A0000000064020020B8
:102D1000636F756E745F646174615F756172743442
:102D20002000000070020020626C6F636B5F7068AF
:102D3000613A2000C40200206E6861795F64656EAC
:102D40005F6C616E5F31200043425F4E616E675F72
:102D50007472616920000000D0020020726F626FFF
:102D6000745F706F736974696F6E000043425F4EE9
:102D7000616E675F7068616900000000A0600240DA
:102D80008400002018030020040000207C030020A1
:102D9000400300208C000020D8020020000000002A
:102DA000002C27DAF64800681AF043FB41EC190BB7
:102DB00020461AF03EFB41EC1C0B9FEDF20B53EC4E
:102DC000102B1AF055FA41EC1B0B9FEDF00B53EC56
:102DD000102B1AF047FA41EC1A0B53EC192B1AF08E
:102DE000B9FA41EC180B1AF07FFB00EE100ABDECAB
:102DF0000A8B10BDE24800681AF01BFB41EC190B6E
:102E000020461AF016FB41EC1C0B9FEDDE0B53EC39
:102E1000102B1AF02DFA41EC1B0B9FEDDC0B53EC41
:102E2000102B1AF07EF941EC1A0B53EC192B1AF007
:102E300091FA41EC180B1AF057FB00EE100AD6E796
:102E4000F0EE400AF5EEC00AF1EE10FA02DBB0EE49
:102E5000600A7047B1EE600AFBE70146002901DB1A
:102E6000084670474842FCE70146CA48D0ED000AD0
:102E7000F1EE600AC848D0ED001A80EEA11A00EE0B
:102E8000901AF8EEE01AC348D0ED000A41EE210A8C
:102E9000B0EE600AFDEEC00A10EE900A7047B0EE88
:102EA000402ADFEDBE2AB0EE620AB5EEC02AF1EE8E
:102EB00010FA03D2F1EE422AB0EE622AF5EEC00A11
:102EC000F1EE10FA03D2F1EE602AF0EE620AB5EEEE
:102ED000C01AF1EE10FA03D2F1EE412AB0EE621AF6
:102EE000F5EEC01AF1EE10FA03D2F1EE612AF0EE1F
:102EF000621AB4EEC02AF1EE10FA01DDB0EE420A19
:102F0000F4EEC00AF1EE10FA01DDB0EE600AB4EEA4
:102F1000C01AF1EE10FA01DDB0EE410AF4EEC01A6B
:102F2000F1EE10FA01DDB0EE610A704794480068D6
:102F300070479B480068704710B52DED028BB0EECE
:102F4000408A9848006847F2305188420ED11FED00
:102F50006D0A954880ED000A944880ED000A944877
:102F600080ED000A934880ED000A4AE0924800682C
:102F700092490968401A8B490968081A00EE100A3C
:102F8000B8EEC00AF0EE408A8D48D0ED000A88EE17
:102F9000A00A8C48D0ED000A30EE200A8A48D0ED15
:102FA000000A20EE200AF0EE408AB0EE680A1AF01D
:102FB0004FFFF0EE000A20EE200A7B4880ED000A69
:102FC000B0EE680A1AF09CFEF0EE000A20EE200A2D
:102FD000764880ED000A744890ED000A7B48D0EDF9
:102FE000000A30EE200A734880ED000A6F4890ED29
:102FF000000A7648D0ED000A30EE600A6C4880ED99
:10300000000AB5EEC08AF1EE10FA73D0704800687D
:10301000052820D2DFE800F003203A546F0065480D
:1030200090ED000A30EE080A80ED000A604890ED4D
:10303000000A30EE480A80ED000A5C4890ED000A74
:1030400030EE080A80ED000A574890ED000A30EE95
:10305000480A80ED000A68E0554890ED000A30EE1D
:10306000480A80ED000A514890ED000A30EE080A47
:1030700080ED000A4C4890ED000A5648D0ED000A59
:1030800008EE600A484880ED000A4EE0494890ED9D
:10309000000A30EE080A80ED000A444890ED000A6C
:1030A0004C48D0ED000A08EE200A404880ED000AA6
:1030B0003D4890ED000A30EE480A80ED000A34E009
:1030C0003C4890ED000A30EE080A80ED000A3848CE
:1030D00090ED000A3F48D0ED000A08EE600A34483F
:1030E00080ED000A304890ED000A30EE480A80ED8D
:1030F000000A1AE01AE02F4890ED000A3548D0ED9A
:10310000000A08EE200A2B4880ED000A284890EDBE
:10311000000A30EE480A80ED000A244890ED000ACB
:1031200030EE080A80ED000A00BF00BF1E48D0ED57
:10313000001A1E4890ED001A1D48D0ED000A1D48E7
:1031400090ED000AFFF7ABFE2348D0ED000AF8EE41
:10315000E00A80EE801ABDEEC10A204880ED000A28
:10316000074800681D490968884203DD1B4800685C
:103170000349086001201A490860BDEC028B10BDAC
:103180002C0300209A9999999999B93F3333333395
:103190003333D33F10030020140300206F12833A0F
:1031A000580300204003002078030020740300200F
:1031B000700300206C030020600300204C030020FB
:1031C000F0020020FC020020200300205403002015
:1031D00028030020E0020020D40200203403002055
:1031E0002403002010B504460020FE490860FE4874
:1031F0000460FCB90020FD4908609FEDFD0AFD4810
:1032000080ED000A47F23050FB490860FB49086036
:103210009FEDF70AFA4880ED000A0020F94908609E
:10322000F9490860F9490860F94908609FEDF00A1A
:10323000FFF782FE10BD10B5F14890ED000AB5EE23
:10324000C00AF1EE10FA05D1EE48006810B9EE4858
:10325000006890B19FEDE60AE94880ED000A002081
:10326000E8490860E8490860EA480068EA490860F7
:10327000E34890ED000AFFF75FFE10BDE748C0EDA0
:10328000000AE74880ED000A704770B52DED028B0B
:1032900005460C46B0EE408AD7480068A8420BD1DC
:1032A000D0480068A04207D1D24890ED000AB4EEA1
:1032B000480AF1EE10FA18D0CA480460CB480068FA
:1032C00010B90520C9490860D2480068D249086091
:1032D000C84880ED008AC84805600020D1490860D0
:1032E000C74890ED000AFFF727FEBDEC028B70BDCA
:1032F00070B52DED028B0446B0EE408A0D46C248F3
:103300000068A0420BD1BE4890ED000AB4EE480A16
:10331000F1EE10FA03D1BB480068A8423AD0B64893
:10332000006847F23051884225D12820AD49086015
:10333000AE48006810B90A20AC49086047F2305026
:10334000844218DA0120B1490860B5EEC08AF1EE76
:1033500010FA03DDAF480068A04208DCB5EEC08A71
:10336000F1EE10FA07D2AB480068A04203DAB1EEE2
:10337000480AB0EE408AA4480460A2480560A0480C
:1033800080ED008A0020A74908609D4890ED000A62
:10339000FFF7D2FDBDEC028B70BD10B52DED028B99
:1033A000B0EE408A04462146B0EE480A47F230505B
:1033B000FFF79EFFBDEC028B10BD70B504460D46B5
:1033C0009FED8B0A29462046FFF75FFF70BD70B561
:1033D0002DED088BF0EE408A0446B0EE608AB0EE28
:1033E000419A864890ED000AB8EEC00AB4EE680A29
:1033F000F1EE10FA0DD17B480068A04209D1824855
:1034000090ED000AB8EEC00AB4EE480AF1EE10FAE8
:103410005ED0BDEEE80A794880ED000A7D4991ED65
:10342000000AB8EEC00A38EEC00ABDEEC00A10EEBF
:10343000100A9FED6F0A2146FFF727FF754890EDB0
:10344000000AB8EEC00A38EE400ABDEEC00A10EE1F
:10345000105A002D01DB284600E06842642814DD84
:103460006C4890ED000AB8EEC00AB4EEC08AF1EEE6
:1034700010FA02DDB0EE490A01E0B1EE490A10EEA1
:10348000101A08461AF005F813E0624890ED000A99
:10349000B8EEC00A38EE400A10EE101A084619F0CD
:1034A000F8FF41EC1B0B9FED600B53EC102B19F058
:1034B000DFFE41EC1A0B1AF017F809EE900A002112
:1034C000B0EE690AFDEEC80A10EE900AFFF710FF91
:1034D000BDEC088B70BD10B54C48006801283DDD7F
:1034E000494909684B4A1268881AFFF7B6FC062852
:1034F0000CDA464801680068401C444A1060B1F587
:10350000FA7F2BDD0020FFF76DFE10BD3F480068FD
:10351000FA2808DD05203349086034490860FB209B
:103520003A49086004E005202E4908602F490860E8
:103530003848006834490968884205DDBFEE000A52
:103540002F4880ED000A04E0B7EE000A2C4880ED19
:10355000000A2B4890ED000AFFF7EEFC00BFD4E70D
:1035600010B52DED028B234890ED000AB5EEC00A90
:10357000F1EE10FA08D11D48006828B12248006811
:1035800047F23051884202DBBDEC028B10BD1C4873
:1035900090ED000AB5EEC00AF1EE10FA74D01648AC
:1035A000006847F2305188426FD1154890ED000A0B
:1035B000B5EEC00AF1EE10FA08DD134800681C49A8
:1035C0000968401A13490968884239DB0C4890EDB4
:1035D000000AB5EEC00AF1EE10FA7CD20A48006883
:1035E000134927E030030020380300202C0300207B
:1035F000000000005403002040030020440300208A
:103600005003002028030020480300205803002016
:103610007C030020600300204C03002010030020E6
:10362000140300203C0300207B14AE47E17A743F72
:103630000C03002009680844FD49096888424ADDF6
:10364000FC48006803285DDAFB490968F84A1268FB
:10365000881AFFF702FC0A2818DAF7480068F749C9
:1036600008600020F6490860F64908601FED200A4E
:10367000F54880ED000A0220EE490860F24890ED1E
:10368000000AFFF759FC7FE7DAE077E0EA480068D4
:10369000E7490968884236DDE94890ED000AB8EE4E
:1036A000C00AE948D0ED000A60EE200AE74890ED34
:1036B000000AB8EEC00AC0EE801AB0EE611AB0EE91
:1036C000410AFFF7BDFBDC490968D94A1268881A2C
:1036D000FFF7C3FB00E04BE000EE900AB8EEE01A03
:1036E000DB48D0ED000A40EE010AD54890ED000A13
:1036F000B8EEC00A80EE801AB0EE418AB0EE480AF9
:10370000FFF71AFC9BE0CE4890ED000AB8EEC00A25
:10371000CD48D0ED000A60EE200ACC4890ED000ABA
:10372000B8EEC00AC0EE801AB0EE611AB0EE410ADF
:10373000FFF786FBC0490968BD4A1268881AFFF77F
:103740008CFB00EE900AB8EEE01AC148D0ED000AFA
:1037500050EE410ABA4890ED000AB8EEC00A80EE79
:10376000801AB0EE418AB0EE480AFFF7E5FB66E04A
:10377000B54890ED000AFFF7DFFB60E0B24890ED3E
:10378000000AB5EEC00AF1EE10FA1FDDAA4890ED6E
:10379000000AB8EEC00AAA48D0ED000AF8EEE00A26
:1037A000A94890ED001A00EEC10AAA48D0ED000A1F
:1037B000F8EEE00A70EE600A9D4890ED000AB8EE5F
:1037C000C00AF4EEC00AF1EE10FA27D39E4890ED3D
:1037D000000AB5EEC00AF1EE10FA2BD2964890ED31
:1037E000000AB8EEC00A9648D0ED000AF8EEE00AEA
:1037F000954890ED001A00EEC10A9648D0ED000AF7
:10380000F8EEE00A70EE200A894890ED000AB8EE62
:10381000C00AF4EEC00AF1EE10FA0BDD8649096821
:10382000834A1268881AFFF745FAB0EE408AFFF71C
:1038300083FB04E0844890ED000AFFF77DFBA3E6DC
:10384000854909687A4A1268881AFFF733FAB0EE98
:10385000408AFFF771FB00BF96E600B57548006827
:10386000022815DA1FED9E0A7C4880ED000A1FED44
:10387000A00A754880ED000A00207949086047F2E7
:103880003050784908607849086000206A4908602B
:1038900076480068401C7549086075490968884287
:1038A00004DA74480068FFF7BBF90EE0704800685E
:1038B0006E4908607048006820B16E480068FFF7E4
:1038C000AFF902E00020FFF7ABF900BD674A1268CC
:1038D000521C664B1A60824207DD594A12680A443C
:1038E000574B1A600022614B1A6070472DE9F04176
:1038F000FFF7C2F94E490860FFF7EDFD5148006837
:10390000002821DD4E4800684E49096888422AD0C7
:103910004B4800684B49096888420EDA48480068FD
:103920005649096888421EDA45480068FFF79CFA44
:1039300004460121FFF7CAFF15E04FF0FF31504860
:103940000068FFF7C3FF0EE03D480068002806DD71
:103950004FF0FF314B480068FFF7B8FF03E0FFF777
:103960007CFFBDE8F0814848006831490968884219
:1039700005D0FFF7F5FD2E4800684349086043482D
:103980000068E8B32E48D0ED000AF8EEE00A40489F
:1039900090ED001A60EE810AB0EE600AFFF771F94F
:1039A00004462748D0ED000AF8EEE00A394890EDC9
:1039B000001A60EE810AB0EE600AFFF762F9054670
:1039C0001F48D0ED000AF8EEE00A334890ED001AE7
:1039D00060EE810AB0EE600AFFF753F90646184818
:1039E000D0ED000AF8EEE00A2C4890ED001A60EEE7
:1039F000810AB0EE600AFFF744F90746234600E06B
:103A000003E02A463146FFF7A7F800BFA9E724489C
:103A100001680068401C224A1060462946D22148AD
:103A2000408B2149096808441F4908604AE00000AA
:103A30006003002058030020480300205C0300209E
:103A40002C03002030030020500300200C03002032
:103A5000EC020020080300204C0300205403002047
:103A60002803002040030020440300203C030020E2
:103A70001C030020180300207C03002034030020D6
:103A80006803002038030020640300202403002082
:103A90007803002074030020700300206C030020D2
:103AA00094040020F607002098040020FE480068D7
:103AB0004621B0FBF1F0FD4908600020FC49086098
:103AC000F9490860FB4801680068401CF94A106029
:103AD000462907D2F848008BF84909680844F74995
:103AE00008600BE0F54800684621B0FBF1F0F449AE
:103AF00008600020EF490860F0490860F14801685B
:103B00000068401CEF4A1060462907D2EA48808AC4
:103B1000ED4909680844EC4908600BE0EA48006890
:103B20004621B0FBF1F0E94908600020E549086052
:103B3000E5490860E64801680068401CE44A1060F6
:103B4000462907D2DC48C08AE24909680844E149AD
:103B500008600BE0DF4800684621B0FBF1F0DE4969
:103B600008600020DA490860DA490860DB4801682B
:103B70000068401CD94A1060322907D2CE484089DB
:103B8000D74909680844D64908600BE0D448006862
:103B90003221B0FBF1F0D34908600020CF49086022
:103BA000CF490860D04801680068401CCE4A1060C8
:103BB000322907D2C048C088CC4909680844CB499B
:103BC00008600BE0C94800683221B0FBF1F0C84939
:103BD00008600020C4490860C4490860C5480168FD
:103BE0000068401CC34A1060322907D2B24880885E
:103BF000C14909680844C04908600BE0BE48006834
:103C00003221B0FBF1F0BD4908600020B9490860DD
:103C1000B9490860BA4801680068401CB84A106099
:103C2000462907D2A4480089B64909680844B5491D
:103C300008600BE0B34800684621B0FBF1F0B249E0
:103C400008600020AE490860AE490860AF480168CE
:103C50000068401CAD4A1060462907D2964800888B
:103C6000AB4909680844AA4908600BE0A848006805
:103C70004621B0FBF1F0A74908600020A349086085
:103C8000A3490860A44801680068401CA24A10606B
:103C9000462907D288484088A049096808449F49B6
:103CA00008600BE09D4800684621B0FBF1F09C499C
:103CB0000860002098490860984908607047994852
:103CC000006899490968884203DA9748006895496D
:103CD00008609448006895490968884203DD934864
:103CE000006890490860854909688E4A1268881AF8
:103CF000002801DB014600E04142022930DD7F4817
:103D0000006888490968884203DD01208849887570
:103D100002E000208649887578490968814A12685E
:103D2000881A002801DB014600E0414201EB410115
:103D3000804A1160104600687F490968884203DDA7
:103D40007D480068114608607A4800681E2802DA3B
:103D50001E2078490860774800787549C87502E0E8
:103D600000207349C8757047744800687449096831
:103D7000884203DA72480068704908606F4800683A
:103D800070490968884203DD6E4800686B49086025
:103D900057490968694A1268881A002801DB0146F8
:103DA00000E04142022930DD51480068634909685A
:103DB000884203DD00205E49887402E001205C49EE
:103DC00088744B4909685D4A1268881A002801DB2B
:103DD000014600E0414201EB4101564A11601046A4
:103DE000006859490968884203DD57480068114650
:103DF000086050480068142802DA14204D49086011
:103E00004C4800784A49C87402E000204849C87408
:103E100070474E4800684E490968884203DA4C48AA
:103E200000684A490860494800684A490968884268
:103E300003DD484800684549086036490968434A37
:103E40001268881A002801DB014600E0414204297B
:103E500028DD304800683D490968884203DD0020BC
:103E60003349887602E0012031498876294909687A
:103E7000364A1268881A002801DB014600E04142F8
:103E800001EB810189002B4A11601046006832491C
:103E90000968884203DD30480068114608602548FB
:103EA00000685BE064E000009804002098000020B7
:103EB000940400209C040020F6070020A0040020A9
:103EC0009C000020A4040020A8040020A4000020DE
:103ED000AC040020B0040020A0000020B4040020A6
:103EE000B8040020A8000020CC040020D00400204A
:103EF000BC000020D4040020D8040020B80000201A
:103F0000DC040020E0040020B0000020F4040020C5
:103F1000F8040020C0000020FC0400200005002060
:103F2000C4000020F0030020E8030020EC03002080
:103F3000040000205004002028040020FC0300207E
:103F4000F4030020F80300202404002014040020BF
:103F50000C0400201004002030040020642802DA41
:103F60006420FA490860F9480078F949C87602E007
:103F70000020F749C8767047F6480068F649096896
:103F8000884203DAF4480068F2490860F1480068A2
:103F9000F2490968884203DDF0480068ED4908608D
:103FA000EF490968EB4A1268881A002801DB0146CC
:103FB00000E04142042934DDE9480068E549096828
:103FC000884204DD0020E24981F82A0003E0012054
:103FD000DF4981F82A00E2490968DE4A1268881A36
:103FE000002801DB014600E0414201EB810189002C
:103FF000D64A116010460068DA490968884203DD34
:10400000D848006811460860D0480068C82802DA1D
:10401000C820CE490860CD480078CD4981F82B00F2
:1040200003E00020CA4981F82B00704710B5CE4844
:104030000068CE490968884203DACC480068CA495A
:104040000860C9480068CA490968884203DDC84851
:104050000068C5490860C74B1B68C34C24681A1B1D
:10406000002A01DB134600E05342022B4CDDC24B19
:104070001B68C24C2468191B002901DB0B4600E0B9
:104080004B42142B40DAB64B1B68BD4C2468181BFE
:10409000002801DB034600E04342142B34DAB54824
:1040A0000068B1490968884204DD0120A84981F807
:1040B000260003E00020A64981F82600AD490968E2
:1040C000A94A1268881A002801DB014600E0414233
:1040D0009E4A116010460068AA490968884203DDBB
:1040E000A84800681146086098480068322802DA3B
:1040F00032209649086095480078954981F8270054
:104100000020A149086006E00020914981F82700BD
:1041100001209D49086010BD25209C49086044206D
:104120009B49086070473A20984908605820984990
:10413000086070474E2095490860712094490860D6
:104140007047782091490860AC2091490860704719
:1041500000B50246FFF7F5FF8E4802608E48026008
:1041600000BD00B50246FFF7DEFF8A4802608A48BC
:10417000026000BD00B50246FFF7DCFF8548026023
:104180008548026000BD10B5FA20844908607B486C
:10419000006883490860FA2072490860784800681E
:1041A0006C49086000207F49086035E006E0012086
:1041B00018F036FBFCF756FC00B927E06F4A12688E
:1041C000794B1B68D21A032392FBF3F36A4A1268F5
:1041D000734C2468111B002901DB0A4600E04A42A7
:1041E0009342E4DB664A12685B4B1B68D21A0323D6
:1041F00092FBF3F35A4A1268564C2468101B0028AD
:1042000001DB024600E042429342D0DB00BF65483A
:104210000068401C63490860624800683228C5DBBA
:1042200010BD10B561480068002858D1604800688A
:10423000002854D15F480068002850D15E480068CB
:1042400000284CD124E04FF480515C4815F0E8F888
:1042500070B901215A4815F0E3F848B99FED591A91
:10426000DFED590A13209FED590AFFF7B0F808E077
:104270009FED541ADFED540A0F209FED550AFFF70A
:10428000A6F8012018F0CCFAFCF7ECFB00B90CE022
:1042900040214B4815F0C4F80028D4D04FF4807169
:1042A000464815F0BDF80028CDD000BF9FED451A57
:1042B000DFED450A0A209FED470AFFF788F806E080
:1042C000012018F0ADFAFCF7CDFB00B906E04FF481
:1042D00080513A4815F0A4F80028F1D05BE133484A
:1042E0000068012830D13248006800282CD13148BC
:1042F0000068002828D13048006828BB6CE04FF4E3
:1043000080512E4815F08CF870B901212C4815F019
:1043100087F848B99FED2B1ADFED2B0A13209FED8C
:104320002B0AFFF754F808E09FED261ADFED260A66
:104330000F209FED270AFFF74AF8012018F070FAC6
:10434000FCF790FB08B954E06DE045E05004002014
:104350000400002020040020180400201C04002079
:10436000C4000020340400200804002000040020C1
:1043700004040020B0000020C0000020BC01002088
:10438000C00100202C040020E403002024040020AD
:1043900028040020F0030020FC030020300400204B
:1043A00014040020AC0300200C040020A002002014
:1043B000A4020020A8020020AC020020000002405D
:1043C000000402403333333F000061440000E1C386
:1043D000000061C4000000004021F74815F020F8FB
:1043E00000288CD04FF48071F44815F019F800289B
:1043F00085D000BF1FED0D1A5FED0D0A0A201FEDDD
:104400000B0AFEF7E4FF06E0012018F009FAFCF7BA
:1044100029FB00B906E04FF48051E84815F000F898
:104420000028F1D0B7E0E6480068012857D1E548F8
:104430000068012853D1E4480068E0BBE348006805
:10444000C8BB24E00421E24814F0EAFF78B94FF435
:104450000061DA4814F0E4FF48B91FED261A5FED59
:10446000260A13209FEDDB0AFEF7B1FF08E01FEDDF
:104470002B1A5FED2B0A0F201FED2B0AFEF7A7FF6B
:10448000012018F0CDF9FCF7EDFA00B90CE040215D
:10449000C94814F0C5FF0028D4D04FF48071C74834
:1044A00014F0BEFF0028CDD000BF1FED3A1A5FED1B
:1044B0003A0A0A2000E012E09FEDC70AFEF787FFE4
:1044C00006E0012018F0ACF9FCF7CCFA00B905E0E1
:1044D0000421BF4814F0A4FF0028F2D05BE0B848E4
:1044E0000068012857D1B7480068012853D1B64861
:1044F000006801284FD1B5480068E8BB24E00421DA
:10450000B34814F08DFF78B94FF40061AB4814F054
:1045100087FF48B91FED551A5FED550A13209FED2F
:10452000AD0AFEF754FF08E01FED5A1A5FED5A0A74
:104530000F201FED590AFEF74AFF012018F070F90D
:10454000FCF790FA00B90CE040219B4814F068FF9A
:104550000028D4D04FF48071984814F061FF0028EF
:10456000CDD000BF1FED691A5FED690A0A209FEDEB
:104570009A0AFEF72CFF07E00DE0012018F050F931
:10458000FCF770FA00B905E00421914814F048FFE7
:104590000028F2D000BF0020FEF724FE10BD2DE958
:1045A000F04105460E46FFF7CCFD8C480068FA3016
:1045B0008B4908608B480068FA308B4908600024FA
:1045C00015E006E0012018F02BF9FCF74BFA00B9D2
:1045D0000BE086490968844A1268881A002801DBC2
:1045E000014600E041420F29ECDC00BF641C322C84
:1045F000E7DB1FED8C1A00EE106AF8EEC00A0E2001
:1046000000EE105AB8EEC00AFEF7E1FE002416E0F4
:1046100006E0012018F004F9FCF724FA00B90CE0D8
:104620004FF48071654814F0FBFE0128F1D0802121
:10463000614814F0F5FE0028EBD000BF641C962CF6
:10464000E6DB0020FEF7CEFD78206949086065486A
:10465000006865490860002415E006E0012018F0B4
:10466000DFF8FCF7FFF900B90BE0604909685E4A22
:104670001268881A002801DB014600E04142072940
:10468000ECDC00BF641C322CE7DB4FF42F7018F019
:10469000C7F81FEDB41A00EE106AF8EEC00A0F203A
:1046A00000EE105AB8EEC00AFEF791FE40F2A46088
:1046B00018F0B6F8002415E006E0012018F0B0F874
:1046C000FCF7D0F900B90BE001213B4814F0A8FE3B
:1046D000012805D1C102394814F0A2FE0128ECD00E
:1046E00000BF641CB4F57A7FE6DBFA20404908601D
:1046F0003C48006819303C4908601FEDCE1A00EEB6
:10470000106AF8EEC00A122000EE105AB8EEC00A85
:10471000FEF75DFE00240FE006E0022018F080F8AE
:10472000FCF7A0F900B905E00121294814F078FE52
:104730000128F2D000BF641C40F226208442EBDB4B
:104740001FEDE01A00EE106AF8EEC00A0F2000EE2E
:10475000105AB8EEC00AFEF73AFE002410E006E058
:10476000012018F05DF8FCF77DF900B906E04FF480
:104770000051174814F054FE0128F1D000BF641C0A
:10478000B4F57A7FEBDB0020FEF72CFDFA20194907
:10479000086012480068C01C114908604FF47A7024
:1047A00018F03EF8C820124908600E480068113021
:1047B0000D490860002435E000040240000002407A
:1047C000A0020020A4020020A8020020AC020020C9
:1047D000001002400040CEC40000E144E803002085
:1047E000F0030020F4030020FC030020BC000020A4
:1047F000240400202804002006E0012018F010F80E
:10480000FCF730F900B90BE0FA490968FA4A126876
:10481000881A002801DB014600E041420429ECDC53
:1048200000BF641CFA2CE7DB4FF47A7017F0F8FF36
:104830009FEDF21A00EE106AF8EEC00A0C2000EEAE
:10484000105AB8EEC00AFEF7C2FD002415E006E0DB
:10485000012017F0E5FFFCF705F900B90BE0042192
:10486000E74814F0DDFD012805D10103E54814F007
:10487000D7FD0128ECD000BF641CFA2CE7DBFDF764
:1048800016FE06E0052017F0CBFFFCF7EBF800B9A9
:1048900014E0FCF71DF98046FCF7EDF8071E01DB7C
:1048A000384600E07842B8F1000F01DB414601E0F4
:1048B000C8F100010844B0F5C87FE3DB00BFFFF793
:1048C00040FC4FF48270CC490860CF4908609FEDEE
:1048D000CB1A00EE106AF8EEC00A0C2000EE105A57
:1048E000B8EEC00AFEF773FD00240FE006E00120D9
:1048F00017F096FFFCF7B6F800B905E01021C048A4
:1049000014F08EFD0128F2D000BF641C642CEDDB96
:104910000020FEF767FCBDE8F08110B50246101ECE
:1049200001DB044600E0444221463C2900DD3C21F5
:10493000062901DA042010BDC1EBC10000EB4000E4
:1049400048434FF4616490FBF4F0031D1846F2E70E
:104950002DE9F04104460D460020AC4908603BE0DB
:104960002AE0AB480068071B3846FFF7D6FF06462B
:10497000A7480068001B002809DD9FEDA61ADFED9F
:10498000A60A30469FEDA50AFEF721FD10E0A048DB
:104990000068001B09D59FED9F1ADFED9F0A304686
:1049A0001FED730AFEF713FD02E00020FEF71AFC6C
:1049B000FCF758F800B909E095490968081B002878
:1049C00001DB014600E041420129CADC00BF8F48FB
:1049D0000068401C8D4908608C480068A842BFDB15
:1049E000BDE8F08170B58E4804688E4805684FF4C4
:1049F00061714842FFF7D3FDFFF7A3FB8A480068C7
:104A0000FA307D49086089480068FA307E490860BC
:104A100087480068002850D19FED781ADFED7E0AA4
:104A200012209FED840AFEF7D2FC0020774908602F
:104A300019E006E0012017F0F3FEFCF713F800B9C7
:104A40000BE07D490968704A1268881A002801DB6A
:104A5000014600E041420A29ECDC00BF6B480068D7
:104A6000401C6A490860694800689628E1DB00201C
:104A7000664908601AE006E0012017F0D1FEFBF756
:104A8000F1FF00B90CE04FF480715E4814F0C8FCEF
:104A90000128F1D08021694814F0C2FC0028EBD035
:104AA00000BF5A480068401C5849086057480068D1
:104AB00040F20E618842DEDB8FE15D48006801282C
:104AC000FAD140F23520FFF743FB5D48006800282B
:104AD00050D15C480068B8BB5B480068A0BB5B482D
:104AE000006888BB00204949086037E01DE058484D
:104AF0000068A04209DD9FED411ADFED470A0F2053
:104B00009FED540AFEF763FC08E09FED3C1ADFEDD1
:104B1000420A0A209FED470AFEF759FC012017F0D0
:104B20007FFEFBF79FFF00B912E08021434814F09D
:104B300077FC0028DBD04048006833490968461AF2
:104B4000002E02DB304601E014E070420A28CEDC81
:104B500000BF2E480068401C2C4908602B480068A4
:104B600040F20E618842C1DB4FF47A712046FFF7B4
:104B7000EFFE32E13248006801283AD1314800683E
:104B8000B8BB31480068A0BB3048006888BB002033
:104B90001E49086069E01DE02D480068A04209DD5B
:104BA0009FED161ADFED1C0A0F209FED2A0AFEF773
:104BB0000EFC08E09FED111ADFED170A0A209FEDA9
:104BC0001D0AFEF704FC012017F02AFEFBF74AFF3E
:104BD00000B944E08021194814F022FC0028DBD001
:104BE0001548006808490968461A002E34DB30462B
:104BF00033E046E0B8000020F00300203333333FB9
:104C00000010024000000240FC030020AC03002022
:104C1000A00000206666663F0000614400000000BE
:104C2000B0010020B4010020E8030020F4030020BC
:104C3000E8000020000061C4BC0000200004024025
:104C4000A0020020A4020020A8020020AC02002044
:104C5000A40000200000E1C370420A289CDC00BFD1
:104C6000FE480068401CFD490860FC48006840F2AE
:104C70000E6188428FDB4FF47A712046FFF768FEA1
:104C8000ABE0F7480068012851D1F64800680128D8
:104C90004DD1F5480068A0BBF448006888BB0020EF
:104CA000EE49086037E01DE0F1480068A84209DAE3
:104CB0001FED2E1A5FED280A0F209FEDEE0AFEF77A
:104CC00086FB08E01FED331A5FED2D0A0A201FED69
:104CD000270AFEF77CFB012017F0A2FDFBF7C2FEBE
:104CE00000B912E08021E44814F09AFB0028DBD0E0
:104CF000E2480068E2490968461A002E02DB3046A5
:104D000001E014E070420A28CEDC00BFD3480068FE
:104D1000401CD2490860D148006840F20E618842C8
:104D2000C1DB4FF47A712846FFF712FE55E0CC48FC
:104D30000068012851D1CB48006801284DD1CA48EC
:104D40000068012849D1C948006888BB0020C349D0
:104D5000086037E01DE0C6480068A84209DA1FED88
:104D6000591A5FED530A0F209FEDC20AFEF72FFB81
:104D700008E01FED5E1A5FED580A0A201FED530A86
:104D8000FEF725FB012017F04BFDFBF76BFE00B98A
:104D900012E08021B84814F043FB0028DBD0B7486C
:104DA0000068B7490968461A002E02DB304601E068
:104DB00013E070420A28CEDC00BFA8480068401CFF
:104DC000A6490860A548006840F20E618842C1DB30
:104DD0004FF47A712846FFF7BBFD0020FEF702FA78
:104DE00070BD10B59E480068002855D19D480068E8
:104DF000002851D19C48006800284DD19B4800688C
:104E0000002849D19549086019E006E0012017F013
:104E100007FDFBF727FE00B90BE098490968984A9F
:104E20001268881A002801DB014600E041420A2985
:104E3000ECDC00BF89480068401C8849086087484E
:104E40000068FA28E1DBB6EE001A5FED8D0A052056
:104E50009FED8C0AFEF7BBFA00208049086013E042
:104E600006E0012017F0DCFCFBF7FCFD00B905E0D3
:104E70000421854814F0D4FA0028F2D000BF774806
:104E80000068401C75490860744800689628E7DB94
:104E90000020FEF7A7F97BE071480068012877D170
:104EA0007A480068002873D16C49086019E006E070
:104EB000012017F0B5FCFBF7D5FD00B90BE06F49F9
:104EC00009686F4A1268881A002801DB014600E071
:104ED00041420A29ECDC00BF60480068401C5F4981
:104EE00008605E480068FA28E1DBB6EE001A5FED64
:104EF000B60A05201FEDB10AFEF769FA00205749EE
:104F0000086014E006E0FBF7ADFD00B909E0012000
:104F100017F086FC4FF480715D4814F081FA002888
:104F2000F1D000BF4D480068401C4C4908604B4818
:104F3000006840F20E618842E4DB0020FEF752F97F
:104F4000B6EE001A5FEDCC0A05209FED4E0AFEF783
:104F50003EFA00204149086013E006E0012017F006
:104F60005FFCFBF77FFD00B905E00421464814F023
:104F700057FA0028F2D000BF38480068401C374973
:104F80000860364800689628E7DB0020FEF72AF91B
:104F900010BD3348006878B93248006860B93248BB
:104FA000006848B93148006830B93A48C07F40F0DD
:104FB00004003849C87786E02948006801281AD1DA
:104FC00028480068B8B928480068A0B92748006890
:104FD00088B950203049086030480068C01C30490A
:104FE00008602C48C07F40F008002A49C87701209B
:104FF0002C49086067E01A48006801281BD119484D
:105000000068012817D118480068A0B9174800683F
:1050100088B950202049086020480068401F204976
:1050200008601C48C07F40F040001A49C877012042
:105030001C49086047E00A480068012843D1094834
:10504000006801283FD10848006801283BD1074883
:10505000006848BB50201049086026E0AC030020DF
:10506000A0020020A4020020A8020020AC02002020
:10507000A000002000C0C1C400040240BC00002009
:10508000FC0300200000E14400100240B0020020B8
:1050900000000240040000202C0400207C010020BD
:1050A00008040020B80200200DE0F8480068401F06
:1050B000F7490860F748C07F40F01000F549C8770D
:1050C0000120F5490860704700B5FFF733F8FF206D
:1050D000F2490860F249086000BD10B5F148006867
:1050E000002865D1F0480068002861D1EF480068C9
:1050F00000285DD1EE480068002859D1F020ED4924
:105100000860ED480068E2490860E248C07F40F06E
:105110000400E049C877FFF7D7FF0020E74908609F
:1051200019E006E0012017F07BFBFBF79BFC00B9C0
:105130000BE0E3490968DA4A1268881A002801DBA3
:10514000014600E041420A29ECDC00BFDB48006870
:10515000401CDA490860D9480068FA28E1DBB6EE5D
:10516000001ADFEDD80A05209FEDD70AFEF72FF9C8
:105170000020D249086013E006E0012017F050FB40
:10518000FBF770FC00B905E00121D04814F048F9A4
:105190000028F2D000BFC9480068401CC749086019
:1051A000C64800689628E7DB0020FEF71BF886E07B
:1051B000BC4800680128FAD1C548006800287ED1A3
:1051C000F020BC490860C3480068B1490860B14894
:1051D000C07F40F01000AF49C877FFF775FF00208F
:1051E000B649086019E006E0012017F019FBFBF74B
:1051F00039FC00B90BE0B2490968A94A1268881A5B
:10520000002801DB014600E041420A29ECDC00BF36
:10521000AA480068401CA9490860A8480068FA2804
:10522000E1DBB6EE001ADFEDA70A05209FEDAA0A22
:10523000FEF7CDF80020A149086014E006E0012047
:1052400017F0EEFAFBF70EFC00B906E04FF48071A0
:10525000A24814F0E5F80028F1D000BF9748006894
:10526000401C96490860954800689628E6DBB6EE33
:10527000001ADFED940A05209FED930AFEF7A7F8C8
:1052800000208E49086013E006E0012017F0C8FAFC
:10529000FBF7E8FB00B905E001218C4814F0C0F8E9
:1052A0000028F2D000BF85480068401C8349086090
:1052B000824800689628E7DB0020FDF793FF8848C6
:1052C0000068012803D1FFF764FEFEF7AAFF10BDB6
:1052D00010B574480068002874D17348006800282D
:1052E000FAD1724800680028F6D171480068002899
:1052F000F2D1C8206F4908607A48006864490860A4
:10530000FFF7E2FE00206D49086019E006E0012089
:1053100017F086FAFBF7A6FB00B90BE068490968AD
:105320005F4A1268881A002801DB014600E041420A
:105330000A29ECDC00BF61480068401C5F49086036
:105340005E480068FA28E1DBB6EE001ADFED5D0A80
:1053500005209FED610AFEF73AF84E48C07F40F005
:1053600004004C49C87700205449086014E006E066
:10537000FBF778FB00B909E0012017F051FA4FF470
:105380008071564814F04CF80028F1D000BF4B480B
:105390000068401C494908604848006840F20E61B6
:1053A0008842E4DB0020FDF71DFFB6EE001ADFEDBA
:1053B000450A05201FEDCD0AFEF709F800203F49F8
:1053C000086015E01CE006E0012017F029FAFBF761
:1053D00049FB00B906E04FF40061404814F020F8A2
:1053E0000028F1D000BF35480068401C33490860F0
:1053F000324800689628E6DB0020FDF7F3FE94E0D3
:1054000028480068012873D13148006800286FD10E
:10541000F02028490860344800681D4908601D488C
:10542000C07F40F010001B49C877FFF74DFE0020F9
:105430002249086019E006E0012017F0F1F9FBF7B6
:1054400011FB00B90BE01E490968154A1268881A59
:10545000002801DB014600E041420A29ECDC00BFE4
:1054600016480068401C1549086014480068FA286E
:10547000E1DBB6EE001ADFED130A05209FED1B0AF3
:10548000FDF7A5FF00200D49086047E078010020E6
:105490000804002004000020B8020020F0030020CF
:1054A000FC030020A0020020A4020020A80200208B
:1054B000AC0200202C04002090010020AC0300204E
:1054C000BC00002000006144000000000004024015
:1054D000B002002094010020000061C400000240DE
:1054E000E8000020A8010020AC0100200000E144F9
:1054F0001BE006E0012017F093F9FBF7B3FA00B9BF
:1055000006E04FF40061FA4813F08AFF0028F1D05A
:1055100000BFF8480068401CF6490860F54800687C
:105520009628E6DB0020FDF75DFEF34800680128C1
:1055300007D1FFF72EFD41F6583017F071F9FEF74D
:1055400070FE10BD10B54FF461714842FFF727F8A7
:1055500040F20910FEF7FCFD0020E649086019E062
:1055600006E0012017F05CF9FBF77CFA00B90BE0CC
:10557000E2490968E24A1268881A002801DB0146FC
:1055800000E041420A29ECDC00BFDA480068401C18
:10559000D8490860D74800683228E1DBD64800685F
:1055A00000286DD1D7480068002869D1D648006826
:1055B000002865D19FEDD51A5FED3E0A12201FED40
:1055C0003A0AFDF704FF0020CA49086020E006E01F
:1055D000FBF748FA00B915E0012017F021F94FF464
:1055E0008071C34813F01CFF0028F1D0C348006845
:1055F000C3490968441A002C01DB204600E06042E0
:105600000A28E5DC00BFBB480068401CB9490860B7
:10561000B848006840F20E618842D8DB9FEDBB1AA3
:105620005FED580A0A201FED540AFDF7D0FE002056
:10563000B04908601AE006E0FBF714FA00B90FE081
:10564000012017F0EDF84021B14813F0E9FE0028E1
:10565000F2D04FF48071A64813F0E2FE0028EBD0A0
:1056600000BFA4480068401CA2490860A148006827
:1056700040F20E618842DEDB0020FDF7B3FD13E04F
:105680009D480068012802D1FEF7CBFD0CE09D4843
:105690000068012802D1FFF71BFE05E09A48006868
:1056A000012801D1FFF719FD10BD2DE9F041054694
:1056B0000E46FEF746FD97480068C01F96490860F1
:1056C00096480068C01F8E490860002415E006E077
:1056D000012017F0A5F8FBF7C5F900B90BE08749E1
:1056E0000968874A1268881A002801DB014600E031
:1056F00041420A29ECDC00BF641CFA2CE7DB9FED79
:10570000881A00EE106AF8EEC00A0C2000EE105A5B
:10571000B8EEC00AFDF75BFE00241CE006E00120A5
:1057200017F07EF8FBF79EF900B912E04FF4807194
:105730006F4813F075FE0128F1D04021744813F032
:105740006FFE0128EBD08021714813F069FE00281C
:10575000E5D000BF641C962CE0DBFCF7A8FE06E059
:10576000052017F05DF8FBF77DF900B913E0FBF7B2
:10577000AFF98046FBF77FF9071E01DB384600E0F2
:105780007842B8F1000F01DB414601E0C8F10001A9
:105790000844C828E4DB00BF0020FDF723FD782083
:1057A000604908606048006855490860002415E0B9
:1057B00006E0052017F034F8FBF754F900B90BE0C8
:1057C0004E4909684E4A1268881A002801DB0146D2
:1057D00000E041420429ECDC00BF641C322CE7DB12
:1057E00040F2DC5017F01CF8B6EE001A00EE106A1A
:1057F000F8EEC00A0F2000EE105AB8EEC00AFDF70E
:10580000E6FD40F2A46017F00BF8002416E006E075
:10581000012017F005F8FBF725F900B90CE001218C
:105820003B4813F0FDFD0128F2D04FF400613048F1
:1058300013F0F6FD0128EBD000BF641C40F21A40C3
:105840008442E4DBFA2037490860374800681E309C
:105850002B490860B6EE001A00EE106AF8EEC00A96
:105860000F2000EE105AB8EEC00AFDF7B0FD00247C
:105870000FE006E0022016F0D3FFFBF7F3F800B9C3
:1058800005E00121294813F0CBFD0128F2D000BF2B
:10589000641C40F226208442EBDB002410E006E08A
:1058A000012016F0BDFFFBF7DDF800B906E04FF46C
:1058B00000511E4813F0B4FD0128F1D000BF641C54
:1058C000B4F57A7FEBDB0020FDF78CFCFA20184959
:1058D000086018480068104908603C2011490860B9
:1058E0001148006811300649086000243AE00000C1
:1058F00000000240AC030020E8000020BC000020B3
:10590000FC030020EC000020F00000203333333F84
:1059100000040240EC030020F0030020F803002004
:10592000CDCC4C3E24040020F403002000100240A3
:1059300028040020E803002006E0012016F070FF94
:10594000FBF790F800B90BE0F6490968F64A1268CF
:10595000881A002801DB014600E041420429ECDC02
:1059600000BF641CFA2CE7DB40F2DC5016F058FF55
:105970001FED151A00EE106AF8EEC00A142000EEB2
:10598000105AB8EEC00AFDF722FD002416E006E02A
:10599000012016F045FFFBF765F800B90CE0042183
:1059A000E24813F03DFD0128F2D04FF48051E04869
:1059B00013F036FD0128EBD000BF641CFA2CE6DBA7
:1059C000FCF775FD06E0052016F02AFFFBF74AF804
:1059D00000B914E0FBF77CF88046FBF74CF8071E93
:1059E00001DB384600E07842B8F1000F01DB4146A8
:1059F00001E0C8F100010844B0F5C87FE3DB00BF57
:105A0000FEF79FFB40F20910C7490860801EC94994
:105A100008601FED3D1A00EE106AF8EEC00A0C2077
:105A200000EE105AB8EEC00AFDF7D1FC00240FE0DA
:105A300006E0012016F0F4FEFBF714F800B905E0CB
:105A40001021BA4813F0ECFC0128F2D000BF641C0E
:105A5000642CEDDB0020B8490860FDF7C3FBBDE80E
:105A6000F08110B54FF461714842FFF71EFE40F21D
:105A70000910FEF76DFB0020B049086019E006E050
:105A8000012016F0CDFEFAF7EDFF00B90BE0AC49AE
:105A90000968A84A1268881A002801DB014600E05C
:105AA00041420A29ECDC00BFA4480068401CA3491D
:105AB0000860A24800683228E1DBA248006800289C
:105AC00055D1B6EE001ADFEDA00A12209FED9F0A15
:105AD000FDF77DFC00209949086014E006E00120F4
:105AE00016F09EFEFAF7BEFF00B906E04FF4807193
:105AF0008F4813F095FC0028F1D000BF8F48006854
:105B0000401C8E4908608D480068FA28E6DBB6EE36
:105B1000001ADFED8D0A0A209FED8C0AFDF757FC75
:105B20000020864908601AE006E0012016F078FEA1
:105B3000FAF798FF00B90CE04021854813F070FC9B
:105B40000028F2D04FF48071794813F069FC0028E6
:105B5000EBD000BF79480068401C7849086077485E
:105B60000068FA28E0DB0020FDF73CFB05E0754803
:105B70000068012801D1FEF754FB10BD10B54FF4A9
:105B800061714842FFF791FDFEF7DBFA714800684A
:105B9000FA306549086070480068FA306549086065
:105BA0001FEDA61ADFED680A14209FED680AFDF7C5
:105BB0000EFC00206149086019E006E0012016F0A3
:105BC0002FFEFAF74FFF00B90BE05D490968594A0B
:105BD0001268881A002801DB014600E041420729CB
:105BE000ECDC00BF55480068401C5449086053482D
:105BF00000689628E1DB00205049086014E006E0C8
:105C0000012016F00DFEFAF72DFF00B906E04FF463
:105C10008071474813F004FC0128F1D000BF4748C9
:105C20000068401C454908604448006840F20E6125
:105C30008842E4DB1FEDCB1ADFED430A0F209FED16
:105C4000430AFDF7C4FB00203C4908601AE006E067
:105C5000052016F0E5FDFAF705FF00B90CE04FF45A
:105C60008071334813F0DCFB0128F1D080213848E3
:105C700013F0D6FB0028EBD000BF30480068401C72
:105C80002E4908602D48006840F20E618842DEDB34
:105C90000320FDF7A7FA2B48006801286BD12F4895
:105CA000006808BB2E480068F0B92E480068D8B9D3
:105CB0002D480068C0B91FEDEB1ADFED230A0A205A
:105CC0009FED2A0AFDF783FB06E0012016F0A8FDF0
:105CD000FAF7C8FE00B906E04FF48051144813F0FB
:105CE0009FFB0028F1D09DE01C48006801284CD1A2
:105CF0001B480068F0BB1B480068D8BB1A48006806
:105D0000C0BB9FED1B1ADFED100A0A209FED170A9A
:105D1000FDF75DFB31E0012016F082FDFAF7A2FEEF
:105D200050BB31E0B8000020F0030020001002401A
:105D300000000240FC03002090040020AC0300207F
:105D4000BC000020E800002000006144000061C4A5
:105D500000040240E8030020F4030020A002002019
:105D6000A4020020A8020020AC02002000000000D5
:105D70003333333F09E05CE0FFE74FF48051FC48E8
:105D800013F04EFB0028C6D04CE0FA48006801280A
:105D900021D1F948006801281DD1F8480068D0B920
:105DA000F7480068B8B91FED0E1A5FED190A0A200E
:105DB0009FEDF40AFDF70BFB06E0012016F030FD25
:105DC000FAF750FE00B905E00421EF4813F028FB74
:105DD0000028F2D026E0E7480068012822D1E648F2
:105DE000006801281ED1E548006801281AD1E4485E
:105DF0000068B8B91FED221A5FED2D0A0A209FED49
:105E0000E10AFDF7E4FA06E0012016F009FDFAF7D1
:105E100029FE00B905E00421DB4813F001FB00284E
:105E2000F2D000BF0020FDF7DDF94FF41170FEF74E
:105E30008FF90020FDF7D6F910BD70B505460E4666
:105E4000FEF77FF9D14800680A30D1490860D1488F
:105E500000680A30D0490860002415E006E00120FF
:105E600016F0DEFCFAF7FEFD00B90BE0CB4909683D
:105E7000C94A1268881A002801DB014600E0414245
:105E80000A29ECDC00BF641C322CE7DB1FED481A4A
:105E900000EE106AF8EEC00A0E2000EE105AB8EEBE
:105EA000C00AFDF794FA002422E006E0052016F06F
:105EB000B7FCFAF7D7FD00B918E04FF48071AC4891
:105EC00013F0AEFA0028F1D04021B54813F0A8FA3B
:105ED0000028EBD00121B24813F0A2FA30B94FF4F8
:105EE0000061A34813F09CFA0028DFD000BF641CB7
:105EF000B4F5FA7FD9DB0020FDF774F9A5480068F6
:105F0000401DA5490860B420A6490860A148006862
:105F1000FA30A1490860002415E006E0012016F0DF
:105F20007FFCFAF79FFD00B90BE09C4909689A4A8B
:105F30001268881A002801DB014600E04142282946
:105F4000ECDC00BF641C322CE7DB192095490860AB
:105F5000002415E006E0012016F062FCFAF782FD4D
:105F600000B90BE08D4909688B4A1268881A00282D
:105F700001DB014600E041420429ECDC00BF641C67
:105F8000322CE7DB4FF47A7016F04AFC1FED881ACA
:105F900000EE106AF8EEC00A0A2000EE105AB8EEC1
:105FA000C00AFDF714FA002410E006E0012016F004
:105FB00037FCFAF757FD00B906E04FF4005172487C
:105FC00013F02EFA0028F1D000BF641C40F2262006
:105FD0008442EADB6D480068401D6D49086000247A
:105FE00010E006E0012016F01BFCFAF73BFD00B9BB
:105FF00006E04FF48041644813F012FA0028F1D013
:1060000000BF641CB4F57A7FEBDB0020FDF7EAF8F3
:10601000C820654908605D480068FA305C4908603E
:10602000002415E006E0012016F0FAFBFAF71AFD4D
:1060300000B90BE05D490968554A1268881A0028C2
:1060400001DB014600E041422329ECDC00BF641C77
:10605000FA2CE7DB372054490860002415E006E0FD
:10606000012016F0DDFBFAF7FDFC00B90BE04F490B
:106070000968474A1268881A002801DB014600E0D7
:1060800041420F29ECDC00BF641C322CE7DB1FED22
:10609000C81A00EE106AF8EEC00A0A2000EE105A84
:1060A000B8EEC00AFDF793F906E0012016F0B8FB40
:1060B000FAF7D8FC00B905E01021334813F0B0F925
:1060C0000028F2D000BF4FF47A7016F0A9FB002030
:1060D000FDF788F870BD10B526480068002874D117
:1060E00025480068002870D12448006800286CD139
:1060F00023480068002868D101202D490860C82184
:106100002C480068FEF724FC40F23520FEF720F80A
:1061100000202949086019E006E0012016F080FB04
:10612000FAF7A0FC00B90BE01C4909681A4A12688A
:10613000881A002801DB014600E041420A29ECDC14
:1061400000BF1D480068401C1B4908601A480068D1
:10615000FA28E1DB9FED191ADFED190A07209FED00
:10616000190AFDF734F940F6C41016F059FB84E122
:1061700000000240A0020020A4020020A80200208B
:10618000AC0200200000E14400100240E8030020BF
:10619000F0030020F4030020FC030020BC000020DA
:1061A000000402402404002028040020B80000203D
:1061B000BC020020B0010020AC030020CDCCCC3DBF
:1061C0000000614400000000FFE7FE48006801286D
:1061D00046D1FD480068E8BBFC480068D0BBFC48DD
:1061E0000068B8BB0120FB490860C821FA48006874
:1061F000FEF7AEFB40F23520FDF7AAFF0020F7497D
:10620000086019E006E0012016F00AFBFAF72AFC04
:1062100000B90BE0F2490968F24A1268881A0028AE
:1062200001DB014600E041420A29ECDC00BFEB48FB
:106230000068401CE9490860E8480068FA28E1DB8A
:106240001FED221A5FED220A08201FED220AFDF73A
:10625000BEF800E004E040F6C41016F0E1FA0CE1EC
:10626000D848006801287CD1D748006801287ED131
:10627000D648006800287AD1D5480068002876D131
:1062800040F20910FDF764FFB6EE001A5FED340A24
:106290000A209FEDD50AFDF79AF80020CF49086043
:1062A00020E006E0012016F0BBFAFAF7DBFB00B9AC
:1062B00012E04FF48071CD4813F0B2F80028F1D00D
:1062C000C7480068C7490968441A002C01DB20460A
:1062D00000E060420A28E5DC00BFC0480068401CBE
:1062E000BE490860BD480068FA28DADBC821BA4810
:1062F0000068FEF72DFB0A20FCF774FF0120B5496A
:10630000086040F23520FDF723FF0020B349086004
:1063100019E006E0012016F083FAFAF7A3FB00B9B2
:106320000BE0AF490968AF4A1268881A002801DB00
:10633000014600E041420A29ECDC00BFA7480068A2
:10634000401CA6490860A5480068FA28E1DB1FED5B
:10635000651A5FED650A08201FED660AFDF737F83C
:1063600000E004E040F6C41016F05AFA85E09548C3
:10637000006801287ED19448006801287DD19348A7
:106380000068012879D192480068002875D140F250
:106390000910FDF7DDFEB6EE001A5FED770A0A2060
:1063A0009FED910AFDF713F800208C49086020E06A
:1063B00006E0012016F034FAFAF754FB00B912E0B7
:1063C0004FF48071894813F02BF80028F1D08448ED
:1063D000006884490968441A002C01DB204600E06B
:1063E00060420A28E5DC00BF7C480068401C7B490D
:1063F00008607A480068FA28DADBC8217648006825
:10640000FEF7A6FA0A20FCF7EDFE012071490860AC
:1064100040F23520FDF79CFE00207049086019E02D
:1064200006E0012016F0FCF9FAF71CFB00B90BE0BE
:106430006B4909686B4A1268881A002801DB01461B
:1064400000E041420A29ECDC00BF64480068401CBF
:106450006249086061480068FA28E1DB1FEDA91A6B
:106460005FEDA90A07201FEDA90AFCF7B0FF40F66F
:10647000C41000E001E016F0D3F90020FCF7B2FEF2
:1064800010BD10B54FF461714842FFF7D6FC584873
:10649000006800286ED15748006800286AD1564825
:1064A0000068002866D140F20910FDF751FE9FED0B
:1064B000531A5FEDBD0A14209FED4B0AFCF787FFCE
:1064C00000204649086020E006E0FAF7CBFA00B960
:1064D00015E0012016F0A4F94FF48071434812F042
:1064E0009FFF0028F1D03E4800683E490968441AE1
:1064F000002C01DB204600E060420A28E5DC00BFFA
:1065000036480068401C354908603448006840F24D
:106510000E618842D8DB9FED391A5FEDD70A0A2059
:106520009FED310AFCF753FF00202C4908601AE068
:1065300006E0FAF797FA00B90FE0012016F070F9BB
:1065400040212F4812F06CFF0028F2D04FF48071E8
:10655000264812F065FF0028EBD000BF1F480068F6
:10656000401C1E4908601D48006840F20E618842C8
:10657000DEDB05E020480068012801D1FFF7ABFD14
:106580000020FCF72FFE10BD10B54FF4617148429A
:10659000FFF753FC16480068002866D115480068CC
:1065A000002862D11448006858B940F20910FDF77C
:1065B000CFFD9FED121ADFED130A0F209FED0A0A9F
:1065C00022E052E0A0020020A4020020A802002045
:1065D000AC020020BC020020B0010020AC0300206F
:1065E000BC000020FC030020000061C40000024049
:1065F000E8000020EC000020F0000020CDCC4C3F53
:106600000004024000006144FCF7E1FE0020FE4966
:10661000086020E006E0FAF725FA00B915E001204D
:1066200016F0FEF84FF48071F84812F0F9FE0028D9
:10663000F1D0F7480068F7490968441A002C01DBDB
:10664000204600E060420A28E5DC00BFEE48006812
:10665000401CED490860EC48006840F20E61884239
:10666000D8DB0020FCF7BEFD0CE0EB4800680128F9
:1066700002D1FEF72DFE05E0E8480068012801D1AF
:10668000FEF72BFD10BD2DE9F04104460D4600201C
:10669000DD4908603BE02AE0E1480068071B384616
:1066A000FEF73BF90646DE480068001B002809DDBE
:1066B0009FEDDC1A5FED2D0A30469FEDDB0AFCF7FB
:1066C00086FE10E0D6480068001B09D59FEDD51A5C
:1066D0005FED340A30469FEDD50AFCF778FE02E004
:1066E0000020FCF77FFDFAF7BDF900B909E0CC49BD
:1066F0000968081B002801DB014600E0414201292E
:10670000CADC00BFC0480068401CBF490860BE48E2
:106710000068A842BFDBBDE8F08110B54FF42F70D0
:10672000FDF716FD0020B849086019E006E00120D9
:1067300016F076F8FAF796F900B90BE0B449096853
:10674000B44A1268881A002801DB014600E0414281
:106750000A29ECDC00BFAC480068401CAA4908606C
:10676000A94800689628E1DBFEF713FC0020A64943
:10677000086011E006E0012016F052F8FAF772F90D
:1067800000B903E0A6480068DC28F4DB00BF9E489F
:106790000068401C9C4908609B48006840F21A4110
:1067A0008842E7DBA2490968A1F10A004FF47A7137
:1067B000FFF769FF9FED9F1A5FED6E0A06201FED40
:1067C000760AFCF704FE00208F49086013E006E01B
:1067D000012016F025F8FAF745F900B905E0802107
:1067E000954812F01DFE0028F2D000BF86480068D0
:1067F000401C854908608448006840F21A4188427C
:10680000E5DB0A20FCF7EEFC8C480068012827D164
:106810008B48006801280FD18A48006860B98A480F
:10682000006848B98948006830B94FF47A718048E7
:106830000068FFF728FF13E08148006801280FD1A6
:106840008048006801280BD17F48006840B97F4824
:10685000006828B94FF47A717D480068FFF713FF8C
:106860009FED741A5FED990A06201FEDA10AFCF74F
:10687000AEFD00206449086013E006E0012015F039
:10688000CFFFFAF7EFF800B905E080216A4812F06F
:10689000C7FD0028F2D000BF5B480068401C5A4981
:1068A00008605948006840F21A418842E5DB4FF41D
:1068B000FA6015F0B5FF0020FCF794FC10BD10B590
:1068C0004FF42F70FDF744FC00204F49086019E099
:1068D00006E0012015F0A4FFFAF7C4F800B90BE0B8
:1068E0004B4909684B4A1268881A002801DB0146A7
:1068F00000E041420A29ECDC00BF43480068401C2C
:1069000041490860404800689628E1DBFEF741FBFA
:1069100000203D49086011E006E0012015F080FFED
:10692000FAF7A0F800B903E04A480068E628F4DB6B
:1069300000BF35480068401C334908603248006891
:1069400040F21A418842E7DB4FF47A71424800680E
:106950000A30FFF798FE0020FCF744FC1FEDD91A1F
:106960005FEDD80A06201FEDE00AFCF730FD00209D
:106970002549086013E006E0012015F051FFFAF701
:1069800071F800B905E080212B4812F049FD00287C
:10699000F2D000BF1C480068401C1B4908601A4820
:1069A000006840F21A418842E5DB0A20FCF71AFC35
:1069B00022480068012855D12148006801280FD1DC
:1069C0002048006860B92048006848B91F4800683E
:1069D00030B94FF47A7121480068FFF754FE41E066
:1069E0001748006801283DD116480068012839D1B0
:1069F0001548006838B91548006820B94FF47A7115
:106A0000154800682CE02DE0AC0300200000024097
:106A1000BC000020FC030020EC000020F00000205F
:106A2000A40000206666663F0000E144000000000C
:106A3000C8010020CDCC4C3E00040240E8000020FC
:106A4000A0020020A4020020A8020020AC02002026
:106A5000CC010020A0000020E4010020E80100207B
:106A6000FFF711FE0020FCF7BDFB9FEDF91ADFEDEB
:106A7000F90A06209FEDF80AFCF7A9FC0020F74967
:106A8000086013E006E0012015F0CAFEF9F7EAFFFE
:106A900000B905E08021F24812F0C2FC0028F2D0D3
:106AA00000BFEE480068401CEC490860EB480068F5
:106AB00040F21A418842E5DB4FF4FA6015F0B0FE6F
:106AC0000020FCF78FFB10BD10B5FEF762FA002026
:106AD000E249086012E006E0012015F0A1FEF9F796
:106AE000C1FF00B904E0DF480068B0F5BE7FF3DB0A
:106AF00000BFDA480068401CD8490860D7480068E1
:106B000040F21A418842E6DBD7480068012831D1BB
:106B10004FF47A71D5480068FFF7B5FD9FEDCC1AA8
:106B2000DFEDCC0A06209FEDCC0AFCF750FC0020DC
:106B3000CA49086013E006E0012015F071FEF9F77C
:106B400091FF00B905E08021C54812F069FC0028DA
:106B5000F2D000BFC1480068401CC0490860BF486F
:106B6000006840F21A418842E5DB4FF4FA6015F004
:106B700057FE1AE0BC480068B8B9BD48006840B983
:106B8000BA490968A1F10F004FF47A71FFF77BFD54
:106B90000BE0B7480068012807D1B6490968A1F1A0
:106BA0000A004FF47A71FFF76EFD0120B2490860C8
:106BB0000020FCF717FB10BD10B5FEF7EAF9002026
:106BC000A649086012E006E0012015F029FEF9F759
:106BD00049FF00B904E0A9480068B0F5B47FF3DBD1
:106BE00000BF9E480068401C9C4908609B480068A4
:106BF00040F21A418842E6DB9B480068012831D107
:106C00004FF47A7199480068FFF73DFD9FED9C1A9B
:106C1000DFED900A06209FED900AFCF7D8FB0020DC
:106C20008E49086013E006E0012015F0F9FDF9F740
:106C300019FF00B905E08021894812F0F1FB002816
:106C4000F2D000BF85480068401C84490860834832
:106C5000006840F21A418842E5DB4FF4FA6015F013
:106C6000DFFD19E080480068B0B98648006840B987
:106C70007E490968A1F10F004FF47A71FFF703FD17
:106C80000AE080480068012806D14FF47A717E48F6
:106C900000680A30FFF7F7FC0A20FCF7A3FA01208E
:106CA0007549086010BD10B57848C07F40F00400F9
:106CB0007649C8774FF4FA6015F0B2FD7348C07F8B
:106CC00040F008007149C8774FF4FA6015F0A8FD4C
:106CD0006E48C07F40F040006C49C8774FF4FA60BE
:106CE00015F09EFD6948C07F40F010006749C877E5
:106CF0004FF4FA6015F094FD10BD2DE9F041054602
:106D00000E46FDF71EFA624800680A3061490860C5
:106D1000614800680A3061490860002415E006E017
:106D2000012015F07DFDF9F79DFE00B90BE05C49EF
:106D300009685A4A1268881A002801DB014600E0F7
:106D400041420829ECDC00BF641C322CE7DB9FEDDC
:106D5000551A00EE106AF8EEC00A0C2000EE105A28
:106D6000B8EEC00AFCF733FB00241BE006E0052068
:106D700015F056FDF9F776FE00B911E040213848CC
:106D800012F04EFB0028F2D00121354812F048FBEA
:106D9000012805D1C102444812F042FB0128E6D087
:106DA00000BF641CFA2CE1DB40F6980015F038FDBA
:106DB00039480068401D39490860B6EE001A00EEF7
:106DC000106AF8EEC00A0A2000EE105AB8EEC00AA7
:106DD000FCF7FDFAFBF76BFB06E0012015F020FD48
:106DE000F9F740FE00B914E0F9F772FE8046F9F7B2
:106DF00042FE071E01DB384600E07842B8F1000F82
:106E000001DB414601E0C8F100010844B0F5FA7F1A
:106E1000E3DB00BF0020FCF7E5F9DC202349086034
:106E2000234800680A381D490860002447E006E04E
:106E3000012015F0F5FCF9F715FE00B93DE0184901
:106E40000968164A1268881A002833DB014632E0C6
:106E5000CDCC4C3F00006144000061C4AC03002075
:106E600000040240A4000020E8000020D00100201F
:106E700054020020C8010020F4000020A0000020DF
:106E80009A99193F58020020E401002004000020D4
:106E9000E8030020F0030020F4030020FC0300209E
:106EA000BC0000203333333F0000024024040020A4
:106EB000F803002041426429BADC00BF641C322C74
:106EC000B5DB2820FB490860002415E006E001201E
:106ED00015F0A6FCF9F7C6FD00B90BE0F649096804
:106EE000F64A1268881A002801DB014600E0414298
:106EF0000529ECDC00BF641C322CE7DB4FF47A7010
:106F000015F08EFCB6EE001A00EE106AF8EEC00A1C
:106F10000A2000EE105AB8EEC00AFCF758FA002416
:106F200010E006E0012015F07BFCF9F79BFD00B9AD
:106F300006E04FF40051E24812F072FA0028F1D056
:106F400000BF641C40F226208442EADBDD48006872
:106F5000401DDD490860002416E006E0012015F020
:106F60005FFCF9F77FFD00B90CE04FF48051D74882
:106F700012F056FA0028F1D00421D14812F050FA4C
:106F80000028EBD000BF641CB4F57A7FE5DB40F24B
:106F9000DC5015F045FC0020FCF724F9C820CC4952
:106FA0000860CC4800680A38C7490860002415E02A
:106FB00006E0012015F034FCF9F754FD00B90BE0B0
:106FC000C5490968C04A1268881A002801DB0146D1
:106FD00000E041426429ECDC00BF641CFA2CE7DBD2
:106FE0003220BB490860002415E006E0012015F0BE
:106FF00017FCF9F737FD00B90BE0B7490968B24A49
:107000001268881A002801DB014600E041420A2983
:10701000ECDC00BF641CFA2CE7DBB6EE001A00EED5
:10702000106AF8EEC00A0A2000EE105AB8EEC00A44
:10703000FCF7CDF900240FE006E0012015F0F0FB8D
:10704000F9F710FD00B905E010219D4812F0E8F9AC
:107050000028F2D000BF641C962CEDDB40F2DC501F
:1070600015F0DEFB0020FCF7BDF8BDE8F0812DE94E
:10707000F05F82460D4614461E46DDE90B9BDDF8A7
:10708000288096490968881B002801DB014600E03A
:10709000414201FB0BF74F4500DD4F468F4800682A
:1070A000801B404510DAE81B00EE900AF8EEE00A7B
:1070B000B0EE600AB6EE001A00EE904AF8EEE00A72
:1070C0005046FCF784F922E084480068801B404564
:1070D00010DDE81900EE900AF8EEE00AB0EE600A62
:1070E000B6EE001A00EE904AF8EEE00A5046FCF7C1
:1070F0006EF90CE0B6EE001A00EE104AF8EEC00A87
:10710000504600EE105AB8EEC00AFCF760F9BDE830
:10711000F09F2DE9F05F82460D4614461E46DDE9DC
:107120000B9BDDF828806D490968881B002801DB6E
:10713000014600E0414201FB0BF74F4500DD4F46A1
:1071400066480068801B404510DAE81900EE900A96
:10715000F8EEE00AB0EE600AB6EE001A00EE904AD1
:10716000F8EEE00A5046FCF732F922E05B4800688E
:10717000801B404510DDE81B00EE900AF8EEE00AA7
:10718000B0EE600AB6EE001A00EE904AF8EEE00AA1
:107190005046FCF71CF90CE0B6EE001A00EE104A5F
:1071A000F8EEC00A504600EE105AB8EEC00AFCF7DE
:1071B0000EF9BDE8F09F2DE9F05F82460D461446BA
:1071C0001E46DDE90B9BDDF8288045490968881BD0
:1071D000002801DB014600E0414201FB0BF74F456F
:1071E00000DD4F463E480068801B404510DAE81B32
:1071F00000EE900AF8EEE00AB0EE600A9FED391A50
:1072000000EE904AF8EEE00A5046FCF7E0F822E083
:1072100033480068801B404510DDE81900EE900AF5
:10722000F8EEE00AB0EE600A9FED2E1A00EE904AEA
:10723000F8EEE00A5046FCF7CAF80CE09FED291A78
:1072400000EE104AF8EEC00A504600EE105AB8EEB2
:10725000C00AFCF7BCF8BDE8F09F2DE9F05F82465C
:107260000D4614461E46DDE90B9BDDF828801C49BF
:107270000968881B002801DB014600E0414201FB50
:107280000BF74F4500DD4F4615480068801B404511
:107290002ADAE81900EE900AF8EEE00AB0EE600A89
:1072A0009FED101A00EE904AF8EEE00A5046FCF707
:1072B0008EF83CE024040020BC000020FC030020E9
:1072C00000100240E8030020F0030020000002400C
:1072D00028040020EC030020B8000020A4000020B7
:1072E000A00000209A99993EF7480068801B40450D
:1072F00010DDE81B00EE900AF8EEE00AB0EE600A3E
:107300001FED081A00EE904AF8EEE00A5046FCF72E
:107310005EF80CE01FED0D1A00EE104AF8EEC00A00
:10732000504600EE105AB8EEC00AFCF750F8BDE81F
:10733000F09F2DE9F05F82460D4614461E46DDE9BA
:107340000B9BDDF82880E1490968881B002801DBD8
:10735000014600E0414201FB0BF74F4500DD4F467F
:10736000DA480068801B404510DAE81B00EE900AFE
:10737000F8EEE00AB0EE600A9FEDD51A00EE904AF2
:10738000F8EEE00A5046FCF722F822E0CF48006809
:10739000801B404510DDE81900EE900AF8EEE00A87
:1073A000B0EE600A9FEDCA1A00EE904AF8EEE00ACD
:1073B0005046FCF70CF80CE09FEDC61A00EE104AA0
:1073C000F8EEC00A504600EE105AB8EEC00AFBF7BD
:1073D000FEFFBDE8F09F2DE9F05F82460D461446A2
:1073E0001E46DDE90B9BDDF82880BB490968881B38
:1073F000002801DB014600E0414201FB0BF74F454D
:1074000000DD4F46B4480068801B404510DAE81B99
:1074100000EE900AF8EEE00AB0EE600A9FEDAC1ABA
:1074200000EE904AF8EEE00A5046FBF7D0FF22E06B
:10743000A9480068801B404510DDE81900EE900A5D
:10744000F8EEE00AB0EE600A9FEDA11A00EE904A55
:10745000F8EEE00A5046FBF7BAFF0CE09FED9C1AED
:1074600000EE104AF8EEC00A504600EE105AB8EE90
:10747000C00AFBF7ACFFBDE8F09F3EB5FCF761FE2C
:107480004FF48770954908604FF48C7094490860F8
:107490001E210020FBF791FF00240DE006E00520EF
:1074A00015F0BEF9F9F7DEFA00B103E0874800688D
:1074B0002828F4DC00BF641C40F226208442EDDB67
:1074C0001E210020FBF779FF00240DE006E00520D7
:1074D00015F0A6F9F9F7C6FA00B103E07B48006899
:1074E0004628F4DB00BF641C40F226208442EDDB1A
:1074F0001E210020FBF761FF00240DE006E00520BF
:1075000015F08EF9F9F7AEFA00B103E06F480068A4
:107510003228F4DC00BF641C40F226208442EDDBFC
:107520000020FBF75FFE002419E012E01E20C821B6
:1075300002222023CDE900210290002269493C204B
:10754000FFF7F7FE052015F06BF9F9F78BFA00B19C
:1075500003E05D4800686428E8DC00BF641C40F27A
:1075600026208442E1DB002419E012E01E20C8211D
:1075700002222023CDE90021029000225949142043
:10758000FFF7D7FE052015F04BF9F9F76BFA00B1BC
:1075900003E04D4800680F28E8DC00BF641C40F29F
:1075A00026208442E1DB0020FBF71CFE3EBD3EB5F9
:1075B000FCF7C7FD4FF48770484908604FF48C70A2
:1075C000474908601E210020FBF7F7FE00240DE06C
:1075D00006E0052015F024F9F9F744FA00B103E0BC
:1075E0003A4800682828F4DC00BF641C40F22620DA
:1075F0008442EDDB1E210020FBF7DFFE00240DE0BE
:1076000006E0052015F00CF9F9F72CFA00B103E0BB
:107610002E4800684628F4DB00BF641C40F2262098
:107620008442EDDB1E210020FBF7C7FE00240DE0A5
:1076300006E0052015F0F4F8F9F714FA00B103E0BC
:10764000224800683228F4DC00BF641C40F2262087
:107650008442EDDB0020FBF7C5FD002419E012E0B9
:107660001E20C82102222023CDE900210290002201
:107670001C493C20FFF75DFE052015F0D1F8F9F715
:10768000F1F900B103E0104800686428E8DC00BFAD
:10769000641C40F226208442E1DB00242AE023E03F
:1076A0001E20C82102222023CDE9002102900022C1
:1076B0000C491420FFF73DFE052015F0B1F8F9F74D
:1076C000D1F988B114E00000A00000209C00002047
:1076D0003333333FB81E453F98000020F0030020AD
:1076E000FC0300207CFCFFFFFE4800680F28D7DC6D
:1076F00000BF641C40F226208442D0DB0020FBF750
:1077000071FD3EBDF848C07F40F00100F649C877E2
:107710000846C07F00F0FD00C8777047F248C07F80
:1077200040F00200F049C8770846C07F00F0FE0034
:10773000C8777047EC48C07F00F0FD00EA49C87781
:107740000846C07F00F0FE00C8777047E7484078E1
:1077500000F0100088B3E548407800F0020060BBFC
:10776000E248C07948BBE148807930BBE048006816
:10777000E0490968884221DDDC48407800F00100DA
:1077800058B1DD4800681438D9490968884204DDD9
:107790003220D54981F8270003E01420D24981F82E
:1077A00027000120D04981F82600D1480068D3493C
:1077B00008600120D24908603EE0FFE7CB484078EE
:1077C00000F0080088B3C948407800F0020060BBB0
:1077D000C648C07948BBC548807930BBC4480068FA
:1077E000C5490968884221DAC048407800F00100A4
:1077F00058B1BF480168BF4800681430814204DDB9
:107800003220B94981F8270003E01420B64981F8F5
:1078100027000020B44981F82600B5480068B74920
:1078200008600120B649086006E0FFE70020B4497F
:107830000860AD4981F827007047AC48407800F0F7
:10784000400070B3A948407800F0020048BBA74848
:10785000C07930BBA548807918BBAA480068AA49FE
:10786000096888421EDAA148407800F0010050B152
:10787000A4480168A54800681430814203DD9620C1
:107880009949C87602E046209749C8760120964972
:1078900088769C4800689E49086001209D490860E0
:1078A00037E0FFE79148407800F0800070B38F48E0
:1078B000407800F0020048BB8C48C07930BB8B4850
:1078C000807918BB8F4800689049096888421DDD9F
:1078D0008648407800F0010050B18B4800681438A9
:1078E00088490968884203DD96207F49C87602E00E
:1078F00046207D49C87600207B498876814800680B
:107900008349086001208349086002E00020814922
:10791000086070477548407800F0200088B37348CD
:10792000407800F0020060BB7048C07948BB6F48E7
:10793000807930BB7848006878490968884221DD41
:107940006A48407800F0010058B175480068143862
:1079500071490968884204DD9620634981F82B004B
:1079600003E06420604981F82B0000205E4981F823
:107970002A00694800686B49086001206A4908606C
:107980003BE0FFE75948407800F0040088B35748CF
:10799000407800F0020060BB5448C07948BB5348AF
:1079A000807930BB5C4800685D490968884221DA0B
:1079B0004E48407800F0010058B1574801685748D8
:1079C00000681430814204DD9620474981F82B007D
:1079D00003E06420444981F82B000120424981F8EA
:1079E0002A004D4800684F49086001204E49086050
:1079F00003E0FFE700204C490860704710B50446DB
:107A0000FFF78CFE384890F8230000F0EF0036496D
:107A100081F8230043F6982014F002FFFFF772FE6E
:107A200041F6583014F0FCFE4FF480513F4811F0FD
:107A3000F7FC01283CD1601D3049086040F6B830A1
:107A400014F0EEFEFFF76AFE274890F8230000F0DE
:107A5000EF00254981F8230043F6982014F0E0FE5A
:107A6000FFF750FE41F6583014F0DAFE4FF4805123
:107A70002E4811F0D5FC01281AD1601F1F4908605B
:107A800040F6B83014F0CCFEFFF748FE164890F8E8
:107A9000230000F0EF00144981F8230043F69820FA
:107AA00014F0BEFEFFF72EFE41F6583014F0B8FE7B
:107AB000A4F114001149086010BD10B54FF46171B4
:107AC0004842FFF71AF99FED1A1ADFED1A0A0A2049
:107AD0009FED190AFBF77BFC4FF47A6014F0A0FECF
:107AE00000202BE0A000002004000020530800200C
:107AF000B00000200004002004040020080400203E
:107B000088040020C0000020100400200C04002085
:107B1000140400208C040020C4000020180400205D
:107B20001C040020200400209004002000000240DB
:107B3000CDCC4C3F00006144000061C4FBF752FB18
:107B40000020FB4908600120FA49086010BD10B50B
:107B50004FF461714842FEF770F91FED0B1A5FEDAB
:107B60000B0A0A201FED0C0AFBF731FC4FF47A6078
:107B700014F056FE0020FBF735FB0020EC490860AE
:107B80000120EC49086010BD10B50020FBF72AFB6E
:107B9000FBF76EF8FCF7CEFA4FF48C70E6490860FC
:107BA000E6490860C820E6490860E6480068E649FA
:107BB0000860C820E5490860E5480068E5490860B4
:107BC0006420E5490860E5480068E5490860E54843
:107BD000C07F00F07F00E349C8770846C07F00F00F
:107BE000DF00C877084690F8230000F0FE0081F817
:107BF00023000846C07F00F0F700C8770846C07F22
:107C000000F0BF00C8770846C07F00F0EF00C877DB
:107C10000846C07F00F0FB00C877F8F723FF10BDCF
:107C200010B50020FBF7DEFAFBF722F8FCF782FA2A
:107C3000F720C1490860C14908606420C64908604E
:107C4000C6480068C6490860C648C07F00F07F008B
:107C5000C449C8770846C07F00F0DF00C8770846EF
:107C6000C07F00F0F700C8770846C07F00F0BF0073
:107C7000C8770846C07F00F0EF00C8770846C07F8D
:107C800000F0FB00C87710BD70B50446B648056823
:107C9000A54220DA6420B0490860B14804600020A1
:107CA000B249086012E006E0012014F0B9FDF8F7CF
:107CB000D9FE00B904E0E01EAB4909688842F3DC54
:107CC00000BFAA480068401CA8490860A74800688F
:107CD0003228E8DB21E0A5421FDD64209E490860D0
:107CE0009F4804600020A149086012E006E00120DE
:107CF00014F096FDF8F7B6FE00B904E09A48016862
:107D0000E01C8142F3DC00BF98480068401C9749A2
:107D10000860964800683228E8DB70BD10B5002086
:107D2000924908603CE027E04FF40061904811F070
:107D300077FB48B901218F4811F072FB20B905216A
:107D40008D48FBF73AFB10E04FF40051894811F0E1
:107D500067FB50B94FF40061884811F061FB20B90E
:107D600005214FF46170FBF728FB012014F058FD4A
:107D7000F8F778FE00B90DE04FF400617C4811F08F
:107D80004FFB0028D0D04FF400517A4811F048FB47
:107D90000028C9D000BF75480068401C73490860BE
:107DA00072480068B0F5FA7FBDDB4FF4966014F0BE
:107DB00037FD0020FBF716FA10BD10B500206B4907
:107DC000086031E01CE04FF40061694811F028FBC5
:107DD00020B905210020FBF7F0FA0AE04FF400512A
:107DE000644811F01DFB20B905214FF4E160FBF759
:107DF000E4FA012014F014FDF8F734FE00B90DE0A8
:107E00004FF400615A4811F00BFB0028DBD04FF40F
:107E10000051584811F004FB0028D4D000BF53484B
:107E20000068401C5149086050480068B0F5FA7F6E
:107E3000C8DB4FF4966014F0F3FC0020FBF7D2F996
:107E400010BD10B500204949086031E01CE04FF436
:107E50000061474811F0E4FA28B905214FF4E160C8
:107E6000FBF7ABFA09E04FF40051424811F0D8FAA1
:107E700018B905210020FBF7A0FA012014F0D0FC6E
:107E8000F8F7F0FD00B90DE04FF40061384811F04B
:107E9000C7FA0028DBD04FF40051364811F0C0FA81
:107EA0000028D4D000BF31480068401C2F4908602A
:107EB0002E480068B0F5FA7FC8DB4FF4FA7014F072
:107EC000AFFC0020FBF78EF910BD10B52C48006800
:107ED000012802D1FFF7B5FF0CE02A48006801280D
:107EE00002D1FFF76AFF05E027480068012801D1A9
:107EF000FFF714FF10BD70B52DED068B00BF0025F8
:107F00001848C07F40F004001649C8770846C07F73
:107F100040F08000C877FA20094908601B480068D3
:107F20006E30094908600020104908604BE00000ED
:107F300088020020B4020020F0030020FC0300208F
:107F400034040020C0010020200400203004002060
:107F5000BC010020140400202C0400207801002023
:107F60000804002004000020B0000020AC03002022
:107F7000000C0240000402407CFCFFFF00000240B5
:107F8000EC000020F0000020E80000201804002091
:107F900008E0012014F044FCF8F764FD10B9BDECD2
:107FA000068B70BDFE490968FE4A1268881A0028CF
:107FB00001DB014600E041420A29EADCFA48006898
:107FC000401CF9490860F84800683228E0DB0020CE
:107FD000F549086013E006E0012014F021FCF8F7F1
:107FE00041FD00B9DBE74FF40061F04811F018FAE9
:107FF0000128F1D0EC480068401CEB490860EA48D1
:10800000006840F226218842E5DBFFF787FEFA2070
:10801000E7490860E74800683030E249086041F607
:10802000583014F0FDFB0020DF49086046E032E0E4
:10803000FA20DF490860DF4800686E30D9490860DF
:1080400006E0012014F0ECFBF8F70CFD00B90BE0A2
:10805000D3490968D34A1268881A002801DB01460F
:1080600000E041420529ECDC00BF4FF47A7014F0C7
:10807000D7FBFFF72AFF9620CD490860CD4800685E
:108080002830C849086041F6583014F0C9FBF8F7A9
:10809000E9FC00B90CE0C2490A68C64909683031F8
:1080A000501A002801DB014600E041420A29BFDCEA
:1080B00000BFBD480068401CBB490860BA48006862
:1080C000B0F5FA7FB3DB4FF4FA6014F0A9FBBA48BD
:1080D000C07F00F0FB00B849C8774FF47A7014F005
:1080E0009FFBB548C07F00F07F00B349C877FA20F6
:1080F000AF490860B1480068AA4908600020AA4951
:10810000086031E006E0012014F08AFBF8F7AAFCD1
:1081100000B944E7A9490968A64A1268881A15F007
:1081200088F941EC1A0B9FEDA60B53EC102B15F0C0
:1081300011F941EC180B9A4800689A490968441AE9
:10814000002C01DB214600E06142084615F071F980
:1081500041EC190B53EC182B15F0AEF9D3D3924820
:108160000068401C904908608F4800683228C9DBCD
:108170004FF40061944811F053F9012806D14103EE
:108180008A4811F04DF9012800D1012525B1F8F7F1
:1081900069FC00287FF4B3AE00BF00E710B540F6DD
:1081A000AC5014F03DFB00207F4908603CE027E024
:1081B0004FF480617D4811F033F948B901217B48C3
:1081C00011F02EF920B905218048FBF7F6F810E0F0
:1081D0004FF40041754811F023F950B94FF4006194
:1081E0007B4811F01DF920B905214FF46170FBF7B0
:1081F000E4F8052014F014FBF8F734FC00B90DE0A6
:108200004FF48061694811F00BF90028D0D04FF489
:108210000041664811F004F90028C9D000BF624847
:108220000068401C604908605F480068B0F5FA7F4C
:10823000BDDB4FF4966014F0F3FA0020FAF7D2FF9A
:1082400010BD10B500205849086031E01CE04FF423
:108250008061564811F0E4F820B905210020FBF7B1
:10826000ACF80AE04FF40041504811F0D9F820B9B9
:1082700005214FF4E160FBF7A0F8012014F0D0FADB
:10828000F8F7F0FB00B90DE04FF48061474811F0BA
:10829000C7F80028DBD04FF40041444811F0C0F883
:1082A0000028D4D000BF40480068401C3E49086008
:1082B0003D480068B0F5FA7FC8DB4FF4966014F0D3
:1082C000AFFA0020FAF78EFF10BD10B50020364936
:1082D000086031E01CE04FF48061344811F0A0F8F0
:1082E00028B905214FF4E160FBF767F809E04FF486
:1082F00000412E4811F094F818B905210020FBF731
:108300005CF8012014F08CFAF8F7ACFB00B90DE032
:108310004FF48061254811F083F80028DBD04FF43A
:108320000041224811F07CF80028D4D000BF1E483C
:108330000068401C1C4908601B480068B0F5FA7FC3
:10834000C8DB4FF4966014F06BFA0020FAF74AFF8E
:1083500010BD10B51F480068012802D1FFF7B5FF16
:108360000CE01D480068012802D1FFF76AFF05E014
:108370001A480068012801D1FFF710FF10BD70B541
:108380002DED068B00BF00250B48C07F40F0080094
:108390000949C8770846C07F40F02000C8771FE031
:1083A000C400002020040020AC0300200004024090
:1083B000340400201804002004000020C001002024
:1083C000000000000000F83F000C02407CFCFFFFB2
:1083D00000000240EC000020F0000020E800002037
:1083E000FA20FA490860FA4800684638F9490860F6
:1083F0000020F94908601AE008E0012014F010FAA2
:10840000F8F730FB10B9BDEC068B70BDF349096875
:10841000F04A1268881A002801DB014600E0414258
:108420000A29EADCEC480068401CEB490860EA488D
:1084300000683228E0DB0020E749086013E006E02E
:10844000012014F0EDF9F8F70DFB00B9DBE74FF46C
:108450000041E34810F0E4FF0128F1D0DE48006855
:10846000401CDD490860DC4800683228E7DBFFF784
:1084700095FEFA20D5490860D54800682338D549CB
:10848000086041F6583014F0CBF90020D24908605A
:1084900056E042E0FA20CD490860CD4800684638F1
:1084A000CC4908600020CC49086019E006E00120B2
:1084B00014F0B6F9F8F7D6FA00B90BE0C749096825
:1084C000C44A1268881A002801DB014600E04142D4
:1084D0000529ECDC00BFC0480068401CBE490860AC
:1084E000BD4800683228E1DB4FF47A7014F098F947
:1084F000FFF72FFF3220B5490860B54800682338E0
:10850000B449086041F6583014F08AF9012014F09B
:1085100087F9F8F7A7FA00B90CE0AD4909682339E3
:10852000AE4A1268501A002801DB014600E04142C1
:108530000529AFDC00BFA8480068401CA6490860B8
:10854000A54800683228A4DB4FF47A7014F068F96B
:10855000A448C07F00F0F700A249C8774FF47A70B2
:1085600014F05EF99F48C07F00F0DF009D49C87796
:108570009620964908609C4800689649086000204B
:108580009549086031E006E0012014F049F9F8F758
:1085900069FA00B937E794490968944A1268881A59
:1085A00014F047FF41EC1A0B1FED7B0B53EC102B23
:1085B00014F0D0FE41EC180B884800688549096822
:1085C000441A002C01DB214600E06142084614F009
:1085D00030FF41EC190B53EC182B14F06DFFD3D383
:1085E0007D480068401C7C4908607B480068322850
:1085F000C9DB4FF480617E4810F012FF012806D1DC
:10860000C1037B4810F00CFF012800D1012525B1E2
:10861000F8F728FA00287FF4B6AE00BFF3E610B5ED
:1086200000206D4908603CE027E04FF480616C4811
:1086300010F0F6FE48B901216D4810F0F1FE20B9A6
:1086400005216C48FAF7B9FE10E04FF480516848F4
:1086500010F0E6FE50B94FF40061674810F0E0FEFC
:1086600020B905214FF46170FAF7A7FE012014F03C
:10867000D7F8F8F7F7F900B90DE04FF480615848E2
:1086800010F0CEFE0028D0D04FF48051584810F0A2
:10869000C7FE0028C9D000BF4F480068401C4E49A3
:1086A00008604D480068B0F5FA7FBDDB4FF4966076
:1086B00014F0B6F80020FAF795FD10BD10B50020B3
:1086C0004549086031E01CE04FF48061444810F0F7
:1086D000A7FE20B905210020FAF76FFE0AE04FF44B
:1086E0008051434810F09CFE20B905214FF4E16011
:1086F000FAF763FE012014F093F8F8F7B3F900B924
:108700000DE04FF48061364810F08AFE0028DBD07F
:108710004FF48051364810F083FE0028D4D000BFBB
:108720002D480068401C2C4908602B480068B0F5B3
:10873000FA7FC8DB4FF4966014F072F80020FAF765
:1087400051FD10BD10B500202349086031E01CE048
:108750004FF48061224810F063FE28B905214FF4E0
:10876000E160FAF72AFE09E04FF48051204810F04A
:1087700057FE18B905210020FAF71FFE012014F05A
:108780004FF8F8F76FF900B90DE04FF48061144825
:1087900010F046FE0028DBD04FF48051144810F052
:1087A0003FFE0028D4D000BF0B480068401C0A4997
:1087B000086009480068B0F5FA7FC8DB4FF496609E
:1087C00014F02EF80020FAF70DFD10BD3004002043
:1087D0001004002014040020AC030020C00000207E
:1087E000000C024004000020BC0100200C0400200A
:1087F000000402407CFCFFFF0000024010B5FC4872
:108800000068012802D1FFF79DFF0CE0F9480068DD
:10881000012802D1FFF752FF05E0F7480068012860
:1088200001D1FFF7FCFE10BD70B52DED068B00BF2A
:108830000025F248C07F40F04000F049C877084664
:10884000C07F40F08000C8776420ED4908604FF495
:108850002D70EC4908600020EB49086014E008E046
:10886000012013F0DDFFF8F7FDF810B9BDEC068B21
:1088700070BDE648006840F2B2218842F0DBE24871
:108880000068401CE0490860DF4800683228E6DBE9
:10889000FA20DF490860DF4800685A38DE4908607E
:1088A0000020D949086018E006E0012013F0B8FF65
:1088B000F8F7D8F800B9D9E7D8490968D64A126854
:1088C000881A002801DB014600E041420A29ECDC5D
:1088D000CD480068401CCC490860CB48006832286D
:1088E000E2DB0020C849086013E006E0012013F035
:1088F00097FFF8F7B7F800B9B8E74FF40061C84838
:1089000010F08EFD0128F1D0BF480068401CBE4920
:108910000860BD4800683228E7DBFFF780FEFA20D8
:10892000BB490860BB4800681E38BB49086041F677
:10893000583013F075FF0020B349086056E042E05C
:10894000C820B3490860B34800685F38B24908607E
:108950000020AD49086019E006E0012013F060FF37
:10896000F8F780F800B90BE0AC490968AA4A126828
:10897000881A002801DB014600E041420529ECDCB1
:1089800000BFA1480068401C9F4908609E480068DD
:108990003228E1DB4FF47A7013F042FFFFF72EFF2D
:1089A00032209B4908609B4800681E389A4908603D
:1089B00041F6583013F034FF012013F031FFF8F77F
:1089C00051F800B90CE0934909681E39934A1268BE
:1089D000501A002801DB014600E041420529AFDCC6
:1089E00000BF89480068401C8749086086480068C5
:1089F0003228A4DB4FF4FA6013F012FF7F48C07FE7
:108A000000F0BF007D49C8774FF47A7013F008FF7B
:108A10007A48C07F00F07F007849C877FA207C4907
:108A20000860804800687C4908600020764908603A
:108A300031E006E0012013F0F3FEF8F713F800B977
:108A400014E778490968784A1268881A14F0F1FC2A
:108A500041EC1A0B9FED750B53EC102B14F07AFCC4
:108A600041EC180B6D4800686B490968441A002CEA
:108A700001DB214600E06142084614F0DAFC41ECDB
:108A8000190B53EC182B14F017FDD3D35E48006874
:108A9000401C5D4908605C4800683228C9DB4FF41F
:108AA0008061644810F0BCFC012806D101035C48D9
:108AB00010F0B6FC012800D1012525B1F7F7D2FF4F
:108AC00000287FF4B5AE00BFD0E610B500204E49B7
:108AD00008603CE027E04FF48041514810F0A0FCD2
:108AE00048B901214E4810F09BFC20B9052152489D
:108AF000FAF763FC10E04FF480414E4810F090FC10
:108B000050B94FF400614D4810F08AFC20B905219E
:108B10004FF46170FAF751FC012013F081FEF7F772
:108B2000A1FF00B90DE04FF480413D4810F078FC02
:108B30000028D0D04FF480413E4810F071FC00284E
:108B4000C9D000BF30480068401C2F4908602E483B
:108B50000068B0F5FA7FBDDB4FF4966013F060FE5D
:108B60000020FAF73FFB10BD10B500202649086031
:108B700031E01CE04FF48041294810F051FC20B94D
:108B800005210020FAF719FC0AE04FF4804129483A
:108B900010F046FC20B905214FF4E160FAF70DFC16
:108BA000012013F03DFEF7F75DFF00B90DE04FF433
:108BB00080411B4810F034FC0028DBD04FF480418A
:108BC0001C4810F02DFC0028D4D000BF0E480068CF
:108BD000401C0D4908600C480068B0F5FA7FC8DBFE
:108BE0004FF4966013F01CFE0020FAF7FBFA10BD5C
:108BF000EC000020F0000020E8000020040000202D
:108C00002C04002008040020AC030020B000002049
:108C1000340400201C04002020040020C400002094
:108C200000040240C00100201804002000000000E1
:108C30000000F83F000C02407CFCFFFF00000240F7
:108C400010B50020F749086031E01CE04FF4804186
:108C5000F54810F0E5FB28B905214FF4E160FAF77B
:108C6000ACFB09E04FF48041F04810F0D9FB18B993
:108C700005210020FAF7A1FB012013F0D1FDF7F741
:108C8000F1FE00B90DE04FF48041E74810F0C8FB59
:108C90000028DBD04FF48041E44810F0C1FB0028ED
:108CA000D4D000BFDF480068401CDE490860DD48C2
:108CB0000068B0F5FA7FC8DB4FF4966013F0B0FDA2
:108CC0000020FAF78FFA10BD10B5D94800680128C6
:108CD00002D1FFF7B5FF0CE0D6480068012802D1A9
:108CE000FFF742FF05E0D4480068012801D1FFF7F3
:108CF000ECFE10BD10B500BF0024D048C07F40F08E
:108D00000400CE49C8770846C07F40F08000C8778D
:108D1000FA20CB490860CB4800685030CA49086047
:108D20000020C049086013E006E0012013F078FD40
:108D3000F7F798FE00B910BD4FF40061BA4810F083
:108D40006FFB0128F1D0B7480068401CB5490860A6
:108D5000B44800683228E7DB0020B249086018E018
:108D600006E0012013F05CFDF7F77CFE00B9E2E7B6
:108D7000B6490968B44A1268881A002801DB01461E
:108D800000E041420A29ECDCA6480068401CA549E5
:108D90000860A44800683228E2DB4FF47A7013F0D0
:108DA0003FFDFFF792F82820A5490860A548006814
:108DB0001E30A549086041F6583013F031FD0020FF
:108DC0009849086046E032E0FA209D4908609D48D5
:108DD00000685A309C49086006E0012013F020FD2D
:108DE000F7F740FE00B90BE098490968964A126807
:108DF000881A002801DB014600E041420529ECDC2D
:108E000000BF4FF47A7013F00BFDFFF75EF8962069
:108E10008B4908608B4800681E308B49086041F61A
:108E2000583013F0FDFCF7F71DFE00B90CE0874940
:108E30000A68844909681E31501A002801DB01467E
:108E400000E041420429BFDC00BF76480068401CB6
:108E50007449086073480068B0F5FA7FB3DB4FF4DB
:108E6000FA6013F0DDFC7548C07F00F0FB00734929
:108E7000C8774FF47A7013F0D3FC7048C07F00F0CD
:108E80007F006E49C877FA206D4908607048006815
:108E90006D49086000206349086020E006E0012079
:108EA00013F0BEFCF7F7DEFD00B944E7684A12682C
:108EB000644B1B68D11A654A1268634B1B68D01A51
:108EC000002801DB024600E0424201EBD173B2EB25
:108ED000630FE4DC53480068401C52490860514865
:108EE00000683228DADB4FF40061504810F098FA3D
:108EF000012806D141034C4810F092FA012800D114
:108F0000012424B1F7F7AEFD00287FF4F5AE00BFD1
:108F100011E710B500BF00244848C07F40F00800AA
:108F20004649C8770846C07F40F02000C877E62051
:108F300048490860484800683C38484908600020B3
:108F40003849086013E006E0012013F069FCF7F7E8
:108F500089FD00B910BD4FF40041344810F060FAAB
:108F60000128F1D02F480068401C2E4908602D4888
:108F7000006840F226218842E5DB0020294908608C
:108F800018E006E0012013F04BFCF7F76BFD00B989
:108F9000E0E733490968314A1268881A002801DB82
:108FA000014600E041420529ECDC1E480068401CF7
:108FB0001C4908601B4800683228E2DB4FF47A70D5
:108FC00013F02EFCFFF7C5F9322022490860224831
:108FD0000068401F2149086041F6583013F020FC1A
:108FE00000201049086076E062E0FA201949086024
:108FF000194800683C381949086000200949086090
:1090000039E006E0012013F00BFCF7F72BFD00B967
:109010002BE013490968114A1268881A002821DBDD
:10902000014620E0AC03002000040240000C024096
:10903000EC000020F0000020E800002004000020E8
:10904000340400201804002020040020C400002064
:10905000C00100203004002010040020140400206F
:10906000C000002041420529CCDC00BFF748006861
:10907000401CF6490860F54800683228C1DB4FF40F
:109080007A7013F0CDFBFFF764F93220F0490860E5
:10909000F0480068401FF049086041F6583013F06E
:1090A000BFFB012013F0BCFBF7F7DCFC00B90CE0C0
:1090B000E8490968491FE94A1268501A002801DB8B
:1090C000014600E0414205298FDC00BFDF4800680F
:1090D000401CDE490860DD480068322884DB4FF41C
:1090E000FA6013F09DFBDE48C07F00F0F700DC491A
:1090F000C8774FF47A7013F093FBD948C07F00F023
:10910000DF00D749C877FA20D1490860D548006800
:10911000D14908600020CD49086020E006E0012028
:1091200013F07EFBF7F79EFC00B913E7CD4A1268F7
:10913000CD4B1B68D11AC94A1268C74B1B68D01A9D
:10914000002801DB024600E0424201EBD173B2EBA2
:10915000630FE4DCBD480068401CBC490860BB48A4
:1091600000683228DADB4FF48061C04810F058F90B
:10917000012806D1C103BD4810F052F9012800D1E1
:10918000012424B1F7F76EFC00287FF4C4AE00BFC1
:10919000E0E610B500BF0024B148C07F40F04000B9
:1091A000AF49C8770846C07F40F08000C877FA20F2
:1091B000AF490860AF4800683C38AF4908600020FC
:1091C000A249086013E006E0012013F029FBF7F73D
:1091D00049FC00B910BD4FF40061A44810F020F91B
:1091E0000128F1D099480068401C984908609748C8
:1091F00000683228E7DB00209449086018E006E0A8
:10920000012013F00DFBF7F72DFC00B9E2E79B49B5
:109210000968994A1268881A002801DB014600E0B3
:1092200041420A29ECDC89480068401C87490860F3
:10923000864800683228E2DB4FF47A7013F0F0FAC7
:10924000FFF7DCFA32208A4908608A480068401F2C
:109250008949086041F6583013F0E2FA00207B4952
:10926000086056E042E0C8208149086081480068F3
:109270003C388149086000207449086019E006E024
:10928000012013F0CDFAF7F7EDFB00B90BE07B49B5
:109290000968794A1268881A002801DB014600E053
:1092A00041420529ECDC00BF68480068401C674962
:1092B0000860664800683228E1DB4FF47A7013F0EA
:1092C000AFFAFFF79BFA32206949086069480068E5
:1092D000401F6949086041F6583013F0A1FA012097
:1092E00013F09EFAF7F7BEFB00B90CE0614909687C
:1092F000491F624A1268501A002801DB014600E04B
:1093000041420529AFDC00BF50480068401C4F496E
:1093100008604E4800683228A4DB4FF4FA6013F06E
:109320007FFA4F48C07F00F0BF004D49C8774FF427
:109330007A7013F075FA4A48C07F00F07F00484900
:10934000C877FA204A4908604D4800684A490860D1
:1093500000203E49086020E006E0012013F060FA9A
:10936000F7F780FB00B935E7454A1268454B1B68A3
:10937000D11A424A1268404B1B68D01A002801DB00
:10938000024600E0424201EBD173B2EB630FE4DC32
:109390002E480068401C2D4908602C48006832287F
:1093A000DADB4FF48061384810F03AF8012806D132
:1093B00001032E4810F034F8012800D1012424B113
:1093C000F7F750FB00287FF4E6AE00BF02E710B5C8
:1093D00000BF00242248C07F40F010002049C87719
:1093E0000846C07F40F02000C877C82018490860B0
:1093F0001D4800685730184908600020134908606C
:1094000013E006E0012013F00BFAF7F72BFB00B98D
:1094100010BD4FF400411C4810F002F80128F1D0B3
:109420000A480068401C094908600848006832285A
:10943000E7DB00200549086039E027E0012013F050
:10944000EFF9F7F70FFB00B9E2E71FE0AC030020EC
:10945000300400201004002014040020C00000206C
:1094600004000020BC0100200C0400200004024085
:10947000340400201C04002020040020C40000202C
:10948000C001002018040020000C0240FE490968B9
:10949000FE4A1268881A002801DB014600E04142BA
:1094A0000A29CBDCFA480068401CF9490860F848F2
:1094B00000683228C1DB4FF47A7013F0B1F9FFF77E
:1094C00003FC3220F3490860F34800682D30EF496F
:1094D000086041F6583013F0A3F90020EC49086009
:1094E00056E042E0FA20EB490860EB4800685A3049
:1094F000E64908600020E649086019E006E001201E
:1095000013F08EF9F7F7AEFA00B90BE0DE490968FF
:10951000DE4A1268881A002801DB014600E0414259
:109520000529ECDC00BFDA480068401CD849086017
:10953000D74800683228E1DB4FF47A7013F070F9F5
:10954000FFF7C2FB3220D3490860D34800682D30B2
:10955000CE49086041F6583013F062F9012013F04B
:109560005FF9F7F77FFA00B90CE0C7490A68CA4902
:1095700009682D31501A002801DB014600E0414204
:109580000429AFDC00BFC2480068401CC049086025
:10959000BF4800683228A4DB4FF4FA6013F040F9AA
:1095A000BE48C07F00F0EF00BC49C8774FF47A7026
:1095B00013F036F9B948C07F00F0DF00B749C8772B
:1095C000FA20B4490860B6480068B0490860002035
:1095D000AF49086020E006E0012013F021F9F7F719
:1095E00041FA00B914E7AE4A1268AB4B1B68D11AB6
:1095F000A54A1268A54B1B68D01A002801DB024659
:1096000000E0424201EBD173B2EB630FE4DCA0480F
:109610000068401C9E4908609D4800683228DADBDB
:109620004FF480419F480FF0FBFE012806D18103D3
:109630009D480FF0F5FE012800D1012424B1F7F771
:1096400011FA00287FF4C5AE00BFE1E670B504460C
:1096500000BF0025C8209549086095480460002097
:109660008B49086018E006E0012013F0D9F8F7F7FD
:10967000F9F900B970BD8F4909688D4A1268881AD6
:10968000002801DB014600E041420A29ECDC804869
:109690000068401C7E4908607D4800689628E2DB2F
:1096A0007E48C07F40F004007C49C8770846C07FF0
:1096B00040F08000C877FA207F4908607F48006842
:1096C00023307F49086000207149086013E006E0FC
:1096D000012013F0A5F8F7F7C5F900B9CAE74FF470
:1096E000006170480FF09CFE0128F1D068480068C6
:1096F000401C67490860664800683228E7DB0020A4
:109700006349086018E006E0012013F089F8F7F7D4
:10971000A9F900B9AEE76B490968694A1268881A65
:10972000002801DB014600E041420A29ECDC5848F0
:109730000068401C56490860554800683228E2DB42
:109740004FF47A7013F06CF85F480068012802D17A
:10975000FEF777FB05E05D480068012801D1FEF7C0
:109760002CFB4FF47A7013F05BF8322052490860FA
:10977000524800685249086041F6583013F050F8DA
:109780000020434908605BE048E0FA204A4908604D
:109790004A48006823304A49086000203C49086074
:1097A00019E006E0012013F03BF8F7F75BF900B988
:1097B0000BE044490968424A1268881A002801DB14
:1097C000014600E041420529ECDC00BF304800685A
:1097D000401C2F4908602E4800683228E1DB3A48D7
:1097E0000068012802D1FEF72CFB05E0374800682D
:1097F000012801D1FEF7E1FA32202F4908602F48F5
:1098000000682F49086041F6583013F009F801202C
:1098100013F006F8F7F726F900B90BE029490968B3
:10982000264A1268881A002801DB014600E04142FE
:109830000529AADC00BF16480068401C14490860CE
:109840001348006840F2262188429DDB4FF47A706D
:1098500012F0E6FF1148C07F00F0FB000F49C87707
:109860004FF47A7012F0DCFF0C48C07F00F07F00EC
:109870000A49C877FA20104908601548006810495D
:1098800008600020024925E0C000002014040020E8
:10989000AC030020300400200C0400200400002051
:1098A000BC01002000040240000C02402C040020F7
:1098B00008040020B0000020340400201804002018
:1098C00020040020C4000020EC000020F000002054
:1098D000C0010020086020E006E0012012F0A0FF97
:1098E000F7F7C0F800B9C5E6F74A1268F74B1B68EE
:1098F000D11AF74A1268F74B1B68D01A002801DB0F
:10990000024600E0424201EBD173B2EB630FE4DCAC
:10991000F1480068401CF0490860EF4800683228B0
:10992000DADB4FF40061ED480FF07AFD012806D133
:109930004103EB480FF074FD012800D1012525B14A
:10994000F7F790F800287FF484AE00BF92E670B578
:10995000044600BF0025C820E2490860E2480460D0
:109960000020DD49086018E006E0012012F058FFF1
:10997000F7F778F800B970BDDC490968DA4A12686F
:10998000881A002801DB014600E041420A29ECDC8C
:10999000D1480068401CD0490860CF48006896282C
:1099A000E2DBD348C07F40F01000D149C8770846B9
:1099B000C07F40F02000C877FA20CE490860CE482A
:1099C00000683C30CD4908600020C349086013E0BE
:1099D00006E0012012F024FFF7F744F800B9CAE7C7
:1099E0004FF40041BD480FF01BFD0128F1D0BA48EB
:1099F0000068401CB8490860B74800683228E7DBB7
:109A00000020B549086018E006E0012012F008FFC8
:109A1000F7F728F800B9AEE7B9490968B74A1268FC
:109A2000881A002801DB014600E041420A29ECDCEB
:109A3000A9480068401CA8490860A7480068322867
:109A4000E2DB4FF47A7012F0EBFEAE4800680128BA
:109A500002D1FFF7F5F805E0AB480068012801D115
:109A6000FFF782F83220A3490860A3480068A349A1
:109A7000086041F6583012F0D3FE00209649086085
:109A80005BE048E0FA209B4908609B4800683C3056
:109A90009A49086000209049086019E006E001201A
:109AA00012F0BEFEF6F7DEFF00B90BE0944909683C
:109AB000924A1268881A002801DB014600E0414200
:109AC0000829ECDC00BF84480068401C824908601B
:109AD000814800683228E1DB8A480068012802D109
:109AE000FFF7AEF805E088480068012801D1FFF7CC
:109AF0003BF832207F4908607F4800687F49086052
:109B000041F6583012F08CFE012012F089FEF6F773
:109B1000A9FF00B90BE07A490968774A1268881AE8
:109B2000002801DB014600E041420529AADC00BF14
:109B300069480068401C6849086067480068322826
:109B40009FDB4FF47A7012F06BFE6948C07F00F023
:109B5000EF006749C8774FF47A7012F061FE6448ED
:109B6000C07F00F0DF006249C877FA2061490860D1
:109B7000664800686149086000205749086020E095
:109B800006E0012012F04CFEF6F76CFF00B9F2E699
:109B90005E4A1268584B1B68D11A594A1268574BD3
:109BA0001B68D01A002801DB024600E0424201EBAC
:109BB000D173B2EB630FE4DC47480068401C4649B0
:109BC0000860454800683228DADB4FF48041444899
:109BD0000FF026FC012806D1810340480FF020FC3D
:109BE000012800D1012525B1F6F73CFF00287FF4BC
:109BF000B1AE00BFBFE610B5002400BF3C48C07F37
:109C000040F004003A49C8770846C07F40F0800021
:109C1000C877FA203E4908602C48006828302D4952
:109C2000086000202C49086013E006E0012012F0D3
:109C3000F7FDF6F717FF00B910BD4FF40061284893
:109C40000FF0EEFB0128F1D023480068401C2249A8
:109C5000086021480068FA28E7DB00201E490860F8
:109C600018E006E0012012F0DBFDF6F7FBFE00B97C
:109C7000E2E717490968174A1268881A002801DBC9
:109C8000014600E041420629ECDC13480068401C14
:109C9000114908601048006840F226218842E0DB44
:109CA0004FF4AF6012F0BCFDFEF738F8FAF742FA55
:109CB00040F26D101749086040F213101649086011
:109CC00000200549086042E0C0010020180400207F
:109CD000C400002020040020AC030020000C02403F
:109CE000000402402C04002008040020B0000020E2
:109CF00004000020300400200C0400201404002084
:109D0000C0000020EC000020F0000020BC0100207A
:109D100034040020F0030020FC03002006E00120B2
:109D200012F07EFDF6F79EFE00B985E7FE49096850
:109D3000FE4A1268881A002801DB014600E0414211
:109D40000A29ECDCFA480068401CF9490860F84828
:109D500000689628E2DB3220F6490860F648006881
:109D60001230F649086041F6583012F059FD0020D3
:109D7000EF49086053E03FE0FA20EE490860EE4802
:109D800000685030ED4908600020E949086018E09B
:109D900006E0012012F044FDF6F764FE00B94BE73F
:109DA000E7490968E54A1268881A002801DB01467C
:109DB00000E041420429ECDCDD480068401CDC493D
:109DC0000860DB48006840F226218842E0DBFDF7AE
:109DD000A5FF3220D7490860D74800681230D7491C
:109DE000086041F6583012F01BFD012012F018FDFA
:109DF000F6F738FE00B90CE0D1490A68CE49096887
:109E00001231501A002801DB014600E041420429CA
:109E1000B2DC00BFC6480068401CC5490860C448A1
:109E200000683228A7DB4FF47A7012F0F9FCC548BD
:109E3000C07F00F0FB00C349C8774FF47A7012F07E
:109E4000EFFCC048C07F00F07F00BE49C877FAF73A
:109E500063F940F20910B5490860BB490860FA206F
:109E6000B4490860B9480068B44908600020B049A6
:109E7000086020E006E0012012F0D2FCF6F7F2FDC7
:109E800000B9D9E6B14A1268AB4B1B68D11AAC4A8B
:109E90001268AA4B1B68D01A002801DB024600E0BA
:109EA000424201EBD173B2EB630FE4DCA0480068DF
:109EB000401C9F4908609E4800683228DADB4FF456
:109EC0000061A3480FF0ACFA012807D14103A14873
:109ED0000FF0A6FA012801D1012400E0002424B1EA
:109EE000F6F7C0FD00287FF489AE00BFA4E610B5E8
:109EF000002400BF64209849086098480068C01C8E
:109F00009749086000208A49086018E006E00120AF
:109F100012F086FCF6F7A6FD00B910BD914909685C
:109F20008F4A1268881A002801DB014600E041428E
:109F30000A29ECDC7E480068401C7D4908607C48AA
:109F400000689628E2DB7F48C07F40F020007D4912
:109F5000C8770846C07F40F00800C877962082493D
:109F60000860824800680F38814908600020704905
:109F7000086013E006E0012012F052FCF6F772FDD3
:109F800000B9CAE74FF4004171480FF049FA0128BF
:109F9000F1D067480068401C654908606448006863
:109FA0003228E7DB00206249086018E006E0012063
:109FB00012F036FCF6F756FD00B9AEE76D490968B8
:109FC0006B4A1268881A002801DB014600E0414212
:109FD0000A29ECDC56480068401C55490860544882
:109FE000006840F226218842E0DB4FF4AF6012F0B7
:109FF00017FCFEF7D3F8FAF79DF840F26D104B49C5
:10A00000086040F213105049086000204849086079
:10A0100018E006E0012012F003FCF6F723FD00B97A
:10A020007BE741490968414A1268881A002801DB28
:10A03000014600E041420A29ECDC3D480068401C32
:10A040003B4908603A4800689628E2DB32204649DE
:10A050000860464800684649086041F6583012F0EA
:10A06000DFFB00203249086050E03EE0FA203E4924
:10A0700008603E4800682D383D49086000202C49A2
:10A08000086018E006E0012012F0CAFBF6F7EAFCCF
:10A0900000B942E737490968354A1268881A00282A
:10A0A00001DB014600E041420429ECDC2048006865
:10A0B000401C1F4908601E48006840F22621884263
:10A0C000E0DBFEF76BF8322027490860274800687C
:10A0D0002749086041F6583012F0A2FB012012F027
:10A0E0009FFBF6F7BFFC00B917E7224909681F4A32
:10A0F0001268881A002801DB014600E04142042969
:10A10000B4DC0B480068401C094908600848006836
:10A110003228AADB4FF47A7012F082FB0948C07F24
:10A1200000F0F700074927E0B8000020F003002006
:10A13000AC03002034040020180400202004002078
:10A14000C400002004000020FC030020C001002007
:10A15000000C0240000402402C0400207C0100207E
:10A1600008040020B000002030040020100400206B
:10A1700014040020C0000020C8774FF47A7012F059
:10A180004FFBFE48C07F00F0DF00FC49C877F9F7BD
:10A19000C3FF40F20910FA490860FA490860FA2042
:10A1A000F9490860F9480068F94908600020F94950
:10A1B000086020E006E0012012F032FBF6F752FCC6
:10A1C00000B9AAE6F14A1268F34B1B68D11AF34AA8
:10A1D0001268EF4B1B68D01A002801DB024600E032
:10A1E000424201EBD173B2EB630FE4DCE948006853
:10A1F000401CE8490860E74800683228DADB4FF481
:10A200008061E7480FF00CF9012807D1C103E44849
:10A210000FF006F9012801D1012400E0002424B147
:10A22000F6F720FC00287FF465AE00BF75E610B598
:10A2300000BF00246420DB490860DB480068401D43
:10A24000DA490860CD48C07F40F04000CB49C8776C
:10A250000846C07F40F08000C877C820D449086015
:10A26000D44800682538D44908600020C9490860EE
:10A2700013E006E0012012F0D3FAF6F7F3FB00B981
:10A2800010BD4FF40061C6480FF0CAF80128F1D0A4
:10A29000C0480068401CBF490860BE4800683228BA
:10A2A000E7DB0020BB49086018E006E0012012F05F
:10A2B000B7FAF6F7D7FB00B9E2E7C0490968BB4A2D
:10A2C0001268881A002801DB014600E041420A2991
:10A2D000ECDCB0480068401CAE490860AD4800683E
:10A2E0009628E2DB0020AB49086018E006E0012078
:10A2F00012F096FAF6F7B6FB00B9C1E7B049096863
:10A30000AD4A1268881A002801DB014600E041428C
:10A310000729ECDC9F480068401C9E4908609D4866
:10A32000006840F226218842E0DB4FF4AF6012F073
:10A3300077FAFEF774F9F9F7FDFE40F26D109049D7
:10A34000086040F213108F490860002091490860AE
:10A3500018E006E0012012F063FAF6F783FB00B97B
:10A360008EE798490968864A1268881A002801DB36
:10A37000014600E041420829ECDC86480068401CA8
:10A3800084490860834800689628E2DB32208849C7
:10A390000860884800688849086041F6583012F023
:10A3A0003FFA00207B49086051E03EE0FA208049F6
:10A3B0000860804800682B387F4908600020754994
:10A3C000086018E006E0012012F02AFAF6F74AFBCE
:10A3D00000B955E77A490968774A1268881A00284F
:10A3E00001DB014600E041420429ECDC69480068D9
:10A3F000401C684908606748006840F2262188428E
:10A40000E0DBFEF70CF9FA2069490860694800684A
:10A410006949086041F6583012F002FA012012F042
:10A42000FFF9F6F71FFB00B90BE065490968614ABF
:10A430001268881A002801DB014600E041420A291F
:10A44000B4DC00BF53480068401C524908605148C2
:10A4500000683228A9DB4FF4FA6012F0E1F94748AE
:10A46000C07F00F0BF004549C8774FF47A7012F002
:10A47000D7F94248C07F00F07F004049C877F9F71C
:10A480004BFE40F209103E4908603E490860FA2040
:10A49000474908604C4800684749086000203D492A
:10A4A000086020E006E0012012F0BAF9F6F7DAFAC7
:10A4B00000B9E5E6444A1268444B1B68D11A404A89
:10A4C00012683D4B1B68D01A002801DB024600E0F1
:10A4D000424201EBD173B2EB630FE4DC2D4800681C
:10A4E000401C2C4908602B4800683228DADB4FF406
:10A4F000806137480EF094FF012806D101032848F7
:10A500000EF08EFF012800D1012424B1F6F7AAFA3B
:10A5100000287FF48EAE00BFB2E610B500BF002465
:10A520006420204908602B480068401F1F490860CC
:10A5300000201849086018E006E0012012F070F9C8
:10A54000F6F790FA00B910BD1C490968174A12685D
:10A55000881A002801DB014600E041420A29ECDCB0
:10A560000C480068401C0B4908600A48006896289F
:10A57000E2DB0248C07F40F010002DE00400002024
:10A58000F0030020FC03002030040020BC01002068
:10A5900014040020AC0300200C040020C0000020A4
:10A5A000000402402C0400207C010020080400204C
:10A5B000340400201C04002020040020B0000020EF
:10A5C000C4000020B8000020C001002018040020B2
:10A5D000000C024078010020FD49C8770846C07F82
:10A5E00040F02000C877C820FA490860FA4800689F
:10A5F0004B30FA4908600020F949086013E006E092
:10A60000012012F00DF9F6F72DFA00B99BE74FF48F
:10A610000041F4480EF004FF0128F1D0F048006832
:10A62000401CEF490860EE4800683228E7DB002054
:10A63000EB49086018E006E0012012F0F1F8F6F7A7
:10A6400011FA00B97FE7E8490968E44A1268881AF4
:10A65000002801DB014600E041420729ECDCE0482C
:10A660000068401CDE490860DD4800683228E2DBF3
:10A670004FF4AF6012F0D4F8FEF727FAF9F75AFD5D
:10A6800040F26D10D949086040F21310D8490860B3
:10A690000020D349086018E006E0012012F0C0F85D
:10A6A000F6F7E0F900B94EE7D2490968CF4A1268D7
:10A6B000881A002801DB014600E041420A29ECDC4F
:10A6C000C7480068401CC6490860C548006896280D
:10A6D000E2DB3220BF490860BF4800682330BF4931
:10A6E000086041F6583012F09BF80020BC49086021
:10A6F00051E03DE0FA20B7490860B748006864308F
:10A70000B64908600020B649086018E006E001205C
:10A7100012F086F8F6F7A6F900B914E7B24909680D
:10A72000AE4A1268881A002801DB014600E0414267
:10A730000429ECDCAA480068401CA9490860A84824
:10A7400000689628E2DBFEF7C0F93220A1490860D4
:10A75000A14800682330A149086041F6583012F042
:10A760005FF8012012F05CF8F6F77CF900B90CE014
:10A770009D490A68984909682331501A002801DB6D
:10A78000014600E041420429B4DC00BF944800685F
:10A79000401C9349086092480068FA28A9DB8C485D
:10A7A000C07F00F0EF008A49C8774FF47A7012F04A
:10A7B00037F88748C07F00F0DF008549C877F9F790
:10A7C000ABFC40F209108949086089490860FA2009
:10A7D00080490860884800688049086000208049F6
:10A7E000086020E006E0012012F01AF8F6F73AF9C6
:10A7F00000B9A8E6804A1268774B1B68D11A7A4ADA
:10A800001268764B1B68D01A002801DB024600E074
:10A81000424201EBD173B2EB630FE4DC7048006895
:10A82000401C6F4908606E4800683228DADB4FF43C
:10A83000804172480EF0F4FD012806D18103694879
:10A840000EF0EEFD012800D1012424B1F6F70AF93B
:10A8500000287FF464AE00BF75E669480068B0B9AF
:10A860006848006898B96848006880B96748006817
:10A8700068B9502066490860664800686649086003
:10A880005348C07F40F004005149C87752E05C480B
:10A890000068012816D15B48006898B95A480068DA
:10A8A00080B95A48006868B95020594908605B4827
:10A8B0000068594908604648C07F40F00800444994
:10A8C000C87737E04E480068012817D14D48006826
:10A8D000012813D14C48006880B94C48006868B919
:10A8E00050204B4908604E4800684B490860384882
:10A8F000C07F40F040003649C8771BE04048006800
:10A90000012817D13F480068012813D13E4800684C
:10A9100001280FD13D48006860B950203C490860CB
:10A92000404800683C4908602948C07F40F010005A
:10A930002749C877704732480068B0B93148006885
:10A9400098B93148006880B93048006868B950202B
:10A950002F490860344800682F4908601C48C07FB0
:10A9600040F004001A49C87786E0254800680128AD
:10A9700016D12448006898B92348006880B9234854
:10A98000006868B9502022490860284800682249B8
:10A9900008600F48C07F40F008000D49C8776BE0A1
:10A9A0001748006801284BD116480068012847D194
:10A9B00015480068F0BB15480068D8BB5020144902
:10A9C00008601B480068144908600148C07F32E0F5
:10A9D00004000020300400200C0400201404002097
:10A9E000AC030020000C0240C0000020F003002057
:10A9F000FC030020B8000020BC010020000402403D
:10AA0000A0020020A4020020A8020020AC02002026
:10AA10002C04002098010020080400209C01002044
:10AA2000A0010020A401002080010020840100205A
:10AA30008801002004E040F04000FC49C8771BE09A
:10AA4000FB480068012817D1FA480068012813D193
:10AA5000F948006801280FD1F848006860B9502013
:10AA6000F7490860F7480068F7490860EF48C07F79
:10AA700040F01000ED49C8777047ED480068D8B93C
:10AA8000EC480068C0B9EC480068A8B9EB48006819
:10AA900090B9EE48006801280ED1E448C07F40F02C
:10AAA0000400E249C877F020E9490860E9480068F5
:10AAB0005A30E949086061E0DD48006801281BD18F
:10AAC000DC480068C0B9DC480068A8B9DB48006809
:10AAD00090B9DE48006801280ED1D448C07F40F00C
:10AAE0000800D249C877C820DC490860DC48006803
:10AAF0004138DC49086041E0CD48006801281CD19C
:10AB0000CC480068012818D1CB480068A8B9CB48C8
:10AB1000006890B9CD48006801280ED1C348C07FB5
:10AB200040F04000C149C877F020C9490860CE48CC
:10AB300000684138C849086020E0BD480068012825
:10AB40001CD1BC480068012818D1BB480068012806
:10AB500014D1BA48006888B9BC48006801280DD1F2
:10AB6000B248C07F40F01000B049C877C820BB4948
:10AB70000860BE4800685A30BA4908607047AC485F
:10AB80000068D8B9AB480068C0B9AB480068A8B93C
:10AB9000AA48006890B9AD48006801280ED1A348C2
:10ABA000C07F40F00400A149C877F020A8490860A0
:10ABB000A84800685530A849086088E09C480068AB
:10ABC000012828D19B48006828BB9B48006810BB1F
:10ABD0009A480068F8B99D48006801281BD1A4492B
:10ABE0000968A44A1268891AC81C002801DB0146BA
:10ABF00000E0414205296ADC8C48C07F40F0080033
:10AC00008A49C877C82095490860954800685A382D
:10AC1000944908605BE086480068012829D185488E
:10AC20000068012825D18448006810BB834800686B
:10AC3000F8B98648006801281BD18D4909688D4AFA
:10AC40001268891A481F002801DB014600E04142D2
:10AC500005293CDC7548C07F40F040007349C87747
:10AC6000F0207B490860804800685A387A490860BB
:10AC70002DE06F480068012829D16E48006801283E
:10AC800025D16D480068012821D16C480068F0B9D1
:10AC90006E48006801281AD175490968764A126819
:10ACA000891A481F002801DB014600E041420529BE
:10ACB0000DDC5E48C07F40F010005C49C877C820BA
:10ACC0006649086069480068553066490860704701
:10ACD00010B557480068012819D156480068B0B926
:10ACE0005548006898B95548006880B99FED631AC7
:10ACF000DFED630A0A209FED630AF8F768FB41F273
:10AD0000707011F08DFD0020F8F76CFA5EE0484895
:10AD1000006801281AD147480068012816D1464822
:10AD2000006898B94548006880B99FED541ADFED76
:10AD3000540A0A209FED530AF8F749FB41F270705C
:10AD400011F06EFD0020F8F74DFA3FE0384800683A
:10AD500001281BD137480068012817D13648006800
:10AD6000012813D13548006880B99FED441ADFED02
:10AD7000440A0A209FED440AF8F729FB41F270705B
:10AD800011F04EFD0020F8F72DFA1FE0284800686A
:10AD900001281BD127480068012817D126480068E0
:10ADA000012813D12548006801280FD19FED331ADF
:10ADB000DFED330A0A209FED340AF8F708FB41F271
:10ADC000707011F02DFD0020F8F70CFA10BD10B5D1
:10ADD00017480068012819D116480068B0B916480C
:10ADE000006898B91548006880B99FED281ADFED12
:10ADF000280A0A209FED270AF8F7E9FA41F2707055
:10AE000011F00EFD0020F8F7EDF996E00848006813
:10AE1000012852D10748006801284ED10648006831
:10AE200018B90648006800B936E046E00400002082
:10AE3000A0020020A4020020A8020020AC020020F2
:10AE40002C0400208C01002008040020E4030020D2
:10AE500034040020180400202004002030040020C6
:10AE600010040020140400201C0400200C04002006
:10AE7000B00000207C010020780100209A99993EC2
:10AE8000000061440040CE4400001643CDCC4C3F4E
:10AE9000000061C4000016C31FED041A5FED040A30
:10AEA0000A201FED040AF8F792FA41F2707011F0CF
:10AEB000B7FC0020F8F796F93FE0FB48006801284E
:10AEC0001BD1FA480068012817D1F9480068012809
:10AED00013D1F848006880B91FED141A5FED140A09
:10AEE0000A209FEDF50AF8F772FA41F2707011F03E
:10AEF00097FC0020F8F776F91FE0EB48006801287E
:10AF00001BD1EA480068012817D1E94800680128E8
:10AF100013D1E848006801280FD11FED241A5FED16
:10AF2000240A0A209FEDE40AF8F751FA41F2707002
:10AF300011F076FC0020F8F755F910BD10B500208F
:10AF4000DE490860D8480068002839D1D748006831
:10AF5000002835D1D648006888BBD648006870BB49
:10AF60006420D7490860D7480068D74908600020A6
:10AF7000D649086019E006E0012011F051FCF5F710
:10AF800071FD00B90BE0D2490968CF4A1268881AEE
:10AF9000002801DB014600E041420A29ECDC00BF49
:10AFA000CA480068401CC9490860C848006896281B
:10AFB000E1DBFCF7A0FF0120BB4908607AE0FFE776
:10AFC000B9480068012839D1B8480068A8BBB8481A
:10AFD000006890BBB748006878BB6420B849086037
:10AFE000BC480068C01CB84908600020B749086028
:10AFF00019E006E0012011F013FCF5F733FD00B96C
:10B000000BE0B3490968B04A1268881A002801DBCE
:10B01000014600E041420A29ECDC00BFAB48006871
:10B02000401CAA490860A94800689628E1DBFDF7A2
:10B03000A6F901209D4908603CE0FFE79A480068B6
:10B04000012837D199480068012833D19848006811
:10B0500080BB9848006868BB6420994908609D4897
:10B0600000689949086000209849086019E006E0E6
:10B07000012011F0D5FBF5F7F5FC00B90BE0944980
:10B080000968914A1268881A002801DB014600E02D
:10B0900041420A29ECDC00BF8C480068401C8B4907
:10B0A00008608A4800689628E1DBFDF7BDFB0120B7
:10B0B0007F490860002088490860884908608849FD
:10B0C0000860022187480EF0ABF910B9FFF77FFE48
:10B0D00001E0FFF7FDFD10BD10B5002077490860C5
:10B0E0007148006800283ED17048006800283AD1B5
:10B0F0006F480068002836D16E48006890BBC820B1
:10B100006F4908606F4800686F49086000206F4908
:10B11000086019E006E0012011F082FBF5F7A2FCBF
:10B1200000B90BE06A490968674A1268881A002862
:10B1300001DB014600E041420829ECDC00BF634826
:10B140000068401C61490860604800689628E1DB9F
:10B150004FF47A7011F064FBFDF7CCFD01205249E9
:10B160000860E8E0FFE75048006801283DD14F48FB
:10B170000068C8BB4E480068B0BB4E48006898BB2A
:10B18000C8204F49086053480068C01C4E490860F9
:10B1900000204E49086019E006E0012011F040FB54
:10B1A000F5F760FC00B90BE049490968464A1268A6
:10B1B000881A002801DB014600E041420829ECDC46
:10B1C00000BF42480068401C404908603F48006892
:10B1D0009628E1DB4FF47A7011F022FBFDF799FE1F
:10B1E000012032490860A6E0FFE72F4800680128E7
:10B1F0003ED12E48006801283AD12D480068B0BBE6
:10B200002C48006898BBC8202D4908603148006868
:10B21000401F2D49086000202C49086019E006E015
:10B22000012011F0FDFAF5F71DFC00B90BE02849EB
:10B230000968254A1268881A002801DB014600E0E7
:10B2400041420829ECDC00BF20480068401C1F492F
:10B2500008601E4800689628E1DB4FF47A7011F010
:10B26000DFFAFDF796FF01201149086063E0FFE770
:10B270000D48006801285ED10C48006801285AD1A9
:10B280000B480068012856D10A48006858B9C82000
:10B290000B4908600B480068401F0B4908600020FC
:10B2A0000A4908603AE046E0A0020020A40200201B
:10B2B000A8020020AC02002000C0F344B802002025
:10B2C0002C0400207801002008040020AC0300209A
:10B2D000B00000207C010020E8000020EC000020ED
:10B2E000F00000200004024006E0012011F098FA6E
:10B2F000F5F7B8FB00B90BE0F9490968F94A12689B
:10B30000881A002801DB014600E041420829ECDCF4
:10B3100000BFF5480068401CF3490860F248006827
:10B320009628E1DB4FF47A7011F07AFAFEF74FF8C5
:10B330000120EE4908600020ED4908600221ED4837
:10B340000EF06EF810B9FFF742FD01E0FFF7C0FC08
:10B3500010BD10B50020E8490860E84800680028E2
:10B3600060D1E748006800285CD1E6480068002802
:10B3700058D1DE480068002854D16420E2490860B2
:10B38000E2480068D74908600020D749086019E002
:10B3900006E0012011F044FAF5F764FB00B90BE078
:10B3A000CF490968CF4A1268881A002801DB014694
:10B3B00000E041420329ECDC00BFCB480068401CA0
:10B3C000C9490860C848006840F226218842DFDB8E
:10B3D0004FF47A7011F024FAFDF78CFC0221C54875
:10B3E0000EF01EF868B99FEDCA1ADFEDCA0A0A20EE
:10B3F0009FEDC90AF7F7EBFF4FF47A6011F010FAEE
:10B400000CE09FEDC31ADFEDC50A0A209FEDC20ACA
:10B41000F7F7DDFF4FF47A6011F002FA0120B74927
:10B4200008602DE1B5480068012860D1B448006883
:10B4300000285CD1B3480068002858D1AB480068A8
:10B44000002854D16420B0490860B5480068A54977
:10B4500008600020A449086019E006E0012011F00E
:10B46000DFF9F5F7FFFA00B90BE09D4909689D4A3D
:10B470001268881A002801DB014600E041420329D6
:10B48000ECDC00BF98480068401C9749086096486B
:10B49000006840F226218842DFDB4FF47A7011F019
:10B4A000BFF9FDF736FD022192480DF0B9FF68B9EA
:10B4B0009FED971ADFED970A0A209FED9A0AF7F79A
:10B4C00086FF4FF47A6011F0ABF90CE09FED901A13
:10B4D000DFED920A0A209FED900AF7F778FF4FF40C
:10B4E0007A6011F09DF9012085490860C8E0834821
:10B4F0000068012861D18248006801285DD1814837
:10B500000068002859D179480068E8BB64207E496A
:10B510000860854800687349086000207249086027
:10B5200019E006E0012011F07BF9F5F79BFA00B96C
:10B530000BE06B4909686B4A1268881A002801DB26
:10B54000014600E041420329ECDC00BF6648006888
:10B55000401C654908606448006840F22621884222
:10B56000DFDB4FF47A7011F05BF9FDF712FE022178
:10B5700060480DF055FF78B99FED651ADFED650A5B
:10B580000A20BBEE040A00E017E0F7F720FF4FF4B3
:10B590007A6011F045F90CE09FED5D1ADFED5F0A6E
:10B5A0000A209FED620AF7F712FF4FF47A6011F05C
:10B5B00037F901205349086062E0504800680128CB
:10B5C0005ED14F48006801285AD14E4800680128D2
:10B5D00056D146480068E8BB64204B49086054488F
:10B5E00000684049086000203F49086019E006E013
:10B5F000012011F015F9F5F735FA00B90BE03849DB
:10B600000968384A1268881A002801DB014600E000
:10B6100041420329ECDC00BF33480068401C32493A
:10B620000860314800689628E1DB4FF47A7011F029
:10B63000F7F8FDF7CCFE02212E480DF0F1FE78B9A7
:10B640009FED331ADFED330A0A20BBEE040AF7F749
:10B65000BEFE00E014E04FF47A6011F0E1F80CE077
:10B660009FED2B1ADFED2D0A0A209FED300AF7F728
:10B67000AEFE4FF47A6011F0D3F801201B49086048
:10B6800000202C49086010BD70B52B480468F9F7FC
:10B6900080FC4FF4FF70F8F75BFD18480068002845
:10B6A00071D11748006800286DD11648006800283D
:10B6B0007FD10E48006800287BD10B4908606CE000
:10B6C00052E01E480068A0423EDD9FED1D1ADFEDEE
:10B6D000130A0F209FED1B0AF7F779FE3DE00000EB
:10B6E000B000002008040020AC030020AC020020C1
:10B6F000E800002000040240BC020020A00200205C
:10B70000A4020020A80200202C04002080010020B8
:10B71000CDCC4C3F000061C4004083C400006144B4
:10B720008401002000408344880100200080E3C49D
:10B730008C010020F0000020B0010020A0000020BB
:10B740003333333F008022C41FED031A5FED0D0A2F
:10B750000F201FED100AF7F73AFE012011F060F8F4
:10B76000F5F780F900B912E08021F8480DF058FE95
:10B770000028A6D0F6480068F6490968451A002D49
:10B7800002DB284601E014E068420A2899DC00BF89
:10B79000F1480068401CF0490860EF48006840F23A
:10B7A0000E6188428CDB4FF47A712046F9F7D0F8AD
:10B7B00016E1EA480068012851D1E94800680028EC
:10B7C0004DD1E8480068A0BBE748006888BB00206E
:10B7D000E149086037E01DE0E4480068A04209DD67
:10B7E0001FED291A5FED330A0F201FED2A0AF7F724
:10B7F000EEFD08E01FED2E1A5FED380A0F201FED59
:10B800003B0AF7F7E4FD012011F00AF8F5F72AF9F1
:10B8100000B912E08021CD480DF002FE0028DBD0F7
:10B82000CB480068CB490968451A002D02DB284641
:10B8300001E014E068420A28CEDC00BFC648006878
:10B84000401CC5490860C448006840F20E61884247
:10B85000C1DB4FF47A712046F9F77AF8C0E0BF48AF
:10B86000006801285BD1BE480068012857D1BD4857
:10B870000068B8BBBC480068A0BB24E00421BC48F9
:10B880000DF0CEFD78B94FF40061BA480DF0C8FD57
:10B8900048B91FED551A5FED5F0A0F209FEDB60AFC
:10B8A000F7F795FD08E01FED5A1A5FED640A0F20C7
:10B8B0001FED680AF7F78BFD012010F0B1FFF5F7D7
:10B8C000D1F800B912E08021A0480DF0A9FD0028B0
:10B8D000D4D09F4800689F490968451A002D02DBB3
:10B8E000284601E01BE068420A28C7DC00BF1FEDC4
:10B8F0006C1A5FED760A0A209FEDA00AF7F767FD44
:10B9000006E0012010F08CFFF5F7ACF800B905E077
:10B91000042197480DF084FD0028F2D060E08F48A4
:10B92000006801285CD18E480068012858D18D48F4
:10B930000068012854D18C480068A0BB24E0042191
:10B940008B480DF06DFD78B94FF4006189480DF01A
:10B9500067FD48B91FED861A5FED900A0F209FED35
:10B96000860AF7F734FD08E01FED8B1A5FED950AA4
:10B970000F201FED980AF7F72AFD012010F050FF65
:10B98000F5F770F800B912E0802170480DF048FD1D
:10B990000028D4D06E4800686E490968451A002D09
:10B9A00002DB284601E01BE068420A28C7DC00BF32
:10B9B0001FED9D1A5FEDA70A0A209FED700AF7F7A9
:10B9C00006FD06E0012010F02BFFF5F74BF800B95B
:10B9D00005E0042166480DF023FD0028F2D000BFE9
:10B9E00040F23520F8F7B4FB1FEDAB1A5FEDB50A56
:10B9F0000A201FEDB80AF7F7EAFC40F2DC5010F01D
:10BA00000FFF70BD10B5FFF7A4FC9FED5D1A5FED51
:10BA1000BD0A09209FED5B0AF7F7D9FC4FF47A6065
:10BA200010F0FEFE0020F7F7DDFB57480068012804
:10BA300007D1F9F7AEFA41F6583010F0F1FEFFF7F2
:10BA400023FE0020F7F7CEFB10BD10B500204F49B4
:10BA500008604248006800285CD14148006800281E
:10BA600058D140480068002854D13F480068002859
:10BA700050D1C820464908604648006846490860D9
:10BA800000203549086019E006E0012010F0C8FEEA
:10BA9000F4F7E8FF00B90BE0404909683E4A126834
:10BAA000881A002801DB014600E041420529ECDC50
:10BAB00000BF29480068401C2749086026480068E4
:10BAC0009628E1DB33480068FDF7C0FD02211F48DE
:10BAD0000DF0A6FC68B91FEDF21A5FEDF20A0A201C
:10BAE0009FED2F0AF7F773FC41F2707010F098FE8B
:10BAF0000CE01FEDF91A5FEDF70A0A209FED1F0A0F
:10BB0000F7F765FC41F2707010F08AFE01201349CE
:10BB1000086088E011480068012876D12148006853
:10BB2000002872D1C8201A4908601F4800681A49C5
:10BB300008600020084908604AE037E0012010F062
:10BB40006FFEF4F78FFF00B93CE02FE000040240E5
:10BB5000BC000020FC030020AC030020A002002059
:10BB6000A4020020A8020020AC020020A0000020B7
:10BB700000100240000002400040B5C40000E14453
:10BB80009A99993E0040CE44E8000020BC02002073
:10BB90002C0400209001002008040020B0000020A8
:10BBA00000000000B002002094010020F84909685C
:10BBB000F84A1268881A002801DB014600E0414279
:10BBC0000529BBDC00BFF4480068401CF24908604E
:10BBD000F14800689628B0DBF0480068FDF7B7FE32
:10BBE0000120EF4908600221EE480DF019FC68B908
:10BBF0009FEDED1ADFEDED0A0A201FED170AF7F7AA
:10BC0000E6FB41F2707010F00BFE0CE09FEDE61ABF
:10BC1000DFEDE70A0A201FED270AF7F7D8FB41F20C
:10BC2000707010F0FDFD0020E249086010BD10B5F5
:10BC3000FFF70BFF0020F7F7D5FADF48006801286F
:10BC400007D1F9F7A6F941F6583010F0E9FDF8F7F9
:10BC5000E8FA10BD70B5D9480468D9480668F9F704
:10BC600098F940F20910F8F773FAD64800680028EE
:10BC70004AD1D5480068002846D1D4480068002839
:10BC800042D1D3480068A0BB1DE0D2480068A04262
:10BC900009DD9FEDD11ADFEDC60A0F209FEDCF0A17
:10BCA000F7F795FB08E09FEDCC1ADFEDC10A0A20FB
:10BCB0009FEDBE0AF7F78BFB012010F0B1FDF4F702
:10BCC000D1FE00B919E04021B6480DF0A9FB0028CB
:10BCD000DBD04FF48071C2480DF0A2FB0028D4D015
:10BCE000C0480068C0490968451A002D02DB284693
:10BCF00001E009E068420A28C7DC00BF4FF47A710E
:10BD00002046F8F725FE1CE1AE480068012848D11E
:10BD1000AD480068D0BBAD480068B8BBAC4800680F
:10BD2000A0BB1DE0AB480068A04209DD9FEDAA1A48
:10BD3000DFED9F0A0F209FEDA90AF7F748FB08E007
:10BD40009FEDA51ADFED9A0A0A209FED980AF7F7F2
:10BD50003EFB012010F064FDF4F784FE00B919E009
:10BD6000402190480DF05CFB0028DBD04FF480713F
:10BD70009B480DF055FB0028D4D09A4800689A499A
:10BD80000968451A002D02DB284601E009E06842F7
:10BD90000A28C7DC00BF4FF47A712046F8F7D8FDB7
:10BDA000CFE088480068012863D1874800680128EF
:10BDB0005FD18648006800285BD185480068D8BB01
:10BDC00024E0042189480DF02BFB78B94FF4006181
:10BDD00083480DF025FB48B99FED7F1ADFED740A0B
:10BDE00012201FED9B0AF7F7F2FA08E09FED7A1A8E
:10BDF000DFED6F0A0A209FED6D0AF7F7E8FA0120E0
:10BE000010F00EFDF4F72EFE00B919E04021654850
:10BE10000DF006FB0028D4D04FF4807170480DF06F
:10BE2000FFFA0028CDD06F4800686F490968451AAD
:10BE3000002D02DB284601E01BE068420A28C0DC36
:10BE400000BF9FED651ADFED5A0A0A201FEDB50A03
:10BE5000F7F7BDFA06E0012010F0E2FCF4F702FE6D
:10BE600000B905E0042161480DF0DAFA0028F2D0AB
:10BE700067E054480068012863D1534800680128EE
:10BE80005FD15248006801285BD151480068D8BB97
:10BE900024E0042155480DF0C3FA78B94FF400614D
:10BEA0004F480DF0BDFA48B99FED4B1ADFED400A3F
:10BEB00012201FEDCF0AF7F78AFA08E09FED461A25
:10BEC000DFED3B0A0A209FED390AF7F780FA0120DF
:10BED00010F0A6FCF4F7C6FD00B919E04021314886
:10BEE0000DF09EFA0028D4D04FF480713C480DF03C
:10BEF00097FA0028CDD03B4800683B490968451AAD
:10BF0000002D02DB284601E01BE068420A28C0DC65
:10BF100000BF9FED311ADFED260A0A201FEDE90A66
:10BF2000F7F755FA06E0012010F07AFCF4F79AFDD5
:10BF300000B905E004212D480DF072FA0028F2D076
:10BF400000BF0020F7F74EF970BD10B5FFF701FAFA
:10BF5000B6EE001ADFED160A09201FEDF60AF7F714
:10BF600036FA4FF47A6010F05BFC0020F7F73AF9EC
:10BF700011480068012807D1F9F70BF841F658304D
:10BF800010F04EFCFFF766FE0020F7F72BF910BD0E
:10BF9000B000002008040020AC0300209401002021
:10BFA000B002002000040240CDCC4C3F000061C430
:10BFB00000006144F0000020E8000020B0010020F3
:10BFC000B4010020A0020020A4020020A80200204A
:10BFD000AC020020A00000203333333F008022C495
:10BFE00000000240BC000020FC03002000100240C2
:10BFF00010B5FFF7AEF90020F7F7F4F810BD10B553
:10C000000020FA490860FA480068002847D1F9483A
:10C010000068002843D1F848006800283FD1F7485D
:10C02000006800283BD16420F5490860F5480068A5
:10C03000F54908600020F549086019E006E0012094
:10C0400010F0EEFBF4F70EFD00B90BE0F0490968C3
:10C05000ED4A1268881A002801DB014600E04142DF
:10C060000329ECDC00BFE9480068401CE749086090
:10C07000E64800689628E1DBFCF73CFE1FED361A27
:10C080005FED360A0C209FEDE30AF7F7A0F941F2C5
:10C09000883010F0C5FB0120D5490860E1E0D448A4
:10C0A0000068012847D1D3480068002843D1D2480E
:10C0B0000068E8BBD1480068D0BB6420D049086064
:10C0C000D5480068D04908600020D049086019E0D0
:10C0D00006E0012010F0A4FBF4F7C4FC00B90BE06B
:10C0E000CB490968C84A1268881A002801DB014652
:10C0F00000E041420329ECDC00BFC4480068401C5A
:10C10000C2490860C14800689628E1DBFCF701FFDE
:10C110001FED5B1A5FED5B0A0C209FEDBE0AF7F77F
:10C1200056F941F2883010F07BFB0120B14900E064
:10C1300001E0086095E0AE480068012847D1AD48AD
:10C140000068012843D1AC480068E8BBAB480068F0
:10C15000D0BB6420AA490860B0480068AA490860BA
:10C160000020AA49086019E006E0012010F058FB01
:10C17000F4F778FC00B90BE0A5490968A24A1268F7
:10C18000881A002801DB014600E041420329ECDC6B
:10C1900000BF9E480068401C9C4908609B4800689E
:10C1A0009628E1DBFCF7F5FF1FED811A5FED810AB0
:10C1B0000C209FED9B0AF7F70AF941F2883010F046
:10C1C0002FFB01208C4900E001E0086049E088482D
:10C1D0000068012845D187480068012841D1864878
:10C1E000006801283DD185480068D0BB642084499F
:10C1F00008608C4800688449086000208349086012
:10C2000019E006E0012010F00BFBF4F72BFC00B95D
:10C210000BE07F4909687C4A1268881A002801DB14
:10C22000014600E041420329ECDC00BF774800688A
:10C23000401C76490860754800689628E1DBFDF7E8
:10C24000C6F81FEDA71A5FEDA70A0C209FED740A30
:10C25000F7F7BDF841F2883010F0E2FA01206749A3
:10C26000086000207049086010BD10B500205F49CB
:10C2700008605F48006800285CD15E4800680028BC
:10C2800058D15D480068002854D15C4800680028F7
:10C2900050D1C8205A490860644800685A4908606B
:10C2A00000205A49086019E006E0012010F0B8FAB1
:10C2B000F4F7D8FB00B90BE055490968524A1268F7
:10C2C000881A002801DB014600E041420529ECDC28
:10C2D00000BF4E480068401C4C4908604B4800684D
:10C2E0009628E1DB51480068FDF7B0F9012040498C
:10C2F000086002214E480DF093F868B9B6EE001AB6
:10C300005FEDD60A0A209FED4B0AF7F760F841F27D
:10C31000707010F085FA65E01FEDDD1A5FEDDC0A44
:10C320000A20B2EE040AF7F752F841F2707010F0EA
:10C3300077FA57E02E480068012853D13E4800683C
:10C3400000284FD1C8202E4908603C4800682E497B
:10C35000086000202D49086019E006E0012010F077
:10C360005FFAF4F77FFB00B90BE029490968264A18
:10C370001268881A002801DB014600E041420329C7
:10C38000ECDC00BF21480068401C204908601F48C1
:10C3900000689628E1DB29480068FDF7D8FA0120FB
:10C3A00025490860022122480DF03AF868B9B6EE36
:10C3B000001ADFED230A0A209FED1E0AF7F707F89F
:10C3C00041F2707010F02CFA0CE0B6EE001ADFEDBE
:10C3D0001D0A0A20B2EE040AF6F7F9FF41F2707066
:10C3E00010F01EFA00201049086010BDC0020020A5
:10C3F000A0020020A4020020A8020020AC0200201D
:10C400002C0400209801002008040020AC03002028
:10C41000B00000200080E3449C010020A001002027
:10C420000000D744A4010020EC000020A801002057
:10C43000000402400040E244B0020020AC010020B1
:10C44000000061C40000614410B50020FE4908608E
:10C45000FE48006800285ED1FD48006800285AD1D7
:10C46000FC480068002856D1FB480068002852D1DB
:10C47000C820FA490860FA480068001FF9490860B6
:10C480000020F949086019E006E0012010F0C8F921
:10C49000F4F7E8FA00B90BE0F4490968F14A1268C8
:10C4A000881A002801DB014600E041420329ECDC48
:10C4B00000BFED480068401CEB490860EA4800688E
:10C4C0009628E1DBE6490968081FFDF7BFF801205F
:10C4D000DE4908600221E6480CF0A2FF68B99FED32
:10C4E000E51A5FED290A0C201FED360AF6F76FFFFB
:10C4F0004FF47A6010F094F965E09FEDDE1A5FED7D
:10C500002F0A0C20B3EE040AF6F761FF4FF47A60AD
:10C5100010F086F957E0CD480068012853D1D6487D
:10C52000006800284FD1C820CC490860D348006873
:10C53000CC4908600020CC49086019E006E00120E1
:10C5400010F06EF9F4F78EFA00B90BE0C7490968EC
:10C55000C44A1268881A002801DB014600E0414203
:10C560000329ECDC00BFC0480068401CBE490860DD
:10C57000BD4800689628E1DBC0480068FDF7E7F990
:10C580000120BD4908600221B9480CF049FF68B993
:10C590009FEDB81A5FED560A0C201FED620AF6F700
:10C5A00016FF4FF47A6010F03BF90CE09FEDB11AE2
:10C5B0005FED5C0A0C20B3EE040AF6F708FF4FF4B7
:10C5C0007A6010F02DF90020AD49086010BD10B55B
:10C5D0000020AC4908609D48006800283ED19C4876
:10C5E000006800283AD19B480068002836D19A4854
:10C5F000006890BB642099490860A3480068994985
:10C60000086000209849086019E006E0012010F059
:10C6100007F9F4F727FA00B90BE094490968914A41
:10C620001268881A002801DB014600E04142052912
:10C63000ECDC00BF8C480068401C8B4908608A48CD
:10C6400000689628E1DB4FF47A7010F0E9F8FDF706
:10C65000D2FA01207D490860C7E0FFE77B48006807
:10C6600001283DD17A480068C8BB7A480068B0BB51
:10C670007948006898BB642078490860834800685E
:10C68000C01C7849086000207749086019E006E07E
:10C69000012010F0C5F8F4F7E5F900B90BE0734993
:10C6A0000968704A1268881A002801DB014600E018
:10C6B00041420529ECDC00BF6B480068401C6A4918
:10C6C0000860694800689628E1DB4FF47A7010F042
:10C6D000A7F8FDF70CFC01205D49086085E0FFE745
:10C6E0005A48006801283ED15948006801283AD1CB
:10C6F00058480068B0BB5848006898BB6420574948
:10C70000086062480068401F56490860002056498A
:10C71000086019E006E0012010F082F8F4F7A2F9B1
:10C7200000B90BE0514909684E4A1268881A00287E
:10C7300001DB014600E041420529ECDC00BF4A482C
:10C740000068401C48490860474800689628E1DBBB
:10C750004FF47A7010F064F8FDF769FD01203D494F
:10C76000086042E0FFE73948006801283DD13848B9
:10C770000068012839D137480068012835D136488A
:10C78000006890BB6420354908603F480068401F3E
:10C790003449086000203449086019E006E00120AF
:10C7A00010F03EF8F4F75EF900B90BE02F49096884
:10C7B0002C4A1268881A002801DB014600E0414239
:10C7C0000529ECDC00BF28480068401C26490860A9
:10C7D000254800689628E1DB4FF47A7010F020F8C5
:10C7E000FDF79BFE01201C490860002028490860D5
:10C7F00002211F480CF014FE10B9FEF7E8FA01E020
:10C80000FEF766FA10BD70B504460B46201E01DB2C
:10C81000064600E0464231463C2901DD104670BD27
:10C820000F2901DA1846FAE700EE901AF8EEE00A4E
:10C830009FED181A30EE811A00EE901AF8EEE00A19
:10C8400080EE810AD01A27E0C0020020A00200205A
:10C85000A4020020A8020020AC0200202C0400202A
:10C86000A801002008040020AC030020B000002034
:10C8700000040240CDCC4C3FB0020020AC010020AF
:10C88000EC000020B8020020780100207C0100208C
:10C89000E800002000000C4200EE900AB8EEE01A1A
:10C8A00000EE903AF8EEE00A41EE000AFDEEE00AF2
:10C8B00010EE905A2846B2E72DE9F04104460D46A5
:10C8C0000020FE4908603DE02CE0FD480068071BA1
:10C8D0002D2204213846FFF796FF0646F8480068E7
:10C8E000001B002809DD9FEDF71ADFEDF70A30463F
:10C8F0009FEDF60AF6F76BFD10E0F1480068001BAB
:10C9000009D59FEDF01ADFEDF00A30469FEDF00AF1
:10C91000F6F75DFD02E00020F6F764FCF4F7A2F8FC
:10C9200000B909E0E6490968081B002801DB014657
:10C9300000E041420129C8DC00BFE0480068401C1B
:10C94000DE490860DD480068A842BDDBBDE8F08133
:10C950002DE9F04104460D460020D84908603DE02D
:10C960002CE0DC480068071B082204213846FFF74A
:10C970004AFF0646D7480068001B002809DDB6EECE
:10C98000001ADFEDD10A30469FEDD30AF6F71FFDFE
:10C9900010E0D0480068001B09D5B6EE001ADFEDA4
:10C9A000CA0A30469FEDC80AF6F711FD02E00020E2
:10C9B000F6F718FCF4F756F800B909E0C54909681C
:10C9C000081B002801DB014600E041420129C8DCC8
:10C9D00000BFBA480068401CB8490860B748006802
:10C9E000A842BDDBBDE8F0812DE9F04704460D46C5
:10C9F00016461F460020B14908603EE02DE0B748CA
:10CA00000068A0EB04083A4631464046FFF7FBFEBB
:10CA10008146B2480068001B002809DD9FEDB01A6E
:10CA2000DFEDA90A48469FEDAA0AF6F7D0FC10E010
:10CA3000AA480068001B09D59FEDA91ADFEDA20ADC
:10CA400048469FEDA20AF6F7C2FC02E00120F6F785
:10CA5000C9FBF4F707F800B909E0A0490968081B09
:10CA6000002801DB014600E041420129C7DC00BF8C
:10CA700092480068401C9149086090480068A842AC
:10CA8000BCDBBDE8F0872DE9F04104460D460020EF
:10CA90008A4908603BE02AE090480068071B384656
:10CAA000F7F73BFF06468D480068001B002809DDAC
:10CAB0001FED901ADFED880A30469FED840AF6F7E5
:10CAC00086FC10E085480068001B09D51FED971A09
:10CAD000DFED810A30469FED7E0AF6F778FC02E032
:10CAE0000020F6F77FFBF3F7BDFF00B909E07B49B3
:10CAF0000968081B002801DB014600E041420129CA
:10CB0000CADC00BF6D480068401C6C4908606B4877
:10CB10000068A842BFDBBDE8F0817248C079C8B1A7
:10CB20007048407800F00800A0B16F48C07F40F026
:10CB300004006D49C8770846C07F40F00800C877F8
:10CB40000846C07F40F04000C8770846C07F40F0EC
:10CB50001000C877704700B5F7F7ECFA40F28B1079
:10CB60006249086040F213106149086000BD73B566
:10CB70002DED028B282505269FED540AB0EE408A44
:10CB800058480079322805DB56480079C82801DC6E
:10CB9000012000E0002004465248407800F00100E7
:10CBA00030B19DF80C509FED4E0AB0EE408A05E082
:10CBB0009DF80850B6EE000AB0EE408A4948007869
:10CBC00000F0080098B14748007800F0100070B9F4
:10CBD0004448007800F0200048B94248007800F04E
:10CBE000400020B929460020F6F7E7FBD0E03D4899
:10CBF000007800F00800A0B93A48007800F0100072
:10CC000078B13848007800F0200050B935480078F5
:10CC100000F0400028B929464FF4E160F6F7CDFB5B
:10CC2000B6E03048007800F00800A0B92D48007840
:10CC300000F0100078B92B48007800F0200050B1C7
:10CC40002848007800F0400028B929464FF4617068
:10CC5000F6F7B3FB9CE02348007800F0080098B991
:10CC60002048007800F0100070B91E48007800F0ED
:10CC7000200048B91B48007800F0400020B1294648
:10CC80001C48F6F79AFB83E01648007800F008008D
:10CC900090B31448007800F0100068BB1148007889
:10CCA00000F0200040B30F48007800F0400018BBAF
:10CCB00029464FF4E170F6F780FB69E0AC030020F1
:10CCC000A00000206666663F00006144000000008E
:10CCD0000000E14498000020000061C4A40000208E
:10CCE0003333333F5308002004000020F0030020BA
:10CCF000FC0300207CFCFFFFFFE7FB48007800F00E
:10CD0000080098B1F848007800F0100070B9F648B3
:10CD1000007800F0200048B9F348007800F04000A7
:10CD200020B12946F148F6F748FB31E0EE4800789B
:10CD300000F00800A0B9EC48007800F0100078B1CD
:10CD4000E948007800F0200050B1E748007800F092
:10CD5000400028B9294640F24650F6F72EFB17E06E
:10CD6000E148007800F0080090B9DF48007800F052
:10CD7000100068B1DC48007800F0200040B9DA48C3
:10CD8000007800F0400018B12946D948F6F715FBA5
:10CD9000D548007800F00800F8B9D348007800F0D2
:10CDA0001000D0B9D048007800F02000A8B9CE48D3
:10CDB000007800F0400080B97CB1F5F74FFF60B11A
:10CDC000C948407800F0400038B9C748407800F0C2
:10CDD000200010B90520F6F705FA14B1F6F72BFA82
:10CDE00027E0C148007932280EDAF5F737FF28B17D
:10CDF0000020B1EE480AF6F7D0FA1AE00020B1EEB2
:10CE0000480AF6F7CAFA14E0B7480079C8280EDDD8
:10CE1000F5F724FF28B10020B0EE480AF6F7BDFA76
:10CE200007E00020B0EE480AF6F7B7FA01E0F6F79F
:10CE300002FABDEC028B7CBDFEB504460D461646DB
:10CE40009620AC490860AC480068AC490860FA20FC
:10CE5000AB490860AB480068AB490860F7F771F967
:10CE60004FF4AF70A9490860A9490860A94890F833
:10CE7000230040F00100A74981F823006FF09500DE
:10CE8000A0EB440000EE900AF8EEE00AB0EE600A73
:10CE90009FEDA11AF0EE080A2320F6F798FA002079
:10CEA0009E49086010E003E0F3F7DCFD00B905E0FF
:10CEB000A4F114009A4909688842F5DC00BF97483C
:10CEC0000068401C95490860944800686428EADBC3
:10CED000F7F737F940F262208C490860401F8C490F
:10CEE000086000208D4908601EE012E00F209621A6
:10CEF00001222346CDE900210290002211461E2086
:10CF0000FAF7B5F801200FF08BFCF3F7ABFD00B991
:10CF100004E084480068B0F5EB7FE7DB00BF7F48A2
:10CF20000068401C7D4908607C4800683228DCDBD2
:10CF300000207A4908601AE00FE00F2064210122E6
:10CF40002346CDE900210290002211461920FAF76C
:10CF50008EF8F3F787FD00B903E0734800681028E6
:10CF6000EBDC00BF6D480068401C6C4908606B48F2
:10CF70000068FA28E0DB0020684908602FE01BE029
:10CF8000694800680E2807DA624890F8230040F0EC
:10CF90000200604981F823000F203221012223463C
:10CFA000CDE900210290002211460720FAF75FF830
:10CFB000F3F758FD00B90CE04FF480515B480CF0DA
:10CFC0002FFA30B94FF4806158480CF029FA002844
:10CFD000D6D000BF51480068401C504908604F48F7
:10CFE00000686428CBDB3220F6F7FCF800204B49C0
:10CFF000086035E021E008214C480CF011FA0128C6
:10D0000004D106214A48F6F7D8F90FE04FF4004161
:10D0100046480CF005FA012805D1062140F2663099
:10D02000F6F7CBF902E00020F6F7DCF802200FF06B
:10D03000F7FBF3F717FD00B90CE04FF400413B4854
:10D040000CF0EEF90128D6D0082138480CF0E8F9A8
:10D050000128D0D000BF31480068401C2F4908602B
:10D060002E480068B0F5FA7FC4DB2A4890F8230008
:10D0700000F0FE00274981F8230006210020F6F782
:10D080009CF940F6C4100FF0CBFB1E20F6F7AAF86F
:10D09000234800682749086000202049086072E0A2
:10D0A00059E04AE0082121480CF0BAF9012804D1DE
:10D0B00005211F48F6F781F90FE04FF400411B48A6
:10D0C0000CF0AEF9012805D1052140F26630F6F7E3
:10D0D00074F902E00020F6F785F802200FF0A0FBBB
:10D0E000F3F7C0FC40BB35E0530800203EFEFFFFD5
:10D0F000BAFAFFFF30040020BC0100201404002015
:10D1000034040020C001002020040020F00300208F
:10D11000FC030020040000209A99993EAC030020F3
:10D12000A4000020B80000209C0000200010024055
:10D130009AFCFFFF78040020FFE74FF40041F84815
:10D140000CF06EF90128ADD00821F5480CF068F913
:10D150000128A7D000BF0221F1480CF061F9012895
:10D160009FD04FF40041EE480CF05AF9012805D148
:10D170000821EB480CF054F9012892D0E9480068E6
:10D18000401CE8490860E7480068B0F5FA7F87DB93
:10D190000020F6F727F81E20E34908604620E349FF
:10D1A000086040F28A20E2490860E24908600020F5
:10D1B000DC49086019E006E003200FF031FBF3F7CB
:10D1C00051FC00B90BE0DC490968D94A1268881A99
:10D1D000002801DB014600E041420529ECDC00BFEC
:10D1E000D0480068401CCF490860CE480068B0F5C0
:10D1F000FA7FE0DBD14890F8230000F0FD00CF4932
:10D2000081F82300CE490968091B01EB8101A5EBD8
:10D2100041001E21F6F7D1F800219FEDCA0ACA4845
:10D22000F6F766F8F6F78DFF11E002200FF0F8FA36
:10D23000F3F718FC00B90FE0C448006810F5E17F6F
:10D2400005DA40F20910BA490860BA490860BF48D7
:10D25000006810F52F7FE8DC00BF0020F5F7C2FF63
:10D260009FEDBB1ADFEDBB0A09209FEDBB0AF6F765
:10D27000AEF80020AB49086019E006E005200FF089
:10D28000CFFAF3F7EFFB00B90BE04FF48071A4483D
:10D290000CF0C6F828B98021A1480CF0C1F800288C
:10D2A000ECD000BF9F480068401C9E4908609D4824
:10D2B00000686428E1DB4FF4FA600FF0B1FA4FF434
:10D2C0007A713046FFF7DFFB0020F5F78BFF9FED0B
:10D2D000A01ADFEDA00A09209FED9F0AF6F777F864
:10D2E00040F6B8300FF09CFA0020F5F77BFF1420D1
:10D2F0008D4908602D208D490860FF208C49086009
:10D300008C490860FEBD10B5F6F71BFFFF20884969
:10D310000860884908604FF4FA600FF081FA874886
:10D32000C07F40F004008549C877B0EE001ADFEDF9
:10D330008A0A14209FED890AF6F749F806E00520CD
:10D340000FF06EFAF3F78EFB00B905E07F48006836
:10D3500040F27F318842F2DB00BF0020F5F742FF48
:10D360007F480068012808D1412304224FF47A71D4
:10D370007C480068FFF738FB0CE07948006848B942
:10D3800078490968A1F10F00412305224FF47A7111
:10D39000FFF72AFB74480068012804D1012104200A
:10D3A000F4F7FCFF02E00020704908600020F5F768
:10D3B00019FF10BD10B5F6F7C4FEFF205C490860E8
:10D3C0005C4908604FF4FA600FF02AFA5B48C07FAE
:10D3D00040F004005949C877B0EE001ADFED5E0A4C
:10D3E00014209FED630AF5F7F2FF06E005200FF029
:10D3F00017FAF3F737FB00B905E05448006840F22C
:10D400007F318842F2DB00BF0020F5F7EBFE544885
:10D41000006850B957490968A1F10F00412305225E
:10D420004FF47A71FFF7E0FA0BE04D4800680128ED
:10D4300007D1412304224FF47A714E480068FFF768
:10D44000D3FA0020F5F7CEFE47480068022804D141
:10D4500001210420F4F7A2FF02E000204349086004
:10D4600010BD10B5F6F76DFEFF2031490860314957
:10D4700008604FF4FA600FF0D3F93048C07F40F0F5
:10D4800004002E49C877B0EE0C1ADFED330A0F20E6
:10D490009FED390AF5F79BFF06E005200FF0C0F974
:10D4A000F3F7E0FA00B905E02848006840F27F3160
:10D4B0008842F2DB00BF0020F5F794FE28480068A0
:10D4C000012808D1412304224FF47A712B480068C7
:10D4D000FFF78AFA0CE02248006848B92749096832
:10D4E000A1F10F00412305224FF47A71FFF77CFA76
:10D4F0001D480068032804D101210420F4F74EFFE1
:10D5000002E00020194908600020F5F76BFE10BD0D
:10D5100070B504460D4600200249086042E0000054
:10D5200000100240AC030020240400202804002046
:10D53000F0030020FC030020B800002004000020BD
:10D54000780400209A9999BF7CFCFFFF60030020BB
:10D550003333333F000061C40000614400C0C1C4E4
:10D56000E8000020C80100207002002074020020A2
:10D570000040CEC4D001002000C080C4E8010020DB
:10D5800006E001200FF04CF9F3F76CFA00B903E064
:10D59000FA480068A042F4DB00BFF9480068401C6C
:10D5A000F7490860F6480068A842E9DB70BD3EB55F
:10D5B0000446F6F7C6FDF3480068FA30F249086001
:10D5C000F2480068FA30F24908609FEDF21A5FED08
:10D5D0001E0A26201FED210AF5F7F9FE0020E84972
:10D5E000086011E006E001200FF01AF9F3F73AFAAB
:10D5F00000B903E0E14800687328F4DC00BFE048AC
:10D600000068401CDE490860DD480068FA28E9DB54
:10D610000020DB49086023E010E01E209621022252
:10D620002346CDE9002102904FF4617251421C2043
:10D63000F9F76FFDF3F716FA00B90BE0D649096860
:10D64000D34A1268881A002801DB014600E04142F3
:10D650001429E2DC00BFCA480068401CC8490860C1
:10D66000C7480068FA28D7DB9FEDCA1A5FED460A63
:10D6700019201FED480AF5F7AAFE0020C0490860EE
:10D6800011E006E001200FF0CBF8F3F7EBF900B959
:10D6900003E0BA4800683C28F4DC00BFB8480068E2
:10D6A000401CB7490860B6480068FA28E9DBBB4867
:10D6B0000068012807D1FA20B9490860B948006814
:10D6C000DC38B94908604FF42F70F6F741FDB348D4
:10D6D0000068002861D1AA4908601FE014E01E20FC
:10D6E00096210222A4F10F03CDE9002102904FF40C
:10D6F000617251421220F9F70CFD01200FF090F8F1
:10D70000F3F7B0F900B903E09C4800680F28E6DCA5
:10D7100000BF9B480068401C994908609848006811
:10D72000FA28DBDB0020964908602BE011E01E2080
:10D7300096210222A4F10F03CDE9002102904FF4BB
:10D74000617251420820F9F7E4FCF3F78BF900B954
:10D7500012E0402195480BF063FE0128E7D04FF41A
:10D76000807193480BF05CFE0128E0D080218F4847
:10D770000BF056FE0028DAD000BF81480068401C3C
:10D780007F4908607E480068FA28CFDBA4F10F00CB
:10D790004FF47A71F8F777FF62E08048006801285B
:10D7A0005ED10020764908601EE013E01E2096211D
:10D7B00002222346CDE9002102904FF461725142CA
:10D7C0001220F9F7A6FC01200FF02AF8F3F74AF926
:10D7D00000B903E0694800680F28E7DC00BF68482B
:10D7E0000068401C6649086065480068FA28DCDB70
:10D7F0000020634908602AE010E01E2096210222E2
:10D800002346CDE9002102904FF461725142082075
:10D81000F9F77FFCF3F726F900B912E040216348DD
:10D820000BF0FEFD0128E8D04FF4807160480BF04A
:10D83000F7FD0128E1D080215C480BF0F1FD0028C4
:10D84000DBD000BF4E480068401C4D4908604C4882
:10D850000068FA28D0DB4FF47A712046F8F713FFFE
:10D860000020F5F7BFFC3EBD3EB50446F6F769FC67
:10D8700044480068FA304449086044480068FA3077
:10D88000434908609FED431A5FEDCD0A28201FED44
:10D89000CF0AF5F79CFD00203949086011E006E049
:10D8A00001200EF0BDFFF3F7DDF800B903E03348C7
:10D8B00000687328F4DC00BF31480068401C304920
:10D8C00008602F480068FA28E9DB9FED321A5FED07
:10D8D000DE0A23201FEDE10AF5F779FD0020284933
:10D8E000086011E006E001200EF09AFFF3F7BAF8A5
:10D8F00000B903E0214800683C28F4DC00BF204860
:10D900000068401C1E4908601D480068FA28E9DBD1
:10D91000B6EE001A5FEDF00A19201FEDF20AF5F7D6
:10D9200056FD00201649086011E006E001200EF0C7
:10D9300077FFF3F797F800B903E0104800681E2856
:10D94000F4DC00BF0E480068401C0D4908600C481C
:10D950000068FA28E9DB11480068012807D1FA209D
:10D960000F4908600F480068C8380F4908600B4825
:10D97000006800287ED1024908603BE09800002042
:10D98000AC030020E8030020F0030020F403002093
:10D99000FC0300206666663FBC000020E800002013
:10D9A00034040020C00100202004002000040240B4
:10D9B0000000024014E01E20FE490222A4F10F03E1
:10D9C000CDE9002102904FF4617251421220F9F723
:10D9D0004EFB01200EF024FFF3F744F800B903E0FA
:10D9E000F54800681E28E6DC00BFF4480068401CCB
:10D9F000F2490860F1480068FA28DBDB0020EF49B3
:10DA000008602EE014E01E20EA490222A4F10F0370
:10DA1000CDE9002102904FF4617251420820F9F7DC
:10DA200026FBF3F71FF800B915E001200EF0F8FE11
:10DA30004021E3480BF0F4FC0128E4D04FF480715E
:10DA4000E0480BF0EDFC0128DDD08021DC480BF034
:10DA5000E7FC0028D7D000BFD8480068401CD74951
:10DA60000860D648006840F20E618842CADBA4F123
:10DA70000F0000E004E04FF47A71F8F704FE65E06F
:10DA8000D1480068012861D10020CC4908601EE01F
:10DA900013E01E20C74902222346CDE9002102904F
:10DAA0004FF4617251421220F9F7E1FA01200EF0B1
:10DAB000B7FEF2F7D7FF00B903E0BF4800680F28B0
:10DAC000E7DC00BFBD480068401CBC490860BB489B
:10DAD0000068FA28DCDB0020B849086027E013E082
:10DAE0001E20B44902222346CDE9002102904FF4C2
:10DAF000617251420820F9F7BAFAF2F7B3FF00B9A0
:10DB00000FE001200EF08CFE4FF48071AD480BF059
:10DB100087FC0128E4D08021A9480BF081FC002873
:10DB2000DED000BFA5480068401CA4490860A34897
:10DB3000006840F20E618842D1DB40F23520F6F7F2
:10DB400007FB4FF47A712046F8F79DFD0020F5F7AA
:10DB500049FB3EBD3EB50446F6F7F3FA9B48006824
:10DB6000FA309B4908609B480068FA309A4908607F
:10DB70009FED9A1ADFED9A0A26209FED9A0AF5F793
:10DB800026FC00208D49086011E006E001200EF01F
:10DB900047FEF2F767FF00B903E087480068732883
:10DBA000F4DC00BF85480068401C84490860834855
:10DBB0000068FA28E9DB9FED891ADFED890A1E204B
:10DBC0009FED880AF5F703FC00207C49086011E00E
:10DBD00006E001200EF024FEF2F744FF00B903E056
:10DBE000754800685028F4DC00BF74480068401C89
:10DBF0007249086071480068FA28E9DB00206F4923
:10DC000008601FE014E01E209621022204F10F0399
:10DC1000CDE9002102904FF4617251421920F9F7C9
:10DC2000CAFA01200EF0FCFDF2F71CFF00B903E078
:10DC3000614800681E28E6DC00BF60480068401CA0
:10DC40005E4908605D480068FA28DBDB6648C07FF3
:10DC500040F004006449C8775B480068012807D198
:10DC6000FA206249086062480068C8386149086063
:10DC70004FF42F70F6F76CFA5348006800286AD109
:10DC80004E4908601FE014E01E209621022204F194
:10DC90000F03CDE9002102904FF46172514212202E
:10DCA000F9F789FA01200EF0BBFDF2F7DBFE00B9AF
:10DCB00003E0414800680F28E6DC00BF3F480068E9
:10DCC000401C3E4908603D480068FA28DBDB002024
:10DCD0003A4908602EE014E01E209621022204F149
:10DCE0000F03CDE9002102904FF4617251420820E8
:10DCF000F9F761FA01200EF093FDF2F7B3FE00B9D7
:10DD000012E040212E480BF08BFB0128E4D04FF4A9
:10DD100080712C480BF084FB0128DDD0802128483D
:10DD20000BF07EFB0028D7D000BF24480068401CC1
:10DD3000224908602148006840F20E618842CADB2F
:10DD40004FF47A700EF06CFD4FF47A7104F10F000D
:10DD5000F6F7FEFD8FE01C48006801287DD1002009
:10DD6000164908601EE013E01E2096210222234679
:10DD7000CDE9002102904FF4617251421220F9F76F
:10DD80001AFA01200EF04CFDF2F76CFE00B903E028
:10DD9000094800680F28E7DC00BF08480068401CFD
:10DDA0000649086005480068FA28DCDB00200349C2
:10DDB00008604FE0A2FEFFFF98000020AC030020A7
:10DDC0000004024000000240E8000020E8030020B8
:10DDD000F0030020F4030020FC0300203333333F22
:10DDE00000006144000061C40400002034040020ED
:10DDF000C00100202004002013E01E2096210222F2
:10DE00002346CDE9002102904FF46172514208206F
:10DE1000F9F7D1F901200EF003FDF2F723FE00B966
:10DE200012E04021FE480BF0FBFA0128E5D04FF448
:10DE30008071FC480BF0F4FA0128DED08021F8480C
:10DE40000BF0EEFA0028D8D000BFF7480068401C5D
:10DE5000F5490860F448006800E00CE040F20E610B
:10DE60008842C9DB4FF47A700EF0DAFC4FF47A7115
:10DE70002046F6F76DFD0020F5F7B4F93EBD10B56C
:10DE800006E001200EF0CCFCF2F7ECFD00B903E057
:10DE9000E64800680128F4D000BF10BD10B5FFF7B8
:10DEA00032FAFFF7ECFFE148006818B9E048006873
:10DEB000FFF77DFB0120DD49086010BD10B5FFF7BD
:10DEC00079FAFFF7DCFFD948006818B9D94800682B
:10DED000FFF7CAFC0120D549086010BD10B5FFF757
:10DEE000C0FAFFF7CCFFD148006830B9D2480068CB
:10DEF000FFF730FE0120CD49086010BD10B50120AC
:10DF0000CE490860CE480068002848D1CD48006856
:10DF1000002844D1CC480068002840D1CB48006894
:10DF2000E0BBC821CA480068F6F712FDB6EE001A39
:10DF30005FED550A08201FED550AF5F748FA002055
:10DF4000B949086011E006E001200EF069FCF2F723
:10DF500089FD00B903E0BF4800681F28F4DC00BF5A
:10DF6000B1480068401CB0490860AF480068962876
:10DF7000E9DB0020F5F736F940F23520F6F7E8F84E
:10DF80009FEDB51A5FED6A0A06209FEDB40AF5F71A
:10DF90001EFA40F6B8300EF043FC39E1FFE7A8481E
:10DFA0000068012847D1A7480068D0BBA648006890
:10DFB000B8BBA6480068A0BBC821A5480068F6F712
:10DFC000C7FCB6EE001A5FED7A0A05201FED7B0A4A
:10DFD000F5F7FDF900209449086011E006E0012002
:10DFE0000EF01EFCF2F73EFD00B903E09948006810
:10DFF0001F28F4DC00BF8C480068401C8A49086078
:10E00000894800689628E9DB0020F5F7EBF840F234
:10E010003520F6F79DF89FED901A5FED8F0A0620E8
:10E0200000E008E09FED8D0AF5F7D1F940F6B83031
:10E030000EF0F6FBECE082480068012874D18148BC
:10E040000068012870D18048006800286CD17F48A2
:10E050000068002868D1C8217D480068F6F778FC80
:10E060004FF4FF70F6F774F8B6EE001A5FEDA40AED
:10E070000A201FEDA40AF5F7AAF900206A490860F2
:10E0800019E006E001200EF0CBFBF2F7EBFC00B943
:10E090000BE073490968734A1268881A002801DB8B
:10E0A000014600E041420A29ECDC00BF5E480068FE
:10E0B000401C5D4908605C480068FA28E1DB0020EC
:10E0C0005949086014E006E0F2F7CCFC00B909E019
:10E0D00001200EF0A5FB4FF4807152480BF0A0F91F
:10E0E0000128F1D000BF50480068401C4E4908602C
:10E0F0004D48006840F20E618842E4DB0A20F5F7E3
:10E1000071F840F23520F6F723F89FED531A5FEDD2
:10E11000CC0A07209FED510AF5F759F940F6B830BF
:10E120000EF07EFB74E0FFE74548006801286FD1E0
:10E130004448006801286BD143480068012867D132
:10E1400042480068002863D1C82141480068F6F7BA
:10E15000FFFB4FF4FF70F5F7FBFFB6EE001A5FED23
:10E16000E00A0A201FEDE10AF5F731F900202E49F7
:10E17000086019E006E001200EF052FBF2F772FC95
:10E1800000B90BE036490968364A1268881A002837
:10E1900001DB014600E041420A29ECDC00BF2248D5
:10E1A0000068401C204908601F480068FA28E1DB2D
:10E1B00000201D49086014E006E0F2F753FC00B9A6
:10E1C00009E001200EF02CFB4FF4807115480BF094
:10E1D00027F90128F1D000BF13480068401C1249FC
:10E1E00008601148006840F20E618842E4DB40F2AA
:10E1F0003520F5F7ADFF9FED181ADFED1B0A07205C
:10E200009FED160AF5F7E3F840F6B8300EF008FB7C
:10E2100016480068012831D1F6F7BBFE28E000005F
:10E220000004024000000240AC0300207402002001
:10E23000C8010020D0010020DC010020BC02002029
:10E24000A0020020A4020020A8020020AC020020AE
:10E25000B001002098000020CDCCCC3D0000000093
:10E26000BC000020FC03002000006144E800002006
:10E2700040F6C4100EF0D4FAFDF706FA0020F4F7C9
:10E28000B1FF10BD10B5FA480068002879D1F948EF
:10E2900000680028FAD1F84800680028F6D1F7484D
:10E2A00000680028F2D1F020F5490860F5480068C0
:10E2B000F5490860F548C07F40F00400F349C8778D
:10E2C000F6F702FF0020F249086019E006E001209D
:10E2D0000EF0A6FAF2F7C6FB00B90BE0ED490968AB
:10E2E000ED4A1268881A002801DB014600E041422D
:10E2F0000A29ECDC00BFE6480068401CE4490860DD
:10E30000E3480068FA28E1DBB6EE001A5FED2A0A5E
:10E310000A209FEDE20AF5F75AF80020DC49086070
:10E3200019E006E0F2F79EFB00B90EE001200EF0C6
:10E3300077FA4FF48071DA480BF072F828B980212F
:10E34000D7480BF06DF80028ECD000BFD04800682B
:10E35000401CCF490860CE48006840F20E618842F8
:10E36000DFDB0A20F4F73EFFB6EE001A5FED420A4B
:10E3700005209FEDCC0AF5F72AF80020C449086073
:10E3800015E01CE006E001200EF04AFAF2F76AFB05
:10E3900000B906E04FF40061C3480BF041F80028D3
:10E3A000F1D000BFBA480068401CB9490860B848BD
:10E3B00000689628E6DB0020F4F714FF61E0AC4823
:10E3C000006801285DD1B9480068002859D1F020C3
:10E3D000AB490860B6480068AB490860AB48C07FED
:10E3E00040F00400A949C877F6F76EFE0020A8495E
:10E3F000086019E006E001200EF012FAF2F732FB95
:10E4000000B90BE0A3490968A34A1268881A0028DA
:10E4100001DB014600E041420A29ECDC00BF9C48D8
:10E420000068401C9A49086099480068FA28E1DBB6
:10E43000B6EE001A5FED740A05209FED9A0AF4F714
:10E44000C6FF00209249086014E006E001200EF0AB
:10E45000E7F9F2F707FB00B906E04FF400619248D4
:10E460000AF0DEFF0028F1D000BF89480068401C98
:10E4700087490860864800689628E6DB0020F4F7A4
:10E48000B1FE10BD10B58B4804684FF4617148426D
:10E49000F7F7D3FC88480068002872D187480068E5
:10E4A0000028FAD1864800680028F6D1F5F749FE21
:10E4B00084480068FA308449086084480068FA306B
:10E4C00075490860B6EE001A5FED990A14209FEDB9
:10E4D000730AF4F77CFF00206D49086019E006E03C
:10E4E00001200EF09DF9F2F7BDFA00B90BE0694981
:10E4F0000968694A1268881A002801DB014600E0B1
:10E5000041420A29ECDC00BF61480068401C6049B8
:10E5100008605F480068FA28E1DB00205C49086079
:10E5200014E006E0F2F79EFA00B909E001200EF0CF
:10E5300077F94FF480715C480AF072FF0128F1D03E
:10E5400000BF53480068401C5149086050480068AB
:10E5500040F20E618842E4DBB6EE001A5FEDBE0ABF
:10E560000A209FED4E0AF4F732FF00204849086068
:10E570001AE007E001200EF053F9F2F773FA08B938
:10E580000CE03EE043490968434A1268881A0028B3
:10E5900001DB014600E041420A29EBDC00BF3C48B8
:10E5A0000068401C3A49086039480068FA28E0DBF6
:10E5B0000020374908601AE006E0F2F753FA00B984
:10E5C0000FE001200EF02CF94FF4807136480AF06C
:10E5D00027FF0128F1D080213D480AF021FF0028C3
:10E5E000EBD000BF2A480068401C29490860284831
:10E5F000006840F20E618842DEDB0020F4F7F2FD95
:10E600000CE02D480068012802D1FDF73DF805E037
:10E610002B480068012801D1FFF770FC0020F4F7B7
:10E62000E1FD10BD10B5FDF720FE0020F4F7DAFD86
:10E6300021480068012807D1F6F7ABFC41F65830B5
:10E640000EF0EEF8FDF720F810BD10B5FDF7FCFE5A
:10E650000020F4F7C7FD18480068012807D1F6F735
:10E6600098FC41F658300EF0DBF8F5F7DAFD10BDF6
:10E67000A0020020A4020020A8020020AC0200207A
:10E680002C040020A8010020080400200400002021
:10E69000AC030020BC000020FC030020000061C48B
:10E6A000001002400000E14400000240B0020020DF
:10E6B000AC010020B0010020E8000020EC000020A8
:10E6C000F0000020E8030020F0030020F403002005
:10E6D0000004024070B59925F94806684FF461714D
:10E6E0004842F5F75CFFF5F72CFDF6480068FA3074
:10E6F000F5490860F5480068FA30F5490860F548C2
:10E700000068002842D1F448006800283ED1F34850
:10E710000068D0BB9FEDF21ADFEDF20A12201FED68
:10E72000210AF4F754FE0020EF49086026E006E0D5
:10E73000F2F798F900B91BE001200EF071F84FF4E0
:10E740008071EA480AF06CFE0128F1D08021E84887
:10E750000AF066FE0028EBD0E6480068DC4909684C
:10E76000441A002C01DB204600E060420A28DFDC6E
:10E7700000BFDD480068401CDB490860DA480068DB
:10E7800040F20E618842D2DB14E0FFE7D148006816
:10E79000012802D1FCF778FF0CE0D048006801287E
:10E7A00002D1FFF7ABFB05E0CB480068012801D19F
:10E7B000FFF768FD0020F4F715FD70BD70B5C04887
:10E7C0000468CD4805684FF461714842F5F7E7FEEB
:10E7D000C048006800287DD1BF4800680028FAD1F1
:10E7E000BE4800680028F6D140F20910F5F7B0FCE9
:10E7F0000020BD49086019E006E001200EF010F885
:10E80000F2F730F900B90BE0BA490968B04A12686A
:10E81000881A002801DB014600E041420A29ECDCAD
:10E8200000BFB1480068401CAF490860AE480068AE
:10E830003228E1DBB6EE001ADFEDAA0A14201FED44
:10E84000690AF4F7C4FD0020A749086014E006E057
:10E85000F2F708F900B909E001200DF0E1FF4FF4EB
:10E860008071A2480AF0DCFD0028F1D000BF9E486C
:10E870000068401C9C4908609B48006840F20E619B
:10E880008842E4DBB6EE001ADFED960A0A201FED9F
:10E890007D0AF4F79CFD0020934908601CE006E027
:10E8A000F2F7E0F800B90FE001200DF0B9FF4021C8
:10E8B0008F480AF0B5FD0028F2D04FF480718B48E4
:10E8C0000AF0AEFD0028EBD000BF87480068401C6E
:10E8D000854900E00AE008608348006840F20E6164
:10E8E0008842DCDB0020F4F77DFC0CE0794800680E
:10E8F000012802D1FDF7AEF905E07848006801284B
:10E9000001D1F7F7E8FB70BD70B57C480468F6F7F5
:10E9100040FB40F20910F5F71BFC7948006800281D
:10E9200064D178480068002860D1774800680028E2
:10E930005CD176480068002858D124E04FF480511B
:10E940006A480AF06DFD70B9012169480AF068FD56
:10E9500048B99FED631ADFED630A12209FED6C0A40
:10E96000F4F735FD08E09FED5E1ADFED5E0A0A2040
:10E970001FEDB60AF4F72BFD01200DF051FFF2F761
:10E9800071F800B918E0402159480AF049FD002803
:10E99000D4D04FF4807155480AF042FD0028CDD004
:10E9A000544800684A490968451A002D01DB284689
:10E9B00000E068420A28C1DC00BF9FED491ADFED84
:10E9C000490A0A209FED530AF4F701FD06E00120F1
:10E9D0000DF026FFF2F746F800B906E04FF480513B
:10E9E00042480AF01DFD0028F1D031E1444800689A
:10E9F000012864D143480068002860D1424800687B
:10EA000000285CD141480068002858D124E04FF428
:10EA1000805136480AF004FD70B9012134480AF0EB
:10EA2000FFFC48B99FED2E1ADFED2E0A12209FED54
:10EA3000380AF4F7CCFC08E09FED291ADFED290A2B
:10EA40000A201FEDEA0AF4F7C2FC01200DF0E8FEEF
:10EA5000F2F708F800B918E0402125480AF0E0FC78
:10EA60000028D4D04FF4807120480AF0D9FC002847
:10EA7000CDD02048006816490968451A002D01DBF1
:10EA8000284600E068420A28C1DC00BF9FED141A46
:10EA9000DFED140A0A209FED1F0AF4F798FC06E048
:10EAA00001200DF0BDFEF1F7DDFF00B906E04FF4E7
:10EAB00080510E480AF0B4FC0028F1D0C8E02BE0E9
:10EAC000B0010020E8030020F0030020F403002040
:10EAD000FC030020E8000020EC000020F0000020F3
:10EAE0003333333F00006144AC0300200000024098
:10EAF00000040240BC000020B4010020B801002046
:10EB0000A0020020A4020020A8020020AC020020E5
:10EB1000008009C400000000FE480068012849D1B7
:10EB2000FD480068012845D1FC480068B8BBFC4896
:10EB30000068A0BB1DE0FB480068A04209DD1FED96
:10EB4000181A5FED180A0F209FEDF70AF4F73FFC43
:10EB500008E01FED1D1A5FED1D0A0A209FEDF30A64
:10EB6000F4F735FC01200DF05BFEF1F77BFF00B9F7
:10EB700019E04021EE480AF053FC0028DBD04FF4A6
:10EB80008071EC480AF04CFC0028D4D0EA480068B8
:10EB9000EA490968451A002D02DB284601E009E030
:10EBA00068420A28C7DC00BF4FF47A712046F7F7A5
:10EBB0006AFD4DE0D7480068012849D1D648006871
:10EBC000012845D1D5480068012841D1D4480068C2
:10EBD000A0BB1DE0D3480068A04209DD1FED401A2C
:10EBE0005FED400A0F209FEDD00AF4F7F0FB08E03C
:10EBF0001FED451A5FED450A0A209FEDCC0AF4F798
:10EC0000E6FB01200DF00CFEF1F72CFF00B919E036
:10EC10004021C7480AF004FC0028DBD04FF4807183
:10EC2000C4480AF0FDFB0028D4D0C3480068C3499B
:10EC30000968451A002D02DB284601E008E0684219
:10EC40000A28C7DC00BF4FF47A712046F7F71BFD96
:10EC50000020F4F7C7FA70BD10B50120B84908606C
:10EC6000AC480068002875D1AB4800680028FAD18C
:10EC7000AA4800680028F6D1A94800680028F2D107
:10EC800040F20910F5F764FA0020AE49086019E077
:10EC900006E001200DF0C4FDF1F7E4FE00B90BE041
:10ECA000A5490968A54A1268881A002801DB0146AF
:10ECB00000E041420A29ECDC00BFA2480068401C89
:10ECC000A04908609F480068FA28E1DB9FED9E1A82
:10ECD0005FED7C0A0A209FED950AF4F778FB00208F
:10ECE0009849086014E006E0F1F7BCFE00B909E0BD
:10ECF00001200DF095FD4FF480718E480AF090FBD5
:10ED00000028F1D000BF8F480068401C8D49086082
:10ED10008C48006840F20E618842E4DB0020F4F782
:10ED200061FA4FF4C870F5F713FA002085490860BE
:10ED30001AE006E001200DF073FDF1F793FE00B933
:10ED40000CE07D4909687D4A1268881A002802DBB8
:10ED5000014601E04CE041420829EBDC00BF794864
:10ED60000068401C7749086076480068FA28E0DBB4
:10ED700040F2DC500DF054FDC82174480068F7F7EC
:10ED800082FC9FED711A5FEDA90A07209FED700AC2
:10ED9000F4F71DFB40F6C4100DF042FD0020F4F71F
:10EDA00021FA40F23520F5F7D3F9002065490860D3
:10EDB00019E006E001200DF033FDF1F753FE00B934
:10EDC0000BE05D4909685D4A1268881A002801DB7A
:10EDD000014600E041420829ECDC00BF59480068C8
:10EDE000401C5849086057480068FA28E1DBCEE12A
:10EDF00048480068012875D1474800680028FAD1C2
:10EE0000464800680028F6D1454800680028F2D13D
:10EE100040F20910F5F79CF900204A49086019E012
:10EE200006E001200DF0FCFCF1F71CFE00B90BE040
:10EE300041490968414A1268881A002801DB0146E5
:10EE400000E041420A29ECDC00BF3E480068401C5B
:10EE50003C4908603B480068FA28E1DB9FED3A1A1C
:10EE60005FEDE00A0A209FED310AF4F7B0FA0020C6
:10EE70003449086014E006E0F1F7F4FD00B909E058
:10EE800001200DF0CDFC4FF480712A480AF0C8FA39
:10EE90000028F1D000BF2B480068401C29490860B9
:10EEA0002848006840F20E618842E4DB0020F4F755
:10EEB00099F94FF4C870F5F74BF900202149086023
:10EEC0001AE006E001200DF0ABFCF1F7CBFD00B934
:10EED0000CE019490968194A1268881A002802DBEF
:10EEE000014601E06DE041420A29EBDC00BF154814
:10EEF0000068401C1349086012480068FA28E0DBEB
:10EF000040F2DC500DF08CFCC82110480068F7F787
:10EF1000BAFB1FE0A0020020A4020020A8020020EB
:10EF2000AC020020A40000200040B5C4000061C471
:10EF30000004024000000240BC000020FC0300204E
:10EF4000C0020020AC030020CDCC4C3FB801002013
:10EF50000000E144B6EE001ADFEDFE0A07201FEDC7
:10EF6000040AF4F734FA40F6C4100DF059FC0020FE
:10EF7000F4F738F940F23520F5F7EAF80020F649C1
:10EF8000086019E006E001200DF04AFCF1F76AFD87
:10EF900000B90BE0F1490968F14A1268881A0028A3
:10EFA00001DB014600E041420A29ECDC00BFEA48EF
:10EFB0000068401CE8490860E7480068FA28E1DB7F
:10EFC000E5E0E848006801286ED1E74800680128BC
:10EFD0006AD1E6480068E8BBE5480068D0BB4FF45A
:10EFE000C870F5F7B5F80020DB49086019E006E0C5
:10EFF00001200DF015FCF1F735FD00B90BE0D74904
:10F000000968D74A1268881A002801DB014600E027
:10F0100041420A29ECDC00BFCF480068401CCE49C1
:10F020000860CD480068FA28E1DB40F2DC500DF0C2
:10F03000F7FBC821CF480068F7F725FB1FED3E1A04
:10F04000DFEDC40A07201FED3E0AF4F7C0F940F6D1
:10F05000C41000E028E00DF0E3FB40F23520F5F7A6
:10F0600077F80020BC49086019E006E001200DF0A7
:10F07000D7FBF1F7F7FC00B90BE0B8490968B84ACB
:10F080001268881A002801DB014600E041420A2983
:10F09000ECDC00BFB0480068401CAF490860AE48D7
:10F0A0000068FA28E1DB72E0AE48006801286ED102
:10F0B000AD48006801286AD1AC480068012866D1D3
:10F0C000AB480068F0BB4FF4C870F5F741F800207A
:10F0D000A149086019E006E001200DF0A1FBF1F75D
:10F0E000C1FC00B90BE09D4909689D4A1268881A65
:10F0F000002801DB014600E041420A29ECDC00BFA8
:10F1000095480068401C9449086093480068FA28B4
:10F11000E1DB40F6C4100DF083FBC8219548006880
:10F12000F7F7B1FA1FED781ADFED8A0A07201FED15
:10F13000780AF4F74CF940F6C4100DF071FB40F278
:10F14000352000E023E0F5F703F80020824908604D
:10F1500019E006E001200DF063FBF1F783FC00B934
:10F160000BE07E4909687E4A1268881A002801DB94
:10F17000014600E041420A29ECDC00BF7648006805
:10F18000401C7549086074480068FA28E1DB0020DB
:10F19000F4F728F810BD70B5764805684FF4617132
:10F1A0004842F6F74AFE7448006800287AD173484E
:10F1B0000068002876D172480068002872D140F2B9
:10F1C0000910F4F7C5FF1FEDA01ADFED620A122047
:10F1D0001FEDAA0AF4F7FBF800205F49086020E061
:10F1E00006E001200DF01CFBF1F73CFC00B912E039
:10F1F0004FF4807163480AF013F90028F1D05748A2
:10F20000006857490968441A002C01DB204600E0D9
:10F2100060420A28E5DC00BF4F480068401C4E49A8
:10F2200008604D480068FA28DADB9FED571ADFEDD9
:10F23000490A0A201FEDC30AF4F7C9F8002046491D
:10F24000086026E006E001200DF0EAFAF1F70AFC7A
:10F2500000B918E040214D480AF0E2F80028F2D049
:10F260004FF4807147480AF0DBF80028EBD03B48A8
:10F2700000683B490968441A002C01DB204600E085
:10F2800060420A28DFDC00BF33480068401C324976
:10F29000086031480068FA28D4DB0020F3F7A2FFA9
:10F2A00019E0FFE734480068012808D1F5F771FE3E
:10F2B00041F658300DF0B4FAFFF726FB0BE02F486B
:10F2C0000068012807D1FBF7C8FA41F658300DF065
:10F2D000A7FAFFF7C1FC0020F3F784FF70BD10B55B
:10F2E000FCF78DFE1FEDE81ADFED1A0A08209FEDEE
:10F2F000280AF4F76CF840F6B8300DF091FA0020C7
:10F30000F3F770FF1C480068012807D1F5F741FEAC
:10F3100041F658300DF084FAFFF7F6FA10BD10B53B
:10F320004FF461714842F6F788FD134800680028E1
:10F3300066D112480068002862D11148006858BBA5
:10F3400040F20910F4F704FF9FED121ADFED010AF5
:10F35000142022E000006144AC030020BC00002027
:10F36000FC030020A0020020A4020020A80200202C
:10F37000AC020020B8010020E8000020EC000020D2
:10F38000F0000020000002403333333F000402400D
:10F3900000000000CDCC4C3F32E09FEDF70AF4F7BF
:10F3A00016F80020F549086020E006E0F1F75AFB66
:10F3B00000B915E001200DF033FA4FF48071F048E8
:10F3C0000AF02EF80028F1D0EE480068EE490968EE
:10F3D000441A002C01DB204600E060420A28E5DCEC
:10F3E00000BFE6480068401CE4490860E348006844
:10F3F00040F20E618842D8DB0020F3F7F3FE05E00F
:10F40000E2480068012801D1FFF726FC0020F3F74D
:10F41000E9FE10BD704730B500201BE0002116E06A
:10F42000002211E0AFF2130300EB801404EB44045C
:10F43000D74D05EBC40401EB810505EBC10504EBD9
:10F44000850444F82230521C0D2AEBDB491C1E298E
:10F45000E6DB401C1E28E1DBCE4CCF4BC3F80C4250
:10F46000CE4CC3F81042CE4CC3F81442CD4CC84B1E
:10F47000C3F83C4ECC4CC3F8404ECC4CCC4BC3F8FC
:10F480001042CC4CC3F81442CB4CCC4BC3F838449C
:10F49000CB4CC3F83C44C84CC3F84044C94CBC4BAB
:10F4A0009C63C94CDC63C74C1C64C84C5C64C64C90
:10F4B0009C64DC641C655C65C44C9C65DC651C66F6
:10F4C0005C66AFF69F649C67AFF68164DC67C3F847
:10F4D0008440C3F89040AFF2F914C3F88840C3F8F1
:10F4E0009440BB4CC3F8B040C3F8B440B94CC3F827
:10F4F000BC40B94CC3F8C040C3F8CC40B74CC3F8CB
:10F50000C840B74CC3F8EC46B64CC3F8F046B64C0E
:10F51000C3F8F446B54CC3F8F846AFF64764C3F8F1
:10F52000FC46B34CC3F80047AFF66F54C3F804472A
:10F53000AF4CC3F80847AFF2A134C3F80C47AD4C49
:10F54000C3F81047AC4CC3F81447AFF22D24C3F8EE
:10F55000184730BD30B50246A8480068884201DC33
:10F56000002030BDA64800880844642490FBF4F5D0
:10F5700004FB150083B203EB8300A24C2044046813
:10F580001460007910710120EBE70CB50121684689
:10F59000FFF7E0FF08B900200CBD9DF8020048B954
:10F5A0009DF80300012805D197490860F5F7F1FCA3
:10F5B0000120F1E79DF8020050B99DF803000228F0
:10F5C00006D1012071490860FBF747F90120E3E704
:10F5D0009DF8020050B99DF80300032806D10120D0
:10F5E0008A490860FBF7A7F90120D5E70020D3E797
:10F5F0001CB58248006800B91CBDFFF7C6FF68460D
:10F60000F2F7B5FB08B39DF802001E281DDA9DF83D
:10F6100003001E2819DA9DF804000D2815DA9DF85C
:10F62000021001EB811101EB4101594A02EBC101CA
:10F630009DF8032002EB820303EBC20201EB82017F
:10F640009DF8042051F8220080470020704908707E
:10F6500000BFD1E710B500244FF400416D4809F018
:10F66000DFFE50B94FF480616A4809F0D9FE20B935
:10F67000012069490870641C02E000206649087096
:10F680004FF48051634809F0CBFE50B94FF48061CC
:10F69000624809F0C5FE20B9012061490870641C68
:10F6A00002E000205E4908704FF480415B4809F099
:10F6B000B7FE50B94FF48041564809F0B1FE20B969
:10F6C000012058490870641C02E000205549087068
:10F6D0004FF400514F4809F0A3FE50B94FF40061B8
:10F6E0004E4809F09DFE20B901204F490870641C66
:10F6F00002E000204C4908704C48046010BD2DE920
:10F70000F041454800784649097844184548007852
:10F7100045490978451800277E1EFFF79BFF44489E
:10F720000068012805D1002C03DD01274148066847
:10F7300089E03F480068022805D1002D03DD02273B
:10F740003D4806687FE0022C03D10127394806684E
:10F7500079E0022D03D102273748066873E0002CB8
:10F7600003DD0127334806686DE0002D66DD0227C2
:10F770003148066867E061E0000061C4AC03002026
:10F7800000000240BC000020FC030020EC00002030
:10F79000600A00209DDE000850470020BDDE000802
:10F7A000DDDE00081B670008C96A0008B96B0008A5
:10F7B000A81C0020BF6800084F7B00084084002080
:10F7C000BB7A00083DAF0008D9B00008CFC50008DB
:10F7D00005BA00084BBF00082FBC0008F1BF0008A5
:10F7E000635A0008E54900087D5B000885E40008CD
:10F7F00045550008836400088965000864020020FC
:10F800006A02002062080020E8000020F0000020CA
:10F810006D02002000040240CC020020000C0240D7
:10F82000CD020020CE020020CF020020C80200201E
:10F830007C04002060010020640100200020FE49BB
:10F840000860BDE8F081701C68B3FB480760642065
:10F85000FA490860FA480660FA49096802461268DF
:10F86000881A002801DB014600E041420A2914DD24
:10F8700006E001200CF0D4FFF1F7F4F800B90BE03A
:10F88000F0490968EE4A1268881A002801DB01462F
:10F8900000E041420A29ECDC00BFE748006801288B
:10F8A00002D1E949086002E00120E849086000BF90
:10F8B000C7E72DE9F041E6480078E64909784418A1
:10F8C000E5480078E5490978451800277E1EFFF7CE
:10F8D000C1FED9480068012805D1002C03DD0127AD
:10F8E000DF48066826E0D4480068022805D1002DCC
:10F8F00003DD0227DB4806681CE0022C03D1012748
:10F90000D748066816E0022D03D10227D5480668BD
:10F9100010E0002C03DD0127D14806680AE0002D25
:10F9200003DD0227CF48066804E00020C2490860D2
:10F93000BDE8F081701C80B1BF4807606420BF49FA
:10F940000860BF480660BC480068012802D1BE4973
:10F95000086002E00120BD49086000BFE8E73EB54D
:10F960000446FFF777FEFFF7A4FFF4F7EAFB40F247
:10F970004F10BD490860BD4908600020BC490860BF
:10F9800019E006E001200CF04BFFF1F76BF800B92D
:10F990000BE0B8490968B54A1268881A002801DBEB
:10F9A000014600E041420A29ECDC00BFB048006893
:10F9B000401CAF490860AE4800689628E1DB4FF470
:10F9C0007A600CF02DFF322305224FF47A71BE20AD
:10F9D000FDF70AF89FEDA81ADFEDA80A1E201FED1B
:10F9E0009A0AF3F7F4FC0020A149086012E006E04F
:10F9F00005200CF015FFF1F735F800B904E0A04838
:10FA00000068B0F5AA7FF3DC00BF99480068401C8D
:10FA1000974908609648006840F226218842E6DB54
:10FA200040F6B8300CF0FCFE00209149086012E06E
:10FA300006E005200CF0F4FEF1F714F800B904E03C
:10FA40008F480068B0F5967FF3DB00BF88480068F8
:10FA5000401C874908608648006840F22621884299
:10FA6000E6DB41F288300CF0DBFE002080490860C4
:10FA700011E006E005200CF0D3FEF0F7F3FF00B92B
:10FA800003E0804800681E28F4DC00BF7848006866
:10FA9000401C774908607648006840F22621884279
:10FAA000E7DB0020724908601FE014E00A206FF0D5
:10FAB000770103222346CDE9002102904FF46172C1
:10FAC00000212320F7F787FC05200CF0A9FEF0F7B2
:10FAD000C9FF00B903E06A480068FA28E6DC00BF05
:10FAE00063480068401C624908606148006840F251
:10FAF00026218842D9DB00205D4908601FE014E020
:10FB00000A206FF0630101222346CDE90021029013
:10FB10004FF4617200210520F7F75DFC05200CF021
:10FB20007FFEF0F79FFF00B903E055480068C32847
:10FB3000E6DC00BF4E480068401C4D4908604C4858
:10FB4000006840F226218842D9DB0020F3F74AFB07
:10FB500000219FED4D0A4FF46170F3F7C9FB06E0F9
:10FB600001200CF05DFEF0F77DFF00B903E0F3F734
:10FB7000E0F90028F4D100BF4FF47A71B920F4F70E
:10FB8000E7FE0020F3F72EFB4FF42F70F4F7E0FAB6
:10FB900000203749086019E006E001200CF040FE23
:10FBA000F0F760FF00B90BE0324909682F4A12688C
:10FBB000881A002801DB014600E041420529ECDCFF
:10FBC00000BF2B480068401C29490860284800688D
:10FBD0009628E1DB64202D4908602D4800682D49F6
:10FBE000086064202C490860294800682B49086097
:10FBF0000020F3F7F7FA3EBD10B54FF480612848B6
:10FC000009F00EFC00287CD14FF40041244809F093
:10FC100007FC002875D12348007800287ED1642095
:10FC20001A4908601A48006869301A4908600020BB
:10FC30000F4908605EE000007C0400202C040020D6
:10FC400008040020B00000206C01002068010020A2
:10FC5000CC020020CD020020CE020020CF020020E6
:10FC60006001002064010020F0030020FC0300205C
:10FC7000AC030020BC000020CDCC4C3F0000614410
:10FC8000A0000020980000206666663F3004002037
:10FC9000BC010020140400203404002020040020B3
:10FCA000000402408004002006E001200CF0B8FDB2
:10FCB000F0F7D8FE00B917E0F74A1268F74B1B6857
:10FCC000D11A002901DB0A4600E04A420A2AECDC8C
:10FCD000F34A1268F34B1B68D01A002801DB024676
:10FCE00000E042420A2AE0DC00BFEF480068401C06
:10FCF000ED490860EC4800683228D5DB40F6B830A2
:10FD000000E00BE00CF08CFDE848C07F40F00800FC
:10FD1000E649C8770120E649087055E04FF4806154
:10FD2000E44809F07DFB00284ED14FF48051E248B1
:10FD300009F076FB002847D1E0480078F0BB64204A
:10FD4000DF490860DF4800686930D6490860002054
:10FD5000D549086025E006E001200CF061FDF0F7D0
:10FD600081FE00B917E0CC4A1268CC4B1B68D11A4F
:10FD7000002901DB0A4600E04A420A2AECDCC84AB4
:10FD80001268C84B1B68D01A002801DB024600E04D
:10FD900042420A2AE0DC00BFC3480068401CC24956
:10FDA0000860C14800683228D5DB40F6B8300CF056
:10FDB00037FDBE48C07F40F0400000E004E0BB4992
:10FDC000C8770120BD49087040F6B8300CF028FD16
:10FDD000FA20BD490860BD480068B0490860FA20B3
:10FDE000B7490860B7480068AE4908600020AE49CE
:10FDF000086025E006E001200CF012FDF0F732FE6D
:10FE000000B917E0A44A1268A44B1B68D11A002954
:10FE100001DB0A4600E04A420A2AECDCA04A1268EA
:10FE2000A04B1B68D01A002801DB024600E04242CA
:10FE30000A2AE0DC00BF9C480068401C9A49086020
:10FE4000994800683228D5DB10BD10B54FF4006129
:10FE5000984809F0E5FA00284AD14FF40051964835
:10FE600009F0DEFA002843D19948007800283FD1F4
:10FE7000642093490860934800686938894908609C
:10FE800000208949086025E006E001200CF0C8FC4C
:10FE9000F0F7E8FD00B917E07F4A12687F4B1B6856
:10FEA000D11A002901DB0A4600E04A420A2AECDCAA
:10FEB0007B4A12687B4B1B68D01A002801DB024684
:10FEC00000E042420A2AE0DC00BF77480068401C9C
:10FED00075490860744800683228D5DB7348C07FD4
:10FEE00040F004007149C87701207949087050E05A
:10FEF0004FF48041704809F093FA002849D14FF43B
:10FF000080416C4809F08CFAF0BB72480078D8BB8D
:10FF100064206D4908606D48006869385F49086071
:10FF200000206149086025E006E001200CF078FC23
:10FF3000F0F798FD00B917E0574A1268574B1B6855
:10FF4000D11A002901DB0A4600E04A420A2AECDC09
:10FF5000534A1268534B1B68D01A002801DB024633
:10FF600000E042420A2AE0DC00BF4F480068401C23
:10FF70004D4908604C4800683228D5DB4B48C07FAB
:10FF800040F01000494900E003E0C87701205149E2
:10FF9000087040F6B8300CF043FCFA204A4908607B
:10FFA0004A4800683D490860FA20454908604548CC
:10FFB00000683C49086000203B49086025E006E0F5
:10FFC00001200CF02DFCF0F74DFD00B917E0324A8E
:10FFD0001268324B1B68D11A002901DB0A4600E087
:10FFE0004A420A2AECDC2E4A12682E4B1B68D01AB1
:10FFF000002801DB024600E042420A2AE0DC00BFA2
:020000040801F1
:1000000029480068401C28490860274800683228B1
:10001000D5DB10BD10B530480068012802D1FFF7CC
:1000200014FF05E02D480068012801D1FFF7E4FD29
:100030001E48C07F00F0DF001C49C8770846C07F1B
:1000400000F07F00C8770846C07F00F0F700C8774F
:100050000846C07F00F0BF00C8770846C07F00F0A8
:10006000EF00C8770846C07F00F0FB00C87710BDDE
:100070002DE9F05F0746884691461D463E464FF003
:100080000C0A44464FF0000B0848C07F40F0800047
:100090000649C8772CE00000C000002014040020AE
:1000A000C400002020040020AC0300200400002035
:1000B00080040020000C0240000402408104002063
:1000C00034040020C001002030040020BC010020C6
:1000D0008304002082040020680100206C010020BD
:1000E00001200CF09DFBF0F7BDFC08B9BDE8F09FC6
:1000F0004FF40061F74809F093F90128F0D064202B
:10010000F5490860F548046043F698200CF088FB38
:1001100063E00BF1010BBBF1070F09DB6420EE4933
:100120000860EE48046043F698200CF079FB5EE02E
:10013000FA20E9490860EA480068E849086006E0F2
:1001400001200CF06DFBF0F78DFC00B90BE0E549E8
:100150000968E24A1268881A002801DB014600E0BB
:1001600041425145ECDC00BFA6EB0906B6F5AF7F76
:1001700001DA4FF4AF763046F3F7EAFF0020DA49B0
:10018000086019E006E001200CF04AFBF0F76AFC79
:1001900000B90BE0D5490968D54A1268881A0028C9
:1001A00001DB014600E041420829ECDC00BFCE48FB
:1001B0000068401CCC490860CB480068FA28E1DBA5
:1001C0003220C5490860C548046043F698200CF009
:1001D00027FBF0F747FC00B909E0C2490968081B92
:1001E000002801DB014600E04142514591DC00BF9F
:1001F000042D06D1BF48C07F40F00400BD49C87738
:1002000007E0022D05D1BB48C07F40F04000B9494E
:10021000C87700BF6AE72DE9F05F07468846914638
:100220001D463E464FF00C0A44464FF0000BB148C5
:10023000C07F40F02000AF49C87707E001200CF0F4
:10024000EFFAF0F70FFC08B9BDE8F09F4FF400415A
:10025000A94809F0E5F80128F0D06420A749086012
:10026000A748046043F698200CF0DAFA63E00BF13B
:10027000010BBBF1070F09DB6420A0490860A0480F
:10028000046043F698200CF0CBFA5EE0FA209B491C
:1002900008609C4800689A49086006E001200CF05C
:1002A000BFFAF0F7DFFB00B90BE097490968944A01
:1002B0001268881A002801DB014600E041425145DE
:1002C000ECDC00BFA6EB0906B6F5AF7F01DA4FF410
:1002D000AF763046F3F73CFF00208349086019E011
:1002E00006E001200CF09CFAF0F7BCFB00B90BE033
:1002F0007E4909687E4A1268881A002801DB014697
:1003000000E041420829ECDC00BF77480068401C4F
:100310007549086074480068FA28E1DB32207749A3
:1003200008607748046043F698200CF079FAF0F7FB
:1003300099FB00B909E074490968081B002801DB32
:10034000014600E04142514591DC00BF012D06D13C
:100350006848C07F40F008006649C87707E0032D71
:1003600005D16448C07F40F010006249C87700BFE3
:100370006AE710B56548006801287DD1C1025E4872
:1003800009F04EF800283DD14FF40051514809F0D2
:1003900047F8B0BB5748C07F40F080005549C87748
:1003A00000205149086014E006E001200CF038FA02
:1003B000F0F758FB00B906E04FF40061454809F03A
:1003C0002FF80128F1D000BF47480068401C46497B
:1003D0000860454800683228E6DB0423232240F207
:1003E000591140F2E510FFF743FE40F6B8300CF02B
:1003F00017FAFA2038490860394800683749086018
:10040000F0E0FFE74FF48041324809F009F8002896
:10041000F6D14FF48041384809F002F80028EFD1B6
:100420003448C07F40F020003249C87700202E4970
:10043000086014E006E001200CF0F2F9F0F712FB7E
:1004400000B906E04FF400412B4808F0E9FF01280D
:10045000F1D000BF24480068401C234908602248AE
:1004600000683228E6DB0323232240F2591140F2D0
:10047000E510FFF7D0FE00E00BE040F6B8300CF0DE
:10048000CFF9FA201D4908601E4800681C49086021
:10049000A8E01F4800680128B2D181020D4808F089
:1004A000BFFFB8BB4FF400410A4808F0B9FF88BB52
:1004B0001048C07F40F020000E49C87700200A494C
:1004C000086035E027E001200CF0AAF9F0F7CAFA3D
:1004D00008BB27E000040240340400202004002070
:1004E000C0010020C4000020AC030020BC0000209C
:1004F000FC03002004000020000C02403004002017
:1005000014040020BC010020C0000020680100206D
:100510006C01002024E04FF40041FE4808F080FF09
:100520000128D0D000BFFC480068401CFA49086090
:10053000F94800683228C5DB0123232240F22B2131
:1005400040F2E510FFF767FE40F6B8300CF068F9AE
:10055000FA20F2490860F2480068F249086041E078
:100560004FF48061EB4808F05BFFD8BB4FF480513B
:10057000ED4808F055FFA8BBEC48C07F40F0800074
:10058000EA49C8770020E449086014E006E0012049
:100590000CF046F9F0F766FA00B906E04FF4006196
:1005A000E14808F03DFF0128F1D000BFDA480068BB
:1005B000401CD9490860D84800683228E6DB02238D
:1005C000232240F22B2140F2E510FFF751FD40F6C7
:1005D000B8300CF025F9FA20D0490860D0480068FE
:1005E000D04908600020CC49086025E006E00120E1
:1005F0000CF016F9F0F736FA00B917E0CC4A126899
:10060000C84B1B68D11A002901DB0A4600E04A42A8
:100610000A2AECDCC74A1268C74B1B68D01A0028AC
:1006200001DB024600E042420A2AE0DC00BFBA4891
:100630000068401CB8490860B74800683228D5DB1C
:10064000BA48C07F00F0DF00B849C8770846C07FCD
:1006500000F07F00C87710BD10B5B84800680128C9
:1006600027D1B7480078012823D1B048C07F40F097
:100670008000AE49C8770020A749086014E006E072
:1006800001200CF0CDF8F0F7EDF900B906E04FF4D9
:100690000061A54808F0C4FE0128F1D000BF9E48C3
:1006A0000068401C9C4908609B4800683228E6DBD3
:1006B00082E0A4480068012827D1A34800780128D7
:1006C00023D19A48C07F40F020009849C877002085
:1006D0009149086014E006E001200CF0A1F8F0F761
:1006E000C1F900B906E04FF400418A4808F098FECD
:1006F0000128F1D000BF88480068401C8649086086
:10070000854800683228E6DB56E08E4800680128FC
:1007100027D18E480078012823D18448C07F40F03B
:1007200080008249C87700207B49086014E006E019
:1007300001200CF075F8F0F795F900B906E04FF4D8
:100740000061794808F06CFE0128F1D000BF7248C2
:100750000068401C704908606F4800683228E6DB7A
:100760002AE076480068012826D1794800780128D7
:1007700022D16E48C07F40F020006C49C87700202D
:100780006549086014E006E001200CF049F8F0F734
:1007900069F900B906E04FF400415E4808F040FEF8
:1007A0000128F1D000BF5C480068401C5A4908602D
:1007B000594800683228E6DB10BD10B500205649C4
:1007C000086011E006E001200CF02AF8F0F74AF981
:1007D00000B903E05F48008A7828F4DC00BF4E4887
:1007E0000068401C4C4908604B480068B0F5FA7F2F
:1007F000E8DB40F2C620F3F7ABFC41F288300CF0A6
:100800000FF810BD10B5FEF725FFFEF778FF0020AA
:100810004149086011E006E001200CF001F8F0F712
:1008200021F900B903E04B48008A7828F4DC00BFC6
:1008300039480068401C3849086037480068B0F5FE
:100840007A7FE8DB4FF4FA600BF0EAFF01204249BF
:10085000086008460068012849D14FF4AF70F3F7EB
:1008600077FC00202C49086019E006E001200BF01D
:10087000D7FFF0F7F7F800B90BE038490968384AB4
:100880001268881A002801DB014600E04142052970
:10089000ECDC00BF20480068401C1F4908601E486F
:1008A00000689628E1DBFFF7D7FE40F6B8300BF082
:1008B000B7FF00201849086011E006E001200BF0A6
:1008C000AFFFF0F7CFF800B903E02248008A78289C
:1008D000F4DC00BF10480068401C0F4908600E4857
:1008E0000068B0F57A7FE8DB02201B4908601A48EF
:1008F0000068022857D1FFF78DFB00200F490860E0
:10090000104908604FF47A700BF08AFFFEF7A2FEE0
:1009100028E00000000C0240AC030020300400205E
:10092000BC01002014040020000402400400002048
:10093000C0000020C4000020200400206801002026
:10094000CF0200206C010020CC020020CD0200204C
:10095000CE020020F6070020C4020020BC000020C8
:10096000FC030020FEF7CBFEFFF776FE0020F949DE
:10097000086011E006E001200BF052FFF0F772F87A
:1009800000B903E0F448008A7828F4DC00BFF1489D
:100990000068401CEF490860EE4800686428E9DB05
:1009A0000320EE490860ED480068032818D1FFF7DE
:1009B00031FB0020EA490860EA4908604FF47A7088
:1009C0000BF02EFFFEF746FEFEF799FE40F6B8301C
:1009D0000BF026FF0420E14908600020F2F702FC3A
:1009E000DE480068042804D1FFF7E7FE0520DB4954
:1009F0000860DA480068052874D10020D5490860ED
:100A000011E006E001200BF00BFFF0F72BF800B926
:100A100003E0D148008A7828F4DC00BFCD480068A4
:100A2000401CCC490860CB480068B0F57A7FE8DB11
:100A300042F210700BF0F4FE0020C64908601BE083
:100A400006E001200BF0ECFEF0F70CF800B90DE029
:100A50004FF40071C44808F0E3FC0028F1D04FF4D3
:100A60000061C14808F0DCFC0028EAD000BFB948AA
:100A70000068401CB7490860B648006840F226216B
:100A80008842DDDB4FF4FA500BF0CAFE0020B1497A
:100A9000086011E006E001200BF0C2FEEFF7E2FF74
:100AA00000B903E0B1480068DC28F4DB00BFA948C6
:100AB0000068401CA7490860A648006840F226214B
:100AC0008842E7DB40F2EF10F3F742FB0020A14938
:100AD00008601AE007E001200BF0A2FEEFF7C2FF6A
:100AE00008B90CE01EE0A2490968A24A1268881AF7
:100AF000002801DB014600E041420529EBDC00BF94
:100B000094480068401C9349086092480068962801
:100B1000E0DBFEF79FFDFEF7F2FDFFF79DFD0620EF
:100B20008E49086010BD10B5FEF794FDFEF7E7FD95
:100B300000208849086011E006E001200BF070FEFB
:100B4000EFF790FF00B903E08348008A7828F4DCCF
:100B500000BF80480068401C7E4908607D480068EE
:100B6000B0F57A7FE8DB4FF4FA600BF059FE012014
:100B70007A49086008460068012849D14FF4AF70EF
:100B8000F3F7E6FA00207349086019E006E0012057
:100B90000BF046FEEFF766FF00B90BE074490968F9
:100BA000744A1268881A002801DB014600E04142BD
:100BB0000529ECDC00BF67480068401C65490860F7
:100BC000644800689628E1DBFFF746FD40F6B83040
:100BD0000BF026FE00205F49086011E006E00120CE
:100BE0000BF01EFEEFF73EFF00B903E05A48008A03
:100BF0007828F4DC00BF57480068401C554908605D
:100C000054480068B0F57A7FE8DB02205349086059
:100C100052480068022811D1FFF7FCF90020504922
:100C20000860504908604FF47A700BF0F9FDFEF748
:100C300011FDFEF764FD032048490860474800683D
:100C4000032804D1FFF7B9FD042044490860434854
:100C50000068042874D100203E49086011E006E0D5
:100C600001200BF0DDFDEFF7FDFE00B903E03A488F
:100C7000008A7828F4DC00BF36480068401C3549FB
:100C8000086034480068B0F57A7FE8DB42F2107003
:100C90000BF0C6FD00202F4908601BE006E0012094
:100CA0000BF0BEFDEFF7DEFE00B90DE04FF4007172
:100CB0002D4808F0B5FB0028F1D04FF400612A4818
:100CC00008F0AEFB0028EAD000BF22480068401CB4
:100CD000204908601F48006840F20E618842DDDB51
:100CE0004FF4FA500BF09CFD00201A49086011E007
:100CF00006E005200BF094FDEFF7B4FE00B903E029
:100D00001A480068DC28F4DB00BF12480068401C69
:100D1000104908600F48006840F226218842E7DB4E
:100D200040F2EF10F3F714FA00200A4908602CE0B3
:100D300007E001200BF074FDEFF794FE08B91EE008
:100D400030E00B4909680B4A1268881A002813DB47
:100D5000014612E0AC030020F6070020C402002088
:100D6000680100206C01002000100240A400002057
:100D7000BC000020FC03002041420529D9DC00BF53
:100D8000F8480068401CF7490860F6480068962853
:100D9000CEDBFEF75FFCFEF7B2FCFFF75DFC062042
:100DA000F149086010BD10B5FEF754FCEF4800682B
:100DB000012802D1FFF7B7FE13E0EC4800680228D3
:100DC00002D1FFF7B0FE0CE0E8480068032802D12A
:100DD000FFF718FD05E0E5480068042801D1FFF79A
:100DE00011FD10BD0EB5B6EE001ADFEDE10A0620CA
:100DF0009FEDE00AF2F7EBFA40F2DC500BF010FD49
:100E0000FEF77DFC0020D749086019E006E00120CC
:100E10000BF006FDEFF726FE00B90BE0D649096896
:100E2000D64A1268881A002801DB014600E04142D8
:100E30000529ECDC00BFCB480068401CC9490860AC
:100E4000C84800689628E1DB0020C64908601FE01A
:100E500014E00A206FF0C7010122B223CDE900217E
:100E600002904FF4617211460620F6F7A4F90120B2
:100E70000BF0D6FCEFF7F6FD00B903E0C0480068C0
:100E80002F28E6DC00BFB7480068401CB549086061
:100E9000B448006840F226218842D9DB0020F2F7EE
:100EA000A1F94FF47A71B020F3F752FD0020F2F768
:100EB00099F90EBD70B504460D460020A949086099
:100EC00011E006E00A200BF0ABFCEFF7CBFD00B918
:100ED00003E0AB480068A042F4DB00BFA148006813
:100EE000401CA04908609F480068A842E9DB70BD2B
:100EF00010B500209B49086011E006E001200BF0CE
:100F00008FFCEFF7AFFD00B903E09E4800681E2894
:100F1000F4DC00BF93480068401C92490860914887
:100F20000068B0F57A7FE8DB974890F8230040F03E
:100F30000100954981F823004FF4FA500BF070FC42
:100F400000208849086011E006E001200BF068FCF1
:100F5000EFF788FD00B903E08A4800685A28F4DBFF
:100F600000BF80480068401C7E4908607D480068DA
:100F7000B0F57A7FE8DB4FF4FA500BF051FC01201A
:100F80008249086008460068012815D1FA20804986
:100F900008608048006880490860FA207F4908603E
:100FA0007F4800687F4908604FF47A717A20FFF724
:100FB00081FF02207549086010BD10B5E9227A4909
:100FC000AB20FBF739FFFFF793FF7048006802285A
:100FD00001D1FEF70DFB10BD2DE9F0410524FEF710
:100FE00039FB7248007818B971480078002872D02F
:100FF0006348006864280FDB6148006878280BDCD0
:101000006C4800682A2807DB6A480068342803DC3B
:1010100001206949087036E15948006832280FDB21
:101020005748006846280BDC624800685A2807DBEE
:1010300060480068642803DC02205F49087022E1F0
:101040004F480068B0F1FF3F0FDB4D4800680928AA
:101050000BDC58480068952807DB564800689F2835
:1010600003DC0320544908700DE1454E3668A6F1B3
:101070006E05002D01DB2E4600E06E424D4F3F68AD
:10108000A7F12F03002B01DB1F4600E05F42F019A0
:101090003B4E3668A6F13C05002D01DB2E4600E0F4
:1010A0006E42444F3F68A7F15F03002B01DB1F46F0
:1010B00000E05F42F119324E3668351F002D01DB2A
:1010C0002E4600E06E423B4F3F68A7F19A03002B8B
:1010D00002DB1F4601E015E05F42F219884205DCA1
:1010E000904203DC0123344D2B700AE0814205DC81
:1010F000914203DC0223304D2B7002E003232E4D7E
:101100002B70C0E02D48007818B92D4800780028D1
:1011100012D02848006800280FDB264800681228F3
:101120000BDC174800688B2807DB15480068A528EA
:1011300003DC012020490870A5E01E48006828282B
:1011400040DB1C48006849283CDC0D4800685328F7
:1011500038DB0B480068742834DC0220164908701C
:1011600091E00000AC030020C4020020C80200206F
:10117000000061440000E144B000002008040020A9
:101180009C000020A800002004000020E0000020B7
:1011900030040020BC01002014040020340400208E
:1011A000C0010020200400207AF9FFFFCC020020BB
:1011B000CF02002098000020D0020020CD020020A5
:1011C000CE020020F748006859280FDBF548006878
:1011D00079280BDCF4480068232807DBF248006814
:1011E000422803DC0320F14908704CE0ED4E3668DC
:1011F000A6F10905002D01DB2E4600E06E42EA4F04
:101200003F68A7F19803002B01DB1F4600E05F4217
:10121000F019E44E3668A6F13805002D01DB2E46A4
:1012200000E06E42E04F3F68A7F16303002B01DB53
:101230001F4600E05F42F119DA4E3668A6F16905F3
:10124000002D01DB2E4600E06E42D74F3F68A7F12C
:101250003203002B01DB1F4600E05F42F219884297
:1012600005DC904203DC0123D04D2B700AE0814263
:1012700005DC914203DC0223CC4D2B7002E00323FA
:10128000CA4D2B7000BFBDE8F08110B500219FED65
:10129000C80A4FF46170F2F72BF806E001200BF05A
:1012A000BFFAEFF7DFFB00B903E0F1F742FE0028D9
:1012B000F4D100BFFEF7CEF9FFF78EFEBD480078EF
:1012C00010B9BD48007890B3B848007801280CD117
:1012D00064213220FBF73CFB0020F1F783FF4FF441
:1012E0007A71B020F3F734FB5AE0B0480078022856
:1012F0000CD164216520FBF72BFB0020F1F772FF76
:101300004FF47A71B020F3F723FB49E0A748007847
:10131000032845D164219A20FBF71AFB0020F1F73E
:1013200061FF4FF47A71B020F3F712FB38E0FFE76A
:10133000A248007810B9A248007800B39B48007812
:1013400001280CD164210520FBF702FB0020F1F7F6
:1013500049FF4FF47A71C120F3F7FAFA20E093487D
:10136000007802280CD164213B20FBF7F1FA002021
:10137000F1F738FF4FF47A71B020F3F7E9FA0FE094
:101380008A48007803280BD164217120FBF7E0FA2A
:101390000020F1F727FF4FF47A71B020F3F7D8FA65
:1013A0000020F1F71FFF40F2EF10F2F7D1FE00200E
:1013B0008449086019E006E001200BF031FAEFF7EC
:1013C00051FB00B90BE080490968804A1268881A0D
:1013D000002801DB014600E041420A29ECDC00BFA5
:1013E00078480068401C7749086076480068FA2809
:1013F000E1DBFEF7BEFF10BD10B5FEF7F9F874484B
:101400000068012805D13220FEF7A9FA02207049B0
:1014100008606F480068022804D1FFF7C4FC03206D
:101420006B4908606A480068032804D1FFF72DFF64
:1014300004206749086010BD3EB50446FEF75FF919
:101440009FED641A5FEDB60A23209FED630AF1F762
:10145000BEFF00205B49086012E006E001200BF0AF
:10146000DFF9EFF7FFFA00B904E05C480068B0F577
:10147000D27FF3DC00BF53480068401C514908602C
:101480005048006840F226218842E6DB00204D49A2
:10149000086020E014E00A206FF0C7010322234611
:1014A000CDE9002102904FF4617200211420F5F77C
:1014B00092FF05200BF0B4F9EFF7D4FA00B904E07D
:1014C00046480068B0F5AF7FE5DC00BF3D480068E6
:1014D000401C3C4908603B48006840F22621884295
:1014E000D8DB0020374908601FE014E00A206FF0C5
:1014F000950102222346CDE9002102904FF461724A
:1015000000210F20F5F767FF05200BF089F9EFF7B1
:10151000A9FA00B903E031480068D228E6DC00BF30
:1015200028480068401C274908602648006840F2A7
:1015300026218842D9DB0020224908601FE014E000
:101540000A206FF0950101222346CDE90021029087
:101550004FF4617200210520F5F73DFF05200BF0E7
:101560005FF9EFF77FFA00B903E01C480068B22882
:10157000E6DC00BF13480068401C124908601148AF
:10158000006840F226218842D9DB0020F1F72AFECC
:1015900040F2C710F2F7DCFD00200A49086038E08D
:1015A00025E00000980000209C000020D0020020D0
:1015B000CDCC4C3ECC020020CF020020CD0200203A
:1015C000CE020020AC030020BC000020FC03002061
:1015D000B40200209A99993E00000000A00000206B
:1015E00001200BF01DF9EFF73DFA00B90BE0FD49C2
:1015F0000968FD4A1268881A002801DB014600E0EC
:1016000041420529ECDC00BFF8480068401CF7495E
:101610000860F64800689628C2DB0020F1F7E2FD7A
:10162000F3480068012828D1C102F24807F0F8FE0B
:1016300018BBF148C07F40F08000EF49C877002018
:10164000EA49086014E006E001200BF0E9F8EFF742
:1016500009FA00B906E04FF40061E84807F0E0FE3F
:101660000128F1D000BFE1480068401CDF49086054
:10167000DE4800683228E6DB85E0DD4800680128A6
:1016800028D18103DD4807F0CBFE18BBDA48C07FC4
:1016900040F02000D849C8770020D449086014E001
:1016A00006E001200BF0BCF8EFF7DCF900B906E02A
:1016B0004FF40061D14807F0B3FE0128F1D000BF1C
:1016C000CA480068401CC9490860C84800683228F8
:1016D000E6DB58E0CA480068012828D18102C748E3
:1016E00007F09EFE18BBC448C07F40F02000C249EE
:1016F000C8770020BD49086014E006E001200BF027
:101700008FF8EFF7AFF900B906E04FF40041B948A0
:1017100007F086FE0128F1D000BFB4480068401CE5
:10172000B2490860B14800683228E6DB2BE0B448D3
:101730000068012827D18102AE4807F071FE10BB76
:10174000AD48C07F40F08000AB49C8770020A74972
:10175000086014E006E001200BF062F8EFF782F970
:1017600000B906E04FF40041A24807F059FE0128F5
:10177000F1D000BF9D480068401C9C4908609B4810
:1017800000683228E6DB0020F1F72CFD3EBD3EB5B7
:101790000446FDF7B4FF1FED711ADFED9A0A1E2013
:1017A0001FED730AF1F713FE00209049086012E064
:1017B00006E001200BF034F8EFF754F900B904E02B
:1017C00091480068B0F5FF7FF3DC00BF87480068F0
:1017D000401C864908608548006840F226218842FE
:1017E000E6DB1FED841ADFED870A1E209FED870AD6
:1017F000F1F7EDFD00207D49086012E006E00120D0
:101800000BF00EF8EFF72EF900B904E07E480068FF
:10181000B0F5967FF3DC00BF74480068401C734944
:1018200008607248006840F226218842E6DB00200A
:101830006E4908601FE014E00A206FF09501022253
:101840002346CDE9002102904FF4617200210F2060
:10185000F5F7C1FD05200AF0E3FFEFF703F900B942
:1018600003E069480068D228E6DC00BF5F480068F2
:10187000401C5E4908605D48006840F226218842AD
:10188000D9DB0020594908601FE014E00A206FF0FE
:10189000950101222346CDE9002102904FF46172A7
:1018A00000210520F5F797FD05200AF0B9FFEFF7B5
:1018B000D9F800B903E054480068B228E6DC00BF5C
:1018C0004A480068401C494908604848006840F29E
:1018D00026218842D9DB0020F1F784FC40F2C710B2
:1018E000F2F736FC00204149086019E006E00120CB
:1018F0000AF096FFEFF7B6F800B90BE0394909682E
:10190000394A1268881A002801DB014600E041428A
:101910000529ECDC00BF35480068401C33490860ED
:10192000324800689628E1DB0020F1F75BFC304884
:101930000068012828D1C1022E4807F071FD18BBAC
:101940002D48C07F40F080002B49C87700202749F0
:10195000086014E006E001200AF062FFEFF782F869
:1019600000B906E04FF40061244807F059FD012852
:10197000F1D000BF1D480068401C1C4908601B488E
:1019800000683228E6DB9CE01948006801283FD156
:1019900081031A4807F044FD18BB1748C07F40F088
:1019A00020001549C87700201049086014E006E0BF
:1019B00001200AF035FFEFF755F800B906E04FF4C3
:1019C00000610E4807F02CFD0128F1D000BF074848
:1019D0000068401C05490860044800683228E6DBBE
:1019E0006FE015E0BC000020FC030020AC030020E9
:1019F00068010020000C02400400002000040240A6
:101A00006C01002000006144A000002000808E4393
:101A1000FA480068012828D18102F94807F000FD42
:101A200018BBF848C07F40F02000F649C877002076
:101A3000F549086014E006E001200AF0F1FEEFF736
:101A400011F800B906E04FF40041F04807F0E8FC57
:101A50000128F1D000BFEC480068401CEA4908604A
:101A6000E94800683228E6DB2BE0E44800680128FA
:101A700027D18102E54807F0D3FC10BBE148C07FC5
:101A800040F08000DF49C8770020DF49086014E09B
:101A900006E001200AF0C4FEEEF7E4FF00B906E01C
:101AA0004FF40041D94807F0BBFC0128F1D000BF3A
:101AB000D5480068401CD4490860D34800683228E3
:101AC000E6DB0020F1F78EFB3EBD10B5D048006884
:101AD000012803D13220FFF7AFFC0EE0CC480068AC
:101AE000022803D16A20FFF752FE06E0C8480068CA
:101AF000032802D19F20FFF74AFE10BD2DE9F041D7
:101B000004460D460020C04908603DE02CE0C14875
:101B10000068071B122204213846FAF774FE0646B5
:101B2000BC480068001B002809DDB6EE001ADFED96
:101B3000BA0A30469FEDB90AF1F749FC10E0B54802
:101B40000068001B09D5B6EE001ADFEDB30A304677
:101B50009FEDB10AF1F73BFC02E00020F1F742FBF8
:101B6000EEF780FF00B909E0AA490968081B0028C0
:101B700001DB014600E041420129C8DC00BFA24868
:101B80000068401CA04908609F480068A842BDDB6F
:101B9000BDE8F0812DE9F04104460D4600209A4948
:101BA00008603BE02AE09E480068071B3846F2F7D1
:101BB000B4FE06469A480068001B002809DDB6EE10
:101BC000001ADFED950A30461FED720AF1F7FFFBB0
:101BD00010E093480068001B09D5B6EE001ADFED4F
:101BE0008E0A30469FED8F0AF1F7F1FB02E00020EC
:101BF000F1F7F8FAEEF736FF00B909E0884909680D
:101C0000081B002801DB014600E041420129CADC33
:101C100000BF7D480068401C7B4908607A48006826
:101C2000A842BFDBBDE8F08110B57F4800680128FD
:101C300003D07D480068042804D1C821D120FFF7D3
:101C4000A9FF19E078480068022803D076480068A8
:101C5000052804D1C821FC20FFF79CFF0CE0724846
:101C60000068032803D070480068062804D1C82102
:101C700040F22B10FFF78EFF0020F1F7B3FA6A480D
:101C80000068012807D068480068022803D0664829
:101C90000068032836D15B48C07F40F08000594976
:101CA000C87700205849086020E006E001200AF0CB
:101CB000B7FDEEF7D7FE00B906E04FF400615048DB
:101CC00007F0AEFB0128F1D000BF40F2E510F2F7BB
:101CD0003FFA4FF47A710620FFF710FF0020F1F76A
:101CE00081FA49480068401C474908604648006836
:101CF0003228DADB042323224FF4AF7140F2E510DF
:101D0000FEF7B6F948480068042807D0464800683E
:101D1000052803D044480068062818D10021B7EEF2
:101D2000000A4248F1F7E4FA06E001200AF078FDE3
:101D3000EEF798FE00B903E0F1F7FBF80028F4D1C4
:101D400000BF40F2C620F2F703FAFFF72CF810BDEF
:101D50000146081E01DB024600E0424200EE102A66
:101D6000F8EEC01A9FED321AB2EE002AF0EE410AE8
:101D700042EE210ABDEEE01A11EE100A704770B56E
:101D80002C480068FFF7E4FF04462A4800685528FD
:101D900021DA09214FF46170F1F70FFBF0F787FBAF
:101DA00006E005200AF03CFDEEF75CFE00B911E00C
:101DB000EEF78EFE0646EEF75EFE051E01DB2846B8
:101DC00000E06842002E01DB314600E07142084429
:101DD000A042E6DB46E01748006866283FDD09219F
:101DE0001248F1F7EAFAF0F762FB25E005200AF065
:101DF00017FDEEF737FE00B930E01DE06C01002062
:101E00000004024004000020AC030020000C02404B
:101E10007802002098000020000000000000E1444B
:101E2000A4000020000061C4840200207CFCFFFFAD
:101E3000000048427C020020EEF79EFE0646EEF7C8
:101E400071FE051E01DB284600E06842002E01DB22
:101E5000314600E071420844A042C7DB02E00020A6
:101E6000F1F7C0F970BD10B54FF4AF70F2F770F92B
:101E7000B6EE001A5FED180A23201FED180AF1F7DD
:101E8000A6FA0020F849086012E006E001200AF0F6
:101E9000C7FCEEF7E7FD00B904E0F4480068B0F5D0
:101EA000827FF3DB00BFF0480068401CEE49086009
:101EB000ED48006840F226218842E6DB0A20F1F76F
:101EC00091F90020E849086006E0FFF758FFE6486E
:101ED0000068401CE4490860E348006841F288312A
:101EE0008842F2DB4FF4C870F2F732F9E048C07F65
:101EF00040F00400DE49C877FA20DE490860B420CB
:101F0000DD490860B6EE001A5FED3D0A14201FEDB2
:101F10003D0AF1F75CFA0020D349086011E006E0C1
:101F200001200AF07DFCEEF79DFD00B903E0D348E7
:101F300000688228F4DC00BFCB480068401CCA4916
:101F40000860C948006840F226218842E7DB00208B
:101F5000C549086006E0FFF712FFC3480068401C4F
:101F6000C1490860C048006841F288318842F2DB0C
:101F7000B6EE001A5FED580A0E201FED580AF1F771
:101F800026FA0020B849086011E006E001200AF0B6
:101F900047FCEEF767FD00B903E0B8480068232866
:101FA000F4DC00BFB0480068401CAF490860AE4890
:101FB000006840F226218842E7DBB6EE001A5FEDAA
:101FC0006A0A06201FED6B0AF1F701FA0020A64904
:101FD000086011E006E001200AF022FCEEF742FD65
:101FE00000B903E0A54800680628F4DC00BF9E485D
:101FF0000068401C9C4908609B48006840F226210C
:102000008842E7DB4FF47A700AF00AFC0020F1F70F
:10201000E9F8F5F783FEFA209649086098480068C9
:102020000A309549086000208F49086019E006E0F1
:1020300001200AF0F5FBEEF715FD00B90BE0914920
:1020400009688D4A1268881A002801DB014600E001
:1020500041420A29ECDC00BF83480068401C8249E9
:1020600008608148006840F226218842DFDB4FF497
:10207000FA600AF0D5FBFA207E49086082480068C1
:102080007D4908604FF47A700AF0CAFB7848C07F37
:1020900000F0FB007649C877B6EE001A5FEDA20AA1
:1020A0000A201FEDA30AF1F792F942F6E0600AF068
:1020B000B7FBFFF7B9FD10BD10B5FDF7CBFA7348BC
:1020C0000068022802DDFEF79DFB01E0FEF72BFD14
:1020D00010BD10B501216E4807F0A2F930B96D4866
:1020E0000068012802D1FEF768FF16E00121684868
:1020F00007F096F930B967480068022802D1FFF767
:102100007BF90AE00121624807F08AF928B96248A0
:102110000068012801D1FFF7A6FE10BD2DE9F041AE
:1021200004460D460020504908603BE02AE05B4829
:102130000068071B3846F2F7F0FB06465748006870
:10214000001B002809DDB6EE001ADFED550A304607
:102150001FEDCF0AF1F73BF910E050480068001B73
:1021600009D5B6EE001ADFED4E0A30461FEDD50A4E
:10217000F1F72DF902E00020F1F734F8EEF772FCE8
:1021800000B909E045490968081B002801DB014640
:1021900000E041420129CADC00BF33480068401C0E
:1021A0003149086030480068A842BFDBBDE8F081D3
:1021B000FEB504460D46164696203A4908603A4850
:1021C00000683A490860FA202A4908602E480068E9
:1021D00029490860F1F7B5FF4FF4AF703449086042
:1021E00034490860224890F8230040F0010020495B
:1021F00081F82300962000EB440000EE900AF8EEF0
:10220000E00AB0EE600A9FED2C1AF1EE040A1E20DF
:10221000F1F7DDF800201449086013E006E0012022
:102220000AF0FEFAEEF71EFC00B905E0A4F1140076
:102230001A4909688842F2DC00BF0B480068401C5C
:1022400009490860084800686428E7DBF1F779FF6E
:102250004FF4197016490860C01C16490860002028
:10226000014908604AE00000AC0300209C00002007
:1022700004000020340400202004002098000020E6
:1022800018040020C4000020C0010020C802002063
:10229000000C0240880200208C020020A0000020D8
:1022A0000000614430040020BC0100201404002020
:1022B000F0030020FC0300209A99993E13E00F20C0
:1022C0006FF0630101222346CDE900210290002234
:1022D00011461E20F4F76FFF01200AF0A1FAEEF775
:1022E000C1FB00B904E0F7480068B0F5EB7FE6DB1E
:1022F00000BFF5480068401CF3490860F2480068D8
:102300003228DBDB0020F04908601EE013E00F20DC
:102310006FF04F010122631ECDE9002102900022DF
:1023200011461720F4F747FF01200AF079FAEEF77B
:1023300099FB00B903E0E54800681B28E7DC00BF13
:10234000E1480068401CE0490860DF480068FA285E
:10235000DCDB0020DC49086033E01FE0DB4800687C
:102360000E2807DADA4890F8230040F00200D84936
:1023700081F823000F206FF0310101222346CDE9BF
:1023800000210290002211460720F4F714FF0120DB
:102390000AF046FAEEF766FB00B90CE04FF4805104
:1023A000CC4807F03DF830B94FF48061C94807F0D8
:1023B00037F80028D2D000BFC3480068401CC2498B
:1023C0000860C14800686428C7DB4FF4FA600AF06F
:1023D00027FA3220F0F706FF0020BB49086035E0FD
:1023E00021E04FF40041BB4807F01AF8012805D15D
:1023F000062140F26630F0F7E0FF0DE00821B54815
:1024000007F00EF8012804D10621B348F0F7D5FFF4
:1024100002E00020F0F7E6FE01200AF001FAEEF7F4
:1024200021FB00B90CE04FF40041AA4806F0F8FF88
:102430000128D6D00821A74806F0F2FF0128D0D005
:1024400000BFA1480068401C9F4908609E48006882
:10245000B0F5FA7FC4DB06210020F0F7AEFF9C4800
:1024600090F8230000F0FE00994981F8230040F61F
:10247000C4100AF0D5F91E20F0F7B4FE97480068A2
:10248000974908600020904908603BE021E04FF444
:102490000041904806F0C4FF012805D1062140F212
:1024A0006630F0F78AFF0DE008218A4806F0B8FF91
:1024B000012804D106218848F0F77FFF02E00020C0
:1024C000F0F790FE01200AF0ABF9EEF7CBFA00B975
:1024D00012E002217F4806F0A3FF0128D7D04FF475
:1024E00000417C4806F09CFF012805D1082179486D
:1024F00006F096FF0128CAD000BF73480068401C50
:102500007149086070480068B0F5FA7FBEDB0020B2
:10251000F0F768FE23207349086050207249086074
:1025200040F28A20714908607149086000206649BC
:10253000086019E006E003200AF072F9EEF792FA5B
:1025400000B90BE05F490968684A1268881A0028D8
:1025500001DB014600E041420529ECDC00BF5A489E
:102560000068401C5849086057480068B0F5FA7F79
:10257000E0DB574890F8230000F0FD00544981F853
:10258000230057490968091B01EB810148191E21E5
:10259000F0F713FF0021B7EE000A4FF46670F0F772
:1025A000A7FEF1F7CEFD11E005200AF039F9EEF7AC
:1025B00059FA00B910E04F480068B0F5E17F05DD39
:1025C00040F20910494908604949086049480068D3
:1025D00040F2EE218842E7DB00BFB6EE001A5FED65
:1025E000D00A07209FED440AF0F7F1FE002036499B
:1025F000086019E006E005200AF012F9EEF732FA59
:1026000000B90BE04FF48071324806F009FF28B999
:102610008021304806F004FF0028ECD000BF2A4893
:102620000068401C28490860274800686428E1DBEE
:102630004FF4FA600AF0F4F84FF47A713046FFF77D
:102640006DFD0020F0F7CEFDB6EE001A5FEDEC0A4E
:1026500005209FED290AF0F7BAFE40F6B8300AF0DF
:10266000DFF814201F4908602D201F490860FF2053
:102670001E4908601E4908600020F0F7B3FDFEBD4A
:102680002DE9F04104460D46904600200E490860B1
:102690005FE04EE019480068071B424605213846B6
:1026A000FAF7B1F8064615480068001B00282BDD34
:1026B0009FED131ADFED100A30469FED120AF0F776
:1026C00086FE36E0B8000020AC0300209C0000200D
:1026D00004000020001002409AFCFFFFA000002030
:1026E000780400202404002028040020F0030020A7
:1026F000FC03002060030020000061C4A40000204F
:10270000CDCC4C3F00000000F9480068001B09D503
:102710001FED051A5FED080A30469FEDF60AF0F747
:1027200056FE06E00020F0F75DFDEEF79BF900B9DC
:1027300009E0EF490968081B002801DB014600E0B9
:1027400041420129A6DC00BFEB480068401CEA4971
:102750000860E9480068A8429BDBBDE8F08110B53D
:10276000F1F7EFFCFF20E5490860E54908604FF408
:10277000FA600AF055F8E348C07F40F00400E149F0
:10278000C8779FEDE11A5FED240A14209FEDDF0A60
:10279000F0F71DFE06E001200AF042F8EEF762F9BC
:1027A00000B904E0DA480068DA498842F3DC00BF87
:1027B00000219FEDD90AD748FA38F0F799FD06E0D5
:1027C00001200AF02DF8EEF74DF900B903E0F0F71B
:1027D000B0FB0028F4D100BF0020F0F703FDCF4884
:1027E0000068012807D141224FF47A71CC48006873
:1027F000FFF746FF0BE0C948006840B9C8490968BF
:10280000A1F10F0041224FF47A71FFF739FFC5485B
:102810000068032804D101210420EFF7BFFD02E086
:102820000020C14908600020F0F7DCFC10BD10B5A5
:10283000F1F787FCFF20B1490860B14908604FF407
:10284000FA6009F0EDFFAF48C07F40F00400AD49E9
:10285000C8779FEDAD1A5FED580A14209FEDB30ABB
:10286000F0F7B5FD06E0012009F0DAFFEEF7FAF81F
:1028700000B904E0A6480068A6498842F3DC00BF1E
:1028800000219FEDA50AA348FA38F0F731FD06E0D4
:10289000012009F0C5FFEEF7E5F800B903E0F0F715
:1028A00048FB0028F4D100BF0020F0F79BFC9B48B8
:1028B0000068012807D141224FF47A719C480068D2
:1028C000FFF7DEFE0BE09548006840B998490968BB
:1028D000A1F10F0041224FF47A71FFF7D1FE914828
:1028E0000068022804D101210420EFF757FD02E01F
:1028F00000208D4908600020F0F774FC10BD10B571
:10290000F1F71FFCFF207D4908607D4908604FF406
:10291000FA6009F085FF7B48C07F40F004007949E8
:10292000C877B0EE001A5FED8C0A14209FED810A83
:10293000F0F74DFD06E0012009F072FFEEF792F886
:1029400000B904E07248006872498842F3DC00BFB5
:1029500000219FED710A6F48FA38F0F7C9FC06E0D4
:10296000012009F05DFFEEF77DF800B903E0F0F714
:10297000E0FA0028F4D100BF0020F0F733FC6748EC
:102980000068012807D141224FF47A716A48006833
:10299000FFF776FE0BE06148006840B966490968B8
:1029A000A1F10F0041224FF47A71FFF769FE5D48F3
:1029B0000068012804D101210420EFF7EFFC02E0B8
:1029C0000020594908600020F0F70CFC10BD2DE9EB
:1029D000F04104460D460020474908603BE02AE0EC
:1029E00043480068071B3846F1F797FF0646404802
:1029F0000068001B002809DD1FEDBF1A5FEDC20A49
:102A000030461FEDC00AF0F7E2FC10E038480068DD
:102A1000001B09D51FEDC61A5FEDC90A30469FEDB0
:102A2000350AF0F7D4FC02E00020F0F7DBFBEEF70C
:102A300019F800B909E02E490968081B002801DBD4
:102A4000014600E041420129CADC00BF2A48006873
:102A5000401C2949086028480068A842BFDBBDE83F
:102A6000F0813EB50446F1F76CFB34480068FA305B
:102A70002249086032480068FA30214908609FED19
:102A8000311A5FEDE30A28209FED2F0AF0F79FFC33
:102A900000201949086011E006E0012009F0C0FE9D
:102AA000EDF7E0FF00B903E0284800687328F4DC84
:102AB00000BF11480068401C0F4908600E480068BC
:102AC000FA28E9DBB6EE001A5FEDF50A1C209FED4F
:102AD0001E0AF0F77CFC00200749086042E037E05E
:102AE000012009F09DFEEDF7BDFF00B934E02FE0B5
:102AF000A40000200000E144AC030020F00300200B
:102B0000FC03002004000020CDCC0C4000007A44DF
:102B10006003002076FDFFFF6666663FE800002048
:102B2000EC01002070020020740200200040CE441E
:102B3000F401002000C0C144FC010020E803002093
:102B4000F40300209A99193F000061449800002086
:102B5000FB4800683228C3DC00BFFA480068401C0C
:102B6000F8490860F7480068FA28B8DBF648C07FE3
:102B700040F00400F449C877F4480068012807D100
:102B8000FA20F3490860F3480068C838F249086041
:102B90004FF42F70F1F7DCFAEC480068002864D19C
:102BA000E84908601FE014E00A206FF09501022256
:102BB000A4F10F03CDE900210290E84A514212200E
:102BC000F4F755FA012009F02BFEEDF74BFF00B9A1
:102BD00003E0DB4800680A28E6DC00BFD94800684B
:102BE000401CD8490860D7480068FA28DBDB002081
:102BF000D449086028E014E00A206FF09501022211
:102C0000A4F10F03CDE900210290D44A51420820DB
:102C1000F4F72DFA012009F003FEEDF723FF00B9C8
:102C20000CE04021CE4806F0FBFB0128E4D04FF435
:102C30008071CC4806F0F4FB0128DDD000BFC1480C
:102C40000068401CBF490860BE48006840F20E6141
:102C50008842D0DB4FF47A7009F0E2FDA4F10F0056
:102C60004FF47A71FFF7B3FE6BE0B84800680128B3
:102C700067D10020B34908601EE013E00A206FF01E
:102C8000950102222346CDE900210290B34A514228
:102C90001220F4F7ECF9012009F0C2FDEDF7E2FE95
:102CA00000B903E0A64800680A28E7DC00BFA54891
:102CB0000068401CA3490860A2480068FA28DCDBD1
:102CC0000020A04908602DE013E00A206FF0950174
:102CD00002222346CDE900210290A04A5142082059
:102CE000F4F7C5F9012009F09BFDEDF7BBFE00B933
:102CF00012E040219A4806F093FB0128E5D04FF4FA
:102D00008071984806F08CFB0128DED08021944821
:102D100006F086FB0028D8D000BF8A480068401C17
:102D2000884908608748006840F20E618842CBDB22
:102D30004FF47A7009F074FD4FF47A712046FFF772
:102D400046FE0020F0F74EFA3EBD3EB50446F1F7D0
:102D5000F8F985480068FA308449086084480068BA
:102D6000FA3084490860B6EE001ADFED830A2620A7
:102D70001FED8B0AF0F72BFB00207249086011E071
:102D800006E0012009F04CFDEDF76CFE00B903E010
:102D90006B4800687328F4DC00BF6A480068401C78
:102DA0006849086067480068FA28E9DBB6EE001A4F
:102DB000DFED710A1E201FED9C0AF0F708FB0020D2
:102DC0006049086011E006E0012009F029FDEDF7F7
:102DD00049FE00B903E05A4800682828F4DC00BF27
:102DE00058480068401C5749086056480068FA284F
:102DF000E9DB56480068012807D1FA2054490860E9
:102E000054480068C8385449086050480068002891
:102E100066D14C4908601FE014E00A206FF063019E
:102E20000222A4F10F03CDE9002102904B4A514246
:102E30001220F4F71CF9012009F0F2FCEDF712FE64
:102E400000B903E03E4800680A28E6DC00BF3D48C0
:102E50000068401C3B4908603A480068FA28DBDB00
:102E60000020384908602EE014E00A206FF0950138
:102E70000222A4F10F03CDE900210290374A51420A
:102E80000720F4F7F4F8EDF7EDFD00B915E00120A7
:102E900009F0C6FC4021324806F0C2FA0128E4D00D
:102EA0004FF480712F4806F0BBFA0128DDD0802155
:102EB0002B4806F0B5FA0028D7D000BF214800689B
:102EC000401C204908601F48006840F20E6188429B
:102ED000CADBA4F10F004FF47A71FFF778FD8CE0A4
:102EE0001A48006801287DD10020164908601EE0BC
:102EF00013E00A206FF0950102222346CDE900215C
:102F00000290164A51421220F4F7B1F8012009F05C
:102F100087FCEDF7A7FD00B903E0094800680A281F
:102F2000E7DC00BF07480068401C06490860054808
:102F30000068FA28DCDB0020024908604CE0000051
:102F400098000020AC03002004000020E8000020CE
:102F500034040020C0010020200400207CFCFFFF7E
:102F60000004024000000240E8030020F0030020BB
:102F7000F4030020FC030020000061C413E00A20D9
:102F80006FF0950102222346CDE900210290F64A16
:102F900051420720F4F76BF8EDF764FD00B915E036
:102FA000012009F03DFC4021F04806F039FA0128E3
:102FB000E5D04FF48071EE4806F032FA0128DED0F9
:102FC0008021EA4806F02CFA0028D8D000BFE94852
:102FD0000068401CE7490860E648006840F20E615E
:102FE000884200E009E0C9DB40F23520F1F7B0F893
:102FF0004FF47A712046FFF7EAFC0020F0F7F2F870
:103000003EBD2DE9F04104460D460020D949086037
:103010003BE02AE0D8480068071B3846F1F77DFC02
:103020000646D5480068001B002809DDB6EE001AE8
:103030005FED2F0A30469FEDD10AF0F7C8F910E096
:10304000CD480068001B09D5B6EE001A5FED360AC0
:1030500030469FEDCB0AF0F7BAF902E00020F0F716
:10306000C1F8EDF7FFFC00B909E0C3490968081B86
:10307000002801DB014600E041420129CADC00BF13
:10308000BC480068401CBB490860BA480068A842B8
:10309000BFDBBDE8F0813EB50446F1F752F8B94810
:1030A0000068FA30B8490860B8480068FA30B84992
:1030B00008609FEDB81A5FED500A26209FEDB60A12
:1030C000F0F785F90020AB49086011E006E0012027
:1030D00009F0A6FBEDF7C6FC00B903E0AF480068B5
:1030E0007328F4DC00BFA3480068401CA1490860B5
:1030F000A0480068FA28E9DB9FEDA61A5FED620A96
:103100001C209FEDA50AF0F762F90020994908609C
:1031100011E006E0012009F083FBEDF7A3FC00B904
:1031200003E09E4800683228F4DC00BF9148006844
:10313000401C904908608F480068FA28E9DB9848ED
:10314000C07F40F004009649C8779648006801287F
:1031500007D1FA209449086094480068C838944917
:1031600008604FF42F70F0F7F3FF8E4800680028D6
:1031700062D1804908601EE013E00A2096210222F5
:1031800004F11903CDE900210290774A514212203F
:10319000F4F711F8012009F043FBEDF763FC00B9E7
:1031A00003E07E4800680A28E7DC00BF7148006839
:1031B000401C704908606F480068FA28DCDB00207A
:1031C0006C49086027E013E00A209621022204F1EE
:1031D0001903CDE900210290634A51420820F3F718
:1031E000EAFF012009F01CFBEDF73CFC00B90CE004
:1031F0004FF480715E4806F013F90128E4D0802175
:103200005A4806F00DF90028DED000BF5948006882
:10321000401C584908605748006840F20E618842D7
:10322000D1DB4FF47A7009F0FBFA4FF47A7104F1B4
:103230001900FFF7E6FE63E05A48006801285FD1F5
:1032400000204C4908601DE012E01E209621022259
:103250002346CDE900210290434A51421220F3F760
:10326000AAFF012009F0DCFAEDF7FCFB00B903E04E
:103270004A4800680A28E8DC00BF3E480068401C55
:103280003C4908603B480068FA28DDDB00203949EA
:10329000086026E012E01E20962102222346CDE996
:1032A00000210290304A51420820F3F784FF0120A8
:1032B00009F0B6FAEDF7D6FB00B90CE04FF48071D7
:1032C0002B4806F0ADF80128E5D08021274806F00C
:1032D000A7F80028DFD000BF26480068401C254919
:1032E00008602448006840F20E618842D2DB4FF447
:1032F0007A7009F095FA4FF47A712046FFF781FE53
:103300000020EFF76FFF3EBD10B5FFF7F8FAFAF7B0
:10331000B6FD2848006818B927480068FFF7BBFECB
:1033200001202449086010BD10B5FFF780FAFAF7B4
:10333000A6FD2048006818B920480068FFF705FD81
:1033400001201C49086010BD10B5FFF708FAFAF714
:1033500096FD1848006830B919480068FFF781FBEE
:1033600001201449086010BD7CFCFFFF00040240EE
:1033700000000240AC030020A00000200000E14457
:1033800000000000E8030020F0030020F403002008
:10339000FC0300206666663F000061449800002040
:1033A00004000020E800002034040020C0010020B8
:1033B000200400207402002004020020F4010020F8
:1033C000EC01002010B5FD494842F3F796FC1E20A1
:1033D000EFF708FF0120FA49086010BD10B5F74962
:1033E0004842F2F72AFD1E20EFF7FCFE0120F449C7
:1033F000086010BD2DE9F04104460D460020F1495A
:1034000008603DE02CE0F0480068071B2A220421F8
:103410003846F9F7F8F90646EB480068001B002823
:1034200009DDB6EE001ADFEDE90A30461FED2D0A80
:10343000EFF7CDFF10E0E4480068001B09D5B6EEB9
:10344000001ADFEDE20A30461FED330AEFF7BFFF47
:1034500002E00020EFF7C6FEEDF704FB00B909E03B
:10346000D9490968081B002801DB014600E04142F8
:103470000129C8DC00BFD3480068401CD14908605E
:10348000D0480068A842BDDBBDE8F0813EB50446E7
:10349000FCF7E0F8FCF70DFAF0F753FE40F24F109E
:1034A000CB490860CB4908600020C649086019E094
:1034B00006E0012009F0B4F9EDF7D4FA00B90BE009
:1034C000C5490968C34A1268881A002801DB014609
:1034D00000E041420A29ECDC00BFBA480068401C09
:1034E000B8490860B74800689628E1DB4FF47A6075
:1034F00009F096F94FF47A71D220FFF77BFFB6EE10
:10350000001ADFEDB20A1E201FED5D0AEFF75FFF24
:103510000020AC49086012E006E0052009F080F9BF
:10352000EDF7A0FA00B904E0AC480068B0F5AA7F56
:10353000F3DC00BFA3480068401CA2490860A14812
:10354000006840F226218842E6DB40F6B83009F0F8
:1035500067F900209B49086012E006E0052009F0A9
:103560005FF9EDF77FFA00B904E09C480068B0F518
:10357000967FF3DB00BF93480068401C91490860C8
:103580009048006840F226218842E6DB41F288300C
:1035900009F046F9B6EE001ADFED8C0A0A201FED9D
:1035A000820AEFF714FF00208649086011E006E068
:1035B000012009F035F9EDF755FA00B903E0884824
:1035C00000681E28F4DC00BF7E480068401C7D496E
:1035D00008607C48006840F226218842E7DB002032
:1035E000784908601EE012E00A2064210322234685
:1035F000CDE900210290714A00211E20F3F7EBFE75
:10360000012009F00DF9EDF72DFA00B904E0734837
:103610000068B0F5DC7FE7DC00BF6A480068401C4A
:10362000684908606748006840F226218842DADB72
:10363000B7EE081A5FEDA80A19209FED6A0AEFF7A6
:10364000C6FE06E0012009F0EBF8EDF70BFA00B931
:1036500005E06548006840F22A318842F2DB00BF8D
:1036600000205849086020E015E00A204FF49671C8
:10367000032204F12003CDE9002102904FF461728E
:1036800000211920F3F755FE052009F0C9F8EDF7E0
:10369000E9F900B903E04C480068DC28E5DC00BF2C
:1036A00048480068401C474908604648006840F2A6
:1036B00026218842D8DB0020424908601FE014E040
:1036C0000A209621022204F12003CDE90021029074
:1036D0004FF4617200210620F3F72BFE012009F060
:1036E0009FF8EDF7BFF900B903E037480068BE283E
:1036F000E6DC00BF33480068401C324908603148AE
:10370000006840F226218842D9DB0020EFF76AFDED
:1037100000219FED360A40F27F30EFF7E9FD06E029
:10372000012009F07DF8EDF79DF900B903E0EFF70E
:1037300000FC0028F4D100BF0020EFF753FD4FF448
:103740002F70F0F705FD00201E49086019E006E023
:10375000012009F065F8EDF785F900B90BE01E4985
:1037600009681C4A1268881A002801DB014600E03B
:1037700041420829ECDC00BF12480068401C114996
:103780000860104800689628E1DB0020EFF72AFD6A
:103790003EBD10B54FF48061154805F041FE00288C
:1037A00062D1FA2013490860134800687330134946
:1037B000086000200349086048E000007CFCFFFF2F
:1037C000B4020020AC030020A0000020000061C46F
:1037D000F0030020FC030020BC000020A400002017
:1037E000980000200000C8C260030020CDCC4C3EF1
:1037F0000004024030040020BC010020140400201A
:1038000006E0012009F00CF8EDF72CF900B917E0FB
:10381000F74A1268F74B1B68D11A002901DB0A46E8
:1038200000E04A420A2AECDCF34A1268F34B1B68B8
:10383000D01A002801DB024600E042420A2AE0DCFE
:1038400000BFEF480068401CED490860EC48006884
:103850003228D5DB40F6B83008F0E2FFE948C07FF7
:1038600040F00800E749C8774FF48061E64805F06A
:10387000D7FDE0BBFA20E5490860E54800687330F1
:10388000DE4908600020DE49086025E006E00120EE
:1038900008F0C6FFEDF7E6F800B917E0D44A126861
:1038A000D44B1B68D11A002901DB0A4600E04A42CA
:1038B0000A2AECDCD04A1268D04B1B68D01A0028C8
:1038C00001DB024600E042420A2AE0DC00BFCC48AD
:1038D0000068401CCA490860C94800683228D5DB26
:1038E00040F6B83008F09CFFC648C07F00E003E017
:1038F00040F04000C349C87740F6B83008F090FF68
:10390000FA20C4490860C4480068BA490860FA202F
:10391000BE490860BE480068B84908600020B84940
:10392000086025E006E0012008F07AFFEDF79AF83C
:1039300000B917E0AE4A1268AE4B1B68D11A0029D5
:1039400001DB0A4600E04A420A2AECDCAA4A126875
:10395000AA4B1B68D01A002801DB024600E0424255
:103960000A2AE0DC00BFA6480068401CA4490860A1
:10397000A34800683228D5DB10BD10B54FF4804154
:10398000A64805F04DFD00283FD1FA20A149086066
:10399000A14800686E38974908600020984908607F
:1039A00025E006E0012008F03BFFEDF75BF800B9E9
:1039B00017E08F4A12688F4B1B68D11A002901DB70
:1039C0000A4600E04A420A2AECDC8B4A12688B4B1A
:1039D0001B68D01A002801DB024600E042420A2A96
:1039E000E0DC00BF86480068401C854908608448C8
:1039F00000683228D5DB40F6B83008F011FF814866
:103A0000C07F40F010007F49C8774FF400617E48C6
:103A100005F006FDF0BBFA207C4908607C48006890
:103A20006E387649086000207549086025E006E098
:103A3000012008F0F5FEEDF715F800B917E06C4A23
:103A400012686C4B1B68D11A002901DB0A4600E0A2
:103A50004A420A2AECDC684A1268684B1B68D01A92
:103A6000002801DB024600E042420A2AE0DC00BFF7
:103A700063480068401C6249086061480068322859
:103A8000D5DB40F6B83008F0CBFE5E48C07F40F092
:103A9000040000E001E05B49C87740F6B83008F068
:103AA000BFFEFA205B4908605B4800685149086026
:103AB000FA205649086056480068504908600020BE
:103AC0004F49086025E006E0012008F0A9FEECF768
:103AD000C9FF00B917E0464A1268464B1B68D11A65
:103AE000002901DB0A4600E04A420A2AECDC424A8D
:103AF0001268424B1B68D01A002801DB024600E026
:103B000042420A2AE0DC00BF3D480068401C3C49B4
:103B100008603B4800683228D5DB10BD10B540482E
:103B20000068002847D13F480068002843D13E483C
:103B3000006800283FD13D48006800283BD1C821DB
:103B40003B480068FFF75DFA01203A49086040F2FF
:103B50003520F0F7FDFA00202949086019E006E059
:103B6000012008F05DFEECF77DFF00B90BE0324963
:103B70000968324A1268881A002801DB014600E011
:103B800041420A29ECDC00BF1D480068401C1C496A
:103B900008601B480068FA28E1DB1FEDEC1A5FEDB6
:103BA000F50A06209FED260AEFF711FC4FF4FA60A4
:103BB00008F036FEAAE11A48006801286FD11948BA
:103BC0000068F8BB18480068E0BB18480068C8BB2C
:103BD000C82117480068FFF714FA0120154908604A
:103BE00040F23520F0F7B4FA00200549086044E0BF
:103BF000C000002014040020C40000202004002085
:103C0000AC03002004000020000C0240340400201B
:103C1000C001002030040020BC010020000402404C
:103C2000A0020020A4020020A8020020AC02002074
:103C3000B0010020BC020020BC000020FC030020DA
:103C40000000E1442BE006E0012008F0E9FDECF77C
:103C500009FF00B90BE0F9490968F94A1268881AA6
:103C6000002801DB014600E041420A29ECDC00BFEC
:103C7000F4480068401CF3490860F2480068FA28DC
:103C8000E1DB9FEDF11ADFEDF10A06201FED140ACA
:103C9000EFF79DFB4FF4FA6008F0C2FD36E1EC4807
:103CA0000068012872D1EB4800680128FAD1EA487F
:103CB00000680028F6D1E94800680028F2D140F2F7
:103CC0000910F0F745FA0020DE49086019E006E027
:103CD000012008F0A5FDECF7C5FE00B90BE0D749BF
:103CE0000968D74A1268881A002801DB014600E0FB
:103CF00041420A29ECDC00BFD2480068401CD1498F
:103D00000860D04800683228E1DBB6EE001ADFED2B
:103D1000CF0A0A209FEDD20AEFF759FB0020C949CC
:103D2000086014E006E0012008F07AFDECF79AFE46
:103D300000B906E04FF48071CA4805F071FB002815
:103D4000F1D000BFBF480068401CBE490860BD48B4
:103D50000068FA28E6DBC821C3480068FFF751F97C
:103D60000020EFF73FFA0120C049086040F23520FB
:103D7000F0F7EEF90020B34908601AE007E00120EF
:103D800008F04EFDECF76EFE08B90CE023E0AB49FD
:103D90000968AB4A1268881A002801DB014600E076
:103DA00041420A29EBDC00BFA6480068401CA54937
:103DB0000860A4480068FA28E0DB9FEDAD1ADFED4B
:103DC000A30A06201FED620AEFF701FB40F6C410BC
:103DD00008F026FD9AE09E480068012872D19D48AF
:103DE000006801286ED19C48006801286AD19B4870
:103DF0000068002866D140F20910F0F7A9F9002008
:103E00009049086019E006E0012008F009FDECF790
:103E100029FE00B90BE089490968894A1268881AA5
:103E2000002801DB014600E041420A29ECDC00BF2A
:103E300084480068401C8349086082480068322832
:103E4000E1DBB6EE001ADFED810A0A209FED840A5D
:103E5000EFF7BDFA00207B49086014E006E001207E
:103E600008F0DEFCECF7FEFD00B906E04FF48071CF
:103E70007C4805F0D5FA0028F1D000BF71480068F1
:103E8000401C704908606F480068FA28E6DBC821CA
:103E900075480068FFF7B5F80020EFF7A3F9012097
:103EA0007249086040F23520F0F752F90020654968
:103EB00008601AE007E0012008F0B2FCECF7D2FD40
:103EC00008B90CE022E05D4909685D4A1268881A69
:103ED000002801DB014600E041420A29EBDC00BF7B
:103EE00058480068401C5749086056480068FA283E
:103EF000E0DB9FED5F1ADFED550A06201FEDB00AEB
:103F0000EFF765FA40F6C41008F08AFC0A20EFF7D4
:103F100069F910BD10B557494842F1F78EFF564870
:103F20000068002859D155480068002855D15448E8
:103F30000068002851D140F20910F0F709F900207B
:103F40004049086019E006E0012008F069FCECF740
:103F500089FD00B90BE039490968394A1268881AA5
:103F6000002801DB014600E041420A29ECDC00BFE9
:103F700034480068401C33490860324800683228E1
:103F8000E1DBB6EE001ADFED310A0F209FED340AB7
:103F9000EFF71DFA00202B49086014E006E0ECF76B
:103FA00061FD00B909E0012008F03AFC4FF480718E
:103FB0002C4805F035FA0028F1D000BF21480068F0
:103FC000401C204908601F48006840F20E6188428A
:103FD000E4DB0020EFF706F905E029480068012836
:103FE00001D1FFF79BFD0020EFF7FCF810BD10B5E5
:103FF00017480068002874D116480068002870D15E
:104000001548006800287CD114480068002878D141
:104010004FE04FF48051134805F002FAC0BB012174
:10402000184805F0FDF998BB9FED171ADFED070A58
:1040300005209FED160AEFF7CAF933E0BC00002017
:10404000FC030020AC030020CDCC4C3E000061C43A
:10405000A0020020A4020020A8020020AC02002040
:104060000000614400000240B0010020BC020020BA
:10407000CDCCCC3D7CFCFFFFE8000020EC00002014
:10408000F0000020000402403333333F00C08F446F
:10409000FFE71FED031A5FED130A05201FED100A5D
:1040A000EFF795F9012008F0BBFBECF7DBFC00B95A
:1040B0000CE04021F84805F0B3F90028A9D04FF4EE
:1040C0008071F64805F0ACF90028A2D000BF1FEDC2
:1040D000121A5FED220A05209FEDF10AEFF777F93A
:1040E00007E00EE0012008F09BFBECF7BBFC00B9F9
:1040F00006E04FF48051E94805F092F90028F1D02C
:1041000014E1E8480068012858D1E7480068002811
:1041100054D1E6480068002850D1E5480068E8BB63
:1041200024E04FF48051DD4805F07AF970B901219F
:10413000D94805F075F948B91FED2D1A5FED3D0A14
:1041400005201FED2E0AEFF742F908E01FED321AA5
:104150005FED420A05201FED3E0AEFF738F9012016
:1041600008F05EFBECF77EFC00B90CE04021CA4889
:1041700005F056F90028D4D04FF48071C74805F0F7
:104180004FF90028CDD000BF1FED411A5FED510A55
:1041900005209FEDC30AEFF71AF907E00EE00120B2
:1041A00008F03EFBECF75EFC00B906E04FF48051EE
:1041B000BA4805F035F90028F1D0B7E0B9480068F1
:1041C000012857D1B8480068012853D1B748006882
:1041D000E0BBB7480068C8BB24E00421B54805F03F
:1041E0001FF978B94FF40061AC4805F019F948B9E6
:1041F0001FED5B1A5FED6B0A05209FEDAF0AEFF72D
:10420000E6F808E01FED601A5FED700A05201FED6B
:104210006C0AEFF7DCF8012008F002FBECF722FC57
:1042200000B90CE040219C4805F0FAF80028D4D0F1
:104230004FF48071994805F0F3F80028CDD000BF05
:104240001FED6F1A5FED7F0A052000E012E09FED81
:104250009B0AEFF7BCF806E0012008F0E1FAECF762
:1042600001FC00B905E00421924805F0D9F80028C6
:10427000F2D05BE08B480068012857D18A4800687B
:10428000012853D18948006801284FD18848006827
:10429000E8BB24E00421874805F0C2F878B94FF460
:1042A00000617E4805F0BCF848B91FED891A5FED42
:1042B000990A05209FED800AEFF789F808E01FEDC5
:1042C0008E1A5FED9E0A05201FED9B0AEFF77FF81F
:1042D000012008F0A5FAECF7C5FB00B90CE040217D
:1042E0006D4805F09DF80028D4D04FF480716B48DC
:1042F00005F096F80028CDD000BF1FED9D1A5FEDA8
:10430000AD0A05209FED6D0AEFF761F807E00DE0BB
:10431000012008F085FAECF7A5FB00B905E00421BF
:10432000644805F07DF80028F2D000BF0020EEF7C9
:1043300059FF10BD10B55B480068002865D15A4888
:104340000068002861D15948006800285DD15848AC
:104350000068002859D1F020594908605948006880
:10436000594908605948C07F40F004005749C87750
:10437000F0F7AAFE00205649086019E006E0012087
:1043800008F04EFAECF76EFB00B90BE051490968F2
:10439000514A1268881A002801DB014600E04142B8
:1043A0000A29ECDC00BF4A480068401C4849086004
:1043B00047480068FA28E1DBB6EE001A5FEDDD0A37
:1043C00005209FED370AEFF702F80020404908600A
:1043D00013E006E0012008F023FAECF743FB00B9F4
:1043E00005E001212C4805F01BF80028F2D000BFA1
:1043F00037480068401C36490860354800689628F0
:10440000E7DB0020EEF7EEFEB1E026480068012869
:10441000FAD1324800680028F6D1F0202849086017
:104420002F480068284908602848C07F40F01000E5
:104430002649C877F0F748FE00202549086019E0B2
:1044400006E0012008F0ECF9ECF70CFB00B90BE0FA
:1044500020490968204A1268881A002801DB0146B1
:1044600000E041420A29ECDC00BF19480068401C0A
:104470001749086016480068FA28E1DBB6EE001A12
:10448000DFED180A05209FED180AEEF7A0FF0020C7
:104490000F4908603FE000000004024000000240B5
:1044A0000000E144A0020020A4020020A802002095
:1044B000AC020020001002400080224400000000F6
:1044C0002C0400209001002008040020040000209B
:1044D000AC030020BC000020FC030020B002002040
:1044E00094010020000061C40000614406E0012046
:1044F00008F096F9ECF7B6FA00B906E04FF48071CF
:10450000FB4804F08DFF0028F1D000BFF948006897
:10451000401CF8490860F74800689628E6DBB6EECC
:10452000001A5FED100A05201FED230AEEF74FFF7A
:104530000020F049086013E006E0012008F070F95F
:10454000ECF790FA00B905E00121EB4804F068FFB0
:104550000028F2D000BFE7480068401CE549086029
:10456000E44800689628E7DB0020EEF73BFEE348CE
:104570000068012838D1F0F70CFDB6EE001A5FEDA7
:10458000270A0A201FED280AEEF721FF0020D9494B
:1045900008601AE006E0ECF765FA00B90FE00120C8
:1045A00008F03EF94021D44804F03AFF0028F2D048
:1045B0004FF48071CE4804F033FF0028EBD000BFE9
:1045C000CC480068401CCB490860CA48006840F2EB
:1045D0000E618842DEDB0020EEF704FE4FF47A70B5
:1045E00008F01EF9FFF703FD10BD10B5C4480068C0
:1045F000002874D1C34800680028FAD1C248006876
:104600000028F6D1C14800680028F2D1F020C04946
:104610000860C0480068C0490860C048C07F40F0DA
:104620000400BE49C877F0F74FFD0020B14908608B
:1046300019E006E0012008F0F3F8ECF713FA00B9EE
:104640000BE0B7490968B74A1268881A002801DBED
:10465000014600E041420A29ECDC00BFA5480068A1
:10466000401CA4490860A3480068FA28E1DBB6EEC4
:10467000001A5FED640A05201FED650AEEF7A7FE3C
:1046800000209C49086014E006E0ECF7EBF900B963
:1046900009E0012008F0C4F84FF48071944804F058
:1046A000BFFE0028F1D000BF92480068401C91492D
:1046B00008609048006840F20E618842E4DB002008
:1046C000EEF790FDB6EE001A5FED7A0A05201FEDB9
:1046D000850AEEF77CFE00208649086015E01CE0A4
:1046E00006E0012008F09CF8ECF7BCF900B906E000
:1046F0004FF400617E4804F093FE0028F1D000BF23
:104700007C480068401C7B4908607A48006896280D
:10471000E6DB0020EEF766FD61E0794800680128DD
:104720005DD181480068002859D1F020784908609F
:104730007E480068784908607848C07F40F01000E3
:104740007649C877F0F7C0FC00206A49086019E094
:1047500006E0012008F064F8ECF784F900B90BE0FA
:104760006F4909686F4A1268881A002801DB014600
:1047700000E041420A29ECDC00BF5E480068401CB2
:104780005C4908605B480068FA28E1DBB6EE001A75
:104790005FEDAC0A05201FEDB70AEEF718FE00200A
:1047A0005449086014E006E0012008F039F8ECF7FD
:1047B00059F900B906E04FF400614D4804F030FEAD
:1047C0000028F1D000BF4B480068401C49490860F0
:1047D000484800689628E6DB0020EEF703FD4748CE
:1047E000006801283CD1F0F7D4FB41F6583008F0BE
:1047F00017F8B6EE001A5FEDC50A0A201FEDC60ACB
:10480000EEF7E5FD00203B4908601AE006E0ECF712
:1048100029F900B90FE0012008F002F840213648DC
:1048200004F0FEFD0028F2D04FF48071304804F00F
:10483000F7FD0028EBD000BF2E480068401C2D4932
:1048400008602C48006840F20E618842DEDB0020E0
:10485000EEF7C8FC4FF47A7007F0E2FFFFF7C7FBF2
:1048600010BD10B532494842F1F7E7FA0020EEF7E3
:10487000B9FC2248006800287ED12E480068002834
:104880007AD12D48006800287DD140F20910EFF759
:104890005FFC00201749086019E006E0012007F0DE
:1048A000BFFFECF7DFF800B90BE01D4909681D4AAE
:1048B0001268881A002801DB014600E041420A29FB
:1048C000ECDC00BF0B480068401C0A49086009483E
:1048D00000683228E1DBB6EE001ADFED180A0F207F
:1048E0009FED170AEEF773FD0020024908603EE0D5
:1048F00000000240AC03002000040240E800002059
:10490000A0020020A4020020A8020020AC02002087
:104910002C040020A801002008040020040000202E
:10492000BC000020FC030020B0020020AC010020ED
:104930007CFCFFFFEC000020F0000020000061C4C0
:104940000000614406E0ECF78DF800B909E00120B1
:1049500007F066FF4FF48071FE4804F061FD002807
:10496000F1D000BFFC480068401CFB490860FA48D1
:10497000006840F20E6100E005E08842E2DB0020C2
:10498000EEF730FC0CE0F5480068012802D1FFF793
:104990002CFE05E0F2480068012801D1FFF7CAFCAF
:1049A00010BD70B5EF4804680668F0F7F2FA40F2FF
:1049B0000910EFF7CDFBEC480068002864D1EB4804
:1049C0000068002860D1EA48006800285CD1E94806
:1049D0000068002858D124E00121E74804F020FDB8
:1049E00078B94FF48051DB4804F01AFD48B99FEDC7
:1049F000E31A5FED2E0A05209FEDE10AEEF7E7FCD2
:104A000008E09FEDDE1A5FED330A05201FED340A42
:104A1000EEF7DDFC012007F003FFECF723F800B907
:104A200018E04021D44804F0FBFC0028D4D04FF417
:104A30008071C84804F0F4FC0028CDD0D14800684B
:104A4000D1490968451A002D01DB284600E068427B
:104A50000A28C1DC00BF9FEDC91A5FED480A0A2091
:104A60009FEDCA0AEEF7B3FC06E0012007F0D8FE7E
:104A7000EBF7F8FF00B906E04FF48051B54804F0B9
:104A8000CFFC0028F1D004E1B7480068012864D1C8
:104A9000B6480068002860D1B548006800285CD19D
:104AA000B4480068002858D124E00121B24804F03D
:104AB000B7FC78B94FF48051A64804F0B1FC48B96E
:104AC0009FEDAE1A5FED630A05209FEDAD0AEEF78C
:104AD0007EFC08E09FEDA91A5FED680A05201FED36
:104AE000680AEEF774FC012007F09AFEEBF7BAFFB4
:104AF00000B918E04021A04804F092FC0028D4D06E
:104B00004FF48071934804F08BFC0028CDD09D4871
:104B100000689D490968451A002D01DB284600E020
:104B200068420A28C1DC00BF9FED941A5FED7D0A40
:104B30000A209FED960AEEF74AFC06E0012007F0F6
:104B40006FFEEBF78FFF00B906E04FF4805181480C
:104B500004F066FC0028F1D09BE08348006801283F
:104B600049D182480068012845D181480068B8BB16
:104B700080480068A0BB1DE085480068A04209DAB3
:104B80009FED7E1A5FED930A05209FED820AEEF7F6
:104B90001EFC08E09FED791A5FED980A05201FEDD5
:104BA000980AEEF714FC012007F03AFEEBF75AFFE3
:104BB00000B919E04021704804F032FC0028DBD035
:104BC0004FF48071634804F02BFC0028D4D06D486A
:104BD00000686D490968451A002D02DB284601E08E
:104BE00009E068420A28C7DC00BF4FF47A7120460A
:104BF000F1F749FD4DE05C480068012849D15B4868
:104C00000068012845D15A480068012841D1594817
:104C10000068A0BB1DE05E480068A04209DA9FED75
:104C2000571A5FEDBA0A05209FED5A0AEEF7CFFB3F
:104C300008E09FED521A5FEDBF0A05201FEDC00A84
:104C4000EEF7C5FB012007F0EBFDEBF70BFF00B91A
:104C500019E04021484804F0E3FB0028DBD04FF482
:104C600080713C4804F0DCFB0028D4D04548006843
:104C700045490968451A002D02DB284601E008E095
:104C800068420A28C7DC00BF4FF47A712046F1F76A
:104C9000FAFC0020EEF7A6FA70BD10B501203E49DF
:104CA00008603148006800287AD130480068002840
:104CB000FAD12F4800680028F6D12E480068002855
:104CC000F2D140F20910EFF743FA002022490860C0
:104CD00019E006E0012007F0A3FDEBF7C3FE00B9E1
:104CE0000BE028490968284A1268881A002801DB65
:104CF000014600E041420A29ECDC00BF164800688A
:104D0000401C1549086014480068FA28E1DB9FED53
:104D1000231A5FEDF60A08201FEDF70AEEF757FB9E
:104D200000200D49086014E006E0EBF79BFE00B997
:104D300009E0012007F074FD4FF48071054804F08C
:104D40006FFB0028F1D000BF03480068401C0249F7
:104D5000086026E000000240AC030020EC000020C8
:104D6000F0000020B8010020A0020020A4020020D2
:104D7000A8020020AC020020000402403333333F7D
:104D800000C08F44BC000020FC0300200000E14470
:104D9000A400002000802244C0020020CDCC4C3F63
:104DA0006EE0FB48006840F20E618842BCDB0020E8
:104DB000EEF718FA4FF4C870EFF7CAF90020F4497B
:104DC000086019E006E0012007F02AFDEBF74AFE33
:104DD00000B90BE0EF490968EF4A1268881A002809
:104DE00001DB014600E041420829ECDC00BFE84855
:104DF0000068401CE6490860E5480068FA28E1DBE5
:104E000040F2DC5007F00CFDC821E4480068FDF7D3
:104E1000DEFD1FED1E1ADFEDE20A08209FEDE10A1C
:104E2000EEF7D5FA40F6C41007F0FAFC0020EEF7D2
:104E3000D9F940F23520EFF78BF90020D44908600A
:104E400019E006E0012007F0EBFCEBF70BFE00B9E0
:104E50000BE0D0490968D04A1268881A002801DBA3
:104E6000014600E041420829ECDC00BFC848006868
:104E7000401CC7490860C6480068FA28E1DBC7E162
:104E8000C9480068012875D1C84800680028FAD1CF
:104E9000C74800680028F6D1C64800680028F2D14B
:104EA00040F20910EFF754F90020B949086019E001
:104EB00006E0012007F0B4FCEBF7D4FD00B90BE0ED
:104EC000B4490968B44A1268881A002801DB01460F
:104ED00000E041420A29ECDC00BFAD480068401CFC
:104EE000AB490860AA480068FA28E1DBB6EE001A70
:104EF000DFEDAB0A0A209FEDB00AEEF768FA00205A
:104F0000A349086014E006E0EBF7ACFD00B909E046
:104F1000012007F085FC4FF48071A84804F080FA66
:104F20000028F1D000BF9A480068401C98490860EA
:104F30009748006840F20E618842E4DB0020EEF7FB
:104F400051F94FF4C870EFF703F900209049086059
:104F50001AE006E0012007F063FCEBF783FD00B9DF
:104F60000CE08C4909688C4A1268881A002802DB18
:104F7000014601E04CE041420A29EBDC00BF8448D5
:104F80000068401C8249086081480068FA28E0DB1C
:104F900040F2DC5007F044FCC82180480068FDF76F
:104FA00016FD9FED871ADFED7E0A07209FED7D0A33
:104FB000EEF70DFA40F6C41007F032FC0020EEF7D1
:104FC00011F940F23520EFF7C3F80020704908606E
:104FD00019E006E0012007F023FCEBF743FD00B9E0
:104FE0000BE06C4909686C4A1268881A002801DBDA
:104FF000014600E041420A29ECDC00BF6448006839
:10500000401C6349086062480068FA28E1DBFFE061
:105010006548006801286ED16448006801286AD19B
:1050200063480068E8BB63480068D0BB4FF4C870B1
:10503000EFF78EF800205649086019E006E00120DD
:1050400007F0EEFBEBF70EFD00B90BE051490968E4
:10505000514A1268881A002801DB014600E04142EB
:105060000A29ECDC00BF4A480068401C4849086037
:1050700047480068FA28E1DB40F2DC5007F0D0FB3B
:10508000C82146480068FDF7A2FC9FED4D1ADFEDF0
:10509000440A07209FED430AEEF799F940F6C41041
:1050A00000E028E007F0BCFB40F23520EFF750F8B5
:1050B00000203749086019E006E0012007F0B0FB46
:1050C000EBF7D0FC00B90BE032490968324A1268AC
:1050D000881A002801DB014600E041420A29ECDC85
:1050E00000BF2B480068401C294908602848006818
:1050F000FA28E1DB8CE02C480068012847D12B48D6
:105100000068012843D12A48006801283FD1294876
:105110000068E0BB4FF4C870EFF71AF800201C4994
:10512000086019E006E0012007F07AFBEBF79AFC33
:1051300000B90BE017490968174A1268881A002855
:1051400001DB014600E041420A29ECDC00BF1048C7
:105150000068401C0E4908600D480068FA28E1DB31
:1051600040F6C41007F05CFBC8210C480068FDF74E
:105170002EFC9FED131ADFED0A0A07209FED090AA6
:10518000EEF725F940F6C41007F04AFB1AE03FE0BD
:10519000AC030020BC000020FC030020B80100206C
:1051A000000061C400000000A0020020A402002052
:1051B000A8020020AC020020000061440000024070
:1051C000CDCC4C3E40F23520EEF7C2FF0020F9492D
:1051D000086019E006E0012007F022FBEBF742FC33
:1051E00000B90BE0F4490968F44A1268881A0028EB
:1051F00001DB014600E041420A29ECDC00BFED483A
:105200000068401CEB490860EA480068FA28E1DBC6
:10521000EB480068012807D1EFF7BBFE4FF4FA50C6
:1052200007F0FEFAFFF7BDFB0020EDF7DBFF10BD36
:1052300010B5E4494842F0F700FEE1480068002854
:1052400059D1E1480068002855D1E048006800289D
:1052500051D140F20910EEF77BFF0020D5490860DC
:1052600019E006E0012007F0DBFAEBF7FBFB00B9E1
:105270000BE0D1490968D14A1268881A002801DB7D
:10528000014600E041420A29ECDC00BFC948006841
:10529000401CC8490860C74800683228E1DBB6EE08
:1052A000001A5FED410A0F201FED3D0AEEF78FF85F
:1052B0000020C049086014E006E0EBF7D3FB00B91A
:1052C00009E0012007F0ACFA4FF48071C04804F007
:1052D000A7F80028F1D000BFB6480068401CB549C7
:1052E0000860B448006840F20E618842E4DB0020A8
:1052F000EDF778FF05E0B4480068012801D1FFF719
:10530000CCFC10BD70B5B3480468EFF742FE40F224
:105310000910EEF71DFF0020A649086019E006E01D
:10532000012007F07DFAEBF79DFB00B90BE0A249E5
:105330000968A24A1268881A002801DB014600E0C9
:1053400041420A29ECDC00BF9A480068401C994998
:105350000860984800683228E1DB4FF47A7007F063
:105360005FFAB6EE001A5FED720A0A201FED6E0AB0
:10537000EEF72DF800208F4908601AE006E00120C2
:1053800007F04EFAEBF76EFB00B90CE040219248B3
:1053900004F046F80028F2D04FF480718C4804F0F5
:1053A0003FF80028EBD000BF82480068401C8149CC
:1053B000086080480068FA28E0DB0020EDF712FF63
:1053C00086480068E8BB86480068D0BB854800680E
:1053D000B8BB85480068A0BB1DE084480068A042B7
:1053E00009DD9FED831A5FED920A05209FED810A8A
:1053F000EDF7EDFF08E09FED7E1A5FED970A0520BF
:105400001FED930AEDF7E3FF012007F009FAEBF730
:1054100029FB00B919E040216F4804F001F8002889
:10542000DBD04FF480716A4803F0FAFF0028D4D033
:105430006148006861490968451A002D02DB284669
:1054400001E009E068420A28C7DC00BF4FF47A7126
:105450002046EFF77DFA47E160480068012848D10F
:105460005F480068D0BB5F480068B8BB5E48006812
:10547000A0BB1DE05D480068A04209DD9FED5C1AFD
:105480005FEDB90A05209FED5B0AEDF7A0FF08E08C
:105490009FED571A5FEDBE0A05201FEDB90AEDF723
:1054A00096FF012007F0BCF9EBF7DCFA00B919E030
:1054B0004021494803F0B4FF0028DBD04FF480714D
:1054C000434803F0ADFF0028D4D03B4800683B4977
:1054D0000968451A002D02DB284601E009E0684210
:1054E0000A28C7DC00BF4FF47A712046EFF730FA84
:1054F000FAE03A480068012844D139480068012898
:1055000040D138480068E8BB37480068D0BB24E089
:105510000421394803F084FF78B94FF400612C4826
:1055200003F07EFF48B99FED321A5FEDE30A0520D4
:105530009FED320AEDF74BFF08E09FED2D1A5FED6E
:10554000E80A05201FEDE40AEDF741FF012007F00E
:1055500067F9EBF787FA00B91AE040211E4803F01B
:105560005FFF0028D4D04FF48071194803F058FF32
:105570000028CDD01048006810490968451A002D50
:1055800003DB00E048E0284600E068420A28BFDC70
:1055900000BF9FED171ADFED1A0A0A209FED190AC6
:1055A000EDF715FF31E0012007F03AF9EBF75AFA71
:1055B00050BB30E0AC030020BC000020FC03002006
:1055C000E80000207CFCFFFFEC000020F000002041
:1055D00000000240B001002000040240A0020020B0
:1055E000A4020020A8020020AC020020A00000209D
:1055F0003333333F00C08F44001002400080224408
:10560000000061C400000000FFE70421FE4803F031
:1056100007FF0028C7D067E0FC480068012863D175
:10562000FB48006801285FD1FA48006801285BD177
:10563000F9480068D8BB24E00421F34803F0F0FEE9
:1056400078B94FF40061F54803F0EAFE48B91FED60
:10565000181A5FED150A05201FED180AEDF7B7FEC1
:1056600008E01FED1D1A5FED1A0A05209FEDEC0AF8
:10567000EDF7ADFE012007F0D3F8EBF7F3F900B931
:1056800019E04021E74803F0CBFE0028D4D04FF4C6
:105690008071E24803F0C4FE0028CDD0E2480068E3
:1056A000E2490968451A002D02DB284601E01BE0AB
:1056B00068420A28C0DC00BF1FED331A5FED300AD4
:1056C0000A201FED300AEDF782FE06E0012007F008
:1056D000A7F8EBF7C7F900B905E00421CA4803F0C1
:1056E0009FFE0028F2D000BF0020EDF77BFD70BDCB
:1056F00010B5CF494842F0F7A0FBCE48006800281B
:1057000072D1CD48006800286ED1CC4800680028CE
:105710006AD140F20910EEF71BFD1FED4B1A5FED49
:10572000480A14209FEDBE0AEDF751FE0020C4493F
:10573000086020E006E0EBF795F900B915E00120DC
:1057400007F06EF84FF48071B44803F069FE00284A
:10575000F1D0B5480068B5490968441A002C01DB4E
:10576000204600E060420A28E5DC00BFB44800683B
:10577000401CB3490860B248006840F20E6188429C
:10578000D8DB1FED651A5FED620A0A209FEDA40ABF
:10579000EDF71DFE0020AA4908601AE006E0EBF7CD
:1057A00061F900B90FE0012007F03AF840219D4867
:1057B00003F036FE0028F2D04FF48071974803F0D2
:1057C0002FFE0028EBD000BF9D480068401C9C497C
:1057D00008609B48006840F20E618842DEDB0020D2
:1057E000EDF700FD13E0FFE792480068012808D1BB
:1057F000EFF7CFFB41F6583007F012F8FFF782FDC4
:1058000005E08E480068012801D1FEF787F90020E5
:10581000EDF7E8FC10BD10B585494842EEF7BFFE34
:1058200040F20910EEF794FC8248006800286DD120
:1058300081480068002869D180480068002865D147
:105840001FED951A5FED920A14209FED750AEDF792
:10585000BEFD00207A49086020E006E0EBF702F97F
:1058600000B915E0012006F0DBFF4FF480716B48B2
:1058700003F0D6FD0028F1D06B4800686B49096839
:10588000441A002C01DB204600E060420A28E5DCD7
:1058900000BF6B480068401C6949086068480068A0
:1058A00040F20E618842D8DB1FEDAF1A5FEDAC0A03
:1058B0000A209FED5B0AEDF78AFD00206049086031
:1058C0001AE006E0EBF7CEF800B90FE0012006F091
:1058D000A7FF4021534803F0A3FD0028F2D04FF466
:1058E00080714E4803F09CFD0028EBD000BF544867
:1058F0000068401C524908605148006840F20E613F
:105900008842DEDB0020EDF76DFC13E049480068BB
:10591000012802D1FEF76BFB0CE047480068012824
:1059200002D1FEF762FE05E044480068012801D17B
:10593000FEF700FD10BD70B54248046805683C499B
:105940004842EEF72CFE3B48006800287CD13A48DC
:10595000006800287DD139480068002879D140F2DC
:105960000910EEF7F5FB00203549086019E006E064
:10597000012006F055FFEBF775F800B90BE02A4956
:1059800009682A4A1268881A002801DB014600E0EB
:1059900041420A29ECDC00BF29480068401C284924
:1059A0000860274800683228E1DBB6EE001A5FED98
:1059B000EC0A11209FED1A0AEDF709FD002020499D
:1059C00008601AE006E0EBF74DF800B90FE001209F
:1059D00006F026FF4021134803F022FD0028F2D0F4
:1059E0004FF480710D4803F01BFD0028EBD000BF81
:1059F00013480068401C124908601148006840F2D2
:105A00000E618842DEDB20E000100240A002002090
:105A1000A4020020A8020020AC02002000000240E6
:105A20000000614400040240BC000020FC03002090
:105A30007CFCFFFFE8000020EC000020F0000020CC
:105A4000AC030020B801002003E00020EDF7CAFB02
:105A50000CE0FA480068012802D1FEF7A2FF05E039
:105A6000F7480068012801D1FFF717F970BD70B53C
:105A7000F4480468EFF78DFA4FF4FF70EEF768FB17
:105A8000F148006800285DD1F0480068002859D12D
:105A9000EF480068002855D1EE480068002851D131
:105AA00024E00121EC4803F0BBFC78B94FF48051AD
:105AB000EA4803F0B5FC48B99FEDE91ADFEDE90AC1
:105AC00005209FEDE90AEDF782FC08E09FEDE41A5E
:105AD000DFEDE40A05201FED2E0AEDF778FC01202A
:105AE00006F09EFEEAF7BEFF00B911E08021DA4819
:105AF00003F096FC0028D4D0DC480068DC49096833
:105B0000451A002D01DB284600E068420A28C8DC5F
:105B100000BF9FEDD31ADFEDD30A05209FEDD50A14
:105B2000EDF755FC06E0012006F07AFEEAF79AFF51
:105B300000B906E04FF48051C84803F071FC00281A
:105B4000F1D00DE1C048006801285DD1BF48006870
:105B5000002859D1BE480068002855D1BD480068CA
:105B6000002851D124E00121BB4803F059FC78B949
:105B70004FF48051B94803F053FC48B99FEDB81A6F
:105B8000DFEDB80A05209FEDB80AEDF720FC08E02C
:105B90009FEDB31ADFEDB30A05201FED5F0AEDF7A5
:105BA00016FC012006F03CFEEAF75CFF00B911E0AC
:105BB0008021A94803F034FC0028D4D0AB48006809
:105BC000AB490968451A002D01DB284600E0684210
:105BD0000A28C8DC00BF9FEDA21ADFEDA20A05204B
:105BE0009FEDA40AEDF7F3FB06E0012006F018FE96
:105BF000EAF738FF00B906E04FF48051974803F008
:105C00000FFC0028F1D0ABE08F480068012851D18B
:105C10008E48006801284DD18D480068A0BB8D4892
:105C2000006888BB00209449086037E01DE0934875
:105C30000068A04209DD9FED8A1ADFED8A0A05207F
:105C40009FED8F0AEDF7C3FB08E09FED851ADFEDAE
:105C5000850A05201FED8E0AEDF7B9FB012006F03D
:105C6000DFFDEAF7FFFE00B912E080217A4803F079
:105C7000D7FB0028DBD07D4800687D490968451ABC
:105C8000002D02DB284601E014E068420A28CEDC41
:105C900000BF79480068401C774908607648006872
:105CA00040F20E618842C1DB4FF47A712046F0F772
:105CB000EAFC55E064480068012851D16348006857
:105CC00001284DD162480068012849D16148006827
:105CD00088BB00206849086037E01DE0674800681D
:105CE000A04209DD9FED5E1ADFED5E0A05209FED03
:105CF000640AEDF76CFB08E09FED591ADFED590AD5
:105D000005201FEDB90AEDF762FB012006F088FDC2
:105D1000EAF7A8FE00B912E080214F4803F080FBAB
:105D20000028DBD05148006851490968451A002D08
:105D300002DB284601E013E068420A28CEDC00BFFF
:105D40004D480068401C4C4908604B48006840F2D0
:105D50000E618842C1DB4FF47A712046F0F793FC64
:105D600070BD10B538480068002865D13748006814
:105D7000002861D13648006800285DD135480068A8
:105D8000002859D1F0203F4908603F4800683F494A
:105D900008603F48C07F40F004003D49C877EFF7F6
:105DA00093F900203449086019E006E0012006F06C
:105DB00037FDEAF757FE00B90BE02C4909682C4A79
:105DC0001268881A002801DB014600E041420A29D6
:105DD000ECDC00BF28480068401C274908602648C2
:105DE0000068FA28E1DBB6EE001ADFED1E0A052096
:105DF0009FED200AEDF7EBFA00201F49086013E041
:105E000006E0012006F00CFDEAF72CFE00B905E0E3
:105E10000121114803F004FB0028F2D000BF16480E
:105E20000068401C14490860134800689628E7DBA6
:105E30000020EDF7D7F9BBE02CE00000E8000020DF
:105E4000EC000020B4010020A0020020A4020020E9
:105E5000A8020020AC020020000402400000024022
:105E60003333333F000061C400C08F44BC000020C6
:105E7000FC0300200000E144AC030020A40000204B
:105E8000008022442C0400209001002008040020FF
:105E900004000020FA4800680128CCD1F9480068C5
:105EA0000028C8D1F020F8490860F8480068F8498F
:105EB0000860F848C07F40F01000F649C877EFF757
:105EC00003F90020F449086019E006E0012006F01B
:105ED000A7FCEAF7C7FD00B90BE0F0490968F04AF2
:105EE0001268881A002801DB014600E041420A29B5
:105EF000ECDC00BFE8480068401CE7490860E64861
:105F00000068FA28E1DBB6EE001A5FED2A0A0520E8
:105F10009FEDE40AEDF75BFA0020DF49086019E025
:105F200006E0EAF79FFD00B90EE0012006F078FCDC
:105F30004FF48071DC4803F073FA28B98021DA4805
:105F400003F06EFA0028ECD000BFD3480068401C74
:105F5000D1490860D048006840F20E618842DFDB1A
:105F6000B6EE001A5FED410A05201FED3E0AEDF77F
:105F70002EFA0020C849086013E006E0012006F070
:105F80004FFCEAF76FFD00B905E00121C74803F0B7
:105F900047FA0028F2D000BFBF480068401CBE4945
:105FA0000860BD4800689628E7DB0020EDF71AF985
:105FB000BF480068012801D1FFF759FD10BD10B599
:105FC000AF48006800286ED1BA4800680028FAD1AE
:105FD000B94800680028F6D1B84800680028F2D116
:105FE0004FF4FF70EEF7B4F8B6EE001A5FED630AF7
:105FF0000A209FEDAC0AEDF7EAF90020A6490860F7
:1060000019E006E0012006F00BFCEAF72BFD00B9D1
:106010000BE0A2490968A24A1268881A002801DB2D
:10602000014600E041420A29ECDC00BF9A480068C2
:10603000401C9949086098480068FA28E1DB012073
:106040009F49086000209449086014E006E0EAF7E0
:1060500009FD00B909E0012006F0E2FB4FF4807170
:10606000984803F0DDF90128F1D000BF8A480068A4
:10607000401C894908608848006840F20E618842E7
:10608000E4DB4FF47A7190480068FCF7A0FC002034
:10609000EDF7A8F840F23520EEF75AF800207E49D7
:1060A00008601AE007E02AE0012006F0B9FBEAF7F1
:1060B000D9FC00B90BE079490968794A1268881A55
:1060C000002801DB014600E041420A29ECDC00BF68
:1060D00071480068401C704908606F480068FA28E1
:1060E000E0DB9FED7A1A5FEDA10A06209FED780AAA
:1060F000EDF76DF940F6C41006F092FBA8E1604898
:106100000068012875D16B4800680028FAD16A48F8
:1061100000680028F6D1694800680028F2D14FF4E1
:10612000FF70EEF715F8B6EE001A5FEDB20A0A201E
:106130009FED5C0AEDF74BF900205749086019E024
:1061400006E0012006F06CFBEAF78CFC00B90BE0DE
:1061500052490968524A1268881A002801DB014630
:1061600000E041420A29ECDC00BF4B480068401CBB
:106170004949086048480068FA28E1DB0120504995
:10618000086000204449086014E006E0EAF76AFC71
:1061900000B909E0012006F043FB4FF48071494843
:1061A00003F03EF90128F1D000BF3B480068401CD5
:1061B000394908603848006840F20E618842E4DBE3
:1061C0004FF47A7140480068FCF701FC0020EDF7BD
:1061D00009F840F23520EDF7BBFF00202E4908609A
:1061E0001AE007E0012006F01BFBEAF73BFC08B9C8
:1061F0000CE023E029490968294A1268881A002816
:1062000001DB014600E041420A29EBDC00BF2248E5
:106210000068401C204908601F480068FA28E0DB3D
:106220009FED2A1A5FEDF10A06209FED290AEDF78E
:10623000CEF84FF4FA6006F0F3FA09E1104800686E
:1062400001281CD11B480068012818D11A48006891
:10625000A8B91A48006890B94FF47A711A480068D2
:10626000FCF7B5FBB6EE001ADFED1A0A05209FED2C
:106270000D0AEDF7ACF80020074908603EE078E031
:10628000A0020020B00200202C0400209401002075
:106290000804002004000020AC030020BC00002003
:1062A000FC03002000006144001002400004024092
:1062B000E8000020A4020020A8020020AC02002078
:1062C000C002002000000240B8010020CDCCCC3D2F
:1062D00000000000000061C406E0012006F0A0FA02
:1062E000EAF7C0FB00B903E0FE4800681F28F4DCB1
:1062F00000BFFD480068401CFB490860FA48006880
:106300009628E9DB0120F949086040F23520EDF7D5
:106310001FFF0020F449086019E006E0012006F0A4
:106320007FFAEAF79FFB00B90BE0F1490968F14AEF
:106330001268881A002801DB014600E041420A2960
:10634000ECDC00BFE8480068401CE7490860E6480C
:106350000068FA28E1DB1FED231A5FED220A062010
:106360001FED250AEDF733F840F6C41006F058FA91
:106370006EE0E148006801286AD1E0480068012821
:1063800066D1DF480068012862D1DE48006898BB0A
:106390004FF47A71DC480068FCF719FBB6EE001A7E
:1063A0005FED340A05201FED410AEDF710F80020DB
:1063B000CD49086011E006E0012006F031FAEAF765
:1063C00051FB00B903E0C74800681F28F4DC00BF98
:1063D000C5480068401CC4490860C3480068962846
:1063E000E9DB0120C149086040F23520EDF7B0FE3D
:1063F0000020BD4908601AE02AE006E0012006F00E
:106400000FFAEAF72FFB00B90BE0B9490968B94A5E
:106410001268881A002801DB014600E041420A297F
:10642000ECDC00BFB0480068401CAF490860AE48D3
:106430000068FA28E1DB1FED5B1A5FED5A0A0620BF
:106440001FED5D0AECF7C3FF40F6C41006F0E8F953
:10645000AE480068012801D1FFF709FB0020ECF7E6
:10646000C1FE10BD70B59925A7480668A8494842E5
:10647000EEF795F8EDF765FEA6480068FA30A649F4
:106480000860A6480068FA309A4908609F4800688A
:10649000002870D1A248006800286CD1A14800688B
:1064A000002868D1EDF74DFE9A480068FA309A4905
:1064B00008609A480068FA308E490860934800687E
:1064C000002841D196480068E8BB96480068D0BBD8
:1064D0009FED951A5FED810A12201FED8E0AECF7F1
:1064E00076FF00208049086026E006E0EAF7BAFA65
:1064F00000B91BE0012006F093F94FF480718B483E
:1065000002F08EFF0128F1D08021894802F088FF37
:106510000028EBD07648006876490968441A002CB8
:1065200001DB204600E060420A28DFDC00BF6E4845
:106530000068401C6C4908606B48006840F20E61BE
:106540008842D2DB14E0FFE770480068012802D1DE
:10655000FFF78DFA0CE072480068012802D1FFF7BE
:106560002EFD05E06F480068012801D1FFF7F9FB17
:106570000020ECF737FE70BD10B56E480468644922
:106580004842EFF75AFC61480068002872D164481D
:1065900000680028FAD1634800680028F6D1EDF7BA
:1065A000D0FD5C480068FA305B4908605B480068D1
:1065B000FA3050490860B6EE001A5FEDBA0A1420AE
:1065C0001FEDC80AECF703FF00204749086019E0F7
:1065D00006E0012006F024F9EAF744FA00B90BE0DE
:1065E00043490968434A1268881A002801DB0146BA
:1065F00000E041420A29ECDC00BF3B480068401C37
:106600003949086038480068FA28E1DB002036493B
:10661000086014E006E0EAF725FA00B909E0012075
:1066200006F0FEF84FF48071404802F0F9FE0128B0
:10663000F1D000BF2C480068401C2B4908602A4854
:10664000006840F20E618842E4DBB6EE001A5FEDAE
:10665000DF0A0A201FEDED0AECF7B9FE00202249FF
:1066600008601AE007E0012006F0DAF8EAF7FAF924
:1066700008B90CE069E01E4909681E4A1268881AC8
:10668000002801DB014600E041420A29EBDC00BFA3
:1066900015480068401C1449086013480068FA282F
:1066A000E0DB0020104908601AE006E0EAF7DAF9BA
:1066B00000B90FE0012006F0B3F84FF480711B48D9
:1066C00002F0AEFE0128F1D08021194802F0A8FEA8
:1066D0000028EBD000BF04480068401C0249086055
:1066E000014829E098000020AC030020C0020020EF
:1066F000BC000020FC030020A0020020A402002017
:10670000A8020020AC020020B8010020E800002010
:106710007CFCFFFFE8030020F0030020F4030020CE
:10672000EC000020F00000203333333F0000024033
:1067300000040240B4010020006840F20E6188426B
:10674000B3DB0020ECF74EFD0CE0FB4800680128AD
:1067500002D1FFF78CF905E0F8480068012801D163
:10676000FFF72DFC0020ECF73DFD10BD10B5F449FE
:106770004842EEF79AFFEDF7E4FCF2480068FA3081
:10678000F1490860F1480068FA30F1490860B6EE56
:10679000001ADFEDF00A0C209FEDEF0AECF717FE70
:1067A0000020EE49086019E006E0EAF75BF900B95D
:1067B0000EE0012006F034F8E9490968E44A12685D
:1067C000881A002801DB014600E041420729ECDC81
:1067D00000BFE2480068401CE0490860DF480068EC
:1067E0009628E1DB0020DD49086014E006E0012086
:1067F00006F016F8EAF736F900B906E04FF48071B2
:10680000D84802F00DFE0128F1D000BFD34800683F
:10681000401CD2490860D148006840F20E618842AD
:10682000E4DB1FED3F1ADFEDCB0A0F209FEDCA0A14
:10683000ECF7CDFD0020C94908601AE006E005200C
:1068400005F0EEFFEAF70EF900B90CE04FF48071A5
:10685000C44802F0E5FD0128F1D08021C24802F0D1
:10686000DFFD0028EBD000BFBC480068401CBB49DE
:106870000860BA48006840F20E618842DEDBAE482C
:106880000068012805D1FDF7B2FB4FF41170EDF758
:106890005FFC0020ECF7A6FC10BD70B5B34804689F
:1068A000B3480568A6494842EDF779FEEDF749FC83
:1068B000A4480068FA30A4490860A4480068FA3087
:1068C000A34908609C480068002850D11FED6A1A4F
:1068D000DFEDA00A05209FEDA00AECF778FD00206F
:1068E0009E49086019E006E0012005F099FFEAF7EB
:1068F000B9F800B90BE09A490968954A1268881AF4
:10690000002801DB014600E041420A29ECDC00BF1F
:1069100092480068401C9149086090480068962899
:10692000E1DB00208D4908601AE006E0012005F057
:1069300077FFEAF797F800B90CE04FF480718948C7
:1069400002F06EFD0128F1D08021874802F068FD39
:106950000028EBD000BF81480068401C7F490860D8
:106960007E48006840F20E618842DEDB8AE17248B0
:1069700000680128FAD140F23520EDF7E9FB7D48A7
:106980000068002850D17C480068B8BB7B4800688C
:10699000A0BB7B48006888BB00207049086037E0D6
:1069A0001DE078480068A04209DD1FEDA11ADFED67
:1069B000690A05209FED740AECF709FD08E01FED58
:1069C000A61ADFED640A05209FED630AECF7FFFCD1
:1069D000012005F025FFEAF745F800B912E0802113
:1069E000614802F01DFD0028DBD05D480068584971
:1069F0000968461A002E02DB304601E014E07042BE
:106A00000A28CEDC00BF55480068401C5349086086
:106A10005248006840F20E618842C1DB4FF47A713F
:106A20002046EDF795FF2DE152480068012850D12E
:106A300051480068B8BB51480068A0BB5048006886
:106A400088BB00204549086037E01DE04D480068DC
:106A5000A04209DD1FEDCC1ADFED3E0A05209FEDB7
:106A60004A0AECF7B4FC08E01FEDD11ADFED390A51
:106A700005209FED390AECF7AAFC012005F0D0FEB5
:106A8000E9F7F0FF00B912E08021374802F0C8FCB6
:106A90000028DBD0324800682D490968461A002ECC
:106AA00002DB304601E014E070420A28CEDC00BF71
:106AB0002A480068401C294908602848006840F2BC
:106AC0000E618842C1DB4FF47A712046EDF740FF3A
:106AD000D8E02848006801287ED1274800680128AE
:106AE0007AD12648006828BB2548006810BB0020E2
:106AF0001A49086064E04BE022480068A84209DABD
:106B00001FEDF71ADFED130A05209FED200AECF7C1
:106B10005EFC08E01FEDFC1ADFED0E0A05209FED7C
:106B20000E0AECF754FC012005F07AFEE9F79AFF13
:106B300008B93FE050E02BE0E8000020F000002022
:106B40007CFCFFFFE8030020F0030020F40300209A
:106B5000FC030020000061C400006144AC0300207D
:106B6000BC0000200000024000040240B0010020F0
:106B7000B8010020A0020020A4020020A8020020EA
:106B8000AC020020A000002000C08F4400802244FE
:106B90008021F74802F044FC0028ADD0F548006899
:106BA000F5490968461A002E01DB304600E07042C4
:106BB0000A28A1DC00BFF1480068401CEF490860CA
:106BC000EE48006840F20E61884294DB4FF47A711F
:106BD0002846EDF7BDFE55E0E9480068012851D18F
:106BE000E848006801284DD1E7480068012849D1EC
:106BF000E648006888BB0020E049086037E01DE0F7
:106C0000E3480068A84209DA9FEDE21A5FED2F0A17
:106C100005201FED220AECF7DAFB08E09FEDDD1AF4
:106C20005FED340A05201FED340AECF7D0FB01209C
:106C300005F0F6FDE9F716FF00B912E08021CC4817
:106C400002F0EEFB0028DBD0CA480068CA49096898
:106C5000461A002E02DB304601E013E070420A289B
:106C6000CEDC00BFC5480068401CC4490860C3486A
:106C7000006840F20E618842C1DB4FF47A71284609
:106C8000EDF766FE0020ECF7ADFA70BD10B5C24915
:106C90004842EEF70AFD40F20910EDF759FA0020DC
:106CA000B649086019E006E0012005F0B9FDE9F7F2
:106CB000D9FE00B90BE0AF490968AF4A1268881ADB
:106CC000002801DB014600E041420A29ECDC00BF5C
:106CD000AA480068401CA9490860A84800683228F2
:106CE000E1DBB6EE001A5FED650A0C201FED660AC7
:106CF000ECF76DFB0020A14908601AE006E00120D6
:106D000005F08EFDE9F7AEFE00B90CE04021984891
:106D100002F086FB0028F2D04FF480719F4802F009
:106D20007FFB0028EBD000BF94480068401C9349CB
:106D3000086092480068FA28E0DB0320ECF752FA7A
:106D400097480068012801D1FDF751F910BD10B531
:106D5000F4F77BFE9248006801283CD1EEF719F960
:106D60004FF4FA5005F05CFDB6EE001A5FED870AAD
:106D70000A201FED870AECF72AFB00207F490860F4
:106D80001AE006E0E9F76EFE00B90FE0012005F019
:106D900047FD4021764802F043FB0028F2D04FF433
:106DA00080717E4802F03CFB0028EBD000BF7348A6
:106DB0000068401C714908607048006840F20E612C
:106DC0008842DEDB0020ECF70DFA4FF47A7005F014
:106DD00027FDFDF70CF90020ECF704FA10BD10B503
:106DE000F4F7B7FA0020ECF7FDF96D4800680128C8
:106DF00007D1EEF7CEF84FF4FA5005F011FDFEF78B
:106E000081FA0020ECF7EEF910BD10B5F4F71DFE85
:106E10000020ECF7E7F962480068012836D1EEF768
:106E2000B8F84FF4FA5005F0FBFCB6EE001A5FED2F
:106E3000B70A0A201FEDB80AECF7C9FA00204F493B
:106E4000086014E006E0E9F70DFE00B909E0012052
:106E500005F0E6FC4FF48071504802F0E1FA00289A
:106E6000F1D000BF45480068401C444908604348D1
:106E7000006840F20E618842E4DB0020ECF7B2F9D2
:106E80004FF47A7005F0CCFCFDF7B1F80020ECF778
:106E9000A9F910BD10B5F4F7D8FD0020ECF7A2F960
:106EA0003F480068012807D1EEF773F84FF4FA5015
:106EB00005F0B6FCFEF7DBFD0020ECF793F910BD02
:106EC00010B5F5F7D2F90020ECF78CF934480068DA
:106ED000012807D1EEF75DF84FF4FA5005F0A0FC59
:106EE000F4F7D2FB10BD10B5F5F789F80020ECF7E8
:106EF00079F92B480068012807D1EEF74AF841F6E6
:106F0000583005F08DFCFDF74CFD10BD10B5F5F7C0
:106F100076F8B6EE001A5FEDF10A0C209FED210A1B
:106F2000ECF755FA41F2883005F07AFC0020ECF7D6
:106F300059F91B480068012807D1EEF72AF84FF4E9
:106F4000FA5005F06DFCFEF792FD10BD10B54FF440
:106F50002F70EDF7FDF800200849086036E023E0C7
:106F6000012005F05DFCE9F77DFDE8B928E00000AF
:106F700000040240BC000020FC030020AC03002001
:106F8000A0020020A4020020A8020020AC020020E1
:106F9000A00000203333333F7CFCFFFF00000240A1
:106FA000E80000200000E144FE490968FE4A12683A
:106FB000881A002801DB014600E041420A29CFDCA3
:106FC00000BFFA480068401CF8490860F7480068AC
:106FD0009628C4DBEDF7DDFF4FF47A71F4480068C2
:106FE0000A30FBF7F4FC0020ECF7FCF8B6EE001AD0
:106FF000DFEDF00A06209FEDF00AECF7E8F900203B
:10700000EA49086013E006E0012005F009FCE9F711
:1070100029FD00B905E08021E84802F001FA0028C6
:10702000F2D000BFE1480068401CE0490860DF483A
:10703000006840F21A418842E5DB0A20ECF7D2F8FA
:10704000DF480068012827D1DE48006801280FD1F9
:10705000DD48006860B9DD48006848B9DC48006870
:1070600030B94FF47A71DB480068FBF7B0FC13E0ED
:10707000D448006801280FD1D348006801280BD1FB
:10708000D248006840B9D248006828B94FF47A71F4
:10709000C7480068FBF79BFC0020ECF7A3F8B6EEAE
:1070A000001ADFEDC40A06209FEDC30AECF78FF942
:1070B0000020BE49086013E006E0012005F0B0FBA7
:1070C000E9F7D0FC00B905E08021BC4802F0A8F93E
:1070D0000028F2D000BFB5480068401CB3490860E2
:1070E000B248006840F21A418842E5DB4FF4FA608A
:1070F00005F096FB0020ECF775F810BD10B5EDF724
:1071000048FFAF480068012835D14FF47A71B24882
:107110000068FBF75CFC40F23F20EDF719F89FEDAB
:10712000AF1ADFEDA40A06209FEDA30AECF74FF992
:1071300000209E49086013E006E0012005F070FB86
:10714000E9F790FC00B905E080219C4802F068F95D
:107150000028F2D000BF95480068401C93490860A1
:107160009248006840F21A418842E5DB4FF4FA6029
:1071700005F056FB1BE092480068C0B998480068CB
:1071800040B995490968A1F10F004FF47A71FBF7F6
:107190001EFC0CE092480068012808D1914909685A
:1071A000A1F10F003C224FF47A71FBF769FA00203D
:1071B000ECF718F801208C49086010BD10B5EDF708
:1071C000E8FE7F480068012835D14FF47A71824883
:1071D0000068FBF7FCFB40F23F20ECF7B9FF9FEDA6
:1071E0007F1ADFED740A06209FED730AECF7EFF8C3
:1071F00000206E49086013E006E0012005F010FB56
:10720000E9F730FC00B905E080216C4802F008F98C
:107210000028F2D000BF65480068401C6349086040
:107220006248006840F21A418842E5DB4FF4FA6098
:1072300005F0F6FA1BE062480068C0B96B480068C8
:1072400040B965490968A1F10F004FF47A71FBF765
:10725000BEFB0CE065480068012808D15D4909685B
:10726000A1F10F003C224FF47A71FBF709FA0120DB
:107270005D4908600020EBF7B5FF10BD10B54FF475
:107280002F70ECF765FF00204849086019E006E020
:10729000012005F0C5FAE9F7E5FB00B90BE041492B
:1072A0000968414A1268881A002801DB014600E09B
:1072B00041420A29ECDC00BF3C480068401C3B49C5
:1072C00008603A4800689628E1DBEDF762FE454920
:1072D0000968A1F10A004FF47A71FBF778FBB6EE6A
:1072E000001ADFED340A06209FED330AECF76FF841
:1072F00000202E49086013E006E0012005F090FA16
:10730000E9F7B0FB00B905E080212C4802F088F8CD
:107310000028F2D000BF25480068401C23490860BF
:107320002248006840F21A418842E5DB0A20EBF768
:1073300059FF23480068012827D122480068012806
:107340000FD12148006860B92048006848B920483A
:10735000006830B94FF47A7122480068FBF737FBB8
:1073600013E01848006801280FD117480068012869
:107370000BD11648006840B91548006828B94FF489
:107380007A711B480068FBF722FBB6EE001ADFEDAE
:10739000090A06209FED080AECF719F800200349B6
:1073A00008603BE0BC000020FC030020AC03002090
:1073B00000020020000061C400006144000402409B
:1073C000E8000020A0020020A4020020A802002063
:1073D000AC020020FC010020F40100209A99993EA3
:1073E0005C020020EC010020F4000020600200207C
:1073F000F001002006E0012005F012FAE9F732FB67
:1074000000B905E08021FE4802F00AF80028F2D019
:1074100000BFFC480068401CFA490860F948006851
:1074200040F21A418842E5DB4FF4FA6005F0F8F9C2
:107430000020EBF7D7FE10BD30B500201AE0002188
:1074400015E0002210E0F04B00EB801404EB440444
:10745000EE4D05EBC40401EB810505EBC10504EB22
:10746000850444F82230521C0D2AECDB491C1E29ED
:10747000E7DB401C1E28E2DBE54CE64BC3F80C4280
:10748000E54CC3F81042E54CC3F81442AFF21324A4
:10749000DE4BC3F8444EAFF2DB24C3F8404EAFF2EC
:1074A000A334DF4BC3F81042AFF25F54C3F80C4271
:1074B000DC4CDD4BC3F83844DC4CC3F83C44D94CBD
:1074C000C3F84044DA4CD14B9C63DA4CDC63D84CB3
:1074D0001C64D94C5C64D74C9C64DC641C655C65A2
:1074E000D54C9C65DC651C665C66AFF2DF54DC67DE
:1074F000C3F88040AFF21164C3F88840C3F89440E9
:10750000AFF24364C3F88C40C3F89840AFF27B6499
:10751000C3F8AC40AFF20D74C3F8B040AFF2D17411
:10752000C3F8B840AFF24974C3F8BC40AFF2E1749D
:10753000C3F8C440C14CC3F8C840AFF6AF04C3F8A9
:10754000EC46AFF6A944C3F8F046AFF6DF54C3F8F3
:10755000F446AFF6DB74C3F8F846B94CC3F8FC4602
:10756000B84CC3F80047B84CC3F80447B54CC3F84F
:107570000847B64CC3F80C47B54CC3F81047B54C98
:10758000C3F81447B44CC3F8184730BD1FB5B3480F
:10759000006800B91FBD66E0F7F7F7FF02A8EAF739
:1075A000E6FB00B963E06846EAF7CFFBA8B39DF8B5
:1075B0000A00022817D19DF80B000A2813D19DF864
:1075C0000C0002280FD19DF80200022825D19DF859
:1075D00003000A2821D19DF8040003281DD10120B1
:1075E0009F49086019E09DF80A00032815D19DF80D
:1075F0000B000A2811D19DF80C0002280DD19DF82E
:107600000200032809D19DF803000A2805D19DF83E
:107610000400012801D1934908609DF80A001E2842
:107620001DDA9DF80B001E2819DA9DF80C000D28B4
:1076300015DA9DF80A1001EB811101EB4101734A43
:1076400002EBC1019DF80B2002EB820303EBC202A7
:1076500001EB82019DF80C2051F82200804741F295
:10766000883005F0DDF87D480068002894DC00BF14
:1076700000207D49087000BF8CE70EB5B7EE001AF8
:107680005FEDB40A06209FED790AEBF7A0FE40F209
:10769000DC5005F0C5F864207549086040F25B20B5
:1076A0007449086000205749086019E006E001208D
:1076B00005F0B6F8E9F7D6F900B90BE06E490968AC
:1076C0006C4A1268881A002801DB014600E041423A
:1076D0000529ECDC00BF4B480068401C49490860A4
:1076E000484800689628E1DB0020464908601EE013
:1076F00013E014206FF0C7010122A823CDE9002177
:1077000002905E4A51420620EFF7B1FC012005F0DD
:1077100087F8E9F7A7F900B903E059480068672836
:10772000E7DB00BF37480068401C36490860354831
:10773000006840F226218842DADB0020EBF752FD98
:107740004FF47A71A820FBF742F90020EBF74AFDCD
:107750000EBD10B54B48C07F40F080004949C87746
:107760000846C07F40F02000C87700202549086007
:107770001BE006E0012005F053F8E9F773F900B9C2
:107780000DE04FF400611E4801F04AFE0128F1D0DF
:107790004FF400611A4801F043FE0128EAD000BF0F
:1077A00018480068401C17490860164800683228CD
:1077B000DFDBFBF7EEFF0020EBF714FD10BD10B58B
:1077C00000201049086011E006E0012005F028F8CB
:1077D000E9F748F900B903E02B4800681E28F4DCFB
:1077E00000BF08480068401C06490860054800685A
:1077F000B0F57A7FE8DB234890F8230046E00000EC
:1078000000040240AC03002015F40008600A0020C8
:107810000933010850470020293301084933010882
:10782000A81C0020DD33010840840020C533010876
:107830003DAF0008D9B00008CFC50008F1BF00086F
:10784000656401081758010837590108F156010805
:107850003152010863480108153F01086402002005
:10786000600200205C0200206D0200200000E14464
:107870002C04002008040020B00000207CFCFFFF46
:107880009C00002004000020A800002040F001001F
:10789000F84981F823004FF4FA5004F0C1FF0020AA
:1078A000F549086011E006E0012004F0B9FFE9F7AE
:1078B000D9F800B903E0F14800685A28F4DB00BFAA
:1078C000ED480068401CEC490860EB480068B0F5E2
:1078D0007A7FE8DB4FF4FA5004F0A2FF0120E84978
:1078E000086010BD10B54FF40061E64801F098FD46
:1078F000A8BB4FF40051E44801F092FD78BB4FF46F
:107900008061E14801F08CFD012829D1C103DE48E6
:1079100001F086FD012823D18102DA4801F080FDC3
:1079200001281DD10103D84801F07AFD012817D1A3
:107930008103D54801F074FD012811D18103D1489C
:1079400001F06EFD01280BD16420D04908604FF48E
:10795000CD70CF4908600120CE490860C0E0FFE744
:107960004FF40061C74801F05BFDA8BB4FF4005124
:10797000C54801F055FD78BB4FF48061C24801F065
:107980004FFD48BB4FF40041BF4801F049FD18BB13
:107990004FF48061BB4801F043FD01281DD1010374
:1079A000B94801F03DFD012817D18103B64801F027
:1079B00037FD012811D18103B24801F031FD0128C2
:1079C0000BD16420B14908604FF4CD70B049086014
:1079D0000120B049086083E0FFE74FF40061A94847
:1079E00001F01EFDA8BB4FF40051A74801F018FD9F
:1079F00078BB4FF48061A44801F012FD48BB4FF4FE
:107A00000041A14801F00CFD18BB4FF480619D4876
:107A100001F006FDE8B94FF480519B4801F000FDEC
:107A2000B8B94FF48041984801F0FAFC012811D10F
:107A30008103944801F0F4FC01280BD164209349A0
:107A4000086040F253209249086001209249086082
:107A500046E0FFE74FF400618A4801F0E1FCA0BB7B
:107A60004FF40051884801F0DBFC70BB4FF480619B
:107A7000854801F0D5FC40BB4FF40041824801F03D
:107A8000CFFC10BB4FF480617E4801F0C9FCE0B927
:107A90004FF480517C4801F0C3FCB0B94FF48041F1
:107AA000794801F0BDFC80B94FF48041754801F080
:107AB000B7FC50B96420754908604FF4CD70744923
:107AC00008600120734908600AE0FFE764206F49FD
:107AD000086040F253206E49086001206E4908603A
:107AE00010BD3EB50446FFF7FDFEB6EE001ADFED11
:107AF0006B0A23209FED6A0AEBF769FC00205E49C0
:107B0000086012E006E0012004F08AFEE8F7AAFF10
:107B100000B904E063480068B0F5E17FF3DC00BF22
:107B200055480068401C544908605348006840F2BA
:107B300026218842E6DB00204F49086020E014E05F
:107B40000A204FF4AF7102222346CDE900210290B2
:107B500000224FF461711920EFF73DFC052004F07D
:107B60005FFEE8F77FFF00B904E04E480068B0F51B
:107B7000A57FE5DC00BF40480068401C3E49086026
:107B80003D48006840F226218842D8DB00203A496F
:107B900008601EE013E00A20962102222346CDE968
:107BA0000021029000224FF461710F20EFF713FCC7
:107BB000052004F035FEE8F755FF00B903E0394829
:107BC0000068C828E7DC00BF2B480068401C2A4931
:107BD00008602948006840F226218842DADB40F23A
:107BE000C710ECF7B5FA0020234908601EE013E047
:107BF0000A20962102222346CDE90021029000228C
:107C00004FF461710520EFF7E6FB052004F008FE54
:107C1000E8F728FF00B903E022480068AB28E7DC5A
:107C200000BF15480068401C1349086012480068EE
:107C300040F226218842DADB0020EBF7D3FA154820
:107C40000068012843D1C1020E4801F0E9FB58BB8E
:107C50000848C07F40F080000649C87700200649E8
:107C600008602FE021E0012004F0DAFDE8F7FAFED9
:107C7000D8B921E004000020AC030020A8000020B7
:107C8000E0000020000C0240000402402C04002010
:107C900008040020680100206C01002000000000A2
:107CA00000006144A400002011E04FF40061FE4890
:107CB00001F0B6FB0128D6D000BFFC480068401C8C
:107CC000FA490860F94800683228CBDB85E0F848BB
:107CD0000068012828D18103F34801F0A1FB18BBFB
:107CE000F448C07F40F02000F249C8770020EF49F7
:107CF000086014E006E0012004F092FDE8F7B2FE0F
:107D000000B906E04FF40061E74801F089FB012863
:107D1000F1D000BFE5480068401CE4490860E34832
:107D200000683228E6DB58E0E3480068012828D1E3
:107D30008102DD4801F074FB18BBDE48C07F40F0D3
:107D40002000DC49C8770020D849086014E006E02C
:107D5000012004F065FDE8F785FE00B906E04FF468
:107D60000041D64801F05CFB0128F1D000BFCF48AC
:107D70000068401CCD490860CC4800683228E6DB2A
:107D80002BE0CD480068012827D18102CB4801F0C3
:107D900047FB10BBC748C07F40F08000C549C8778B
:107DA0000020C249086014E006E0012004F038FD1C
:107DB000E8F758FE00B906E04FF40041BF4801F073
:107DC0002FFB0128F1D000BFB8480068401CB7491C
:107DD0000860B64800683228E6DB0020EBF702FABC
:107DE0003EBD3EB50446FFF77DFD9FEDB51A5FED44
:107DF000550A23201FED560AEBF7E9FA0020AB499C
:107E0000086012E006E0012004F00AFDE8F72AFE0F
:107E100000B904E0AB480068B0F5E67FF3DC00BFD2
:107E2000A2480068401CA1490860A048006840F2D0
:107E300026218842E6DB00209C49086020E014E00F
:107E40000A204FF4AF7103222346CDE900210290AE
:107E500000224FF461711E20EFF7BDFA052004F0F7
:107E6000DFFCE8F7FFFD00B904E096480068B0F5D4
:107E7000A57FE5DC00BF8D480068401C8B49086089
:107E80008A48006840F226218842D8DB00208749D2
:107E900008601EE013E00A20962102222346CDE965
:107EA0000021029000224FF461710F20EFF793FA46
:107EB000052004F0B5FCE8F7D5FD00B903E08148E2
:107EC0000068D228E7DC00BF78480068401C77498A
:107ED00008607648006840F226218842DADB40F2EA
:107EE000C710ECF735F90020704908601EE013E078
:107EF0000A20642102222346CDE9002102900022BB
:107F00004FF461710520EFF766FA012004F088FC58
:107F1000E8F7A8FD00B903E06A480068AB28E7DC91
:107F200000BF62480068401C604908605F48006804
:107F300040F226218842DADB0020EBF753F90020DB
:107F4000EBF750F95A480068012828D1C1025B4874
:107F500001F066FA18BB5748C07F40F080005549D1
:107F6000C87700205149086014E006E0012004F0C1
:107F700057FCE8F777FD00B906E04FF400614A4886
:107F800001F04EFA0128F1D000BF48480068401CBB
:107F900046490860454800683228E6DB97E04448D7
:107FA0000068012828D181033F4801F039FA18BB45
:107FB0004048C07F40F020003E49C87700203B4940
:107FC000086014E006E0012004F02AFCE8F74AFD0E
:107FD00000B906E04FF40061334801F021FA0128AE
:107FE000F1D000BF31480068401C304908602F487C
:107FF00000683228E6DB6AE02F480068012828D1B3
:108000008102294801F00CFA18BB2A48C07F40F0D1
:1080100020002849C87700202449086014E006E0C1
:10802000012004F0FDFBE8F71DFD00B906E04FF468
:108030000041224801F0F4F90128F1D000BF1B48AB
:108040000068401C19490860184800683228E6DBBF
:108050003DE019480068012839D18102174801F034
:10806000DFF988BB1348C07F40F080001149C87712
:1080700000200E49086014E006E0012004F0D0FB67
:10808000E8F7F0FC00B906E04FF400410B4801F0BE
:10809000C7F90128F1D000BF04480068401C03491B
:1080A00008600248006810E000040240AC030020B1
:1080B00068010020040000206C010020000C024038
:1080C0009A99993EA400002001E03228D4DB0020D8
:1080D000EBF788F83EBD10B5FA480068012802D1D8
:1080E000FBF74BFC05E0F8480068012801D1FBF7DD
:1080F00050FB10BD10B5F5480068012803D16E2073
:10810000FFF7EFFC0EE0F1480068022803D13820A9
:10811000FFF7E7FC06E0ED480068032802D10120E4
:10812000FFF75FFEFFF7D7FF10BD70B5F7F792FAC4
:10813000E748007818B9E7480078002872D0E64888
:10814000006800280FDBE448006812280BDCE348D5
:108150000068882807DBE1480068A22803DC0320C8
:10816000DF49087005E1DC48006822280FDBDA48A7
:10817000006846280BDCD9480068562807DBD7483A
:108180000068782803DC0220D5490870F1E0D24865
:10819000006857280FDBD04800687E280BDCCF48EA
:1081A00000681B2807DBCD480068432803DC01205A
:1081B000CB490870DDE0C84D2D68A5F10904002CFD
:1081C00001DB254600E06542C44E3668A6F1950302
:1081D000002B01DB1E4600E05E42A819BE4D2D6853
:1081E000A5F13404002C01DB254600E06542BB4EBE
:1081F0003668A6F16703002B01DB1E4600E05E42F5
:10820000A919B54D2D68A5F16A04002C01DB25469E
:1082100000E06542B14E3668A6F12F03002B02DB69
:108220001E4601E015E05E42AA19884205DC904234
:1082300003DC0323AA4C23700AE0814205DC91424F
:1082400003DC0223A64C237002E00123A44C23701C
:108250008FE0A448007818B9A3480078002812D00D
:108260009D48006818280FDB9B4800683E280BDCFF
:108270009A4800685F2807DB98480068852803DC77
:1082800003209749087074E0934800684D280FDB7D
:108290009148006870280BDC904800682C2807DBA8
:1082A0008E4800684F2803DC02208D49087060E08A
:1082B0008948006885280FDB87480068A2280BDC06
:1082C00086480068002807DB84480068172803DC1C
:1082D0000120834908704CE07F4D2D68A5F12B04E7
:1082E000002C01DB254600E065427C4E3668A6F195
:1082F0007203002B01DB1E4600E05E42A819764D9A
:108300002D68A5F15E04002C01DB254600E06542E6
:10831000724E3668A6F13D03002B01DB1E4600E0DD
:108320005E42A9196C4D2D68A5F19304002C01DB68
:10833000254600E06542694E3668A6F10B03002B26
:1083400001DB1E4600E05E42AA19884205DC90422D
:1083500003DC0323624C23700AE0814205DC914276
:1083600003DC02235E4C237002E001235C4C23708B
:1083700000BF70BD10B500211FEDAF0A4FF4617052
:10838000EAF7B6FF06E0012004F04AFAE8F76AFBD4
:1083900000B903E0EAF7CDFD0028F4D100BFF7F7FC
:1083A00059F9FFF7C2FE4A48007810B949480078E9
:1083B00090B34B48007803280CD16421A020F4F737
:1083C000C7FA0020EAF70EFF4FF47A71A820ECF705
:1083D000BFFA5AE04248007802280CD164216B2091
:1083E000F4F7B6FA0020EAF7FDFE4FF47A71A82000
:1083F000ECF7AEFA49E03A480078012845D164210B
:108400003620F4F7A5FA0020EAF7ECFE4FF47A7173
:10841000A820ECF79DFA38E0FFE73248007810B961
:108420003148007800B32E48007803280CD164212D
:108430008520F4F78DFA0020EAF7D4FE4FF47A7124
:10844000A820ECF785FA20E02548007802280CD116
:1084500064215F20F4F77CFA0020EAF7C3FE4FF4B2
:108460007A71A820ECF774FA0FE01D480078012813
:108470000BD164214F20F4F76BFA0020EAF7B2FE2B
:108480004FF47A71A820ECF763FA0020EAF7AAFE0D
:1084900040F2EF10EBF75CFE00201449086034E076
:1084A00006E0012004F0BCF9E8F7DCFA00B926E0A8
:1084B0000F4909680F4A1268881A00281CDB014618
:1084C0001BE00000680100206C0100207802002001
:1084D000CC020020CF0200209C0000209800002049
:1084E000D0020020CD020020CE020020AC030020EC
:1084F000BC000020FC03002041420A29D1DC00BF5F
:10850000FA480068401CF9490860F8480068FA28F1
:10851000C6DBF7F72EFF10BD10B540F21B124FF46B
:10852000C861A120F9F744FEFFF749F9F048006857
:10853000012801D1FFF72AF8EE480068012805D18B
:108540001220FAF7A3FF0220EA490860E948006810
:10855000022804D1F8F727FC0320E6490860E54823
:108560000068032804D1FFF705FF0420E1490860F3
:1085700010BD10B5FFF70AF8DE480068012805D1E4
:108580006E20FAF783FF0220DA490860D9480068B4
:10859000022804D1F8F736F90320D6490860D548F7
:1085A0000068032804D1FFF7E5FE0420D1490860E4
:1085B00010BD10B5D0480068012804D1C821D020D2
:1085C000F9F7E8FA11E0CC480068022804D1C82184
:1085D000FF20F9F7DFFA08E0C7480068032804D154
:1085E000C8214FF49770F9F7D5FA0020EAF7FAFDA1
:1085F000C1480068012807D0BF480068022803D09E
:10860000BD480068032836D1BC48C07F40F08000D8
:10861000BA49C8770020B549086014E006E0012097
:1086200004F0FEF8E8F71EFA00B906E04FF4006126
:10863000B34800F0F5FE0128F1D000BFAB48006858
:10864000401CAA490860A94800683228E6DB4FF4BC
:10865000F570EBF77DFD4FF47A710520F9F74EFACE
:108660000020EAF7BFFD0423232240F2591140F213
:10867000E510F7F7FDFCA0480068042807D09E48E5
:108680000068052803D09C48006806281BD10021FB
:10869000B6EE000A9B48EAF72BFE06E0012004F044
:1086A000BFF8E8F7DFF900B903E0EAF742FC002879
:1086B000F4D100BF0020EAF795FD40F2C620EBF7A9
:1086C00047FDF8F770FB10BD10B54FF4AF70EBF736
:1086D0003FFDB6EE001ADFED8C0A23209FED8B0ADA
:1086E000EAF775FE00208149086012E006E00120EB
:1086F00004F096F8E8F7B6F900B904E08448006899
:10870000B0F5AF7FF3DC00BF78480068401C7749C4
:1087100008607648006840F226218842E6DBB6EE23
:10872000001ADFED790A19209FED780AEAF74FFE6B
:1087300000206E49086011E006E0012004F070F8A6
:10874000E8F790F900B903E071480068DC28F4DC30
:1087500000BF66480068401C6449086063480068C0
:1087600040F226218842E7DB0020EAF73BFD0020AB
:108770005E49086006E0F9F702FB5C480068401CAF
:108780005A4908605948006841F288318842F2DB52
:108790004FF4D770EBF7DCFC5848C07F40F0040082
:1087A0005649C877FA205B490860AA205A490860F0
:1087B000B6EE001ADFED540A14209FED540AEAF7D2
:1087C00006FE00204949086011E006E0012004F09F
:1087D00027F8E8F747F900B903E04D480068822818
:1087E000F4DC00BF41480068401C404908603F4835
:1087F000006840F226218842E7DB00203B49086000
:1088000006E0F9F7BCFA39480068401C37490860AF
:108810003648006841F288318842F2DBB6EE001A31
:10882000DFED390A11209FED390AEAF7D0FD00206B
:108830002E49086011E006E0012003F0F1FFE8F79F
:1088400011F900B903E0324800681928F4DC00BFD0
:1088500026480068401C254908602448006840F20A
:1088600026218842E7DBB6EE001ADFED270A062054
:108870009FED260AEAF7ABFD00201C49086011E0D5
:1088800006E0012003F0CCFFE8F7ECF800B903E0C4
:108890001F4800680428F4DC00BF14480068401C2E
:1088A000124908601148006840F226218842E7DB3F
:1088B0004FF47A7003F0B4FF0020EAF793FCEFF76F
:1088C0002DFAFA2013490860144800680F30124945
:1088D000086000200549086034E021E0012003F031
:1088E0009FFFE8F7BFF8D8B926E00000AC030020EE
:1088F000E0000020B40200208402002004000020D8
:10890000000402407CFCFFFF000000000000E14486
:1089100098000020340400202004002018040020C7
:10892000FB490968FB4A1268881A002801DB0146E6
:1089300000E041420529D1DC00BFF7480068401C37
:10894000F5490860F448006840F226218842C4DBFB
:108950004FF47A7003F064FFF048C07F00F0FB0032
:10896000EE49C8774FF4FA6003F05AFFFA20EC4959
:108970000860EC480068E7490860B6EE001A5FED51
:108980001E0A0F201FED200AEAF721FD41F658309C
:1089900003F046FF0020EAF725FCFFF70AFE10BDB2
:1089A00010B500219FEDE00A4FF46170EAF7A0FCDA
:1089B00006E0012003F034FFE8F754F800B903E0C3
:1089C000EAF7B7FA0028F4D100BF10BD10B50121B5
:1089D000D64800F025FD30B9D5480068012802D1FD
:1089E000FFF79AFD16E00121D04800F019FD30B9DB
:1089F000CF480068022802D1FFF7BBFD0AE0012141
:108A0000CA4800F00DFD28B9CA480068012801D104
:108A1000FFF75AFE10BD2DE9F04104460D46002037
:108A2000BD4908603DE02CE0C3480068071B3C22BC
:108A300004213846F3F7E7FE0646BF480068001BEE
:108A4000002809DD9FEDBD1ADFEDBD0A30461FEDA0
:108A5000510AEAF7BCFC10E0B7480068001B09D5D2
:108A60009FEDB61ADFEDB60A30461FED590AEAF758
:108A7000AEFC02E00020EAF7B5FBE7F7F3FF00B930
:108A800009E0AD490968081B002801DB014600E048
:108A900041420129C8DC00BF9F480068401C9E4934
:108AA00008609D480068A842BDDBBDE8F08110B5B4
:108AB00000209949086040E02BE04FF400619B489A
:108AC00000F0AEFC48B901219E4800F0A9FC20B995
:108AD00004219D48EAF771FC14E04FF400519948D5
:108AE00000F09EFC58B94FF40061984800F098FCE3
:108AF00028B9042140F28E30EAF75FFC02E0002042
:108B0000EAF770FB012003F08BFEE7F7ABFF00B93B
:108B10000DE04FF40061854800F082FC0028CCD0C5
:108B20004FF40051874800F07BFC0028C5D000BFFF
:108B300079480068401C7849086077480068C82870
:108B4000BADB0020EAF74EFB10BD10B5F3F77CFC52
:108B50000020EAF747FB7E480068012832D1ECF795
:108B600018FAB6EE001ADFED760A0A209FED790AB0
:108B7000EAF72DFC00206849086014E006E0E7F7FA
:108B800071FF00B909E0012003F04AFE4FF4807143
:108B90006E4800F045FC0028F1D000BF5E48006838
:108BA000401C5D4908605C48006840F20E618842E4
:108BB000E4DB0020EAF716FB4FF47A7003F030FE96
:108BC000FBF715FA10BD10B5044600BF80216248BE
:108BD00002F0DFFB0028F9D021465F4802F029FBB4
:108BE00010BD38B505462A465CA1684604F0E4FD90
:108BF0006C4603E02078FFF7E6FF641C207800282D
:108C0000F8D138BD09E02820E9F788FF012155484F
:108C100002F0E4FA0F2003F003FEF4E717E0EAF7AE
:108C2000F6FEEBF74CF8EBF79FF84F48006808B9F1
:108C3000EBF7FCF94D48006808B9EBF7EAF84C4847
:108C4000006808B9EBF798F9032003F0E9FDE6E7BF
:108C500014E048480068012801D1F1F790FF464828
:108C60000068012801D1F1F708FF44480068012895
:108C700001D1F1F702FF032003F0D2FDE9E704E0A0
:108C8000EAF734FE032003F0CBFDF9E71FB5E7F761
:108C9000BFFFE7F7FCFFE8F77BFAE8F746FCE8F7E9
:108CA000CBFBE8F7CBFCE8F7A6F84FF4E130E8F7A8
:108CB000C4FD4FF4E130E8F74DFE4FF4E130E8F742
:108CC000F1FE4FF4E130E8F77FFF4FF46120E9F760
:108CD0004FF94FF4E130E9F72AFAE9F7C9FF00202C
:108CE00027490860E9F7E3FB00200090019002901B
:108CF00003464FF4807223A10390274803F051FBF1
:108D0000002000900190029003464FF4807245E0ED
:108D1000C400002020040020AC0300200400002038
:108D200034040020C00100206666663F000C02404B
:108D3000880200208C020020A0000020CDCC4C3FF7
:108D4000000061C40004024072FCFFFF000002400A
:108D5000E800002000006144001001402530325836
:108D60002000000000480040880400208C040020FF
:108D700090040020B8020020BC020020C0020020A5
:108D8000840400207461736B526F626F74416E6172
:108D90006C797469637300007F8C010850A10390A3
:108DA000544803F0FEFA0020009001900290034620
:108DB0004FF4807250A10390544803F0F2FA4FF43C
:108DC0007A7003F02DFD2820514908603C2051495C
:108DD000086051480068514908605148006851498D
:108DE0000860642050490860504800685049086095
:108DF000FA20504908605048006850490860FA203D
:108E00004F4908604F4800684F490860E9F74FFB39
:108E1000EDF749FFEEF704FF42E039E01E2105209F
:108E2000F3F7A5FEEEF709FDEEF774FDEEF78EFC05
:108E3000F3F773FE454800681E2807DA444890F8A7
:108E4000230040F00100424981F8230041480078A6
:108E500000F0020008B1EEF797FE02213E4800F054
:108E6000DFFA20B9FEF7E8FAFFF7B0FD10E0F6F7F9
:108E7000D2FAF9F72EF93748407800F0200038B1DF
:108E80003448807920B13348C07908B9F6F7B0FB8F
:108E90003048007800F001000028BFD1EAF7A2F9BD
:108EA000BBE71FB5002000900190029003464FF4ED
:108EB00080722AA103902C4803F073FA00200090DE
:108EC0000190029003464FF4807228A103902A4833
:108ED00003F067FA03F07EFE002004B010BD00002E
:108EE0007461736B446965754B6869656E436F4364
:108EF00061750000518C01087461736B446965757C
:108F00004B6869656E436F43617531001D8C0108C4
:108F10002404002028040020B8000020F0030020D2
:108F2000BC000020FC0300202C040020780100205D
:108F30000804002030040020BC010020140400209C
:108F400034040020C001002020040020A8000020DC
:108F50000400002053080020000402407461736B79
:108F60004D61696E000000008D8C01087461736BA7
:108F70004779726F00000000058C01080CB50020D5
:108F8000019000907248006840F480307049086099
:108F900000BF6F48006800F4003000900198401C4A
:108FA0000190009818B90198B0F5A06FF1D1684808
:108FB000006800F4003010B10120009001E00020B2
:108FC00000900098012846D161484030006840F088
:108FD00080505F49403108605E48006840F480403E
:108FE0005C4908605A4808300068594908310860EF
:108FF0000846006840F4004008600846006840F4F5
:10900000A05008605448091F0860081F006840F01D
:109010008070091F086000BF4D48006800F00070B4
:109020000028F9D040F205604C49086048480830F3
:10903000006820F0030046490831086008460068CF
:1090400040F00200086000BF41480830006800F0AE
:109050000C000828F8D10CBD10B53D48006840F060
:1090600001003B4908600020394908310860384850
:1090700000683B490840364908603A48091D0860C5
:10908000081F006820F48020091F08600020304974
:109090000C310860FFF772FF4FF000603249086042
:1090A00010BD70B500200022022300240221284DAB
:1090B00008352D6805F00C0020B1042806D00828DA
:1090C00034D107E0294D2A4E356033E0294D284E32
:1090D00035602FE01E4D2D1D2D68C5F380541C4DAD
:1090E0002D1D2D6805F03F0154B1224DB5FBF1F562
:1090F000174E361D3668C6F3881605FB06F209E0E2
:109100001A4DB5FBF1F5124E361D3668C6F38816BA
:1091100005FB06F20E4D2D1D2D68C5F301456D1C96
:109120006B00B2FBF3F5124E356003E00F4D104EAD
:10913000356000BF00BF064D08352D68C5F3031527
:109140000D4E705D0A4D2D68C540094E356070BDED
:10915000003802400070004008544007003C0240C4
:10916000FFFFF6FE1030002408ED00E00024F400BC
:109170000405002000127A000805002006488047F8
:1091800006480047FEE7FEE7FEE7FEE7FEE7FEE7EC
:10919000FEE7FEE7FEE7FEE75990010889010008B7
:1091A00032490143324A1160704770B500210023F3
:1091B0000F22C4781CB32E4C246804F4E064C4F578
:1091C000E064C4F30721C1F10404E3B20A41447826
:1091D0009C40E1B28478144021430C07210E254CB9
:1091E00005786155047804F01F050124AC4005782A
:1091F0006D11AD0005F1E025C5F8004109E00478E6
:1092000004F01F050124AC401B4D0678761145F88B
:10921000264070BD194A0A400243154B1B1F1A60B5
:10922000704739B1124A121D12680243104B1B1DC0
:109230001A6006E00E4A121D126882430C4B1B1D79
:109240001A607047042808D14FF0E021096941F005
:1092500004014FF0E022116107E04FF0E0210969BD
:1092600021F004014FF0E022116170470000FA057F
:109270000CED00E000E400E080E100E080FFFF1F73
:1092800010B504468C48844208D10121084600F0FC
:1092900000FB0021012000F0FCFA5EE087488442D8
:1092A00008D10121022000F0F4FA0021022000F090
:1092B000F0FA52E08248844208D10121042000F0F3
:1092C000E8FA0021042000F0E4FA46E07D488442F8
:1092D00008D10121082000F0DCFA0021082000F06C
:1092E000D8FA3AE07848844208D10121102000F0F1
:1092F000D0FA0021102000F0CCFA2EE0734884420E
:1093000008D10121202000F0C4FA0021202000F023
:10931000C0FA22E06E48844208D10121402000F0CA
:10932000B8FA0021402000F0B4FA16E069488442FF
:1093300008D10121802000F0ACFA0021802000F04B
:10934000A8FA0AE06448844207D10121801500F0A0
:10935000A0FA0021A01500F09CFA10BDF0B50A4655
:1093600000210023002400BF3DE0012505FA01F3A0
:10937000156805EA03049C4234D105684F000326B2
:10938000BE40B543056015794E00B54006683543CB
:1093900005601579012D02D01579022D16D1856849
:1093A0004F000326BE40B543856055794E00B54059
:1093B000866835438560456801268E40B543456023
:1093C000456896798E40B6B235434560C5684F0012
:1093D0000326BE40B543C560D5794E00B540C6688A
:1093E0003543C560491C1029BFD3F0BD4FF6FF714E
:1093F00001600021017141718171C171704708B52F
:109400004FF480320092009A0A430092009AC2619F
:10941000C161009AC261C2690092C269009208BD2E
:109420000246002013690B400BB1012000E0002030
:1094300070470146086980B27047024600205369B0
:109440000B400BB1012000E0002070470146486945
:1094500080B2704701837047418370470AB101832E
:1094600000E0418370474161704742694A40426170
:109470007047F0B5002300244D07ED0E02FA05F306
:10948000CE1000F1200555F826504E07F70E0F2696
:10949000BE40B543CF1000F1200646F82750CE104D
:1094A00000F1200555F8265045EA0304CE1000F1DE
:1094B000200545F82640F0BD0000024000040240AF
:1094C00000080240000C024000100240001402405C
:1094D00000180240001C024000200240FA480068C8
:1094E00040F00100F84908600020F74908310860A1
:1094F000F5480068F5490840F3490860F448091D3B
:109500000860081F006820F48020091F0860002000
:10951000ED490C31086070470021EB4A921C117034
:1095200011460870704710B5014600220023002044
:109530004A11012A02D1E44C236808E0022A03D12F
:10954000E14C7034236802E0DF4C7434236801F08E
:109550001F02012494401C400CB1012000E00020B7
:1095600010BD38B5002000900024002500BF312038
:10957000FFF7D9FF05460098401C00900098B0F511
:10958000A06F01D0002DF2D03120FFF7CCFF08B141
:10959000012400E00024204638BD01460020CA4ACC
:1095A000106820F0F80040EAC10010607047C94917
:1095B000086070470021C44A703211701170012890
:1095C00002D004280AD104E00121BF4A7032117090
:1095D00005E00521BC4A7032117000E000BF00BFF9
:1095E0007047BD490860704770B5049C41EA821518
:1095F0000126C6EB530645EA0645054345EA0465E0
:10960000B14E361D356070BDB249086670478201A3
:1096100042EA0172AC4B84331A607047AD498866E8
:109620007047AC49C864704702460020A64B083317
:10963000186820F0EC6042EA01031843A24B08339B
:1096400018607047024600209F4B0833186820F0CE
:10965000784042EA010318439B4B08331860704777
:1096600001460020984A0832106820F003000843A1
:109670001060704794480830006800F00C00704794
:1096800001460020904A0832106820F0F00008439C
:1096900010607047014600208B4A0832106820F4A1
:1096A000E05008431060704701460020864A0832A7
:1096B000106820F4604040EAC10010607047F0B5C7
:1096C0000021002200240225002602237E4F0837B5
:1096D0003F6807F00C0121B1042905D0082937D1D2
:1096E00005E07E4F076036E07D4F076033E0764F40
:1096F0003F1D3F68C7F38056734F3F1D3F6807F01B
:109700003F036EB1764FB7FBF3F7DFF8BCC10CF146
:10971000040CDCF800C0CCF3881C07FB0CF40CE054
:109720006E4FB7FBF3F7DFF8A0C10CF1040CDCF8C7
:1097300000C0CCF3881C07FB0CF4634F3F1D3F684F
:10974000C7F301477F1C7D00B4FBF5F7076002E01B
:10975000624F076000BF00BF5B4F08373F6807F0EC
:10976000F00109095F4F7A5C0768D7404760564FA0
:1097700008373F6807F4E051890A5A4F7A5C476816
:10978000D7408760504F08373F6807F46041490B66
:10979000544F7A5C4768D740C760F0BD002100F4A1
:1097A0004072B2F5407F0AD1474A0832116821F46D
:1097B000F8114D4A02401143434A08321160424AAF
:1097C00070321268C0F30B031A433F4B70331A60B8
:1097D000704741494439086070473F494039086043
:1097E000704742490860704739B1374A30321268D1
:1097F0000243354B30331A6006E0334A3032126888
:109800008243314B30331A60704739B12E4A3432BB
:10981000126802432C4B34331A6006E02A4A343271
:1098200012688243284B34331A60704739B1264A94
:10983000383212680243244B38331A6006E0224A59
:10984000383212688243204B38331A60704739B17E
:109850001D4A4032126802431B4B40331A6006E037
:10986000194A403212688243174B40331A607047DE
:1098700039B1154A443212680243134B44331A601B
:1098800006E0114A4432126882430F4B44331A6097
:10989000704739B10C4A1032126802430A4B103338
:1098A0001A6006E0084A103212688243064B1033F1
:1098B0001A607047E1B1044A143212680243024B45
:1098C00014331A6019E0000000380240FFFFF6FE72
:1098D0001030002400004742800E47420024F4006C
:1098E00000127A0018050020FFFCFF0F5C014742C0
:1098F0005B4A126882435A4B1A60704739B1584A22
:10990000121D12680243564B1B1D1A6006E0544A92
:10991000121D12688243524B1B1D1A60704739B1E9
:109920004F4A0C32126802434D4B0C331A6006E06A
:109930004B4A0C3212688243494B0C331A60704711
:1099400039B1474A103212680243454B10331A604E
:1099500006E0434A103212688243414B10331A60CA
:10996000704739B13E4A3C32126802433C4B3C33AB
:109970001A6006E03A4A3C3212688243384B3C3364
:109980001A60704739B1364A403212680243344B8C
:1099900040331A6006E0324A403212688243304B4C
:1099A00040331A60704739B12D4A4432126802437D
:1099B0002B4B44331A6006E0294A44321268824332
:1099C000274B44331A60704739B1254A4C3212682C
:1099D0000243234B4C331A6006E0214A4C32126892
:1099E00082431F4B4C331A60704739B11C4A5032C6
:1099F000126802431A4B50331A6006E0184A50327C
:109A000012688243164B50331A60704739B1144ABA
:109A1000D21F12780243124BDB1F1A7006E0104A65
:109A2000D21F127882430E4BDB1F1A7070470C480E
:109A30006030006840F0807009496031086070470C
:109A400001460020064A083A12680A400AB101207D
:109A500000E0002070470249891F0870704700002D
:109A60001438024010B501210802FFF769FF0021F8
:109A70004FF48070FFF764FF10BD30B50246002040
:109A800000235068F84C20400D790C6844EA052406
:109A9000204350609068F54C2040D1E903542C439A
:109AA0008D682C434D7944EA450420439060D06A88
:109AB00020F470000C7D641EE4B2234340EA03509E
:109AC000D06230BD00210160017141718160C160CF
:109AD00001610121017570470021E54A1168E54ADD
:109AE0001140D0E900231A4383681A43C3681A431C
:109AF0001143E14AC2F8041370470021016041603C
:109B00008160C160704721B1826842F001028260C9
:109B100003E0826822F00102826070470A46002159
:109B20004168D64B194011434160704741628262DF
:109B300070470A460021416821F01F01114341602E
:109B4000704738B1CA49096841F40001CA4AC2F8ED
:109B5000041306E0C649096821F40001C64AC2F8A8
:109B60000413704738B1C249096841F48001C24A00
:109B7000C2F8041306E0BE49096821F48001BE4A18
:109B8000C2F804137047F0B504460D4600200021CA
:109B9000092D11DDE068A5F10A0606EB4607072648
:109BA00006FA07F18843A5F10A0606EB460603FA12
:109BB00006F10843E0600CE0206905EB4507072645
:109BC00006FA07F1884305EB450603FA06F1084358
:109BD0002061072A0FDA606B561E06EB86071F26E8
:109BE00006FA07F18843561E06EB860605FA06F1CB
:109BF0000843606322E00D2A0FDA206BD61F06EBC4
:109C000086071F2606FA07F18843D61F06EB86064D
:109C100005FA06F10843206310E0E06AA2F10D06A0
:109C200006EB86071F2606FA07F18843A2F10D0608
:109C300006EB860605FA06F10843E062F0BD81688E
:109C400041F0804181607047014600208A6802F43B
:109C500080020AB1012000E00020704721B1826833
:109C600042F48062826003E0826822F48062826053
:109C7000704721B1826842F00202826003E082688C
:109C800022F002028260704710B50A4600210023CC
:109C9000416821F46041531E41EA4331416010BDE7
:109CA00021B1426842F40062426003E0426822F45B
:109CB0000062426070470146C86C80B270476C48D1
:109CC000001D0068704721B1826842F48072826092
:109CD00003E0826822F480728260704721B182685A
:109CE00042F40072826003E0826822F400728260B3
:109CF000704738B15E49096841F400515E4AC2F8C4
:109D0000041306E05A49096821F400515A4AC2F87E
:109D100004137047F0B504461546002000220026C3
:109D2000092911DDE068A1F10A0707EB470C0727B5
:109D300007FA0CF29043A1F10A0707EB470703FA71
:109D400007F21043E0600CE0206901EB410C0727AB
:109D500007FA0CF2904301EB410703FA07F21043B4
:109D60002061A06BC0F30156EF1C06F1010CA7EBBC
:109D70000C0707EB870C1F2707FA0CF29043EF1C28
:109D800006F1010CA7EB0C0707EB870701FA07F2B6
:109D90001043A063F0BD10B50A4600210023816B7B
:109DA00021F44011531E41EA0351816310BD08B5EF
:109DB000002300930090009B0B440093009B1A60CB
:109DC00008BD0A460021816821F470211143816099
:109DD00070470A460021816821F4401111438160D7
:109DE0007047816841F4800181607047014600201E
:109DF0008A6802F480020AB1012000E00020704766
:109E000021B1426842F48062426003E0426822F479
:109E100080624260704721B1426842F480524260E1
:109E200003E0426822F480524260704708B502465F
:109E300000200090009201F12800009B184400903F
:109E40000098006880B208BD10B50B460021D9B259
:109E5000012404FA01F11AB144680C43446002E0A1
:109E600044688C43446010BDFFFEFFFCFDF7FFC05B
:109E700004230140E030FCFF00200140FFFD3FFFD4
:109E80000246002013680B400BB1012000E00020C7
:109E90007047CA430260704770B502460020002335
:109EA00000240B12556801268E4005EA0604156849
:109EB0001D4015B10CB1012000E0002070BD002252
:109EC0000A12D34303607047016821F00101016069
:109ED0000021016041608160C16001612121416117
:109EE000DB49884204D13D21D94A103A91608CE087
:109EF000D7491831884205D14FF47461D44A103AD9
:109F0000916082E0D2493031884205D14FF474111A
:109F1000CF4A103A916078E0CD494831884205D166
:109F20004FF07461CA4A103A91606EE0C8496031DE
:109F3000884204D1C749C64A103AD16065E0C44995
:109F40007831884204D1C449C14A103AD1605CE0FA
:109F5000BF499031884204D1C049BD4A103AD1600E
:109F600053E0BB49A831884205D14FF03D51B84A72
:109F7000103AD16049E0BA49884204D13D21B84A3B
:109F8000083A116041E0B6491831884205D14FF4D2
:109F90007461B34A083A116037E0B1493031884200
:109FA00005D14FF47411AE4A083A11602DE0AC4966
:109FB0004831884205D14FF07461A94A083A1160CE
:109FC00023E0A7496031884204D1A249A44A121F64
:109FD00011601AE0A2497831884204D19E49A04A12
:109FE000121F116011E09E499031884204D19B49B3
:109FF0009B4A121F116008E09949A831884204D198
:10A000004FF03D51964A121F1160704710B5002263
:10A010000268944B1A40CC680B6823434C69234375
:10A020008C692343CC6923430C6A23434C6A234342
:10A030008C6A23434C6B23438C6B23431A4302608B
:10A04000426922F00702D1E90B3423431A434261EB
:10A050000B6943604B6883608B68C36010BD00214F
:10A06000016041608160C160016141618161C161E4
:10A07000016241628162C162016341638163704731
:10A0800021B1026842F00102026003E0026822F09E
:10A0900001020260704721B1026842F4004202608E
:10A0A00003E0026822F400420260704721B10268B6
:10A0B00042F02002026003E0026822F02002026007
:10A0C0007047416070470146486880B2704722B1CE
:10A0D000036843F40023036003E0036823F40023D0
:10A0E00003600161704721B1026842F4802202607E
:10A0F00003E0026822F48022026070470AB1016125
:10A1000000E0C1607047014600200A6802F40022A6
:10A110000AB1012000E000207047014600200A68D3
:10A1200002F001020AB1012000E000207047014660
:10A1300000204A6902F03800704730B503460A46ED
:10A1400000200024464DAB4202D24149103901E0C3
:10A150004349103902F000550DB14C6800E00C681D
:10A16000414D2C4004EA02050DB1012000E0002021
:10A1700030BD02463A4B9A4202D23548103801E0CF
:10A180003748103801F000531BB1374B0B40C36008
:10A1900002E0354B0B408360704710B501F080033F
:10A1A0004BB122B1436943F08003436103E043694B
:10A1B00023F08003436180290BD02AB1036801F0AA
:10A1C0001E042343036004E0036801F01E04A3435C
:10A1D000036010BD70B50246002000240025204E0B
:10A1E000B24202D21A4B103B01E01D4B103B1F4EF6
:10A1F0000E4036B11E2606EAD124166806EA04058A
:10A2000002E0566906F0800501F000560EB15C6868
:10A2100000E01C68144E344004EA010616B10DB18A
:10A22000012000E0002070BD02460D4B9A4202D290
:10A230000748103801E00A48103801F000531BB1FC
:10A24000094B0B40C36002E0074B0B408360704733
:10A25000106002403D000020400F002000003D2023
:10A26000106402403F801CF07D0F7D0F3C0F3C0FBF
:10A27000002044490860091D0860091D0860091D87
:10A28000086041483F4914310860704700213D494A
:10A290008279002A3AD00A46126803689A430B462C
:10A2A0001A600A1D126803689A430B1D1A6002792E
:10A2B00011440A6803681A430A60324A0832126875
:10A2C00003689A432F4B08331A601A1D12680368FB
:10A2D0009A432C4B0C331A604279102A0ED11A1F64
:10A2E000126803681A43274B08331A601A1D126854
:10A2F00003681A43234B0C331A600DE0214942795D
:10A3000011440A6803681A430A6005E0027911449F
:10A310000A6803689A430A6070470021016001716E
:10A320000C21417100218171704716491031096873
:10A330000143144A10321160704701460020114A4F
:10A34000143212680A400AB1012000E00020704770
:10A350000C49143108607047014600200022094B67
:10A360001B6803EA0102074B14331B680B4013B14F
:10A370000AB1012000E00020704702491431086052
:10A3800070470000003C0140FFFF7F0010B504460D
:10A39000FE48844208D101210846FFF7D1FA002186
:10A3A0000120FFF7CDFA9DE0B4F1804F08D10121E3
:10A3B0000846FFF7B4FA00210120FFF7B0FA91E058
:10A3C000F348844208D101210220FFF7A8FA0021B6
:10A3D0000220FFF7A4FA85E0EE48844208D101216B
:10A3E0000420FFF79CFA00210420FFF798FA79E097
:10A3F000E948844208D101210820FFF790FA0021A2
:10A400000820FFF78CFA6DE0E448844208D101216E
:10A410001020FFF784FA00211020FFF780FA61E096
:10A42000DF48844208D101212020FFF778FA00217B
:10A430002020FFF774FA55E0DA48844208D1012160
:10A440000220FFF77DFA00210220FFF779FA49E0A8
:10A45000D548844209D101210804FFF771FA00218F
:10A460004FF48030FFF76CFA3CE0D048844209D1C9
:10A4700001214804FFF764FA00214FF40030FFF790
:10A480005FFA2FE0CA48844209D101218804FFF70E
:10A4900057FA00214FF48020FFF752FA22E0C54816
:10A4A000844208D101214020FFF739FA00214020E1
:10A4B000FFF735FA16E0C048844208D10121802018
:10A4C000FFF72DFA00218020FFF729FA0AE0BB48A8
:10A4D000844207D101218015FFF721FA0021A01540
:10A4E000FFF71DFA10BD00220288A84B98420ED03B
:10A4F000AC4B98420BD0B0F1804F08D0A44B98429F
:10A5000005D0A44B984202D0A34B984204D14FF6F9
:10A510008F731A404B881A43A04B984207D0A04B28
:10A52000984204D04FF6FF431A400B891A43028029
:10A530004B68C3620B880385944B984202D0994BB9
:10A54000984201D18B7A03860123838270474FF0B2
:10A55000FF3141600021018001814180817270479B
:10A560000185828270470A46002101884FF68F7369
:10A57000194011430180704741627047C1627047C2
:10A580000146486A70470146088D704721B102882C
:10A5900042F00202028004E002884FF6FD731A4086
:10A5A0000280704721B1028842F00402028004E078
:10A5B00002884FF6FB731A400280704721B102886F
:10A5C00042F08002028004E002884FF67F731A4056
:10A5D0000280704702884FF6F7731A4002800288A3
:10A5E0000A430280704702884FF6FF431A400280F8
:10A5F00002880A430280704721B1028842F00102BA
:10A60000028004E002884FF6FE731A400280704711
:10A6100070B5002400220023058C4FF6FE763540ED
:10A620000584028C8388048B4FF68F752C40B51EF1
:10A630002C400D882C43751E2A408D892A434D8855
:10A640002A43524DA84202D0564DA84213D14FF68C
:10A65000F7752A40CD892A434FF6FB752A408D882D
:10A660002A434FF6FF652B404FF6FF552B400D8ACE
:10A670002B434D8A2B43838004838D68456302847A
:10A6800070BD70B5002400220023058C4FF6EF76D4
:10A6900035400584028C8388048B48F6FF752C4076
:10A6A0004FF6FF452C400D884FF6FF7606EA05254C
:10A6B0002C434FF6DF752A408D8906EA05152A439B
:10A6C0004D8806EA05152A43304DA84202D0354D83
:10A6D000A8421DD14FF67F752A40CD894FF6FF76EF
:10A6E00006EA05152A434FF6BF752A408D8806EA0B
:10A6F00005152A434FF6FF352B404FF2FF752B40CF
:10A700000D8A06EA85052B434D8A06EA85052B430B
:10A71000838004838D688563028470BD70B50024D6
:10A7200000220023058C4FF6FF6635400584028C1D
:10A730008388848B4FF68F752C404FF6FC752C4028
:10A740000D882C434FF6FF552A408D894FF6FF7632
:10A7500006EA05252A434D8806EA05252A430B4DBE
:10A76000A84202D00F4DA84238D14FF2FF752A40BF
:10A77000CD894FF6FF7606EA05252A434FF6FF35C9
:10A780002A408D8806EA05252A4319E00000014089
:10A790000004004000080040000C00400010004091
:10A7A000001400400004014000400140004401400A
:10A7B0000048014000180040001C004000200040FC
:10A7C0004EF6FF752B404DF6FF752B400D8A06EABD
:10A7D00005152B434D8A06EA05152B438380848398
:10A7E0008D68C563028470BD70B50022002300240B
:10A7F000058C4EF6FF7635400584038C8488828B69
:10A8000048F6FF752A404FF6FF452A400D884FF65F
:10A81000FF7606EA05252A434DF6FF752B408D8904
:10A8200006EA05352B434D8806EA05352B43FE4DD8
:10A83000A84202D0FD4DA84208D14BF6FF752C402E
:10A840000D8A4FF6FF7606EA85152C4384808283B5
:10A850008D680564038470BD002101804180818082
:10A8600081608181C18101824182704770B5034658
:10A87000002000241846183001258D40ACB21D8CF4
:10A88000A5431D8409B108290AD100EB61000568C0
:10A890004FF68F76354005600568154305600FE07B
:10A8A0000D1FC5F34E052844056848F6FF76354070
:10A8B000056005684FF6FF7606EA02263543056017
:10A8C00070BD4163704781637047C1637047016425
:10A8D00070470A460021018B4FF68F7319401143D0
:10A8E000018370470A460021018B48F6FF73194027
:10A8F0004FF6FF7303EA02231943018370470A46A8
:10A900000021818B4FF68F7319401143818370476B
:10A910000A460021818B48F6FF7319404FF6FF73FA
:10A9200003EA02231943818370470A460021018B01
:10A930004FF6F77319401143018370470A4600210F
:10A94000018B4FF2FF7319404FF6FF7303EA0223A6
:10A950001943018370470A460021818B4FF6F77334
:10A9600019401143818370470A460021818B4FF2C1
:10A97000FF7319404FF6FF7303EA022319438183E3
:10A9800070470A460021018B4FF6FB7319401143B3
:10A99000018370470A460021018B4FF6FF331940AF
:10A9A0004FF6FF7303EA02231943018370470A46F7
:10A9B0000021818B4FF6FB7319401143818370474F
:10A9C0000A460021818B4FF6FF3319404FF6FF7383
:10A9D00003EA02231943818370470A460021018B51
:10A9E0004FF67F7319401143018370470A460021D7
:10A9F000018BC1F30E014FF6FF7303EA02231943E3
:10AA0000018370470A460021818B4FF67F731940FE
:10AA10001143818370470A460021818BC1F30E01E7
:10AA20004FF6FF7303EA02231943818370470A46F6
:10AA30000021018C4FF6FD731940114301847047CA
:10AA40000A460021018C4FF6F77319401143018427
:10AA500070470A460021018C4FF6DF7319404FF60C
:10AA6000FF7303EA02131943018470470A46002169
:10AA7000018C4FF67F7319404FF6FF7303EA021300
:10AA80001943018470470A460021018C4FF6FF5399
:10AA900019404FF6FF7303EA0223194301847047FC
:10AAA0000A460021018C4FF2FF7319404FF6FF73E5
:10AAB00003EA02231943018470470A460021018CEE
:10AAC0004DF6FF7319404FF6FF7303EA0233194343
:10AAD0000184704730B5002301248C40A3B2048C5C
:10AAE0009C430484048C02FA01F5ADB22C43048427
:10AAF00030BD30B5002304248C40A3B2048C9C43A9
:10AB00000484048C02FA01F5ADB22C43048430BDF8
:10AB1000828B4FF2FF331A408283828B4FF6FF7392
:10AB200003EA01231A4382837047F0B50C461546A9
:10AB3000002100220026078C4EF6FF7C07EA0C0756
:10AB40000784818B028C4FF6FF7707EA043640F6C4
:10AB5000FF4739404FF6FF7707EA052739434FF69D
:10AB6000FF7707EA0337394345F6FF773A4046F463
:10AB700080573A4381830284F0BD828B4FF6F37392
:10AB80001A408283828B0A4382837047F0B50C4659
:10AB90001546002100220026078C4FF6FF6C07EABD
:10ABA0000C070784818B028C4FF6FF7707EA042697
:10ABB0004FF60C7739404FF6FF7707EA03172F431C
:10ABC00039434FF2FF573A4046F480773A43818346
:10ABD0000284F0BD028B4FF2FF331A400283028BD6
:10ABE0004FF6FF7303EA01231A4302837047F0B55F
:10ABF0000C461546002100220026078C4FF6EF7CFC
:10AC000007EA0C070784018B028C4FF6FF7707EAEF
:10AC1000041640F6FF4739404FF6FF7707EA03373F
:10AC200039434FF6FF7703E0000001400004014084
:10AC300007EA052739434FF65F773A4046F0100799
:10AC40003A4301830284F0BD028B4FF6F3731A403E
:10AC50000283028B0A4302837047F0B50C46154607
:10AC600000210022068C4FF6FE773E400684018BC1
:10AC7000028C4FF60C7631407E1C06EA03162E43FA
:10AC800031434FF6F576324044F0010632430183FA
:10AC90000284F0BD70B505460C46208850B9238962
:10ACA000A28861882846FFF7D8FFE1882846FFF789
:10ACB000CBFF25E0208804280AD12389A288618857
:10ACC0002846FFF794FFE1882846FFF783FF17E047
:10ACD000208808280AD12389A28861882846FFF79E
:10ACE00055FFE1882846FFF748FF09E02389A2883D
:10ACF00061882846FFF719FFE1882846FFF708FF1B
:10AD000070BD002101804180012181800021C1802E
:10AD1000018170472DE9F04105460C4600260127C8
:10AD2000608808B9022600E00026A088012801D129
:10AD3000022700E001272088A0B92389A288618822
:10AD40002846FFF78AFFE1882846FFF77DFF238921
:10AD50003A4631462846FFF74AFFE1882846FFF782
:10AD600039FF13E02389A28861882846FFF73FFF57
:10AD7000E1882846FFF72EFF23893A4631462846C8
:10AD8000FFF76BFFE1882846FFF75EFFBDE8F08123
:10AD90000146486B70470146886B70470146C86B97
:10ADA00070470146086C70470A884B881A438B88A5
:10ADB0001A43CB881A430B891A434B891A438B8950
:10ADC0001A43A0F84420704700210180418081800F
:10ADD000C180018141818181704731B1B0F8442047
:10ADE00042F40042A0F8442005E0B0F84420C2F349
:10ADF0000E02A0F84420704721B1828842F004027C
:10AE0000828004E082884FF6FB731A40828070478C
:10AE100021B1828842F00102828004E082884FF6EC
:10AE2000FE731A40828070471AB183890B43838175
:10AE300002E083898B438381704781827047024699
:10AE40000020138A0B400BB1012000E00020704766
:10AE5000CA430282704730B5024600200023002416
:10AE6000158A05EA0103958905EA010413B10CB1BD
:10AE7000012000E0002030BDCA430282704741EA51
:10AE80000203A0F8483070471AB183890B438381CD
:10AE900002E083898B438381704721B1828842F02D
:10AEA0000802828004E082884FF6F7731A4082809D
:10AEB000704701894FF6F8721140018170470A46C8
:10AEC000002101894FF68F731940114301817047AA
:10AED00030B504460D4629462046FFF7F0FF20898D
:10AEE00040F00700208130BD2DE9F04104460D46B9
:10AEF00016461F46602D06D13B46012231462046AC
:10AF0000FFF775FE05E03B46012231462046FFF77C
:10AF1000A4FE29462046FFF7D2FF208940F0070013
:10AF20002081BDE8F08130B50C4600210189C9B20D
:10AF30004FF6FF7505EA0325154325432943018193
:10AF400030BD2DE9F04105460E46174698460024CF
:10AF500043463A4631462846FFF7E5FF2C894FF62F
:10AF6000F870044044F007044FF68F70044044F03A
:10AF700070042C81BDE8F081F0B504460D461646FC
:10AF80001F463B46324629462046FFF7CCFF208924
:10AF900040F480402081F0BD82884FF68F731A40C4
:10AFA000828082880A438280704702894FF6F87354
:10AFB0001A40028102890A430281704702894FF6D2
:10AFC0007F731A40028102890A4302817047F0B5FB
:10AFD0000C4615461E460021002200230189028BE3
:10AFE000038C4FF6F877394021434FF6FC473A403F
:10AFF00040F201173A434FF6DD773B404FF6FF77BB
:10B0000007EA06172F433B43018102830384F0BD07
:10B0100021B1828842F08002828004E082884FF66B
:10B020007F731A4082807047A0F85010704700006C
:10B0300010B50446F748844208D101211020FEF7DC
:10B040007FFC00211020FEF77BFC3EE0F2488442AA
:10B0500009D101214804FEF762FC00214FF40030C1
:10B06000FEF75DFC31E0ED48844209D101218804FE
:10B07000FEF755FC00214FF48020FEF750FC24E041
:10B08000E748844209D10121C804FEF748FC0021A9
:10B090004FF40020FEF743FC17E0E248844209D158
:10B0A00001210805FEF73BFC00214FF48010FEF75C
:10B0B00036FC0AE0DC48844207D101212020FEF75B
:10B0C0003FFC00212020FEF73BFC10BD2DE9FF478F
:10B0D00005460E460024A14600BFA046B08900B137
:10B0E00000BF2C8A24F44054F08804432C82AC899D
:10B0F00041F20C608443B088318908437189084368
:10B100000443AC81AC8A24F44074B0890443AC821B
:10B110006846FEF7D4FABF48854202D0C24885424D
:10B1200002D1DDF80C9001E0DDF80890A88900F468
:10B13000004040B109EBC90000EB0910316849003B
:10B14000B0FBF1F707E009EBC90000EB091031682B
:10B150008900B0FBF1F76420B7FBF0F0040120098F
:10B16000642101FB1078A88900F4004040B132202E
:10B1700000EBC800B0FBF1F000F00700044308E06A
:10B18000322000EB08106421B0FBF1F000F00F005A
:10B1900004432C81BDE8FF874FF416510160002164
:10B1A0008180C18001810C21418100218181704712
:10B1B00010B502460020108A20F470600B884C887D
:10B1C00023438C882343CC8823431843108210BD2B
:10B1D0000021018041808180C180704721B1828936
:10B1E00042F40052828104E082894DF6FF731A40D6
:10B1F00082817047028B02F47F420283028B0A43F2
:10B200000283704721B1828942F40042828103E0C7
:10B210008289C2F30E028281704721B1828A42F490
:10B220000062828204E0828A4FF2FF731A408282B7
:10B230007047C1F308028280704701468888C0F3D6
:10B2400008007047028A4FF6F0731A400282028AA1
:10B250000A430282704721B1828942F00202828150
:10B2600004E082894FF6FD731A408281704782891B
:10B270004FF2FF731A40828182890A4382817047AC
:10B28000028A4FF6DF731A400282028A0A43028260
:10B29000704721B1028A42F48042028204E0028AAD
:10B2A0004BF6FF731A4002827047818941F0010119
:10B2B0008181704721B1828A42F00802828204E0D3
:10B2C000828A4FF6F7731A4082827047028BD2B29D
:10B2D0000283028B42EA01220283704721B1828AF3
:10B2E00042F02002828204E0828A4FF6DF731A4025
:10B2F0008282704721B1828A42F01002828204E089
:10B30000828A4FF6EF731A4082827047828A4FF624
:10B31000FB731A408282828A0A438282704721B17B
:10B32000828A42F00202828204E0828A4FF6FD7332
:10B330001A40828270471AB1838A0B43838202E0EB
:10B34000838A8B4383827047F0B50346002400262E
:10B350000025002040F66A17B94200D100BF184608
:10B36000C1F3421401F01F06012707FA06F5012C6C
:10B3700001D10C3004E0022C01D1103000E0143077
:10B380001AB107682F43076002E00768AF43076000
:10B39000F0BD02460020B1F5007F00D100BF138848
:10B3A0000B400BB1012000E00020704701F4007257
:10B3B000B2F5007F00D100BFCA430280704770B56C
:10B3C0000246002400230025002040F66A16B14200
:10B3D00000D100BFC1F3421501F01F03012606FA98
:10B3E00003F3012D02D19689334006E0022D02D1EC
:10B3F000168A334001E0968A33400C12012606FA81
:10B4000004F41688344013B10CB1012000E0002090
:10B4100070BD0000001001400044004000480040A2
:10B42000004C0040005000400014014010B50022C4
:10B43000002340F66A14A14200D100BF0A12012481
:10B440009440A3B2DC43048010BD000010B501217C
:10B450008803FEF775FA00214FF48040FEF770FA7A
:10B4600010BD1A490860704730B500228B071C0FC9
:10B470000F2303FA04F2154B08338C1053F82430D1
:10B480009343124C08348D1044F8253023468C1019
:10B4900053F824308C07240F00FA04F423430B4C98
:10B4A00008348D1044F8253030BD094908607047D4
:10B4B000084908607047002004492031096801F4F8
:10B4C000807109B1012000E0002070470038014080
:10B4D000DC0027420004274200F1080141604FF0E0
:10B4E000FF31816000F10801C1600161002101604C
:10B4F0007047002101617047426853684B604368A0
:10B500008B605368996051604160086103685B1CFF
:10B510000360704710B502460B685C1C0CB91069DB
:10B5200007E002F1080000E04068446824689C429B
:10B53000FAD944684C604C68A160886041600A6137
:10B540001468641C146010BD0146D1E90130986094
:10B55000D1E9010358600A695068884201D18868BE
:10B560005060002008611068401E1060106870472D
:10B5700070B504460D461CB9E4F75AFE00BFFEE75D
:10B5800000F0F3FDD4E90F12206801FB02006060B7
:10B590000020A0632068A060E06B401E226C216840
:10B5A00000FB0210E0604FF0FF306064A06475B9EA
:10B5B000206908B9012000E0002080B904F11000E2
:10B5C00001F02AFC01280AD100F0C9FD07E004F1CE
:10B5D0001000FFF781FF04F12400FFF77DFF00F06A
:10B5E000CDFD012070BD2DE9F04705460E461746FA
:10B5F0004FF00009DDB1502000F0E4FD0446B4B185
:10B6000005FB06F000F10108404600F0DBFD20607C
:10B61000206848B1E563266401212046FFF7A8FFB2
:10B6200084F84D70A14602E0204600F02CFEB9F1EE
:10B63000000F03D1E4F7FCFD00BFFEE74846BDE87C
:10B64000F08710B5044600F090FD11E0606A08B97B
:10B65000012000E0002050B904F1240001F0DCFBDF
:10B6600008B101F054FCA06C401EA06400E002E0B0
:10B67000A06C0028EADC00BF4FF0FF30A06400F0AF
:10B680007DFD00F072FD11E0206908B9012000E0A5
:10B69000002050B904F1100001F0BEFB08B101F028
:10B6A00036FC606C401E606400E002E0606C0028C4
:10B6B000EADC00BF4FF0FF30606400F05FFD10BDBA
:10B6C00070B5044600F051FDA06BE16B884201D1DA
:10B6D000012000E00020054600F050FD284670BD26
:10B6E00070B504460E461546206C38B9206838BB44
:10B6F000606801F09BFC0020606021E07DB931466C
:10B70000226CA06801F0BCFC216CA0680844A06019
:10B71000D4E90110884213D32068A06010E03146BC
:10B72000226CE06801F0ACFC216CE068401AE0603B
:10B730002168E068884203D2216C6068401AE060AA
:10B74000A06B401CA06370BDFFB583B004460D46DE
:10B750001E4600271CB9E4F76BFD00BFFEE70DB9DC
:10B76000206C08B9012000E0002018B9E4F760FD62
:10B7700000BFFEE700BF00F0F8FCA06BE16B884261
:10B7800017D2324629462046FFF7AAFF606A08B959
:10B79000012000E0002038B904F1240001F03CFB56
:10B7A000012801D100F0DBFC00F0E8FC012007B02B
:10B7B000F0BD059818B900F0E1FC0020F7E71FB9CB
:10B7C00001A801F05EFB012700F0D8FC00F0DEFFCD
:10B7D00000F0CBFC606C401C08B900206064A06CD9
:10B7E000401C08B90020A06400F0C8FC05A901A80D
:10B7F00001F055FBC0B92046FFF762FF70B104F1BC
:10B800001000059901F0CBFA2046FFF71AFF00F06F
:10B810000DFF0028AFD100F0A2FCACE72046FFF7F7
:10B8200010FF00F003FFA6E72046FFF70AFF00F035
:10B83000FDFE0020BBE770B50546502000F0C2FCBD
:10B840000446E4B1002060602060A060E060A06376
:10B850000120E06300202064401E6064A06484F83E
:10B860004D5004F11000FFF737FE04F12400FFF7FC
:10B8700033FE00231A4619462046FFF765FF1CB920
:10B88000E4F7D6FC00BFFEE7204670BD70B5044665
:10B890001CB9E4F7CDFC00BFFEE701F047FB61688F
:10B8A00088420CD1E068401EE060E06828B90023BF
:10B8B0001A4619462046FFF747FF012500E00025FC
:10B8C000284670BD70B5044600F04FFCA06B08B967
:10B8D000012000E00020054600F050FC284670BD25
:10B8E00070B504460D46206870B1216CE0680844CC
:10B8F000E0606168E068884201D32068E060284623
:10B90000226CE16801F0BCFB70BD2DE9FF4182B003
:10B9100004460D461E464FF000081CB9E4F788FCAB
:10B9200000BFFEE70DB9206C08B9012000E000203F
:10B9300018B9E4F77DFC00BFFEE700BF00F015FC7E
:10B94000A06B80B3E76829462046FFF7C9FFB6B968
:10B95000A06B401EA063206810B901F0E7FA606098
:10B96000206908B9012000E00020B0B904F11000FE
:10B9700001F052FA012810D100F0F1FB0DE0E76070
:10B98000606A08B9012000E0002030B904F1240009
:10B9900001F042FA08B100F0E2FB00F0EFFB0120F9
:10B9A00006B0BDE8F081FFE7049818B900F0E6FBA7
:10B9B0000020F5E7B8F1000F04D1684601F061FA04
:10B9C0004FF0010800F0DAFB00F0E0FE00F0CDFBE4
:10B9D000606C401C08B900206064A06C401C08B971
:10B9E0000020A06400F0CAFB04A9684601F057FAE1
:10B9F00008BB2046FFF766FFB8B1206830B900F0F9
:10BA0000B4FB606801F0A1FA00F0B8FB04F1240077
:10BA1000049901F0C4F92046FFF713FE00F006FE7A
:10BA200000288BD100F09BFB88E72046FFF709FE3A
:10BA300000F0FCFD82E72046FFF703FE00F0F6FD74
:10BA40000020ADE770B504460E461CB9E4F7F0FBE4
:10BA500000BFFEE701F06AFA6168884204D1E0683D
:10BA6000401CE06001250BE00023324619462046C9
:10BA7000FFF74BFF0546012D02D1E068401CE06056
:10BA8000284670BD70B506460D460222002130469C
:10BA9000FFF7A9FD044604B1A5631CB9E4F7C8FB90
:10BAA00000BFFEE7204670BD2DE9F04704460F4673
:10BAB000154698461CB9E4F7BBFB00BFFEE70FB97B
:10BAC000206C08B9012000E0002018B9E4F7B0FBB1
:10BAD00000BFFEE7E4F7ACFB8146A06BE16B884258
:10BAE0001BD2424639462046FFF7FAFDA06C401CA7
:10BAF00070B9606A08B9012000E0002058B904F16B
:10BB0000240001F089F930B12DB10120286002E054
:10BB1000A06C401CA064012600E000264846E4F723
:10BB20008EFB3046BDE8F0872DE9F04104460F4614
:10BB300015461CB9E4F77CFB00BFFEE70FB9206C8B
:10BB400008B9012000E0002018B9E4F771FB00BF3C
:10BB5000FEE7E4F76DFB8046A06BE8B1394620466E
:10BB6000FFF7BEFEA06B401EA063606C401C70B966
:10BB7000206908B9012000E0002058B904F1100044
:10BB800001F04AF930B12DB10120286002E0606C6B
:10BB9000401C6064012600E000264046E4F74FFBAD
:10BBA0003046BDE8F08170B504461CB9E4F740FBAF
:10BBB00000BFFEE700F0D9FAA56B00F0DFFA2846D7
:10BBC00070BD70B504461CB9E4F732FB00BFFEE758
:10BBD000A56B284670BD014600200BE03D4A02EBF4
:10BBE000C00252688A4204D100223A4B43F8302006
:10BBF00002E0401C0828F1D300BF704710B504468E
:10BC00001CB9E4F715FB00BFFEE72046FFF7E3FF92
:10BC1000206800F038FB204600F035FB10BD0146DF
:10BC200091F84C00704780F84C107047014691F82D
:10BC30004D00704770B504461CB9E4F7F9FA00BF2F
:10BC4000FEE7A06B08B9012000E000200546284669
:10BC500070BD70B504461CB9E4F7EAFA00BFFEE710
:10BC6000A06BE16B884201D1012000E00020054675
:10BC7000284670BD024600200BE0164B53F83030CA
:10BC800033B9144B43F8301003EBC0035A6002E0A1
:10BC9000401C0828F1D300BF704770B504460D461C
:10BCA00000F063FA606C401C08B900206064A06C6E
:10BCB000401C08B90020A06400F060FAA06B20B915
:10BCC000294604F1240001F08DF82046FFF7B9FC65
:10BCD00070BD0000007801202DE9F04104460D46BA
:10BCE00016461F464FF0000865602461B5420CD827
:10BCF000F01BA169884202D34FF0010811E0211D19
:10BD0000F0480068FFF706FC0BE0BE4204D2BD42DB
:10BD100002D34FF0010804E0211DEB480068FFF753
:10BD2000F9FB4046BDE8F0812DE9FE4305460E468D
:10BD300017461C46DDF828804FF00009E3480068EC
:10BD400008B3009601970295ACB901F0F2F801280A
:10BD500008D1002342466946DC480068FFF7F4FC3E
:10BD6000814610E000231A466946D8480068FFF76C
:10BD7000EBFC814607E0002322466946D348006871
:10BD8000FFF792FE81464846BDE8FE832DE9F84361
:10BD900081462BE0CC480068C0680568CA48006846
:10BDA000C068C468201DFFF7CFFB2046616A884742
:10BDB000E06901281AD1A0694619AE4207D9666028
:10BDC0002461211DC0480068FFF7A4FB0EE000209D
:10BDD00003462A46014600902046FFF7A5FF074686
:10BDE0001FB9E4F725FA00BFFEE700BFB6480068B8
:10BDF000006808B9012000E000200028CAD0B2483D
:10BE0000D0F80080AF480068AF490860AD48C0F87E
:10BE10000080BDE8F88370B5044600F009FF0546D0
:10BE2000AB480068854206D2A9480068FFF7AEFF1C
:10BE30000120206001E000202060A5480560284620
:10BE400070BD70B586B002A8FFF7E5FF064650E06A
:10BE5000059C44B1606908B9012000E0002010B9D8
:10BE6000201DFFF771FB039830B1012826D002286E
:10BE700025D003283BD136E00498A26981180346F7
:10BE800032462046FFF728FF012816D12046616A76
:10BE90008847E069012810D1002000900498A1692A
:10BEA0004218002319462046FFF73EFF05461DB9FC
:10BEB000E4F7BEF900BFFEE700BF19E018E0049800
:10BEC000A061A06908B1012000E0002018B9E4F7E2
:10BED000AFF900BFFEE7A06981193346324620461C
:10BEE000FFF7FAFE04E0204600F0CDF900E000BFC5
:10BEF00000BF00231A4603A974480068FFF705FD38
:10BF00000028A5D106B070BDF8B505460F466E48AD
:10BF10000068C068C468201DFFF716FBE0690128AF
:10BF200017D1A06941192B463A462046FFF7D4FEA7
:10BF300001280ED1002003462A46014600902046E3
:10BF4000FFF7F2FE06461EB9E4F772F900BFFEE7FE
:10BF500000BF2046616A8847F8BDF8B504460E4622
:10BF600000F014FC6846FFF756FF05460098A0B99C
:10BF700046B9AC4206D800F059FB29462046FFF7E7
:10BF8000C3FF0CE0611B51480068FFF786FE00F01C
:10BF90004DFB20B900F0E3F801E000F047FBF8BDED
:10BFA0000146494A126812680AB9012200E00022DB
:10BFB0000A600A6822B9444A1268D268106800E030
:10BFC0000020704708B500BF6846FFF7E9FF044648
:10BFD00020460099FFF7C1FFFFF733FFF4E710B5E4
:10BFE00000F0C3F83948006890B93A48FFF774FA8E
:10BFF0003948FFF771FA3748334908603648314904
:10C00000086000220C210A20FFF7EDFA2F49086092
:10C0100000F0B4F810BD1FB50024FFF7E0FF2B4877
:10C02000006868B100200223CDE900300290034689
:10C030004FF4007229A103902A4800F0B2F9044697
:10C040001CB9E4F7F5F800BFFEE7204604B010BDC8
:10C050002DE9F04706460D4617469846DDF8209034
:10C060004DB900240DB1012000E00020A0B9E4F793
:10C07000DFF800BFFEE7282000F0A4F804465CB11A
:10C08000FFF7ADFF2660A561E761C4F82080C4F822
:10C090002490201DFFF72DFA2046BDE8F08770B5EB
:10C0A0000446264600F061F8706908B1012000E0FE
:10C0B0000020054600F062F8284670BD01460A4699
:10C0C000106A70472C05002028050020300500204C
:10C0D000340500204078012054780120546D7220EE
:10C0E00053766300C5BF0108001F4FF080730360E3
:10C0F000001F0160001F0023036014380260001F4E
:10C10000DB1E0360203870472A48006842F2107135
:10C11000B0FBF1F0401E4FF0E021486107200861BC
:10C12000704710B52448006840F47C00224908603C
:10C130000846006840F07C400860FFF7E5FF0020FB
:10C140001E490860E4F742F81D48006840F040408E
:10C150001B490860E4F730F8002010BD70474FF02D
:10C16000805015491C390860704710B5E4F760F835
:10C1700012480068401C1149086010BD10B50F48F6
:10C180000068401E0D4908600846006810B900208C
:10C19000E4F755F810BD10B54FF0805006491C3932
:10C1A0000860E4F745F800F0C2F90020E4F747F82A
:10C1B00010BD00000405002020ED00E0380500203F
:10C1C00034EF00E02DE9F04104464FF0000800F0A4
:10C1D000DDFA3D48006898B93C493D4A11600021AC
:10C1E00051604FF420513B4A5160002111603748A3
:10C1F0004FF420514160114601600120324908602E
:10C2000044B1103404F0070020B104F00700C0F17D
:10C2100008000444002C31D0B4F5205F2ED22C4FFE
:10C220003846056801E02F462D686868A04202D2B2
:10C2300028680028F7D1274885421FD0386800F1C8
:10C240001008286838606868001B202810D92E194B
:10C250006868001B70606C6071681D4800E00068D1
:10C26000026852688A42FAD302683260066000BFF0
:10C27000194968680968081A1749086000F0D6F972
:10C280004046BDE8F08170B506463546B6B1103D72
:10C290002C4600F07BFA61680D4800E000680268F7
:10C2A00052688A42FAD30268226004600A496068D0
:10C2B000096808440849086000F0B8F970BD0648EC
:10C2C0000068704770470000500500206878012022
:10C2D0003C050020440500204C05002010B500243A
:10C2E00007E004EB8401FE4A02EB8100FFF7F4F85B
:10C2F000641C052CF5D3FB48FFF7EEF8FA48FFF76E
:10C30000EBF8FA48FFF7E8F8F948FFF7E5F8F948DD
:10C31000FFF7E2F8F348F8490860F348F749086086
:10C3200010BD2DE9F04104460E4615469846069F7D
:10C330000A22314604F1340000F0D2FE00213D20F3
:10C340000155052D00D30425E562A564201DFFF7E6
:10C35000D0F804F11800FFF7CCF82461C5F105000E
:10C36000A0616462BDE8F08170B505460E464C20C0
:10C37000FFF728FF044694B11EB9A800FFF722FF7B
:10C3800000E030462063206B20B92046FFF77BFF9A
:10C39000002404E0A900A522206B00F083FE2046C3
:10C3A00070BD2DE9FF4F81B0804616469A46DDE903
:10C3B0000E5BB8F1000F03D1E3F73AFF00BFFEE7D1
:10C3C000052D01D2012000E0002018B9E3F730FF6D
:10C3D00000BFFEE730461099FFF7C6FF0446002C69
:10C3E00064D0701E216B01EB800929F0070909F068
:10C3F000070008B9012000E0002018B9E3F718FF92
:10C4000000BFFEE700962A462046119B0299FFF7DF
:10C4100088FF524641464846FFF766FE2060BBF162
:10C42000000F01D0CBF80040FFF79FFEB448006832
:10C43000401CB3490860B348006840B9B148046083
:10C440000846006801280CD1FFF748FF09E0AE4814
:10C45000006830B9AB480068C06AA84201D8A94852
:10C460000460AA49E06A0968884202D9A749E06ADB
:10C470000860A74800682064A5480068401CA449DB
:10C480000860A449E06A0968884202D9A149E06AC3
:10C490000860E16A01EB8101914A02EB8100211DF4
:10C4A000FFF72AF80127FFF769FE01E04FF0FF3799
:10C4B000012F09D19448006830B192480068C06AE1
:10C4C000A84201D2FFF74BFE384605B0BDE8F08F19
:10C4D00070B50446FFF749FE8A480068844200D1DF
:10C4E000002414B98748006800E020460546281D4E
:10C4F000FFF72AF8A86A18B105F11800FFF724F829
:10C50000291D7B48FEF7F8FF83480068401C8249DC
:10C5100008607F480068401C7D490860FFF72EFED8
:10C520007948006810B10CB9FFF719FE70BD70B5FD
:10C530007A480068002873D179480068401C78491F
:10C5400008600846006868BB6B480068006808B966
:10C55000012000E0002018B9E3F76AFE00BFFEE703
:10C560006548056865480068634908606348056078
:10C570006C480068401C6B4908605F4800680068B0
:10C5800008B9012000E0002020B14FF0FF306649DB
:10C59000086006E058480068C068C468624960687E
:10C5A000086000BF5E4800685F490968884236D36A
:10C5B00000BF51480068006808B9012000E0002071
:10C5C00020B14FF0FF305849086027E04A48006822
:10C5D000C068C468656852480068A84202D25248E0
:10C5E00005601BE0201DFEF7AFFFA06A18B104F143
:10C5F0001800FEF7A9FF4749E06A0968884202D996
:10C600004449E06A0860E16A01EB8101344A02EBC7
:10C610008100211DFEF770FFCBE701E000BF04E0C1
:10C6200042480068401C4149086070BD70B5002553
:10C630003A48006818B9E3F7FBFD00BFFEE7FFF7D3
:10C6400094FD36480068401E34490860084600687A
:10C65000002878D12A480068002874D0002621E0FC
:10C660002248C068C46804F11800FEF76DFF201D61
:10C67000FEF76AFF2749E06A0968884202D925491E
:10C68000E06A0860E16A01EB8101154A02EB810072
:10C69000211DFEF731FF1B49E06A0968C96A88421B
:10C6A00000D301261148006808B9012000E00020ED
:10C6B0000028D5D01D48006860B106E0FFF737FFBD
:10C6C0001A480068401E1949086018480068002888
:10C6D000F4D10126012E2FD01548006801282AE048
:10C6E00068A00120CCA00120E0A00120F4A001203E
:10C6F00008A101201CA10120580500205C05002094
:10C700006405002054050020740500206C050020FD
:10C7100088050020700500206005002078050020B5
:10C7200068050020840500208C0500207C05002081
:10C730008005002007E005D101250020F9490860A7
:10C74000FFF70DFD00BFFFF719FD284670BD10B5BE
:10C750000446F54800684460F4480068844207D203
:10C76000F1480168091DF2480068FEF7D3FE0CE0AD
:10C77000ED480168091DEF480068FEF7CBFEEE4862
:10C780000068844201D2EC48046010BDEB480068A8
:10C79000401CEA49086070472DE9F04104460E4606
:10C7A0004FF000081CB9E3F743FD00BFFEE70EB1F0
:10C7B000012000E0002018B9E3F73AFD00BFFEE7D2
:10C7C000FFF7E4FF20688519D84920680968884286
:10C7D00009D92068A8420FD9D448006885420BD9EE
:10C7E0004FF0010808E02068A84203D8CF4800684D
:10C7F000854201D94FF001082560B8F1000F07D03C
:10C80000C9480068001DFEF79FFE2846FFF79FFFFE
:10C81000FFF70CFF07460FB9FFF7A1FCBDE8F08159
:10C8200070B5044600267CB1FFF7B0FFBF48006832
:10C830000519BD480068001DFEF786FE2846FFF773
:10C8400086FFFFF7F3FE06460EB9FFF788FC70BDC2
:10C8500070B50446FFF789FC14B9B348006800E0DE
:10C8600020460646F56AFFF789FC284670BD2DE98B
:10C87000F04706460D464FF00009052D01D2012074
:10C8800000E0002018B9E3F7D3FC00BFFEE7052D58
:10C8900000D30425FFF769FCA3480068864200D155
:10C8A000002616B9A048006800E030460446A76C90
:10C8B000AF4234D0BD4203D92EB14FF0010902E09E
:10C8C0000EB94FF00109D4F82C80E16AA06C8842BF
:10C8D00000D1E562A564C5F10500A06107EB870101
:10C8E000974A02EB81016069884213D1201DFEF74F
:10C8F0002BFE9449E06A0968884202D99149E06AAE
:10C900000860E16A01EB81018D4A02EB8100211D83
:10C91000FEF7F2FDB9F1010F01D1FFF720FCFFF79F
:10C920002DFCBDE8F08710B58448006818B10120DF
:10C930007C4908602CE00BE08248006818B9E3F7F6
:10C9400077FC00BFFEE77F480068401E7D49086015
:10C950007C48006800EB8000794951F820000028ED
:10C96000EAD07849096801EB8101754A02EB810040
:10C9700041684968416000F1080142688A4202D179
:10C980004168496841604168C968674A116000BFF1
:10C9900010BD70B50446FFF7E8FB634800688442A9
:10C9A00000D1002414B96048006800E02046054624
:10C9B000281DFEF7C9FDA86A18B105F11800FEF799
:10C9C000C3FD291D6048FEF797FDFFF7D7FB8CB923
:10C9D0005E48006810B1FFF7C2FB0BE05A480068E0
:10C9E0005B490968884203D100204F49086001E093
:10C9F000FFF799FF70BD70B5054600262C461DB99E
:10CA0000E3F716FC00BFFEE74F496069884201D199
:10CA1000012000E0002080B14E49A06A884201D187
:10CA2000012000E00020012807D0A06A08B90120F9
:10CA300000E00020012800D10126304670BD70B50D
:10CA400005461DB9E3F7F4FB00BFFEE72C4644B3EF
:10CA500035480068844224D0FFF787FB2046FFF763
:10CA6000CAFF01281BD1201DFEF76EFD3549E06A83
:10CA70000968884202D93349E06A0860E16A01EB3B
:10CA800081012F4A02EB8100211DFEF735FD264969
:10CA9000E06A0968C96A884201D3FFF760FBFFF7C3
:10CAA0006DFB70BD2DE9F041054600261DB9E3F789
:10CAB000BFFB00BFFEE72C46E3F7BAFB0746204664
:10CAC000FFF799FF012826D11C480068F0B91649E4
:10CAD000E06A0968C96A884201D3012000E00020A9
:10CAE0000646201DFEF730FD1649E06A09688842B7
:10CAF00002D91449E06A0860E16A01EB8101104A39
:10CB000002EB8100211DFEF7F7FC04E004F118019F
:10CB10001048FEF7F1FC3846E3F791FB3046BDE8DC
:10CB2000F0810000800500205405002068050020E9
:10CB30005C050020580500208C05002078050020A9
:10CB400068A00120700500201CA1012074050020B0
:10CB500064050020F4A0012010B50446206BFFF707
:10CB600092FB2046FFF78FFB10BD70B523E0FFF767
:10CB70000DFEFD48006808B9012000E000200546D0
:10CB8000FFF754FDBDB9FFF7F0FAF748C068C46875
:10CB9000201DFEF7D9FCF5480068401EF3490860E7
:10CBA000F3480068401EF2490860FFF7E7FA2046A4
:10CBB000FFF7D2FF00BFEE4800680028D7D170BD54
:10CBC00000BFFFF7D2FFEB4800680128F9D9FFF753
:10CBD000C6FAF6E71FB500200090019002900346C8
:10CBE0004FF48072E4A10390E548FFF7DAFB0446B6
:10CBF000012C02D1FFF70FFA0446012C09D1E3F70B
:10CC000017FB0120DF4908600020DF490860FFF7BB
:10CC100088FA1CB9E3F70CFB00BFFEE71FBD10B597
:10CC2000E3F706FB0020D7490860FFF797FA10BD2D
:10CC300010B5FFF79AFAD4480468FFF79FFA204628
:10CC400010BD70B5E3F7F4FA0546CF4804682846EE
:10CC5000E3F7F5FA204670BDC44800687047014606
:10CC6000002002E0491C421C90B20A78A52AF9D0A3
:10CC7000800870472DE9FE4381460C461646204643
:10CC800041684968416000F1080142688A4202D166
:10CC90004168496841604168CF6800BF20464168EB
:10CCA0004968416000F1080142688A4202D1416846
:10CCB000496841604168CD68286BFFF7D0FF804626
:10CCC000286CE96A334605F13402CDE90018029078
:10CCD000AEA1B34800F070FDB149484600F0F4F948
:10CCE000BD42DBD1BDE8FE8370B50546FFF74EFDC2
:10CCF00000202870ABA1284600F0E6F9AA48006899
:10CD0000441C00BF641E04EB84009A4951F82000C3
:10CD100008B9012000E0002040B904EB8400954AE6
:10CD200002EB800152222846FFF7A4FF002CE9D134
:10CD30009E480068006808B9012000E0002028B97A
:10CD400042229A4801682846FFF794FF98480068F5
:10CD5000006808B9012000E0002028B94222944868
:10CD600001682846FFF786FF7F48006808B9012060
:10CD700000E0002020B944227B492846FFF77AFFD3
:10CD80008C48006808B9012000E0002020B9532237
:10CD900088492846FFF76EFFFFF748FC70BD70B565
:10CDA00005460C461DB9E3F743FA00BFFEE782488B
:10CDB000016818312846FEF7ADFB7F480068001D6A
:10CDC000FEF7C2FB601C30B97B480168091D794839
:10CDD000FEF792FB05E06C48006806193046FFF745
:10CDE000B6FC70BD70B504460D461CB9E3F720FAD9
:10CDF00000BFFEE77048016818312046FEF77CFB53
:10CE00006D480068001DFEF79FFB5F4800684619EB
:10CE10003046FFF79CFC70BD70B50646F068C468EC
:10CE20001CB9E3F705FA00BFFEE704F11800FEF7AE
:10CE30008BFB62480068A0B9201DFEF785FB6049A6
:10CE4000E06A0968884202D95D49E06A0860E16ADF
:10CE500001EB8101474A02EB8100211DFEF74CFBEB
:10CE600004E004F118015748FEF746FB5249E06A16
:10CE70000968C96A884201D3012500E000252846D7
:10CE800070BD10B504461CB9E3F7D2F900BFFEE748
:10CE90004D48006820603C480068606010BD70B577
:10CEA00004460D461CB9E3F7C3F900BFFEE71DB900
:10CEB000E3F7BEF900BFFEE7FFF757F92868401C0B
:10CEC00008B900261FE0404920680968884206D05A
:10CED0002D4960680968884201D8012613E02A4973
:10CEE00060680968081A296888420BD22868264AAF
:10CEF00061681268511A401A28602046FFF7C1FF86
:10CF0000002600E00126FFF739F9304670BD012008
:10CF10002E4908607047014611B10A46506C00E086
:10CF20000020704708B102465164704722490868E2
:10CF300070471449096809B9002005E01F490968CC
:10CF400009B9012000E00220704770B505462C4663
:10CF50004DB11949E06A0968C96A884265D2164824
:10CF60000068C06A34E060E008A101206405002088
:10CF70006005002068A0012049444C4500000000E5
:10CF8000C1CB01087405002068050020257309093C
:10CF900025630925750925750925750D0A00000009
:10CFA00030A101200D0A00006C050020580500206A
:10CFB0005C0500201CA101205405002078050020FC
:10CFC00070050020F4A001208405002080050020C9
:10CFD000C0F10500A061E16A01EB8101254A02EB85
:10CFE00081016069884201D1012000E00020C0B1C8
:10CFF000201DFEF7A9FA20480068C06AE0621F49B8
:10D00000E06A0968884202D91C49E06A0860E16A5E
:10D0100001EB8101174A02EB8100211DFEF76CFA3A
:10D0200003E015480068C06AE06270BD70B505464F
:10D030002C46EDB1A16CE06A884219D0201DFEF7A4
:10D0400083FAA06CE062E06AC0F10500A0610B49C0
:10D05000E06A0968884202D90849E06A0860E16A22
:10D0600001EB8101034A02EB8100211DFEF744FA26
:10D0700070BD000068A0012054050020700500204C
:10D0800040EA01039B0703D009E008C9121F08C04A
:10D09000042AFAD203E011F8013B00F8013B521ECA
:10D0A000F9D27047D2B201E000F8012B491EFBD241
:10D0B00070470022F6E710B513460A4604461946A3
:10D0C000FFF7F0FF204610BD421E12F8013F002B73
:10D0D000FBD111F8013B02F8013B002BF9D170475D
:10D0E00010B5044604E00B7800F8013B03B1491C7D
:10D0F000521EF8D2204610BD421C10F8011B002918
:10D10000FBD1801A704710B5002200E0521C835CEE
:10D110008C5CA34201D1002BF8D1D8B2E1B2401A05
:10D1200010BD2DE9FE4F804681EA0300C00F0C467A
:10D13000009021F0004123F00045B8EB0200A94126
:10D1400005D24046214690461C460B46024623F037
:10D150000040104347D0270DC7F30A00C3F30A511C
:10D160000290401A019040286BDAC3F3130040F498
:10D17000801B0098924620B10023D2EB030A63EB98
:10D180000B0B01985946C0F14002504600F0F9F9E6
:10D1900006460D4650465946019A00F011FA10EB2A
:10D1A00008006141002487EA115284EAE7731A43B8
:10D1B00040D0009A62B3019A012A4FEA075215DC67
:10D1C000001B61EB02014FF0004202EA0752CDE979
:10D1D0000042001C41F5801132462B4600F048FA0F
:10D1E00003B0BDE8F08F40462146F9E7001B61EB34
:10D1F0000201001C41F5801300185B412018A2F5C4
:10D20000001747EB030140EAD570B6196D4111E0F4
:10D210006D084FEA360645EAC0754FEA0752001B13
:10D2200061EB0201001C41F5801149084FEA300012
:10D230000019514132462B4603B0BDE8F04F00F0D3
:10D2400008BA0098012240000023D0EB020263EBF1
:10D25000E073009821464FEAE074B8EB000061EB00
:10D260000401E9E783F000435BE781F0004158E700
:10D270002DE9FE4F81EA030404F0004421F000414F
:10D2800000944FF0000B23F0004350EA01045ED0FD
:10D2900052EA03045BD0C3F30A54C1F30A552C4489
:10D2A000A4F2F3340194A0FB0254C1F3130141F43E
:10D2B0008011C3F3130343F4801301FB024400FB0A
:10D2C000034E840A970A44EA815447EA8357A4FB31
:10D2D000076802958D0A05FB07854FEA932C04FB2E
:10D2E0000C542705029D4FEA065847EA1637B5EB5E
:10D2F00008056EEB070C870E920E47EA811742EA8B
:10D300008312A7FB0201B6EB0B0164EB00042B0DAB
:10D3100043EA0C335E1844EB1C50DA465146E7FBF7
:10D320000201C5F313044FEA0B3343EA14534FEAE7
:10D330000432019C43EA0603A4F10C040294009C0D
:10D34000CDE900B400F094F903B0BDE8F08F0020FF
:10D350000146F9E72DE9F04D81EA030404F0004BA2
:10D3600021F0004514464FF0000A23F0004150EA36
:10D37000050220D054EA01021DD0C5F30A57024627
:10D38000C5F31303C1F31300C1F30A5640F480152B
:10D3900043F48013A7EB0608101BD64608F2FD38AD
:10D3A00073EB050002D308F1010801E092185B411C
:10D3B000B8F1000F03DA00200146BDE8F08D00202F
:10D3C0004FF48011064684460EE0171B73EB0507E9
:10D3D00005D3121B63EB050306434CEA010C490815
:10D3E0004FEA300092185B4150EA0107EDD152EA52
:10D3F000030012D082EA040083EA0501084305D045
:10D40000101BAB4106D20122002306E000224FF0A0
:10D41000004302E06FF0010253101AEB06004CEBE0
:10D42000085110EB0A0041EB0B01BDE8F04D00F094
:10D4300010B90EB5C10F80EAE0700844CA07002198
:10D4400040F233438DE80E000A460B4600F010F917
:10D4500003B000BD70B5C1F30A5201F000450024CD
:10D46000C1F3130140F2FF3341F480119A4201DA13
:10D47000002070BD40F233439A42A2F2334203DCF3
:10D48000524200F08DF800E090402C43F1D0404231
:10D4900070BD00F0004230F000400AD0C10D01F52F
:10D4A0006071C0F3160042EA0151C20840071143FF
:10D4B000704700200146704730B5041E71F100042A
:10D4C00004DB4FF00044404264EB0101141E73F191
:10D4D000000405DB1C464FF00043524263EB04039B
:10D4E000994208BF904230BD01F0004330B421F0B2
:10D4F000004150EA010206D00A0DA2F56072C1F3A4
:10D500001301002A02DC30BC00207047440F44EABB
:10D51000C104C100E01830BC00EBC25000F062B89A
:10D520002DE9F05F0546002092469B468846064658
:10D53000814640241BE0284641464746224600F0EB
:10D540002FF853465A46C01A914110D31146184637
:10D55000224600F016F82D1A67EB01084F462246C6
:10D560000120002100F00DF817EB00094E41201EAC
:10D57000A4F10104DFDC484631462A464346BDE8B3
:10D58000F09F202A04DB203A00FA02F100207047C5
:10D590009140C2F1200320FA03F3194390407047F1
:10D5A000202A04DB203A21FA02F00021704721FAF8
:10D5B00002F3D040C2F1200291400843194670475F
:10D5C000202A06DBCB17203A41FA02F043EAE07347
:10D5D00006E041FA02F3D040C2F120029140084334
:10D5E000194670470029A8BF7047401C490008BF72
:10D5F00020F00100704710B4B0FA80FC00FA0CF083
:10D6000050EA010404BF10BC704749B1CCF12004BA
:10D6100021FA04F411FA0CF118BF01212143084347
:10D62000A3EB0C01CB1D4FEA00614FEA102042BF73
:10D63000002010BC704700EBC35010440029A4BF69
:10D6400010BC7047401C490008BF20F0010010BC0E
:10D65000704710B5141E73F1000408DA401C41F144
:10D66000000192185B411A4301D120F0010010BD66
:10D670002DE9F04D92469B4611B1B1FA81F202E0DC
:10D68000B0FA80F220329046FFF77BFF04460F4647
:10D6900040EA0A0041EA0B0153465A46084313D0B8
:10D6A000114653EA010019D0C8F140025046FFF775
:10D6B00077FF05460E46504659464246FFF761FF42
:10D6C000084305D0012004E020463946BDE8F08D2E
:10D6D0000020054346EAE0762C4337430A98630569
:10D6E000E40AA0EB08000022FD0A44EA47540A308D
:10D6F00002D500200146E9E7010510196941DDE97D
:10D70000084500196941BDE8F04DA2E7064C074DF8
:10D7100006E0E06840F0010394E807009847103401
:10D72000AC42F6D3E2F734FD38E8010858E80108C6
:10D7300070B58C1810F8015B15F0070301D110F8D3
:10D74000013B2A1106D110F8012B03E010F8016B00
:10D7500001F8016B5B1EF9D12B0705D40023521E83
:10D760000DD401F8013BFAE710F8013BCB1A921CEB
:10D7700003E013F8015B01F8015B521EF9D5A142E9
:10D78000D8D3002070BD00000FB41CB502460020A5
:10D7900007AC00290BD0491ECDE90021054B6A4694
:10D7A0002146069800F090FD009A002111701CBCE3
:10D7B0005DF814FB2BE701080FB4084B10B504A962
:10D7C00002AA039800F080FD044602A9002000F0A0
:10D7D000B7FF204610BC5DF814FB000041E70108CC
:10D7E00003B401984100009850EAC12018BF0420FA
:10D7F0004A0D18BF40F0010040F2FF72B2EB515FDA
:10D8000008BF40F00200012808BF052002B07047A1
:10D810004100080218BF04200A0E18BF40F00100A2
:10D820004FF07F4232EA010108BF40F002000128B8
:10D8300008BF05207047000070B59B482DED020B16
:10D840002DED068B079D25F00044A04218DC97487B
:10D85000844202DC0AD1069840B19DED060BBDEC76
:10D86000068B02B0BDE8704000F036BC002DCCBF86
:10D870009FED8F0B9FED900BBDEC068B02B070BD42
:10D880008F48A04215DD8F48A042D8BF4FF0FF342B
:10D8900058DD9DED060B51EC100BFFF7A1FF04289E
:10D8A00008BF00F02DFC9DED060BBDEC068B02B011
:10D8B00070BD9DED060B51EC100B00F04EFFCDE955
:10D8C000060181489FED828BA0423CDD8248A04248
:10D8D0001FDD00249FED82AB9DED060B53EC1A2B50
:10D8E00051EC100BFFF71DFC9DED060B41EC190BE5
:10D8F00053EC1A2B51EC100BFFF7BAFC53EC182B1E
:10D90000FFF7B0FC53EC192BFFF724FDCDE906011E
:10D9100049E09DED060B012453EC182B51EC100B44
:10D92000FFF7FFFB9DED060B41EC190B53EC182B99
:10D9300051EC100BFFF796FC53EC192BFFF70AFD87
:10D94000CDE906012FE06848A0421FDD02249FEDCB
:10D95000689B9DED060B53EC192B51EC100BFFF758
:10D9600087FC53EC182BFFF7DCFB9DED060B41EC1D
:10D97000180B53EC192B51EC100BFFF773FC53EC05
:10D98000182BFFF7E7FCCDE906010CE09DED060B37
:10D99000032453EC102B9FED580B51EC100BFFF7A9
:10D9A000D9FCCDE906019DED060B53EC102B51EC93
:10D9B000100BFFF75DFC41EC180B53EC182BFFF735
:10D9C00057FC41EC190B4E480621B0EE490AF0EE27
:10D9D000690A784400F004FB53EC182B51EC100B4F
:10D9E000FFF746FC41EC180B4648B0EE490AF0EE52
:10D9F000690A0521784400F0F3FA53EC192B51EC35
:10DA0000100BFFF735FC41EC100B51EC180B53ECED
:10DA1000102B002C0EDAFFF784FB9DED061B53EC58
:10DA2000112BFFF725FC9DED061B53EC112BFFF787
:10DA30001CFC35E0FFF775FB9DED061B53EC112B2D
:10DA4000FFF716FC41EC100B2F48784400EBC400A4
:10DA500090ED001B51EC100B53EC112BFFF702FC67
:10DA60009DED061B53EC112BFFF7FCFB41EC100B5B
:10DA70002648784400EBC40090ED001B51EC100BDD
:10DA800053EC112BFFF7F1FB41EC100B002DA2BF63
:10DA9000BDEC068B02B070BD51EC100B81F0004163
:10DAA00041EC100B01E70000000010440000F07F83
:10DAB000182D4454FB21F93F182D4454FB21F9BF84
:10DAC0000000DC3F0000203E0000F33F00000000AB
:10DAD000000000000000F03F0000E63F00000000F2
:10DAE0000000000000000040008003400000000033
:10DAF000000000000000F83F000000000000F0BF40
:10DB00000A0E0000C00D00004A0D0000020D0000CA
:10DB100070B56B4E2DED040B2DED028B82B0DDF850
:10DB20001CC0DDE905235C422CF000411C4341EAA6
:10DB3000D474049D22F00040B44205D86C422C43BA
:10DB400040EAD474B4420BD99DED061B9DED040B45
:10DB500002B0BDEC028B04B0BDE8704000F0C6BA64
:10DB6000ACF14054A4F17F641C430BD0022404EABE
:10DB7000AC7444EAD27405439FED538B9FED542B54
:10DB800007D015E09DED040B51EC100B00F0DDFD0E
:10DB900042E0002C11BF012C9DED040B02B0BDEC46
:10DBA000028B04BF04B070BD022C38D0032C3BD0D4
:10DBB0000B439FED491B9FED4A0B0AD0B14218D190
:10DBC000B04209D121F0804120F0804007910590BA
:10DBD0000FE0002A15DA10E0434B7B44002C08BF0D
:10DBE00093ED000B0DD0012C10D0022C17D0032C7C
:10DBF0001AD0B0421DD1002A03DAB0EE410AF0EE8D
:10DC0000610A02B0BDEC028B04B070BD93ED000B55
:10DC100051EC100B81F0004141EC100BF1E7B0EE3C
:10DC2000480AF0EE680AECE7B0EE420AF0EE620A4B
:10DC3000E7E7401A00153C28C8BF8DED000B19DC42
:10DC4000BCF1000FBEBF10F13C0F9FED290B8DED15
:10DC5000000B0FDB9DED060B53EC102B9DED040B21
:10DC600051EC100BFFF776FB00F077FD00F06DFD37
:10DC7000CDE90001002C08BF9DED000BC1D0012CA7
:10DC800010D0022C9FED1C0B53EC102B9DED000BC4
:10DC900051EC100B0DD0FFF7E5FA53EC182BFFF702
:10DCA000E1FAB9E7019880F0004001909DED000B8A
:10DCB000A7E7FFF7D7FA53EC182BFFF7D6FAABE735
:10DCC0000000F07F00000000182D4454FB210940A3
:10DCD000182D4454FB2109C0182D4454FB21F9BFD1
:10DCE000182D4454FB21F93F320C000000000000C5
:10DCF0000000000000000000075C143326A6A13CD1
:10DD000010EE101A08B5444A6846B2EB410F28D904
:10DD10004FF0E640B0EB410F94BF00204FF0FF30D2
:10DD200000900098002861DB60EE000A10F0010FFF
:10DD300045D010F0020FDFED391A9FED391A00EED1
:10DD4000E11ADFED381A40EE811A21EEA01AF0EE4A
:10DD5000400A40EE010A08BFF1EE600AB0EE600A28
:10DD600008BD314B21F0004293423CD911F0004FE5
:10DD7000DFED2E0A20EE201ADFED2D0A19BF31EE5D
:10DD8000601A71EE200A31EE201A71EE600ABDEEC3
:10DD9000E01A11EE100A9FED271A00F0030000EEC2
:10DDA000C10A9FED251A009000EEC10A9FED231ACB
:10DDB00000EEC10A9FED221A00EEC10AB1E79FED05
:10DDC000211A9FED210A10F0020F00EE810A9FED4B
:10DDD0001F1A00EE801AB7EE000A00EE810A18BF83
:10DDE000B1EE400A08BD00F0AFF99AE710EE100A54
:10DDF0004000B0F17F4F3CBFB7EE000A08BD07D12D
:10DE00004FF0010000F05AFABDE8084000F08CB96C
:10DE1000BDE8084000F084B9B61F927E336D4C39DE
:10DE2000DA82083CA0AA2ABE490E494683F9223F5D
:10DE30000000004B0000C93F00A0FD390020A233C4
:10DE40001A61342CB93AB2BACA9F2A3DDDFFFFBE2F
:10DE500000B510EE101A2DED028B81B0524A6846C3
:10DE6000B2EB410F2ED94FF0E640B0EB410F94BF1B
:10DE700000204FF0FF3000900098B0EE408A00285C
:10DE80006ADB10F0010F4BD068EE080A9FED471ACD
:10DE90009FED470A00EE810A9FED461A10F0020F2F
:10DEA00000EE801AB7EE000A00EE810A02BF01B050
:10DEB000BDEC028B00BD00BF01B0B1EE400ABDEC6D
:10DEC000028B00BD3C4B21F00042934241D911F03E
:10DED000004FDFED3A0A20EE201ADFED390A19BFB4
:10DEE00031EE601A71EE200A31EE201A71EE600AEE
:10DEF000BDEEE01A11EE100A9FED321A00F0030099
:10DF000000EEC10A9FED301A009000EEC10A9FEDAD
:10DF10002F1A00EEC10A9FED2E1A00EEC10AABE7E0
:10DF200028EE080A9FED2B1ADFED2B0A10F0020FE6
:10DF300040EE410A9FED291A00EE201A61EE000A18
:10DF4000B0EE480A08EE200AB6D101B0BDEC028B53
:10DF500000BD00F0F9F88FE718EE100A4000B0F1AC
:10DF60007F4F0DD218EE100AFFF752FC042808BFAD
:10DF700000F0E2F8B0EE480A01B0BDEC028B00BD43
:10DF800009D1012000F09AF901B0BDEC028B5DF8D7
:10DF900004EB00F0C9B801B0B0EE480ABDEC028B4A
:10DFA0005DF804EB00F0BCB8B61F927EB93AB2BA85
:10DFB000CA9F2A3DDDFFFFBE490E494683F9223F35
:10DFC0000000004B0000C93F00A0FD390020A23333
:10DFD0001A61342C336D4C39DA82083CA0AA2ABE6F
:10DFE00070B504462DED028B4D1E00EBC500B0EE62
:10DFF000408AF0EE608A90ED000B35F0060017D0F5
:10E0000053EC182B51EC100BFFF732F941EC100BCD
:10E010006D1E04EBC50090ED001B51EC100B53EC92
:10E02000112BFFF77EF841EC100B35F00600E7D11D
:10E03000022D36D0042D1CD0062D1CBFBDEC028B4A
:10E0400070BD53EC182B51EC100BFFF711F994ED48
:10E050000A1B53EC112BFFF764F853EC182BFFF756
:10E0600007F994ED081B53EC112BFFF75AF841EC1C
:10E07000100B53EC182B51EC100BFFF7F9F894ED43
:10E08000061B53EC112BFFF74CF853EC182BFFF742
:10E09000EFF894ED040B53EC102BFFF742F841EC32
:10E0A000100B53EC182B51EC100BFFF7E1F894ED2B
:10E0B000021B53EC112BFFF734F853EC182BFFF72E
:10E0C000D7F894ED001B53EC112BFFF72AF8BDECA9
:10E0D000028B41EC100B70BD10B553EC102B51ECC2
:10E0E000100BFFF71EF841EC100B10BD10B553ECF0
:10E0F000112B51EC100BFFF714F841EC100B10BD75
:10E100009FED050B10B553EC102B51EC100BFFF7E6
:10E11000AFF841EC100B10BD000000000000001033
:10E1200030EE000A70470000DFED020A80EEA00A20
:10E1300070470000000000009FED020A20EE000A78
:10E1400070470000000000102DE9F0014FF07F4201
:10E15000B2EB410F9FBF4FF0FF310160BDE8F0010E
:10E1600070474FF0004242EA0123C1F3C752783AA8
:10E17000551112F01F0C434CCCF120067C44C1F326
:10E18000C752A2F178024FEA621204EB820254F8FD
:10E19000254008BFD2E9015612D0556804FA0CF4A4
:10E1A00025FA06F73C43976805FA0CF527FA06F8B6
:10E1B000D26807FA0CFCF24045EA08054CEA020670
:10E1C000A4FB034CA5FB0352A6FB03631D449D4225
:10E1D00034BF012600261319334416B1934202D9E5
:10E1E00003E0934201D2012200E00022624402F1E6
:10E1F000200C9206DC0C42EA443200EE102A5B034B
:10E20000DFED210AF8EEC01A00EE103A4FEA9C1C2E
:10E2100011F0004FB8EE400AC0F800C020EE201AFE
:10E2200000EE105ADFED190AB8EE400A20EE200A7F
:10E2300071EE810A70EE800A10EE902A02F50062FB
:10E240006FF30B0200EE902A70EEE11A31EEC11A64
:10E25000DFED101A30EE411A9FED0D0A20EE800A14
:10E2600001EE210A9FED0C1A00EE810A04BFBDE801
:10E27000F0017047CCF180510160BDE8F001B1EED2
:10E28000400A704798060000000000360000802C0D
:10E2900022AAFD29DB0FC92F0000C92F02E008C800
:10E2A000121F08C1002AFAD170477047002001E010
:10E2B00001C1121F002AFBD170470000014908600C
:10E2C00070470000900500202DE9FF4F8DB00F46EC
:10E2D0000546002606E025280BD0DDE90F12904701
:10E2E0006D1C761C28780028F5D111B03046BDE8A9
:10E2F000F08F0024A246A1460122EC4900E004432D
:10E3000015F8013F203B02FA03F00842F7D12878C4
:10E310002A2810D06FF02F022878A0F130010929A7
:10E3200014D80AEB8A0102EB410144F0020400EB2D
:10E33000010A6D1CF0E701CF5FEA000A03D544F43F
:10E340000054CAF1000A44F002046D1C28782E28FB
:10E3500017D115F8010F44F004042A280ED06FF0ED
:10E360002F022878A0F1300109290AD809EB890188
:10E3700002EB410100EB01096D1CF2E757F8049B29
:10E380006D1C28786C280FD006DC4C2817D0682824
:10E390000DD06A2814D104E0742810D07A280FD147
:10E3A0000DE044F400140AE044F4801401E044F465
:10E3B00040146978814202D104F580146D1C6D1CF3
:10E3C0002A786E2A1FD00CDC632A31D004DC002AA4
:10E3D0008BD0582A11D1A3E0642A68D0692A0CD1C5
:10E3E00065E0732A2ED004DC6F2A73D0702A04D122
:10E3F0009BE0752A6FD0782A6ED01046DDE90F12A7
:10E400009047761C50E1C4F30250022806D003283E
:10E4100009D0042801CF09D0066045E101CFF117EA
:10E42000C0E9006140E101CF06803DE106703BE1BB
:10E4300017F8040B8DF8000000208DF80100EB4662
:10E44000012003E057F804BB4FF0FF3061074FF0A5
:10E45000000102D40DE008F10101884649450FDAB8
:10E460008045F8DB1BF808100029F4D108E008F11A
:10E47000010188468142FADB1BF808100029F6D119
:10E48000DDE90F23AAEB08008146214600F036F9AA
:10E49000304400EB080604E0DDE90F121BF8010B25
:10E4A0009047B8F10108F7D221464846F7E00A2123
:10E4B000C4F302534FF0000B0891022B04D001CF9C
:10E4C000C117032B09D00AE0FF1D27F00707F7E863
:10E4D000020108E032E01FE020E000B2C117042B87
:10E4E00001D140B2C117031E71F1000307DA4FF0EA
:10E4F000000CD0EB0C006CEB01012D2302E0230596
:10E5000004D52B238DF82430012303E0E30701D049
:10E510002023F7E7984658E00A2110E010210EE08A
:10E5200010204FF0000B08900CE010214FF0000B72
:10E5300044F004044FF00809089103E008214FF06B
:10E54000000B0891C4F30253022B04D001CF002129
:10E55000032B06D006E0FF1D27F00707F7E80201AE
:10E5600003E080B2042B00D1C0B24FF000082307B3
:10E570002BD5702A07D0DDF820C08CF0100C5CEA97
:10E580000B0C05D00EE040238DF82430012308E069
:10E5900050EA010306D030238DF824308DF8252071
:10E5A00002239846DDF820C08CF0080C5CEA0B0CC6
:10E5B0000BD150EA010301D1630706D530238DF852
:10E5C00024304FF00108A9F10109582A04D038A2DB
:10E5D0000B9208AA0A920BE03AA2F9E75B46089A66
:10E5E000FEF79EFF0B9B9B5C0A9A521E0A921370C9
:10E5F00050EA0102F2D10A98ADEB000000F1200BC5
:10E60000600702D524F4803401E04FF00109D945B8
:10E6100002DDA9EB0B0000E0002000EB0B01414400
:10E620000890AAEB010AE00306D4DDE90F23214696
:10E63000504600F063F806444FF0000908E009A9CD
:10E6400011F80900DDE90F12904709F10109761C64
:10E65000C145F4DBE0030CD5DDE90F23214650462C
:10E6600000F04CF8064404E0DDE90F12302090473A
:10E67000761C0899481E08900029F5DC08E00A98E5
:10E680000A990078491C0A91DDE90F129047761C1F
:10E69000BBF10001ABF1010BF1DC21465046DDE995
:10E6A0000F2300F019F806446D1C1BE60928010031
:10E6B00030313233343536373839616263646566F8
:10E6C00000000000303132333435363738394142BA
:10E6D00043444546000000002DE9F0410446002572
:10E6E0001E461746880404D405E039462020B0476A
:10E6F0006D1C641EF9D52846BDE8F0812DE9F04176
:10E70000044600251E469046C80301D5302700E088
:10E710002027880404D505E041463846B0476D1CE3
:10E72000641EF9D52846BDE8F0814A68002A06D063
:10E730000A68531C0B6010704868401E48607047A0
:10E740000A68531C0B601070704710B541EC100B39
:10E75000FFF772F851EC100B10BD82B0CDE900014B
:10E7600021F0004001909DED000B02B051EC100B28
:10E7700070470000000000004FBB610567ACDD3F43
:10E78000182D4454FB21E93F9BF681D20B73EF3FD8
:10E79000182D4454FB21F93FE2652F227F2B7A3C50
:10E7A000075C143326A6813CBDCBF07A8807703C09
:10E7B000075C143326A6913CC4EB98999999C9BF7C
:10E7C000711623FEC671BCBF6D9A74AFF2B0B3BFB1
:10E7D0009AFDDE522DDEADBF2F6C6A2C44B4A2BF71
:10E7E0000D5555555555D53FFF8300922449C23FDD
:10E7F0006E204CC5CD45B73F513DD0A0660DB13F11
:10E80000EB0D76244B7BA93F11DA22E33AAD903F22
:10E810000000000000000000000000006E83F9A26C
:10E820002915444ED15727FCC0DD34F5999562DB9C
:10E830004190433CAB6351FE58E8010800000020C2
:10E840009405000030D70108E0E901089405002094
:10E85000C49F0100ACE20108411BFF01041A02043D
:10E860001A03041A04041A05041A06041A07041ADF
:10E8700008041A09041A0A041A0B041A0C041A0DC3
:10E88000041A0E041A0F041A10041A11041A12049E
:10E890001A130422141A8448C1195F01D91AFCEC16
:10E8A0001A2CE11A200823F8021A5E0C1A12085AD0
:10E8B000B8F51A94081A5810811AF91069041AB791
:10E8C000181A62041AA40C5A9A281A5F0429081A02
:10E8D00096101A5A081A4E041A900C1A9D041A928D
:10E8E00004329932E029081ABD10290429281A3463
:10E8F000081A050429381AAC041A8F041A31041AAC
:10E9000072041ABE041ADA041A32041A06041A939C
:10E91000041A6B041AE1041AC304293C2928297833
:10E9200032A0299429BF1ADA081ACB041AD60D1A74
:10E930001C081AB3081A0E041A180429B429E8018D
:10E9400034295C015C62FE223F1A8004111A4008DF
:10E9500019041AA0041AC0041B20410C19041AF04F
:10E96000042334421A700434F0426452C83AA010AE
:10E9700029DB14A08601051C35FA8E3C4B3075044A
:10E9800009161C81023B1123420172691A1C991A53
:10E990002C1081299D320A89C0A12927692B32E6D2
:10E9A0002AC6D5D90C9AFA0C3262630803325F5A30
:10E9B000040C013429901A907D1A3E44039F1405DB
:10E9C000847A030A680901020304060708090CA9EE
:10E9D00010C11AAA010111023E281AFF01410000CC
:040000050800018965
:00000001FF
