:020000040800F2
:10000000A8A30120758900084502000847020008DE
:100010004B0200084F0200085302000800000000D5
:100020000000000000000000000000009D0100082A
:100030005702000800000000E10100088FB9000825
:100040008F8900088F8900088F8900088F89000830
:100050008F8900088F8900088F8900088F89000820
:10006000A9040008ED0400088F890008190300089E
:10007000FB0200085B0300088F8900087502000876
:100080008F890008810200088F8900088F89000885
:100090008F8900088F8900088F8900088F890008E0
:1000A0008F890008C5030008F10300088F89000844
:1000B000F3030008210400084D0400088F8900089C
:1000C0008F8900088F8900088F890008A50400081F
:1000D0008F8900085D0200088F8900088F89000859
:1000E0008F8900088F8900088F8900088F89000890
:1000F0008F8900088F8900088F890008370300085E
:100100008F8900088F89000879040008A704000877
:100110008F8900088F89000897030008A30300084F
:100120008F8900089B020008CD0200088F89000813
:100130008F8900088F8900088F8900088F8900083F
:100140008F8900088F8900088F8900088F8900082F
:10015000ED0200088F8900088F8900088F89000848
:100160008F8900088F8900088F8900088F8900080F
:100170008F8900088F8900088F8900088F890008FF
:100180008F8900088F890008DFF80CD00CF0A2FEE0
:100190000048004785860008A8A30120234B196862
:1001A0000868B0E8F04F80F309884FF0000080F352
:1001B000118870470000000003480068006880F361
:1001C000088862B600DF00BF08ED00E0DFF80C0031
:1001D000016841F470010160704700BF88ED00E0E4
:1001E000EFF30980114B1A681EF0100F08BF20EDC5
:1001F000108A20E9F04F106008B54FF0140080F32A
:1002000011880BF08CFF4FF0000080F31188BDE8DF
:10021000084019680868B0E8F04F1EF0100F08BFDA
:10022000B0EC108A80F30988704700BF40040020BA
:10023000EFF311804FF0140181F31188704780F3C0
:1002400011887047704700BFFEE700BFFEE700BFA0
:10025000FEE700BFFEE770477047704710B540F2F9
:100260002551A3480AF0A7FC18B12021A0480AF0A4
:1002700099FC10BD10B59F499F4809F0D1FB10BDF6
:1002800010B59E499C48303009F0A0FB20B19B4935
:100290009948303009F0C4FB10BD10B59849994811
:1002A00009F094FB88B19649964809F0B9FB01F032
:1002B0001FFF0021934809F0DFFA0421914809F05B
:1002C000FCFA01218F4809F0D7FA10BD10B58E490C
:1002D0008C48183009F0A4FB8C4840788B49097889
:1002E00040EA012000B28A49088010BD10B5894952
:1002F0008448603009F094FB10BD10B580497E48F9
:10030000483809F063FB30B17D497B48483809F033
:1003100087FB00F0B9FA10BD10B57F497648603808
:1003200009F054FB30B17C497348603809F078FB20
:1003300001F0DEFE10BD10B578496F48483009F075
:1003400045FB48B100216C48483009F095FA7349E3
:100350006948483009F064FB10BD10B56A49664829
:10036000303809F033FBA8B167496348303809F0E9
:1003700057FB01F0D0FC00215F48303809F07CFACF
:1003800008215D48303809F098FA01215A48303880
:1003900009F072FA10BD10B5012161480AF068F940
:1003A00010BD10B501215F480AF062F97A2050496A
:1003B000888001215C480AF00DFB01215B480AF0AE
:1003C00009FB10BD10B5012159480AF051F95848F0
:1003D000008800F0100028B156480068401E5549BA
:1003E000086004E053480068401C5249086010BD92
:1003F000704710B5012188070AF03AF94FF08040A4
:10040000008800F0100028B14B480068401E4A499F
:10041000086004E048480068401C4749086010BD77
:1004200010B5012145480AF023F94448008800F03E
:10043000100028B142480068401E4149086004E0AD
:100440003F480068401C3E49086010BD10B50121BE
:100450003C480AF00DF93B48008800F0100028B134
:1004600039480068401E3849086004E03648006892
:10047000401C3549086010BD10B5012133480AF011
:10048000F7F83248008800F0100028B130480068C2
:10049000401E2F49086004E02D480068401C2C498C
:1004A000086010BD7047704710B5042009F050FB7C
:1004B000D8B12021274808F0D4FB0421264808F0B1
:1004C000ABFB012804D10021164809F051FC09E0DA
:1004D0000421214808F0A0FB20B9124809F04CFC87
:1004E0001E49086004201E49086010BD70470000C6
:1004F0000010014020800020706002400080202019
:10050000008800102864024000802010600600204F
:100510008C0000200088002020800010008000282F
:10052000001000400014004000480040001401404A
:10053000000001406C00002070000020000400401A
:10054000740000200008004088000020000C0040DB
:100550007800002000000240000C024068000020EB
:10056000143C014070B5044620460CF0C1F9054624
:100570002146F8480CF0C3F9A0B195222146F54870
:100580000CF0AAF90021F44809F076F9F148F24993
:100590000C310860F048B838C0F8BC500121EE4872
:1005A00009F06AF970BD70B50446002510E0605D81
:1005B00068B1615DE9480AF038FA00BF8021E74878
:1005C0000AF0E3FA0028F9D0681CC5B200E070BD5B
:1005D000EDE770B5044600250FE05CB12146DF4829
:1005E0000AF023FA00BF8021DC480AF0CEFA002886
:1005F000F9D000E070BD681CC5B2032DEDDB00BF73
:10060000F8E713B50C460020FFF7E3FFD4A0FFF78F
:10061000CAFF2346D3A29621D3480CF099FCD248B6
:10062000FFF7C1FFD1A0FFF7BEFFCEA29621CE48B3
:10063000009B0CF08DFCCC48FFF7B5FFCDA0FFF779
:10064000B2FFFF20FFF7C5FFFF20FFF7C2FFFF202B
:10065000FFF7BFFF1CBD70B505460C46C0A0FFF7F5
:10066000A2FF2246BFA1C0480CF08AFCBE48FFF79B
:100670009AFFBEA0FFF797FF2846FFF794FFBDA0A3
:10068000FFF791FFFF20FFF7A4FF70BD77B585B09E
:100690000546FF26B5A103C9CDE90301B5A0006851
:1006A0000290AFA00068019000240AE00020B24947
:1006B0000855B2490855AC490855A6490855601C6B
:1006C000C4B21E2CF2DB0A20A7490870FF20487034
:1006D0008870C870A3A1A948079A0CF051FCA749DB
:1006E00001A80CF0EDF801A99F480CF0E9F803A966
:1006F0009D480CF0E5F829469B480CF0E1F899A1DB
:100700009E48069A0CF03CFC9C4997480CF0D8F89F
:1007100002A995480CF0D4F8FF209749087048705A
:10072000887091480CF0CCF88F48FFF71BFF08B099
:1007300070BDF7B584B005460E46FF278BA103C9EF
:10074000CDE902018BA00068019085A000680090AF
:10075000002408E000208849085588490855824946
:100760000855601CC4B20A2CF4DB0A207E490870CC
:10077000FF2048708870C8707AA18048069A0CF0F3
:10078000FFFB7E4968460CF09BF8694676480CF002
:1007900097F802A974480CF093F8294672480CF0B7
:1007A0008FF8314670480CF08BF801A96E480CF0B8
:1007B00087F8FF2070490870487088700020C87062
:1007C000087169480CF07CF86748FFF7CBFE07B06A
:1007D000F0BD01B58EB06AA2322101A80E9B0CF0CB
:1007E000B7FB01A8FFF7BEFE0FB000BD73B584B024
:1007F0000546FF265DA103C9CDE902015DA00068A1
:10080000019057A00068009000240AE000205A4997
:1008100008555A490855544908554E490855601C11
:10082000C4B21E2CF2DB0A204F490870FF2048702A
:100830008870C8704BA15148059A0CF0A1FB4F4934
:1008400068460CF03DF8694647480CF039F802A9B3
:1008500045480CF035F8294643480CF031F8474933
:1008600041480CF02DF801A93F480CF029F8FF2071
:1008700041490870487088703B480CF021F83A48AC
:10088000FFF770FE06B070BD10B52DED0C8B82B079
:100890003E4800783D49497808443C4989780844F5
:1008A0003A49C978084439490979084437494979A6
:1008B00008443649897908443449C9790844334998
:1008C000097A0844C0B201903048007A00F00F0065
:1008D00000909FED2F0AB0EE40DA2C48407A019943
:1008E000884271D12948007A00F00F000D286BD1A1
:1008F00026488078C0F17F0000EE100AB8EEC08A6A
:100900002248C078813800EE100AF8EEC08AB5EEB1
:10091000C08AF1EE10FA03D1B7EE000AB0EE408AB9
:10092000F5EEC08AF1EE10FA03D1B7EE000AF0EE50
:10093000408ABDEEC80A10EE102A002A01DB1346D9
:1009400000E05342BDEEE80A10EE100A002821DB59
:10095000044620E0B6050020B86002400050004088
:100960007400000025640000800400202E74787458
:100970003D22000022000000660500203E05002008
:100980006A302E76616C3D2564000000A1060020CF
:10099000DB0F49404442191901EBD1735B10F94C4C
:1009A0002360BDEEE80A10EE101A002901DB0A46AA
:1009B00000E04A42322A0FDABDEEC80A10EE100AF1
:1009C000002802DB024601E02FE04242322A03DA2D
:1009D0000020ED49086030E018EE900A0CF055F95F
:1009E00041EC1B0B18EE100A0CF04FF941EC1C0BFC
:1009F000B0EE4B1AF0EE6B1AB0EE4C0AF0EE6C0A49
:100A00000CF06AFCB0EE40AAF0EE60AA9FEDDF0B9E
:100A100053EC102B51EC1A0B0CF026F841EC190B8F
:100A20000CF014F9D849086007E09DF800000D2883
:100A300003D00021D74809F0CDFF02B0BDEC0C8BEC
:100A400010BDD548007A00F00F000D2806D1D2481D
:100A5000007800F0010008B10D2070470020FCE78D
:100A6000CD48007800F0100008B100207047012048
:100A7000FCE71CB54FF0804009F07EF9C7490968D2
:100A800040EA01400C2190FBF1F00090002418E0B6
:100A90004FF0804009F070F9C049096840EA014010
:100AA0000C2190FBF1F00190DDE90021881A00286B
:100AB00001DB014600E04142052900DA641C01988F
:100AC0000090022CE4DB019840421CBD1CB5B448E8
:100AD00009F052F9B349096840EA01400C2190FB42
:100AE000F1F00090002417E0AD4809F045F9AD4958
:100AF000096840EA01400C2190FBF1F00190DDE92A
:100B00000021881A002801DB014600E04142052946
:100B100000DA641C01980090022CE5DB01981CBDF2
:100B20001CB5A14809F028F9A049096840EA01402C
:100B30000C2190FBF1F00090002417E09A4809F096
:100B40001BF99A49096840EA01400C2190FBF1F039
:100B50000190DDE90021881A002801DB014600E050
:100B60004142052900DA641C01980090022CE5DB63
:100B700001981CBD1CB58E4809F0FEF88D49096826
:100B800040EA01400C2190FBF1F00090002417E0B6
:100B9000874809F0F1F88749096840EA01400C21CB
:100BA00090FBF1F00190DDE90021881A002801DBBB
:100BB000014600E04142052900DA641C01980090DA
:100BC000022CE5DB01981CBD01B581B0002000902E
:100BD000019800EBC0004000009002E00098401E29
:100BE000009000980028F9D10CBD01B581B000201B
:100BF000009044F2506101984843009002E0009850
:100C0000401E009000980028F9D10CBD1CB50121B0
:100C10001F2008F0E5F94FF6FF70009001208DF8D5
:100C2000040000208DF8060001208DF80700032045
:100C30008DF805006946604807F08CFF4FF6FF709D
:100C4000009001208DF8040000208DF8060001209E
:100C50008DF8070003208DF805006946574807F016
:100C600079FF4FF6FF70009001208DF804000020FE
:100C70008DF8060001208DF8070003208DF805008F
:100C800069464F4807F066FF1CBD1CB501217E2058
:100C900008F0A6F94FF4CE50009000208DF8040023
:100CA00001208DF8070002208DF8050069464548AF
:100CB00007F050FF4FF6C740009000208DF8040069
:100CC00001208DF8070002208DF8050069463A489A
:100CD00007F040FF0420009000208DF80400012060
:100CE0008DF8070002208DF805006946334807F0AB
:100CF00031FF4FF44C40009000208DF8040001209B
:100D00008DF8070002208DF8050069462C4807F091
:100D100021FF1CBD1FB54FF4E06007F03DFE3620FB
:100D20008DF8000000208DF801008DF802000120F0
:100D30008DF80300684607F034FE0121102008F00A
:100D400082F93220ADF8040040F2E7300290002032
:100D5000ADF80C00ADF8060001A91B4808F0BFFF74
:100D60000121194809F084FC01221146164809F0B6
:100D700057FC0021144808F0FBFF0121124809F03C
:100D800037F81FBDCC000020C80000200000008004
:100D9000A9E7814000480040A10600207000002023
:100DA000000400407400002000080040880000207B
:100DB000000C0040780000200004024000080240BF
:100DC000000C024000000240001000401FB54FF42C
:100DD000E06007F0E1FD37208DF8000000208DF87D
:100DE00001008DF8020001208DF80300684607F02D
:100DF000D8FD0121202008F026F93220ADF80400AA
:100E000040F2E73002900020ADF80C00ADF806008B
:100E100001A9FE4808F063FF0121FC4809F028FC05
:100E200001221146F94809F0FBFB0021F74808F0C0
:100E30009FFF0121F54808F0DBFF1FBD00B58BB017
:100E40000121022008F010F901210C2008F0C8F857
:100E500003220621EE4807F008FF03220721EC4891
:100E600007F003FF03220821E94807F0FEFE0322F2
:100E70000921E74807F0F9FE4FF470700690022050
:100E80008DF81C0003208DF81D0000208DF81E0039
:100E900001208DF81F0006A9DD4807F05BFEA420A5
:100EA000ADF8200040F6B83009904FF48070ADF8EE
:100EB00028000020ADF8220008A9D64808F00FFF4E
:100EC0006020ADF804000120ADF80600002003907A
:100ED000ADF810000121CF4808F08AFF0021CD486D
:100EE00008F046FF01A9CB4808F08EFF01A9C948C8
:100EF00008F0C3FF01A9C74809F00CF801A9C548CB
:100F000009F06EF80121C34809F063FB0BB000BD86
:100F100000B58BB00121082008F095F801210846A2
:100F200008F05EF802220021BB4807F09EFE022274
:100F30000121B94807F099FE02221146B64807F090
:100F400094FE02220321B44807F08FFE0F20069082
:100F500002208DF81C0003208DF81D0000208DF864
:100F60001E0001208DF81F0006A9AB4807F0F2FD16
:100F7000BA20ADF8200042F2107009900020ADF8C0
:100F80002800ADF8220008A9A44808F0A8FE6020B7
:100F9000ADF804000120ADF8060000200390ADF884
:100FA000100001219D4808F023FF00219B4808F014
:100FB000DFFE01A9994808F027FF01A9974808F02A
:100FC0005CFF01A9954808F0A5FF01A9934809F025
:100FD00007F80121914809F0FCFA0BB000BD00B5FB
:100FE0008BB00121042008F02EF801210D2007F01C
:100FF000F7FF02220C218A4807F037FE02220D215A
:10100000874807F032FE02220E21854807F02DFEA8
:1010100002220F21824807F028FE4FF4704006900C
:1010200002208DF81C0003208DF81D0000208DF893
:101030001E0001208DF81F0006A9794807F08AFDDF
:10104000A420ADF8200040F6B83009904FF480702D
:10105000ADF828000020ADF8220008A9714808F07A
:101060003EFE6020ADF804000120ADF8060000202F
:101070000390ADF8100001216A4808F0B9FE002184
:10108000684808F075FE01A9664808F0BDFE01A990
:10109000644808F0F2FE01A9624808F03BFF01A98C
:1010A000604808F09DFF0BB000BD00B589B001217C
:1010B000080407F0D9FF0121084607F091FF032239
:1010C0001146554807F0D1FD03220221524807F08E
:1010D000CCFD0C20019002208DF8080003208DF833
:1010E000090000208DF80A0001208DF80B0001A9ED
:1010F000494807F02FFD0020ADF818004FF6FF70AB
:1011000007900020ADF82000ADF81A0006A9464867
:1011100008F0E5FD0420ADF80C000020ADF80E004D
:10112000C820ADF814000120ADF8100003A93E4816
:1011300009F0ACF900231A4603213C4809F043FBAF
:1011400001213A4809F094FA01221146374809F082
:1011500067FA0121344808F04BFE0021334808F0BB
:1011600007FE09B000BD00B589B00121084607F0AF
:101170006AFF0121022007F066FF0121032007F02A
:101180002FFF01220F21244807F06FFD01220321C8
:10119000274807F06AFD02220421254807F065FD73
:1011A00002220521224807F060FD3820019002202C
:1011B0008DF8080003208DF8090000208DF80A0042
:1011C00001208DF80B0001A9194807F0C3FC4FF46A
:1011D0000040019002208DF8080003208DF80900DE
:1011E00000208DF80A0001208DF80B0001A90A48A3
:1011F00007F0B0FC0020ADF818004FF6FF70079024
:101200000020ADF82000ADF81A0013E000140040F3
:10121000000802400004014000000240000C0040B1
:10122000000C024000080040000001400040014066
:101230000004024006A94FF0804008F050FD06A9C6
:10124000FE4808F04CFD0420ADF80C000220ADF87B
:101250000E001420ADF814000120ADF8100003A911
:10126000800709F013F903A9F44809F00FF90223E4
:101270001A460321580709F0A6FA02231A46032149
:10128000EE4809F0A0FA0121880709F0F1F90121DF
:10129000EA4809F0EDF901221146900709F0C0F97A
:1012A00001221146E54809F0BBF90121880708F041
:1012B0009FFD0121E14808F09BFD00214FF0804097
:1012C00008F056FD0021DD4808F052FD4FF4C060E3
:1012D00007F062FB1D208DF8000003208DF801004F
:1012E00000208DF8020001208DF80300684607F009
:1012F00058FB1C208DF8000004208DF80100002010
:101300008DF8020001208DF80300684607F049FBC4
:1013100009B000BD00B589B00121084607F0A4FE60
:101320000121102007F05CFE4FF4206001900220A4
:101330008DF8080003208DF8090000208DF80A00C0
:1013400001208DF80B0001A9BD4807F003FC012224
:101350000921BB4807F089FC01220B21B84807F09E
:1013600084FC0020ADF818004FF6FF7007900020B5
:10137000ADF82000ADF81A0006A9B24808F0AFFC9D
:101380000420ADF80C000020ADF80E000A20ADF8E6
:1013900014000120ADF8100003A9AA4809F076F85E
:1013A00000231A460321A74809F00DFA0121A54898
:1013B00009F05EF901221146A24809F031F9012134
:1013C000A04809F055F9012211469E4809F028F974
:1013D00001219C4808F00CFD00219A4808F0C8FC47
:1013E0004FF4C06007F0D8FA19208DF800000120F2
:1013F0008DF8010000208DF8020001208DF8030017
:10140000684607F0CEFA09B000BD00B589B00121E9
:10141000042007F018FE0121082007F0E1FD4FF439
:101420004050019002208DF8080003208DF809003B
:1014300000208DF80A0001208DF80B0001A98248D8
:1014400007F088FB0020ADF818004FF6FF700790FA
:101450000020ADF82000ADF81A0006A97B4808F07E
:101460003EFC02220C21784807F0FFFB02220D21EE
:10147000754807F0FAFB0420ADF80C000220ADF827
:101480000E00C820ADF814000120ADF8100003A92B
:101490006E4808F0FBFF02231A4603216B4809F04F
:1014A00092F90121694809F0E3F8012211466748E1
:1014B00009F0B6F80121654808F09AFC002163485C
:1014C00008F056FC002061491431088001205F4972
:1014D00008804FF4C06007F05FFA1E208DF800000E
:1014E00004208DF8010000208DF8020001208DF805
:1014F0000300684607F055FA09B000BD00B589B091
:101500000121082007F09FFD0121084607F068FD32
:101510000320019002208DF8080003208DF80900B7
:1015200000208DF80A0001208DF80B0001A9484821
:1015300007F010FB0020ADF818004FF6FF70079081
:101540000020ADF82000ADF81A0006A9414808F0C7
:10155000C6FB022200213E4807F087FB0222012140
:101560003B4807F082FB0420ADF80C000220ADF8E8
:101570000E00C820ADF814000120ADF8100003A93A
:10158000344808F083FF02231A460321314809F04A
:101590001AF901212F4809F06BF8012211462D4854
:1015A00009F03EF801212B4808F022FC00212948CF
:1015B00008F0DEFB0020274914310880012025496E
:1015C00008804FF4C06007F0E7F932208DF8000082
:1015D00004208DF8010000208DF8020001208DF814
:1015E0000300684607F0DDF909B000BD00B59BB007
:1015F0000121194807F0F4FC0121080207F034FD2D
:101600000020029015480390154804900020059092
:101610000A200690002007904FF480600890400058
:10162000099080000A9040110B9040020C9000201D
:101630000D9001200E9000200F9013E00004004058
:101640000010024000000140000C02400008004071
:1016500000000240000C0040050040004C2001400A
:101660004C060020109002A9FE4808F0CBF801219A
:10167000FC4808F001F9FC20009003208DF80400DC
:1016800000208DF807006946F74807F063FA3C2010
:10169000009003208DF8040000208DF807006946B3
:1016A000F24807F057FA002011901290139014900E
:1016B00011A807F00DFE4FF08070159001208DF8F5
:1016C00058008DF8590000201790189019900A20A2
:1016D0008DF8680015A9E64807F0CBFD002301222C
:1016E0000221E34807F04BFE002302220321E048D9
:1016F00007F045FE002303220421DD4807F03FFEEA
:10170000002304220521DA4807F039FE00230522D0
:101710000621D74807F033FE002306220721D448CC
:1017200007F02DFE002307220C21D14807F027FEE9
:10173000002308220D21CE4807F021FE00230922B4
:101740000E21CB4807F01BFE00230A220F21C848B8
:1017500007F015FE0121C64807F0BCFE0121C44870
:1017600007F0ADFE0121C24807F0C9FDC04807F0EF
:1017700062FE1BB000BD08B54FF4E06007F00CF945
:1017800025208DF8000000208DF801008DF8020062
:1017900001208DF80300684607F003F908BD10B575
:1017A00096B004460121102007F05EFC0121084696
:1017B00007F016FC0121880507F012FC4FF4C06009
:1017C000009002208DF8040000208DF806008DF8AE
:1017D000070002208DF805006946A34807F0BAF912
:1017E00007220921A04807F040FA07220A219E4853
:1017F00007F03BFA02940020ADF80C00ADF80E00A3
:10180000ADF81000ADF814000C20ADF8120002A9DC
:10181000984809F057F80121964809F0DBF84FF491
:10182000A06007F0B9F83A208DF8180000208DF874
:1018300019008DF81A0001208DF81B0006A807F08A
:10184000B0F88848303007F03BFF4FF00060079059
:1018500000200A90884809900A200B908548001DB6
:10186000089000200C904FF480600D9000200E90A6
:101870000F904FF48070109040021190042012904D
:101880000320139000201490159007A9754830305C
:1018900007F0B8FF01224021764809F048F90122FB
:1018A00010217048303008F074F801216D48303054
:1018B00007F0E2FF16B010BD10B596B00446012146
:1018C000480507F08DFB0121480407F0BCFB01210E
:1018D000082007F085FB6020009002208DF80400AE
:1018E00000208DF806008DF8070002208DF8050015
:1018F0006946624807F02EF9072205215F4807F084
:10190000B4F9072206215D4807F0AFF902940020E0
:10191000ADF80C00ADF80E00ADF81000ADF81400F5
:101920000C20ADF8120002A9554808F0CBFF0121A8
:10193000534809F04FF84FF4A06007F02DF811203C
:101940008DF8180000208DF819008DF81A0001207C
:101950008DF81B0006A807F024F84A4807F0B0FEEF
:101960004FF00060079040200A90474809905020AF
:101970000B904348001D089000200C904FF48060AD
:101980000D9000200E900F904FF480701090400248
:1019900011900420129003201390002014901590B1
:1019A00007A9384807F02EFF01228021344809F0AA
:1019B000BEF801228021324809F0B9F80122102135
:1019C000304807F0E6FF01212E4807F055FF16B01A
:1019D00010BD10B596B004460121880407F033FB12
:1019E0000121082007F0FCFA0121480507F0F8FA68
:1019F0004FF44070009002208DF8040000208DF814
:101A000006008DF8070002208DF8050069461B4886
:101A100007F0A0F807220821184807F026F9072246
:101A20000921164807F021F902940020ADF80C00B6
:101A3000ADF80E00ADF81000ADF814000C20ADF8B4
:101A4000120002A9114808F03DFF01210F4808F0DB
:101A5000C1FF4FF4A06006F09FFF0C208DF8180026
:101A6000002015E01064024000000240000802401F
:101A7000002001400010014060060020000C0240E0
:101A800000440040A06002400400002000480040E4
:101A90008DF819008DF81A0001208DF81B0006A89A
:101AA00006F07FFFFE4807F00BFE4FF00060079046
:101AB00000200A90FB4809900A200B90FA480890F1
:101AC00000200C904FF480600D9000200E900F903D
:101AD0004FF4807010904002119004201290032067
:101AE000139000201490159007A9ED4807F08AFE86
:101AF00001224021EC48001F09F019F80122402181
:101B0000E948001F09F013F801221021E44807F00A
:101B100040FF0121E24807F0AFFE16B010BD10B53E
:101B200096B004460121C80407F08DFA0121042073
:101B300007F056FA0121480507F052FA4FF44060C9
:101B4000009002208DF8040000208DF806008DF82A
:101B5000070002208DF805006946D44806F0FAFF18
:101B600008220A21D14807F080F808220B21CF482B
:101B700007F07BF802940020ADF80C00ADF80E00E1
:101B8000ADF81000ADF814000C20ADF8120002A959
:101B9000C74808F097FE0121C54808F01BFF4FF425
:101BA000A06006F0F9FE0D208DF8180003208DF8D6
:101BB000190001208DF81A008DF81B0006A806F008
:101BC000F0FEB748183007F07BFD4FF0006007903B
:101BD00000200A90B748099008200B90B448001DD7
:101BE000089000200C904FF480600D9000200E9023
:101BF0000F9010904FF400301190002012900320AD
:101C0000139000201490159007A9A548183007F0EC
:101C1000F9FD01224021A64808F089FF0122802118
:101C2000A34808F084FF012210219D48183007F0D6
:101C3000B0FE01219A48183007F01EFE16B010BD04
:101C400070B59D4C2468642C00DB70BD9B4C2488CF
:101C500004EB84049A4D2C446070984C248804EB67
:101C600084042C44A170954C248804EB84042C44F7
:101C7000E270924C248804EB84042C4423718F4C32
:101C80002488641C642594FBF5F605FB16448B4DF3
:101C90002C80894C2468641C874D2C6000BFD4E7DD
:101CA00001468548006808B90020704785480088CB
:101CB00000EB8000824A104402680A6000790871D3
:101CC0000120F2E701467C48006808B9002070470F
:101CD0007C48008800EB8000794A104402680A6062
:101CE0000079087177480088401C642290FBF2F369
:101CF00002FB1300734A10806F480068401E6E4A52
:101D000010600120E3E70CB56846FFF7DBFF002019
:101D10006D4908700CBD10B5664800786549497872
:101D200008446449897808446249C978084461498B
:101D3000097908445F4949790844C4B25D4800788C
:101D4000022800D010BD5B48C079032800D0F9E715
:101D500058488079A0422FD1564840785B49087096
:101D6000544880785A4908705248C07859490870D8
:101D700050480079584908704E48407957490870D2
:101D800053480078012804D153480078544908701A
:101D90001BE04F480078022803D04D480078032804
:101DA00013D14E4803784C4802784A480178484895
:101DB0000078FFF745FF08E0FF20454908704549D6
:101DC0000870454908704549087000BFBAE710B56A
:101DD00096B004460121480507F002F901210805E3
:101DE00007F031F901210C2007F0FAF804200090E7
:101DF00002208DF8040000208DF806008DF8070001
:101E000002208DF805006946364806F0A3FE4FF41F
:101E10008050009002208DF8040000208DF806000C
:101E20008DF8070002208DF8050069461F4806F06E
:101E300091FE082202212B4806F017FF08220C21F0
:101E40001A4806F012FF4FF4A06006F0A5FD2F20FF
:101E50008DF8180005208DF819008DF81A00012062
:101E60008DF81B0006A806F09CFD0B208DF81800CD
:101E700005208DF819008DF81A0001208DF81B003F
:101E800006A806F08EFD02940020ADF80C00ADF817
:101E90000E00ADF81000ADF814000C2024E0000096
:101EA00028600240A10600200448004000080240CB
:101EB000004C00408F0100209C010020A001002068
:101EC000B0060020A2010020A501002097010020FB
:101ED00098010020990100209A0100209B01002018
:101EE000A6010020000C0240ADF8120002A9F8483B
:101EF00008F0E8FC0121F64808F06CFDF54807F011
:101F0000DFFB4FF00060079040200A90F2480990F4
:101F10000A200B90EE48001D089000200C904FF412
:101F200080600D9000200E900F9010904FF40030C4
:101F3000119000201290032013900020149015900F
:101F400007A9E44807F05EFCE248A83807F0B8FBB0
:101F50004FF00060079000200A90E04809900520AB
:101F60000B90DB48001D089000200C904FF480601F
:101F70000D9000200E900F9010904FF400301190B3
:101F8000002012900320139000201490159007A9B0
:101F9000D048A83807F036FC01228021CC4808F050
:101FA000C6FD01224021CA4808F0C1FD01221021CE
:101FB000C84807F0EEFC01221021C648A83807F0F7
:101FC000E8FC0121C34807F057FC0121C148A838AB
:101FD00007F052FC16B010BD10B596B004460121B2
:101FE000202007F041F80121042006F0F9FF01212B
:101FF000880506F0F5FFC020009002208DF804004F
:1020000000208DF806008DF8070002208DF80500ED
:102010006946B34806F09EFD08220621B04806F046
:1020200024FE08220721AE4806F01FFE029400207D
:10203000ADF80C00ADF80E00ADF81000ADF81400CE
:102040000C20ADF8120002A9A64808F03BFC0121C3
:10205000A44808F0BFFC4FF4A06006F09DFC3920B6
:102060008DF8180003208DF8190001208DF81A0052
:102070008DF81B0006A806F094FC9B4807F020FB97
:102080004FF02060079000200A90984809900420A3
:102090000B909448001D089000200C904FF4806035
:1020A0000D9000200E900F9010904FF40030119082
:1020B000002012900320139000201490159007A97F
:1020C000894807F09FFB01224021864808F02FFD38
:1020D00001228021834808F02AFD01221021824834
:1020E00007F057FC0121804807F0C6FB16B010BD71
:1020F0000CB50020019000907C480078022812D195
:102100007A48407801907948C0787849897840EADF
:10211000012000909DF8040075490870BDF800008A
:102120007449088004E004207149087071490880EE
:102130000CBD00B585B00121082006F051FF01213A
:10214000880306F091FF00208DF8100001208DF823
:1021500013000C20039003A9674806F0FBFC022142
:10216000032008F07DFD0420009000208DF804007D
:1021700010208DF8050001208DF80600684607F054
:1021800081FC08208DF8080000208DF809008DF8EA
:102190000A0001208DF80B0002A806F002FC05B031
:1021A00000BD70B504460D46012C0BD1294653489D
:1021B00008F03BFC00BF4021504808F0E6FC002836
:1021C000F9D028E0032C0BD129464D4808F02DFC0E
:1021D00000BF40214A4808F0D8FC0028F9D01AE096
:1021E000042C0BD12946474808F01FFC00BF4021B2
:1021F000444808F0CAFC0028F9D00CE0052C0AD1AC
:102200002946334808F011FC00BF4021304808F04F
:10221000BCFC0028F9D070BD00203B4948623B4916
:1022200008603B4908603B49086070470020364918
:102230004862364908604FF080414862364908607C
:1022400036490860364908603149086031490860FC
:102250003449086034490860704700204FF08041DD
:1022600048622D490860704700202C4908602C49BD
:102270000860704710B500202C490870002407E062
:1022800061210120FFF78DFF3220FEF7AEFC641CB8
:10229000022CF5D30120254908707A2024490870C2
:1022A00010BD10B5002023490870002407E061210B
:1022B0000320FFF776FF3220FEF797FC641C022C08
:1022C000F5D301201B4908707A201B49087010BD06
:1022D00000500040B8600240B6050020A40800206D
:1022E000000802400014014028640240A7010020B9
:1022F000AB010020AC010020000C024000100140A6
:1023000000480040004C0040000001406C000020EC
:1023100024080040880000207000002024040040B1
:1023200074000020240C0040780000209100002060
:102330009000002093000020920000202DE9F14F32
:10234000AEB0FAA02D9000202C908DF888008DF86A
:1023500060002E98122831D2DFE800F00931383FB2
:10236000464D545D666F787F868D949BA4FE022156
:10237000F74806F051FC88B100224FF40041F548BF
:1023800006F068FC4FF40041F24806F052FC0446A7
:1023900000222146F0A0FEF779F90FE00122D103D7
:1023A000EC4806F057FC4FF40041EA4806F041FCC7
:1023B000044600222146F0A0FEF768F96BE10122F5
:1023C000F5480168F5A0FEF761F964E10222F848DA
:1023D0000168F8A0FEF75AF95DE10322F9480168A7
:1023E000F9A0FEF753F956E10422FB480168FBA06F
:1023F000FEF74CF94FE10522FC480168FCA0FEF70E
:1024000045F948E1FEF735FB044606222146FCA0CB
:10241000FEF73CF93FE1FEF759FB0446072221464F
:10242000FAA0FEF733F936E1FEF7A4FB04460822D2
:102430002146F9A0FEF72AF92DE1FEF771FB0446CB
:1024400009222146F7A0FEF721F924E10A22F848E3
:102450000168F8A0FEF71AF91DE10B22F84801689F
:10246000F8A0FEF713F916E10C22FA480168FAA069
:10247000FEF70CF90FE10D22FA480168FAA0FEF709
:1024800005F908E10E22FB480168FBA0FEF7FEF803
:1024900001E10F22FB48B0F900004142FAA0FEF72B
:1024A000F5F8F8E00121FA4806F0B6FB4FF40051C8
:1024B0001790A84806F0B0FB04460221F44806F045
:1024C000ABFB05464FF48041A24806F0A5FB06464B
:1024D0000421EF4806F0A0FB4FF400411690EC48B1
:1024E00006F09AFB07460821E94806F095FB80466E
:1024F0004FF48041E64806F08FFB81461021E44806
:1025000006F08AFB4FF400511590E14806F084FB79
:1025100082460821DF4806F07FFB4FF4805114907B
:10252000DB4806F079FB10211390DA4806F074FBC3
:102530004FF480611290D64806F06EFB83468021EE
:10254000D34806F069FB4FF480711190D04806F033
:1025500063FB1090179800E020E0CDE90B65CDE912
:102560000D401698CDE90798CDE90970DDE91421F1
:102570001398CDE9042A06910390DDE91110CDE905
:10258000001B0290C4A2282122A8109B0AF0E0FCA4
:10259000102222A9C9A0FEF7CCF87CE080216C486B
:1025A00006F03AFB04460121694806F035FB054672
:1025B0004021674806F030FB06464FF40041B5481D
:1025C00006F02AFB07464FF48051BD4806F024FB75
:1025D00080464FF480615E4806F01EFB81464FF452
:1025E0000061B74806F018FB4FF400611790584897
:1025F00006F012FB82464FF48061A64806F00CFB01
:1026000083464FF48051524806F006FB4FF40061B8
:102610001690A04806F000FB4FF4005115904C486E
:1026200006F0FAFA4FF4804114909A4806F0F4FA52
:102630004FF480411390464806F0EEFA4FF4807153
:1026400012909F4806F0E8FA4FF40041119040487C
:1026500006F0E2FACDE90B76CDE90D54109017980B
:10266000CDE907A0CDE9099814A807C803ABA3E8F2
:102670000708DDE911121398CDE90012029086A235
:10268000282122A8109B0AF063FC112222A98DA008
:10269000FEF74FF800BF00BF2FB0BDE8F08F10B5B8
:1026A00001218A4807F0E8F810BD01B588480068A4
:1026B0000099884203DD00208549086004E08448D1
:1026C0000068401C8249086081480068FFF736FEB8
:1026D00008BD01B59DF80000052801DA002008BDFD
:1026E0009DF80000FBE730B504461D4624B9794843
:1026F0000078794BD87011E0002C07DDE0B2FFF7CD
:10270000E8FF754BD8700020987007E06342D8B29C
:10271000FFF7DFFF704BD8700120987021B96D482A
:1027200000786D4BD871EBE0D8E0000031313131E9
:102730003131313131313131313131313131313189
:10274000313130313131313131313131000000003E
:102750000004024000080240524F424F54203220F1
:1027600044414E4720434841592053414E2058414F
:102770004E483A2020200000524F424F5420322031
:1027800044414E4720434841592053414E20444F35
:102790003A20202000000000B800002054726F2072
:1027A0006368616E205472756F633A200000000008
:1027B000BC00002054726F206368616E2053617505
:1027C0003A202000B000002054726F20786F6179A9
:1027D0002074617920000000C000002054726F2036
:1027E000646179207461792031200000C4000020E8
:1027F00054726F2064617920746179203220000066
:10280000454E434F4445525F464C2000454E434F92
:102810004445525F46522000454E434F4445525F67
:1028200052522000454E434F4445525F524C2000C7
:10283000A40000204C617A65722070686169000014
:102840009C0000204C617A6572207472756F632061
:1028500000000000A00000204C617A6572207472B4
:1028600061692000980000204C617A6572207361D4
:1028700075000000A80000205175616E6720747219
:102880006F3A00008C000020494D553A00000000CE
:1028900000100240000C0240256425642564256474
:1028A00025642564256425642564256425642564E0
:1028B000256425642564256400000000493A000071
:1028C00000000240696E323A00000000A060024041
:1028D000840000200802002004000020002907DDF9
:1028E000C8B2FFF7F6FEFE4BD8710120987107E0E1
:1028F0004B42D8B2FFF7EDFEF94BD871002098712A
:1029000022B9F8480078F64BD87211E0002A07DDAA
:10291000D0B2FFF7DEFEF24BD8720120987207E0CA
:102920005342D8B2FFF7D5FEED4BD8720020987213
:1029300025B9EC480078EA4BD87311E0002D07DD8B
:10294000E8B2FFF7C6FEE64BD8730120987307E0A4
:102950006B42D8B2FFF7BDFEE14BD87300209873ED
:1029600030BDDF4AD070D071D072D0737047DC4870
:10297000C07803280DDADA48C079032809DAD84884
:10298000C07A032805DAD648C07B032801DA012083
:1029900070470020FCE70120D34908607047D34806
:1029A000006847F23051884201D001207047002072
:1029B000FCE710B5FFF75EFC10BDCD48B0F9000094
:1029C00040427047B5EEC00AF1EE10FA09D2C9488C
:1029D000D0ED000A70EE600AFDEEE00A10EE900AFB
:1029E0007047C448D0ED000A70EE200AFDEEE00A00
:1029F00010EE900AF4E710B52DED0A8B044624B9C9
:102A00009FEDBD0ABDEC0A8B10BD002C25DABB483A
:102A100000680AF00AF941EC190B20460AF005F9A2
:102A200041EC1C0B9FEDB60B53EC102B0AF01CF87D
:102A300041EC1B0B9FEDB40B53EC102B0AF00EF87E
:102A400041EC1A0B53EC192B0AF080F841EC180BEF
:102A50000AF02EF900EE100AD4E7A84800680AF040
:102A6000E4F841EC190B20460AF0DFF841EC1C0BAE
:102A70009FEDA30B53EC102B09F0F6FF41EC1B0B61
:102A80009FEDA10B53EC102B09F047FF41EC1A0B03
:102A900053EC192B0AF05AF841EC180B0AF008F91C
:102AA00000EE100AAEE7F0EE400AF5EEC00AF1EED5
:102AB00010FA02DBB0EE600A7047B1EE600AFBE785
:102AC0000146002901DB084670474842FCE7014601
:102AD0008F48D0ED000AF1EE600A8E48D0ED001A62
:102AE00080EEA11A00EE901AF8EEE01A8848D0EDB8
:102AF000000A41EE210AB0EE600AFDEEC00A10EEB7
:102B0000900A7047B0EE402ADFED832AB0EE620AE9
:102B1000B5EEC02AF1EE10FA03D2F1EE422AB0EE81
:102B2000622AF5EEC00AF1EE10FA03D2F1EE602A45
:102B3000F0EE620AB5EEC01AF1EE10FA03D2F1EE31
:102B4000412AB0EE621AF5EEC01AF1EE10FA03D285
:102B5000F1EE612AF0EE621AB4EEC02AF1EE10FA3C
:102B600001DDB0EE420AF4EEC00AF1EE10FA01DD2A
:102B7000B0EE600AB4EEC01AF1EE10FA01DDB0EE6C
:102B8000410AF4EEC01AF1EE10FA01DDB0EE610A6E
:102B900070475A480068704760480068704710B531
:102BA0002DED028BB0EE408A5048006847F230515C
:102BB00088420ED19FED500A594880ED000A5948CD
:102BC00080ED000A584880ED000A584880ED000A60
:102BD0004AE05748006857490968401A434909685C
:102BE000081A00EE100AB8EEC00AF0EE408A524809
:102BF000D0ED000A88EEA00A5048D0ED000A30EE71
:102C0000200A4F48D0ED000A20EE200AF0EE408A5C
:102C1000B0EE680A0AF000FDF0EE000A20EE200A8D
:102C20003F4880ED000AB0EE680A0AF04DFCF0EE75
:102C3000000A20EE200A3B4880ED000A384890ED5B
:102C4000000A4048D0ED000A30EE200A374880EDF7
:102C5000000A344890ED000A3A48D0ED000A30EE00
:102C6000600A314880ED000AB5EEC08AF1EE10FA34
:102C700035D035480068052820D2DFE800F0032071
:102C8000728CA600294890ED000A30EE080A80ED0B
:102C9000000A254890ED000A30EE480A80ED000A4F
:102CA000204890ED000A30EE080A80ED000A1C482A
:102CB00090ED000A30EE480A80ED000A9FE01A48C5
:102CC00090ED000A30EE480A80ED000A154890EDBC
:102CD000000A30EE080A80ED000A114836E08FE065
:102CE00004000020080200206C02002030020020B6
:102CF0008C000020C8010020000000001C02002001
:102D00009A9999999999B93F333333333333D33FF0
:102D100000020020040200206F12833A48020020C3
:102D20006802002064020020600200205C02002093
:102D3000500200203C020020E0010020EC010020B5
:102D400010020020440200201802002090ED000A2A
:102D5000FD48D0ED000A08EE600AFC4880ED000A4C
:102D60004DE0FB4890ED000A30EE080A80ED000AC5
:102D7000F84890ED000AF448D0ED000A08EE200A69
:102D8000F44880ED000AF14890ED000A30EE480A60
:102D900080ED000A33E0EE4890ED000A30EE080ABC
:102DA00080ED000AEC4890ED000AE748D0ED000AFB
:102DB00008EE600AE84880ED000AE44890ED000A59
:102DC00030EE480A80ED000A19E0E14890ED000A73
:102DD000DD48D0ED000A08EE200ADD4880ED000A4B
:102DE000DD4890ED000A30EE480A80ED000AD9482F
:102DF00090ED000A30EE080A80ED000A00BF00BF27
:102E0000D248D0ED001AD34890ED001AD248D0ED48
:102E1000000ACF4890ED000AFFF774FECF48D0EDCE
:102E2000000AF8EEE00A80EE801ABDEEC10ACC4836
:102E300080ED000ACB480068C9490968884203DD73
:102E4000C7480068C74908600120C7490860BDEC51
:102E5000028B10BD10B504460020C4490860C44868
:102E60000460FCB90020BF4908601FED5D0AC1483D
:102E700080ED000A47F23050BF490860BF49086042
:102E80001FED630ABE4880ED000A0020BD490860BE
:102E9000BD490860BD490860BD4908601FED6A0A68
:102EA000FFF77DFE10BD10B5B54890ED000AB5EEF8
:102EB000C00AF1EE10FA05D1B248006810B9B24864
:102EC000006890B11FED740AAD4880ED000A002043
:102ED000AC490860AC490860AE480068AE4908607B
:102EE000A74890ED000AFFF75AFE10BDAB48C0EDB1
:102EF000000AAB4880ED000A704770B52DED028BDB
:102F000005460C46B0EE408A9B480068A8420BD1AB
:102F100096480068A04207D1964890ED000AB4EEAA
:102F2000480AF1EE10FA18D0904804608D48006805
:102F300010B905208B4908609648006896490860DA
:102F40008C4880ED008A8C48056000209549086017
:102F50008B4890ED000AFFF722FEBDEC028B70BD9E
:102F600070B52DED028B0446B0EE408A0D468648C2
:102F70000068A0420BD1824890ED000AB4EE480AE6
:102F8000F1EE10FA03D17F480068A8423AD07A489F
:102F9000006847F23051884225D11E2073490860ED
:102FA0007048006810B90A206E49086047F2305036
:102FB000844218DA012075490860B5EEC08AF1EE46
:102FC00010FA03DD73480068A04208DCB5EEC08A41
:102FD000F1EE10FA07D26F480068A04203DAB1EEB2
:102FE000480AB0EE408A6848046066480560644854
:102FF00080ED008A00206B490860614890ED000A6E
:10300000FFF7CDFDBDEC028B70BD10B52DED028B31
:10301000B0EE408A04462146B0EE480A47F23050EE
:10302000FFF79EFFBDEC028B10BD70B504460D4648
:103030001FEDCF0A29462046FFF75FFF70BD70B530
:103040002DED088BF0EE408A0446B0EE608AB0EEBB
:10305000419A4A4890ED000AB8EEC00AB4EE680AF8
:10306000F1EE10FA0DD141480068A04209D146485E
:1030700090ED000AB8EEC00AB4EE480AF1EE10FA7C
:103080005ED0BDEEE80A3D4880ED000A414991ED71
:10309000000AB8EEC00A38EEC00ABDEEC00A10EE53
:1030A000100A1FEDEB0A2146FFF727FF394890ED84
:1030B000000AB8EEC00A38EE400ABDEEC00A10EEB3
:1030C000105A002D01DB284600E06842642814DD18
:1030D000304890ED000AB8EEC00AB4EEC08AF1EEB6
:1030E00010FA02DDB0EE490A01E0B1EE490A10EE35
:1030F000101A084609F0C9FD13E0264890ED000AB1
:10310000B8EEC00A38EE400A10EE101A084609F070
:10311000BCFD41EC1B0B9FED240B53EC102B09F075
:10312000A3FC41EC1A0B09F0C3FD09EE900A002143
:10313000B0EE690AFDEEC80A10EE900AFFF710FF24
:10314000BDEC088B70BD0000D0010020680200209B
:103150005C0200206402002060020020C401002004
:10316000240200201C020020140200202002002063
:1031700028020020440200203002002034020020F7
:1031800040020020180200203802002048020020DF
:103190006C020020500200203C02002000020020AF
:1031A000040200202C0200207B14AE47E17A743F19
:1031B00010B5FE48006801283DDDFD490968FD4A5B
:1031C0001268881AFFF77CFC06280CDAF7480168B9
:1031D0000068401CF54A1060B1F5FA7F2BDD002035
:1031E000FFF738FE10BDF1480068FA2808DD052019
:1031F000F1490860F1490860FB20EC49086004E0EF
:103200000520ED490860ED490860EA480068E84992
:103210000968884205DDBFEE000AE94880ED000A32
:1032200004E0B7EE000AE64880ED000AE44890EDBD
:10323000000AFFF7B4FC00BFD4E710B52DED028BF8
:10324000E04890ED000AB5EEC00AF1EE10FA08D1A0
:10325000DA48006828B1D648006847F23051884201
:1032600002DBBDEC028B10BDD54890ED000AB5EE37
:10327000C00AF1EE10FA7CD0D348006847F2305112
:10328000884277D1CE4890ED000AB5EEC00AF1EE43
:1032900010FA08DDC6480068CC490968401AC549DB
:1032A0000968884210DBC64890ED000AB5EEC00AF6
:1032B000F1EE10FA7ED2BE480068C449096808449D
:1032C000BC490968884275DDB848006803285CDAA3
:1032D000B7490968B74A1268881AFFF7F1FB0A284C
:1032E00016DAB3480068BA4908600020B34908609C
:1032F000B14908609FEDB70AB14880ED000A02208D
:10330000AA490860AE4890ED000AFFF748FCA8E71C
:10331000A7480068A7490968884237DDA74890EDAB
:10332000000AB8EEC00AA648D0ED000A60EE200AF6
:10333000A64890ED000AB8EEC00AC0EE801AB0EEC2
:10334000611AB0EE410AFFF7AEFB99490968994A44
:103350001268881AFFF7B4FB00EE900AB8EEE01A84
:103360009D48D0ED000A40EE010A944890ED000A15
:1033700001E0AAE047E0B8EEC00A80EE801AB0EEA5
:10338000418AB0EE480AFFF70AFC9DE08B4890EDB9
:10339000000AB8EEC00A8A48D0ED000A60EE200AA2
:1033A0008A4890ED000AB8EEC00AC0EE801AB0EE6E
:1033B000611A00E021E0B0EE410AFFF774FB7C499E
:1033C00009687C4A1268881AFFF77AFB00EE900AB7
:1033D000B8EEE01A8048D0ED000A50EE410A774876
:1033E00090ED000AB8EEC00A80EE801AB0EE418A75
:1033F000B0EE480AFFF7D3FB66E0714890ED000A93
:10340000FFF7CDFB60E06E4890ED000AB5EEC00A14
:10341000F1EE10FA1FDD664890ED000AB8EEC00A22
:103420006648D0ED000AF8EEE00A654890ED001A13
:1034300000EEC10A6948D0ED000AF8EEE00A70EE2D
:10344000600A5C4890ED000AB8EEC00AF4EEC00ACB
:10345000F1EE10FA27D35A4890ED000AB5EEC00AF3
:10346000F1EE10FA2BD2524890ED000AB8EEC00AE5
:103470005248D0ED000AF8EEE00A514890ED001AEB
:1034800000EEC10A5548D0ED000AF8EEE00A70EEF1
:10349000200A484890ED000AB8EEC00AF4EEC00ACF
:1034A000F1EE10FA0BDD42490968424A1268881AA7
:1034B000FFF7A1FAB0EE408AFFF771FB04E0404845
:1034C00090ED000AFFF76BFBCBE645490968394AE6
:1034D0001268881AFFF78FFAB0EE408AFFF75FFB99
:1034E00000BFBEE600B531480068022815DA9FED3E
:1034F000390A344880ED000A9FED360A304880EDE5
:10350000000A00203749086047F230502E49086011
:103510003549086000202649086034480068401C8E
:103520003249086032490968884204DA3148006843
:10353000FFF717FA0EE02E4800682C4908602E4865
:10354000006820B12B480068FFF70BFA02E000206A
:10355000FFF707FA00BD254A1268521C234B1A6078
:10356000824207DD154A12680A44144B1A60002291
:103570001E4B1A6070472DE9F041FFF71EFA0D4906
:103580000860FFF715FE0C48006800284ADD0B486C
:10359000006809490968884253D00848006806490C
:1035A0000968884237DA0548006827E048020020A9
:1035B0003802002050020020200200201C020020BF
:1035C000400200204402002030020020FC010020C4
:1035D0004C02002000000000DC010020F801002067
:1035E0003C02002018020020340200202C0200209F
:1035F0000C020020080200206C020020FE4909682D
:1036000088421EDAFD480068FFF761FA044601218E
:10361000FFF7A1FF15E04FF0FF31F9480068FFF711
:103620009AFF0EE0F5480068002806DD4FF0FF31F4
:10363000F4480068FFF78FFF03E0FFF753FFBDE892
:10364000F081F1480068F1490968884205D0FFF728
:10365000F4FDEE480068EC490860ED480068E8B306
:10366000E648D0ED000AF8EEE00AEA4890ED001ACC
:1036700060EE810AB0EE600AFFF7A4F90446DF4865
:10368000D0ED000AF8EEE00AE34890ED001A60EE93
:10369000810AB0EE600AFFF795F90546D748D0EDEC
:1036A000000AF8EEE00ADD4890ED001A60EE810AAB
:1036B000B0EE600AFFF786F90646D048D0ED000A62
:1036C000F8EEE00AD64890ED001A60EE810AB0EEFE
:1036D000600AFFF777F90746234600E003E02A4631
:1036E0003146FFF700F800BFA9E7CE48016800683F
:1036F000401CCC4A1060462907D2CB48408ACB49AF
:1037000009680844C94908600BE0C84800684621B8
:10371000B0FBF1F0C64908600020C2490860C34907
:103720000860C44801680068401CC24A106046290D
:1037300007D2BD488089C04909680844BE4908606D
:103740000BE0BD4800684621B0FBF1F0BB490860C2
:103750000020B8490860B8490860B94801680068A5
:10376000401CB74A1060462907D2AF480088B549C7
:1037700009680844B34908600BE0B2480068462174
:10378000B0FBF1F0B04908600020AD490860AD49D8
:103790000860AE4801680068401CAC4A10604629C9
:1037A00007D2A1484088AA4909680844A849086086
:1037B0000BE0A74800684621B0FBF1F0A54908607E
:1037C0000020A2490860A2490860A3480168006877
:1037D000401CA14A1060322907D2934840899F4972
:1037E000096808449D4908600BE09C480068322144
:1037F000B0FBF1F09A4908600020974908609749AA
:103800000860984801680068401C964A1060322998
:1038100007D28548C08894490968084492490860DD
:103820000BE0914800683221B0FBF1F08F4908604D
:1038300000208C4908608C4908608D480168006848
:10384000401C8B4A1060322907D27748808889490A
:1038500009680844874908600BE0864800683221FF
:10386000B0FBF1F08449086000208149086081497B
:103870000860824801680068401C804A1060322954
:1038800007D2694800897E49096808447C49086074
:103890000BE07B4800683221B0FBF1F07949086009
:1038A000002076490860764908607748016800681A
:1038B000401C754A1060322907D25B48008A734960
:1038C00009680844714908600BE0704800683221BB
:1038D000B0FBF1F06E49086000206B4908606B494D
:1038E00008606C4801680068401C6A4A1060322910
:1038F00007D24D48C089684909680844664908608C
:103900000BE0654800683221B0FBF1F063490860C4
:10391000002060490860604908607047604800689E
:1039200060490968884203DA5E4800685C490860BB
:103930005B4800685C490968884203DD5A480068B2
:10394000574908604C490968554A1268881A002886
:1039500001DB014600E04142052930DD46480068B0
:103960004F490968884203DD01205049887502E00B
:1039700000204E49887540490968494A1268881AEA
:10398000002801DB014600E0414201EB4101484AC9
:1039900011601046006847490968884203DD4548C0
:1039A000006811460860424800681E2802DA1E209E
:1039B0003F4908603E4800783C49C87502E0002055
:1039C0003A49C87570473C4800683C4909688842D4
:1039D00003DA3A48006838490860374800683849CF
:1039E0000968884203DD36480068334908601F498A
:1039F0000968314A126865E0240200201C02002098
:103A0000580200202802002054020020500200200A
:103A100014020020680200206402002060020020DE
:103A20005C020020800300204C060020840300205C
:103A300098000020880300208C0300209C000020B8
:103A40009003002094030020A4000020980300208D
:103A50009C030020A0000020A0030020A40300205D
:103A6000A8000020B8030020BC030020BC000020F8
:103A7000C0030020C4030020B8000020C8030020B9
:103A8000CC030020B0000020E0030020E40300206D
:103A9000C0000020E8030020EC030020C400002048
:103AA000DC020020D4020020D80200200400002004
:103AB0003C03002014030020E8020020E002002064
:103AC000E4020020881A002801DB014600E04142A0
:103AD000052930DDFA480068FA490968884203DDA3
:103AE0000020F949887402E00120F7498874F449FC
:103AF0000968F44A1268881A002801DB014600E0D0
:103B0000414201EB4101F14A116010460068F04961
:103B10000968884203DDEE48006811460860EB48FA
:103B20000068142802DA1420E8490860E7480078A1
:103B3000E549C87402E00020E349C8747047E548CD
:103B40000068E5490968884203DAE3480068E1490A
:103B50000860E0480068E1490968884203DDDF4801
:103B60000068DC490860DE490968DA4A1268881A88
:103B7000002801DB014600E04142022930DDD8483F
:103B80000068D4490968884203DD0120CE4988765F
:103B900002E00020CC498876D1490968CD4A1268F4
:103BA000881A002801DB014600E04142C1EBC10157
:103BB000C64A116010460068CA490968884203DD98
:103BC000C848006811460860C0480068142802DA36
:103BD0001420BE490860BD480078BB49C87602E0A1
:103BE0000020B949C8767047BF480068BF490968D6
:103BF000884203DABD480068BB490860BA480068DB
:103C0000BB490968884203DDB9480068B6490860C5
:103C1000B8490968B44A1268881A002801DB0146CD
:103C200000E04142022934DDB2480068AE4909682B
:103C3000884204DD0120A44981F82A0003E0002025
:103C4000A14981F82A00AB490968A74A1268881A75
:103C5000002801DB014600E0414201EB81014900FF
:103C60009A4A116010460068A3490968884203DD3A
:103C7000A14800681146086094480068962802DA56
:103C8000962092490860914800788F4981F82B006E
:103C900003E000208C4981F82B00704710B597484D
:103CA000006897490968884203DA95480068934993
:103CB00008609248006893490968884203DD91488A
:103CC00000688E490860904B1B688C4C24681A1B56
:103CD000002A01DB134600E05342022B47DD804BF4
:103CE0001B68A3F17501002901DB0B4600E04B4284
:103CF0000F2B3CDA7F4B1B68A3F17300002801DB1C
:103D0000034600E043420F2B31DA7F4800687B49CD
:103D10000968884204DD01206B4981F8260003E030
:103D20000020694981F8260077490968734A1268BA
:103D3000881A002801DB014600E04142634A116015
:103D40001046006871490968884203DD6F480068C1
:103D5000114608605D480068322802DA32205B496B
:103D600008605A480078584981F8270003E000208D
:103D7000554981F8270010BD25205549086030209D
:103D80006349086070472E20514908603E20604911
:103D9000086070473B204E49086051205C4908602C
:103DA000704768204A4908608C205949086070476C
:103DB00000B50246FFF7F5FF564802604148026031
:103DC00000BD5548006878B95448006860B9544847
:103DD000006848B95348006830B93B48C07F40F09C
:103DE00004003949C87752E04B480068012816D1D1
:103DF0004A48006898B94A48006880B9494800684C
:103E000068B96420414908604FF42D703B4908604F
:103E10002D48C07F40F008002B49C87737E03E4866
:103E20000068012817D13D480068012813D13C489B
:103E3000006880B93B48006868B96420334908606D
:103E40004FF42D702D4908601F48C07F40F040009E
:103E50001D49C8771BE030480068012817D12F485A
:103E60000068012813D12E48006801280FD12D4881
:103E7000006860B964202549086040F2F7101F49C6
:103E800008601148C07F40F010000F49C8777047A4
:103E900070B573200E4908608C201D49086040F2FF
:103EA000D1101C4908600749086000244AE03BE043
:103EB000012008F0B1F8FCF7D3FD00B940E033E091
:103EC000BC000020E8020020040000203C03002089
:103ED0001003002000030020F8020020FC02002054
:103EE000C00000201C0300200C030020040300205D
:103EF00008030020C400002020030020F40200205A
:103F0000EC020020F0020020B00000201803002086
:103F100014030020DC020020B0010020B4010020C6
:103F2000B8010020BC010020FE490968FE4A126861
:103F3000881A002801DB014600E041420429B7DC71
:103F400000BF641C322CB2DB002410E006E001202C
:103F500008F062F8FCF784FD00B906E04FF48071C8
:103F6000F24804F059FE0128F1D000BF641CFA2C7D
:103F7000ECDBDF20EC49086000240DE006E00120C6
:103F800008F04AF8FCF76CFD00B903E0E54800686A
:103F9000E428F4DC00BF641C322CEFDB4FF4F0703B
:103FA000E34908609FEDE31ADFEDE30A0C209FED83
:103FB000E30AFFF744F800240FE006E0022008F0CF
:103FC0002BF8FCF74DFD00B905E00121DC4804F0B9
:103FD00023FE0128F2D000BF641C40F22620844258
:103FE000EBDB3220D7490860F020CF49086000247D
:103FF00010E006E0012008F00FF8FCF731FD00B9F1
:1040000006E04FF40051CE4804F006FE0128F1D03E
:1040100000BF641C40F226208442EADB0020FEF749
:1040200019FFDF20C249086000240DE006E00120EE
:1040300007F0F2FFFCF714FD00B903E0C248006886
:10404000E428F4DC00BF641CFA2CEFDBFEF7EEF88A
:104050009FEDB81ADFEDB80A07209FEDB80AFEF70A
:10406000EEFF00241CE006E0012007F0D5FFFCF77E
:10407000F7FC00B912E0FCF77DFD0646FCF750FDA9
:10408000051E01DB284600E06842002E01DB3146B8
:1040900000E071420844B0F5C86FE5DB00BF641C66
:1040A000FA2CE0DB3220A9490860F020A049086022
:1040B00000240FE006E0012007F0AEFFFCF7D0FC83
:1040C00000B905E010219E4804F0A6FD0128F2D0B9
:1040D00000BF641C962CEDDB0020FEF7BBFE6420C5
:1040E000984908608C20994908604FF4AF70904956
:1040F00008608D49086096480068012805D1FFF7DF
:1041000060FE00209249086002E0002090490860AB
:1041100070BD2DE9F05F82460D4614461E46DDE96E
:104120000B9BDDF828808B490968881B002801DB80
:10413000014600E0414201FB0BF74F4500DD4F46D1
:1041400084480068801B404510DAE81B00EE900AA6
:10415000F8EEE00AB0EE600A9FED7F1A00EE904A9A
:10416000F8EEE00A5046FEF76AFF22E07948006860
:10417000801B404510DDE81900EE900AF8EEE00AD9
:10418000B0EE600A9FED741A00EE904AF8EEE00A75
:104190005046FEF754FF0CE09FED6F1A00EE104AF8
:1041A000F8EEC00A504600EE105AB8EEC00AFEF70C
:1041B00046FFBDE8F09F3EB5FFF76AFE0020674965
:1041C00008601CE011E0322040F2262102229A23EE
:1041D000CDE9002102904FF4617251420720FFF7B0
:1041E00098FFFCF73DFC00B903E05D480068232818
:1041F000E9DC00BF59480068401C5849086057482E
:104200000068B0F57A7FDDDB0020544908601CE0CF
:1042100011E0322040F2262102229A23CDE900212A
:1042200002904FF4617251420720FFF772FFFCF7D2
:1042300017FC00B903E04A4800680A28E9DC00BF1F
:1042400046480068401C4549086044480068B0F58D
:104250007A7FDDDB40F26720FFF7AAFD9FED351A7C
:10426000DFED350A0F209FED350AFEF7E8FEFDF77A
:10427000DDFF06E0012007F0CFFEFCF7F1FB00B9FF
:1042800013E0FCF723FC0546FCF7F3FB041E01DBFF
:10429000204600E06042002D01DB294600E0694233
:1042A000084440F272618842E4DB00BF0020FEF760
:1042B000D1FD3EBD3EB5FFF7EBFD0020274908606C
:1042C00021E014E0322040F2262102229A23CDE997
:1042D00000210290234A234914390720FFF719FFD0
:1042E000012007F099FEFCF7BBFB00B905E01021A7
:1042F000134804F091FC0028E4D000BF1748006880
:10430000401C1649086015480068B0F57A7FD8DB74
:104310000020FEF79FFD9FED071ADFED080A05203C
:1043200022E00000BC000020E80200200000024063
:10433000DC020020CDCC4C3E00006144000061C492
:104340000010024010030020B800002014030020D9
:10435000E4000020A40000209A99993E9C020020CD
:104360009C00002090FCFFFF1FED0D0AFEF767FE8A
:10437000FDF75CFF06E0012007F04EFEFCF770FB46
:1043800000B911E0FCF7F6FB0546FCF7C9FB041E7B
:1043900001DB204600E06042002D01DB294600E001
:1043A000694208449628E6DB00BF0020FEF752FD74
:1043B0003EBD2DE9F05F82460D4614461E46DDE9FE
:1043C0000B9BDDF82880FE490968881B002801DB6B
:1043D000014600E0414201FB0BF74F4500DD4F462F
:1043E000F7480068801B404510DAE81B00EE900A91
:1043F000F8EEE00AB0EE600A1FED291A00EE904ACE
:10440000F8EEE00A5046FEF71AFE22E0EC4800689B
:10441000801B404510DDE81900EE900AF8EEE00A36
:10442000B0EE600A1FED341A00EE904AF8EEE00A92
:104430005046FEF704FE0CE01FED391A00EE104A5C
:10444000F8EEC00A504600EE105AB8EEC00AFEF769
:10445000F6FDBDE8F09F3EB5FFF71AFD0020D949F3
:10446000086021E014E0322040F2262102229A2343
:10447000CDE900210290D44AD34914390720FFF72F
:1044800098FF012007F0C8FDFCF7EAFA00B905E043
:104490001021CE4804F0C0FB0028E4D000BFC9487A
:1044A0000068401CC7490860C6480068B0F57A7FBC
:1044B000D8DB0020FEF7CEFC1FED621A5FED610A2B
:1044C00005201FED630AFEF7BAFDFDF7AFFE06E01B
:1044D000012007F0A1FDFCF7C3FA00B911E0FCF7D9
:1044E00049FB0546FCF71CFB041E01DB204600E0EF
:1044F0006042002D01DB294600E06942084496280D
:10450000E6DB00BF0020FEF7A5FC3EBD0EB5FFF7C1
:10451000BFFC0020AB4908601CE011E0322040F2F3
:10452000262102229A23CDE900210290A64AA6491B
:1045300014390720FFF73DFFFCF792FA00B903E0BA
:10454000A34800681928E9DC00BF9E480068401CA9
:104550009C4908609B480068B0F57A7FDDDB00204D
:10456000984908601CE011E0322040F22621022226
:104570009A23CDE900210290934A934914390720E8
:10458000FFF717FFFCF76CFA00B903E091480068E9
:104590009428E9DC00BF8B480068401C894908600A
:1045A00088480068B0F57A7FDDDB0020FEF752FC1A
:1045B0006420894908608C20884908604FF496700F
:1045C00087490860874908600EBD70B55A20824946
:1045D000086082208149086040F2B220804908606A
:1045E00080490860002415E006E0012007F014FD72
:1045F000FCF736FA00B90BE07B490968794A126882
:10460000881A002801DB014600E041420429ECDC65
:1046100000BF641CFA2CE7DB0020FEF71BFC1FED3B
:10462000BB1A5FEDBB0A0A201FEDBC0AFEF707FDAF
:10463000002410E006E0012007F0EEFCFCF710FA81
:1046400000B906E04FF48071684804F0E5FA0128EB
:10465000F1D000BF641C40F226208442EADBFDF763
:10466000E5FD06E0052007F0D7FCFCF7F9F900B9F5
:1046700012E0FCF72BFA0646FCF7FBF9051E01DBFE
:10468000284600E06842002E01DB314600E071421E
:104690000844B0F5967FE5DB00BF0F20FEF7DAFB9C
:1046A000DF205049086000240DE006E0052007F0F7
:1046B000B3FCFCF7D5F900B903E04B480068E428E7
:1046C000F4DC00BF641C322CEFDB40F2BE20444916
:1046D00008601FEDE81A5FEDE80A0C201FEDE90AFB
:1046E000FEF7ADFC00240FE006E0022007F094FC8A
:1046F000FCF7B6F900B905E00121344804F08CFA62
:104700000128F2D000BF641C40F226208442EBDB7B
:10471000322031490860F02032490860002410E05E
:1047200006E0012007F078FCFCF79AF900B906E0F2
:104730004FF40051254804F06FFA0128F1D000BF72
:10474000641C40F226208442EADB0020FEF782FB54
:10475000DF202349086000240DE006E0012007F077
:104760005BFCFCF77DF900B903E021480068E42810
:10477000F4DC00BF641CFA2CEFDB9FED1E1ADFEDAA
:104780001E0A07209FED1D0AFEF759FC002410E0C9
:1047900006E0012007F040FCFCF762F900B906E0F2
:1047A0004FF48051114804F037FA0128F1D000BFCE
:1047B000641CFA2CECDB322008490860F0201FE072
:1047C000A00000209C02002090FCFFFF001002408F
:1047D0009C000020AC0000201003002014030020E7
:1047E000DC020020E8020020BC00002000000240A3
:1047F000B8000020CDCC4C3E00006144000061C4F4
:10480000FE4908601FED051A5FED050A07201FED40
:10481000050AFEF714FC00240FE006E0012007F073
:10482000FBFBFCF71DF900B905E01021F44804F08A
:10483000F3F90128F2D000BF641C962CEDDB0020B8
:10484000FEF708FB6420EF4908608C20EE49086001
:104850004FF4AF70E9490860EC49086070BD70B56D
:104860006420E84908608220E7490860F220E349B3
:104870000860E64908609620E54908609420E5490B
:104880000860FA20E44908609420E44908600024A4
:1048900010E006E0052007F0BFFBFCF7E1F800B9E7
:1048A00006E04FF48071DE4804F0B6F90128F1D03B
:1048B00000BF641CFA2CECDB00240DE006E00520B0
:1048C00007F0AAFBFCF7CCF800B903E0D548006874
:1048D0009128F4DB00BF641CFA2CEFDB9FEDD21AA9
:1048E0005FED3B0A07201FED3B0AFEF7A8FB002403
:1048F00010E006E0052007F08FFBFCF7B1F800B9E7
:1049000006E04FF48071C64804F086F90028F1D023
:1049100000BF641CFA2CECDBFDF788FC06E00120EC
:1049200007F07AFBFCF79CF800B913E0FCF7CEF82F
:104930000646FCF79EF8051E01DB284600E06842AB
:10494000002E01DB314600E07142084440F2145170
:104950008842E4DB00BF0020FEF77CFA4FF4E670EB
:10496000AA49086000240EE006E0052007F054FB89
:10497000FCF776F800B904E0AC480068B0F5E37FD6
:10498000F3DD00BF641CFA2CEEDB0020FEF762FAB8
:104990009FEDA51A5FED680A07201FED680AFEF774
:1049A0004EFB002410E006E0012007F035FBFCF789
:1049B00057F800B906E04FF40051914804F02CF983
:1049C0000028F1D000BF641C40F226208442EADBBC
:1049D000002410E006E0012007F01EFBFCF740F881
:1049E00000B906E04FF480518D4804F015F9002815
:1049F000F1D000BF641C40F226208442EADB002094
:104A0000FEF728FA4FF4E6707C49086000240EE0B7
:104A100006E0052007F000FBFCF722F800B904E0EF
:104A200083480068B0F5E37FF3DD00BF641CFA2C17
:104A3000EEDB0020FEF70EFA9FED7B1A5FED920A87
:104A40000A201FED920AFEF7FAFA00240FE006E0B2
:104A5000012007F0E1FAFCF703F800B905E01021A6
:104A6000674804F0D9F80028F2D000BF641C962CE7
:104A7000EDDB0020FEF7EEF96E480068012805D155
:104A8000FFF79FF900206B49086002E000206949A8
:104A9000086070BD0EB5FFF7E2FE002066490860B1
:104AA0001CE011E0322040F2262102220C23CDE945
:104AB000002102904FF4617251420720FFF729FB59
:104AC000FBF7CEFF00B903E05C4800681928E9DC79
:104AD00000BF59480068401C5749086056480068A4
:104AE000B0F57A7FDDDB0020534908601CE011E05F
:104AF000322040F2262102220C23CDE9002102902F
:104B00004FF4617251420720FFF703FBFBF7A8FF48
:104B100000B903E04A4800689428E9DC00BF464831
:104B20000068401C4449086043480068B0F57A7F3B
:104B3000DDDB0020FEF78EF97820324908608C20FA
:104B4000314908604FF482702C4908602F49086091
:104B50000EBD0EB5FFF783FE0020374908601CE04C
:104B600011E0322040F2262102222A23CDE9002141
:104B70000290344A334914390720FFF71AFCFBF737
:104B80006FFF00B903E02D4800681928E9DC00BF79
:104B900029480068401C2849086027480068B0F58B
:104BA0007A7FDDDB0020244908601CE011E0322020
:104BB00040F2262102222A23CDE900210290214A37
:104BC000204914390720FFF7F4FBFBF749FF00B930
:104BD00003E01B4800689428E9DC00BF1648006821
:104BE000401C1549086014480068B0F57A7FDDDB89
:104BF0000020FEF72FF97820024925E0DC02002092
:104C0000001002401003002014030020E8020020DE
:104C10001C03002000030020200300200C030020C0
:104C200000000240C0000020CDCC4CBEBC000020E3
:104C3000B8000020E40000209C0200209C0000201E
:104C4000AC00002090FCFFFF08608C20F749086052
:104C50004FF48270F6490860F64908600EBD3EB513
:104C6000FFF7FDFD0020F449086021E014E0322048
:104C700040F2262102220C23CDE900210290EF4AC6
:104C8000EE4914390720FFF744FA012007F0C4F970
:104C9000FBF7E6FE00B905E01021E94803F0BCFF90
:104CA0000028E4D000BFE4480068401CE2490860E6
:104CB000E1480068B0F57A7FD8DB0020FEF7CAF83B
:104CC0009FEDE01ADFEDE00A05209FEDE00AFEF718
:104CD000B6F9FDF7ABFA06E0012007F09DF9FBF706
:104CE000BFFE00B911E0FBF745FF0546FBF718FFD3
:104CF000041E01DB204600E06042002D01DB294656
:104D000000E0694208449628E6DB00BF0020FEF779
:104D1000A1F83EBD3EB5FFF7A2FD0020C6490860E0
:104D200021E014E0322040F2262102222A23CDE99C
:104D300000210290C14AC14914390720FFF739FB0D
:104D4000012007F069F9FBF78BFE00B905E010219F
:104D5000BB4803F061FF0028E4D000BFB6480068FC
:104D6000401CB5490860B4480068B0F57A7FD8DBCC
:104D70000020FEF76FF89FEDB31ADFEDB30A0520B0
:104D80009FEDB20AFEF75BF9FDF750FA06E001204D
:104D900007F042F9FBF764FE00B911E0FBF7EAFE09
:104DA0000546FBF7BDFE041E01DB204600E0604225
:104DB000002D01DB294600E0694208449628E6DB25
:104DC00000BF0020FEF746F83EBD70B56420A04944
:104DD00008608C2095490860F02095490860954945
:104DE000086096209B49086094209B490860FA203F
:104DF0009A49086094209A490860002410E006E06F
:104E0000052007F009F9FBF72BFE00B906E04FF487
:104E10008071944803F000FF0128F1D000BF641CAA
:104E2000FA2CECDB00240DE006E0052007F0F4F896
:104E3000FBF716FE00B903E08B4800689128F4DB0D
:104E400000BF641CFA2CEFDB1FED891ADFED7F0A2F
:104E500007209FED7D0AFEF7F2F8002410E006E03F
:104E6000052007F0D9F8FBF7FBFD00B906E04FF489
:104E700080717C4803F0D0FE0028F1D000BF641C94
:104E8000FA2CECDBFDF7D2F906E0012007F0C4F8BC
:104E9000FBF7E6FD00B913E0FBF718FE0646FBF74B
:104EA000E8FD051E01DB284600E06842002E01DB1C
:104EB000314600E07142084440F2E2418842E4DBBE
:104EC00000BF0020FDF7C6FF40F2AB205949086043
:104ED00000240FE006E0052007F09EF8FBF7C0FD78
:104EE00000B905E06148006840F2A7218842F2DB82
:104EF00000BF641CFA2CEDDB0020FDF7ABFF1FEDBB
:104F0000B61ADFED520A07209FED4F0AFEF797F819
:104F1000002410E006E0012007F07EF8FBF7A0FD7A
:104F200000B906E04FF40051454803F075FE002833
:104F3000F1D000BF641C40F226208442EADB00244A
:104F400010E006E0012007F067F8FBF789FD00B9E3
:104F500006E04FF48051434803F05EFE0028F1D094
:104F600000BF641C40F226208442EADB0020FDF7EB
:104F700071FF40F2AB202E49086000240FE006E0EC
:104F8000052007F049F8FBF76BFD00B905E038484C
:104F9000006840F2A7218842F2DB00BF641CFA2CB3
:104FA000EDDB0020FDF756FF9FED261ADFED270A07
:104FB0000A209FED250AFEF742F800240FE006E0E4
:104FC000012007F029F8FBF74BFD00B905E010219F
:104FD0001B4803F021FE0028F2D000BF641C962C71
:104FE000EDDB0020FDF736FF70BD10B50020124943
:104FF000086015E008E00020BFEE080AFEF705F89B
:10500000FBF72EFD00B905E01A48006840F29E71DA
:105010008842F0DB00BF08480068401C0649086071
:1050200005480068FA28E5DB10BD000014030020E5
:10503000DC020020E80200209C02002090FCFFFF20
:1050400000100240CDCC4C3E000061C40000614421
:10505000100300201C030020000300202003002078
:105060000C03002000000240C0000020BC00002013
:10507000B80000205002002010B50021BFEE080A41
:105080004FF4E160FDF76CFF10BD10B50020FE4944
:10509000086013E008E00020B7EE080AFDF7B5FF4E
:1050A000FBF7DEFC00B903E0F84800680A28F2DBF1
:1050B00000BFF5480068401CF3490860F2480068EA
:1050C000FA28E7DB10BD10B50021B7EE080A084644
:1050D000FDF746FF10BD2DE9F05F82460D461446F0
:1050E0001E46DDE90B9BDDF82880E9490968881B2D
:1050F000002801DB014600E0414201FB0BF74F4570
:1051000000DD4F46E2480068801B404510DAE81990
:1051100000EE900AF8EEE00AB0EE600A9FEDDD1AAC
:1051200000EE904AF8EEE00A5046FDF788FF22E0D4
:10513000D7480068801B404510DDE81B00EE900A50
:10514000F8EEE00AB0EE600A9FEDD21A00EE904A47
:10515000F8EEE00A5046FDF772FF0CE09FEDCD1A25
:1051600000EE104AF8EEC00A504600EE105AB8EEB3
:10517000C00AFDF764FFBDE8F09F2DE9F05F8246AD
:105180000D4614461E46DDE90B9BDDF82880C2491A
:105190000968881B002801DB014600E0414201FB51
:1051A0000BF74F4500DD4F46BB480068801B40456C
:1051B00010DAE81900EE900AF8EEE00AB0EE600AA4
:1051C0009FEDB41A00EE904AF8EEE00A5046FDF763
:1051D00036FF22E0B0480068801B404510DDE81B28
:1051E00000EE900AF8EEE00AB0EE600A9FEDA91A10
:1051F00000EE904AF8EEE00A5046FDF720FF0CE082
:105200009FEDA41A00EE104AF8EEC00A504600EED8
:10521000105AB8EEC00AFDF712FFBDE8F09F2DE965
:10522000F05F82460D4614461E46DDE90B9BDDF815
:1052300028809A490968881B002801DB014600E0A4
:10524000414201FB0BF74F4500DD4F469348006894
:10525000801B404510DAE81B00EE900AF8EEE00AE9
:10526000B0EE600A9FED8E1A00EE904AF8EEE00A6A
:105270005046FDF7E4FE22E088480068801B404568
:1052800010DDE81900EE900AF8EEE00AB0EE600AD0
:105290009FED831A00EE904AF8EEE00A5046FDF7C3
:1052A000CEFE0CE09FED7F1A00EE104AF8EEC00A29
:1052B000504600EE105AB8EEC00AFDF7C0FEBDE839
:1052C000F09F3EB5642078490860A02077490860C7
:1052D0004FF48770764908604FF48C707549086008
:1052E0001E210020FDF7A1FE00240DE006E00520B0
:1052F00006F092FEFBF7B4FB00B103E067480068DC
:105300002828F4DC00BF641C40F226208442EDDB38
:105310001E210020FDF789FE00240DE006E0052097
:1053200006F07AFEFBF79CFB00B103E05B480068E7
:105330004628F4DB00BF641C40F226208442EDDBEB
:105340001E210020FDF771FE00240DE006E005207F
:1053500006F062FEFBF784FB00B103E04F480068F3
:105360003228F4DC00BF641C40F226208442EDDBCE
:105370000020FDF76FFD002419E012E01E20C82177
:1053800002222023CDE90021029000224A493C203C
:10539000FFF745FF052006F03FFEFBF761FB00B17C
:1053A00003E03D4800686428E8DC00BF641C40F26C
:1053B00026208442E1DB002419E012E01E20C821EF
:1053C00002222023CDE90021029000223A49142034
:1053D000FFF725FF052006F01FFEFBF741FB00B19C
:1053E00003E02D4800680F28E8DC00BF641C40F291
:1053F00026208442E1DB0020FDF72CFD3EBD3EB5BA
:10540000642029490860A020284908604FF487706B
:10541000274908604FF48C70264908601E2100203F
:10542000FDF703FE00240DE006E0052006F0F4FD84
:10543000FBF716FB00B103E0184800682828F4DCED
:1054400000BF641C40F226208442EDDB1E210020B8
:10545000FDF7EBFD00240DE006E0052006F0DCFD85
:10546000FBF7FEFA00B103E00C4800684628F4DBC5
:1054700000BF641C40F226208442EDDB1E21002088
:10548000FDF7D3FD002427E09C02002050020020FD
:10549000A40000209A99993EA00000209C000020C2
:1054A0003333333FB81E453F100300201403002060
:1054B000DC020020E80200207CFCFFFF06E0052063
:1054C00006F0AAFDFBF7CCFA00B103E0FC48006847
:1054D0003228F4DC00BF641C40F226208442EDDB5D
:1054E0000020FDF7B7FC002419E012E01E20C821BF
:1054F00002222023CDE9002102900022F1493C2024
:10550000FFF78DFE052006F087FDFBF7A9FA00B135
:1055100003E0ED4800686428E8DC00BF641C40F24A
:1055200026208442E1DB002419E012E01E20C8217D
:1055300002222023CDE9002102900022E14914201B
:10554000FFF76DFE052006F067FDFBF789FA00B155
:1055500003E0DD4800680F28E8DC00BF641C40F26F
:1055600026208442E1DB0020FDF774FC3EBDD748D5
:1055700090F8230040F00200D44981F82300084647
:1055800090F8230000F0FE0081F823007047CF4818
:1055900090F8230040F00100CC4981F82300084630
:1055A00090F8230000F0FD0081F823007047C74801
:1055B00090F8230000F0FE00C44981F8230008465B
:1055C00090F8230000F0FD0081F823007047BF48E9
:1055D000C07F40F00100BD49C8770846C07F00F099
:1055E000FD00C8777047B948C07F40F00200B74956
:1055F000C8770846C07F00F0FE00C8777047B34800
:10560000C07F00F0FD00B149C8770846C07F00F0B8
:10561000FE00C87770477047704770477047AC48C6
:10562000407800F0100088B3A948407800F00200EC
:1056300060BBA748C07948BBA548807930BBA54866
:105640000068A5490968884221DDA148407800F03A
:10565000010058B1A148006814389E490968884281
:1056600004DD6420994981F8270003E02820974948
:1056700081F827000120954981F8260095480068A7
:10568000974908600120974908603BE0FFE7904890
:10569000407800F0080088B38D48407800F00200A0
:1056A00060BB8B48C07948BB8948807930BB89484A
:1056B00000688A490968884221DA8548407800F004
:1056C000010058B183480168834800681430814262
:1056D00004DD64207D4981F8270003E028207B4910
:1056E00081F827000020794981F826007948006870
:1056F0007B49086001207B49086003E0FFE7002048
:105700007849086070477248407800F0400070B3F4
:105710006F48407800F0020048BB6D48C07930BB4C
:105720006B48807918BB70480068704909688842E6
:105730001EDA6748407800F0010050B16A480168FD
:105740006B4800681430814203DD96205F49C876BB
:1057500002E046205D49C87600205C4988766248B0
:1057600000686449086001206349086037E0FFE78A
:105770005748407800F0800070B35548407800F0FA
:10578000020048BB5248C07930BB5148807918BBF1
:10579000554800685649096888421DDD4C484078E4
:1057A00000F0010050B15148006814384E490968B2
:1057B000884203DD96204549C87602E046204349E9
:1057C000C876012041498876474800684949086001
:1057D00001204949086002E00020474908607047FD
:1057E0003B48407800F0200088B33948407800F00A
:1057F000020060BB3648C07948BB3548807930BB71
:105800003E4800683E490968884221DD30484078BA
:1058100000F0010058B13B48006814383749096866
:10582000884204DDFA20294981F82B0003E0642036
:10583000264981F82B000120244981F82A002F48AD
:1058400000683149086001203049086063E0FFE7E3
:105850001F48407800F0040088B31D48407800F0ED
:10586000020060BB1A48C07948BB1948807930BB38
:105870002248006823490968884249DA1448407878
:1058800000F0010058B11D4801681D48006814303F
:10589000814204DDFA200D4981F82B0003E06420E9
:1058A0000A4981F82B000020084981F82A00134892
:1058B0000068154908600120144908602BE027E0C2
:1058C0009C0000207CFCFFFFA000002004000020C2
:1058D000A1060020B0000020EC020020F002002011
:1058E000F402002074030020C0000020FC0200200D
:1058F000F80200200003002078030020C4000020EC
:1059000004030020080300200C0300207C03002077
:105910000020FE490860704710B50446FFF763FE9B
:10592000FB4890F8230000F0EF00F94981F82300CC
:1059300043F6982006F070FBFFF749FE41F6583019
:1059400006F06AFB4FF48051F24803F065F9012834
:105950003CD1601DF049086040F6B83006F05CFBB1
:10596000FFF741FEEA4890F8230000F0EF00E84915
:1059700081F8230043F6982006F04EFBFFF727FE40
:1059800041F6583006F048FB4FF48051E14803F0EF
:1059900043F901281AD1601FDF49086040F6B8308A
:1059A00006F03AFBFFF71FFED94890F8230000F0FD
:1059B000EF00D74981F8230043F6982006F02CFB2E
:1059C000FFF705FE41F6583006F026FBA4F114005F
:1059D000D149086010BD10B5FFF7F7F96420CF4931
:1059E000086040F2F710CC4908601E20FDF732FA3B
:1059F0000120CB49086010BD10B5FEF730FF6420D0
:105A0000C649086040F2F710C34908601E20FDF740
:105A100021FA0120C249086010BD10B5FCF7C9FF8A
:105A20002820C04908603C20BF490860F220BF49D7
:105A30000860F020BE4908604FF4AF70FEF7B8F977
:105A40009620BC4908607520BB490860FA20BB4914
:105A500008607320BA490860AD48C07F00F07F003D
:105A6000AB49C8770846C07F00F0DF00C87710BD9B
:105A700070B50446B3480568A54220DA6420A749FA
:105A80000860A54804600020AF49086012E006E005
:105A9000012006F0C1FAFAF7E3FF00B904E0E01EC6
:105AA000A84909688842F3DC00BFA7480068401C89
:105AB000A5490860A44800683228E8DB21E0A54237
:105AC0001FDD6420954908609348046000209E49CA
:105AD000086012E006E0012006F09EFAFAF7C0FF27
:105AE00000B904E097480168E01C8142F3DC00BF84
:105AF00095480068401C9449086093480068322823
:105B0000E8DB70BD10B50446042C06D1FA208B49A1
:105B100008604B208A4908605EE0012C29D164208E
:105B20007E4908604FF42D707B490860002086494B
:105B3000086013E006E0012006F06EFAFAF790FF25
:105B400000B905E07F48006840F2B2218842F2DBEC
:105B500000BF7D480068401C7B4908607A480068A7
:105B60003228E7DBFA2073490860CD2072490860CB
:105B700032E0022C06D1FA206E490860CD206E4931
:105B8000086029E0032C27D164206449086040F2B2
:105B9000F7106149086000206B49086012E006E0D8
:105BA000012006F039FAFAF75BFF00B904E0654816
:105BB0000068B0F5FE7FF3DC00BF63480068401C5E
:105BC00061490860604800683228E8DBFA205949DA
:105BD00008604B205849086010BD10B54C48C07F84
:105BE00040F004004A49C8770846C07F40F0800072
:105BF000C877FA205149086054480068401D504950
:105C0000086000205049086014E006E0012006F01A
:105C100003FAFAF725FF00B906E04D4801684B4842
:105C20000068C01D8142F1DC00BF47480068401C8D
:105C300045490860444800683228E6DB41F2883074
:105C400006F0EAF93248C07F00F0FB003049C8771F
:105C500041F2883006F0E0F92D48C07F00F07F0067
:105C60002B49C877FA2035490860912034490860EB
:105C700000203549086011E006E0012006F0CCF96B
:105C8000FAF7EEFE00B903E0314800685C28F4DB67
:105C900000BF2D480068401C2B4908602A48006856
:105CA0003228E9DB10BD10B51948C07F40F0040070
:105CB0001749C8770846C07F40F08000C877FA20AF
:105CC0001E490860214800680C301D49086000200A
:105CD0001D49086014E006E0012006F09DF9FAF77E
:105CE000BFFE00B906E01A480168184800680F3086
:105CF0008142F1DC00BF14480068401C1249086072
:105D0000114800683228E6DB24E000007C03002014
:105D10000400002000000240F402002018030020CC
:105D2000C00100201003002014030020DC0200202A
:105D3000E80200201C0300200003002020030020B4
:105D40000C030020B00000209C020020040300206F
:105D5000C400002041F2883006F05EF9FA48C07FA6
:105D600000F0FB00F849C87741F2883006F054F99A
:105D7000F548C07F00F07F00F349C877FA20F34967
:105D800008609120F24908600020F249086011E0A3
:105D900006E0012006F040F9FAF762FE00B903E0E0
:105DA000ED4800685C28F4DB00BFEA480068401C4E
:105DB000E8490860E74800683228E9DB10BD10B503
:105DC000E148C07F40F02000DF49C877FA20E3496E
:105DD0000860E3480068401FE24908600020DD4990
:105DE000086014E006E0012006F016F9FAF738FE24
:105DF00000B906E0DA480068C01FDB49096888423C
:105E0000F1DC00BFD3480068401CD2490860D1488B
:105E100000683228E6DB41F2883006F0FDF8CA4817
:105E2000C07F00F0F700C849C87741F2883006F01B
:105E3000F3F8C548C07F00F0DF00C349C87796205B
:105E4000C64908607520C74908600020C14908603C
:105E500011E006E0012006F0DFF8FAF701FE00B9D4
:105E600003E0C14800687828F4DC00BFB948006846
:105E7000401CB8490860B74800683228E9DB10BD0B
:105E800010B5B148C07F40F08000AF49C8776420AA
:105E9000B64908604FF42D70B54908600020AD493F
:105EA000086013E006E0012006F0B6F8FAF7D8FD26
:105EB00000B905E0AF48006840F2B2218842F2DB49
:105EC00000BFA4480068401CA2490860A1480068BF
:105ED0003228E7DBFA209D490860A7480068401F88
:105EE0009B49086000209B49086014E006E00120FF
:105EF00006F092F8FAF7B4FD00B906E09E48006893
:105F0000C01F954909688842F1DC00BF91480068CC
:105F1000401C904908608F4800683228E6DB41F257
:105F2000883006F079F88848C07F00F0BF008649C5
:105F3000C87741F2883006F06FF88348C07F00F0E0
:105F40007F008149C8779620804908607320804986
:105F5000086000207F49086011E006E0012006F09B
:105F60005BF8FAF77DFD00B903E07B48006875280F
:105F7000F4DC00BF77480068401C7649086075482B
:105F800000683228E9DB10BD10B56F48C07F40F0D3
:105F900020006D49C8770846C07F40F01000C877E0
:105FA000FA206E49086075480068401D6D49086018
:105FB00000206849086014E006E0012006F02CF893
:105FC000FAF74EFD00B906E0674801686B480068C3
:105FD000C01D8142F1DB00BF5E480068401C5D4986
:105FE00008605C4800683228E6DB41F2883006F041
:105FF00013F85548C07F00F0EF005349C87741F2CD
:10600000883006F009F85048C07F00F0DF004E49A4
:10601000C8779620514908607520524908600020D1
:106020004C49086011E006E0012005F0F5FFFAF7A1
:1060300017FD00B903E04C4800687228F4DB00BF8C
:1060400044480068401C43490860424800683228C0
:10605000E9DB10BD10B564204449086040F25B20C4
:106060004349086000203B49086013E006E0012036
:1060700005F0D2FFFAF7F4FC00B905E03D480068EE
:1060800040F25E218842F2DB00BF32480068401CCB
:10609000304908602F4800683228E7DBFA202B4996
:1060A00008603548006817382949086000202949E8
:1060B000086014E006E0012005F0AEFFFAF7D0FC1E
:1060C00000B906E02C4800681A382349096888425C
:1060D000F1DC00BF1F480068401C1E4908601D48D5
:1060E00000683228E6DB10BD10B564201F49086047
:1060F00040F25B201E49086000201649086013E04A
:1061000006E0012005F088FFFAF7AAFC00B905E0D7
:106110001848006840F25E218842F2DB00BF0D485B
:106120000068401C0B4908600A4800683228E7DB19
:10613000FA200649086010480068173804490860CA
:1061400000200449086030E0040000202003002003
:106150000C0300209C020020C40000201C0300202F
:10616000FC02002000030020C000002018030020D3
:10617000F4020020B000002008030020F8020020F4
:1061800006E0012005F048FFFAF76AFC00B906E0D6
:10619000FE4800681A38FE4909688842F1DC00BFF1
:1061A000FC480068401CFB490860FA480068322837
:1061B000E6DB10BD10B5F848006868B9F74800681C
:1061C00050B9F748006838B9F648006820B9FFF7B9
:1061D0006AFD0120F049086010BD10B5EE48006866
:1061E00070B9EE48006858B9ED48006840B9ED480C
:1061F000006828B9FFF7F1FC0120E74908603AE0A0
:10620000E548006801280ED1E448006858B9E44820
:10621000006840B9E348006828B9FFF7D0FD0120C5
:10622000DE49086027E0DC48006801280FD1DB4820
:10623000006801280BD1DA48006840B9D9480068E5
:1062400028B9FFF71DFE0120D549086013E0D248A8
:10625000006801280FD1D148006801280BD1D0482F
:106260000068012807D1CF48006820B9FFF78CFEED
:106270000120CC49086010BDCB48C079C8B1CA48DC
:10628000407800F00800A0B1C848C07F40F004008A
:10629000C649C8770846C07F40F00800C87708465E
:1062A000C07F40F04000C8770846C07F40F0100033
:1062B000C877704773B52DED028B282505269FED15
:1062C000BC0AB0EE408AB8480079322805DBB648EF
:1062D0000079C82801DC012000E000200446B24813
:1062E000407800F0010030B19DF80C509FEDB10AEC
:1062F000B0EE408A05E09DF80850B6EE000AB0EE18
:10630000408AA948007800F0080098B1A6480078B3
:1063100000F0100070B9A448007800F0200048B9DF
:10632000A148007800F0400020B929460020FCF781
:106330007CFEB1E09C48007800F00800A0B99A48C3
:10634000007800F0100078B19748007800F0200045
:1063500050B99548007800F0400028B929464FF41C
:10636000E160FCF762FE97E08F48007800F00800DB
:10637000A0B98D48007800F0100078B98A480078FC
:1063800000F0200050B18848007800F0400028B9A3
:1063900029464FF46170FCF748FE7DE082480078A2
:1063A00000F0080098B98048007800F0100070B93B
:1063B0007D48007800F0200048B97B48007800F064
:1063C000400020B129467C48FCF72FFE64E0764867
:1063D000007800F00800A0B17348007800F01000C9
:1063E00078B97148007800F0200050B16E4800780C
:1063F00000F0400028B929464FF4E170FCF715FE83
:106400004AE06948007800F0080098B166480078D2
:1064100000F0100070B96448007800F0200048B91E
:106420006148007800F0400020B129466348FCF73D
:10643000FCFD31E05C48007800F00800A0B95A4843
:10644000007800F0100078B15748007800F0200084
:1064500050B15548007800F0400028B9294640F274
:106460004650FCF7E2FD17E04F48007800F00800C6
:1064700090B94D48007800F0100068B14A480078A3
:1064800000F0200040B94848007800F0400018B102
:1064900029464B48FCF7C9FD4348007800F0080046
:1064A000F8B94148007800F01000D0B93E480078B3
:1064B00000F02000A8B93C48007800F0400080B906
:1064C0007CB1FCF76CFA60B13748407800F04000CE
:1064D00038B93548407800F0200010B90520FCF7A5
:1064E000B9FC14B1FCF7DFFC27E02F480079322813
:1064F0000EDAFCF754FA28B10020B1EE480AFCF796
:1065000084FD1AE00020B1EE480AFCF77EFD14E09D
:1065100025480079C8280EDDFCF741FA28B1002093
:10652000B0EE480AFCF771FD07E00020B0EE480A23
:10653000FCF76BFD01E0FCF7B6FCBDEC028B7CBD0B
:106540003EB504460D4696201E49086083201E492C
:106550000860FA201D49086089201D490860FDF780
:1065600020FC4FF4AF701B4908601B490860FA20FB
:106570000E4981F833006FF09500A0EB440000EE67
:10658000900AF8EEE00AB0EE600A27E00803002067
:10659000C40000209C020020B0010020B4010020B3
:1065A000B8010020BC010020A1060020040000204A
:1065B000000000003333333F7CFCFFFF3EFEFFFF53
:1065C000BAFAFFFF1C030020000300202003002074
:1065D0000C030020DC020020E80200209FEDFE1AE0
:1065E000F1EE040A1E20FCF72AFD0020FB4908609A
:1065F00010E003E0FAF734FA00B905E0A4F1140062
:10660000F74909688842F5DC00BFF4480068401C7F
:10661000F2490860F14800686428EADB40F25D2036
:10662000F0490860401FF04908600020EB4908600D
:106630001EE012E00F20962101222346CDE9002121
:106640000290002211461920FDF763FD012005F09C
:10665000E3FCFAF705FA00B904E0E4480068B0F595
:10666000D77FE7DB00BFDD480068401CDB490860DE
:10667000DA4800683228DCDB0020D84908601AE0DC
:106680000FE00F20962101222346CDE90021029040
:10669000002211461720FDF73CFDFAF7E1F900B999
:1066A00003E0D34800681728EBDC00BFCB48006844
:1066B000401CCA490860C9480068FA28E0DBFA2093
:1066C000CC4981F82F000020C449086023E00FE086
:1066D0000F20642101222346CDE9002102900022EF
:1066E00011460A20FDF715FDFAF7BAF900B90CE0DA
:1066F0004FF48051C04802F08FFA012805D1810281
:10670000BD4802F089FA0128E2D000BFB348006812
:10671000401CB2490860B14800686428D7DB3220C9
:10672000FCF798FB4FF4FA6005F076FC0020AB49CB
:10673000086035E021E00821AF4802F06DFA012839
:1067400004D10621AD48FCF770FC0FE04FF4004186
:10675000A94802F061FA012805D106214FF46170C1
:10676000FCF763FC02E00020FCF774FB012005F05D
:1067700053FCFAF775F900B90CE04FF400419E485C
:1067800002F04AFA0128D6D008219B4802F044FAC8
:106790000128D0D000BF91480068401C8F49086094
:1067A0008E480068B0F5FA7FC4DB0020FCF752FB8E
:1067B0000020904981F833004FF4FA6005F02CFC7A
:1067C00000208649086013E006E0012005F024FC63
:1067D000FAF746F900B905E00221874802F01CFAF1
:1067E0000128F2D000BF7D480068401C7B4908604A
:1067F0007A480068B0F5FA7FE6DB0020FCF72AFB58
:106800001E207F49086046207E49086040F26720CC
:1068100074490860744908604FF47A6005F0FCFB25
:106820001E20FCF717FB40F28F206E49086040F2F3
:1068300076206D49086000206E4981F82F0041F2F2
:10684000883005F0E9FB1E212846FCF7EEFB00210D
:106850009FED6D0A6948FCF783FBFBF7E7FC5020CE
:106860006749086082206749086010E0052005F04C
:10687000D3FBFAF7F5F800B90FE06448006810F5AB
:10688000E17F04DAFA2057490860574908605F48F9
:1068900000685A4996318842E8DC00BF1FEDBB1AF8
:1068A000DFED5B0A08209FED5B0AFCF7C8FB0020C8
:1068B0004A4908601AE006E0052005F0ADFBFAF74A
:1068C000CFF800B90CE04FF480714B4802F0A4F906
:1068D000012805D18021484802F09EF90128EBD01B
:1068E00000BF3E480068401C3C4908603B480068C7
:1068F0006428E0DB1420424908602D2041490860EB
:10690000F02038490860384908600020FCF7A2FAF6
:106910003EBDFEB504460F20394908603C20394988
:106920000860FA202F4908602F490860C00005F070
:1069300073FB3048C07F40F004002E49C877FA202E
:1069400035490860354800681930354908609FEDC1
:10695000351ADFED300A1E209FED330AFCF76FFB7E
:1069600006E0052005F058FBFAF77AF800B905E0D3
:106970002648006840F27F318842F2DB00BF9FED7D
:106980002B1ADFED240A1E209FED290AFCF757FB86
:1069900000201249086013E006E0012005F03CFBEE
:1069A000FAF75EF800B905E00D48016804F10F0040
:1069B0008142F2DC00BF09480068401C07490860BA
:1069C00006480068FA28E7DB4FF4FA70FDF7F0F9A3
:1069D0000020024908604AE09A99993E9C020020F2
:1069E000A4000020DC020020E8020020B800002003
:1069F0009C00002004000020001002407CFCFFFFEF
:106A000010030020140300209A9999BF500200201F
:106A1000000061C400006144200300200403002042
:106A20000C0300206666E63F0040B5C4CDCC4C3E6A
:106A30000000C8C410E01E204FF4E171022223467A
:106A4000CDE9002102904A0051420F20FEF743FB9E
:106A5000FAF706F800B904E0F7480068B0F5F57FEA
:106A6000E9DB00BFF5480068401CF4490860F348C2
:106A70000068FA28DEDB0020F04908601BE010E027
:106A80001E20FA2102222346CDE9002102904FF474
:106A9000617251420C20FEF71EFBF9F7E1FF00B9CD
:106AA00003E0E74800681928EADC00BFE348006813
:106AB000401CE2490860E1480068FA28DFDB00205A
:106AC000DE4908601FE014E040F2B720FDF770F9DE
:106AD0001E20962102222346CDE9002102904FF488
:106AE000617251420820FEF7F6FAF9F7B9FF00B9D2
:106AF00003E0D34800680928E6DC00BFCF480068FF
:106B0000401CCE490860CD480068FA28DBDB052030
:106B100005F082FAFBF78AFB0020C84908602FE0E5
:106B200014E01E204FF4AF7102222346CDE900216C
:106B300002904FF4617251420820FEF7CCFA012016
:106B400005F06AFAF9F78CFF00B913E0F9F7BEFF18
:106B50000646F9F78EFF051E01DB284600E0684275
:106B6000002E01DB314600E07142084440F2A4618E
:106B70008842D6DB00BFB1480068401CAF490860BE
:106B8000AE480068FA28CBDB0020FCF763F9FEBDB5
:106B9000FEB504460F20AB4908603C20AA490860B6
:106BA000FA20AA490860AA490860C00005F034FA32
:106BB000FA20A8490860A84800680F30A749086073
:106BC0001FED681A5FED6D0A19209FEDA50AFCF70D
:106BD00036FA06E0052005F01FFAF9F741FF00B983
:106BE00005E0A048006840F27F318842F2DB00BF38
:106BF0000020924908601EE013E01E204FF4E1716E
:106C000002222346CDE9002102904A00514214207D
:106C1000FDF7CFFBF9F724FF00B906E0012005F0EE
:106C2000FBF9874800682328E7DC00BF8348006839
:106C3000401C8249086081480068FA28DCDB462055
:106C4000804908605020804908604FF4EB707F490C
:106C500008607F49086000207849086020E014E05F
:106C60001E204FF4AF7102222346CDE9002102908D
:106C70004FF4617251420820FDF79BFBF9F7F0FEDB
:106C800000B907E0012005F0C7F96B480068B0F5CE
:106C9000E17FE5DB00BF69480068401C6749086088
:106CA000664800689628DADB00206449086025E021
:106CB00013E01E20322102222346CDE9002102905A
:106CC0004FF4617251420820FDF773FBF9F7C8FEDB
:106CD00000B90DE0012005F09FF959480068092826
:106CE000E7DC4FF48071604801F096FF0028E0D0A7
:106CF00000BF52480068401C504908604F48006877
:106D000040F20E618842D3DB40F26720FDF750F875
:106D1000FBF78CFA10E01E20322102222346CDE937
:106D2000002102904FF4617251420820FDF741FBAF
:106D3000F9F796FE00B913E0F9F7C8FE0646F9F731
:106D400098FE051E01DB284600E06842002E01DBAC
:106D5000314600E07142084440F2A4618842DADB27
:106D600000BF1920FCF776F8FEBDFEB504460F20E3
:106D7000344908603C2034490860FA2033490860EF
:106D800033490860C00005F047F91FEDDA1A5FEDDE
:106D9000DF0A19201FEDE20AFCF751F906E0052091
:106DA00005F03AF9F9F75CFE00B905E02D480068F6
:106DB00040F27F318842F2DB00BF2C48C07F40F0B8
:106DC00004002A49C877FA2022490860224800684E
:106DD000193022490860FCF7F4FF4FF4FA70FCF711
:106DE000E7FF0020154908601DE011E01E204FF468
:106DF000AF7102222346CDE9002102904FF4617267
:106E000051421420FDF7D5FAF9F72AFE00B904E043
:106E100009480068B0F5F57FE8DB00BF0748006867
:106E2000401C0649086005480068FA28DDDB0020A0
:106E3000024908603CE00000BC0000209C020020E9
:106E4000980000201003002014030020DC02002022
:106E5000E802002020030020040300200C0300208F
:106E600000C0C1C450020020000002400400002005
:106E700014E01E204FF4AF7102222346CDE9002119
:106E800002904FF4617251421420FDF792FA0120F2
:106E900005F0C2F8F9F7E4FD00B903E0FB4800682B
:106EA0001928E6DC00BFFA480068401CF849086071
:106EB000F7480068FA28DBDB0020F549086022E08B
:106EC00017E040F2B720FCF773FF1E209621022244
:106ED0002346CDE9002102904FF46172514208200F
:106EE000FDF767FA012005F097F8F9F7B9FD00B949
:106EF00003E0E64800680928E3DC00BFE4480068D6
:106F0000401CE3490860E2480068FA28D8DB00200A
:106F1000FBF7A0FFFBF78AF90020DD4908602EE0AF
:106F200014E01E204FF4AF7102222346CDE9002168
:106F300002904FF4617251420820FDF73AFA0120A5
:106F400005F06AF8F9F78CFD00B912E0F9F712FEC6
:106F50000646F9F7E5FD051E01DB284600E068421C
:106F6000002E01DB314600E071420844B0F5C86FE5
:106F7000D7DB00BFC6480068401CC5490860C4484C
:106F80000068FA28CCDB0020FBF764FFFEBD7047E9
:106F900030B500201BE0002116E0002211E0AFF226
:106FA000110300EB801404EB4404BA4D05EBC40458
:106FB00001EB810505EBC10504EB850444F82230A3
:106FC000521C0D2AEBDB491C1E29E6DB401C1E2847
:106FD000E1DBAFF2C164B04BC3F80C42AFF24F44F7
:106FE000C3F81042AFF27D24C3F81442AB4CAC4B53
:106FF000C3F83844AB4CC3F83C44A84CC3F84044F5
:10700000AFF62964A34B9C63DC631C64A64CC3F8F5
:10701000EC46A64CC3F8F046A34CC3F8F446A44C87
:10702000C3F8F846A14CC3F8FC46A24CC3F800478D
:10703000A14CC3F804479F4CC3F808479F4CC3F8C2
:107040000C479F4CC3F81047C3F81447C3F81847C0
:107050009C4CC3F8044D9C4CC3F8084DC3F8104D2C
:10706000C3F8144DC3F81C4D964CC3F8204D964CF4
:10707000C3F8284D934CC3F82C4D944C944BC3F853
:10708000D840944CC3F8DC40C3F8E440C3F8E8406F
:10709000C3F8F0408D4CC3F8F4408E4CC3F8FC406C
:1070A0008A4CC3F8004130BD30B500201BE0002100
:1070B00016E0002211E0AFF2291300EB801404EB7C
:1070C0004404854D05EBC40401EB810505EBC105C6
:1070D00004EB850444F82230521C0D2AEBDB491CDA
:1070E0001E29E6DB401C1E28E1DB30BD30B5024620
:1070F0007A480068884201DC002030BD784800886A
:107100000844642490FBF4F504FB150083B203EB00
:107110008300744C204404681460007910710120CD
:10712000EBE70CB501216846FFF7E0FF08B9002046
:107130000CBD9DF8020030B99DF80300012802D172
:1071400069490860F4E79DF8020038B99DF803002A
:10715000022803D1012065490860E9E79DF8020093
:1071600038B99DF80300032803D101206049086065
:10717000DEE70020DCE71CB54AE0FFF7D2FF6846F7
:10718000FAF7A0FDAFF2F9149DF802001E2807DA05
:107190009DF803001E2803DA9DF804000D2801DB8A
:1071A000A04735E09DF80100022802D003282CD129
:1071B00015E09DF8020000EB801000EB400035491F
:1071C00001EBC0009DF8031001EB810202EBC1014D
:1071D00000EB81009DF8041050F8214015E09DF867
:1071E000020000EB801000EB40003B4901EBC000C7
:1071F0009DF8031001EB810202EBC10100EB81005D
:107200009DF8041050F8214000BF00BFA04700BF08
:107210006846FAF745FD0028AFD1364908701CBD15
:107220003EB50446B42034490860FA20334908606A
:107230004FF49670324908603249086000201449C2
:10724000086012E006E0052004F0E6FEF9F708FC0D
:1072500000B904E02C480068B0F5967FF3DB00BF6E
:107260000B480068401C0A49086009480068FA2871
:10727000E8DB9FED261ADFED260A28209FED250A80
:10728000FBF7DDFE00200249086057E0980000206F
:107290009C020020B0080020A0450020F9590008F9
:1072A00090820020D7590008CB450008B74100085C
:1072B000954A0008913E0008B5420008154D0008A7
:1072C0005F480008EB4F000879500008C7500008DD
:1072D000F81A00208B50000880BF00209C0100207D
:1072E000A2010020B0060020E4000020E8000020F9
:1072F000EC000020A5010020100300201403002052
:10730000DC020020E8020020BC000020CDCCCC3DF7
:10731000000061C40000E14406E0052004F07CFEAA
:10732000F9F79EFB00B903E0F84800684028F4DC58
:1073300000BFF7480068401CF5490860F448006841
:1073400040F226218842E7DB0020FBF783FD002086
:10735000EF4908601DE012E014209621022240232C
:10736000CDE900210290EB4A11461E20FDF721F8DD
:10737000052004F051FEF9F773FB00B903E0E6487D
:1073800000686428E8DC00BFE1480068401CE04970
:107390000860DF48006840F226218842DBDB0020DD
:1073A000DB4908601DE012E01420962102224023F0
:1073B000CDE900210290D74A11461E20FCF7F9FFC3
:1073C000052004F029FEF9F74BFB00B903E0D24891
:1073D00000686428E8DB00BFCD480068401CCC4949
:1073E0000860CB48006840F226218842DBDB0020A1
:1073F000C74908601DE012E01420962102224023B4
:10740000CDE900210290C34A11461E20FCF7D1FFAE
:10741000052004F001FEF9F723FB00B903E0BF48A3
:1074200000686E28E8DC00BFB9480068401CB84915
:107430000860B748006840F226218842DBDB002064
:10744000FBF708FD9FEDB61ADFEDB60A14209FED9D
:10745000B50AFBF7F4FD06E0052004F0DDFDF9F7C1
:10746000FFFA00B904E0B048006810F1320FF3DB16
:1074700000BF1FED5A1ADFEDAB0A28209FEDA90AC5
:10748000FBF7DDFD0020A24908601FE013E0142097
:107490004FF4AF7102222346CDE900210290002271
:1074A00011462820FCF785FF052004F0B5FDF9F70B
:1074B000D7FA00B904E09D480068B0F5C87FE6DC63
:1074C00000BF93480068401C9149086090480068DC
:1074D00040F226218842D9DB00208D4908601DE05A
:1074E00012E014204FF4AF7102222346CDE90021AF
:1074F000029000221146FCF75CFF052004F08CFD91
:10750000F9F7AEFA00B903E088480068DC28E8DC47
:1075100000BF7F480068401C7D4908607C480068C7
:1075200040F226218842DBDB0020794908601EE01A
:1075300013E014204FF4AF7102222346CDE900215D
:107540000290002211460820FCF733FF052004F0CA
:1075500063FDF9F785FA00B903E074480068A528CF
:10756000E7DC00BF6A480068401C69490860684859
:10757000006840F226218842DADB0020FBF76AFC33
:107580003EBD10B56A480068012813D196206949AC
:10759000086040F26A206849086042F6E06004F042
:1075A0003BFD012065490860002065490860654988
:1075B00008602FE064480068012814D196205D49D6
:1075C00008604FF402705C49086042F6E06004F025
:1075D00023FD002059490860012059490860002016
:1075E0005849086016E059480068012812D1642003
:1075F000504908604FF4CD704F49086042F6E06092
:1076000004F00AFD00204D4908604D490860012042
:107610004C49086010BD10B564204D4908608C20AD
:107620004C49086080004C4908604C4908600020C3
:107630003749086013E006E0052004F0EDFCF9F797
:107640000FFA00B905E04648006840F28A218842F6
:10765000F2DB00BF2E480068401C2D4908602C4812
:107660000068FA28E7DB35480068012830D1FDF7CB
:10767000BAFF40F6B83004F0CFFCFDF7C0FF394840
:1076800090F8230040F01000364981F823000020D4
:107690001F49086014E006E0052004F0BDFCF9F77E
:1076A000DFF900B906E04FF480512F4801F0B4FA39
:1076B0000028F1D000BF16480068401C144908603B
:1076C00013480068FA28E6DB41F2883004F0A4FC95
:1076D0001B48006801287DD1FDF79EFF40F6B830B9
:1076E00004F09AFCFDF799FF1E4890F8230040F043
:1076F00040001C4981F823000846C07F40F0040088
:10770000C87700200249086045E00000A000002082
:107710009C0200207CFCFFFFA40000209C000020B5
:107720003333333F0000000050020020AC00002043
:10773000B001002018030020F402002064030020A0
:10774000680300206C030020B4010020B801002071
:107750001003002014030020DC020020E8020020B7
:10776000B8000020040000200000024006E00520D0
:1077700004F052FCF9F774F900B906E04FF4004147
:10778000FC4801F049FA0028F1D000BFFA4800682F
:10779000401CF9490860F8480068FA28E6DB41F225
:1077A000883004F039FC0020F34908601CE0962082
:1077B000F24908604FF40770F149086042F6E06052
:1077C00004F02AFC9620ED4908604FF4FA70EC4969
:1077D000086000E010E042F6E06004F01DFCE648BE
:1077E0000068401CE4490860E34800680528DEDBC7
:1077F0004FF40270E2490860E248006801285ED157
:10780000FDF7C5FE40F6B83004F006FCFDF7CFFEEC
:10781000DD4890F8230040F02000DB4981F8230088
:10782000084690F8230040F0080081F8230000206B
:10783000D149086014E006E0052004F0EDFBF9F7FB
:107840000FF900B906E04FF48061D04801F0E4F987
:107850000028F1D000BFC8480068401CC649086035
:10786000C5480068FA28E6DB41F2883004F0D4FB12
:107870000020C14908601AE06420C04908604FF444
:10788000D770BF49086042F6E06004F0C5FB642091
:10789000BA4908604FF4C370B949086042F6E06025
:1078A00004F0BAFBB4480068401CB3490860B24811
:1078B00000680528E0DB4FF4CD70B14908609FED0A
:1078C000B41A5FED680A05209FEDB20AFBF7B7FB1B
:1078D00041F6583004F0A0FB1E20FBF7BBFA05214F
:1078E0004FF4E160FBF7A1FB41F2883004F094FB18
:1078F0001E20FBF7AFFA10BD10B5FFF73CFC41F6B8
:10790000583004F089FBA4480068012805D12D20D7
:10791000FFF786FC0220A04908609F480068022803
:1079200004D1FFF72EFE03209B4908609A480068A7
:10793000032804D1FFF76FFE04209749086010BDAB
:107940003EB504460D46B42094490860FA20944997
:1079500008604FF4AF709349086093490860FA20BB
:10796000894981F833009620904908608320904926
:107970000860FA208F49086089208F4908609620A6
:1079800000EB440000EE900AF8EEE00AB0EE600A68
:107990009FED8A1AF1EE040A1E20FBF750FB00202F
:1079A0007549086011E006E0012004F035FBF9F7A5
:1079B00057F800B903E082480068A042F4DB00BF3A
:1079C0006D480068401C6C4908606B48006864287A
:1079D000E9DB4FF4157073490860734908600020B3
:1079E000654908601AE00FE00F2096210122234626
:1079F000CDE900210290002211461920FCF7D9FCA4
:107A0000F9F72EF800B903E06E4800681928EBDC9E
:107A100000BF59480068401C574908605648006834
:107A2000FA28E0DBFA20584981F82F00002052495B
:107A300008601AE00FE00F20962101222346CDE9CD
:107A400000210290002211461420FCF7B2FCF9F745
:107A500007F800B903E05B4800681428EBDC00BFBE
:107A600045480068401C4449086043480068FA28BB
:107A7000E0DB00204049086023E00FE00F20642194
:107A800001222346CDE900210290002211460A205E
:107A9000FCF78FFCF8F7E4FF00B90CE04FF48051DD
:107AA000494801F0B9F8012805D18102464801F0A2
:107AB000B3F80128E2D000BF2F480068401C2E49CF
:107AC00008602D4800686428D7DB0020FBF7C2F966
:107AD0004FF4FA6004F0A0FA00202749086035E06E
:107AE00021E04FF40041384801F096F8012805D113
:107AF00008214FF46170FBF798FA0DE00821324835
:107B000001F08AF8012804D108213048FBF78DFAEA
:107B100002E00020FBF79EF9012004F07DFAF8F75F
:107B20009FFF00B90CE04FF40041274801F074F8C2
:107B30000128D6D00821244801F06EF80128D0D0C1
:107B400000BF0D480068401C0B4908600A480068E7
:107B5000B0F5FA7FC4DB0020FBF77CF900200A496E
:107B600081F833004FF4FA6004F056FA002002491D
:107B700008605CE0000C02409C020020180300201A
:107B8000F40200206C0300200400002000040240E6
:107B9000CDCC4C3E00004843C00100201003002023
:107BA00014030020DC020020E80200201C03002057
:107BB00000030020200300200C0300209A99993E26
:107BC000A00000209C000020001002407CFCFFFF71
:107BD00021E04FF40041FC4801F01EF8012805D1D6
:107BE00008214FF46170FBF720FA0DE00821F648F8
:107BF00001F012F8012804D10821F448FBF715FA26
:107C000002E00020FBF726F9012004F005FAF8F75E
:107C100027FF00B905E00221EB4800F0FDFF012835
:107C2000D7D000BFEA480068401CE9490860E8482E
:107C30000068B0F5FA7FCBDB0020FBF70BF91E20C4
:107C4000E44908604620E449086040F26720E349BF
:107C50000860E34908604FF47A6004F0DDF91E2003
:107C6000FBF7F8F840F28320DC4908604FF41D7000
:107C7000DB4908600020DB4981F82F0041F28830A1
:107C800004F0CAF91E212846FBF7CFF900219FED29
:107C9000D60A4FF46670FBF763F9FAF7C7FA50207B
:107CA000CC4908608220CC49086010E0052004F02F
:107CB000B3F9F8F7D5FE00B90EE0CC480068B0F58E
:107CC000E17F04DDFA20C5490860C5490860C7485E
:107CD0000068B0F5487FE9DB00BF0A20FBF7BAF87F
:107CE0001FED551ADFEDC20A06209FEDC20AFBF711
:107CF000A6F90020B64908601AE006E0052004F065
:107D00008BF9F8F7ADFE00B90CE04FF48071AE4886
:107D100000F082FF012805D18021AB4800F07CFFF4
:107D20000128EBD000BFAA480068401CA8490860A1
:107D3000A74800686428E0DB1420A64908602D20CD
:107D4000A5490860F020A5490860A5490860002001
:107D5000FBF780F83EBD0EB50F209E4908603C2021
:107D60009D4908604FF482709C4908609C490860F6
:107D70004FF4FA6004F050F91FED7B1ADFED9D0A15
:107D800023209FED9D0AFBF75AF9002090490860D7
:107D900011E006E0012004F03FF9F8F761FE00B9B8
:107DA00003E096480068D228F4DC00BF88480068E9
:107DB000401C8749086086480068FA28E9DB0020F3
:107DC0008349086011E006E0012004F025F9F8F786
:107DD00047FE00B903E08A480068AF28F4DC00BF22
:107DE0007B480068401C7A49086079480068FA2896
:107DF000E9DB0020764908601AE00FE00F20C82177
:107E00000222A423CDE900210290704A14326F4966
:107E1000FCF7CFFAF8F724FE00B903E077480068D2
:107E20001228EBDC00BF6A480068401C6849086003
:107E300067480068FA28E0DB1420FBF70BF80EBD5A
:107E40000EB50F20634908603C20634908604FF479
:107E5000827062490860624908604FF4FA6004F079
:107E6000DBF81FEDB51ADFED630A23209FED650AED
:107E7000FBF7E5F800205649086011E006E0012014
:107E800004F0CAF8F8F7ECFD00B903E05B480068BD
:107E9000D228F4DC00BF4E480068401C4C49086002
:107EA0004B480068FA28E9DB00204949086012E0E5
:107EB00006E0012004F0B0F8F8F7D2FD00B904E0C4
:107EC0004F480068B0F5917FF3DC00BF4048006880
:107ED000401C3F4908603E480068FA28E8DB002063
:107EE0003B4908601BE010E00F209621022240F27F
:107EF0000F13CDE900210290344A14323349FCF7C4
:107F000058FAF8F7ADFD00B903E03C4800681728BF
:107F1000EADC00BF2E480068401C2D4908602C4850
:107F20000068FA28DFDB1420FAF794FF0EBD3EB597
:107F30000F20284908603C20274908604FF48270D0
:107F400026490860264908604FF4FA6004F064F896
:107F50001FEDF11ADFED270A23209FED260AFBF71C
:107F60006EF800201A49086011E006E0012004F0D4
:107F700053F8F8F775FD00B903E020480068D228EF
:107F8000F4DC00BF12480068401C1149086010482A
:107F90000068FA28E9DB00200D4908603EE033E084
:107FA0000F20A02102228423CDE900210290074A5C
:107FB000143206491E20FCF7ACF8012004F02CF81E
:107FC000F8F74EFD00BB23E0001002407CFCFFFFF1
:107FD0009C0200201003002014030020DC0200207B
:107FE000E8020020040000209A99993F50020020E6
:107FF00000006144000061C40080BBC49C000020FC
:10800000A000002000C0A8C4F84800682D28C7DCE4
:1080100000BFF7480068401CF5490860F448006854
:10802000FA28BCDB0020F24908601AE00FE00F20BC
:10803000A02102228423CDE900210290ED4AED49DE
:108040001439FCF766F8F8F70BFD00B903E0E748D0
:1080500000681528EBDC00BFE5480068401CE449D7
:108060000860E3480068FA28E0DB0020E049086087
:108070001AE00FE00F20A02102228423CDE9002185
:108080000290DC4ADB491439FCF743F8F8F7E8FCC6
:1080900000B903E0D54800681428EBDC00BFD448E1
:1080A0000068401CD2490860D1480068FA28E0DB2B
:1080B0001420FAF7CFFEB420CF490860FA20CF4948
:1080C000086040F2B220CE490860CE490860002026
:1080D000C749086012E006E0052003F09DFFF8F7AD
:1080E000BFFC00B904E0C8480068B0F52B7FF3DDA1
:1080F00000BFBF480068401CBD490860BC4800681C
:10810000FA28E8DB0020BA4908601DE010E00F20E3
:10811000962102228423CDE900210290B54AB54977
:1081200014390720FBF7F5FFF8F79AFC00B905E0D2
:108130001021B64800F070FD0128E8D000BFAC481F
:108140000068401CAA490860A9480068FA28DDDBDD
:10815000FAF76CF810E00F20962102228423CDE973
:1081600000210290A34AA34914390720FBF7D1FF4D
:10817000F8F776FC00B912E0F8F7FCFC0546F8F7D2
:10818000CFFC041E01DB204600E06042002D01DB35
:10819000294600E069420844B0F5077FDBDB00BFF9
:1081A0001E20FAF757FE3EBD30B500201AE0002130
:1081B00015E0002210E0964B00EB801404EB440421
:1081C000944D05EBC40401EB810505EBC10504EBFF
:1081D000850444F82230521C0D2AECDB491C1E2970
:1081E000E7DB401C1E28E2DBAFF295448A4BC3F864
:1081F0000C42AFF2B334C3F81042AFF2CD24C3F84F
:108200001442864C864BC3F83844864CC3F83C4431
:10821000824CC3F84044844C7E4BC3F8EC46834CFC
:10822000C3F8F046804CC3F8F446814CC3F8F846D6
:10823000804CC3F8FC46804CC3F800477F4CC3F821
:1082400004477D4CC3F808477D4CC3F80C477D4C70
:10825000C3F81047C3F81447C3F818477A4CC3F85B
:10826000084D7A4CC3F80C4DC3F8144DC3F8184DA3
:10827000C3F8204D744CC3F8244D744CC3F82C4DF6
:10828000714CC3F8304D724C724BC3F8D440724CF1
:10829000C3F8D840C3F8E040C3F8E440C3F8EC406A
:1082A0006B4CC3F8F0406C4CC3F8F840684CC3F812
:1082B000FC4030BD30B500201AE0002115E000225E
:1082C00010E0534B00EB801404EB4404634D05EBCA
:1082D000C40401EB810505EBC10504EB850444F8FA
:1082E0002230521C0D2AECDB491C1E29E7DB401C06
:1082F0001E28E2DB30BD1CB545E0454C9DF8020070
:108300001E2807DA9DF803001E2803DA9DF80400F2
:108310000D2801DBA04736E09DF80100022802D0BD
:1083200003282CD115E09DF8020000EB801000EB33
:108330004000384901EBC0009DF8031001EB8102B9
:1083400002EBC10100EB81009DF8041050F82140C0
:1083500016E09DF8020000EB801000EB40003F4962
:1083600001EBC0009DF8031001EB810202EBC1019B
:1083700000EB81009DF8041050F8214000E000BFA0
:1083800000BFA04700BF6846F9F79CFC0028B4D1A5
:10839000334908701CBD10B5044600BF8021314828
:1083A00002F0F3FB0028F9D021462E4802F03DFBF5
:1083B00010BD38B505462A462BA1684604F0E0FDFD
:1083C0006C4603E02078FFF7E6FF641C2078002865
:1083D000F8D138BD09E01120FAF767F901212448E6
:1083E00002F0F8FA0F2003F017FEF4E79C000020DB
:1083F0009C02002090FCFFFF1003002014030020CB
:10840000DC020020E8020020B8000020001002403A
:108410008F6F0008B0080020A0450020F95900081F
:1084200090820020D7590008CB450008B7410008CA
:10843000534B00080D450008913E000857440008C2
:108440005F4C00085F48000879500008EB4F0008B7
:108450008B500008F81A0020C750000880BF002089
:10846000A5010020001001402530325820000000F6
:108470000048004017E0FBF738F9FBF74FFAFBF72D
:10848000A2FA8F48006808B9FBF708FC8D4800681D
:1084900008B9FBF754FB8C48006808B9FBF7A4FB4C
:1084A000032003F0B9FDE6E702E0032003F0B4FD8A
:1084B000FBE704E0FBF75FF8032003F0ADFDF9E70D
:1084C0001FB5F8F7A3FBF8F7E0FBF8F74CFEF8F759
:1084D00021FFF9F713F8F8F798FFF9F787F8F8F79D
:1084E00075FC4FF4E130F9F75AF94FF4E130F9F740
:1084F000E3F94FF4E130F9F76CFA4FF4E130F9F7B2
:108500000EFB4FF46120F9F762FCFAF752FA0020F3
:108510006E490860F9F78AFE64206D490860002002
:1085200000900190029003464FF4807269A103907D
:108530006D4803F032FB002000900190029003464A
:108540004FF4807269A103906D4803F026FB002070
:1085500000900190029003464FF4807269A103904D
:108560006D4803F01AFB4FF47A7003F055FD282094
:108570006A4908603C206A4908606A4800686A499C
:1085800008606A4800686A490860642050490860C9
:1085900040F2F71067490860962067490860752027
:1085A00066490860FA2066490860732065490860DA
:1085B00067E05EE01E210720FDF77CFEFDF7A3F8D3
:1085C000FDF70EF9FDF72BF8FDF756FE5E48007833
:1085D00000F0020008B1FDF720FA02215B4800F02C
:1085E0001BFB002845D05848407800F0080078B1BF
:1085F0005548807960B15448C07948B9334800681B
:1086000030B95349B620FDF79BFF01202F49086080
:108610004D48407800F0200048B14B48807930B197
:108620004948C07918B94FF48370FEF79EFB46485D
:10863000407800F0100048B14348807930B142489A
:10864000C07918B940F27110FEF7A2FA3E4840789E
:1086500000F0080068B13C48807950B13A48C079D0
:1086600038B91A480068012803D140F27510FEF7A6
:1086700050F93548007800F0010000289AD1FAF747
:10868000E9FB96E71FB50020009001900290034699
:108690004FF480722FA10390314803F07EFA00203E
:1086A00000900190029003464FF480722DA1039038
:1086B0002F4803F072FA03F089FE002004B010BDC9
:1086C00074030020780300207C0300207003002046
:1086D000180300207461736B526F626F74416E6196
:1086E0006C79746963730000B38400087461736B00
:1086F000446965754B6869656E436F436175000039
:10870000A98400087461736B446965754B68696579
:108710006E436F43617531007584000810030020BB
:1087200014030020B8000020DC020020BC00002060
:10873000E8020020F40200201C03002000030020B7
:10874000200300200C030020A106002000040240AA
:108750005CF9FFFF7461736B4D61696E000000008E
:10876000C18400087461736B4779726F0000000068
:10877000D58300080CB50020019000907248006875
:1087800040F480307049086000BF6F48006800F412
:10879000003000900198401C0190009818B9019891
:1087A000B0F5A06FF1D16848006800F4003010B156
:1087B0000120009001E0002000900098012846D19F
:1087C00061484030006840F080505F4940310860A7
:1087D0005E48006840F480405C4908605A480830B0
:1087E00000685949083108600846006840F40040B4
:1087F00008600846006840F4A05008605448091F0B
:108800000860081F006840F08070091F086000BF02
:108810004D48006800F000700028F9D040F2056073
:108820004C49086048480830006820F00300464979
:10883000083108600846006840F00200086000BF88
:1088400041480830006800F00C000828F8D10CBD41
:1088500010B53D48006840F001003B490860002029
:10886000394908310860384800683B4908403649B2
:1088700008603A48091D0860081F006820F480203D
:10888000091F0860002030490C310860FFF772FFB3
:108890004FF000603249086010BD70B50020002222
:1088A000022300240221284D08352D6805F00C0014
:1088B00020B1042806D0082834D107E0294D2A4EDB
:1088C000356033E0294D284E35602FE01E4D2D1DBB
:1088D0002D68C5F380541C4D2D1D2D6805F03F01FA
:1088E00054B1224DB5FBF1F5174E361D3668C6F36F
:1088F000881605FB06F209E01A4DB5FBF1F5124E9C
:10890000361D3668C6F3881605FB06F20E4D2D1D82
:108910002D68C5F301456D1C6B00B2FBF3F5124EDB
:10892000356003E00F4D104E356000BF00BF064DAF
:1089300008352D68C5F303150D4E705D0A4D2D6881
:10894000C540094E356070BD0038024000700040DF
:1089500008544007003C0240FFFFF6FE10300024A0
:1089600008ED00E00024F400F003002000127A007B
:10897000F40300200648804706480047FEE7FEE76C
:10898000FEE7FEE7FEE7FEE7FEE7FEE7FEE7FEE7BF
:10899000518800088901000832490143324A1160B8
:1089A000704770B5002100230F22C4781CB32E4CF1
:1089B000246804F4E064C4F5E064C4F30721C1F161
:1089C0000404E3B20A4144789C40E1B28478144044
:1089D00021430C07210E254C05786155047804F0DD
:1089E0001F050124AC4005786D11AD0005F1E025AF
:1089F000C5F8004109E0047804F01F050124AC40EB
:108A00001B4D0678761145F8264070BD194A0A407C
:108A10000243154B1B1F1A60704739B1124A121DD1
:108A200012680243104B1B1D1A6006E00E4A121D0D
:108A3000126882430C4B1B1D1A607047042808D132
:108A40004FF0E021096941F004014FF0E02211618B
:108A500007E04FF0E021096921F004014FF0E02226
:108A6000116170470000FA050CED00E000E400E041
:108A700080E100E080FFFF1F10B504468C4884426F
:108A800008D10121084600F000FB0021012000F080
:108A9000FCFA5EE08748844208D10121022000F000
:108AA000F4FA0021022000F0F0FA52E082488442F9
:108AB00008D10121042000F0E8FA0021042000F090
:108AC000E4FA46E07D48844208D10121082000F004
:108AD000DCFA0021082000F0D8FA3AE07848844215
:108AE00008D10121102000F0D0FA0021102000F060
:108AF000CCFA2EE07348844208D10121202000F0F6
:108B0000C4FA0021202000F0C0FA22E06E4884421E
:108B100008D10121402000F0B8FA0021402000F0E7
:108B2000B4FA16E06948844208D10121802000F09F
:108B3000ACFA0021802000F0A8FA0AE064488442E0
:108B400007D10121801500F0A0FA0021A01500F046
:108B50009CFA10BDF0B50A4600210023002400BF96
:108B60003DE0012505FA01F3156805EA03049C427E
:108B700034D105684F000326BE40B5430560157922
:108B80004E00B5400668354305601579012D02D0C9
:108B90001579022D16D185684F000326BE40B543D6
:108BA000856055794E00B5408668354385604568D7
:108BB00001268E40B5434560456896798E40B6B231
:108BC00035434560C5684F000326BE40B543C560C8
:108BD000D5794E00B540C6683543C560491C10299B
:108BE000BFD3F0BD4FF6FF710160002101714171EB
:108BF0008171C171704708B54FF480320092009ABC
:108C00000A430092009AC261C161009AC261C269BE
:108C10000092C269009208BD0246002013690B4011
:108C20000BB1012000E0002070470146086980B2C6
:108C300070470246002053690B400BB1012000E051
:108C4000002070470146486980B270470183704731
:108C5000418370470AB1018300E04183704741615D
:108C6000704742694A4042617047F0B500230024D2
:108C70004D07ED0E02FA05F3CE1000F1200555F870
:108C800026504E07F70E0F26BE40B543CF1000F119
:108C9000200646F82750CE1000F1200555F8265042
:108CA00045EA0304CE1000F1200545F82640F0BD4A
:108CB000000002400004024000080240000C024094
:108CC000001002400014024000180240001C024044
:108CD00000200240FA48006840F00100F8490860AE
:108CE0000020F74908310860F5480068F549084058
:108CF000F3490860F448091D0860081F006820F463
:108D00008020091F08600020ED490C310860704781
:108D10000021EB4A921C117011460870704710B583
:108D200001460022002300204A11012A02D1E44C0E
:108D3000236808E0022A03D1E14C7034236802E082
:108D4000DF4C7434236801F01F02012494401C405E
:108D50000CB1012000E0002010BD38B500200090CB
:108D60000024002500BF3120FFF7D9FF05460098F9
:108D7000401C00900098B0F5A06F01D0002DF2D0FB
:108D80003120FFF7CCFF08B1012400E00024204689
:108D900038BD01460020CA4A106820F0F80040EAB9
:108DA000C10010607047C949086070470021C44A7B
:108DB000703211701170012802D004280AD104E029
:108DC0000121BF4A7032117005E00521BC4A7032A2
:108DD000117000E000BF00BF7047BD4908607047D8
:108DE00070B5049C41EA82150126C6EB530645EA9C
:108DF0000645054345EA0465B14E361D356070BD34
:108E0000B24908667047820142EA0172AC4B843372
:108E10001A607047AD4988667047AC49C8647047AE
:108E200002460020A64B0833186820F0EC6042EAA6
:108E300001031843A24B0833186070470246002014
:108E40009F4B0833186820F0784042EA010318432A
:108E50009B4B08331860704701460020984A08323F
:108E6000106820F0030008431060704794480830F1
:108E7000006800F00C00704701460020904A08325C
:108E8000106820F0F0000843106070470146002091
:108E90008B4A0832106820F4E05008431060704795
:108EA00001460020864A0832106820F4604040EAFB
:108EB000C10010607047F0B5002100220024022597
:108EC000002602237E4F08373F6807F00C0121B1CE
:108ED000042905D0082937D105E07E4F076036E028
:108EE0007D4F076033E0764F3F1D3F68C7F38056E4
:108EF000734F3F1D3F6807F03F036EB1764FB7FBDE
:108F0000F3F7DFF8BCC10CF1040CDCF800C0CCF3C3
:108F1000881C07FB0CF40CE06E4FB7FBF3F7DFF88F
:108F2000A0C10CF1040CDCF800C0CCF3881C07FBDA
:108F30000CF4634F3F1D3F68C7F301477F1C7D0062
:108F4000B4FBF5F7076002E0624F076000BF00BFA7
:108F50005B4F08373F6807F0F00109095F4F7A5C03
:108F60000768D7404760564F08373F6807F4E0511D
:108F7000890A5A4F7A5C4768D7408760504F083754
:108F80003F6807F46041490B544F7A5C4768D7400B
:108F9000C760F0BD002100F44072B2F5407F0AD1F5
:108FA000474A0832116821F4F8114D4A0240114332
:108FB000434A08321160424A70321268C0F30B0310
:108FC0001A433F4B70331A60704741494439086077
:108FD00070473F4940390860704742490860704710
:108FE00039B1374A303212680243354B30331A6098
:108FF00006E0334A303212688243314B30331A6014
:10900000704739B12E4A3432126802432C4B343344
:109010001A6006E02A4A343212688243284B3433FD
:109020001A60704739B1264A383212680243244B1D
:1090300038331A6006E0224A383212688243204BE5
:1090400038331A60704739B11D4A40321268024302
:109050001B4B40331A6006E0194A403212688243C3
:10906000174B40331A60704739B1154A44321268C1
:109070000243134B44331A6006E0114A443212682B
:1090800082430F4B44331A60704739B10C4A103297
:10909000126802430A4B10331A6006E0084A103285
:1090A00012688243064B10331A607047E1B1044ADC
:1090B000143212680243024B14331A6019E00000A4
:1090C00000380240FFFFF6FE103000240000474247
:1090D000800E47420024F40000127A0004040020AD
:1090E000FFFCFF0F5C0147425B4A126882435A4B08
:1090F0001A60704739B1584A121D12680243564B24
:109100001B1D1A6006E0544A121D12688243524B1E
:109110001B1D1A60704739B14F4A0C321268024366
:109120004D4B0C331A6006E04B4A0C3212688243F6
:10913000494B0C331A60704739B1474A10321268F4
:109140000243454B10331A6006E0434A103212685E
:109150008243414B10331A60704739B13E4A3C326A
:10916000126802433C4B3C331A6006E03A4A3C32F8
:1091700012688243384B3C331A60704739B1364A23
:10918000403212680243344B40331A6006E0324AE0
:10919000403212688243304B40331A60704739B115
:1091A0002D4A4432126802432B4B44331A6006E0C6
:1091B000294A443212688243274B44331A6070476D
:1091C00039B1254A4C3212680243234B4C331A60A2
:1091D00006E0214A4C32126882431F4B4C331A601E
:1091E000704739B11C4A5032126802431A4B50334F
:1091F0001A6006E0184A503212688243164B503308
:109200001A60704739B1144AD21F12780243124BC8
:10921000DB1F1A7006E0104AD21F127882430E4BF1
:10922000DB1F1A7070470C486030006840F0807097
:10923000094960310860704701460020064A083A33
:1092400012680A400AB1012000E00020704702497C
:10925000891F0870704700001438024010B50121C2
:109260000802FFF769FF00214FF48070FFF764FFE9
:1092700010BD30B50246002000235068F84C204055
:109280000D790C6844EA0524204350609068F54C41
:109290002040D1E903542C438D682C434D7944EA96
:1092A000450420439060D06A20F470000C7D641E59
:1092B000E4B2234340EA0350D06230BD0021016094
:1092C000017141718160C1600161012101757047C7
:1092D0000021E54A1168E54A1140D0E900231A430C
:1092E00083681A43C3681A431143E14AC2F804135E
:1092F00070470021016041608160C160704721B109
:10930000826842F00102826003E0826822F001027A
:10931000826070470A4600214168D64B19401143CC
:10932000416070474162826270470A46002141688D
:1093300021F01F0111434160704738B1CA490968E3
:1093400041F40001CA4AC2F8041306E0C64909689C
:1093500021F40001C64AC2F80413704738B1C2496B
:10936000096841F48001C24AC2F8041306E0BE490C
:10937000096821F48001BE4AC2F804137047F0B5B1
:1093800004460D4600200021092D11DDE068A5F1FD
:109390000A0606EB4607072606FA07F18843A5F1F9
:1093A0000A0606EB460603FA06F10843E0600CE005
:1093B000206905EB4507072606FA07F1884305EB08
:1093C000450603FA06F108432061072A0FDA606BAD
:1093D000561E06EB86071F2606FA07F18843561E1F
:1093E00006EB860605FA06F10843606322E00D2AC3
:1093F0000FDA206BD61F06EB86071F2606FA07F149
:109400008843D61F06EB860605FA06F1084320635B
:1094100010E0E06AA2F10D0606EB86071F2606FAA9
:1094200007F18843A2F10D0606EB860605FA06F160
:109430000843E062F0BD816841F08041816070477F
:10944000014600208A6802F480020AB1012000E08F
:109450000020704721B1826842F48062826003E09C
:10946000826822F480628260704721B1826842F093
:109470000202826003E0826822F00202826070478A
:1094800010B50A4600210023416821F46041531EB3
:1094900041EA4331416010BD21B1426842F40062AB
:1094A000426003E0426822F4006242607047014675
:1094B000C86C80B270476C48001D0068704721B1CD
:1094C000826842F48072826003E0826822F48072D3
:1094D0008260704721B1826842F40072826003E0CA
:1094E000826822F400728260704738B15E49096870
:1094F00041F400515E4AC2F8041306E05A49096873
:1095000021F400515A4AC2F804137047F0B50446DA
:109510001546002000220026092911DDE068A1F18E
:109520000A0707EB470C072707FA0CF29043A1F153
:109530000A0707EB470703FA07F21043E0600CE065
:10954000206901EB410C072707FA0CF2904301EB6D
:10955000410703FA07F210432061A06BC0F30156E4
:10956000EF1C06F1010CA7EB0C0707EB870C1F277C
:1095700007FA0CF29043EF1C06F1010CA7EB0C0765
:1095800007EB870701FA07F21043A063F0BD10B59F
:109590000A4600210023816B21F44011531E41EA49
:1095A0000351816310BD08B5002300930090009B18
:1095B0000B440093009B1A6008BD0A460021816895
:1095C00021F470211143816070470A4600218168AF
:1095D00021F44011114381607047816841F480019A
:1095E00081607047014600208A6802F480020AB157
:1095F000012000E00020704721B1426842F48062FF
:10960000426003E0426822F480624260704721B108
:10961000426842F48052426003E0426822F4805281
:109620004260704708B5024600200090009201F1A8
:109630002800009B184400900098006880B208BD84
:1096400010B50B460021D9B2012404FA01F11AB178
:1096500044680C43446002E044688C43446010BD9D
:10966000FFFEFFFCFDF7FFC004230140E030FCFFDC
:1096700000200140FFFD3FFF0246002013680B4021
:109680000BB1012000E000207047CA430260704720
:1096900070B502460020002300240B1255680126F5
:1096A0008E4005EA060415681D4015B10CB1012075
:1096B00000E0002070BD00220A12D343036070470F
:1096C000016821F0010101600021016041608160B9
:1096D000C160016121214161DB49884204D13D2102
:1096E000D94A103A91608CE0D7491831884205D1A7
:1096F0004FF47461D44A103A916082E0D24930311B
:10970000884205D14FF47411CF4A103A916078E045
:10971000CD494831884205D14FF07461CA4A103AA8
:1097200091606EE0C8496031884204D1C749C64A99
:10973000103AD16065E0C4497831884204D1C44907
:10974000C14A103AD1605CE0BF499031884204D1EF
:10975000C049BD4A103AD16053E0BB49A8318842A4
:1097600005D14FF03D51B84A103AD16049E0BA49AD
:10977000884204D13D21B84A083A116041E0B64917
:109780001831884205D14FF47461B34A083A116028
:1097900037E0B1493031884205D14FF47411AE4AF7
:1097A000083A11602DE0AC494831884205D14FF0AC
:1097B0007461A94A083A116023E0A74960318842E0
:1097C00004D1A249A44A121F11601AE0A2497831BB
:1097D000884204D19E49A04A121F116011E09E499F
:1097E0009031884204D19B499B4A121F116008E0C6
:1097F0009949A831884204D14FF03D51964A121F31
:109800001160704710B500220268944B1A40CC6872
:109810000B6823434C6923438C692343CC6923435E
:109820000C6A23434C6A23438C6A23434C6B2343C7
:109830008C6B23431A430260426922F00702D1E98C
:109840000B3423431A4342610B6943604B688360C6
:109850008B68C36010BD0021016041608160C16000
:10986000016141618161C161016241628162C162E4
:10987000016341638163704721B1026842F00102D4
:10988000026003E0026822F001020260704721B129
:10989000026842F40042026003E0026822F40042DF
:1098A0000260704721B1026842F02002026003E0CA
:1098B000026822F020020260704741607047014652
:1098C000486880B2704722B1036843F40023036004
:1098D00003E0036823F4002303600161704721B1B2
:1098E000026842F48022026003E0026822F48022CF
:1098F000026070470AB1016100E0C1607047014633
:1099000000200A6802F400220AB1012000E00020D1
:109910007047014600200A6802F001020AB10120E6
:1099200000E000207047014600204A6902F038003C
:10993000704730B503460A4600200024464DAB422E
:1099400002D24149103901E04349103902F0005573
:109950000DB14C6800E00C68414D2C4004EA020552
:109960000DB1012000E0002030BD02463A4B9A4282
:1099700002D23548103801E03748103801F0005362
:109980001BB1374B0B40C36002E0354B0B4083608B
:10999000704710B501F080034BB122B1436943F029
:1099A0008003436103E0436923F08003436180291E
:1099B0000BD02AB1036801F01E042343036004E0C6
:1099C000036801F01E04A343036010BD70B5024696
:1099D000002000240025204EB24202D21A4B103B38
:1099E00001E01D4B103B1F4E0E4036B11E2606EA0D
:1099F000D124166806EA040502E0566906F08005DF
:109A000001F000560EB15C6800E01C68144E344052
:109A100004EA010616B10DB1012000E0002070BD7E
:109A200002460D4B9A4202D20748103801E00A481C
:109A3000103801F000531BB1094B0B40C36002E02A
:109A4000074B0B4083607047106002403D000020D0
:109A5000400F002000003D20106402403F801CF0B9
:109A60007D0F7D0F3C0F3C0F002044490860091D0D
:109A70000860091D0860091D086041483F4914310C
:109A80000860704700213D498279002A3AD00A4691
:109A9000126803689A430B461A600A1D126803682D
:109AA0009A430B1D1A60027911440A6803681A432D
:109AB0000A60324A0832126803689A432F4B08330F
:109AC0001A601A1D126803689A432C4B0C331A60F3
:109AD0004279102A0ED11A1F126803681A43274BC5
:109AE00008331A601A1D126803681A43234B0C339B
:109AF0001A600DE02149427911440A6803681A434B
:109B00000A6005E0027911440A6803689A430A6012
:109B100070470021016001710C21417100218171A8
:109B200070471649103109680143144A1032116018
:109B3000704701460020114A143212680A400AB1E7
:109B4000012000E0002070470C4914310860704784
:109B5000014600200022094B1B6803EA0102074B63
:109B600014331B680B4013B10AB1012000E0002040
:109B7000704702491431086070470000003C014002
:109B8000FFFF7F0010B50446FE48844208D1012142
:109B90000846FFF7D1FA00210120FFF7CDFA9DE03A
:109BA000B4F1804F08D101210846FFF7B4FA002133
:109BB0000120FFF7B0FA91E0F348844208D1012177
:109BC0000220FFF7A8FA00210220FFF7A4FA85E09F
:109BD000EE48844208D101210420FFF79CFA0021BD
:109BE0000420FFF798FA79E0E948844208D101217E
:109BF0000820FFF790FA00210820FFF78CFA6DE0AB
:109C0000E448844208D101211020FFF784FA0021A2
:109C10001020FFF780FA61E0DF48844208D101217B
:109C20002020FFF778FA00212020FFF774FA55E092
:109C3000DA48844208D101210220FFF77DFA002191
:109C40000220FFF779FA49E0D548844209D1012181
:109C50000804FFF771FA00214FF48030FFF76CFA27
:109C60003CE0D048844209D101214804FFF764FA5E
:109C700000214FF40030FFF75FFA2FE0CA4884421A
:109C800009D101218804FFF757FA00214FF4802001
:109C9000FFF752FA22E0C548844208D10121402052
:109CA000FFF739FA00214020FFF735FA16E0C048E7
:109CB000844208D101218020FFF72DFA0021802065
:109CC000FFF729FA0AE0BB48844207D10121801539
:109CD000FFF721FA0021A015FFF71DFA10BD0022A1
:109CE0000288A84B98420ED0AC4B98420BD0B0F1F2
:109CF000804F08D0A44B984205D0A44B984202D084
:109D0000A34B984204D14FF68F731A404B881A43E5
:109D1000A04B984207D0A04B984204D04FF6FF4387
:109D20001A400B891A4302804B68C3620B88038573
:109D3000944B984202D0994B984201D18B7A03867A
:109D40000123838270474FF0FF3141600021018081
:109D500001814180817270470185828270470A4685
:109D6000002101884FF68F7319401143018070471D
:109D700041627047C16270470146486A70470146B8
:109D8000088D704721B1028842F00202028004E08F
:109D900002884FF6FD731A400280704721B1028895
:109DA00042F00402028004E002884FF6FB731A407E
:109DB0000280704721B1028842F08002028004E0F4
:109DC00002884FF67F731A400280704702884FF670
:109DD000F7731A40028002880A43028070470288A3
:109DE0004FF6FF431A40028002880A430280704700
:109DF00021B1028842F00102028004E002884FF69D
:109E0000FE731A400280704770B5002400220023C0
:109E1000058C4FF6FE7635400584028C8388048BD2
:109E20004FF68F752C40B51E2C400D882C43751EA7
:109E30002A408D892A434D882A43524DA84202D098
:109E4000564DA84213D14FF6F7752A40CD892A43C3
:109E50004FF6FB752A408D882A434FF6FF652B404D
:109E60004FF6FF552B400D8A2B434D8A2B438380A1
:109E700004838D684563028470BD70B500240022A0
:109E80000023058C4FF6EF7635400584028C8388DD
:109E9000048B48F6FF752C404FF6FF452C400D888B
:109EA0004FF6FF7606EA05252C434FF6DF752A406C
:109EB0008D8906EA05152A434D8806EA05152A43C9
:109EC000304DA84202D0354DA8421DD14FF67F75C6
:109ED0002A40CD894FF6FF7606EA05152A434FF64C
:109EE000BF752A408D8806EA05152A434FF6FF35CF
:109EF0002B404FF2FF752B400D8A06EA85052B4358
:109F00004D8A06EA85052B43838004838D6885632B
:109F1000028470BD70B5002400220023058C4FF62A
:109F2000FF6635400584028C8388848B4FF68F75DD
:109F30002C404FF6FC752C400D882C434FF6FF55F6
:109F40002A408D894FF6FF7606EA05252A434D887B
:109F500006EA05252A430B4DA84202D00F4DA84220
:109F600038D14FF2FF752A40CD894FF6FF7606EAC9
:109F700005252A434FF6FF352A408D8806EA052538
:109F80002A4319E00000014000040040000800409E
:109F9000000C00400010004000140040000401408C
:109FA00000400140004401400048014000180040CA
:109FB000001C0040002000404EF6FF752B404DF67F
:109FC000FF752B400D8A06EA05152B434D8A06EADC
:109FD00005152B43838084838D68C563028470BD1F
:109FE00070B5002200230024058C4EF6FF76354024
:109FF0000584038C8488828B48F6FF752A404FF6CF
:10A00000FF452A400D884FF6FF7606EA05252A43CC
:10A010004DF6FF752B408D8906EA05352B434D889B
:10A0200006EA05352B43FE4DA84202D0FD4DA8425D
:10A0300008D14BF6FF752C400D8A4FF6FF7606EAE5
:10A0400085152C43848082838D680564038470BDEC
:10A05000002101804180818081608181C1810182F4
:10A060004182704770B5034600200024184618301E
:10A0700001258D40ACB21D8CA5431D8409B1082972
:10A080000AD100EB610005684FF68F763540056018
:10A090000568154305600FE00D1FC5F34E05284404
:10A0A000056848F6FF763540056005684FF6FF768F
:10A0B00006EA02263543056070BD4163704781633F
:10A0C0007047C1637047016470470A460021018BE5
:10A0D0004FF68F7319401143018370470A460021E0
:10A0E000018B48F6FF7319404FF6FF7303EA022312
:10A0F0001943018370470A460021818B4FF68F7305
:10A1000019401143818370470A460021818B48F62C
:10A11000FF7319404FF6FF7303EA0223194381834B
:10A1200070470A460021018B4FF6F773194011431F
:10A13000018370470A460021018B4FF2FF731940DB
:10A140004FF6FF7303EA02231943018370470A465F
:10A150000021818B4FF6F7731940114381837047BB
:10A160000A460021818B4FF2FF7319404FF6FF73AF
:10A1700003EA02231943818370470A460021018BB9
:10A180004FF6FB7319401143018370470A460021C3
:10A19000018B4FF6FF3319404FF6FF7303EA02239A
:10A1A0001943018370470A460021818B4FF6FB73E8
:10A1B00019401143818370470A460021818B4FF675
:10A1C000FF3319404FF6FF7303EA022319438183DB
:10A1D00070470A460021018B4FF67F7319401143E7
:10A1E000018370470A460021018BC1F30E014FF62F
:10A1F000FF7303EA02231943018370470A460021D3
:10A20000818B4FF67F7319401143818370470A4653
:10A210000021818BC1F30E014FF6FF7303EA022385
:10A220001943818370470A460021018C4FF6FD7364
:10A2300019401143018470470A460021018C4FF6F2
:10A24000F77319401143018470470A460021018CBD
:10A250004FF6DF7319404FF6FF7303EA02131943F9
:10A26000018470470A460021018C4FF67F73194024
:10A270004FF6FF7303EA02131943018470470A463D
:10A280000021018C4FF6FF5319404FF6FF7303EA8C
:10A2900002231943018470470A460021018C4FF2C2
:10A2A000FF7319404FF6FF7303EA02231943018439
:10A2B00070470A460021018C4DF6FF7319404FF696
:10A2C000FF7303EA023319430184704730B500235A
:10A2D00001248C40A3B2048C9C430484048C02FAB5
:10A2E00001F5ADB22C43048430BD30B50023042405
:10A2F0008C40A3B2048C9C430484048C02FA01F5C4
:10A30000ADB22C43048430BD828B4FF2FF331A4030
:10A310008283828B4FF6FF7303EA01231A43828301
:10A320007047F0B50C461546002100220026078C28
:10A330004EF6FF7C07EA0C070784818B028C4FF6F0
:10A34000FF7707EA043640F6FF4739404FF6FF77BC
:10A3500007EA052739434FF6FF7707EA0337394302
:10A3600045F6FF773A4046F480573A4381830284AA
:10A37000F0BD828B4FF6F3731A408283828B0A43BF
:10A3800082837047F0B50C46154600210022002656
:10A39000078C4FF6FF6C07EA0C070784818B028C51
:10A3A0004FF6FF7707EA04264FF60C7739404FF651
:10A3B000FF7707EA03172F4339434FF2FF573A401D
:10A3C00046F480773A4381830284F0BD028B4FF2DA
:10A3D000FF331A400283028B4FF6FF7303EA012317
:10A3E0001A4302837047F0B50C461546002100223F
:10A3F0000026078C4FF6EF7C07EA0C070784018BD9
:10A40000028C4FF6FF7707EA041640F6FF47394003
:10A410004FF6FF7707EA033739434FF6FF7703E03C
:10A42000000001400004014007EA052739434FF6C8
:10A430005F773A4046F010073A4301830284F0BD4B
:10A44000028B4FF6F3731A400283028B0A43028396
:10A450007047F0B50C46154600210022068C4FF6D9
:10A46000FE773E400684018B028C4FF60C7631401D
:10A470007E1C06EA03162E4331434FF6F576324032
:10A4800044F00106324301830284F0BD70B50546F5
:10A490000C46208850B92389A28861882846FFF796
:10A4A000D8FFE1882846FFF7CBFF25E02088042865
:10A4B0000AD12389A28861882846FFF794FFE188A2
:10A4C0002846FFF783FF17E0208808280AD1238950
:10A4D000A28861882846FFF755FFE1882846FFF7E4
:10A4E00048FF09E02389A28861882846FFF719FF01
:10A4F000E1882846FFF708FF70BD002101804180F8
:10A50000012181800021C180018170472DE9F04146
:10A5100005460C4600260127608808B9022600E09F
:10A520000026A088012801D1022700E00127208809
:10A53000A0B92389A28861882846FFF78AFFE188AD
:10A540002846FFF77DFF23893A4631462846FFF724
:10A550004AFFE1882846FFF739FF13E02389A288E4
:10A5600061882846FFF73FFFE1882846FFF72EFF66
:10A5700023893A4631462846FFF76BFFE188284693
:10A58000FFF75EFFBDE8F0810146486B704701466A
:10A59000886B70470146C86B70470146086C70476E
:10A5A0000A884B881A438B881A43CB881A430B8935
:10A5B0001A434B891A438B891A43A0F844207047E9
:10A5C0000021018041808180C180018141818181A0
:10A5D000704731B1B0F8442042F40042A0F8442062
:10A5E00005E0B0F84420C2F30E02A0F84420704702
:10A5F00021B1828842F00402828004E082884FF612
:10A60000FB731A408280704721B1828842F00102B8
:10A61000828004E082884FF6FE731A408280704781
:10A620001AB183890B43838102E083898B43838141
:10A6300070478182704702460020138A0B400BB19D
:10A64000012000E000207047CA430282704730B505
:10A650000246002000230024158A05EA010395899B
:10A6600005EA010413B10CB1012000E0002030BD67
:10A67000CA430282704741EA0203A0F8483070479B
:10A680001AB183890B43838102E083898B438381E1
:10A69000704721B1828842F00802828004E08288FB
:10A6A0004FF6F7731A408280704701894FF6F872AF
:10A6B0001140018170470A46002101894FF68F73CE
:10A6C000194011430181704730B504460D462946B3
:10A6D0002046FFF7F0FF208940F00700208130BDC1
:10A6E0002DE9F04104460D4616461F46602D06D161
:10A6F0003B46012231462046FFF775FE05E03B460A
:10A70000012231462046FFF7A4FE29462046FFF7E6
:10A71000D2FF208940F007002081BDE8F08130B5EC
:10A720000C4600210189C9B24FF6FF7505EA0325E1
:10A73000154325432943018130BD2DE9F0410546EC
:10A740000E4617469846002443463A463146284668
:10A75000FFF7E5FF2C894FF6F870044044F007043A
:10A760004FF68F70044044F070042C81BDE8F081F6
:10A77000F0B504460D4616461F463B46324629466E
:10A780002046FFF7CCFF208940F480402081F0BDB7
:10A7900082884FF68F731A40828082880A438280B3
:10A7A000704702894FF6F8731A40028102890A4302
:10A7B0000281704702894FF67F731A400281028935
:10A7C0000A4302817047F0B50C4615461E4600212B
:10A7D000002200230189028B038C4FF6F877394061
:10A7E00021434FF6FC473A4040F201173A434FF6F7
:10A7F000DD773B404FF6FF7707EA06172F433B43D1
:10A80000018102830384F0BD21B1828842F080027D
:10A81000828004E082884FF67F731A4082807047FE
:10A82000A0F850107047000010B50446F748844265
:10A8300008D101211020FEF77FFC00211020FEF737
:10A840007BFC3EE0F248844209D101214804FEF736
:10A8500062FC00214FF40030FEF75DFC31E0ED4872
:10A86000844209D101218804FEF755FC00214FF4F0
:10A870008020FEF750FC24E0E748844209D1012102
:10A88000C804FEF748FC00214FF40020FEF743FC0B
:10A8900017E0E248844209D101210805FEF73BFC9C
:10A8A00000214FF48010FEF736FC0AE0DC488442B9
:10A8B00007D101212020FEF73FFC00212020FEF7D8
:10A8C0003BFC10BD2DE9FF4705460E460024A1467E
:10A8D00000BFA046B08900B100BF2C8A24F44054C8
:10A8E000F08804432C82AC8941F20C608443B08828
:10A8F00031890843718908430443AC81AC8A24F44C
:10A900004074B0890443AC826846FEF7D4FABF486D
:10A91000854202D0C248854202D1DDF80C9001E0A8
:10A92000DDF80890A88900F4004040B109EBC900A7
:10A9300000EB091031684900B0FBF1F707E009EBC3
:10A94000C90000EB091031688900B0FBF1F7642001
:10A95000B7FBF0F004012009642101FB1078A889FD
:10A9600000F4004040B1322000EBC800B0FBF1F031
:10A9700000F00700044308E0322000EB08106421D7
:10A98000B0FBF1F000F00F0004432C81BDE8FF871D
:10A990004FF41651016000218180C18001810C219A
:10A9A000418100218181704710B502460020108A44
:10A9B00020F470600B884C8823438C882343CC8818
:10A9C00023431843108210BD002101804180818003
:10A9D000C180704721B1828942F40052828104E033
:10A9E00082894DF6FF731A4082817047028B02F410
:10A9F0007F420283028B0A430283704721B182891E
:10AA000042F40042828103E08289C2F30E02828115
:10AA1000704721B1828A42F40062828204E0828A15
:10AA20004FF2FF731A4082827047C1F3080282809E
:10AA3000704701468888C0F308007047028A4FF6C5
:10AA4000F0731A400282028A0A430282704721B1DF
:10AA5000828942F00202828104E082894FF6FD730E
:10AA60001A408281704782894FF2FF731A408281B7
:10AA700082890A4382817047028A4FF6DF731A4047
:10AA80000282028A0A430282704721B1028A42F49A
:10AA90008042028204E0028A4BF6FF731A4002826F
:10AAA0007047818941F001018181704721B1828A1B
:10AAB00042F00802828204E0828A4FF6F7731A405D
:10AAC00082827047028BD2B20283028B42EA012259
:10AAD0000283704721B1828A42F02002828204E020
:10AAE000828A4FF6DF731A408282704721B1828AD0
:10AAF00042F01002828204E0828A4FF6EF731A401D
:10AB000082827047828A4FF6FB731A408282828A61
:10AB10000A438282704721B1828A42F00202828215
:10AB200004E0828A4FF6FD731A40828270471AB1A0
:10AB3000838A0B43838202E0838A8B43838270473C
:10AB4000F0B50346002400260025002040F66A17D1
:10AB5000B94200D100BF1846C1F3421401F01F06EC
:10AB6000012707FA06F5012C01D10C3004E0022C74
:10AB700001D1103000E014301AB107682F4307608C
:10AB800002E00768AF430760F0BD02460020B1F560
:10AB9000007F00D100BF13880B400BB1012000E003
:10ABA0000020704701F40072B2F5007F00D100BFB1
:10ABB000CA430280704770B5024600240023002576
:10ABC000002040F66A16B14200D100BFC1F3421521
:10ABD00001F01F03012606FA03F3012D02D1968925
:10ABE000334006E0022D02D1168A334001E0968AF6
:10ABF00033400C12012606FA04F41688344013B1CF
:10AC00000CB1012000E0002070BD000000100140E8
:10AC10000044004000480040004C0040005000400C
:10AC20000014014010B50022002340F66A14A1422E
:10AC300000D100BF0A1201249440A3B2DC43048077
:10AC400010BD000010B501218803FEF775FA002140
:10AC50004FF48040FEF770FA10BD1A490860704743
:10AC600030B500228B071C0F0F2303FA04F2154B9B
:10AC700008338C1053F824309343124C08348D1051
:10AC800044F8253023468C1053F824308C07240FC9
:10AC900000FA04F423430B4C08348D1044F825309B
:10ACA00030BD0949086070470849086070470020B6
:10ACB00004492031096801F4807109B1012000E0E4
:10ACC0000020704700380140DC0027420004274282
:10ACD00000F1080141604FF0FF31816000F108018F
:10ACE000C16001610021016070470021016170476E
:10ACF000426853684B6043688B6053689960516049
:10AD00004160086103685B1C0360704710B5024630
:10AD10000B685C1C0CB9106907E002F1080000E048
:10AD20004068446824689C42FAD944684C604C6886
:10AD3000A160886041600A611468641C146010BDE1
:10AD40000146D1E901309860D1E9010358600A69F0
:10AD50005068884201D188685060002008611068FE
:10AD6000401E10601068704770B504460D461CB94F
:10AD7000F5F75EFA00BFFEE700F0F3FDD4E90F122D
:10AD8000206801FB020060600020A0632068A060D2
:10AD9000E06B401E226C216800FB0210E0604FF067
:10ADA000FF306064A06475B9206908B9012000E033
:10ADB000002080B904F1100001F02AFC01280AD11A
:10ADC00000F0C9FD07E004F11000FFF781FF04F176
:10ADD0002400FFF77DFF00F0CDFD012070BD2DE9BF
:10ADE000F04705460E4617464FF00009DDB15020EA
:10ADF00000F0E4FD0446B4B105FB06F000F10108E3
:10AE0000404600F0DBFD2060206848B1E563266421
:10AE100001212046FFF7A8FF84F84D70A14602E00B
:10AE2000204600F02CFEB9F1000F03D1F5F700FA2F
:10AE300000BFFEE74846BDE8F08710B5044600F0C5
:10AE400090FD11E0606A08B9012000E0002050B9CF
:10AE500004F1240001F0DCFB08B101F054FCA06C0B
:10AE6000401EA06400E002E0A06C0028EADC00BF05
:10AE70004FF0FF30A06400F07DFD00F072FD11E0A6
:10AE8000206908B9012000E0002050B904F1100049
:10AE900001F0BEFB08B101F036FC606C401E60643E
:10AEA00000E002E0606C0028EADC00BF4FF0FF30F9
:10AEB000606400F05FFD10BD70B5044600F051FD08
:10AEC000A06BE16B884201D1012000E00020054623
:10AED00000F050FD284670BD70B504460E4615467C
:10AEE000206C38B9206838BB606801F09BFC0020FA
:10AEF000606021E07DB93146226CA06801F0BCFCA5
:10AF0000216CA0680844A060D4E90110884213D3E2
:10AF10002068A06010E03146226CE06801F0ACFCD3
:10AF2000216CE068401AE0602168E068884203D242
:10AF3000216C6068401AE060A06B401CA06370BD8B
:10AF4000FFB583B004460D461E4600271CB9F5F731
:10AF50006FF900BFFEE70DB9206C08B9012000E0D1
:10AF6000002018B9F5F764F900BFFEE700BF00F054
:10AF7000F8FCA06BE16B884217D232462946204686
:10AF8000FFF7AAFF606A08B9012000E0002038B985
:10AF900004F1240001F03CFB012801D100F0DBFCAE
:10AFA00000F0E8FC012007B0F0BD059818B900F0EA
:10AFB000E1FC0020F7E71FB901A801F05EFB0127C3
:10AFC00000F0D8FC00F0DEFF00F0CBFC606C401C11
:10AFD00008B900206064A06C401C08B90020A0647F
:10AFE00000F0C8FC05A901A801F055FBC0B9204636
:10AFF000FFF762FF70B104F11000059901F0CBFA80
:10B000002046FFF71AFF00F00DFF0028AFD100F037
:10B01000A2FCACE72046FFF710FF00F003FFA6E715
:10B020002046FFF70AFF00F0FDFE0020BBE770B5E9
:10B030000546502000F0C2FC0446E4B100206060E8
:10B040002060A060E060A0630120E0630020206435
:10B05000401E6064A06484F84D5004F11000FFF7B6
:10B0600037FE04F12400FFF733FE00231A46194689
:10B070002046FFF765FF1CB9F5F7DAF800BFFEE7D9
:10B08000204670BD70B504461CB9F5F7D1F800BF75
:10B09000FEE701F047FB616888420CD1E068401E82
:10B0A000E060E06828B900231A4619462046FFF7F9
:10B0B00047FF012500E00025284670BD70B5044615
:10B0C00000F04FFCA06B08B9012000E0002005460D
:10B0D00000F050FC284670BD70B504460D4620684F
:10B0E00070B1216CE0680844E0606168E068884203
:10B0F00001D32068E0602846226CE16801F0BCFBC7
:10B1000070BD2DE9FF4182B004460D461E464FF04A
:10B1100000081CB9F5F78CF800BFFEE70DB9206CEC
:10B1200008B9012000E0002018B9F5F781F800BF48
:10B13000FEE700BF00F015FCA06B80B3E76829466E
:10B140002046FFF7C9FFB6B9A06B401EA063206878
:10B1500010B901F0E7FA6060206908B9012000E049
:10B160000020B0B904F1100001F052FA012810D10A
:10B1700000F0F1FB0DE0E760606A08B9012000E033
:10B18000002030B904F1240001F042FA08B100F0C7
:10B19000E2FB00F0EFFB012006B0BDE8F081FFE725
:10B1A000049818B900F0E6FB0020F5E7B8F1000FAD
:10B1B00004D1684601F061FA4FF0010800F0DAFBB3
:10B1C00000F0E0FE00F0CDFB606C401C08B90020F0
:10B1D0006064A06C401C08B90020A06400F0CAFBA9
:10B1E00004A9684601F057FA08BB2046FFF766FF3E
:10B1F000B8B1206830B900F0B4FB606801F0A1FA82
:10B2000000F0B8FB04F12400049901F0C4F92046D1
:10B21000FFF713FE00F006FE00288BD100F09BFB29
:10B2200088E72046FFF709FE00F0FCFD82E7204694
:10B23000FFF703FE00F0F6FD0020ADE770B5044611
:10B240000E461CB9F4F7F4FF00BFFEE701F06AFAFE
:10B250006168884204D1E068401CE06001250BE091
:10B260000023324619462046FFF74BFF0546012DC5
:10B2700002D1E068401CE060284670BD70B506460B
:10B280000D46022200213046FFF7A9FD044604B115
:10B29000A5631CB9F4F7CCFF00BFFEE7204670BDE4
:10B2A0002DE9F04704460F46154698461CB9F4F7B9
:10B2B000BFFF00BFFEE70FB9206C08B9012000E016
:10B2C000002018B9F4F7B4FF00BFFEE7F4F7B0FFB1
:10B2D0008146A06BE16B88421BD24246394620462C
:10B2E000FFF7FAFDA06C401C70B9606A08B9012034
:10B2F00000E0002058B904F1240001F089F930B1D0
:10B300002DB10120286002E0A06C401CA064012641
:10B3100000E000264846F4F792FF3046BDE8F0878B
:10B320002DE9F04104460F4615461CB9F4F780FF9D
:10B3300000BFFEE70FB9206C08B9012000E0002033
:10B3400018B9F4F775FF00BFFEE7F4F771FF804608
:10B35000A06BE8B139462046FFF7BEFEA06B401E49
:10B36000A063606C401C70B9206908B9012000E03E
:10B37000002058B904F1100001F04AF930B12DB1A4
:10B380000120286002E0606C401C6064012600E03F
:10B3900000264046F4F753FF3046BDE8F08170B513
:10B3A00004461CB9F4F744FF00BFFEE700F0D9FAE9
:10B3B000A56B00F0DFFA284670BD70B504461CB9D5
:10B3C000F4F736FF00BFFEE7A56B284670BD0146C7
:10B3D00000200BE03D4A02EBC00252688A4204D1D1
:10B3E00000223A4B43F8302002E0401C0828F1D3F9
:10B3F00000BF704710B504461CB9F4F719FF00BF31
:10B40000FEE72046FFF7E3FF206800F038FB204608
:10B4100000F035FB10BD014691F84C00704780F8F4
:10B420004C107047014691F84D00704770B50446C6
:10B430001CB9F4F7FDFE00BFFEE7A06B08B90120C0
:10B4400000E000200546284670BD70B504461CB9D2
:10B45000F4F7EEFE00BFFEE7A06BE16B884201D17E
:10B46000012000E000200546284670BD024600206D
:10B470000BE0164B53F8303033B9144B43F830100F
:10B4800003EBC0035A6002E0401C0828F1D300BF60
:10B49000704770B504460D4600F063FA606C401CBE
:10B4A00008B900206064A06C401C08B90020A064AA
:10B4B00000F060FAA06B20B9294604F1240001F0E5
:10B4C0008DF82046FFF7B9FC70BD000050760120D2
:10B4D0002DE9F04104460D4616461F464FF0000880
:10B4E00065602461B5420CD8F01BA169884202D383
:10B4F0004FF0010811E0211DF0480068FFF706FC3D
:10B500000BE0BE4204D2BD4202D34FF0010804E07A
:10B51000211DEB480068FFF7F9FB4046BDE8F081CC
:10B520002DE9FE4305460E4617461C46DDF82880E9
:10B530004FF00009E348006808B3009601970295B0
:10B54000ACB901F0F2F8012808D10023424669465F
:10B55000DC480068FFF7F4FC814610E000231A463F
:10B560006946D8480068FFF7EBFC814607E00023F6
:10B5700022466946D3480068FFF792FE8146484656
:10B58000BDE8FE832DE9F84381462BE0CC480068F6
:10B59000C0680568CA480068C068C468201DFFF715
:10B5A000CFFB2046616A8847E06901281AD1A0696B
:10B5B0004619AE4207D966602461211DC048006863
:10B5C000FFF7A4FB0EE0002003462A460146009048
:10B5D0002046FFF7A5FF07461FB9F4F729FE00BF75
:10B5E000FEE700BFB6480068006808B9012000E027
:10B5F00000200028CAD0B248D0F80080AF480068C8
:10B60000AF490860AD48C0F80080BDE8F88370B568
:10B61000044600F009FF0546AB480068854206D2A3
:10B62000A9480068FFF7AEFF0120206001E000207C
:10B630002060A5480560284670BD70B586B002A898
:10B64000FFF7E5FF064650E0059C44B1606908B984
:10B65000012000E0002010B9201DFFF771FB0398C6
:10B6600030B1012826D0022825D003283BD136E06E
:10B670000498A2698118034632462046FFF728FF46
:10B68000012816D12046616A8847E069012810D157
:10B69000002000900498A169421800231946204612
:10B6A000FFF73EFF05461DB9F4F7C2FD00BFFEE7F8
:10B6B00000BF19E018E00498A061A06908B101205A
:10B6C00000E0002018B9F4F7B3FD00BFFEE7A06961
:10B6D0008119334632462046FFF7FAFE04E0204641
:10B6E00000F0CDF900E000BF00BF00231A4603A917
:10B6F00074480068FFF705FD0028A5D106B070BDAD
:10B70000F8B505460F466E480068C068C468201D3D
:10B71000FFF716FBE069012817D1A06941192B46F4
:10B720003A462046FFF7D4FE01280ED100200346FA
:10B730002A46014600902046FFF7F2FE06461EB953
:10B74000F4F776FD00BFFEE700BF2046616A884738
:10B75000F8BDF8B504460E4600F014FC6846FFF745
:10B7600056FF05460098A0B946B9AC4206D800F08D
:10B7700059FB29462046FFF7C3FF0CE0611B5148E7
:10B780000068FFF786FE00F04DFB20B900F0E3F8FB
:10B7900001E000F047FBF8BD0146494A1268126813
:10B7A0000AB9012200E000220A600A6822B9444A6C
:10B7B0001268D268106800E00020704708B500BF2A
:10B7C0006846FFF7E9FF044620460099FFF7C1FFEE
:10B7D000FFF733FFF4E710B500F0C3F8394800680D
:10B7E00090B93A48FFF774FA3948FFF771FA3748C9
:10B7F0003349086036483149086000220C210A208C
:10B80000FFF7EDFA2F49086000F0B4F810BD1FB53E
:10B810000024FFF7E0FF2B48006868B100200223F6
:10B82000CDE90030029003464FF4007229A1039045
:10B830002A4800F0B2F904461CB9F4F7F9FC00BF3D
:10B84000FEE7204604B010BD2DE9F04706460D4640
:10B8500017469846DDF820904DB900240DB101201F
:10B8600000E00020A0B9F4F7E3FC00BFFEE72820C9
:10B8700000F0A4F804465CB1FFF7ADFF2660A561B7
:10B88000E761C4F82080C4F82490201DFFF72DFA4A
:10B890002046BDE8F08770B50446264600F061F802
:10B8A000706908B1012000E00020054600F062F850
:10B8B000284670BD01460A46106A704718040020E9
:10B8C000140400201C040020200400209076012095
:10B8D000A4760120546D722053766300BDB7000832
:10B8E000001F4FF080730360001F0160001F0023E2
:10B8F000036014380260001FDB1E036020387047AD
:10B900002A48006842F21071B0FBF1F0401E4FF07F
:10B91000E021486107200861704710B5244800689D
:10B9200040F47C00224908600846006840F07C40F2
:10B930000860FFF7E5FF00201E490860F4F746FCA9
:10B940001D48006840F040401B490860F4F734FC93
:10B95000002010BD70474FF0805015491C39086019
:10B96000704710B5F4F764FC12480068401C114998
:10B97000086010BD10B50F480068401E0D490860F2
:10B980000846006810B90020F4F759FC10BD10B546
:10B990004FF0805006491C390860F4F749FC00F06C
:10B9A000C2F90020F4F74BFC10BD0000F0030020AA
:10B9B00020ED00E02404002034EF00E02DE9F04108
:10B9C00004464FF0000800F0DDFA3D48006898B9E1
:10B9D0003C493D4A1160002151604FF420513B4ADF
:10B9E00051600021116037484FF4205141601146E9
:10B9F000016001203249086044B1103404F00700AE
:10BA000020B104F00700C0F108000444002C31D03C
:10BA1000B4F5205F2ED22C4F3846056801E02F4642
:10BA20002D686868A04202D228680028F7D127480C
:10BA300085421FD0386800F11008286838606868AF
:10BA4000001B202810D92E196868001B70606C60DC
:10BA500071681D4800E00068026852688A42FAD3A3
:10BA600002683260066000BF194968680968081AF0
:10BA70001749086000F0D6F94046BDE8F08170B57E
:10BA800006463546B6B1103D2C4600F07BFA61689B
:10BA90000D4800E00068026852688A42FAD30268E2
:10BAA000226004600A49606809680844084908601F
:10BAB00000F0B8F970BD0648006870477047000094
:10BAC0003C040020B8760120280400203004002027
:10BAD0003804002010B5002407E004EB8401FE4A7E
:10BAE00002EB8100FFF7F4F8641C052CF5D3FB484A
:10BAF000FFF7EEF8FA48FFF7EBF8FA48FFF7E8F837
:10BB0000F948FFF7E5F8F948FFF7E2F8F348F84994
:10BB10000860F348F749086010BD2DE9F04104467C
:10BB20000E4615469846069F0A22314604F1340017
:10BB300000F0D2FE00213D200155052D00D3042543
:10BB4000E562A564201DFFF7D0F804F11800FFF7A7
:10BB5000CCF82461C5F10500A0616462BDE8F08104
:10BB600070B505460E464C20FFF728FF044694B1F9
:10BB70001EB9A800FFF722FF00E030462063206BCB
:10BB800020B92046FFF77BFF002404E0A900A5228E
:10BB9000206B00F083FE204670BD2DE9FF4F81B081
:10BBA000804616469A46DDE90E5BB8F1000F03D1D8
:10BBB000F4F73EFB00BFFEE7052D01D2012000E0B7
:10BBC000002018B9F4F734FB00BFFEE730461099A7
:10BBD000FFF7C6FF0446002C64D0701E216B01EBFA
:10BBE000800929F0070909F0070008B9012000E0E1
:10BBF000002018B9F4F71CFB00BFFEE700962A46A8
:10BC00002046119B0299FFF788FF5246414648465D
:10BC1000FFF766FE2060BBF1000F01D0CBF80040BB
:10BC2000FFF79FFEB4480068401CB3490860B34862
:10BC3000006840B9B14804600846006801280CD18A
:10BC4000FFF748FF09E0AE48006830B9AB4800682C
:10BC5000C06AA84201D8A9480460AA49E06A0968F4
:10BC6000884202D9A749E06A0860A74800682064B2
:10BC7000A5480068401CA4490860A449E06A096816
:10BC8000884202D9A149E06A0860E16A01EB8101BA
:10BC9000914A02EB8100211DFFF72AF80127FFF7E7
:10BCA00069FE01E04FF0FF37012F09D19448006889
:10BCB00030B192480068C06AA84201D2FFF74BFE3B
:10BCC000384605B0BDE8F08F70B50446FFF749FE71
:10BCD0008A480068844200D1002414B9874800686B
:10BCE00000E020460546281DFFF72AF8A86A18B18B
:10BCF00005F11800FFF724F8291D7B48FEF7F8FF2F
:10BD000083480068401C824908607F480068401CE6
:10BD10007D490860FFF72EFE7948006810B10CB924
:10BD2000FFF719FE70BD70B57A480068002873D11E
:10BD300079480068401C784908600846006868BB7C
:10BD40006B480068006808B9012000E0002018B9BD
:10BD5000F4F76EFA00BFFEE76548056865480068BD
:10BD600063490860634805606C480068401C6B4983
:10BD700008605F480068006808B9012000E0002002
:10BD800020B14FF0FF306649086006E0584800686F
:10BD9000C068C46862496068086000BF5E480068A7
:10BDA0005F490968884236D300BF5148006800687F
:10BDB00008B9012000E0002020B14FF0FF305849C1
:10BDC000086027E04A480068C068C468656852484F
:10BDD0000068A84202D2524805601BE0201DFEF711
:10BDE000AFFFA06A18B104F11800FEF7A9FF474998
:10BDF000E06A0968884202D94449E06A0860E16A59
:10BE000001EB8101344A02EB8100211DFEF770FF36
:10BE1000CBE701E000BF04E042480068401C414914
:10BE2000086070BD70B500253A48006818B9F4F78D
:10BE3000FFF900BFFEE7FFF794FD36480068401E9B
:10BE40003449086008460068002878D12A4800680C
:10BE5000002874D0002621E02248C068C46804F19C
:10BE60001800FEF76DFF201DFEF76AFF2749E06A04
:10BE70000968884202D92549E06A0860E16A01EB55
:10BE80008101154A02EB8100211DFEF731FF1B499C
:10BE9000E06A0968C96A884200D30126114800682F
:10BEA00008B9012000E000200028D5D01D48006816
:10BEB00060B106E0FFF737FF1A480068401E1949D5
:10BEC0000860184800680028F4D10126012E2FD000
:10BED0001548006801282AE0B89E01201C9F012017
:10BEE000309F0120449F0120589F01206C9F01201A
:10BEF0004404002048040020500400204004002096
:10BF00006004002058040020740400205C04002019
:10BF10004C0400206404002054040020700400201D
:10BF200078040020680400206C04002007E005D19C
:10BF300001250020F9490860FFF70DFD00BFFFF75C
:10BF400019FD284670BD10B50446F54800684460E8
:10BF5000F4480068844207D2F1480168091DF2489C
:10BF60000068FEF7D3FE0CE0ED480168091DEF48BC
:10BF70000068FEF7CBFEEE480068844201D2EC4830
:10BF8000046010BDEB480068401CEA490860704737
:10BF90002DE9F04104460E464FF000081CB9F4F7B5
:10BFA00047F900BFFEE70EB1012000E0002018B9FC
:10BFB000F4F73EF900BFFEE7FFF7E4FF20688519BC
:10BFC000D84920680968884209D92068A8420FD951
:10BFD000D448006885420BD94FF0010808E020687A
:10BFE000A84203D8CF480068854201D94FF0010824
:10BFF0002560B8F1000F07D0C9480068001DFEF7A2
:10C000009FFE2846FFF79FFFFFF70CFF07460FB97B
:10C01000FFF7A1FCBDE8F08170B5044600267CB1B5
:10C02000FFF7B0FFBF4800680519BD480068001D54
:10C03000FEF786FE2846FFF786FFFFF7F3FE06466B
:10C040000EB9FFF788FC70BD70B50446FFF789FC98
:10C0500014B9B348006800E020460646F56AFFF7C9
:10C0600089FC284670BD2DE9F04706460D464FF085
:10C070000009052D01D2012000E0002018B9F4F7D5
:10C08000D7F800BFFEE7052D00D30425FFF769FCB4
:10C09000A3480068864200D1002616B9A04800686F
:10C0A00000E030460446A76CAF4234D0BD4203D90D
:10C0B0002EB14FF0010902E00EB94FF00109D4F89A
:10C0C0002C80E16AA06C884200D1E562A564C5F1CC
:10C0D0000500A06107EB8701974A02EB81016069C7
:10C0E000884213D1201DFEF72BFE9449E06A0968AF
:10C0F000884202D99149E06A0860E16A01EB810156
:10C100008D4A02EB8100211DFEF7F2FDB9F1010F0E
:10C1100001D1FFF720FCFFF72DFCBDE8F08710B53B
:10C120008448006818B101207C4908602CE00BE0CD
:10C130008248006818B9F4F77BF800BFFEE77F4833
:10C140000068401E7D4908607C48006800EB800064
:10C15000794951F820000028EAD07849096801EBB4
:10C160008101754A02EB810041684968416000F134
:10C17000080142688A4202D14168496841604168C9
:10C18000C968674A116000BF10BD70B50446FFF76B
:10C19000E8FB63480068844200D1002414B9604879
:10C1A000006800E020460546281DFEF7C9FDA86A84
:10C1B00018B105F11800FEF7C3FD291D6048FEF710
:10C1C00097FDFFF7D7FB8CB95E48006810B1FFF709
:10C1D000C2FB0BE05A4800685B490968884203D1FA
:10C1E00000204F49086001E0FFF799FF70BD70B56E
:10C1F000054600262C461DB9F4F71AF800BFFEE7E5
:10C200004F496069884201D1012000E0002080B1DF
:10C210004E49A06A884201D1012000E00020012897
:10C2200007D0A06A08B9012000E00020012800D151
:10C230000126304670BD70B505461DB9F3F7F8FF0D
:10C2400000BFFEE72C4644B335480068844224D042
:10C25000FFF787FB2046FFF7CAFF01281BD1201DEF
:10C26000FEF76EFD3549E06A0968884202D9334914
:10C27000E06A0860E16A01EB81012F4A02EB81006C
:10C28000211DFEF735FD2649E06A0968C96A884222
:10C2900001D3FFF760FBFFF76DFB70BD2DE9F041A7
:10C2A000054600261DB9F3F7C3FF00BFFEE72C4685
:10C2B000F3F7BEFF07462046FFF799FF012826D176
:10C2C0001C480068F0B91649E06A0968C96A8842E2
:10C2D00001D3012000E000200646201DFEF730FDBE
:10C2E0001649E06A0968884202D91449E06A086080
:10C2F000E16A01EB8101104A02EB8100211DFEF78A
:10C30000F7FC04E004F118011048FEF7F1FC384690
:10C31000F3F795FF3046BDE8F08100006C04002083
:10C32000400400205404002048040020440400205D
:10C330007804002064040020B89E01205C040020E2
:10C340006C9F01206004002050040020449F0120C5
:10C3500010B50446206BFFF792FB2046FFF78FFBDA
:10C3600010BD70B523E0FFF70DFEFD48006808B969
:10C37000012000E000200546FFF754FDBDB9FFF79E
:10C38000F0FAF748C068C468201DFEF7D9FCF548EC
:10C390000068401EF3490860F3480068401EF249F7
:10C3A0000860FFF7E7FA2046FFF7D2FF00BFEE482C
:10C3B00000680028D7D170BD00BFFFF7D2FFEB485F
:10C3C00000680128F9D9FFF7C6FAF6E71FB5002083
:10C3D00000900190029003464FF48072E4A1039014
:10C3E000E548FFF7DAFB0446012C02D1FFF70FFA0C
:10C3F0000446012C09D1F3F71BFF0120DF49086037
:10C400000020DF490860FFF788FA1CB9F3F710FF36
:10C4100000BFFEE71FBD10B5F3F70AFF0020D749A4
:10C420000860FFF797FA10BD10B5FFF79AFAD448E5
:10C430000468FFF79FFA204610BD70B5F3F7F8FEC9
:10C440000546CF4804682846F3F7F9FE204670BD3C
:10C45000C448006870470146002002E0491C421CA5
:10C4600090B20A78A52AF9D0800870472DE9FE43DA
:10C4700081460C461646204641684968416000F1F5
:10C48000080142688A4202D14168496841604168B6
:10C49000CF6800BF204641684968416000F108014B
:10C4A00042688A4202D14168496841604168CD686A
:10C4B000286BFFF7D0FF8046286CE96A334605F108
:10C4C0003402CDE900180290AEA1B34800F058FD47
:10C4D000B149484600F0F4F9BD42DBD1BDE8FE8326
:10C4E00070B50546FFF74EFD00202870ABA1284629
:10C4F00000F0E6F9AA480068441C00BF641E04EB83
:10C5000084009A4951F8200008B9012000E0002079
:10C5100040B904EB8400954A02EB80015222284680
:10C52000FFF7A4FF002CE9D19E480068006808B915
:10C53000012000E0002028B942229A4801682846DC
:10C54000FFF794FF98480068006808B9012000E0F0
:10C55000002028B94222944801682846FFF786FF48
:10C560007F48006808B9012000E0002020B944227B
:10C570007B492846FFF77AFF8C48006808B90120FC
:10C5800000E0002020B9532288492846FFF76EFFBB
:10C59000FFF748FC70BD70B505460C461DB9F3F7B2
:10C5A00047FE00BFFEE78248016818312846FEF7C3
:10C5B000ADFB7F480068001DFEF7C2FB601C30B970
:10C5C0007B480168091D7948FEF792FB05E06C483D
:10C5D000006806193046FFF7B6FC70BD70B504461A
:10C5E0000D461CB9F3F724FE00BFFEE77048016852
:10C5F00018312046FEF77CFB6D480068001DFEF7F1
:10C600009FFB5F48006846193046FFF79CFC70BDF1
:10C6100070B50646F068C4681CB9F3F709FE00BFA0
:10C62000FEE704F11800FEF78BFB62480068A0B932
:10C63000201DFEF785FB6049E06A0968884202D93F
:10C640005D49E06A0860E16A01EB8101474A02EB5B
:10C650008100211DFEF74CFB04E004F1180157484E
:10C66000FEF746FB5249E06A0968C96A884201D36D
:10C67000012500E00025284670BD10B504461CB910
:10C68000F3F7D6FD00BFFEE74D48006820603C4848
:10C690000068606010BD70B504460D461CB9F3F724
:10C6A000C7FD00BFFEE71DB9F3F7C2FD00BFFEE7FF
:10C6B000FFF757F92868401C08B900261FE04049D9
:10C6C00020680968884206D02D4960680968884258
:10C6D00001D8012613E02A4960680968081A296808
:10C6E00088420BD22868264A61681268511A401A9B
:10C6F00028602046FFF7C1FF002600E00126FFF773
:10C7000039F9304670BD01202E4908607047014656
:10C7100011B10A46506C00E00020704708B1024693
:10C72000516470472249086870471449096809B97B
:10C73000002005E01F49096809B9012000E0022036
:10C74000704770B505462C464DB11949E06A096835
:10C75000C96A884265D216480068C06A34E060E061
:10C76000589F0120500400204C040020B89E012056
:10C7700049444C4500000000B9C300086004002093
:10C7800054040020257309092563092575092575B9
:10C790000925750D0A000000809F01200D0A000088
:10C7A0005804002044040020480400206C9F01200D
:10C7B00040040020640400205C040020449F012009
:10C7C000700400206C040020C0F10500A061E16A43
:10C7D00001EB8101254A02EB81016069884201D1A8
:10C7E000012000E00020C0B1201DFEF7A9FA20487A
:10C7F0000068C06AE0621F49E06A0968884202D99D
:10C800001C49E06A0860E16A01EB8101174A02EB0A
:10C810008100211DFEF76CFA03E015480068C06A2C
:10C82000E06270BD70B505462C46EDB1A16CE06AC2
:10C83000884219D0201DFEF783FAA06CE062E06AFE
:10C84000C0F10500A0610B49E06A0968884202D97D
:10C850000849E06A0860E16A01EB8101034A02EBE2
:10C860008100211DFEF744FA70BD0000B89E012032
:10C87000400400205C04002040EA01039B0703D031
:10C8800009E008C9121F08C0042AFAD203E011F80F
:10C89000013B00F8013B521EF9D27047D2B201E0D1
:10C8A00000F8012B491EFBD270470022F6E710B5B5
:10C8B00013460A4604461946FFF7F0FF204610BD0E
:10C8C000421E12F8013F002BFBD111F8013B02F888
:10C8D000013B002BF9D1704710B5044604E00B78FA
:10C8E00000F8013B03B1491C521EF8D2204610BD8E
:10C8F000421C10F8011B0029FBD1801A704710B5AB
:10C90000002200E0521C835C8C5CA34201D1002B0E
:10C91000F8D1D8B2E1B2401A10BD2DE9FE4F8046E1
:10C9200081EA0300C00F0C46009021F0004123F083
:10C930000045B8EB0200A94105D240462146904689
:10C940001C460B46024623F00040104347D0270DFB
:10C95000C7F30A00C3F30A510290401A019040281D
:10C960006BDAC3F3130040F4801B0098924620B1A9
:10C970000023D2EB030A63EB0B0B01985946C0F17D
:10C980004002504600F0E1F906460D465046594631
:10C99000019A00F0F9F910EB08006141002487EAE0
:10C9A000115284EAE7731A4340D0009A62B3019AA5
:10C9B000012A4FEA075215DC001B61EB02014FF020
:10C9C000004202EA0752CDE90042001C41F5801105
:10C9D00032462B4600F030FA03B0BDE8F08F4046F7
:10C9E0002146F9E7001B61EB0201001C41F58013B1
:10C9F00000185B412018A2F5001747EB030140EA3D
:10CA0000D570B6196D4111E06D084FEA360645EA5A
:10CA1000C0754FEA0752001B61EB0201001C41F593
:10CA2000801149084FEA30000019514132462B4627
:10CA300003B0BDE8F04F00F0F0B9009801224000CB
:10CA40000023D0EB020263EBE073009821464FEA2B
:10CA5000E074B8EB000061EB0401E9E783F0004308
:10CA60005BE781F0004158E72DE9FE4F81EA0304BE
:10CA700004F0004421F0004100944FF0000B23F03B
:10CA8000004350EA01045ED052EA03045BD0C3F3D2
:10CA90000A54C1F30A552C44A4F2F3340194A0FBC8
:10CAA0000254C1F3130141F48011C3F3130343F49F
:10CAB000801301FB024400FB034E840A970A44EAF8
:10CAC000815447EA8357A4FB076802958D0A05FB4A
:10CAD00007854FEA932C04FB0C542705029D4FEA6F
:10CAE000065847EA1637B5EB08056EEB070C870EBC
:10CAF000920E47EA811742EA8312A7FB0201B6EBC6
:10CB00000B0164EB00042B0D43EA0C335E1844EB7D
:10CB10001C50DA465146E7FB0201C5F313044FEA05
:10CB20000B3343EA14534FEA0432019C43EA0603F1
:10CB3000A4F10C040294009CCDE900B400F07CF94F
:10CB400003B0BDE8F08F00200146F9E72DE9F04D74
:10CB500081EA030404F0004B21F0004514464FF035
:10CB6000000A23F0004150EA050220D054EA0102F5
:10CB70001DD0C5F30A570246C5F31303C1F31300D2
:10CB8000C1F30A5640F4801543F48013A7EB06085E
:10CB9000101BD64608F2FD3873EB050002D308F1EE
:10CBA000010801E092185B41B8F1000F03DA0020A0
:10CBB0000146BDE8F08D00204FF480110646844602
:10CBC0000EE0171B73EB050705D3121B63EB050380
:10CBD00006434CEA010C49084FEA300092185B41C9
:10CBE00050EA0107EDD152EA030012D082EA0400B4
:10CBF00083EA0501084305D0101BAB4106D2012290
:10CC0000002306E000224FF0004302E06FF0010233
:10CC100053101AEB06004CEB085110EB0A0041EBE5
:10CC20000B01BDE8F04D00F0F8B80EB5C10F80EA79
:10CC3000E0700844CA07002140F233438DE80E003B
:10CC40000A460B4600F0F8F803B000BD70B5C1F31A
:10CC50000A5201F000450024C1F3130140F2FF33F2
:10CC600041F480119A4201DA002070BD40F2334352
:10CC70009A42A2F2334203DC524200F075F800E01F
:10CC800090402C43F1D0404270BD00F0004230F0A3
:10CC900000400AD0C10D01F56071C0F3160042EAF0
:10CCA0000151C208400711437047002001467047F8
:10CCB00001F0004330B421F0004150EA010206D0F7
:10CCC0000A0DA2F56072C1F31301002A02DC30BC28
:10CCD00000207047440F44EAC104C100E01830BC92
:10CCE00000EBC25000F062B82DE9F05F054600206D
:10CCF00092469B4688460646814640241BE02846CD
:10CD000041464746224600F02FF853465A46C01A7D
:10CD1000914110D311461846224600F016F82D1AFC
:10CD200067EB01084F4622460120002100F00DF874
:10CD300017EB00094E41201EA4F10104DFDC484638
:10CD400031462A464346BDE8F09F202A04DB203ABC
:10CD500000FA02F1002070479140C2F1200320FA4E
:10CD600003F3194390407047202A04DB203A21FA4C
:10CD700002F00021704721FA02F3D040C2F12002F4
:10CD80009140084319467047202A06DBCB17203A0A
:10CD900041FA02F043EAE07306E041FA02F3D040C0
:10CDA000C2F1200291400843194670470029A8BFEC
:10CDB0007047401C490008BF20F00100704710B4C4
:10CDC000B0FA80FC00FA0CF050EA010404BF10BC79
:10CDD000704749B1CCF1200421FA04F411FA0CF1A6
:10CDE00018BF012121430843A3EB0C01CB1D4FEADF
:10CDF00000614FEA102042BF002010BC704700EBDA
:10CE0000C35010440029A4BF10BC7047401C490007
:10CE100008BF20F0010010BC704710B5141E73F15C
:10CE2000000408DA401C41F1000192185B411A43EA
:10CE300001D120F0010010BD2DE9F04D92469B4636
:10CE400011B1B1FA81F202E0B0FA80F220329046DC
:10CE5000FFF77BFF04460F4640EA0A0041EA0B0158
:10CE600053465A46084313D0114653EA010019D0DD
:10CE7000C8F140025046FFF777FF05460E46504680
:10CE800059464246FFF761FF084305D0012004E000
:10CE900020463946BDE8F08D0020054346EAE0769D
:10CEA0002C4337430A986305E40AA0EB08000022EC
:10CEB000FD0A44EA47540A3002D500200146E9E75A
:10CEC000010510196941DDE9084500196941BDE80E
:10CED000F04DA2E7064C074D06E0E06840F0010384
:10CEE00094E8070098471034AC42F6D3F3F750F9B2
:10CEF00000E0000820E0000870B58C1810F8015B15
:10CF000015F0070301D110F8013B2A1106D110F8E2
:10CF1000012B03E010F8016B01F8016B5B1EF9D1E6
:10CF20002B0705D40023521E0DD401F8013BFAE76C
:10CF300010F8013BCB1A921C03E013F8015B01F8D7
:10CF4000015B521EF9D5A142D8D3002070BD00006C
:10CF50000FB41CB50246002007AC00290BD0491EB7
:10CF6000CDE90021054B6A462146069800F090FD68
:10CF7000009A002111701CBC5DF814FBF3DE000860
:10CF80000FB4084B10B504A902AA039800F080FD65
:10CF9000044602A9002000F0B7FF204610BC5DF84F
:10CFA00014FB000009DF000803B401984100009859
:10CFB00050EAC12018BF04204A0D18BF40F00100FC
:10CFC00040F2FF72B2EB515F08BF40F0020001284F
:10CFD00008BF052002B070474100080218BF0420B6
:10CFE0000A0E18BF40F001004FF07F4232EA010103
:10CFF00008BF40F00200012808BF0520704700006C
:10D0000070B59B482DED020B2DED068B079D25F08D
:10D010000044A04218DC9748844202DC0AD10698FA
:10D0200040B19DED060BBDEC068B02B0BDE8704033
:10D0300000F036BC002DCCBF9FED8F0B9FED900B09
:10D04000BDEC068B02B070BD8F48A04215DD8F4845
:10D05000A042D8BF4FF0FF3458DD9DED060B51ECD8
:10D06000100BFFF7A1FF042808BF00F02DFC9DED79
:10D07000060BBDEC068B02B070BD9DED060B51ECAE
:10D08000100B00F04EFFCDE9060181489FED828B29
:10D09000A0423CDD8248A0421FDD00249FED82AB10
:10D0A0009DED060B53EC1A2B51EC100BFFF735FCE2
:10D0B0009DED060B41EC190B53EC1A2B51EC100BA8
:10D0C000FFF7D2FC53EC182BFFF7C8FC53EC192BDD
:10D0D000FFF73CFDCDE9060149E09DED060B01247B
:10D0E00053EC182B51EC100BFFF717FC9DED060BC2
:10D0F00041EC190B53EC182B51EC100BFFF7AEFC65
:10D1000053EC192BFFF722FDCDE906012FE068480B
:10D11000A0421FDD02249FED689B9DED060B53ECA2
:10D12000192B51EC100BFFF79FFC53EC182BFFF75A
:10D13000F4FB9DED060B41EC180B53EC192B51EC55
:10D14000100BFFF78BFC53EC182BFFF7FFFCCDE91E
:10D1500006010CE09DED060B032453EC102B9FED14
:10D16000580B51EC100BFFF7F1FCCDE906019DEDDA
:10D17000060B53EC102B51EC100BFFF775FC41EC38
:10D18000180B53EC182BFFF76FFC41EC190B4E48B2
:10D190000621B0EE490AF0EE690A784400F004FB7B
:10D1A00053EC182B51EC100BFFF75EFC41EC180B05
:10D1B0004648B0EE490AF0EE690A0521784400F0CD
:10D1C000F3FA53EC192B51EC100BFFF74DFC41EC2B
:10D1D000100B51EC180B53EC102B002C0EDAFFF750
:10D1E0009CFB9DED061B53EC112BFFF73DFC9DEDC9
:10D1F000061B53EC112BFFF734FC35E0FFF78DFBDA
:10D200009DED061B53EC112BFFF72EFC41EC100B90
:10D210002F48784400EBC40090ED001B51EC100B3C
:10D2200053EC112BFFF71AFC9DED061B53EC112B51
:10D23000FFF714FC41EC100B2648784400EBC400C7
:10D2400090ED001B51EC100B53EC112BFFF709FC78
:10D2500041EC100B002DA2BFBDEC068B02B070BDDF
:10D2600051EC100B81F0004141EC100B01E7000084
:10D27000000010440000F07F182D4454FB21F93FBA
:10D28000182D4454FB21F9BF0000DC3F0000203E74
:10D290000000F33F00000000000000000000F03F2D
:10D2A0000000E63F00000000000000000000004019
:10D2B0000080034000000000000000000000F83F74
:10D2C000000000000000F0BF0A0E0000C00D0000CA
:10D2D0004A0D0000020D000070B56B4E2DED040BE1
:10D2E0002DED028B82B0DDF81CC0DDE905235C4228
:10D2F0002CF000411C4341EAD474049D22F000400C
:10D30000B44205D86C422C4340EAD474B4420BD9E1
:10D310009DED061B9DED040B02B0BDEC028B04B02D
:10D32000BDE8704000F0C6BAACF14054A4F17F648F
:10D330001C430BD0022404EAAC7444EAD2740543C3
:10D340009FED538B9FED542B07D015E09DED040B03
:10D3500051EC100B00F0DDFD42E0002C11BF012C60
:10D360009DED040B02B0BDEC028B04BF04B070BD98
:10D37000022C38D0032C3BD00B439FED491B9FED73
:10D380004A0B0AD0B14218D1B04209D121F08041F4
:10D3900020F08040079105900FE0002A15DA10E098
:10D3A000434B7B44002C08BF93ED000B0DD0012CA8
:10D3B00010D0022C17D0032C1AD0B0421DD1002A55
:10D3C00003DAB0EE410AF0EE610A02B0BDEC028B66
:10D3D00004B070BD93ED000B51EC100B81F00041D7
:10D3E00041EC100BF1E7B0EE480AF0EE680AECE70A
:10D3F000B0EE420AF0EE620AE7E7401A00153C2858
:10D40000C8BF8DED000B19DCBCF1000FBEBF10F1E1
:10D410003C0F9FED290B8DED000B0FDB9DED060BF7
:10D4200053EC102B9DED040B51EC100BFFF78EFB12
:10D4300000F077FD00F06DFDCDE90001002C08BF84
:10D440009DED000BC1D0012C10D0022C9FED1C0BC8
:10D4500053EC102B9DED000B51EC100B0DD0FFF792
:10D46000FDFA53EC182BFFF7F9FAB9E7019880F0B1
:10D47000004001909DED000BA7E7FFF7EFFA53EC9A
:10D48000182BFFF7EEFAABE70000F07F000000007A
:10D49000182D4454FB210940182D4454FB2109C088
:10D4A000182D4454FB21F9BF182D4454FB21F93F9A
:10D4B000320C00000000000000000000000000002E
:10D4C000075C143326A6A13C10EE101A08B5444A96
:10D4D0006846B2EB410F28D94FF0E640B0EB410F60
:10D4E00094BF00204FF0FF3000900098002861DBCF
:10D4F00060EE000A10F0010F45D010F0020FDFEDD2
:10D50000391A9FED391A00EEE11ADFED381A40EEB4
:10D51000811A21EEA01AF0EE400A40EE010A08BF7F
:10D52000F1EE600AB0EE600A08BD314B21F0004216
:10D5300093423CD911F0004FDFED2E0A20EE201A65
:10D54000DFED2D0A19BF31EE601A71EE200A31EEBF
:10D55000201A71EE600ABDEEE01A11EE100A9FED7E
:10D56000271A00F0030000EEC10A9FED251A009073
:10D5700000EEC10A9FED231A00EEC10A9FED221AA8
:10D5800000EEC10AB1E79FED211A9FED210A10F0CC
:10D59000020F00EE810A9FED1F1A00EE801AB7EE0F
:10D5A000000A00EE810A18BFB1EE400A08BD00F083
:10D5B000AFF99AE710EE100A4000B0F17F4F3CBF80
:10D5C000B7EE000A08BD07D14FF0010000F05AFA8B
:10D5D000BDE8084000F08CB9BDE8084000F084B90F
:10D5E000B61F927E336D4C39DA82083CA0AA2ABE5F
:10D5F000490E494683F9223F0000004B0000C93F15
:10D6000000A0FD390020A2331A61342CB93AB2BA15
:10D61000CA9F2A3DDDFFFFBE00B510EE101A2DEDAA
:10D62000028B81B0524A6846B2EB410F2ED94FF0BF
:10D63000E640B0EB410F94BF00204FF0FF30009068
:10D640000098B0EE408A00286ADB10F0010F4BD042
:10D6500068EE080A9FED471A9FED470A00EE810A1F
:10D660009FED461A10F0020F00EE801AB7EE000A86
:10D6700000EE810A02BF01B0BDEC028B00BD00BF0D
:10D6800001B0B1EE400ABDEC028B00BD3C4B21F075
:10D690000042934241D911F0004FDFED3A0A20EEEB
:10D6A000201ADFED390A19BF31EE601A71EE200A37
:10D6B00031EE201A71EE600ABDEEE01A11EE100A8A
:10D6C0009FED321A00F0030000EEC10A9FED301A00
:10D6D000009000EEC10A9FED2F1A00EEC10A9FEDE7
:10D6E0002E1A00EEC10AABE728EE080A9FED2B1AAE
:10D6F000DFED2B0A10F0020F40EE410A9FED291AD0
:10D7000000EE201A61EE000AB0EE480A08EE200A88
:10D71000B6D101B0BDEC028B00BD00F0F9F88FE787
:10D7200018EE100A4000B0F17F4F0DD218EE100A2B
:10D73000FFF752FC042808BF00F0E2F8B0EE480AF8
:10D7400001B0BDEC028B00BD09D1012000F09AF9B7
:10D7500001B0BDEC028B5DF804EB00F0C9B801B07C
:10D76000B0EE480ABDEC028B5DF804EB00F0BCB8EB
:10D77000B61F927EB93AB2BACA9F2A3DDDFFFFBEFC
:10D78000490E494683F9223F0000004B0000C93F83
:10D7900000A0FD390020A2331A61342C336D4C39BE
:10D7A000DA82083CA0AA2ABE70B504462DED028B91
:10D7B0004D1E00EBC500B0EE408AF0EE608A90EDA1
:10D7C000000B35F0060017D053EC182B51EC100B62
:10D7D000FFF74AF941EC100B6D1E04EBC50090ED0C
:10D7E000001B51EC100B53EC112BFFF796F841EC9A
:10D7F000100B35F00600E7D1022D36D0042D1CD0D9
:10D80000062D1CBFBDEC028B70BD53EC182B51ECE8
:10D81000100BFFF729F994ED0A1B53EC112BFFF7BE
:10D820007CF853EC182BFFF71FF994ED081B53EC11
:10D83000112BFFF772F841EC100B53EC182B51EC45
:10D84000100BFFF711F994ED061B53EC112BFFF7AA
:10D8500064F853EC182BFFF707F994ED040B53EC25
:10D86000102BFFF75AF841EC100B53EC182B51EC2E
:10D87000100BFFF7F9F894ED021B53EC112BFFF797
:10D880004CF853EC182BFFF7EFF894ED001B53EC1A
:10D89000112BFFF742F8BDEC028B41EC100B70BD71
:10D8A00010B553EC102B51EC100BFFF736F841EC90
:10D8B000100B10BD10B553EC112B51EC100BFFF7F2
:10D8C0002CF841EC100B10BD9FED050B10B553EC7F
:10D8D000102B51EC100BFFF7C7F841EC100B10BDEB
:10D8E000000000000000001030EE000A7047000049
:10D8F000DFED020A80EEA00A704700000000000081
:10D900009FED020A20EE000A7047000000000010A0
:10D910002DE9F0014FF07F42B2EB410F9FBF4FF076
:10D92000FF310160BDE8F00170474FF0004242EA6C
:10D930000123C1F3C752783A551112F01F0C434C22
:10D94000CCF120067C44C1F3C752A2F178024FEA21
:10D95000621204EB820254F8254008BFD2E9015656
:10D9600012D0556804FA0CF425FA06F73C43976880
:10D9700005FA0CF527FA06F8D26807FA0CFCF24013
:10D9800045EA08054CEA0206A4FB034CA5FB03523A
:10D99000A6FB03631D449D4234BF012600261319D4
:10D9A000334416B1934202D903E0934201D20122DB
:10D9B00000E00022624402F1200C9206DC0C42EAF4
:10D9C000443200EE102A5B03DFED210AF8EEC01AA4
:10D9D00000EE103A4FEA9C1C11F0004FB8EE400ADE
:10D9E000C0F800C020EE201A00EE105ADFED190A30
:10D9F000B8EE400A20EE200A71EE810A70EE800A2D
:10DA000010EE902A02F500626FF30B0200EE902AEE
:10DA100070EEE11A31EEC11ADFED101A30EE411A44
:10DA20009FED0D0A20EE800A01EE210A9FED0C1AEF
:10DA300000EE810A04BFBDE8F0017047CCF18051CF
:10DA40000160BDE8F001B1EE400A704798060000A1
:10DA5000000000360000802C22AAFD29DB0FC92F10
:10DA60000000C92F02E008C8121F08C1002AFAD11D
:10DA700070477047002001E001C1121F002AFBD14E
:10DA80007047000001490860704700007C040020D6
:10DA90002DE9FF4F8DB00F460546002606E02528EC
:10DAA0000BD0DDE90F1290476D1C761C28780028FA
:10DAB000F5D111B03046BDE8F08F0024A246A14652
:10DAC0000122EC4900E0044315F8013F203B02FA33
:10DAD00003F00842F7D128782A2810D06FF02F02DF
:10DAE0002878A0F13001092914D80AEB8A0102EB49
:10DAF000410144F0020400EB010A6D1CF0E701CF84
:10DB00005FEA000A03D544F40054CAF1000A44F065
:10DB100002046D1C28782E2817D115F8010F44F047
:10DB200004042A280ED06FF02F022878A0F13001CB
:10DB300009290AD809EB890102EB410100EB01092F
:10DB40006D1CF2E757F8049B6D1C28786C280FD0E9
:10DB500006DC4C2817D068280DD06A2814D104E0C0
:10DB6000742810D07A280FD10DE044F400140AE094
:10DB700044F4801401E044F440146978814202D1F5
:10DB800004F580146D1C6D1C2A786E2A1FD00CDCE5
:10DB9000632A31D004DC002A8BD0582A11D1A3E0AB
:10DBA000642A68D0692A0CD165E0732A2ED004DC7F
:10DBB0006F2A73D0702A04D19BE0752A6FD0782A1F
:10DBC0006ED01046DDE90F129047761C50E1C4F389
:10DBD0000250022806D0032809D0042801CF09D01A
:10DBE000066045E101CFF117C0E9006140E101CFD6
:10DBF00006803DE106703BE117F8040B8DF800004C
:10DC000000208DF80100EB46012003E057F804BB2B
:10DC10004FF0FF3061074FF0000102D40DE008F132
:10DC20000101884649450FDA8045F8DB1BF80810EA
:10DC30000029F4D108E008F1010188468142FADBAD
:10DC40001BF808100029F6D1DDE90F23AAEB080024
:10DC50008146214600F036F9304400EB080604E026
:10DC6000DDE90F121BF8010B9047B8F10108F7D25C
:10DC700021464846F7E00A21C4F302534FF0000B57
:10DC80000891022B04D001CFC117032B09D00AE061
:10DC9000FF1D27F00707F7E8020108E032E01FE068
:10DCA00020E000B2C117042B01D140B2C117031EFE
:10DCB00071F1000307DA4FF0000CD0EB0C006CEBB5
:10DCC00001012D2302E0230504D52B238DF82430F8
:10DCD000012303E0E30701D02023F7E7984658E04B
:10DCE0000A2110E010210EE010204FF0000B0890E8
:10DCF0000CE010214FF0000B44F004044FF0080931
:10DD0000089103E008214FF0000B0891C4F302537F
:10DD1000022B04D001CF0021032B06D006E0FF1D0B
:10DD200027F00707F7E8020103E080B2042B00D1D7
:10DD3000C0B24FF0000823072BD5702A07D0DDF8BA
:10DD400020C08CF0100C5CEA0B0C05D00EE04023D8
:10DD50008DF82430012308E050EA010306D0302377
:10DD60008DF824308DF8252002239846DDF820C058
:10DD70008CF0080C5CEA0B0C0BD150EA010301D1CA
:10DD8000630706D530238DF824304FF00108A9F140
:10DD90000109582A04D038A20B9208AA0A920BE073
:10DDA0003AA2F9E75B46089AFEF79EFF0B9B9B5C45
:10DDB0000A9A521E0A92137050EA0102F2D10A988E
:10DDC000ADEB000000F1200B600702D524F4803495
:10DDD00001E04FF00109D94502DDA9EB0B0000E09D
:10DDE000002000EB0B0141440890AAEB010AE0037C
:10DDF00006D4DDE90F232146504600F063F80644BF
:10DE00004FF0000908E009A911F80900DDE90F1237
:10DE1000904709F10109761CC145F4DBE0030CD5FC
:10DE2000DDE90F232146504600F04CF8064404E09B
:10DE3000DDE90F1230209047761C0899481E0890A3
:10DE40000029F5DC08E00A980A990078491C0A9133
:10DE5000DDE90F129047761CBBF10001ABF1010B1D
:10DE6000F1DC21465046DDE90F2300F019F80644A5
:10DE70006D1C1BE60928010030313233343536374A
:10DE80003839616263646566000000003031323306
:10DE900034353637383941424344454600000000A6
:10DEA0002DE9F041044600251E461746880404D497
:10DEB00005E039462020B0476D1C641EF9D5284680
:10DEC000BDE8F0812DE9F041044600251E4690464C
:10DED000C80301D5302700E02027880404D505E0D9
:10DEE00041463846B0476D1C641EF9D52846BDE84A
:10DEF000F0814A68002A06D00A68531C0B60107033
:10DF00004868401E486070470A68531C0B601070D8
:10DF1000704710B541EC100BFFF772F851EC100B85
:10DF200010BD82B0CDE9000121F0004001909DEDCF
:10DF3000000B02B051EC100B704700000000000015
:10DF40004FBB610567ACDD3F182D4454FB21E93F11
:10DF50009BF681D20B73EF3F182D4454FB21F93F00
:10DF6000E2652F227F2B7A3C075C143326A6813C86
:10DF7000BDCBF07A8807703C075C143326A6913C31
:10DF8000C4EB98999999C9BF711623FEC671BCBF9D
:10DF90006D9A74AFF2B0B3BF9AFDDE522DDEADBF05
:10DFA0002F6C6A2C44B4A2BF0D5555555555D53F1D
:10DFB000FF8300922449C23F6E204CC5CD45B73F38
:10DFC000513DD0A0660DB13FEB0D76244B7BA93FB0
:10DFD00011DA22E33AAD903F00000000000000009B
:10DFE000000000006E83F9A22915444ED15727FC8A
:10DFF000C0DD34F5999562DB4190433CAB6351FE43
:10E0000020E000080000002080040000F8CE000896
:10E0100038E1000880040020289F010074DA00081D
:10E02000411BFF01041A02041A03041A04041A050E
:10E03000041A06041A07041A08041A09041A0A041E
:10E040001A0B041A0C041A0D041A0E041A0F041ADF
:10E0500010041A11041A12041A130422141A844800
:10E06000C1195F01D11AFCE41A2CD91A200823F82F
:10E07000021A5E0C1A12081AB8081A580832A01AA6
:10E08000620829FC1ADA081ACB041AD60D1A1C08E1
:10E090001AB3081A0E041A18045AA438013C62FE76
:10E0A000223F1A8004111A400819041AA0041AC049
:10E0B000041B20410C19041AF0042334421A700482
:10E0C00034F0426452C83A4810298314A0860105EE
:10E0D0001C35FA8E3C4B30750409161C81023B112D
:10E0E00023420172691A1C991A2C1081299D320A47
:10E0F00089C0A12927290432D72ABED1D90C32FAE6
:10E100005ABC0C5A2B1C690C023BD0298C1A9079F2
:10E11000233E03039F1405847A030A68090102035E
:10E1200004060708090CA910C11AAA010111023E30
:08E13000281AFF014100000064
:040000050800018965
:00000001FF
