:020000040800F2
:1000000050EF0020214C020845020008470200087A
:100010004B0200084F0200085302000800000000D5
:100020000000000000000000000000009D0100082A
:100030005702000800000000E10100083B7C0208B4
:100040003B4C02083B4C02083B4C02083B4C02086C
:100050003B4C02083B4C02083B4C02083B4C02085C
:10006000BD040008010500083B4C02082D030008F0
:100070000F0300086F0300083B4C020875020008DC
:100080003B4C0208810200083B4C02083B4C020832
:100090003B4C02083B4C02083B4C02083B4C02081C
:1000A0003B4C0208D9030008050400083B4C020839
:1000B0000704000835040008610400083B4C0208EE
:1000C0003B4C02083B4C02083B4C0208B9040008B8
:1000D0003B4C02085D0200083B4C02083B4C020806
:1000E0003B4C02083B4C02083B4C02083B4C0208CC
:1000F0003B4C02083B4C02083B4C02084B030008F7
:100100003B4C02083B4C02088D040008BB0400086D
:100110003B4C02083B4C0208AB030008B703000845
:100120003B4C02089B020008CF0200083B4C02082F
:100130003B4C02083B4C02083B4C02083B4C02087B
:100140003B4C02083B4C02083B4C02083B4C02086B
:10015000010300083B4C02083B4C02083B4C0208E0
:100160003B4C02083B4C02083B4C02083B4C02084B
:100170003B4C02083B4C02083B4C02083B4C02083B
:100180003B4C02083B4C0208DFF80CD029F012F877
:1001900000480047C149020850EF0020234B19686E
:1001A0000868B0E8F04F80F309884FF0000080F352
:1001B000118870470000000003480068006880F361
:1001C000088862B600DF00BF08ED00E0DFF80C0031
:1001D000016841F470010160704700BF88ED00E0E4
:1001E000EFF30980114B1A681EF0100F08BF20EDC5
:1001F000108A20E9F04F106008B54FF0140080F32A
:10020000118828F0E2F84FF0000080F31188BDE873
:10021000084019680868B0E8F04F1EF0100F08BFDA
:10022000B0EC108A80F30988704700BF1C060020DC
:10023000EFF311804FF0140181F31188704780F3C0
:1002400011887047704700BFFEE700BFFEE700BFA0
:10025000FEE700BFFEE770477047704710B540F2F9
:100260002551A84826F0FDFD18B12021A54826F00B
:10027000EFFD10BD10B5A449A44825F027FD10BD21
:1002800010B5A349A148303025F0F6FC20B1A049B3
:100290009E48303025F01AFD10BD10B59D499E488E
:1002A00025F0EAFC90B19B499B4825F00FFD02F038
:1002B0005EF900219548303825F034FC0821964835
:1002C00025F051FC0121944825F02CFC10BD10B5FF
:1002D00092499148183025F0F9FC914840789049AE
:1002E000097840EA012000B28E4908808C484079A4
:1002F0008B49097940EA012000B28B49088010BD82
:1003000010B58A498448603025F0E0FC10BD10B576
:1003100080497E48483825F0AFFC30B17D497B48A4
:10032000483825F0D3FC00F0BCFA10BD10B5804968
:100330007648603825F0A0FC30B17D4973486038BC
:1003400025F0C4FC02F013F910BD10B579496F48CF
:10035000483025F091FC48B100216C48483025F028
:10036000E1FB74496948483025F0B0FC10BD10B578
:100370006A496648303825F07FFCA8B16749634870
:10038000303825F0A3FC01F0D5FD00215F4830385E
:1003900025F0C8FB08215D48303825F0E4FB012139
:1003A0005A48303825F0BEFB10BD10B50121624817
:1003B00026F0B4FA10BD10B50121604826F0AEFA5F
:1003C0007A205049888001215D4826F059FC01219E
:1003D0005C4826F055FC10BD10B501215A4826F0A6
:1003E0009DFA5948008800F0100028B1574800686D
:1003F000401E5649086004E054480068401C5349B8
:10040000086010BD704710B50121880726F086FAF4
:100410004FF08040008800F0100028B14C48006880
:10042000401E4B49086004E049480068401C4849A8
:10043000086010BD10B50121464826F06FFA454806
:10044000008800F0100028B143480068401E42496F
:10045000086004E040480068401C3F49086010BD47
:1004600010B501213D4826F059FA3C48008800F0BB
:10047000100028B13A480068401E3949086004E07D
:1004800037480068401C3649086010BD10B501218E
:10049000344826F043FA3348008800F0100028B1B1
:1004A00031480068401E3049086004E02E4800686A
:1004B000401C2D49086010BD7047704710B50420DE
:1004C00025F09CFCD8B12021284824F020FD0421EF
:1004D000274824F0F7FC012804D10021174825F013
:1004E0009DFD09E00421224824F0ECFC20B91348CA
:1004F00025F098FD1F49086004201F49086010BDC1
:100500007047000000100140208000207060024011
:100510000080202000880010286402400080201005
:10052000DA0800208C0000208E00002000880020C7
:1005300020800010008000280010004000140040BF
:100540000048004000140140000001406C00002001
:1005500070000020000400407400002000080040EB
:1005600088000020000C00407800002000000240BD
:10057000000C024068000020143C014070B50446A5
:10058000204628F00BFB05462146F94828F00DFBD4
:10059000A8B140F22B122146F54828F0F3FA0021C9
:1005A000F44825F0BFFAF248F2490C310860F148EE
:1005B000B838C0F8BC500121EE4825F0B3FA70BD40
:1005C00070B50446002510E0605D68B1615DEA48E1
:1005D00026F081FB00BF8021E74826F02CFC002894
:1005E000F9D0681CC5B200E070BDEDE770B50446F7
:1005F00000250FE05CB12146DF4826F06CFB00BF10
:100600008021DD4826F017FC0028F9D000E070BDFD
:10061000681CC5B2032DEDDB00BFF8E713B50C462F
:100620000020FFF7E3FFD5A0FFF7CAFF2346D4A2BF
:100630009621D44828F0FCFDD248FFF7C1FFD2A094
:10064000FFF7BEFFCEA29621CE48009B28F0F0FD1A
:10065000CC48FFF7B5FFCEA0FFF7B2FFFF20FFF7B2
:10066000C5FFFF20FFF7C2FFFF20FFF7BFFF1CBD44
:1006700070B505460C46C1A0FFF7A2FF2246C0A1F7
:10068000C04828F0EDFDBF48FFF79AFFBEA0FFF776
:1006900097FF2846FFF794FFBDA0FFF791FFFF20CB
:1006A000FFF7A4FF70BD77B585B00546FF26B6A15C
:1006B00003C9CDE90301B6A000680290AFA00068AD
:1006C000019000240AE00020B2490855B2490855BB
:1006D000AC490855A6490855601CC4B21E2CF2DB73
:1006E0000A20A8490870FF2048708870C870A4A12B
:1006F000A948079A28F0B4FDA74901A828F036FABE
:1007000001A9A04828F032FA03A99E4828F02EFA41
:1007100029469C4828F02AFA99A19F48069A28F071
:100720009FFD9D49974828F021FA02A9954828F095
:100730001DFAFF209749087048708870914828F08A
:1007400015FA9048FFF71AFF08B070BDF7B584B0EE
:1007500005460E46FF278CA103C9CDE902018CA0F6
:100760000068019085A000680090002408E0002047
:10077000884908558849085582490855601CC4B203
:100780000A2CF4DB0A207F490870FF20487088702B
:10079000C8707BA18048069A28F062FD7E496846B1
:1007A00028F0E4F96946774828F0E0F902A975488D
:1007B00028F0DCF92946734828F0D8F93146714809
:1007C00028F0D4F901A96F4828F0D0F9FF20714929
:1007D0000870487088700020C8700871694828F057
:1007E000C5F96848FFF7CAFE07B0F0BD01B58EB085
:1007F0006AA2322101A80E9B28F01AFD01A8FFF77A
:10080000BDFE0FB000BD73B584B00546FF265EA1E6
:1008100003C9CDE902015EA00068019057A00068FD
:10082000009000240AE000205A4908555A4908550A
:10083000544908554E490855601CC4B21E2CF2DBC1
:100840000A2050490870FF2048708870C8704CA179
:100850005148059A28F004FD4F49684628F086F96A
:100860006946484828F082F902A9464828F07EF9EE
:100870002946444828F07AF94749424828F076F951
:1008800001A9404828F072F9FF20424908704870D9
:1008900088703C4828F06AF93A48FFF76FFE06B0C6
:1008A00070BD10B52DED0C8B82B03F4800783E49ED
:1008B000497808443C49897808443B49C978084448
:1008C00039490979084438494979084436498979C8
:1008D00008443549C97908443349097A0844C0B203
:1008E00001903148007A00F00F0000909FED2F0A30
:1008F000B0EE40DA2C48407A0199884272D12A48F9
:10090000007A00F00F000D286CD127488078C0F1E4
:100910007F0000EE100AB8EEC08A2348C078813804
:1009200000EE100AF8EEC08AB5EEC08AF1EE10FAB9
:1009300003D1B7EE000AB0EE408AF5EEC08AF1EEC0
:1009400010FA03D1B7EE000AF0EE408ABDEEC80AF5
:1009500010EE102A002A01DB134600E05342BDEEE0
:10096000E80A10EE100A002822DB044621E000000D
:1009700092070020B8600240005000407400000060
:10098000256400005C0600202E7478743D2200006F
:1009900022000000420700201A0700206A302E764D
:1009A000616C3D25640000001B090020DB0F4940FD
:1009B0004442191901EBD1735B10FE4C2360BDEE6C
:1009C000E80A10EE101A002901DB0A4600E04A424C
:1009D000322A0FDABDEEC80A10EE100A002802DB38
:1009E000024601E02FE04242322A03DA0020F249B7
:1009F000086030E018EE900A28F09DFA41EC1B0BDD
:100A000018EE100A28F097FA41EC1C0BB0EE4B1AC6
:100A1000F0EE6B1AB0EE4C0AF0EE6C0A28F0CCFD4A
:100A2000B0EE40AAF0EE60AA9FEDE40B53EC102B61
:100A300051EC1A0B28F06EF941EC190B28F05CFA16
:100A4000DD49086007E09DF800000D2803D0002173
:100A5000DC4826F015F902B0BDEC0C8B10BDDA486D
:100A6000007A00F00F000D2806D1D748007800F07A
:100A7000010008B10D2070470020FCE7D248007843
:100A800000F0100008B1002070470120FCE71CB501
:100A90004FF0804025F0C6FACC49096840EA014091
:100AA0000C2190FBF1F00090002418E04FF0804002
:100AB00025F0B8FAC549096840EA01400C2190FBCD
:100AC000F1F00190DDE90021881A002801DB0146E0
:100AD00000E04142052900DA641C01980090022CD4
:100AE000E4DB019840421CBD1CB5B94825F09AFAD8
:100AF000B849096840EA01400C2190FBF1F00090F0
:100B0000002417E0B24825F08DFAB249096840EA9E
:100B100001400C2190FBF1F00190DDE90021881AE1
:100B2000002801DB014600E04142052900DA641C8F
:100B300001980090022CE5DB01981CBD1CB5A6486D
:100B400025F070FAA549096840EA01400C2190FBA4
:100B5000F1F00090002417E09F4825F063FA9F49C8
:100B6000096840EA01400C2190FBF1F00190DDE9B9
:100B70000021881A002801DB014600E041420529D6
:100B800000DA641C01980090022CE5DB01981CBD82
:100B90001CB5934825F046FA9249096840EA01409D
:100BA0000C2190FBF1F00090002417E08C4825F018
:100BB00039FA8C49096840EA01400C2190FBF1F0B8
:100BC0000190DDE90021881A002801DB014600E0E0
:100BD0004142052900DA641C01980090022CE5DBF3
:100BE00001981CBD01B581B000200090019800EB78
:100BF000C0004000009002E00098401E0090009865
:100C00000028F9D10CBD01B581B00020009044F25C
:100C1000506101984843009002E00098401E009007
:100C200000980028F9D10CBD1CB501211F2024F02B
:100C30002DFB4FF6FF70009001208DF8040000207E
:100C40008DF8060001208DF8070003208DF80500BF
:100C50006946654824F0D4F84FF6FF7000900120F3
:100C60008DF8040000208DF8060001208DF80700A3
:100C700003208DF8050069465C4824F0C1F84FF662
:100C8000FF70009001208DF8040000208DF8060010
:100C900001208DF8070003208DF8050069465448AF
:100CA00024F0AEF81CBD1CB501217E2024F0EEFA24
:100CB0004FF4CE50009000208DF8040001208DF8F4
:100CC000070002208DF8050069464A4824F098F88C
:100CD0004FF6C740009000208DF8040001208DF8E9
:100CE000070002208DF8050069463F4824F088F887
:100CF0004FF47170009000208DF8040001208DF8F1
:100D0000070002208DF805006946384824F078F87D
:100D10004CF60340009000208DF8040001208DF86F
:100D2000070002208DF805006946314824F068F874
:100D30004FF42660009000208DF8040001208DF80B
:100D4000070002208DF8050069462B4824F058F86A
:100D50001CBD1FB54FF4E06023F074FF36208DF802
:100D6000000000208DF801008DF8020001208DF8B0
:100D70000300684623F06BFF0121102024F0B9FA2C
:100D80003220ADF8040040F2E73002900020ADF8C8
:100D90000C00ADF8060001A9184825F0F6F801216D
:100DA000164825F0BBFD01221146144825F08EFDA2
:100DB000002125E0CC000020C800002000000080B9
:100DC000A9E78140004800401B0900207000002076
:100DD000000400407400002000080040880000204B
:100DE000000C00407800002000040240000802408F
:100DF000000C0240000002400010024000100040C1
:100E0000FE4825F00BF90121FC4825F047F91FBDEC
:100E10001FB54FF4E06023F015FF37208DF8000078
:100E200000208DF801008DF8020001208DF80300EC
:100E3000684623F00CFF0121202024F05AFA3220CA
:100E4000ADF8040040F2E73002900020ADF80C004D
:100E5000ADF8060001A9EA4825F097F80121E84815
:100E600025F05CFD01221146E54825F02FFD00210B
:100E7000E34825F0D3F80121E14825F00FF91FBD23
:100E800000B58BB00121022024F044FA01210C208E
:100E900024F0FCF903220621DA4824F03CF803226E
:100EA0000721D84824F037F803220821D54824F038
:100EB00032F803220921D34824F02DF84FF4707042
:100EC000069002208DF81C0003208DF81D000020E4
:100ED0008DF81E0001208DF81F0006A9C94823F0D7
:100EE0008FFFA420ADF8200040F6B83009904FF4F1
:100EF0008070ADF828000020ADF8220008A9C24893
:100F000025F043F86020ADF804000120ADF806009C
:100F100000200390ADF810000121BB4825F0BEF879
:100F20000021B94825F07AF801A9B74825F0C2F8A0
:100F300001A9B54825F0F7F801A9B34825F040F913
:100F400001A9B14825F0A2F90121AF4825F097FC8D
:100F50000BB000BD00B58BB00121082024F0C9F909
:100F60000121084624F092F902220021A74823F02B
:100F7000D2FF02220121A54823F0CDFF0222114613
:100F8000A24823F0C8FF02220321A04823F0C3FF98
:100F90000F20069002208DF81C0003208DF81D0004
:100FA00000208DF81E0001208DF81F0006A997482B
:100FB00023F026FFBA20ADF8200042F2107009900D
:100FC0000020ADF82800ADF8220008A9904824F0D0
:100FD000DCFF6020ADF804000120ADF80600002021
:100FE0000390ADF810000121894825F057F8002141
:100FF000874825F013F801A9854825F05BF801A979
:10100000834825F090F801A9814825F0D9F801A975
:101010007F4825F03BF901217D4825F030FC0BB0DD
:1010200000BD00B58BB00121042024F062F901213C
:101030000D2024F02BF902220C21764823F06BFFBF
:1010400002220D21734823F066FF02220E2171480F
:1010500023F061FF02220F216E4823F05CFF4FF462
:101060007040069002208DF81C0003208DF81D00B2
:1010700000208DF81E0001208DF81F0006A965488C
:1010800023F0BEFEA420ADF8200040F6B830099051
:101090004FF48070ADF828000020ADF8220008A9B8
:1010A0005D4824F072FF6020ADF804000120ADF827
:1010B000060000200390ADF810000121564824F0EE
:1010C000EDFF0021544824F0A9FF01A9524824F063
:1010D000F1FF01A9504825F026F801A94E4825F056
:1010E0006FF801A94C4825F0D1F80BB000BD00B550
:1010F00089B00121080424F00DF90121084624F0EB
:10110000C5F803221146414823F005FF03220221BE
:101110003E4823F000FF0C20019002208DF80800CB
:1011200003208DF8090000208DF80A0001208DF8B9
:101130000B0001A9354823F063FE0020ADF818002C
:101140004FF6FF7007900020ADF82000ADF81A00B0
:1011500006A9324824F019FF0420ADF80C00002045
:10116000ADF80E00C820ADF814000120ADF8100055
:1011700003A92A4825F0E0FA00231A46032128484B
:1011800025F077FC0121264825F0C8FB01221146F5
:10119000234825F09BFB0121204824F07FFF0021FC
:1011A0001F4824F03BFF09B000BD00B589B0012104
:1011B000084624F09EF80121022024F09AF801212B
:1011C000032024F063F801220F21104823F0A3FE2E
:1011D00001220321134823F09EFE0222042111481C
:1011E00023F099FE022205210E4823F094FE3820B8
:1011F000019002208DF80800032015E00010004047
:1012000000140040000802400004014000000240B9
:10121000000C0040000C02400008004000000140AB
:1012200000400140000402408DF8090000208DF8C4
:101230000A0001208DF80B0001A9FE4823F0E0FD13
:101240004FF40040019002208DF8080003208DF833
:10125000090000208DF80A0001208DF80B0001A97B
:10126000F54823F0CDFD0020ADF818004FF6FF70D3
:1012700007900020ADF82000ADF81A0006A94FF045
:10128000804024F082FE06A9EC4824F07EFE042073
:10129000ADF80C000220ADF80E001420ADF81400DB
:1012A0000120ADF8100003A9800725F045FA03A935
:1012B000E24825F041FA02231A460321580725F097
:1012C000D8FB02231A460321DC4825F0D2FB01217A
:1012D000880725F023FB0121D84825F01FFB0122B8
:1012E0001146900725F0F2FA01221146D34825F065
:1012F000EDFA0121880724F0D1FE0121CF4824F026
:10130000CDFE00214FF0804024F088FE0021CB4824
:1013100024F084FE4FF4C06023F094FC1D208DF86F
:10132000000003208DF8010000208DF8020001204C
:101330008DF80300684623F08AFC1C208DF800001D
:1013400004208DF8010000208DF8020001208DF8A6
:101350000300684623F07BFC09B000BD00B589B0EE
:101360000121084623F0D6FF0121102023F08EFF33
:101370004FF42060019002208DF8080003208DF8C2
:10138000090000208DF80A0001208DF80B0001A94A
:10139000AB4823F035FD01220921A94823F0BBFD0C
:1013A00001220B21A64823F0B6FD0020ADF818005D
:1013B0004FF6FF7007900020ADF82000ADF81A003E
:1013C00006A9A04824F0E1FD0420ADF80C0000209F
:1013D000ADF80E000A20ADF814000120ADF81000A1
:1013E00003A9984825F0A8F900231A460321954837
:1013F00025F03FFB0121934825F090FA0122114688
:10140000904825F063FA01218E4825F087FA0122E1
:1014100011468C4825F05AFA01218A4824F03EFEF4
:101420000021884824F0FAFD4FF4C06023F00AFC44
:1014300019208DF8000001208DF8010000208DF8A2
:10144000020001208DF80300684623F000FC09B07B
:1014500000BD00B589B00121042023F04AFF01211D
:10146000082023F013FF4FF44050019002208DF824
:10147000080003208DF8090000208DF80A000120E3
:101480008DF80B0001A9704823F0BAFC0020ADF8DC
:1014900018004FF6FF7007900020ADF82000ADF85F
:1014A0001A0006A9694824F070FD02220C21664842
:1014B00023F031FD02220D21634823F02CFD04208E
:1014C000ADF80C000220ADF80E00C820ADF81400F5
:1014D0000120ADF8100003A95C4825F02DF9022386
:1014E0001A460321594825F0C4FA0121574825F02E
:1014F00015FA01221146554825F0E8F90121534813
:1015000024F0CCFD0021514824F088FD00204F49F3
:101510001431088001204D4908804FF4C06023F049
:1015200091FB1E208DF8000004208DF801000020A2
:101530008DF8020001208DF80300684623F087FB38
:1015400009B000BD00B589B00121082023F0D1FE0B
:101550000121084623F09AFE0320019002208DF815
:10156000080003208DF8090000208DF80A000120F2
:101570008DF80B0001A9304823F042FC0020ADF8A3
:1015800018004FF6FF7007900020ADF82000ADF86E
:101590001A0006A92E4824F0F8FC02220021264851
:1015A00023F0B9FC02220121234823F0B4FC0420DB
:1015B000ADF80C000220ADF80E00C820ADF8140004
:1015C0000120ADF8100003A9214825F0B5F8022349
:1015D0001A4603211E4825F04CFA01211C4825F02B
:1015E0009DF9012211461A4825F070F90121184889
:1015F00024F054FD0021164824F010FD0020144969
:10160000143108800120124908804FF4C06023F093
:1016100019FB32208DF8000004208DF80100002015
:101620008DF8020001208DF80300684623F00FFBBF
:1016300009B000BD00040240000002400004004068
:101640000010024000000140000C02400008004071
:10165000000C004000B59BB00121FE4823F016FEAF
:101660000121080223F056FE00200290FA48039060
:10167000FA480490002005900E2006900020079064
:101680004FF4806008904000099080000A9040115B
:101690000B9040020C9000200D9001200E90002035
:1016A0000F90109002A9EE4824F002FA0121EC48B4
:1016B00024F038FAFC20009003208DF8040000206C
:1016C0008DF807006946E74823F09AFB4FF4407015
:1016D000009003208DF8040000208DF80700694673
:1016E000E14823F08DFB3F20009003208DF804009B
:1016F00000208DF807006946DC4823F081FB0020BC
:1017000011904FF44030129000201390149011A8C3
:1017100023F034FF4FF08070159001208DF85800B1
:101720008DF8590000201790189019900E208DF810
:10173000680015A9C8484C3823F0F1FE07230122A0
:101740000221C5484C3823F070FF072302220321F1
:10175000C1484C3823F069FF072303220421BE4807
:101760004C3823F062FF072304220521BA484C3885
:1017700023F05BFF072305220621B7484C3823F0EE
:1017800054FF072306221946B3484C3823F04DFF77
:1017900007231A460821B0484C3823F046FF072398
:1017A00008220921AC484C3823F03FFF07230922C7
:1017B0000A21A9484C3823F038FF07230A220B21BD
:1017C000A5484C3823F031FF07230B220C21A248F7
:1017D0004C3823F02AFF07230C220D219E484C3859
:1017E00023F023FF07230D220E219B484C3823F0C2
:1017F0001CFF07230E220F2197484C3823F015FFBA
:10180000012195484C3823F0BBFF012192484C3808
:1018100023F0ABFF012190484C3823F0C6FE8E48E0
:101820004C3823F05EFF1BB000BD08B54FF4E060FC
:1018300023F008FA25208DF8000000208DF8010023
:101840008DF8020001208DF80300684623F0FFF9AF
:1018500008BD10B596B004460121102023F05AFDB2
:101860000121084623F012FD0121880523F00EFD19
:101870004FF4C060009002208DF8040000208DF825
:1018800006008DF8070002208DF8050069467548AE
:1018900023F0B6FA07220921724823F03CFB072205
:1018A0000A21704823F037FB02940020ADF80C00A9
:1018B000ADF80E00ADF81000ADF814000C20ADF836
:1018C000120002A96A4825F053F90121684825F061
:1018D000D7F94FF4A06023F0B5F93A208DF818003D
:1018E00000208DF819008DF81A0001208DF81B00DA
:1018F00006A823F0ACF95A48303024F037F84FF0FE
:101900000060079000200A905A4809900A200B9026
:101910005748001D089000200C904FF480600D90F7
:1019200000200E900F904FF48070109040021190A4
:10193000042012900320139000201490159007A902
:101940004748303024F0B4F801224021484825F0BF
:1019500044FA012210214248303024F070F901216C
:101960003F48303024F0DEF816B010BD10B596B008
:1019700004460121480523F089FC0121480423F095
:10198000B8FC0121082023F081FC60200090022097
:101990008DF8040000208DF806008DF80700022065
:1019A0008DF805006946344823F02AFA07220521FC
:1019B000314823F0B0FA072206212F4823F0ABFA72
:1019C00002940020ADF80C00ADF80E00ADF8100048
:1019D000ADF814000C20ADF8120002A9274825F03C
:1019E000C7F80121254825F04BF94FF4A06023F0FA
:1019F00029F911208DF8180000208DF819008DF8B4
:101A00001A0001208DF81B0006A823F020F91C48BD
:101A100023F0ACFF4FF00060079040200A90194877
:101A2000099050200B901548001D089000200C9044
:101A30004FF480600D9000200E900F904FF4807056
:101A40001090400211900420129003201390002067
:101A5000149019E0070040004C200140BE0800200F
:101A600010640240000002400004024000080240EE
:101A700000100140DA080020000C02400044004041
:101A8000A060024004000020159007A9FE4824F041
:101A90000FF801228021FD4825F09FF901228021C5
:101AA000FA4825F09AF901221021F74824F0C7F8E6
:101AB0000121F54824F036F816B010BD10B596B0E7
:101AC00004460121880423F014FC0121082023F09E
:101AD000DDFB0121480523F0D9FB4FF44070009055
:101AE00002208DF8040000208DF806008DF8070014
:101AF00002208DF805006946E54823F081F90722A8
:101B00000821E34823F007FA07220921E04823F0DF
:101B100002FA02940020ADF80C00ADF80E00ADF80A
:101B20001000ADF814000C20ADF8120002A9D9483D
:101B300025F01EF80121D74825F0A2F84FF4A06047
:101B400023F080F80C208DF8180000208DF8190083
:101B50008DF81A0001208DF81B0006A823F077F8F5
:101B6000C948783823F002FF4FF00060079000204A
:101B70000A90C94809900A200B90C648001D089099
:101B800000200C904FF480600D9000200E900F907C
:101B90004FF48070109040021190042012900320A6
:101BA000139000201490159007A9B748783823F0B7
:101BB0007FFF01224021B74825F00FF90122402183
:101BC000B44825F00AF901221021AF48783824F0F2
:101BD00036F80121AC48783823F0A4FF16B010BDC8
:101BE00010B596B004460121C80423F082FB012100
:101BF000042023F04BFB0121480523F047FB4FF461
:101C00004060009002208DF8040000208DF806004E
:101C10008DF8070002208DF8050069469F4823F0E3
:101C2000EFF808220A219D4823F075F908220B21BC
:101C30009A4823F070F902940020ADF80C00ADF83A
:101C40000E00ADF81000ADF814000C20ADF8120035
:101C500002A9934824F08CFF0121914825F010F847
:101C60004FF4A06022F0EEFF0D208DF81800032045
:101C70008DF8190001208DF81A008DF81B0006A8B8
:101C800022F0E5FF8048603823F070FE4FF00060DE
:101C9000079000200A908348099008200B90804804
:101CA000001D089000200C904FF480600D900020E3
:101CB0000E900F9010904FF4003011900020129071
:101CC0000320139000201490159007A96E486038E7
:101CD00023F0EEFE01224021714825F07EF801221A
:101CE00080216F4825F079F801221021664860387C
:101CF00023F0A5FF01216448603823F013FF16B0DC
:101D000010BD70B5684C2468642C00DB70BD674C56
:101D1000248804EB8404664D2C446070634C248852
:101D200004EB84042C44A170604C248804EB8404EC
:101D30002C44E2705D4C248804EB84042C44237111
:101D40005A4C2488641C642594FBF5F605FB164464
:101D5000564D2C80544C2468641C534D2C6000BF9D
:101D6000D4E701465048006808B900207047514840
:101D7000008800EB80004E4A104402680A60007937
:101D800008710120F2E701464748006808B90020C1
:101D900070474848008800EB8000454A10440268BC
:101DA0000A600079087143480088401C642290FB57
:101DB000F2F302FB13003F4A10803B480068401ECC
:101DC000394A10600120E3E70CB56846FFF7DBFFF6
:101DD0000020394908700CBD0346012B03DB062B9C
:101DE00001DC18467047012903DB062901DC08469F
:101DF000F8E7012A03DB062A01DC1046F2E700209F
:101E0000F0E710B58C202D4908604FF496702C49EE
:101E100008608C202B4908604FF4FA702A4908604A
:101E200000BF2A4909682A4A1268881A002801DB7B
:101E3000014600E04142822905DB2648C07F40F090
:101E400004002449C87700BF4FF47A7026F03AFAAC
:101E500000BF1E4909681E4A1268881A002801DB63
:101E6000014600E04142822905DB1A48C07F40F06C
:101E700008001849C87700BF4FF47A7026F022FA9C
:101E800000BF1249096827E0A060024000440040FA
:101E9000000C0240004800401B09002000080240DE
:101EA000004C0040DB020020F8020020FC02002071
:101EB0002A090020FE02002001030020C0040020A7
:101EC000A4040020C4040020B0040020C0000020AE
:101ED000C400002004000020FE4A1268881A00286E
:101EE00001DB014600E04142822905DBFA48C07F60
:101EF00040F04000F849C87700BF4FF47A7026F0F0
:101F0000E1F900BFF5490968F24A1268881A002809
:101F100001DB014600E04142822905DBEE48C07F3B
:101F200040F01000EC49C87700BF4FF47A7026F0FB
:101F3000C9F910BD10B5EA480078E9494978084464
:101F4000E74989780844E649C9780844E4490979A9
:101F50000844E34949790844C4B2E14800780228BA
:101F600000D010BDDE48C079032800D0F9E7DC4876
:101F70008079A0427DD1DA484078DA490870D848A3
:101F80008078D9490870D648C078D8490870D448B4
:101F90000079D7490870D2484079D6490870D148AD
:101FA0000078012808D1D0480078022804D10846DA
:101FB0000078D149086028E1CA480078022807D192
:101FC000C9480078012803D10020CC4908601CE1F1
:101FD000C448007802280AD1C34800780A2806D1EC
:101FE000C2480078012802D1C54908600DE1BD480A
:101FF000007802280AD1BC4800780A2806D1BB48DC
:102000000078022802D1BE490860FEE0B548007899
:1020100002280AD1B4480078092806D1B3480078CC
:10202000012802D1B7490860EFE0AE4800780228E5
:102030000AD1AD480078092806D1AC4800780228BA
:1020400002D1B0490860E0E0A6480078022856D1E5
:10205000A5480078022852D1A6480378A4480278FF
:10206000A2480178A0480078FFF74BFE9A48C07F4D
:1020700000E0C1E040F002009749C8779B48007833
:1020800080B99B480078012807D099480078022839
:1020900003D097480078032804D19B480068401C6F
:1020A000994908609148007804280BD1904800783D
:1020B000052807D10120954908608E480078944989
:1020C00008600CE089480078042808D18848007826
:1020D000062804D100208D4908608E490860834895
:1020E0000078052891D182480078052806D1012082
:1020F000884908607F4800788549086085E079480C
:10210000007802281BD178480078032817D1794835
:1021100002787748017875480078FFF75DFE7E49C0
:1021200008606D48C07F40F002006B49C8777A486C
:102130000068002869D001207849086065E0694896
:102140000078022823D16848007804281FD1674806
:10215000007801280BD166480078012807D1704922
:1021600008605D48C07F40F002005B49C8775F4867
:1021700000786C4908605E4800786B4908605D48EB
:1021800000786A4908600120654908603DE05548CB
:102190000078022821D15448007805281DD15348E1
:1021A0000078012809D152480078012805D151480A
:1021B0000078012801D15E4908604C480078022867
:1021C00023D14B48007802281FD14A48007857494C
:1021D000086001205749086017E04248007803284A
:1021E00013D14148007803280FD1404800780328D4
:1021F0000BD1FFF706FE08E0FF203B4908703B4982
:1022000008703B4908703B49087000BFA9E63E488A
:102210000068022803D101204749086002E000203D
:1022200045490860704710B596B00446012148053D
:1022300023F02CF80121080523F05BF801210C2084
:1022400023F024F80420009002208DF804000020E0
:102250008DF806008DF8070002208DF8050069460C
:10226000364822F0CDFD4FF48050009002208DF8CA
:10227000040000208DF806008DF8070002208DF87C
:10228000050069462E4822F0BBFD082202212B489A
:1022900022F041FE08220C21294822F03CFE4FF496
:1022A000A06022F0CFFC2F208DF8180005208DF8BB
:1022B00019008DF81A0001208DF81B0006A822F0E5
:1022C000C6FC0B208DF8180005208DF819008DF83C
:1022D0001A0037E0C400002004000020C0000020E5
:1022E000DB020020E3020020E4020020E5020020DF
:1022F000E6020020E7020020140300201C03002057
:10230000380300204003002048030020040300207D
:10231000100300200C0300202003002044030020B1
:102320003C03002024030020280300202C0300206D
:1023300030030020340300205C020020000C024027
:102340000008024001208DF81B0006A822F07FFC47
:1023500002940020ADF80C00ADF80E00ADF81000AE
:10236000ADF814000C20ADF8120002A9FC4824F0CE
:10237000FFFB0121FA4824F083FCFA4823F0F6FA27
:102380004FF00060079040200A90F74809900A201B
:102390000B90F348001D089000200C904FF48060D3
:1023A0000D9000200E900F9010904FF4003011907F
:1023B000002012900320139000201490159007A97C
:1023C000E84823F075FBE748A83823F0CFFA4FF030
:1023D0000060079000200A90E448099005200B90C7
:1023E000DF48001D089000200C904FF480600D9095
:1023F00000200E900F9010904FF4003011900020AC
:1024000012900320139000201490159007A9D5482E
:10241000A83823F04DFB01228021D14824F0DDFCB7
:1024200001224021CE4824F0D8FC01221021CD48C1
:1024300023F005FC01221021CA48A83823F0FFFB35
:102440000121C84823F06EFB0121C648A83823F0BB
:1024500069FB16B010BD10B596B0044601212020CE
:1024600022F058FF0121042022F010FF01218805ED
:1024700022F00CFFC020009002208DF80400002004
:102480008DF806008DF8070002208DF805006946DA
:10249000B74822F0B5FC08220621B54822F03BFDE2
:1024A00008220721B24822F036FD02940020ADF840
:1024B0000C00ADF80E00ADF81000ADF814000C20C3
:1024C000ADF8120002A9AB4824F052FB0121A94843
:1024D00024F0D6FB4FF4A06022F0B4FB39208DF835
:1024E000180003208DF8190001208DF81A008DF8CE
:1024F0001B0006A822F0ABFB9F4823F037FA4FF0F1
:102500002060079000200A909C48099008200B90BA
:102510009848001D089000200C904FF480600D90AA
:1025200000200E900F9010904FF40030119000207A
:1025300012900320139000201490159007A98E4844
:1025400023F0B6FA012240218A4824F046FC0122F9
:102550008021884824F041FC01221021864823F084
:102560006EFB0121844823F0DDFA16B010BD8349CB
:102570000978824A52781144804A927811447F4AFD
:10258000D27811447D4A127911447C4A527911441F
:10259000C8B27A490978022900D070477749C979C9
:1025A000032900D0F9E775498979814218D1734927
:1025B0004978734A117071498978724A11706F496C
:1025C000C978714A11706D490979704A11706B4967
:1025D00049796F4A11706D4909786E4A117006E0A9
:1025E000FF21694A1170694A1170694A117000BF70
:1025F000D3E700B585B00121082022F047FE012174
:10260000880322F087FE00208DF8100001208DF84D
:1026100013000C20039003A95F4822F0F1FB022174
:10262000032024F073FC0420009000208DF80400A7
:1026300010208DF8050001208DF80600684623F073
:1026400077FB08208DF8080000208DF809008DF830
:102650000A0001208DF80B0002A822F0F8FA05B05C
:1026600000BD70B504460D46012C0BD129464B48E0
:1026700024F031FB00BF4021484824F0DCFB002857
:10268000F9D036E0032C0BD12946454824F023FB32
:1026900000BF4021424824F0CEFB0028F9D028E0BA
:1026A000042C0BD129463F4824F015FB00BF4021E4
:1026B0003C4824F0C0FB0028F9D01AE0052C0BD1CF
:1026C0002946274824F007FB00BF4021244824F076
:1026D000B2FB0028F9D00CE0062C0AD12946254887
:1026E00024F0F9FA00BF4021224824F0A4FB00287E
:1026F000F9D070BD2DE9F0470224012502260027FC
:102700004FF000084FF0030960193044384440444A
:1027100025490978084400F0FF0A21460420FFF704
:10272000A0FF29460420FFF79CFF31460420FFF755
:1027300098FF39460420FFF794FF41460420FFF735
:1027400090FF194801780420FFF78BFF51460420C1
:10275000FFF787FF49460420FFF783FFBDE8F087B6
:1027600000500040B8600240920700201E0B00207D
:102770000008024000140140286402404C0300207D
:102780005403002055030020560300205703002067
:102790005803002059030020000C024000100140A3
:1027A00000480040004C0040140300200020FE4977
:1027B0004862FE490860FE490860FE4908607047AB
:1027C0000020F9494862F94908604FF080414862A9
:1027D000F9490860F9490860F9490860F449086056
:1027E000F4490860F7490860F7490860704700201D
:1027F0004FF080414862F049086070470020EF497F
:102800000860EF490860704710B50020EF49087074
:10281000002407E061210120FFF723FF3220FEF7AB
:10282000F2F9641C022CF5D30120E84908707A20E3
:10283000E749087010BD10B50020E6490870002473
:1028400007E061210320FFF70CFF3220FEF7DBF9E0
:10285000641C022CF5D30120DE4908707A20DE4981
:10286000087010BD2DE9F14FAEB0DCA02D90002016
:102870002C908DF888008DF860002E9829283DD284
:10288000DFE800F0153D464D545B626970777E8548
:102890008C939AA1A8FDFCFBFAF9F8F7F6F5F4F38E
:1028A000F2F1F0EFEEEDECEBEAE9E8E7E600022109
:1028B000D34822F007FB88B100224FF40041D148F1
:1028C00022F01EFB4FF40041CE4822F008FB0446E4
:1028D00000222146CCA0FDF7E6FE0FE00122D10345
:1028E000C84822F00DFB4FF40041C64822F0F7FA29
:1028F000044600222146CCA0FDF7D5FE5AE3012272
:10290000D148B0F900004142D0A0FDF7CCFE51E320
:102910000222D0480168D0A0FDF7C5FE4AE3032299
:10292000D1480168D1A0FDF7BEFE43E30422D4489C
:102930000168D4A0FDF7B7FE3CE30522D548016845
:10294000D5A0FDF7B0FE35E30622D7480168D7A031
:10295000FDF7A9FE2EE30722D7480168D7A0FDF7AF
:10296000A2FE27E30822D9480168D9A0FDF79BFE03
:1029700020E30922DA480168DAA0FDF794FE19E3A2
:102980000A22DC480168DCA0FDF78DFE12E30B2271
:10299000DC480168DCA0FDF786FE0BE30C22DE4874
:1029A0000168DEA0FDF77FFE04E30D22E048016828
:1029B000E0A0FDF778FEFDE20E22E2480168E2A009
:1029C000FDF771FEF6E2E44841890F22E3A0FDF72E
:1029D0006AFEEFE20121E54822F074FA4FF400515B
:1029E0001790884822F06EFA04460221DF4822F050
:1029F00069FA05464FF48041824822F063FA0646A0
:102A00000421DA4822F05EFA4FF400411690D748CC
:102A100022F058FA07460821D44822F053FA80469B
:102A20004FF48041D14822F04DFA81461021CF4821
:102A300022F048FA4FF400511590CC4822F042FAA7
:102A400082460821CA4822F03DFA4FF4805117E02F
:102A5000A9E29CE28FE282E275E26CE264E258E273
:102A60004EE244E23AE230E224E218E20BE2FFE115
:102A7000F2E1E5E1DDE1D0E1C8E1C0E1B8E13CE04F
:102A80001490BA4822F01EFA10211390B84822F090
:102A900019FA4FF480611290B44822F013FA834679
:102AA0008021B24822F00EFA4FF480711190AF48A5
:102AB00022F008FA10901798CDE90B65CDE90D408A
:102AC0001698CDE90798CDE90970DDE9131215983C
:102AD000CDE9042A03910690DDE91101CDE901B1A8
:102AE0000090A4A2282122A8109B26F0A1FB10226E
:102AF00022A9A9A0FDF72AFE5CE28021404822F02D
:102B0000E1F9044601213E4822F0DCF90546402166
:102B10003B4822F0D7F906464FF40041944822F092
:102B2000D1F907464FF480519C4822F0CBF98046FA
:102B30004FF48061324822F0C5F981464FF40061BC
:102B4000964822F0BFF94FF4006117902C4822F00C
:102B5000B9F982464FF48061854822F0B3F9834683
:102B60004FF48051264822F0ADF94FF400611690E1
:102B70007F4822F0A7F94FF400511590204822F029
:102B8000A1F94FF480411490794822F09BF94FF459
:102B9000804113901A4822F095F94FF480711290F9
:102BA0007E4822F08FF9FBE0000001406C0000201D
:102BB0002408004088000020700000202404004009
:102BC00074000020240C00407800002091000020B8
:102BD000900000209300002092000020313131311C
:102BE00031313131313131313131313131313131D5
:102BF000313130313131313131313131000000008A
:102C00000004024000080240524F424F542032203C
:102C100044414E4720434841592053414E2058419A
:102C20004E483A2020200000524F424F542032207C
:102C300044414E4720434841592053414E20444F80
:102C40003A202020000000008C000020494D553A19
:102C500000000000A40000204C617A6572207068BA
:102C600061693A2000000000B800002054726F2013
:102C70006368616E205472756F633A200000000033
:102C8000A00000204C617A657220747261693A205C
:102C900000000000BC00002054726F206368616E69
:102CA000205361753A200000980000204C617A653D
:102CB00072207361753A2000C000002054726F20AA
:102CC0006461792074617920312000009C0000202B
:102CD0004C617A6572207472756F63200000000089
:102CE000C400002054726F206461792074617920DF
:102CF00032200000400300206D6F64652062616334
:102D000020332000B000002054726F20786F61796A
:102D10002074617920000000380300206D6F646525
:102D20005F636861795F72756E673A20000000002A
:102D30002C0300206E6861745F6461745F686F705B
:102D4000200000003C0300206D6F6465206E686108
:102D50007420686F70200000BE0800205175616EFD
:102D6000675F74726F203A2000000000001002407C
:102D7000000C0240256425642564256425642564CF
:102D800025642564256425642564256425642564FB
:102D90002564256400000000493A0000000002405C
:102DA0004FF400411190FE4822F08CF8CDE90B76EB
:102DB000CDE90D5410901798CDE907A0CDE90998F9
:102DC00014A807C803ABA3E80708DDE9111213989C
:102DD000CDE900120290AFF26402282122A8109BD4
:102DE00026F026FA112222A9EEA0FDF7AFFCE1E0C1
:102DF0001222EE480168EEA0FDF755FCDAE013223E
:102E0000F0480168F0A0FDF74EFCD3E01422F14831
:102E10000168F1A0FDF747FCCCE04FF40061F348F6
:102E200022F050F8044615222146F1A0FDF73BFCA4
:102E3000C0E0F348018A1622F2A0FDF734FCB9E0A5
:102E40004FF40071E94822F03DF80446172221466C
:102E5000EFA0FDF728FCADE04FF48071F04822F0C0
:102E600031F8044618222146EEA0FDF71CFCA1E033
:102E70002021DE4822F026F8044619222146EDA042
:102E8000FDF711FC96E04FF40071E54822F01AF8C6
:102E900004461A222146EBA0FDF705FC8AE04021FA
:102EA000D24822F00FF804461B222146E9A0FDF784
:102EB000FAFB7FE00121EB4822F004F804461C22D3
:102EC0002146E9A0FDF7EFFB74E0FDF70DFE044697
:102ED0001D222146E6A0FDF7E6FB6BE0FDF7D7FDDE
:102EE00004461E222146E6A0FDF7DDFB62E0FDF769
:102EF0004FFE04461F222146E5A0FDF7D4FB59E012
:102F0000FDF71CFE044620222146E5A0FDF7CBFB81
:102F100050E04021C24821F0D5FF0446212221463D
:102F2000E3A0FDF7C0FB45E02222E5480168E5A0EB
:102F3000FDF7B9FB3EE02322E548B0F90010E5A01B
:102F4000FDF7B1FB36E04FF40061C64821F0BAFF4F
:102F5000044624222146E2A0FDF7A5FB2AE04FF417
:102F60008061C04821F0AEFF044625222146DFA043
:102F7000FDF799FB1EE04FF48051894821F0A2FF34
:102F8000044626222146DCA0FDF78DFB12E04FF41B
:102F90000051834821F096FF044627222146D9A0FC
:102FA000FDF781FB06E02822D9480168D9A0FDF78A
:102FB0007AFB00BF00BF2FB0BDE8F08F10B5012134
:102FC000D74822F0AFFD10BD01B5D6480068009982
:102FD000884203DD0020D349086004E0D14800683E
:102FE000401CD0490860CF480068FFF73BFC08BD93
:102FF00001B59DF80000052801DA002008BD9DF804
:103000000000FBE730B504461D4624B9C6480078E9
:10301000C64BD87011E0002C07DDE0B2FFF7E8FFE7
:10302000C24BD8700020987007E06342D8B2FFF717
:10303000DFFFBE4BD8700120987021B9BA480078E4
:10304000BA4BD87111E0002907DDC8B2FFF7D0FFF5
:10305000B64BD8710120987107E04B42D8B2FFF708
:10306000C7FFB24BD8710020987122B9AE480078E2
:10307000AE4BD87211E0002A07DDD0B2FFF7B8FFDF
:10308000AA4BD8720120987207E05342D8B2FFF7DA
:10309000AFFFA64BD8720020987225B9A2480078DD
:1030A000A24BD87311E0002D07DDE8B2FFF7A0FFB7
:1030B0009E4BD8730020987307E06B42D8B2FFF79D
:1030C00097FF9A4BD8730120987330BD974AD07000
:1030D000D071D072D07370479448C07803280DDA4D
:1030E0009248C079032809DA9048C07A032805DAA3
:1030F0008E48C07B032801DA012070470020FCE7DE
:1031000001208B49086070478A48006847F23051B7
:10311000884201D0012070470020FCE710B5FFF77E
:1031200073FB10BD8448B0F9000040427047B5EE13
:10313000C00AF1EE10FA09D28048D0ED000A70EE14
:10314000600AFDEEE00A10EE900A70477B48D0ED71
:10315000000A70EE200AFDEEE00A10EE900AF4E795
:1031600010B52DED0A8B044624B99FED750ABDEC10
:103170000A8B10BD002C11DA7248006825F0ABFEF6
:1031800041EC190B204625F0A6FE41EC1C0B9FEDEF
:103190006E0B53EC102B25F0BDFDD9E0EDE00000E7
:1031A00000040240696E323A00000000F80200207C
:1031B000636F756E745F646174615F75617274349E
:1031C0002000000014030020626C6F636B5F706866
:1031D000613A2000100300207365655F52315F740F
:1031E00072656E5F72756E6720000000001002400D
:1031F00043425F4E616E675F747261692000000038
:10320000BE0800205175616E675F74726F322000D6
:1032100043425F4E616E675F706861690000000045
:1032200000080240636865636B5F686F705F313AE6
:1032300000000000636865636B5F686F705F323A1F
:1032400020000000636865636B5F686F705F333AEE
:1032500020000000636865636B5F686F705F343ADD
:1032600020000000000C02405374617274000000E2
:10327000454E434F4445525F4652282920000000E6
:10328000454E434F4445525F464C282920000000DC
:10329000454E434F4445525F5252282920000000BA
:1032A000454E434F4445525F524C282920000000B0
:1032B00063687579656E5F646F695F5433200000E1
:1032C0002003002069645F6461745F686F70200090
:1032D0008E000020494D55786F61793A000000005A
:1032E00043425F6B65705F345F31200043425F6B28
:1032F00065705F345F32200043425F6B65705F3200
:103300005F32200043425F6B65705F325F312000A7
:1033100060030020636865636B5F74696D652000FE
:10332000A060024084000020A803002004000020C8
:103330000C040020D00300208C0000206803002033
:1033400000000000BC030020333333333333C33F6A
:1033500041EC1B0B9FEDFE0B53EC102B25F0D4FC26
:1033600041EC1A0B53EC192B25F046FD41EC180BE0
:1033700025F00CFE00EE100AF9E6F748006825F08B
:10338000AAFD41EC190B204625F0A5FD41EC1C0BD4
:103390001FED130B53EC102B25F0BCFC41EC1B0B69
:1033A0009FEDEB0B53EC102B25F00DFC41EC1A0BB1
:1033B00053EC192B25F020FD41EC180B25F0E6FD10
:1033C00000EE100AD3E6F0EE400AF5EEC00AF1EE88
:1033D00010FA02DBB0EE600A7047B1EE600AFBE75C
:1033E0000146002901DB084670474842FCE70146D8
:1033F000DA48D0ED000AF1EE600AD948D0ED001AA3
:1034000080EEA11A00EE901AF8EEE01AD348D0ED43
:10341000000A41EE210AB0EE600AFDEEC00A10EE8D
:10342000900A7047B0EE402ADFEDCE2AB0EE620A75
:10343000B5EEC02AF1EE10FA03D2F1EE422AB0EE58
:10344000622AF5EEC00AF1EE10FA03D2F1EE602A1C
:10345000F0EE620AB5EEC01AF1EE10FA03D2F1EE08
:10346000412AB0EE621AF5EEC01AF1EE10FA03D25C
:10347000F1EE612AF0EE621AB4EEC02AF1EE10FA13
:1034800001DDB0EE420AF4EEC00AF1EE10FA01DD01
:10349000B0EE600AB4EEC01AF1EE10FA01DDB0EE43
:1034A000410AF4EEC01AF1EE10FA01DDB0EE610A45
:1034B0007047A94800687047AB480068704710B56E
:1034C0002DED028BB0EE408AA848006847F23051DB
:1034D00088420ED11FED660AA54880ED000AA54876
:1034E00080ED000AA44880ED000AA44880ED000A9F
:1034F0004AE0A3480068A3490968401A9B49096843
:10350000081A00EE100AB8EEC00AF0EE408A9E4893
:10351000D0ED000A88EEA00A9C48D0ED000A30EEFB
:10352000200A9B48D0ED000A20EE200AF0EE408AE7
:10353000B0EE680A26F012FDF0EE000A20EE200A36
:103540008B4880ED000AB0EE680A26F02DF9F0EE07
:10355000000A20EE200A874880ED000A844890ED9A
:10356000000A8C48D0ED000A30EE200A834880ED36
:10357000000A804890ED000A8648D0ED000A30EE3F
:10358000600A7D4880ED000AB5EEC08AF1EE10FABF
:1035900073D081480068052820D2DFE800F00320BE
:1035A0003A546F00754890ED000A30EE080A80ED3D
:1035B000000A714890ED000A30EE480A80ED000ADA
:1035C0006C4890ED000A30EE080A80ED000A684869
:1035D00090ED000A30EE480A80ED000A68E0664887
:1035E00090ED000A30EE480A80ED000A614890ED47
:1035F000000A30EE080A80ED000A5D4890ED000AEE
:103600006648D0ED000A08EE600A594880ED000ACD
:103610004EE05A4890ED000A30EE080A80ED000AAC
:10362000544890ED000A5D48D0ED000A08EE200AEB
:10363000504880ED000A4E4890ED000A30EE480AEE
:1036400080ED000A34E04D4890ED000A30EE080AA3
:1036500080ED000A484890ED000A5048D0ED000A7D
:1036600008EE600A444880ED000A414890ED000AE7
:1036700030EE480A80ED000A1AE01AE03F4890ED6B
:10368000000A4648D0ED000A08EE200A3B4880EDCB
:10369000000A394890ED000A30EE480A80ED000A31
:1036A000344890ED000A30EE080A80ED000A00BFB1
:1036B00000BF2F48D0ED001A2E4890ED001A2E487A
:1036C000D0ED000A2D4890ED000AFFF7ABFE34481C
:1036D000D0ED000AF8EEE00A80EE801ABDEEC10AD5
:1036E000304880ED000A1C4800682E49096888426D
:1036F00003DD2C4800681849086001202A49086049
:10370000BDEC028B10BD10B50446002027490860AF
:1037100027480460D4B900200F4908601FEDF80A5B
:103720001C4880ED000A47F23050104908602149DA
:1037300008609FED210A214880ED000A002016490B
:1037400008601F490860084908603BE040E000004D
:103750009A9999999999C93FBC030020A003002028
:10376000A40300206F12833AE8030020D003002056
:10377000080400200404002000040020FC030020B2
:10378000F0030020DC030020800300208C030020D5
:10379000B0030020E4030020B803002070030020E1
:1037A00064030020C4030020B4030020C0030020F1
:1037B000C8030020D403002000000000E003002024
:1037C000D8030020FE4908601FED050AFFF777FEC9
:1037D00010BD10B5FB4890ED000AB5EEC00AF1EE41
:1037E00010FA05D1F848006810B9F848006890B19F
:1037F0001FED0F0AF34880ED000A0020F24908602F
:10380000F2490860F2480068F2490860ED4890ED1E
:10381000000AFFF754FE10BDEF48C0ED000AEF4864
:1038200080ED000A704770B52DED028B05460C4601
:10383000B0EE408AEA480068A8420BD1E948006827
:10384000A04207D1E84890ED000AB4EE480AF1EE34
:1038500010FA18D0E3480460E448006810B9052065
:10386000E2490860DA480068DA490860DE4880ED1D
:10387000008ADB4805600020DD490860D14890EDF2
:10388000000AFFF71CFEBDEC028B70BD70B52DED7C
:10389000028B0446B0EE408A0D46CC480068A04238
:1038A0000BD1C84890ED000AB4EE480AF1EE10FAC8
:1038B00003D1C5480068A8423AD0C948006847F219
:1038C0003051884225D12820C6490860C748006881
:1038D00010B90A20C549086047F23050844218DA0E
:1038E0000120C4490860B5EEC08AF1EE10FA03DD8C
:1038F000B7480068A04208DCB5EEC08AF1EE10FAC5
:1039000007D2B3480068A04203DAB1EE480AB0EE2D
:10391000408AAE480460AC480560AA4880ED008A41
:103920000020B3490860A74890ED000AFFF7C7FDE3
:10393000BDEC028B70BD10B52DED028BB0EE408A50
:1039400004462146B0EE480A47F23050FFF79EFF8A
:10395000BDEC028B10BD70B504460D461FED6A0A22
:1039600029462046FFF75FFF70BD70B52DED088B2F
:10397000F0EE408A0446B0EE608AB0EE419A9E486E
:1039800090ED000AB8EEC00AB4EE680AF1EE10FA43
:103990000DD194480068A04209D18C4890ED000AEE
:1039A000B8EEC00AB4EE480AF1EE10FA5ED0BDEEF1
:1039B000E80A914880ED000A854991ED000AB8EEC9
:1039C000C00A38EEC00ABDEEC00A10EE100A1FEDA4
:1039D000860A2146FFF727FF7D4890ED000AB8EEE2
:1039E000C00A38EE400ABDEEC00A10EE105A002D93
:1039F00001DB284600E06842642814DD744890ED3D
:103A0000000AB8EEC00AB4EEC08AF1EE10FA02DD88
:103A1000B0EE490A01E0B1EE490A10EE101A08466C
:103A200025F089FA13E06A4890ED000AB8EEC00A62
:103A300038EE400A10EE101A084625F07CFA41ECE8
:103A40001B0B9FED6E0B53EC102B25F063F941EC33
:103A50001A0B25F09BFA09EE900A0021B0EE690AD4
:103A6000FDEEC80A10EE900AFFF710FFBDEC088BC0
:103A700070BD10B55F48006801283DDD53490968F5
:103A8000534A1268881AFFF7ABFC0A280CDA594827
:103A900001680068401C574A1060B1F5FA7F2BDDC1
:103AA0000020FFF730FE10BD52480068FA2808DDFC
:103AB00005204C4908604D490860FB204D490860CD
:103AC00004E005204749086048490860404800680C
:103AD0003E490968884205DDBFEE000A394880ED9D
:103AE000000A04E0B7EE000A364880ED000A3548C7
:103AF00090ED000AFFF7E3FC00BFD4E710B52DED11
:103B0000028B394890ED000AB5EEC00AF1EE10FACA
:103B100008D13648006828B12C48006847F2305177
:103B2000884202DBBDEC028B10BD264890ED000AF6
:103B3000B5EEC00AF1EE10FA41D02948006847F20C
:103B4000305188426FD11F4890ED000AB5EEC00A8F
:103B5000F1EE10FA08DD1D4800682A490968401A8C
:103B60001B490968884210DB164890ED000AB5EE43
:103B7000C00AF1EE10FA7CD21448006821490968A5
:103B8000084413490968884273DD1A48006803280D
:103B900070DA0E4909680E4A1268881AFFF720FC8D
:103BA000082841DA094800681749086000200F49D1
:103BB00008600C4908609FED150A024828E00EE1F4
:103BC0000C040020E0030020B8030020D8030020EC
:103BD000F0030020DC030020A0030020A403002049
:103BE000D0030020C0030020E4030020BC03002019
:103BF000CC030020E8030020D40300207B14AE4750
:103C0000E17A743F9C030020EC03002000000000D8
:103C100080ED000A0220FE490860FE4890ED000A8F
:103C2000FFF74DFC7EE778E0FB480068FB49096838
:103C3000884237DDFA4890ED000AB8EEC00AF54830
:103C4000D0ED000A60EE200AF64890ED000AB8EECA
:103C5000C00AC0EE801AB0EE611AB0EE410AFFF75A
:103C6000B2FBED490968ED4A1268881AFFF7B8FB04
:103C700001E04CE0B2E000EE900AB8EEE01AEA484B
:103C8000D0ED000A40EE010AE54890ED000AB8EEDA
:103C9000C00A80EE801AB0EE418AB0EE480AFFF703
:103CA0000EFC9BE0DE4890ED000AB8EEC00AD94851
:103CB000D0ED000A60EE200ADA4890ED000AB8EE76
:103CC000C00AC0EE801AB0EE611AB0EE410AFFF7EA
:103CD0007AFBD1490968D14A1268881AFFF780FB3C
:103CE00000EE900AB8EEE01ACF48D0ED000A50EE90
:103CF000410ACB4890ED000AB8EEC00A80EE801A67
:103D0000B0EE418AB0EE480AFFF7D9FB66E0C14841
:103D100090ED000AFFF7D3FB60E0BE4890ED000A8B
:103D2000B5EEC00AF1EE10FA1FDDBB4890ED000AB7
:103D3000B8EEC00ABA48D0ED000AF8EEE00AB5487D
:103D400090ED001A00EEC10AB848D0ED000AF8EE76
:103D5000E00A70EE600AB14890ED000AB8EEC00AC1
:103D6000F4EEC00AF1EE10FA27D3AA4890ED000A4B
:103D7000B5EEC00AF1EE10FA2BD2A74890ED000A7A
:103D8000B8EEC00AA648D0ED000AF8EEE00AA14855
:103D900090ED001A00EEC10AA448D0ED000AF8EE3A
:103DA000E00A70EE200A9D4890ED000AB8EEC00AC5
:103DB000F4EEC00AF1EE10FA0BDD97490968974A54
:103DC0001268881AFFF7CCF9B0EE408AFFF777FB4C
:103DD00004E0904890ED000AFFF771FBA2E69449D9
:103DE00009688E4A1268881AFFF7BAF9B0EE408A5D
:103DF000FFF765FB00BF95E600B58548006802281F
:103E000015DA1FED7E0A8B4880ED000A1FED810A4E
:103E1000804880ED000A00208749086047F2305052
:103E2000864908608649086000207B49086085480B
:103E30000068401C8349086083490968884204DAA5
:103E400082480068FFF742F90EE07F4800687D492C
:103E500008607F48006820B17C480068FFF736F9A9
:103E600002E00020FFF732F900BD764A1268521CCA
:103E7000744B1A60824207DD694A12680A44684B33
:103E80001A6000226F4B1A6070472DE9F041FFF76E
:103E900049F962490860FFF7ECFD6E4800680028A8
:103EA00021DD5F4800686B49096888422AD05C4878
:103EB00000686849096888420EDA5948006866490E
:103EC000096888421EDA56480068FFF790FA0446EF
:103ED0000121FFF7CAFF15E04FF0FF315F4800688E
:103EE000FFF7C3FF0EE04E480068002806DD6FF0C4
:103EF00001015B480068FFF7B8FF03E0FFF77CFFB4
:103F0000BDE8F0815748006844490968884205D0F7
:103F1000FFF7F4FD414800685249086052480068C4
:103F2000F0B33F48D0ED000AF8EEE00A4F4890EDBC
:103F3000001A60EE810AB0EE600AFFF7F8F8044656
:103F40003748D0ED000AF8EEE00A494890ED001A33
:103F500060EE810AB0EE600AFFF7E9F805463048E6
:103F6000D0ED000AF8EEE00A424890ED001A60EE4B
:103F7000810AB0EE600AFFF7DAF806462848D0ED6D
:103F8000000AF8EEE00A3C4890ED001A60EE810A63
:103F9000B0EE600AFFF7CBF8074623462A4600E05A
:103FA00002E03146FFF72EF800BFA9E72DE9F04106
:103FB0002DED028B0446F0EE408A0D461646FFF7C3
:103FC000B1F80746B0EE680AFFF7FDF9B0EE408A97
:103FD000E01BFFF705FAB04203DCBDEC028BBDE845
:103FE000F081BC4203DAB1EE480AB0EE408A01200B
:103FF00007490860084804600F480560054880EDDF
:10400000008A00200F4908600C48006836E0000074
:10401000E8030020E0030020D8030020F003002084
:10402000BC0300209C0300207C0300209803002098
:10403000DC030020E4030020B8030020D0030020AC
:10404000D4030020CC030020AC030020A8030020F0
:104050000C040020C0030020C4030020F80300204B
:10406000C8030020F4030020B4030020080400204B
:104070000404002000040020FC03002047F230511B
:10408000884208D11E20FE490860FE48006810B929
:104090000A20FC490860FC4890ED000AFFF70FFA7F
:1040A00000BFFFF709FA0028FBDC00BF95E72DE908
:1040B000F0472DED048B0646F0EE409A0F46B0EE29
:1040C000608A9046FFF72EF80546B0EE690AFFF7C2
:1040D0007AF9F0EE408AB0EE489AC1464FF0000AF5
:1040E000A6F11004601BFFF77BF90A2803DCBDEC86
:1040F000048BBDE8F087AC4218DA3846B1EE680AA6
:10410000FFF719FC0CE0BAF1000F09D1281B484554
:1041100006DC3846B1EE490AFFF70DFC4FF0010A04
:10412000FFF700F80546A042EDDC17E03846B0EE98
:10413000680AFFF700FC0CE0BAF1000F09D1601B20
:10414000484506DC3846B0EE490AFFF7F4FB4FF06D
:10415000010AFEF7E7FF0546A042EDDB0020FFF76E
:10416000D2FA00BFC3E7C94801680068401CC74ACB
:104170001060462907D2C648408BC64909680844E2
:10418000C44908600BE0C34800684621B0FBF1F069
:10419000C14908600020BD490860BE490860BF48A9
:1041A00001680068401CBD4A1060462907D2B84823
:1041B000008BBB4909680844B94908600BE0B8485E
:1041C00000684621B0FBF1F0B64908600020B34911
:1041D0000860B3490860B44801680068401CB24AEE
:1041E0001060462907D2AA48808AB0490968084465
:1041F000AE4908600BE0AD4800684621B0FBF1F025
:10420000AB4908600020A8490860A8490860A9488F
:1042100001680068401CA74A1060462907D29C48E4
:10422000C08AA54909680844A34908600BE0A24870
:1042300000684621B0FBF1F0A049086000209D49CC
:1042400008609D4908609E4801680068401C9C4ABF
:104250001060322907D28E4840899A49096808447B
:10426000984908600BE0974800683221B0FBF1F0F4
:104270009549086000209249086092490860934877
:1042800001680068401C914A1060322907D28048BA
:10429000C0888F49096808448D4908600BE08C4844
:1042A00000683221B0FBF1F08A490860002087499C
:1042B000086087490860884801680068401C864A91
:1042C0001060322907D272488088844909680844FE
:1042D000824908600BE0814800683221B0FBF1F0B0
:1042E0007F49086000207C4908607C4908607D485F
:1042F00001680068401C7B4A1060462907D2644868
:104300000089794909680844774908600BE07648D4
:1043100000684621B0FBF1F0744908600020714943
:10432000086071490860724801680068401C704A62
:104330001060462907D2564800886E49096808442B
:104340006C4908600BE06B4800684621B0FBF1F057
:104350006949086000206649086066490860674846
:1043600001680068401C654A1060462907D2484829
:104370004088634909680844614908600BE0604867
:1043800000684621B0FBF1F05E49086000205B49FF
:1043900008605B49086070475B48006850490968DD
:1043A000401A03EE100AB8EEC33AF0EE430A57483B
:1043B00090ED003A23EE203AF0EE432A524800688E
:1043C00053490968884203DA514800684E49086039
:1043D0004D4800684F490968884203DD4D48006830
:1043E00049490860BDEEE03A13EE100A002801DBEF
:1043F000014600E04142052940DD474890ED003A82
:1044000033EE203A80ED003A90ED003ADFED433A8A
:10441000B4EEE33AF1EE10FA03DD9FED403A80EDA1
:10442000003A3D4890ED003ADFED3D3AB4EEE33A14
:10443000F1EE10FA03D29FED3A3A80ED003A394896
:1044400090ED003A3448D0ED003A23EE232A364866
:1044500090ED003A30EEC33A3448D0ED003A63EEC6
:10446000231A3148C0ED000A32EE823A33EE213A87
:104470002F4880ED003AF5EEC00A5BE0C2E0000094
:10448000C0030020BC030020E00300205C050020E6
:10449000BE08002060050020980000206405002070
:1044A000680500209C0000206C050020700500209D
:1044B000A40000207405002078050020A000002042
:1044C0007C05002080050020A80000209405002025
:1044D00098050020BC0000209C050020A0050020BD
:1044E000B8000020A4050020A8050020B00000208E
:1044F000BC050020C0050020C0000020C40500202D
:10450000C8050020C400002080040020DC04002036
:10451000780400207C040020E80400200000FA4316
:104520000000FAC3E0040020EC040020E4040020B2
:10453000F0040020F1EE10FA03D20120FB49887547
:1045400002E00020F9498875F94991ED003ABDEE85
:10455000C33A13EE100A002801DB014600E0414295
:1045600003EE101AB8EEC33AF0EE083A23EE230A2F
:10457000F04890ED003AB8EEC33AB4EEC30AF1EE5B
:1045800010FA05DD90ED003AB8EEC33AB0EE430AFA
:10459000B3EE043AB4EEC30AF1EE10FA03D2B3EE6E
:1045A000043AB0EE430AE44890ED003A30EE431A84
:1045B000B1EE043AB4EEC31AF1EE10FA08DD90ED54
:1045C000003AF1EE043A33EE233AB0EE430A0FE03C
:1045D000B9EE043AB4EEC31AF1EE10FA08D2D64896
:1045E00090ED003AF1EE043A33EE633AB0EE430A4E
:1045F000D14880ED000ABCEEC03A13EE100ACB4958
:10460000C87513E09FEDCD3ACD4880ED003A9FED9F
:10461000CB3ACC4880ED003A0220C449C87500204E
:1046200088759FEDC63AC44880ED003A7047C64889
:104630000068C6490968401A03EE100AB8EEC33A8A
:10464000B0EE430AC24890ED003A23EE003AF0EE95
:10465000432ABD480068BF490968884203DABD485B
:104660000068B9490860B8480068BB4909688842D1
:1046700003DDB9480068B4490860BDEEC03A13EEE6
:10468000100A002801DB014600E0414205297CDDDB
:10469000B24890ED003A33EE003A80ED003A90EDEA
:1046A000003A5FED623AB4EEE33AF1EE10FA03DD60
:1046B0001FED663A80ED003AA84890ED003A5FEDB4
:1046C000683AB4EEE33AF1EE10FA03D21FED6C3A19
:1046D00080ED003AA24890ED003AA048D0ED003AB3
:1046E00023EE232A9F4890ED003A30EE433A9E484D
:1046F000D0ED003A63EE231A9A4880ED000A32EEBC
:10470000823A33EE213A994880ED003AB5EEC00A7C
:10471000F1EE10FA03D200208449887402E00120EF
:1047200082498874914991ED003ABDEEC33A13EE87
:10473000100A002801DB014600E0414203EE101A96
:10474000B8EEC33AF0EE083A63EE230A884890EDDB
:10475000003AB8EEC33AF4EEC30AF1EE10FA05DD02
:1047600090ED003AB8EEC33AF0EE430AB3EE043AE5
:10477000F4EEC30AF1EE10FA03D2B3EE043AF0EE0F
:10478000430A7C4890ED003A00E02BE030EEC31A7B
:10479000B1EE043AB4EEC31AF1EE10FA08DD90ED72
:1047A000003AF1EE043A33EE233AF0EE430A0FE01A
:1047B000B9EE043AB4EEC31AF1EE10FA08D26D481D
:1047C00090ED003AF1EE043A33EE633AF0EE430A2C
:1047D0006848C0ED000ABCEEE03A13EE100A5349F7
:1047E000C87413E09FED553A5C4880ED003A9FEDA8
:1047F000533A5C4880ED003A02204C49C8740120CD
:1048000088749FED4E3A5B4880ED003A70475A48F5
:1048100000685A490968884203DA584800685649CE
:1048200008605548006856490968884203DD5448C5
:10483000006851490860534909684F4A1268881A4C
:10484000002801DB014600E04142032932DD4D48EA
:10485000006849490968884203DD002033498876A9
:1048600002E001203149887646490968424A1268C7
:10487000881A002801DB014600E0414201EBC10239
:1048800002EB0111404A1160104600683F49096877
:10489000884203DD3D480068114608603A480068D8
:1048A000142802DA142038490860374800781F4974
:1048B000C87602E000201D49C87670473448006879
:1048C00034490968884203DA324800683049086090
:1048D0002F48006830490968884203DD2E48006887
:1048E0002B4908602D490968294A1268881A00284E
:1048F00001DB014600E04142032970DD27480068E2
:1049000023490968884204DD0020084981F82A000B
:1049100003E00120054981F82A00204909681C4A62
:104920001268881A00283BDB01463AE004000020A8
:10493000F0040020B8040020F4040020000000006F
:10494000E8040020EC0400208C040020BC000020BF
:10495000F8040020840400208804002004050020BE
:10496000FC04002008050020000500200C050020A4
:10497000B404002010050020A40400209C040020A2
:10498000A0040020C000002018050020C004002062
:10499000B0040020A8040020AC040020C4000020C3
:1049A000414201EBC10202EB0111F84A11601046CD
:1049B0000068F7490968884203DDF5480068114638
:1049C0000860F2480068142802DA1420EF490860F1
:1049D000EE480078EF4981F82B0004E0FFE7002063
:1049E000EC4981F82B00704710B5EB480068EB49A3
:1049F0000968884203DAE9480068E7490860E64840
:104A00000068E7490968884203DDE5480068E24933
:104A10000860E44B1B68E04C24681A1B002A01DB89
:104A2000134600E05342022B4EDDDF4B1B68DF4C88
:104A30002468191B002901DB0B4600E04B420F2BB9
:104A400042DADB4B1B68DB4C2468181B002801DBB7
:104A5000034600E043420F2B36DAD2480068CE49C5
:104A60000968884204DD0120CA4981F8260003E074
:104A70000020C84981F82600CA490968C64A126858
:104A8000881A002801DB014600E04142C1EB011118
:104A9000BE4A116010460068C7490968884203DDB4
:104AA000C548006811460860B84800683C2802DA2A
:104AB0003C20B6490860B5480078B64981F827001F
:104AC0000020BE49086006E00020B24981F82700B6
:104AD0000120BA49086010BD3220B9490860B949BF
:104AE000086070476420B6490860B649086070479E
:104AF000A020B3490860B34908607047E620B04978
:104B00000860B0490860704700B50246FFF7F0FF43
:104B1000AD480260AD48026000BD00B50246FFF737
:104B2000DBFFA9480260A948026000BD00B502464B
:104B3000FFF7D8FFA4480260A448026000BD00B59A
:104B40000246FFF7DBFFA0480260A048026000BDFC
:104B500070B5FA209E490860944800689D49086035
:104B6000FA208B490860934800689B490860002040
:104B70009A49086035E006E0012023F0A3FBFBF72B
:104B80007DFF00B927E0884B1B68924C2468191BF5
:104B9000002901DB0B4600E04B42844C2468904D19
:104BA0002D68621B02EBD2746410A342E4DC814BDB
:104BB0001B688C4C24681B1B032493FBF4F47C4B74
:104BC0001B68854D2D68581B002801DB034600E05B
:104BD00043429C42D0DB00BF80480068401C7F49B4
:104BE00008607E4800683228C5DB70BD70B57E481D
:104BF0000068002850D17D48006800284CD17C48CE
:104C00000068002848D17B480068002844D123E090
:104C10000421794820F056F970B98021774820F0B6
:104C200051F948B99FED761ADFED760A12209FED13
:104C3000760AFEF79AFE08E09FED711ADFED710A21
:104C400014209FED720AFEF790FE012023F03AFB3C
:104C5000FBF714FF00B906E04FF480716C4820F0B8
:104C600031F90028D4D000BF9FED651ADFED650A49
:104C70000A209FED680AFEF778FE06E0012023F087
:104C800021FBFBF7FBFE00B905E004215A4820F0A8
:104C900019F90028F2D049E15348006801284FD1A2
:104CA0005248006800284BD151480068C8BB5148A1
:104CB0000068B0BB23E004214F4820F003F970B92D
:104CC00080214E4820F0FEF848B99FED4D1ADFEDE7
:104CD0004D0A12209FED4C0AFEF747FE08E09FEDBB
:104CE000481ADFED480A14209FED480AFEF73DFE02
:104CF000012023F0E7FAFBF7C1FE00B906E04FF40C
:104D00008071434820F0DEF80028D4D000BF9FED2A
:104D10003C1ADFED3C0A0A209FED3E0AFEF725FE15
:104D200007E00DE0012023F0CDFAFBF7A7FE00B964
:104D300005E00421304820F0C5F80028F2D0F5E065
:104D40002948006801281FD12848006801281BD184
:104D500027480068C0B927480068A8B96EE04FF43A
:104D600000612B4820F0AEF878B90121234820F0EB
:104D7000A9F850B99FED221ADFED220A12209FED0B
:104D8000260AFEF7F2FD52E079E047E01805002020
:104D9000C404002004000020980400209004002097
:104DA00094040020B0000020C0000020B4010020C6
:104DB000C4000020B8010020BC04002074040020BE
:104DC000B4040020B8040020800400208C040020DB
:104DD000C0040020A4040020B00400203C040020F3
:104DE0009C040020A80400205C0200206002002037
:104DF000640200206802002000100240000402400B
:104E00003333333F000061440000C8C3000061C475
:104E1000000002400000164300C0C1C41FED081A84
:104E20005FED080A14201FED070AFEF79EFD012022
:104E300023F048FAFBF722FE00B906E04FF4807138
:104E4000F84820F03FF8002889D000BF1FED141A61
:104E50005FED140A0A209FEDF40AFEF786FD06E0D6
:104E6000012023F02FFAFBF709FE00B906E04FF40A
:104E70000061EC4820F026F80028F1D056E0EB481D
:104E80000068012852D1EA48006801284ED1E9485B
:104E9000006801284AD1E8480068B8BB24E04FF414
:104EA0000061E04820F00EF870B90121E34820F0DD
:104EB00009F848B91FED2E1A5FED2E0A12201FEDDA
:104EC0002A0AFEF752FD08E01FED331A5FED330AA0
:104ED00014201FED320AFEF748FD012023F0F2F9FD
:104EE000FBF7CCFD00B906E04FF48071CD481FF010
:104EF000E9FF0028D3D000BF1FED3F1A5FED3F0A46
:104F00000A209FEDC90AFEF730FD07E00EE0012000
:104F100023F0D8F9FBF7B2FD00B906E04FF40061C9
:104F2000C0481FF0CFFF0028F1D000BF1FED4C1A82
:104F30005FED4C0A0A201FED4B0AFEF716FDFDF748
:104F40003FFC06E0012023F0BDF9FBF797FD00B917
:104F500011E0FBF7C9FD0546FBF799FD041E01DBD7
:104F6000204600E06042002D01DB294600E0694256
:104F70000844C828E6DB00BF0020FEF7C4FB70BD74
:104F80002DE9F04105460E46AA20AD490860AD491D
:104F90000860AD480068F430AC490860AC4800686F
:104FA000F530AC490860002415E006E0012023F04C
:104FB00089F9FBF763FD00B90BE0A7490968A54A29
:104FC0001268881A002801DB014600E041423229BC
:104FD000ECDC00BF641C322CE7DB9FEDA01A00EE76
:104FE000106AF8EEC00A102000EE105AB8EEC00A9F
:104FF000FEF7BBFC002410E006E0012023F062F97C
:10500000FBF73CFD00B906E04FF4807185481FF0C6
:1050100059FF0128F1D000BF641C962CECDB9FEDFA
:105020008F1A00EE106AF8EEC00A0C2000EE105A3B
:10503000B8EEC00AFEF799FC002417E006E0012054
:1050400023F040F9FBF71AFD00B90DE04FF4807131
:1050500074481FF037FF0128F1D04FF48051714898
:105060001FF030FF0028EAD000BF641C962CE5DB5F
:105070000020FEF748FBFA20714908607448006878
:1050800074490860002415E006E0012023F01AF9B5
:10509000FBF7F4FC00B90BE06F4909686D4A126830
:1050A000881A002801DB014600E041420A29ECDCB5
:1050B00000BF641C322CE7DB9FED681A00EE106A1B
:1050C000F8EEC00A282000EE105AB8EEC00AFEF72B
:1050D0004CFC002415E006E0012023F0F3F8FBF778
:1050E000CDFC00B90BE0802154481FF0EBFE0128F5
:1050F00005D1012151481FF0E5FE0128ECD000BF89
:10510000641CB4F57A7FE6DB4FF42F7023F0DAF8F5
:1051100032204B4908604E4800680E304D49086007
:105120009FED4F1A00EE106AF8EEC00A1D2000EE47
:10513000105AB8EEC00AFEF718FC00240FE006E093
:10514000012023F0BFF8FBF799FC00B905E001212D
:1051500044481FF0B7FE0128F2D000BF641C40F2A3
:1051600026208442EBDB9FED3E1A00EE106AF8EE3B
:10517000C00A092000EE105AB8EEC00AFEF7F5FB8F
:10518000002410E006E0012023F09CF8FBF776FCF9
:1051900000B906E04FF4005132481FF093FE012899
:1051A000F1D000BF641CB4F57A7FEBDB0020FEF782
:1051B000AAFAFA202349086023480068C01D234941
:1051C0000860002415E006E0012023F07BF8FBF7DF
:1051D00055FC00B90BE0244909681C4A1268881A7A
:1051E000002801DB014600E041421929ECDC00BF48
:1051F000641CFA2CE7DB9FED1A1A00EE106AF8EE39
:10520000C00A122000EE105AB8EEC00AFEF7ADFB3D
:1052100000243AE02AE0012023F054F8FBF72EFCAA
:1052200020BB30E0000002400080D4445C0200203B
:105230006002002064020020680200200004024096
:10524000B4040020B804002078040020800400206A
:10525000840400208C040020BC000020CDCC4C3FF6
:10526000CDCCCC3E00100240B80000204FF40061CD
:10527000FE481FF027FE012805D10421FC481FF03D
:1052800021FE0128C7D000BF641C40F6F6108442FE
:10529000C0DBFDF795FA06E0012023F013F8FBF7D9
:1052A000EDFB00B914E0FBF71FFC8046FBF7EFFBBA
:1052B000071E01DB384600E07842B8F1000F01DB41
:1052C000414601E0C8F100010844B0F5D27FE3DBBC
:1052D00000BF002410E006E0012022F0F3FFFBF7FE
:1052E000CDFB00B906E04FF48041E1481FF0EAFD34
:1052F0000128F1D000BF641C40F6F6108442EADBBE
:10530000FFF7F6FB40F20910DA490860DA49086055
:105310001FED2D1A00EE106AF8EEC00A0C2000EE08
:10532000105AB8EEC00AFEF720FB00240FE006E09A
:10533000012022F0C7FFFBF7A1FB00B905E0102117
:10534000CB481FF0BFFD0128F2D000BF641C642CC5
:10535000EDDB0020FEF7D7F9BDE8F08110B50020A5
:10536000FEF7D1F905210420FDF77BF9C348C07F82
:1053700040F00200C149C8770020C149086011E02F
:1053800006E0012022F09EFFFBF778FB00B903E066
:10539000BC4800680128F4D000BFB9480068401C30
:1053A000B7490860B6480068FA28E9DBB348C07F0F
:1053B00000F0FD00B149C8770120B2490860002023
:1053C000B149086010BD2DE9F0472DED028B8146F3
:1053D0000F46164698469DED0A8ADDE90B450020EA
:1053E000FEF791F99FEDA91AF8EEC80A102000EE19
:1053F000106AB8EEC00AFEF7B8FA404622F062FF23
:105400000020FEF780F94FF49672DFEDA10A00212B
:10541000B7EE080A4846FEF74AFE0020FEF773F989
:10542000FFF766FB9B480068FA30924908609A488B
:105430000068FA309049086000209149086019E03E
:1054400006E0012022F03EFFFBF718FB00B90BE05D
:1054500092490968884A1268881A002801DB0146C7
:1054600000E041420F29ECDC00BF85480068401C89
:1054700083490860824800683228E1DB1FED891A01
:1054800000EE105AF8EEC00A142000EE104AB8EEF2
:10549000C00AFEF76AFA00207949086014E006E0C5
:1054A000012022F00FFFFBF7E9FA00B906E04FF404
:1054B00080716E481FF006FD0128F1D000BF7048D2
:1054C0000068401C6E4908606D4800689628E6DB5D
:1054D0001FED9E1A00EE105AF8EEC00A0E2000EEE4
:1054E000104AB8EEC00AFEF740FA0020644908608E
:1054F0001BE006E0012022F0E5FEFBF7BFFA00B951
:105500000DE04FF4807159481FF0DCFC0128F1D008
:105510004FF4805155481FF0D5FC0028EAD000BF59
:1055200057480068401C564908605548006896284E
:10553000DFDB0020FEF7E7F853480068012801D1BF
:10554000FFF70CFF29462046FFF71AFD0020FEF763
:10555000DAF84FF49672DFED4E0A0021B7EE080A32
:105560003846FEF7A4FD0020FEF7CDF8BDEC028B17
:10557000BDE8F0872DE9F04104460D46FFF7B8FA83
:10558000444800680D303B49086043480068C01C2F
:1055900039490860002615E006E0012022F092FE5D
:1055A000FBF76CFA00B90BE03C490968324A126813
:1055B000881A002801DB014600E041420A29ECDCA0
:1055C00000BF761C322EE7DB9FED301A00EE105A3A
:1055D000F8EEC00A142000EE104AB8EEC00AFEF73A
:1055E000C4F9002610E006E0012022F06BFEFBF774
:1055F00045FA00B906E04FF480711C481FF062FCC8
:105600000028F1D000BF761CB6F57A7FEBDB9FED6A
:105610001F1A00EE105AF8EEC00A0A2000EE104AD7
:10562000B8EEC00AFEF7A1F900261BE006E0012053
:1056300022F048FEFBF722FA00B911E04FF4807126
:105640000A481FF03FFC0028F1D0802114481FF0C9
:1056500039FC28B9012112481FF034FC0028E6D09B
:1056600000BF761CB6F57A7FE0DB1BE0000002404D
:1056700000100240800400208C0400200400002060
:105680003C0400200C030020080300203333333F88
:105690009A99993E7804002084040020BC000020E0
:1056A00000040240FA20F9490860F9480068F53022
:1056B000F84908601FED0A1A00EE105AF8EEC00A09
:1056C000202000EE104AB8EEC00AFEF74EF9002680
:1056D0000FE006E0012022F0F5FDFBF7CFF900B95D
:1056E00005E00121EC481FF0EDFB0028F2D000BFDF
:1056F000761C40F226208642EBDB1FED1B1A00EEE3
:10570000105AF8EEC00A1A2000EE104AB8EEC00A8D
:10571000FEF72BF9002610E006E0012022F0D2FD72
:10572000FBF7ACF900B906E04FF40051DA481FF07E
:10573000C9FB0028F1D000BF761C40F2262086422B
:10574000EADB1FED2D1A00EE105AF8EEC00A0A200F
:1057500000EE104AB8EEC00AFEF707F9002617E07F
:1057600006E0012022F0AEFDFBF788F900B90DE05C
:105770004FF48041C8481FF0A5FB0028F1D04FF43A
:105780000051C5481FF09EFB0028EAD000BF761CE0
:1057900040F2DC508642E3DBFA20C0490860C04892
:1057A0000068F530BF4908601FED471A00EE105A37
:1057B000F8EEC00A092000EE104AB8EEC00AFEF763
:1057C000D4F806E0012022F07DFDFBF757F900B97F
:1057D00005E01021B0481FF075FB0028F2D000BF93
:1057E000FCF7EEFF06E0012022F06CFDFBF746F926
:1057F00000B914E0FBF778F98046FBF748F9071E7B
:1058000001DB384600E07842B8F1000F01DB414689
:1058100001E0C8F100010844B0F5BE7FE3DB00BF42
:105820000020FDF770FFBDE8F0812DE9F0472DED78
:10583000028B81460F46144698469DED0A8ADDE9A3
:105840000B560020FDF75FFF4FF4AF70FFF76EF9C6
:105850000020FDF758FFB6EE001AF8EEC80A102037
:1058600000EE104AB8EEC00AFEF77FF8404622F07C
:1058700029FD0020FDF747FF4FF496725FED7C0A8B
:105880000021B7EE080A4846FEF711FC0020FDF79C
:105890003AFF40F20910FFF737F90020824908600B
:1058A00019E006E0012022F00DFDFBF7E7F800B952
:1058B0000BE07E490968774A1268881A002801DBE4
:1058C000014600E041420A29ECDC00BF764800684E
:1058D000401C75490860744800683228E1DBB7EE67
:1058E000001A00EE106AF8EEC00A0F2000EE105AFF
:1058F000B8EEC00AFEF739F800206B49086014E0E2
:1059000006E0012022F0DEFCFBF7B8F800B906E063
:105910004FF4807166481FF0D5FA0028F1D000BF1F
:1059200061480068401C604908605F480068B0F545
:105930007A7FE5DB962022F0C5FC0020FDF7E3FE30
:105940005C480068012801D1FFF708FD3146284670
:10595000FFF710FE0020FDF7D6FE4FF496725FEDC4
:10596000B40A0021B7EE080A3846FEF7A0FB002073
:10597000FDF7C9FEBDEC028BBDE8F08770B54E485F
:10598000006800F109054D48006800F1090640F281
:105990003520FFF7B9F84A480068002853D1494834
:1059A000006800284FD14848006800284BD147487C
:1059B0000068002847D13C4908603DE023E04448A6
:1059C0000068A84209DD1FEDCF1ADFED420A122060
:1059D0009FED410AFDF7C9FF0EE01FEDD41ADFED80
:1059E0003D0A0F209FED3D0AFDF7BFFF3C48C07FF9
:1059F00040F080003A49C877012022F063FCFBF7B1
:105A00003DF800B912E04FF4805129481FF05AFACE
:105A10000028D4D0254800681E490968441A002C83
:105A200001DB204600E060421E28C8DC00BF1E48A3
:105A30000068401C1C4908601B48006840F20E6169
:105A40008842BBDB34E11E48006801281CD11D4898
:105A5000006800287CD11C480068A8B91B48006871
:105A600090B90020104908606BE051E018480068C8
:105A7000A84237DD1FEDFB1ADFED160A12209FED5D
:105A8000160AFDF772FF3CE062E00000B40400205B
:105A9000840400208C04002000100240B804002080
:105AA00078040020800400203C040020BC0000207A
:105AB0000000024008030020A8010020B0010020DF
:105AC0005C020020600200206402002068020020C6
:105AD000A000002000006144008022C4000061C4D6
:105AE000040000209FEDF81A5FED060A0F201FED5D
:105AF000050AFDF73AFFF548C07F40F02000F34962
:105B0000C877012022F0DEFBFAF7B8FF00B912E0F7
:105B10004FF48051EE481FF0D5F90028A6D0ED488B
:105B20000068ED490968441A002C01DB204600E0BA
:105B300060421E289ADC00BFE8480068401CE74924
:105B40000860E648006840F20E6188428DDBAFE0F5
:105B5000E3480068012853D1E248006801284FD18A
:105B6000E1480068D8BBE1480068C0BB0020DB49C1
:105B700008603EE023E0DE480068B04209DD9FEDAA
:105B8000D21A5FED2C0A12209FEDDA0AFDF7EDFE26
:105B90000EE09FEDCD1A5FED310A0F201FED310AA7
:105BA000FDF7E3FEC948C07F40F08000C749C877D1
:105BB000012022F087FBFAF761FF00B913E04FF4F0
:105BC0008051C3481FF07EF90028D4D0C148006836
:105BD000C1490968441A002C02DB204601E00FE0AD
:105BE00060421E28C7DC00BFBC480068401CBB499F
:105BF0000860BA48006840F20E618842BADB57E09C
:105C0000B7480068012853D1B648006801284FD131
:105C1000B548006801284BD1B4480068C0BB0020DB
:105C2000AE4908603EE023E0B1480068B04209DDBB
:105C30009FEDA51A5FED590A12209FEDAE0AFDF700
:105C400094FE0EE09FEDA01A5FED5E0A0F201FED9F
:105C50005D0AFDF78AFE9D48C07F40F020009B4909
:105C6000C877012022F02EFBFAF708FF00B913E0F5
:105C70004FF4805196481FF025F90028D4D095485C
:105C8000006895490968441A002C02DB204601E0AF
:105C90000EE060421E28C7DC00BF90480068401C30
:105CA0008E4908608D48006840F20E618842BADB78
:105CB0000020FDF728FD70BD10B589480068002858
:105CC0006ED18848006800286AD18748006800289B
:105CD00066D186480068002862D140F23520FEF780
:105CE00025FF00207D4908602AE01FE08048006809
:105CF00081490968884209DD9FED731A5FED8B0ABF
:105D000012209FED7C0AFDF730FE08E09FED6E1A31
:105D10005FED900A0C201FED8F0AFDF726FE012093
:105D200022F0D0FAFAF7AAFE00B903E0734800683F
:105D30008528DBDC00BF69480068401C67490860B3
:105D40006648006840F20E618842CEDB9FED6C1A17
:105D50005FEDA00A0E209FED6B0AFDF706FE002006
:105D60005E49086013E006E0012022F0ABFAFAF782
:105D700085FE00B905E05E4800685F490968884211
:105D8000F2DC00BF55480068401C54490860534885
:105D900000689628E7DB4FF4FA6022F093FA20E1DE
:105DA0004F48006801286FD14E48006800286BD129
:105DB0004D480068002867D14C480068002863D12E
:105DC00040F23520FEF7B2FE0020444908602AE088
:105DD0001FE04748006848490968884209DD9FED8F
:105DE0003A1A5FEDC40A12209FED420AFDF7BDFD8D
:105DF00008E09FED351A5FEDC90A0C201FEDC90AB6
:105E0000FDF7B3FD012022F05DFAFAF737FE00B985
:105E100003E03A4800688528DBDC00BF2F480068B3
:105E2000401C2E4908602D48006840F20E618842EF
:105E3000CEDB9FED331A5FEDD90A0E209FED310ABC
:105E4000FDF793FD00202549086013E006E00120DE
:105E500022F038FAFAF712FE00B905E0244800688B
:105E6000254909688842F2DC00BF1C480068401CD4
:105E70001A490860194800689628E7DB4FF4FA6071
:105E800022F020FAADE0FFE715480068012863D151
:105E90001448006801285FD11348006898B9134876
:105EA000006880B940F23520FEF740FEB6EE001AD9
:105EB0005FEDF80A0E209FED140AFDF756FD002055
:105EC0000649086036E047E03333333F04000020E2
:105ED00000000240BC0000208C0400203C04002094
:105EE0005C020020600200206402002068020020A2
:105EF000A400002000C0C1C4B00100209800002010
:105F0000CDCCCC3D0000E1440080ED4406E0012012
:105F100022F0D8F9FAF7B2FD00B905E0F6480068BA
:105F2000F64909688842F2DC00BFF5480068401C69
:105F3000F3490860F24800689628E7DBB6EE001ADD
:105F4000DFEDF00A0A201FED110AFDF70EFD4FF4F8
:105F5000FA6022F0B7F944E0EB480068012840D12C
:105F6000EA48006801283CD1E9480068012838D196
:105F7000E8480068A8BB40F23520FEF7D7FDB6EE32
:105F8000001ADFEDE00A0E201FED210AFDF7EDFCFF
:105F90000020DB49086013E006E0012022F092F9BE
:105FA000FAF76CFD00B905E0D3480068D3490968E9
:105FB0008842F2DC00BFD2480068401CD04908602B
:105FC000CF4800689628E7DBB6EE001ADFEDCD0A71
:105FD0000A201FED340AFDF7C8FC4FF4FA6022F0E6
:105FE00071F90020FDF78FFB10BD10B50246101EA1
:105FF00001DB044600E044422146322900DD322123
:10600000072901DA042010BD01EB410000EBC100BB
:10601000484340F6C41490FBF4F0031D1846F2E721
:106020002DE9F04104460D460020B54908603BE0EB
:106030002AE0B9480068071B3846FFF7D6FF064636
:10604000B5480068001B002809DD9FEDB41ADFED9C
:10605000AD0A30469FEDB20AFDF787FC10E0AE486E
:106060000068001B09D59FEDAD1ADFEDA60A30468A
:106070001FED5C0AFDF779FC02E00020FDF743FB11
:10608000FAF7FCFC00B909E0A3490968081B0028DD
:1060900001DB014600E041420029CADC00BF98480C
:1060A0000068401C9649086095480068A842BFDB1C
:1060B000BDE8F08110B594480068002848D19348A5
:1060C0000068002844D192480068002840D19148D7
:1060D0000068E0BB40F23520FEF716FDB6EE001A70
:1060E000DFED880A12209FED8F0AFDF73EFC0020AD
:1060F0008349086019E00CE0012022F0E3F88A48A7
:10610000C07F40F080008849C877FAF7B7FC00B933
:1061100005E081480068854909688842ECDC00BFD9
:1061200077480068401C76490860754800689628E2
:10613000E1DBB6EE001ADFED730A0A209FED780A64
:10614000FDF713FC4FF4FA6022F0BCF834E1FFE7EE
:106150006D480068012847D16C480068F0BB6C4866
:106160000068D8BB6B480068C0BB40F23520FEF722
:10617000CBFCB6EE001ADFED630A12209FED690A30
:10618000FDF7F3FB00205E49086019E00CE00120F8
:1061900022F098F86448C07F40F020006249C87738
:1061A000FAF76CFC00B905E05B4800685F490968D4
:1061B0008842ECDC00BF52480068401C504908602F
:1061C0004F4800689628E1DBB6EE001ADFED4D0A75
:1061D0000A209FED530AFDF7C8FB00E004E04FF4EE
:1061E000FA6022F06FF8E7E04748006801285DD1C7
:1061F00046480068012859D145480068002855D113
:1062000044480068F0BBC82148480068FFF708FF11
:1062100040F23520FEF78AFC1FEDD51ADFED390A72
:1062200012209FED430AFDF7A0FB002034490860CF
:106230001DE006E0FAF722FC00B912E0012022F08E
:1062400041F83C4909688529F4DC3B4909683B4A27
:106250001268881A002801DB014600E04142C82983
:10626000E8DC00BF26480068401C25490860244837
:10627000006840F20E618842DBDB2B48C07F40F0B3
:10628000800000E012E02849C8770020FDF73BFAC3
:106290001FEDE51ADFED1B0A0A209FED210AFDF72D
:1062A00064FB40F6C41022F00DF885E01648006843
:1062B000012820D11548006801287DD114480068C4
:1062C000012879D113480068A8B9C8211748006887
:1062D000FFF7A6FE40F23520FEF716FC9FED181AD8
:1062E000DFED080A12209FED120AFDF73EFB0020A9
:1062F0000349086044E05FE0A4000020B0010020F2
:106300003C040020000061445C0200206002002088
:106310006402002068020020A00000206666663F3C
:10632000000000000000C84204000020A801002076
:10633000000061C498000020BC0000208C040020F4
:106340003333333F06E0FAF799FB00B912E001203E
:1063500021F0B8FFFE4909688529F4DCFD49096888
:10636000FD4A1268881A002801DB014600E041421C
:10637000C829E8DC00BFF9480068401CF7490860FC
:10638000F648006840F20E618842DBDBF448C07FCB
:1063900040F02000F249C8770020FDF7B4F99FEDE6
:1063A000F11A5FED280A0A201FED230AFDF7DDFA36
:1063B00040F6C41021F086FF0020FDF7A4F910BDBF
:1063C00010B54FF461714842FEF7DAFDFEF796FB17
:1063D000E5480068FA30E5490860E5480068FA30A9
:1063E000DD490860E3480068002864D1E24800689D
:1063F000002860D1E148006800285CD11FED301A08
:106400005FED400A14201FED360AFDF7AEFA0020BA
:10641000D249086020E006E0012021F053FFFAF79E
:106420002DFB00B912E04FF48071D5481EF04AFDF3
:106430000128F1D0C7480068C7490968441A002CF0
:1064400001DB204600E060421428E5DC00BFC348C1
:106450000068401CC1490860C048006840F20E61F5
:106460008842D8DB1FED4A1A5FED5A0A0A201FED59
:10647000500AFDF77AFA0020B849086014E006E0F7
:10648000012021F01FFFFAF7F9FA00B906E04FF4F6
:106490008051BB481EF016FD0028F1D000BFAF4868
:1064A0000068401CAD490860AC48006840F20E61CD
:1064B0008842E4DB13E0AF480068012802D1FFF70F
:1064C0005DFA0CE0AD480068012802D1FFF7F2FD4B
:1064D00005E0A9480068012801D1FFF7EDFB10BDD8
:1064E00010B5A8480068002856D1A74800680028C1
:1064F00052D1A648006800284ED1A548006800285F
:106500004AD19649086019E006E0012021F0DAFE40
:10651000FAF7B4FA00B90BE08E4909688E4A12689E
:10652000881A002801DB014600E041420A29ECDC20
:1065300000BF8A480068401C884908608748006896
:10654000FA28E1DBB6EE001A5FED920A05209FED16
:10655000910AFDF70AFA00208049086014E006E07D
:10656000012021F0AFFEFAF789FA00B906E04FF4F6
:10657000006183481EF0A6FC0028F1D000BF7748D8
:106580000068401C75490860744800689628E6DB7E
:106590000020FDF7B8F87CE07A480068012878D13F
:1065A0007D480068002874D16C49086019E006E055
:1065B000012021F087FEFAF761FA00B90BE0654986
:1065C0000968654A1268881A002801DB014600E064
:1065D00041420A29ECDC00BF60480068401C5F496A
:1065E00008605E480068FA28E1DBB6EE001A5FED4D
:1065F000BB0A05201FEDB20AFDF7B7F90020574985
:10660000086014E006E0FAF739FA00B909E0012061
:1066100021F058FE4FF4807159481EF053FC0028B9
:10662000F1D000BF4D480068401C4C4908604B4801
:10663000006840F20E618842E4DB0020FDF763F859
:10664000B6EE001A5FEDD10A05209FED520AFDF764
:106650008CF900204149086014E006E0012021F097
:1066600031FEFAF70BFA00B906E04FF40061444836
:106670001EF028FC0028F1D000BF38480068401CFC
:1066800036490860354800689628E6DB0020FDF7AB
:106690003AF810BD00B5FEF72BFAF5203349086033
:1066A0002D49086000BD10B53648006800287DD12E
:1066B00035480068002879D134480068002875D131
:1066C00033480068002871D1FFF7E4FF9FED331ACB
:1066D0005FEDF40A10201FEDEE0AFDF746F90020E9
:1066E0001E4908601FE006E0012021F0EBFDFAF7EB
:1066F000C5F900B911E0042129481EF0E3FB002888
:10670000F2D01448006814490968441A002C01DBCF
:10671000204600E060421E28E6DC00BF0F4800680B
:10672000401C0E4908600D4800689628DBDB0C48C9
:10673000C07F40F080000A49C8779FED181ADFED4E
:10674000190A08209FED180AFDF70FF900202EE026
:1067500098000020BC0000208C0400203C04002095
:1067600004000020CDCCCC3D780400208004002023
:1067700084040020E8000020EC000020F00000204D
:10678000000002405C020020600200206402002041
:10679000680200200000E1446C020020CDCC4C3F98
:1067A0000010024000006144000000001BE0FB49B3
:1067B000086013E006E0012021F084FDFAF75EF99D
:1067C00000B905E08021F6481EF07CFB0028F2D0DD
:1067D00000BFF2480068401CF0490860EF480068BC
:1067E0009628E7DB3FE1EF48006801286AD1EE48D0
:1067F0000068002866D1ED480068002862D1EC48A6
:10680000006800285ED1FFF745FF1FED1C1A5FED01
:106810001B0A10201FED1C0AFDF7A7F80020DF4916
:1068200008601FE006E0012021F04CFDFAF726F990
:1068300000B911E00421DF481EF044FB0028F2D02B
:10684000DD480068DD490968441A002C01DB204658
:1068500000E060421E28E6DC00BFD0480068401C13
:10686000CE490860CD4800689628DBDBD448C07F5D
:1068700040F02000D249C8771FED381A5FED370A83
:1068800008201FED370AFDF770F80020C3490860A3
:1068900013E006E0012021F015FDFAF7EFF800B94A
:1068A00005E08021BE481EF00DFB0028F2D000BF9D
:1068B000BA480068401CB9490860B8480068962882
:1068C000E7DBD0E0B7480068012863D1B64800682C
:1068D00001285FD1B5480068C8BBB5480068B0BBA7
:1068E000FFF7D8FE23E00421B2481EF0EBFA70B99E
:1068F0008021AB481EF0E6FA48B99FEDB21A5FED71
:10690000570A12209FEDB00AFDF72FF808E09FED1F
:10691000AD1A5FED5C0A0E209FEDAC0AFDF725F87D
:10692000012021F0CFFCFAF7A9F800B913E04FF4E9
:106930008071A7481EF0C6FA0028D4D09E4800688F
:106940009E490968441A002C02DB204601E021E040
:1069500060421428C7DC00BF9948C07F40F0800027
:106960009749C8779FED971A5FED720A08209FED4F
:10697000990AFCF7FAFF06E0012021F0A3FCFAF7E0
:106980007DF800B905E0802185481EF09BFA0028BB
:10699000F2D068E083480068012864D1824800682A
:1069A000012860D18148006801285CD180480068D6
:1069B000B0BBFFF76FFE23E004217E481EF082FA91
:1069C00070B9802176481EF07DFA48B99FED7D1A96
:1069D0005FED8C0A12209FED7C0AFCF7C6FF08E0F1
:1069E0009FED781A5FED910A0E209FED780AFCF773
:1069F000BCFF012021F066FCFAF740F800B913E073
:106A00004FF4807172481EF05DFA0028D4D06A48B5
:106A100000686A490968441A002C02DB204601E03C
:106A200021E060421428C7DC00BF6548C07F40F009
:106A300020006349C8779FED631A5FEDA60A08201E
:106A40009FED640AFCF791FF06E0012021F03AFC7B
:106A5000FAF714F800B905E0802151481EF032FA27
:106A60000028F2D000BF0020FCF74DFE10BD10B58D
:106A70004C480068002869D14B480068002865D15F
:106A80004A480068002861D14948006800285DD163
:106A9000FFF700FE24E04FF400614D481EF012FAAB
:106AA00070B901213E481EF00DFA48B99FED451A14
:106AB0005FEDC40A10209FED480AFCF756FF08E07E
:106AC0009FED401A5FEDC90A0E209FED400AFCF7CA
:106AD0004CFF012021F0F6FBF9F7D0FF00B912E0DE
:106AE0004FF480713A481EF0EDF90028D3D03248B7
:106AF000006832490968441A002C01DB204600E096
:106B000060421428C7DC00BF2D48C07F40F08000E1
:106B10002B49C8779FED2B1A5FEDDE0A08209FED09
:106B20002F0AFCF722FF06E0012021F0CBFBF9F74A
:106B3000A5FF00B905E0012119481EF0C3F900289E
:106B4000F2D000BF0020FCF7DEFD8AE115480068A6
:106B500001287AD114480068002876D113480068CB
:106B6000002872D11248006800286ED1FFF792FD0C
:106B700047E04FF4006116481EF0A4F980BB0121E4
:106B800007481EF09FF958BB9FED0E1A5FEDFB0AF8
:106B900010209FED110AFCF7E8FE2BE03C040020DA
:106BA000000402405C020020600200206402002019
:106BB0006802002000100240BC0000208C0400206D
:106BC000040000203333333F008009C4000061C457
:106BD000000002400000C84200C0A8C40080D444A5
:106BE000FFE71FED081ADFEDFE0A0E201FED090A70
:106BF000FCF7BBFE012021F065FBF9F73FFF00B970
:106C000012E04FF48071F7481EF05CF90028B0D014
:106C1000F5480068F5490968441A002C01DB204654
:106C200000E060421428A4DC00BFF148C07F40F0BF
:106C30002000EF49C8771FED1D1ADFEDE90A082093
:106C40001FED1A0AFCF791FE07E011E0012021F088
:106C500039FBF9F713FF00B905E00121E5481EF003
:106C600031F90028F2D000BF0020FCF74CFDF8E01D
:106C7000E1480068012878D1E0480068012874D113
:106C8000DF480068002870D1DE48006800286CD119
:106C9000FFF700FD9FEDDC1ADFEDD10A10209FED1C
:106CA000DB0AFCF762FE0020D949086020E006E01C
:106CB000012021F007FBF9F7E1FE00B912E04FF4E3
:106CC0000061C8481EF0FEF80028F1D0C6480068F0
:106CD000C6490968441A002C01DB204600E06042E6
:106CE0002828E5DC00BFCA480068401CC849086085
:106CF000C74800689628DADBBD48C07F40F08000B6
:106D0000BB49C8779FEDC01ADFEDB50A08209FED9B
:106D1000BF0AFCF72AFE0020BD4908601FE006E01C
:106D2000012021F0CFFAF9F7A9FE00B911E0012105
:106D3000B0481EF0C7F80028F2D0AB480068AB4955
:106D40000968441A002C01DB204600E06042142848
:106D5000E6DC00BFAE480068401CAD490860AC48A6
:106D600000689628DBDB7CE0FFE7A3480068012889
:106D700077D1A2480068012873D1A1480068012892
:106D80006FD1A0480068E0BBFFF784FC9FED9E1A1E
:106D9000DFED930A10209FED9D0AFCF7E6FD002031
:106DA0009B49086020E006E0012021F08BFAF9F70A
:106DB00065FE00B912E04FF400618A481EF082F8C7
:106DC0000028F1D08848006888490968441A002CD6
:106DD00001DB204600E060422828E5DC00BF8C484B
:106DE0000068401C8A490860894800689628DADBF8
:106DF0007F48C07F40F020007D49C8779FED821A10
:106E000000E02EE0DFED760A08209FED800AFCF717
:106E1000ACFD00207E4908601FE006E0012021F063
:106E200051FAF9F72BFE00B911E0012171481EF06B
:106E300049F80028F2D06C4800686C490968441A87
:106E4000002C01DB204600E060421428E6DC00BF95
:106E50006F480068401C6E4908606D4800689628BD
:106E6000DBDB0020FCF74FFC10BD10B54FF4617167
:106E70004842FEF785F840F20910FDF745FE6548E7
:106E80000068002842D16448006800283ED1634869
:106E90000068D0BB62480068B8BB62480068A0BB0D
:106EA0001FEDB81ADFED4E0A14201FEDB80AFCF7EB
:106EB0005CFD00205649086020E006E0F9F7DEFDA1
:106EC00000B915E0012021F0FDF94FF4807145482B
:106ED0001DF0F8FF0028F1D04348006843490968D5
:106EE000441A002C01DB204600E060421E28E5DC4D
:106EF00000BF47480068401C454908604448006896
:106F000040F20E618842D8DB14E0FFE74148006898
:106F1000012802D1FDF76AFE0CE03F480068012815
:106F200002D1FFF7A4FD05E03C480068012801D12B
:106F3000FFF7B9FB10BD2DE9F04105460E46FDF700
:106F4000D7FD394800681B38384908603848006860
:106F5000193826490860002415E006E0012021F0D8
:106F6000B1F9F9F78BFD00B90BE01F4909681F4A19
:106F70001268881A002801DB014600E04142072917
:106F8000ECDC00BF641CFA2CE7DB9FED1F1A00EE5F
:106F9000106AF8EEC00A0D2000EE105AB8EEC00AD2
:106FA000FCF7E3FC002417E006E0012021F08AF959
:106FB000F9F764FD00B90DE04FF4807109481DF048
:106FC00081FF0128F1D04FF4805106481DF07AFF6F
:106FD0000028EAD000BF641C962CE5DB002029E0E5
:106FE0000000614400000240BC0000208C0400202E
:106FF00004000020000402405C0200206002002027
:107000006402002068020020CDCC4C3F0000E14427
:107010003C040020E8000020EC000020F0000020EC
:10702000F8000020F40000207C04002080040020F0
:1070300088040020FCF767FBFA20F9490860F9484A
:107040000068F9490860002415E006E0012021F0FD
:1070500039F9F9F713FD00B90BE0F4490968F24A70
:107060001268881A002801DB014600E04142282905
:10707000ECDC00BF641C322CE7DB1FED1D1A00EEB8
:10708000106AF8EEC00A282000EE105AB8EEC00AC6
:10709000FCF76BFC002415E006E0012021F012F95A
:1070A000F9F7ECFC00B90BE08021E1481DF00AFF84
:1070B000012805D10121DE481DF004FF0128ECD094
:1070C00000BF641C40F21A408442E5DB4FF4FA70C2
:1070D00021F0F8F83220D2490860D24800680C301C
:1070E000D14908601FED381A00EE106AF8EEC00AA8
:1070F0001D2000EE105AB8EEC00AFCF736FC002442
:107100000FE006E0012021F0DDF8F9F7B7FC00B947
:1071100005E00121C7481DF0D5FE0128F2D000BFCF
:10712000641C40F226208442EBDB1FED491A00EE7E
:10713000106AF8EEC00A0A2000EE105AB8EEC00A33
:10714000FCF713FC002410E006E0012021F0BAF85F
:10715000F9F794FC00B906E04FF40051B5481DF072
:10716000B1FE0128F1D000BF641CB4F57A7FEBDBDF
:107170000020FCF7C8FAFA20AF490860AF48006861
:10718000C01DAF490860002415E006E0012021F091
:1071900099F8F9F773FC00B90BE0AA490968A84A05
:1071A0001268881A002801DB014600E041421E29CE
:1071B000ECDC00BF641CFA2CE7DB1FED6D1A00EE5F
:1071C000106AF8EEC00A122000EE105AB8EEC00A9B
:1071D000FCF7CBFB002416E006E0012021F072F85A
:1071E000F9F74CFC00B90CE04FF4006196481DF033
:1071F00069FE012805D104218E481DF063FE012897
:10720000EBD000BF641C962CE6DBFBF7D9FA06E056
:10721000052021F057F8F9F731FC00B914E0F9F72F
:1072200063FC8046F9F733FC071E01DB384600E0BB
:107230007842B8F1000F01DB414601E0C8F10001DE
:107240000844B0F5C87FE3DB00BF002410E006E08F
:10725000012021F037F8F9F711FC00B906E04FF4EE
:10726000804174481DF02EFE0128F1D000BF641C3F
:1072700040F6F6108442EADBFDF73AFC40F20910D2
:107280006F490860684908601FEDA11A00EE106A96
:10729000F8EEC00A102000EE105AB8EEC00AFCF753
:1072A00064FB00240FE006E0012021F00BF8F9F761
:1072B000E5FB00B905E010215E481DF003FE012842
:1072C000F2D000BF641C642CEDDB0020FCF71BFA3D
:1072D000BDE8F08110B54FF461714842FFF72BFE15
:1072E00040F20910FDF710FC58480068C0BB584830
:1072F0000068A8BB5748006890BB9FED571A5FED28
:10730000C80A14209FED550AFCF72FFB00205449B2
:10731000086020E006E0012020F0D4FFF9F7AEFB82
:1073200000B912E04FF4807147481DF0CBFD0028F2
:10733000F1D03E4800683C490968441A002C01DB42
:10734000204600E060420A28E5DC00BF44480068AF
:10735000401C4349086042480068FA28DADB0DE027
:10736000FFE73A480068012802D1FDF73FFC05E03D
:1073700038480068012801D1FFF795F910BD10B514
:1073800040F23520FDF7C0FB3648006800287DD16B
:1073900035480068002879D134480068002875D144
:1073A00033480068D0BB29E0042122481DF08AFD43
:1073B00070B980211E481DF085FD48B99FED2D1A3A
:1073C0005FEDF90A12209FED2C0AFCF7CEFA0EE0D1
:1073D0009FED281ADFED290A10209FED200AFCF707
:1073E000C4FA2748C07F40F080002549C8770120B3
:1073F00020F068FFF9F742FB00B946E04FF48051F6
:1074000011481DF05FFD0028CED0084800680649ED
:107410000968441A002C35DB204634E036E00000D1
:10742000B4040020840400208C040020BC00002050
:107430000004024000100240B8040020780400203C
:1074400080040020B800002000000240E800002076
:10745000EC000020F00000206666663F000061C47A
:107460003C0400205C020020600200206402002036
:10747000680200203333333F0000E1C30000614461
:1074800004000020604264288EDCEBE0F8480068CD
:10749000012848D1F748006880BBF748006868BBFE
:1074A000F648006850BB2AE00421F5481DF00AFDAB
:1074B00070B98021F3481DF005FD48B91FED131A7E
:1074C0005FED120A12201FED140AFCF74EFA0EE0CF
:1074D0001FED181A5FED170A10201FED200AFCF7A8
:1074E00044FAE948C07F40F02000E749C87701200E
:1074F00020F0E8FEF9F7C2FA08B913E013E04FF400
:107500008051E2481DF0DEFC0028CDD0E048006844
:10751000E0490968441A002C01DB204600E0604283
:107520006428C1DC9EE0D248006801284AD1D148D5
:107530000068012846D1D048006870BBCF48006879
:1075400058BB2BE00121CF481DF0BCFC78B94FF4AB
:107550000061CE481DF0B6FC48B91FED3A1A5FED48
:10756000390A12209FEDCC0AFCF7FFF90EE01FED5F
:107570003F1A5FED3E0A10201FED480AFCF7F5F9AF
:10758000C148C07F40F08000BF49C877012020F08B
:1075900099FEF9F773FA08B913E013E04FF480513C
:1075A000BA481DF08FFC0028CCD0B9480068B94912
:1075B0000968441A002C01DB204600E06042642880
:1075C000C0DC4FE0AA48006801284BD1A9480068F8
:1075D000012847D1A8480068012843D1A74800687E
:1075E000D8BB2AE00121A7481DF06CFC78B94FF404
:1075F0000061A6481DF066FC48B91FED621A5FEDF8
:10760000610A12209FEDA40AFCF7AFF90EE01FED0E
:10761000671A5FED660A10201FED700AFCF7A5F9E6
:107620009948C07F40F020009749C877012020F09A
:1076300049FEF9F723FA00B913E04FF4805193485B
:107640001DF040FC0028CDD09148006891490968A0
:10765000441A002C02DB204601E003E0604264286B
:10766000C0DC00BF0020FCF74EF810BD10B580480C
:10767000006800286AD17F480068002866D17E48EB
:107680000068002862D17D48006800285ED1FFF7BD
:1076900001F824E04FF400617C481DF013FC70B940
:1076A000012178481DF00EFC48B91FED8E1A5FEDE0
:1076B0008D0A10209FED790AFCF757F908E01FEDBD
:1076C000931A5FED920A0E201FED9C0AFCF74DF90C
:1076D000012020F0F7FDF9F7D1F900B917E080217A
:1076E00067481DF0EFFB30B94FF4807164481DF01E
:1076F000E9FB0028CED06648006866490968441A4C
:10770000002C01DB204600E060421428C2DC00BFF0
:107710005D48C07F40F080005B49C8771FEDAB1A21
:107720005FEDAA0A08209FED5E0AFCF71EF906E04D
:10773000012020F0C7FDF9F7A1F900B905E001210A
:1077400050481DF0BFFB0028F2D0ACE1484800686B
:1077500001286AD147480068002866D14648006879
:10776000002862D14548006800285ED1FEF792FFEC
:1077700024E04FF4006145481DF0A4FB70B90121DD
:1077800040481DF09FFB48B91FEDC61A5FEDC50AC2
:1077900010209FED420AFCF7E8F808E01FEDCB1A35
:1077A0005FEDCA0A0E201FEDD30AFCF7DEF80120B8
:1077B00020F088FDF9F762F900B917E08021304820
:1077C0001DF080FB30B94FF480712D481DF07AFB1D
:1077D0000028CED02E4800682E490968441A002C93
:1077E00001DB204600E060421428C2DC00BF2648CE
:1077F000C07F40F020002449C8771FEDE21A5FEDFA
:10780000E10A08209FED260AFCF7AFF806E0012008
:1078100020F058FDF9F732F900B905E001211948C7
:107820001DF050FB0028F2D03DE11148006801280E
:107830007ED11048006801287AD10F4800680028DE
:1078400076D10E480068002872D1FEF723FF06E0CB
:10785000012020F037FDF9F711F900B925E00C49B6
:1078600009680C4A1268881A00281BDB01461AE0D6
:107870005C020020600200206402002068020020F8
:1078800000100240000402400400002000000240FA
:10789000BC0000208C0400200040CEC400C0A8C45E
:1078A0000000E14441420F29D2DC00BFB6EE001ACD
:1078B000DFEDFB0A0F201FED060AFCF756F800204B
:1078C000F849086020E006E0012020F0FBFCF9F711
:1078D000D5F800B912E04FF40061F3481DF0F2FA58
:1078E0000028F1D0F1480068F1490968441A002CD9
:1078F00001DB204600E060422828E5DC00BFE948C3
:107900000068401CE7490860E64800689628DADB12
:10791000E848C07F40F08000E649C877B6EE001A1C
:10792000DFEDDF0A08201FED220AFCF71EF800E059
:1079300028E00020DB4908601FE006E0012020F07D
:10794000C1FCF9F79BF800B911E00121DA481DF0FC
:10795000B9FA0028F2D0D5480068D5490968441A18
:10796000002C01DB204600E060421428E6DC00BF6A
:10797000CC480068401CCB490860CA48006896287B
:10798000DBDB90E0CD48006801286FD1CC4800686F
:1079900001286BD1CB480068012867D1CA4800682C
:1079A000002863D1FEF776FE06E0012020F08AFC75
:1079B000F9F764F800B90BE0BC490968BC4A1268E1
:1079C000881A002801DB014600E041420F29ECDC67
:1079D00000BFB6EE001ADFEDB20A0F201FED500A0D
:1079E000FBF7C3FF0020AF49086020E006E001205C
:1079F00020F068FCF9F742F800B912E04FF400619A
:107A0000A9481DF05FFA0028F1D0A8480068A849ED
:107A10000968441A002C01DB204600E06042282857
:107A2000E5DC00BF9F480068401C9E4908609D48F7
:107A300000689628DADB9F48C07F40F020009D490F
:107A4000C8779FEDA21ADFED960A08201FED6C0A99
:107A5000FBF78BFF00209349086020E007E001203E
:107A600020F030FCF9F70AF808B912E01BE0012118
:107A700091481DF027FA0028F1D08C4800688C4905
:107A80000968441A002C01DB204600E060421428FB
:107A9000E5DC00BF83480068401C824908608148DB
:107AA00000689628DADB0020FBF72DFE10BD10B52C
:107AB0004FF461714842FFF73EFA8548006800289C
:107AC00075D184480068002871D183480068002877
:107AD0006DD14FF4F070FDF717F89FED801ADFEDD0
:107AE000700A14209FED7E0AFBF73FFF00206D49CE
:107AF000086020E006E0012020F0E4FBF8F7BEFF7C
:107B000000B912E04FF4807167481DF0DBF90128DD
:107B1000F1D06648006866490968441A002C01DB08
:107B2000204600E060421428E5DC00BF5D480068A4
:107B3000401C5C4908605B48006840F20E61884266
:107B4000D8DB9FED661ADFED560A0A209FED640A26
:107B5000FBF70BFF00205349086020E006E00120FE
:107B600020F0B0FBF8F78AFF00B912E04FF4805123
:107B70004D481DF0A7F90028F1D04C4800684C4949
:107B80000968441A002C01DB204600E060421428FA
:107B9000E5DC00BF43480068401C4249086041489A
:107BA000006840F20E618842D8DB0DE0FFE74848EC
:107BB0000068012802D1FFF7E2FB05E045480068B4
:107BC000012801D1FFF752FD10BD10B545494842CB
:107BD000FDF7D0FC40F20910FCF796FFB6EE001A54
:107BE000DFED3F0A14209FED2E0AFBF7BEFE0020BA
:107BF0002C49086020E006E0F8F740FF00B915E0E6
:107C0000012020F05FFB4FF4807127481DF05AF9E6
:107C10000028F1D02548006825490968441A002C3D
:107C200001DB204600E060421428E5DC00BF1D486F
:107C30000068401C1B4908601A48006840F20E6149
:107C40008842D8DB27494842FDF794FC40F20910EE
:107C5000FCF75AFFB6EE001ADFED210A14209FED63
:107C6000100AFBF782FE00200E49086045E006E09E
:107C7000F8F704FF00B93AE0012020F023FB4FF4AD
:107C8000807109481DF01EF90028F1D007480068EE
:107C900007490968441A002C26DB204625E000002D
:107CA000000061443C04002000000240BC000020B1
:107CB0008C04002004000020000402405C0200202C
:107CC000600200206402002068020020CDCC4C3FFE
:107CD000E8000020EC000020F00000203333333FA8
:107CE000000061C47CFCFFFF60421428C0DC00BFC0
:107CF000FE480068401CFD490860FC48006840F2EE
:107D00000E618842B3DBFA494842FDF733FC10BDEF
:107D100070B5F8480068002861D1F748006800286D
:107D20005DD1F6480068002859D1F5480068002860
:107D300055D140F23520FCF7E7FE0020EB49086002
:107D400019E006E0012020F0BDFAF8F797FE00B92F
:107D50000BE0EC490968EC4A1268881A002801DB3C
:107D6000014600E041426429ECDC00BFDF480068C6
:107D7000401CDE490860DD480068FA28E1DBE34882
:107D8000C07F40F08000E149C877B6EE001A5FED91
:107D90003C0A0E209FEDDE0AFBF7E7FD0020D349E9
:107DA000086013E006E0012020F08CFAF8F766FE88
:107DB00000B905E0D7480068D74909688842F2DC75
:107DC00000BFCA480068401CC8490860C74800682E
:107DD0009628E7DB4FF4FA6020F074FAA8E1C54872
:107DE0000068012861D1C448006800285DD1C348FB
:107DF0000068002859D1C2480068002855D140F2D7
:107E00003520FCF781FE0020B849086019E006E043
:107E1000012020F057FAF8F731FE00B90BE0B9491C
:107E20000968B94A1268881A002801DB014600E097
:107E300041426429ECDC00BFAC480068401CAB49FF
:107E40000860AA480068FA28E1DBB048C07F40F02B
:107E50002000AE49C877B6EE001A5FED6F0A0E201B
:107E60009FEDAB0AFBF781FD0020A049086013E0FD
:107E700006E0012020F026FAF8F700FE00B905E040
:107E8000A4480068A44909688842F2DC00BF97480A
:107E90000068401C95490860944800689628E7DB14
:107EA0004FF4FA6020F00EFA42E19248006801288F
:107EB0006FD19148006801286BD190480068002874
:107EC00067D18F480068002863D140F23520FCF765
:107ED0002DFE0020854908601AE006E0012020F010
:107EE000F1F9F8F7CBFD00B90CE086490968864A3C
:107EF0001268881A002801DB014600E04142B1F512
:107F0000967FEBDC00BF79480068401C7749086029
:107F100076480068FA28E0DB1FED941A5FEDA00AAE
:107F20000A209FED7E0AFBF720FDFAF749FC06E0E8
:107F3000012020F0C7F9F8F7A1FD00B912E0F8F729
:107F4000D3FD0546F8F7A3FD041E01DB204600E043
:107F50006042002D01DB294600E069420844B0F58B
:107F6000FA6FE5DB00BF0020FBF7CDFB6748C07F61
:107F700040F080006549C877B6EE001A5FEDB80A98
:107F80000A209FED670AFBF7F0FC002057490860C4
:107F900014E01CE006E0012020F094F9F8F76EFDF3
:107FA00000B905E05B4800685B4909688842F2DC7B
:107FB00000BF4E480068401C4C4908604B480068B0
:107FC0009628E7DB4FF4FA6020F07CF9B0E04948EE
:107FD000006801286FD14848006801286BD14748E4
:107FE0000068012867D146480068002863D140F244
:107FF0003520FCF79BFD00203C4908601AE006E0B4
:10800000012020F05FF9F8F739FD00B90CE03D4997
:1080100009683D4A1268881A002801DB014600E021
:108020004142B1F5967FEBDC00BF30480068401C50
:108030002E4908602D480068FA28E0DB1FEDDD1AA4
:108040005FEDE90A0A209FED350AFBF78EFCFAF78F
:10805000B7FB06E0012020F035F9F8F70FFD00B975
:1080600012E0F8F741FD0546F8F711FD041E01DBAB
:10807000204600E06042002D01DB294600E0694215
:108080000844B0F5FA6FE5DB00BF0020FBF73BFBCF
:108090001E48C07F40F020001C49C877B6EE001A89
:1080A000DFED200A0A209FED1E0AFBF75EFC002090
:1080B0000E49086014E03BE006E0012020F002F9E0
:1080C000F8F7DCFC00B905E01248006812490968BD
:1080D0008842F2DC00BF05480068401C0349086084
:1080E000024800689628E7DB1EE000003C04002000
:1080F0007CFCFFFF5C020020600200206402002084
:1081000068020020BC0000208C0400200400002035
:1081100000004842A0000020A8010020008022C4E6
:1081200000000000000061444FF4FA6020F0CAF83B
:108130000020FBF7E8FA70BD10B54FF461714842BA
:10814000FDF718FAF7480068002843D1F6480068A0
:1081500000283FD1F5480068D8BBF5480068C0BB8F
:1081600040F20910FCF7D0FC9FEDF21A5FED130A04
:1081700014209FEDF10AFBF7F8FB0020EF4908609F
:1081800020E006E0F8F77AFC00B915E0012020F0C5
:1081900099F84FF48071EA481CF094FE0028F1D061
:1081A000E8480068E8490968441A002C01DB2046C9
:1081B00000E060421E28E5DC00BFE0480068401C8B
:1081C000DE490860DD48006840F20E618842D8DB75
:1081D00006E0FFE7D5480068012801D1FFF798FDC8
:1081E00010BD10B54FF461714842FDF7C3F9CD4899
:1081F0000068002847D1CC480068002843D1CB480C
:10820000006800283FD1CA480068D8BBCF48006842
:10821000C0BB40F20910FCF777FC9FEDC61A5FED7A
:108220003F0A14209FEDC40AFBF79FFB0020C349BF
:10823000086020E006E0F8F721FC00B915E0012015
:1082400020F040F84FF48071BD481CF03BFE002840
:10825000F1D0BC480068BC490968441A002C01DB15
:10826000204600E060421E28E5DC00BFB3480068FD
:10827000401CB2490860B148006840F20E61884273
:10828000D8DB0DE0FFE7A8480068012802D1FEF71F
:10829000EEFB05E0A5480068012801D1FEF703FACE
:1082A00010BD70B504460B46201E01DB064600E0FB
:1082B000464231463C2901DD104670BD0F2901DAE6
:1082C0001846FAE700EE901AF8EEE00A9FEDA01AC1
:1082D00030EE811A00EE901AF8EEE00A80EE810A84
:1082E000D01A00EE900AB8EEE01A00EE903AF8EEDE
:1082F000E00A41EE000AFDEEE00A10EE905A284630
:10830000DBE72DE9F04704460D4616461F46DDF82B
:1083100020A00020894908603EE02DE08D480068DB
:10832000A0EB04093A4631464846FFF7BAFF8046BB
:1083300088480068001B002809DD9FED871A5FED63
:10834000870A40469FED850AFBF70FFB10E0814846
:108350000068001B09D59FED801A5FED8E0A40462C
:108360001FED910AFBF701FB02E00120FBF7CBF9BF
:10837000F8F784FB00B909E076490968081B002872
:1083800001DB014600E041425145C7DC00BF6B48BC
:108390000068401C6949086068480068A842BCDB66
:1083A000BDE8F08708B540F2C620FCF7ADFB002021
:1083B0006249086019E006E001201FF083FFF8F72A
:1083C0005DFB00B90BE05F4909685F4A1268881AD3
:1083D000002801DB014600E041420A29ECDC00BF35
:1083E00056480068401C5549086054480068962863
:1083F000E1DB00205149086012E006E001201FF097
:1084000061FFF8F73BFB00B904E052480068B0F5A3
:10841000827FF3DB00BF49480068401C4749086081
:108420004648006840F21A418842E6DB0020FBF72C
:108430006AF904204A4900900968A1F10D00282337
:1084400006224FF47A71FFF75CFF9FED461A5FED4D
:10845000CB0A0F209FED380AFBF787FA0020374937
:10846000086014E006E001201FF02CFFF8F706FB7F
:1084700000B906E04FF4805131481CF023FD00287C
:10848000F1D000BF2D480068401C2C4908602B48E3
:10849000006840F21A418842E4DB0A20FBF733F916
:1084A0002048006801283CD12F480068012813D1DA
:1084B0002E48006880B92E48006868B92D480068C9
:1084C00050B90420322305224FF47A7100902448D9
:1084D0000068FFF716FF17E023480068012813D152
:1084E0002248006801280FD12148006860B921485E
:1084F000006848B90420322305224FF47A710090B5
:108500001D480068FFF7FDFE9FED161A5FEDFB0AA0
:108510000E209FED090AFBF728FA002007490860A2
:1085200041E046E0E8000020EC000020F0000020E0
:10853000F8000020CDCC4C3F000061C43C0400207A
:1085400000000240BC0000208C040020F400002049
:1085500000000C42A40000209A99993E0000E144DA
:10856000C8010020CDCC4C3E5C02002060020020FF
:108570006402002068020020CC01002006E00120F7
:108580001FF0A0FEF8F77AFA00B906E04FF4805128
:10859000FB481CF097FC0028F1D000BFF9480068A8
:1085A000401CF8490860F748006840F21A418842C8
:1085B000E4DB0020FBF7A7F808BD08B540F2C620B1
:1085C000FCF7A2FA0020EF49086019E006E001205C
:1085D0001FF078FEF8F752FA00B90BE0EA49096893
:1085E000EA4A1268881A002801DB014600E041428D
:1085F0000A29ECDC00BFE3480068401CE149086040
:10860000E04800689628E1DB0420E1490090096811
:10861000A1F10F002D2305224FF47A71FFF771FEAF
:108620000020FBF770F81FED3D1ADFEDDA0A0F208E
:108630001FED3F0AFBF799F90020D249086014E0CA
:1086400006E001201FF03EFEF8F718FA00B906E038
:108650004FF48051CA481CF035FC0028F1D000BF0F
:10866000C8480068401CC7490860C648006840F216
:108670001A418842E4DB0A20FBF745F8C648006847
:10868000012857D1C5480068012813D1C4480068A3
:1086900080B9C448006868B9C348006850B904206C
:1086A000322305224FF47A710090B9480068FFF731
:1086B00028FE17E0B9480068012813D1B8480068BF
:1086C00001280FD1B748006860B9B748006848B9B9
:1086D0000420322305224FF47A710090B3480068D9
:1086E000FFF70FFE1FED6D1ADFEDAA0A0F201FED39
:1086F0006E0AFBF73AF90020A249086014E006E090
:1087000001201FF0DFFDF8F7B9F900B906E04FF4DA
:1087100080519B481CF0D6FB0028F1D000BF99483F
:108720000068401C974908609648006840F21A416A
:108730008842E4DB0020FAF7E6FF08BDF8B542F214
:10874000D87444F2506740F2C620FCF7DDF90020EF
:108750008C49086012E006E001201FF0B3FDF8F735
:108760008DF900B904E092480068B0F5B97FF3DBF9
:1087700000BF84480068401C824908608148006846
:1087800040F21A418842E6DB4FF47A601FF09AFD0E
:108790000020FAF7B8FF8048006801285BD19FED00
:1087A000851ADFED7C0A1E201FED940AFBF7DDF829
:1087B000FAF706F806E005201FF084FDF8F75EF9E9
:1087C00000B911E0F8F790F90646F8F760F9051ED0
:1087D00001DB284600E06842002E01DB314600E064
:1087E00071420844A042E6DB00BF0020FAF78BFF8D
:1087F00005201E2302464FF47A7100906E480068EF
:10880000FFF77FFD1FEDB51ADFED620A0F201FEDA8
:10881000B60AFBF7AAF800205A49086014E006E0FF
:1088200001201FF04FFDF8F729F900B906E04FF4D9
:10883000805153481CF046FB0028F1D000BF51483E
:108840000068401C4F4908604E48006840F21A41D9
:108850008842E4DB76E050480068002872D157482F
:108860000068A8BB9FED531ADFED4A0A1E201FEDDA
:10887000C50AFBF77AF8F9F7A3FF06E001201FF01D
:1088800021FDF8F7FBF800B911E0F8F72DF90646DD
:10889000F8F7FDF8051E01DB284600E06842002ECF
:1088A00001DB314600E071420844A042E6DB00BF34
:1088B0000020FAF728FF04203F4900900968A1F141
:1088C0000F001E2305224FF47A71FFF71AFD39E0DD
:1088D000FFE73A480068012834D19FED361ADFEDF2
:1088E0002D0A1E201FEDE30AFBF73FF8F9F768FF9A
:1088F00006E001201FF0E6FCF8F7C0F800B911E02F
:10890000F8F7F2F80646F8F7C2F8051E01DB28462C
:1089100000E06842002E01DB314600E0714208446D
:10892000B842E6DB00BF0020FAF7EDFE0420244940
:1089300000900968A1F10F001E2305224FF47A71FF
:10894000FFF7DFFC0020FAF7DEFEF8BD38B540F295
:10895000C620FCF7D9F89FED171ADFED0E0A0A20A2
:108960009FED180AFBF701F840F6AC501FF0AAFC87
:108970001420FAF7C8FE00200249086037E0000022
:10898000000002403C040020BC0000208C040020B9
:10899000DC01002000006144E80000205C020020AF
:1089A000600200206402002068020020D80100203C
:1089B000A40000209A99193FD0010020E80200206D
:1089C000C801002000803B4406E001201FF07AFC33
:1089D000F8F754F800B904E0FE480068B0F5B97F34
:1089E000F3DB00BFFC480068401CFB490860FA4804
:1089F000006840F21A418842E6DB4FF47A601FF0CB
:108A000061FC0020FAF77FFEF448006801285DD180
:108A10001FED181A5FED210A1E209FEDF10AFAF7EB
:108A2000A4FFF9F7CDFE06E005201FF04BFCF8F798
:108A300025F800B913E0F8F757F80546F8F727F8D6
:108A4000041E01DB204600E06042002D01DB2946C8
:108A500000E06942084442F210718842E4DB00BF42
:108A60000020FAF750FE04201E2305224FF47A71ED
:108A70000090DC480068FFF744FC1FED321A5FED00
:108A80003B0A0F209FEDD80AFAF76FFF0020D2496A
:108A9000086014E006E001201FF014FCF7F7EEFF79
:108AA00000B906E04FF48051D0481CF00BFA0028C2
:108AB000F1D000BFC8480068401CC7490860C648DC
:108AC000006840F21A418842E4DB79E0C34800685C
:108AD000002875D1C6480068B0BB1FED4A1A5FED8B
:108AE000530A1E209FEDBE0AFAF73FFFF9F768FE12
:108AF00006E001201FF0E6FBF7F7C0FF00B912E027
:108B0000F7F7F2FF0546F7F7C2FF041E01DB204628
:108B100000E06042002D01DB294600E06942084484
:108B2000B0F5FA5FE5DB00BF0020FAF7ECFD0420AA
:108B3000AC4900900968A1F10F001E2305224FF4F3
:108B40007A71FFF7DEFB3BE0FFE7A94800680128E8
:108B500036D11FED681A5FED710A1E209FEDA00A45
:108B6000FAF703FFF9F72CFE06E001201FF0AAFB3D
:108B7000F7F784FF00B913E0F7F7B6FF0546F7F7FC
:108B800086FF041E01DB204600E06042002D01DB71
:108B9000294600E06942084444F250618842E4DB1F
:108BA00000BF0020FAF7AFFD042092490090096849
:108BB000A1F10F001E2305224FF47A71FFF7A1FBEC
:108BC0000A20FAF7A0FD01208B49086038BD2DE985
:108BD000F04105460E46FBF791FF884800680A30D1
:108BE00087490860874800680A3087490860002480
:108BF00015E006E001201FF065FBF7F73FFF00B925
:108C00000BE082490968804A1268881A002801DB53
:108C1000014600E041420829ECDC00BF641C322C14
:108C2000E7DB9FED7B1A00EE106AF8EEC00A0D201C
:108C300000EE105AB8EEC00AFAF797FE002410E0D2
:108C400006E001201FF03EFBF7F718FF00B906E031
:108C50004FF4807165481CF035F90028F1D000BF51
:108C6000641CB4F57A7FEBDBB6EE001A00EE106AF6
:108C7000F8EEC00A0A2000EE105AB8EEC00AFAF761
:108C800074FE00241BE006E001201FF01BFBF7F739
:108C9000F5FE00B911E04FF4807154481CF012F950
:108CA0000028F1D080215B481CF00CF928B9012183
:108CB00058481CF007F90028E6D000BF641CB4F542
:108CC0007A7FE0DB4FF496701FF0FCFA0020FAF791
:108CD0001AFDF520504908605048006814384A4988
:108CE0000860002415E006E001201FF0EBFAF7F71A
:108CF000C5FE00B90BE045490968434A1268881A65
:108D0000002801DB014600E041421E29ECDC00BFE7
:108D1000641CFA2CE7DB0020FAF7F5FC9FED401A03
:108D200000EE106AF8EEC00A1C2000EE105AB8EEF1
:108D3000C00AFAF71AFE00240FE006E002201FF036
:108D4000C1FAF7F79BFE00B905E0012135481CF098
:108D5000B9F80028F2D000BF641C40F226208442FB
:108D6000EBDBB7EE001A00EE106AF8EEC00A102036
:108D700000EE105AB8EEC00AFAF7F7FD002410E032
:108D800006E001201FF09EFAF7F778FE00B906E032
:108D90004FF4005123481CF095F80028F1D000BF93
:108DA000641C40F226208442EADB14480068401D1F
:108DB000134908609FED1A1A00EE106AF8EEC00A17
:108DC000082000EE105AB8EEC00AFAF7CEFD0024D3
:108DD0003BE00000A00000203C040020E800002050
:108DE00000000000D0010020000061C4000002402B
:108DF000EC020020DC010020FC00002078040020B0
:108E000080040020840400208C040020BC0000208A
:108E10003333333F00040240B404002088040020B0
:108E20009A99993E0010024006E001201FF04AFA8C
:108E3000F7F724FE00B906E04FF48041FD481CF02E
:108E400041F80028F1D000BF641CB4F57A7FEBDB59
:108E50000020FAF758FCF520F7490860F748006849
:108E60001438F7490860002415E006E001201FF0DF
:108E700029FAF7F703FE00B90BE0F2490968F04A56
:108E80001268881A002801DB014600E041421E29D1
:108E9000ECDC00BF641C322CE7DB0020FAF733FC6B
:108EA000B6EE001A00EE106AF8EEC00A0A2000EED4
:108EB000105AB8EEC00AFAF758FD00240FE006E099
:108EC00001201FF0FFF9F7F7D9FD00B905E01021E7
:108ED000D8481BF0F7FF0028F2D000BF641CB4F59F
:108EE000FA7FECDBF9F76CFC06E005201FF0EAF9ED
:108EF000F7F7C4FD00B914E0F7F7F6FD8046F7F781
:108F0000C6FD071E01DB384600E07842B8F1000FCD
:108F100001DB414601E0C8F100010844B0F5FA7FE9
:108F2000E3DB00BF0520FAF7EEFBBDE8F0812DE999
:108F3000F05F82460D4614461E46DDE90B9BDDF8C8
:108F40002880C1490968881B002801DB014600E030
:108F5000414201FB0BF74F4500DD4F46BA48006820
:108F6000801B404510DAE81B00EE900AF8EEE00A9C
:108F7000B0EE600AB6EE001A00EE904AF8EEE00A93
:108F80005046FAF7F2FC22E0AF480068801B4045EB
:108F900010DDE81900EE900AF8EEE00AB0EE600A83
:108FA000B6EE001A00EE904AF8EEE00A5046FAF7E4
:108FB000DCFC0CE0B6EE001A00EE104AF8EEC00A37
:108FC000504600EE105AB8EEC00AFAF7CEFCBDE8E3
:108FD000F09F2DE9F05F82460D4614461E46DDE9FE
:108FE0000B9BDDF8288098490968881B002801DB65
:108FF000014600E0414201FB0BF74F4500DD4F46C3
:1090000091480068801B404510DAE81900EE900A8C
:10901000F8EEE00AB0EE600AB6EE001A00EE904AF2
:10902000F8EEE00A5046FAF7A0FC22E08648006815
:10903000801B404510DDE81B00EE900AF8EEE00AC8
:10904000B0EE600AB6EE001A00EE904AF8EEE00AC2
:109050005046FAF78AFC0CE0B6EE001A00EE104A11
:10906000F8EEC00A504600EE105AB8EEC00AFAF701
:109070007CFCBDE8F09F2DE9F05F82460D4614466A
:109080001E46DDE90B9BDDF8288070490968881BC6
:10909000002801DB014600E0414201FB0BF74F4590
:1090A00000DD4F4669480068801B404510DAE81B28
:1090B00000EE900AF8EEE00AB0EE600A1FEDA81A82
:1090C00000EE904AF8EEE00A5046FAF74EFC22E035
:1090D0005E480068801B404510DDE81900EE900AEC
:1090E000F8EEE00AB0EE600A1FEDB31A00EE904A07
:1090F000F8EEE00A5046FAF738FC0CE01FEDB81A1B
:1091000000EE104AF8EEC00A504600EE105AB8EED3
:10911000C00AFAF72AFCBDE8F09F2DE9F05F82460D
:109120000D4614461E46DDE90B9BDDF828804749B5
:109130000968881B002801DB014600E0414201FB71
:109140000BF74F4500DD4F4640480068801B404507
:1091500010DAE81900EE900AF8EEE00AB0EE600AC4
:109160001FEDD11A00EE904AF8EEE00A5046FAF7E9
:10917000FCFB22E035480068801B404510DDE81B01
:1091800000EE900AF8EEE00AB0EE600A1FEDDC1A7D
:1091900000EE904AF8EEE00A5046FAF7E6FB0CE0E3
:1091A0001FEDE11A00EE104AF8EEC00A504600EE3C
:1091B000105AB8EEC00AFAF7D8FBBDE8F09F2DE9C7
:1091C000F05F82460D4614461E46DDE90B9BDDF836
:1091D00028801F490968881B002801DB014600E040
:1091E000414201FB0BF74F4500DD4F461848006830
:1091F000801B404510DAE81B00EE900AF8EEE00A0A
:10920000B0EE600A9FED131A00EE904AF8EEE00A05
:109210005046FAF7AAFB36E00D480068801B40452F
:1092200024DDE81900EE900AF8EEE00AB0EE600ADC
:1092300012E0000000100240B80400207C0400206E
:1092400080040020B8000020A4000020A00000201E
:109250009C0000203333333F1FED021A00EE904A8A
:10926000F8EEE00A5046FAF780FB0CE09FEDFB1A9F
:1092700000EE104AF8EEC00A504600EE105AB8EE62
:10928000C00AFAF772FBBDE8F09F2DE9F05F824655
:109290000D4614461E46DDE90B9BDDF82880F0499B
:1092A0000968881B002801DB014600E0414201FB00
:1092B0000BF74F4500DD4F46E9480068801B4045ED
:1092C00010DAE81B00EE900AF8EEE00AB0EE600A51
:1092D0001FED201A00EE904AF8EEE00A5046FAF729
:1092E00044FB22E0DE480068801B404510DDE819A1
:1092F00000EE900AF8EEE00AB0EE600A1FED2B1ABD
:1093000000EE904AF8EEE00A5046FAF72EFB0CE029
:109310001FED301A00EE104AF8EEC00A504600EE7B
:10932000105AB8EEC00AFAF720FBBDE8F09FCD480E
:10933000407800F0100088B3CA48407800F002007E
:1093400060BBC848C07948BBC648807930BBC648B6
:109350000068C6490968884221DDC248407800F0AB
:10936000010058B1C24800681438BF4909688842F2
:1093700004DD7820BF4981F8270003E02320BD49A0
:1093800081F827000120BB4981F82600B648006813
:10939000B94908600120B94908603EE0FFE7B148DB
:1093A000407800F0080088B3AE48407800F0020032
:1093B00060BBAC48C07948BBAA48807930BBAA489A
:1093C0000068AB490968884221DAA648407800F075
:1093D000010058B1A4480168A448006814308142D3
:1093E00004DD7820A34981F8270003E02320A14968
:1093F00081F8270000209F4981F826009A480068DC
:109400009D49086001209D49086006E0FFE70020B3
:109410009A490860974981F8270070479148407839
:1094200000F0400070B38F48407800F0020048BB65
:109430008C48C07930BB8B48807918BB9048006855
:109440009049096888421DDA8648407800F001009A
:1094500050B18B4801688C4800681430814203DDAC
:1094600082208449C87602E032208249C8760120F1
:1094700080498876824800688449086001208449D0
:10948000086036E07748407800F0800070B3754897
:10949000407800F0020048BB7248C07930BB714888
:1094A000807918BB764800687749096888421DDDD5
:1094B0006C48407800F0010050B1724800681438E0
:1094C0006F490968884203DD82206A49C87602E054
:1094D00032206849C8760020664988766848006866
:1094E0006A49086001206A49086002E00020684972
:1094F000086070475B48407800F0200088B3594806
:10950000407800F0020060BB5648C07948BB55481F
:10951000807930BB5F4800685F490968884221DD77
:109520005048407800F0010058B15C480068143899
:1095300058490968884204DD82204E4981F82B0091
:1095400003E032204B4981F82B000020494981F883
:109550002A005048006852490860012051490860BB
:109560003BE0FFE73F48407800F0040088B33D4807
:10957000407800F0020060BB3A48C07948BB3948E7
:10958000807930BB4348006844490968884221DA41
:109590003448407800F0010058B13E4801683E4828
:1095A00000681430814204DD8220324981F82B00AA
:1095B00003E032202F4981F82B0001202D4981F84A
:1095C0002A0034480068364908600120354908609F
:1095D00003E0FFE7002033490860704710B54FF4FF
:1095E00061714842FFF7F3FA9FED2F1ADFED2F0A62
:1095F0000A209FED2F0AFAF7B8F940F6B8301EF0AE
:1096000061FE0020FAF77FF800202A490860012057
:10961000294908600B202949086010BD10B54FF496
:1096200061714842FBF7A6FF9FED1F1ADFED1F0A8D
:109630000A209FED1F0AFAF798F940F6B8301EF09D
:1096400041FE0020FAF75FF800201A490860012067
:10965000194908600C201949086010BDB81E453F23
:10966000980000201B090020B0000020900400207A
:1096700094040020040000209804002050050020DD
:10968000C0000020A00400209C040020A4040020AE
:1096900054050020C4000020A8040020AC040020D1
:1096A000B004002058050020CDCC4C3F00006144A0
:1096B000000061C4380300207002002078020020FE
:1096C00010B54FF461714842FBF754FF1FED0A1AC1
:1096D0005FED0A0A0A201FED0A0AFAF746F940F67A
:1096E000B8301EF0EFFD0020FAF70DF80020F94920
:1096F00008600120F84908600A20F849086010BD98
:1097000010B50020F9F7FFFFF9F708FDF44890F8CD
:10971000230000F0FD00F24981F82300FBF7E2F995
:109720004FF48C70EF490860EF490860EC48C07F47
:1097300000F0F700EA49C8770846C07F00F0BF0094
:10974000C8770846C07F00F0EF00C8770846C07FA2
:1097500000F0FB00C87740F6AC501EF0B3FD64206B
:10976000E2490860E2480068E24908606420E24992
:109770000860E2480068E24908609620E149086014
:10978000E1480068E1490860D548C07F00F07F00EB
:10979000D349C8770846C07F00F0DF00C877084685
:1097A00090F8230000F0FE0081F82300F7F766F937
:1097B00010BD10B50020F9F7A6FFF9F7AFFCC848B7
:1097C000C07F00F0F700C649C8770846C07F00F0A8
:1097D000BF00C8770846C07F00F0EF00C877084692
:1097E000C07F00F0FB00C87740F6AC501EF06AFD69
:1097F000FBF778F9E820BB490860BB4908606420A2
:10980000C0490860C0480068C0490860B448C07FCB
:1098100000F07F00B249C8770846C07F00F0DF0043
:10982000C87710BDAE48C07F40F08000AC49C87713
:109830000846C07F40F02000C877704770B50446E6
:10984000B3480568A54220DA6420AE490860AF48F5
:1098500004600020AF49086012E006E001201EF01D
:1098600031FDF7F70BF900B904E0E01EA8490968DB
:109870008842F3DC00BFA7480068401CA549086087
:10988000A44800683228E8DB21E0A5421FDD6420FF
:109890009C4908609D48046000209E49086012E0D1
:1098A00006E001201EF00EFDF7F7E8F800B904E02D
:1098B00097480168E01C8142F3DC00BF95480068CE
:1098C000401C94490860934800683228E8DB70BD6A
:1098D00010B500208F4908603BE026E04FF480611E
:1098E0008D481BF0EFFA48B980218C481BF0EAFA4A
:1098F00020B904218A48FAF72EF80FE04FF40061EE
:1099000085481BF0DFFA48B9012184481BF0DAFAD8
:1099100020B904214FF46170FAF71DF801201EF000
:10992000D1FCF7F7ABF800B90DE04FF480617A484D
:109930001BF0C8FA0028D1D04FF4006176481BF024
:10994000C1FA0028CAD000BF72480068401C7149A3
:10995000086070480068B0F5FA7FBEDB4FF496608F
:109960001EF0B0FC0020F9F7CEFE10BD10B50020AF
:109970006849086031E01CE04FF4806166481BF0E4
:10998000A1FA20B904210020F9F7E5FF0AE04FF41D
:10999000006161481BF096FA20B904214FF4E160A0
:1099A000F9F7D9FF01201EF08DFCF7F767F800B931
:1099B0000DE04FF4806158481BF084FA0028DBD09A
:1099C0004FF4006154481BF07DFA0028D4D000BF4A
:1099D00050480068401C4F4908604E480068B0F588
:1099E0007A7FC8DB4FF47A701EF06CFC0020F9F728
:1099F0008AFE10BD10B500204649086031E01CE029
:109A00004FF4806144481BF05DFA28B904214FF4FB
:109A1000E160F9F7A0FF09E04FF400613E481BF058
:109A200051FA18B904210020F9F795FF01201EF022
:109A300049FCF7F723F800B90DE04FF48061364890
:109A40001BF040FA0028DBD04FF4006132481BF0D5
:109A500039FA0028D4D000BF2E480068401C2D4998
:109A600008602C480068B0F57A7FC8DB40F2DC5013
:109A70001EF028FC0020F9F746FE10BD10B529485D
:109A80000068012802D1FFF7B5FF0CE02648006806
:109A9000012802D1FFF76AFF05E024480068012889
:109AA00001D1FFF715FF10BD10B50020194908605E
:109AB0006AE055E04FF4806118481BF003FAB8BB28
:109AC000802116481BF0FEF990BB04211448F9F7D9
:109AD00042FF3EE0380300207002002078020020A0
:109AE00004000020800400208C040020C404002016
:109AF000B8010020B0040020C0040020B401002000
:109B0000A4040020BC040020800100209804002050
:109B1000B00000203C040020000C02400004024081
:109B20007CFCFFFFEC000020F0000020E80000209B
:109B3000FFE74FF40041FE481BF0C4F948B901218A
:109B4000FB481BF0BFF920B904214FF46170F9F70D
:109B500002FF05201EF0B6FBF6F790FF00B90DE0FE
:109B60004FF48061F2481BF0ADF90028A2D04FF409
:109B70000041EF481BF0A6F900289BD000BFED483C
:109B80000068401CEB490860EA480068B0F5FA7FBD
:109B90008FDB4FF496601EF095FB0020F9F7B3FDC4
:109BA00010BD10B50020E349086031E01CE04FF41F
:109BB0008061DF481BF086F920B904210020F9F705
:109BC000CAFE0AE04FF40041D9481BF07BF920B9E6
:109BD00004214FF4E160F9F7BEFE01201EF072FB94
:109BE000F6F74CFF00B90DE04FF48061D0481BF050
:109BF00069F90028DBD04FF40041CD481BF062F931
:109C00000028D4D000BFCB480068401CC949086078
:109C1000C8480068B0F57A7FC8DB4FF47A701EF050
:109C200051FB0020F9F76FFD10BD10B50020C149B0
:109C3000086031E01CE04FF48061BD481BF042F940
:109C400028B904214FF4E160F9F785FE09E04FF4EB
:109C50000041B7481BF036F918B904210020F9F784
:109C60007AFE01201EF02EFBF6F708FF00B90DE08A
:109C70004FF48061AE481BF025F90028DBD04FF48B
:109C80000041AB481BF01EF90028D4D000BFA94802
:109C90000068401CA7490860A6480068B0F57A7FB4
:109CA000C8DB4FF496601EF00DFB0020F9F72BFD8A
:109CB00010BD10B5A0480068012802D1FFF7B5FF1C
:109CC0000CE09E480068012802D1FFF76AFF05E01A
:109CD0009B480068012801D1FFF7E6FE10BD10B5D2
:109CE0000020944908603BE026E04FF48051904802
:109CF0001BF0E8F848B980218D481BF0E3F820B943
:109D000004219048F9F727FE0FE04FF400518848EE
:109D10001BF0D8F848B9012185481BF0D3F820B9C9
:109D200004214FF46170F9F716FE01201EF0CAFA03
:109D3000F6F7A4FE00B90DE04FF480517C481BF00B
:109D4000C1F80028D1D04FF4005179481BF0BAF87F
:109D50000028CAD000BF77480068401C75490860D9
:109D600074480068B0F5FA7FBEDB4FF496601EF0D1
:109D7000A9FA0020F9F7C7FC10BD10B500206D4905
:109D8000086031E01CE04FF4805169481BF09AF8FC
:109D900020B904210020F9F7DEFD0AE04FF400515C
:109DA00063481BF08FF820B904214FF4E160F9F704
:109DB000D2FD01201EF086FAF6F760FE00B90DE034
:109DC0004FF480515A481BF07DF80028DBD04FF447
:109DD000005157481BF076F80028D4D000BF5548F2
:109DE0000068401C5349086052480068B0F57A7F0B
:109DF000C8DB4FF448701EF065FA0020F9F783FCC9
:109E000010BD10B500204B49086031E01CE04FF454
:109E1000805147481BF056F828B904214FF4E160FF
:109E2000F9F799FD09E04FF4005141481BF04AF859
:109E300018B904210020F9F78EFD01201EF042FA26
:109E4000F6F71CFE00B90DE04FF4805138481BF0C6
:109E500039F80028DBD04FF4005135481BF032F8B8
:109E60000028D4D000BF33480068401C3149086046
:109E700030480068B0F57A7FC8DB4FF496601EF07A
:109E800021FA0020F9F73FFC10BD10B52A48006800
:109E9000012802D1FFF7B5FF0CE02848006801282F
:109EA00002D1FFF76AFF05E025480068012801D1CB
:109EB000FFF715FF10BD10B500201E4908604AE0ED
:109EC00026E04FF4804120481AF0FCFF48B9802179
:109ED00017481AF0F7FF20B904211A48F9F73BFD9B
:109EE0000FE04FF4804112481AF0ECFF48B901210D
:109EF0000F481AF0E7FF20B904214FF46170F9F719
:109F00002AFD01201EF0DEF9F6F7B8FD00B90DE0DC
:109F10004FF480410C481AF0D5FF0028D1D04FF4FF
:109F2000804103481AF0CEFF0028CAD000BF0DE0E0
:109F3000000402403C040020EC000020F00000205F
:109F4000E80000207CFCFFFF000C0240FB4800689A
:109F5000401CFA490860F9480068B0F5FA7FAFDBA9
:109F60004FF496601EF0AEF90020F9F7CCFB10BD5F
:109F700010B50020F149086031E01CE04FF4804149
:109F8000EF481AF09FFF20B904210020F9F7E3FC05
:109F90000AE04FF48041EB481AF094FF20B9042105
:109FA0004FF4E160F9F7D7FC01201EF08BF9F6F7CA
:109FB00065FD00B90DE04FF48041E1481AF082FFE1
:109FC0000028DBD04FF48041DE481AF07BFF0028E8
:109FD000D4D000BFD9480068401CD8490860D74891
:109FE0000068B0F57A7FC8DB4FF47A701EF06AF92A
:109FF0000020F9F788FB10BD10B50020CF4908609C
:10A0000031E01CE04FF48041CD481AF05BFF28B9E5
:10A0100004214FF4E160F9F79EFC09E04FF4804120
:10A02000C8481AF04FFF18B904210020F9F793FC33
:10A0300001201EF047F9F6F721FD00B90DE04FF4BD
:10A040008041BF481AF03EFF0028DBD04FF480412A
:10A05000BC481AF037FF0028D4D000BFB7480068CA
:10A06000401CB6490860B5480068B0F57A7FC8DB87
:10A070004FF496601EF026F90020F9F744FB10BD5E
:10A0800010B5B1480068012802D1FFF7B5FF0CE018
:10A09000AE480068012802D1FFF76AFF05E0AC482E
:10A0A0000068012801D1FFF706FF10BD2DE9F04738
:10A0B0002DED028B0646894617461C46B0EE408AB7
:10A0C0000A9DBE4204DB2046BDEC028BBDE8F08752
:10A0D0004E4501DC2846F7E7B81B00EE100AF8EE03
:10A0E000C00AA7EB090000EE100AB8EEC00AC0EEE5
:10A0F000808AF0EE480AB0EE680A1FF0FDFBF7EE2A
:10A10000000A70EEC00A601B00EE100AB8EEC00A2A
:10A1100020EE800ABDEEC00A10EE100A00EB050822
:10A12000A04500DDA046A84500DAA8464046CBE79A
:10A130002DE9F04F2DED028B85B006460D461746F2
:10A140009846B0EE408ADDF8489000200490082040
:10A150000390002002907F48C07F40F080007D493E
:10A16000C87700207549086014E006E001201EF061
:10A17000A9F8F6F783FC00B906E04FF400617148D6
:10A180001AF0A0FE0128F1D000BF6C480068401C06
:10A190006A490860694800683228E6DB00BF6E49FA
:10A1A00009686E4A1268881A002801DB014600E03F
:10A1B0004142822905DB6748C07F40F004006549C1
:10A1C000C87700BF664806602C4604F15A0B34E09D
:10A1D00062490968624A1268881A002801DB014650
:10A1E00000E041428A4600BF5B4909685B4A126849
:10A1F000881A002801DB014600E04142822905DB84
:10A200005448C07F40F004005249C87700BFA245BF
:10A2100000DC13E0B0EE480A3B465A462146504661
:10A22000CDF80080FFF742FF4E49086001201EF084
:10A2300049F8F6F723FC00B900E0C9E700BF00BF0A
:10A2400045490968454A1268881A002801DB014619
:10A2500000E04142822905DB3E48C07F40F0040017
:10A260003C49C87700BF81E040213F481AF02AFEF0
:10A27000012800D10490049801280CD164203949A8
:10A2800008603448C07F00F0FD003249C8770020E4
:10A29000F9F739FA4AE04FF4806129481AF012FEC2
:10A2A00028B14FF4006126481AF00CFE88BB2948FB
:10A2B000C07F40F002002749C8774FF480612048F2
:10A2C0001AF000FE78B90298012802D109F0FF00C7
:10A2D00003900220029003991098F9F73CFB192093
:10A2E0002049086022E04FF4006115481AF0EAFDA9
:10A2F000E0B90298022802D109F0FF000390012082
:10A30000029003991198F9F726FB19201549086066
:10A310000CE0FFE76420134908600E48C07F00F09E
:10A32000FD000C49C8770020F9F7EDF901201DF078
:10A33000C9FFF6F7A3FBC8B925E000003C040020E4
:10A34000000C024000040240EC000020F00000205D
:10A35000E800002004000020C0000020C40000200D
:10A36000B0040020C404002000100240F84909682D
:10A37000F84A1268881A002801DB014600E04142D1
:10A3800005293FF771AF00BFF348C07F00F0FD0023
:10A39000F149C8770020F9F7B6F905B0BDEC028B9A
:10A3A000BDE8F08F2DE9F0472DED028B84B0044617
:10A3B0000D4616461F46B0EE408ADDE90F9ADDF8DD
:10A3C0003880B0EE480A3B463246294620468DE8A2
:10A3D0000007FFF7ADFE40F2DC501DF073FFDE48D2
:10A3E000C07F00F0FB00DC49C87740F6B8301DF0B4
:10A3F00069FFFA20D9490860D9480068D549086042
:10A40000D548C07F00F07F00D349C87704B0BDECC9
:10A41000028BBDE8F0872DE9F04F2DED028B85B062
:10A4200007460D4690469946B0EE408A00200490BB
:10A430000390082002900026C748C07F40F020000B
:10A44000C549C8770020C749086014E006E001202C
:10A450001DF038FFF6F712FB00B906E04FF400419B
:10A46000C1481AF02FFD0128F1D000BFBD48006897
:10A47000401CBC490860BB4800683228E6DBBB488A
:10A4800007602C4604F15A0B00BFB9490968B04A6D
:10A490001268881A002801DB014600E04142822947
:10A4A00005DBAD48C07F40F00800AB49C87700BF6E
:10A4B00034E0AF490968AD4A1268881A002801DB08
:10A4C000014600E041428A4600BFA9490968A04A06
:10A4D0001268881A002801DB014600E04142822907
:10A4E00005DB9D48C07F40F008009B49C87700BF4E
:10A4F000A24500DC13E0B0EE480A43465A46214626
:10A500005046CDF80090FFF7D1FD9A490860012030
:10A510001DF0D8FEF6F7B2FA00B900E0C9E700BFB7
:10A5200000BF934909688A4A1268881A002801DB2B
:10A53000014600E04142822905DB8748C07F40F0A8
:10A5400008008549C87700BF6AE04FF480718A48E7
:10A550001AF0B8FC08B9012004900498012802D030
:10A56000039801280CD16420824908607A48C07F92
:10A5700000F0FD007849C8770020F9F7C4F848E0FA
:10A580004FF480617D481AF09DFC28B14FF40041E2
:10A590007A481AF097FC68BB6F48C07F40F0020011
:10A5A0006D49C8774FF4806174481AF08BFC68B924
:10A5B000012E02D11298C0B2029002260299109880
:10A5C000F9F7C9F917206B49086022E04FF4004100
:10A5D0006A481AF077FCE0B9022E02D11298C0B294
:10A5E0000290012602991198F9F7B5F917206149EF
:10A5F00008600EE064205F4908605748C07F00F0A3
:10A60000FD005549C8770020F9F77DF80EB101200B
:10A61000039001201DF056FEF6F730FA00B90BE06A
:10A6200053490968514A1268881A002801DB01461B
:10A6300000E04142052988DC00BF4748C07F00F0A8
:10A64000FD004549C8770020F9F75DF805B0BDEC7D
:10A65000028BBDE8F08F2DE9F0472DED028B84B021
:10A6600004460D4616461F46B0EE408ADDE90F9AB5
:10A67000DDF83880B0EE480A3B463246294620468F
:10A680008DE80007FFF7C7FE40F2DC501DF01AFE10
:10A690003148C07F00F0F7002F49C87740F6B83046
:10A6A0001DF010FEFA2033490860354800682F4934
:10A6B00008602948C07F00F0DF002749C87704B050
:10A6C000BDEC028BBDE8F0872DE9F04F2DED028B3C
:10A6D00085B007460D4690469946B0EE408A002068
:10A6E000049003900820029000261B48C07F40F091
:10A6F00080001949C87700201A49086014E006E074
:10A7000001201DF0DFFDF6F7B9F900B906E04FF4BE
:10A7100000611A481AF0D6FB0128F1D000BF114899
:10A720000068401C0F4908600E4800683228E6DBCC
:10A73000084807602C4604F15A0B4FE004490968A9
:10A74000044A1268881A00281CDB01461BE000003E
:10A75000C4000020B004002004000020C404002035
:10A76000B80100203C040020000C0240A40400209A
:10A77000C0000020C0040020000802400004024085
:10A78000B401002041428A4600BFF7490968F74AF0
:10A790001268881A002801DB014600E04142822944
:10A7A00005DBF348C07F40F04000F149C87700BFA7
:10A7B000A24500DC13E0B0EE480A43465A46214663
:10A7C0005046CDF80090FFF771FCEA49086001207F
:10A7D0001DF078FDF6F752F900B900E0AEE700BFD2
:10A7E00000BFE1490968E14A1268881A002801DBC4
:10A7F000014600E04142822905DBDD48C07F40F090
:10A800004000DB49C87700BF69E02021DA481AF030
:10A8100059FB08B9012004900498012802D003983C
:10A8200001280CD16420D3490860D148C07F00F0D2
:10A83000FD00CF49C8770020F8F765FF48E04FF4E6
:10A840008051CE481AF03EFB28B14FF40051CB485E
:10A850001AF038FB68BBC648C07F40F00200C4490C
:10A86000C8774FF48051C5481AF02CFB68B9012E07
:10A8700002D11298C0B20290022602991098F9F7FC
:10A880006AF81720BB49086022E04FF40051BB482A
:10A890001AF018FBE0B9022E02D11298C0B2029051
:10A8A000012602991198F9F756F81720B149086066
:10A8B0000EE06420AF490860AD48C07F00F0FD00A5
:10A8C000AB49C8770020F8F71EFF0EB101200390B6
:10A8D00001201DF0F7FCF6F7D1F800B90BE0A34911
:10A8E0000968A74A1268881A002801DB014600E0BF
:10A8F0004142052989DC00BF9D48C07F00F0FD0072
:10A900009B49C8770020F8F7FEFE05B0BDEC028B2E
:10A91000BDE8F08F2DE9F0472DED028B84B00446A1
:10A920000D4616461F46B0EE408ADDE90F9ADDF867
:10A930003880B0EE480A3B463246294620468DE82C
:10A940000007FFF7C1FE40F2DC501DF0BBFC884859
:10A95000C07F00F0BF008649C87740F6B8301DF0D0
:10A96000B1FCFA2083490860864800688449086081
:10A970007F48C07F00F07F007D49C87704B0BDEC00
:10A98000028BBDE8F0872DE9F04F2DED028B85B0ED
:10A9900007460D4690469946B0EE408A0020049046
:10A9A00003900820029000267148C07F40F02000EC
:10A9B0006F49C87700207449086014E006E0012060
:10A9C0001DF080FCF6F75AF800B906E04FF400419C
:10A9D0006E481AF077FA0128F1D000BF6A48006883
:10A9E000401C69490860684800683228E6DB00BFFF
:10A9F0005D4909685D4A1268881A002801DB014632
:10AA000000E04142822905DB5948C07F40F0100038
:10AA10005749C87700BF5E4807602C4604F15A0BBF
:10AA200034E0514909685A4A1268881A002801DB43
:10AA3000014600E041428A4600BF4B4909684B4A43
:10AA40001268881A002801DB014600E04142822991
:10AA500005DB4748C07F40F010004549C87700BF7C
:10AA6000A24500DC13E0B0EE480A43465A462146B0
:10AA70005046CDF80090FFF719FB464908600120C9
:10AA80001DF020FCF5F7FAFF00B900E0C9E700BFB0
:10AA900000BF35490968354A1268881A002801DB69
:10AAA000014600E04142822905DB3148C07F40F089
:10AAB00010002F49C87700BF86E04FF40071364878
:10AAC0001AF000FA012800D104900498012802D05D
:10AAD000039801280CD164202E4908602448C07FC7
:10AAE00000F0FD002249C8770020F8F70CFE64E072
:10AAF0004FF4804125481AF0E5F928B14FF4804120
:10AB00001E481AF0DFF968BB1948C07F40F0020008
:10AB10001749C8774FF480411C481AF0D3F968B937
:10AB2000012E02D11298C0B202900226029910980A
:10AB3000F8F711FF0F20174908603EE04FF48041FD
:10AB40000E481AF0BFF970B9022E02D11298C0B2A5
:10AB50000290012602991198F8F7FDFE0F200D4989
:10AB600008602AE01AE028E0C0000020C4000020AD
:10AB700004000020C4040020001002400004024031
:10AB8000B0040020B80100203C040020000C02406A
:10AB9000A4040020C0040020000802406420F849FA
:10ABA0000860F848C07F00F0FD00F649C877002033
:10ABB000F8F7A9FD0EB10120039001201DF082FBE2
:10ABC000F5F75CFF00B90CE0EF490968EF4A12683D
:10ABD000881A002801DB014600E0414205293FF7C1
:10ABE0006CAF00BFE748C07F00F0FD00E549C877C3
:10ABF0000020F8F788FD05B0BDEC028BBDE8F08FB2
:10AC00002DE9F0472DED028B84B004460D46164623
:10AC10001F46B0EE408ADDE90F9ADDF83880B0EECD
:10AC2000480A3B463246294620468DE80007FFF792
:10AC3000AAFE40F2DC501DF045FBD248C07F00F078
:10AC4000EF00D049C87740F6B8301DF03BFBFA2042
:10AC5000CB490860CE480068CC490860C948C07F2D
:10AC600000F0DF00C749C87704B0BDEC028BBDE837
:10AC7000F0872DE9F04F2DED028B83B006460C4690
:10AC800017469846B0EE408ADDE90EAB00200190F1
:10AC9000C0480660254605F15500029000BFBA493C
:10ACA0000968BD4A1268881A002801DB014600E0E5
:10ACB0004142822905DBB348C07F40F00400B1491E
:10ACC000C87700BF34E0B4490968B24A1268881AEC
:10ACD000002801DB014600E04142894600BFAA4945
:10ACE0000968AD4A1268881A002801DB014600E0B5
:10ACF0004142822905DBA348C07F40F00400A149FE
:10AD0000C87700BFA94500DC13E0B0EE480A3B4617
:10AD1000CDF8008029464846029AFFF7C7F99F49B7
:10AD2000086001201DF0CEFAF5F7A8FE00B900E09A
:10AD3000C9E700BF00BF94490968974A1268881A9A
:10AD4000002801DB014600E04142822905DB8D48F5
:10AD5000C07F40F004008B49C87700BF57E0402116
:10AD60008F481AF0AFF8012800D10190019801280E
:10AD70000CD16420894908608248C07F00F0FD0042
:10AD80008049C8770020F8F7BEFC39E04FF48061B5
:10AD900084481AF097F828B14FF4006181481AF0FE
:10ADA00091F808BB7748C07F40F002007549C8772A
:10ADB0004FF480617B481AF085F838B950461099F5
:10ADC000F8F7C9FD14207549086019E04FF40061D7
:10ADD00074481AF077F898B958461099F8F7BBFDFF
:10ADE00014206E4908600BE064206C4908606548D7
:10ADF000C07F00F0FD006349C8770020F8F783FCAE
:10AE000001201DF05FFAF5F739FE00B90BE0624949
:10AE10000968604A1268881A002801DB014600E0D0
:10AE2000414205299BDC00BF5648C07F00F0FD0071
:10AE30005449C8770020F8F766FC03B0BDEC028BDC
:10AE4000BDE8F08F3EB504460D4608204FF4617111
:10AE50004A429FED550A1923CDE900210290FA22BA
:10AE600029462046FFF705FF4FF47A701DF02AFAB5
:10AE70004448C07F00F0FB004249C87740F6C41048
:10AE80001DF020FAFA204549086048480068414909
:10AE900008603EBD2DE9F04F2DED028B83B00646D4
:10AEA0000D4617469846B0EE408ADDF838B00020CF
:10AEB000029000BF34490968374A1268881A00288E
:10AEC00001DB014600E04142822905DB2D48C07FBD
:10AED00040F008002B49C87700BF2C4806602C467C
:10AEE00004F1500A34E028490968284A1268881A8F
:10AEF000002801DB014600E04142894600BF2249AB
:10AF00000968254A1268881A002801DB014600E01A
:10AF10004142822905DB1B48C07F40F008001949E7
:10AF2000C87700BFA14500DC13E0B0EE480A3B46FD
:10AF3000524621464846CDF80080FFF7B7F8104941
:10AF4000086001201DF0BEF9F5F798FD00B900E09A
:10AF5000C9E700BF00BF0C4909680F4A1268881A88
:10AF6000002801DB014600E04142822905DB05485B
:10AF7000C07F40F008000349C87700BF71E00000BF
:10AF8000C004002004000020C0000020A404002011
:10AF9000B4010020B0040020C4000020C40400203C
:10AFA00000100240000C0240CDCCCC3FB801002084
:10AFB0004FF48071FE4819F085FF08B90120029016
:10AFC000029801280CD16420FA490860FA48C07F31
:10AFD00000F0FD00F849C8770020F8F794FB39E04D
:10AFE0004FF48061F54819F06DFF28B14FF400412E
:10AFF000F24819F067FF08BBEF48C07F40F002003D
:10B00000ED49C8774FF48061EC4819F05BFF38B91F
:10B0100058461099F8F79FFC1920E649086019E096
:10B020004FF40041E54819F04DFF98B9DDE90F01F3
:10B03000F8F791FC1920DF4908600BE06420DD4936
:10B040000860DD48C07F00F0FD00DB49C8770020C4
:10B05000F8F759FB01201DF035F9F5F70FFD00B9A0
:10B060000BE0D7490968D74A1268881A002801DB23
:10B07000014600E0414205299ADC00BFCE48C07F6E
:10B0800000F0FD00CC49C8770020F8F73CFB03B086
:10B09000BDEC028BBDE8F08F3EB504460D46FA20AC
:10B0A000C9490860C9480068C01CC9490860002037
:10B0B000C849086019E006E001201DF003F9F5F722
:10B0C000DDFC00B90BE0C4490968C14A1268881A5E
:10B0D000002801DB014600E041420A29ECDC00BF08
:10B0E000BC480068401CBB490860BA480068962804
:10B0F000E1DB08204FF461714A421FED550A192324
:10B10000CDE900210290FA2229462046FFF7C2FE2F
:10B110004FF47A701DF0D6F8A748C07F00F0F70012
:10B12000A549C87740F6C4101DF0CCF8A248C07FEE
:10B1300000F0DF00A049C877FA209E490860A748C0
:10B140000068A04908603EBD2DE9F04F2DED028B4F
:10B1500083B006460D4617469846B0EE408ADDF8A5
:10B1600038B00020029000BF954909689C4A1268D7
:10B17000881A002801DB014600E04142822905DBF4
:10B180008D48C07F40F040008B49C87700BF95488C
:10B1900006602C4604F1500A34E091490968914A4E
:10B1A0001268881A002801DB014600E04142894606
:10B1B00000BF834909688A4A1268881A002801DB9F
:10B1C000014600E04142822905DB7B48C07F40F018
:10B1D00040007949C87700BFA14500DC13E0B0EE1C
:10B1E000480A3B46524621464846CDF80080FEF7C5
:10B1F0005DFF7D49086001201DF064F8F5F73EFC15
:10B2000000B900E0C9E700BF00BF6D490968744A92
:10B210001268881A002801DB014600E041428229B9
:10B2200005DB6548C07F40F040006349C87700BF38
:10B2300057E020216D4819F045FE08B90120029021
:10B24000029801280CD16420674908605A48C07FE1
:10B2500000F0FD005849C8770020F8F754FA39E0AB
:10B260004FF48051554819F02DFE28B14FF400518C
:10B27000524819F027FE08BB4F48C07F40F002003B
:10B280004D49C8774FF480514C4819F01BFE38B92E
:10B2900058461099F8F75FFB19205349086019E0E8
:10B2A0004FF40051454819F00DFE98B9DDE90F0142
:10B2B000F8F751FB19204C4908600BE064204A491B
:10B2C00008603D48C07F00F0FD003B49C877002082
:10B2D000F8F719FA01201CF0F5FFF5F7CFFB00B9DC
:10B2E0000BE03F4909683F4A1268881A002801DBD1
:10B2F000014600E0414205299BDC00BF2E48C07F8B
:10B3000000F0FD002C49C8770020F8F7FCF903B0E5
:10B31000BDEC028BBDE8F08F3EB504460D46FA2029
:10B320002949086029480068401F29490860002011
:10B330002849086019E006E001201CF0C3FFF5F77A
:10B340009DFB00B90BE024490968214A1268881A5C
:10B35000002801DB014600E041420A29ECDC00BF85
:10B360001C480068401C1B4908601A480068962861
:10B37000E1DB08204FF461714A42B7EE080A192355
:10B38000CDE900210290FA2229462046FFF7DCFE93
:10B390004FF47A701CF096FF0748C07F00F0BF00A2
:10B3A0000549C8774FF4FA601CF08CFFFA201FE0C3
:10B3B00000080240C00400200400002000040240F5
:10B3C000C0000020A4040020BC0400208401002050
:10B3D000980400203C040020B0000020B4010020AC
:10B3E000C4000020B0040020C4040020001002406B
:10B3F000FC490860FC480068FC4908603EBD2DE936
:10B40000F04F2DED028B83B006460D461746984649
:10B41000B0EE408ADDF838B00020029000BFF44959
:10B420000968F44A1268881A002801DB014600E026
:10B430004142822905DBF048C07F40F01000EE4910
:10B44000C87700BFED4806602C4604F15A0A34E084
:10B45000E7490968E94A1268881A002801DB0146B1
:10B4600000E04142894600BFE1490968E14A1268AB
:10B47000881A002801DB014600E04142822905DBF1
:10B48000DD48C07F40F01000DB49C87700BFA14510
:10B4900000DC13E0B0EE480A3B46524621464846DF
:10B4A000CDF80080FEF702FED549086001201CF0AF
:10B4B00009FFF5F7E3FA00B900E0C9E700BF00BFF4
:10B4C000CB490968CB4A1268881A002801DB01467B
:10B4D00000E04142822905DBC748C07F40F01000F0
:10B4E000C549C87700BF58E04FF40071C54819F04E
:10B4F000E9FC012800D10290029801280CD16420B7
:10B50000BF490860BC48C07F00F0FD00BA49C87759
:10B510000020F8F7F8F839E04FF48041BA4819F004
:10B52000D1FC28B14FF48041B84819F0CBFC08BBDE
:10B53000B148C07F40F00200AF49C8774FF4804166
:10B54000B14819F0BFFC38B958461099F8F703FA1A
:10B550001720AB49086019E04FF48041AB4819F05F
:10B56000B1FC98B9DDE90F01F8F7F5F91720A44906
:10B5700008600BE06420A24908609F48C07F00F08B
:10B58000FD009D49C8770020F8F7BDF801201CF0A8
:10B5900099FEF5F773FA00B90BE095490968974AE7
:10B5A0001268881A002801DB014600E041420529A3
:10B5B0009ADC00BF9048C07F00F0FD008E49C8773C
:10B5C0000020F8F7A0F803B0BDEC028BBDE8F08FC7
:10B5D0003EB504460D46FA208D4908608D48006846
:10B5E000401F8D49086000208C49086019E006E082
:10B5F00001201CF067FEF5F741FA00B90BE088491D
:10B600000968854A1268881A002801DB014600E0B3
:10B6100041420A29ECDC00BF80480068401C7F4999
:10B6200008607E4800689628E1DB08204FF46171CD
:10B630004A42B7EE080A1923CDE900210290FA2206
:10B6400029462046FFF7DBFE6B48C07F00F0EF0085
:10B650006949C8774FF4FA601CF034FEFA20684953
:10B66000086070480068654908603EBD6E48006823
:10B6700060B96E48006848B96D48006830B96D48D7
:10B68000006818B901206C4908604CE06648006801
:10B69000012814D16548006888B96548006870B908
:10B6A0006448006858B9FA2059490860634800683E
:10B6B000C01C5949086001205F49086033E05A48BE
:10B6C0000068012815D159480068012811D158484F
:10B6D000006870B95748006858B9FA204C490860AA
:10B6E00056480068401F4C490860012052490860D4
:10B6F00019E04D480068012815D14C480068012820
:10B7000011D14B48006801280DD14A48006850B952
:10B71000FA203F4908603F480068401F3E490860E2
:10B7200001204549086070473348C07F40F002005F
:10B730003149C8773C48006870B93C48006858B93E
:10B740003B48006840B93B48006828B90846C07FBC
:10B7500040F00200C87743E033480068012811D167
:10B760003248006870B93248006858B931480068FA
:10B7700040B9FA202649086030480068C01C2649B4
:10B7800008602DE028480068012812D12748006889
:10B7900001280ED12648006858B92648006840B9EB
:10B7A000FA201B49086025480068401F1A490860B4
:10B7B00016E01D480068012812D11C4800680128C5
:10B7C0000ED11B48006801280AD11A48006838B910
:10B7D000FA200F4908600F480068401F0E490860B2
:10B7E00070470000C4040020B8010020B00400200D
:10B7F000C0000020C400002004000020A404002099
:10B80000C004002000080240000C02400004024076
:10B81000BC04002080010020980400203C0400208B
:10B82000B0000020B40100205C0200206002002073
:10B8300064020020680200208402002084010020AD
:10B84000F648006898B9F648006880B9F54800687D
:10B8500068B9F548006850B9FA20F4490860F4481E
:10B860000068F44908600120F349086049E0EB48AA
:10B870000068012813D1EA48006880B9E9480068E7
:10B8800068B9E948006850B9FA20E8490860EB480F
:10B890000068E84908600120E749086031E0DF48B6
:10B8A0000068012814D1DE480068012810D1DD4865
:10B8B000006868B9DC48006850B9FA20DB490860C4
:10B8C000DF480068DB4908600120DB49086018E0B8
:10B8D000D2480068012814D1D1480068012810D14D
:10B8E000D048006801280CD1CF48006848B9FA2038
:10B8F000CE490860D3480068CE4908600120CE498F
:10B9000008607047C548006898B9C548006880B9A4
:10B91000C448006868B9C448006850B9FA20C349EF
:10B920000860C9480068C34908600120C749086029
:10B9300049E0BA480068012813D1B948006880B9C5
:10B94000B848006868B9B848006850B9FA20B749E3
:10B950000860BF480068B74908600120BB4908601B
:10B9600031E0AE480068012814D1AD4800680128D4
:10B9700010D1AC48006868B9AB48006850B9FA20EB
:10B98000AA490860B3480068AA4908600120AF4985
:10B99000086018E0A1480068012814D1A048006898
:10B9A000012810D19F48006801280CD19E480068EA
:10B9B00048B9FA209D490860A74800689D49086079
:10B9C0000120A2490860704794480068A0BB9448D1
:10B9D000006888BB9348006870BB9348006858BBF8
:10B9E0009E480068012828D19D490968904A12683C
:10B9F000881A002801DB014600E041420A291ADCCE
:10BA0000FA2098490860984800686E3097490860A5
:10BA100000BF97490968974A1268881A002801DB15
:10BA2000014600E04142822905DB9348C07F40F097
:10BA300004009149C877B7E0FFE77848006801281B
:10BA400035D17748006888BB7648006870BB764877
:10BA5000006858BB81480068012828D180490968DE
:10BA6000764A1268881A002801DB014600E041424C
:10BA70000A29E0DCFA2081490860814800686E38B4
:10BA80008049086000BF7A4909687A4A1268881AB2
:10BA9000002801DB014600E04142822905DB7648AF
:10BAA000C07F40F008007449C8777DE0FFE75B483D
:10BAB000006801283DD15A480068012839D1594809
:10BAC0000068A8BB5848006890BB6448006801281B
:10BAD0002FD1634909685A4A1268881A002801DB85
:10BAE000014600E041420A295EDCFA205D49086017
:10BAF0006548006878385D490860634800688738A1
:10BB00005C49096888424FDA00BF59490968594AB7
:10BB10001268881A002801DB014600E041428229B0
:10BB200005DB5548C07F40F040005349C8773BE0F3
:10BB3000FFE73A480068012836D1394800680128F3
:10BB400032D13848006801282ED13748006858BBE8
:10BB500042480068012827D141490968394A1268DA
:10BB6000881A002801DB014600E041420A291BDC5B
:10BB7000FA20424908604548006878304149086029
:10BB800000BF3B4909683B4A1268881A002801DB5C
:10BB9000014600E04142822905DB3748C07F40F082
:10BBA00010003549C87700BF70471C480068A0BB2B
:10BBB0001B48006888BB1B48006870BB1A480068B7
:10BBC00058BB26480068012862D1254909681E4AE9
:10BBD0001268881A002801DB014600E041420A2968
:10BBE0001ADCFA201F4908601F4800686E301F49A0
:10BBF000086000BF1E4909681E4A1268881A00289A
:10BC000001DB014600E04142822905DB1A48C07F82
:10BC100040F004001849C877F1E039E05C020020E8
:10BC2000600200206402002068020020BC040020A2
:10BC300098010020980400208C0200209C01002024
:10BC4000A0010020A401002088010020880200201B
:10BC50008C01002090010020940100207404002039
:10BC6000B0000020C4040020A8040020B00400207C
:10BC7000C0000020C400002004000020C0040020F8
:10BC8000A0040020A4040020AC0400209C04002098
:10BC9000FE480068012835D1FD48006888BBFD4892
:10BCA000006870BBFC48006858BBFC48006801286D
:10BCB00028D1FB490968FB4A1268881A002801DB71
:10BCC000014600E041420A29A6DCFA20F649086054
:10BCD000F64800686E38F649086000BFF549096803
:10BCE000F54A1268881A002801DB014600E041424B
:10BCF000822905DBF148C07F40F00800EF49C87792
:10BD00007DE0FFE7E148006801283DD1E048006898
:10BD1000012839D1DF480068A8BBDF48006890BB24
:10BD2000DE48006801282FD1DD490968E44A12681D
:10BD3000881A002801DB014600E041420A295EDC46
:10BD4000FA20E0490860E04800687838DF49086078
:10BD5000DD4800688738D849096888424FDA00BF53
:10BD6000D4490968D44A1268881A002801DB0146C0
:10BD700000E04142822905DBD048C07F40F040000E
:10BD8000CE49C8773BE0FFE7C0480068012836D1BC
:10BD9000BF480068012832D1BE48006801282ED172
:10BDA000BD48006858BBBD480068012827D1BC4980
:10BDB0000968C74A1268881A002801DB014600E0BA
:10BDC00041420A291BDCFA20B7490860C1480068D3
:10BDD0007830B749086000BFB6490968B64A1268AA
:10BDE000881A002801DB014600E04142822905DB78
:10BDF000B248C07F40F01000B049C87700BF70471C
:10BE0000A2480068A0BBA248006888BBA14800689F
:10BE100070BBA148006858BBA0480068012828D121
:10BE20009F490968AC4A1268881A002801DB01465C
:10BE300000E04142052956DC5020A2490860A7488D
:10BE400000687330A149086000BF9A4909689A4A9E
:10BE50001268881A002801DB014600E0414282296D
:10BE600005DB9648C07F40F004009449C8773AE06B
:10BE7000FFE786480068012835D18548006890BBF7
:10BE80008448006878BB8448006860BB83480068C9
:10BE9000012828D182490A6891490968C91C501AA9
:10BEA000002801DB014600E0414205291BDCC820D7
:10BEB0007D4908607D48006873387D49086000BF8F
:10BEC0007C4909687C4A1268881A002801DB01460F
:10BED00000E04142822905DB7848C07F40F008003D
:10BEE0007649C87700BF704768480068A0BB6848BB
:10BEF000006888BB6748006870BB6748006858BB2B
:10BF000066480068012828D165490968724A1268A4
:10BF1000881A002801DB014600E0414205291ADCAD
:10BF20006420684908606D480068643067490860AB
:10BF300000BF60490968604A1268881A002801DB5E
:10BF4000014600E04142822905DB5C48C07F40F0A9
:10BF500004005A49C877E8E0FFE74C480068012828
:10BF600036D14B48006890BB4A48006878BB4A48C5
:10BF7000006860BB49480068012829D148490A681F
:10BF800057490968C91C501A002801DB014600E026
:10BF900041420529DFDCFA20434908604348006834
:10BFA00069384349086000BF42490968424A12683B
:10BFB000881A002801DB014600E04142822905DBA6
:10BFC0003E48C07F40F008003C49C877ADE0FFE73D
:10BFD0002E48006801283ED12D48006801283AD13A
:10BFE0002C480068B0BB2C48006898BB2B48006800
:10BFF000012830D13A490968491F294A1268501A64
:10C00000002801DB014600E04142052921DCFA203D
:10C010002C4908602C4800686E382C4908602A4872
:10C02000006878382449096888427EDA00BF2149CF
:10C030000968214A1268881A002801DB014600E0DD
:10C040004142822905DB1D48C07F40F040001B496A
:10C05000C8776AE0FFE70D480068012865D10C4801
:10C060000068012861D10B48006801285DD10A48A9
:10C070000068B8BB09480068012856D1164909680C
:10C08000491F074A1268501A00282CE05C02002061
:10C090006002002064020020680200207404002076
:10C0A000B00000208C010020C0040020A00400206B
:10C0B000A4040020C0000020C400002004000020D0
:10C0C00090010020C4040020AC040020B004002033
:10C0D000940100209C04002080010020A80400207E
:10C0E0008401002021E001DB014600E041420529F6
:10C0F0001BDCFA20FD490860FD4800687330FD49EB
:10C10000086000BFFC490968FC4A1268881A0028C8
:10C1100001DB014600E04142822905DBF848C07F8F
:10C1200040F01000F649C87700BF7047F548006836
:10C13000A0BBF548006888BBF448006870BBF448B1
:10C14000006858BBF3480068012828D1F249096803
:10C15000F24A1268881A002801DB014600E04142D9
:10C1600005291ADCFA20EE490860EE4800684630DE
:10C17000ED49086000BFE0490968E04A1268881A82
:10C18000002801DB014600E04142822905DBDC4852
:10C19000C07F40F00400DA49C877BAE0FFE7D94829
:10C1A0000068012836D1D848006890BBD74800689D
:10C1B00078BBD748006860BBD6480068012829D101
:10C1C000D5490A68D9490968C91C501A002801DBF9
:10C1D000014600E041420529DFDCFA20C34908603E
:10C1E000D34800684638C349086000BFC24909689F
:10C1F000C24A1268881A002801DB014600E0414269
:10C20000822905DBBE48C07F40F00800BC49C877E2
:10C210007FE0FFE7BB48006801283ED1BA480068CC
:10C2200001283AD1B9480068B0BBB948006898BB4A
:10C23000B8480068012830D1BC490968491FB64A8E
:10C240001268501A002801DB014600E0414205292E
:10C250005FDCFA20B2490860B64800684B38B24942
:10C260000860B44800686E38A4490968884250DA0A
:10C2700000BFA1490968A14A1268881A002801DB99
:10C28000014600E04142822905DB9D48C07F40F025
:10C2900040009B49C8773CE0FFE79A4800680128C6
:10C2A00037D199480068012833D19848006801289F
:10C2B0002FD19748006860BB96480068012828D1B4
:10C2C00096490968491F944A1268501A002801DBF0
:10C2D000014600E0414206291BDCFA208349086040
:10C2E000834800684B308349086000BF8249096871
:10C2F000824A1268881A002801DB014600E04142A8
:10C30000822905DB7E48C07F40F010007C49C87759
:10C3100000BF704700208849086088490860884944
:10C3200008607748C07F00F0FD007549C877704706
:10C330000EB5FFF7EFFF73480068002849D1724837
:10C340000068002845D171480068002841D1704834
:10C35000006800283DD1C8207A4908606F4800680D
:10C360007949086000207949086019E006E0012059
:10C370001BF0A8FFF4F782FB00B90BE066490968DF
:10C38000714A1268881A002801DB014600E0414228
:10C390000A29ECDC00BF6D480068401C6B4908604E
:10C3A0006A4800689628E1DB05204FF461714A4233
:10C3B0009FED670A1923CDE900210290FA2241215D
:10C3C000584800683C30FDF7EDFF01204D490860FA
:10C3D000D1E04C48006801284BD14B480068002848
:10C3E00047D14A480068E8BB49480068D0BBC8202C
:10C3F000544908604D480068C01C5349086000203B
:10C400005249086019E006E001201BF05BFFF4F7D9
:10C4100035FB00B90BE0404909684B4A1268881A9D
:10C42000002801DB014600E041420A29ECDC00BFA4
:10C4300046480068401C4549086044480068962802
:10C44000E1DB05204FF461714A42CDE90021029001
:10C4500037490968A1F141009FED3D0A1923FA22ED
:10C46000412100E005E0FEF7F6F8012026490860CA
:10C4700081E02448006801287DD123480068012814
:10C4800079D12248006880BB2148006868BBC82079
:10C490002C490860254800682B49086000202B497A
:10C4A000086019E006E001201BF00CFFF4F7E6FA43
:10C4B00000B90BE018490968234A1268881A002855
:10C4C00001DB014600E041420A29ECDC00BF1F48C5
:10C4D0000068401C1D4908601C4800689628E1DB84
:10C4E00005204FF461714A4234E044E0C00400206A
:10C4F0009C040020A4040020C0000020C4000020F0
:10C50000040000205C020020600200206402002081
:10C510006802002074040020B00000208001002088
:10C52000C4040020A8040020B004002084010020DE
:10C53000A0040020AC040020800200207C02002027
:10C5400084020020BC040020980400203C04002049
:10C550006666A63FCDE900210290F9490968A1F17C
:10C560003C009FEDF80A1923FA224B21FEF7D2F97D
:10C570000120F54908600020F44908600EBD0EB5A1
:10C58000FFF7C8FEF2480068002849D1F14800686A
:10C59000002845D1EC480068002841D1EE480068E9
:10C5A00000283DD1FA20ED490860ED480068ED49CA
:10C5B00008600020EC49086019E006E001201BF04B
:10C5C00081FEF4F75BFA00B90BE0E8490968E54A37
:10C5D0001268881A002801DB014600E04142082960
:10C5E000ECDC00BFE0480068401CDF490860DE4822
:10C5F00000689628E1DB05204FF461714A42B7EEEE
:10C60000080A1923CDE900210290FA223C21D848DA
:10C6100000682830FDF7C6FE0120CD490860ECE037
:10C62000CB48006801284BD1CA480068002847D190
:10C63000C5480068E8BBC8480068D0BBFA20C749B5
:10C640000860CC480068C01CC64908600020C64984
:10C65000086019E006E001201BF034FEF4F70EFA42
:10C6600000B90BE0C1490968BE4A1268881A00285F
:10C6700001DB014600E041420829ECDC00BFBA487A
:10C680000068401CB8490860B74800689628E1DB9C
:10C6900005204FF461714A42CDE900210290B6496C
:10C6A0000968A1F12F00B7EE080A1923FA223C21EC
:10C6B00000E005E0FDF7CFFF0120A64908609CE0FF
:10C6C000A348006801284BD1A2480068012847D13F
:10C6D0009D480068E8BBA0480068D0BBFA209F498D
:10C6E0000860A4480068C01E9E49086000209E495A
:10C6F000086019E006E001201BF0E4FDF4F7BEF944
:10C7000000B90BE099490968964A1268881A00280E
:10C7100001DB014600E041420829ECDC00BF924801
:10C720000068401C904908608F4800689628E1DB4B
:10C7300005204FF461714A42CDE900210290804901
:10C740000968A1F12300B7EE080A1923FA2246214D
:10C7500000E005E0FEF7DEF801207B4908604CE0D0
:10C760007B480068012848D17A480068012844D1F4
:10C7700075480068012840D177480068E8BBFA2076
:10C780007649086076480068C01E76490860002037
:10C790007549086019E006E001201BF093FDF4F7ED
:10C7A0006DF900B90BE0714909686E4A1268881A80
:10C7B000002801DB014600E041420829ECDC00BF13
:10C7C00069480068401C6849086067480068962806
:10C7D000E1DB05204FF461714A42B7EE080A1923E4
:10C7E000CDE900210290FA224621644800683230E7
:10C7F000FEF706FA012058490860002053490860F6
:10C800000EBD0EB500205E49086051480068002842
:10C8100079D150480068002875D14B48006800283D
:10C8200071D14D48006800286DD1FA204B4908604D
:10C8300054480068401F4B49086000204A4908607E
:10C8400019E006E001201BF03DFDF4F717F900B9EF
:10C850000BE046490968434A1268881A002801DB40
:10C86000014600E041420829ECDC00BF3E48006878
:10C87000401C3D4908603C48006840F2262188423F
:10C88000DFDB05204FF4E16100229FED2E0A192322
:10C89000CDE900210290FA22462135480068233074
:10C8A000FDF780FDF8F71EF937480068FA30374980
:10C8B000086037480068FA30364908600221364877
:10C8C00018F000FB68B99FED351ADFED350A10202E
:10C8D0009FED340AF7F749F842F234101BF0F2FCEE
:10C8E0000CE09FED2E1ADFED300A0A209FED2F0A93
:10C8F000F7F73BF842F234101BF0E4FC0120144936
:10C900000860B4E1FFE71248006801287ED11148B1
:10C91000006800287AD10C480068002876D10E48BB
:10C920000068002872D1FA200C490860204800688D
:10C93000801F0C49086000200B49086054E000008B
:10C94000AC0400203333B33F64020020E800002031
:10C950005C0200206002002068020020BC0400206D
:10C9600080010020980400203C040020B00000203A
:10C97000A804002084010020A00400209C040020C2
:10C980008802002088010020780400208004002014
:10C99000840400208C04002000040240CDCC4C3FD5
:10C9A000000061C400001644000061440080A2C47D
:10C9B0008C01002006E001201BF084FCF4F75EF8F7
:10C9C00000B90BE0FA490968FA4A1268881A002887
:10C9D00001DB014600E041420829ECDC00BFF648DB
:10C9E0000068401CF4490860F348006840F22621C2
:10C9F0008842DFDB05204FF4E1610022CDE9002110
:10CA00000290EE490968A1F1230000E036E01FED35
:10CA1000330A1923FA224621FDF71DFEF8F762F8C2
:10CA2000E7480068FA30E7490860E7480068FA30EC
:10CA3000E64908600221E64818F044FA68B91FED9B
:10CA4000291A5FED290A10201FED2A0AF6F78DFF3B
:10CA500042F234101BF036FC0CE01FED301A5FED93
:10CA60002E0A0A201FED2F0AF6F77FFF42F234103C
:10CA70001BF028FC0120D7490860F8E0D648006880
:10CA800001287AD1D3480068012876D1D3480068BC
:10CA9000002872D1D248006800286ED1FA20D1490E
:10CAA0000860D1480068401DC24908600020C249A2
:10CAB000086019E006E001201BF004FCF3F7DEFF3C
:10CAC00000B90BE0BA490968BA4A1268881A002806
:10CAD00001DB014600E041420829ECDC00BFB6481A
:10CAE0000068401CB4490860B348006840F2262141
:10CAF0008842DFDB06204FF4E1610022CDE900210E
:10CB00000290BA490968A1F123001FED720A1923A6
:10CB1000FA224B21FDF7FEFEF7F7E4FFA848006874
:10CB2000FA30A8490860A8480068FA30A7490860A8
:10CB30000221A74818F0C6F968B91FED681A5FED21
:10CB4000680A0D209FEDAA0AF6F70FFF41F2883020
:10CB50001BF0B8FB0CE01FED6F1A5FED6D0A0D20A6
:10CB60009FEDA40AF6F701FF41F288301BF0AAFB03
:10CB700001209A4908607AE0FFE797480068012899
:10CB800075D194480068012871D194480068012843
:10CB90006DD193480068002869D1FA209149086056
:10CBA00095480068401D834908600020824908605C
:10CBB00019E006E001201BF085FBF3F75FFF00B9E9
:10CBC0000BE07B4909687B4A1268881A002801DB60
:10CBD000014600E041420829ECDC00BF76480068CD
:10CBE000401C75490860744800689628E1DB052000
:10CBF0004FF4E16100221FEDAD0A1923CDE90021B8
:10CC00000290FA224B217D4800682330FDF7F8FF9F
:10CC1000F7F768FF6A480068FA306A4908606A48AE
:10CC20000068FA30694908600221694818F04AF939
:10CC300068B91FEDA61A5FEDA60A0D209FED6C0ADC
:10CC4000F6F793FE41F288301BF03CFB0CE01FED41
:10CC5000AD1A5FEDAB0A0D209FED660AF6F785FE73
:10CC600041F288301BF02EFB01205D490860002056
:10CC7000634908600EBD0EB5002062490860564841
:10CC80000068002870D15348006800286CD15348D0
:10CC90000068002868D152480068002864D1FA2052
:10CCA00050490860584800684249086000204249DD
:10CCB000086019E006E001201BF004FBF3F7DEFE3C
:10CCC00000B90BE03A4909683A4A1268881A002804
:10CCD00001DB014600E041420629ECDC00BF36489A
:10CCE0000068401C34490860334800689628E1DB3E
:10CCF00005204FF4E16100229FED440A1923CDE99C
:10CD000000210290FA224B2141480068FDF74AFBBE
:10CD10004FF4AF70F7F70AFF0020F6F7F4FC02219A
:10CD20002B4818F0CFF868B91FEDE41A5FEDE40A5C
:10CD300010201FEDE40AF6F718FE42F234101BF043
:10CD4000C1FA0CE01FEDEB1A5FEDE90A0A201FEDB6
:10CD5000E90AF6F70AFE42F234101BF0B3FA01209A
:10CD60001D49086094E1FFE71B48006801287CD159
:10CD700018480068002878D118480068002874D145
:10CD800017480068002870D1FA2016490860214829
:10CD90000068084908600020074908604EE03BE051
:10CDA00001201BF08FFAF3F769FE00B940E033E091
:10CDB000B0000020980400203C040020A0040020C3
:10CDC0007804002080040020840400208C040020CB
:10CDD00000040240600200205C0200206402002087
:10CDE00068020020BC04002090010020AC04002058
:10CDF000000016C30040CE44940100209C04002093
:10CE0000F000002088020020880100206666A63F0E
:10CE1000A80400208C010020FE490968FE4A12681F
:10CE2000881A002801DB014600E041420629B7DCF0
:10CE300000BFFA480068401CF8490860F7480068DD
:10CE40009628ACDB05204FF4E16100221FED110AAA
:10CE50001923CDE900210290FA224B21F048006805
:10CE6000FDF7F9FB4FF4AF7000E028E0F7F75EFE46
:10CE70000020F6F748FC0221EA4818F023F868B9C8
:10CE80009FEDE91ADFEDE90A10209FEDE90AF6F7B8
:10CE90006CFD42F234101BF015FA0CE09FEDE21A23
:10CEA000DFEDE40A0A209FEDE40AF6F75EFD42F2A8
:10CEB00034101BF007FA0120E0490860E8E0E04880
:10CEC0000068012870D1DD48006801286CD1DD4878
:10CED0000068002868D1DC480068002864D1FA2086
:10CEE000DA490860DA480068CB4908600020CB497D
:10CEF000086019E006E001201BF0E4F9F3F7BEFD3D
:10CF000000B90BE0C3490968C34A1268881A0028AF
:10CF100001DB014600E041420629ECDC00BFBF48CE
:10CF20000068401CBD490860BC4800689628E1DBE9
:10CF300005204FF4E1610022B7EE000A1823CDE985
:10CF400000210290FA224B21C2480068FDF7E2FC62
:10CF50004FF4AF70F7F7EAFD0020F6F7D4FB02219B
:10CF6000B04817F0AFFF68B99FEDAF1ADFEDAF0A19
:10CF70000D201FED610AF6F7F8FC41F288301BF036
:10CF8000A1F90CE09FEDA81ADFEDAA0A0D201FED14
:10CF9000670AF6F7EAFC41F288301BF093F90120AA
:10CFA000A849086074E0FFE7A548006801286FD130
:10CFB000A248006801286BD1A2480068012867D107
:10CFC000A1480068F0BBFA20A0490860A2480068A8
:10CFD0009149086000209149086019E006E00120AD
:10CFE0001BF070F9F3F74AFD00B90BE089490968B5
:10CFF000894A1268881A002801DB014600E0414294
:10D000000629ECDC00BF85480068401C83490860A5
:10D01000824800689628E1DB05204FF4E161002298
:10D02000B7EE000A1823CDE900210290FA224B2125
:10D030008A480068FDF7E4FD0120834908604FF449
:10D04000AF7000E024E0F7F771FD0020F6F75BFB1E
:10D050000221744817F036FF68B99FED731ADFEDAF
:10D06000730A0D201FED9E0AF6F77FFC41F288300F
:10D070001BF028F90CE09FED6C1ADFED6E0A0D2015
:10D080001FEDA40AF6F771FC41F288301BF01AF983
:10D090000020734908600EBD10B5FFF7ECFD0020BD
:10D0A000F6F731FB6F480068012807D1FEF73CFB1B
:10D0B0004FF47A601BF006F9F7F798FD10BD10B534
:10D0C000FFF79FFB0020F6F71EFB6648006801286B
:10D0D00007D1FEF729FB4FF47A601BF0F3F8F8F75D
:10D0E0004DFC0020F6F70FFB10BD70B55E480068E0
:10D0F00000F10A0540F23520F7F718FD50480068A6
:10D10000002854D14D480068002850D14D4800688F
:10D1100000284CD14C480068002848D13F4908609D
:10D120003EE023E051480068A84209DD9FED501A17
:10D13000DFED400A12209FED4F0AF6F716FC0EE0D5
:10D140009FED4B1ADFED3B0A0C209FED380AF6F7F6
:10D150000CFC4948C07F40F080004749C877012057
:10D160001BF0B0F8F3F78AFC00B913E04FF48051DC
:10D17000424817F0A7FE0028D4D041480068414932
:10D180000968441A002C01DB204600E06042B0F53B
:10D19000967FC7DC00BF21480068401C1F4908601B
:10D1A0001E48006840F20E618842BADB68E12448FC
:10D1B000006801282CD121480068002828D1214886
:10D1C000006828BB2048006810BB00201349086095
:10D1D0007BE060E025480068A84209DD9FED241A45
:10D1E000DFED140A12209FED230AF6F7BEFB0EE0D6
:10D1F0009FED1F1ADFED0F0A0C209FED0C0AF6F7CA
:10D20000B4FB1D48C07F40F020001B49C8773BE0BD
:10D2100063E00000B0000020980400203C040020DF
:10D22000A004002000040240CDCC4C3F000061C4AB
:10D2300000001644000061440080A2C46002002087
:10D240005C0200206402002068020020BC04002070
:10D2500090010020AC040020940100209C040020D8
:10D26000F0000020E8000020A8010020A00000201D
:10D270003333333F0000E1C30400002000000240CC
:10D28000BC0000208C04002001201BF01BF8F3F7E9
:10D29000F5FB00B913E04FF48051FE4817F012FE81
:10D2A000002897D0FC480068FC490968441A002C03
:10D2B00001DB204600E06042B0F5967F8ADC00BFCB
:10D2C000F7480068401CF6490860F548006840F2DD
:10D2D0000E618842FFF67DAFD2E0F2480068012877
:10D2E00064D1F1480068012860D1F048006870BB43
:10D2F000EF48006858BB2BE04FF40061E54817F099
:10D30000E1FD70B90121EB4817F0DCFD48B91FEDD4
:10D31000281A5FED380A12209FEDE70AF6F725FB81
:10D320000EE01FED2D1A5FED3D0A0C201FED410AA6
:10D33000F6F71BFBE148C07F40F08000DF49C8776B
:10D3400001201AF0BFFFF3F799FB08B914E02DE0B4
:10D350004FF48051CF4817F0B5FD0028CCD0CE480F
:10D360000068CE490968441A002C01DB204600E021
:10D370006042B0F5967FBFDC00BF1FED431A5FED42
:10D38000530A08209FEDCE0AF6F7EFFA06E00120D7
:10D390001AF098FFF3F772FB00B906E04FF4006152
:10D3A000BC4817F08FFD0028F1D069E0BD48006847
:10D3B000012865D1BC480068012861D1BB480068DC
:10D3C00001285DD1BA480068D8BB2AE04FF400615B
:10D3D000B04817F077FD70B90121B64817F072FD1B
:10D3E00048B91FED5D1A5FED6D0A12209FEDB20A7C
:10D3F000F6F7BBFA0EE01FED621A5FED720A0C2021
:10D400001FED760AF6F7B1FAAC48C07F40F0200075
:10D41000AA49C87701201AF055FFF3F72FFB00B98E
:10D4200014E04FF480519B4817F04CFD0028CDD0FC
:10D430009948006899490968441A002C02DB204683
:10D4400001E01DE06042B0F5967FBFDC00BF1FED3C
:10D45000781A5FED880A08209FED990AF6F785FA99
:10D4600006E001201AF02EFFF3F708FB00B906E0F2
:10D470004FF40061874817F025FD0028F1D000BF68
:10D480000020F6F740F9B6EE001A5FED960A0A2082
:10D490001FED9A0AF6F769FA40F2DC501AF012FF13
:10D4A0000020F6F730F970BD10B5FFF7AAF900209B
:10D4B000F6F729F983480068012807D1FEF734F907
:10D4C0004FF47A601AF0FEFEFFF70FFE0020F6F729
:10D4D0001AF910BD10B5FFF7CEFB0020F6F713F9CF
:10D4E00078480068012808D1FEF71EF94FF47A60E9
:10D4F0001AF0E8FEF7F77AFB0BE0734800680128A2
:10D5000007D1FEF79DF94FF47A601AF0DBFEF9F7C8
:10D51000AEFA10BD70B56D48006800F10A0540F222
:10D520000910F7F7F1FA5F480068B8BB5E48006879
:10D53000A0BB5E48006888BB5D48006870BB1DE00A
:10D5400063480068A84209DD1FEDB71A5FEDC70AFE
:10D5500012201FEDB80AF6F708FA08E01FEDBC1A12
:10D560005FEDCC0A14201FEDCF0AF6F7FEF901207B
:10D570001AF0A8FEF3F782FA00B913E04FF48071B5
:10D58000444817F09FFC0028DAD04348006843491C
:10D590000968441A002C02DB204601E003E06042E7
:10D5A0001428CDDC2EE13F48006801283CD13E48DC
:10D5B0000068A0BB3D48006888BB3D48006870BB60
:10D5C0001DE043480068A84209DD1FEDD71A5FED52
:10D5D000E70A12201FEDD90AF6F7C7F908E01FED98
:10D5E000DC1A5FEDEC0A14201FEDF00AF6F7BDF926
:10D5F00001201AF067FEF3F741FA00B913E04FF487
:10D600008071244817F05EFC0028DAD022480068B8
:10D6100022490968441A002C02DB204601E003E09D
:10D6200060421428CDDCEDE01E48006801282FD1AF
:10D630001D48006801282BD11C48006840BB1C48CD
:10D64000006828BB4EE04FF40061124817F03AFC26
:10D6500070B90121174817F035FC48B91FEDFC1AC5
:10D66000DFED1C0A12209FED1C0AF6F77EF908E098
:10D670009FED1A1ADFED170A14209FED190AF6F72D
:10D6800074F901201AF01EFEF3F7F8F908B93CE02E
:10D6900055E027E000000240BC0000208C04002080
:10D6A0003C0400205C020020600200206402002094
:10D6B000680200200004024000C0C1C40400002031
:10D6C0000000E144E8000020EC000020A801002058
:10D6D000A0000020000061440040B5C43333333F54
:10D6E000000061C44FF48071FA4817F0EBFB00288A
:10D6F000A9D0F9480068F9490968441A002C01DBEF
:10D70000204600E0604214289DDC00BF1FED0D1A8A
:10D710005FED100A0A201FED160AF6F726F906E05B
:10D7200001201AF0CFFDF3F7A9F900B906E04FF494
:10D730000061E84817F0C6FB0028F1D062E0E84835
:10D74000006801285ED1E748006801285AD1E64800
:10D750000068012856D1E5480068A8BB24E04FF4D2
:10D760000061DC4817F0AEFB70B90121E04817F00A
:10D77000A9FB48B91FED271A5FED2A0A12201FEDF9
:10D780002A0AF6F7F2F808E01FED2C1A5FED2F0ACF
:10D7900014201FED2D0AF6F7E8F801201AF092FD8B
:10D7A000F3F76CF900B913E04FF48071C94817F032
:10D7B00089FB0028D3D0C8480068C8490968441AC2
:10D7C000002C02DB204601E01CE060421428C6DC8D
:10D7D00000BF1FED3E1A5FED410A0A201FED480A07
:10D7E000F6F7C3F806E001201AF06CFDF3F746F9EE
:10D7F00000B906E04FF40061B64817F063FB00285B
:10D80000F1D000BF1FED4B1A5FED4E0A0A201FED4D
:10D810004C0AF6F7AAF8F4F7D3FF06E001201AF055
:10D8200051FDF3F72BF900B911E0F3F75DF9064666
:10D83000F3F72DF9041E01DB204600E06042002EC4
:10D8400001DB314600E071420844C828E6DB00BF36
:10D850000020F5F758FF70BD10B5FEF7D2FFB6EE09
:10D86000001A5FED640A09209FEDA20AF6F77DF821
:10D870004FF47A601AF026FD0020F5F744FF9E4829
:10D88000006801282DD1FDF74FFF4FF47A601AF0A0
:10D8900019FD40F20910F7F737F9002097490860A1
:10D8A00019E006E001201AF00DFDF3F7E7F800B9E2
:10D8B0000BE089490968894A1268881A002801DB47
:10D8C000014600E041420A29ECDC00BF8B480068B9
:10D8D000401C8A490860894800683228E1DBFFF76C
:10D8E00019FE0020F5F70FFF10BD10B5FEF789FFF8
:10D8F0000020F5F708FF10BD0EB500208049086034
:10D9000077480068002877D176480068002873D1EE
:10D910007548006800286FD17448006800286BD1F2
:10D92000FA207849086078480068001F7749086045
:10D9300000207249086019E006E001201AF0C2FCDC
:10D94000F3F79CF800B90BE0714909686F4A126857
:10D95000881A002801DB014600E041420829ECDC7E
:10D9600000BF66480068401C64490860634800685E
:10D970009628E1DB052000214FF4E1629FED650A66
:10D980001923CDE900210290FA2241216248006862
:10D990002330FCF707FDF7F7A5F860480068FA3078
:10D9A0005F4908605F480068FA304C49086002210E
:10D9B0004F4817F087FA68B99FED5B1A5FEDB80A18
:10D9C0000E209FED5A0AF5F7D0FF4FF4FA501AF0E7
:10D9D00079FC0CE09FED541A5FEDC20A0E209FED1A
:10D9E000540AF5F7C2FF4FF4FA501AF06BFC01200D
:10D9F0003B490860ACE1FFE739480068012866D17F
:10DA000038480068002862D13748006800285ED195
:10DA10003648006800285AD1FA203A49086045483B
:10DA20000068001F3949086000203449086019E087
:10DA300006E001201AF046FCF3F720F800B90BE0ED
:10DA400033490968314A1268881A002801DB014607
:10DA500000E041420829ECDC00BF28480068401C77
:10DA600026490860254800689628E1DB052000214A
:10DA70004FF4E162CDE9002102902F490968A1F13C
:10DA800023009FED2E0A1923FA224B21FCF7E3FD18
:10DA9000F7F728F821480068FA3021490860214842
:10DAA0000068FA300D4908600221114817F00AFA9F
:10DAB00070B99FED1D1A5FEDF60A0E209FED1B0A4F
:10DAC000F5F753FF4FF4FA501AF0FCFB45E048E03D
:10DAD00036E0000000000240BC0000208C04002062
:10DAE0005C02002060020020640200206802002026
:10DAF000000402400040CE44E80000203C04002026
:10DB00008C020020BC040020980100209804002012
:10DB1000B00000206666A63FA8040020780400201C
:10DB20008004002084040020CDCC4C3E0000C8C4FA
:10DB3000000048439C010020A00400203333B33F81
:10DB40001FED071ADFEDFB0A0E201FED070AF5F7A0
:10DB50000CFF4FF4FA501AF0B5FB0120F6490860AB
:10DB6000F6E0F6480068012878D1F34800680128FB
:10DB700074D1F3480068002870D1F248006800288A
:10DB80006CD1FA20F0490860F0480068001DF049A7
:10DB900008600020EF49086019E006E001201AF053
:10DBA00091FBF2F76BFF00B90BE0EB490968E84A1B
:10DBB0001268881A002801DB014600E0414208296A
:10DBC000ECDC00BFE3480068401CE2490860E14823
:10DBD00000689628E1DB052000214FF4E162CDE9E1
:10DBE00000210290DD490968A1F123001FED2D0AF3
:10DBF0001923FA224B21FCF78DFEF6F773FFD84864
:10DC00000068FA30D7490860D7480068FA30D74929
:10DC100008600221D64817F055F968B91FED3E1A81
:10DC2000DFEDD40A10209FEDD40AF5F79EFE41F2F5
:10DC30007C501AF047FB0CE01FED451ADFEDBD0AE2
:10DC400010209FEDCE0AF5F790FE41F27C501AF0BD
:10DC500039FB0120BA4908607AE0FFE7B74800685D
:10DC6000012875D1B4480068012871D1B448006812
:10DC700001286DD1B3480068002869D1FA20B24963
:10DC80000860BF480068001DB14908600020B14924
:10DC9000086019E006E001201AF014FBF2F7EEFE2E
:10DCA00000B90BE0AC490968A94A1268881A002833
:10DCB00001DB014600E041420829ECDC00BFA54839
:10DCC0000068401CA3490860A24800689628E1DB70
:10DCD000052000214FF4E1621FED680A1923CDE908
:10DCE00000210290FA224B21A64800682330FCF75D
:10DCF00087FFF6F7F7FE9A480068FA3099490860FE
:10DD000099480068FA30994908600221984817F04C
:10DD1000D9F868B91FED7C1ADFED960A10209FED47
:10DD2000960AF5F722FE41F288301AF0CBFA0CE0A1
:10DD30001FED831ADFED7F0A10209FED900AF5F7A3
:10DD400014FE41F288301AF0BDFA01207D490860C6
:10DD500000208D4908600EBD0EB500208B4908607B
:10DD600076480068002870D17348006800286CD19C
:10DD700073480068002868D172480068002864D1A0
:10DD8000FA207149086082480068714908600020E3
:10DD90007049086019E006E001201AF093FAF2F7E2
:10DDA0006DFE00B90BE06C490968694A1268881A6F
:10DDB000002801DB014600E041420529ECDC00BF00
:10DDC00064480068401C63490860624800689628FF
:10DDD000E1DB052000214FF4E1621FEDB20A1923B7
:10DDE000CDE900210290FA224B216A480068FCF735
:10DDF000D9FA0120514908604FF4AF70F6F796FE4A
:10DE00000020F5F780FC0221594817F05BF868B94B
:10DE1000B6EE001ADFED570A0E201FEDBC0AF5F72B
:10DE2000A4FD4FF4FA501AF04DFAA4E19FED5A1AEE
:10DE3000DFED400A0E201FEDC20AF5F796FD4FF404
:10DE4000FA501AF03FFA96E1FFE73C4800680128D3
:10DE50006FD13948006800286BD139480068002824
:10DE600067D138480068002863D1FA203649086035
:10DE70004A4800683649086000203649086019E0C1
:10DE800006E001201AF01EFAF2F7F8FD00B90BE0E7
:10DE9000314909682E4A1268881A002801DB0146B8
:10DEA00000E041420529ECDC00BF2A480068401C24
:10DEB00028490860274800689628E1DB06200021F1
:10DEC0004FF4E1621FEDED0A1923CDE90021029024
:10DED000FA224B2132480068FCF7BDFB01201649AD
:10DEE00008604FF4AF70F6F721FE0020F5F70BFC49
:10DEF00002211F4816F0E6FF68B9B6EE001ADFED02
:10DF00001D0A0E201FEDF70AF5F72FFD4FF4FA500A
:10DF10001AF0D8F92FE19FED201ADFED060A0E2046
:10DF20001FEDFD0AF5F721FD4FF4FA501AF0CAF97A
:10DF300021E137E000006144600200205C02002023
:10DF40006402002068020020BC040020A001002020
:10DF5000980400203C040020B0000020AC04002005
:10DF60007804002080040020840400208C04002019
:10DF700000040240000061C40080A244000016C4F6
:10DF8000A40100209C040020EC0000208C02002052
:10DF900098010020A8040020CDCC4C3F9C0100201B
:10DFA000A0040020F6480068012870D1F5480068F8
:10DFB00001286CD1F4480068002868D1F348006853
:10DFC000002864D1FA20F2490860F2480068F2495A
:10DFD00008600020F149086019E006E001201AF00D
:10DFE00071F9F2F74BFD00B90BE0ED490968EA4A17
:10DFF0001268881A002801DB014600E04142062928
:10E00000ECDC00BFE5480068401CE4490860E348D8
:10E0100000689628E1DB052000214FF4E1629FEDC6
:10E02000E10A1923CDE900210290FA224B21DE48B2
:10E030000068FCF76FFC0120D34908604FF4AF7013
:10E04000F6F774FD0020F5F75EFB0221D74816F0C5
:10E0500039FF68B99FEDD61A5FED3A0A10201FED1F
:10E060003A0AF5F782FC41F27C501AF02BF982E073
:10E07000B6EE001A5FED510A10201FED400AF5F7C9
:10E0800074FC41F27C501AF01DF974E0FFE7BC48C3
:10E09000006801286FD1BB48006801286BD1BA48DD
:10E0A0000068012867D1B9480068E0BBFA20B84988
:10E0B0000860C0480068B84908600020B749086097
:10E0C00019E006E001201AF0FDF8F2F7D7FC00B9DC
:10E0D0000BE0B3490968B04A1268881A002801DBCE
:10E0E000014600E041420629ECDC00BFAB48006875
:10E0F000401CAA490860A94800689628E1DB052071
:10E1000000214FF4E1629FEDA70A1923CDE9002118
:10E110000290FA224B21A8480068FCF771FD01200B
:10E120009A49086000E026E04FF4AF70F6F7FEFC75
:10E130000020F5F7E8FA02219C4816F0C3FE68B902
:10E140009FED9B1A5FED750A10201FED750AF5F71C
:10E150000CFC41F288301AF0B5F80CE09FED941AEF
:10E160005FED8C0A10201FED7B0AF5F7FEFB41F2F4
:10E1700088301AF0A7F80020904908600EBD10B54D
:10E180007F480068012819D17E480068B0B97E48F0
:10E19000006898B97D48006880B99FED891A5FEDE5
:10E1A0009B0A0A209FED870AF5F7DFFB4FF47A60A0
:10E1B0001AF088F80020F5F7A6FA5EE070480068CB
:10E1C00001281AD16F480068012816D16E480068EE
:10E1D00098B96E48006880B99FED791A5FEDAB0A77
:10E1E0000A209FED780AF5F7C0FB4FF47A601AF029
:10E1F00069F80020F5F787FA3FE0614800680128D8
:10E200001BD160480068012817D15F4800680128C9
:10E2100013D15E48006880B99FED691A5FEDBB0AB3
:10E220000A209FED690AF5F7A0FB4FF47A601AF017
:10E2300049F80020F5F767FA1FE051480068012807
:10E240001BD150480068012817D14F4800680128A9
:10E2500013D14E48006801280FD19FED591A5FED88
:10E26000CB0A0A209FED580AF5F77FFB4FF47A603E
:10E270001AF028F80020F5F746FA10BD0EB5FEF7A3
:10E2800049F83F48006800284DD13E480068002802
:10E2900049D13D480068002845D13C480068002825
:10E2A00041D1FA203A490860484800683A49086074
:10E2B00000203A49086019E006E001201AF002F84F
:10E2C000F2F7DCFB00B90BE035490968324A126805
:10E2D000881A002801DB014600E041420729ECDCF6
:10E2E00000BF2E480068401C2C4908602B4800687D
:10E2F0009628E1DB4FF47A7019F0E4FF05204FF423
:10E3000061714A429FED320A1923CDE90021029042
:10E31000FA2241212F480068801CFCF743F80120B5
:10E32000174908603BE11648006801287DD115486F
:10E330000068002879D114480068002875D1134876
:10E340000068E0B9FA201249086023480068C01C40
:10E350001149086000201149086048E006E00120EA
:10E3600019F0B0FFF2F78AFB00B93AE00C490968EE
:10E37000094A1268881A002830DB01462FE054E071
:10E380005C0200206002002064020020680200207D
:10E39000BC040020A0010020980400203C040020C0
:10E3A000B00000206666A63FAC04002000040240D6
:10E3B000CDCC4C3EA40100209C040020EC000020A9
:10E3C0009A99993E0040CE440000164380010020F7
:10E3D0003333B33FA80400208401002041420729C1
:10E3E000BDDC00BFF9480068401CF8490860F748E8
:10E3F00000689628B2DB4FF47A7019F063FF0520AD
:10E400004FF461714A42CDE900210290F049096858
:10E41000A1F10A001FED120A1923FA224121FCF78B
:10E420001AF90120EB490860B9E0EB4800680128BF
:10E430004FD1E848006801284BD1E8480068E0BBAC
:10E44000E7480068C8BBFA20E6490860E64800686B
:10E45000401FE64908600020DC49086019E006E03A
:10E46000012019F02FFFF2F709FB00B90BE0E0499A
:10E470000968DE4A1268881A002801DB014600E0BC
:10E4800041420729ECDC00BFD0480068401CCF495E
:10E490000860CE4800689628E1DB4FF47A7019F0E6
:10E4A00011FF05204FF461714A42CDE9002102902D
:10E4B000D0490968A1F10A0000E00AE01FED3C0A1A
:10E4C0001923FA224121FCF725FA0120C3490860EB
:10E4D00065E0C1480068012861D1BE480068012894
:10E4E0005DD1BE480068012859D1BD480068B8BB5D
:10E4F000FA20BC490860C0480068401FBB4908605A
:10E500000020B249086019E006E0012019F0DAFEA7
:10E51000F2F7B4FA00B90BE0B5490968B34A1268DA
:10E52000881A002801DB014600E041420729ECDCA3
:10E5300000BFA6480068401CA4490860A3480068C2
:10E540009628E1DB4FF47A7019F0BCFE00BFAB49AE
:10E550000968AB4A1268881A002802DB014601E00C
:10E560001DE04142822905DBA648C07F40F0100033
:10E57000A449C87700BF05204FF461714A429FED5E
:10E58000A20A1423CDE900210290FA224B219F48D0
:10E5900000680A30FCF734FB012091490860002034
:10E5A0009B4908600EBD2DE9F04105460E46F6F781
:10E5B000A5FA9848006808309749086097480068AD
:10E5C000083097490860002415E006E0012019F0A2
:10E5D00079FEF2F753FA00B90BE092490968904AC4
:10E5E0001268881A002801DB014600E041420A292E
:10E5F000ECDC00BF641C322CE7DB9FED8B1A00EED5
:10E60000106AF8EEC00A0C2000EE105AB8EEC00AEC
:10E61000F5F7ABF9002410E006E0012019F052FEF6
:10E62000F2F72CFA00B906E04FF480717F4816F03B
:10E6300049FC0028F1D000BF641CB4F57A7FEBDB05
:10E640009FED791A00EE106AF8EEC00A0A2000EE7B
:10E65000105AB8EEC00AF5F788F900241BE006E06E
:10E66000012019F02FFEF2F709FA00B911E04FF47A
:10E6700080716E4816F026FC0028F1D080216C488D
:10E6800016F020FC28B90121694816F01BFC00286F
:10E69000E6D000BF641CB4F57A7FE0DB4FF49670DF
:10E6A00019F010FE0020F5F72EF8F52061490860FA
:10E6B0005A480068F5305A490860002415E006E021
:10E6C000012019F0FFFDF2F7D9F900B90BE0554927
:10E6D0000968534A1268881A002801DB014600E0E5
:10E6E00041420A29ECDC00BF641CFA2CE7DBB7EEE0
:10E6F000001A00EE106AF8EEC00A0E2000EE105A62
:10E70000B8EEC00AF5F731F900240FE006E0022068
:10E7100019F0D8FDF2F7B2F900B905E00121464839
:10E7200016F0D0FB0028F2D000BF641C40F2262077
:10E730008442EBDB0020F4F7E6FFB7EE001A00EEB0
:10E74000106AF8EEC00A0E2000EE105AB8EEC00AA9
:10E75000F5F70BF9F4F734F806E0012019F0B2FDF3
:10E76000F2F78CF900B914E0F2F7BEF98046F2F73F
:10E770008EF9071E01DB384600E07842B8F1000F41
:10E7800001DB414601E0C8F100010844B0F5E17F3A
:10E79000E3DB00BF0020F4F7B6FFFDF7BBFD0E483A
:10E7A000006888B90B48006870B90C48006858B90F
:10E7B0000B48006840B9FA200A4908600E48006812
:10E7C0000A49086000244FE05AE000003C040020A1
:10E7D000A0040020600200205C02002064020020EF
:10E7E00068020020BC04002084010020980400205E
:10E7F000B0000020AC04002080010020C0000020F8
:10E80000C400002004000020CDCC8C3F9C040020DC
:10E81000E800002078040020800400208404002008
:10E820008C040020BC0000203333333F0000024042
:10E8300000040240B40400200010024006E0012061
:10E8400019F040FDF2F71AF900B90BE0FB4909682D
:10E85000FB4A1268881A002801DB014600E04142A9
:10E860000529ECDC00BF641C962CE7DB4621F5484B
:10E870000068001DFCF7E6FA0120F3490860B8E0E3
:10E88000F1480068012838D1F0480068A0BBF04882
:10E89000006888BBEF48006870BBFA20EE4908604A
:10E8A000EE480068C01CE6490860002415E006E058
:10E8B000012019F007FDF2F7E1F800B90BE0DF499C
:10E8C0000968DF4A1268881A002801DB014600E067
:10E8D00041420529ECDC00BF641C962CE7DB4FF4B9
:10E8E0007A7019F0EFFC4621DD480068FCF7D4FB94
:10E8F0000120D64908607CE0FFE7D3480068012882
:10E9000039D1D2480068012835D1D148006888BB88
:10E91000D048006870BBFA20CF490860CF48006833
:10E92000401FC7490860002415E006E0012019F0E7
:10E93000C9FCF2F7A3F800B90BE0C0490968C04A66
:10E940001268881A002801DB014600E041420529CF
:10E95000ECDC00BF641C962CE7DB4FF47A7019F0F6
:10E96000B1FC4B21BF480068FCF7D6FC0120B84938
:10E9700008603EE0FFE7B4480068012839D1B34899
:10E980000068012835D1B2480068012831D1B1486A
:10E99000006870BBFA20B0490860B3480068401FA7
:10E9A000A7490860002415E006E0012019F08AFC60
:10E9B000F2F764F800B90BE0A0490968A04A1268B0
:10E9C000881A002801DB014600E041420429ECDC02
:10E9D00000BF641C962CE7DB4FF47A7019F072FCD0
:10E9E0004B21A2480068001DFCF7F2FD0120994967
:10E9F000086000209E490860BDE8F08110B5FFF76F
:10EA00003DFC10BD10B5FFF739FC10BDF0B5054653
:10EA10000C461E46059F281E01DB844601E0C0F11E
:10EA2000000C6146B14201DD1046F0BDB94201DA89
:10EA30002046FAE700EE901AF8EEE00A9FED8D1AF4
:10EA400030EE811A00EE901AF8EEE00A80EE810AAC
:10EA5000101B00EE900AB8EEE01A00EE904AF8EEB5
:10EA6000E00A41EE000AFDEEE00A10EE903A184688
:10EA7000DBE72DE9F04104460D4600207E490860A1
:10EA80003DE02CE07D480068071B2D22042138461C
:10EA9000F9F707FC064679480068001B002809DDE5
:10EAA0009FED771ADFED770A30469FED770AF4F78E
:10EAB0005CFF10E071480068001B09D59FED701ADB
:10EAC000DFED700A30469FED710AF4F74EFF02E069
:10EAD0000020F4F718FEF1F7D1FF00B909E067490B
:10EAE0000968081B002801DB014600E041420129BA
:10EAF000C8DC00BF60480068401C5F4908605E4891
:10EB00000068A842BDDBBDE8F0812DE9F041044674
:10EB10000D460020584908603BE02AE05C48006848
:10EB2000071B3846F7F761FA064659480068001B8C
:10EB3000002809DD9FED521ADFED520A30469FEDA5
:10EB4000530AF4F712FF10E051480068001B09D582
:10EB50009FED4B1ADFED4B0A30469FED4B0AF4F761
:10EB600004FF02E00020F4F7CEFDF1F787FF00B9C3
:10EB700009E047490968081B002801DB014600E05D
:10EB800041420129CADC00BF3B480068401C3A49A9
:10EB9000086039480068A842BFDBBDE8F0812DE974
:10EBA000F04704460D4616461F46002032490860CD
:10EBB0003EE02DE037480068A0EB04083A463146B5
:10EBC0004046F9F76EFB814632480068001B00287A
:10EBD00009DD1FEDEB1ADFED2B0A48469FED2E0AEB
:10EBE000F4F7C3FE10E02B480068001B09D51FEDA9
:10EBF000F21ADFED240A48469FED220AF4F7B5FE2B
:10EC000002E00020F4F77FFDF1F738FF00B909E0DA
:10EC100020490968081B002801DB014600E0414249
:10EC20000029C7DC00BF14480068401C1249086076
:10EC300011480068A842BCDBBDE8F087B0000020A6
:10EC400098040020A80400205C020020600200203C
:10EC50006402002068020020BC040020840100201F
:10EC6000A0040020AC040020800100209C040020AF
:10EC7000E800002000000C423C040020A00000201E
:10EC80006666663F00006144000000000000E14449
:10EC9000A400002098000020000061C42DE9F04786
:10ECA00004460D4616461F460020FE4908603EE019
:10ECB0002DE0FD480068A0EB04083A463146404686
:10ECC000F9F7EFFA8146F8480068001B002809DDD3
:10ECD0009FEDF61A5FED150A48461FED160AF4F788
:10ECE00044FE10E0F0480068001B09D59FEDEF1AC4
:10ECF0005FED1C0A48461FED180AF4F736FE02E0E5
:10ED00000020F4F700FDF1F7B9FE00B909E0E6498B
:10ED10000968081B002801DB014600E04142002988
:10ED2000C7DC00BFDF480068401CDE490860DD48E2
:10ED30000068A842BCDBBDE8F0872DE9F047044637
:10ED40000D4616461F460020D64908603EE02DE0DD
:10ED5000D5480068A0EB04083A4631464046F9F72A
:10ED6000A0FA8146D0480068001B002809DDB6EEF5
:10ED7000001A5FED3C0A48461FED3E0AF4F7F5FD28
:10ED800010E0C9480068001B09D5B6EE001A5FED17
:10ED9000430A48461FED400AF4F7E7FD02E0002071
:10EDA000F4F7B1FCF1F76AFE00B909E0BE49096861
:10EDB000081B002801DB014600E041420129C7DCB5
:10EDC00000BFB8480068401CB6490860B5480068F4
:10EDD000A842BCDBBDE8F0872DE9F04704460D46AC
:10EDE00016461F46DDF820A00020AE4908603EE030
:10EDF0002DE0AF480068A0EB04093A46314648468A
:10EE0000F9F74FFA8046AA480068001B002809DD80
:10EE10009FEDA61A5FED600A40461FED650AF4F704
:10EE2000A4FD10E0A2480068001B09D59FED9F1AC1
:10EE30005FED670A40461FED6B0AF4F796FD02E0AE
:10EE40000020F4F760FCF1F719FE00B909E09849D9
:10EE50000968081B002801DB014600E041425145DA
:10EE6000C7DC00BF8F480068401C8E4908608D4891
:10EE70000068A842BCDBBDE8F08710B58D48C079BA
:10EE8000002874D08B48407800F008000028F8D0A3
:10EE9000782089490860894800688949086000200D
:10EEA0008049086019E006E0012019F00BFAF1F73B
:10EEB000E5FD00B90BE083490968814A1268881AA8
:10EEC000002801DB014600E041420529ECDC00BFDF
:10EED00074480068401C73490860724800689628AE
:10EEE000E1DB7820784908604FF496707749086034
:10EEF0007820774908604FF4FA707649086000205E
:10EF00006849086025E006E0012019F0DBF9F1F717
:10EF1000B5FD00B917E0704A12686C4B1B68D11A36
:10EF2000002901DB0A4600E04A420A2AECDC6B4A6F
:10EF30001268684B1B68D01A002801DB024600E00B
:10EF400042420A2AE0DC00BF56480068401C55498E
:10EF50000860544800683228D5DB00BF5E49096864
:10EF60005E4A1268881A002802DB014601E04DE083
:10EF70004142822905DB5A48C07F40F004005849CD
:10EF8000C87700BF00BF54490968544A1268881AFC
:10EF9000002801DB014600E04142822905DB5048A0
:10EFA000C07F40F008004E49C87700BF00BF4A4903
:10EFB00009684A4A1268881A002801DB014600E005
:10EFC0004142822905DB4648C07F40F04000444969
:10EFD000C87700BF00BF40490968404A1268881AD4
:10EFE000002801DB014600E04142822905DB3C4864
:10EFF000C07F40F010003A49C87700BF384890F809
:10F00000230040F00100364981F8230010BD00B50F
:10F01000F5F76EFD40F28B103249086040F2131094
:10F020003149086000BD73B52DED028B28250526FA
:10F030001FEDEB0AB0EE408A1E480079322805DB4E
:10F040001C480079C82801DC012000E000200446AB
:10F050001848407800F0010030B19DF80C509FED49
:10F06000230AB0EE408A05E09DF80850B6EE000A8B
:10F07000B0EE408A0F48007800F0080088B10D48D3
:10F08000007800F0100060B90A48007800F0200015
:10F0900038B90848007800F0400010B9294600202F
:10F0A00026E028E03C0400209C000020CDCC4C3F12
:10F0B000A40000201B090020BC04002080010020C7
:10F0C00098040020B0000020C0040020A404002008
:10F0D000C4040020B0040020C0000020C4000020B0
:10F0E00004000020800400208C0400203333333FD0
:10F0F000F4F731FCB1E0F748007800F00800A0B95F
:10F10000F448007800F0100078B1F248007800F080
:10F11000200050B9EF48007800F0400028B9294697
:10F120004FF4E160F4F717FC97E0EA48007800F04C
:10F130000800A0B9E748007800F0100078B9E54869
:10F14000007800F0200050B1E248007800F0400064
:10F1500028B929464FF46170F4F7FDFB7DE0DD48E6
:10F16000007800F0080098B9DA48007800F0100044
:10F1700070B9D848007800F0200048B9D548007828
:10F1800000F0400020B12946D348F4F7E4FB64E0E6
:10F19000D048007800F00800A0B1CE48007800F018
:10F1A000100078B9CB48007800F0200050B1C94871
:10F1B000007800F0400028B929464FF4E170F4F7D8
:10F1C000CAFB4AE0C348007800F0080098B1C14883
:10F1D000007800F0100070B9BE48007800F0200000
:10F1E00048B9BC48007800F0400020B12946BB482F
:10F1F000F4F7B1FB31E0B748007800F00800A0B99F
:10F20000B448007800F0100078B1B248007800F0FF
:10F21000200050B1AF48007800F0400028B92946DE
:10F2200040F24650F4F797FB17E0AA48007800F048
:10F23000080090B9A748007800F0100068B1A54810
:10F24000007800F0200040B9A248007800F04000AB
:10F2500018B12946A248F4F77EFB9E48007800F0DA
:10F260000800F8B99B48007800F01000D0B9994820
:10F27000007800F02000A8B99648007800F040001F
:10F2800080B97CB1F3F740FF60B19248407800F05C
:10F29000400038B98F48407800F0200010B90520B0
:10F2A000F4F731FA14B1F4F794FA27E089480079B9
:10F2B00032280EDAF3F728FF28B10020B1EE480A11
:10F2C000F4F739FB1AE00020B1EE480AF4F733FBFB
:10F2D00014E080480079C8280EDDF3F715FF28B147
:10F2E0000020B0EE480AF4F726FB07E00020B0EE5D
:10F2F000480AF4F720FB01E0F4F76BFABDEC028B4F
:10F300007CBD10B577480068012815D176480068A3
:10F3100090B97648006878B97548006860B91FED03
:10F320008D1ADFED740A0A209FED720AF4F71DFBB7
:10F3300041F2883018F0C6FF0020F4F7E4F910BD60
:10F34000FEB504460D4616466B4890F8230040F083
:10F350000100694981F82300F5F7D0FB40F26720EE
:10F3600066490860401D66490860002065490860DC
:10F370001AE00FE01E20962102222346CDE900214B
:10F380000290002211463720F9F7D1FDF1F776FB04
:10F3900000B903E05C4800689628EBDC00BF5948E0
:10F3A0000068401C5749086056480068FA28E0DBAE
:10F3B0000020544908601AE00FE00F20502102227B
:10F3C0002346CDE900210290002211461E20F9F7C4
:10F3D000AEFDF1F753FB00B903E04B4800688C2801
:10F3E000EBDC00BF47480068401C464908604548C0
:10F3F0000068FA28E0DB404890F8230040F0020063
:10F400003D4981F8230000203E4908602FE01BE0C1
:10F410003D4800688C2807DA374890F8230040F010
:10F420000200354981F823000F204621032223469C
:10F43000CDE900210290002211460A20F9F777FD5C
:10F44000F1F71CFB00B90CE04FF480512F4815F088
:10F4500039FD30B94FF480612C4815F033FD002898
:10F46000D6D000BF27480068401C264908602548C0
:10F4700000686428CBDB4FF4FA6018F023FF3220D9
:10F48000F4F741F900201F49086054E040E00821EA
:10F490001E4815F017FD012805D10B210E481E301E
:10F4A000F4F759FA0FE04FF40041184815F00AFD3F
:10F4B000012805D10B2140F26630F4F74CFA02E046
:10F4C0000020F4F720F9012018F0FCFEF1F7D6FA3D
:10F4D000F0B92AE01B0900207CFCFFFF3EFEFFFF85
:10F4E000BAFAFFFF5C0200206002002064020020E4
:10F4F0006802002000006144040000208004002015
:10F500008C0400203C0400209C00002000100240DD
:10F510004FF40041FB4815F0D5FC0128B7D0082175
:10F52000F84815F0CFFC0128B1D000BFF6480068BC
:10F53000401CF5490860F4480068B0F5FA7FA5DB87
:10F540000020F4F7E0F8F14890F8230000F0FE0006
:10F55000EE4981F823004FF47A7018F0B3FE0621CB
:10F560000020F4F7F8F94FF4FA6018F0ABFE1E2013
:10F57000F4F7C9F8E6480068E64908604620E6491D
:10F580000860E64908604FF42570E549086040F2DC
:10F590008A20E44908600020DB49086019E006E0A1
:10F5A000032018F08FFEF1F769FA00B90BE0DE498D
:10F5B0000968DB4A1268881A002801DB014600E06E
:10F5C00041420529ECDC00BFCF480068401CCE4911
:10F5D0000860CD480068B0F5FA7FE0DBCB4890F8D2
:10F5E000230000F0FD00C94981F82300C9490968DA
:10F5F000091B01EB8101A5EB41001E21F4F7ABF9DA
:10F6000000219FEDCA0ACA48F4F740F9A020C24978
:10F610000860C249086011E0022018F053FEF1F7BB
:10F620002DFA00B90FE0C348006810F5E17F05DA54
:10F6300040F20910BA490860BA490860BD4800683C
:10F6400010F5E17FE8DC00BF40F20910B449086022
:10F65000B44908600020F4F756F89FEDB71ADFEDC3
:10F66000B70A14201FED5D0AF4F77FF90020A649C0
:10F67000086011E006E0012018F024FEF1F7FEF921
:10F6800000B903E0AE4800688528F4DC00BF9E485E
:10F690000068401C9C4908609B480068FA28E9DB28
:10F6A0000220F4F730F89FEDA41ADFEDA40A0C2035
:10F6B0001FED700AF4F759F900209349086019E02A
:10F6C00006E0012018F0FEFDF1F7D8F900B90BE0D3
:10F6D00080218C4815F0F6FB30B94FF480718948D1
:10F6E00015F0F0FB0028ECD000BF87480068401CF4
:10F6F00085490860844800686428E1DB4FF4FA60BB
:10F7000018F0E0FD32208449086084490860E72051
:10F7100083490860834908600020F3F7F4FFFEBDC9
:10F7200008B5F5F7EBF940F209107D4908607D490D
:10F7300008604FF4FA6018F0C5FDB0EE001A5FEDF6
:10F74000930A1E209FED7F0AF4F70FF906E00520CB
:10F7500018F0B8FDF1F792F900B905E075480068B6
:10F7600040F27F318842F2DB00BF0020F3F7CBFF8D
:10F770007548006801280AD10420412305224FF46E
:10F780007A71009071480068F8F7BBFD0CE06E4894
:10F79000006848B90A20412305224FF47A7100908D
:10F7A0006A480068F8F7ADFD69480068012802D191
:10F7B0006849086002E00020674908600020F3F70C
:10F7C000A2FF08BD08B5F5F799F940F209105449B0
:10F7D0000860544908604FF4FA6018F073FDB0EE09
:10F7E000001A5FEDBC0A1E209FED5C0AF4F7BDF81D
:10F7F00006E0052018F066FDF1F740F900B905E0D4
:10F800004C48006840F27F318842F2DB00BF0020A4
:10F81000F3F779FF4C48006850B90A2041230522CC
:10F820004FF47A7100904E480068F8F76AFD0DE0D9
:10F8300045480068012809D10520412302464FF4BC
:10F840007A71009046480068F8F75BFD0020F3F7F6
:10F850005AFF3F480068022804D101210420F2F732
:10F8600000FF02E000203C49086008BD08B5F5F73C
:10F8700045F940F209102A4908602A4908604FF406
:10F88000FA6018F01FFDB0EE081A5FEDE60A1420CA
:10F890009FED340AF4F769F806E0052018F012FD30
:10F8A000F1F7ECF800B905E02248006840F27F313A
:10F8B0008842F2DB00BF0020F3F725FF22480068F2
:10F8C00001280AD10420412305224FF47A710090C7
:10F8D00025480068F8F715FD0CE01B48006848B99A
:10F8E0000A20412305224FF47A7100901E480068D7
:10F8F000F8F707FD16480068032837D1012015499D
:10F90000086036E0001002403C04002004000020A3
:10F91000A400002040050020B4040020B80400200A
:10F92000800400208C040020B80000209A99D9BFE0
:10F930007CFCFFFFF00300203333333F000061C441
:10F94000980000200040B5C4E8000020C801002055
:10F9500014030020040300201C0300200080BBC40B
:10F96000D001002000C080C4DC0100200020F84944
:10F9700008600020F3F7C7FE08BDF648006878B9B4
:10F98000F548006860B9F548006848B9F44800686F
:10F9900030B9F448C07F40F08000F249C8773DE0BC
:10F9A000EC48006801280FD1EB48006860B9EB48CB
:10F9B000006848B9EA48006830B9EA48C07F40F0BA
:10F9C0002000E849C87729E0E2480068012810D102
:10F9D000E148006801280CD1E048006848B9E048D7
:10F9E000006830B9DF48C07F40F08000DD49C8774B
:10F9F00014E0D8480068012810D1D74800680128D1
:10FA00000CD1D6480068012808D1D548006828B92B
:10FA1000D448C07F40F02000D249C87770473EB537
:10FA20000446F5F765F8D0480068FA30CF49086019
:10FA3000CF480068FA30CF4908600020CE490860FE
:10FA40001EE013E01E20B42105222346CDE900214B
:10FA500002904FF4617251423220F9F7BAFA012054
:10FA600018F030FCF1F70AF800B903E0C348006869
:10FA7000AF28E7DC00BFC0480068401CBE490860F2
:10FA8000BD480068FA28DCDB0020BB49086023E0A1
:10FA900010E01E20B42102222346CDE9002102906D
:10FAA0004FF4617251423220F9F793FAF0F7E6FF12
:10FAB00000B90BE0B2490968AE4A1268881A0028FA
:10FAC00001DB014600E041421429E2DC00BFAA4804
:10FAD0000068401CA8490860A7480068FA28D7DBDE
:10FAE0009FEDA81ADFEDA80A2D201FED6C0AF3F791
:10FAF0003CFF0020A049086011E006E0012018F05A
:10FB0000E1FBF0F7BBFF00B903E09C4800689628D2
:10FB1000F4DC00BF98480068401C9749086096488C
:10FB20000068FA28E9DB4FF43470F4F7EDFF9748EA
:10FB30000068002874D1904908601EE013E01E2080
:10FB400096210222631FCDE9002102904FF46172D9
:10FB500051421920F9F73DFA012018F0B3FBF0F7F4
:10FB60008DFF00B903E0854800688728E7DC00BF07
:10FB700081480068401C804908607F480068FA2876
:10FB8000DCDB00207C4908601EE010E01E2096218E
:10FB90000222631FCDE9002102904FF461725142AD
:10FBA0000E20F9F716FAF0F769FF00B906E04FF4F6
:10FBB0008051774815F086F90028E7D000BF6E48DD
:10FBC0000068401C6C4908606B480068FA28DCDB60
:10FBD0000020F3F798FD6F480068012840D1614884
:10FBE000C07F40F002005F49C8779FED6B1ADFEDE0
:10FBF000660A0F201FEDAF0AF3F7B7FE40F6C410F8
:10FC000018F060FB0020F3F77EFD05210420F2F7D9
:10FC100028FD0020F3F777FD00205749086012E027
:10FC20001FE006E0012018F04DFBF0F727FF00B9B8
:10FC300003E05A4800680128F4D000BF4E4800682D
:10FC4000401C4D4908604C480068FA28E9DB4548EB
:10FC5000C07F00F0FD004349C87701204F4908608C
:10FC600056E04A480068012852D100204249086005
:10FC70001EE013E01E20962102222346CDE900213A
:10FC800002904FF4617251421920F9F7A2F9012054
:10FC900018F018FBF0F7F2FE00B903E037480068EF
:10FCA0008728E7DC00BF34480068401C3249086000
:10FCB00031480068FA28DCDBFFF75FFE00202E49A0
:10FCC00008601EE010E01E20962102222346CDE9A6
:10FCD000002102904FF4617251420E20F9F779F938
:10FCE000F0F7CCFE00B906E04FF48051284815F03B
:10FCF000E9F80028E7D000BF1F480068401C1E49F3
:10FD000008601D480068FA28DCDB1E20F3F7FBFCC6
:10FD10000020F3F7F8FC3EBD3EB50446F4F7E8FEDC
:10FD200011480068FA301149086011480068FA303B
:10FD3000104908609FED131ADFED130A37209FED7D
:10FD4000180AF3F712FE00200B4908603CE000009F
:10FD50001C0300205C0200206002002064020020DE
:10FD600068020020040000207804002080040020A5
:10FD7000840400208C0400203C0400209800002013
:10FD8000BC0000206666663F00006144E800002079
:10FD900000000240140300209A99193F0403002038
:10FDA000000061C406E0012018F08CFAF0F766FE4E
:10FDB00000B903E0FE480068AF28F4DC00BFFD484E
:10FDC0000068401CFB490860FA480068FA28E9DB33
:10FDD0000020F849086020E015E01E206FF0770150
:10FDE0000322A4F10803CDE9002102904FF46172CF
:10FDF00051422D20F9F79BF8012018F063FAF0F733
:10FE00003DFE00B903E0EA4800689628E5DC00BF43
:10FE1000E8480068401CE7490860E6480068FA289E
:10FE2000DADBE5480068002856D1E249086020E0A6
:10FE300015E01E206FF095010322A4F10803CDE91F
:10FE4000002102904FF4617251421420F9F76FF8CB
:10FE5000012018F037FAF0F711FE00B903E0D4489A
:10FE600000688728E5DC00BFD2480068401CD14903
:10FE70000860D0480068FA28DADB0020CD49086025
:10FE800023E015E01E206FF095010222A4F10F037C
:10FE9000CDE9002102904FF4617251420E20F9F732
:10FEA00046F8F0F7EBFD00B909E0012018F00AFA76
:10FEB0004FF48051C14815F005F80028E2D000BF8A
:10FEC000BC480068401CBB490860BA48006840F262
:10FED0000E618842D5DB6DE0B7480068012869D122
:10FEE00040F23520F4F722FE0020B24908602BE0F2
:10FEF00014E01E206FF0950102222346CDE9002177
:10FF000002904FF4617251421420F9F710F8012069
:10FF100018F0D8F9F0F7B2FD00B90FE0A44909686C
:10FF20008729E6DCA6490968A64A1268881A0028CB
:10FF300001DB014600E04142C829DADC00BF9D48F0
:10FF40000068401C9B4908609A480068FA28CFDB8B
:10FF5000FFF713FD00209749086022E014E01E20FF
:10FF60006FF0950102222346CDE9002102904FF463
:10FF7000617251420E20F8F7DAFFF0F77FFD00B909
:10FF800009E0012018F09EF94FF480518B4814F0DD
:10FF900099FF0028E3D000BF86480068401C8549CF
:10FFA00008608448006840F20E618842D6DB1E205B
:10FFB000F3F7A9FB0020F3F7A6FB3EBD3EB50446D0
:10FFC000F4F796FD80480068FA3080490860804860
:10FFD0000068FA307B4908609FED7E1A5FED960A53
:10FFE00037201FED910AF3F7C0FC0020714908602B
:10FFF00011E006E0012018F065F9F0F73FFD00B9C7
:020000040801F1
:1000000003E06B480068AF28F4DC00BF6948006873
:10001000401C6849086067480068FA28E9DB00204E
:10002000644908601EE013E01E2096210422631D2F
:10003000CDE9002102904FF4617251422D20F9F771
:100040001AF8012018F03EF9F0F718FD00B903E0A6
:10005000574800689628E7DC00BF56480068401CF7
:100060005449086053480068FA28DCDB4FF43470C8
:10007000F4F74AFD5048006800287BD14D490860DC
:100080001FE014E01E209621022204F10A03CDE9AC
:10009000002102904FF4617251421920F8F7EBFFF2
:1000A000012018F00FF9F0F7E9FC00B903E040482F
:1000B00000688728E6DC00BF3E480068401C3D49D8
:1000C00008603C480068FA28DBDB002039490860FA
:1000D00022E014E01E209621022204F10A03CDE959
:1000E000002102904FF4617251420E20F8F7C3FFD5
:1000F000012018F0E7F8F0F7C1FC00B906E04FF472
:1001000080512E4814F0DEFE0028E3D000BF2948BD
:100110000068401C274908602648006840F20E61CC
:100120008842D6DB0020F3F7EEFA2B48006803285C
:100130005BD12A48C07F40F002002849C8771FEDF4
:10014000EA1A5FEDEF0A0F201FEDEB0AF3F70DFC43
:1001500040F6C41018F0B6F80020F3F7D4FA0521E1
:100160000420F2F77EFA0020F3F7CDFA00201149BF
:10017000086012E03AE006E0012018F0A3F8F0F77A
:100180007DFC00B903E0164800680128F4D000BFE8
:1001900008480068401C0749086006480068FA28BB
:1001A000E9DB0E48C07F00F0FD000C49C87719E07C
:1001B000980000203C040020E800002000000240DD
:1001C000BC0000208C040020780400208004002063
:1001D000840400203333333F140300200400002044
:1001E000040300200120FA4908605BE0F948006838
:1001F000012857D10020F84908601EE013E01E20B6
:10020000962102222346CDE9002102904FF461722B
:1002100051421920F8F72FFF012018F053F8F0F79A
:100220002DFC00B903E0ED4800688728E7DC00BF3B
:10023000E9480068401CE8490860E7480068FA2877
:10024000DCDBFFF79AFB0020E349086021E013E0C4
:100250001E20962102222346CDE9002102904FF470
:10026000617251420E20F8F706FF012018F02AF8BB
:10027000F0F704FC00B906E04FF48051D84814F0C0
:1002800021FE0028E4D000BFD3480068401CD249BA
:100290000860D148006840F20E618842D7DB1E201A
:1002A000F3F731FA0020F3F72EFA3EBD10B5CD4832
:1002B000C07F40F00200CB49C87706E0012018F06B
:1002C00001F8F0F7DBFB00B903E0C748006801283C
:1002D000F4D000BFC348C07F00F0FD00C149C8771B
:1002E00010BD10B5FFF71CFAC0480068FFF797FB78
:1002F00010BD10B5FFF766FAFFF7D8FFBA480068DF
:1003000018B9BB480068FFF707FD0120B64908602F
:1003100010BD10B5FFF7AAFAB6480068FFF74EFE09
:1003200010BD10B5B448006800283ED1B34800683D
:1003300000283AD1B2480068B0BBB248006898BB08
:1003400040F23520F4F7F2FBA648C07F40F0800071
:10035000A449C877B6EE001ADFEDAB0A0E209FED78
:10036000AB0AF3F702FB00209B49086013E006E0AC
:10037000012017F0A7FFF0F781FB00B905E0A448C2
:100380000068A44909688842F2DC00BF924800680E
:10039000401C91490860904800689628E7DB4FF4BC
:1003A000FA6017F08FFF5DE1FFE7934800680128CE
:1003B0003DD192480068C8BB91480068B0BB9148E5
:1003C000006898BB40F23520F4F7B0FB8548C07F49
:1003D00040F020008349C877B6EE001ADFED8A0AA4
:1003E0000E209FED8A0AF3F7C0FA00207A490860D0
:1003F00013E006E0012017F065FFF0F73FFB00B9BE
:1004000005E083480068834909688842F2DC00BF40
:1004100071480068401C704908606F480068962861
:10042000E7DB4FF4FA6017F04DFF1BE1FFE772487E
:100430000068012872D17148006801286ED17048A7
:10044000006800286AD16F480068002866D140F231
:100450003520F4F76BFB1FEDA11ADFED6B0A1220BC
:100460009FED6D0AF3F781FA00205B4908601EE0FA
:1004700006E0F0F703FB00B913E0012017F022FFBC
:10048000564909688529F4DC64490968644A126898
:10049000881A002801DB014600E04142B1F5967F51
:1004A000E7DC00BF4C480068401C4B4908604A48E4
:1004B000006840F20E618842DADB4A48C07F40F0B3
:1004C00080004849C8779FED571ADFED4F0A0C208E
:1004D0009FED550AF3F749FA00203F49086013E001
:1004E00006E0012017F0EEFEF0F7C8FA00B905E0CB
:1004F00047480068474909688842F2DC00BF36482F
:100500000068401C34490860334800689628E7DBDF
:1005100040F6C41017F0D6FEA4E0FFE736480068A6
:10052000012854D135480068012850D1344800686A
:1005300001284CD133480068002848D140F23520CA
:10054000F4F7F4FA1FEDDD1ADFED2F0A12209FED0C
:10055000320AF3F70AFA00201F4908601EE006E09D
:10056000F0F78CFA00B913E0012017F0ABFE1B493D
:1005700009688529F4DC29490968294A1268881A1A
:10058000002801DB014600E04142B1F5967FE7DC3F
:1005900000BF11480068401C0F4908600E48006801
:1005A00040F20E618842DADB0E48C07F40F0200046
:1005B0000C49C8779FED1B1ADFED130A0C209FED45
:1005C0001A0AF3F7D2F900200349086042E049E033
:1005D00004030020E80000203C04002098000020D4
:1005E00000000240040000201C030020C80100207D
:1005F000D0010020D40100205C0200206002002015
:1006000064020020680200200000614400003443BE
:10061000A0000020A80100200000FAC3BC000020B8
:100620008C040020CDCCCC3D0000000006E0012071
:1006300017F048FEF0F722FA00B905E0FE4800681E
:10064000FE4909688842F2DC00BFFD480068401C92
:10065000FB490860FA4800689628E7DB40F6C410BA
:1006600017F030FE0020F3F74EF810BD10B5F34838
:100670000068041D4FF461714842F4F77BFFF148B4
:10068000006800286FD1F04800680028FAD1EF48D0
:1006900000680028F6D1EE4800680028F2D1F4F78F
:1006A00021FAEC480068FA30EB490860EB48006832
:1006B000FA30EB4908609FEDEB1A5FED2D0A14202C
:1006C0009FEDE90AF3F751F90020DD49086019E0D0
:1006D00006E0012017F0F6FDF0F7D0F900B90BE0C5
:1006E000E2490968DE4A1268881A002801DB0146DF
:1006F00000E041426429ECDC00BFD1480068401CA6
:10070000CF490860CE480068FA28E1DB0020CC49D8
:10071000086014E006E0F0F7B1F900B909E0012043
:1007200017F0D0FD4FF48071D14814F0CBFB0128B5
:10073000F1D000BFC2480068401CC1490860C048F1
:10074000006840F20E618842E4DB9FEDC61A5FED5F
:10075000520A0A209FEDC40AF3F707F90020B849AE
:1007600008601AE007E043E0012017F0ABFDF0F766
:1007700085F900B90BE0BD490968B94A1268881AC1
:10078000002801DB014600E041420A29ECDC00BF01
:10079000AB480068401CAA490860A9480068FA28CC
:1007A000E0DB0020A64908601BE006E0F0F766F9F0
:1007B00000B910E0012017F085FD4FF48071AC48BE
:1007C00014F080FB0128F1D04FF48051A84814F0B8
:1007D00079FB0028EAD000BF99480068401C98497E
:1007E00008609748006840F20E618842DDDB0CE04B
:1007F00094480068012802D1FCF777FC05E0934893
:100800000068012801D1FFF78CFD10BD10B5FDF780
:10081000A3FA0020F2F777FF8A480068012807D181
:10082000FAF782FF4FF47A6017F04CFDF6F7A7FD58
:1008300010BD10B5FDF790FA0020F2F764FF834871
:100840000068012808D1FBF75DF84FF47A6017F0D3
:1008500039FDFFF766FD30E07A48006801282CD1A9
:10086000FAF762FF40F6B83017F02CFDFCF73DFCBC
:100870009FED801A5FED9C0A0C209FED7B0AF3F739
:1008800074F806E0012017F01DFDF0F7F7F800B945
:1008900012E04FF48051764814F014FB0028F1D098
:1008A000724800686E490968441A002C01DB204632
:1008B00000E060420A28E5DC00BF0020F2F723FFD9
:1008C00010BD10B5FDF748FA0020F2F71CFF5F4895
:1008D000006801280AD1FBF715F840F6B83017F088
:1008E000F1FCFEF70EFDF5F7DEFE0BE05548006863
:1008F000012807D1FAF718FF40F6B83017F0E2FCEC
:10090000F4F774F910BD10B54FF461714842F4F773
:1009100037FBF4F7EDF84F480068FA304E490860AD
:100920004E480068FA304E49086046480068002882
:100930004BD145480068002847D14448006800284A
:1009400043D14348006800283FD14B480068D8BBDA
:100950009FED481A5FEDD40A14209FED430AF3F788
:1009600004F800203649086027E006E0F0F786F832
:1009700000B91CE0012017F0A5FC4FF480713C4841
:1009800014F0A0FA0128F1D04FF48051384814F047
:1009900099FA0028EAD03548006831490968441AB4
:1009A000002C01DB204600E060422828DEDC00BF8E
:1009B00023480068401C224908602148006840F232
:1009C0000E618842D1DB14E0FFE71E480068012871
:1009D00002D1FCF78AFB0CE01C480068012802D118
:1009E000FFF79FFC05E018480068012801D1F6F7E1
:1009F0003DFE10BD10B54FF461714842F4F7C0FAE6
:100A000010480068002868D10F480068002864D1A9
:100A10000E480068A0BB0E48006888BB40F2091071
:100A2000F4F772F89FED131ADFED140A14209FED0E
:100A30000E0AF2F79AFF24E0A0000020A80100208F
:100A40003C040020E8000020EC000020F000002022
:100A5000F800002078040020800400208404002096
:100A60008C040020CDCC4C3F000061C4BC000020B1
:100A7000000002403333333FF400002000006144A3
:100A80002BE00020FE49086020E006E0EFF7F6FFCB
:100A900000B915E0012017F015FC4FF48071F948FA
:100AA00014F010FA0028F1D0F7480068F7490968F7
:100AB000441A002C01DB204600E060421E28E5DCE1
:100AC00000BFEF480068401CED490860EC48006832
:100AD00040F20E618842D8DB0CE0ED480068012846
:100AE00002D1FCF717FD05E0EA480068012801D1B2
:100AF000F7F70EF910BD70B5E748006800F10A0578
:100B000040F20910F4F700F8E448006800285CD1CE
:100B1000E3480068002858D1E2480068002854D112
:100B2000E1480068002850D123E00421DF4814F098
:100B3000C9F970B98021DE4814F0C4F948B91FED35
:100B4000331A5FED320A12209FEDDA0AF2F70DFF39
:100B500008E01FED381A5FED370A14201FED3E0A3A
:100B6000F2F703FF012017F0ADFBEFF787FF00B9A5
:100B700012E04FF48071C34814F0A4F90028D4D0D7
:100B8000C1480068C1490968441A002C01DB2046AD
:100B900000E060422828C8DC00BF1FED4A1A5FED64
:100BA000490A0A209FEDC40AF2F7DFFE06E00120A1
:100BB00017F088FBEFF762FF00B905E00421BB489E
:100BC00014F080F90028F2D0E4E0B448006801286D
:100BD0005CD1B3480068002858D1B24800680028AA
:100BE00054D1B1480068002850D123E00421AF4817
:100BF00014F068F970B98021AD4814F063F948B970
:100C00001FED641A5FED630A12209FEDAA0AF2F746
:100C1000ACFE08E01FED691A5FED680A14201FEDB5
:100C20006E0AF2F7A2FE012017F04CFBEFF726FF49
:100C300000B912E04FF48071924814F043F9002893
:100C4000D4D09148006891490968441A002C01DB0E
:100C5000204600E060422828C8DC00BF1FED7B1A58
:100C60005FED7A0A0A209FED940AF2F77EFE06E015
:100C7000012017F027FBEFF701FF00B905E0042181
:100C80008A4814F01FF90028F2D083E083480068F6
:100C900001283DD182480068012839D18148006887
:100CA00088BB8148006870BB1DE084480068A8428A
:100CB00009DD1FED901A5FED8F0A12209FED800A6B
:100CC000F2F753FE08E01FED951A5FED940A142029
:100CD0001FED9B0AF2F749FE012017F0F3FAEFF738
:100CE000CDFE00B913E04FF48071664814F0EAF8C5
:100CF0000028DAD06448006864490968441A002C66
:100D000002DB204601E003E060422828CDDC41E020
:100D10006248006801283DD161480068012839D146
:100D200060480068012835D15F48006890BB1DE02D
:100D300062480068A84209DD1FEDB21A5FEDB10AF2
:100D400012209FED5F0AF2F710FE08E01FEDB71AC0
:100D50005FEDB60A14201FEDBC0AF2F706FE012073
:100D600017F0B0FAEFF78AFE00B912E04FF4807185
:100D7000444814F0A7F80028DAD0434800684349F3
:100D80000968441A002C01DB204600E06042282854
:100D9000CEDC00BF1FEDC91A5FEDC80A0A201FEDA7
:100DA000CE0AF2F7E2FDF1F70BFD06E0012017F0A5
:100DB00089FAEFF763FE00B911E0EFF795FE0646FA
:100DC000EFF765FE041E01DB204600E06042002EC6
:100DD00001DB314600E071420844C828E6DB00BF71
:100DE0000020F2F790FC70BD10B52C480068002878
:100DF00070D12B48006800286CD12A480068002870
:100E000068D129480068002864D140F23520F3F702
:100E10008DFE9FED2C1A5FEDE70A0A209FED2A0A4E
:100E2000F2F7A3FD0020164908601EE006E001204D
:100E300017F048FAEFF722FE00B910E023490968DD
:100E40009129F4DB10490968104A1268881A0028B1
:100E500001DB014600E04142B1F5967FE7DC00BFCF
:100E600007480068401C0649086005480068962845
:100E7000DCDB1748C07F40F080001549C8772AE0C6
:100E80003C04002000000240BC0000208C04002034
:100E9000E8000020F0000020B00100205C020020EB
:100EA000600200206402002068020020001002405E
:100EB000000402400000C8C300000000A40000209D
:100EC0000000AFC46666663F00C0A8C49C00002056
:100ED0000400002029E01FED051ADFEDFD0A0C20BB
:100EE0009FEDFC0AF2F741FD0020FB49086013E08A
:100EF00006E0012017F0E6F9EFF7C0FD00B905E0C4
:100F0000F6480068F64909688842F2DC00BFF248FA
:100F10000068401CF0490860EF4800689628E7DB4D
:100F200040F6C41017F0CEF913E1EE48006801282E
:100F300070D1ED48006800286CD1EC4800680028AA
:100F400068D1EB480068002864D140F23520F3F7FF
:100F5000EDFD1FED241ADFEDDE0A0A201FED260A43
:100F6000F2F703FD0020DC4908601EE006E00120E6
:100F700017F0A8F9EFF782FD00B910E0DD49096824
:100F80009129F4DBDC490968DC4A1268881A0028D8
:100F900001DB014600E04142B1F5967FE7DC00BF8E
:100FA000CD480068401CCC490860CB4800689628B2
:100FB000DCDBD348C07F40F02000D149C8771FED6B
:100FC0003F1ADFEDC30A0C209FEDC20AF2F7CDFCF9
:100FD0000020C149086013E006E0012017F072F913
:100FE000EFF74CFD00B905E0BC480068BC49096852
:100FF0008842F2DC00BFB8480068401CB64908606F
:10100000B54800689628E7DB40F6C41017F05AF997
:101010009FE0FFE7B348006801284AD1B248006862
:10102000012846D1B148006880BBB148006868BB60
:1010300040F23520F3F77AFDB148C07F40F08000E0
:10104000AF49C8771FED611ADFEDA10A0C209FEDB3
:10105000AD0AF2F78AFC00209F49086020E006E014
:10106000012017F02FF9EFF709FD00B912E09B49B5
:1010700009689B4A12689142F2DC9F4909689F4ABD
:101080001268881A002802DB014601E011E04142A3
:10109000C829E5DC00BF90480068401C8E49086004
:1010A0008D4800689628DADB40F6C41017F00AF97C
:1010B0004FE08C48006801284BD18B48006801281C
:1010C00047D18A480068012843D189480068E8BBB5
:1010D00040F23520F3F72AFD8948C07F40F0200018
:1010E0008749C8771FED891ADFED790A0C209FED3B
:1010F000850AF2F73AFC0020774908601FE006E015
:10110000012017F0DFF8EFF7B9FC00B911E07349DF
:101110000968734A12689142F2DC77490968774A94
:101120001268881A002801DB014600E04142C82904
:10113000E6DC00BF68480068401C674908606648F4
:1011400000689628DBDB40F6C41000E001E017F0F1
:10115000B9F80020F2F7D7FA10BD10B54FF461715D
:101160004842F4F707FA68480068002841D1674808
:10117000006800283DD166480068C8BB6548006823
:10118000B0BB40F20910F3F7BFFC9FED631ADFED2F
:10119000500A14209FED610AF2F7E7FB00204E4948
:1011A000086020E006E0012017F08CF8EFF766FCFD
:1011B00000B912E04FF48071594813F083FE002803
:1011C000F1D04D4800684D490968441A002C01DBF4
:1011D000204600E060422828E5DC00BF3E48006869
:1011E000401C3D4908603C480068FA28DADB0DE005
:1011F000FFE745480068012802D1FFF77CFC05E0C5
:1012000042480068012801D1FFF7EEFD10BD10B57E
:10121000FCF772FB0020F2F776FA3D4800680128DF
:101220000AD1FAF76FFB40F6B83017F04BF8FEF72B
:1012300068F8F4F73FFF0BE033480068012807D156
:10124000FAF772FA4FF47A6017F03CF8F4F796FB6D
:101250000020F2F758FA10BD10B5FCF74DFB002046
:10126000F2F751FA2848006801282DD1FAF75CFA04
:101270004FF47A6017F026F840F20910F3F744FCB7
:1012800000201549086019E006E0012017F01AF85F
:10129000EFF7F4FB00B90BE017490968174A126829
:1012A000881A002801DB014600E041420A29ECDCF3
:1012B00000BF09480068401C0749086006480068EC
:1012C0003228E1DBFFF717FC0020F2F71CFA10BD13
:1012D000000061440000E1C43C040020A4000020A0
:1012E000B00100205C0200206002002064020020A7
:1012F000680200209C000020BC0000208C0400201C
:10130000040000200040CE44E8000020EC00002053
:10131000F0000020F4000020CDCC4C3F000061C460
:101320000000024010B54FF461714842F4F722F911
:10133000FC480068002843D1FB48006800283FD1E2
:10134000FA480068D8BBFA480068C0BB40F20910F0
:10135000F3F7DAFB1FED101A5FED230A14201FEDDF
:10136000110AF2F702FB0020F249086020E006E0D3
:10137000EFF784FB00B915E0012016F0A3FF4FF44E
:101380008071ED4813F09EFD0028F1D0EB48006815
:10139000EB490968441A002C01DB204600E060425A
:1013A0001E28E5DC00BFE3480068401CE1490860F6
:1013B000E048006840F20E618842D8DB06E0FFE7B3
:1013C000D9480068012801D1FFF70EFD10BD3EB5D8
:1013D000DC480068B8B9DC480068A0B9DB480068A0
:1013E00088B9DB48006870B94FF4E1600021421011
:1013F00041F27C53CDE90021029040F2523241107B
:10140000F4F713FA72E0CF480068012817D1CE48EC
:101410000068A0B9CD48006888B9CD48006870B9A7
:101420004FF4E1600021421041F27C53CDE90021EC
:10143000029040F2AA524110F4F7F7F956E0C14881
:101440000068012818D1C0480068012814D1BF489D
:10145000006888B9BE48006870B94FF4E1600021A7
:10146000421041F27C53CDE90021029040F2AA5291
:101470004110F4F7DAF939E0B2480068012818D1D0
:10148000B1480068012814D1B0480068012810D183
:10149000AF48006868B94FF4E1600021421041F2A2
:1014A0007C53CDE90021029082104110F4F7BDF980
:1014B0001CE0A4480068012818D1A348006801284E
:1014C00014D1A2480068012810D1A1480068012861
:1014D0000CD14FF4E1600021421041F27C53CDE980
:1014E0000021029082104110F4F79FF90020F2F7DA
:1014F0000AF94FF4F070F3F707FB00208D490860FC
:1015000019E006E0012016F0DDFEEFF7B7FA00B9AA
:101510000BE08A4909688A4A1268881A002801DBA8
:10152000014600E041421429ECDC00BF814800681C
:10153000401C804908607F480068FA28E1DB794850
:101540000068002864D178480068002860D1774896
:10155000006800285CD19FED7F1A5FEDA30A0F2081
:101560001FED920AF2F701FA00207249086020E0AC
:1015700006E0012016F0A6FEEFF780FA00B912E0AF
:101580004FF480716C4813F09DFC0128F1D06B483A
:1015900000686B490968441A002C01DB204600E012
:1015A00060421428E5DC00BF62480068401C6149C5
:1015B00008606048006840F20E618842D8DB9FED09
:1015C000651A5FEDBD0A08201FEDAC0AF2F7CDF9F0
:1015D00000205849086014E006E0012016F072FE71
:1015E000EFF74CFA00B906E04FF48051524813F07F
:1015F00069FC0028F1D000BF4E480068401C4D49EE
:1016000008604C48006840F20E618842E4DB13E059
:1016100044480068012802D1F4F7B0F90CE04348CF
:101620000068012802D1F4F745FD05E03E48006856
:10163000012801D1F4F740FB0020F2F764F83EBD29
:101640003EB540480068B8B93F480068A0B93F4877
:10165000006888B93E48006870B94FF4E160002125
:10166000421041F27C53CDE90021029040F2523207
:101670004110F3F7A8FE8DE032480068012817D129
:1016800031480068A0B93148006888B9304800681E
:1016900070B94FF4E1600021421041F27C53CDE972
:1016A0000021029040F2AA524110F3F78CFE71E043
:1016B00024480068012818D123480068012814D163
:1016C0002248006888B92248006870B94FF4E16088
:1016D0000021421041F27C53CDE90021029040F2FA
:1016E000AA524110F3F76FFE54E016480068012833
:1016F00033D11548006801282FD11448006801280B
:101700002BD11348006838BB4FF4E1600021421030
:1017100041F27C53CDE90021029082104110F3F791
:1017200052FE37E0E8000020EC000020F00000202E
:10173000F40000203C04002000000240BC00002017
:101740008C0400205C020020600200206402002063
:10175000680200203333333FFFE7F8480068012870
:1017600018D1F7480068012814D1F648006801280C
:1017700010D1F548006801280CD14FF4E160002138
:10178000421041F27C53CDE90021029082104110B9
:10179000F3F719FE0020F1F7B6FFF3F7A9F9EB48CC
:1017A0000068FA30EA490860EA480068FA30EA4915
:1017B00008600020E949086019E006E0012016F001
:1017C00081FDEFF75BF900B90BE0E5490968E24AF2
:1017D0001268881A002801DB014600E041426429B2
:1017E000ECDC00BFDD480068401CDC490860DB48D9
:1017F0000068FA28E1DBDB480068002864D1DA4899
:101800000068002860D1D948006800285CD11FED2D
:101810002F1ADFEDD70A0F209FEDD60AF2F7A5F8B1
:101820000020CE49086020E006E0012016F04AFDC5
:10183000EFF724F900B912E04FF48071CE4813F0AD
:1018400041FB0128F1D0C6480068C3490968441A21
:10185000002C01DB204600E060421428E5DC00BFDC
:10186000BE480068401CBD490860BC48006840F2A2
:101870000E618842D8DB1FED491ADFEDBD0A082052
:101880009FEDBC0AF2F771F80020B449086014E03B
:1018900006E0012016F016FDEFF7F0F800B906E0BB
:1018A0004FF48051B44813F00DFB0028F1D000BF75
:1018B000AA480068401CA9490860A848006840F28E
:1018C0000E618842E4DB0CE0A6480068012802D1E2
:1018D000F5F755FD05E0A4480068012801D1F5F7AA
:1018E000C5FE0020F1F70FFF3EBDFEB50024002528
:1018F00000260027A148006801280DD101039E4859
:1019000013F0E0FA012807D142F22834254640F2CC
:10191000AA564FF4E17715E09848006801280AD1EB
:101920000103954813F0CEFA28B94FF47A6425469E
:10193000934E944F06E041F29414254640F2AA5685
:101940004FF4E17700208D4908607C480068B0B909
:101950007B48006898B97B48006880B97A4800687D
:1019600068B94FF4E160002142100A23CDE900215B
:10197000029040F252324110F3F725FD6CE06F48BF
:101980000068012815D16E48006890B96D4800685C
:1019900078B96D48006860B94FF4E16000214210E9
:1019A0002346CDE90021029032464110F3F70BFDAA
:1019B00052E062480068012816D161480068012899
:1019C00012D16048006878B95F48006860B94FF488
:1019D000E160002142102346CDE900210290324609
:1019E0004110F3F7F0FC37E054480068012817D1A4
:1019F00053480068012813D15248006801280FD1CC
:101A00005148006860B94FF4E160002142102B4654
:101A1000CDE9002102903A464110F3F7D4FC1BE0D7
:101A200046480068012817D145480068012813D1AD
:101A30004448006801280FD14348006801280BD1B1
:101A40004FF4E160002142102B46CDE900210290C5
:101A50003A464110F3F7B7FC0020F1F754FEF3F7D4
:101A600047F83A480068FA30394908603948006850
:101A7000FA303949086000203849086019E006E06A
:101A8000012016F01FFCEEF7F9FF00B90BE0344916
:101A90000968314A1268881A002801DB014600E013
:101AA00041426429ECDC00BF2C480068401C2B49F3
:101AB00008602A480068FA28E1DB2A480068002804
:101AC0003BD129480068002837D128480068A0BBCE
:101AD0009FED2D1ADFED260A0F209FED260AF1F764
:101AE00044FF00201D49086014E006E0EEF7C6FF41
:101AF00000B909E0012016F0E5FB4FF480711E48A3
:101B000013F0E0F90128F1D000BF14480068401C30
:101B1000124908601148006840F20E618842E4DB17
:101B20009FED191ADFED120A08209FED120AF1F756
:101B30001CFF00200949086044E04DE05C020020E1
:101B40006002002064020020680200207804002067
:101B500080040020840400208C0400203C04002029
:101B6000BC000020E8000020EC000020F000002075
:101B700000006144000061C400000240F800002041
:101B800056FAFFFF3EFEFFFFCDCC4C3F06E0EEF7DE
:101B900075FF00B910E0012016F094FB4FF480713E
:101BA000FC4813F08FF90128F1D04FF48051F94827
:101BB00013F088F90028EAD000BFF7480068401CFD
:101BC000F5490860F448006840F20E618842DDDBA8
:101BD0000020F1F798FD13E0F0480068012802D1D9
:101BE000FBF783FA0CE0EE480068012802D1FEF70B
:101BF00098FB05E0EB480068012801D1F5F736FDB8
:101C00000020F1F780FDFEBDFEB500240025002672
:101C10000027E548006801280DD10103DD4813F0D5
:101C200051F9012807D142F22834254640F2AA563C
:101C30004FF4E17715E0DC48006801280AD1010380
:101C4000D44813F03FF928B94FF47A642546D74EAB
:101C5000D74F06E041F29414254640F2AA564FF4BD
:101C6000E1770020D0490860D2480068B0B9D24876
:101C7000006898B9D148006880B9D148006868B94F
:101C80004FF4E160002142100A23CDE900210290C7
:101C900040F252324110F3F796FB6CE0C548006801
:101CA000012815D1C448006890B9C448006878B9C3
:101CB000C348006860B94FF4E16000214210234638
:101CC000CDE90021029032464110F3F77CFB52E04F
:101CD000B8480068012816D1B7480068012812D119
:101CE000B648006878B9B648006860B94FF4E1605A
:101CF000002142102346CDE90021029032464110D6
:101D0000F3F761FB37E0AB480068012817D1AA4818
:101D10000068012813D1A948006801280FD1A848FC
:101D2000006860B94FF4E160002142102B46CDE914
:101D3000002102903A464110F3F745FB1BE09D4815
:101D40000068012817D19C480068012813D19B48DE
:101D5000006801280FD19A48006801280BD14FF480
:101D6000E160002142102B46CDE9002102903A4665
:101D70004110F3F728FB0020F1F7C5FC40F20910F1
:101D8000F2F7C2FE00208449086019E006E0012055
:101D900016F098FAEEF772FE00B90BE0894909686F
:101DA000894A1268881A002801DB014600E0414296
:101DB0001429ECDC00BF78480068401C76490860B4
:101DC00075480068FA28E1DB7448006800285AD199
:101DD00074480068B8BB72480068A0BB9FED7B1ACE
:101DE0005FED9D0A0F201FED9D0AF1F7BEFD00205B
:101DF0006949086014E006E0EEF740FE00B909E02A
:101E0000012016F05FFA4FF48071624813F05AF81F
:101E10000028F1D000BF60480068401C5E4908609F
:101E20005D48006840F20E618842E4DB9FED671A6E
:101E30005FEDB10A08201FEDB10AF1F796FD002011
:101E40005549086015E01EE006E0EEF717FE00B900
:101E500009E0012016F036FA4FF480714D4813F076
:101E600031F80028F1D000BF4B480068401C4A49B7
:101E700008604948006840F20E618842E4DB0020B7
:101E8000F1F741FC13E045480068012802D1F2F760
:101E9000ADFE0CE043480068012802D1F4F7E7FDED
:101EA00005E03F480068012801D1F4F7FCFB002061
:101EB000F1F729FCFEBDFEB5002400250026002711
:101EC00039480068012812D10102324812F0FAFFA5
:101ED00001280CD13B480068B0F5967F07DC42F240
:101EE0002834254640F2AA564FF4E1771AE02E48EE
:101EF000006801280FD10102264812F0E3FF50B913
:101F000030480068B0F5967F05DC4FF47A642546CA
:101F1000264E274F06E041F29414254640F2AA5679
:101F20004FF4E17700202049086022480068B0B9EA
:101F30002148006898B92148006880B920480068A5
:101F400068B94FF4E160002142100A23CDE9002175
:101F5000029040F252324110F3F735FA8BE0154807
:101F60000068012834D11448006890B9134800680B
:101F700078B91348006860B94FF4E160002142105D
:101F80002346CDE90021029032464110F3F71BFAB7
:101F900071E01DE0000002403C040020E800002049
:101FA000F0000020EC000020F800002056FAFFFFAF
:101FB0003EFEFFFF5C020020600200206402002061
:101FC00068020020BC0000208C0400203333333F23
:101FD000F7480068012816D1F6480068012812D198
:101FE000F548006878B9F548006860B94FF4E160D9
:101FF000002142102346CDE90021029032464110D3
:10200000F3F7E1F937E0EA480068012817D1E94819
:102010000068012813D1E848006801280FD1E7487B
:10202000006860B94FF4E160002142102B46CDE911
:10203000002102903A464110F3F7C5F91BE0DC4855
:102040000068012817D1DB480068012813D1DA485D
:10205000006801280FD1D948006801280BD14FF43E
:10206000E160002142102B46CDE9002102903A4662
:102070004110F3F7A8F90020F1F745FB40F20910F1
:10208000F2F742FD0020CE49086019E006E0012089
:1020900016F018F9EEF7F2FC00B90BE0C94909682F
:1020A000C94A1268881A002801DB014600E0414253
:1020B0001429ECDC00BFC2480068401CC04908601D
:1020C000BF480068FA28E1DBC0480068D0BBC048C0
:1020D0000068B8BBBF480068A0BB1FED441ADFED25
:1020E000BE0A0F209FEDBD0AF1F73FFC0020B44966
:1020F000086014E006E0EEF7C1FC00B909E0012039
:1021000016F0E0F84FF48071B54812F0DBFE0028BD
:10211000F1D000BFAA480068401CA9490860A8483F
:10212000006840F20E618842E4DB1FED581ADFEDD3
:10213000AA0A08209FEDA90AF1F717FC0020A04980
:10214000086015E01EE006E0EEF798FC00B909E033
:10215000012016F0B7F84FF48071A14812F0B2FEDA
:102160000028F1D000BF96480068401C94490860E0
:102170009348006840F20E618842E4DB0020F1F7EA
:10218000C2FA13E091480068012802D1F2F72EFD4F
:102190000CE08F480068012802D1F4F768FC05E0E4
:1021A0008C480068012801D1F4F77DFA0020F1F78E
:1021B000AAFAFEBDFEB500240025002600278948A6
:1021C000006801280DD10102854812F07BFE01282C
:1021D00007D142F22834254640F2AA564FF4E1775F
:1021E00015E08048006801280AD101027C4812F0FD
:1021F00069FE28B94FF47A6425467B4E7B4F06E092
:1022000041F29414254640F2AA564FF4E17700209B
:102210007449086066480068B0B96648006898B9B3
:102220006548006880B96548006868B94FF4E160A6
:10223000002142100A23CDE90021029040F25232DF
:102240004110F3F7F2FA6CE059480068012815D103
:102250005848006890B95848006878B957480068ED
:1022600060B94FF4E160002142102346CDE900211E
:10227000029032464110F3F7D8FA52E04C48006819
:10228000012816D14B480068012812D14A4800683D
:1022900078B94A48006860B94FF4E1600021421003
:1022A0002346CDE90021029032464110F3F7BDFAF2
:1022B00037E03F480068012817D13E4800680128F0
:1022C00013D13D48006801280FD13C48006860B92F
:1022D0004FF4E160002142102B46CDE9002102902D
:1022E0003A464110F3F7A1FA1BE031480068012893
:1022F00017D130480068012813D12F480068012801
:102300000FD12E48006801280BD14FF4E160002165
:1023100042102B46CDE9002102903A464110F3F7D6
:1023200084FA0020F1F7EFF940F20910F2F7ECFB24
:1023300000202349086019E006E0012015F0C2FFE3
:10234000EEF79CFB00B90BE01E4909681E4A1268B3
:10235000881A002801DB014600E041421429ECDC28
:1023600000BF17480068401C154908601448006801
:10237000FA28E1DB15480068E0BB15480068C8BBD7
:1023800014480068B0BB9FED1A1ADFED130A0F2046
:102390009FED120AF1F7E9FA00200949086037E0D9
:1023A00029E0012015F08EFFEEF768FB18BB29E04D
:1023B0005C0200206002002064020020680200200D
:1023C0003C040020BC0000208C040020E800002019
:1023D000EC000020F000002000006144000061C417
:1023E00000000240F800002056FAFFFF3EFEFFFF0B
:1023F000CDCC4C3F3AE04FF48071FE4812F062FDC4
:102400000028CED000BFFC480068401CFA49086094
:10241000F9480068FA28C3DB9FEDF81A5FED120A4D
:1024200008201FED120AF1F7A0FA0020F249086017
:1024300014E006E0012015F045FFEEF71FFB00B9A0
:1024400006E04FF48071EB4812F03CFD0028F1D01B
:1024500000BFE9480068401CE7490860E64800689A
:10246000FA28E6DB0020F1F74EF90CE0E4480068BA
:10247000012802D1FEF73FFB05E0E2480068012891
:1024800001D1FEF7B1FC0020F1F73DF9FEBDFEB52C
:102490000024002500260027DB480068012812D10F
:1024A0000102D44812F00EFD01280CD1D748006873
:1024B000B0F5967F07DC42F22834254640F2AA5652
:1024C0004FF4E1771BE0D0480068012810D10102E9
:1024D000C84812F0F7FC01280AD1CC480068B0F5D2
:1024E000967F05DB40F6AC542546C94EC94F06E041
:1024F00041F29414254640F2AA564FF4E1770020A9
:10250000C1490860C4480068B0B9C448006898B9B7
:10251000C348006880B9C348006868B94FF4E160F7
:10252000002142100A23CDE90021029040F25232EC
:102530004110F2F748FF6CE0B7480068012815D158
:10254000B648006890B9B648006878B9B5480068E0
:1025500060B94FF4E160002142102346CDE900212B
:10256000029032464110F2F72EFF52E0AA4800686E
:10257000012816D1A9480068012812D1A84800688E
:1025800078B9A848006860B94FF4E16000214210B2
:102590002346CDE90021029032464110F2F713FFA5
:1025A00037E09D480068012817D19C480068012841
:1025B00013D19B48006801280FD19A48006860B980
:1025C0004FF4E160002142102B46CDE9002102903A
:1025D0003A464110F2F7F7FE1BE08F4800680128E9
:1025E00017D18E480068012813D18D480068012852
:1025F0000FD18C48006801280BD14FF4E160002115
:1026000042102B46CDE9002102903A464110F2F7E4
:10261000DAFE0020F1F777F840F20910F2F774FAC9
:1026200000207549086019E006E0012015F04AFE17
:10263000EEF724FA00B90BE0744909687A4A126887
:10264000881A002801DB014600E041421429ECDC35
:1026500000BF69480068401C674908606648006818
:10266000FA28E1DB6648006888BB6648006870BBF2
:102670006E48006858BB1FEDA21A5FEDA90A0C2036
:102680001FEDAA0AF1F771F900205B49086014E018
:1026900006E0EEF7F3F900B909E0012015F012FEAB
:1026A0004FF48071534812F00DFC0028F1D000BFA8
:1026B00051480068401C504908604F48006840F28B
:1026C0000E618842E4DB0020F1F71DF80DE0FFE722
:1026D0004C480068012802D1F4F7C9F905E05348D5
:1026E0000068012801D1F3F7DEFF0020F1F70BF8B5
:1026F000FEBDFEB5002400250026002742480068E4
:10270000012812D101023B4812F0DCFB01280CD158
:102710003E480068B0F5967F07DC42F22834254633
:1027200040F2AA564FF4E1771BE0374800680128D1
:1027300010D101022F4812F0C5FB01280AD13348FD
:102740000068B0F5967F05DB40F6AC542546304E68
:10275000304F06E041F29414254640F2AA564FF459
:10276000E1770020284908602B480068B0B92B4861
:10277000006898B92A48006880B92A48006868B992
:102780004FF4E160002142100A23CDE900210290BC
:1027900040F252324110F3F748F88BE01E480068CF
:1027A000012815D11D48006890B91D48006878B906
:1027B0001C48006860B94FF4E160002142102346D4
:1027C000CDE90021029032464110F3F72EF871E076
:1027D00011480068012835D110480068012831D11E
:1027E0000F48006870BB0F48006858BB4FF4E160A9
:1027F00000211DE0000002403C0400203333333F41
:10280000E8000020EC000020F8000020BC000020C0
:1028100056FAFFFF3EFEFFFF5C0200206002002030
:1028200064020020680200208C040020F0000020D8
:1028300042102346CDE90021029032464110F2F7C2
:10284000F4FF37E0FE480068012817D1FD48006812
:10285000012813D1FC48006801280FD1FB4800680B
:1028600060B94FF4E160002142102B46CDE9002110
:1028700002903A464110F2F7D8FF1BE0F04800689A
:10288000012817D1EF480068012813D1EE480068ED
:1028900001280FD1ED48006801280BD14FF4E16009
:1028A000002142102B46CDE9002102903A4641100A
:1028B000F2F7BBFF0020F0F726FF40F20910F2F715
:1028C00023F90020E249086019E006E0012015F034
:1028D000F9FCEEF7D3F800B90BE0DE490968DE4AEF
:1028E0001268881A002801DB014600E041421429E1
:1028F000ECDC00BFD6480068401CD5490860D448CD
:102900000068FA28E1DBD548006888BBD448006835
:1029100070BBD448006858BB9FEDD31ADFEDD30AD3
:102920000C209FEDD30AF1F720F80020C849086079
:1029300014E006E0EEF7A2F800B909E0012015F076
:10294000C1FC4FF48071CB4812F0BCFA0028F1D0E2
:1029500000BFBF480068401CBD490860BC48006813
:1029600040F20E618842E4DB0020F0F7CCFE06E086
:10297000FFE7BB480068012801D1FEF735FA0020C7
:10298000F0F7C1FEFEBD3EB5AD480068C0B9AD4828
:102990000068A8B9AC48006890B9AC48006878B93C
:1029A0000020B5494FF4617241F29413CDE9002142
:1029B000029040F252324FF46171F2F736FF74E048
:1029C0009F480068012818D19E480068A8B99E4811
:1029D000006890B99D48006878B90020A6494FF476
:1029E000617241F29413CDE90021029040F2AA52A3
:1029F0004FF46171F2F719FF57E091480068012820
:102A000019D190480068012815D18F48006890B905
:102A10008E48006878B9002097494FF4617241F2FE
:102A20009413CDE90021029040F2AA524FF4617153
:102A3000F2F7FBFE39E082480068012818D181488E
:102A40000068012814D180480068012810D17F480F
:102A5000006868B9002088494FF4617241F294130C
:102A6000CDE90021029052105100F2F7DEFE1CE089
:102A700073480068012818D172480068012814D1F1
:102A800071480068012810D17048006801280CD1F5
:102A9000002079494FF4617241F29413CDE900218D
:102AA000029052105100F2F7C0FE0020F0F72BFE0A
:102AB000F2F718F871480068FA30714908607148F7
:102AC0000068FA306449086000206149086019E034
:102AD00006E0012015F0F6FBEDF7D0FF00B90BE0A2
:102AE0005C4909685C4A1268881A002801DB0146C3
:102AF00000E041429629ECDC00BF55480068401CCC
:102B00005349086052480068FA28E1DB53480068DE
:102B100088BB5348006870BB5248006858BB1FED23
:102B2000C91ADFED520A0F209FED510AF0F71DFF81
:102B300000204749086028E006E0012015F0C2FBAC
:102B4000EDF79CFF00B91AE04FF48071494812F08C
:102B5000B9F90128F1D04FF48051464812F0B2F98A
:102B60000028EAD03B4800683B490968441A002C19
:102B700002DB204601E00FE060421428DDDC00BFEC
:102B800033480068401C324908603148006840F210
:102B90000E618842D0DB13E030480068012802D182
:102BA000F2F7ECFE0CE02F480068012802D1F3F7A1
:102BB00081FA05E02A480068012801D1F3F77CF882
:102BC0000020F0F7A0FD3EBDFEB500240025002644
:102BD00000272D48006801280DD10103254812F077
:102BE00071F9012807D142F22834254640F2AA564D
:102BF0004FF4E17715E02448006801280AD1010369
:102C00001C4812F05FF928B94FF47A6425461F4E2C
:102C10001F4F06E041F29414254640F2AA564FF4A5
:102C2000E1770020184908600548006890BB054816
:102C3000006878BB0448006860BB044800682AE06C
:102C40005C02002060020020640200206802002074
:102C50003C040020BC0000208C040020E800002080
:102C6000EC000020F0000020CDCC4C3F000061447F
:102C7000000061C400000240F8F8FFFF7804002063
:102C80008004002084040020F400002056FAFFFF96
:102C90003EFEFFFF0FE070B90020F8494FF461726B
:102CA0000A23CDE90021029040F252324FF46171C3
:102CB000F2F7BBFD70E0F2480068012816D1F14838
:102CC000006898B9F048006880B9F048006868B9B1
:102CD0000020EA494FF461722346CDE900210290B9
:102CE00032464FF46171F2F7A0FD55E0E448006808
:102CF000012817D1E3480068012813D1E248006891
:102D000080B9E248006868B90020DC494FF461727C
:102D10002346CDE90021029032464FF46171F2F76B
:102D200084FD39E0D6480068012818D1D5480068EC
:102D3000012814D1D4480068012810D1D348006874
:102D400068B90020CD494FF461722B46CDE90021CE
:102D500002903A464FF46171F2F767FD1CE0C848F3
:102D60000068012818D1C7480068012814D1C64856
:102D70000068012810D1C548006801280CD1002046
:102D8000BE494FF461722B46CDE9002102903A46CC
:102D90004FF46171F2F749FD0020F0F7B4FCF1F750
:102DA000A1FEBB480068FA30BA490860BA4800681A
:102DB000FA30BA4908600020B949086019E006E015
:102DC000012015F07FFAEDF759FE00B90BE0B54987
:102DD0000968B24A1268881A002801DB014600E03F
:102DE00041426429ECDC00BFAD480068401CAC499E
:102DF0000860AB480068FA28E1DBAB4800680028AF
:102E00007DD1AA480068002879D1A9480068002827
:102E10007ED11FED6B1A5FED6B0A0F201FED6C0A60
:102E2000F0F7A3FD00209E49086014E006E0EDF7EE
:102E300025FE00B909E0012015F044FA4FF4807135
:102E40009C4812F03FF80128F1D000BF9448006878
:102E5000401C934908609248006840F20E61884225
:102E6000E4DB1FED7F1A5FED7F0A08201FED800A6B
:102E7000F0F77BFD00208A49086019E006E0012098
:102E800015F020FAEDF7FAFD00B90BE08549096865
:102E9000824A1268881A002801DB014600E041429C
:102EA0000A29ECDC00BF7E480068401C7C490860B1
:102EB0007B480068FA28E1DB0020794908601BE0C4
:102EC00006E0EDF7DBFD00B910E0012015F0FAF99E
:102ED0004FF48071774811F0F5FF0128F1D04FF4DD
:102EE0008051744811F0EEFF0028EAD000BF6C4812
:102EF0000068401C6A4908606948006800E007E013
:102F000040F20E618842DBDB0020F0F7FCFB0CE0B6
:102F100065480068012802D1FAF7E7F805E064483F
:102F20000068012801D1FDF7FCF90020F0F7EBFB68
:102F3000FEBD0EB552480068C0B952480068A8B935
:102F40005148006890B95148006878B900204B4951
:102F50004FF4617241F29413CDE90021029040F2E6
:102F600052324FF46171F2F72EFA74E0444800686F
:102F7000012818D143480068A8B94348006890B9AF
:102F80004248006878B900203C494FF4617241F230
:102F90009413CDE90021029040F2AA524FF46171DE
:102FA000F2F711FA57E036480068012819D1354880
:102FB0000068012815D13448006890B9334800688A
:102FC00078B900202D494FF4617241F29413CDE994
:102FD0000021029040F2AA524FF46171F2F7F3F926
:102FE00039E027480068012818D1264800680128E0
:102FF00014D125480068012810D12448006868B918
:1030000000201E494FF4617241F29413CDE9002172
:10301000029052105100F2F7D6F91CE018480068EF
:10302000012818D117480068012814D116480068F3
:10303000012810D11548006801280CD100200F4943
:103040004FF4617241F29413CDE9002102905210C5
:103050005100F2F7B8F90020F0F755FB40F20910E3
:10306000F1F752FD00200E49086037E024E001200E
:1030700015F028F9EDF702FDF0B929E0F8F8FFFFA7
:103080005C02002060020020640200206802002030
:103090007804002080040020840400208C04002098
:1030A0003C040020BC000020E8000020EC000020D0
:1030B000F000002000000240F8490968F84A126850
:1030C000881A002801DB014600E041421429CEDCC9
:1030D00000BFF4480068401CF2490860F1480068ED
:1030E000FA28C3DBF0480068002856D1EF48006892
:1030F000A8BBEF48006890BB9FEDEE1ADFEDEE0A2B
:103100000E209FEDEE0AF0F730FC0020E549086044
:1031100014E006E0012015F0D5F8EDF7AFFC00B99A
:1031200006E04FF48071E64811F0CCFE0028F1D0A3
:1031300000BFDC480068401CDA490860D9480068D4
:10314000FA28E6DB9FEDDB1ADFEDDB0A08209FEDB6
:10315000DB0AF0F70AFC0020D249086015E01CE009
:1031600006E0012015F0AEF8EDF788FC00B906E0A6
:103170004FF48071D24811F0A5FE0028F1D000BFB5
:10318000C8480068401CC7490860C6480068FA285B
:10319000E6DB0020F0F7B7FA0CE0C348006801282E
:1031A00002D1F1F723FD05E0C1480068012801D1F3
:1031B000F3F779FA0020F0F7A6FA0EBDFEB5002469
:1031C000002500260027BF48006801280DD1010214
:1031D000BB4811F077FE012807D142F2283425467A
:1031E00040F2AA564FF4E17715E0B648006801288E
:1031F0000AD10102B24811F065FE28B94FF47A6491
:103200002546B14EB14F06E041F29414254640F2F6
:10321000AA564FF4E1770020AA490860AC4800683C
:10322000B8B9AC480068A0B9AB48006888B9AB48E9
:10323000006870B90020AA494FF461720A23CDE9F1
:103240000021029040F252324FF46171F2F7EDFA30
:1032500070E09F480068012816D19E48006898B920
:103260009D48006880B99D48006868B900209C4965
:103270004FF461722346CDE90021029032464FF4AB
:103280006171F2F7D2FA55E091480068012817D130
:1032900090480068012813D18F48006880B98F4892
:1032A000006868B900208E494FF461722346CDE969
:1032B0000021029032464FF46171F2F7B6FA39E01C
:1032C00083480068012818D182480068012814D179
:1032D00081480068012810D18048006868B9002042
:1032E0007F494FF461722B46CDE9002102903A46A6
:1032F0004FF46171F2F799FA1CE0754800680128F3
:1033000018D174480068012814D173480068012856
:1033100010D17248006801280CD1002070494FF488
:1033200061722B46CDE9002102903A464FF461715B
:10333000F2F77BFA0020F0F7E6F9F1F7D3FB6948E2
:103340000068FA306849086068480068FA305449F3
:10335000086000205349086019E006E0012014F0DD
:10336000B1FFEDF78BFB00B90BE04C4909684C4A03
:103370001268881A002801DB014600E041426429F6
:10338000ECDC00BF47480068401C464908604548DF
:103390000068FA28E1DB44480068A8BB434800689D
:1033A00090BB4348006878BB9FED511ADFED420A9D
:1033B0000C209FED420AF0F7D8FA00203949086046
:1033C0001BE006E0EDF75AFB00B910E0012014F015
:1033D00079FF4FF480713A4811F074FD0128F1D063
:1033E0004FF48051364811F06DFD0028EAD000BF3F
:1033F0002C480068401C2B4908602A48006840F2AD
:103400000E618842DDDB14E0FFE7274800680128F1
:1034100002D1F9F76AFE0CE025480068012802D1C4
:10342000FCF77FFF05E021480068012801D1F4F78F
:103430001DF90020F0F767F9FEBDFEB50024002558
:10344000002600271F480068012812D101021C48ED
:1034500011F038FD01280CD110480068B0F5967FB6
:1034600007DC42F22834254640F2AA564FF4E177B1
:1034700047E01448006801283CD10102104811F0CF
:1034800021FD50B905480068B0F5967F32DC4FF455
:103490007A6425460C4E0D4F33E02BE0BC00002033
:1034A0008C0400203C040020E8000020EC000020F8
:1034B000F00000206666663F00006144000061C4C1
:1034C00000000240F400002056FAFFFF3EFEFFFF1E
:1034D0005C020020600200206402002068020020DC
:1034E000F8F8FFFF78040020800400208404002006
:1034F0003333333F41F29414254640F2AA564FF439
:10350000E1770020FE490860FE480068B8B9FE482F
:103510000068A0B9FD48006888B9FD48006870B926
:103520000020FC494FF461720A23CDE9002102908A
:1035300040F252324FF46171F2F777F970E0F148DE
:103540000068012816D1F048006898B9EF48006873
:1035500080B9EF48006868B90020EE494FF4617205
:103560002346CDE90021029032464FF46171F2F713
:103570005CF955E0E3480068012817D1E24800688B
:10358000012813D1E148006880B9E148006868B9B2
:103590000020E0494FF461722346CDE900210290FA
:1035A00032464FF46171F2F740F939E0D5480068CE
:1035B000012818D1D4480068012814D1D3480068E4
:1035C000012810D1D248006868B90020D1494FF4D1
:1035D00061722B46CDE9002102903A464FF46171A9
:1035E000F2F723F91CE0C7480068012818D1C64843
:1035F0000068012814D1C5480068012810D1C448CA
:10360000006801280CD10020C2494FF461722B469A
:10361000CDE9002102903A464FF46171F2F705F9C5
:103620000020F0F770F8F1F75DFABB480068FA3057
:10363000BA490860BA480068FA30BA490860002000
:10364000B949086019E006E0012014F03BFEEDF7EF
:1036500015FA00B90BE0B5490968B24A1268881A30
:10366000002801DB014600E041426429ECDC00BF98
:10367000AD480068401CAC490860AB480068FA28B7
:10368000E1DBAB480068D0BBAA480068B8BBAA48D9
:103690000068A0BB1FED6A1A5FED790A0F201FEDCD
:1036A000790AF0F762F900209F49086014E006E00B
:1036B000EDF7E4F900B909E0012014F003FE4FF43E
:1036C00080719E4811F0FEFB0028F1D000BF9648A3
:1036D0000068401C944908609348006840F20E61FD
:1036E0008842E4DB1FED7E1A5FED8D0A08201FED96
:1036F0008D0AF0F73AF900208B49086015E01EE0CA
:1037000006E0EDF7BBF900B909E0012014F0DAFD9D
:103710004FF48071894811F0D5FB0028F1D000BF2B
:1037200081480068401C804908607F48006840F27A
:103730000E618842E4DB0020EFF7E5FF0CE07C48F7
:103740000068012802D1F9F7E5FE05E07A48006833
:10375000012801D1F4F7DCFA0020EFF7D4FFFEBD19
:10376000FEB50024002500260027654800680128D2
:1037700012D10102714811F0A5FB01280CD16B4850
:103780000068B0F5967F07DC42F22834254640F207
:10379000AA564FF4E1771BE059480068012810D180
:1037A0000102664811F08EFB01280AD15F480068CB
:1037B000B0F5967F05DB40F6AC542546604E614F70
:1037C00006E041F29414254640F2AA564FF4E17700
:1037D00000204B4908604B480068B8B94A48006867
:1037E000A0B94A48006888B94948006870B9002003
:1037F00048494FF461720A23CDE90021029040F25A
:1038000052324FF46171F1F7DEFD70E03D4800681F
:10381000012816D13C48006898B93C48006880B936
:103820003B48006868B900203A494FF4617223466A
:10383000CDE90021029032464FF46171F1F7C3FDEA
:1038400055E030480068012817D12F48006801284A
:1038500013D12E48006880B92D48006868B900204F
:103860002C494FF461722346CDE900210290324683
:103870004FF46171F1F7A7FD39E022480068012893
:1038800018D121480068012814D120480068012877
:1038900010D11F48006868B900201E494FF46172BA
:1038A0002B46CDE9002102903A464FF46171F1F7C1
:1038B0008AFD1CE013480068012818D112480068EE
:1038C000012814D111480068012810D1104800685F
:1038D00001280CD100200F494FF461722B46CDE92D
:1038E000002102903A464FF46171F1F76CFD00201F
:1038F000EFF709FF40F20910F1F706F9002023E085
:10390000F40000205C02002060020020640200201D
:1039100068020020F8F8FFFF7804002080040020EF
:10392000840400208C0400203C040020BC00002003
:10393000E8000020EC000020F00000200000024021
:1039400056FAFFFF3EFEFFFFFE49086019E006E061
:10395000012014F0B7FCEDF791F800B90BE0FA493B
:103960000968FA4A1268881A002801DB014600E05B
:1039700041421429ECDC00BFF2480068401CF149C8
:103980000860F0480068FA28E1DBF1480068D0BB25
:10399000F0480068B8BBF0480068A0BB9FEDEF1A84
:1039A000DFEDEF0A0E209FEDEF0AEFF7DEFF0020BC
:1039B000E449086014E006E0EDF760F800B909E0BA
:1039C000012014F07FFC4FF48071E74811F07AFA7F
:1039D0000028F1D000BFDB480068401CD9490860CE
:1039E000D848006840F20E618842E4DB9FEDDB1AA4
:1039F000DFEDDB0A08209FEDDB0AEFF7B6FF0020C2
:103A0000D049086015E01EE006E0EDF737F800B990
:103A100009E0012014F056FC4FF48071D24811F0F7
:103A200051FA0028F1D000BFC6480068401CC549C3
:103A30000860C448006840F20E618842E4DB002060
:103A4000EFF761FE13E0C2480068012802D1F1F7E8
:103A5000CDF80CE0BF480068012802D1F3F707F861
:103A600005E0BD480068012801D1F2F71CFE0020E6
:103A7000EFF749FEFEBDFEB5002400250026002715
:103A8000BA480068012812D10102B74811F01AFAA9
:103A900001280CD1AC480068B0F5967F07DC42F2F3
:103AA0002834254640F2AA564FF4E1771BE0AF4890
:103AB0000068012810D10102AB4811F003FA012877
:103AC0000AD1A1480068B0F5967F05DB40F6AC54FA
:103AD0002546A74EA74F06E041F29414254640F232
:103AE000AA564FF4E1770020A0490860A248006878
:103AF000B8B9A2480068A0B9A148006888B9A1482F
:103B0000006870B90020A0494FF461720A23CDE922
:103B10000021029040F252324FF46171F1F753FCF0
:103B200070E095480068012816D19448006898B95B
:103B30009348006880B99348006868B900209249AA
:103B40004FF461722346CDE90021029032464FF4D2
:103B50006171F1F738FC55E087480068012817D1FA
:103B600086480068012813D18548006880B98548D7
:103B7000006868B9002084494FF461722346CDE99A
:103B80000021029032464FF46171F1F71CFC39E0DC
:103B900079480068012818D178480068012814D1B4
:103BA00077480068012810D17648006868B900207D
:103BB00075494FF461722B46CDE9002102903A46D7
:103BC0004FF46171F1F7FFFB1CE06B4800680128BE
:103BD00018D16A480068012814D169480068012892
:103BE00010D16848006801280CD1002066494FF4C4
:103BF00061722B46CDE9002102903A464FF4617183
:103C0000F1F7E1FB0020EFF77EFD40F20910F0F73D
:103C10007BFF00204B49086019E006E0012014F00A
:103C200051FBECF72BFF00B90BE047490968474A05
:103C30001268881A002801DB014600E0414214297D
:103C4000ECDC00BF3F480068401C3E4908603D482E
:103C50000068FA28E1DB3E48006888BB3D48006800
:103C600070BB3D48006858BB9FED481ADFED3C0A29
:103C70000E209FED3C0AEFF778FE002031490860E6
:103C800014E006E0ECF7FAFE00B909E0012014F0B8
:103C900019FB4FF48071344811F014F90028F1D069
:103CA00000BF28480068401C264908602548006875
:103CB00040F20E618842E4DB0020EFF724FD0DE0C6
:103CC000FFE724480068012802D1F2F7D0FE05E0A2
:103CD00021480068012801D1F2F7E5FC0020EFF748
:103CE00012FDFEBDFEB500240025002600271F485A
:103CF0000068012812D101021B4811F0E3F80128E5
:103D00000CD111480068B0F5967F07DC42F22834E8
:103D1000254640F2AA564FF4E17742E01348006886
:103D2000012837D10102104811F0CCF8012831D117
:103D300005480068B0F5967F2CDB40F6AC5425466C
:103D40000B4E25E03C040020BC0000208C04002029
:103D5000E8000020EC000020F00000203333333F67
:103D600000006144000061C400000240F400002033
:103D700056FAFFFF3EFEFFFF5C02002060020020BB
:103D80006402002068020020F8F8FFFFCDCC4C3F11
:103D9000F74F06E041F29414254640F2AA564FF43C
:103DA000E1770020F3490860F3480068B8B9F348A8
:103DB0000068A0B9F248006888B9F248006870B994
:103DC0000020F1494FF461720A23CDE900210290ED
:103DD00040F252324FF46171F1F727FD70E0E6488E
:103DE0000068012816D1E548006898B9E4480068E1
:103DF00080B9E448006868B90020E3494FF4617273
:103E00002346CDE90021029032464FF46171F1F76B
:103E10000CFD55E0D8480068012817D1D748006844
:103E2000012813D1D648006880B9D648006868B91F
:103E30000020D5494FF461722346CDE9002102905C
:103E400032464FF46171F1F7F0FC39E0CA4800687E
:103E5000012818D1C9480068012814D1C848006851
:103E6000012810D1C748006868B90020C6494FF43E
:103E700061722B46CDE9002102903A464FF4617100
:103E8000F1F7D3FC1CE0BC480068012818D1BB48FE
:103E90000068012814D1BA480068012810D1B94837
:103EA000006801280CD10020B7494FF461722B46FD
:103EB000CDE9002102903A464FF46171F1F7B5FC6B
:103EC0000020EFF720FC40F20910F0F71DFE002063
:103ED000AE49086019E006E0012014F0F3F9ECF7B0
:103EE000CDFD00B90BE0AA490968AA4A1268881AF0
:103EF000002801DB014600E041421429ECDC00BF50
:103F0000A2480068401CA1490860A0480068FA283F
:103F1000E1DBA148006870BBA048006858BBA0481E
:103F2000006840BB1FED671A5FED730A0E201FED9E
:103F3000730AEFF71AFD00209449086014E006E0C8
:103F4000ECF79CFD00B909E0012014F0BBF94FF437
:103F50008071944810F0B6FF0028F1D000BF8B4864
:103F60000068401C894908608848006840F20E617A
:103F70008842E4DB06E0FFE789480068012801D1B8
:103F8000F3F7C6FE0020EFF7BEFBFEBD70B504469A
:103F90000D46F0F7ADFD84480068FA3083490860AB
:103FA00083480068FA307B49086000207749086040
:103FB00019E006E0012014F085F9ECF75FFD00B987
:103FC0000BE073490968734A1268881A002801DBFC
:103FD000014600E041420F29ECDC00BF6B4800685D
:103FE000401C6A490860694800683228E1DB714872
:103FF000C07F40F002006F49C8771FED9C1A00EEA9
:10400000105AF8EEC00A102000EE104AB8EEC00AAE
:10401000EFF7ABFC00205D49086014E006E00120EA
:1040200014F050F9ECF72AFD00B906E04FF4807166
:104030005C4810F047FF0128F1D000BF53480068EA
:10404000401C52490860514800689628E6DB002071
:10405000EFF759FB05210420EEF703FB00204B4945
:10406000086011E006E0012014F02CF9ECF706FDE1
:1040700000B903E0504800680128F4D000BF43486D
:104080000068401C4149086040480068FA28E9DBA4
:104090004848C07F00F0FD004649C87701204649E6
:1040A000086070BD70B504460D464248C07F40F0C0
:1040B00002004049C877FF20F0F726FD0020334971
:1040C000086019E006E0012014F0FCF8ECF7D6FCDB
:1040D00000B90BE02E4909682E4A1268881A002898
:1040E00001DB014600E041420A29ECDC00BF274821
:1040F0000068401C25490860244800683228E1DB3C
:10410000B7EE001A00EE105AF8EEC00A0F2000EECB
:10411000104AB8EEC00AEFF728FC00201B490860DF
:1041200014E006E0012014F0CDF8ECF7A7FC00B98C
:1041300006E04FF480711B4810F0C4FE0028F1D057
:1041400000BF12480068401C104908600F48006812
:10415000B0F57A7FE5DB0020EFF7D5FA05210420E2
:10416000EEF77FFA00200949086038E02DE00000F2
:104170003EFEFFFFF40000205C02002060020020F1
:104180006402002068020020F8F8FFFF3C040020D1
:10419000BC0000208C040020E8000020EC0000207F
:1041A000F00000200000024078040020800400207D
:1041B000840400200400002004030020012014F0E7
:1041C00081F8ECF75BFC00B903E0FA4800680128CD
:1041D000F4D000BFF8480068401CF7490860F64872
:1041E0000068FA28C2DBF548C07F00F0FD00F34903
:1041F000C8770120EF49086070BD10B50020EFF7C7
:1042000082FA4FF461714842FFF7C0FE10BD10B54D
:104210000020EFF778FA4FF461714842FFF742FF50
:1042200010BD10B50020EFF76EFAE5494842FFF7E0
:10423000ADFE10BD10B50020EFF765FAE049484229
:10424000FFF730FF10BD10B50020EFF75CFA01203A
:10425000DC490860DC49086010BD704730B50020BB
:104260001BE0002116E0002211E0AFF2110300EB89
:10427000801404EB4404D54D05EBC40401EB810527
:1042800005EBC10504EB850444F82230521C0D2ACD
:10429000EBDB491C1E29E6DB401C1E28E1DBCC4C75
:1042A000CC4BC3F80C42CC4CC3F81042CB4CC3F8F7
:1042B0001442CB4CC54BC3F83C4ECA4CC3F8404EDD
:1042C000C94CCA4BC3F81042C94CC3F81442C94C7C
:1042D000C94BC3F83844C94CC3F83C44C84CC3F874
:1042E0004044C84CB94B9C63C74CDC63C54C1C6450
:1042F000C64C5C64C44C9C64DC641C655C65C34C4B
:104300009C65DC651C665C66C14CDC66C14C1C6748
:10431000C14C9C67C14CDC67C3F88440C3F8904033
:10432000BF4CC3F88840C3F89440BE4CC3F8A440C7
:10433000BD4CC3F8A840BD4CC3F8B040C3F8B4406E
:10434000BB4CC3F8BC40BB4CC3F8C040C3F8CC4026
:10435000B94CC3F8C840B94CC3F8EC46B84CC3F8E4
:10436000F046B84CC3F8F446B74CC3F8F846B74C1F
:10437000C3F8FC46B64CC3F80047B64CC3F8044734
:10438000B34CC3F80847B44CC3F80C47B34CC3F85C
:104390001047B34CC3F81447B24CC3F81847B24C9B
:1043A000C3F8044DB14CC3F8084DB14CC3F8104DDF
:1043B000B04CC3F8144DAFF65744C3F8204DAFF6D8
:1043C0008574C3F81C4DAFF65114C3F82C4DAFF2F1
:1043D000EB64C3F8284DA84C844BC3F8D840A74CD5
:1043E000C3F8DC40A64CC3F8E440A64CC3F8E84050
:1043F000A54CC3F8F040A54CC3F8F440A44CC3F856
:10440000FC40A44CC3F80041AFF2FD1403F5C363B4
:10441000C3F81441AFF21D24C3F81841C3F81C417E
:10442000C3F82041C3F82441AFF21D24C3F828414A
:10443000C3F82C41C3F83041C3F83441AFF2F9144A
:1044400003F5C363C3F81441C3F81841C3F81C4112
:10445000C3F82041C3F82441C3F82841C3F82C41D4
:10446000C3F83041C3F8344130BD30B502468A4804
:104470000068884201DC002030BD8848008808447C
:10448000642490FBF4F504FB150083B203EB830076
:10449000834C204404681460007910710120EBE71C
:1044A0000CB501216846FFF7E0FF08B900200CBDFC
:1044B0009DF80200002848D19DF80300012844D14E
:1044C00078490860F7F730F99DF804000D2838D2D4
:1044D000DFE800F037070F0B2313171B1F272B2FC5
:1044E00033000120704908602CE001206E4908600B
:1044F00028E001206D49086024E001206B49086034
:1045000020E00120694908601CE00120674908603B
:1045100018E001206549086014E001206449086042
:1045200010E00120624908600CE001206049086049
:1045300008E001205E49086004E001205C49086051
:1045400000E000BF00BF0120B1E79DF8020050B9B4
:104550009DF80300022806D1012056490860F7F7AC
:104560006FF90120A3E79DF8020050B99DF8030000
:10457000032806D1012050490860F7F7C3F901204C
:1045800095E79DF80200022807D19DF80300042852
:1045900003D101204949086089E79DF802000328FA
:1045A00007D19DF80300042803D101204449086085
:1045B0007DE787E0040300203C0400200400002085
:1045C0007CFCFFFF080300200C030020280B0020C8
:1045D000E302010818480020F30201081303010850
:1045E000A58300083D8700084D890008701D002044
:1045F000BB850008C196000808850020DD950008ED
:104600001D96000831C300087FC50008FDE90008B9
:104610000F1201080D08010833080108C30801083A
:104620005912010899D00008BFD00008A9D4000889
:1046300059D80008D5D40008EBD80008D572000876
:10464000C1630008AF7A00086D0601080709010878
:104650006B6E0008F50901085B110108398100083B
:10466000E381000825130108332F01088729010879
:10467000C92B0108BD310108CF13010841160108FB
:10468000EB180108091C0108B71E0108B521010833
:104690008F240108F3260108F8020020FE02002002
:1046A0002A090020E8000020800200207C0200206F
:1046B00084020020EC000020F0000020F400002024
:1046C000F80000200020F2E61FB5F848006800B9A5
:1046D0001FBD62E0FFF7E4FE02A8EDF754FB00B94E
:1046E0005FE06846EDF73DFBA8B39DF80A0002289D
:1046F00016D19DF80B000A2812D19DF80C00022853
:104700000ED19DF80200022825D19DF803000A2849
:1047100021D19DF8040001281DD1E54908601AE067
:104720009DF80A00032816D19DF80B000A2812D123
:104730009DF80C0002280ED19DF8020003280AD132
:104740009DF803000A2806D19DF80400032802D131
:104750000120D84908609DF80A001E281DDA9DF83E
:104760000B001E2819DA9DF80C000D2815DA9DF8AB
:104770000A1001EB811101EB4101CF4A02EBC101AB
:104780009DF80B2002EB820303EBC20201EB8201D6
:104790009DF80C2051F822008047C448006800288A
:1047A00098DC00BF0020C549087000BF90E710B535
:1047B00000244FF48071C24810F084FB20B901201E
:1047C000C0490870641C02E00020BE490870202126
:1047D000BD4810F077FB20B90120BC490870641C6B
:1047E00002E00020B94908704FF40071B44810F09D
:1047F00069FB012803D1B6490870641C02E000205F
:10480000B34908704021B04810F05CFB012803D187
:10481000B0490870641C02E00020AE490870AE4840
:10482000046010BD2DE9F0410026771EFFF7BFFFA1
:10483000A4480078A54909784518A5480078A549F5
:10484000097844189F48007818B10126A3480768E2
:1048500031E0A3480068012805D1002D03DD0126C1
:104860009E48076827E09E480068022805D1002C72
:1048700003DD02269B4807681DE0022D03D10126B7
:104880009648076817E0022C03D10226954807686E
:1048900011E08E48007818B10126904807680AE0B8
:1048A000002C03DD02268F48076804E000208C49B5
:1048B0000860BDE8F0818A480660B4208A49086033
:1048C0008A4807608A49096802461268881A0028DF
:1048D00001DB014600E041420A2914DD06E0012027
:1048E00013F0F0FCECF7CAF800B90BE08049096856
:1048F0007E4A1268881A002801DB014600E0414226
:104900000A29ECDC00BF76480068012802D1794909
:10491000086002E001207849086000BFC9E72DE97E
:10492000F0410026771EFFF742FF6648007867498E
:10493000097845186648007866490978441861483E
:10494000007818B101266548076831E064480068BE
:10495000012805D1002D03DD01266048076827E006
:104960005F480068022805D1002C03DD02265D485F
:1049700007681DE0022D03D101265848076817E09B
:10498000022C03D102265748076811E04F480078EF
:1049900018B10126514807680AE0002C03DD022601
:1049A0005048076804E000204D490860BDE8F081E8
:1049B0004B48066096204C4908604C4807604848C0
:1049C0000068012802D14B49086002E001204A49F1
:1049D000086000BFEAE710B5FFF7E9FEFFF79FFFA9
:1049E00010BD46204549086045480068463845499D
:1049F000086046204449086040F28110434908603D
:104A000070473EB50446FFF7D2FE9620364908604F
:104A10003248006835490860012036490860F0F7DF
:104A20006DF84FF496703A4908603A4908600020E2
:104A30003949086019E006E0012013F043FCECF767
:104A40001DF800B90BE035490968324A1268881A26
:104A5000002801DB014600E041423229ECDC00BFC6
:104A60002D480068401C2C4908602B480068962897
:104A7000E1DB2B4800680A2809D1022048230F22D5
:104A80004FF47A710090B620F3F73BFC57E02448CE
:104A900000680B2846D1042048230C224FF47A7179
:104AA0000090B620F3F72DFC49E00000F80200204A
:104AB000E8020020EC020020280B00200103002067
:104AC00000080240980200200010024099020020D5
:104AD0009A0200209B02002094020020680100201E
:104AE000440500206C010020BC0400209804002034
:104AF000B00000207401002070010020C4040020D8
:104B0000B8010020B0040020C0040020A40400204C
:104B1000800400208C0400203C040020BC00002005
:104B200078020020F74800680C2808D104203F23B1
:104B300008224FF47A710090B620F3F7E2FB32209E
:104B4000EEF7E1FDB6EE001ADFEDEF0A30209FED43
:104B5000EF0AEEF70AFF0020ED49086011E006E0D9
:104B6000052013F0AFFBEBF789FF00B903E0E9483C
:104B70000068D228F4DC00BFE5480068401CE44926
:104B80000860E348006840F226218842E7DB41F2F2
:104B9000883013F097FB0020DD49086011E006E043
:104BA000052013F08FFBEBF769FF00B903E0D9484C
:104BB0000068D228F4DB00BFD5480068401CD44907
:104BC0000860D348006840F226218842E7DB41F2C2
:104BD000F81013F077FB1E20EEF795FD9FEDCE1A2F
:104BE000DFEDC90A16209FEDC90AEEF7BEFE0020D0
:104BF000C749086011E006E0012013F063FBEBF702
:104C00003DFF00B903E0C54800688C28F4DC00BF14
:104C1000BF480068401CBE490860BD48006840F2BB
:104C200026218842E7DB0020EEF76DFD9FEDBA1AE2
:104C3000DFEDB50A2A209FEDBA0AEEF796FE0020B6
:104C4000B349086011E006E0012013F03BFBEBF7ED
:104C500015FF00B903E0B3480068B928F4DB00BFD2
:104C6000AB480068401CAA490860A948006840F2A7
:104C700026218842E7DB9FEDA81ADFEDA30A362044
:104C80009FEDA70AEEF771FE0020A149086012E02F
:104C900006E0012013F016FBEBF7F0FE00B904E08C
:104CA000A0480068B0F58C7FF3DB00BF984800682F
:104CB000401C974908609648006840F226218842C7
:104CC000E6DBFFF78EFE98480068012870D10020CF
:104CD0008F49086021E015E00A206FF07701032278
:104CE00004F10F03CDE9002102904FF4617200211D
:104CF0002820F4F7CAFA012013F0E4FAEBF7BEFE1D
:104D000000B904E083480068B0F5827FE4DC00BFAE
:104D10007F480068401C7E4908607D48006840F27A
:104D200026218842D7DB00207949086020E015E081
:104D30000A206FF07701032204F10F03CDE900216F
:104D400002904FF4617200211920F4F79EFA0520B9
:104D500013F0B8FAEBF792FE00B903E06D48006873
:104D6000E128E5DC00BF6A480068401C684908602B
:104D70006748006840F226218842D8DB0020644959
:104D8000086020E015E00A206FF06301012204F1C1
:104D90000F03CDE9002102904FF461720021F4F776
:104DA00074FA052013F08EFAEBF768FE08B904E0F8
:104DB0004FE058480068D628E5DC00BF544800683A
:104DC000401C534908605248006840F2262188423E
:104DD000D8DB0020EEF797FC00219FED540A40F24B
:104DE0007A30EEF753FD06E0012013F06BFAEBF793
:104DF00045FE00B903E0EEF75FFB0028F4D100BFE9
:104E00000020EEF780FC4FF43470EFF77DFE0020B9
:104E10003F49086019E006E0012013F053FAEBF770
:104E20002DFE00B90BE042490968424A1268881A0F
:104E3000002801DB014600E041421E29ECDC00BFF6
:104E400033480068401C32490860314800689628A1
:104E5000E1DB35480068022853D1B6EE001ADFEDD9
:104E60002A0A2D209FED340AEEF77FFD0020284905
:104E7000086011E006E0012013F024FAEBF7FEFDD4
:104E800000B903E023480068FA28F4DC00BF20489A
:104E90000068401C1E4908601D48006840F2262139
:104EA0008842E7DB00201A49086020E015E00A206C
:104EB0006FF09501032204F12103CDE90021029056
:104EC0004FF4617200212820F4F7DFF9012013F07C
:104ED000F9F9EBF7D3FD00B903E00E480068CD28DF
:104EE000E5DC00BF0A480068401C09490860084822
:104EF000006840F226218842D8DB0020044908607F
:104F00003DE070E07802002000006144000061C4D0
:104F10003C040020A0000020CDCC4C3F9800002095
:104F200000000000A400002040030020CDCC4C3E37
:104F3000BC0000208C0400200000C84315E00A20BB
:104F40006FF09501032204F12103CDE900210290C5
:104F50004FF4617200211920F4F797F9012013F042
:104F6000B1F9EBF78BFD00B903E0FA480068AF2810
:104F7000E5DC00BFF8480068401CF7490860F648C7
:104F8000006840F226218842D8DB0020F249086000
:104F900023E018E00A206FF09501022204F12103BA
:104FA000CDE9002102904FF461720021F4F76DF910
:104FB0004FF40270EFF7BAFD012013F083F9EBF71D
:104FC0005DFD00B903E0E3480068A528E2DC00BF0E
:104FD000E1480068401CE0490860DF48006840F292
:104FE00026218842D5DB0020EEF78DFB3EBD10B5B3
:104FF000FFF7DDFBFFF793FC4FF4FA70EFF784FD4A
:10500000D648C07F40F02000D449C87710BD10B505
:10501000D3480068401CD249086041F2707013F018
:1050200051F910BD10B54FF48071CE480FF04AFF12
:1050300000287DD1CC480078002879D16420CB4964
:105040000860CB4800685A30CA4908600020C2494D
:10505000086025E006E0012013F034F9EBF70EFDBF
:1050600000B917E0C44A1268C24B1B68D11A002964
:1050700001DB0A4600E04A420A2AECDCBF4A126819
:10508000BF4B1B68D01A002801DB024600E04242F9
:105090000A2AE0DC00BFB0480068401CAE49086046
:1050A000AD4800683228D5DBAC48C07F40F0020034
:1050B000AA49C8770020A849086011E006E001204D
:1050C00013F000F9EBF7DAFC00B903E0AD48008A11
:1050D0007828F4DC00BFA0480068401C9E490860A6
:1050E0009D480068B0F57A7FE8DB9C48C07F00F0FF
:1050F000FD009A49C87700BF9F4909689F4A126816
:10510000881A002801DB014600E04142822905DBC4
:105110009248C07F40F008009049C87700BF4FF424
:105120007A7013F0CFF801208F49087082E0FFE712
:10513000202195480FF0C6FE00287BD193480078C7
:10514000002877D1642092490860924800685A305C
:105150008B49086000208049086025E006E00120B6
:1051600013F0B0F8EBF78AFC00B917E0824A126836
:10517000804B1B68D11A002901DB0A4600E04A4235
:105180000A2AECDC7D4A12687D4B1B68D01A002885
:1051900001DB024600E042420A2AE0DC00BF6E4822
:1051A0000068401C6C4908606B4800683228D5DBF9
:1051B0006A48C07F40F002006849C877002066490D
:1051C000086011E006E0012013F07CF8EBF756FCD4
:1051D00000B903E06B48008A7828F4DC00BF5E4821
:1051E0000068401C5C4908605B480068B0F57A7F45
:1051F000E8DB5A48C07F00F0FD005849C87700BF7F
:105200005D4909685D4A1268881A002801DB014679
:1052100000E04142822905DB5048C07F40F0400059
:105220004E49C87700BF4FF47A7013F04BF8012055
:10523000564908704FF4FA6013F044F84748C07FAD
:1052400040F002004549C87700204349086011E05A
:1052500006E0012013F036F8EBF710FC00B903E08C
:105260004848008A7828F4DC00BF3B480068401CAE
:105270003949086038480068B0F57A7FE8DB37487C
:10528000C07F00F0FD003549C877FA203749086033
:105290003748006837490860FA203D4908603D48B2
:1052A00000683749086000202B49086025E006E0C7
:1052B000012013F007F8EBF7E1FB00B917E02E4AE5
:1052C00012682C4B1B68D11A002901DB0A4600E04A
:1052D0004A42142AECDC294A1268294B1B68D01A6E
:1052E000002801DB024600E04242142AE0DC00BF55
:1052F00019480068401C184908601748006832289F
:10530000D5DB10BD10B540211F480FF0DBFD012893
:105310006FD1214800780028FAD164201C49086028
:105320001C4800685A381649086000200A4908607D
:1053300049E006E0012012F0C5FFEBF79FFB00B942
:105340003BE00D4A12680B4B1B68D11A002925DB84
:105350000A4624E0A00000203C04002004000020B5
:10536000200300200008024048050020C00400205F
:10537000B4010020A4040020C0000020C4000020CC
:10538000B0040020BE0800200010024049050020A3
:10539000C4040020B80100204B0500204A420A2A1C
:1053A000C8DCFA4A1268FA4B1B68D01A002801DBE5
:1053B000024600E042420A2ABCDC00BFF548006811
:1053C000401CF4490860F34800683228B1DBF24819
:1053D000C07F40F00200F049C8770020ED49086026
:1053E00012E007E0012012F06DFFEBF747FB08B970
:1053F00004E030E0E948008A7828F3DC00BFE548A3
:105400000068401CE3490860E2480068B0F57A7F14
:10541000E7DBE148C07F00F0FD00DF49C87700BF4F
:10542000DF490968D94A1268881A002801DB014659
:1054300000E04142822905DBD748C07F40F00400EC
:10544000D549C87700BF4FF47A7012F03BFF0120B6
:10545000D449087082E04FF40071D3480FF032FD58
:1054600001287BD1D1480078002877D16420D04929
:105470000860D04800685A38CF4908600020C54904
:10548000086025E006E0012012F01CFFEBF7F6FAB9
:1054900000B917E0C24A1268C74B1B68D11A00292D
:1054A00001DB0A4600E04A420A2AECDCB74A1268ED
:1054B000B74B1B68D01A002801DB024600E04242CD
:1054C0000A2AE0DC00BFB3480068401CB14908600C
:1054D000B04800683228D5DBAF48C07F40F00200FA
:1054E000AD49C8770020AB49086011E006E0012013
:1054F00012F0E8FEEBF7C2FA00B903E0A748008A11
:105500007828F4DC00BFA3480068401CA14908606B
:10551000A0480068B0F57A7FE8DB9F48C07F00F0C4
:10552000FD009D49C87700BF9D490968974A1268E8
:10553000881A002801DB014600E04142822905DB90
:105540009548C07F40F010009349C87700BF4FF4E2
:105550007A7012F0B7FE0120944908704FF4FA6097
:1055600012F0B0FE8C48C07F40F002008A49C87734
:1055700000208849086011E006E0012012F0A2FE38
:10558000EBF77CFA00B903E08448008A7828F4DC61
:1055900000BF80480068401C7E4908607D48006864
:1055A000B0F57A7FE8DB7C48C07F00F0FD007A49E7
:1055B000C877FA207E4908607E4800687E49086006
:1055C000FA207E4908607E48006871490860002022
:1055D0007049086025E006E0012012F073FEEBF749
:1055E0004DFA00B917E06E4A1268734B1B68D11A66
:1055F000002901DB0A4600E04A420A2AECDC634A41
:105600001268634B1B68D01A002801DB024600E0D9
:1056100042420A2AE0DC00BF5E480068401C5D4947
:1056200008605C4800683228D5DB10BD10B56548BD
:105630000068012802D1FFF765FE05E062480068B6
:10564000012801D1FFF7EEFC5348C07F00F0DF00D6
:105650005149C8770846C07F00F07F00C8770846E8
:10566000C07F00F0F700C87740F6C41012F02AFEA1
:105670004948C07F00F0BF004749C87740F6C410D2
:1056800012F020FE4448C07F00F0EF004249C87786
:1056900040F6C41012F016FE3F48C07F00F0FB0039
:1056A0003D49C87740F6C41012F00CFE10BD2DE93C
:1056B000F04706460F4690461C46354640F6B83A37
:1056C0004FF000093448C07F40F080003249C8776D
:1056D0004FF4FA5012F0F6FD00202E4908603DE02C
:1056E0002FE0012012F0EEFD09F10109D14524DD82
:1056F000A5EB0805B5F5DC7F01DA4FF4DC7528462B
:10570000EFF702FA0BE0012012F0DCFD2F480068F1
:10571000401C2E490860EBF7B1F900B90BE02C49A9
:1057200009682C4A1268881A002801DB014600E04B
:1057300041420A29E7DC00BF0AE0EBF79FF900B914
:1057400006E04FF4006124480FF0BCFB0128C8D0EC
:1057500000BF10480068401C0E4908600D480068F2
:1057600040F226218842BBDBA0201449086008488B
:10577000076000200749086042E02FE0012012F096
:10578000A1FDEBF77BF900B934E027E0C40000206D
:10579000B00400203C04002004000020BE080020CB
:1057A000C00000204B050020000802404A050020F0
:1057B000C0040020B4010020A4040020C404002080
:1057C000B801002070010020740100206003002057
:1057D000BC0000208C04002000040240FE4909683F
:1057E000FE4A1268881A002801DB014600E04142A7
:1057F0000529C3DC00BFFA480068401CF84908606E
:10580000F748006840F226218842B6DB4FF4FA6080
:1058100012F058FD042C13D100BFF2490968EE4A7A
:105820001268881A002801DB014600E04142822903
:1058300005DBED48C07F40F00400EB49C87715E078
:10584000022C13D100BFE7490968E34A1268881A9D
:10585000002801DB014600E04142822905DBE248E5
:10586000C07F40F04000E049C87700BFBDE8F08746
:105870002DE9FF4F83B0804689461D4647464FF4C9
:10588000FA500290002001900026002400BF002062
:105890000190D548C07F40F02000D349C87741F23D
:1058A000883012F00FFD002437E02DE0012012F0C7
:1058B00009FD0198401C0190DDE9010188421FDDCE
:1058C00005983F1AB7F5DC7F01DA4FF4DC773846EC
:1058D000EFF71AF906E0012012F0F4FCEBF7CEF82E
:1058E00000B90BE0C1490968C14A1268881A00284A
:1058F00001DB014600E041420829ECDC00BF0AE080
:10590000EBF7BCF800B906E04FF40041B9480FF0DE
:10591000D9FA0128CAD000BF641C40F22620844274
:10592000C3DBB420B4490860B448C0F80090002438
:1059300015E006E0012012F0C5FCEBF79FF800B976
:105940000BE0A8490968AD4A1268881A002801DBF3
:10595000014600E041422329ECDC00BF641C40F218
:1059600026208442E5DBA648B0F9000013286EDD4E
:10597000761C0020EDF7C7FE4FF40270EFF7C4F875
:1059800096209D49086040F2E5109C4908609648C1
:10599000C07F00F0DF009449C877002415E006E0DE
:1059A000012012F08FFCEBF769F800B90BE08D498C
:1059B0000968924A1268881A002801DB014600E053
:1059C00041420529ECDC00BF641C322CE7DB40F6C9
:1059D000C41012F077FC0020EDF795FE012E2AD1BD
:1059E000B6EE001ADFED870A0A209FED870AEDF771
:1059F000BCFFECF7E5FE06E0052012F063FCEBF7D8
:105A00003DF800B916E0EBF76FF88346EBF73FF887
:105A1000B0F1000A01DB504601E0CAF10000BBF121
:105A2000000F01DB594601E0CBF100010844B0F55D
:105A3000117FE1DB2CE0B6EE001ADFED720A0A20DE
:105A40009FED700AEDF791FFECF7BAFE07E029E051
:105A5000052012F037FCEBF711F800B917E0EBF76F
:105A600043F88346EBF713F8B0F1000A01DB504628
:105A700001E0CAF10000BBF1000F01DB594601E073
:105A8000CBF10001084440F252318842E0DB00BF14
:105A90000020EDF738FE4FF4FA6012F013FC032EED
:105AA00000DAF4E640F6C41012F00CFC032E19DB09
:105AB000012D0AD14C48C07F00F0F7004A49C87751
:105AC00040F6C41012F0FEFB38E0032D36D14648F4
:105AD000C07F00F0EF004449C87740F6C41012F0D0
:105AE000F1FB2BE0012D13D100BF3E4909683A4A72
:105AF0001268881A002801DB014600E04142822931
:105B000005DB3948C07F40F008003749C87715E009
:105B1000032D13D100BF334909682F4A1268881A30
:105B2000002801DB014600E04142822905DB2E48C6
:105B3000C07F40F010002C49C87700BF07B0BDE817
:105B4000F08F10B531480068012844D14021304819
:105B50000FF0B8F9012861D196202E4908604FF462
:105B6000D2701E49086000201D49086019E006E057
:105B7000012012F0A7FBEAF781FF00B90BE01649FC
:105B80000968164A1268881A002801DB014600E0FD
:105B900041420A29ECDC00BF11480068401C104952
:105BA00008600F48006840F226218842DFDB0423AA
:105BB000052240F245114FF40270FFF778FD40F6E0
:105BC000B83012F07FFBFA201249086012480068D2
:105BD00002490860F3E067E0C4000020B004002040
:105BE0003C040020C000002004000020BC00002075
:105BF0008C040020000C0240C0040020A4040020FB
:105C00008E00002000006144000061C4700100208B
:105C100000100240C4040020B80100204FF40071BD
:105C2000FE480FF04FF90128D4D19620FC490860B6
:105C300040F2A910FB4908600020FB49086019E008
:105C400006E0012012F03EFBEAF718FF00B90BE076
:105C5000F6490968F34A1268881A002801DB0146F0
:105C600000E041420629ECDC00BFEF480068401C20
:105C7000ED490860EC48006840F226218842DFDBED
:105C80000323052240F245114FF40270FFF7F0FDA7
:105C900040F6B83012F016FBFA20E1490860E448FB
:105CA0000068E04908608AE0E2480068012891D174
:105CB0000102DA480FF006F9E8BB9620D8490860DF
:105CC0004FF4EB70D74908600020D749086019E00D
:105CD00006E0012012F0F6FAEAF7D0FE00B90BE078
:105CE000D2490968CF4A1268881A002801DB0146A8
:105CF00000E041420629ECDC00BFCB480068401CB4
:105D0000C9490860C848006840F226218842DFDBA4
:105D100001230522491D4FF40270FFF7A9FD40F64B
:105D2000B83012F0CFFAFA20BD490860C0480068C8
:105D3000BC49086043E0FFE72021BF480FF0C2F8EC
:105D4000E8BB9620BD49086040F2D110BC4908600C
:105D50000020B549086019E006E0012012F0B2FA0F
:105D6000EAF78CFE00B90BE0B6490968B44A12683C
:105D7000881A002801DB014600E041420629ECDCDC
:105D800000BFA9480068401CA7490860A6480068F1
:105D900040F226218842DFDB022305224FF40C71FA
:105DA0004FF40270FFF783FC40F6B83012F08AFA25
:105DB000FA20A24908609E480068A14908600020B6
:105DC0009949086025E006E0012012F07BFAEAF725
:105DD00055FE00B917E0954A1268924B1B68D11A1C
:105DE000002901DB0A4600E04A42142AECDC954A0D
:105DF0001268934B1B68D01A002801DB024600E0B2
:105E00004242142AE0DC00BF87480068401C8649F3
:105E10000860854800683228D5DBDC2080490860AE
:105E2000834800687F490860DC2084490860864810
:105E30000068834908608548C07F00F0DF0083491F
:105E4000C8770846C07F00F07F00C87700208049EF
:105E500008607849086010BD10B57D4800680128C9
:105E60002FD17C48007801282BD164206C49086030
:105E70006F4800684B306B4908607448C07F40F041
:105E800080007249C87700206749086014E006E086
:105E9000012012F017FAEAF7F1FD00B906E04FF41D
:105EA00000616D480FF00EF80128F1D000BF5E4888
:105EB0000068401C5C4908605B4800683228E6DBEB
:105EC0009AE05C48006801282FD1644800780128D6
:105ED0002BD16420594908605B4800684B38584909
:105EE00008605A48C07F40F020005849C877002019
:105EF0004D49086014E006E0012012F0E3F9EAF7EA
:105F0000BDFD00B906E04FF4004155480EF0DAFF40
:105F10000128F1D000BF44480068401C4249086095
:105F2000414800683228E6DB66E042480068012804
:105F30002FD14C48007801282BD1642038490860C3
:105F40003B4800684B38374908604048C07F40F004
:105F500080003E49C87700203349086014E006E01D
:105F6000012012F0AFF9EAF789FD00B906E04FF41D
:105F7000006139480EF0A6FF0128F1D000BF2A4881
:105F80000068401C28490860274800683228E6DB82
:105F900032E02F48006801282ED1334800780128CC
:105FA0002AD1642025490860274800684B302449DD
:105FB00008602648C07F40F020002449C8770020B0
:105FC0001949086014E006E0012012F07BF9EAF7B5
:105FD00055FD00B906E04FF4004121480EF072FF74
:105FE0000128F1D000BF10480068401C0E4908602D
:105FF0000D4800683228E6DB10BD10B51348C07F9D
:1060000000F0DF001149C8770846C07F00F07F002C
:10601000C8770020044908603DE000000008024005
:10602000C0040020A40400203C040020C000002084
:10603000B40100207401002000100240C4040020BC
:10604000B0040020C4000020B8010020040000209B
:10605000700100209B0200200004024098020020F2
:10606000000C0240990200209A02002006E0012064
:1060700012F028F9EAF702FD00B906E04FF40061DA
:10608000FD480EF01FFF0028F1D000BFFB4800685C
:10609000401CFA490860F94800683228E6DB002015
:1060A000F649086014E006E0012012F00BF9EAF767
:1060B000E5FC00B906E04FF40041F1480EF002FFA4
:1060C0000028F1D000BFED480068401CEB49086093
:1060D000EA4800683228E6DBEA48C07F40F0020068
:1060E000E849C8770020E549086011E006E0012092
:1060F00012F0E8F8EAF7C2FC00B903E0E248008ACF
:106100007828F4DC00BFDD480068401CDB490860EB
:10611000DA480068B0F5FA7FE8DBDA48C07F00F0C3
:10612000FD00D849C87740F2C620EEF7FFFC4FF4D7
:106130007A6012F0C7F810BD10B5FEF738FBFEF715
:1061400071FBD048C07F40F00200CE49C8770020E4
:10615000CA49086011E006E0012012F0B3F8EAF73E
:106160008DFC00B903E0C848008A7828F4DC00BF41
:10617000C2480068401CC1490860C0480068B0F5CA
:106180007A7FE8DBBF48C07F00F0FD00BD49C877DB
:106190004FF4FA6012F096F80120BC4908600846F6
:1061A0000068012855D14FF4AF70EEF7BFFC002016
:1061B000B249086019E006E0012012F083F8EAF71E
:1061C0005DFC00B90BE0B2490968B24A1268881A4E
:1061D000002801DB014600E041423229ECDC00BF2F
:1061E000A6480068401CA5490860A4480068962895
:1061F000E1DBFFF731FE4FF47A7012F063F8A1484B
:10620000C07F40F002009F49C87700209B4908608A
:1062100011E006E0012012F055F8EAF72FFC00B972
:1062200003E09948008A7828F4DC00BF93480068AE
:10623000401C9249086091480068B0F57A7FE8DB1D
:106240009048C07F00F0FD008E49C87702208F493A
:1062500008608E480068022872D1FFF7E7F9002035
:106260008D4908608D4908604FF47A7012F02AF861
:10627000FEF79DFA8348C07F40F002008149C8774D
:1062800000207E49086011E006E0012012F01AF8B3
:10629000EAF7F4FB00B903E07B48008A7828F4DCD5
:1062A00000BF76480068401C744908607348006865
:1062B000B0F57A7FE8DB7348C07F00F0FD007149DC
:1062C000C877FEF7AFFA402175480EF0FBFD18B90C
:1062D00004206E49086033E0FFF7BEFD6948C07FC7
:1062E00040F002006749C87700206449086011E067
:1062F00006E0012011F0E6FFEAF7C0FB00B903E079
:106300006148008A7828F4DC00BF5C480068401CC3
:106310005A490860594800686428E9DB5948C07F39
:1063200000F0FD005749C87740215D480EF0CAFDD6
:1063300018B904205549086002E003205349086059
:106340005248006803283FD1FFF770F900205249F6
:106350000860524908604FF47A7011F0B3FFFEF7FD
:1063600026FA4848C07F40F002004649C87700201E
:106370004249086011E006E0012011F0A3FFEAF7AE
:106380007DFB00B903E04048008A7828F4DC00BFB8
:106390003A480068401C3949086038480068B0F540
:1063A0007A7FE8DB3748C07F00F0FD003549C877C9
:1063B000FEF738FA4FF47A7011F084FF0420334965
:1063C00008600020EDF79FF930480068042835D1B7
:1063D000FFF713FE2B48C07F40F002002949C87721
:1063E00000202649086011E006E0012011F06AFF54
:1063F000EAF744FB00B903E02348008A7828F4DC7C
:1064000000BF1E480068401C1C4908601B4800680B
:10641000B0F57A7FE8DB1B48C07F00F0FD0019492A
:10642000C87740211E480EF04DFD012803D10720FA
:106430001649086002E00520144908601348006806
:10644000072856D1002014490860144908604FF409
:10645000AF70EEF76BFBFEF7AAF9FEF7E3F9FFF773
:10646000FBFC0848C07F40F002000649C8770020C6
:106470000249086028E00000000402403C040020BB
:10648000000C024004000020BE0800209002002002
:10649000BC0000208C04002070010020740100204A
:1064A0000008024006E0012011F00CFFEAF7E6FACE
:1064B00000B903E0F748008A7828F4DC00BFF6480A
:1064C0000068401CF4490860F3480068B0F57A7F22
:1064D000E8DBF248C07F00F0FD00F049C877FFF725
:1064E000A5F80020EDF70FF9FFF787FD0520EC492F
:1064F0000860EB480068052874D1E848C07F40F088
:106500000200E649C8770020E349086011E006E090
:10651000012011F0D7FEEAF7B1FA00B903E0DD4837
:10652000008AA028F4DC00BFDB480068401CDA4980
:106530000860D9480068B0F57A7FE8DBD748C07FAB
:1065400000F0FD00D549C8770020D34908601BE062
:1065500006E0012011F0B6FEEAF790FA00B90DE06E
:106560004FF40071CF480EF0ADFC0028F1D04FF48D
:106570000061CC480EF0A6FC0028EAD000BFC64857
:106580000068401CC4490860C348006840F22621E6
:106590008842DDDB40F6C41011F094FE0020BE49B5
:1065A000086011E006E0012011F08CFEEAF766FABF
:1065B00000B903E0BC480068B428F4DB00BFB6486B
:1065C0000068401CB4490860B348006840F22621C6
:1065D0008842E7DB4FF40270EEF796FA0020AE49EE
:1065E00008601AE021E006E0012011F06BFEEAF7F6
:1065F00045FA00B90BE0AD490968AD4A1268881A3E
:10660000002801DB014600E041420F29ECDC00BF1D
:10661000A1480068401CA04908609F48006896286F
:10662000E1DBFEF7C4F8FEF7FDF810BD10B5FEF78C
:10663000BEF8FEF7F7F89948C07F40F0020097498E
:10664000C87700209449086011E006E0012011F0AD
:1066500039FEEAF713FA00B903E08E48008A782879
:10666000F4DC00BF8C480068401C8B4908608A48F5
:106670000068B0F57A7FE8DB8848C07F00F0FD0055
:106680008649C8774FF4FA6011F01CFE0120844956
:10669000086008460068012855D14FF4AF70EEF746
:1066A00045FA00207C49086019E006E0012011F05D
:1066B00009FEEAF7E3F900B90BE07C4909687C4A76
:1066C0001268881A002801DB014600E041423229A5
:1066D000ECDC00BF70480068401C6F4908606E48E1
:1066E00000689628E1DBFFF7B7FB4FF47A7011F0F2
:1066F000E9FD6A48C07F40F002006849C877002081
:106700006549086011E006E0012011F0DBFDEAF7C1
:10671000B5F900B903E05F48008A7828F4DC00BFCF
:106720005D480068401C5C4908605B480068B0F543
:106730007A7FE8DB5948C07F00F0FD005749C877F1
:106740000220574908605648006802287ED1FEF7AB
:106750006DFF002057490860574908604FF47A7070
:1067600011F0B0FDFEF723F84C48C07F40F0020066
:106770004A49C87700204849086011E006E0012036
:1067800011F0A0FDEAF77AF900B903E04148008A68
:106790007828F4DC00BF40480068401C3E4908608F
:1067A0003D480068B0F57A7FE8DB3C48C07F00F0E8
:1067B000FD003A49C877FEF735F840213F480EF012
:1067C00081FB18B90520364908603FE040213B486D
:1067D0000EF078FB012839D1FFF73EFB2F48C07F30
:1067E00040F002002D49C87700202B49086011E0D5
:1067F00006E0012011F066FDEAF740F900B903E078
:106800002448008A7828F4DC00BF23480068401C34
:1068100021490860204800686428E9DB1F48C07FE0
:1068200000F0FD001D49C877402124480EF04AFBC6
:1068300018B905201A49086008E040211F480EF0E9
:1068400041FB012802D10320154908601448006863
:10685000032854D1FEF7EAFE0020164908601649C5
:1068600008604FF47A7011F02DFDFDF7A0FF0B4882
:10687000C07F40F002000949C8770020064908603F
:1068800028E01DE0012011F01DFDEAF7F7F8B8B986
:106890001AE00000BE0800203C0400200400002094
:1068A0009002002000100240A4000020BC00002044
:1068B0008C040020700100207401002000080240B8
:1068C000FE48008A7828DDDC00BFFD480068401CD7
:1068D000FB490860FA480068B0F57A7FD1DBF948D7
:1068E000C07F00F0FD00F749C877FDF79BFF40210E
:1068F000F5480EF0E7FA18B90520F44908603BE0C6
:106900004FF47A7011F0DEFCFFF7A6FAED48C07F75
:1069100040F00200EB49C8770020E949086011E027
:1069200006E0012011F0CEFCEAF7A8F800B903E078
:10693000E248008A7828F4DC00BFE1480068401C87
:10694000DF490860DE480068B0F57A7FE8DBDD48A3
:10695000C07F00F0FD00DB49C8774021DA480EF027
:10696000B1FA18B90520D949086002E00420D749D6
:1069700008600020ECF7C7FED4480068042866D100
:10698000D048C07F40F00200CE49C8770020CC49F3
:10699000086011E006E0012011F094FCEAF76EF8BF
:1069A00000B903E0C548008A7828F4DC00BFC44879
:1069B0000068401CC2490860C1480068B0F57A7F91
:1069C000E8DBC048C07F00F0FD00BE49C877FEF795
:1069D0002DFE0020BE490860BE4908604FF47A7061
:1069E00011F070FCFDF7E3FEB648C07F40F00200F6
:1069F000B449C8770020B249086011E006E00120E0
:106A000011F060FCEAF73AF800B903E0AB48008AFD
:106A10007828F4DC00BFAA480068401CA849086038
:106A2000A7480068B0F57A7FE8DBA648C07F00F091
:106A3000FD00A449C877FDF7F5FE4FF47A7011F018
:106A400041FC0520A14908600020ECF75CFE9F484E
:106A50000068052835D1FFF7D0FA9A48C07F40F08A
:106A600002009849C87700209549086011E006E0C7
:106A7000012011F027FCEAF701F800B903E08F4884
:106A8000008A7828F4DC00BF8D480068401C8C49DF
:106A900008608B480068B0F57A7FE8DB8948C07FE2
:106AA00000F0FD008749C877402187480EF00AFAB8
:106AB000012803D107208549086002E006208349A8
:106AC000086082480068072830D1002080490860AB
:106AD000804908604FF4AF70EEF728F8FDF767FEC5
:106AE000FDF7A0FEFFF7B8F900207549086011E036
:106AF00006E0012011F0E6FBE9F7C0FF00B903E072
:106B00006E48008A7828F4DC00BF6D480068401C9D
:106B10006B4908606A480068B0F57A7FE8DBFEF7E9
:106B200085FDFFF76AFA0620684908606748006833
:106B3000062874D16348C07F40F002006149C877DD
:106B400000205F49086011E006E0012011F0BAFB67
:106B5000E9F794FF00B903E05848008A8C28F4DC78
:106B600000BF57480068401C5549086054480068F9
:106B7000B0F57A7FE8DB5348C07F00F0FD00514953
:106B8000C87700204E4908601BE006E0012011F0A4
:106B900099FBE9F773FF00B90DE04FF400714E481F
:106BA0000EF090F90028F1D04FF400614A480EF041
:106BB00089F90028EAD000BF41480068401C4049DC
:106BC00008603F48006840F226218842DDDB40F63D
:106BD000C41011F077FB00203949086011E006E08D
:106BE000012011F06FFBE9F749FF00B903E03B48D2
:106BF0000068DC28F4DB00BF31480068401C3049E5
:106C000008602F48006840F226218842E7DB4FF4F5
:106C10000270EDF779FF0020294908601AE021E0B1
:106C200006E0012011F04EFBE9F728FF00B90BE068
:106C30002B4909682B4A1268881A002801DB014693
:106C400000E041420F29ECDC00BF1D480068401CF9
:106C50001B4908601A4800689628E1DBFDF7A7FD8C
:106C6000FDF7E0FD10BD10B5FDF7A1FDFDF7DAFD64
:106C70001448C07F40F002001249C8770020104934
:106C8000086011E006E0012011F01CFBE9F7F6FEB8
:106C900000B903E00948008A7828F4DC00BF0848FE
:106CA0000068401C0649086005480068B0F57A7F16
:106CB000E8DB4FF47A7011F005FB15E0BE08002008
:106CC0003C04002004000020000802409002002044
:106CD000700100207401002000100240A400002078
:106CE000BC0000208C040020FE48C07F00F0FD00A6
:106CF000FC49C8770120FC49086008460068012863
:106D000055D14FF4AF70EDF711FF0020F74908603F
:106D100019E006E0012011F0D5FAE9F7AFFE00B95D
:106D20000BE0F3490968F34A1268881A002801DB6E
:106D3000014600E041423229ECDC00BFEB4800682C
:106D4000401CEA490860E94800689628E1DBFFF743
:106D500083F84FF47A7011F0B5FAE248C07F40F042
:106D60000200E049C8770020E049086011E006E031
:106D7000012011F0A7FAE9F781FE00B903E0DE482F
:106D8000008A7828F4DC00BFD8480068401CD74946
:106D90000860D6480068B0F57A7FE8DBD148C07F4C
:106DA00000F0FD00CF49C8770220CF490860CE48E7
:106DB0000068022838D1FEF739FC0020CF4908606E
:106DC000CF4908604FF47A7011F07CFAFDF7EFFCC0
:106DD000C448C07F40F00200C249C8770020C349C0
:106DE000086011E006E0012011F06CFAE9F746FEB8
:106DF00000B903E0C048008A7828F4DC00BFBB4833
:106E00000068401CB9490860B8480068B0F57A7F4E
:106E1000E8DBB448C07F00F0FD00B249C877FDF759
:106E200001FD0320B0490860AF480068032804D181
:106E3000FFF7E3F80420AC490860AB480068042879
:106E400078D1A848C07F40F00200A649C87700204A
:106E5000A649086011E006E0012011F033FAE9F7D5
:106E60000DFE00B903E0A448008A7828F4DC00BFD6
:106E70009E480068401C9D4908609C480068B0F529
:106E80007A7FE8DB41F2707011F01CFA9548C07F00
:106E900000F0FD009349C8770020944908601BE08A
:106EA00006E0012011F00EFAE9F7E8FD00B90DE067
:106EB0004FF4007193480EF005F80028F1D04FF41C
:106EC000006190480DF0FEFF0028EAD000BF87481F
:106ED0000068401C854908608448006840F20E61E3
:106EE0008842DDDB40F6C41011F0ECF900207F4948
:106EF000086011E006E0052011F0E4F9E9F7BEFDB5
:106F000000B903E080480068DC28F4DB00BF774864
:106F10000068401C754908607448006840F22621EA
:106F20008842E7DB4FF40270EDF7EEFD00206F4979
:106F300008601AE026E006E0012011F0C3F9E9F745
:106F40009DFD00B90BE06A4909686A4A1268881A0F
:106F5000002801DB014600E041420A29ECDC00BFC9
:106F600062480068401C61490860604800689628D3
:106F7000E1DBFDF71CFCFDF755FCFEF76DFF06207D
:106F80005949086010BD10B5FDF711FC96205F4906
:106F900008605F4800685F49086096205E490860A5
:106FA0005E4800685E4908605E480068012802D1BA
:106FB000FFF759FE13E05B480068022802D1FFF793
:106FC000BBF80CE057480068032802D1FFF72EFBFE
:106FD00005E054480068042801D1FFF727FB414829
:106FE000C07F00F0DF003F49C8770846C07F00F04F
:106FF0007F00C8770020ECF786FB10BD10B5FDF7C9
:10700000D6FB962041490860414800684149086024
:10701000962041490860414800684149086041485C
:107020000068012802D1FFF71EFE13E03D4800680A
:10703000022802D1FFF780F80CE03A4800680328E4
:1070400002D1FFF7F3FA05E036480068042801D1C1
:10705000FFF7ECFA10BD0EB5B6EE001ADFED320AFE
:1070600006209FED320AECF780FC40F2DC5011F074
:1070700029F9FDF7D7FB00201C49086019E006E05C
:10708000012011F01FF9E9F7F9FC00B90BE02849DC
:107090000968284A1268881A002801DB014600E0C6
:1070A00041420529ECDC00BF10480068401C0F4934
:1070B00008600E4800689628E1DB00200B49086054
:1070C0004AE03FE00A206FF0C7010122B223CDE978
:1070D000002102904FF4617211460620F1F7CBFFB8
:1070E000012029E004000020900200203C04002040
:1070F000BC0000208C040020BE080020700100208D
:107100007401002000100240A4000020C0040020F0
:10711000B4010020A4040020C4040020B801002011
:10712000B004002094020020000061440000E1440B
:10713000B00000209804002011F0C4F8E9F79EFC8C
:1071400000B903E0FE4800682F28BBDC00BFFD4803
:107150000068401CFB490860FA48006840F226219C
:107160008842AEDB0020ECF7CEFA4FF47A71B02003
:10717000EEF756FF0020ECF7C6FA0EBD70B50446D8
:107180000D460020EF49086011E006E00A2011F0EA
:1071900099F8E9F773FC00B903E0E9480068A042F8
:1071A000F4DB00BFE7480068401CE6490860E5489A
:1071B0000068A842E9DB70BD10B5E348C07F40F02D
:1071C0000200E149C8770020DE49086011E006E0CE
:1071D000012011F077F8E9F751FC00B903E0DB4832
:1071E00000687828F4DC00BFD6480068401CD54908
:1071F0000860D4480068B0F57A7FE8DBD248C07FE9
:1072000000F0FD00D049C877084690F8230040F010
:10721000010081F8230041F2707011F053F8CA4860
:10722000C07F40F00200C849C8770020C549086007
:1072300011E006E0012011F045F8E9F71FFC00B964
:1072400003E0C24800687828F4DB00BFBD4800684E
:10725000401CBC490860BB480068B0F57A7FE8DB99
:1072600042F6F82011F02EF8B748C07F00F0FD007C
:10727000B549C8770120B64908600846006801286A
:1072800015D1FA20B3490860B3480068B3490860D3
:10729000FA20B3490860B3480068B34908604FF466
:1072A0007A717A20FFF76AFF0220A949086010BDB1
:1072B00010B58021AD480DF005FE012802D1FEF782
:1072C00040FC3BE0282305226421A94800680A30DD
:1072D000F7F7E4FC0020ECF716FA44F6206010F013
:1072E000F1FF9948C07F40F002009749C87706E057
:1072F000012010F0E7FFE9F7C1FB00B903E09D486A
:107300000068BE28F4DC00BF8F48C07F00F0FD009D
:107310008D49C8774FF47A71A220EEF781FE0020E4
:10732000ECF7F1F928230522642193480068F7F768
:10733000B5FC0020ECF7E7F9FEF703FC0020ECF7C2
:10734000E2F910BD2DE9F04705460C461E267C48A3
:10735000D0F800908948D0F800A0A9EB04000028DC
:1073600001DB014600E041420F46AAEB0500002880
:1073700001DB014600E041428846B7420BDDB045E3
:1073800009DD0020ECF7BFF96F48C07F40F0020034
:107390006D49C87714E0474509DC142304226421B1
:1073A0002046F7F77BFC0020ECF7ADF908E014234A
:1073B000042264212846F7F7F2FB0020ECF7A3F93A
:1073C000BDE8F0872DE9F04705460C461E265C48CF
:1073D000D0F800906948D0F800A0A9EB040000287C
:1073E00001DB014600E041420F46AAEB0500002800
:1073F00001DB014600E041428846B7420BDDB04563
:1074000009DD0020ECF77FF94F48C07F40F0020013
:107410004D49C87714E0474509DC11230422642153
:107420002046F7F78AFC0020ECF76DF908E00F23FF
:10743000042264212846F7F7B2FB0020ECF763F939
:10744000BDE8F08770B5FDF7B2F94D48007810B986
:107450004C48007808B3494B18684B4C24684B4D96
:107460002D68631903EBD3746110484C2468484DB0
:107470002D68631903EBD3746210884203DA012389
:10748000444C237008E0904203DA0223414C2370FD
:1074900002E003233F4C237027E03F48007810B9F7
:1074A0003E48007808B3354B18683D4C24683D4D84
:1074B0002D68631903EBD37462103A4C24683A4D7B
:1074C0002D68631903EBD3746110904203DA012332
:1074D000304C237008E0884203DA02232D4C2370DD
:1074E00002E003232B4C237000BF70BD10B50021B8
:1074F0009FED2E0A40F27A30ECF7C8F906E0012041
:1075000010F0E0FEE9F7BAFA00B903E0EBF7D4FFB8
:107510000028F4D100BF0020ECF7F5F8FDF747F99B
:10752000FDF780F9FFF78EFF1548007810B9154870
:10753000007820B117480078012848D138E06CE085
:107540009C0000203C04002004000020A800002033
:10755000E0000020C0040020B4010020A4040020AA
:10756000C4040020B8010020B0040020000802403C
:1075700000020020A4000020FC0100209800002050
:10758000980200209B020020040200200802002034
:107590000C0200209C020020990200209A02002088
:1075A000100200201402002018020020CDCC4C3E16
:1075B000F7480168F7480068FFF7C4FE0020ECF7C1
:1075C000A2F84FF47A71A220EEF72AFD63E0F248A8
:1075D000007802280ED1F1480168F1480068FFF7F1
:1075E000B1FE0020ECF78FF84FF47A71A220EEF78D
:1075F00017FD50E0E848007803284CD1E9480168BD
:10760000E9480068FFF79EFE0020ECF77CF84FF495
:107610007A71A220EEF704FD3DE0E448007810B94D
:10762000E348007820B3DC48007801280ED1E14817
:107630000168E1480068FFF785FE0020ECF763F879
:107640004FF47A71AA20EEF7EBFC24E0D2480078E0
:1076500002280ED1D9480168D9480068FFF772FEA8
:107660000020ECF750F84FF47A71A220EEF7D8FC26
:1076700011E0C948007803280DD1D2480168D248EA
:107680000068FFF75FFE0020ECF73DF84FF47A71D9
:10769000A220EEF7C5FC0020ECF735F84FF402709D
:1076A000EDF732FA0020C949086019E006E0012030
:1076B00010F008FEE9F7E2F900B90BE0C4490968E7
:1076C000C44A1268881A002801DB014600E04142E2
:1076D0000A29ECDC00BFBD480068401CBB490860BB
:1076E000BA480068FA28E1DBFEF72BFA10BD70B546
:1076F000EAF78DFDC622B849A320F7F721FEFFF770
:107700005BFDB6480068022801D1FCF7DDFFB448F4
:107710000068012805D19520FDF773F90220B049D2
:107720000860AF480068022809D1AE480068012807
:1077300005D1FFF728FC0320A949086066E0A848A6
:107740000068022862D1A748006802285ED10021A3
:107750001FED6A0A40F27A30ECF798F806E0012053
:1077600010F0B0FDE9F78AF900B903E0EBF7A4FEE9
:107770000028F4D100BF0020EBF7C5FF4FF47A7169
:10778000A220EEF74DFC0020EBF7BDFF8348016817
:1077900083480068FFF7D6FD0020EBF7B4FFFFF742
:1077A00087FD0020EBF7AFFF4FF43470EDF7ACF935
:1077B0001FED821ADFED8C0A14209FED8C0AECF786
:1077C000D4F8EAF7FDFF06E0012010F07BFDE9F7B1
:1077D00055F900B913E0E9F787F90546E9F757F9D4
:1077E000041E01DB204600E06042002D01DB29463B
:1077F00000E06942084440F6B8318842E4DB00BF4B
:107800000020EBF780FF0320754908600020EBF7AC
:107810007AFF73480068032809D17248006801287C
:1078200005D1FFF763FE04206D49086014E06C4841
:107830000068032810D16B48006802280CD1FFF7BC
:10784000DDFBFCF7B4FF6A480068002801DDFFF7A4
:107850004DFE0420624908600020EBF754FF6048A9
:107860000068042815D1FCF7A2FF614800680028D1
:107870000CDD4FF43470EDF747F914230422642132
:1078800043480068F7F70AFAFFF7EDF90520544975
:1078900008600020EBF737FF70BD10B54FF40041D2
:1078A00054480DF00FFB28B14FF4806151480DF0A2
:1078B00009FB18B901205049086002E000204E4938
:1078C00008604FF400514B480DF0FCFA28B14FF41A
:1078D000805148480DF0F6FA18B901204749086070
:1078E00002E00020454908604FF4804141480DF016
:1078F000E9FA28B14FF4804141480DF0E3FA18B994
:1079000001204049086002E000203E4908604FF431
:1079100000613B480DF0D6FA28B14FF48061384839
:107920000DF0D0FA18B901203749086002E00020B4
:107930003549086010BD70B5FFF7AFFFFCF7C4FE16
:1079400027480068012805D19520FDF75AF8022044
:107950002349086022480068022809D121480068AC
:10796000012805D1FFF70FFB03201D490860A6E0A1
:107970001B48006802287CD11A480068022878D188
:1079800000211FEDF60A40F27A30EBF77FFF44E06A
:10799000F8010020040200209C020020FC010020CD
:1079A00008020020000200200C02002099020020A2
:1079B0009A0200201C020020100200202002002059
:1079C0001402002024020020180200203C040020A1
:1079D000BC0000208C0400205CF9FFFFE0000020C8
:1079E0007002002040030020000061440000E144D8
:1079F0009402002000040240600200206402002083
:107A0000000C0240680200205C020020012010F0FF
:107A100059FCE9F733F800B903E0EBF74DFD002816
:107A2000F4D100BF0020EBF76EFE4FF47A71A22074
:107A3000EEF7F6FA0020EBF766FEFE480168FE4816
:107A40000068FFF77FFC0020EBF75DFEFFF730FCDE
:107A50000020EBF758FE4FF43470EDF755F89FED2A
:107A6000F71A5FED1F0A14201FED200AEBF77DFFC8
:107A700000E024E0EAF7A4FE06E0012010F022FC7A
:107A8000E8F7FCFF00B913E0E9F72EF80546E8F740
:107A9000FEFF041E01DB204600E06042002D01DBFA
:107AA000294600E06942084440F6B8318842E4DBE8
:107AB00000BF0020EBF727FE0320E149086000200B
:107AC000EBF721FEDE480068032809D1DD48006895
:107AD000012805D1FFF70AFD0420D949086014E008
:107AE000D7480068032810D1D648006802280CD176
:107AF000FFF784FAFCF75BFED3480068002801DD3D
:107B0000FFF7F4FC0420CE4908600020EBF7FBFDF2
:107B1000CB480068042816D1FCF749FECA48006823
:107B200000280DDD4FF43470ECF7EEFF142304222F
:107B30004FF47A71C5480068F7F7B0F8FFF793F88B
:107B40000520BF4908600020EBF7DDFD70BDC0488F
:107B5000006801280DD1BF48007818B10120BE4946
:107B600008601BE0BD480078C0B10220BA49086037
:107B700014E0B748006802280DD1B948007818B160
:107B80000320B549086009E0B648007830B1042008
:107B9000B149086002E00020AF4908607047FEB5B7
:107BA0000446FCF704FEFCF7BAFEFFF7D0FFAA4834
:107BB0000068012803D0A8480068042801D10120EA
:107BC00000E000200546A4480068022803D0A2482F
:107BD0000068032801D1012000E000200646B7EE2E
:107BE000081ADFEDA10A37209FEDA00AEBF7BDFED2
:107BF00000209F49086011E006E0012010F062FBC0
:107C0000E8F73CFF00B903E09A480068D228F4DBAB
:107C100000BF97480068401C954908609448006878
:107C200040F226218842E7DBB7EE081ADFED8E0A24
:107C300028209FED910AEBF798FE00208C49086000
:107C400011E006E0012010F03DFBE8F717FF00B956
:107C500003E08A480068A028F4DB00BF844800687D
:107C6000401C834908608248006840F2262188420F
:107C7000E7DBB7EE081A5FEDA40A23209FED800A28
:107C8000EBF773FE06E0012010F01CFBE8F7F6FEB0
:107C900000B904E07B480068B0F5577FF3DB00BF14
:107CA0000020734908601FE014E00A206FF095017E
:107CB00002222346CDE9002102904FF46172002197
:107CC0001E20F1F7E2FA052010F0FCFAE8F7D6FEE4
:107CD00000B903E069480068AF28E6DC00BF6448EB
:107CE0000068401C624908606148006840F2262133
:107CF0008842D9DB00205E49086023E018E01420A8
:107D00006FF0950101222346CDE9002102904FF446
:107D1000617200210A20F1F7B8FA4FF40270ECF713
:107D2000FCFE012010F0CEFAE8F7A8FE00B903E04F
:107D300052480068A528E2DC00BF4D480068401C9E
:107D40004B4908604A48006840F226218842D5DB4A
:107D50000020EBF7D8FCFEBDFEB50446FCF727FD7E
:107D6000FCF7DDFDFFF7F3FE3B480068012803D078
:107D700039480068042801D1012000E000200546B0
:107D800035480068022803D033480068032801D131
:107D9000012000E000200646B7EE081ADFED320AA7
:107DA00037209FED320AEBF7E0FD002030490860F4
:107DB00011E006E0012010F085FAE8F75FFE00B957
:107DC00003E02C480068C828F4DB00BF284800689E
:107DD000401C274908602648006840F22621884256
:107DE000E7DBB7EE081ADFED200A28209FED260A10
:107DF000EBF7BBFD00201E49086011E006E0012002
:107E000010F060FAE8F73AFE00B903E01B4800689A
:107E1000BE28F4DB00BF16480068401C1449086007
:107E20001348006840F226218842E7DBB7EE081AC3
:107E30002CE00000FC01002008020020CDCC4C3ECC
:107E4000700200204003002094020020F80100206E
:107E50004405002098020020C4010020990200205F
:107E60009A0200209B020020000000000000204237
:107E70003C0400209800002000802244A000002044
:107E80000000C842F003002000803B44DFEDFA0A06
:107E900023201FED050AEBF768FD06E0012010F036
:107EA00011FAE8F7EBFD00B904E0F4480068B0F51A
:107EB000577FF3DB00BF0020F14908601FE014E0AA
:107EC0000A206FF0F90103222346CDE90021029038
:107ED0004FF4617200211E20F1F7D7F9052010F050
:107EE000F1F9E8F7CBFD00B903E0E6480068AF28F8
:107EF000E6DC00BFE2480068401CE1490860E04859
:107F0000006840F226218842D9DB0020DC49086065
:107F100022E017E00A206FF0950101222346CDE907
:107F2000002102904FF461720021F1F7AEF94FF495
:107F30000270ECF7F2FD012010F0C4F9E8F79EFDA5
:107F400000B903E0CF480068A528E3DC00BFCC48B7
:107F50000068401CCA490860C948006840F22621F0
:107F60008842D6DB0020EBF7CEFBFEBDFEB5044613
:107F7000FCF71DFCFCF7D3FCFFF7E9FDC2480068E5
:107F8000012803D0C0480068042801D1012000E086
:107F900000200546BC480068022803D0BA480068A3
:107FA000032801D1012000E000200646B7EE081AA0
:107FB0005FED530A37209FEDB50AEBF7D6FC0020A2
:107FC000AF49086011E006E0012010F07BF9E8F706
:107FD00055FD00B903E0AE480068C828F4DB00BFD7
:107FE000A7480068401CA6490860A548006840F200
:107FF00026218842E7DBB7EE081A5FED650A2820E4
:108000009FEDA40AEBF7B1FC00209D49086011E048
:1080100006E0012010F056F9E8F730FD00B903E062
:1080200098480068D228F4DB00BF95480068401CDF
:10803000934908609248006840F226218842E7DBB5
:10804000B7EE081ADFED8C0A23201FED730AEBF759
:108050008CFC06E0012010F035F9E8F70FFD00B9BF
:1080600004E086480068B0F5577FF3DB00BF0020CE
:10807000834908601FE014E00A206FF0F901032231
:108080002346CDE9002102904FF4617200211E20A9
:10809000F1F7FBF8052010F015F9E8F7EFFC00B94F
:1080A00003E078480068AF28E6DC00BF7448006849
:1080B000401C734908607248006840F226218842DB
:1080C000D9DB00206E49086022E017E00A206FF03B
:1080D000950101222346CDE9002102904FF46172FF
:1080E0000021F1F7D2F84FF40270ECF716FD0120F1
:1080F00010F0E8F8E8F7C2FC00B903E06148006856
:10810000A528E3DC00BF5E480068401C5C490860AD
:108110005B48006840F226218842D6DB0020EBF75E
:10812000F2FAFEBD2DE9F041FCF741FBFCF7F7FB4D
:10813000FFF70DFDECF7E2FC40F24F1056490860E6
:108140005649086050480068012803D04E4800682E
:10815000042801D1012000E0002005464A480068BB
:10816000022803D048480068032801D1012000E01C
:10817000002006464A480068032803DD4848006896
:10818000C01E01E0464800680446012C05D125B117
:1081900044480068FFF703FD29E0012C05D126B112
:1081A00041480068FFF7FBFC21E0022C05D125B116
:1081B0003E480068FFF7D0FD19E0022C05D126B13A
:1081C0003B480068FFF7C8FD11E0032C05D125B13D
:1081D00038480068FFF7CAFE09E0032C05D126B134
:1081E00035480068FFF7C2FE01E0BDE8F0812C4889
:1081F0000068032866DCFFF779F91FEDF01ADFED60
:108200001E0A14209FED2D0AEBF7AFFBEAF7D8FA10
:1082100006E0012010F056F8E8F730FC00B915E050
:10822000E8F762FC8046E8F732FC071E01DB3846BF
:1082300000E07842B8F1000F01DB414601E0C8F1EF
:108240000001084440F6B8318842E2DB00BF00205C
:10825000EBF759FA4FF43470ECF756FC0020EBF7CB
:1082600052FAFEF790FEFCF7A2FA154800680028C3
:108270003ADDFFF73BF937E000006144F0030020EE
:108280003C040020A0000020C4010020000048425F
:108290009800002000004844800400208C04002046
:1082A0002003002004020020100200200802002009
:1082B000140200200C020020180200200000E144FB
:1082C00094020020FE48006804280DDB4FF434704F
:1082D000ECF71AFCFEF757FEFCF769FAF94800685C
:1082E000002801DDFFF702F900BF7EE72DE9F0412C
:1082F00004460D460020F44908603DE02CE0F348B8
:108300000068071B282204213846EFF7CAFF0646FB
:10831000EE480068001B002809DDB6EE001ADFED0C
:10832000EC0A30461FED1B0AEBF71FFB10E0E74895
:108330000068001B09D5B6EE001ADFEDE50A3046ED
:108340009FEDE30AEBF711FB02E00020EBF7DBF90E
:10835000E8F794FB00B909E0DC490968081B00282C
:1083600001DB014600E041420029C8DC00BFD648DD
:108370000068401CD4490860D3480068A842BDDBAF
:10838000BDE8F0812DE9F04704460D4616461F462C
:108390000020CD4908603EE02DE0CE480068A0EB0B
:1083A00004083A4631464046EFF77BFF8146C9480C
:1083B0000068001B002809DDB6EE001ADFEDC40AD4
:1083C00048461FED530AEBF7D0FA10E0C1480068A9
:1083D000001B09D5B6EE001ADFEDBD0A48469FED39
:1083E000BE0AEBF7C2FA02E00020EBF78CF9E8F7DF
:1083F00045FB00B909E0B7490968081B002801DB03
:10840000014600E041420029C7DC00BFAE480068D9
:10841000401CAD490860AC480068A842BCDBBDE820
:10842000F08710B5AD480068012806D12323042247
:10843000C821BB20FFF7A6FF2CE0A848006802284F
:1084400006D123230422C821DB20FFF79BFF21E074
:10845000A2480068032806D123230422C821FA2059
:10846000FFF790FF16E09D480068042807D09B485E
:108470000068052803D09948006806280AD14FF4FF
:108480007A719620FFF732FF23230422C821B920F6
:10849000FFF778FF0020EBF736F9904800680128D5
:1084A00007D08E480068022803D08C480068032853
:1084B00076D14FF40270ECF739FB4FF47A718720D4
:1084C000FFF714FF0020EBF71EF98548006800282D
:1084D00068D184480068002864D1962082490860E9
:1084E0004FF4D2708149086000207749086019E094
:1084F00006E001200FF0E6FEE8F7C0FA00B90BE055
:108500007B490968794A1268881A002801DB01460C
:1085100000E041420529ECDC00BF6B480068401CCC
:10852000694908606848006840F226218842DFDB1C
:10853000042305224FF4A5714FF40270FDF7B7F83C
:108540004FF4FA600FF0BEFEFA20674908606948F0
:1085500000686649086000205B49086019E006E091
:1085600001200FF0AFFEE8F789FA00B90BE060498F
:1085700009685E4A1268881A002801DB014600E09B
:1085800041420F29ECDC00BF4F480068401C4E49B7
:1085900008604D48006840F226218842DFDBE5E0B4
:1085A00069E0FFE74E4800680128F8D14D480068AF
:1085B0000028F4D19620504908604FF4EB704F49E1
:1085C000086000204049086019E006E001200FF033
:1085D00079FEE8F753FA00B90BE049490968474AC0
:1085E0001268881A002801DB014600E041420F2989
:1085F000ECDC00BF34480068401C33490860324856
:10860000006840F226218842DFDB012305224FF477
:108610000270FDF72DF94FF4FA600FF053FEFA20C7
:108620003549086037480068344908600020264909
:10863000086019E006E001200FF044FEE8F71EFA9A
:1086400000B90BE02E4909682C4A1268881A0028E4
:1086500001DB014600E041421429ECDC00BF1A486E
:108660000068401C184908601748006840F226213D
:108670008842DFDB7AE019480068042807D01748F1
:108680000068052803D01548006806286ED1FCF75D
:108690008EF8FCF7C7F84FF47A719620FFF726FEA4
:1086A00023230422C821B920FFF76CFE0020EBF73A
:1086B0002AF800219FED140A1448EBF7E7F82EE0A2
:1086C00020030020940200203C0400209800002099
:1086D00000000000A4000020000061C42C03002062
:1086E0005C02002060020020C4040020B0040020CE
:1086F000C4000020B8010020C0040020A404002011
:10870000C0000020B40100209A99993F86FCFFFF29
:1087100001200FF0D7FDE8F7B1F900B903E0EAF75F
:10872000CBFE0028F4D100BF0020EAF7ECFF4FF4A5
:108730003470ECF7E9F90020EAF7E5FFFEF723FCD7
:108740000020EAF7E0FF00219FEDFC0A0A20EBF78A
:108750009DF806E001200FF0B5FDE8F78FF900B9AC
:1087600003E0EAF7A9FE0028F4D100BF0020EAF7F1
:10877000CAFFC820F2490860F2480068F249086060
:108780000020EAF7C0FF10BD0146081E01DB0246CB
:1087900000E0424200EE102AF8EEC01A9FEDEB1AFC
:1087A000B2EE002AF0EE410A42EE210ABDEEE01AD6
:1087B00011EE100A704770B5E5480068FFF7E4FF56
:1087C0000446E34800685E2821DA0C214FF461700A
:1087D000EBF7C1F8E9F7F4FF06E005200FF072FDB2
:1087E000E8F74CF900B911E0E8F77EF90646E8F73A
:1087F0004EF9051E01DB284600E06842002E01DB31
:10880000314600E071420844A042E6DB27E0D04850
:108810000068652820DD0C21CE48EBF79CF8E9F7CD
:10882000CFFF06E005200FF04DFDE8F727F900B96E
:1088300011E0E8F7ADF90646E8F780F9051E01DB1F
:10884000284600E06842002E01DB314600E071421C
:108850000844A042E6DB02E00020EAF754FF70BDC6
:10886000F0B52DED068B83B00027FFF716F84FF417
:10887000C870ECF75BF9B848006840B9B7480068C1
:1088800028B9FA20B6490860C320B6490860B6EE98
:10889000001A5FED710A37209FEDB30AEBF765F818
:1088A000E9F78EFF06E005200FF00CFDE8F7E6F88B
:1088B00000B913E0E8F718F90646E8F7E8F8051EEE
:1088C00001DB284600E06842002E01DB314600E073
:1088D0007142084444F638218842E4DB00BF64203A
:1088E000EAF711FF00BFA1490968A14A1268881A76
:1088F000002801DB014600E04142822905DB9D485A
:10890000C07F40F004009B49C87700BF9948C07FF2
:1089100040F002009749C87700209749086006E0B8
:10892000FFF749FF94480068401C9349086092484B
:10893000006841F288318842F2DB8E48C07F00F047
:10894000FD008C49C877B6EE001A5FED9F0A19202A
:108950009FED850AEBF709F800208749086011E0D0
:1089600006E001200FF0AEFCE8F788F800B903E05C
:10897000824800689B28F4DC00BF7F480068401CE8
:108980007D4908607C48006840F226218842E7DB88
:10899000B6EE001A5FEDB20A0A209FED730AEAF7FD
:1089A000E4FF00207449086011E006E001200FF0A8
:1089B00089FCE8F763F800B903E07048006886288E
:1089C000F4DC00BF6C480068401C6B4908606A48D2
:1089D000006840F226218842E7DB0020EAF793FE98
:1089E0005D48006800287DD15C4800680028FAD105
:1089F00007204FF461714A42B7EE000A1423CDE913
:108A000000210290C8224B217820F2F732F940F27F
:108A1000DC500FF057FC5748C07F00F0FB00554971
:108A2000C87740F6B8300FF04DFC4FF4E670ECF725
:108A30006BF80020EAF767FEB6EE001A5FEDDC0A7D
:108A400014201FEDDD0AEAF790FFE9F7B9FE06E012
:108A500005200FF037FCE8F711F800B913E0E8F74C
:108A600043F80646E8F713F8051E01DB284600E048
:108A70006842002E01DB314600E07142084440F6B6
:108A8000C4118842E4DB00BF1E20EAF73CFEFA2056
:108A9000334908603A4800683249086096203949ED
:108AA0000860394800685A30384908600020324967
:108AB000086034E006E001200FF004FCE7F7DEFF79
:108AC00000B926E02E490968314A1268881A10F068
:108AD00002FA41EC1A0B9FED2F0B53EC102B10F008
:108AE0008BF900E01FE041EC180B214800681D499C
:108AF0000968451A002D01DB294600E06942084655
:108B000010F0E9F941EC190B53EC182B10F026FA90
:108B1000D1D300BF18480068401C174908601648A8
:108B200000683228C6DB0020EAF7EDFDFFF779FC8C
:108B30000020EAF7E8FD0024BFE200006666663F19
:108B4000BC0400208001002098040020000048425E
:108B5000240300207CFCFFFF5C0200206002002058
:108B6000C4040020B00400200000E144C000002044
:108B7000C4000020040000203C04002098000020D5
:108B8000B8010020C0040020B4010020A40400208B
:108B9000A8040020CDCCCCCCCCCCFC3FF948C07F85
:108BA00000F07F00F749C877DC20F7490860F748F4
:108BB0000068F7490860322305224FF4FA71AE20AD
:108BC000FFF7E0FB4FF47A71F720FFF78FFB0020EF
:108BD000EAF799FD00219FEDEF0AAA20EAF756FE79
:108BE00006E001200FF06EFBE7F748FF00B903E055
:108BF000EAF762FC0028F4D100BF0020EAF783FD09
:108C0000EBF76AFF40F2C620E349086040F28A2091
:108C1000E249086006210420E9F723FD0020E0492D
:108C20000860E0490860E0490860E0490860E04900
:108C3000086011E006E001200FF044FBE7F71EFF9B
:108C400000B903E0DB4800680028F4D000BFD84832
:108C50000068401CD6490860D5480068B0F5AF7F71
:108C6000E8DB0F20D4490860D449086040F28A202C
:108C7000C9490860C949086041F27C500FF022FBE5
:108C80000020EAF740FD0A20CB490860CB49086084
:108C900040F28A20C049086040F2C620BF490860FF
:108CA00041F27C500FF00EFB0020EAF72CFD002073
:108CB000BF49086011E006E001200FF003FBE7F771
:108CC000DDFE00B903E0BE4800680028F4D000BF14
:108CD000B7480068401CB6490860B5480068B0F560
:108CE000AF7FE8DB0021B6EE000A0A20EAF7CEFDEE
:108CF00006E001200FF0E6FAE7F7C0FE00B903E056
:108D0000EAF7DAFB0028F4D100BF0020EAF7FBFC09
:108D10004FF4C870EBF70AFF0020EAF7F4FCFA20E2
:108D2000A8490860C320A84908600020A04908603D
:108D300019E006E001200FF0C5FAE7F79FFE00B941
:108D40000BE0A2490968A04A1268881A002801DBD2
:108D5000014600E041420F29ECDC00BF9448006866
:108D6000401C93490860924800683228E1DB00BF4C
:108D700097490968954A1268881A002801DB01465C
:108D800000E04142822905DB7E48C07F40F00400BC
:108D90007C49C87700BF7B48C07F40F0020079491A
:108DA000C87700208249086011E006E001200FF03A
:108DB00089FAE7F763FE00B903E079480068002804
:108DC000F4D000BF7A480068401C794908607848B0
:108DD0000068B0F5AF7FE8DB6A48C07F00F0FD00B7
:108DE0006849C87700207249086011E006E0012058
:108DF0000FF068FAE7F742FE00B903E07548006833
:108E0000D228F4DC00BF6A480068401C684908604A
:108E100067480068B0F5AF7FE8DB41F658300FF0E7
:108E200051FAB6EE001ADFED6C0A0A201FEDB20A05
:108E3000EAF79BFD40F6B8300FF044FA5148C07F86
:108E400040F002004F49C87700205949086006E009
:108E5000FFF7B1FC56480068401C5549086054486B
:108E6000006841F288318842F2DB4648C07F00F05A
:108E7000FD004449C8770020EAF745FCB6EE001A29
:108E8000DFED550A19201FEDC80AEAF76EFD002034
:108E90004749086011E006E001200FF013FAE7F7F8
:108EA000EDFD00B903E04D4800689A28F4DC00BFEE
:108EB0003F480068401C3E4908603D48006840F259
:108EC00026218842E7DBB6EE001ADFED430A0A20CE
:108ED0001FEDDB0AEAF749FD00203549086011E083
:108EE00006E001200FF0EEF9E7F7C8FD00B903E056
:108EF0003A4800688628F4DC00BF2D480068401C12
:108F00002B4908602A48006840F226218842E7DBA6
:108F10000020EAF7F8FB07204FF461714A42B7EEF0
:108F2000000A0A23CDE900210290C8224B217820B3
:108F3000F1F79FFE40F2DC500FF0C4F91148C07FFA
:108F400000F0FB000F49C87740F6B8300FF0BAF9CF
:108F50004FF4E670EBF7D8FD0020EAF7D4FBB6EE4D
:108F6000001ADFED1D0A14209FED1B0AEAF7FDFC35
:108F7000E9F726FC35E005200FF0A4F9E7F77EFDC0
:108F800070BB41E004000020BC04002080010020F0
:108F900098040020CDCC4C3E800400208C0400209E
:108FA0003C03002024030020280300202C03002081
:108FB0003C04002030030020B4040020B80400204A
:108FC00034030020C4040020B0040020C4000020AA
:108FD000C0000020A0000020000000009800002039
:108FE000FFE7E7F781FD0646E7F751FD051E01DBC8
:108FF000284600E06842002E01DB314600E0714265
:109000000844B0F5FA6FB6DB00BF1E20EAF77BFB21
:10901000FA20F7490860F7480068F7490860962089
:10902000F6490860F64800685A30F64908600020A2
:10903000F549086032E006E001200FF043F9E7F758
:109040001DFD00B924E0EB490968F04A1268881A4E
:109050000FF041FF41EC1A0B9FEDED0B53EC102B81
:109060000FF0CAFE41EC180BEB480068E2490968B2
:10907000451A002D01DB294600E0694208460FF041
:109080002AFF41EC190B53EC182B0FF067FFD3D3D9
:1090900000BFDD480068401CDB490860DA48006812
:1090A0003228C8DB0020EAF72EFBFFF7BAF90020D0
:1090B000DA490860DA490860641C082CFFF66EADD6
:1090C0000020EAF720FB03B0BDEC068BF0BD10B525
:1090D000FBF76DFBD3480068022802DDFDF72CF892
:1090E00001E0FDF7C0FD10BD70B50121CE480BF0C9
:1090F000E9FE60B9CD480068012808D1CC48C07F9E
:1091000000F0FD00CA49C877FEF7F1FA93E00121AB
:10911000C5480BF0D7FEA0B9C448006888B9C54857
:10912000006870B9C448006858B9C148C07F00F0F1
:10913000FD00BF49C877C622C049A320F6F700F951
:1091400079E00121B8480BF0BDFE002850D1B748A6
:10915000006802284CD1B648C07F00F0FD00B44939
:10916000C87740F20910EBF7CFFCB6EE001A5FEDBE
:10917000660A0F209FEDB20AEAF7F7FBE9F720FB3A
:1091800006E005200FF09EF8E7F778FC00B912E042
:10919000E7F7AAFC0546E7F77AFC041E01DB204648
:1091A00000E06042002D01DB294600E069420844EE
:1091B000B0F57A7FE5DB00BF0020EAF7A4FA0021D2
:1091C0009FEDA00AA048EAF761FB06E001200FF03E
:1091D00079F8E7F753FC00B903E0EAF76DF90028E6
:1091E000F4D100BF0020EAF78EFAFEF7A4FB22E0DC
:1091F00001218D480BF066FE60B98E480068012899
:1092000008D18B48C07F00F0FD008949C877FFF77F
:1092100027FB10E0012184480BF054FE58B9864822
:109220000068012807D18248C07F00F0FD00804916
:10923000C877FEF777FF70BD00B57D4890F8230032
:1092400040F001007A4981F82300084690F8230095
:1092500040F0020081F82300EBF750FC40F2672059
:109260007A490860401D7A49086000BD2DE9F04741
:1092700004460D4616461F46DDF820A00020624930
:1092800008603EE02DE073480068A0EB04093A4610
:1092900031464846EFF705F880466E480068001BE7
:1092A000002809DDB6EE001ADFED6B0A40461FED1F
:1092B000B60AEAF75AFB10E066480068001B09D5B9
:1092C000B6EE001ADFED640A40469FED640AEAF745
:1092D0004CFB02E00020EAF716FAE7F7CFFB00B9F3
:1092E00009E05C490968081B002801DB014600E031
:1092F00041425145C7DC00BF43480068401C424919
:10930000086041480068A842BCDBBDE8F087FEB5B4
:1093100004460D461646464890F8230040F00100EA
:10932000434981F82300EBF7E9FB40F26720474906
:109330000860401D464908600020334908601EE06F
:1093400013E01E206FF0950102222346CDE9002193
:109350000290002211463520EFF78DFE01200EF01D
:10936000B1FFE7F78BFB00B903E03D4800689B289D
:10937000E7DC00BF24480068401C234908602248FD
:109380000068FA28DCDB00201F4908601EE013E0BB
:109390000F206FF04F0102222346CDE900210290F9
:1093A000002211461E20EFF766FE01200EF08AFF14
:1093B000E7F764FB00B903E0294800689428E7DC7C
:1093C00000BF11480068401C0F4908600E48006843
:1093D000FA28DCDB164890F8230040F0020014491C
:1093E00081F823000020084908606EE05AE0000080
:1093F000C4040020B8010020B0040020C0040020F4
:10940000B4010020A40400203C040020A804002093
:10941000CDCCCCCCCCCCFC3FC40000203003002011
:109420003403002094020020000C02403803002086
:10943000040000203C030020440300205CF9FFFFEF
:10944000000061C49A99993F86FCFFFF80040020C8
:109450008C040020A0000020000061440000E144D2
:109460009C000020F7480068942807DAF64890F836
:10947000230040F00200F44981F823000F206FF030
:10948000310101222346CDE900210290002211463C
:109490000A20EFF7F0FD01200EF014FFE7F7EEFAD7
:1094A00000B90CE04FF48051E8480BF00BFD30B9E7
:1094B0004FF48061E5480BF005FD0028D2D000BFD5
:1094C000E3480068401CE2490860E14800686428FD
:1094D0008CDB4FF4FA600EF0F5FE3220EAF713F958
:1094E0000020DB49086035E021E04FF40041D74817
:1094F0000BF0E8FC012805D10B214FF45C70EAF772
:109500002AFA0DE00821D1480BF0DCFC012804D137
:109510000B21D048EAF71FFA02E00020EAF7F3F83F
:1095200001200EF0CFFEE7F7A9FA00B90CE04FF4E6
:109530000041C6480BF0C6FC0128D6D00821C3481C
:109540000BF0C0FC0128D0D000BFC1480068401C0F
:10955000BF490860BE480068B0F5FA7FC4DB002050
:10956000EAF7D1F8B84890F8230000F0FE00B649B9
:1095700081F823004FF47A700EF0A4FE062100203B
:10958000EAF7E9F94FF4FA600EF09CFE1E20EAF7C4
:10959000BAF8B1480068B14908604620B04908608F
:1095A000B04908604FF42570AF49086040F28A2046
:1095B000AE4908600020A649086019E006E00320D3
:1095C0000EF080FEE7F75AFA00B90BE0A8490968E7
:1095D000A54A1268881A002801DB014600E04142D2
:1095E0000529ECDC00BF9A480068401C98490860D7
:1095F00097480068B0F5FA7FE0DB934890F82300C5
:1096000000F0FD00904981F8230094490968091B86
:1096100001EB810148191E21EAF79DF900219FED18
:10962000950A4FF46170EAF731F9AA208C49086075
:109630008C49086011E005200EF044FEE7F71EFAA1
:1096400000B90FE08C480068B0F5E17F05DD40F21D
:109650000910854908608549086087480068B0F5A9
:10966000E17FE8DB00BF40F209107F4908607F49D5
:109670000860DFED820A9FED820AEAF7CDF89FEDE0
:10968000811A5FED8B0A14201FED930AEAF76DF93A
:1096900000206F49086011E006E001200EF012FE84
:1096A000E7F7ECF900B903E0774800688528F4DCB7
:1096B00000BF67480068401C65490860644800684E
:1096C000FA28E9DB0020EAF71EF801205A230A22D3
:1096D0004FF4FA7100903046FFF7C8FD0220EAF718
:1096E00012F8B6EE001A5FEDA40A0A201FEDAC0ACC
:1096F000EAF73BF900205649086019E006E001202E
:109700000EF0E0FDE7F7BAF900B90BE080214F4811
:109710000BF0D8FB30B94FF480714C480BF0D2FB02
:109720000028ECD000BF4A480068401C4849086047
:10973000474800686428E1DB4FF4FA600EF0C2FD90
:1097400032204749086047490860E72046490860D9
:1097500046490860DFED4D0A9FED4D0AEAF75CF8D7
:109760000020E9F7D0FFFEBD2DE9F04704460D4685
:1097700016461F46DDF820A00020354908603EE06F
:109780002DE044480068A0EB04093A4631464846BB
:10979000EEF787FD80463F480068001B002809DD82
:1097A0009FED3D1A5FEDDA0A40469FED3C0AEAF76D
:1097B000DCF814E037480068001B09D59FED361A25
:1097C0005FEDE10A40461FEDDB0AEAF7CEF806E05E
:1097D0000020E9F798FFE7F751F900B909E02D49B2
:1097E0000968081B002801DB014600E041425145A1
:1097F000C7DC00BF16480068401C154908601448C3
:109800000068A842BCDBBDE8F08708B5EBF776F945
:10981000FF2015490860154908604FF4FA600EF002
:1098200051FD9FED1F1A5FEDFA0A1E209FED1D0AE4
:10983000EAF79BF839E001200EF044FDE7F71EF946
:1098400090BB37E09C000020040000200010024084
:109850003C04002090FCFFFFA000002040050020F9
:10986000B4040020B8040020800400208C040020F0
:10987000B80000209A99D93FF00300200000DC4294
:10988000000082423333333F980000200000F04252
:109890000000AA42A4000020CDCC4C3F00000000F4
:1098A0006666064000009644FFE7FA480068FA49F9
:1098B0008842C0DC00BF00219FEDF80AF648FA3864
:1098C000E9F7E4FF06E001200EF0FCFCE7F7D6F82C
:1098D00000B903E0E9F7F0FD0028F4D100BF002053
:1098E000E9F711FFEE48006801280BD10520ED498A
:1098F00000900968481F502308224FF47A71FFF73F
:1099000033FF0EE0E648006858B90520E5490090AD
:109910000968A1F10A00502308224FF47A71FFF779
:1099200023FFE1480068032803D10120DF490860D4
:1099300002E00020DE4908600020E9F7E4FE08BDEF
:1099400008B5EBF7DBF8FF20DA490860DA49086070
:109950004FF4FA600EF0B6FCB0EE001ADFEDD70A55
:1099600019209FEDD70AEAF700F806E001200EF073
:10997000A9FCE7F783F800B904E0C6480068C649C7
:109980008842F3DC00BF00219FEDC40AC248FA38C8
:10999000E9F77CFF06E001200EF094FCE7F76EF893
:1099A00000B903E0E9F788FD0028F4D100BF0020EA
:1099B000E9F7A9FEBA48006801280BD10520C14982
:1099C00000900968481F412305224FF47A71FFF780
:1099D000CBFE0EE0B248006858B90A20B9490090A1
:1099E0000968A1F10A00412305224FF47A71FFF7BB
:1099F000BBFEAD480068022804D101210420E8F72D
:109A000030FE02E00020AA4908600020E9F77BFE52
:109A100008BD08B5EBF772F8FF20A6490860A64913
:109A200008609FEDA91ADFEDA50A23209FEDA70A84
:109A3000E9F79BFF06E001200EF044FCE7F71EF873
:109A400000B904E09348006893498842F3DC00BF02
:109A500000219FED920A9048FA38E9F717FF06E0D7
:109A600001200EF02FFCE7F709F800B903E0E9F751
:109A700023FD0028F4D100BF0020E9F744FE884808
:109A8000006801280AD10520462302464FF47A7166
:109A900000908F480068FFF767FE0DE0804800687F
:109AA00050B905208A4900900968C81E462305223E
:109AB0004FF47A71FFF758FE7B480068012802D105
:109AC0007A49086002E00020794908600020E9F73F
:109AD0001AFE08BD3EB50446EBF710F87D48006855
:109AE000FA30744908607C480068FA3072490860AE
:109AF0009FED7A1ADFED710A3C209FED790AE9F7B4
:109B000034FF00207749086011E006E001200EF0E4
:109B1000D9FBE6F7B3FF00B903E073480068AF284C
:109B2000F4DC00BF6F480068401C6E4908606D4857
:109B30000068FA28E9DB00206A4908601FE014E0A9
:109B400014206FF0C7010222E31ECDE9002102902C
:109B5000514AFA3A51422820EFF7E9F901200EF074
:109B6000B1FBE6F78BFF00B903E05F480068962879
:109B7000E6DC00BF5B480068401C5A490860594851
:109B80000068FA28DBDB4FF43470EAF7BDFF444885
:109B9000006800287DD15349086020E015E00A20C4
:109BA0006FF095010222A4F10803CDE90021029093
:109BB000394AFA3A51421920EFF7B9F901200EF06B
:109BC00081FBE6F75BFF00B903E0474800688728A0
:109BD000E5DC00BF43480068401C4249086041483A
:109BE0000068FA28DADB00203E49086023E015E02F
:109BF0000A206FF095010222A4F10A03CDE90021A9
:109C00000290254AFA3A51420C20EFF790F90120D0
:109C10000EF058FBE6F732FF00B906E04FF4805132
:109C200032480BF04FF90028E2D000BF2D48006801
:109C3000401C2C4908602B48006840F20E618842A5
:109C4000D5DB1E20E9F75FFD17480068032870D1B7
:109C50002748C07F40F002002549C8779FED1F1AB2
:109C6000DFED160A0F209FED1E0AE9F77EFE40F693
:109C7000C4100EF027FB0020E9F745FD0521042064
:109C8000E8F7EFFC0020E9F73EFD002015490860E9
:109C900042E04FE0F003002076FDFFFF6666663F7E
:109CA000E8000020E001002014030020040300204D
:109CB0001C030020800400208C040020000061C4EC
:109CC0000040B544E8010020CDCC0C400000C34466
:109CD000EC01002078040020840400209A99193FA8
:109CE000000061443C040020980000200000024075
:109CF0000400002006E001200EF0E4FAE6F7BEFEC4
:109D000000B903E0FE4800680128F4D000BFFD4818
:109D10000068401CFB490860FA480068FA28E9DB43
:109D2000F948C07F00F0FD00F749C8770120F449E9
:109D300008605FE0F548006801285BD10020F14928
:109D400008601EE013E00A206FF09501022223460E
:109D5000CDE900210290EE4A51421920EFF7E7F8D1
:109D600001200EF0AFFAE6F789FE00B903E0E948FA
:109D700000688728E7DC00BFE2480068401CE14932
:109D80000860E0480068FA28DCDBF5F7F6FD002003
:109D9000DC49086021E013E00A206FF095010222FF
:109DA0002346CDE900210290D94A51420C20EFF719
:109DB000BEF801200EF086FAE6F760FE00B906E074
:109DC0004FF48051D4480BF07DF80028E4D000BF58
:109DD000CC480068401CCB490860CA48006840F283
:109DE0000E618842D7DB4FF47A700EF06BFA1E20BA
:109DF000E9F789FC0020E9F786FC3EBD3EB5044644
:109E0000EAF77CFEC5480068FA30C5490860C548D5
:109E10000068FA30C4490860B6EE001A5FED590ACE
:109E20003C201FED510AE9F7A0FD0020B54908606C
:109E300011E006E001200EF045FAE6F71FFE00B93A
:109E400003E0B4480068B428F4DC00BFAD48006803
:109E5000401CAC490860AB480068FA28E9DBB6EE64
:109E6000001A5FED6A0A28201FED630AE9F77DFDFD
:109E70000020A449086011E006E001200EF022FA5B
:109E8000E6F7FCFD00B903E0A24800689428F4DC82
:109E900000BF9C480068401C9A49086099480068C7
:109EA000FA28E9DB99480068002857D195490860ED
:109EB0001FE014E00A206FF063010222A4F10A03FC
:109EC000CDE900210290924A51421920EFF72FF874
:109ED00001200EF0F7F9E6F7D1FD00B903E08D4857
:109EE00000688228E6DC00BF86480068401C85497F
:109EF000086084480068FA28DBDB0020814908609C
:109F000022E014E00A206FF095010222A4F10A0376
:109F1000CDE9002102907E4A51420B20EFF707F86D
:109F2000E6F7ACFD00B909E001200EF0CBF94FF4E3
:109F3000805179480AF0C6FF0028E3D000BF71487D
:109F40000068401C6F4908606E48006840F20E616E
:109F50008842D6DB1E20E9F7D6FB6FE06B4800682D
:109F600001286BD140F23520EAF7E0FD0020654979
:109F700008602AE013E00A206FF0950102222346D0
:109F8000CDE900210290624A51421920EEF7CFFF3D
:109F900001200EF097F9E6F771FD00B90FE05D4979
:109FA00009688529E7DC614909685F4A1268881AEF
:109FB000002801DB014600E04142C829DBDC00BF8C
:109FC00050480068401C4F4908604E480068FA2815
:109FD000D0DBF5F7D2FC00204A49086021E013E00D
:109FE0000A206FF0950102222346CDE9002102905C
:109FF000474A51420B20EEF79AFFE6F73FFD00B9C2
:10A0000009E001200EF05EF94FF4805142480AF059
:10A0100059FF0028E4D000BF3A480068401C394985
:10A0200008603848006840F20E618842D7DB4FF480
:10A030007A700EF047F91E20E9F765FB0020E9F77A
:10A0400062FB3EBD3EB50446EAF758FD3348006862
:10A05000FA303349086033480068FA303249086002
:10A060001FEDF21A5FEDEB0A3C201FEDE30AE9F762
:10A070007CFC00202349086011E006E001200EF07E
:10A0800021F9E6F7FBFC00B903E022480068B42898
:10A09000F4DC00BF1B480068401C1A4908601948DE
:10A0A0000068FA28E9DB1948006800287DD11549C5
:10A0B00008601EE013E00A20C821022204F10A030E
:10A0C000CDE900210290124A51422820EEF7D3FF39
:10A0D00001200EF0F7F8E6F7D1FC00B903E00D48D7
:10A0E00000689628E7DC00BF06480068401C054968
:10A0F000086004480068FA28DCDB4FF4347017E08D
:10A10000040300203C04002004000020E80000209C
:10A110007CFCFFFF98000020000002407804002033
:10A1200080040020840400208C040020BC00002057
:10A13000EAF7EAFC0020F94908601EE013E00A2073
:10A140009621022204F10A03CDE900210290F44A8B
:10A1500051421620EEF78FFF01200EF0B3F8E6F71C
:10A160008DFC00B903E0EF4800688228E7DC00BFFF
:10A17000EA480068401CE9490860E8480068FA2895
:10A18000DCDB0020E549086023E015E00A20962189
:10A19000022204F10A03CDE900210290E04A514273
:10A1A0000B20EEF768FF012000E060E00EF08AF877
:10A1B000E6F764FC00B906E04FF48051DA480AF093
:10A1C00081FE0028E2D000BFD4480068401CD3497B
:10A1D0000860D248006840F20E618842D5DB1E203C
:10A1E000E9F791FAD148006801283FD1D048C07FF3
:10A1F00040F00200CE49C8779FEDCE1ADFEDCE0ABF
:10A200000F209FEDCE0AE9F7B0FB40F6C4100EF028
:10A2100059F80020E9F777FA05210420E8F721FA38
:10A220000020E9F770FA0020BC49086011E006E060
:10A2300001200EF047F8E6F721FC00B903E0C04822
:10A2400000680128F4D000BFB4480068401CB3493E
:10A250000860B2480068FA28E9DBB548C07F00F022
:10A26000FD00B349C8770120B549086089E0B548C9
:10A27000006801287DD10020A84908601DE012E097
:10A280001E20962103222346CDE900210290A44AF4
:10A2900051422820EEF7EFFE01200EF013F8E6F70A
:10A2A000EDFB00B903E09F4800689628E8DC00BF9A
:10A2B0009A480068401C9949086098480068FA2844
:10A2C000DDDB4FF43470EAF71FFC0020934908608F
:10A2D0001DE012E01E20962102222346CDE9002136
:10A2E00002908F4A51421620EEF7C5FE01200DF074
:10A2F000E9FFE6F7C3FB00B903E08A48006882285B
:10A30000E8DC00BF85480068401C84490860834839
:10A310000068FA28DDDBF5F730FB00207F49086094
:10A3200020E012E01E20962102222346CDE90021E2
:10A3300002907B4A51420B20EEF79DFE01200DF06A
:10A34000C1FFE6F79BFB00B906E04FF48051764869
:10A350000AF0B8FD0028E5D000BF70480068401C36
:10A360006E4908606D48006840F20E618842D8DB93
:10A3700000E006E04FF47A700DF0A4FF1E20E9F72C
:10A38000C2F90020E9F7BFF93EBD10B5FFF741FB68
:10A390006D480068FFF756FE10BD10B5FFF7D0FA04
:10A3A000F5F784FF6948006818B969480068FFF745
:10A3B00025FD01206549086010BD10B5FFF725FA9D
:10A3C00064480068FFF786FB10BD10B55449484249
:10A3D000EEF7FDFB9FED601ADFED570A0C209FEDB5
:10A3E000570AE9F7C2FA4FF4FA600DF06BFF00204C
:10A3F000E9F789F90120594908600B20584908609C
:10A4000010BD10B546494842EBF7B4F89FED521A1B
:10A41000DFED490A0C209FED490AE9F7A6FA4FF44F
:10A42000FA600DF04FFF0020E9F76DF901204B496C
:10A4300008600A204A49086010BD10B538494842F2
:10A44000EBF798F89FED441ADFED3B0A0C209FEDE7
:10A450003B0AE9F78AFA4FF4FA600DF033FF002067
:10A46000E9F751F901203D4908600C203C4908609A
:10A4700010BD2DE9F84F04460D4616461F46DDE98E
:10A480000AAB00202549086041E030E0354800680B
:10A49000A0EB040953463A4631464846CDF800B091
:10A4A000F4F7B4FA80462F480068001B002809DD45
:10A4B0009FED2D1ADFED200A40469FED2C0AE9F7AB
:10A4C00054FA10E027480068001B09D59FED261AB2
:10A4D000DFED190A40469FED260AE9F746FA02E049
:10A4E0000020E9F710F9E6F7C9FA00B909E01D49BB
:10A4F0000968081B002801DB014600E041420229EF
:10A50000C4DC00BF05480068401C044908600348DB
:10A510000068A842B9DBBDE8F88F00003C040020C9
:10A520007CFCFFFF98000020000002401403002084
:10A53000040000209A99193F000061C400006144A2
:10A5400004030020E8000020F40100201C03002088
:10A55000E8010020E0010020CDCCCC3D70020020BD
:10A5600074020020A00000206666663F0000E144FF
:10A57000000000003EB50446FAF719F99620F749A5
:10A580000860F7480068F74908600120F64908604C
:10A59000EAF7AEFA4FF49670F4490860F44908609F
:10A5A0000020F449086019E006E001200DF08AFE61
:10A5B000E6F764FA00B90BE0EF490968EC4A126863
:10A5C000881A002801DB014600E041423229ECDC18
:10A5D00000BFE8480068401CE6490860E54800689C
:10A5E0009628E1DBE54800680A280BD114201E21DB
:10A5F00041230A22CDE900104FF47A71B920FFF708
:10A6000038FF1EE0DD4800680B280BD119203C21E3
:10A610004B230A22CDE900104FF47A71B920FFF7DD
:10A6200028FF0EE0D54800680C280AD128204121D7
:10A6300050230A22CDE900104FF47A71B920FFF7B8
:10A6400018FF1420E9F75FF81FED391A5FED460A8D
:10A6500030201FED460AE9F788F90020C549086057
:10A6600011E006E001200DF02DFEE6F707FA00B933
:10A6700003E0C3480068D228F4DC00BFBD4800688E
:10A68000401CBC490860BB48006840F22621884253
:10A69000E7DB40F6B8300DF015FE0020B549086044
:10A6A00011E006E001200DF00DFEE6F7E7F900B934
:10A6B00003E0B3480068D228F4DB00BFAD4800686F
:10A6C000401CAC490860AB48006840F22621884233
:10A6D000E7DBC8200DF0F6FD1FED5D1A5FED6A0A9D
:10A6E00014201FED6A0AE9F740F90020A14908602B
:10A6F00011E006E001200DF0E5FDE6F7BFF900B935
:10A7000003E0A04800688A28F4DC00BF994800688C
:10A71000401C984908609748006840F2262188420A
:10A72000E7DB1FED6F1A5FED7C0A2D201FED700A2D
:10A73000E9F71BF900208F49086011E006E00120CD
:10A740000DF0C0FDE6F79AF900B903E08E48006805
:10A75000E128F4DC00BF87480068401C8549086098
:10A760008448006840F226218842E7DB00208149C6
:10A7700008601FE013E00F2096210322A4F11403C8
:10A78000CDE900210290814A00213220EEF77DFDC3
:10A7900001200DF097FDE6F771F900B904E0784863
:10A7A0000068B0F5AF7FE6DC00BF72480068401C6F
:10A7B000704908606F48006840F226218842D9DB62
:10A7C0009FED731A5FEDA30A2A209FED720AE9F745
:10A7D000CCF806E001200DF075FDE6F74FF900B961
:10A7E00004E06D480068B0F5487FF3DB00BFFAF77E
:10A7F000F8F86A48006801287DD100205D490860AA
:10A800001FE014E00A204FF4967103222346CDE99D
:10A81000002102904FF4617200213220EEF7CFFC4C
:10A8200001200DF04FFDE6F729F900B903E0564885
:10A830000068D228E6DC00BF4E480068401C4D4945
:10A8400008604C48006840F226218842D9DB00208D
:10A85000484908601FE014E00A204FF49671032273
:10A860002346CDE9002102904FF4617200211420AB
:10A87000EEF7A5FC01200DF025FDE6F7FFF800B985
:10A8800003E041480068B628E6DC00BF39480068AC
:10A89000401C384908603748006840F22621884249
:10A8A000D9DB0020334908601DE012E00A20962120
:10A8B00002222346CDE9002102904FF4617200216B
:10A8C000EEF77DFC01200DF0FDFCE6F7D7F800B9AE
:10A8D00003E02D480068AF28E8DC00BF2548006889
:10A8E000401C244908602348006840F22621884221
:10A8F000DBDB0A2000E027E0E8F705FF4FF43470C7
:10A90000EAF702F900201B49086019E006E001207F
:10A910000DF0D8FCE6F7B2F800B90BE0164909686B
:10A92000134A1268881A002801DB014600E0414200
:10A930003229ECDC00BF0F480068401C0D4908605C
:10A940000C4800689628E1DB1448006802287AD198
:10A9500000200849086042E037E00000BC04002005
:10A960006801002098040020740100208004002069
:10A970008C0400203C040020BC0000207402002055
:10A98000A400002098000020A00000207CFCFFFF15
:10A99000CDCCCC3F000016C3F003002040030020C4
:10A9A0000A204FF4967103222346CDE9002102903C
:10A9B0004FF4617200212D20EEF701FC01200DF013
:10A9C00081FCE6F75BF800B903E0FB480068D22899
:10A9D000E6DC00BFF9480068401CF8490860F74809
:10A9E000006840F226218842B6DB0020F349086067
:10A9F0001FE014E00A204FF4967103222346CDE9AC
:10AA0000002102904FF4617200211420EEF7D7FB71
:10AA100001200DF057FCE6F731F800B903E0E648F5
:10AA20000068AC28E6DC00BFE4480068401CE3494D
:10AA30000860E248006840F226218842D9DB002005
:10AA4000DE49086022E027E016E00A209621022273
:10AA50002346CDE9002102904FF461720021EEF708
:10AA6000AEFB4FF40270EAF761F801200DF02AFC0A
:10AA7000E6F704F800B903E0CF480068A528E4DC55
:10AA800000BFCE480068401CCC490860CB48006835
:10AA900040F226218842D7DB0020E8F734FE3EBD95
:10AAA00010B54FF48071C6480AF00CFA00284DD159
:10AAB000FA20C4490860C44800687330C34908607C
:10AAC0000020BE49086025E006E001200DF0FAFBF9
:10AAD000E5F7D4FF00B917E0BD4A1268BB4B1B680D
:10AAE000D11A002901DB0A4600E04A420A2AECDCBE
:10AAF000B84A1268B84B1B68D01A002801DB02461E
:10AB000000E042420A2AE0DC00BFAC480068401C7A
:10AB1000AA490860A94800683228D5DB40F6B83059
:10AB20000DF0D0FB00BFAA490968AA4A1268881A2A
:10AB3000002801DB014600E04142822905DBA748ED
:10AB4000C07F40F00800A549C87700BF2021A44875
:10AB50000AF0B8F900284DD1FA20A2490860A248AD
:10AB6000006873309C49086000209449086025E023
:10AB700006E001200DF0A6FBE5F780FF00B917E025
:10AB8000934A1268914B1B68D11A002901DB0A46CF
:10AB900000E04A420A2AECDC8E4A12688E4B1B689F
:10ABA000D01A002801DB024600E042420A2AE0DC1B
:10ABB00000BF82480068401C804908607F480068E8
:10ABC0003228D5DB40F6B8300DF07CFB00BF804961
:10ABD0000968804A1268881A002801DB014600E0F3
:10ABE0004142822905DB7D48C07F40F040007B491F
:10ABF000C87700BF40F6B8300DF064FBFA20714909
:10AC000008607148006871490860FA207549086059
:10AC1000754800687049086000206849086025E0B0
:10AC200006E001200DF04EFBE5F728FF00B917E024
:10AC3000674A1268654B1B68D11A002901DB0A4676
:10AC400000E04A420A2AECDC624A1268624B1B6846
:10AC5000D01A002801DB024600E042420A2AE0DC6A
:10AC600000BF56480068401C5449086053480068BB
:10AC70003228D5DB10BD10B54FF4007150480AF0F2
:10AC800021F901284DD1FA204E4908604E4800684C
:10AC90006E384E49086000204849086025E006E00B
:10ACA00001200DF00FFBE5F7E9FE00B917E0484A77
:10ACB0001268464B1B68D11A002901DB0A4600E0E6
:10ACC0004A420A2AECDC434A1268434B1B68D01AFA
:10ACD000002801DB024600E042420A2AE0DC00BF15
:10ACE00036480068401C35490860344800683228FE
:10ACF000D5DB40F6B8300DF0E5FA00BF34490968FD
:10AD0000344A1268881A002801DB014600E04142FB
:10AD1000822905DB3148C07F40F010002F49C877F9
:10AD200000BF40212E480AF0CDF8012868D1FA2052
:10AD30002C4908602C4800686E38274908600020BC
:10AD40001E49086025E006E001200DF0BBFAE5F79A
:10AD500095FE00B917E01E4A12681C4B1B68D11AF9
:10AD6000002901DB0A4600E04A420A2AECDC194AC3
:10AD70001268194B1B68D01A002801DB024600E05C
:10AD800042420A2AE0DC00BF0C480068401C0B4924
:10AD900008600A4800683228D5DB40F6B8300DF06C
:10ADA00091FA00BF0A4909680A4A1268881A0028FD
:10ADB0001CDB01461BE00000A00000203C0400203A
:10ADC00000080240C0040020B4010020A4040020B8
:10ADD000C0000020C4000020B004002004000020B7
:10ADE00000100240C4040020B80100204142822922
:10ADF00005DBF948C07F40F00400F749C87700BF81
:10AE000040F6B8300DF05EFAFA20F4490860F448D4
:10AE10000068F4490860FA20F3490860F3480068C4
:10AE2000F34908600020F349086025E006E00120AE
:10AE30000DF048FAE5F722FE00B917E0EE4A126875
:10AE4000E84B1B68D11A002901DB0A4600E04A42A0
:10AE50000A2AECDCE94A1268E54B1B68D01A002884
:10AE600001DB024600E042420A2AE0DC00BFE14882
:10AE70000068401CDF490860DE4800683228D5DBE6
:10AE800010BD10B5DE48006800286ED1DD480068AE
:10AE900000287CD1DC480068002878D1DB480068B5
:10AEA000002874D1EBF7F6FB06E001200DF00AFA5A
:10AEB000E5F7E4FD00B90BE0D5490968D54A126809
:10AEC000881A002801DB014600E041422829ECDC19
:10AED00000BF9FEDD11ADFEDD10A12209FEDD00AFD
:10AEE000E8F743FD0020C34908601FE006E00120A9
:10AEF0000DF0E8F9E5F7C2FD00B911E00421C948F9
:10AF000009F0E0FF0028F2D0C1480068C149096893
:10AF1000441A002C01DB204600E060421E28E6DCDB
:10AF200000BFB4480068401CB2490860B1480068DE
:10AF30009628DBDBA848C07F40F08000A649C87790
:10AF40009FEDB51ADFEDB50A08209FEDB70AE8F7C7
:10AF50000CFD0020A749086014E007E001200DF077
:10AF6000B1F9E5F78BFD08B906E010E08021AF48A4
:10AF700009F0A8FF0028F1D000BF9E480068401CDF
:10AF80009C4908609B4800689628E6DB8DE19C4858
:10AF9000006801287ED19B48006800287DD19A482E
:10AFA0000068002879D199480068002875D1EBF72E
:10AFB00071FB06E001200DF085F9E5F75FFD00B9B2
:10AFC0000BE093490968934A1268881A002801DB4C
:10AFD000014600E041422829ECDC00BF9FED8E1ABB
:10AFE000DFED8E0A12209FED8E0AE8F7BEFC0020EE
:10AFF000804908601FE006E001200DF063F9E5F7E5
:10B000003DFD00B911E00421864809F05BFF0028EE
:10B01000F2D07F4800687F490968441A002C01DBA0
:10B02000204600E060421E28E6DC00BF7148006850
:10B03000401C704908606F4800689628DBDB664852
:10B04000C07F40F020006449C8779FED731ADFEDA0
:10B05000730A08209FED740AE8F787FC0020654911
:10B06000086013E006E001200DF02CF9E5F706FD7D
:10B0700000B905E080216D4809F024FF0028F2D0D6
:10B0800000BF5C480068401C5A4908605948006885
:10B09000962800E001E0E5DB07E159480068012857
:10B0A00063D15848006801285FD157480068C8BB81
:10B0B00056480068B0BBEBF7EDFA23E0042159488D
:10B0C00009F000FF70B98021584809F0FBFE48B92B
:10B0D0009FED511ADFED510A10209FED550AE8F758
:10B0E00044FC08E09FED4C1ADFED4C0A0D209FED6B
:10B0F000510AE8F73AFC01200DF0E4F8E5F7BEFC50
:10B1000000B913E04FF480714B4809F0DBFE0028D2
:10B11000D4D03F4800683F490968441A002C02DB3C
:10B12000204601E021E060423228C7DC00BF2A4807
:10B13000C07F40F080002849C8779FED401ADFEDBE
:10B14000370A08209FED3E0AE8F70FFC06E00120D1
:10B150000DF0B8F8E5F792FC00B905E0802133481E
:10B1600009F0B0FE0028F2D09FE0254800680128D1
:10B1700031D12448006801282DD1234800680128D6
:10B1800029D12248006830BBEBF784FA5BE0042148
:10B19000244809F097FE70B98021244809F092FEF6
:10B1A00048B99FED1D1ADFED1D0A10209FED200A02
:10B1B000E8F7DBFB08E09FED181ADFED180A0D2019
:10B1C0009FED1C0AE8F7D1FB01200DF07BF8E5F7B5
:10B1D00055FCB8BB4AE068E004000020C004002031
:10B1E000B4010020A4040020C4040020B801002001
:10B1F000B00400203C040020C0000020C400002057
:10B200005C0200206002002064020020680200202E
:10B21000BC0000208C040020CDCC4C3F000061C459
:10B220000040E744001002400000E14400040240F6
:10B2300000C0A84400006144000002403333333FA3
:10B240000080ED44FFE74FF48071FE4809F03AFEBC
:10B2500000289CD0FC480068FC490968441A002C6E
:10B2600001DB204600E06042322890DC00BFF84855
:10B27000C07F40F02000F649C8771FED101A5FED3F
:10B28000190A08201FED120AE8F76FFB06E00120FB
:10B290000DF018F8E5F7F2FB00B905E08021ED4864
:10B2A00009F010FE0028F2D000BF0020E8F72BFACA
:10B2B00010BD10B5E8480068002865D1E74800686F
:10B2C000002861D1E648006800285DD1E5480068A3
:10B2D000002859D1EBF7DEF924E00121DD4809F01F
:10B2E000F1FD78B94FF40061D64809F0EBFD48B99B
:10B2F0001FED371A5FED370A10209FEDDB0AE8F7E4
:10B3000034FB08E01FED3C1A5FED3C0A0E201FEDF8
:10B31000370AE8F72AFB01200CF0D4FFE5F7AEFB73
:10B3200000B912E04FF48071C64809F0CBFD002847
:10B33000D3D0C5480068C5490968441A002C01DB10
:10B34000204600E060420A28C7DC00BFC048C07F3A
:10B3500040F08000BE49C8771FED481A5FED510AE2
:10B3600008209FEDC20AE8F700FB06E001200CF080
:10B37000A9FFE5F783FB00B905E00121B54809F015
:10B38000A1FD0028F2D098E1B3480068012865D1FA
:10B39000B2480068002861D1B148006800285DD13A
:10B3A000B0480068002859D1EBF774F924E0012176
:10B3B000A84809F087FD78B94FF40061A14809F069
:10B3C00081FD48B91FED6C1A5FED6C0A10209FEDEE
:10B3D000A60AE8F7CAFA08E01FED711A5FED710AD4
:10B3E0000E201FED6C0AE8F7C0FA01200CF06AFF8E
:10B3F000E5F744FB00B912E04FF48071914809F081
:10B4000061FD0028D3D09048006890490968441A2B
:10B41000002C01DB204600E060420A28C7DC00BFA8
:10B420008B48C07F40F020008949C8771FED7D1A06
:10B430005FED860A08209FED8D0AE8F796FA06E090
:10B4400001200CF03FFFE5F719FB00B905E00121F1
:10B45000804809F037FD0028F2D02EE17E480068D0
:10B46000012870D17D48006801287ED17C480068A1
:10B4700000287AD17B480068002876D1EBF70AF9DA
:10B4800000207B49086019E006E001200CF01AFF5B
:10B49000E5F7F4FA00B90BE06B4909686B4A1268EA
:10B4A000881A002801DB014600E041420F29ECDC4C
:10B4B00000BF6F480068401C6D4908606C48006818
:10B4C0003228E1DB1FEDAC1A5FEDAC0A10209FEDD6
:10B4D000690AE8F74AFA00206549086014E006E0C6
:10B4E00001200CF0EFFEE5F7C9FA00B906E04FF4D1
:10B4F0000061544809F0E6FC0028F1D000BF5C4828
:10B500000068401C5A490860594800689628E6DBE4
:10B510004F48C07F40F080004D49C8771FEDC21AE8
:10B520005FEDC20A08209FED540AE8F71EFA0020DA
:10B530004F49086014E007E001200CF0C3FEE5F776
:10B540009DFA08B906E010E00121424809F0BAFC72
:10B550000028F1D000BF46480068401C44490860FC
:10B56000434800689628E6DBA7E03B4800680128CE
:10B5700066D13A480068012862D13948006801283C
:10B580005ED13848006800285AD1EBF783F80020D4
:10B590003749086019E006E001200CF093FEE5F75A
:10B5A0006DFA00B90BE028490968284A1268881A20
:10B5B000002801DB014600E041420F29ECDC00BF1E
:10B5C0002B480068401C2A49086029480068322836
:10B5D000E1DB1FEDEF1A5FEDEF0A10209FED250A6A
:10B5E000E8F7C3F900202249086014E006E00120D2
:10B5F0000CF068FEE5F742FA00B906E04FF400618E
:10B60000104809F05FFC0028F1D000BF184800681E
:10B61000401C17490860164800689628E6DB0C486D
:10B62000C07F40F020000A49C8779FED141ADFED73
:10B63000140A08209FED100AE8F797F9002021E08E
:10B640003BE0000000000240BC0000208C04002011
:10B6500004000020000402405C0200206002002080
:10B66000640200206802002000800944000048C3F2
:10B670003C040020000048C200000000CDCC4C3F3C
:10B68000000061C4FC49086013E006E001200CF0F2
:10B6900019FEE5F7F3F900B905E00121F74809F0D3
:10B6A00011FC0028F2D000BFF3480068401CF249AA
:10B6B0000860F14800689628E7DB0020E8F723F8E7
:10B6C00010BDFEB50024002500260027EC480068C8
:10B6D000012810D10102EB4809F0F4FB01280AD13E
:10B6E000E9480068B0F5967F05DC42F2283425462B
:10B6F000E64EE74F1BE0E2480068012812D1010244
:10B70000E04809F0DFFB01280CD1DF480068B0F504
:10B71000967F07DB40F6AC5425464FF4E17640F2C5
:10B72000465704E041F294142546D84ED84F0020E5
:10B73000D3490860D7480068B0B9D748006898B9BD
:10B74000D648006880B9D648006868B900204FF430
:10B75000E161D44A0A23CDE900210290D14A963210
:10B76000D049E9F730FE6CE0CA480068012815D1DD
:10B77000C948006890B9C948006878B9C8480068E5
:10B7800060B900204FF4E161C64A2346CDE90021AB
:10B7900002903246C349E9F716FE52E0BD48006800
:10B7A000012816D1BC480068012812D1BB480068A6
:10B7B00078B9BB48006860B900204FF4E161B94A2C
:10B7C0002346CDE9002102903246B649E9F7FBFD58
:10B7D00037E0B0480068012817D1AF480068012859
:10B7E00013D1AE48006801280FD1AD48006860B998
:10B7F00000204FF4E161AB4A2B46CDE900210290D5
:10B800003A46A849E9F7DFFD1BE0A2480068012895
:10B8100017D1A1480068012813D1A0480068012869
:10B820000FD19F48006801280BD100204FF4E1613F
:10B830009C4A2B46CDE9002102903A469949E9F706
:10B84000C2FD0020E7F75FFF40F20910E9F75CF95D
:10B8500000208949086019E006E001200CF032FD63
:10B86000E5F70CF900B90BE0874909688E4A1268C0
:10B87000881A002801DB014600E041421429ECDC73
:10B8800000BF7D480068401C7B4908607A4800681A
:10B890003228E1DB8548006888BB8548006870BBBA
:10B8A0008448006858BBB6EE001A5FED8B0A0C2086
:10B8B0009FED810AE8F759F800206F49086014E00D
:10B8C00006E0E5F7DBF800B909E001200CF0FAFC2E
:10B8D0004FF480716B4809F0F5FA0028F1D000BFF1
:10B8E00065480068401C644908606348006840F28D
:10B8F0000E618842E4DB0020E7F705FF0DE0FFE77B
:10B900006B480068012802D1FFF7D3FC05E06948C5
:10B910000068012801D1FFF7B4FA0020E7F7F3FE31
:10B92000FEBD70B55B48006800286FD15A480068BA
:10B930000028FAD1594800680028F6D15848006814
:10B940000028F2D140F23520E9F7F0F800204A490A
:10B9500008601AE006E001200CF0B4FCE5F78EF870
:10B9600000B90CE0484909684F4A1268881A002853
:10B9700001DB014600E04142B1F5967FEBDC00BF00
:10B980003D480068401C3C4908603B480068FA2874
:10B99000E0DB1FEDC61A5FEDC60A0A209FED470ADD
:10B9A000E7F7E3FFE6F70CFF06E001200CF08AFC66
:10B9B000E5F764F800B912E0E5F796F80546E5F713
:10B9C00066F8041E01DB204600E06042002D01DB2A
:10B9D000294600E069420844B0F5FA6FE5DB00BF94
:10B9E0000020E7F790FE3648C07F40F080003449E1
:10B9F000C877B6EE001A5FEDDE0A0A201FEDE20AF4
:10BA0000E7F7B3FF00201C49086014E01CE006E0E3
:10BA100001200CF057FCE5F731F800B905E02948A2
:10BA20000068294909688842F2DC00BF12480068B2
:10BA3000401C11490860104800689628E7DB4FF465
:10BA4000FA600CF03FFC85E11248006801286FD1D4
:10BA50001148006800286BD110480068002867D1A1
:10BA60000F480068002863D140F23520E9F75EF8FE
:10BA700000200149086044E03C040020000402402A
:10BA8000F800002000000240BC0000203EFEFFFF46
:10BA9000BAFAFFFF5C02002060020020640200206E
:10BAA000680200207CFCFFFF8C040020E8000020DE
:10BAB000EC000020F00000200000614400802244DF
:10BAC00004000020A4000020B001002006E00120B6
:10BAD0000CF0F8FBE4F7D2FF00B90CE0FE4909686E
:10BAE000FE4A1268881A002801DB014600E0414244
:10BAF000B1F5967FEBDC00BFF9480068401CF849BF
:10BB00000860F7480068FA28E0DB9FEDF61ADFEDE1
:10BB1000F60A0A201FED170AE7F727FFE6F750FE9F
:10BB200007E001200CF0CEFBE4F7A8FF08B913E012
:10BB300046E0E4F7D9FF0546E4F7A9FF041E01DB60
:10BB4000204600E06042002D01DB294600E069420A
:10BB50000844B0F5FA6FE4DB00BF0020E7F7D3FD3F
:10BB6000E248C07F40F02000E049C877B6EE001AF6
:10BB7000DFEDDD0A0A209FEDDE0AE7F7F6FE002082
:10BB8000D749086013E006E001200CF09BFBE4F7C6
:10BB900075FF00B905E0D7480068D74909688842B1
:10BBA000F2DC00BFCE480068401CCD490860CC489C
:10BBB00000689628E7DB4FF4FA600CF083FBC9E0DD
:10BBC000CE480068012860D1CD48006801285CD1CA
:10BBD000CC480068D8BBCC480068C0BB40F23520D8
:10BBE000E8F7A4FF0020BE49086019E006E0012044
:10BBF0000CF068FBE4F742FF00B90BE0B6490968B6
:10BC0000B64A1268881A002801DB014600E041426A
:10BC10006429ECDC00BFB2480068401CB0490860F1
:10BC2000AF480068FA28E1DBB048C07F40F08000F0
:10BC3000AE49C877B6EE001ADFEDAB0A0A209FEDD9
:10BC4000B30AE7F792FE0020A549086014E01CE063
:10BC500006E001200CF036FBE4F710FF00B905E028
:10BC6000A4480068A44909688842F2DC00BF9C48E7
:10BC70000068401C9A490860994800689628E7DBEC
:10BC80004FF4FA600CF01EFB64E09C480068012849
:10BC900060D19B48006801285CD19A48006801285F
:10BCA00058D199480068C0BB40F23520E8F73EFF04
:10BCB00000208B49086019E006E001200CF002FB2F
:10BCC000E4F7DCFE00B90BE083490968834A126897
:10BCD000881A002801DB014600E041426429ECDCBF
:10BCE00000BF7F480068401C7D4908607C480068B0
:10BCF000FA28E1DB7D48C07F40F020007B49C8770F
:10BD0000B6EE001ADFED780A0A209FED800AE7F709
:10BD10002CFE00207249086014E01BE006E00120C0
:10BD20000CF0D0FAE4F7AAFE00B905E0714800680B
:10BD3000714909688842F2DC00BF69480068401C0C
:10BD400067490860664800689628E7DB4FF4FA60A8
:10BD50000CF0B8FA0020E7F7D6FC70BDFEB5002461
:10BD60000025002600276A480068012810D101023A
:10BD7000684809F0A7F801280AD157480068B0F5CB
:10BD8000967F05DC42F228342546634E634F1BE064
:10BD90005F480068012812D101025E4809F092F85C
:10BDA00001280CD14C480068B0F5967F07DB40F6BF
:10BDB000AC5425464FF4E17640F2465704E041F298
:10BDC00094142546544E554F0020514908604B4865
:10BDD0000068B0B94A48006898B94A48006880B914
:10BDE0004948006868B900204FF4E1614C4A0A23D1
:10BDF000CDE9002102904A4A96324949E9F715FDFA
:10BE000093E03E480068012815D13D48006890B98C
:10BE10003C48006878B93C48006860B900204FF49D
:10BE2000E1613F4A2346CDE90021029032463C4978
:10BE3000E9F7FBFC79E031480068012816D1304869
:10BE40000068012812D12F48006878B92E48006890
:10BE500060B900204FF4E161314A2346CDE9002169
:10BE6000029032462E49E9F7E0FC5EE02348006884
:10BE7000012817D122480068012813D12148006801
:10BE800001280FD12048006860B900204FF4E1611B
:10BE9000234A2B46CDE9002102903A462049E9F792
:10BEA000C4FC42E01548006801283ED114480068EF
:10BEB00001283AD113480068012836D11248006899
:10BEC000012832D100204FF4E161154A2B46CDE91B
:10BED000002102903A4625E0BC0000208C0400209E
:10BEE0003C040020CDCC4C3F000061C40400002085
:10BEF00000000000A4000020B00100205C0200202F
:10BF0000600200206402002068020020000048C295
:10BF1000F8000020000002403EFEFFFFBAFAFFFFDB
:10BF20007CFCFFFFFB49E9F780FC0020E7F7EBFB17
:10BF300040F20910E8F7E8FD0020F749086019E031
:10BF400006E001200CF0BEF9E4F798FD00B90BE023
:10BF5000F2490968F24A1268881A002801DB014692
:10BF600000E041421429ECDC00BFEB480068401CB3
:10BF7000E9490860E84800683228E1DBE9480068E0
:10BF800088BBE948006870BBE848006858BBB6EE5B
:10BF9000001A5FED2B0A0C209FEDE50AE7F7E5FCA0
:10BFA0000020DD49086014E006E0E4F767FD00B911
:10BFB00009E001200CF086F94FF48071DD4808F0AB
:10BFC00081FF0028F1D000BFD3480068401CD2494F
:10BFD0000860D148006840F20E618842E4DB00202E
:10BFE000E7F791FB06E0FFE7CF480068012801D1A1
:10BFF000FFF797FC0020E7F786FBFEBD70B5EFF773
:10C0000093FBEAF747FBCC48006800283CD1CB48BB
:10C01000006880BBCA48006868BBCA48006850BB5B
:10C020002AE00421C84808F04DFF70B98021C748B4
:10C0300008F048FF48B99FEDC61A5FED550A122077
:10C040009FEDC40AE7F791FC0EE09FEDC11A5FED8A
:10C050005A0A14209FEDB60AE7F787FCBE48C07F56
:10C0600040F08000BC49C87701200CF02BF9E4F7C0
:10C0700005FD08B907E007E04FF48071AD4808F00E
:10C0800021FF0028CDD0C6E0AB48006801283CD194
:10C09000AA48006880BBAA48006868BBA948006835
:10C0A00050BB2AE00421A84808F00CFF70B9802199
:10C0B000A64808F007FF48B99FEDA51A5FED760A7C
:10C0C00012209FEDA40AE7F750FC0EE09FEDA01AA6
:10C0D0005FED7B0A14209FED960AE7F746FC9E4829
:10C0E000C07F40F020009C49C87701200CF0EAF89E
:10C0F000E4F7C4FC08B907E007E04FF480718D480D
:10C1000008F0E0FE0028CDD085E08B4800680128CB
:10C110003ED18A48006801283AD18948006870BB3E
:10C120008848006858BB2BE04FF40061814808F054
:10C13000C9FE70B90121854808F0C4FE48B99FEDD9
:10C14000841A5FED970A12209FED840AE7F70DFC31
:10C150000EE09FED7F1A5FED9C0A14209FED740A9C
:10C16000E7F703FC7C48C07F40F080007A49C8773D
:10C1700001200CF0A7F8E4F781FC08B907E007E01C
:10C180004FF480716B4808F09DFE0028CCD042E04F
:10C190006948006801283ED16848006801283AD102
:10C1A00067480068012836D16648006898BB2AE0D5
:10C1B0004FF400615F4808F085FE70B901216348C3
:10C1C00008F080FE48B99FED621A5FEDB90A1220AF
:10C1D0009FED620AE7F7C9FB0EE09FED5D1A5FED88
:10C1E000BE0A14209FED520AE7F7BFFB5A48C07FF2
:10C1F00040F020005849C87701200CF063F8E4F7BC
:10C200003DFC00B906E04FF480714A4808F05AFE40
:10C210000028CDD000BF9FED521A5FEDCD0A0A2055
:10C220009FED430AE7F7A1FBE6F7CAFA06E0012013
:10C230000CF048F8E4F722FC00B911E0E4F754FCF4
:10C240000546E4F724FC041E01DB204600E06042C2
:10C25000002D01DB294600E069420844C828E6DBDE
:10C2600000BF0020E7F74FFA70BDFEB5002400259F
:10C27000002600273B480068012810D101022D4804
:10C2800008F020FE01280AD124480068B0F5967F06
:10C2900005DC42F228342546334E344F1BE031484A
:10C2A0000068012812D10102224808F00BFE012883
:10C2B0000CD11A480068B0F5967F07DB40F6AC5405
:10C2C00025464FF4E17640F2465704E041F29414DB
:10C2D0002546254E254F0020224908601648006853
:10C2E000B0B91648006898B91548006880B9154873
:10C2F000006868B900204FF4E161064A0A23CDE9DD
:10C3000000210290034A96320249E9F75CF89CE06A
:10C310002EE000007CFCFFFF3C040020BC0000205D
:10C320008C040020E8000020EC000020F000002039
:10C3300000006144000002405C0200206002002016
:10C340006402002068020020001002400004024045
:10C350003333333F0000AF44040000200000AF43FC
:10C360009A99993EF80000203EFEFFFFBAFAFFFFBF
:10C37000FE480068012815D1FD48006890B9FD48C5
:10C38000006878B9FC48006860B900204FF4E161AA
:10C39000FA4A2346CDE9002102903246F749E9F7EF
:10C3A00012F852E0F1480068012816D1F048006800
:10C3B000012812D1EF48006878B9EF48006860B9E9
:10C3C00000204FF4E161ED4A2346CDE900210290BF
:10C3D0003246EA49E8F7F7FF37E0E4480068012809
:10C3E00017D1E3480068012813D1E248006801280A
:10C3F0000FD1E148006860B900204FF4E161DF4AE5
:10C400002B46CDE9002102903A46DC49E8F7DBFFF4
:10C410001BE0D6480068012817D1D54800680128DC
:10C4200013D1D448006801280FD1D34800680128EF
:10C430000BD100204FF4E161D04A2B46CDE9002119
:10C4400002903A46CD49E8F7BEFF0020E7F75BF9D6
:10C4500040F20910E8F758FB0020C949086019E0CC
:10C4600006E001200BF02EFFE4F708FB00B90BE01B
:10C47000C4490968C44A1268881A002801DB0146C9
:10C4800000E041421429ECDC00BFBD480068401CBC
:10C49000BB490860BA4800683228E1DBBB48006845
:10C4A00088BBBB48006870BBBA48006858BB1FED2A
:10C4B000581ADFEDB90A0C201FED630AE7F755FAA9
:10C4C0000020AF49086014E006E0E4F7D7FA00B9AD
:10C4D00009E001200BF0F6FE4FF48071AF4808F040
:10C4E000F1FC0028F1D000BFA5480068401CA44919
:10C4F0000860A348006840F20E618842E4DB002037
:10C50000E7F701F914E0FFE7A0480068012802D12D
:10C51000FFF774FD0CE09E480068012802D1FEF789
:10C52000C8FE05E09B480068012801D1FEF7A9FC80
:10C530000020E7F7E8F8FEBD70B59948006800F103
:10C540000A05EAF7A7F889480068002862D18848F8
:10C55000006800285ED18748006800285AD18648C4
:10C560000068002856D129E080218E4808F0AAFCF6
:10C5700070B904218C4808F0A5FC48B91FED8C1A4D
:10C58000DFED850A12209FED890AE7F7EEF90EE04C
:10C590001FED911ADFED800A14201FED9B0AE7F7CB
:10C5A000E4F98348C07F40F080008149C8770120CA
:10C5B0000BF088FEE4F762FA00B912E04FF48071E4
:10C5C000764808F07FFC0028CED06E4800686E499F
:10C5D0000968441A002C01DB204600E0604219285B
:10C5E000C2DC00BF1FEDA61ADFED6B0A08209FED2D
:10C5F000710AE7F7BAF906E001200BF063FEE4F7F1
:10C600003DFA00B905E00421674808F05BFC00280A
:10C61000F2D023E155480068012862D154480068EF
:10C6200000285ED15348006800285AD1524800685B
:10C63000002856D129E080215A4808F043FC70B9FF
:10C640000421594808F03EFC48B91FEDBF1ADFED40
:10C65000520A12209FED550AE7F787F90EE01FED09
:10C66000C41ADFED4D0A14201FEDCF0AE7F77DF95C
:10C670004F48C07F40F020004D49C87701200BF0A3
:10C6800021FEE4F7FBF900B912E04FF48071434852
:10C6900008F018FC0028CED03A4800683A490968EA
:10C6A000441A002C01DB204600E060421928C2DC5D
:10C6B00000BF1FEDD91ADFED380A08209FED3D0AB3
:10C6C000E7F753F906E001200BF0FCFDE4F7D6F99B
:10C6D00000B905E00421344808F0F4FB0028F2D04A
:10C6E000BCE02248006801286ED12148006801287A
:10C6F0006AD120480068B8BB1F480068A0BB23E08F
:10C700002D480068A84209DD1FEDEF1ADFED220A6F
:10C7100012201FEDEE0AE7F728F90EE01FEDF41ADC
:10C72000DFED1D0A14209FED250AE7F71EF92048CA
:10C73000C07F40F080001E49C87701200BF0C2FD89
:10C74000E4F79CF900B93EE04FF48071134808F01B
:10C75000B9FB0028D4D00B4800680B490968441A7B
:10C76000002C2DDB20462CE02EE000005C02002097
:10C770006002002064020020680200207CFCFFFFB1
:10C780003C040020BC0000208C040020E8000020B5
:10C79000EC000020F0000020000061C40000024016
:10C7A000B001002000040240001002400040B544E7
:10C7B000040000200000E144A400002000006144C7
:10C7C000604219289CDC49E0FB480068012845D1FB
:10C7D000FA480068012841D1F948006801283DD194
:10C7E000F8480068A8BB24E0F7480168A81C81420B
:10C7F00009DD9FEDF61A5FED180A12209FEDF40A8D
:10C80000E7F7B3F80EE09FEDF11A5FED1D0A142073
:10C810001FED160AE7F7A9F8EE48C07F40F02000A8
:10C82000EC49C87701200BF04DFDE4F727F900B97A
:10C8300013E04FF48071E84808F044FB0028D3D09F
:10C84000E6480068E6490968441A002C02DB2046E5
:10C8500001E003E060421928C6DC00BF9FEDE11A49
:10C860005FED330A0A201FED2B0AE7F77EF8E5F7A4
:10C87000A7FF06E001200BF025FDE4F7FFF800B963
:10C8800011E0E4F731F90646E4F701F9041E01DB93
:10C89000204600E06042002E01DB314600E071429C
:10C8A0000844C828E6DB00BF0020E6F72CFF70BD77
:10C8B0002DE9FE43002500260027A846CA48006847
:10C8C00001280CD10102C44808F0FCFA012806D165
:10C8D00042F228352E46C54FDFF8148316E0C248D1
:10C8E000006801280CD10102BB4808F0EBFA38B906
:10C8F00040F6AC552E464FF4E17740F2465805E03D
:10C9000041F294152E46B94FDFF8E4820020B64973
:10C910000860A9480068B0B9A848006898B9A84854
:10C92000006880B9A748006868B900204FF4E16149
:10C93000B04A2B46CDE900210290AE4A9632AD496D
:10C94000E8F773FF6CE09C480068012815D19B480C
:10C95000006890B99A48006878B99A48006860B948
:10C9600000204FF4E161A34A2B46CDE9002102905B
:10C970003A46A049E8F759FF52E08F48006801287D
:10C9800016D18E480068012812D18D48006878B908
:10C990008C48006860B900204FF4E161954A2B464D
:10C9A000CDE9002102903A469249E8F73EFF37E090
:10C9B00081480068012817D180480068012813D1F8
:10C9C0007F48006801280FD17E48006860B90020C8
:10C9D0004FF4E161874A3346CDE900210290424697
:10C9E0008449E8F722FF1BE073480068012817D14B
:10C9F00072480068012813D17148006801280FD1DE
:10CA00007048006801280BD100204FF4E161794A99
:10CA10003346CDE90021029042467649E8F705FF0A
:10CA20000020E6F770FE40F20910E8F76DF80020EC
:10CA30007149086019E006E001200BF043FCE4F7BF
:10CA40001DF800B90BE065490968654A1268881A43
:10CA5000002801DB014600E041421429ECDC00BF64
:10CA600065480068401C64490860634800683228D3
:10CA7000E1DB62480068002867D16148006800284F
:10CA800063D16048006800285FD19FED501A5FEDC8
:10CA9000BE0A0C201FEDB70AE6F767FF00205649D3
:10CAA000086014E006E0E3F7E9FF00B909E00120BF
:10CAB0000BF008FC4FF48071474808F003FA002897
:10CAC000F1D000BF4C480068401C4B4908604A4800
:10CAD000006840F20E618842E4DB9FED3C1A5FED96
:10CAE000D20A08201FEDCB0AE6F73FFF002042499B
:10CAF000086020E006E0E3F7C1FF00B915E001207F
:10CB00000BF0E0FB4FF48071334808F0DBF90028AC
:10CB1000F1D03248006832490968441A002C01DB20
:10CB2000204600E060420A28E5DC00BF3248006889
:10CB3000401C314908603048006840F20E6188426C
:10CB4000D8DB0020E6F7DFFD0CE02C480068012868
:10CB500002D1FFF7F1FC05E029480068012801D166
:10CB6000FEF7DFFE0020E6F7CEFDBDE8FE8310B540
:10CB70001148006800287CD1104800680028FAD1CC
:10CB80000F480068002874D10E480068002870D152
:10CB9000E9F780FD06E001200BF094FBE3F76EFF60
:10CBA00000B934E00D4909680D4A1268881A002856
:10CBB0002ADB014629E000005C0200206002002020
:10CBC0006402002068020020A40000203333333FB9
:10CBD0000000AF430400002000000240BC00002021
:10CBE0008C0400209A99993EF80000203EFEFFFF39
:10CBF000BAFAFFFF7CFCFFFF3C040020E8000020A5
:10CC0000EC000020F000002041420F29C3DC00BFEF
:10CC10001FED121ADFEDF80A12209FEDF80AE6F771
:10CC2000A4FE0020F649086013E006E001200BF0A6
:10CC300049FBE3F723FF00B905E00421F14808F0C0
:10CC400041F90028F2D000BFED480068401CEC49D3
:10CC50000860EB4800689628E7DBEB48C07F40F0AF
:10CC60008000E949C8771FED271ADFEDE30A0820A5
:10CC700000E020E09FEDE50AE6F777FE0020E049BE
:10CC8000086013E006E001200BF01CFBE3F7F6FE62
:10CC900000B905E08021DE4808F014F90028F2D040
:10CCA00000BFD7480068401CD5490860D4480068D8
:10CCB0009628E7DB56E1D7480068012874D1D648AA
:10CCC0000068002870D1D548006800286CD1D4488D
:10CCD0000068002868D1E9F7DDFC06E001200BF0D0
:10CCE000F1FAE3F7CBFE00B90BE0CE490968CE4A72
:10CCF0001268881A002801DB014600E041420F2932
:10CD0000ECDC00BF1FED4F1ADFEDBB0A12209FEDD8
:10CD1000BB0AE6F72AFE0020B949086013E006E0E6
:10CD200001200BF0CFFAE3F7A9FE00B905E00421DA
:10CD3000B44808F0C7F80028F2D000BFB048006837
:10CD4000401CAF490860AE4800689628E7DBAE4853
:10CD5000C07F40F02000AC49C8771FED641ADFEDBA
:10CD6000A60A08209FEDA90AE6F7FFFD0020A449C6
:10CD7000086013E006E001200BF0A4FAE3F77EFE62
:10CD800000B905E08021A24808F09CF80028F2D004
:10CD900000BF9B480068401C99490860984800689B
:10CDA0009628E7DBDEE0FFE79A48006801286AD1B1
:10CDB00099480068012866D198480068002862D127
:10CDC00097480068D8BBE9F765FC06E001200BF046
:10CDD00079FAE3F753FE00B90BE092490968924AE9
:10CDE0001268881A002801DB014600E041420F2941
:10CDF000ECDC00BF24E08021854808F063F870B9BE
:10CE00000421804808F05EF848B91FED901ADFED64
:10CE10007A0A12209FED850AE6F7A7FD08E01FEDCC
:10CE2000951ADFED750A0F209FED810AE6F79DFD4B
:10CE300001200BF047FAE3F721FE08B904E022E0F5
:10CE40007C4800680228D6DC00BF6F48C07F40F0F5
:10CE500080006D49C8771FEDA31ADFED670A08202F
:10CE60009FED660AE6F781FD06E001200BF02AFA45
:10CE7000E3F704FE00B905E08021654808F022F8D8
:10CE80000028F2D06EE06348006801286AD1624849
:10CE90000068012866D161480068012862D16048B5
:10CEA0000068D8BBE9F7F6FB06E001200BF00AFAB0
:10CEB000E3F7E4FD00B90BE05A4909685A4A1268E1
:10CEC000881A002801DB014600E041420F29ECDC12
:10CED00000BF24E080214E4807F0F4FF70B9042120
:10CEE000484807F0EFFF48B91FEDC81ADFED420AC6
:10CEF00012209FED4E0AE6F738FD08E01FEDCD1A2F
:10CF0000DFED3D0A0F209FED4A0AE6F72EFD0120D6
:10CF10000BF0D8F9E3F7B2FD08B904E022E0454888
:10CF200000680228D6DC00BF3748C07F40F02000F0
:10CF30003549C8771FEDDB1ADFED2F0A08209FED7A
:10CF40002F0AE6F712FD06E001200BF0BBF9E3F72C
:10CF500095FD00B905E080212D4807F0B3FF0028BA
:10CF6000F2D000BF0020E6F7CEFB10BD10B540F2B6
:10CF70003520E7F7DBFD2748006800287DD12648EB
:10CF800000680028FAD125480068002875D1244897
:10CF90000068002871D11A4908605FE01FE0264848
:10CFA000006826490968884209DD1FEDF81ADFED9F
:10CFB000120A12209FED220AE6F7D7FC08E09FED47
:10CFC000211ADFED0D0A0F209FED190AE6F7CDFCBF
:10CFD00001200BF077F9E3F751FD00B938E015496E
:10CFE00009688529DBDC0F4909680F4A1268881A2D
:10CFF000002829DB014628E0000061C40080ED44E0
:10D000003C04002000100240040000200000E14425
:10D01000000402405C020020600200206402002044
:10D0200068020020BC0000208C0400200040B544B1
:10D030000000614498000020A4000020B0010020FE
:10D040000000C8433333333F4142B1F5967FA6DC3D
:10D0500000BFF7480068401CF5490860F4480068C4
:10D0600040F20E61884299DBF248C07F40F08000B8
:10D07000F049C8779FEDF01A00E027E05FED220A43
:10D080000A209FEDEE0AE6F770FC0020E8490860F0
:10D0900013E006E001200BF015F9E3F7EFFC00B90F
:10D0A00005E0E7480068E74909688842F2DC00BF0C
:10D0B000DF480068401CDE490860DD4800689628AB
:10D0C000E7DB4FF4FA600BF0FDF864E1DE4800683E
:10D0D00001287DD1DD480068002879D1DC4800684E
:10D0E000002875D1DB480068002871D1D04908605C
:10D0F00037E01FE0D2480068D2490968884209DD5C
:10D100001FED301A5FED440A12201FED330AE6F7D7
:10D110002CFC08E01FED351A5FED490A0F201FEDCA
:10D120003C0AE6F722FC01200BF0CCF8E3F7A6FC62
:10D1300000B910E0C84909688529DBDCC7490968DE
:10D14000C74A1268881A002801DB014600E0414204
:10D15000B1F5967FCEDC00BFB5480068401CB449ED
:10D160000860B348006840F20E618842C1DBB148F4
:10D17000C07F40F02000AF49C8779FEDAF1A5FED48
:10D18000620A0A209FEDAD0AE6F7EFFB0020A849EE
:10D19000086013E006E001200BF094F8E3F76EFC62
:10D1A00000B905E0A6480068A64909688842F2DC93
:10D1B00000BF9F480068401C9D4908609C4800686B
:10D1C0009628E7DB4FF4FA600BF07CF8E3E0FFE72A
:10D1D0009D48006801286DD19C480068012869D1EC
:10D1E0009B480068002865D19A480068F0BBB6EEFD
:10D1F000001A5FED7F0A0E209FED9A0AE6F7B5FB55
:10D2000000208B4908601FE006E001200BF05AF86F
:10D21000E3F734FC00B911E089490968894A1268CA
:10D220009142F2DC8D4909688D4A1268881A0028FB
:10D2300001DB014600E04142C829E6DC00BF7C4832
:10D240000068401C7A490860794800689628DBDB52
:10D250007848C07F40F080007649C8779FED761A05
:10D260005FED9B0A0A209FED750A00E022E0E6F7D9
:10D270007CFB00206E49086013E006E001200BF003
:10D2800021F8E3F7FBFB00B905E06D4800686D4944
:10D2900009688842F2DC00BF65480068401C6449A8
:10D2A0000860634800689628E7DB4FF4FA600BF0EB
:10D2B00009F870E06448006801286CD16348006890
:10D2C000012868D162480068012864D1614800687B
:10D2D000E0BBB6EE001A5FEDB80A0E209FED610AC2
:10D2E000E6F743FB0020524908601FE006E00120FA
:10D2F0000AF0E8FFE3F7C2FB00B911E05049096802
:10D30000504A12689142F2DC54490968544A126842
:10D31000881A002801DB014600E04142C829E6DC0A
:10D3200000BF43480068401C41490860404800680D
:10D330009628DBDB3F48C07F40F020003D49C8779E
:10D340009FED3D1A5FEDD40A0A2000E023E09FED37
:10D350003B0AE6F70AFB00203549086013E006E0C7
:10D3600001200AF0AFFFE3F789FB00B905E034487C
:10D370000068344909688842F2DC00BF2C48006824
:10D38000401C2B4908602A4800689628E7DB4FF4C8
:10D39000FA600AF097FF0020E6F7B5F910BD70B506
:10D3A0002848006800F10C05EEF7BEF940F2352080
:10D3B000E7F7AAFB2448006800287DD123480068CD
:10D3C0000028FAD1224800680028F6D121480068D8
:10D3D000002871D11649086065E04BE080212248A1
:10D3E00007F070FD70B90421204807F06BFD48B9C3
:10D3F0001FEDEC1ADFED1E0A12201FEDF40AE6F70E
:10D40000B4FA0EE01FEDF11ADFED190A0F201FED3F
:10D41000F80AE6F7AAFA0748C07F40F080000549FD
:10D42000C87701200AF04EFFE3F728FB10BB34E079
:10D430003C04002004000020CDCCCC3D00000000C6
:10D44000A4000020B00100205C0200206002002047
:10D45000640200206802002098000020BC00002028
:10D460008C04002000007AC3000402400010024037
:10D47000000061C44FF48051FA4807F023FD0028F2
:10D48000ACD0F9480068F9490968441A002C01DB5E
:10D49000204600E060426428A0DC00BFF448006839
:10D4A000401CF3490860F248006840F20E6188426F
:10D4B00093DB0020EE4900E025E008601CE09FEDD2
:10D4C000ED1A5FED150A0A209FEDEB0AE6F74DFA1B
:10D4D00006E001200AF0F6FEE3F7D0FA00B905E015
:10D4E0000421E64807F0EEFC0028F2D000BFE04837
:10D4F0000068401CDE490860DD48006840F20E61AB
:10D500008842DCDB34E1DE48006801287ED1DD485A
:10D51000006800287ED1DC48006800287AD1DB480A
:10D520000068002876D1D249086043E029E08021D4
:10D53000D74807F0C7FC70B90421D04807F0C2FCF7
:10D5400048B99FEDCC1A5FED360A12209FEDD10A43
:10D55000E6F70BFA0EE09FEDC71A5FED3B0A0F20CE
:10D560009FEDCD0AE6F701FACC48C07F40F02000DD
:10D57000CA49C87701200AF0A5FEE3F77FFA00B98F
:10D5800012E04FF48051B74807F09CFC0028CED041
:10D59000B5480068B5490968441A002C01DB2046EB
:10D5A00000E060426428C2DC00BFB1480068401C53
:10D5B000AF490860AE48006840F20E618842B5DBB2
:10D5C0000020AB4908601CE09FEDAA1A5FED580AE5
:10D5D0000A209FEDA90AE6F7C8F906E001200AF043
:10D5E00071FEE3F74BFA00B905E00421A34807F008
:10D5F00069FC0028F2D000BF9D480068401C9C498F
:10D6000008609B48006840F20E6100E002E088423A
:10D61000DADBADE09A480068012851D199480068EA
:10D6200001284DD198480068D8BB98480068C0BB15
:10D6300000208F4908603EE023E099480068A84236
:10D6400009DD9FED8C1A5FED760A12209FED950A99
:10D65000E6F78BF90EE09FED871A5FED7B0A0F204E
:10D660009FED8D0AE6F781F98C48C07F40F080007D
:10D670008A49C87701200AF025FEE3F7FFF900B9CF
:10D6800013E04FF48051774807F01CFC0028D4D0F9
:10D690007548006875490968441A002C02DB204669
:10D6A00001E00DE060426428C7DC00BF70480068FC
:10D6B000401C6F4908606E4800689628BCDB57E044
:10D6C0006F480068012853D16E48006801284FD187
:10D6D0006D48006801284BD16C480068C0BB002031
:10D6E000634908603EE023E06D480068A84209DD18
:10D6F0009FED601A5FEDA20A12209FED6A0AE6F71D
:10D7000034F90EE09FED5B1A5FEDA70A0F209FED45
:10D71000620AE6F72AF96148C07F40F020005F49BD
:10D72000C87701200AF0CEFDE3F7A8F900B913E0AD
:10D730004FF480514B4807F0C5FB0028D4D04A482D
:10D7400000684A490968441A002C02DB204601E0BF
:10D750000EE060426428C7DC00BF45480068401CFA
:10D76000434908604248006840F20E618842BADBD3
:10D770000A20E5F7C8FF9FED3F1A5FEDC30A0A20B4
:10D780009FED450AE6F7F1F840F2DC500AF09AFD09
:10D790000020E5F7B8FF70BD2DE9FE430025002607
:10D7A0000027A8464048006801280CD101022D48F6
:10D7B00007F088FB012806D142F228352E463B4F60
:10D7C000DFF8EC8016E03848006801280CD101022F
:10D7D000244807F077FB38B940F6AC552E464FF495
:10D7E000E17740F2465805E041F294152E462F4F5E
:10D7F000DFF8BC8000202C49086021480068B0B9DF
:10D800002048006898B92048006880B91F4800681F
:10D8100068B900204FF4E161264A2B46CDE900218A
:10D820000290244A96322349E7F7FFFF97E0144815
:10D830000068012840D11348006890B91248006878
:10D8400078B91248006860B900204FF4E161194AC4
:10D850002B46CDE9002102903A461649E7F7E5FF4D
:10D860007DE029E000000240BC0000208C04002084
:10D870003C0400203333333F0000E14400100240F9
:10D880005C02002060020020640200206802002088
:10D89000000402400040B544000061440400002040
:10D8A000A40000200000AF43F80000203EFEFFFF70
:10D8B000BAFAFFFF7CFCFFFFFC480068012816D184
:10D8C000FB480068012812D1FA48006878B9FA4884
:10D8D000006860B900204FF4E161F84A2B46CDE9B9
:10D8E000002102903A46F549E7F79FFF37E0EF48FD
:10D8F0000068012817D1EE480068012813D1ED48CF
:10D90000006801280FD1EC48006860B900204FF48E
:10D91000E161EA4A3346CDE9002102904246E749F7
:10D92000E7F783FF1BE0E1480068012817D1E048D2
:10D930000068012813D1DF48006801280FD1DE48B4
:10D94000006801280BD100204FF4E161DB4A334627
:10D95000CDE9002102904246D849E7F766FF002052
:10D96000E5F7D1FEE7F7C4F8D5480068FA30D549A5
:10D970000860D5480068FA30D4490860D448006887
:10D9800088BBD448006870BBD348006858BB1FED03
:10D99000471ADFEDD20A0A201FED410AE5F7E5FF3D
:10D9A0000020CF49086029E006E0E3F767F800B9F6
:10D9B0001EE001200AF086FC4FF48071C94807F090
:10D9C00081FA0128F1D04FF48051C64807F07AFA65
:10D9D0000028EAD0C4480068BC490968441A002CF1
:10D9E00002DB204601E010E06042B0F5967FDCDC0F
:10D9F00000BFBB480068401CB9490860B8480068CF
:10DA000040F20E618842CFDB13E0B1480068012884
:10DA100002D1FFF7C4FC0CE0AE480068012802D137
:10DA2000FFF7A4FA05E0AC480068012801D1FFF730
:10DA30009EF80020E5F767FEBDE8FE832DE9FE4372
:10DA4000002500260027A846A848006801280CD118
:10DA50000103A44807F036FA012806D142F228351E
:10DA60002E46A34FDFF88C8216E0A04800680128FC
:10DA70000CD101039B4807F025FA38B940F6AC55A4
:10DA80002E464FF4E17740F2465805E041F29415F6
:10DA90002E46974FDFF85C82002094490860834847
:10DAA0000068B0B98248006898B98248006880B9B7
:10DAB0008148006868B900204FF4E1617F4A0A2379
:10DAC000CDE9002102907D4A96327C49E7F7ADFE10
:10DAD0006CE076480068012815D17548006890B957
:10DAE0007448006878B97448006860B900204FF441
:10DAF000E161724A2B46CDE9002102903A466F4916
:10DB0000E7F793FE52E069480068012816D168489B
:10DB10000068012812D16748006878B96648006833
:10DB200060B900204FF4E161644A2B46CDE9002141
:10DB300002903A466149E7F778FE37E05B480068B3
:10DB4000012817D15A480068012813D159480068A4
:10DB500001280FD15848006860B900204FF4E161F6
:10DB6000564A3346CDE90021029042465349E7F731
:10DB70005CFE1BE04D480068012817D14C48006846
:10DB8000012813D14B48006801280FD14A4800688A
:10DB900001280BD100204FF4E161484A3346CDE91A
:10DBA0000021029042464549E7F73FFE0020E5F795
:10DBB000AAFD47480068002877D146480068002839
:10DBC00073D14548006800286FD1E6F791FF3C48C3
:10DBD0000068FA303B4908603B480068FA303B492E
:10DBE00008601FEDDC1ADFED3D0A0F201FEDD60A9D
:10DBF000E5F7BBFE00203A49086014E006E0E2F7D2
:10DC00003DFF00B909E001200AF05CFB4FF4807190
:10DC1000344807F057F90128F1D000BF30480068B8
:10DC2000401C2F4908602E48006840F20E6188426F
:10DC3000E4DB1FEDF01ADFED290A08201FEDEA0AE8
:10DC4000E5F793FE00202649086027E006E0E2F7AA
:10DC500015FF00B91CE001200AF034FB4FF480717D
:10DC6000204807F02FF90128F1D04FF480511D48CA
:10DC700007F028F90028EAD01B4800681349096812
:10DC8000441A002C01DB204600E060420A28DEDC5A
:10DC900000BF13480068401C114908601048006824
:10DCA00040F20E618842D1DB33E025E05C020020C7
:10DCB0006002002064020020680200207CFCFFFF5C
:10DCC0007804002080040020840400208C040020BC
:10DCD000E8000020EC000020F0000020000061C4FB
:10DCE0003C04002000000240BC000020F80000209E
:10DCF0003EFEFFFFBAFAFFFFF9480068012802D193
:10DD0000FFF74DFB05E0F7480068012801D1FFF758
:10DD10002DF90020E5F7F7FCBDE8FE8310B5F248C9
:10DD2000006800286ED1F148006800286AD1F048E8
:10DD30000068002866D1EF480068002862D140F2F0
:10DD40003520E6F7F3FE0020EB4908602AE01FE0EB
:10DD5000EA480068EA490968884209DD9FEDE91A46
:10DD60005FED220A12209FEDE80AE5F7FEFD08E0CC
:10DD70009FEDE41A5FED270A0E209FEDE40AE5F718
:10DD8000F4FD01200AF09EFAE2F778FE00B903E004
:10DD9000DF4800688528DBDC00BFD7480068401CEE
:10DDA000D5490860D448006840F20E618842CEDB55
:10DDB0009FEDD81A5FED370A0A209FEDD70AE5F7E5
:10DDC000D4FD0020CC49086013E006E001200AF0F1
:10DDD00079FAE2F753FE00B905E0C8480068C8497F
:10DDE00009688842F2DC00BFC3480068401CC24991
:10DDF0000860C14800689628E7DB4FF4FA600AF033
:10DE000061FAFEE0B848006801286FD1B7480068A1
:10DE100000286BD1B6480068002867D1B548006873
:10DE2000002863D140F23520E6F780FE0020B24999
:10DE300008602AE01FE0B1480068B14909688842DB
:10DE400009DD9FEDB01A5FED5B0A12209FEDAE0A6F
:10DE5000E5F78BFD08E09FEDAB1A5FED600A0E2041
:10DE60009FEDAA0AE5F781FD01200AF02BFAE2F7FF
:10DE700005FE00B903E0A64800688528DBDC00BF8A
:10DE80009D480068401C9C4908609B48006840F21F
:10DE90000E618842CEDB9FED9F1A5FED700A0A206B
:10DEA0009FED9D0AE5F761FD00209349086013E0AE
:10DEB00006E001200AF006FAE2F7E0FD00B905E00D
:10DEC0008E4800688E4909688842F2DC00BF8A48A3
:10DED0000068401C88490860874800689628E7DB8E
:10DEE0004FF4FA600AF0EEF98BE0FFE77E48006835
:10DEF000012841D17D48006801283DD17C48006857
:10DF0000C8BB7C480068B0BB40F23520E6F70EFE87
:10DF1000B6EE001A5FED8F0A0C209FED800AE5F740
:10DF200024FD00207449086013E006E001200AF097
:10DF3000C9F9E2F7A3FD00B905E07048006870492F
:10DF400009688842F2DC00BF6B480068401C6A49DF
:10DF50000860694800689628E7DBB6EE001A5FEDB6
:10DF6000A10A0A209FED6C0AE5F7FFFC4FF4FA6066
:10DF70000AF0A8F945E0FFE75B480068012840D1B6
:10DF80005A48006801283CD159480068012838D116
:10DF900058480068A8BB40F23520E6F7C7FDB6EE4A
:10DFA000001A5FEDB20A0C209FED5C0AE5F7DDFC7C
:10DFB00000205149086013E006E001200AF082F9D0
:10DFC000E2F75CFD00B905E04C4800684C4909687F
:10DFD0008842F2DC00BF48480068401C464908609F
:10DFE000454800689628E7DBB6EE001A5FEDC50AE3
:10DFF0000A209FED490AE5F7B8FC4FF4FA600AF0F1
:10E0000061F90020E5F77FFB10BD2DE9F0410446E2
:10E010000D460020384908603BE02AE0404800688F
:10E02000071B3846E7F7E1FF06463D480068001B3E
:10E03000002809DDB6EE001A5FEDD80A30469FEDE4
:10E04000390AE5F792FC10E035480068001B09D555
:10E05000B6EE001A5FEDDF0A30469FED2F0AE5F7B6
:10E0600084FC02E00020E5F74EFBE2F707FD00B973
:10E0700009E02B490968081B002801DB014600E084
:10E0800041420129CADC00BF1B480068401C1A49F4
:10E09000086019480068A842BFDBBDE8F08110B5F0
:10E0A00011480068002867D110480068002863D133
:10E0B0000F48006898B90F48006880B940F23520D1
:10E0C000E6F722FDB6EE001A5FEDFC0A0E209FED8A
:10E0D000160AE5F74AFC0020074908603AE04BE0E1
:10E0E000E8000020EC0000205C020020600200201C
:10E0F00064020020680200203C040020A4000020EC
:10E10000B00100203333333F00007A430000614404
:10E1100098000020CDCCCC3D000000000000C8C21B
:10E12000A00000200000E1440080ED4406E0012052
:10E130000AF0C8F8E2F7A2FC00B905E0F748006869
:10E14000F74909688842F2DC00BFF6480068401CC5
:10E15000F4490860F34800689628E7DBB6EE001A39
:10E16000DFEDF10A0A201FED110AE5F7FEFB4FF47F
:10E17000FA600AF0A7F8FCE0EC480068012840D1FA
:10E18000EB480068E0BBEB480068C8BBEA480068A1
:10E19000B0BB40F23520E6F7B7FCB6EE001ADFED73
:10E1A000E20A0C201FED200AE5F7DFFB0020DD4925
:10E1B000086013E006E001200AF084F8E2F75EFC54
:10E1C00000B905E0D5480068D54909688842F2DC05
:10E1D00000BFD4480068401CD2490860D14800689C
:10E1E0009628E7DBB6EE001ADFEDCF0A0A201FED16
:10E1F000330AE5F7BAFB4FF4FA600AF063F8B8E0C7
:10E20000FFE7CA480068012857D1C94800680128BB
:10E2100053D1C8480068E8BBC7480068D0BBC821D4
:10E22000BF480068FFF7F1FE40F23520E6F76CFCCE
:10E230001FED4C1ADFEDBC0A12201FED4C0AE5F76A
:10E2400094FB0020B74908601EE006E0E2F716FCE8
:10E2500000B913E001200AF035F8B84909688229AD
:10E26000F4DCB7490968B74A1268881A002801DB4C
:10E27000014600E04142B1F5967FE7DC00BFA948C6
:10E280000068401CA7490860A648006840F20E617B
:10E29000884200E011E0D8DB0020E5F734FA1FEDFA
:10E2A000631ADFEDA10A0A201FED620AE5F75DFBA4
:10E2B00040F6C4100AF006F85BE09C4800680128AC
:10E2C00057D19B480068012853D19A48006801281B
:10E2D0004FD199480068E0BBC82191480068FFF71A
:10E2E00094FE40F23520E6F70FFC1FED7A1ADFEDC1
:10E2F0008E0A12201FED7B0AE5F737FB00208949C3
:10E3000008601EE006E0E2F7B9FB00B913E0012067
:10E3100009F0D8FF894909688529F4DC884909682A
:10E32000884A1268881A002801DB014600E0414251
:10E33000B1F5967FE7DC00BF7A480068401C794958
:10E3400008607848006840F20E618842DADB0020FD
:10E3500000E00EE0E5F7D7F91FED921ADFED720A43
:10E360000A201FED900AE5F700FB40F6C41009F003
:10E37000A9FF0020E5F7C7F910BD70B5684800682F
:10E3800000F10A057048006800F10A0640F23520E5
:10E39000E6F7BAFB65480068002853D16448006876
:10E3A00000284FD16348006800284BD162480068BC
:10E3B000002847D15B4908603DE023E057480068EA
:10E3C000A84209DD1FEDB11ADFED570A12209FEDBB
:10E3D0005F0AE5F7CAFA0EE01FEDB61ADFED520A42
:10E3E0000F201FEDB60AE5F7C0FA5948C07F40F08C
:10E3F00080005749C877012009F064FFE2F73EFB2F
:10E4000000B912E04FF48051524806F05BFD00283D
:10E41000D4D04B4800684B490968441A002C01DBF2
:10E42000204600E060422828C8DC00BF3D48006864
:10E43000401C3C4908603B48006840F20E6188423D
:10E44000BBDB25E139480068012853D13848006812
:10E4500000284FD137480068D8BB37480068C0BB98
:10E460000020304908603EE023E02C480068A842C4
:10E4700009DD1FEDDC1ADFED2C0A12209FED330AB7
:10E48000E5F773FA0EE01FEDE11ADFED270A0F2022
:10E490001FEDE20AE5F769FA2D48C07F40F0200041
:10E4A0002B49C877012009F00DFFE2F7E7FA00B920
:10E4B00013E04FF48051274806F004FD0028D4D023
:10E4C0001F4800681F490968441A002C02DB2046D7
:10E4D00001E00FE060422828C7DC00BF1148006857
:10E4E000401C104908600F48006840F20E618842E5
:10E4F000BADBCDE00D480068012871D10C480068F6
:10E5000001286DD10B48006838B90B48006820B964
:10E510000020044908605CE042E061E0A0000020C7
:10E52000A80100203C040020000061C45C0200201F
:10E530006002002064020020680200209800002091
:10E54000BC0000208C040020B00100200040B54435
:10E550000400002000000240FE480068B04209DDCF
:10E560009FEDFD1A5FED100A12209FEDFC0AE5F702
:10E57000FCF90EE09FEDF81A5FED150A0F209FEDF4
:10E58000F80AE5F7F2F9F748C07F40F08000F54956
:10E59000C877012009F096FEE2F770FA00B912E0A0
:10E5A0004FF48051F04806F08DFC0028D4D0EF489D
:10E5B0000068EF490968441A002C01DB204600E09E
:10E5C00060422828C8DC00BFEA480068401CE949CE
:10E5D0000860E848006840F20E6188429CDB57E022
:10E5E000E5480068012853D1E448006801284FD16C
:10E5F000E348006801284BD1E2480068C0BB002016
:10E60000DC4908603EE023E0D2480068B04209DD02
:10E610009FEDD11A5FED3C0A12209FEDD00AE5F77D
:10E62000A4F90EE09FEDCC1A5FED410A0F209FED9B
:10E63000CC0AE5F79AF9CB48C07F40F02000C949E1
:10E64000C877012009F03EFEE2F718FA00B913E09E
:10E650004FF48051C44806F035FC0028D4D0C3489C
:10E660000068C3490968441A002C02DB204601E017
:10E670000EE060422828C7DC00BFBE480068401C8E
:10E68000BC490860BB48006840F20E618842BADBB2
:10E690000020E5F738F870BD3EB5B7480068B8B956
:10E6A000B6480068A0B9B648006888B9B54800689F
:10E6B00070B900204FF4E161B34A40F6AC53CDE9A4
:10E6C00000210290B04A9632AF49E7F7AEF870E009
:10E6D000A9480068012816D1A848006898B9A84838
:10E6E000006880B9A748006868B900204FF4E1616C
:10E6F000A54A4FF47A63CDE90021029052105100EF
:10E70000E7F793F855E09C480068012817D19B482B
:10E710000068012813D19A48006880B999480068B8
:10E7200068B900204FF4E161974A4FF47A63CDE96C
:10E730000021029052105100E7F777F839E08E4837
:10E740000068012818D18D480068012814D18C4830
:10E750000068012810D18B48006868B900204FF488
:10E76000E161894A4FF47A63CDE900210290874A3A
:10E770008549E7F75AF81CE07F480068012818D15E
:10E780007E480068012814D17D480068012810D116
:10E790007C48006801280CD100204FF4E1617A4ADE
:10E7A0004FF47A63CDE900210290784A7649E7F781
:10E7B0003CF80020E4F7A7FFE6F79AF974480068F0
:10E7C000FA307449086074480068FA306849086093
:10E7D00000206849086019E006E0012009F072FD98
:10E7E000E2F74CF900B90BE060490968604A126829
:10E7F000881A002801DB014600E041426429ECDC74
:10E8000000BF5C480068401C5A49086059480068CD
:10E810003228E1DB6148006800286BD1604800685D
:10E82000002867D15F480068002863D19FED4A1A2D
:10E830005FEDC30A10209FED4A0AE5F796F8002025
:10E840004C49086020E006E0012009F03BFDE2F7BA
:10E8500015F900B912E04FF48071434806F032FB1D
:10E860000128F1D04148006841490968441A002C48
:10E8700001DB204600E060421428E5DC00BF3D4893
:10E880000068401C3B4908603A48006840F20E614D
:10E890008842D8DB9FED301A5FEDDD0A08209FED3E
:10E8A000300AE5F762F80020324908601BE006E014
:10E8B000012009F007FDE2F7E1F800B90DE04FF49F
:10E8C0008071294806F0FEFA0128F1D04FF48051FA
:10E8D000254806F0F7FA0028EAD000BF254800686E
:10E8E000401C244908602348006840F20E618842B9
:10E8F000DDDB13E029480068012802D1FFF73DFD68
:10E900000CE028480068012802D1FFF7C8FB05E0A9
:10E9100023480068012801D1FFF700FA0020E4F73E
:10E92000F2FE3EBD0EB51448006890B91348006869
:10E9300078B91348006860B91248006848B90020E7
:10E940004FF4E161104A40F6AC53CDE9002102904A
:10E950002AE02FE0A40000203333333F0000E143DE
:10E96000000061440400002000000240BC000020C0
:10E970008C0400203C0400205C0200206002002087
:10E9800064020020680200207CFCFFFFBAFAFFFF4F
:10E99000780400208004002084040020E800002087
:10E9A000EC000020F0000020FB4A9632FA49E6F71E
:10E9B0000AFD70E0F9480068012816D1F84800689F
:10E9C00098B9F848006880B9F748006868B900202D
:10E9D0004FF4E161F04A4FF47A63CDE900210290EF
:10E9E00052105100E6F7EFFC55E0EC4800680128B2
:10E9F00017D1EB480068012813D1EA48006880B9B4
:10EA0000E948006868B900204FF4E161E24A4FF438
:10EA10007A63CDE90021029052105100E6F7D3FC51
:10EA200039E0DE480068012818D1DD480068012877
:10EA300014D1DC480068012810D1DB48006868B9AF
:10EA400000204FF4E161D44A4FF47A63CDE900210C
:10EA50000290D64AD049E6F7B6FC1CE0CF480068E1
:10EA6000012818D1CE480068012814D1CD4800688B
:10EA7000012810D1CC48006801280CD100204FF4A7
:10EA8000E161C54A4FF47A63CDE900210290C74A9B
:10EA9000C149E6F798FC0020E4F735FE40F2091082
:10EAA000E6F732F80020C249086019E006E00120CC
:10EAB00009F008FCE1F7E2FF00B90BE0BD49096885
:10EAC000BD4A1268881A002801DB014600E0414275
:10EAD0001429ECDC00BFB6480068401CB44908604B
:10EAE000B34800683228E1DBB448006870BBB44822
:10EAF000006858BBB348006840BB9FEDB31ADFED18
:10EB0000B30A0F201FED6A0AE4F72FFF0020A8497F
:10EB1000086014E006E0012009F0D4FBE1F7AEFF45
:10EB200000B906E04FF48071A94806F0CBF900283F
:10EB3000F1D000BF9E480068401C9D4908609C4879
:10EB40000068FA28E6DB0020E4F7DDFD9B4800685A
:10EB5000012802D1FDF752FA05E099480068012822
:10EB600001D1FCF7A6FB0020E4F7CDFD0EBD10B5EA
:10EB70008A48006800284BD189480068002847D19E
:10EB800088480068002843D18748006800283FD1A2
:10EB900040F23520E5F7CAFF9FED8B1ADFED8B0AB7
:10EBA0000A209FED8C0AE4F7E0FE0020804908600F
:10EBB00025E00CE08848C07F40F080008649C87797
:10EBC000012009F07FFBE1F759FF00B911E083490B
:10EBD0000968834A12689142ECDC76490968764AF2
:10EBE0001268881A002801DB014600E04142C8296A
:10EBF000E0DC00BF6E480068401C6D4908606C484E
:10EC000000689628D5DB40F6C41009F05BFB63E191
:10EC100062480068012849D16148006898BB614892
:10EC2000006880BB6048006868BB40F23520E5F7AB
:10EC30007DFF9FED651ADFED650A0A209FED650AED
:10EC4000E4F793FE00205A49086026E00CE0624891
:10EC5000C07F40F020006049C877012009F032FBF6
:10EC6000E1F70CFF00B912E05C4909685C4A1268E0
:10EC70009142ECDC4F4909684F4A1268881A002813
:10EC800002DB014601E011E04142C829DFDC00BFA0
:10EC900047480068401C4649086045480068962877
:10ECA000D4DB40F6C41009F00DFB15E13B480068C9
:10ECB00001286FD13A48006801286BD139480068B3
:10ECC000002867D138480068002863D140F2352019
:10ECD000E5F72CFF9FED3C1ADFED3C0A0A209FED83
:10ECE000410AE4F742FE0020314908601EE006E0D8
:10ECF000012009F0E7FAE1F7C1FE00B910E03A4956
:10ED000009689129F4DB2B4909682B4A1268881A93
:10ED1000002801DB014600E04142B1F5967FE7DCC7
:10ED200000BF23480068401C214908602048006853
:10ED30009628DCDB2848C07F40F080002649C87751
:10ED40009FED211ADFED210A0A209FED280AE4F742
:10ED50000CFE00201649086013E006E0012009F0CF
:10ED6000B1FAE1F78BFE00B905E01C4800681C49C8
:10ED700009688842F2DC00BF0D480068401C0C495D
:10ED800008600B4800689628E7DB40F6C41009F0DD
:10ED900099FAA1E02CE000007CFCFFFF5C0200205F
:10EDA000600200206402002068020020BAFAFFFF1F
:10EDB0003C040020BC0000208C040020E80000205F
:10EDC000EC000020F00000206666663F000061C491
:10EDD0000000024000C0C1C404000020A0000020C8
:10EDE000A80100200080BB449C0000200000E144FA
:10EDF000F748006801286FD1F648006801286BD1F8
:10EE0000F5480068012867D1F4480068F0BB40F27B
:10EE10003520E5F78BFE1FED141A5FED140A0A206A
:10EE20001FED100AE4F7A1FD0020ED4908601EE087
:10EE300006E0012009F046FAE1F720FE00B910E0F3
:10EE4000E84909689129F4DBE7490968E74A12684B
:10EE5000881A002801DB014600E04142B1F5967FA7
:10EE6000E7DC00BFDE480068401CDD490860DC4884
:10EE700000689628DCDBDE48C07F40F08000DC497B
:10EE8000C8771FED2F1A5FED2F0A00E024E00A205B
:10EE90001FED2A0AE4F769FD0020D149086013E05C
:10EEA00006E0012009F00EFAE1F7E8FD00B905E0FF
:10EEB000D0480068D04909688842F2DC00BFC848E1
:10EEC0000068401CC6490860C54800689628E7DB12
:10EED00040F6C41009F0F6F90020E4F714FC10BD68
:10EEE000FEB50024002500260027C448006801283C
:10EEF00010D10102C24805F0E5FF01280AD1BA4845
:10EF00000068B0F5967F05DC42F228342546BD4EF8
:10EF1000BD4F1BE0B9480068012812D10102B84872
:10EF200005F0D0FF01280CD1AF480068B0F5967FFE
:10EF300007DB40F6AC5425464FF4E17640F24657E5
:10EF400004E041F294142546AE4EAF4F0020AB4989
:10EF500008609F480068A0B99E48006888B99E482C
:10EF6000006870B99D48006858B9A848002142104F
:10EF70000A23CDE900210290A54A4110E6F755FC8D
:10EF800068E093480068012814D19248006888B965
:10EF90009148006870B99148006858B99B480021B1
:10EFA00042102346CDE90021029032464110E6F797
:10EFB0003CFC4FE086480068012815D18548006870
:10EFC000012811D18448006870B98448006858B994
:10EFD0008E48002142102346CDE90021029032469E
:10EFE0004110E6F722FC35E079480068012816D187
:10EFF00078480068012812D17748006801280ED1AE
:10F000007648006858B98148002142102B46CDE966
:10F01000002102903A464110E6F707FC1AE06C48DE
:10F020000068012816D16B480068012812D16A488F
:10F03000006801280ED16948006801280AD1734888
:10F04000002142102B46CDE9002102903A464110A2
:10F05000E6F7EBFB0020E4F756FB40F20910E5F77A
:10F0600053FD00205E49086019E006E0012009F028
:10F0700029F9E1F703FD00B90BE05B4909685B4A38
:10F080001268881A002801DB014600E04142142979
:10F09000ECDC00BF52480068401C514908605048F1
:10F0A00000683228E1DB5B48006888BB5A4800688A
:10F0B00070BB5A48006858BBB6EE001A5FEDBD0A37
:10F0C0000A209FED570AE4F750FC002044490860ED
:10F0D00014E006E0E1F7D2FC00B909E0012009F0F4
:10F0E000F1F84FF48071464805F0ECFE0028F1D0AD
:10F0F00000BF3B480068401C394908603848006838
:10F1000040F20E618842E4DB0020E4F7FCFA06E0FE
:10F11000FFE742480068012801D1FFF728FD0020E1
:10F12000E4F7F1FAFEBD2DE9FE4300250026002795
:10F13000A84632480068012811D10102304805F084
:10F14000C1FE01280BD128480068B0F5967F06DC87
:10F1500042F228352E462B4FDFF8AC801CE02748C2
:10F160000068012812D10102254805F0ABFE0128F4
:10F170000CD11D480068B0F5967F07DB40F6AC5512
:10F180002E464FF4E17740F2465805E041F29415DF
:10F190002E461C4FDFF870800020184908600C488C
:10F1A0000068A0B90B48006888B90B48006870B9BE
:10F1B0000A48006858B91548002142100A23CDE9D1
:10F1C00000210290124A4110E6F7FDF893E029E091
:10F1D0005C0200206002002064020020680200201F
:10F1E0003C0400209C000020BC0000208C04002077
:10F1F00004000020A0000020A8010020F40000204E
:10F20000000002403EFEFFFFBAFAFFFFF8F8FFFFE2
:10F21000AEFCFFFFE8000020EC000020F000002022
:10F2200000006144FB480068012814D1FA480068D6
:10F2300088B9FA48006870B9F948006858B9F948BF
:10F24000002142102B46CDE9002102903A464110A0
:10F25000E6F7B9F84FE0EF480068012815D1EE480D
:10F260000068012811D1ED48006870B9EC480068C9
:10F2700058B9EC48002142102B46CDE900210290FC
:10F280003A464110E6F79FF835E0E2480068012869
:10F2900016D1E1480068012812D1E0480068012831
:10F2A0000ED1DF48006858B9DE48002142103346CD
:10F2B000CDE90021029042464110E6F784F81AE0B9
:10F2C000D4480068012816D1D3480068012812D11B
:10F2D000D248006801280ED1D148006801280AD11F
:10F2E000D048002142103346CDE900210290424629
:10F2F0004110E6F768F80020E4F705FA40F209103B
:10F30000E5F702FC0020C849086019E006E001208A
:10F3100008F0D8FFE1F7B2FB00B90BE0C349096878
:10F32000C34A1268881A002801DB014600E0414206
:10F330001429ECDC00BFBC480068401CBA490860D6
:10F34000B94800683228E1DBBA480068E8BBBA482F
:10F350000068D0BBB9480068B8BBB6EE001ADFED54
:10F36000B80A0A201FED520AE4F7FFFA0020AE495E
:10F37000086020E006E0E1F781FB00B915E001201C
:10F3800008F0A0FF4FF48071AE4805F09BFD002807
:10F39000F1D0A6480068A6490968441A002C01DB90
:10F3A000204600E060421428E5DC00BF9E4800686B
:10F3B000401C9D4908609C48006840F20E618842EC
:10F3C000D8DB0020E4F79FF90DE0FFE79A480068DA
:10F3D000012802D1FBF76DFF05E09848006801287D
:10F3E00001D1FBF74EFD0020E4F78DF9BDE8FE8367
:10F3F00070B59548006800F10A05ECF795F9E7F754
:10F4000049F984480068002843D1834800680028EF
:10F410003FD182480068B8BB81480068A0BB23E0A8
:10F420008A480068A84209DD9FED891ADFED840A49
:10F4300012209FED880AE4F798FA0EE09FED841AF7
:10F44000DFED7F0A14201FED8A0AE4F78EFA824866
:10F45000C07F40F080008049C877012008F032FF6B
:10F46000E1F70CFB00B913E04FF48071754805F02B
:10F4700029FD0028D4D06D4800686D490968441AF8
:10F48000002C02DB204601E003E060421428C7DCC8
:10F4900042E160480068012842D15F480068D0BB63
:10F4A0005E480068B8BB5E480068A0BB23E06748C0
:10F4B0000068A84209DD9FED661ADFED610A12209F
:10F4C0009FED640AE4F751FA0EE09FED611ADFED5B
:10F4D0005C0A14201FEDAE0AE4F747FA5E48C07FCD
:10F4E00040F020005C49C877012008F0EBFEE1F70E
:10F4F000C5FA00B913E04FF48071524805F0E2FC00
:10F500000028D4D04948006849490968441A002CA9
:10F5100002DB204601E003E060421428C7DCFBE088
:10F520003C480068012864D13B480068012860D14C
:10F530003A48006800285CD139480068D8BB2AE006
:10F540004FF400613F4805F0BDFC70B9012143480C
:10F5500005F0B8FC48B99FED3E1ADFED390A1220DC
:10F560009FED3F0AE4F701FA0EE09FED391ADFED57
:10F57000340A14201FEDD60AE4F7F7F93648C07FA5
:10F5800040F080003449C877012008F09BFEE1F785
:10F5900075FA00B913E04FF480712A4805F092FC27
:10F5A0000028CDD02148006821490968441A002C60
:10F5B00002DB204601E01CE060421428C0DC00BFF2
:10F5C0009FED231ADFED1E0A0A209FED260AE4F7BD
:10F5D000CCF906E0012008F075FEE1F74FFA00B91A
:10F5E00006E04FF40061174805F06CFC0028F1D0EC
:10F5F00092E00848006801280BD1074800680128FC
:10F6000007D106480068012803D10548006800B901
:10F6100055E081E05C0200206002002064020020CE
:10F6200068020020F8F8FFFF3C040020BC00002026
:10F630008C040020E8000020EC000020F0000020F6
:10F64000000061C400000240A8010020A0000020CA
:10F650003333333F0040B54404000020000402402F
:10F660000000AF43000000004FF40061FE4805F0C9
:10F6700029FC70B90121FD4805F024FC48B91FEDB3
:10F680000C1A5FED110A12201FED0B0AE4F76DF959
:10F690000EE01FED111A5FED160A14209FEDF40A1B
:10F6A000E4F763F9F348C07F40F02000F149C877E0
:10F6B000012008F007FEE1F7E1F900B912E04FF48C
:10F6C0008071E94805F0FEFB0028CDD0EA480068CB
:10F6D000EA490968441A002C01DB204600E0604238
:10F6E0001428C1DC00BF1FED261A5FED2B0A0A208B
:10F6F0001FED240AE4F739F906E0012008F0E2FDE5
:10F70000E1F7BCF900B906E04FF40061D64805F016
:10F71000D9FB0028F1D000BF9FEDD91A5FED380A60
:10F720000A209FEDD30AE4F720F9E3F749F806E051
:10F73000012008F0C7FDE1F7A1F900B911E0E1F7F8
:10F74000D3F90646E1F7A3F9041E01DB204600E0E9
:10F750006042002E01DB314600E071420844C828B7
:10F76000E6DB00BF0020E3F7CEFF70BDFEB500244E
:10F77000002500260027C3480068012810D1010297
:10F78000B94805F09FFB01280AD1BB480068B0F5D5
:10F79000967F05DC42F228342546BB4EBB4F1AE06B
:10F7A000B8480068012811D10102AF4805F08AFB72
:10F7B00060B9B1480068B0F5967F07DC40F6AC54FC
:10F7C00025464FF4E17640F2465704E041F29414A6
:10F7D0002546AD4EAD4F0020AA490860AC480068F0
:10F7E000A0B9AC48006888B9AB48006870B9AB48AC
:10F7F000006858B9AA48002142100A23CDE9002127
:10F800000290A84A4110E6F710F868E0A0480068A6
:10F81000012814D19F48006888B99F48006870B9D2
:10F820009E48006858B99E48002142102346CDE901
:10F830000021029032464110E5F7F7FF4FE094486F
:10F840000068012815D193480068012811D1924819
:10F85000006870B99148006858B991480021421079
:10F860002346CDE90021029032464110E5F7DDFF45
:10F8700035E087480068012816D1864800680128CD
:10F8800012D18548006801280ED18448006858B913
:10F890008348002142102B46CDE9002102903A46D0
:10F8A0004110E5F7C2FF1AE079480068012816D137
:10F8B00078480068012812D17748006801280ED1E5
:10F8C0007648006801280AD17548002142102B466D
:10F8D000CDE9002102903A464110E5F7A6FF00204D
:10F8E000E3F711FF40F20910E5F70EF900206E4929
:10F8F000086019E006E0012008F0E4FCE1F7BEF83A
:10F9000000B90BE05C4909685C4A1268881A002853
:10F9100001DB014600E041421429ECDC00BF6248F3
:10F920000068401C604908605F4800683228E1DBDD
:10F930005E480068D0BB5E480068B8BB5D480068A0
:10F94000A0BB1FEDBD1A5FEDC20A0C209FED480A57
:10F95000E4F70BF800205449086014E006E0E1F7F2
:10F960008DF800B909E0012008F0ACFC4FF480717B
:10F970003D4805F0A7FA0028F1D000BF4A480068CA
:10F98000401C494908604848006840F20E618842BE
:10F99000E4DB1FEDD11A5FEDD60A08209FED340A93
:10F9A000E3F7E3FF00204049086015E01EE006E0B1
:10F9B000E1F764F800B909E0012008F083FC4FF496
:10F9C0008071294805F07EFA0028F1D000BF364842
:10F9D0000068401C344908603348006840F20E61FA
:10F9E0008842E4DB0020E3F78EFE0CE02F4800683D
:10F9F000012802D1FFF7FCFC05E02E480068012831
:10FA000001D1FFF7B4F80020E3F77DFEFEBDFEB59F
:10FA100000240025002600271A480068012810D17C
:10FA20000102114805F04EFA01280AD11248006877
:10FA3000B0F5967F05DC42F228342546124E134F6E
:10FA400044E01048006801283BD10102064805F057
:10FA500039FA40B908480068B0F5967F31DC40F6C5
:10FA6000AC54254628E02CE000000240000402408F
:10FA70000000614404000020BC0000208C04002031
:10FA80009A99993EF40000203EFEFFFFBAFAFFFF6C
:10FA90005C02002060020020640200206802002056
:10FAA000F8F8FFFFAEFCFFFF3C040020E800002058
:10FAB000EC000020F00000204FF4E17640F24657C1
:10FAC00004E041F294142546F94EFA4F0020FA4919
:10FAD0000860FA480068A0B9F948006888B9F94890
:10FAE000006870B9F848006858B9F8480021421019
:10FAF0000A23CDE900210290F54A4110E5F763FCA5
:10FB000068E0EE480068012814D1ED48006888B923
:10FB1000EC48006870B9EC48006858B9EB4800211F
:10FB200042102346CDE90021029032464110E5F70C
:10FB30004AFC4FE0E1480068012815D1E048006820
:10FB4000012811D1DF48006870B9DF48006858B952
:10FB5000DE48002142102346CDE9002102903246C2
:10FB60004110E5F730FC35E0D4480068012816D193
:10FB7000D3480068012812D1D248006801280ED16C
:10FB8000D148006858B9D148002142102B46CDE930
:10FB9000002102903A464110E5F715FC1AE0C748EB
:10FBA0000068012816D1C6480068012812D1C5484E
:10FBB000006801280ED1C448006801280AD1C34852
:10FBC000002142102B46CDE9002102903A46411017
:10FBD000E5F7F9FB0020E3F796FD40F20910E4F7A2
:10FBE00093FF0020BB49086019E006E0012008F0FF
:10FBF00069FBE0F743FF00B90BE0B7490968B74A72
:10FC00001268881A002801DB014600E041421429ED
:10FC1000ECDC00BFAF480068401CAE490860AD484E
:10FC200000683228E1DB0020E3F76DFDAC48006896
:10FC3000D0BBAC480068B8BBAB480068A0BB9FED28
:10FC4000AB1ADFEDAB0A0C201FED770AE3F78DFE50
:10FC50000020A049086014E006E0E0F70FFF00B9BB
:10FC600009E0012008F02EFB4FF48071A14805F057
:10FC700029F90028F1D000BF96480068401C95493A
:10FC800008609448006840F20E618842E4DB9FED12
:10FC9000971ADFED970A08201FED8B0AE3F765FE40
:10FCA00000208C49086015E01EE006E0E0F7E6FE63
:10FCB00000B909E0012008F005FB4FF480718D4880
:10FCC00005F000F90028F1D000BF82480068401C10
:10FCD000804908607F48006840F20E618842E4DB9A
:10FCE0000020E3F710FD13E07D480068012802D1F1
:10FCF000FCF784F90CE07B480068012802D1FBF78F
:10FD0000D8FA05E078480068012801D1FBF7B9F876
:10FD10000020E3F7F8FCFEBDFEB500240025002618
:10FD200000276548006801280BD10103714805F0E0
:10FD3000C9F8012805D142F2283425465C4E5D4FB2
:10FD400015E05D48006801280CD10103694805F001
:10FD5000B9F838B940F6AC5425464FF4E17640F294
:10FD6000465704E041F294142546514E514F00206D
:10FD70005149086051480068A0B95148006888B9E5
:10FD80005048006870B95048006858B94F48002181
:10FD900042100A23CDE9002102904D4A4110E5F7B7
:10FDA00012FB68E045480068012814D14448006807
:10FDB00088B94448006870B94348006858B9434856
:10FDC000002142102346CDE9002102903246411025
:10FDD000E5F7F9FA4FE039480068012815D13848AD
:10FDE0000068012811D13748006870B936480068AA
:10FDF00058B93648002142102346CDE9002102902F
:10FE000032464110E5F7DFFA35E02C48006801285A
:10FE100016D12B480068012812D12A480068012811
:10FE20000ED12948006858B92848002142102B46B5
:10FE3000CDE9002102903A464110E5F7C4FA1AE0F4
:10FE40001E480068012816D11D480068012812D1FB
:10FE50001C48006801280ED11B48006801280AD1FF
:10FE60001A48002142102B46CDE9002102903A4663
:10FE70004110E5F7A8FA0020E3F745FC40F209102D
:10FE8000E4F742FE0020134908603EE006E001204E
:10FE900008F018FAE0F7F2FD00B930E00E49096801
:10FEA0000E4A1268881A002826DB014625E0000069
:10FEB0003EFEFFFFBAFAFFFFF40000205C020020C4
:10FEC000600200206402002068020020F8F8FFFFB2
:10FED000AEFCFFFF3C040020BC0000208C0400208E
:10FEE000E8000020EC000020F00000203333333F16
:10FEF000000061C40000024041421429C7DC00BF79
:10FF0000F9480068401CF8490860F7480068322842
:10FF1000BCDB0020E3F7F7FBF448006800285AD167
:10FF2000F3480068B8BBF3480068A0BB1FED111A86
:10FF30005FED110A0C209FEDF00AE3F716FD00209B
:10FF4000E949086014E006E0E0F798FD00B909E02F
:10FF5000012008F0B7F94FF48071E84804F0B2FFCF
:10FF60000028F1D000BFE0480068401CDE4908606E
:10FF7000DD48006840F20E618842E4DB1FED251A7F
:10FF80005FED250A08209FEDDC0AE3F7EEFC002078
:10FF9000D549086015E01EE006E0E0F76FFD00B906
:10FFA00009E0012008F08EF94FF48071D34804F085
:10FFB00089FF0028F1D000BFCB480068401CCA4927
:10FFC0000860C948006840F20E618842E4DB002006
:10FFD000E3F799FB13E0C5480068012802D1FCF75C
:10FFE0000DF80CE0C2480068012802D1FBF761F966
:10FFF00005E0C0480068012801D1FAF742FF00205F
:020000040802F0
:10000000E3F781FBFEBD2DE9FE4300250026002716
:10001000A846BB48006801280CD10103B74804F08A
:1000200051FF012806D142F228352E46B54FDFF8A0
:10003000D88216E0B248006801280CD10103AF480D
:1000400004F040FF38B940F6AC552E464FF4E17746
:1000500040F2465805E041F294152E46A94FDFF8CC
:10006000A8820020A6490860A8480068A0B9A8484E
:10007000006888B9A748006870B9A748006858B9EF
:10008000A648002142100A23CDE900210290A44A8B
:100090004110E5F798F968E09C480068012814D100
:1000A0009B48006888B99B48006870B99A48006806
:1000B00058B99A48002142102B46CDE90021029000
:1000C0003A464110E5F77FF94FE090480068012873
:1000D00015D18F480068012811D18E48006870B989
:1000E0008D48006858B98D48002142102B46CDE953
:1000F000002102903A464110E5F765F935E0834862
:100100000068012816D182480068012812D1814870
:10011000006801280ED18048006858B97F48002146
:1001200042103346CDE90021029042464110E5F7E6
:100130004AF91AE075480068012816D17448006829
:10014000012812D17348006801280ED17248006856
:1001500001280AD17148002142103346CDE900211F
:10016000029042464110E5F72EF90020E3F7CBFA62
:10017000E4F7BEFC6B480068FA306B4908606B48D6
:100180000068FA306A4908605848006888BB5848D7
:10019000006870BB5748006858BB1FEDAC1A5FED94
:1001A000AC0A0A209FED540AE3F7DFFB00204E491A
:1001B000086028E006E0E0F761FC00B91DE00120DE
:1001C00008F080F84FF480714C4804F07BFE012861
:1001D000F1D04FF48051494804F074FE0028EAD071
:1001E0005448006852490968441A002C02DB204632
:1001F00001E00FE060420A28DDDC00BF3A480068F9
:10020000401C394908603848006840F20E61884255
:10021000D0DB13E035480068012802D1FDF7BFF8B4
:100220000CE033480068012802D1FCF79FFE05E08E
:1002300030480068012801D1FCF799FC0020E3F761
:1002400062FABDE8FE8310B540F23520E4F75CFCAD
:100250002E480068002846D12D480068002842D169
:100260002C48006800283ED12B48006800283AD16D
:1002700029E00421304804F025FE70B980212F4880
:1002800004F020FE48B91FEDE71A5FEDE70A1220DF
:100290009FED2B0AE3F769FB0EE01FEDEC1A5FED13
:1002A000EC0A10209FED140AE3F75FFB2548C07F9E
:1002B00040F080002349C877012008F003F8E0F7F8
:1002C000DDFB00B943E04FF480510C4804F0FAFD27
:1002D0000028CED01748006815490968441A002C38
:1002E00032DB204631E04BE03C040020E8000020F7
:1002F000EC000020F00000200000614400000240FB
:10030000F40000203EFEFFFFBAFAFFFF5C0200206F
:10031000600200206402002068020020F8F8FFFF5D
:10032000AEFCFFFF7804002080040020840400203D
:100330008C040020BC000020001002400004024099
:1003400000409C44040000206042282891DC00BF4B
:100350009FEDFB1ADFEDFB0A0A209FEDFB0AE3F796
:1003600004FB06E0012007F0ADFFE0F787FB00B9D2
:1003700005E00421F54804F0A5FD0028F2D037E19E
:10038000F3480068012862D1F248006800285ED175
:10039000F148006800285AD1F0480068002856D17A
:1003A00029E00421E94804F08DFD70B98021EC4872
:1003B00004F088FD48B99FEDE21ADFEDE20A122051
:1003C0001FED210AE3F7D1FA0EE09FEDDD1ADFED14
:1003D000DD0A10201FED380AE3F7C7FAE148C07FB5
:1003E00040F02000DF49C877012007F06BFFE0F7FD
:1003F00045FB00B912E04FF48051DB4804F062FD88
:100400000028CED0D9480068D9490968441A002C80
:1004100001DB204600E060422828C2DC00BF9FEDDF
:10042000C81ADFEDC80A0A209FEDC70AE3F79DFA54
:1004300006E0012007F046FFE0F720FB00B905E0E9
:100440000421C24804F03EFD0028F2D0D0E0C048AC
:100450000068012863D1BF48006801285FD1BE4809
:10046000006870BBBD48006858BB2BE00121BC4848
:1004700004F028FD78B94FF40061BB4804F022FD78
:1004800048B99FEDAF1ADFEDAF0A12209FEDB90A10
:10049000E3F76BFA0EE09FEDAA1ADFEDAA0A10202F
:1004A0001FED6B0AE3F761FAAE48C07F40F08000B1
:1004B000AC49C877012007F005FFE0F7DFFA08B97B
:1004C00013E02CE04FF48051A74804F0FBFC002817
:1004D000CCD0A6480068A6490968441A002C01DB64
:1004E000204600E060422828C0DC00BF9FED941A3F
:1004F000DFED940A0A209FEDA00AE3F736FA06E042
:10050000012007F0DFFEE0F7B9FA00B906E04FF48A
:100510000061954804F0D6FC0028F1D068E08C48D2
:100520000068012864D18B480068012860D18A489E
:10053000006801285CD189480068D8BB2AE0012105
:10054000874804F0BFFC78B94FF40061864804F096
:10055000B9FC48B99FED7A1ADFED7A0A12209FEDB7
:10056000850AE3F702FA0EE09FED751ADFED750AD2
:1005700010201FED9F0AE3F7F8F97A48C07F40F09A
:1005800020007849C877012007F09CFEE0F776FA52
:1005900000B913E04FF48051734804F093FC002835
:1005A000CDD07248006872490968441A002C02DBF9
:1005B000204601E01CE060422828C0DC00BF9FED1F
:1005C000601ADFED600A0A209FED6B0AE3F7CDF9B0
:1005D00006E0012007F076FEE0F750FA00B906E0E9
:1005E0004FF40061604804F06DFC0028F1D000BFBA
:1005F0000020E3F788F810BD3EB555480068A8B95B
:100600005448006890B95448006878B95348006865
:1006100060B95A480021421040F6AC53CDE90021A0
:100620000290574A4110E4F7CEFE6CE0484800685B
:10063000012815D14748006890B94748006878B943
:100640004648006860B94D48002142104FF47A6373
:10065000CDE90021029082104110E4F7B4FE52E08F
:100660003B480068012816D13A480068012812D199
:100670003948006878B93948006860B93F480021B6
:1006800042104FF47A63CDE90021029082104110AC
:10069000E4F799FE37E02E480068012817D12D486D
:1006A0000068012813D12C48006801280FD12B487D
:1006B000006860B93148002142104FF47A63CDE9F7
:1006C000002102902F4A4110E4F77DFE1BE02048F4
:1006D0000068012817D11F480068012813D11E485F
:1006E000006801280FD11D48006801280BD123485C
:1006F000002142104FF47A63CDE900210290214A93
:100700004110E4F760FE0020E2F7FDFF4FF4F070C7
:10071000E4F7FAF900201C49086040E006E00120F7
:1007200007F0D0FDE0F7AAF900B932E00F490968F7
:100730000F4A1268881A002828DB014627E00000CB
:100740003333333F000061C40000E1440010024035
:100750005C02002060020020640200206802002089
:10076000000402400400002000000240BC00002001
:100770008C0400200000C84300000000F8F8FFFFD0
:10078000AEFCFFFFBAFAFFFF3C040020414264299F
:10079000C5DC00BFF6480068401CF5490860F44815
:1007A00000683228BADBF3480068002871D1F248AB
:1007B000006800286DD1F1480068002869D11FED5C
:1007C000201A5FED200A10209FEDED0AE3F7CDF827
:1007D0000020E749086020E006E0012007F072FDF4
:1007E000E0F74CF900B912E04FF48071E54804F0ED
:1007F00069FB0128F1D0E4480068E4490968441A1B
:10080000002C01DB204600E060421428E5DC00BF3C
:10081000D7480068401CD6490860D548006840F2B7
:100820000E618842D8DB1FED3A1A5FED3A0A0820C4
:100830009FEDD30AE3F799F80020CD49086020E046
:1008400006E0012007F03EFDE0F718F900B912E0DC
:100850004FF48051CB4804F035FB0028F1D0CA4852
:100860000068CA490968441A002C01DB204600E0F0
:1008700060421428E5DC00BFBD480068401CBC494C
:100880000860BB48006840F20E618842D8DB0DE08A
:10089000FFE7B8480068012802D1FFF7D4FC05E063
:1008A000B6480068012801D1FCF761F90020E2F7A1
:1008B0002AFF3EBD3EB5B6480068A8B9B5480068F5
:1008C00090B9B548006878B9B448006860B9B448D0
:1008D0000021421040F6AC53CDE900210290B14A0C
:1008E0004110E4F7A2FF6CE0A9480068012815D187
:1008F000A848006890B9A848006878B9A748006877
:1009000060B9A748002142104FF47A63CDE9002175
:10091000029082104110E4F788FF52E09C48006882
:10092000012816D19B480068012812D19A48006816
:1009300078B99A48006860B99948002142104FF48C
:100940007A63CDE90021029082104110E4F76DFF37
:1009500037E08F480068012817D18E4800680128C9
:1009600013D18D48006801280FD18C48006860B908
:100970008B48002142104FF47A63CDE900210290A8
:10098000894A4110E4F751FF1BE0814800680128C3
:1009900017D180480068012813D17F4800680128DA
:1009A0000FD17E48006801280BD17D4800214210FC
:1009B0004FF47A63CDE9002102907B4A4110E4F7BD
:1009C00034FF0020E2F79FFE4FF4F070E4F79CF84C
:1009D00000206749086019E006E0012007F072FC7A
:1009E000E0F74CF800B90BE067490968674A1268FC
:1009F000881A002801DB014600E041426429ECDC52
:100A000000BF5B480068401C5949086058480068AE
:100A10003228E1DB5748006800286BD1564800684F
:100A2000002867D155480068002863D11FEDBC1A23
:100A30005FEDBC0A10209FED520AE2F796FF0020FE
:100A40004B49086020E006E0012007F03BFCE0F79E
:100A500015F800B912E04FF480714A4804F032FAF8
:100A60000128F1D04848006848490968441A002C18
:100A700001DB204600E060421428E5DC00BF3C4872
:100A80000068401C3A4908603948006840F20E612D
:100A90008842D8DB1FEDD61A5FEDD60A08209FEDFD
:100AA000380AE2F762FF0020314908601BE006E0E7
:100AB000012007F007FCDFF7E1FF00B90DE04FF47C
:100AC0008071304804F0FEF90128F1D04FF48051D4
:100AD0002C4804F0F7F90028EAD000BF2448006849
:100AE000401C234908602248006840F20E61884299
:100AF000DDDB13E01F480068012802D1FDF73DFC53
:100B00000CE01E480068012802D1FDF7C8FA05E094
:100B100019480068012801D1FDF700F90020E2F72B
:100B2000F2FD3EBD10B51F4932394842E4F722FDBF
:100B300010480068002865D10F480068002861D17E
:100B40000E48006898B91948006880B940F2091049
:100B5000E3F7DAFFB6EE001ADFED150A14209FED79
:100B6000080AE2F702FF00200149086043E049E07B
:100B70003C040020E8000020EC000020F0000020F1
:100B80000000614400000240BC0000208C040020F2
:100B90005C02002060020020640200206802002045
:100BA000F8F8FFFFAEFCFFFFBAFAFFFFF8000020E5
:100BB000000061C406E0DFF761FF00B915E0012025
:100BC00007F080FB4FF48071F94804F07BF90028AE
:100BD000F1D0F8480068F8490968441A002C01DB94
:100BE000204600E060421428E5DC00BFF3480068BE
:100BF000401CF2490860F148006840F20E618842EA
:100C0000D8DB05E0EE480068012801D1FDF7AFFF11
:100C100010BD10B5EB494842E4F7ACFCEA48006867
:100C2000002847D1E9480068002843D1E44800681B
:100C300000283FD1E6480068D8BBE6480068C0BB42
:100C400040F20910E3F760FFB6EE001A5FED280AE4
:100C500014201FED350AE2F788FE0020D74908600E
:100C600020E006E0DFF70AFF00B915E0012007F0F9
:100C700029FB4FF48071CE4804F024F90028F1D00C
:100C8000CC480068CC490968441A002C01DB204696
:100C900000E060421428E5DC00BFC8480068401C42
:100CA000C6490860C548006840F20E618842D8DB3A
:100CB0000DE0FFE7C5480068012802D1FAF7F9FA0C
:100CC00005E0BF480068012801D1FAF7DAF810BD45
:100CD00010B5BC494842E4F74DFCBB480068002809
:100CE00043D1BA48006800283FD1B5480068D8BB56
:100CF000B7480068C0BB40F20910E3F705FFB6EE45
:100D0000001A5FED550A14201FED630AE2F72DFE6D
:100D10000020AA49086020E006E0DFF7AFFE00B936
:100D200015E0012007F0CEFA4FF48071A04804F0DE
:100D3000C9F80028F1D09F4800689F490968441A03
:100D4000002C01DB204600E060421428E5DC00BFF7
:100D50009A480068401C994908609848006840F229
:100D60000E618842D8DB06E0FFE79848006801285A
:100D700001D1FAF7D6FD10BD10B592494842E4F70B
:100D8000F9FB91480068002843D19048006800288A
:100D90003FD18B480068D8BB8E480068C0BB40F28A
:100DA0000910E3F7B1FE9FED8C1A5FED7F0A142066
:100DB0001FED8D0AE2F7D9FD00208049086020E090
:100DC00006E0DFF75BFE00B915E0012007F07AFAD4
:100DD0004FF48071764804F075F80028F1D075481A
:100DE000006875490968441A002C01DB204600E0C0
:100DF00060421428E5DC00BF70480068401C6F4961
:100E000008606E48006840F20E618842D8DB0DE051
:100E1000FFE76D480068012802D1FEF7E9FA05E016
:100E200067480068012801D1FDF7A1FE10BD10B58B
:100E300064494842E4F7A4F840F20910E3F764FE7D
:100E400061480068002842D16048006800283ED10F
:100E50005B480068D0BB5E480068B8BB5D4800686E
:100E6000A0BB9FED5D1A5FEDAE0A14201FEDBC0A1A
:100E7000E2F77BFD00205149086020E006E0DFF743
:100E8000FDFD00B915E0012007F01CFA4FF4807158
:100E9000474804F017F80028F1D046480068464952
:100EA0000968441A002C01DB204600E060420A2851
:100EB000E5DC00BF41480068401C404908603F48ED
:100EC000006840F20E618842D8DB14E0FFE73E483C
:100ED0000068012802D1FBF791F80CE03B4800685C
:100EE000012802D1FAF7E5F905E035480068012844
:100EF00001D1F9F7C6FF10BD10B532494842E4F7F9
:100F00003FF831480068002843D130480068002885
:100F10003FD12B480068D8BB2D480068C0BB40F2C9
:100F20000910E3F7F1FD9FED2C1A5FEDDF0A1420A5
:100F30001FEDED0AE2F719FD00202049086020E0CE
:100F400006E0DFF79BFD00B915E0012007F0BAF9D4
:100F50004FF48071164803F0B5FF0028F1D0154812
:100F6000006815490968441A002C01DB204600E09E
:100F700060421E28E5DC00BF10480068401C0F4995
:100F800008600E48006840F20E618842D8DB0DE030
:100F9000FFE70D480068012802D1FBF7CDFA05E014
:100FA0000A480068012801D1FAF7BBFC10BD000017
:100FB00000000240BC0000208C0400203C04002003
:100FC000F00000207CFCFFFFE8000020EC00002087
:100FD000F4000020F80000203333333F10B5FD4902
:100FE0004842E3F7CDFFE3F789FDFB480068FA309C
:100FF000FA490860FA480068FA30FA490860FA4885
:101000000068002877D1F9480068002873D1F848B3
:10101000006800286FD1F748006800286BD1F648B7
:101020000068002867D11FED141ADFEDF40A1420C0
:101030009FEDF30AE2F799FC0020F249086020E0F6
:1010400006E0012007F03EF9DFF718FD00B912E0D5
:101050004FF48071EC4803F035FF0128F1D0EB48E4
:101060000068E0490968441A002C01DB204600E0D2
:1010700060422828E5DC00BFE2480068401CE149E6
:101080000860E048006840F20E618842D8DB1FED3E
:101090002E1ADFEDDA0A0A209FEDD90AE2F765FC85
:1010A0000020D84908601BE006E0012007F00AF99B
:1010B000DFF7E4FC00B90DE04FF48071D24803F093
:1010C00001FF0128F1D04FF48051CF4803F0FAFE20
:1010D0000028EAD000BFCB480068401CC94908601E
:1010E000C848006840F20E618842DDDB0020E2F76C
:1010F0000AFB14E0FFE7BC480068012802D1FCF7B6
:101100004EF90CE0B9480068012802D1FBF72EFF28
:1011100005E0B7480068012801D1FBF728FD002051
:10112000E2F7F1FA10BD10B5AA494842E4F722FAF5
:10113000AD480068002877D1AC4800680028FAD193
:10114000AB4800680028F6D1AA48006800287CD186
:10115000E3F7D4FCA0480068FA30A0490860A04832
:101160000068FA309F4908601FED651ADFEDA30A99
:1011700014209FEDA30AE2F7F8FB0020A1490860C4
:1011800020E006E0DFF77AFC00B915E0012007F067
:1011900099F84FF480719C4803F094FE0128F1D037
:1011A0009A4800688F490968441A002C01DB2046E0
:1011B00000E060422828E5DC00BF92480068401C3F
:1011C000904908608F48006840F20E618842D8DB81
:1011D0001FED7F1ADFED890A0A209FED890AE2F7E9
:1011E000C4FB00208749086028E006E0DFF746FCE2
:1011F00000B91DE0012007F065F84FF480718248C6
:1012000003F060FE0128F1D04FF480517E4803F0D6
:1012100059FE0028EAD07D48006872490968441ADE
:10122000002C02DB204601E00FE060420A28DDDCF2
:1012300000BF74480068401C72490860714800682B
:1012400040F20E618842D0DB0CE06748006801285C
:1012500002D1FCF7A4F805E064480068012801D138
:10126000FBF784FE0020E2F74EFA10BD10B5594995
:101270004842E5F760FE5C480068002875D15B488D
:101280000068002871D15A48006800286DD14FF4D9
:10129000F070E3F739FC1FEDB01ADFED580A1420A7
:1012A0009FED570AE2F761FB00205649086020E0F5
:1012B00006E0012007F006F8DFF7E0FB00B912E0D6
:1012C0004FF48071504803F0FDFD0128F1D04F48E4
:1012D000006844490968441A002C01DB204600E0FC
:1012E00060421428E5DC00BF46480068401C4549C0
:1012F00008604448006840F20E618842D8DB1FED68
:10130000CA1ADFED3E0A0A209FED3D0AE2F72DFBE7
:1013100000203C49086020E006E0012006F0D2FFF2
:10132000DFF7ACFB00B912E04FF48051364803F010
:10133000C9FD0028F1D0354800682A490968441AD7
:10134000002C01DB204600E060421428E5DC00BFF1
:101350002C480068401C2B4908602A48006840F26D
:101360000E618842D8DB0DE0FFE71F4800680128C6
:1013700002D1FEF768FF05E01D480068012801D191
:10138000FBF7F5FB0020E2F7BEF910BD10B51149DF
:101390004842E3F7F5FDE3F7ABFB0F480068FA308E
:1013A0000E4908600E480068FA300E4908600E4881
:1013B0000068002870D10D48006800286CD10C48E6
:1013C0000068002868D11FEDFC1ADFED0C0A14201C
:1013D0001EE000007CFCFFFF780400208004002059
:1013E000840400208C040020E8000020EC00002091
:1013F000F0000020F4000020F8000020000061C48C
:10140000000061443C04002000000240BC000020B9
:101410001FED050AE2F7A9FA0020FA49086020E06A
:1014200006E0012006F04EFFDFF728FB00B912E0CE
:101430004FF48071F44803F045FD0128F1D0F348E2
:101440000068F3490968441A002C01DB204600E0DB
:1014500060421428E5DC00BFEA480068401CE94906
:101460000860E848006840F20E618842D8DB9FEDD2
:10147000E91A5FED1E0A0A201FED1F0AE2F775FA4E
:101480000020E04908601CE007E0012006F01AFF98
:10149000DFF7F4FA08B90EE01AE04FF48071DA4889
:1014A00003F010FD0128F0D04FF48051D64803F02E
:1014B00009FD0028E9D000BFD2480068401CD1498E
:1014C0000860D048006840F20E618842DCDB13E01F
:1014D000D1480068012802D1FCF74FFF0CE0CF484B
:1014E0000068012802D1FCF7DAFD05E0CC4800686D
:1014F000012801D1FCF712FC0020E2F704F910BD2D
:1015000010B5C8494842E5F716FD40F20910E3F767
:10151000FBFAC1480068B8BBC1480068A0BBBF481F
:10152000006888BB9FEDC01A5FED4C0A14201FEDC8
:101530004C0AE2F71AFA0020B249086020E006E0FF
:10154000012006F0BFFEDFF799FA00B912E04FF470
:101550008071AD4803F0B6FC0028F1D0AB480068BC
:10156000AB490968441A002C01DB204600E06042C8
:101570001E28E5DC00BFA3480068401CA1490860A4
:10158000A0480068FA28DADBA3480068012802D1E5
:10159000FAF734FD05E0A2480068012801D1F9F707
:1015A00088FE10BD10B5EBF766FB9D48006801286A
:1015B00008D1EAF745F94FF47A6006F083FEF9F7AF
:1015C00078FE0BE094480068012807D1EAF7ACF8F0
:1015D0004FF47A6006F076FEFAF710FD0020E2F78D
:1015E00092F810BD10B5EBF70CF90020E2F78BF87C
:1015F00089480068012807D1EAF796F841F270702F
:1016000006F060FEFDF7F4FE0020E2F77CF810BD66
:1016100010B5EBF730FB0020E2F775F87E48006864
:10162000012836D1EAF780F84FF4FA5006F04AFE66
:10163000B6EE001A5FED8F0A0A201FED8F0AE2F75F
:1016400094F900206F49086014E006E0DFF716FA0D
:1016500000B909E0012006F035FE4FF480716A48B8
:1016600003F030FC0028F1D000BF66480068401C41
:10167000644908606348006840F20E618842E4DB18
:101680000020E2F740F84FF47A7006F01BFEFAF7FC
:10169000B5FC0020E2F737F810BD10B5EBF7EBFA18
:1016A0000020E2F730F85E480068012808D1EAF728
:1016B000C7F84FF47A6006F005FEFBF757FC0BE025
:1016C00055480068012807D1EAF72EF84FF47A60F0
:1016D00006F0F8FDFBF763FE0020E2F714F810BDFA
:1016E00010B5EBF7C8FA0020E2F70DF84A48006899
:1016F000012807D1EAF718F84FF47A6006F0E2FD06
:10170000FEF7A1FD0020E1F7FEFF10BD10B5EBF7DD
:1017100078F80020E1F7F7FF41480068012808D178
:10172000EAF78EF84FF47A6006F0CCFDFCF7F6FA93
:101730000BE039480068012807D1E9F7F5FF4FF4BD
:101740007A6006F0BFFDFCF718FE0020E1F7DBFF32
:1017500010BD10B535480068012815D1344800681F
:1017600090B93448006878B93348006860B99FED93
:10177000291A5FEDDE0A0A201FEDE00AE2F7F5F80C
:101780004FF4FA5006F09EFD0020E1F7BCFF10BDBB
:1017900010B5ECF7E1FA0020E1F7B5FF1F4800684B
:1017A00001280AD1EAF7AEF84FF47A6006F08AFD14
:1017B000FFF7CFFFF9F765FB0BE01748006801283A
:1017C00007D1E9F7B1FF4FF47A6006F07BFDFAF735
:1017D00015FC10BD10B5ECF78FF80020E1F793FF72
:1017E0000D480068012849D1E9F79EFF4FF47A605F
:1017F00006F068FD40F20910E3F786F90020014980
:10180000086035E03C04002000000240BC000020DD
:101810008C0400203333333FE8000020F000002028
:10182000EC0000207CFCFFFF6666663F5C02002047
:1018300060020020640200206802002006E001200F
:1018400006F040FDDFF71AF900B90BE0F749096827
:10185000F74A1268881A002801DB014600E041427D
:101860000F29ECDC00BFF3480068401CF149086018
:10187000F04800683228E1DBFAF75EFE10BD10B5D3
:10188000ECF73AF80020E1F73EFFEB48006801284A
:1018900023D1EAF737F840F6B83006F013FD4FF4DD
:1018A0008A70E3F731F906E0012006F00BFDDFF75F
:1018B000E5F800B90BE0DD490968DD4A1268881ACD
:1018C000002801DB014600E041421929ECDC00BFA1
:1018D000FFF73FFFFBF74BF90BE0D8480068012802
:1018E00007D1E9F721FF41F2883006F0EBFCFBF766
:1018F00056FD10BD10B5EBF7FFFF0020E1F703FF29
:10190000CD48006801280AD1E9F7FCFF4FF47A605E
:1019100006F0D8FCFFF71DFFFCF7C1FB0BE0C74842
:101920000068012807D1E9F7FFFE4FF47A6006F05E
:10193000C9FCFCF722FD10BD10B5ECF70DFA002034
:10194000E1F7E1FEBD480068012807D1E9F7ECFEA8
:101950004FF47A6006F0B6FCFAF750FB10BD08B5FC
:1019600040F2C620E3F7D0F80020B249086019E041
:1019700006E0012006F0A6FCDFF780F800B90BE0D6
:10198000AA490968AA4A1268881A002801DB014698
:1019900000E041420A29ECDC00BFA6480068401C78
:1019A000A4490860A34800689628E1DB0020A1490B
:1019B000086012E006E0012006F084FCDFF75EF824
:1019C00000B904E09E480068B0F5827FF3DB00BFF9
:1019D00098480068401C974908609648006840F2A3
:1019E0001A418842E6DB03202D2305224FF47A7149
:1019F0000090944800680A30F7F7B6FE0020E1F73F
:101A000082FEB6EE001ADFED900A0C209FED8F0AE1
:101A1000E1F7ABFF00208749086014E006E00120F1
:101A200006F050FCDFF72AF800B906E04FF48051C9
:101A3000874803F047FA0028F1D000BF7D480068CE
:101A4000401C7C4908607B48006840F21A4188428B
:101A5000E4DB0A20E1F757FE7848006801285ED1F0
:101A60007C480068012813D17B48006880B97B4816
:101A7000006868B97A48006850B901202823052217
:101A80004FF47A71009077480068F7F76DFE17E021
:101A900070480068012813D16F48006801280FD1F1
:101AA0006E48006860B96E48006848B90120282374
:101AB00005224FF47A71009062480068F7F754FEEF
:101AC0000020E1F720FEB6EE001ADFED5F0A0C20E1
:101AD0009FED5E0AE1F749FF00205649086014E0D7
:101AE00006E0012006F0EEFBDEF7C8FF00B906E0D5
:101AF0004FF48051564803F0E5F90028F1D000BFBB
:101B00004C480068401C4B4908604A48006840F255
:101B10001A418842E4DB4FF47A7006F0D3FB0020D0
:101B2000E1F7F1FD08BD38B59FED4F1ADFED460A2C
:101B30000A209FED450AE1F718FF40F6AC5006F089
:101B4000C1FB1420E1F7DFFD00203A49086012E0F4
:101B500006E0012006F0B6FBDEF790FF00B904E0D6
:101B600037480068B0F5B47FF3DB00BF3148006848
:101B7000401C304908602F48006840F21A418842F2
:101B8000E6DB41F2883006F09DFB0020E1F7BBFD6B
:101B90004FF4FA6006F096FB2848006801286DD1E2
:101BA0009FED321ADFED280A1E209FED310AE1F782
:101BB000DCFEE0F705FE06E0052006F083FBDEF71D
:101BC0005DFF00B913E0DEF78FFF0546DEF75FFF2C
:101BD000041E01DB204600E06042002D01DB2946A7
:101BE00000E06942084442F210718842E4DB00BF21
:101BF0000020E1F788FD03201E2305224FF47A71AF
:101C000000901C480068F7F7AFFD40F23F20E2F774
:101C10007BFF9FED191ADFED0C0A0C209FED0B0ADC
:101C2000E1F7A3FE0020034908603DE0BC0000206E
:101C30008C0400203C040020F0000020E80000207C
:101C4000A0000020F0010020000061C400006144F9
:101C5000000002405C0200206002002064020020BC
:101C600068020020EC010020CDCCCC3D9A99193FB0
:101C70000000E144E80100209A99993E1FE006E047
:101C8000012006F01FFBDEF7F9FE00B906E04FF475
:101C90008051FE4803F016F90028F1D000BFFC483F
:101CA0000068401CFA490860F948006840F21A418F
:101CB0008842E4DB4FF47A7006F004FB82E0F548DA
:101CC000006800287ED1F448006800287AD1F348E3
:101CD0000068002876D1F2480068B8BB1FED1D1AD5
:101CE0005FED270A1E201FED1E0AE1F73EFEE0F71A
:101CF00067FD06E0012006F0E5FADEF7BFFE00B959
:101D000013E0DEF7F1FE0546DEF7C1FE041E01DB3F
:101D1000204600E06042002D01DB294600E06942D8
:101D2000084442F210718842E4DB00BF0020E1F772
:101D3000EAFC0320DB4900900968A1F10A001E2398
:101D400005224FF47A71F7F70FFD3BE0FFE7D44827
:101D50000068012836D11FED3B1A5FED450A1E20B1
:101D60001FED3D0AE1F701FEE0F72AFD06E0012044
:101D700006F0A8FADEF782FE00B913E0DEF7B4FE43
:101D80000546DEF784FE041E01DB204600E06042CB
:101D9000002D01DB294600E06942084444F250610D
:101DA0008842E4DB00BF0020E1F7ADFC0320BE4920
:101DB00000900968A1F10A001E2305224FF47A71F0
:101DC000F7F7D2FC0020E1F79EFC0120B74908603C
:101DD00038BD38B50020AE49086012E006E00120A9
:101DE00006F070FADEF74AFE00B904E0B048006879
:101DF000B0F5BE7FF3DB00BFA5480068401CA449D6
:101E00000860A348006840F21A418842E6DB41F2CC
:101E1000883006F057FA0020E1F775FC9D4800680D
:101E2000012865D11FED6F1A5FED790A1E209FED25
:101E3000A10AE1F79AFDE0F7C3FC06E0052006F0F1
:101E400041FADEF71BFE00B913E0DEF74DFE054652
:101E5000DEF71DFE041E01DB204600E06042002D7F
:101E600001DB294600E06942084442F210718842D1
:101E7000E4DB00BF0020E1F746FC03201E2305221F
:101E80004FF47A71009087480068F7F76DFC40F2D4
:101E90003F20E2F739FE1FED881A5FED950A0C200E
:101EA0001FED960AE1F761FD00207949086014E012
:101EB00006E0012006F006FADEF7E0FD00B906E0D4
:101EC0004FF48051714802F0FDFF0028F1D000BFAF
:101ED0006F480068401C6E4908606D48006840F219
:101EE0001A418842E4DB4FF47A7006F0EBF97AE0AD
:101EF00068480068002876D16F480068B8BB1FEDBD
:101F0000A51A5FEDAF0A1E209FED6A0AE1F72DFDCD
:101F1000E0F756FC06E0052006F0D4F9DEF7AEFD4A
:101F200000B913E0DEF7E0FD0546DEF7B0FD041E64
:101F300001DB204600E06042002D01DB294600E085
:101F40006942084442F210718842E4DB00BF00207D
:101F5000E1F7D9FB0320534900900968A1F10D0076
:101F60001E2305224FF47A71F7F7FEFB3BE0FFE7F3
:101F700051480068012836D11FEDC41A5FEDCE0A22
:101F80001E209FED4C0AE1F7F0FCE0F719FC06E09B
:101F9000052006F097F9DEF771FD00B913E0DEF7D2
:101FA000A3FD0546DEF773FD041E01DB204600E0BD
:101FB0006042002D01DB294600E06942084444F2FA
:101FC00050618842E4DB00BF0020E1F79CFB032066
:101FD0003A4900900968A1F10D001E2305224FF433
:101FE0007A71F7F7C1FB0120304908600020E1F762
:101FF0008AFB38BD08B540F2C620E2F785FD002017
:102000002349086019E006E0012006F05BF9DEF7DD
:1020100035FD00B90BE02A4909682A4A1268881A76
:10202000002801DB014600E041420A29ECDC00BF48
:1020300017480068401C1649086015480068962833
:10204000E1DB00201249086012E006E0012006F002
:1020500039F9DEF713FD00B904E015480068B0F562
:10206000827FF3DB00BF0A480068401C0849086013
:102070000748006840F21A418842E6DB0020E1F799
:1020800042FB03200D49009009681DE0000002405A
:102090003C040020E8000020EC000020F0000020BC
:1020A000F0020020E8010020EC010020FC000020EC
:1020B000A400002000000000F4020020E001002045
:1020C000BC0000208C040020A1F10A002D23052271
:1020D0004FF47A71F7F748FBB6EE001ADFEDFE0A0F
:1020E0000C209FEDFE0AE1F740FC0020FC4908604F
:1020F00014E006E0012006F0E5F8DEF7BFFC00B9C9
:1021000006E04FF48051F74802F0DCFE0028F1D0E1
:1021100000BFF3480068401CF1490860F0480068BF
:1021200040F21A418842E4DB0A20E1F7ECFAEE487B
:10213000006801285AD1ED480068012813D1EC4805
:10214000006880B9EB48006868B9EB48006850B98E
:102150000320322305224FF47A710090E74800688B
:10216000F7F702FB17E0E1480068012813D1E048C7
:10217000006801280FD1DF48006860B9DE480068B8
:1021800048B90320322305224FF47A710090DC48CD
:102190000068F7F7E9FA0020E1F7B5FAB6EE001AA1
:1021A000DFEDCD0A0C209FEDCD0AE1F7DEFB00202C
:1021B000CB49086014E006E0012006F083F8DEF762
:1021C0005DFC00B906E04FF48051C64802F07AFE8B
:1021D0000028F1D000BFC2480068401CC049086018
:1021E000BF48006840F21A418842E4DB0020E1F772
:1021F0008AFA08BD30B500201AE0002115E000225F
:1022000010E0C04B00EB801404EB4404BE4D05EB22
:10221000C40401EB810505EBC10504EB850444F81A
:102220002230521C0D2AECDB491C1E29E7DB401C26
:102230001E28E2DBB54CB64BC3F80C42B54CC3F8D4
:102240001042B54CC3F81442AFF25724AE4BC3F85A
:10225000444EAFF28144C3F8404EAFF23574AF4BF9
:10226000C3F81042AFF60914C3F80C42AC4CAD4BA6
:10227000C3F83844AC4CC3F83C44AC4CC3F84044BD
:10228000AB4CA14B9C63AB4CDC63A94C1C64AA4CCB
:102290005C64A84C9C64DC641C655C65A64C9C6515
:1022A000DC651C665C66AFF66F141C67AFF6BB148A
:1022B0005C67AFF63524DC67C3F88040AFF6EB24EB
:1022C000C3F88840C3F89440AFF63B34C3F88C4061
:1022D000C3F89840AFF6CB34C3F8A040AFF6FF3454
:1022E000C3F8A440AFF64D44C3F8AC40AFF6DF44AA
:1022F000C3F8B040AFF65354C3F8B840AFF61B5420
:10230000C3F8BC40AFF66354C3F8C4408B4CC3F869
:10231000C840AFF61364C3F8EC46AFF68F74C3F849
:10232000F046874CC3F8F446864CC3F8F846864C12
:10233000C3F8FC46854CC3F80047854CC3F80447F6
:10234000824CC3F80847834CC3F80C47824CC3F84F
:102350001047824CC3F81447814CC3F81847814C8E
:10236000C3F8084D804CC3F80C4D804CC3F8144D95
:102370007F4CC3F8184D7F4CC3F8204D7E4CC3F8FA
:10238000244D7E4CC3F82C4D7D4CC3F8304D7D4C14
:10239000624BC3F8D4407C4CC3F8D8407B4CC3F8A4
:1023A000E0407B4CC3F8E4407A4CC3F8EC407A4CF4
:1023B000C3F8F040794CC3F8F840794CC3F8FC40BE
:1023C000784C03F5C363C3F81441774CC3F8184144
:1023D000C3F81C41C3F82041C3F82441714CC3F831
:1023E0002841C3F82C41C3F83041C3F834416F4C45
:1023F00003F5C363C3F81441C3F81841C3F81C4183
:10240000C3F82041C3F82441C3F82841C3F82C4144
:10241000C3F83041C3F8344130BD1FB5644800688B
:1024200000B91FBDD7E0F2F73BF802A8DFF7ABFC1D
:1024300000B9D5E06846DFF794FCA8B39DF80A0020
:10244000022817D19DF80B000A2813D19DF80C0023
:1024500002280FD19DF80200022825D19DF8030023
:102460000A2821D19DF8040003281DD101205149DB
:10247000086019E09DF80A00032815D19DF80B00AB
:102480000A2811D19DF80C0002280DD19DF80200F8
:10249000032809D19DF803000A2805D19DF80400FE
:1024A000012801D1444908609DF80A001E2811DA6C
:1024B0009DF80B001E280DDA9DF80C000D2809DA96
:1024C0009DF80A1001EB811101EB41010E4A02EB6C
:1024D000C10173E07FE00000000061C400006144BE
:1024E0003C04002000000240E80000205C020020C4
:1024F000600200206402002068020020E001002049
:10250000E40100205B420108280B00208BA3010896
:10251000184800209BA30108BBA30108701D0020E0
:1025200003A4010808850020CBA301083BA40108EF
:1025300031C300087FC5000805EA0008EBD8000891
:102540006D12020827110208DD0F02082F0E020883
:10255000F90E0208790D0208D10C0208130C0208CA
:10256000250B0208B5080208F90502080700020851
:1025700019FD01080FFA01086DF7010827F101089C
:10258000E1EE010825E9010899E601083DDA0108B4
:1025900099D70108B1C801086BC201085DBD0108E7
:1025A000C3B6010835420108234201084742010829
:1025B000F8020020F4020020F00200209DF80B2019
:1025C00002EB820303EBC20201EB82019DF80C20B7
:1025D00051F822008047FA48006800283FF723AFEF
:1025E00000BF0020F749087000BF1AE710B5F64891
:1025F000C07F40F00200F449C8770020F34908602A
:1026000011E006E0012005F05DFEDEF737FA00B9C3
:1026100003E0EF4800687828F4DC00BFEB4800686E
:10262000401CEA490860E9480068B0F57A7FE8DBB9
:10263000E548C07F00F0FD00E349C877084690F800
:10264000230040F0010081F823004FF4FA6005F008
:1026500039FEDD48C07F40F00200DB49C87700202A
:10266000DA49086011E006E0012005F02BFEDEF7F4
:1026700005FA00B903E0D6480068C828F4DB00BFBB
:10268000D2480068401CD1490860D0480068B0F5C5
:102690007A7FE8DB4FF4FA6005F014FECA48C07F89
:1026A00000F0FD00C849C8770120CA49086010BD84
:1026B000FEB50446F2F77BF8F2F731F9F5F747FA81
:1026C000C5480068012803D0C3480068042801D128
:1026D000012000E000200546BF480068022803D022
:1026E000BD480068032801D1012000E00020064613
:1026F000B7EE081ADFEDB90A3720BAEE040AE1F79F
:1027000034F90020B149086011E006E0012005F02D
:10271000D9FDDEF7B3F900B903E0B1480068E1285C
:10272000F4DB00BFA9480068401CA8490860A7481E
:10273000006840F226218842E7DBB7EE081ADFED99
:10274000A70A28209FEDA70AE1F70FF900209F496B
:10275000086011E006E0012005F0B4FDDEF78EF917
:1027600000B903E0A0480068D428F4DB00BF974814
:102770000068401C954908609448006840F2262192
:102780008842E7DBB7EE081A5FEDAC0A1E209FED2A
:10279000970AE1F7EAF806E0012005F093FDDEF77D
:1027A0006DF900B904E092480068B0F5577FF3DB9B
:1027B00000BF0020854908601DE012E01420FA21C6
:1027C00002222346CDE9002102904FF461720021DC
:1027D000E6F7F5FC052005F075FDDEF74FF900B9C9
:1027E00003E084480068AC28E8DC00BF7748006854
:1027F000401C764908607548006840F226218842EE
:10280000DBDB00207149086021E016E00A209621F8
:1028100001222346CDE9002102904FF4617200218C
:10282000E6F7CDFC4FF40270E2F777F9012005F0EE
:1028300049FDDEF723F900B903E06E480068A528DA
:10284000E4DC00BF61480068401C604908605F48E4
:10285000006840F226218842D7DB0020E0F753FFD2
:10286000FEBDFEB50446F1F7A2FFF2F758F8F5F702
:102870006EF959480068012803D0574800680428B9
:1028800001D1012000E000200546534800680228DD
:1028900003D051480068032801D1012000E0002046
:1028A0000646B7EE081ADFED4D0A3720BAEE040AE5
:1028B000E1F75BF800204549086011E006E00120DF
:1028C00005F000FDDEF7DAF800B903E044480068DF
:1028D000E128F4DB00BF3D480068401C3B4908602C
:1028E0003A48006840F226218842E7DBB7EE081A32
:1028F000DFED3A0A28209FED3B0AE1F736F8002089
:102900003249086011E006E0012005F0DBFCDEF74B
:10291000B5F800B903E034480068C628F4DB00BF0E
:102920002A480068401C294908602848006840F28D
:1029300026218842E7DBB7EE081ADFED2F0A1920BF
:102940009FED2E0AE1F711F806E0012005F0BAFC30
:10295000DEF794F800B904E025480068B0F5577F29
:10296000F3DB00BF0020194908601EE013E01E20C1
:10297000C82102222346CDE9002102904FF4617262
:1029800000211420E6F71BFC012005F09BFCDEF77C
:1029900075F800B903E017480068AC28E7DC00BF11
:1029A0000A480068401C094908600848006840F26D
:1029B00026218842DADB00200449086043E0000059
:1029C000F802002001030020040000203C04002045
:1029D000A8000020E0000020C4010020000000004A
:1029E00098000020008022C4A40000200000C8C27B
:1029F000F0030020A0000020000061440000C84255
:102A000017E01E20962102222346CDE900210290E4
:102A10004FF4617200210A20E6F7D1FB4FF40270F7
:102A2000E2F77BF8012005F04DFCDEF727F800B94E
:102A300003E0F9480068A528E3DC00BFF748006818
:102A4000401CF6490860F548006840F2262188429B
:102A5000D6DB0020E0F757FEFEBDFEB50446F1F7D9
:102A6000A6FEF1F75CFFF5F772F8ED480068012863
:102A700003D0EB480068042801D1012000E00020C9
:102A80000546E7480068022803D0E54800680328A7
:102A900001D1012000E000200646B7EE081A5FEDE4
:102AA000310A3720B2EE040AE0F75FFF0020DB496D
:102AB000086011E006E0012005F004FCDDF7DEFF10
:102AC00000B903E0D7480068D228F4DB00BFD34840
:102AD0000068401CD1490860D048006840F22621B7
:102AE0008842E7DBB7EE081A5FED440A28201FEDA5
:102AF000430AE0F73AFF0020C849086011E006E009
:102B0000012005F0DFFBDDF7B9FF00B903E0C6489F
:102B10000068AA28F4DB00BFC0480068401CBF4919
:102B20000860BE48006840F226218842E7DB9FED3E
:102B3000BF1A5FED4F0A19201FED500AE0F715FF8D
:102B400006E0012005F0BEFBDDF798FF00B904E0C8
:102B5000B7480068B0F5577FF3DB00BF0020AF49EE
:102B600008601DE012E01420C82103222346CDE9AD
:102B7000002102904FF461720021E6F720FB012052
:102B800005F0A0FBDDF77AFF00B903E0A24800687A
:102B9000AC28E8DC00BFA1480068401C9F490860E1
:102BA0009E48006840F226218842DBDB00209B49DA
:102BB000086021E016E00A20962101222346CDE993
:102BC000002102904FF461720021E6F7F8FA4FF409
:102BD0000270E1F7A2FF012005F074FBDDF74EFF64
:102BE00000B903E08C480068A528E4DC00BF8B48EE
:102BF0000068401C894908608848006840F2262126
:102C00008842D7DB0020E0F77EFDFEBD10B5894885
:102C10000068012802D1F8F72EF805E08648006820
:102C2000012801D1F7F73CFF10BD70B58348046857
:102C3000F1F7BDFD8248007810B982480078F8B1FC
:102C4000814B1B68814D2D685A1902EBD2735810C5
:102C50007E4B1B687E4D2D685A1902EBD2735910BA
:102C6000844203DB01227B4B1A7008E08C4203DBB9
:102C70000222784B1A7002E00322764B1A7025E08C
:102C80007548007810B975480078F8B1744B1B6826
:102C9000744D2D685A1902EBD2735810714B1B6892
:102CA000714D2D685A1902EBD2735910844203DB1F
:102CB0000122684B1A7008E08C4203DB0222654B4C
:102CC0001A7002E00322634B1A7000BF70BD10B58A
:102CD00000219FED660A40F27A30E0F7D7FD06E06A
:102CE000012005F0EFFADDF7C9FE00B903E0E0F7D7
:102CF000E3FB0028F4D100BFF1F759FDF1F792FD95
:102D0000FFF793FF4E48007810B94E480078C0B3E3
:102D10005048007803280ED14D4801685448006897
:102D2000F4F750FB0020E0F7EEFC4FF47A71A2209C
:102D3000E3F776F964E04748007802280ED143486B
:102D400001684C480068F4F73DFB0020E0F7DBFC2D
:102D50004FF47A71A220E3F763F951E03D4800781F
:102D600001284DD13848016843480068F4F72AFB30
:102D70000020E0F7C8FC4FF47A71A220E3F750F985
:102D80003EE0FFE73448007810B93448007820B3BB
:102D90003048007803280ED133480168374800686E
:102DA000F4F710FB0020E0F7AEFC4FF47A71A2209C
:102DB000E3F736F924E02748007802280ED12948A5
:102DC00001682F480068F4F7FDFA0020E0F79BFC4B
:102DD0004FF47A71A220E3F723F911E01D4800783F
:102DE00001280DD11E48016826480068F4F7EAFA68
:102DF0000020E0F788FC4FF47A71AD20E3F710F97A
:102E00000020E0F780FC4FF40270E1F77DFE002027
:102E10000249086052E00000A00000203C040020AD
:102E2000C401002098000020A40000209A99D93FF6
:102E3000F003002070010020740100209C0000209D
:102E4000980200209B020020280200202C02002073
:102E5000300200209C020020990200209A020020EB
:102E6000400200204402002048020020CDCC4C3E0D
:102E70003C020020380200203402002054020020CE
:102E8000500200204C02002006E0012005F01AFA52
:102E9000DDF7F4FD00B90BE0FE490968FE4A12684F
:102EA000881A002801DB014600E041420A29ECDCD7
:102EB00000BFFA480068401CF8490860F7480068FD
:102EC000FA28E1DBF2F73DFE10BD2DE9F041F1F704
:102ED0006EFCF1F724FDF4F73AFEE1F70FFE40F245
:102EE0004F10EF490860EC490860EE48006801287F
:102EF00003D0EC480068042801D1012000E0002044
:102F00000546E8480068022803D0E6480068032820
:102F100001D1012000E000200646E34800680328B4
:102F200003DDE1480068C01E01E0DF480068044698
:102F3000012C05D125B1DD480068FFF7B9FB29E078
:102F4000012C05D126B1DA480068FFF7B1FB21E07A
:102F5000022C05D125B1D7480068FFF782FC19E0A3
:102F6000022C05D126B1D4480068FFF77AFC11E0A5
:102F7000032C05D125B1D1480068FFF76EFD09E0AB
:102F8000032C05D126B1CE480068FFF766FD01E0AD
:102F9000BDE8F081C448006803284EDC0020E0F75B
:102FA000B2FBFFF794FE0020E0F7ADFB1FED511AD6
:102FB000DFEDC40A14209FEDC40AE0F7D6FCDFF76A
:102FC000FFFB06E0012005F07DF9DDF757FD00B9B4
:102FD00015E0DDF789FD8046DDF759FD071E01DBB1
:102FE000384600E07842B8F1000F01DB414601E0CD
:102FF000C8F10001084440F6B8318842E2DB00BF66
:103000000020E0F780FB232308224FF47A71AC48BC
:103010000068EBF792FE4FF43470E1F775FD002085
:10302000E0F771FBF3F7AFFFF1F7C1FBA7480068CA
:10303000002814DDFFF74BFE11E09B4800680428D0
:103040000DDB4FF43470E1F75FFDF3F79CFFF1F710
:10305000AEFB9E480068002801DDFFF738FE00BF88
:1030600096E710B580219A4801F02CFF012802D183
:10307000F2F767FD3BE01823042264218F480068C3
:10308000401DEBF75AFE0020E0F73DFB44F62060C0
:1030900005F018F98F48C07F40F002008D49C877CD
:1030A00006E0012005F00EF9DDF7E8FC00B903E0C9
:1030B00089480068BE28F4DC00BF8648C07F00F065
:1030C000FD008449C8774FF47A71A220E2F7A8FF87
:1030D0000020E0F718FB19230422642175480068DA
:1030E000EBF72BFE0020E0F70EFBF2F72AFD0020A5
:1030F000E0F709FB10BD10B59C20F7F73BFA002163
:103100001FEDA60A40F27A30E0F7C0FB06E001208E
:1031100005F0D8F8DDF7B2FC00B903E0E0F7CCF930
:103120000028F4D100BF0020E0F7EDFA4FF47A71E7
:10313000A220E2F775FF0020E0F7E5FA5D4801689C
:1031400066480068F4F73EF90020E0F7DCFAFFF784
:1031500088FF0020E0F7D7FA10BD70B5DFF757F809
:10316000D22240F246519820F6F7D1F8FFF73EFA06
:103170005B480068012801D1FFF74FF95948006802
:10318000012805D19D20F7F7F5F90220554908607F
:1031900054480068022809D153480068012805D125
:1031A000F3F7F1FE03204F4908606DE04D480068D9
:1031B000022869D14C480068022865D100211FED22
:1031C000D50A40F27A30E0F761FB06E0012005F015
:1031D00079F8DDF753FC00B903E0E0F76DF900285A
:1031E000F4D100BF0020E0F78EFA4FF47A71A220EC
:1031F000E2F716FF0020E0F786FA2E48016837480C
:103200000068F4F7DFF80020E0F77DFAFFF729FF08
:103210000020E0F778FA1FEDEB1ADFED2A0A142000
:103220009FED290AE0F7A1FBDFF7CAFA06E00120CB
:1032300005F048F8DDF722FC00B913E0DDF754FC97
:103240000546DDF724FC041E01DB204600E0604259
:10325000002D01DB294600E06942084440F6B83100
:103260008842E4DB00BF0020E0F74DFA4FF43470F1
:10327000E1F74AFC19230522642111480068EBF7A5
:103280005CFD0320174908600020E0F73CFA154870
:1032900000682BE0BC0000208C0400203C040020CF
:1032A00080040020C4010020200300202802002008
:1032B000400200202C0200204402002030020020A6
:1032C00048020020000061440000E1449402002014
:1032D0000008024004000020A40000203802002062
:1032E000E00000207002002040030020032809D1E4
:1032F000FE480068012805D1FFF7E9FC0420FC49DD
:10330000086014E0FA480068032810D1F748006804
:1033100002280CD1F3F772FEF1F749FAF54800687C
:10332000002801DDFFF7D3FC0420F14908600020EC
:10333000E0F7E9F9EE480068042815D1F1F737FA0B
:10334000EC48006800280CDD4FF43470E1F7DCFB3A
:10335000192305226421E8480068EBF7EEFCF3F737
:1033600082FC0520E24908600020E0F7CCF970BD3E
:1033700070B5F4F792FAFFF750F8DD4800680128BD
:1033800005D19D20F7F7F6F80220D9490860D84802
:103390000068022809D1D5480068012805D1F3F753
:1033A000F2FD0320D24908606DE0D1480068022890
:1033B00069D1CE480068022865D100219FEDCF0A6F
:1033C00040F27A30E0F762FA06E0012004F07AFF7A
:1033D000DDF754FB00B903E0E0F76EF80028F4D104
:1033E00000BF0020E0F78FF94FF47A71A220E2F7D6
:1033F00017FE0020E0F787F9C1480168C14800685E
:10340000F3F7E0FF0020E0F77EF9FFF72AFE002047
:10341000E0F779F99FEDB91A5FED560A14201FED18
:10342000560AE0F7A2FADFF7CBF906E0012004F034
:1034300049FFDDF723FB00B913E0DDF755FB054637
:10344000DDF725FB041E01DB204600E06042002D75
:1034500001DB294600E06942084440F6B831884261
:10346000E4DB00BF0020E0F74EF94FF43470E1F7E1
:103470004BFB1923052264219F480068EBF75DFC94
:1034800003209B4908600020E0F73DF99848006858
:10349000032809D195480068012805D1FFF717FCDA
:1034A00004209349086014E091480068032810D173
:1034B0008E48006802280CD1F3F7A0FDF1F777F9E8
:1034C0008C480068002801DDFFF701FC04208849D2
:1034D00008600020E0F717F985480068042815D136
:1034E000F1F765F98348006800280CDD4FF434706B
:1034F000E1F71CFB1923052264217F480068EBF7E4
:103500001CFCF3F7B0FB0520794908600020E0F7C8
:10351000FAF870BD10B59C20F7F72CF80020E0F702
:10352000F2F84FF47A71A220E2F77AFD0020E0F77A
:10353000EAF87348016873480068F3F743FF002016
:10354000E0F7E1F8FFF78DFD10BD10B56E4800689B
:10355000012806D12D230422C821BB20F4F712FF35
:103560002CE069480068022806D12D230422C821D6
:10357000DB20F4F707FF21E063480068032806D149
:103580002D230422C821FA20F4F7FCFE16E05E4841
:103590000068042807D05C480068052803D05A4812
:1035A000006806280AD14FF47A719620F4F79EFE3F
:1035B00032230522C821AA20F4F7E4FE0020E0F718
:1035C000A2F851480068012807D04F480068022837
:1035D00003D04D48006803286ED14FF40270E1F724
:1035E000A5FA4FF47A718720F4F780FE0020E0F707
:1035F0008AF89620454908604FF4D2704449086023
:1036000000204449086019E006E0012004F05AFE59
:10361000DDF734FA00B90BE03F4909683C4A12680B
:10362000881A002801DB014600E041420529ECDC54
:1036300000BF38480068401C3649086035480068BB
:1036400040F226218842DFDB042305224FF4A571D6
:103650004FF40270F2F72BF84FF4FA6004F032FEE8
:10366000FA202A4908602D4800682949086000208E
:103670002849086019E006E0012004F023FEDDF788
:10368000FDF900B90BE024490968214A1268881A3B
:10369000002801DB014600E041420F29ECDC00BFBD
:1036A0001C480068401C1B4908601A48006840F22A
:1036B00026218842DFDB6DE013480068042807D02C
:1036C00011480068052803D00F480068062861D11A
:1036D000F1F76DF8F1F7A6F84FF47A719620F4F748
:1036E00005FE32230422C821AA2019E0400300204D
:1036F000700200209402002048020020CDCC4C3EF5
:103700002C020020380200202C030020C4040020DA
:10371000B00400203C040020C4000020B8010020B8
:10372000F4F730FE0020DFF7EEFF00219FEDFC0AEA
:10373000FC48E0F7ABF806E0012004F0C3FDDDF73C
:103740009DF900B903E0DFF7B7FE0028F4D100BF10
:103750000020DFF7D8FF4FF43470E1F7D5F90020EF
:10376000DFF7D1FFF3F70FFC0020DFF7CCFF0021DC
:103770009FEDED0A0A20E0F789F806E0012004F049
:10378000A1FDDDF77BF900B903E0DFF795FE002826
:10379000F4D100BF0020DFF7B6FFC820E34908607E
:1037A000E3480068E34908600020DFF7ACFF10BD84
:1037B00010B5E148C07F40F00200DF49C877002023
:1037C000DE49086006E0F4F7F6FFDC480068401CBC
:1037D000DA490860D948006841F288318842F2DB52
:1037E000D548C07F00F0FD00D349C87710BDF0B5C3
:1037F0002DED068B83B000274FF4C870E1F796F9E2
:103800009FEDCF1ADFEDCF0A32209FEDCF0AE0F710
:10381000ACF8DEF7D5FF06E0052004F053FDDDF738
:103820002DF900B913E0DDF75FF90646DDF72FF952
:10383000051E01DB284600E06842002E01DB314610
:1038400000E07142084442F6F8218842E4DB00BF00
:103850003220DFF758FFBD48006840B9BC48006817
:1038600028B99620BB490860C320BB4908609FED7A
:10387000B41ADFEDB40A23209FEDB80AE0F775F81B
:103880000020AE49086011E006E0012004F01AFDB6
:10389000DDF7F4F800B903E0B1480068B828F4DCBB
:1038A00000BFA6480068401CA4490860A3480068FF
:1038B00040F20E618842E7DB9FEDA11ADFEDA10A1D
:1038C00019209FEDA10AE0F750F8DEF779FF06E036
:1038D000052004F0F7FCDDF7D1F800B912E0DDF7C0
:1038E00003F90646DDF7D3F8051E01DB284600E0A4
:1038F0006842002E01DB314600E071420844B0F519
:103900007A6FE5DB00BF00BF96490968964A1268E6
:10391000881A002801DB014600E04142822905DBCC
:103920008548C07F40F004008349C87700BF8248C3
:10393000C07F40F002008049C87700207F490860BE
:1039400006E0F4F738FF7D480068401C7B490860BA
:103950007A48006841F288318842F2DB7648C07FBD
:1039600000F0FD007449C877B6EE001ADFED750A65
:1039700019209FED750ADFF7F8FF00206F490860F6
:1039800011E006E0012004F09DFCDDF777F800B9B6
:1039900003E0764800689328F4DC00BF67480068BD
:1039A000401C664908606548006840F2262188424C
:1039B000E7DBB6EE001ADFED630A0A209FED620A2C
:1039C000DFF7D3FF00205D49086011E006E0012029
:1039D00004F078FCDDF752F800B903E063480068B2
:1039E0008628F4DC00BF55480068401C5349086035
:1039F0005248006840F226218842E7DB0020DFF7CA
:103A000082FE5248006800287DD151480068002895
:103A100079D107204FF461714A42B7EE000A1423AE
:103A2000CDE900210290C8224B217820E7F721F947
:103A300040F2DC5004F046FC3F48C07F00F0FB0041
:103A40003D49C87740F6B83004F03CFC4FF4E670CE
:103A5000E1F75AF80020DFF756FEB6EE001ADFED68
:103A6000390A14209FED370ADFF77FFFDEF7A8FE43
:103A700006E0052004F026FCDDF700F800B913E0AD
:103A8000DDF732F80646DDF702F8051E01DB2846B1
:103A900000E06842002E01DB314600E0714208443C
:103AA00040F6C4118842E4DB00BF1E20DFF72BFE86
:103AB000FA20284908602E480068274908609620A7
:103AC0002C4908602C4800685A302C4908600020B6
:103AD0001A4908606BE006E0012004F0F3FBDCF714
:103AE000CDFF00B95DE022490968254A1268881AAD
:103AF00005F0F1F941EC1A0B9FED220B53EC102B62
:103B000005F07AF900E056E041EC180B1648006821
:103B100011490968451A002D38DB294637E00000B5
:103B2000CDCC8C3F86FCFFFF6666663FBC04002060
:103B30008001002098040020040000203C040020A4
:103B4000CDCC4C3F000000000000E1445C020020AE
:103B500060020020C4040020B004002000808944DA
:103B6000A4000020C0000020C40000209800002015
:103B7000B8010020C0040020B4010020A4040020EB
:103B8000A8040020CDCCCCCCCCCCFC3F694208466C
:103B900005F0A1F941EC190B53EC182B05F0DEF9F7
:103BA0009AD300BFFE480068401CFD490860FC48ED
:103BB000006832288FDBFFF7C8FC0020DFF7A3FD89
:103BC00000248BE2F748C07F00F07F00F549C877FA
:103BD000DC20F5490860F5480068F54908603223A3
:103BE00005224FF4FA71AE20F4F7CCFB4FF47A7152
:103BF000F720F4F77BFB0020DFF785FD00219FED28
:103C0000ED0AAA20DFF742FE06E0012004F05AFB8D
:103C1000DCF734FF00B903E0DFF74EFC0028F4D1F5
:103C200000BF0020DFF76FFDE0F75CFF40F2C62029
:103C3000E149086040F28A20E04908600721042039
:103C4000DEF70FFD0020DE490860DE490860DE492E
:103C50000860DE490860D249086011E006E00120F2
:103C600004F030FBDCF70AFF00B903E0D848006835
:103C70000028F4D000BFCA480068401CC84908604A
:103C8000C7480068B0F5AF7FE8DB0F20D149086076
:103C9000D149086040F28A20C7490860C7490860D6
:103CA00041F27C5004F00EFB0020DFF72CFD0A20CF
:103CB000C8490860C849086040F28A20BE490860C7
:103CC00040F2C620BD49086041F27C5004F0FAFA87
:103CD0000020DFF718FD0020B149086011E006E080
:103CE000012004F0EFFADCF7C9FE00B903E0BB489D
:103CF00000680028F4D000BFA9480068401CA8490B
:103D00000860A7480068B0F5AF7FE8DB0021B6EE99
:103D1000000A0A20DFF7BAFD06E0012004F0D2FA1B
:103D2000DCF7ACFE00B903E0DFF7C6FB0028F4D1F6
:103D300000BF0020DFF7E7FC4FF4C870E0F7F6FEA5
:103D40000020DFF7E0FCFA20A5490860C320A54960
:103D5000086000209249086019E006E0012004F0A4
:103D6000B1FADCF78BFE00B90BE09F4909689D4A68
:103D70001268881A002801DB014600E041420F2941
:103D8000ECDC00BF86480068401C85490860844818
:103D900000683228E1DB00BF94490968924A126842
:103DA000881A002801DB014600E04142822905DB38
:103DB0007C48C07F40F004007A49C87700BF79484A
:103DC000C07F40F002007749C8770020744908603E
:103DD00011E006E0012004F075FADCF74FFE00B9AF
:103DE00003E0774800680028F4D000BF6C48006802
:103DF000401C6B4908606A480068B0F5AF7FE8DB9B
:103E00006848C07F00F0FD006649C877002064491B
:103E1000086011E006E0012004F054FADCF72EFE01
:103E200000B903E072480068D228F4DC00BF5C48A7
:103E30000068401C5A49086059480068B0F5AF7FD7
:103E4000E8DB41F6583004F03DFAB6EE001A5FEDBB
:103E5000C30A0A201FEDC40ADFF787FD40F6B83019
:103E600004F030FA4F48C07F40F002004D49C87757
:103E700000204B49086006E0F4F79DFC48480068C4
:103E8000401C474908604648006841F28831884232
:103E9000F2DB4448C07F00F0FD004249C8770020B3
:103EA000DFF731FCB6EE001A5FEDDA0A19201FEDDC
:103EB000DA0ADFF75AFD00203949086011E006E010
:103EC000012004F0FFF9DCF7D9FD00B903E049480F
:103ED00000689628F4DC00BF31480068401C304977
:103EE00008602F48006840F226218842E7DBB6EEE2
:103EF000001A5FEDEC0A0A201FEDED0ADFF735FD31
:103F000000202749086011E006E0012004F0DAF9FA
:103F1000DCF7B4FD00B903E0364800688628F4DC1D
:103F200000BF1F480068401C1D4908601C4800680D
:103F300040F226218842E7DB0020DFF7E4FB072080
:103F40004FF461714A42B7EE000A0A23CDE900211D
:103F50000290C8224B217820E6F78BFE40F2DC501D
:103F600004F0B0F90F48C07F00F0FB000D49C8779E
:103F700040F6B83004F0A6F94FF4E670E0F7C4FD5F
:103F80000020DFF7C0FBB6EE001ADFED1B0A14209D
:103F90009FED190ADFF7E9FCDEF712FC35E00000BF
:103FA0003C04002004000020BC040020800100200C
:103FB00098040020CDCC4C3E800400208C040020CE
:103FC0003C03002024030020280300202C030020B1
:103FD00030030020B4040020B80400203403002083
:103FE000C4040020B0040020C4000020C000002051
:103FF000A00000209800002000000000052004F030
:1040000061F9DCF73BFD00B912E0DCF76DFD064617
:10401000DCF73DFD051E01DB284600E06842002E6E
:1040200001DB314600E071420844B0F5FA6FE5DB90
:1040300000BF1E20DFF767FBFA20F7490860F7484A
:104040000068F74908609620F6490860F64800685D
:104050005A30F64908600020F549086032E006E071
:10406000012004F02FF9DCF709FD00B924E0EB4949
:104070000968F04A1268881A04F02DFF41EC1A0B07
:104080009FEDED0B53EC102B04F0B6FE41EC180B3A
:10409000EB480068E2490968451A002D01DB294612
:1040A00000E06942084604F016FF41EC190B53EC9E
:1040B000182B04F053FFD3D300BFDD480068401C29
:1040C000DB490860DA4800683228C8DBFFF73DFAB0
:1040D0000020DC490860DC490860641C082CFFF6FD
:1040E00071AD0020DFF70FFB03B0BDEC068BF0BD18
:1040F00070B50121D54800F0E5FE60B9D4480068EC
:10410000012808D1D348C07F00F0FD00D149C8770D
:10411000FFF723F895E00121CC4800F0D3FEA8B9C1
:10412000CB48006890B9CC48006878B9CB480068A3
:1041300060B9C848C07F00F0FD00C649C877D222E8
:1041400040F246519820F5F7E2F87AE00121BF48A5
:1041500000F0B8FE002851D1BD48006802284DD1BA
:10416000BC48C07F00F0FD00BA49C87740F2091092
:10417000E0F7CAFCB6EE001A5FED610A0F209FED72
:10418000B80ADFF7F2FBDEF71BFB06E0052004F0C0
:1041900099F8DCF773FC00B912E0DCF7A5FC0546E2
:1041A000DCF775FC041E01DB204600E06042002DB8
:1041B00001DB294600E069420844B0F5487FE5DBB1
:1041C00000BF0020DFF79FFA00219FEDA60A4FF401
:1041D0006170DFF75BFB06E0012004F073F8DCF7A9
:1041E0004DFC00B903E0DFF767F90028F4D100BF08
:1041F0000020DFF788FAFFF7BBF822E0012193489F
:1042000000F060FE60B994480068012808D1914828
:10421000C07F00F0FD008F49C877FFF7E8FA10E093
:1042200001218A4800F04EFE58B98C4800680128E8
:1042300007D18848C07F00F0FD008649C877FEF7A7
:1042400044FE70BD70B58348C07F00F0FD00814919
:10425000C87740F20910E0F757FCB6EE001A5FEDA0
:104260009A0A0F209FED7E0ADFF77FFBDEF7A8FAA0
:1042700006E0052004F026F8DCF700FC00B912E0A7
:10428000DCF732FC0546DCF702FC041E01DB2046AD
:1042900000E06042002D01DB294600E0694208444D
:1042A000B0F57A7FE5DB00BF0020DFF72CFA0021B4
:1042B0009FED6C0A40F27A30DFF7E8FA06E0012061
:1042C00004F000F8DCF7DAFB00B903E0DFF7F4F8FC
:1042D0000028F4D100BF0020DFF715FA70BD2DE9EA
:1042E000F04104460D460020514908603BE02AE0B9
:1042F0005D480068071B3846E1F777FE06465A48D6
:104300000068001B002809DD9FED581ADFED580AF0
:1043100030461FEDC70ADFF728FB10E0524800685F
:10432000001B09D59FED511ADFED510A30469FED74
:10433000510ADFF71AFB02E00020DFF7E4F9DCF7AF
:104340009DFB00B909E048490968081B002801DB0A
:10435000014600E041420129CADC00BF3448006840
:10436000401C3349086032480068A842BFDBBDE802
:10437000F0812DE9F04104460D4600202C490860EB
:104380003DE02CE03C480068071B3C2204213846F5
:10439000E3F787FF064638480068001B002809DD60
:1043A0009FED321ADFED320A30469FED320ADFF719
:1043B000DCFA10E030480068001B09D59FED2B1A8D
:1043C000DFED2B0A30461FEDF40ADFF7CEFA02E0EC
:1043D0000020DFF798F9DCF751FB00B909E0264926
:1043E0000968081B002801DB014600E04142012961
:1043F000C8DC00BF0E480068401C0D4908600C482E
:104400000068A842BDDBBDE8F08110B50020084976
:10441000086072E05DE00000C4040020B8010020E4
:10442000B0040020C0040020B4010020A404002037
:104430003C040020A8040020CDCCCCCCCCCCFC3F4C
:10444000C40000203003002034030020000C024090
:1044500038030020040000203C0300204403002017
:10446000000061449A99993FA4000020CDCC4C3FB4
:10447000000061C40000E144A00000204FF480610E
:10448000FE4800F01FFD48B98021FD4800F01AFDEC
:1044900020B90421FB48DFF75EFA13E04FF4006116
:1044A000F64800F00FFD50B90121F54800F00AFD73
:1044B00028B9042140F28E30DFF74DFA02E00020E7
:1044C000DFF721F9012003F0FDFEDCF7D7FA00B990
:1044D0000DE04FF48061E94800F0F4FC0028CDD0F5
:1044E0004FF40061E54800F0EDFC0028C6D000BFA5
:1044F000E5480068401CE4490860E3480068C828B3
:1045000088DB0020DFF7FFF810BD10B5DF4800683A
:10451000012819D1DE480068B0B9DE48006898B9B2
:10452000DD48006880B91FED2F1A5FED2F0A0A20C1
:104530009FEDDA0ADFF719FA4FF47A6003F0C2FE52
:104540000020DFF7E0F85EE0D048006801281AD1CB
:10455000CF480068012816D1CE48006898B9CE48E7
:10456000006880B91FED3F1A5FED3F0A0A209FEDFA
:10457000CB0ADFF7FAF94FF47A6003F0A3FE0020CC
:10458000DFF7C1F83FE0C148006801281BD1C048EF
:104590000068012817D1BF480068012813D1BE4820
:1045A000006880B91FED4F1A5FED4F0A0A209FED9A
:1045B000BC0ADFF7DAF94FF47A6003F083FE0020DB
:1045C000DFF7A1F81FE0B148006801281BD1B0480F
:1045D0000068012817D1AF480068012813D1AE4800
:1045E000006801280FD11FED5F1A5FED5F0A0A20F6
:1045F0009FEDAB0ADFF7B9F94FF47A6003F062FE82
:104600000020DFF780F810BD10B5E9F7A5FB00200A
:10461000DFF779F8A3480068012808D1E7F772F9B5
:104620004FF47A6003F04EFEF6F72BFC0BE09E4849
:104630000068012807D1E7F777F84FF47A6003F0B4
:1046400041FEF7F7DBFC10BD10B5044600BF80212A
:10465000964802F0F0FB0028F9D02146934802F07A
:104660003AFB10BD38B505462A4691A1684604F0CC
:10467000F7FD6C4603E02078FFF7E6FF641C207826
:104680000028F8D138BD09E02820DEF79DFC012183
:10469000894802F0F5FA0F2003F014FEF4E717E062
:1046A000DFF761FDDFF778FEDFF7C1FF83480068C1
:1046B00008B9E0F799F98248006808B9E0F7A7F867
:1046C0008048006808B9E0F7F9F8032003F0FAFD24
:1046D000E6E720E07C480068012801D1E7F704FC08
:1046E0007A480068012801D1E7F720FD7848006882
:1046F000012801D1E7F784FB76480068012801D141
:10470000E7F753FA74480068012801D1E7F75CF92C
:10471000032003F0D7FDDDE704E0DFF7B6FB03205D
:1047200003F0D0FDF9E71FB5DCF77EFADCF7BBFA42
:10473000DCF73BFDDCF706FFDCF78BFEDCF78AFFDE
:10474000DCF766FB4FF4E130DDF783F84FF4E1303E
:10475000DDF70CF94FF4E130DDF7B0F94FF4E1305B
:10476000DDF73EFA4FF46120DDF75DFDDEF7D6FCA4
:1047700000205A490860DEF723F8002000900190DD
:10478000029003464FF4807255A10390594803F0FC
:104790005AFB002000900190029003464FF4807273
:1047A00055A10390594803F04EFB00200090019062
:1047B000029003464FF4807255A10390594803F0CC
:1047C00042FB4FF47A7003F07DFDE0F78BF9564819
:1047D00000685649086056480068564908605648BF
:1047E00000685649086056480068564908607820B5
:1047F0005549086055480068554908607820554972
:104800000860554800684D490860782053490860A1
:10481000534800684B490860DDF7D2FFE4F7C9FF51
:10482000CDE0C3E028210820EAF7FDFBE4F7F6FD20
:10483000E4F760FEE4F77BFDEAF71FFB49480078E8
:1048400000F0020008B1E4F75BFF474800687828F1
:1048500007DA464890F8230040F00100434981F808
:1048600023000221064800F02DFB28B9FDF7C2FC09
:10487000FFF73EFC3B487BE087E00000000C024075
:104880000004024072FCFFFF3C0400205C02002098
:10489000600200206402002068020020000016C3AD
:1048A00000C0F344F0000020E800002000100140A8
:1048B00025303258200000000048004050050020FC
:1048C00054050020580500207C02002084020020AE
:1048D00080020020880200208C0200204C0500206D
:1048E0007461736B526F626F74416E616C7974693D
:1048F00063730000194702087461736B446965753E
:104900004B6869656E436F4361750000D3460208CA
:104910007461736B446965754B6869656E436F4379
:10492000617531009F460208B80000208004002015
:10493000BC0000208C040020C0000020A404002043
:10494000C4000020B0040020BC040020800100202E
:1049500098040020C0040020B4010020C4040020FA
:10496000B80100201B090020A8000020040000203E
:10497000407800F02000C8B120488079B0B11F48CD
:10498000C07998B9FDF749FD10E0EFF767FCF4F73F
:10499000ABFB1A48407800F0200038B11748807906
:1049A00020B11648C07908B9F2F7A1FE1348007883
:1049B00000F0010000287FF435AFDEF7A4FE30E7F9
:1049C0001FB5002000900190029003464FF48072C2
:1049D0000BA103900D4803F036FA002000900190DF
:1049E000029003464FF4807209A103900B4803F034
:1049F0002AFA03F041FE002004B010BD1B0900207C
:104A00007461736B4D61696E0000000027470208F6
:104A10007461736B4779726F00000000874602086B
:104A20000CB50020019000907248006840F480307E
:104A30007049086000BF6F48006800F400300090C3
:104A40000198401C0190009818B90198B0F5A06F2A
:104A5000F1D16848006800F4003010B101200090E6
:104A600001E0002000900098012846D161484030C4
:104A7000006840F080505F49403108605E4800683F
:104A800040F480405C4908605A4808300068594941
:104A9000083108600846006840F400400860084695
:104AA000006840F4A05008605448091F0860081FBF
:104AB000006840F08070091F086000BF4D48006822
:104AC00000F000700028F9D040F205604C49086001
:104AD00048480830006820F0030046490831086063
:104AE0000846006840F00200086000BF41480830F6
:104AF000006800F00C000828F8D10CBD10B53D4846
:104B0000006840F001003B49086000203949083145
:104B10000860384800683B490840364908603A4810
:104B2000091D0860081F006820F48020091F086024
:104B3000002030490C310860FFF772FF4FF0006031
:104B40003249086010BD70B5002000220223002405
:104B50000221284D08352D6805F00C0020B10428ED
:104B600006D0082834D107E0294D2A4E356033E0BD
:104B7000294D284E35602FE01E4D2D1D2D68C5F3A3
:104B800080541C4D2D1D2D6805F03F0154B1224D60
:104B9000B5FBF1F5174E361D3668C6F3881605FBD2
:104BA00006F209E01A4DB5FBF1F5124E361D3668D6
:104BB000C6F3881605FB06F20E4D2D1D2D68C5F3B4
:104BC00001456D1C6B00B2FBF3F5124E356003E03E
:104BD0000F4D104E356000BF00BF064D08352D68E3
:104BE000C5F303150D4E705D0A4D2D68C540094E85
:104BF000356070BD00380240007000400854400726
:104C0000003C0240FFFFF6FE1030002408ED00E0FB
:104C10000024F400CC05002000127A00D00500200A
:104C20000648804706480047FEE7FEE7FEE7FEE746
:104C3000FEE7FEE7FEE7FEE7FEE7FEE7FD4A0208C5
:104C40008901000832490143324A1160704770B54A
:104C5000002100230F22C4781CB32E4C246804F4D6
:104C6000E064C4F5E064C4F30721C1F10404E3B2D5
:104C70000A4144789C40E1B28478144021430C07F7
:104C8000210E254C05786155047804F01F05012498
:104C9000AC4005786D11AD0005F1E025C5F8004187
:104CA00009E0047804F01F050124AC401B4D067890
:104CB000761145F8264070BD194A0A400243154B4B
:104CC0001B1F1A60704739B1124A121D1268024345
:104CD000104B1B1D1A6006E00E4A121D126882431B
:104CE0000C4B1B1D1A607047042808D14FF0E021BF
:104CF000096941F004014FF0E022116107E04FF033
:104D0000E021096921F004014FF0E02211617047B0
:104D10000000FA050CED00E000E400E080E100E0B6
:104D200080FFFF1F10B504468C48844208D1012142
:104D3000084600F000FB0021012000F0FCFA5EE0D4
:104D40008748844208D10121022000F0F4FA0021B2
:104D5000022000F0F0FA52E08248844208D101219A
:104D6000042000F0E8FA0021042000F0E4FA46E014
:104D70007D48844208D10121082000F0DCFA00219E
:104D8000082000F0D8FA3AE07848844208D101219E
:104D9000102000F0D0FA0021102000F0CCFA2EE014
:104DA0007348844208D10121202000F0C4FA002178
:104DB000202000F0C0FA22E06E48844208D1012190
:104DC000402000F0B8FA0021402000F0B4FA16E0CC
:104DD0006948844208D10121802000F0ACFA00210A
:104DE000802000F0A8FA0AE06448844207D101213B
:104DF000801500F0A0FA0021A01500F09CFA10BD6B
:104E0000F0B50A4600210023002400BF3DE0012543
:104E100005FA01F3156805EA03049C4234D10568DC
:104E20004F000326BE40B543056015794E00B540DE
:104E30000668354305601579012D02D01579022DDC
:104E400016D185684F000326BE40B543856055796D
:104E50004E00B540866835438560456801268E4022
:104E6000B5434560456896798E40B6B23543456096
:104E7000C5684F000326BE40B543C560D5794E00D6
:104E8000B540C6683543C560491C1029BFD3F0BD85
:104E90004FF6FF7101600021017141718171C17193
:104EA000704708B54FF480320092009A0A4300928E
:104EB000009AC261C161009AC261C2690092C2696E
:104EC000009208BD0246002013690B400BB101207F
:104ED00000E0002070470146086980B27047024632
:104EE000002053690B400BB1012000E00020704707
:104EF0000146486980B2704701837047418370471B
:104F00000AB1018300E04183704741617047426903
:104F10004A4042617047F0B5002300244D07ED0E72
:104F200002FA05F3CE1000F1200555F826504E0781
:104F3000F70E0F26BE40B543CF1000F1200646F80D
:104F40002750CE1000F1200555F8265045EA0304FD
:104F5000CE1000F1200545F82640F0BD00000240CB
:104F60000004024000080240000C02400010024011
:104F70000014024000180240001C024000200240C1
:104F8000FA48006840F00100F84908600020F7493D
:104F900008310860F5480068F5490840F3490860A1
:104FA000F448091D0860081F006820F48020091FCC
:104FB00008600020ED490C31086070470021EB4A81
:104FC000921C117011460870704710B501460022FE
:104FD000002300204A11012A02D1E44C236808E092
:104FE000022A03D1E14C7034236802E0DF4C7434B0
:104FF000236801F01F02012494401C400CB10120E1
:1050000000E0002010BD38B50020009000240025ED
:1050100000BF3120FFF7D9FF05460098401C0090E3
:105020000098B0F5A06F01D0002DF2D03120FFF72D
:10503000CCFF08B1012400E00024204638BD014621
:105040000020CA4A106820F0F80040EAC100106051
:105050007047C949086070470021C44A7032117016
:105060001170012802D004280AD104E00121BF4AAE
:105070007032117005E00521BC4A7032117000E0F9
:1050800000BF00BF7047BD490860704770B5049C01
:1050900041EA82150126C6EB530645EA064505435B
:1050A00045EA0465B14E361D356070BDB2490866EB
:1050B0007047820142EA0172AC4B84331A60704738
:1050C000AD4988667047AC49C86470470246002005
:1050D000A64B0833186820F0EC6042EA010318433D
:1050E000A24B083318607047024600209F4B0833DC
:1050F000186820F0784042EA010318439B4B0833BC
:105100001860704701460020984A0832106820F065
:10511000030008431060704794480830006800F0AE
:105120000C00704701460020904A0832106820F0B9
:10513000F000084310607047014600208B4A083297
:10514000106820F4E05008431060704701460020CA
:10515000864A0832106820F4604040EAC1001060BE
:105160007047F0B50021002200240225002602230A
:105170007E4F08373F6807F00C0121B1042905D0A4
:10518000082937D105E07E4F076036E07D4F076084
:1051900033E0764F3F1D3F68C7F38056734F3F1D86
:1051A0003F6807F03F036EB1764FB7FBF3F7DFF8C8
:1051B000BCC10CF1040CDCF800C0CCF3881C07FB6C
:1051C0000CF40CE06E4FB7FBF3F7DFF8A0C10CF165
:1051D000040CDCF800C0CCF3881C07FB0CF4634F14
:1051E0003F1D3F68C7F301477F1C7D00B4FBF5F707
:1051F000076002E0624F076000BF00BF5B4F0837E7
:105200003F6807F0F00109095F4F7A5C0768D740F3
:105210004760564F08373F6807F4E051890A5A4FF4
:105220007A5C4768D7408760504F08373F6807F47B
:105230006041490B544F7A5C4768D740C760F0BD66
:10524000002100F44072B2F5407F0AD1474A08328B
:10525000116821F4F8114D4A02401143434A0832C3
:105260001160424A70321268C0F30B031A433F4B7D
:1052700070331A60704741494439086070473F49AC
:1052800040390860704742490860704739B1374A71
:10529000303212680243354B30331A6006E0334A2D
:1052A000303212688243314B30331A60704739B163
:1052B0002E4A3432126802432C4B34331A6006E013
:1052C0002A4A343212688243284B34331A607047BA
:1052D00039B1264A383212680243244B38331A60F7
:1052E00006E0224A383212688243204B38331A6073
:1052F000704739B11D4A4032126802431B4B40339C
:105300001A6006E0194A403212688243174B403354
:105310001A60704739B1154A443212680243134B80
:1053200044331A6006E0114A4432126882430F4B3C
:1053300044331A60704739B10C4A10321268024384
:105340000A4B10331A6006E0084A10321268824392
:10535000064B10331A607047E1B1044A14321268E8
:105360000243024B14331A6019E000000038024077
:10537000FFFFF6FE1030002400004742800E474237
:105380000024F40000127A00E0050020FFFCFF0F6B
:105390005C0147425B4A126882435A4B1A6070476D
:1053A00039B1584A121D12680243564B1B1D1A6030
:1053B00006E0544A121D12688243524B1B1D1A60AC
:1053C000704739B14F4A0C32126802434D4B0C33CF
:1053D0001A6006E04B4A0C3212688243494B0C3388
:1053E0001A60704739B1474A103212680243454B80
:1053F00010331A6006E0434A103212688243414B70
:1054000010331A60704739B13E4A3C321268024389
:105410003C4B3C331A6006E03A4A3C321268824305
:10542000384B3C331A60704739B1364A4032126803
:105430000243344B40331A6006E0324A403212686D
:105440008243304B40331A60704739B12D4A4432A1
:10545000126802432B4B44331A6006E0294A443257
:1054600012688243274B44331A60704739B1254A8A
:105470004C3212680243234B4C331A6006E0214A37
:105480004C32126882431F4B4C331A60704739B15B
:105490001C4A5032126802431A4B50331A6006E01D
:1054A000184A503212688243164B50331A607047C4
:1054B00039B1144AD21F12780243124BDB1F1A7003
:1054C00006E0104AD21F127882430E4BDB1F1A707F
:1054D00070470C486030006840F0807009496031C6
:1054E0000860704701460020064A083A12680A40E0
:1054F0000AB1012000E0002070470249891F0870AE
:10550000704700001438024010B501210802FFF76F
:1055100069FF00214FF48070FFF764FF10BD30B5C4
:105520000246002000235068F84C20400D790C689A
:1055300044EA0524204350609068F54C2040D1E9AE
:1055400003542C438D682C434D7944EA4504204391
:105550009060D06A20F470000C7D641EE4B2234396
:1055600040EA0350D06230BD0021016001714171F9
:105570008160C16001610121017570470021E54A28
:105580001168E54A1140D0E900231A4383681A43A1
:10559000C3681A431143E14AC2F80413704700215B
:1055A000016041608160C160704721B1826842F052
:1055B0000102826003E0826822F00102826070478B
:1055C0000A4600214168D64B19401143416070479B
:1055D0004162826270470A460021416821F01F0142
:1055E00011434160704738B1CA49096841F400016C
:1055F000CA4AC2F8041306E0C649096821F400014A
:10560000C64AC2F80413704738B1C249096841F468
:105610008001C24AC2F8041306E0BE49096821F4B9
:105620008001BE4AC2F804137047F0B504460D4627
:1056300000200021092D11DDE068A5F10A0606EB26
:105640004607072606FA07F18843A5F10A0606EB86
:10565000460603FA06F10843E0600CE0206905EB1A
:105660004507072606FA07F1884305EB450603FAC6
:1056700006F108432061072A0FDA606B561E06EB1D
:1056800086071F2606FA07F18843561E06EB860694
:1056900005FA06F10843606322E00D2A0FDA206B59
:1056A000D61F06EB86071F2606FA07F18843D61F8A
:1056B00006EB860605FA06F10843206310E0E06A6F
:1056C000A2F10D0606EB86071F2606FA07F18843AE
:1056D000A2F10D0606EB860605FA06F10843E06224
:1056E000F0BD816841F08041816070470146002033
:1056F0008A6802F480020AB1012000E000207047AD
:1057000021B1826842F48062826003E0826822F400
:1057100080628260704721B1826842F0020282603A
:1057200003E0826822F002028260704710B50A46E8
:1057300000210023416821F46041531E41EA4331B6
:10574000416010BD21B1426842F40062426003E052
:10575000426822F40062426070470146C86C80B221
:1057600070476C48001D0068704721B1826842F4A0
:105770008072826003E0826822F4807282607047E7
:1057800021B1826842F40072826003E0826822F4F0
:1057900000728260704738B15E49096841F4005177
:1057A0005E4AC2F8041306E05A49096821F4005120
:1057B0005A4AC2F804137047F0B504461546002053
:1057C00000220026092911DDE068A1F10A0707EB94
:1057D000470C072707FA0CF29043A1F10A0707EBE1
:1057E000470703FA07F21043E0600CE0206901EB81
:1057F000410C072707FA0CF2904301EB410703FA2B
:1058000007F210432061A06BC0F30156EF1C06F1B4
:10581000010CA7EB0C0707EB870C1F2707FA0CF20C
:105820009043EF1C06F1010CA7EB0C0707EB870771
:1058300001FA07F21043A063F0BD10B50A4600213B
:105840000023816B21F44011531E41EA035181630F
:1058500010BD08B5002300930090009B0B440093FB
:10586000009B1A6008BD0A460021816821F470215E
:105870001143816070470A460021816821F440117C
:10588000114381607047816841F4800181607047F5
:10589000014600208A6802F480020AB1012000E07B
:1058A0000020704721B1426842F48062426003E008
:1058B000426822F480624260704721B1426842F43B
:1058C0008052426003E0426822F480524260704796
:1058D00008B5024600200090009201F12800009BCC
:1058E000184400900098006880B208BD10B50B46BF
:1058F0000021D9B2012404FA01F11AB144680C4321
:10590000446002E044688C43446010BDFFFEFFFC2D
:10591000FDF7FFC004230140E030FCFF0020014000
:10592000FFFD3FFF0246002013680B400BB1012032
:1059300000E000207047CA430260704770B502461D
:105940000020002300240B12556801268E4005EA32
:10595000060415681D4015B10CB1012000E00020BF
:1059600070BD00220A12D34303607047016821F022
:10597000010101600021016041608160C16001613D
:1059800021214161DB49884204D13D21D94A103AA5
:1059900091608CE0D7491831884205D14FF4746189
:1059A000D44A103A916082E0D2493031884205D120
:1059B0004FF47411CF4A103A916078E0CD494831E4
:1059C000884205D14FF07461CA4A103A91606EE086
:1059D000C8496031884204D1C749C64A103AD160EB
:1059E00065E0C4497831884204D1C449C14A103ABB
:1059F000D1605CE0BF499031884204D1C049BD4AC2
:105A0000103AD16053E0BB49A831884205D14FF02C
:105A10003D51B84A103AD16049E0BA49884204D1B0
:105A20003D21B84A083A116041E0B6491831884230
:105A300005D14FF47461B34A083A116037E0B149B7
:105A40003031884205D14FF47411AE4A083A1160E2
:105A50002DE0AC494831884205D14FF07461A94A24
:105A6000083A116023E0A7496031884204D1A24975
:105A7000A44A121F11601AE0A2497831884204D169
:105A80009E49A04A121F116011E09E499031884240
:105A900004D19B499B4A121F116008E09949A83123
:105AA000884204D14FF03D51964A121F1160704751
:105AB00010B500220268944B1A40CC680B6823434F
:105AC0004C6923438C692343CC6923430C6A2343E9
:105AD0004C6A23438C6A23434C6B23438C6B2343D4
:105AE0001A430260426922F00702D1E90B342343D2
:105AF0001A4342610B6943604B6883608B68C360E3
:105B000010BD0021016041608160C160016141619F
:105B10008161C161016241628162C162016341636D
:105B20008163704721B1026842F00102026003E024
:105B3000026822F001020260704721B1026842F45B
:105B40000042026003E0026822F4004202607047F3
:105B500021B1026842F02002026003E0026822F0F4
:105B6000200202607047416070470146486880B279
:105B7000704722B1036843F40023036003E0036825
:105B800023F4002303600161704721B1026842F4ED
:105B90008022026003E0026822F4802202607047E3
:105BA0000AB1016100E0C1607047014600200A6847
:105BB00002F400220AB1012000E0002070470146F3
:105BC00000200A6802F001020AB1012000E0002072
:105BD0007047014600204A6902F03800704730B52E
:105BE00003460A4600200024464DAB4202D24149FA
:105BF000103901E04349103902F000550DB14C68ED
:105C000000E00C68414D2C4004EA02050DB1012072
:105C100000E0002030BD02463A4B9A4202D235489D
:105C2000103801E03748103801F000531BB1374BF2
:105C30000B40C36002E0354B0B408360704710B5EA
:105C400001F080034BB122B1436943F0800343610B
:105C500003E0436923F08003436180290BD02AB11C
:105C6000036801F01E042343036004E0036801F0AD
:105C70001E04A343036010BD70B50246002000243B
:105C80000025204EB24202D21A4B103B01E01D4BC0
:105C9000103B1F4E0E4036B11E2606EAD124166870
:105CA00006EA040502E0566906F0800501F0005698
:105CB0000EB15C6800E01C68144E344004EA010632
:105CC00016B10DB1012000E0002070BD02460D4B61
:105CD0009A4202D20748103801E00A48103801F011
:105CE00000531BB1094B0B40C36002E0074B0B4054
:105CF00083607047106002403D000020400F00208C
:105D000000003D20106402403F801CF07D0F7D0F9D
:105D10003C0F3C0F002044490860091D0860091D24
:105D20000860091D086041483F4914310860704708
:105D300000213D498279002A3AD00A461268036858
:105D40009A430B461A600A1D126803689A430B1D9A
:105D50001A60027911440A6803681A430A60324AD9
:105D60000832126803689A432F4B08331A601A1DD1
:105D7000126803689A432C4B0C331A604279102A3C
:105D80000ED11A1F126803681A43274B08331A6092
:105D90001A1D126803681A43234B0C331A600DE076
:105DA0002149427911440A6803681A430A6005E0F0
:105DB000027911440A6803689A430A607047002117
:105DC000016001710C2141710021817170471649F8
:105DD000103109680143144A1032116070470146BE
:105DE0000020114A143212680A400AB1012000E072
:105DF000002070470C4914310860704701460020AC
:105E00000022094B1B6803EA0102074B14331B688D
:105E10000B4013B10AB1012000E000207047024995
:105E20001431086070470000003C0140FFFF7F0014
:105E300010B50446FE48844208D101210846FFF708
:105E4000D1FA00210120FFF7CDFA9DE0B4F1804F97
:105E500008D101210846FFF7B4FA00210120FFF71D
:105E6000B0FA91E0F348844208D101210220FFF703
:105E7000A8FA00210220FFF7A4FA85E0EE48844248
:105E800008D101210420FFF79CFA00210420FFF72C
:105E900098FA79E0E948844208D101210820FFF707
:105EA00090FA00210820FFF78CFA6DE0E448844264
:105EB00008D101211020FFF784FA00211020FFF7FC
:105EC00080FA61E0DF48844208D101212020FFF7F9
:105ED00078FA00212020FFF774FA55E0DA4884426E
:105EE00008D101210220FFF77DFA00210220FFF7EF
:105EF00079FA49E0D548844209D101210804FFF725
:105F000071FA00214FF48030FFF76CFA3CE0D04882
:105F1000844209D101214804FFF764FA00214FF4BB
:105F20000030FFF75FFA2FE0CA48844209D101210F
:105F30008804FFF757FA00214FF48020FFF752FA48
:105F400022E0C548844208D101214020FFF739FAF8
:105F500000214020FFF735FA16E0C048844208D1FE
:105F600001218020FFF72DFA00218020FFF729FA78
:105F70000AE0BB48844207D101218015FFF721FACE
:105F80000021A015FFF71DFA10BD00220288A84BC2
:105F900098420ED0AC4B98420BD0B0F1804F08D055
:105FA000A44B984205D0A44B984202D0A34B9842F0
:105FB00004D14FF68F731A404B881A43A04B984276
:105FC00007D0A04B984204D04FF6FF431A400B89EC
:105FD0001A4302804B68C3620B880385944B984236
:105FE00002D0994B984201D18B7A03860123838298
:105FF00070474FF0FF3141600021018001814180F5
:10600000817270470185828270470A4600210188AB
:106010004FF68F73194011430180704741627047FA
:10602000C16270470146486A70470146088D704753
:1060300021B1028842F00202028004E002884FF699
:10604000FD731A400280704721B1028842F00402B9
:10605000028004E002884FF6FB731A40028070470A
:1060600021B1028842F08002028004E002884FF6EB
:106070007F731A400280704702884FF6F7731A4008
:10608000028002880A430280704702884FF6FF436D
:106090001A40028002880A430280704721B10288B8
:1060A00042F00102028004E002884FF6FE731A40BB
:1060B0000280704770B5002400220023058C4FF643
:1060C000FE7635400584028C8388048B4FF68F75ED
:1060D0002C40B51E2C400D882C43751E2A408D89FE
:1060E0002A434D882A43524DA84202D0564DA84219
:1060F00013D14FF6F7752A40CD892A434FF6FB7529
:106100002A408D882A434FF6FF652B404FF6FF55F6
:106110002B400D8A2B434D8A2B43838004838D684B
:106120004563028470BD70B5002400220023058CF5
:106130004FF6EF7635400584028C8388048B48F651
:10614000FF752C404FF6FF452C400D884FF6FF762B
:1061500006EA05252C434FF6DF752A408D8906EAAD
:1061600005152A434D8806EA05152A43304DA842F5
:1061700002D0354DA8421DD14FF67F752A40CD89FA
:106180004FF6FF7606EA05152A434FF6BF752A40FB
:106190008D8806EA05152A434FF6FF352B404FF24E
:1061A000FF752B400D8A06EA85052B434D8A06EACA
:1061B00085052B43838004838D688563028470BDCD
:1061C00070B5002400220023058C4FF6FF66354091
:1061D0000584028C8388848B4FF68F752C404FF694
:1061E000FC752C400D882C434FF6FF552A408D89B5
:1061F0004FF6FF7606EA05252A434D8806EA05256F
:106200002A430B4DA84202D00F4DA84238D14FF27D
:10621000FF752A40CD894FF6FF7606EA05252A4309
:106220004FF6FF352A408D8806EA05252A4319E0F6
:10623000000001400004004000080040000C004045
:1062400000100040001400400004014000400140E4
:10625000004401400048014000180040001C00407C
:10626000002000404EF6FF752B404DF6FF752B4089
:106270000D8A06EA05152B434D8A06EA05152B43C0
:10628000838084838D68C563028470BD70B50022ED
:1062900000230024058C4EF6FF7635400584038CE0
:1062A0008488828B48F6FF752A404FF6FF452A40C6
:1062B0000D884FF6FF7606EA05252A434DF6FF7551
:1062C0002B408D8906EA05352B434D8806EA0535B6
:1062D0002B43FE4DA84202D0FD4DA84208D14BF6FB
:1062E000FF752C400D8A4FF6FF7606EA85152C4384
:1062F000848082838D680564038470BD00210180E1
:106300004180818081608181C181018241827047A9
:1063100070B50346002000241846183001258D4032
:10632000ACB21D8CA5431D8409B108290AD100EB2C
:10633000610005684FF68F763540056005681543A6
:1063400005600FE00D1FC5F34E052844056848F6AB
:10635000FF763540056005684FF6FF7606EA0226AF
:106360003543056070BD4163704781637047C16309
:106370007047016470470A460021018B4FF68F7306
:1063800019401143018370470A460021018B48F6EA
:10639000FF7319404FF6FF7303EA02231943018389
:1063A00070470A460021818B4FF68F7319401143C5
:1063B000818370470A460021818B48F6FF7319409C
:1063C0004FF6FF7303EA02231943818370470A469D
:1063D0000021018B4FF6F773194011430183704779
:1063E0000A460021018B4FF2FF7319404FF6FF73ED
:1063F00003EA02231943018370470A460021818B77
:106400004FF6F77319401143818370470A46002104
:10641000818B4FF2FF7319404FF6FF7303EA02239B
:106420001943818370470A460021018B4FF6FB73A5
:1064300019401143018370470A460021018B4FF632
:10644000FF3319404FF6FF7303EA02231943018318
:1064500070470A460021818B4FF6FB7319401143A8
:10646000818370470A460021818B4FF6FF33194024
:106470004FF6FF7303EA02231943818370470A46EC
:106480000021018B4FF67F73194011430183704740
:106490000A460021018BC1F30E014FF6FF7303EA98
:1064A00002231943018370470A460021818B4FF66E
:1064B0007F7319401143818370470A460021818B05
:1064C000C1F30E014FF6FF7303EA022319438183E0
:1064D00070470A460021018C4FF6FD7319401143A5
:1064E000018470470A460021018C4FF6F77319406A
:1064F0001143018470470A460021018C4FF6DF7377
:1065000019404FF6FF7303EA0213194301847047E1
:106510000A460021018C4FF67F7319404FF6FF7336
:1065200003EA02131943018470470A460021018CD3
:106530004FF6FF5319404FF6FF7303EA0223194346
:10654000018470470A460021018C4FF2FF73194005
:106550004FF6FF7303EA02231943018470470A468A
:106560000021018C4DF6FF7319404FF6FF7303EACB
:10657000023319430184704730B5002301248C4055
:10658000A3B2048C9C430484048C02FA01F5ADB2DE
:106590002C43048430BD30B5002304248C40A3B2C6
:1065A000048C9C430484048C02FA01F5ADB22C43A4
:1065B000048430BD828B4FF2FF331A408283828B7A
:1065C0004FF6FF7303EA01231A4382837047F0B545
:1065D0000C461546002100220026078C4EF6FF7C53
:1065E00007EA0C070784818B028C4FF6FF7707EAD6
:1065F000043640F6FF4739404FF6FF7707EA052794
:1066000039434FF6FF7707EA0337394345F6FF77FB
:106610003A4046F480573A4381830284F0BD828B2E
:106620004FF6F3731A408283828B0A43828370474A
:10663000F0B50C461546002100220026078C4FF6C7
:10664000FF6C07EA0C070784818B028C4FF6FF77FB
:1066500007EA04264FF60C7739404FF6FF7707EA32
:1066600003172F4339434FF2FF573A4046F48077E0
:106670003A4381830284F0BD028B4FF2FF331A400C
:106680000283028B4FF6FF7303EA01231A4302834E
:106690007047F0B50C461546002100220026078CF5
:1066A0004FF6EF7C07EA0C070784018B028C4FF64C
:1066B000FF7707EA041640F6FF4739404FF6FF77A9
:1066C00007EA033739434FF6FF7703E00000014044
:1066D0000004014007EA052739434FF65F773A4047
:1066E00046F010073A4301830284F0BD028B4FF657
:1066F000F3731A400283028B0A4302837047F0B59A
:106700000C46154600210022068C4FF6FE773E40CF
:106710000684018B028C4FF60C7631407E1C06EA13
:1067200003162E4331434FF6F576324044F001060E
:10673000324301830284F0BD70B505460C462088C3
:1067400050B92389A28861882846FFF7D8FFE188DD
:106750002846FFF7CBFF25E0208804280AD12389AB
:10676000A28861882846FFF794FFE1882846FFF752
:1067700083FF17E0208808280AD12389A28861882E
:106780002846FFF755FFE1882846FFF748FF09E054
:106790002389A28861882846FFF719FFE1882846E7
:1067A000FFF708FF70BD0021018041800121818039
:1067B0000021C180018170472DE9F04105460C465A
:1067C00000260127608808B9022600E00026A0887C
:1067D000012801D1022700E001272088A0B92389E0
:1067E000A28861882846FFF78AFFE1882846FFF7DC
:1067F0007DFF23893A4631462846FFF74AFFE18864
:106800002846FFF739FF13E02389A28861882846CC
:10681000FFF73FFFE1882846FFF72EFF23893A461E
:1068200031462846FFF76BFFE1882846FFF75EFFF9
:10683000BDE8F0810146486B70470146886B7047A0
:106840000146C86B70470146086C70470A884B8840
:106850001A438B881A43CB881A430B891A434B89F6
:106860001A438B891A43A0F8442070470021018005
:1068700041808180C180018141818181704731B136
:10688000B0F8442042F40042A0F8442005E0B0F8FB
:106890004420C2F30E02A0F84420704721B1828840
:1068A00042F00402828004E082884FF6FB731A40B3
:1068B0008280704721B1828842F00102828004E028
:1068C00082884FF6FE731A40828070471AB183891E
:1068D0000B43838102E083898B43838170478182EC
:1068E000704702460020138A0B400BB1012000E0E4
:1068F00000207047CA430282704730B5024600202C
:1069000000230024158A05EA0103958905EA01049C
:1069100013B10CB1012000E0002030BDCA43028257
:10692000704741EA0203A0F8483070471AB18389E2
:106930000B43838102E083898B438381704721B1BC
:10694000828842F00802828004E082884FF6F77362
:106950001A408280704701894FF6F8721140018118
:1069600070470A46002101894FF68F731940114381
:106970000181704730B504460D4629462046FFF791
:10698000F0FF208940F00700208130BD2DE9F04163
:1069900004460D4616461F46602D06D13B46012291
:1069A00031462046FFF775FE05E03B4601223146A1
:1069B0002046FFF7A4FE29462046FFF7D2FF208994
:1069C00040F007002081BDE8F08130B50C46002181
:1069D0000189C9B24FF6FF7505EA03251543254322
:1069E0002943018130BD2DE9F04105460E46174689
:1069F0009846002443463A4631462846FFF7E5FFCD
:106A00002C894FF6F870044044F007044FF68F705D
:106A1000044044F070042C81BDE8F081F0B50446D8
:106A20000D4616461F463B46324629462046FFF78E
:106A3000CCFF208940F480402081F0BD82884FF651
:106A40008F731A40828082880A438280704702894D
:106A50004FF6F8731A40028102890A430281704797
:106A600002894FF67F731A40028102890A4302812C
:106A70007047F0B50C4615461E4600210022002343
:106A80000189028B038C4FF6F877394021434FF68A
:106A9000FC473A4040F201173A434FF6DD773B405E
:106AA0004FF6FF7707EA06172F433B430181028326
:106AB0000384F0BD21B1828842F08002828004E02C
:106AC00082884FF67F731A4082807047A0F850107A
:106AD0007047000010B50446F748844208D10121F0
:106AE0001020FEF77FFC00211020FEF77BFC3EE02B
:106AF000F248844209D101214804FEF762FC0021DA
:106B00004FF40030FEF75DFC31E0ED48844209D1DE
:106B100001218804FEF755FC00214FF48020FEF788
:106B200050FC24E0E748844209D10121C804FEF763
:106B300048FC00214FF40020FEF743FC17E0E24838
:106B4000844209D101210805FEF73BFC00214FF4E6
:106B50008010FEF736FC0AE0DC48844207D10121B0
:106B60002020FEF73FFC00212020FEF73BFC10BD5B
:106B70002DE9FF4705460E460024A14600BFA0466A
:106B8000B08900B100BF2C8A24F44054F08804433B
:106B90002C82AC8941F20C608443B088318908436F
:106BA000718908430443AC81AC8A24F44074B089F1
:106BB0000443AC826846FEF7D4FABF48854202D04F
:106BC000C248854202D1DDF80C9001E0DDF8089062
:106BD000A88900F4004040B109EBC90000EB09109E
:106BE00031684900B0FBF1F707E009EBC90000EBA1
:106BF000091031688900B0FBF1F76420B7FBF0F0B1
:106C000004012009642101FB1078A88900F40040E8
:106C100040B1322000EBC800B0FBF1F000F00700FB
:106C2000044308E0322000EB08106421B0FBF1F0CF
:106C300000F00F0004432C81BDE8FF874FF416518C
:106C4000016000218180C18001810C2141810021EE
:106C50008181704710B502460020108A20F47060D0
:106C60000B884C8823438C882343CC8823431843C8
:106C7000108210BD0021018041808180C180704759
:106C800021B1828942F40052828104E082894DF66A
:106C9000FF731A4082817047028B02F47F420283A5
:106CA000028B0A430283704721B1828942F4004279
:106CB000828103E08289C2F30E028281704721B192
:106CC000828A42F40062828204E0828A4FF2FF7379
:106CD0001A4082827047C1F30802828070470146E1
:106CE0008888C0F308007047028A4FF6F0731A4094
:106CF0000282028A0A430282704721B1828942F0ED
:106D00000202828104E082894FF6FD731A4082817B
:106D1000704782894FF2FF731A40828182890A4349
:106D200082817047028A4FF6DF731A400282028A1C
:106D30000A430282704721B1028A42F480420282F1
:106D400004E0028A4BF6FF731A4002827047818981
:106D500041F001018181704721B1828A42F008022D
:106D6000828204E0828A4FF6F7731A40828270476B
:106D7000028BD2B20283028B42EA01220283704765
:106D800021B1828A42F02002828204E0828A4FF698
:106D9000DF731A408282704721B1828A42F010026A
:106DA000828204E0828A4FF6EF731A408282704733
:106DB000828A4FF6FB731A408282828A0A43828259
:106DC000704721B1828A42F00202828204E0828A04
:106DD0004FF6FD731A40828270471AB1838A0B43C3
:106DE000838202E0838A8B4383827047F0B5034637
:106DF000002400260025002040F66A17B94200D181
:106E000000BF1846C1F3421401F01F06012707FA1C
:106E100006F5012C01D10C3004E0022C01D1103018
:106E200000E014301AB107682F43076002E00768DA
:106E3000AF430760F0BD02460020B1F5007F00D1EE
:106E400000BF13880B400BB1012000E00020704709
:106E500001F40072B2F5007F00D100BFCA43028086
:106E6000704770B50246002400230025002040F63C
:106E70006A16B14200D100BFC1F3421501F01F03F1
:106E8000012606FA03F3012D02D19689334006E06C
:106E9000022D02D1168A334001E0968A33400C124B
:106EA000012606FA04F41688344013B10CB101200F
:106EB00000E0002070BD00000010014000440040D0
:106EC00000480040004C00400050004000140140C9
:106ED00010B50022002340F66A14A14200D100BF81
:106EE0000A1201249440A3B2DC43048010BD0000C8
:106EF00010B501218803FEF775FA00214FF4804098
:106F0000FEF770FA10BD1A490860704730B50022CC
:106F10008B071C0F0F2303FA04F2154B08338C1058
:106F200053F824309343124C08348D1044F8253024
:106F300023468C1053F824308C07240F00FA04F4F5
:106F400023430B4C08348D1044F8253030BD0949DB
:106F500008607047084908607047002004492031E4
:106F6000096801F4807109B1012000E00020704738
:106F700000380140DC0027420004274200F10801EC
:106F800041604FF0FF31816000F10801C160016193
:106F90000021016070470021016170474268536819
:106FA0004B6043688B605368996051604160086131
:106FB00003685B1C0360704710B502460B685C1CDD
:106FC0000CB9106907E002F1080000E0406844686D
:106FD00024689C42FAD944684C604C68A16088607F
:106FE00041600A611468641C146010BD0146D1E957
:106FF00001309860D1E9010358600A6950688842FD
:1070000001D188685060002008611068401E10603F
:107010001068704770B504460D461CB9D9F708F9D9
:1070200000BFFEE700F0F3FDD4E90F12206801FB7A
:10703000020060600020A0632068A060E06B401E3A
:10704000226C216800FB0210E0604FF0FF306064AA
:10705000A06475B9206908B9012000E0002080B95A
:1070600004F1100001F02AFC01280AD100F0C9FD4A
:1070700007E004F11000FFF781FF04F12400FFF79F
:107080007DFF00F0CDFD012070BD2DE9F0470546E4
:107090000E4617464FF00009DDB1502000F0E4FD28
:1070A0000446B4B105FB06F000F10108404600F0CB
:1070B000DBFD2060206848B1E5632664012120469D
:1070C000FFF7A8FF84F84D70A14602E0204600F0CB
:1070D0002CFEB9F1000F03D1D9F7AAF800BFFEE7E3
:1070E0004846BDE8F08710B5044600F090FD11E079
:1070F000606A08B9012000E0002050B904F12400C2
:1071000001F0DCFB08B101F054FCA06C401EA0644F
:1071100000E002E0A06C0028EADC00BF4FF0FF3086
:10712000A06400F07DFD00F072FD11E0206908B957
:10713000012000E0002050B904F1100001F0BEFB76
:1071400008B101F036FC606C401E606400E002E0B3
:10715000606C0028EADC00BF4FF0FF30606400F094
:107160005FFD10BD70B5044600F051FDA06BE16BF2
:10717000884201D1012000E00020054600F050FDCA
:10718000284670BD70B504460E461546206C38B9C9
:10719000206838BB606801F09BFC0020606021E043
:1071A0007DB93146226CA06801F0BCFC216CA0685E
:1071B0000844A060D4E90110884213D32068A0607D
:1071C00010E03146226CE06801F0ACFC216CE06814
:1071D000401AE0602168E068884203D2216C606850
:1071E000401AE060A06B401CA06370BDFFB583B087
:1071F00004460D461E4600271CB9D9F719F800BFF2
:10720000FEE70DB9206C08B9012000E0002018B994
:10721000D9F70EF800BFFEE700BF00F0F8FCA06B46
:10722000E16B884217D2324629462046FFF7AAFF73
:10723000606A08B9012000E0002038B904F1240098
:1072400001F03CFB012801D100F0DBFC00F0E8FC80
:10725000012007B0F0BD059818B900F0E1FC00204E
:10726000F7E71FB901A801F05EFB012700F0D8FC89
:1072700000F0DEFF00F0CBFC606C401C08B9002081
:107280006064A06C401C08B90020A06400F0C8FC39
:1072900005A901A801F055FBC0B92046FFF762FF20
:1072A00070B104F11000059901F0CBFA2046FFF708
:1072B0001AFF00F00DFF0028AFD100F0A2FCACE7F0
:1072C0002046FFF710FF00F003FFA6E72046FFF778
:1072D0000AFF00F0FDFE0020BBE770B50546502018
:1072E00000F0C2FC0446E4B1002060602060A060B1
:1072F000E060A0630120E06300202064401E606421
:10730000A06484F84D5004F11000FFF737FE04F13B
:107310002400FFF733FE00231A4619462046FFF7E4
:1073200065FF1CB9D8F784FF00BFFEE7204670BD9B
:1073300070B504461CB9D8F77BFF00BFFEE701F02B
:1073400047FB616888420CD1E068401EE060E0685D
:1073500028B900231A4619462046FFF747FF0125A2
:1073600000E00025284670BD70B5044600F04FFCD3
:10737000A06B08B9012000E00020054600F050FC99
:10738000284670BD70B504460D46206870B1216C6A
:10739000E0680844E0606168E068884201D32068E2
:1073A000E0602846226CE16801F0BCFB70BD2DE96D
:1073B000FF4182B004460D461E464FF000081CB93E
:1073C000D8F736FF00BFFEE70DB9206C08B90120E1
:1073D00000E0002018B9D8F72BFF00BFFEE700BF80
:1073E00000F015FCA06B80B3E76829462046FFF744
:1073F000C9FFB6B9A06B401EA063206810B901F0A8
:10740000E7FA6060206908B9012000E00020B0B907
:1074100004F1100001F052FA012810D100F0F1FB44
:107420000DE0E760606A08B9012000E0002030B993
:1074300004F1240001F042FA08B100F0E2FB00F090
:10744000EFFB012006B0BDE8F081FFE7049818B912
:1074500000F0E6FB0020F5E7B8F1000F04D1684624
:1074600001F061FA4FF0010800F0DAFB00F0E0FEF5
:1074700000F0CDFB606C401C08B900206064A06C7B
:10748000401C08B90020A06400F0CAFB04A96846AB
:1074900001F057FA08BB2046FFF766FFB8B1206835
:1074A00030B900F0B4FB606801F0A1FA00F0B8FB5D
:1074B00004F12400049901F0C4F92046FFF713FEFB
:1074C00000F006FE00288BD100F09BFB88E72046E9
:1074D000FFF709FE00F0FCFD82E72046FFF703FE00
:1074E00000F0F6FD0020ADE770B504460E461CB96D
:1074F000D8F79EFE00BFFEE701F06AFA6168884295
:1075000004D1E068401CE06001250BE00023324616
:1075100019462046FFF74BFF0546012D02D1E068D2
:10752000401CE060284670BD70B506460D4602223C
:1075300000213046FFF7A9FD044604B1A5631CB93C
:10754000D8F776FE00BFFEE7204670BD2DE9F04774
:1075500004460F46154698461CB9D8F769FE00BF89
:10756000FEE70FB9206C08B9012000E0002018B92F
:10757000D8F75EFE00BFFEE7D8F75AFE8146A06B43
:10758000E16B88421BD2424639462046FFF7FAFD9E
:10759000A06C401C70B9606A08B9012000E00020AE
:1075A00058B904F1240001F089F930B12DB101205E
:1075B000286002E0A06C401CA064012600E00026C8
:1075C0004846D8F73CFE3046BDE8F0872DE9F0414B
:1075D00004460F4615461CB9D8F72AFE00BFFEE741
:1075E0000FB9206C08B9012000E0002018B9D8F7C5
:1075F0001FFE00BFFEE7D8F71BFE8046A06BE8B178
:1076000039462046FFF7BEFEA06B401EA063606CAB
:10761000401C70B9206908B9012000E0002058B969
:1076200004F1100001F04AF930B12DB101202860B9
:1076300002E0606C401C6064012600E000264046C9
:10764000D8F7FDFD3046BDE8F08170B504461CB9A1
:10765000D8F7EEFD00BFFEE700F0D9FAA56B00F009
:10766000DFFA284670BD70B504461CB9D8F7E0FDB6
:1076700000BFFEE7A56B284670BD014600200BE069
:107680003D4A02EBC00252688A4204D100223A4BC2
:1076900043F8302002E0401C0828F1D300BF7047B7
:1076A00010B504461CB9D8F7C3FD00BFFEE720465D
:1076B000FFF7E3FF206800F038FB204600F035FBC1
:1076C00010BD014691F84C00704780F84C1070478F
:1076D000014691F84D00704770B504461CB9D8F7C3
:1076E000A7FD00BFFEE7A06B08B9012000E0002065
:1076F0000546284670BD70B504461CB9D8F798FDFC
:1077000000BFFEE7A06BE16B884201D1012000E0E1
:1077100000200546284670BD024600200BE0164BAF
:1077200053F8303033B9144B43F8301003EBC00337
:107730005A6002E0401C0828F1D300BF704770B5C2
:1077400004460D4600F063FA606C401C08B9002046
:107750006064A06C401C08B90020A06400F060FACE
:10776000A06B20B9294604F1240001F08DF82046D1
:10777000FFF7B9FC70BD0000F8C100202DE9F04111
:1077800004460D4616461F464FF00008656024610A
:10779000B5420CD8F01BA169884202D34FF0010812
:1077A00011E0211DF0480068FFF706FC0BE0BE4227
:1077B00004D2BD4202D34FF0010804E0211DEB4882
:1077C0000068FFF7F9FB4046BDE8F0812DE9FE4374
:1077D00005460E4617461C46DDF828804FF0000986
:1077E000E348006808B3009601970295ACB901F030
:1077F000F2F8012808D1002342466946DC480068B7
:10780000FFF7F4FC814610E000231A466946D84889
:107810000068FFF7EBFC814607E00023224669463B
:10782000D3480068FFF792FE81464846BDE8FE83D4
:107830002DE9F84381462BE0CC480068C068056814
:10784000CA480068C068C468201DFFF7CFFB204607
:10785000616A8847E06901281AD1A0694619AE42D9
:1078600007D966602461211DC0480068FFF7A4FBAA
:107870000EE0002003462A46014600902046FFF70E
:10788000A5FF07461FB9D8F7D3FC00BFFEE700BF2E
:10789000B6480068006808B9012000E00020002810
:1078A000CAD0B248D0F80080AF480068AF4908603D
:1078B000AD48C0F80080BDE8F88370B5044600F01C
:1078C00009FF0546AB480068854206D2A948006812
:1078D000FFF7AEFF0120206001E000202060A548F6
:1078E0000560284670BD70B586B002A8FFF7E5FFB9
:1078F000064650E0059C44B1606908B9012000E0EB
:10790000002010B9201DFFF771FB039830B101284A
:1079100026D0022825D003283BD136E00498A2695E
:107920008118034632462046FFF728FF012816D16A
:107930002046616A8847E069012810D10020009044
:107940000498A1694218002319462046FFF73EFF1C
:1079500005461DB9D8F76CFC00BFFEE700BF19E073
:1079600018E00498A061A06908B1012000E000209F
:1079700018B9D8F75DFC00BFFEE7A069811933464E
:1079800032462046FFF7FAFE04E0204600F0CDF92B
:1079900000E000BF00BF00231A4603A97448006836
:1079A000FFF705FD0028A5D106B070BDF8B5054666
:1079B0000F466E480068C068C468201DFFF716FBBC
:1079C000E069012817D1A06941192B463A462046A3
:1079D000FFF7D4FE01280ED1002003462A460146B7
:1079E00000902046FFF7F2FE06461EB9D8F720FCAD
:1079F00000BFFEE700BF2046616A8847F8BDF8B5C2
:107A000004460E4600F014FC6846FFF756FF054694
:107A10000098A0B946B9AC4206D800F059FB2946F7
:107A20002046FFF7C3FF0CE0611B51480068FFF7D9
:107A300086FE00F04DFB20B900F0E3F801E000F015
:107A400047FBF8BD0146494A126812680AB901228B
:107A500000E000220A600A6822B9444A1268D2682B
:107A6000106800E00020704708B500BF6846FFF7C7
:107A7000E9FF044620460099FFF7C1FFFFF733FFF7
:107A8000F4E710B500F0C3F83948006890B93A48F7
:107A9000FFF774FA3948FFF771FA3748334908603D
:107AA00036483149086000220C210A20FFF7EDFA20
:107AB0002F49086000F0B4F810BD1FB50024FFF78F
:107AC000E0FF2B48006868B100200223CDE90030B8
:107AD000029003464FF4007229A103902A4800F057
:107AE000B2F904461CB9D8F7A3FB00BFFEE7204655
:107AF00004B010BD2DE9F04706460D4617469846DE
:107B0000DDF820904DB900240DB1012000E00020E7
:107B1000A0B9D8F78DFB00BFFEE7282000F0A4F83D
:107B200004465CB1FFF7ADFF2660A561E761C4F8CC
:107B30002080C4F82490201DFFF72DFA2046BDE8D0
:107B4000F08770B50446264600F061F8706908B108
:107B5000012000E00020054600F062F8284670BDD4
:107B600001460A46106A7047F4050020F00500201F
:107B7000F8050020FC05002038C200204CC200207F
:107B8000546D722053766300697A0208001F4FF02B
:107B900080730360001F0160001F0023036014381E
:107BA0000260001FDB1E0360203870472A4800680F
:107BB00042F21071B0FBF1F0401E4FF0E02148613D
:107BC00007200861704710B52448006840F47C0025
:107BD000224908600846006840F07C400860FFF7D2
:107BE000E5FF00201E490860D8F7F0FA1D4800683C
:107BF00040F040401B490860D8F7DEFA002010BD75
:107C000070474FF0805015491C390860704710B517
:107C1000D8F70EFB12480068401C1149086010BDDF
:107C200010B50F480068401E0D49086008460068FE
:107C300010B90020D8F703FB10BD10B54FF08050ED
:107C400006491C390860D8F7F3FA00F0C2F90020A1
:107C5000D8F7F5FA10BD0000CC05002020ED00E0BB
:107C60000006002034EF00E02DE9F04104464FF01B
:107C7000000800F0DDFA3D48006898B93C493D4AEB
:107C80001160002151604FF420513B4A51600021A6
:107C9000116037484FF420514160114601600120C6
:107CA0003249086044B1103404F0070020B104F0F8
:107CB0000700C0F108000444002C31D0B4F5205F67
:107CC0002ED22C4F3846056801E02F462D68686893
:107CD000A04202D228680028F7D1274885421FD049
:107CE000386800F11008286838606868001B202890
:107CF00010D92E196868001B70606C6071681D488F
:107D000000E00068026852688A42FAD30268326072
:107D1000066000BF194968680968081A17490860B1
:107D200000F0D6F94046BDE8F08170B5064635460C
:107D3000B6B1103D2C4600F07BFA61680D4800E0BA
:107D40000068026852688A42FAD3026822600460BE
:107D50000A496068096808440849086000F0B8F9F1
:107D600070BD064800687047704700001806002084
:107D700060C20020040600200C060020140600202B
:107D800010B5002407E004EB8401FE4A02EB8100F9
:107D9000FFF7F4F8641C052CF5D3FB48FFF7EEF869
:107DA000FA48FFF7EBF8FA48FFF7E8F8F948FFF769
:107DB000E5F8F948FFF7E2F8F348F8490860F348B6
:107DC000F749086010BD2DE9F04104460E461546FE
:107DD0009846069F0A22314604F1340000F0D2FE94
:107DE00000213D200155052D00D30425E562A56441
:107DF000201DFFF7D0F804F11800FFF7CCF824613C
:107E0000C5F10500A0616462BDE8F08170B505466A
:107E10000E464C20FFF728FF044694B11EB9A80077
:107E2000FFF722FF00E030462063206B20B9204698
:107E3000FFF77BFF002404E0A900A522206B00F0DF
:107E400083FE204670BD2DE9FF4F81B08046164667
:107E50009A46DDE90E5BB8F1000F03D1D8F7E8F9D7
:107E600000BFFEE7052D01D2012000E0002018B977
:107E7000D8F7DEF900BFFEE730461099FFF7C6FFDE
:107E80000446002C64D0701E216B01EB800929F0A0
:107E9000070909F0070008B9012000E0002018B91F
:107EA000D8F7C6F900BFFEE700962A462046119B88
:107EB0000299FFF788FF524641464846FFF766FEA3
:107EC0002060BBF1000F01D0CBF80040FFF79FFE10
:107ED000B4480068401CB3490860B348006840B922
:107EE000B14804600846006801280CD1FFF748FF3C
:107EF00009E0AE48006830B9AB480068C06AA842E3
:107F000001D8A9480460AA49E06A0968884202D9F0
:107F1000A749E06A0860A74800682064A54800688F
:107F2000401CA4490860A449E06A0968884202D953
:107F3000A149E06A0860E16A01EB8101914A02EB24
:107F40008100211DFFF72AF80127FFF769FE01E0F4
:107F50004FF0FF37012F09D19448006830B19248A3
:107F60000068C06AA84201D2FFF74BFE384605B050
:107F7000BDE8F08F70B50446FFF749FE8A480068F7
:107F8000844200D1002414B98748006800E02046EC
:107F90000546281DFFF72AF8A86A18B105F1180050
:107FA000FFF724F8291D7B48FEF7F8FF8348006897
:107FB000401C824908607F480068401C7D49086079
:107FC000FFF72EFE7948006810B10CB9FFF719FED3
:107FD00070BD70B57A480068002873D17948006890
:107FE000401C784908600846006868BB6B48006818
:107FF000006808B9012000E0002018B9D8F718F986
:1080000000BFFEE765480568654800686349086089
:10801000634805606C480068401C6B4908605F4815
:108020000068006808B9012000E0002020B14FF08E
:10803000FF306649086006E058480068C068C468B8
:1080400062496068086000BF5E4800685F4909686F
:10805000884236D300BF51480068006808B9012043
:1080600000E0002020B14FF0FF305849086027E0C1
:108070004A480068C068C468656852480068A842F9
:1080800002D2524805601BE0201DFEF7AFFFA06A38
:1080900018B104F11800FEF7A9FF4749E06A096822
:1080A000884202D94449E06A0860E16A01EB810133
:1080B000344A02EB8100211DFEF770FFCBE701E09F
:1080C00000BF04E042480068401C4149086070BDA0
:1080D00070B500253A48006818B9D8F7A9F800BF6C
:1080E000FEE7FFF794FD36480068401E34490860FB
:1080F00008460068002878D12A480068002874D013
:10810000002621E02248C068C46804F11800FEF788
:108110006DFF201DFEF76AFF2749E06A0968884263
:1081200002D92549E06A0860E16A01EB8101154A3C
:1081300002EB8100211DFEF731FF1B49E06A09684F
:10814000C96A884200D301261148006808B9012095
:1081500000E000200028D5D01D48006860B106E08E
:10816000FFF737FF1A480068401E19490860184891
:1081700000680028F4D10126012E2FD01548006890
:1081800001282AE060EA0020C4EA0020D8EA0020A2
:10819000ECEA002000EB002014EB00202006002079
:1081A000240600202C0600201C0600203C0600208F
:1081B0003406002050060020380600202806002043
:1081C00040060020300600204C0600205406002007
:1081D000440600204806002007E005D101250020C4
:1081E000F9490860FFF70DFD00BFFFF719FD2846AC
:1081F00070BD10B50446F54800684460F448006856
:10820000844207D2F1480168091DF2480068FEF770
:10821000D3FE0CE0ED480168091DEF480068FEF749
:10822000CBFEEE480068844201D2EC48046010BDE9
:10823000EB480068401CEA49086070472DE9F041AE
:1082400004460E464FF000081CB9D7F7F1FF00BFF7
:10825000FEE70EB1012000E0002018B9D7F7E8FFD3
:1082600000BFFEE7FFF7E4FF20688519D8492068C2
:108270000968884209D92068A8420FD9D448006803
:1082800085420BD94FF0010808E02068A84203D8C6
:10829000CF480068854201D94FF001082560B8F148
:1082A000000F07D0C9480068001DFEF79FFE284652
:1082B000FFF79FFFFFF70CFF07460FB9FFF7A1FC81
:1082C000BDE8F08170B5044600267CB1FFF7B0FF31
:1082D000BF4800680519BD480068001DFEF786FE0E
:1082E0002846FFF786FFFFF7F3FE06460EB9FFF7B5
:1082F00088FC70BD70B50446FFF789FC14B9B3481B
:10830000006800E020460646F56AFFF789FC28462B
:1083100070BD2DE9F04706460D464FF00009052DCA
:1083200001D2012000E0002018B9D7F781FF00BF7B
:10833000FEE7052D00D30425FFF769FCA34800687C
:10834000864200D1002616B9A048006800E03046F9
:108350000446A76CAF4234D0BD4203D92EB14FF0D2
:10836000010902E00EB94FF00109D4F82C80E16A4E
:10837000A06C884200D1E562A564C5F10500A0614A
:1083800007EB8701974A02EB81016069884213D1AC
:10839000201DFEF72BFE9449E06A0968884202D945
:1083A0009149E06A0860E16A01EB81018D4A02EBC4
:1083B0008100211DFEF7F2FDB9F1010F01D1FFF798
:1083C00020FCFFF72DFCBDE8F08710B5844800685D
:1083D00018B101207C4908602CE00BE0824800685D
:1083E00018B9D7F725FF00BFFEE77F480068401E99
:1083F0007D4908607C48006800EB8000794951F8AD
:1084000020000028EAD07849096801EB8101754A0B
:1084100002EB810041684968416000F1080142684F
:108420008A4202D14168496841604168C968674A27
:10843000116000BF10BD70B50446FFF7E8FB63484C
:108440000068844200D1002414B96048006800E04C
:1084500020460546281DFEF7C9FDA86A18B105F19A
:108460001800FEF7C3FD291D6048FEF797FDFFF7D2
:10847000D7FB8CB95E48006810B1FFF7C2FB0BE078
:108480005A4800685B490968884203D100204F4977
:10849000086001E0FFF799FF70BD70B50546002642
:1084A0002C461DB9D7F7C4FE00BFFEE74F496069EF
:1084B000884201D1012000E0002080B14E49A06A2D
:1084C000884201D1012000E00020012807D0A06AE5
:1084D00008B9012000E00020012800D10126304623
:1084E00070BD70B505461DB9D7F7A2FE00BFFEE707
:1084F0002C4644B335480068844224D0FFF787FBFC
:108500002046FFF7CAFF01281BD1201DFEF76EFD94
:108510003549E06A0968884202D93349E06A08604F
:10852000E16A01EB81012F4A02EB8100211DFEF778
:1085300035FD2649E06A0968C96A884201D3FFF718
:1085400060FBFFF76DFB70BD2DE9F041054600268D
:108550001DB9D7F76DFE00BFFEE72C46D7F768FEC2
:1085600007462046FFF799FF012826D11C480068DE
:10857000F0B91649E06A0968C96A884201D3012046
:1085800000E000200646201DFEF730FD1649E06A97
:108590000968884202D91449E06A0860E16A01EB7F
:1085A0008101104A02EB8100211DFEF7F7FC04E077
:1085B00004F118011048FEF7F1FC3846D7F73FFEEA
:1085C0003046BDE8F0810000480600201C0600206F
:1085D000300600202406002020060020540600203B
:1085E0004006002060EA00203806002014EB00203E
:1085F0003C0600202C060020ECEA002010B50446C2
:10860000206BFFF792FB2046FFF78FFB10BD70B584
:1086100023E0FFF70DFEFD48006808B9012000E0E7
:1086200000200546FFF754FDBDB9FFF7F0FAF74803
:10863000C068C468201DFEF7D9FCF5480068401EDC
:10864000F3490860F3480068401EF2490860FFF7EC
:10865000E7FA2046FFF7D2FF00BFEE480068002887
:10866000D7D170BD00BFFFF7D2FFEB4800680128EB
:10867000F9D9FFF7C6FAF6E71FB500200090019080
:10868000029003464FF48072E4A10390E548FFF79F
:10869000DAFB0446012C02D1FFF70FFA0446012C45
:1086A00009D1D7F7C5FD0120DF4908600020DF4967
:1086B0000860FFF788FA1CB9D7F7BAFD00BFFEE7DC
:1086C0001FBD10B5D7F7B4FD0020D7490860FFF7EC
:1086D00097FA10BD10B5FFF79AFAD4480468FFF76F
:1086E0009FFA204610BD70B5D7F7A2FD0546CF48CA
:1086F00004682846D7F7A3FD204670BDC44800682B
:1087000070470146002002E0491C421C90B20A78E2
:10871000A52AF9D0800870472DE9FE4381460C4612
:108720001646204641684968416000F108014268E8
:108730008A4202D14168496841604168CF6800BF00
:10874000204641684968416000F1080142688A4258
:1087500002D14168496841604168CD68286BFFF7E4
:10876000D0FF8046286CE96A334605F13402CDE932
:1087700000180290AEA1B34800F072FDB14948461E
:1087800000F0F4F9BD42DBD1BDE8FE8370B50546CB
:10879000FFF74EFD00202870ABA1284600F0E6F957
:1087A000AA480068441C00BF641E04EB84009A4978
:1087B00051F8200008B9012000E0002040B904EB86
:1087C0008400954A02EB800152222846FFF7A4FF5D
:1087D000002CE9D19E480068006808B9012000E03B
:1087E000002028B942229A4801682846FFF794FFE2
:1087F00098480068006808B9012000E0002028B906
:108800004222944801682846FFF786FF7F480068A7
:1088100008B9012000E0002020B944227B49284605
:10882000FFF77AFF8C48006808B9012000E00020BB
:1088300020B9532288492846FFF76EFFFFF748FC0E
:1088400070BD70B505460C461DB9D7F7F1FC00BFE9
:10885000FEE78248016818312846FEF7ADFB7F48E5
:108860000068001DFEF7C2FB601C30B97B48016840
:10887000091D7948FEF792FB05E06C48006806196F
:108880003046FFF7B6FC70BD70B504460D461CB906
:10889000D7F7CEFC00BFFEE77048016818312046CC
:1088A000FEF77CFB6D480068001DFEF79FFB5F48EC
:1088B000006846193046FFF79CFC70BD70B506464F
:1088C000F068C4681CB9D7F7B3FC00BFFEE704F139
:1088D0001800FEF78BFB62480068A0B9201DFEF768
:1088E00085FB6049E06A0968884202D95D49E06A0F
:1088F0000860E16A01EB8101474A02EB8100211D1A
:10890000FEF74CFB04E004F118015748FEF746FB64
:108910005249E06A0968C96A884201D3012500E02A
:108920000025284670BD10B504461CB9D7F780FC59
:1089300000BFFEE74D48006820603C48006860606A
:1089400010BD70B504460D461CB9D7F771FC00BFC9
:10895000FEE71DB9D7F76CFC00BFFEE7FFF757F93C
:108960002868401C08B900261FE0404920680968B3
:10897000884206D02D4960680968884201D80126DE
:1089800013E02A4960680968081A296888420BD2EE
:108990002868264A61681268511A401A28602046E1
:1089A000FFF7C1FF002600E00126FFF739F9304646
:1089B00070BD01202E4908607047014611B10A467A
:1089C000506C00E00020704708B1024651647047C7
:1089D0002249086870471449096809B9002005E070
:1089E0001F49096809B9012000E00220704770B5ED
:1089F00005462C464DB11949E06A0968C96A8842A2
:108A000065D216480068C06A34E060E000EB0020E0
:108A10002C0600202806002060EA002049444C452E
:108A200000000000658602083C0600203006002099
:108A30002573090925630925750925750925750D0E
:108A40000A00000028EB00200D0A00003406002078
:108A5000200600202406002014EB00201C06002025
:108A60004006002038060020ECEA00204C060020DA
:108A700048060020C0F10500A061E16A01EB810118
:108A8000254A02EB81016069884201D1012000E0A2
:108A90000020C0B1201DFEF7A9FA20480068C06A76
:108AA000E0621F49E06A0968884202D91C49E06A0D
:108AB0000860E16A01EB8101174A02EB8100211D88
:108AC000FEF76CFA03E015480068C06AE06270BD0A
:108AD00070B505462C46EDB1A16CE06A884219D00C
:108AE000201DFEF783FAA06CE062E06AC0F1050089
:108AF000A0610B49E06A0968884202D90849E06A26
:108B00000860E16A01EB8101034A02EB8100211D4B
:108B1000FEF744FA70BD000060EA00201C06002049
:108B20003806002040EA01039B0703D009E008C98A
:108B3000121F08C0042AFAD203E011F8013B00F822
:108B4000013B521EF9D27047D2B201E000F8012B6E
:108B5000491EFBD270470022F6E710B513460A46BD
:108B600004461946FFF7F0FF204610BD421E12F8DA
:108B7000013F002BFBD111F8013B02F8013B002B18
:108B8000F9D1704710B5044604E00B7800F8013BBA
:108B900003B1491C521EF8D2204610BD421C10F8E9
:108BA000011B0029FBD1801A704710B5002200E09C
:108BB000521C835C8C5CA34201D1002BF8D1D8B24B
:108BC000E1B2401A10BD2DE9FE4F804681EA030054
:108BD000C00F0C46009021F0004123F00045B8EB97
:108BE0000200A94105D24046214690461C460B464C
:108BF000024623F00040104347D0270DC7F30A0078
:108C0000C3F30A510290401A019040286BDAC3F373
:108C1000130040F4801B0098924620B10023D2EB51
:108C2000030A63EB0B0B01985946C0F14002504612
:108C300000F0F9F906460D4650465946019A00F0F3
:108C400011FA10EB08006141002487EA115284EA0E
:108C5000E7731A4340D0009A62B3019A012A4FEA9F
:108C6000075215DC001B61EB02014FF0004202EAE3
:108C70000752CDE90042001C41F5801132462B46D7
:108C800000F048FA03B0BDE8F08F40462146F9E70E
:108C9000001B61EB0201001C41F5801300185B41D1
:108CA0002018A2F5001747EB030140EAD570B6196A
:108CB0006D4111E06D084FEA360645EAC0754FEA8E
:108CC0000752001B61EB0201001C41F580114908AD
:108CD0004FEA30000019514132462B4603B0BDE83F
:108CE000F04F00F008BA0098012240000023D0EBBA
:108CF000020263EBE073009821464FEAE074B8EBA0
:108D0000000061EB0401E9E783F000435BE781F0D9
:108D1000004158E72DE9FE4F81EA030404F00044C6
:108D200021F0004100944FF0000B23F0004350EA83
:108D300001045ED052EA03045BD0C3F30A54C1F3CA
:108D40000A552C44A4F2F3340194A0FB0254C1F35D
:108D5000130141F48011C3F3130343F4801301FBA7
:108D6000024400FB034E840A970A44EA815447EA0E
:108D70008357A4FB076802958D0A05FB07854FEA18
:108D8000932C04FB0C542705029D4FEA065847EA32
:108D90001637B5EB08056EEB070C870E920E47EA07
:108DA000811742EA8312A7FB0201B6EB0B0164EBC9
:108DB00000042B0D43EA0C335E1844EB1C50DA46DA
:108DC0005146E7FB0201C5F313044FEA0B3343EAB4
:108DD00014534FEA0432019C43EA0603A4F10C0445
:108DE0000294009CCDE900B400F094F903B0BDE812
:108DF000F08F00200146F9E72DE9F04D81EA0304E8
:108E000004F0004B21F0004514464FF0000A23F017
:108E1000004150EA050220D054EA01021DD0C5F3FA
:108E20000A570246C5F31303C1F31300C1F30A56F0
:108E300040F4801543F48013A7EB0608101BD646B8
:108E400008F2FD3873EB050002D308F1010801E0D8
:108E500092185B41B8F1000F03DA00200146BDE82B
:108E6000F08D00204FF48011064684460EE0171B5B
:108E700073EB050705D3121B63EB050306434CEAAE
:108E8000010C49084FEA300092185B4150EA010793
:108E9000EDD152EA030012D082EA040083EA050110
:108EA000084305D0101BAB4106D20122002306E087
:108EB00000224FF0004302E06FF0010253101AEB62
:108EC00006004CEB085110EB0A0041EB0B01BDE82A
:108ED000F04D00F010B90EB5C10F80EAE070084403
:108EE000CA07002140F233438DE80E000A460B46C4
:108EF00000F010F903B000BD70B5C1F30A5201F0E3
:108F000000450024C1F3130140F2FF3341F4801106
:108F10009A4201DA002070BD40F233439A42A2F235
:108F2000334203DC524200F08DF800E090402C43C5
:108F3000F1D0404270BD00F0004230F000400AD055
:108F4000C10D01F56071C0F3160042EA0151C2087B
:108F500040071143704700200146704730B5041E9A
:108F600071F1000404DB4FF00044404264EB010166
:108F7000141E73F1000405DB1C464FF000435242FF
:108F800063EB0403994208BF904230BD01F00043F7
:108F900030B421F0004150EA010206D00A0DA2F5DA
:108FA0006072C1F31301002A02DC30BC002070475C
:108FB000440F44EAC104C100E01830BC00EBC250C9
:108FC00000F062B82DE9F05F0546002092469B460E
:108FD00088460646814640241BE0284641464746CF
:108FE000224600F02FF853465A46C01A914110D33A
:108FF00011461846224600F016F82D1A67EB0108B4
:109000004F4622460120002100F00DF817EB000921
:109010004E41201EA4F10104DFDC484631462A46B9
:109020004346BDE8F09F202A04DB203A00FA02F113
:10903000002070479140C2F1200320FA03F3194346
:1090400090407047202A04DB203A21FA02F00021E8
:10905000704721FA02F3D040C2F120029140084348
:1090600019467047202A06DBCB17203A41FA02F056
:1090700043EAE07306E041FA02F3D040C2F1200275
:1090800091400843194670470029A8BF7047401C0B
:10909000490008BF20F00100704710B4B0FA80FC0E
:1090A00000FA0CF050EA010404BF10BC704749B14B
:1090B000CCF1200421FA04F411FA0CF118BF0121BB
:1090C00021430843A3EB0C01CB1D4FEA00614FEA9B
:1090D000102042BF002010BC704700EBC35010446A
:1090E0000029A4BF10BC7047401C490008BF20F0F5
:1090F000010010BC704710B5141E73F1000408DAAB
:10910000401C41F1000192185B411A4301D120F04B
:10911000010010BD2DE9F04D92469B4611B1B1FA08
:1091200081F202E0B0FA80F220329046FFF77BFF36
:1091300004460F4640EA0A0041EA0B0153465A46EC
:10914000084313D0114653EA010019D0C8F1400278
:109150005046FFF777FF05460E46504659464246B1
:10916000FFF761FF084305D0012004E0204639469F
:10917000BDE8F08D0020054346EAE0762C433743F6
:109180000A986305E40AA0EB08000022FD0A44EAFD
:1091900047540A3002D500200146E9E701051019BD
:1091A0006941DDE9084500196941BDE8F04DA2E7D4
:1091B00000207047064C074D06E0E06840F00103D0
:1091C00094E8070098471034AC42F6D3D6F7E0FF96
:1091D000B0AA0208D0AA020870B58C1810F8015B7A
:1091E00015F0070301D110F8013B2A1106D110F840
:1091F000012B03E010F8016B01F8016B5B1EF9D144
:109200002B0705D40023521E0DD401F8013BFAE7C9
:1092100010F8013BCB1A921C03E013F8015B01F834
:10922000015B521EF9D5A142D8D3002070BD0000C9
:109230000FB41CB50246002007AC00290BD0491E14
:10924000CDE90021054B6A462146069801F0D8F881
:10925000009A002111701CBC5DF814FB63A8020881
:109260000FB4084B10B504A902AA039801F0C8F87E
:10927000044602A9002001F0FFFA204610BC5DF868
:1092800014FB000079A8020803B40198410000987B
:1092900050EAC12018BF04204A0D18BF40F0010059
:1092A00040F2FF72B2EB515F08BF40F002000128AC
:1092B00008BF052002B070474100080218BF042013
:1092C0000A0E18BF40F001004FF07F4232EA010160
:1092D00008BF40F00200012808BF052070470000C9
:1092E00070B59B482DED020B2DED068B079D25F0EB
:1092F0000044A04218DC9748844202DC0AD1069858
:1093000040B19DED060BBDEC068B02B0BDE8704090
:1093100000F068BF002DCCBF9FED8F0B9FED900B31
:10932000BDEC068B02B070BD8F48A04215DD8F48A2
:10933000A042D8BF4FF0FF3458DD9DED060B51EC35
:10934000100BFFF7A1FF042808BF00F061FF9DED9F
:10935000060BBDEC068B02B070BD9DED060B51EC0B
:10936000100B01F096FACDE9060181489FED828B42
:10937000A0423CDD8248A0421FDD00249FED82AB6D
:109380009DED060B53EC1A2B51EC100BFFF71BFC59
:109390009DED060B41EC190B53EC1A2B51EC100B05
:1093A000FFF7B8FC53EC182BFFF7AEFC53EC192B6E
:1093B000FFF722FDCDE9060149E09DED060B0124F2
:1093C00053EC182B51EC100BFFF7FDFB9DED060B3A
:1093D00041EC190B53EC182B51EC100BFFF794FCDC
:1093E00053EC192BFFF708FDCDE906012FE0684883
:1093F000A0421FDD02249FED689B9DED060B53EC00
:10940000192B51EC100BFFF785FC53EC182BFFF7D1
:10941000DAFB9DED060B41EC180B53EC192B51ECCC
:10942000100BFFF771FC53EC182BFFF7E5FCCDE9AF
:1094300006010CE09DED060B032453EC102B9FED71
:10944000580B51EC100BFFF7D7FCCDE906019DED51
:10945000060B53EC102B51EC100BFFF75BFC41ECAF
:10946000180B53EC182BFFF755FC41EC190B4E4829
:109470000621B0EE490AF0EE690A784400F036FEA3
:1094800053EC182B51EC100BFFF744FC41EC180B7C
:109490004648B0EE490AF0EE690A0521784400F02A
:1094A00025FE53EC192B51EC100BFFF733FC41EC6C
:1094B000100B51EC180B53EC102B002C0EDAFFF7AD
:1094C00082FB9DED061B53EC112BFFF723FC9DED5A
:1094D000061B53EC112BFFF71AFC35E0FFF773FB6B
:1094E0009DED061B53EC112BFFF714FC41EC100B08
:1094F0002F48784400EBC40090ED001B51EC100B9A
:1095000053EC112BFFF700FC9DED061B53EC112BC8
:10951000FFF7FAFB41EC100B2648784400EBC4003F
:1095200090ED001B51EC100B53EC112BFFF7EFFBF0
:1095300041EC100B002DA2BFBDEC068B02B070BD3C
:1095400051EC100B81F0004141EC100B01E70000E1
:10955000000010440000F07F182D4454FB21F93F17
:10956000182D4454FB21F9BF0000DC3F0000203ED1
:109570000000F33F00000000000000000000F03F8A
:109580000000E63F00000000000000000000004076
:109590000080034000000000000000000000F83FD1
:1095A000000000000000F0BFDA1500009015000078
:1095B0001A150000D214000070B56B4E2DED040B8F
:1095C0002DED028B82B0DDF81CC0DDE905235C4285
:1095D0002CF000411C4341EAD474049D22F0004069
:1095E000B44205D86C422C4340EAD474B4420BD93F
:1095F0009DED061B9DED040B02B0BDEC028B04B08B
:10960000BDE8704000F0F8BDACF14054A4F17F64B7
:109610001C430BD0022404EAAC7444EAD274054320
:109620009FED538B9FED542B07D015E09DED040B60
:1096300051EC100B01F025F942E0002C11BF012C78
:109640009DED040B02B0BDEC028B04BF04B070BDF5
:10965000022C38D0032C3BD00B439FED491B9FEDD0
:109660004A0B0AD0B14218D1B04209D121F0804151
:1096700020F08040079105900FE0002A15DA10E0F5
:10968000434B7B44002C08BF93ED000B0DD0012C05
:1096900010D0022C17D0032C1AD0B0421DD1002AB2
:1096A00003DAB0EE410AF0EE610A02B0BDEC028BC3
:1096B00004B070BD93ED000B51EC100B81F0004134
:1096C00041EC100BF1E7B0EE480AF0EE680AECE767
:1096D000B0EE420AF0EE620AE7E7401A00153C28B5
:1096E000C8BF8DED000B19DCBCF1000FBEBF10F13F
:1096F0003C0F9FED290B8DED000B0FDB9DED060B55
:1097000053EC102B9DED040B51EC100BFFF774FB89
:1097100001F0BFF801F0B5F8CDE90001002C08BF59
:109720009DED000BC1D0012C10D0022C9FED1C0B25
:1097300053EC102B9DED000B51EC100B0DD0FFF7EF
:10974000E3FA53EC182BFFF7DFFAB9E7019880F042
:10975000004001909DED000BA7E7FFF7D5FA53EC11
:10976000182BFFF7D4FAABE70000F07F00000000F1
:10977000182D4454FB210940182D4454FB2109C0E5
:10978000182D4454FB21F9BF182D4454FB21F93FF7
:1097900002140000000000000000000000000000B3
:1097A000075C143326A6A13C10EE101A08B5444AF3
:1097B0006846B2EB410F28D94FF0E640B0EB410FBD
:1097C00094BF00204FF0FF3000900098002861DB2C
:1097D00060EE000A10F0010F45D010F0020FDFED2F
:1097E000391A9FED391A00EEE11ADFED381A40EE12
:1097F000811A21EEA01AF0EE400A40EE010A08BFDD
:10980000F1EE600AB0EE600A08BD314B21F0004273
:1098100093423CD911F0004FDFED2E0A20EE201AC2
:10982000DFED2D0A19BF31EE601A71EE200A31EE1C
:10983000201A71EE600ABDEEE01A11EE100A9FEDDB
:10984000271A00F0030000EEC10A9FED251A0090D0
:1098500000EEC10A9FED231A00EEC10A9FED221A05
:1098600000EEC10AB1E79FED211A9FED210A10F029
:10987000020F00EE810A9FED1F1A00EE801AB7EE6C
:10988000000A00EE810A18BFB1EE400A08BD00F0E0
:10989000F7FC9AE710EE100A4000B0F17F4F3CBF92
:1098A000B7EE000A08BD07D14FF0010000F0A2FD9D
:1098B000BDE8084000F0CCBCBDE8084000F0C2BCE8
:1098C000B61F927E336D4C39DA82083CA0AA2ABEBC
:1098D000490E494683F9223F0000004B0000C93F72
:1098E00000A0FD390020A2331A61342CB93AB2BA73
:1098F000CA9F2A3DDDFFFFBE10B510EE100A2DED08
:10990000068BB7EE001A10EE901AB0EE418A0022D4
:10991000A0F5000CDFEDFE9A4FF00073BCF1FE4F96
:109920004FF07F4403EB410C80F0B481BCF1804FD9
:10993000C0F02082F74901449FEDF73AB1F5005F8E
:1099400040F2D48200F58021CB0C03F00F0101EE30
:10995000901AC3F307137F3BA0EBC350B8EEE12A84
:1099600000EE100A1A44DFEDED2AF0EE411A42EE45
:10997000221AF0EE613A70EE232A30EE632A12EEDC
:10998000900A00F500606FF30B0001EE900A73EE91
:10999000E13A33EE804AC1EE223A22EE230A10EE7B
:1099A000100A00F500606FF30B0000EE100A00EEE5
:1099B000612A00EE442A62EE232A70EE221A21EE7A
:1099C000A12ADFEDD73A02EE233A23EE023A20EE47
:1099D000012A22EE811A03EE211A32EE010A10EE5C
:1099E000100A00F500606FF30B0000EE100A72EE33
:1099F000401A31EE812A9FEDCB1A60EE011A9FEDDD
:109A0000CA1A20EE011A9FEDC90A02EE001A31EEC1
:109A1000810A10EE100A00F500606FF30B0000EEF3
:109A2000100AC34871EEC01A31EE812A784400EB67
:109A3000C10090ED003AD0ED011A100101EE100ABC
:109A4000F8EEC12A32EE211A31EE001A31EE031A75
:109A500031EE221A11EE100A00F500606FF30B00D0
:109A600009EE100A39EE621A31EE431A31EE400A5D
:109A700030EE610A32EE40AA10EE900A002100F5A5
:109A800000606FF30B0008EE900A084670EEE8AA3B
:109A9000FFF78EFB29EE280A00F00C01F0EEC00A59
:109AA00010EE900AB0F18B4F0DDD10EE900AB4EB82
:109AB000400F08D310EE100A4FF08B4262F31E00E5
:109AC00008EE900A13E069EE2A0A38EEAA1A4AEE66
:109AD000010A30EE201A11EE100A00F500606FF353
:109AE0000B0008EE900A30EE680A70EE209A0C2007
:109AF000FFF75EFB38EEA90AB5EEC00AF1EE10FAE8
:109B000034BFFEEE000AF6EE000A30EE800ABDEE2B
:109B1000C00A10EE100A011100EE101AF8EEC00A89
:109B200000EE100AB8EEC00A38EEC00A30EE290A7C
:109B3000DFED801A9FED801A00EE211ADFED7F1A0B
:109B40007F4900F00F0040EE011A21EE800A7944AF
:109B500001EB800191ED001A7A49794401EB800113
:109B6000D1ED001A784901EE801A794401EB8000AA
:109B7000764990ED000A31EE001AB0EEE00A10EEE0
:109B8000100A884215DA10EE100AB4EB400F10D319
:109B90009FED6F0A30EE800ADFED6E0A20EE200A9C
:109BA00068EE010ABDEC068BBCEEC00A20EE200A6E
:109BB00010BD10EE100A6849884243DA10EE100A10
:109BC000B4EB400F3ED3BDEEE00A68EE010A10EEA2
:109BD000100A00EBD0725110C90501F17E5100EE60
:109BE000101AA0EB6200C00560EE200A00F17E5062
:109BF00000EE100A60EE808A18EE900AB4EB400F77
:109C00000FD1022000F0F6FB00F02AFB10EE101A34
:109C100018EE100ABDEC068B61F31E0000EE100A70
:109C200010BD18EE900A400011D018EE900AFFF710
:109C300043FB042808BF00F01BFBB0EE680ABDEC34
:109C4000068B10BDF5EEC00AF1EE10FA0FD202201D
:109C500000F0D0FB00F00CFB10EE101A18EE100A0A
:109C6000BDEC068B61F31E0000EE100A10BD022051
:109C700000F0C0FB00F0F4FA10EE101AB0EE480A43
:109C800010EE100ABDEC068B61F31E0000EE100A08
:109C900010BD00BFBCF1804F6CD300BF00F1FF438B
:109CA000B3F1FE4F24D200BFB0EEC00A10EE100A8E
:109CB000C1F3C7537F2B0DDB972BBFF63BAEC3F130
:109CC00096034FF0010C0CFA03F3A3F1010C1CEA0C
:109CD000010F08D0012000F08DFBBDEC068BBDE824
:109CE000104000F0B5BA0B4218BFBFEE008A21E663
:109CF00043001CBF4FF08073B3EB400F34D96FF0BB
:109D00001A02DFED161A20EE210A10EE100A27E0E3
:109D100000000000001080C0ABAAAA3E0000803DF9
:109D20007EE24C3E00B03842D49AB8BB3BAA3842DF
:109D30007C0E0000FC596337C9FF753A1872313D3B
:109D40001A0E00004E0E0000BE0D00000000FC4286
:109D50000000FE420000004B000040430000004DA8
:109D600010F0004FA0D1E5E5A0F50003B3F1FE4FE0
:109D700021D2DFE503EB4103B3F1007F11D3F5EE10
:109D8000C00AF1EE10FA05D1430018BFB4EB400F42
:109D900076D883E701F0004141F0FC5100EE901AC3
:109DA0007CE7B3F1807F06D210EE903AA3F5000372
:109DB00000EE903A72E720F000426FF0FF4C604CEA
:109DC00002EB0C03A34210D321F000439C44A445B2
:109DD0000BD3B0F17E5F18BF5FEA410C50D0B2F1F7
:109DE000FF4F98BFB3F1FF4F05D9BDEC068BBDE81F
:109DF000104000F02ABAB0F1FF4F0FD0C1F3C752A4
:109E00007F2A09DB972A11DAC2F19602012303FAAD
:109E100002F2531E0B4205D0002208E011F0004F61
:109E200055D128E00A4218BF012200D1022210F5C4
:109E3000000F13D028B3B0F1004F26D010F1814F9E
:109E40004FD04FF0FE42B2EB400F94BF01200020F4
:109E5000012202EBE171884239D10CE011F0004F90
:109E600002D0012A38D032E0012A02BF9FED350A24
:109E7000BDEC068B10BD9FED340ABDEC068B10BD0A
:109E80002FE011F0004F0CD121E0B1F1FF4F1ED0B7
:109E900011F5000F05D011F0004F15D00AB1012ABD
:109EA00008D0022000F0A6FABDEC068BBDE81040F9
:109EB00000F0BEB9022000F09DFA00F0B9F9BDEC47
:109EC000068BB1EE400A10BD0AB1012A04D0B0EEF3
:109ED000690ABDEC068B10BDBDEC068B9FED1B0A1D
:109EE00010BDBDEC068BB7EE000A10BD30EE410A86
:109EF000B5EE001A9FED172A00EE413AB6EE001AB1
:109F000060EE001A00EE431A61EEC11A9FED101ABE
:109F100020EE011A20EE020A9FED0F2A01EE820ABE
:109F200071EE001A11EE900A00F500606FF30B005D
:109F300009EE100A31EE491A31EE00AA9CE5000044
:109F4000FFFF3F00000080FF0000807F00000080D6
:109F500000B0B841D49A38BB3BAAB84100B510EE66
:109F6000101A2DED028B81B0524A6846B2EB410FB8
:109F70002ED94FF0E640B0EB410F94BF00204FF0D8
:109F8000FF3000900098B0EE408A00286ADB10F0A5
:109F9000010F4BD068EE080A9FED471A9FED470A64
:109FA00000EE810A9FED461A10F0020F00EE801AB3
:109FB000B7EE000A00EE810A02BF01B0BDEC028BD1
:109FC00000BD00BF01B0B1EE400ABDEC028B00BD88
:109FD0003C4B21F00042934241D911F0004FDFED9C
:109FE0003A0A20EE201ADFED390A19BF31EE601A65
:109FF00071EE200A31EE201A71EE600ABDEEE01A11
:10A0000011EE100A9FED321A00F0030000EEC10AB3
:10A010009FED301A009000EEC10A9FED2F1A00EE5E
:10A02000C10A9FED2E1A00EEC10AABE728EE080A1E
:10A030009FED2B1ADFED2B0A10F0020F40EE410AC4
:10A040009FED291A00EE201A61EE000AB0EE480AD0
:10A0500008EE200AB6D101B0BDEC028B00BD00F0C5
:10A060000FF98FE718EE100A4000B0F17F4F0DD2C4
:10A0700018EE100AFFF720F9042808BF00F0F8F8DE
:10A08000B0EE480A01B0BDEC028B00BD09D1012041
:10A0900000F0B0F901B0BDEC028B5DF804EB00F00C
:10A0A000D7B801B0B0EE480ABDEC028B5DF804EB06
:10A0B00000F0C8B8B61F927EB93AB2BACA9F2A3D1C
:10A0C000DDFFFFBE490E494683F9223F0000004BE9
:10A0D0000000C93F00A0FD390020A2331A61342CD2
:10A0E000336D4C39DA82083CA0AA2ABE70B504460A
:10A0F0002DED028B4D1E00EBC500B0EE408AF0EE58
:10A10000608A90ED000B35F0060017D053EC182B49
:10A1100051EC100BFEF7FEFD41EC100B6D1E04EB35
:10A12000C50090ED001B51EC100B53EC112BFEF70A
:10A130004AFD41EC100B35F00600E7D1022D36D078
:10A14000042D1CD0062D1CBFBDEC028B70BD53EC42
:10A15000182B51EC100BFEF7DDFD94ED0A1B53ECB0
:10A16000112BFEF730FD53EC182BFEF7D3FD94EDC9
:10A17000081B53EC112BFEF726FD41EC100B53ECA2
:10A18000182B51EC100BFEF7C5FD94ED061B53EC9C
:10A19000112BFEF718FD53EC182BFEF7BBFD94EDC9
:10A1A000040B53EC102BFEF70EFD41EC100B53EC9F
:10A1B000182B51EC100BFEF7ADFD94ED021B53EC88
:10A1C000112BFEF700FD53EC182BFEF7A3FD94EDC9
:10A1D000001B53EC112BFEF7F6FCBDEC028B41EC9F
:10A1E000100B70BD10B553EC102B51EC100BFEF79B
:10A1F000EAFC41EC100B10BD10B553EC112B51ECE7
:10A20000100BFEF7E0FC41EC100B10BD000000004D
:10A210009FED050B10B553EC102B51EC100BFEF716
:10A2200079FD41EC100B10BD000000000000001093
:10A23000DFED030AB7EE001A81EE200A7047000036
:10A240000000000030EE000A704730EE200A704730
:10A25000DFED020A80EEA00A704700000000000057
:10A260009FED020A20EE000A704700000000007017
:10A270009FED020A20EE000A704700000000001067
:10A280002DE9F0014FF07F42B2EB410F9FBF4FF03D
:10A29000FF310160BDE8F00170474FF0004242EA33
:10A2A0000123C1F3C752783A551112F01F0C434CE9
:10A2B000CCF120067C44C1F3C752A2F178024FEAE8
:10A2C000621204EB820254F8254008BFD2E901561D
:10A2D00012D0556804FA0CF425FA06F73C43976847
:10A2E00005FA0CF527FA06F8D26807FA0CFCF240DA
:10A2F00045EA08054CEA0206A4FB034CA5FB035201
:10A30000A6FB03631D449D4234BF0126002613199A
:10A31000334416B1934202D903E0934201D20122A1
:10A3200000E00022624402F1200C9206DC0C42EABA
:10A33000443200EE102A5B03DFED210AF8EEC01A6A
:10A3400000EE103A4FEA9C1C11F0004FB8EE400AA4
:10A35000C0F800C020EE201A00EE105ADFED190AF6
:10A36000B8EE400A20EE200A71EE810A70EE800AF3
:10A3700010EE902A02F500626FF30B0200EE902AB5
:10A3800070EEE11A31EEC11ADFED101A30EE411A0B
:10A390009FED0D0A20EE800A01EE210A9FED0C1AB6
:10A3A00000EE810A04BFBDE8F0017047CCF1805196
:10A3B0000160BDE8F001B1EE400A7047D807000027
:10A3C000000000360000802C22AAFD29DB0FC92FD7
:10A3D0000000C92F02E008C8121F08C1002AFAD1E4
:10A3E00070477047002001E001C1121F002AFBD115
:10A3F00070470000014908607047000058060020BF
:10A400002DE9FF4F8DB00F460546002606E02528B2
:10A410000BD0DDE90F1290476D1C761C28780028C0
:10A42000F5D111B03046BDE8F08F0024A246A14618
:10A430000122EC4900E0044315F8013F203B02FAF9
:10A4400003F00842F7D128782A2810D06FF02F02A5
:10A450002878A0F13001092914D80AEB8A0102EB0F
:10A46000410144F0020400EB010A6D1CF0E701CF4A
:10A470005FEA000A03D544F40054CAF1000A44F02C
:10A4800002046D1C28782E2817D115F8010F44F00E
:10A4900004042A280ED06FF02F022878A0F1300192
:10A4A00009290AD809EB890102EB410100EB0109F6
:10A4B0006D1CF2E757F8049B6D1C28786C280FD0B0
:10A4C00006DC4C2817D068280DD06A2814D104E087
:10A4D000742810D07A280FD10DE044F400140AE05B
:10A4E00044F4801401E044F440146978814202D1BC
:10A4F00004F580146D1C6D1C2A786E2A1FD00CDCAC
:10A50000632A31D004DC002A8BD0582A11D1A3E071
:10A51000642A68D0692A0CD165E0732A2ED004DC45
:10A520006F2A73D0702A04D19BE0752A6FD0782AE5
:10A530006ED01046DDE90F129047761C50E1C4F34F
:10A540000250022806D0032809D0042801CF09D0E0
:10A55000066045E101CFF117C0E9006140E101CF9C
:10A5600006803DE106703BE117F8040B8DF8000012
:10A5700000208DF80100EB46012003E057F804BBF2
:10A580004FF0FF3061074FF0000102D40DE008F1F9
:10A590000101884649450FDA8045F8DB1BF80810B1
:10A5A0000029F4D108E008F1010188468142FADB74
:10A5B0001BF808100029F6D1DDE90F23AAEB0800EB
:10A5C0008146214600F036F9304400EB080604E0ED
:10A5D000DDE90F121BF8010B9047B8F10108F7D223
:10A5E00021464846F7E00A21C4F302534FF0000B1E
:10A5F0000891022B04D001CFC117032B09D00AE028
:10A60000FF1D27F00707F7E8020108E032E01FE02E
:10A6100020E000B2C117042B01D140B2C117031EC4
:10A6200071F1000307DA4FF0000CD0EB0C006CEB7B
:10A6300001012D2302E0230504D52B238DF82430BE
:10A64000012303E0E30701D02023F7E7984658E011
:10A650000A2110E010210EE010204FF0000B0890AE
:10A660000CE010214FF0000B44F004044FF00809F7
:10A67000089103E008214FF0000B0891C4F3025346
:10A68000022B04D001CF0021032B06D006E0FF1DD2
:10A6900027F00707F7E8020103E080B2042B00D19E
:10A6A000C0B24FF0000823072BD5702A07D0DDF881
:10A6B00020C08CF0100C5CEA0B0C05D00EE040239F
:10A6C0008DF82430012308E050EA010306D030233E
:10A6D0008DF824308DF8252002239846DDF820C01F
:10A6E0008CF0080C5CEA0B0C0BD150EA010301D191
:10A6F000630706D530238DF824304FF00108A9F107
:10A700000109582A04D038A20B9208AA0A920BE039
:10A710003AA2F9E75B46089AFEF754FC0B9B9B5C58
:10A720000A9A521E0A92137050EA0102F2D10A9854
:10A73000ADEB000000F1200B600702D524F480345B
:10A7400001E04FF00109D94502DDA9EB0B0000E063
:10A75000002000EB0B0141440890AAEB010AE00342
:10A7600006D4DDE90F232146504600F063F8064485
:10A770004FF0000908E009A911F80900DDE90F12FE
:10A78000904709F10109761CC145F4DBE0030CD5C3
:10A79000DDE90F232146504600F04CF8064404E062
:10A7A000DDE90F1230209047761C0899481E08906A
:10A7B0000029F5DC08E00A980A990078491C0A91FA
:10A7C000DDE90F129047761CBBF10001ABF1010BE4
:10A7D000F1DC21465046DDE90F2300F019F806446C
:10A7E0006D1C1BE609280100303132333435363711
:10A7F00038396162636465660000000030313233CD
:10A80000343536373839414243444546000000006C
:10A810002DE9F041044600251E461746880404D45D
:10A8200005E039462020B0476D1C641EF9D5284646
:10A83000BDE8F0812DE9F041044600251E46904612
:10A84000C80301D5302700E02027880404D505E09F
:10A8500041463846B0476D1C641EF9D52846BDE810
:10A86000F0814A68002A06D00A68531C0B601070F9
:10A870004868401E486070470A68531C0B6010709F
:10A88000704710B541EC100BFEF72AFD51EC100B90
:10A8900010BD82B0CDE9000121F0004001909DED96
:10A8A000000B02B051EC100B7047000000000000DC
:10A8B000000000000000B33FB2BE7D3A00002E4011
:10A8C000DFCF513800007E40BF51FABA00E0A4400B
:10A8D00019DAC3BA00E0C840C2ED8AB90040EB40C3
:10A8E000CD1F2CBA001006412AFFFABA00C015414C
:10A8F000DFCFD13700D024419A97703A00503341CE
:10A9000089478E3600404141E75B9D3800B04E419B
:10A91000C00A98B900A05B41558F943A0030684155
:10A92000DA92C0BA0040744162B3C63A0000803F78
:10A9300000A0853F00908B3F00C0913F0030983FC2
:10A9400000F09E3F00F0A53F0050AD3F0000B53F36
:10A950000000BD3F0060C53F0020CE3F0040D73F14
:10A9600000C0E03F00C0EA3F0020F53F00000000CB
:10A970007D36AC397D3C3839EBDCF438320A7E392F
:10A98000124C26399B6AED39A4EE83397F661E3955
:10A99000F6398A392B426539A48211395B991F39FE
:10A9A000C3EECD39DDE7C637A5A22F390000803FC1
:10A9B000C3AA853FC2958B3FD3C3913FF037983FE1
:10A9C00032F59E3FD7FEA53F3F58AD3FF304B53F5C
:10A9D000A408BD3F2A67C53F8C24CE3FFD44D73F26
:10A9E000DFCCE03FC7C0EA3F7D25F53F0000000017
:10A9F0004FBB610567ACDD3F182D4454FB21E93F97
:10AA00009BF681D20B73EF3F182D4454FB21F93F85
:10AA1000E2652F227F2B7A3C075C143326A6813C0B
:10AA2000BDCBF07A8807703C075C143326A6913CB6
:10AA3000C4EB98999999C9BF711623FEC671BCBF22
:10AA40006D9A74AFF2B0B3BF9AFDDE522DDEADBF8A
:10AA50002F6C6A2C44B4A2BF0D5555555555D53FA2
:10AA6000FF8300922449C23F6E204CC5CD45B73FBD
:10AA7000513DD0A0660DB13FEB0D76244B7BA93F35
:10AA800011DA22E33AAD903F000000000000000020
:10AA9000000000006E83F9A22915444ED15727FC0F
:10AAA000C0DD34F5999562DB4190433CAB6351FEC8
:10AAB000D0AA0208000000205C060000D89102081D
:10AAC0008CAC02085C060020F4E80000E4A3020855
:10AAD000411BFF01041A02041A03041A04041A0594
:10AAE000041A06041A07041A08041A09041A0A04A4
:10AAF0001A0B041A0C041A0D041A0E041A0F041A65
:10AB000010041A11041A12041A130422141A844885
:10AB1000C1195F01E11AFCF41A2CE91A200823F884
:10AB2000021A5E0C1A12085AB8FD1A98081A5A101E
:10AB3000811AF91069041AB7181A61041AA30C1AB9
:10AB400096041A530C1AA0081A5E081A4C042A8E8E
:10AB5000183132DE29081ABD102904A95032FD1A15
:10AB600005141A430432E01ABE081A830432F6327E
:10AB7000DF1A3C0C1A7C041A690432E832B9329E9E
:10AB80003286329A32B632D032872AA2643132CD3E
:10AB900032B2329732B5329C32825A9D3032D33241
:10ABA000CE5AB344294C32A1021FBA5A0B040124D5
:10ABB0001A58E432A01A620819BB111ADA081ACB23
:10ABC000041AD60D1A1C081AB3081A0E041A18040F
:10ABD0001AA4041A121401482970012009226F6274
:10ABE000FE223F1A8004111A400819041AA0041A00
:10ABF000C0041B20410C19041AF0042334421A70BB
:10AC00000434F0426452C83AAA10296814A086019C
:10AC1000051C35FA8E3C4B30750409161C81023B2D
:10AC20001123420172691A1C991A2C1081299D3234
:10AC30000A89C0A12927692B32E62ADAD5D90C3234
:10AC4000FA5AC60C325F632303325E5A200C012B82
:10AC5000363F6F12833A0A16401C0C126666061CB9
:10AC60009129C81A90B51A3E7C039F1405847A0373
:10AC70000A680901020304060708090CA910C11A91
:0CAC8000AA010111023E281AFF01410048
:040000050800018965
:00000001FF
