:020000040800F2
:1000000020A60120B9640208450200084702000842
:100010004B0200084F0200085302000800000000D5
:100020000000000000000000000000009D0100082A
:100030005702000800000000E1010008D394020804
:10004000D3640208D3640208D3640208D3640208AC
:10005000D3640208D3640208D3640208D36402089C
:10006000BD04000801050008D36402082D03000840
:100070000F0300086F030008D3640208750200082C
:10008000D364020881020008D3640208D364020822
:10009000D3640208D3640208D3640208D36402085C
:1000A000D3640208D903000805040008D3640208D9
:1000B000070400083504000861040008D36402083E
:1000C000D3640208D3640208D3640208B9040008A8
:1000D000D36402085D020008D3640208D3640208F6
:1000E000D3640208D3640208D3640208D36402080C
:1000F000D3640208D3640208D36402084B030008E7
:10010000D3640208D36402088D040008BB0400080D
:10011000D3640208D3640208AB030008B7030008E5
:10012000D36402089B020008CF020008D3640208CF
:10013000D3640208D3640208D3640208D3640208BB
:10014000D3640208D3640208D3640208D3640208AB
:1001500001030008D3640208D3640208D3640208D0
:10016000D3640208D3640208D3640208D36402088B
:10017000D3640208D3640208D3640208D36402087B
:10018000D3640208D3640208DFF80CD02AF05EFCC6
:1001900000480047B761020820A60120234B1968D8
:1001A0000868B0E8F04F80F309884FF0000080F352
:1001B000118870470000000003480068006880F361
:1001C000088862B600DF00BF08ED00E0DFF80C0031
:1001D000016841F470010160704700BF88ED00E0E4
:1001E000EFF30980114B1A681EF0100F08BF20EDC5
:1001F000108A20E9F04F106008B54FF0140080F32A
:10020000118829F02EFD4FF0000080F31188BDE821
:10021000084019680868B0E8F04F1EF0100F08BFDA
:10022000B0EC108A80F30988704700BF1C060020DC
:10023000EFF311804FF0140181F31188704780F3C0
:1002400011887047704700BFFEE700BFFEE700BFA0
:10025000FEE700BFFEE770477047704710B540F2F9
:100260002551A84828F049FA18B12021A54828F0BE
:100270003BFA10BD10B5A449A44827F073F910BD8E
:1002800010B5A349A148303027F042F920B1A04968
:100290009E48303027F066F910BD10B59D499E4844
:1002A00027F036F990B19B499B4827F05BF902F0A3
:1002B0000FF900219548303827F080F8082196483A
:1002C00027F09DF80121944827F078F810BD10B56B
:1002D00092499148183027F045F991484078904963
:1002E000097840EA012000B28E4908808C484079A4
:1002F0008B49097940EA012000B28B49088010BD82
:1003000010B58A498448603027F02CF910BD10B52B
:1003100080497E48483827F0FBF830B17D497B485A
:10032000483827F01FF900F0BCFA10BD10B580491D
:100330007648603827F0ECF830B17D497348603872
:1003400027F010F902F0C4F810BD10B579496F48D4
:10035000483027F0DDF848B100216C48483027F0DC
:100360002DF874496948483027F0FCF810BD10B5E5
:100370006A496648303827F0CBF8A8B16749634826
:10038000303827F0EFF801F066FD00215F48303883
:1003900027F014F808215D48303827F030F80121A3
:1003A0005A48303827F00AF810BD10B501216248CC
:1003B00027F000FF10BD10B50121604827F0FAFEBC
:1003C0007A205049888001215D4828F0A5F8012154
:1003D0005C4828F0A1F810BD10B501215A4827F05B
:1003E000E9FE5948008800F0100028B1574800681D
:1003F000401E5649086004E054480068401C5349B8
:10040000086010BD704710B50121880727F0D2FEA3
:100410004FF08040008800F0100028B14C48006880
:10042000401E4B49086004E049480068401C4849A8
:10043000086010BD10B50121464827F0BBFE4548B5
:10044000008800F0100028B143480068401E42496F
:10045000086004E040480068401C3F49086010BD47
:1004600010B501213D4827F0A5FE3C48008800F06A
:10047000100028B13A480068401E3949086004E07D
:1004800037480068401C3649086010BD10B501218E
:10049000344827F08FFE3348008800F0100028B160
:1004A00031480068401E3049086004E02E4800686A
:1004B000401C2D49086010BD7047704710B50420DE
:1004C00027F0E8F8D8B12021284826F06CF904215B
:1004D000274826F043F9012804D10021174827F0C6
:1004E000E9F909E00421224826F038F920B9134837
:1004F00027F0E4F91F49086004201F49086010BD77
:100500007047000000100140208000207060024011
:100510000080202000880010286402400080201005
:10052000DA0800208C0000208E00002000880020C7
:1005300020800010008000280010004000140040BF
:100540000048004000140140000001406C00002001
:1005500070000020000400407400002000080040EB
:1005600088000020000C00407800002000000240BD
:10057000000C024068000020143C014070B50446A5
:10058000204629F057FF05462146F94829F059FF32
:10059000A8B140F22B122146F54829F03FFF002177
:1005A000F44826F00BFFF248F2490C310860F1489C
:1005B000B838C0F8BC500121EE4826F0FFFE70BDEF
:1005C00070B50446002510E0605D68B1615DEA48E1
:1005D00027F0CDFF00BF8021E74828F078F80028F9
:1005E000F9D0681CC5B200E070BDEDE770B50446F7
:1005F00000250FE05CB12146DF4827F0B8FF00BFBF
:100600008021DD4828F063F80028F9D000E070BDB3
:10061000681CC5B2032DEDDB00BFF8E713B50C462F
:100620000020FFF7E3FFD5A0FFF7CAFF2346D4A2BF
:100630009621D4482AF048FAD248FFF7C1FFD2A049
:10064000FFF7BEFFCEA29621CE48009B2AF03CFACF
:10065000CC48FFF7B5FFCEA0FFF7B2FFFF20FFF7B2
:10066000C5FFFF20FFF7C2FFFF20FFF7BFFF1CBD44
:1006700070B505460C46C1A0FFF7A2FF2246C0A1F7
:10068000C0482AF039FABF48FFF79AFFBEA0FFF72B
:1006900097FF2846FFF794FFBDA0FFF791FFFF20CB
:1006A000FFF7A4FF70BD77B585B00546FF26B6A15C
:1006B00003C9CDE90301B6A000680290AFA00068AD
:1006C000019000240AE00020B2490855B2490855BB
:1006D000AC490855A6490855601CC4B21E2CF2DB73
:1006E0000A20A8490870FF2048708870C870A4A12B
:1006F000A948079A2AF000FAA74901A829F082FE22
:1007000001A9A04829F07EFE03A99E4829F07AFE9F
:1007100029469C4829F076FE99A19F48069A2AF01E
:10072000EBF99D49974829F06DFE02A9954829F0FB
:1007300069FEFF209749087048708870914829F039
:1007400061FE9048FFF71AFF08B070BDF7B584B09E
:1007500005460E46FF278CA103C9CDE902018CA0F6
:100760000068019085A000680090002408E0002047
:10077000884908558849085582490855601CC4B203
:100780000A2CF4DB0A207F490870FF20487088702B
:10079000C8707BA18048069A2AF0AEF97E49684667
:1007A00029F030FE6946774829F02CFE02A97548E9
:1007B00029F028FE2946734829F024FE3146714865
:1007C00029F020FE01A96F4829F01CFEFF20714985
:1007D0000870487088700020C8700871694829F056
:1007E00011FE6848FFF7CAFE07B0F0BD01B58EB034
:1007F0006AA2322101A80E9B2AF066F901A8FFF730
:10080000BDFE0FB000BD73B584B00546FF265EA1E6
:1008100003C9CDE902015EA00068019057A00068FD
:10082000009000240AE000205A4908555A4908550A
:10083000544908554E490855601CC4B21E2CF2DBC1
:100840000A2050490870FF2048708870C8704CA179
:100850005148059A2AF050F94F49684629F0D2FDCF
:100860006946484829F0CEFD02A9464829F0CAFD4C
:100870002946444829F0C6FD4749424829F0C2FDAF
:1008800001A9404829F0BEFDFF2042490870487088
:1008900088703C4829F0B6FD3A48FFF76FFE06B075
:1008A00070BD10B52DED0C8B82B03F4800783E49ED
:1008B000497808443C49897808443B49C978084448
:1008C00039490979084438494979084436498979C8
:1008D00008443549C97908443349097A0844C0B203
:1008E00001903148007A00F00F0000909FED2F0A30
:1008F000B0EE40DA2C48407A0199884272D12A48F9
:10090000007A00F00F000D286CD127488078C0F1E4
:100910007F0000EE100AB8EEC08A2348C078813804
:1009200000EE100AF8EEC08AB5EEC08AF1EE10FAB9
:1009300003D1B7EE000AB0EE408AF5EEC08AF1EEC0
:1009400010FA03D1B7EE000AF0EE408ABDEEC80AF5
:1009500010EE102A002A01DB134600E05342BDEEE0
:10096000E80A10EE100A002822DB044621E000000D
:1009700092070020B8600240005000407400000060
:10098000256400005C0600202E7478743D2200006F
:1009900022000000420700201A0700206A302E764D
:1009A000616C3D25640000001B090020DB0F4940FD
:1009B0004442191901EBD1735B10FE4C2360BDEE6C
:1009C000E80A10EE101A002901DB0A4600E04A424C
:1009D000322A0FDABDEEC80A10EE100A002802DB38
:1009E000024601E02FE04242322A03DA0020F249B7
:1009F000086030E018EE900A29F0E9FE41EC1B0B8C
:100A000018EE100A29F0E3FE41EC1C0BB0EE4B1A75
:100A1000F0EE6B1AB0EE4C0AF0EE6C0A2AF018FAFF
:100A2000B0EE40AAF0EE60AA9FEDE40B53EC102B61
:100A300051EC1A0B29F0BAFD41EC190B29F0A8FE74
:100A4000DD49086007E09DF800000D2803D0002173
:100A5000DC4827F061FD02B0BDEC0C8B10BDDA481C
:100A6000007A00F00F000D2806D1D748007800F07A
:100A7000010008B10D2070470020FCE7D248007843
:100A800000F0100008B1002070470120FCE71CB501
:100A90004FF0804026F012FFCC49096840EA01403F
:100AA0000C2190FBF1F00090002418E04FF0804002
:100AB00026F004FFC549096840EA01400C2190FB7B
:100AC000F1F00190DDE90021881A002801DB0146E0
:100AD00000E04142052900DA641C01980090022CD4
:100AE000E4DB019840421CBD1CB5B94826F0E6FE87
:100AF000B849096840EA01400C2190FBF1F00090F0
:100B0000002417E0B24826F0D9FEB249096840EA4D
:100B100001400C2190FBF1F00190DDE90021881AE1
:100B2000002801DB014600E04142052900DA641C8F
:100B300001980090022CE5DB01981CBD1CB5A6486D
:100B400026F0BCFEA549096840EA01400C2190FB53
:100B5000F1F00090002417E09F4826F0AFFE9F4977
:100B6000096840EA01400C2190FBF1F00190DDE9B9
:100B70000021881A002801DB014600E041420529D6
:100B800000DA641C01980090022CE5DB01981CBD82
:100B90001CB5934826F092FE9249096840EA01404C
:100BA0000C2190FBF1F00090002417E08C4826F017
:100BB00085FE8C49096840EA01400C2190FBF1F068
:100BC0000190DDE90021881A002801DB014600E0E0
:100BD0004142052900DA641C01980090022CE5DBF3
:100BE00001981CBD01B581B000200090019800EB78
:100BF000C0004000009002E00098401E0090009865
:100C00000028F9D10CBD01B581B00020009044F25C
:100C1000506101984843009002E00098401E009007
:100C200000980028F9D10CBD1CB501211F2025F02A
:100C300079FF4FF6FF70009001208DF8040000202E
:100C40008DF8060001208DF8070003208DF80500BF
:100C50006946654825F020FD4FF6FF7000900120A1
:100C60008DF8040000208DF8060001208DF80700A3
:100C700003208DF8050069465C4825F00DFD4FF610
:100C8000FF70009001208DF8040000208DF8060010
:100C900001208DF8070003208DF8050069465448AF
:100CA00025F0FAFC1CBD1CB501217E2025F03AFF81
:100CB0004FF4CE50009000208DF8040001208DF8F4
:100CC000070002208DF8050069464A4825F0E4FC3B
:100CD0004FF6C740009000208DF8040001208DF8E9
:100CE000070002208DF8050069463F4825F0D4FC36
:100CF0004FF47170009000208DF8040001208DF8F1
:100D0000070002208DF805006946384825F0C4FC2C
:100D10004CF60340009000208DF8040001208DF86F
:100D2000070002208DF805006946314825F0B4FC23
:100D30004FF42660009000208DF8040001208DF80B
:100D4000070002208DF8050069462B4825F0A4FC19
:100D50001CBD1FB54FF4E06025F0C0FB36208DF8B8
:100D6000000000208DF801008DF8020001208DF8B0
:100D70000300684625F0B7FB0121102025F005FF90
:100D80003220ADF8040040F2E73002900020ADF8C8
:100D90000C00ADF8060001A9184826F042FD01211B
:100DA000164827F007FA01221146144827F0DAF90D
:100DB000002125E0CC000020C800002000000080B9
:100DC000A9E78140004800401B0900207000002076
:100DD000000400407400002000080040880000204B
:100DE000000C00407800002000040240000802408F
:100DF000000C0240000002400010024000100040C1
:100E0000FE4826F057FD0121FC4826F093FD1FBD4A
:100E10001FB54FF4E06025F061FB37208DF800002E
:100E200000208DF801008DF8020001208DF80300EC
:100E3000684625F058FB0121202025F0A6FE32202F
:100E4000ADF8040040F2E73002900020ADF80C004D
:100E5000ADF8060001A9EA4826F0E3FC0121E848C4
:100E600027F0A8F901221146E54827F07BF9002177
:100E7000E34826F01FFD0121E14826F05BFD1FBD80
:100E800000B58BB00121022025F090FE01210C203D
:100E900025F048FE03220621DA4825F088FC0322CB
:100EA0000721D84825F083FC03220821D54825F0E6
:100EB0007EFC03220921D34825F079FC4FF47070A1
:100EC000069002208DF81C0003208DF81D000020E4
:100ED0008DF81E0001208DF81F0006A9C94825F0D5
:100EE000DBFBA420ADF8200040F6B83009904FF4A9
:100EF0008070ADF828000020ADF8220008A9C24893
:100F000026F08FFC6020ADF804000120ADF806004B
:100F100000200390ADF810000121BB4826F00AFD27
:100F20000021B94826F0C6FC01A9B74826F00EFDFD
:100F300001A9B54826F043FD01A9B34826F08CFD70
:100F400001A9B14826F0EEFD0121AF4827F0E3F8F2
:100F50000BB000BD00B58BB00121082025F015FEB7
:100F60000121084625F0DEFD02220021A74825F0D8
:100F70001EFC02220121A54825F019FC022211467F
:100F8000A24825F014FC02220321A04825F00FFC02
:100F90000F20069002208DF81C0003208DF81D0004
:100FA00000208DF81E0001208DF81F0006A997482B
:100FB00025F072FBBA20ADF8200042F210700990C3
:100FC0000020ADF82800ADF8220008A9904826F0CE
:100FD00028FC6020ADF804000120ADF806000020D8
:100FE0000390ADF810000121894826F0A3FC0021F0
:100FF000874826F05FFC01A9854826F0A7FC01A9D7
:10100000834826F0DCFC01A9814826F025FD01A9D2
:101010007F4826F087FD01217D4827F07CF80BB042
:1010200000BD00B58BB00121042025F0AEFD0121EB
:101030000D2025F077FD02220C21764825F0B7FB24
:1010400002220D21734825F0B2FB02220E217148C5
:1010500025F0ADFB02220F216E4825F0A8FB4FF4CE
:101060007040069002208DF81C0003208DF81D00B2
:1010700000208DF81E0001208DF81F0006A965488C
:1010800025F00AFBA420ADF8200040F6B830099006
:101090004FF48070ADF828000020ADF8220008A9B8
:1010A0005D4826F0BEFB6020ADF804000120ADF8DD
:1010B000060000200390ADF810000121564826F0EC
:1010C00039FC0021544826F0F5FB01A9524826F0CE
:1010D0003DFC01A9504826F072FC01A94E4826F0BB
:1010E000BBFC01A94C4826F01DFD0BB000BD00B5AE
:1010F00089B00121080425F059FD0121084625F099
:1011000011FD03221146414825F051FB0322022123
:101110003E4825F04CFB0C20019002208DF8080081
:1011200003208DF8090000208DF80A0001208DF8B9
:101130000B0001A9354825F0AFFA0020ADF81800E2
:101140004FF6FF7007900020ADF82000ADF81A00B0
:1011500006A9324826F065FB0420ADF80C000020FB
:10116000ADF80E00C820ADF814000120ADF8100055
:1011700003A92A4826F02CFF00231A4603212848F9
:1011800027F0C3F80121264827F014F80122114660
:10119000234826F0E7FF0121204826F0CBFB002161
:1011A0001F4826F087FB09B000BD00B589B00121BA
:1011B000084625F0EAFC0121022025F0E6FC012189
:1011C000032025F0AFFC01220F21104825F0EFFA93
:1011D00001220321134825F0EAFA022204211148D2
:1011E00025F0E5FA022205210E4825F0E0FA382024
:1011F000019002208DF80800032015E00010004047
:1012000000140040000802400004014000000240B9
:10121000000C0040000C02400008004000000140AB
:1012200000400140000402408DF8090000208DF8C4
:101230000A0001208DF80B0001A9FE4825F02CFAC8
:101240004FF40040019002208DF8080003208DF833
:10125000090000208DF80A0001208DF80B0001A97B
:10126000F54825F019FA0020ADF818004FF6FF7088
:1012700007900020ADF82000ADF81A0006A94FF045
:10128000804026F0CEFA06A9EC4826F0CAFA0420DF
:10129000ADF80C000220ADF80E001420ADF81400DB
:1012A0000120ADF8100003A9800726F091FE03A9E4
:1012B000E24826F08DFE02231A460321580727F044
:1012C00024F802231A460321DC4827F01EF80121E6
:1012D000880726F06FFF0121D84826F06BFF012216
:1012E0001146900726F03EFF01221146D34826F012
:1012F00039FF0121880726F01DFB0121CF4826F088
:1013000019FB00214FF0804026F0D4FA0021CB4891
:1013100026F0D0FA4FF4C06025F0E0F81D208DF8DB
:10132000000003208DF8010000208DF8020001204C
:101330008DF80300684625F0D6F81C208DF80000D3
:1013400004208DF8010000208DF8020001208DF8A6
:101350000300684625F0C7F809B000BD00B589B0A4
:101360000121084625F022FC0121102025F0DAFB9E
:101370004FF42060019002208DF8080003208DF8C2
:10138000090000208DF80A0001208DF80B0001A94A
:10139000AB4825F081F901220921A94825F007FA77
:1013A00001220B21A64825F002FA0020ADF8180012
:1013B0004FF6FF7007900020ADF82000ADF81A003E
:1013C00006A9A04826F02DFA0420ADF80C00002054
:1013D000ADF80E000A20ADF814000120ADF81000A1
:1013E00003A9984826F0F4FD00231A4603219548E6
:1013F00026F08BFF0121934826F0DCFE01221146E6
:10140000904826F0AFFE01218E4826F0D3FE01223F
:1014100011468C4826F0A6FE01218A4826F08AFA59
:101420000021884826F046FA4FF4C06025F056F8AF
:1014300019208DF8000001208DF8010000208DF8A2
:10144000020001208DF80300684625F04CF809B031
:1014500000BD00B589B00121042025F096FB0121D3
:10146000082025F05FFB4FF44050019002208DF8DA
:10147000080003208DF8090000208DF80A000120E3
:101480008DF80B0001A9704825F006F90020ADF891
:1014900018004FF6FF7007900020ADF82000ADF85F
:1014A0001A0006A9694826F0BCF902220C216648F8
:1014B00025F07DF902220D21634825F078F90420FA
:1014C000ADF80C000220ADF80E00C820ADF81400F5
:1014D0000120ADF8100003A95C4826F079FD022335
:1014E0001A460321594826F010FF0121574826F0DB
:1014F00061FE01221146554826F034FE0121534871
:1015000026F018FA0021514826F0D4F900204F495E
:101510001431088001204D4908804FF4C06024F048
:10152000DDFF1E208DF8000004208DF80100002052
:101530008DF8020001208DF80300684624F0D3FFE7
:1015400009B000BD00B589B00121082025F01DFBC0
:101550000121084625F0E6FA0320019002208DF8CB
:10156000080003208DF8090000208DF80A000120F2
:101570008DF80B0001A9304825F08EF80020ADF859
:1015800018004FF6FF7007900020ADF82000ADF86E
:101590001A0006A92E4826F044F902220021264806
:1015A00025F005F902220121234825F000F9042045
:1015B000ADF80C000220ADF80E00C820ADF8140004
:1015C0000120ADF8100003A9214826F001FD0223F7
:1015D0001A4603211E4826F098FE01211C4826F0D9
:1015E000E9FD012211461A4826F0BCFD01211848E8
:1015F00026F0A0F90021164826F05CF900201449D5
:10160000143108800120124908804FF4C06024F092
:1016100065FF32208DF8000004208DF801000020C5
:101620008DF8020001208DF80300684624F05BFF6E
:1016300009B000BD00040240000002400004004068
:101640000010024000000140000C02400008004071
:10165000000C004000B59BB00121FE4825F062FA65
:101660000121080225F0A2FA00200290FA48039016
:10167000FA480490002005900E2006900020079064
:101680004FF4806008904000099080000A9040115B
:101690000B9040020C9000200D9001200E90002035
:1016A0000F90109002A9EE4825F04EFE0121EC4863
:1016B00025F084FEFC20009003208DF8040000201B
:1016C0008DF807006946E74824F0E6FF4FF44070C4
:1016D000009003208DF8040000208DF80700694673
:1016E000E14824F0D9FF3F20009003208DF804004A
:1016F00000208DF807006946DC4824F0CDFF00206B
:1017000011904FF44030129000201390149011A8C3
:1017100025F080FB4FF08070159001208DF8580067
:101720008DF8590000201790189019900E208DF810
:10173000680015A9C8484C3825F03DFB0723012255
:101740000221C5484C3825F0BCFB072302220321A7
:10175000C1484C3825F0B5FB072303220421BE48BD
:101760004C3825F0AEFB072304220521BA484C383B
:1017700025F0A7FB072305220621B7484C3825F0A2
:10178000A0FB072306221946B3484C3825F099FBE5
:1017900007231A460821B0484C3825F092FB07234E
:1017A00008220921AC484C3825F08BFB072309227D
:1017B0000A21A9484C3825F084FB07230A220B2173
:1017C000A5484C3825F07DFB07230B220C21A248AD
:1017D0004C3825F076FB07230C220D219E484C380F
:1017E00025F06FFB07230D220E219B484C3825F076
:1017F00068FB07230E220F2197484C3825F061FB28
:10180000012195484C3825F007FC012192484C38BD
:1018100025F0F7FB012190484C3825F012FB8E484B
:101820004C3825F0AAFB1BB000BD08B54FF4E060B2
:1018300024F054FE25208DF8000000208DF80100D2
:101840008DF8020001208DF80300684624F04BFE5D
:1018500008BD10B596B004460121102025F0A6F968
:101860000121084625F05EF90121880525F05AF985
:101870004FF4C060009002208DF8040000208DF825
:1018800006008DF8070002208DF8050069467548AE
:1018900024F002FF07220921724824F088FF072262
:1018A0000A21704824F083FF02940020ADF80C0058
:1018B000ADF80E00ADF81000ADF814000C20ADF836
:1018C000120002A96A4826F09FFD0121684826F00F
:1018D00023FE4FF4A06024F001FE3A208DF818009A
:1018E00000208DF819008DF81A0001208DF81B00DA
:1018F00006A824F0F8FD5A48303025F083FC4FF05C
:101900000060079000200A905A4809900A200B9026
:101910005748001D089000200C904FF480600D90F7
:1019200000200E900F904FF48070109040021190A4
:10193000042012900320139000201490159007A902
:101940004748303025F000FD01224021484826F06C
:1019500090FE012210214248303025F0BCFD0121CB
:101960003F48303025F02AFD16B010BD10B596B0B6
:1019700004460121480525F0D5F80121480425F049
:1019800004F90121082025F0CDF860200090022004
:101990008DF8040000208DF806008DF80700022065
:1019A0008DF805006946344824F076FE07220521AB
:1019B000314824F0FCFE072206212F4824F0F7FED0
:1019C00002940020ADF80C00ADF80E00ADF8100048
:1019D000ADF814000C20ADF8120002A9274826F03B
:1019E00013FD0121254826F097FD4FF4A06024F057
:1019F00075FD11208DF8180000208DF819008DF864
:101A00001A0001208DF81B0006A824F06CFD1C486C
:101A100025F0F8FB4FF00060079040200A9019482D
:101A2000099050200B901548001D089000200C9044
:101A30004FF480600D9000200E900F904FF4807056
:101A40001090400211900420129003201390002067
:101A5000149019E0070040004C200140BE0800200F
:101A600010640240000002400004024000080240EE
:101A700000100140DA080020000C02400044004041
:101A8000A060024004000020159007A9FE4825F040
:101A90005BFC01228021FD4826F0EBFD0122802124
:101AA000FA4826F0E6FD01221021F74825F013FD43
:101AB0000121F54825F082FC16B010BD10B596B096
:101AC00004460121880425F060F80121082025F052
:101AD00029F80121480525F025F84FF440700090C1
:101AE00002208DF8040000208DF806008DF8070014
:101AF00002208DF805006946E54824F0CDFD072257
:101B00000821E34824F053FE07220921E04824F08D
:101B10004EFE02940020ADF80C00ADF80E00ADF8BA
:101B20001000ADF814000C20ADF8120002A9D9483D
:101B300026F06AFC0121D74826F0EEFC4FF4A060A5
:101B400024F0CCFC0C208DF8180000208DF8190032
:101B50008DF81A0001208DF81B0006A824F0C3FCA4
:101B6000C948783825F04EFB4FF000600790002000
:101B70000A90C94809900A200B90C648001D089099
:101B800000200C904FF480600D9000200E900F907C
:101B90004FF48070109040021190042012900320A6
:101BA000139000201490159007A9B748783825F0B5
:101BB000CBFB01224021B74826F05BFD01224021EA
:101BC000B44826F056FD01221021AF48783825F0A0
:101BD00082FC0121AC48783825F0F0FB16B010BD2E
:101BE00010B596B004460121C80424F0CEFF0121AF
:101BF000042024F097FF0121480524F093FF4FF4BF
:101C00004060009002208DF8040000208DF806004E
:101C10008DF8070002208DF8050069469F4824F0E2
:101C20003BFD08220A219D4824F0C1FD08220B211A
:101C30009A4824F0BCFD02940020ADF80C00ADF8E9
:101C40000E00ADF81000ADF814000C20ADF8120035
:101C500002A9934826F0D8FB0121914826F05CFCAC
:101C60004FF4A06024F03AFC0D208DF818000320FA
:101C70008DF8190001208DF81A008DF81B0006A8B8
:101C800024F031FC8048603825F0BCFA4FF0006049
:101C9000079000200A908348099008200B90804804
:101CA000001D089000200C904FF480600D900020E3
:101CB0000E900F9010904FF4003011900020129071
:101CC0000320139000201490159007A96E486038E7
:101CD00025F03AFB01224021714826F0CAFC01227E
:101CE00080216F4826F0C5FC01221021664860382B
:101CF00025F0F1FB01216448603825F05FFB16B048
:101D000010BD70B5684C2468642C00DB70BD674C56
:101D1000248804EB8404664D2C446070634C248852
:101D200004EB84042C44A170604C248804EB8404EC
:101D30002C44E2705D4C248804EB84042C44237111
:101D40005A4C2488641C642594FBF5F605FB164464
:101D5000564D2C80544C2468641C534D2C6000BF9D
:101D6000D4E701465048006808B900207047514840
:101D7000008800EB80004E4A104402680A60007937
:101D800008710120F2E701464748006808B90020C1
:101D900070474848008800EB8000454A10440268BC
:101DA0000A600079087143480088401C642290FB57
:101DB000F2F302FB13003F4A10803B480068401ECC
:101DC000394A10600120E3E70CB56846FFF7DBFFF6
:101DD0000020394908700CBD0346012B03DB062B9C
:101DE00001DC18467047012903DB062901DC08469F
:101DF000F8E7012A03DB062A01DC1046F2E700209F
:101E0000F0E710B52D48C07F40F004002B49C8779B
:101E10004FF4FA6027F0A2FE2848C07F40F0080087
:101E20002649C8774FF4FA6027F098FE2348C07F10
:101E300040F040002149C8774FF4FA6027F08EFE49
:101E40001E48C07F40F010001C49C8774FF4FA606C
:101E500027F084FE10BD10B512480078114949786A
:101E600008441049897808440E49C97808440D4946
:101E7000097908440B4949790844C4B209480078F3
:101E800002281DD010BD0000A060024000440040A8
:101E9000000C0240004800401B09002000080240DE
:101EA000004C0040DF020020FC0200200003002064
:101EB0002A0900200203002005030020040000205E
:101EC000FE48C079032800D010BDFC488079A042AC
:101ED0007DD1FA484078FA490870F8488078F94985
:101EE0000870F648C078F8490870F4480079F74956
:101EF0000870F2484079F6490870F14800780128E6
:101F000008D1F0480078022804D108460078F14949
:101F1000086028E1EA480078022807D1E9480078FB
:101F2000012803D10020EC4908601CE1E448007856
:101F300002280AD1E34800780A2806D1E24800784E
:101F4000012802D1E54908600DE1DD48007802284A
:101F50000AD1DC4800780A2806D1DB48007802283C
:101F600002D1DE490860FEE0D548007802280AD197
:101F7000D4480078092806D1D3480078012802D136
:101F8000D7490860EFE0CE48007802280AD1CD4852
:101F90000078092806D1CC480078022802D1D0491F
:101FA0000860E0E0C6480078022856D1C5480078AD
:101FB000022852D1C6480378C4480278C248017842
:101FC000C0480078FFF79DFEC648C07F00E0C1E032
:101FD00040F00200C349C877BB48007880B9BB48CD
:101FE0000078012807D0B9480078022803D0B74804
:101FF0000078032804D1BC480068401CBA49086036
:10200000B148007804280BD1B0480078052807D1E2
:102010000120B6490860AE480078B54908600CE078
:10202000A9480078042808D1A8480078062804D1D7
:102030000020AE490860AF490860A3480078052831
:1020400091D1A2480078052806D10120A94908604D
:102050009F480078A649086085E0994800780228E2
:102060001BD198480078032817D1994802789748DF
:10207000017895480078FFF7AFFE9F4908609948BE
:10208000C07F40F002009749C8779B48006800284D
:1020900069D001209949086065E0894800780228E4
:1020A00023D18848007804281FD187480078012868
:1020B0000BD186480078012807D1914908608948EA
:1020C000C07F40F002008749C8777F4800788D497B
:1020D00008607E4800788C4908607D4800788B490C
:1020E00008600120864908603DE0754800780228B4
:1020F00021D17448007805281DD173480078012843
:1021000009D172480078012805D17148007801286A
:1021100001D17F4908606C480078022823D16B48C0
:10212000007802281FD16A480078784908600120A9
:102130007849086017E062480078032813D16148A5
:10214000007803280FD16048007803280BD1FFF7EF
:1021500058FE08E0FF205B4908705B4908705B4946
:1021600008705B49087000BFAEE65F48006802284F
:1021700003D101206849086002E000206649086038
:10218000704710B596B004460121480524F0CAFCFA
:102190000121080524F0F9FC01210C2024F0C2FCE7
:1021A0000420009002208DF8040000208DF8060025
:1021B0008DF8070002208DF805006946574824F085
:1021C0006BFA4FF48050009002208DF8040000203C
:1021D0008DF806008DF8070002208DF8050069468D
:1021E0004F4824F059FA082202214C4824F0DFFA23
:1021F00008220C214A4824F0DAFA4FF4A06024F0B7
:102200006DF92F208DF8180005208DF819008DF834
:102210001A0001208DF81B0006A824F064F90B2099
:102220008DF8180005208DF819008DF81A0001208E
:102230008DF81B0006A824F056F902940020ADF892
:102240000C00ADF80E00ADF81000ADF814000C2035
:10225000ADF8120002A9334826F0D6F80121314822
:1022600026F05AF9304824F0CDFF4FF00060079077
:1022700040200A902D4809900A200B902948001D03
:10228000089000200C904FF480600D9000200E907C
:102290000F9010904FF40030119000201290032006
:1022A000139000201490159007A91F4825F04CF8B2
:1022B0001D48A83824F0A6FF3AE00000DF02002005
:1022C000E7020020E8020020E9020020EA020020E4
:1022D000EB020020180300201C030020380300201C
:1022E00040030020040000204803002008030020D1
:1022F00014030020100300202003002044030020CA
:102300003C03002024030020280300202C0300208D
:10231000300300203403002068020020000C02403B
:102320000008024000500040B860024092070020C0
:102330004FF00060079000200A90F74809900520B0
:102340000B90F648089000200C904FF480600D90A0
:1023500000200E900F9010904FF40030119000204C
:1023600012900320139000201490159007A9EC48B8
:1023700024F0EAFF01228021E848001F26F079F9C5
:1023800001224021E548001F26F073F901221021A7
:10239000E348A83025F09FF801221021E04825F0FD
:1023A0009AF80121DE48A83025F008F80121DC4820
:1023B00025F004F816B010BD10B596B00446012102
:1023C000202024F0F3FB0121042024F0ABFB0121A9
:1023D000880524F0A7FBC020009002208DF804009F
:1023E00000208DF806008DF8070002208DF805000A
:1023F0006946CC4824F050F908220621C94824F047
:10240000D6F908220721C74824F0D1F90294002008
:10241000ADF80C00ADF80E00ADF81000ADF81400EA
:102420000C20ADF8120002A9BF4825F0EDFF0121F4
:10243000BD4826F071F84FF4A06024F04FF8392021
:102440008DF8180003208DF8190001208DF81A006E
:102450008DF81B0006A824F046F8B44824F0D2FEFC
:102460004FF02060079000200A90B14809900820A2
:102470000B90AD48001D089000200C904FF4806038
:102480000D9000200E900F9010904FF4003011909E
:10249000002012900320139000201490159007A99B
:1024A000A24824F051FF012240219F4826F0E1F884
:1024B000012280219C4826F0DCF8012210219B4853
:1024C00025F009F80121994824F078FF16B010BDD5
:1024D00097490978964A52781144954A927811445E
:1024E000934AD2781144924A12791144904A52790F
:1024F0001144C8B28E490978022900D070478C492E
:10250000C979032900D0F9E789498979814218D12D
:1025100087494978874A117085498978864A1170B8
:102520008349C978854A117081490979844A1170B3
:102530007F494979834A117081490978824A11702B
:1025400006E0FF217D4A11707D4A11707D4A1170AD
:1025500000BFD3E700B585B00121082024F0E2FADE
:102560000121880324F022FB00208DF810000120B7
:102570008DF813000C20039003A9744824F08CF804
:102580000221032026F00EF90420009000208DF88F
:10259000040010208DF8050001208DF80600684623
:1025A00025F012F808208DF8080000208DF80900A9
:1025B0008DF80A0001208DF80B0002A823F093FF8C
:1025C00005B000BD70B504460D46012C0BD129465F
:1025D0005F4825F0CCFF00BF40215D4826F077F82A
:1025E0000028F9D038E0032C0BD12946594825F0B2
:1025F000BEFF00BF4021574826F069F80028F9D0F7
:102600002AE0042C0BD12946534825F0B0FF00BF27
:102610004021514826F05BF80028F9D01CE0052C39
:102620000DD129463D48001F25F0A1FF00BF4021E4
:102630003A48001F26F04BF80028F8D00CE0062C92
:102640000AD12946384825F092FF00BF402136487C
:1026500026F03DF80028F9D070BD2DE9F04702249E
:102660000125022600274FF000084FF003096019EA
:1026700030443844404439490978084400F0FF0A9E
:1026800021460420FFF79EFF29460420FFF79AFF0A
:1026900031460420FFF796FF39460420FFF792FFEA
:1026A00041460420FFF78EFF2C4801780420FFF7F5
:1026B00089FF51460420FFF785FF49460420FFF7B4
:1026C00081FFBDE8F0870020254948622549086060
:1026D0002549086025490860704700202049486264
:1026E000204908604FF08041486221490860214933
:1026F0000860214908601C4908601C4908601F499E
:1027000008601F490860704700204FF08041486210
:1027100017490860704700001E0B0020045000405D
:10272000106002400008024000140140286402408A
:102730004C030020540300205503002056030020C2
:10274000570300205803002059030020000C0240CA
:102750000010014000480040004C004018030020D9
:10276000000001406C000020240800408800002088
:10277000700000202404004074000020240C00405D
:10278000780000200020FE490860FE49086070477C
:1027900010B50020FC490870002407E061210120E9
:1027A000FFF710FF3220FEF72EFA641C022CF5D33F
:1027B0000120F54908707A20F449087010BD10B561
:1027C0000020F3490870002407E061210320FFF78F
:1027D000F9FE3220FEF717FA641C022CF5D3012013
:1027E000EB4908707A20EB49087010BD2DE9F14FD4
:1027F000AEB0E9A02D9000202C908DF888008DF8C7
:1028000060002E9829283DD2DFE800F0153D464DA6
:10281000545B626970777E858C939AA1A8FDFCFB5E
:10282000FAF9F8F7F6F5F4F3F2F1F0EFEEEDECEB80
:10283000EAE9E8E7E6000221E04823F08FFF88B1EB
:1028400000224FF40041DE4823F0A6FF4FF4004180
:10285000DB4823F090FF044600222146D9A0FDF773
:1028600022FF0FE00122D103D54823F095FF4FF45A
:102870000041D34823F07FFF044600222146D9A01F
:10288000FDF711FF40E30122DE48B0F900004142AC
:10289000DDA0FDF708FF37E30222DD480168DDA077
:1028A000FDF701FF30E30322DE480168DEA0FDF7FB
:1028B000FAFE29E30422E1480168E1A0FDF7F3FEF6
:1028C00022E30522E2480168E2A0FDF7ECFE1BE3EB
:1028D0000622E4480168E4A0FDF7E5FE14E30722C0
:1028E000E4480168E4A0FDF7DEFE0DE30822E648B7
:1028F0000168E6A0FDF7D7FE06E30922E748016874
:10290000E7A0FDF7D0FEFFE20A22E9480168E9A04E
:10291000FDF7C9FEF8E20B22E9480168E9A0FDF7DE
:10292000C2FEF1E20C22EB480168EBA0FDF7BBFE12
:10293000EAE20D22ED480168EDA0FDF7B4FEE3E206
:102940000E22EF480168EFA0FDF7ADFEDCE2F14892
:1029500041890F22F0A0FDF7A6FED5E20121F24841
:1029600023F0FCFE4FF400511790954823F0F6FE3B
:1029700004460221EC4823F0F1FE05464FF4804165
:102980008F4823F0EBFE06460421E74823F0E6FEDD
:102990004FF400411690E44823F0E0FE074608217A
:1029A000E14823F0DBFE80464FF48041DE4823F00F
:1029B000D5FE81461021DC4823F0D0FE4FF40051B3
:1029C0001590D94823F0CAFE82460821D74823F043
:1029D000C5FE4FF4805117E08FE287E27FE277E295
:1029E0006BE262E25AE24EE244E23AE230E226E28E
:1029F0001AE20EE201E2F5E1E8E1DBE1D3E1C6E152
:102A0000BEE1B6E1AEE13CE01490C74823F0A6FE7B
:102A100010211390C54823F0A1FE4FF4806112905D
:102A2000C14823F09BFE83468021BF4823F096FED9
:102A30004FF480711190BC4823F090FE10901798CD
:102A4000CDE90B65CDE90D401698CDE90798CDE9A4
:102A50000970DDE913121598CDE9042A0391069057
:102A6000DDE91101CDE901B10090B1A2282122A830
:102A7000109B28F029F8102222A9B6A0FDF766FEC7
:102A800042E280214D4823F069FE044601214B4873
:102A900023F064FE05464021484823F05FFE0646C9
:102AA0004FF40041A14823F059FE07464FF48051EE
:102AB000A94823F053FE80464FF480613F4823F03D
:102AC0004DFE81464FF40061A34823F047FE4FF4CA
:102AD00000611790394823F041FE82464FF480612F
:102AE000924823F03BFE83464FF48051334823F055
:102AF00035FE4FF4006116908C4823F02FFE4FF402
:102B0000005115902D4823F029FE4FF48041149078
:102B1000864823F023FE4FF480411390274823F08A
:102B20001DFE4FF4807112908B4823F017FE4FF476
:102B300000411190214823F011FECDE90B76CDE93B
:102B40000D5410901798CDE907A0CDE90998DDE95B
:102B500015211498CDE9051BCDE90302DDE9111219
:102B60001398CDE90012029071A2282122A8109B8F
:102B700027F0AAFF112222A978A0FDF7E7FDC3E103
:102B800024040040740000209100002090000020E8
:102B90009300002092000020313131313131313148
:102BA0003131313131313131313131313131303116
:102BB0003131313131313131000000000004024047
:102BC00000080240524F424F5420322044414E47A9
:102BD00020434841592053414E2058414E483A2005
:102BE00020200000524F424F5420322044414E4793
:102BF00020434841592053414E20444F3A20202041
:102C0000000000008C000020494D553A00000000F3
:102C1000A40000204C617A657220706861693A20D6
:102C200000000000B800002054726F206368616EDD
:102C3000205472756F633A2000000000A00000204D
:102C40004C617A657220747261693A20000000005C
:102C5000BC00002054726F206368616E2053617560
:102C60003A200000980000204C617A657220736160
:102C7000753A2000C000002054726F2064617920F2
:102C800074617920312000009C0000204C617A653D
:102C900072207472756F632000000000C400002071
:102CA00054726F20646179207461792032200000B1
:102CB000400300206D6F6465206261632033200053
:102CC000B000002054726F20786F617920746179B0
:102CD00020000000380300206D6F64655F63686149
:102CE000795F72756E673A20000000002C030020A7
:102CF0006E6861745F6461745F686F7020000000CB
:102D00003C0300206D6F6465206E68617420686FFD
:102D100070200000BE0800205175616E675F7472FC
:102D20006F203A200000000000100240000C02401A
:102D3000256425642564256425642564256425644B
:102D4000256425642564256425642564256425643B
:102D500000000000493A000000000240696E323A6B
:102D6000000000001222F9480168F9A0FDF79BFC61
:102D7000CAE01322FB480168FBA0FDF794FCC3E006
:102D80001422FC480168FCA0FDF78DFCBCE04FF468
:102D90000061FE4823F0E2FC044615222146FCA017
:102DA000FDF781FCB0E0FE48018A1622FDA0FDF788
:102DB0007AFCA9E04FF40071F44823F0CFFC0446FC
:102DC00017222146FAA0FDF76EFC9DE04FF48071BA
:102DD000FB4823F0C3FC044618222146F9A0FDF766
:102DE00062FC91E02021E94823F0B8FC0446192256
:102DF0002146F8A0FDF757FC86E04FF40071F0483B
:102E000023F0ACFC04461A222146F6A0FDF74BFC49
:102E10007AE04021DD4823F0A1FC04461B22214634
:102E2000F4A0FDF740FC6FE00121F64823F096FC8A
:102E300004461C222146F4A0FDF735FC64E0FDF7B2
:102E400053FE04461D222146F1A0FDF72CFC5BE059
:102E5000FDF71DFE04461E222146F1A0FDF723FCCE
:102E600052E0FDF795FE04461F222146F0A0FDF733
:102E70001AFC49E0FDF762FE044620222146F0A03C
:102E8000FDF711FC40E04021CD4823F067FC0446EB
:102E900021222146EEA0FDF706FC35E02222F04873
:102EA0000168F0A0FDF7FFFB2EE02322F048B0F907
:102EB0000010F0A0FDF7F7FB26E08021C04823F0CA
:102EC0004DFC044624222146EDA0FDF7ECFB1BE05F
:102ED0002522F0480168F0A0FDF7E5FB14E026226A
:102EE000F1480168F1A0FDF7DEFB0DE02722F34871
:102EF0000168F3A0FDF7D7FB06E02822F34801683C
:102F0000F3A0FDF7D0FB00BF00BF2FB0BDE8F08FEE
:102F100010B50121F14824F051FA10BD01B5F04877
:102F200000680099884203DD0020ED49086004E054
:102F3000EB480068401CEA490860E9480068FFF770
:102F400055FC08BD01B59DF80000052801DA0020F8
:102F500008BD9DF80000FBE730B504461D4624B9C6
:102F6000E0480078E04BD87011E0002C07DDE0B2BB
:102F7000FFF7E8FFDC4BD8700020987007E0634251
:102F8000D8B2FFF7DFFFD84BD8700120987021B975
:102F9000D4480078D44BD87111E0002907DDC8B2BD
:102FA000FFF7D0FFD04BD8710120987107E04B425A
:102FB000D8B2FFF7C7FFCC4BD8710020987122B967
:102FC000C8480078C84BD87211E0002A07DDD0B29B
:102FD000FFF7B8FFC44BD8720120987207E0534244
:102FE000D8B2FFF7AFFFC04BD8720020987225B956
:102FF000BC480078BC4BD87311E0002D07DDE8B267
:10300000FFF7A0FFB84BD8730020987307E06B421E
:10301000D8B2FFF797FFB44BD8730120987330BD37
:10302000B14AD070D071D072D0737047AE48C078BA
:1030300003280DDAAC48C079032809DAAA48C07A17
:10304000032805DAA848C07B032801DA012070476D
:103050000020FCE70120A54908607047A4480068EB
:1030600047F23051884201D0012070470020FCE730
:1030700010B5FFF78DFB10BD9E48B0F9000040422F
:103080007047B5EEC00AF1EE10FA09D29A48D0EDB9
:10309000000A70EE600AFDEEE00A10EE900A70473A
:1030A0009548D0ED000A70EE200AFDEEE00A10EE21
:1030B000900AF4E710B52DED0A8B044624B99FED74
:1030C0008F0ABDEC0A8B10BD002C25DA8C480068F5
:1030D00027F04DFB41EC190B204627F048FB41EC53
:1030E0001C0B9FED880B53EC102B27F05FFA41EC83
:1030F0001B0B9FED860B53EC102B27F051FA41EC84
:103100001A0B53EC192B27F0C3FA41EC180B27F0DC
:1031100089FB00EE100AD4E77948006827F027FB06
:1031200041EC190B204627F022FB41EC1C0B9FEDD4
:10313000750B53EC102B27F039FA41EC1B0B9FED6C
:10314000730B53EC102B27F08AF9E3E0FC0200200C
:10315000636F756E745F646174615F7561727434FE
:103160002000000018030020626C6F636B5F7068C2
:10317000613A2000140300207365655F52315F746B
:1031800072656E5F72756E6720000000001002406D
:1031900043425F4E616E675F747261692000000098
:1031A000BE0800205175616E675F74726F32200037
:1031B00043425F4E616E675F7068616900000000A6
:1031C00000080240636865636B5F686F705F313A47
:1031D00000000000636865636B5F686F705F323A80
:1031E00020000000636865636B5F686F705F333A4F
:1031F00020000000636865636B5F686F705F343A3E
:1032000020000000000C0240537461727400000042
:10321000454E434F4445525F465228292000000046
:10322000454E434F4445525F464C2829200000003C
:10323000454E434F4445525F52522829200000001A
:10324000454E434F4445525F524C28292000000010
:1032500063687579656E5F646F695F543320000041
:103260002003002069645F6461745F686F702000F0
:103270008E000020494D55786F61793A00000000BA
:10328000636865636B5F6461745F686F705F54321D
:1032900020000000940200206E6861795F64656E12
:1032A0005F6C616E5F312000F80200206E67616E16
:1032B000675F7175615F6F3320000000640200205A
:1032C0006B745F6C6162616E20000000600300201F
:1032D000636865636B5F74696D652000A060024080
:1032E00084000020A8030020040000200C0400201B
:1032F000D00300208C0000206803002000000000A4
:10330000BC030020333333333333C33F9A99999945
:103310009999C93F41EC1A0B53EC192B27F0B8F9D6
:1033200041EC180B27F07EFA00EE100AC9E6F0EE29
:10333000400AF5EEC00AF1EE10FA02DBB0EE600AC8
:103340007047B1EE600AFBE70146002901DB084641
:1033500070474842FCE70146FE48D0ED000AF1EE16
:10336000600AFD48D0ED001A80EEA11A00EE901A16
:10337000F8EEE01AF748D0ED000A41EE210AB0EE6F
:10338000600AFDEEC00A10EE900A7047B0EE402AC7
:10339000DFEDF22AB0EE620AB5EEC02AF1EE10FAC5
:1033A00003D2F1EE422AB0EE622AF5EEC00AF1EE47
:1033B00010FA03D2F1EE602AF0EE620AB5EEC01AFE
:1033C000F1EE10FA03D2F1EE412AB0EE621AF5EEF8
:1033D000C01AF1EE10FA03D2F1EE612AF0EE621A91
:1033E000B4EEC02AF1EE10FA01DDB0EE420AF4EEBE
:1033F000C00AF1EE10FA01DDB0EE600AB4EEC01AB8
:10340000F1EE10FA01DDB0EE410AF4EEC01AF1EE71
:1034100010FA01DDB0EE610A7047D14800687047CC
:10342000D0480068704710B52DED028BB0EE408A91
:10343000CD48006847F2305188420ED11FED510A45
:10344000CA4880ED000ACA4880ED000AC94880EDEC
:10345000000AC94880ED000A4AE0C8480068C84927
:103460000968401AC0490968081A00EE100AB8EE47
:10347000C00AF0EE408AC348D0ED000A88EEA00AE8
:10348000C148D0ED000A30EE200AC048D0ED000A55
:1034900020EE200AF0EE408AB0EE680A28F0AAF981
:1034A000F0EE000A20EE200AB04880ED000AB0EEEF
:1034B000680A27F0C5FDF0EE000A20EE200AAC48AD
:1034C00080ED000AA94890ED000AB148D0ED000A4D
:1034D00030EE200AA84880ED000AA54890ED000AC9
:1034E000AB48D0ED000A30EE600AA24880ED000A39
:1034F000B5EEC08AF1EE10FA73D0A6480068052830
:1035000020D2DFE800F003203A546F009A4890ED93
:10351000000A30EE080A80ED000A964890ED000A95
:1035200030EE480A80ED000A914890ED000A30EE36
:10353000080A80ED000A8D4890ED000A30EE480A36
:1035400080ED000A68E08B4890ED000A30EE480AF2
:1035500080ED000A864890ED000A30EE080A80ED02
:10356000000A824890ED000A8B48D0ED000A08EE70
:10357000600A7E4880ED000A4EE07F4890ED000A28
:1035800030EE080A80ED000A794890ED000A824882
:10359000D0ED000A08EE200A754880ED000A734855
:1035A00090ED000A30EE480A80ED000A34E07248DF
:1035B00090ED000A30EE080A80ED000A6D4890EDAB
:1035C000000A7548D0ED000A08EE600A694880EDEF
:1035D000000A664890ED000A30EE480A80ED000AC5
:1035E0001AE01AE0644890ED000A6B48D0ED000A3A
:1035F00008EE200A604880ED000A5E4890ED000A5F
:1036000030EE480A80ED000A594890ED000A30EE8D
:10361000080A80ED000A00BF00BF5448D0ED001A30
:10362000534890ED001A5348D0ED000A524890EDEF
:10363000000AFFF7ABFE5948D0ED000AF8EEE00AA9
:1036400080EE801ABDEEC10A554880ED000A44485C
:10365000006853490968884203DD514800684049C1
:10366000086001204F490860BDEC028B10BD10B509
:10367000044600204C4908604C480460FCB9002016
:10368000374908601FEDE30A414880ED000A47F220
:10369000305035490860464908601FEDE80A454842
:1036A00080ED000A00203B490860434908602D492D
:1036B0000860424908601FEDEF0AFFF7B4FE10BD35
:1036C00010B53C4890ED000AB5EEC00AF1EE10FAD4
:1036D00005D13048006810B93748006890B11FED37
:1036E000F90A344880ED000A00202A49086032496E
:1036F000086022480068224908602E4890ED000AC0
:10370000FFF791FE10BD1348C0ED000A124880ED8E
:10371000000A704770B52DED028B05460C46B0EEE1
:10372000408A11480068A8420BD11F480068A04297
:1037300007D1174890ED000AB4EE480AF1EE10FAEE
:103740004FD0194804600648006810B905200449A4
:10375000086035E0A0030020A40300206F12833A24
:10376000BC030020E8030020D00300200804002050
:103770000404002000040020FC030020F0030020CB
:10378000DC030020800300208C030020B003002015
:10379000E4030020B803002070030020640300202D
:1037A000C4030020B4030020C0030020C80300208D
:1037B000D4030020E0030020D80300200C040020E4
:1037C000FA480068FA490860FA4880ED008AFA4829
:1037D00005600020F9490860F94890ED000AFFF7FC
:1037E00022FEBDEC028B70BD70B52DED028B044640
:1037F000B0EE408A0D46F3480068A0420BD1F04875
:1038000090ED000AB4EE480AF1EE10FA03D1EE484A
:103810000068A8423AD0E848006847F23051884230
:1038200025D12820E9490860E948006810B90A2034
:10383000E749086047F23050844218DA0120E54930
:103840000860B5EEC08AF1EE10FA03DDD7480068D3
:10385000A04208DCB5EEC08AF1EE10FA07D2D348D8
:103860000068A04203DAB1EE480AB0EE408AD548BB
:103870000460D5480560D24880ED008A0020CF4919
:103880000860CF4890ED000AFFF7CDFDBDEC028B3C
:1038900070BD10B52DED028BB0EE408A0446214676
:1038A000B0EE480A47F23050FFF79EFFBDEC028BA6
:1038B00010BD70B504460D469FEDC70A2946204647
:1038C000FFF728FF70BD70B52DED088BF0EE408A34
:1038D0000446B0EE608AB0EE419AC04890ED000A0E
:1038E000B8EEC00AB4EE680AF1EE10FA0DD1B7488E
:1038F0000068A04209D1B34890ED000AB8EEC00AB2
:10390000B4EE480AF1EE10FA5ED0BDEEE80AB34814
:1039100080ED000AA54991ED000AB8EEC00A38EE24
:10392000C00ABDEEC00A10EE100A9FEDAB0A214698
:10393000FFF7F0FE9D4890ED000AB8EEC00A38EEA1
:10394000400ABDEEC00A10EE105A002D01DB2846D9
:1039500000E06842642814DD944890ED000AB8EE57
:10396000C00AB4EEC08AF1EE10FA02DDB0EE490AE8
:1039700001E0B1EE490A10EE101A084626F027FFC2
:1039800013E08A4890ED000AB8EEC00A38EE400A0B
:1039900010EE101A084626F01AFF41EC1B0B9FEDA3
:1039A000900B53EC102B26F001FE41EC1A0B26F085
:1039B00039FF09EE900A0021B0EE690AFDEEC80A4F
:1039C00010EE900AFFF710FFBDEC088B70BD10B52C
:1039D0008048006801283DDD7A490968734A126809
:1039E000881AFFF7B1FC0A280CDA7A4801680068E7
:1039F000401C784A1060B1F5FA7F2BDD0020FFF7FC
:103A000036FE10BD73480068FA2808DD05206F49AE
:103A100008606F490860FB206E49086004E00520DB
:103A20006A4908606A490860604800686549096831
:103A3000884205DDBFEE000A614880ED000A04E01F
:103A4000B7EE000A5E4880ED000A5D4890ED000A7E
:103A5000FFF7E9FC00BFD4E710B52DED028B554808
:103A600090ED000AB5EEC00AF1EE10FA08D1584800
:103A7000006828B15348006847F23051884202DBA1
:103A8000BDEC028B10BD4E4890ED000AB5EEC00AA9
:103A9000F1EE10FA7ED04848006847F23051884273
:103AA00079D1474890ED000AB5EEC00AF1EE10FA60
:103AB00008DD444800684C490968401A3B490968D8
:103AC000884210DB3E4890ED000AB5EEC00AF1EEE8
:103AD00010FA6AD23B4800684349096808443349F0
:103AE0000968884261DD3B48006803285CDA354993
:103AF00009682E4A1268881AFFF726FC082816DA89
:103B000030480068394908600020314908602F4971
:103B100008609FED310A2A4880ED000A02202D49F5
:103B20000860274890ED000AFFF77DFCA8E72548CC
:103B300000681E49096888425CDD254890ED000A4E
:103B4000B8EEC00A1E48D0ED000A60EE200A2648F2
:103B500090ED000AB8EEC00AC0EE801AB0EE611A0D
:103B6000B0EE410AFFF7E3FB164909680F4A1268F5
:103B7000881AFFF7E9FB00EE900AB8EEE01A1C483D
:103B8000D0ED000A40EE010A114890ED000AB8EEAF
:103B9000C00A01E0CBE068E080EE801AB0EE418A16
:103BA000B0EE480AFFF73FFCC0E058E0F003002009
:103BB000DC030020E4030020D0030020CC0300201D
:103BC000E0030020D8030020B8030020C003002039
:103BD000BC030020E803002000000000D403002004
:103BE0007B14AE47E17A743F9C030020EC03002075
:103BF0007C030020F84890ED000AB8EEC00AF748B0
:103C0000D0ED000A60EE200AF54890ED000AB8EE0B
:103C1000C00AC0EE801AB0EE611AB0EE410AFFF79A
:103C200086FBF0490968F04A1268881AFFF78CFB96
:103C300000EE900AB8EEE01AEC48D0ED000A50EE23
:103C4000410AE54890ED000AB8EEC00A80EE801AFD
:103C5000B0EE418AB0EE480AFFF7E5FB66E0DF48C8
:103C600090ED000AFFF7DFFB60E0DC4890ED000A12
:103C7000B5EEC00AF1EE10FA1FDDDA4890ED000A49
:103C8000B8EEC00AD448D0ED000AF8EEE00AD348F6
:103C900090ED001A00EEC10AD548D0ED000AF8EE0A
:103CA000E00A70EE600AD04890ED000AB8EEC00A53
:103CB000F4EEC00AF1EE10FA27D3C84890ED000ADE
:103CC000B5EEC00AF1EE10FA2BD2C64890ED000A0C
:103CD000B8EEC00AC048D0ED000AF8EEE00ABF48CE
:103CE00090ED001A00EEC10AC148D0ED000AF8EECE
:103CF000E00A70EE200ABC4890ED000AB8EEC00A57
:103D0000F4EEC00AF1EE10FA0BDDB6490968B64AC6
:103D10001268881AFFF7CEF9B0EE408AFFF783FBEE
:103D200004E0AE4890ED000AFFF77DFBA8E6B1493C
:103D30000968AD4A1268881AFFF7BCF9B0EE408AEC
:103D4000FFF771FB00BF9BE600B5AB480068022897
:103D500015DA1FED5F0AA94880ED000A1FED620A1F
:103D60009E4880ED000A0020A549086047F23050C7
:103D7000A4490860A449086000209A490860A34843
:103D80000068401CA1490860A1490968884204DA1A
:103D9000A0480068FFF744F90EE09D4800689B4981
:103DA00008609D48006820B19A480068FFF738F91C
:103DB00002E00020FFF734F900BD944A1268521C5B
:103DC000924B1A60824207DD834A12680A44824B92
:103DD0001A6000228D4B1A6070472DE9F041FFF701
:103DE0004BF981490860FFF7F2FD8C480068002814
:103DF00021DD794800688949096888422AD07648D7
:103E000000688649096888420EDA73480068844968
:103E1000096888421EDA70480068FFF79CFA044679
:103E20000121FFF7CAFF15E04FF0FF317D48006820
:103E3000FFF7C3FF0EE068480068002806DD6FF05A
:103E4000010179480068FFF7B8FF03E0FFF77CFF46
:103E5000BDE8F0817548006863490968884205D06B
:103E6000FFF7FAFD60480068704908607048006814
:103E7000F0B35948D0ED000AF8EEE00A6D4890ED35
:103E8000001A60EE810AB0EE600AFFF7FAF8044605
:103E90005148D0ED000AF8EEE00A674890ED001AAC
:103EA00060EE810AB0EE600AFFF7EBF805464A487B
:103EB000D0ED000AF8EEE00A604890ED001A60EEDE
:103EC000810AB0EE600AFFF7DCF806464248D0ED02
:103ED000000AF8EEE00A5A4890ED001A60EE810AF6
:103EE000B0EE600AFFF7CDF8074623462A4600E009
:103EF00002E03146FFF730F800BFA9E72DE9F041B5
:103F00002DED028B0446F0EE408A0D461646FFF773
:103F1000B3F80746B0EE680AFFF709FAB0EE408A38
:103F2000E01BFFF711FAB04203DCBDEC028BBDE8E9
:103F3000F081BC4203DAB1EE480AB0EE408A0120BB
:103F40002D490860274804602D480560234880ED0E
:103F5000008A00202D4908602A48006847F2305145
:103F6000884208D11E202D4908601B48006810B9FE
:103F70000A2019490860194890ED000AFFF753FA22
:103F800000BFFFF74DFA0028FBDC00BFCDE72DE9AD
:103F9000F0472DED048B0646F0EE409A0F46B0EE4A
:103FA000608A9046FFF768F80546B0EE690AFFF7A9
:103FB000BEF9F0EE408AB0EE489AC1464FF0000AD2
:103FC000A6F11004601BFFF7BFF90A283ADCBDEC2C
:103FD000048BBDE8F0870000BC030020E003002054
:103FE0009C030020D8030020F00300207C03002065
:103FF00098030020DC030020E8030020E4030020F5
:10400000B8030020D0030020D4030020CC030020FC
:10401000AC030020A80300200C040020C0030020F3
:10402000C4030020F8030020C8030020F40300208C
:10403000B403002008040020040400200004002031
:10404000FC030020AC4218DA3846B1EE680AFFF7EC
:1040500020FC0CE0BAF1000F09D1281B484506DC12
:104060003846B1EE490AFFF714FC4FF0010AFFF79A
:1040700003F80546A042EDDC17E03846B0EE680ACA
:10408000FFF707FC0CE0BAF1000F09D1601B4845AF
:1040900006DC3846B0EE490AFFF7FBFB4FF0010A99
:1040A000FEF7EAFF0546A042EDDB0020FFF7DFFA4E
:1040B00000BFBDEC048BBDE8F087FA4801680068DA
:1040C000401CF84A1060462907D2F748408BF74950
:1040D00009680844F54908600BE0F4480068462187
:1040E000B0FBF1F0F24908600020EE490860EF49AA
:1040F0000860F04801680068401CEE4A10604629DC
:1041000007D2E948008BEC4909680844EA4908608D
:104110000BE0E94800684621B0FBF1F0E749086090
:104120000020E4490860E4490860E5480168006847
:10413000401CE34A1060462907D2DB48808AE149E7
:1041400009680844DF4908600BE0DE480068462142
:10415000B0FBF1F0DC4908600020D9490860D9497A
:104160000860DA4801680068401CD84A1060462997
:1041700007D2CD48C08AD64909680844D4490860A6
:104180000BE0D34800684621B0FBF1F0D14908604C
:104190000020CE490860CE490860CF480168006819
:1041A000401CCD4A1060322907D2BF484089CB4914
:1041B00009680844C94908600BE0C8480068322112
:1041C000B0FBF1F0C64908600020C3490860C3494C
:1041D0000860C44801680068401CC24A1060322967
:1041E00007D2B148C088C04909680844BE49086080
:1041F0000BE0BD4800683221B0FBF1F0BB4908601C
:104200000020B8490860B8490860B94801680068EA
:10421000401CB74A1060322907D2A3488088B549AC
:1042200009680844B34908600BE0B24800683221CD
:10423000B0FBF1F0B04908600020AD490860AD491D
:104240000860AE4801680068401CAC4A106046290E
:1042500007D295480089AA4909680844A849086016
:104260000BE0A74800684621B0FBF1F0A5490860C3
:104270000020A2490860A2490860A34801680068BC
:10428000401CA14A1060462907D2874800889F49F0
:10429000096808449D4908600BE09C480068462175
:1042A000B0FBF1F09A4908600020974908609749EF
:1042B0000860984801680068401C964A10604629CA
:1042C00007D27948408894490968084492490860AF
:1042D0000BE0914800684621B0FBF1F08F4908607F
:1042E00000208C4908608C49086070478C48006841
:1042F00081490968401A03EE100AB8EEC33AF0EE9D
:10430000430A884890ED003A23EE203AF0EE432A23
:104310008348006884490968884203DA8248006853
:104320007F4908607E48006880490968884203DD4B
:104330007E4800687A490860BDEEE03A13EE100A44
:10434000002801DB014600E0414205297EDD784876
:1043500090ED003A33EE203A80ED003A90ED003ACD
:10436000DFED743AB4EEE33AF1EE10FA03DD9FEDBF
:10437000713A80ED003A6E4890ED003ADFED6E3A0A
:10438000B4EEE33AF1EE10FA03D29FED6B3A80ED12
:10439000003A6A4890ED003A6548D0ED003A23EEC5
:1043A000232A674890ED003A30EEC33A6548D0EDD5
:1043B000003A63EE231A6248C0ED000A32EE823AF8
:1043C00033EE213A604880ED003AF5EEC00AF1EE96
:1043D00010FA03D201205D49887502E000205B4994
:1043E0008875594991ED003ABDEEC33A13EE100AB3
:1043F000002801DB014600E0414203EE101AB8EE4E
:10440000C33AF0EE083A23EE230A514890ED003A01
:10441000B8EEC33AB4EEC30AF1EE10FA05DD90ED42
:10442000003AB8EEC33AB0EE430AB3EE043AB4EE43
:10443000C30AF1EE10FA03D2B3EE043AB0EE430A27
:10444000444890ED003A30EE431A00E084E0B1EECB
:10445000043AB4EEC31AF1EE10FA08DD90ED003A1A
:10446000F1EE043A33EE233AB0EE430A0FE0B9EE30
:10447000043AB4EEC31AF1EE10FA08D2354890EDC2
:10448000003AF1EE043A33EE633AB0EE430A3148B3
:1044900080ED000ABCEEC03A13EE100A2B49C87535
:1044A0006EE000005C050020BE08002060050020D2
:1044B0009800002064050020680500209C00002072
:1044C0006C05002070050020A40000207405002069
:1044D00078050020A00000207C0500208005002039
:1044E000A80000209405002098050020BC000020B2
:1044F0009C050020A0050020B8000020A405002095
:10450000A8050020B0000020BC050020C005002048
:10451000C0000020C4050020C8050020C400002001
:1045200080040020DC040020780400207C040020AB
:10453000E80400200000FA430000FAC3E004002071
:10454000EC040020E4040020F0040020040000201B
:10455000B8040020F40400209FEDFD3AFD4880EDF2
:10456000003A9FEDFB3AFC4880ED003A0220FB49FF
:10457000C875002088759FEDF63AF94880ED003A3D
:104580007047F8480068F8490968401A03EE100AB5
:10459000B8EEC33AB0EE430AF44890ED003A23EE89
:1045A000003AF0EE432AEF480068F1490968884272
:1045B00003DAEF480068EB490860EA480068ED4913
:1045C0000968884203DDEB480068E6490860BDEEF3
:1045D000C03A13EE100A002801DB014600E0414218
:1045E00005297CDDE44890ED003A33EE003A80ED99
:1045F000003A90ED003A5FED313AB4EEE33AF1EE75
:1046000010FA03DD1FED353A80ED003ADA4890EDFF
:10461000003A5FED373AB4EEE33AF1EE10FA03D226
:104620001FED3B3A80ED003AD44890ED003AD24875
:10463000D0ED003A23EE232AD14890ED003A30EE37
:10464000433AD048D0ED003A63EE231ACC4880EDCF
:10465000000A32EE823A33EE213ACB4880ED003A3E
:10466000B5EEC00AF1EE10FA03D20020BB498874FF
:1046700002E00120B9498874C34991ED003ABDEECA
:10468000C33A13EE100A002801DB014600E0414264
:1046900003EE101AB8EEC33AF0EE083A63EE230ABE
:1046A000BA4890ED003AB8EEC33AF4EEC30AF1EE20
:1046B00010FA05DD90ED003AB8EEC33AF0EE430A89
:1046C000B3EE043AF4EEC30AF1EE10FA03D2B3EEFD
:1046D000043AF0EE430AAE4890ED003A00E02BE0D9
:1046E00030EEC31AB1EE043AB4EEC31AF1EE10FA8A
:1046F00008DD90ED003AF1EE043A33EE233AF0EEA5
:10470000430A0FE0B9EE043AB4EEC31AF1EE10FA20
:1047100008D29F4890ED003AF1EE043A33EE633A46
:10472000F0EE430A9A48C0ED000ABCEEE03A13EE00
:10473000100A8A49C87413E09FED853A8E4880EDCF
:10474000003A9FED833A8E4880ED003A022083497B
:10475000C874012088749FED7E3A8D4880ED003A40
:1047600070478C4800688C490968884203DA8A4897
:104770000068884908608748006888490968884255
:1047800003DD864800688349086085490968814AD5
:104790001268881A002801DB014600E04142032923
:1047A00032DD7F4800687B490968884203DD0020CC
:1047B0006A49887602E00120684988767849096864
:1047C000744A1268881A002801DB014600E0414261
:1047D00001EBC10202EB0111724A11601046006840
:1047E00071490968884203DD6F4800681146086016
:1047F0006C480068142802DA14206A490860694885
:1048000000785649C87602E000205449C8767047BF
:104810006648006866490968884203DA64480068A7
:10482000624908606148006862490968884203DD9E
:10483000604800685D4908605F4909685B4A126822
:10484000881A002801DB014600E04142032935DDDA
:104850005948006855490968884204DD00203F49ED
:1048600081F82A0003E001203C4981F82A005249DE
:1048700009684E4A1268881A002801DB014600E0E8
:10488000414201EBC10202EB0111464A11601046A0
:1048900000684A490968884203DD484800681146B3
:1048A000086040480068142802DA14203D49086076
:1048B0003C480078294981F82B0003E00020274973
:1048C00081F82B00704710B53D4800683D490968E4
:1048D000884203DA3B480068394908603848006874
:1048E00039490968884203DD37480068344908605F
:1048F000364B1B68324C24681A1B002A01DB134616
:1049000000E05342022B22DD254B1B68304C24680B
:10491000191B002901DB0B4600E04B42142B16DA71
:10492000254B1B682B4C2468181B002801DB034611
:1049300000E04342142B7BDA2448006820490968D0
:10494000884249DD0120054981F8260048E06FE0F2
:1049500000000000E8040020EC0400200400002017
:10496000F40400208C040020BC000020F804002087
:10497000840400208804002004050020FC0400209A
:1049800008050020000500200C050020B4040020CC
:1049900010050020A40400209C040020A004002096
:1049A000C000002018050020C0040020B004002032
:1049B000A8040020AC040020C4000020C40400208F
:1049C000980400209004002094040020B0000020EF
:1049D000B4010020B80100200020FA4981F8260027
:1049E000F9490968F94A1268881A002801DB01466A
:1049F00000E0414201EB8101F54A11601046006878
:104A0000F4490968884203DDF248006811460860ED
:104A1000EF480068282802DA2820ED490860EC48B1
:104A20000078E84981F827000020EB49086006E09B
:104A30000020E44981F827000120E749086010BD03
:104A40003220E6490860E649086070476420E3497F
:104A50000860E34908607047A020E0490860E04929
:104A600008607047E620DD490860DD49086070474E
:104A700000B50246FFF7F0FFDA480260DA4802604C
:104A800000BD00B50246FFF7DBFFD6480260D648FE
:104A9000026000BD00B50246FFF7D8FFD1480260B2
:104AA000D148026000BD00B50246FFF7DBFFCD48EC
:104AB0000260CD48026000BD70B5FA20CB490860A5
:104AC000CB480068CB490860FA20CB490860CB4846
:104AD0000068CB4908600020CA49086035E006E05C
:104AE000012025F03BF8FBF7C9FF00B927E0C64BD2
:104AF0001B68C04C2468191B002901DB0B4600E031
:104B00004B42BB4C2468C14D2D68621B02EBD27432
:104B10006410A342E4DCB94B1B68BD4C24681B1B2A
:104B2000032493FBF4F4BB4B1B68B54D2D68581B55
:104B3000002801DB034600E043429C42D0DB00BF7B
:104B4000B0480068401CAF490860AE480068322891
:104B5000C5DB70BD10B5B0480068002850D1AF4823
:104B6000006800284CD1AE480068002848D1AD4804
:104B70000068002844D123E00421AB4821F0EEFD79
:104B800070B98021A94821F0E9FD48B99FEDA81A24
:104B9000DFEDA80A12209FEDA80AFEF794FE08E0B8
:104BA0009FEDA31ADFEDA30A14209FEDA40AFEF7E0
:104BB0008AFE012024F0D2FFFBF760FF00B906E077
:104BC0004FF480719E4821F0C9FD0028D4D000BF69
:104BD0009FED971ADFED970A0A209FED9A0AFEF7DC
:104BE00072FE06E0012024F0B9FFFBF747FF00B991
:104BF00005E004218C4821F0B1FD0028F2D048E105
:104C00008548006801284FD18448006800284BD1AE
:104C100083480068C8BB83480068B0BB23E0042118
:104C2000814821F09BFD70B98021804821F096FDDC
:104C300048B99FED7F1ADFED7F0A12209FED7E0AB3
:104C4000FEF741FE08E09FED7A1ADFED7A0A1420A4
:104C50009FED7A0AFEF737FE012024F07FFFFBF775
:104C60000DFF00B906E04FF48071754821F076FD24
:104C70000028D4D000BF9FED6E1ADFED6E0A0A2027
:104C80009FED700AFEF71FFE07E00DE0012024F003
:104C900065FFFBF7F3FE00B905E00421624821F04F
:104CA0005DFD0028F2D0F4E05B480068012851D196
:104CB0005A48006801284DD159480068D0BB59486E
:104CC0000068B8BB24E04FF400615D4821F046FD68
:104CD00070B90121554821F041FD48B99FED541AA2
:104CE000DFED540A12209FED580AFEF7ECFD08E0B4
:104CF0009FED4F1ADFED4F0A14209FED500AFEF78B
:104D0000E2FD012024F02AFFFBF7B8FE00B906E01F
:104D10004FF480714A4821F021FD0028D3D000BF14
:104D20009FED431ADFED430A0A209FED480AFEF784
:104D3000CAFD07E00EE0012024F010FFFBF79EFE05
:104D400000B906E04FF400613D4821F007FD00285E
:104D5000F1D09EE030480068012830D12F4800682B
:104D600001282CD12E480068012828D12D48006840
:104D700028BB6DE04FF40061314821F0EFFC70B9C1
:104D800001212A4821F0EAFC48B99FED291ADFEDFC
:104D9000290A12209FED2C0AFEF795FD08E09FEDF1
:104DA000241ADFED240A14209FED240AFEF78BFD60
:104DB000012024F0D3FEFBF761FE08B94FE068E064
:104DC00046E0000004000020B0000020980400200D
:104DD00018050020BC04002074040020B404002046
:104DE000B8040020800400208C040020C0040020AF
:104DF000B4010020A4040020C4040020B801002055
:104E0000B00400203C040020C00000209C040020CE
:104E1000A8040020C4000020680200206C020020CA
:104E200070020020740200200010024000040240C2
:104E30003333333F000061440000C8C3000061C445
:104E4000000002400000164300C0C1C40080D444EA
:104E50004FF48071F74821F081FC00288AD000BF10
:104E60001FED0D1A5FED0D0A0A201FED080AFEF76F
:104E70002AFD06E0012024F071FEFBF7FFFD00B9DA
:104E800006E04FF40061EB4821F068FC0028F1D007
:104E900000BF0020FEF7EBFB10BD2DE9F0410546F9
:104EA0000E460020E4490860C820E4490860E4494F
:104EB0000860E4480068F430E3490860E3480068AB
:104EC000F530E3490860002415E006E0012024F0F5
:104ED00045FEFBF7D3FD00B90BE0DE490968DC4A6B
:104EE0001268881A002801DB014600E0414232299D
:104EF000ECDC00BF641C322CE7DB9FEDD71A00EE20
:104F0000106AF8EEC00A102000EE105AB8EEC00A7F
:104F1000FEF7D9FC002410E006E0012024F01EFE7C
:104F2000FBF7ACFD00B906E04FF48071C14821F0F9
:104F300015FC0128F1D000BF641C962CECDB9FED22
:104F4000C61A00EE106AF8EEC00A0C2000EE105AE5
:104F5000B8EEC00AFEF7B7FC002417E006E0012017
:104F600024F0FCFDFBF78AFD00B90DE04FF48071E1
:104F7000B04821F0F3FB0128F1D04FF48051AD4847
:104F800021F0ECFB0028EAD000BF641C962CE5DB86
:104F90000020FEF76CFBFA20A8490860AB480068C7
:104FA000AB490860002415E006E0012024F0D6FD9E
:104FB000FBF764FD00B90BE0A6490968A44A126832
:104FC000881A002801DB014600E041420A29ECDC96
:104FD00000BF641C322CE7DB9FED9F1A00EE106AC5
:104FE000F8EEC00A282000EE105AB8EEC00AFEF70C
:104FF0006AFC002415E006E0012024F0AFFDFBF779
:105000003DFD00B90BE08021944821F0A7FB012869
:1050100005D10121914821F0A1FB0128ECD000BF6E
:10502000641CB4F57A7FE6DB4FF4FA7024F096FD49
:10503000322082490860854800680E308449086043
:105040009FED851A00EE106AF8EEC00A1D2000EEF2
:10505000105AB8EEC00AFEF736FC00240FE006E056
:10506000012024F07BFDFBF709FD00B905E00121DB
:105070007B4821F073FB0128F2D000BF641C40F292
:1050800026208442EBDB9FED741A00EE106AF8EEE6
:10509000C00A082000EE105AB8EEC00AFEF713FC52
:1050A000002410E006E0012024F058FDFBF7E6FCA8
:1050B00000B906E04FF40051694821F04FFB012888
:1050C000F1D000BF641CB4F57A7FEBDB0020FEF763
:1050D000CEFAFA205A4908605A480068C01D5A4959
:1050E0000860002415E006E0012024F037FDFBF7FE
:1050F000C5FC00B90BE05B490968534A1268881A7D
:10510000002801DB014600E041421929ECDC00BF28
:10511000641CFA2CE7DB9FED541A00EE106AF8EEDF
:10512000C00A122000EE105AB8EEC00AFEF7CBFB00
:10513000002416E006E0012024F010FDFBF79EFCA1
:1051400000B90CE04FF400613A4821F007FB012858
:1051500005D10421424821F001FB0128EBD000BF1A
:10516000641C40F6F6108442E4DBFDF7B6FA06E074
:10517000012024F0F3FCFBF781FC00B914E0FBF7FD
:10518000B3FC8046FBF783FC071E01DB384600E0DA
:105190007842B8F1000F01DB414601E0C8F100019F
:1051A0000844B0F5D27FE3DB00BF002410E006E046
:1051B000012024F0D3FCFBF761FC00B906E04FF4BA
:1051C0008041274821F0CAFA0128F1D000BF641CB1
:1051D00040F6F6108442EADBFFF73EFC40F209108D
:1051E000194908601A4908609FED1F1A00EE106AFD
:1051F000F8EEC00A0C2000EE105AB8EEC00AFEF716
:1052000062FB00240FE006E0012024F0A7FCFBF77E
:1052100035FC00B905E01021114821F09FFA012862
:10522000F2D000BF641C642CEDDB0020FEF71FFAF7
:10523000BDE8F0810000024084020020B404002098
:10524000B80400207804002080040020840400209A
:105250008C040020BC000020CDCC4C3F0004024058
:1052600000100240B80000206666663F10B50521B8
:105270000420FDF7A7F9F748C07F40F00200F54988
:10528000C8770020F449086011E006E0012024F00E
:1052900065FCFBF7F3FB00B903E0F0480068012868
:1052A000F4D000BFEC480068401CEB490860EA48B5
:1052B0000068FA28E9DBE748C07F00F0FD00E54917
:1052C000C8770120E54908600020E549086010BD65
:1052D0002DE9F0472DED028B81460F461646984684
:1052E0009DED0A8ADDE90B450020FEF7C0F99FED30
:1052F000DD1AF8EEC80A102000EE106AB8EEC00AF7
:10530000FEF7E1FA404624F029FC0020FEF7AFF951
:105310004FF49672DFEDD40A0021B7EE080A484632
:10532000FEF735FE0020FEF7A2F9FFF795FBCF4808
:105330000068FA30CE490860CE480068FA30CE499D
:1053400008600020C449086019E006E0012024F04C
:1053500005FCFBF793FB00B90BE0C8490968C64A96
:105360001268881A002801DB014600E041420F293B
:10537000ECDC00BFB8480068401CB7490860B6487C
:1053800000683228E1DB1FED4C1A00EE105AF8EEEF
:10539000C00A142000EE104AB8EEC00AFEF793FAD5
:1053A0000020AD49086014E006E0012024F0D6FB9F
:1053B000FBF764FB00B906E04FF48071B04821F0C0
:1053C000CDF90128F1D000BFA3480068401CA249D4
:1053D0000860A14800689628E6DB1FED611A00EE20
:1053E000105AF8EEC00A0E2000EE104AB8EEC00ABD
:1053F000FEF769FA0020984908601BE006E00120EA
:1054000024F0ACFBFBF73AFB00B90DE04FF48071E0
:105410009B4821F0A3F90128F1D04FF4805198481E
:1054200021F09CF90028EAD000BF8B480068401C9E
:1054300089490860884800689628DFDB0020FEF76D
:1054400016F987480068012801D1FFF70FFF2946A8
:105450002046FFF722FD0020FEF709F94FF496726F
:10546000DFED810A0021B7EE080A3846FEF78FFD0E
:105470000020FEF7FCF8BDEC028BBDE8F0872DE9BB
:10548000F04104460D467F48006800287ED1FFF7B2
:10549000E3FA764800680D30754908607548006881
:1054A000C01C75490860002615E006E0012024F0C4
:1054B00055FBFBF7E3FA00B90BE0704909686E4A47
:1054C0001268881A002801DB014600E041420A29DF
:1054D000ECDC00BF761C322EE7DB9FED621A00EE9B
:1054E000105AF8EEC00A142000EE104AB8EEC00AB6
:1054F000FEF7E9F9002610E006E0012024F02EFB7B
:10550000FBF7BCFA00B906E04FF480715C4821F06B
:1055100025F90028F1D000BF761CB6F57A7FEBDBC9
:105520009FED501A00EE105AF8EEC00A0B2000EE64
:10553000104AB8EEC00AFEF7C6F900261BE006E0E6
:10554000012024F00BFBFBF799FA00B911E04FF4AE
:1055500080714B4821F002F90028F1D080214A489F
:1055600021F0FCF828B90121474821F0F7F800287C
:10557000E6D000BF761CB6F57A7FE0DBFA2043491F
:1055800008603C480068F5303B4900E023E00860D3
:105590009FED3F1A00EE105AF8EEC00A232000EEED
:1055A000104AB8EEC00AFEF78EF900260FE006E0BA
:1055B000012024F0D3FAFBF761FA00B905E00121DC
:1055C000344821F0CBF80028F2D000BF761C40F21E
:1055D00026208642EBDB00202A4908609FED2C1A2A
:1055E00000EE105AF8EEC00A192000EE104AB8EE8C
:1055F000C00AFEF768F9002610E006E0012024F05A
:10560000ADFAFBF73BFA00B906E04FF40051214830
:1056100021F0A4F80028F1D000BF761C40F226202B
:105620008642EADB9FED1A1A00EE105AF8EEC00A25
:105630000B2000EE104AB8EEC00AFEF744F900262F
:105640003AE029E0012024F089FAFBF717FA00B9C3
:1056500030E021E0040000203C0400201003002082
:105660000C0300203333333FCDCC4C3E7804002074
:1056700080040020840400208C040020BC00002052
:10568000000002408402002000040240B404002014
:105690009A99993E001002404FF48041FB4821F056
:1056A0005DF80028CED04FF40051F84821F056F8AC
:1056B0000028C7D000BF761C40F2DC508642C0DB19
:1056C000FA20F3490860F3480068F530F2490860B1
:1056D0001FED111A00EE105AF8EEC00A0A2000EE73
:1056E000104AB8EEC00AFEF7EEF806E0012024F0FA
:1056F00035FAFBF7C3F900B905E01021E34821F0C2
:105700002DF80028F2D000BFFCF7E7FF06E00120EB
:1057100024F024FAFBF7B2F900B914E0FBF7E4F93E
:105720008046FBF7B4F9071E01DB384600E07842FB
:10573000B8F1000F01DB414601E0C8F10001084467
:10574000B0F5BE7FE3DB00BF0020FDF790FFBDE8B2
:10575000F0812DE9F0472DED028B81460F4614466E
:1057600098469DED0A8ADDE90B560020FDF77FFF84
:105770004FF4AF70FFF78EF90020FDF778FFB6EE1B
:10578000001AF8EEC80A102000EE104AB8EEC00A5F
:10579000FEF799F8404624F0E1F90020FDF767FF95
:1057A0004FF496725FED500A0021B7EE080A4846A2
:1057B000FEF7EDFB0020FDF75AFF40F20910FFF75E
:1057C00057F90020B549086019E006E0012024F0EF
:1057D000C5F9FBF753F900B90BE0B1490968B14AC3
:1057E0001268881A002801DB014600E041420A29BC
:1057F000ECDC00BFA9480068401CA8490860A74825
:1058000000683228E1DBB7EE001A00EE106AF8EE0D
:10581000C00A0F2000EE105AB8EEC00AFEF753F887
:1058200000209E49086014E006E0012024F096F96B
:10583000FBF724F900B906E04FF480719A4820F094
:105840008DFF0028F1D000BF94480068401C9349A8
:10585000086092480068B0F57A7FE5DB962024F076
:105860007DF90020FDF703FF90480068012801D171
:10587000FFF7FCFC31462846FFF701FE0020FDF74C
:10588000F6FE4FF496725FED880A0021B7EE080A23
:105890003846FEF77CFB0020FDF7E9FEBDEC028BED
:1058A000BDE8F08770B582480068451D81480068F2
:1058B000461D40F23520FFF7DBF87F4800680028DE
:1058C00053D17E48006800284FD17D4800680028E9
:1058D0004BD17C480068002847D1704908603DE002
:1058E00023E079480068A84209DD1FEDA21ADFED28
:1058F000770A12209FED760AFDF7E5FF0EE01FED17
:10590000A71ADFED720A0F209FED720AFDF7DBFF89
:105910007148C07F40F080006F49C877012024F0B3
:105920001DF9FBF7ABF800B912E04FF480515E4867
:1059300020F014FF0028D4D059480068594909685C
:10594000441A002C01DB204600E060421E28C8DC1F
:1059500000BF52480068401C504908604F4800682A
:1059600040F20E618842BBDB36E1534800680128F3
:1059700053D15248006800284FD151480068D8BB25
:1059800050480068C0BB0020444908603EE023E066
:105990004D480068A84209DD1FEDCE1ADFED4B0A25
:1059A00012209FED4B0AFDF78EFF0EE01FEDD31A7C
:1059B000DFED460A0F209FED470AFDF784FF4648BA
:1059C000C07F40F020004449C877012024F0C6F889
:1059D000FBF754F800B913E04FF48051324820F03F
:1059E000BDFE0028D4D02E4800682E490968441A0C
:1059F000002C02DB204601E00FE060421E28C7DCDD
:105A000000BF26480068401C2449086023480068FD
:105A100040F20E618842BADBDEE0274800680128C8
:105A200032D12648006801287ED12548006858BB3D
:105A30002448006840BB0020184908606DE053E02E
:105A400026480068B04209DD1FEDFA1ADFED1F0A93
:105A500012209FED230AFDF736FF0EE09FED211A7D
:105A6000DFED1A0A0F209FED1B0AFDF72CFF1A48E5
:105A7000C07F40F080001849C877012024F06EF8FC
:105A8000FAF7FCFF08B942E04EE02DE000100240BA
:105A9000B804002078040020800400203C0400208A
:105AA000BC0000208C040020000002400C030020F9
:105AB000A8010020B0010020680200206C02002034
:105AC0007002002074020020A00000200000614449
:105AD000008022C4000061C404000020A400002053
:105AE00000C0C1C43333333F4FF48051F84820F035
:105AF00035FE0028A4D0F7480068F7490968441A21
:105B0000002C01DB204600E060421E2898DC00BF2C
:105B1000F2480068401CF1490860F048006840F213
:105B20000E6188428BDB57E0ED480068012853D1B5
:105B3000EC48006801284FD1EB48006801284BD1A0
:105B4000EA480068C0BB0020E44908603EE023E06A
:105B5000E7480068B04209DD1FED1E1A5FED250A17
:105B600012201FED210AFDF7AEFE0EE01FED231AF5
:105B70005FED2A0A0F201FED290AFDF7A4FEDD487C
:105B8000C07F40F02000DB49C877012023F0E6FF0A
:105B9000FAF774FF00B913E04FF48051CC4820F0BD
:105BA000DDFD0028D4D0CB480068CB490968441AF1
:105BB000002C02DB204601E00EE060421E28C7DC1C
:105BC00000BFC6480068401CC4490860C34800685C
:105BD00040F20E618842BADB0020FDF748FD70BD3F
:105BE00010B5BF48006800286ED1BE480068002884
:105BF0006AD1BD480068002866D1BC48006800280A
:105C000062D140F23520FEF745FF0020B34908601D
:105C10002AE01FE0B6480068B7490968884209DDF4
:105C20001FED501A5FED570A12201FED530AFDF7C2
:105C30004AFE08E01FED551A5FED5C0A0C201FEDCF
:105C40005B0AFDF740FE012023F088FFFAF716FFFC
:105C500000B903E0A94800680628DBDC00BF9F48C4
:105C60000068401C9D4908609C48006840F20E6135
:105C70008842CEDB9FEDA21A5FED6C0A0E209FEDED
:105C8000A10AFDF720FE00209449086013E006E019
:105C9000012023F063FFFAF7F1FE00B905E0944814
:105CA0000068954909688842F2DC00BF8B480068AB
:105CB000401C8A490860894800689628E7DB4FF451
:105CC000FA6023F04BFFFEE08548006801286FD1A1
:105CD0008448006800286BD183480068002867D199
:105CE00082480068002863D140F23520FEF7D2FEDA
:105CF00000207A4908602AE01FE07D4800687E495C
:105D00000968884209DD1FED891A5FED900A1220AB
:105D10001FED8D0AFDF7D7FD08E01FED8E1A5FED30
:105D2000950A0C201FED950AFDF7CDFD012023F00B
:105D300015FFFAF7A3FE00B903E0704800680628D3
:105D4000DBDC00BF65480068401C644908606348AC
:105D5000006840F20E618842CEDB9FED691A5FED6C
:105D6000A50A0E209FED670AFDF7ADFD00205B49F7
:105D7000086013E006E0012023F0F0FEFAF77EFE53
:105D800000B905E05A4800685B4909688842F2DCBE
:105D900000BF52480068401C504908604F480068E6
:105DA0009628E7DB4FF4FA6023F0D8FE8BE0FFE79C
:105DB0004B480068012841D14A48006801283DD17C
:105DC00049480068C8BB49480068B0BB40F235206C
:105DD000FEF760FEB6EE001A5FEDC40A0E209FEDDE
:105DE0004A0AFDF770FD00203C49086013E006E018
:105DF000012023F0B3FEFAF741FE00B905E03C486C
:105E000000683D4909688842F2DC00BF33480068F9
:105E1000401C32490860314800689628E7DBB6EE3E
:105E2000001A5FEDD60A0A209FED360AFDF74BFDFA
:105E30004FF4FA6023F092FE45E0FFE7284800683F
:105E4000012840D12748006801283CD12648006835
:105E5000012838D125480068A8BB40F23520FEF75C
:105E600019FEB6EE001A5FEDE70A0E209FED260A36
:105E7000FDF729FD00201949086013E006E0012024
:105E800023F06CFEFAF7FAFD00B905E01848006847
:105E9000194909688842F2DC00BF10480068401CBC
:105EA0000E4908600D4800689628E7DBB6EE001A38
:105EB0005FEDFA0A0A209FED130AFDF704FD4FF487
:105EC000FA6023F04BFE0020FDF7D1FB10BD00006F
:105ED00000000240BC0000208C0400203C04002094
:105EE000680200206C020020700200207402002072
:105EF000A400002004000020B00100209800002031
:105F0000CDCCCC3D0000E1440080ED4410B502460C
:105F1000101E01DB044600E044422146322900DD28
:105F20003221072901DA042010BD01EB410000EB0A
:105F3000C100484340F6C41490FBF4F0031D18461A
:105F4000F2E72DE9F04104460D460020FD490860C6
:105F50003BE02AE0FC480068071B3846FFF7D6FF05
:105F60000646F9480068001B002809DD9FEDF71A76
:105F7000DFEDF70A30469FEDF70AFDF7A4FC10E0CD
:105F8000F1480068001B09D59FEDF01ADFEDF00A1B
:105F900030461FED240AFDF796FC02E00020FDF7D5
:105FA00066FBFAF76BFD00B909E0E7490968081BD1
:105FB000002801DB014600E041420029CADC00BFA5
:105FC000E0480068401CDF490860DE480068A842DD
:105FD000BFDBBDE8F08110B5DF480068002848D17C
:105FE000DE480068002844D1DD480068002840D120
:105FF000DC480068E0BB40F23520FEF739FDB6EE24
:10600000001ADFEDD30A0E209FEDD70AFDF75BFCE7
:106010000020CC49086019E00CE0012023F09EFD2F
:10602000D248C07F40F08000D049C877FAF726FDFB
:1060300000B905E0C4480068CD4909688842ECDC35
:1060400000BFC0480068401CBE490860BD480068E9
:106050009628E1DBB6EE001ADFEDBD0A0A209FEDBF
:10606000BD0AFDF730FC4FF4FA6023F077FD0FE135
:10607000FFE7B9480068012847D1B8480068E0BB8D
:10608000B7480068C8BBB7480068B0BB40F23520CD
:10609000FEF7EEFCB6EE001ADFEDAD0A0E209FED26
:1060A000B20AFDF710FC0020A649086019E00CE0D8
:1060B000012023F053FDAD48C07F40F02000AB49E4
:1060C000C877FAF7DBFC00B905E09F480068A849EB
:1060D00009688842ECDC00BF9A480068401C994976
:1060E0000860984800689628E1DBB6EE001ADFEDFC
:1060F000980A0A209FED970A00E006E0FDF7E3FB0F
:106100004FF4FA6023F02AFDC2E0934800680128AA
:106110005DD192480068012859D191480068002853
:1061200055D190480068E0BBC82191480068FFF74E
:1061300008FF40F23520FEF7ADFC9FED8E1ADFED33
:10614000840A12209FED8C0AFDF7BDFB00207D49DB
:1061500008601DE006E0FAF791FC00B912E00120AA
:1061600023F0FCFC854909680629F4DC84490968A8
:10617000844A1268881A002801DB014600E0414287
:10618000C829E8DC00BF6F480068401C6D49086002
:106190006C48006840F20E618842DBDB7348C07FC8
:1061A00000E014E040F080007049C8770020FDF75F
:1061B0005EFA1FEDAD1ADFED660A0A209FED650A53
:1061C000FDF781FB40F6C41023F0C8FC60E0624894
:1061D000006801285CD161480068012858D16048F6
:1061E0000068012854D15F480068E0BBC8216048BE
:1061F0000068FFF7A6FE40F23520FEF739FC9FED60
:106200005D1ADFED530A0F209FED5B0AFDF75BFB84
:1062100000204C4908601DE006E0FAF72FFC00B9A9
:1062200012E0012023F09AFC544909680629F4DCA5
:1062300053490968534A1268881A002801DB01464D
:1062400000E04142C829E8DC00BF3E480068401C2D
:106250003C4908603B48006840F20E618842DBDB45
:106260004248C07F00E013E040F020003F49C8777B
:106270000020FDF7FCF91FEDDE1ADFED350A0A20DC
:106280009FED340AFDF71FFB40F6C41023F066FCB7
:106290000020FDF7ECF910BD10B54FF461714842D4
:1062A000FEF7FBFDFEF7DEFB37480068FA303749A2
:1062B000086037480068FA3032490860354800689D
:1062C00000283ED13448006800283AD1334800689D
:1062D000002836D19FED271ADFED1D0A14209FED0F
:1062E000260AFDF7F0FA00201649086020E006E0D3
:1062F000012023F033FCFAF7C1FB00B912E04FF4A0
:106300008071274820F02AFA0128F1D01C48006843
:106310001C490968441A002C01DB204600E0604259
:106320001428E5DC00BF07480068401C05490860E8
:106330000448006840F20E618842D8DB9FED0D1AD8
:1063400030E056E03C040020A00000206666663F76
:106350000000614400000000680200206C02002080
:1063600070020020740200200000C84204000020D7
:10637000A80100203333333F000061C4980000209F
:10638000BC0000208C040020780400208004002041
:1063900084040020E8000020EC000020F000002031
:1063A000000002405FED160A0A201FED0D0AFDF7FE
:1063B0008AFA0020FC49086014E006E0012023F07E
:1063C000CDFBFAF75BFB00B906E04FF48051F748CC
:1063D00020F0C4F90028F1D000BFF3480068401C49
:1063E000F1490860F048006840F20E618842E4DB41
:1063F00013E0EF480068012802D1FFF753FA0CE0E0
:10640000EC480068012802D1FFF7E5FD05E0EA4805
:106410000068012801D1FFF7E3FB0020FDF727F911
:1064200010BD10B5E5480068002856D1E448006862
:10643000002852D1E348006800284ED1E2480068A5
:1064400000284AD1D849086019E006E0012023F06D
:1064500085FBFAF713FB00B90BE0DC490968DC4A5D
:106460001268881A002801DB014600E041420A292F
:10647000ECDC00BFCC480068401CCB490860CA482F
:106480000068FA28E1DBB6EE001A5FED4F0A05203E
:106490009FEDD00AFDF717FA0020C349086014E009
:1064A00006E0012023F05AFBFAF7E8FA00B906E00B
:1064B0004FF40061BD4820F051F90028F1D000BF31
:1064C000B9480068401CB8490860B7480068962879
:1064D000E6DB0020FDF7CBF87CE0B8480068012837
:1064E00078D1BD480068002874D1AF49086019E030
:1064F00006E0012023F032FBFAF7C0FA00B90BE006
:10650000B2490968B24A1268881A002801DB0146BC
:1065100000E041420A29ECDC00BFA3480068401CAF
:10652000A1490860A0480068FA28E1DBB6EE001A2D
:106530005FED790A05201FED700AFDF7C4F9002010
:106540009949086014E006E0FAF798FA00B909E002
:10655000012023F003FB4FF48071944820F0FEF8F3
:106560000028F1D000BF90480068401C8E490860A8
:106570008D48006840F20E618842E4DB0020FDF7A0
:1065800076F8B6EE001A5FED8E0A05209FED910AAF
:10659000FDF799F900208449086014E006E0012025
:1065A00023F0DCFAFAF76AFA00B906E04FF400616A
:1065B0007E4820F0D3F80028F1D000BF7A48006868
:1065C000401C79490860784800689628E6DB00207E
:1065D000FDF74DF810BD00B5FEF73EFAF6207F49F5
:1065E00008607B49086000BD10B574480068002849
:1065F0006AD173480068002866D172480068002894
:1066000062D17148006800285ED1FFF7E4FF9FED7A
:10661000741A5FEDB10A10201FEDB20AFDF753F9AD
:106620000020614908601FE006E0012023F096FA8F
:10663000FAF724FA00B911E004216A4820F08EF834
:106640000028F2D06148006861490968441A002CAA
:1066500001DB204600E060421E28E6DC00BF524815
:106660000068401C504908604F4800689628DBDBF2
:106670005D48C07F40F080005B49C8779FED581AA5
:106680005FEDCD0A08201FEDCD0AFDF71CF90020B3
:106690004549086013E006E0012023F05FFAFAF7AD
:1066A000EDF900B905E08021504820F057F80028A6
:1066B000F2D000BF3C480068401C3B4908603A48A3
:1066C00000689628E7DB68E13C48006801286AD149
:1066D0003B480068002866D13A480068002862D12B
:1066E0003948006800285ED1FFF775FF9FED3C1A1E
:1066F0005FEDE90A10201FEDE90AFDF7E4F800203C
:10670000294908601FE006E0012023F027FAFAF784
:10671000B5F900B911E00421324820F01FF8002833
:10672000F2D02A4800682A490968441A002C01DB83
:10673000204600E060421E28E6DC00BF1A480068E0
:10674000401C19490860184800689628DBDB264879
:10675000C07F40F020002449C8779FED211ADFED6B
:10676000240A08209FED230AFDF7ADF800200E490A
:10677000086013E006E0012023F0F0F9FAF77EF953
:1067800000B905E0802119481FF0E8FF0028F2D089
:1067900000BF05480068401C0349086002480068C3
:1067A0009628E7DBF9E027E03C04002000000240E7
:1067B000E8000020F0000020EC000020680200202B
:1067C0006C0200207002002074020020BC00002037
:1067D0008C0400200000E1447802002080040020A6
:1067E000CDCC4C3F001002400400002000040240C9
:1067F0000000614400000000FE480068012863D1E9
:10680000FD48006801285FD1FC480068C8BBFC480F
:106810000068B0BBFFF7DFFE23E00421F9481FF05A
:106820009DFF70B98021F8481FF098FF48B99FED8F
:10683000F71A5FED110A12209FEDF50AFDF743F8F4
:1068400008E09FEDF21A5FED160A0E209FEDF10AA7
:10685000FDF739F8012023F081F9FAF70FF900B9B3
:1068600013E04FF48071EC481FF078FF0028D4D07B
:10687000EA480068EA490968441A002C02DB20460D
:1068800001E021E060421428C7DC00BFE548C07F7A
:1068900040F08000E349C8779FEDDC1A5FED2C0AD9
:1068A00008209FEDE10AFDF70EF806E0012023F035
:1068B00055F9FAF7E3F800B905E08021D2481FF056
:1068C0004DFF0028F2D068E0CA480068012864D172
:1068D000C9480068012860D1C848006801285CD117
:1068E000C7480068B0BBFFF776FE23E00421C54827
:1068F0001FF034FF70B98021C3481FF02FFF48B943
:106900009FEDC21A5FED460A12209FEDC10AFCF707
:10691000DAFF08E09FEDBD1A5FED4B0A0E209FEDF8
:10692000BD0AFCF7D0FF012023F018F9FAF7A6F80A
:1069300000B913E04FF48071B7481FF00FFF002833
:10694000D4D0B6480068B6490968441A002C02DB66
:10695000204601E021E060421428C7DC00BFB148B6
:10696000C07F40F02000AF49C8779FEDA81A5FEDC7
:10697000600A08209FEDAC0AFCF7A5FF06E00120A5
:1069800023F0ECF8FAF77AF800B905E080219E4888
:106990001FF0E4FE0028F2D000BF0020FCF767FEE5
:1069A00010BD10B593480068002869D1924800686E
:1069B000002865D191480068002861D1904800689E
:1069C00000285DD1FFF707FE24E04FF400619248F4
:1069D0001FF0C4FE70B901218B481FF0BFFE48B9FB
:1069E0009FED8A1A5FED7E0A10209FED900AFCF75A
:1069F0006AFF08E09FED851A5FED830A0E209FED88
:106A0000850AFCF760FF012023F0A8F8FAF736F8B2
:106A100000B912E04FF480717F481FF09FFE0028FC
:106A2000D3D07E4800687E490968441A002C01DBF7
:106A3000204600E060421428C7DC00BF7948C07FD0
:106A400040F080007749C8779FED701A5FED980A93
:106A500008209FED770AFCF736FF06E0012023F0BF
:106A60007DF8FAF70BF800B905E0012166481FF040
:106A700075FE0028F2D000BF0020FCF7F8FD89E188
:106A80005C480068012869D15B480068002865D12E
:106A90005A480068002861D15948006800285DD133
:106AA000FFF799FD24E04FF400615B481FF056FEAC
:106AB00070B9012154481FF051FE48B99FED531A97
:106AC0005FEDB50A10209FED590AFCF7FCFE08E0C7
:106AD0009FED4E1A5FEDBA0A0E209FED4E0AFCF7AD
:106AE000F2FE012023F03AF8F9F7C8FF00B912E0EE
:106AF0004FF4807148481FF031FE0028D3D047483A
:106B0000006847490968441A002C01DB204600E070
:106B100060421428C7DC00BF4248C07F40F020001C
:106B20004049C8779FED391A5FEDCF0A08209FEDE5
:106B3000400AFCF7C8FE06E0012023F00FF8F9F741
:106B40009DFF00B905E001212F481FF007FE002836
:106B5000F2D000BF0020FCF78AFD1BE12548006849
:106B6000012846D124480068012842D12348006802
:106B700000283ED12248006800283AD1FFF72BFDBB
:106B80001FEDE91A5FEDE60A10201FEDEE0AFCF793
:106B90009AFE00202749086020E006E0012022F04C
:106BA000DDFFF9F76BFF00B912E04FF400611A48FE
:106BB0001FF0D4FD0028F1D0184800681849096872
:106BC000441A002C01DB204600E060422828E5DC66
:106BD00000BF18480068401C164908601548006846
:106BE0009628DADB0F48C07F40F080000D49C87757
:106BF00022E053E0680200206C02002070020020B6
:106C00007402002000100240000402403333333F7E
:106C1000008009C4000061C400000240BC000020E4
:106C20008C040020040000200000C84200C0A8C45A
:106C30000080D4443C0400209FEDFE1ADFEDFE0AE4
:106C400008209FEDFE0AFCF73EFE0020FC4908608C
:106C50001FE006E0012022F081FFF9F70FFF00B9E5
:106C600011E00121F7481FF079FD0028F2D0F64825
:106C70000068F6490968441A002C01DB204600E050
:106C800060421428E6DC00BFED480068401CEC4977
:106C90000860EB4800689628DBDB7BE0EC48006886
:106CA000012877D1EB480068012873D1EA480068D1
:106CB00001286FD1E9480068E0BBFFF78CFC9FED2D
:106CC000DD1ADFEDDD0A10209FEDDC0AFCF7FBFD8D
:106CD0000020DB49086020E006E0012022F03EFFB2
:106CE000F9F7CCFE00B912E04FF40061DC481FF068
:106CF00035FD0028F1D0D4480068D4490968441A09
:106D0000002C01DB204600E060422828E5DC00BFC3
:106D1000CB480068401CCA490860C94800689628EA
:106D2000DADBD048C07F40F02000CE49C8779FED25
:106D3000C11A00E02EE0DFEDC00A08209FEDBF0A77
:106D4000FCF7C1FD0020BE4908601FE006E00120FD
:106D500022F004FFF9F792FE00B911E00121B948D1
:106D60001FF0FCFC0028F2D0B7480068B74909685A
:106D7000441A002C01DB204600E060421428E6DCC7
:106D800000BFAF480068401CAD490860AC480068CF
:106D90009628DBDB0020FCF76AFC10BD10B54FF431
:106DA00061714842FEF779F840F20910FDF760FE84
:106DB000AD480068002846D1AC480068002842D1A0
:106DC000AB48006800283ED1AA480068D0BBAA485A
:106DD0000068B8BB1FED731ADFED970A10201FED96
:106DE000730AFCF770FD00209549086020E006E07A
:106DF000F9F744FE00B915E0012022F0AFFE4FF490
:106E0000807197481FF0AAFC0028F1D08E480068D6
:106E10008E490968441A002C01DB204600E06042DC
:106E20000A28E5DC00BF86480068401C84490860E9
:106E30008348006840F20E618842D8DB0020FCF7EE
:106E400016FC14E0FFE788480068012802D1FDF72E
:106E500081FE0CE085480068012802D1FFF7A1FD02
:106E600005E083480068012801D1FFF7BDFB002041
:106E7000FCF7FDFB10BD2DE9F04105460E46FDF780
:106E8000EBFD7E4800681B387D4908607D4800683E
:106E900019386E490860002415E006E0012022F050
:106EA0005DFEF9F7EBFD00B90BE067490968674A39
:106EB0001268881A002801DB014600E041420729D8
:106EC000ECDC00BF641CFA2CE7DB9FED5A1A00EEE5
:106ED000106AF8EEC00A0D2000EE105AB8EEC00A93
:106EE000FCF7F1FC002417E006E0012022F036FE5A
:106EF000F9F7C4FD00B90DE04FF4807158481FF058
:106F00002DFC0128F1D04FF4805155481FF026FC8C
:106F10000028EAD000BF641C962CE5DB0020FCF7BB
:106F2000A6FBFA205849086058480068474908609D
:106F3000002415E006E0012022F010FEF9F79EFD86
:106F400000B90BE040490968404A1268881A0028D5
:106F500001DB014600E041422829ECDC00BF641C53
:106F6000322CE7DB9FED331A00EE106AF8EEC00A10
:106F7000282000EE105AB8EEC00AFCF7A4FC00244A
:106F800015E006E0012022F0E9FDF9F777FD00B9F0
:106F90000BE080212B481FF0E1FB012805D10121E6
:106FA00028481FF0DBFB0128ECD000BF641C40F236
:106FB0001A408442E5DB4FF4FA7022F0CFFD322014
:106FC00031490860314800680C30204908609FED65
:106FD000191A00EE106AF8EEC00A1D2000EE105AD1
:106FE000B8EEC00AFCF76FFC00240FE006E00120B9
:106FF00022F0B4FDF9F742FD00B905E00121244873
:107000001FF0ACFB0128F2D000BF641C40F2262028
:107010008442EBDB9FED071A00EE106AF8EEC00A1F
:10702000082000EE105AB8EEC00AFCF74CFC002411
:1070300041E00000CDCC4C3F000061440000E14441
:107040003C04002000040240BC0000208C0400200E
:10705000680200206C0200207002002074020020F0
:107060000000024004000020E8000020EC000020A6
:10707000F0000020F8000020F40000207C04002034
:107080008004002088040020B40400208404002030
:107090000010024006E0012022F060FDF9F7EEFC4E
:1070A00000B906E04FF40051F7481FF057FB0128E4
:1070B000F1D000BF641CB4F57A7FEBDB0020FCF755
:1070C000D6FAFA20F1490860F1480068C01DF1497C
:1070D0000860002415E006E0012022F03FFDF9F7EA
:1070E000CDFC00B90BE0EC490968EA4A1268881A3D
:1070F000002801DB014600E041421E29ECDC00BF14
:10710000641CFA2CE7DB1FED351A00EE106AF8EE6E
:10711000C00A122000EE105AB8EEC00AFCF7D3FBEA
:10712000002416E006E0012022F018FDF9F7A6FC85
:1071300000B90CE04FF40061D8481FF00FFB0128A4
:1071400005D10421D0481FF009FB0128EBD000BF76
:10715000641C962CE6DBFBF7C0FA06E0052022F063
:10716000FDFCF9F78BFC00B914E0F9F7BDFC804693
:10717000F9F78DFC071E01DB384600E07842B8F1D4
:10718000000F01DB414601E0C8F100010844B0F501
:10719000C87FE3DB00BF002410E006E0012022F0FE
:1071A000DDFCF9F76BFC00B906E04FF48041B6480E
:1071B0001FF0D4FA0128F1D000BF641C40F6F6108D
:1071C0008442EADBFDF748FC40F20910B14908604F
:1071D000B34908601FED691A00EE106AF8EEC00AA4
:1071E000102000EE105AB8EEC00AFCF76CFB002429
:1071F0000FE006E0012022F0B1FCF9F73FFC00B9F6
:1072000005E01021A0481FF0A9FA0128F2D000BF24
:10721000641C642CEDDB0020FCF729FABDE8F0814A
:1072200010B54FF461714842FFF725FE40F2091096
:10723000FDF71EFC9B480068002863D19A4800684F
:1072400000285FD19948006800285BD19FED981A0B
:107250005FED870A14209FED970AFCF734FB0020AE
:107260009549086020E006E0012022F077FCF9F75C
:1072700005FC00B912E04FF4807188481FF06EFAE7
:107280000028F1D08D48006885490968441A002C0F
:1072900001DB204600E060420A28E5DC00BF8648AA
:1072A0000068401C8449086083480068FA28DADBDB
:1072B0009FED7F1A5FEDA00A0A209FED7E0AFCF782
:1072C00002FB00207C49086014E006E0012022F067
:1072D00045FCF9F7D3FB00B906E04FF480716F4825
:1072E0001FF03CFA0028F1D000BF73480068401C32
:1072F0007149086070480068FA28E6DB0020FCF756
:10730000B6F90CE067480068012802D1FDF722FCBD
:1073100005E066480068012801D1FFF765F9002003
:10732000FCF7A5F910BD10B540F23520FDF7A0FB24
:107330006348006800284AD162480068002846D1A6
:1073400061480068002842D160480068D0BB29E04D
:1073500004214D481FF002FA70B980215C481FF0EB
:10736000FDF948B99FED5B1A5FEDCD0A12209FED44
:107370005A0AFCF7A8FA0EE09FED561A5FEDD20A02
:1073800010209FED4C0AFCF79EFA5448C07F40F055
:1073900080005249C877012022F0E0FBF9F76EFB2C
:1073A00000B913E04FF480513C481FF0D7F9002892
:1073B000CED0424800683A490968441A002C02DBE2
:1073C000204601E003E060426428C1DC17E13C484C
:1073D0000068012848D13B48006880BB3A480068F3
:1073E00068BB3A48006850BB2AE0042126481FF0D9
:1073F000B5F970B9802136481FF0B0F948B99FED52
:10740000351A5FEDF30A12209FED330AFCF75BFAA1
:107410000EE09FED301A5FEDF80A10209FED250A6F
:10742000FCF751FA2D48C07F40F020002B49C87767
:10743000012022F093FBF9F721FB08B913E013E0D8
:107440004FF4805115481FF089F90028CDD01B4812
:10745000006813490968441A002C01DB204600E04B
:1074600060426428C1DCCAE015480068012876D172
:1074700014480068012872D11348006818B91348ED
:10748000006800B957E06AE000100240B80400202C
:107490007804002080040020B80000200000024092
:1074A0008C040020E8000020EC000020F000002008
:1074B0006666663F000061C43C040020BC000020FA
:1074C000680200206C02002070020020740200207C
:1074D000000402403333333F0000E1C304000020C6
:1074E0000121FA481FF03AF978B94FF40061F848E1
:1074F0001FF034F948B91FED091ADFEDF60A122022
:107500009FEDF50AFCF7DFF90EE01FED0E1ADFED37
:10751000F10A10201FED190AFCF7D5F9EF48C07FDA
:1075200040F08000ED49C877012022F017FBF9F701
:10753000A5FA00B912E04FF48051E5481FF00EF9AA
:107540000028CDD0E6480068E6490968441A002CB6
:1075500001DB204600E060426428C1DC4FE0E248E5
:10756000006801284BD1E1480068012847D1E04874
:107570000068012843D1DF480068D8BB2AE0012118
:10758000D2481FF0EBF878B94FF40061D0481FF0F3
:10759000E5F848B91FED311ADFEDCE0A12209FED54
:1075A000CE0AFCF790F90EE01FED361ADFEDC90A9E
:1075B00010201FED400AFCF786F9C848C07F40F054
:1075C0002000C649C877012022F0C8FAF9F756FA18
:1075D00000B913E04FF48051BD481FF0BFF80028F8
:1075E000CDD0BF480068BF490968441A002C02DBAF
:1075F000204601E003E060426428C0DC00BF0020B8
:10760000FCF735F810BD10B5B748006800286AD1FE
:10761000B6480068002866D1B5480068002862D1E5
:10762000B448006800285ED1FEF7D5FF24E04FF48F
:107630000061A7481FF092F870B90121A3481FF01C
:107640008DF848B91FED5D1ADFEDA20A10209FEDFD
:10765000AA0AFCF738F908E01FED621ADFED9D0A6F
:107660000E201FED6C0AFCF72EF9012022F076FAAD
:10767000F9F704FA00B917E08021A0481FF06EF86E
:1076800030B94FF480719D481FF068F80028CED0C3
:107690009348006893490968441A002C01DB20468E
:1076A00000E060421428C2DC00BF8C48C07F40F07C
:1076B00080008A49C8771FED791ADFED860A082015
:1076C0009FED8F0AFCF7FFF806E0012022F046FA52
:1076D000F9F7D4F900B905E001217C481FF03EF824
:1076E0000028F2D0AFE18048006801286AD17F48C5
:1076F0000068002866D17E480068002862D17D4875
:10770000006800285ED1FEF766FF24E04FF40061B8
:107710006F481FF023F870B901216C481FF01EF864
:1077200048B91FED941ADFED6B0A10209FED720A25
:10773000FCF7C9F808E01FED991ADFED660A0E2084
:107740001FEDA40AFCF7BFF8012022F007FAF9F7B1
:1077500095F900B917E0802168481EF0FFFF30B9A5
:107760004FF4807165481EF0F9FF0028CED05C48C8
:1077700000685C490968441A002C01DB204600E0DF
:1077800060421428C2DC00BF5448C07F40F0200093
:107790005249C8771FEDB11ADFED4E0A08209FED60
:1077A000580AFCF790F806E0012022F0D7F9F9F723
:1077B00065F900B905E0012144481EF0CFFF00281B
:1077C000F2D040E14848006801286FD1474800687E
:1077D00001286BD146480068002867D145480068F9
:1077E000002863D1FEF7F7FE06E0012022F0B6F98B
:1077F000F9F744F900B90BE039490968394A1268C8
:10780000881A002801DB014600E041420F29ECDC28
:1078100000BFB6EE001ADFED2F0A0F209FED380AE9
:10782000FCF751F800203749086020E006E001200D
:1078300022F094F9F9F722F900B912E04FF400614F
:1078400023481EF08BFF0028F1D025480068254909
:107850000968441A002C01DB204600E06042282819
:10786000E5DC00BF27480068401C26490860254821
:1078700000689628DADB1948C07F40F0800017497D
:10788000C877B6EE001ADFED130A08209FED1C0A38
:10789000FCF719F800201B4908603EE007E00120D2
:1078A00022F05CF9F9F7EAF808B930E03AE0012192
:1078B00006481EF053FF0028F1D009480068094926
:1078C0000968441A002C1FDB20461EE00004024019
:1078D00000000240000061440040CEC404000020CB
:1078E000BC0000208C040020680200206C020020F4
:1078F000700200207402002000C0A8C400100240E2
:107900000000E1443C04002060421428C7DC00BFB2
:10791000FB480068401CFA490860F948006896284E
:10792000BCDB90E0F748006801286FD1F64800689A
:1079300001286BD1F5480068012867D1F448006838
:10794000002863D1FEF747FE06E0012022F006F989
:10795000F9F794F800B90BE0EE490968EE4A1268AD
:10796000881A002801DB014600E041420F29ECDCC7
:1079700000BFB6EE001A5FED290A0F201FED200AA6
:10798000FBF7A1FF0020DE49086020E006E00120AF
:1079900022F0E4F8F9F772F800B912E04FF4006150
:1079A000DE481EF0DBFE0028F1D0DA480068DA4934
:1079B0000968441A002C01DB204600E060422828B8
:1079C000E5DC00BFCE480068401CCD490860CC48CB
:1079D00000689628DADBD248C07F40F02000D0490A
:1079E000C8779FEDD01A5FED450A08201FED3C0ACD
:1079F000FBF769FF0020C249086020E007E0012092
:107A000022F0ACF8F9F73AF808B912E01BE00121CE
:107A1000C5481EF0A3FE0028F1D0BE480068BE494C
:107A20000968441A002C01DB204600E0604214285B
:107A3000E5DC00BFB2480068401CB1490860B048AE
:107A400000689628DADB0020FBF711FE10BD10B5A8
:107A50004FF461714842FFF70EFAB44800680028FD
:107A600075D1B3480068002871D1B2480068002879
:107A70006DD14FF4F070FCF7FBFF9FEDAF1A5FED97
:107A80006B0A14209FEDAD0AFBF71DFF00209C49F7
:107A9000086020E006E0012022F060F8F8F7EEFF31
:107AA00000B912E04FF480719C481EF057FE012887
:107AB000F1D09848006898490968441A002C01DB05
:107AC000204600E060421428E5DC00BF8C480068D6
:107AD000401C8B4908608A48006840F20E61884269
:107AE000D8DB9FED951A5FED850A0A209FED930A7A
:107AF000FBF7E9FE00208249086020E006E0012053
:107B000022F02CF8F8F7BAFF00B912E04FF48051D8
:107B100082481EF023FE0028F1D07E4800687E498E
:107B20000968441A002C01DB204600E0604214285A
:107B3000E5DC00BF72480068401C7149086070486D
:107B4000006840F20E618842D8DB0DE0FFE777481D
:107B50000068012802D1FFF7E6FB05E074480068E1
:107B6000012801D1FFF74FFD0020FBF780FD10BD7C
:107B700010B573494842FDF782FC40F20910FCF74A
:107B800077FFB6EE001ADFED6D0A14201FEDAF0A85
:107B9000FBF799FE00205A49086020E006E0F8F75C
:107BA0006DFF00B915E0012021F0D8FF4FF480717E
:107BB0005A481EF0D3FD0028F1D0564800685649B7
:107BC0000968441A002C01DB204600E060421428BA
:107BD000E5DC00BF4A480068401C49490860484845
:107BE000006840F20E618842D8DB55494842FDF7F3
:107BF00046FC40F20910FCF73BFFB6EE001ADFED41
:107C00004F0A14201FEDCD0AFBF75DFE00203C4912
:107C1000086020E006E0F8F731FF00B915E0012028
:107C200021F09CFF4FF480713C481EF097FD002826
:107C3000F1D03848006838490968441A002C01DB43
:107C4000204600E060421428E5DC00BF2C480068B4
:107C5000401C2B4908602A48006840F20E618842A7
:107C6000D8DB37494842FDF70AFC10BD70B52548FE
:107C7000006800286AD124480068002866D123489B
:107C80000068002862D12248006800287CD140F2B8
:107C90003520FCF7EDFE00201949086019E006E0E8
:107CA000012021F05BFFF8F7E9FE00B90BE019496C
:107CB0000968194A1268881A002801DB014600E0A9
:107CC00041426429ECDC00BF0D480068401C0C49AF
:107CD00008600B480068FA28E1DB1148C07F40F0DB
:107CE00080000F49C877B6EE001ADFED160A0E20A5
:107CF0009FED150AFBF7E7FD0020014908603AE017
:107D00003C040020680200206C0200207002002069
:107D100074020020BC0000208C04002000000240FF
:107D200004000020CDCC4C3F00040240E8000020BD
:107D3000EC000020F00000203333333F000061C42A
:107D40007CFCFFFF00006144000048421CE006E0AC
:107D5000012021F003FFF8F791FE00B905E0F84893
:107D60000068F84909688842F2DC00BFF6480068FC
:107D7000401CF5490860F44800689628E7DB4FF49A
:107D8000FA6021F0EBFE88E1F0480068012861D13B
:107D9000EF48006800285DD1EE480068002859D1FE
:107DA000ED480068002855D140F23520FCF760FE10
:107DB0000020E549086019E006E0012021F0CEFE30
:107DC000F8F75CFE00B90BE0E4490968E44A126880
:107DD000881A002801DB014600E041426429ECDCFE
:107DE00000BFD9480068401CD7490860D6480068E1
:107DF000FA28E1DBDB48C07F40F02000D949C87792
:107E0000B6EE001A5FED310A0E201FED310AFBF7C6
:107E10005AFD0020CC49086013E006E0012021F063
:107E20009DFEF8F72BFE00B905E0C5480068C5497E
:107E300009688842F2DC00BFC3480068401CC249A0
:107E40000860C14800689628E7DB4FF4FA6021F02B
:107E500085FE22E1BD48006801286FD1BC4800685A
:107E600001286BD1BB480068002867D1BA48006878
:107E7000002863D140F23520FCF70CFE0020B24907
:107E800008601AE006E0012021F068FEF8F7F6FD30
:107E900000B90CE0B1490968B14A1268881A002893
:107EA00001DB014600E04142B1F5967FEBDC00BF0B
:107EB000A5480068401CA4490860A3480068FA2847
:107EC000E0DB1FED681A5FED610A0A209FEDA60A4C
:107ED000FBF7F9FCFAF701FC06E0012021F03EFE79
:107EE000F8F7CCFD00B912E0F8F7FEFD0546F8F70B
:107EF000CEFD041E01DB204600E06042002D01DBC8
:107F0000294600E069420844B0F5FA6FE5DB00BF9E
:107F10000020FBF7ACFB9348C07F40F08000914904
:107F2000C877B6EE001A5FED790A0A209FED8F0A36
:107F3000FBF7C9FC00208449086014E01CE006E05F
:107F4000012021F00BFEF8F799FD00B905E07C480F
:107F500000687C4909688842F2DC00BF7A48006802
:107F6000401C79490860784800689628E7DB4FF4A0
:107F7000FA6021F0F3FD90E07448006801286FD1A9
:107F80007348006801286BD172480068012867D1E6
:107F900071480068002863D140F23520FCF77AFD73
:107FA0000020694908601AE006E0012021F0D6FDB2
:107FB000F8F764FD00B90CE068490968684A12687E
:107FC000881A002801DB014600E04142B1F5967FA6
:107FD000EBDC00BF5C480068401C5B4908605A4805
:107FE0000068FA28E0DB1FEDB11A5FEDAA0A0A204B
:107FF0009FED5D0AFBF767FCFAF76FFB06E00120D7
:1080000021F0ACFDF8F73AFD00B912E0F8F76CFD8D
:108010000546F8F73CFD041E01DB204600E0604207
:10802000002D01DB294600E069420844B0F5FA6FF3
:10803000E5DB00BF0020FBF71AFB4A48C07F40F099
:1080400020004849C877B6EE001A5FEDC20A0A2040
:108050009FED460AFBF737FC00203B49086014E01F
:108060001BE006E0012021F079FDF8F707FD00B9DB
:1080700005E033480068334909688842F2DC00BFF4
:1080800031480068401C304908602F480068962835
:10809000E7DB4FF4FA6021F061FD0020FBF7E7FA1F
:1080A00070BD10B54FF461714842FDF7E8F93048F2
:1080B0000068002866D12F480068002862D12E4849
:1080C0000068D8BB2D480068C0BB40F20910FCF71F
:1080D000CFFC1FEDEC1A5FEDE50A14201FEDE90A55
:1080E000FBF7F1FB00201849086020E006E0F8F7F4
:1080F000C5FC00B915E0012021F030FD4FF480717E
:108100001F481EF02BFB0028F1D0144800681449CA
:108110000968441A002C01DB204600E060421E285A
:10812000E5DC00BF08480068401C074908600648B5
:10813000006840F20E618842D8DB29E022E00000AE
:10814000A0000020A80100203C04002068020020BC
:108150006C0200207002002074020020BC0000208D
:108160008C04002004000020008022C400000000D5
:10817000E8000020EC000020F0000020F8000020C3
:1081800000000240FE480068012801D1FFF76EFDA3
:108190000020FBF76CFA10BD10B54FF46171484236
:1081A000FDF76DF9F748006800284BD1F6480068E4
:1081B000002847D1F2480068002843D1F3480068FE
:1081C00000283FD1F2480068D8BB40F20910FCF704
:1081D0004FFC9FEDF01ADFEDF00A14209FEDEF0A3F
:1081E000FBF771FB0020EE49086020E006E0F8F79D
:1081F00045FC00B915E0012021F0B0FC4FF480717E
:10820000E8481EF0ABFA0028F1D0E7480068E749DB
:108210000968441A002C01DB204600E060421E2859
:10822000E5DC00BFDE480068401CDD490860DC4832
:10823000006840F20E618842D8DB0020FBF717FA95
:108240000DE0FFE7D0480068012802D1FEF7A9FB46
:1082500005E0CB480068012801D1FEF7C5F90020F0
:10826000FBF705FA10BD70B504460B46201E01DB76
:10827000064600E0464231463C2901DD104670BD0D
:108280000F2901DA1846FAE700EE901AF8EEE00A34
:108290009FEDC71A30EE811A00EE901AF8EEE00A50
:1082A00080EE810AD01A00EE900AB8EEE01A00EED5
:1082B000903AF8EEE00A41EE000AFDEEE00A10EE18
:1082C000905A2846DBE72DE9F04704460D4616464E
:1082D0001F46DDF820A00020B14908603EE02DE0F7
:1082E000B4480068A0EB04093A4631464846FFF717
:1082F000BAFF8046AF480068001B002809DD9FEDEB
:10830000AE1ADFEDA50A40469FEDAC0AFBF7DBFA9B
:1083100010E0A8480068001B09D59FEDA71ADFED03
:108320009E0A40461FED6F0AFBF7CDFA02E00120DE
:10833000FBF79DF9F8F7A2FB00B909E09D49096830
:10834000081B002801DB014600E041425145C7DC23
:1083500000BF93480068401C91490860904800683D
:10836000A842BCDBBDE8F08708B540F2C620FCF7A8
:108370007FFB00208A49086019E006E0012021F017
:10838000EDFBF8F77BFB00B90BE087490968874AEA
:108390001268881A002801DB014600E041420A29E0
:1083A000ECDC00BF7E480068401C7D4908607C48CA
:1083B00000689628E1DB00207949086012E006E0B9
:1083C000012021F0CBFBF8F759FB00B904E0794814
:1083D0000068B0F5827FF3DB00BF71480068401C85
:1083E0006F4908606E48006840F21A418842E6DB37
:1083F0000020FBF73CF90420714900900968A1F1C5
:108400000D00282306224FF47A71FFF75CFF9FEDE1
:108410006D1ADFED610A0F209FED600AFBF753FA3A
:1084200000205F49086014E006E0012021F096FB7F
:10843000F8F724FB00B906E04FF4805159481EF0CC
:108440008DF90028F1D000BF55480068401C544900
:1084500008605348006840F21A418842E4DB0A2071
:10846000FBF705F947480068012857D156480068CE
:10847000012813D15548006880B95548006868B98B
:108480005448006850B90420322305224FF47A7111
:1084900000904B480068FFF716FF17E04A48006855
:1084A000012813D14948006801280FD148480068C5
:1084B00060B94848006848B90420322305224FF4C7
:1084C0007A71009044480068FFF7FDFE9FED3D1A69
:1084D000DFED310A0E209FED310AFBF7F4F90020A1
:1084E0002F49086014E006E0012021F037FBF8F77F
:1084F000C5FA00B906E04FF480512A481EF02EF963
:108500000028F1D000BF26480068401C24490860BC
:108510002348006840F21A418842E4DB0020FBF760
:10852000A6F808BD08B540F2C620FCF7A1FA002065
:108530001B49086019E006E0012021F00FFBF8F765
:108540009DFA00B90BE018490968184A1268881AA0
:10855000002801DB014600E041420A29ECDC00BFB3
:108560000F480068401C0E4908600D4800689628B6
:10857000E1DB0420194900900968A1F10F002FE008
:10858000F0000020E8000020EC000020F8000020AF
:10859000F4000020CDCC4C3F00006144000061C4D9
:1085A0003C04002000000240BC0000208C0400209D
:1085B00000000C42A40000206666663F0000E14413
:1085C000C8010020CDCC4C3E680200206C02002087
:1085D0007002002074020020CC010020E001002085
:1085E0002D2305224FF47A71FFF76DFE0020FBF773
:1085F0003EF81FED181A5FED180A0F201FED190A3B
:10860000FBF761F90020FE49086014E006E0012054
:1086100021F0A4FAF8F732FA00B906E04FF48051DD
:10862000F8481EF09BF80028F1D000BFF44800681D
:10863000401CF3490860F248006840F21A41884241
:10864000E4DB0A20FBF713F8EF480068012857D154
:10865000EE480068012813D1ED48006880B9ED4864
:10866000006868B9EC48006850B90420322305223C
:108670004FF47A710090E9480068FFF724FE17E094
:10868000E2480068012813D1E148006801280FD1B1
:10869000E048006860B9E048006848B90420322327
:1086A00005224FF47A710090DD480068FFF70BFE59
:1086B0001FED481A5FED480A0F201FED480AFBF72F
:1086C00002F90020CE49086014E006E0012021F004
:1086D00045FAF8F7D3F900B906E04FF48051C948DC
:1086E0001EF03CF80028F1D000BFC5480068401CCF
:1086F000C3490860C248006840F21A418842E4DB7E
:108700000020FAF7B4FF08BDF8B542F2D87444F27D
:10871000506740F2C620FCF7ABF90020B84908606A
:1087200012E006E0012021F019FAF8F7A7F900B9E4
:1087300004E0BC480068B0F5B97FF3DB00BFB04887
:108740000068401CAE490860AD48006840F21A411C
:108750008842E6DB4FF47A6021F000FA0020FAF755
:1087600086FFA948006801285BD19FEDAF1A5FED35
:10877000760A1E201FED6F0AFBF7A5F8F9F7ADFF8B
:1087800006E0052021F0EAF9F8F778F900B911E0E0
:10879000F8F7AAF90646F8F77AF9051E01DB28462C
:1087A00000E06842002E01DB314600E071420844DF
:1087B000A042E6DB00BF0020FAF759FF05201E2388
:1087C00002464FF47A71009098480068FFF77BFDED
:1087D0001FED901A5FED900A0F201FED900AFBF736
:1087E00072F800208649086014E006E0012021F0BC
:1087F000B5F9F8F743F900B906E04FF48051814824
:108800001DF0ACFF0028F1D000BF7D480068401C7F
:108810007B4908607A48006840F21A418842E4DBEC
:1088200076E079480068002872D181480068A8BBCA
:108830009FED7D1A5FEDA80A1E201FEDA00AFBF731
:1088400042F8F9F74AFF06E0012021F087F9F8F72E
:1088500015F900B911E0F8F747F90646F8F717F9E6
:10886000051E01DB284600E06842002E01DB314690
:1088700000E071420844A042E6DB00BF0020FAF7A6
:10888000F6FE0420694900900968A1F10F001E233B
:1088900005224FF47A71FFF716FD39E0FFE76448CF
:1088A0000068012834D19FED601A5FEDC50A1E20D3
:1088B0001FEDBE0AFBF707F8F9F70FFF06E00120EE
:1088C00021F04CF9F8F7DAF800B911E0F8F70CF9F3
:1088D0000646F8F7DCF8051E01DB284600E0684292
:1088E000002E01DB314600E071420844B842E6DB6D
:1088F00000BF0020FAF7BBFE04204E490090096833
:10890000A1F10F001E2305224FF47A71FFF7DBFC63
:108910000020FAF7ACFEF8BD38B540F2C620FCF7EF
:10892000A7F89FED411A5FEDE40A0A209FED420A85
:10893000FAF7C9FF40F6AC5021F010F91420FAF70D
:1089400096FE00202E49086012E006E0012021F08A
:1089500005F9F8F793F800B904E038480068B0F575
:10896000B97FF3DB00BF26480068401C244908603B
:108970002348006840F21A418842E6DB4FF47A60EF
:1089800021F0ECF80020FAF772FE1F480068012879
:108990006FD19FED251ADFED2A0A1E209FED290ACF
:1089A000FAF791FFF9F799FE06E0052021F0D6F8D5
:1089B000F8F764F800B913E0F8F796F80546F8F709
:1089C00066F8041E01DB204600E06042002D01DB5A
:1089D000294600E06942084442F210718842E4DB13
:1089E00000BF0020FAF743FE04201E2305224FF4A7
:1089F0007A7100900D480068FFF765FC24E00000E4
:108A00003C04002000000240E80000206802002032
:108A10006C0200207002002074020020E00100209F
:108A2000DC010020A40000209A99193FD001002009
:108A3000EC020020C801002000803B44A000002080
:108A400000006144000000001FED091A5FED040AF8
:108A50000F209FEDFB0AFAF736FF0020F949086066
:108A600015E007E0012021F079F8F8F707F808B9D8
:108A700007E013E04FF48051F3481DF06FFE00282B
:108A8000F0D000BFEF480068401CEE490860ED4898
:108A9000006840F21A418842E3DB79E0EB48006865
:108AA000002875D1EA480068B0BB1FED211A5FEDC0
:108AB0001C0A1E201FED1D0AFAF705FFF9F70DFE2F
:108AC00006E0012021F04AF8F7F7D8FF00B912E0DC
:108AD000F8F70AF80546F7F7DAFF041E01DB20462F
:108AE00000E06042002D01DB294600E069420844B5
:108AF000B0F5FA5FE5DB00BF0020FAF7B8FD04200F
:108B0000D44900900968A1F10F001E2305224FF4FB
:108B10007A71FFF7D8FB3BE0FFE7CD4800680128FA
:108B200036D11FED3F1A5FED3A0A1E201FED3B0ABA
:108B3000FAF7C9FEF9F7D1FD06E0012021F00EF8A1
:108B4000F7F79CFF00B913E0F7F7CEFF0546F7F7FC
:108B50009EFF041E01DB204600E06042002D01DB89
:108B6000294600E06942084444F250618842E4DB4F
:108B700000BF0020FAF77BFD0420B7490090096888
:108B8000A1F10F001E2305224FF47A71FFF79BFB22
:108B90000A20FAF76CFD0120B049086038BD2DE9C4
:108BA000F04105460E460020AD490860FBF75AFF2C
:108BB000AC4800680A30AC490860AC4800680A302C
:108BC000AB490860002415E006E0012020F0C6FF54
:108BD000F7F754FF00B90BE0A6490968A44A1268E8
:108BE000881A002801DB014600E041420829ECDC3C
:108BF00000BF641C322CE7DB9FED9F1A00EE106A69
:108C0000F8EEC00A0D2000EE105AB8EEC00AFAF7CE
:108C10005AFE002410E006E0012020F09FFFF7F745
:108C20002DFF00B906E04FF4807187481DF096FDD6
:108C30000028F1D000BF641CB4F57A7FEBDBB6EE00
:108C4000001A00EE106AF8EEC00A0A2000EE105A70
:108C5000B8EEC00AFAF737FE00241BE006E0012058
:108C600020F07CFFF7F70AFF00B911E04FF48071A4
:108C700075481DF073FD0028F1D080217F481DF05C
:108C80006DFD28B901217D481DF068FD0028E6D062
:108C900000BF641CB4F57A7FE0DB4FF4967020F0DF
:108CA0005DFF0020FAF7E3FCF52075490860754880
:108CB000006814386E490860002415E006E00120C1
:108CC00020F04CFFF7F7DAFE00B90BE069490968BC
:108CD000674A1268881A002801DB014600E0414219
:108CE0001E29ECDC00BF641CFA2CE7DB0020FAF73D
:108CF000BEFC9FED651A00EE106AF8EEC00A1C205B
:108D000000EE105AB8EEC00AFAF7DDFD00240FE0BD
:108D100006E0022020F022FFF7F7B0FE00B905E0E0
:108D200001215A481DF01AFD0028F2D000BF641C32
:108D300040F226208442EBDBB7EE001A00EE106A08
:108D4000F8EEC00A102000EE105AB8EEC00AFAF78A
:108D5000BAFD002410E006E0012020F0FFFEF7F746
:108D60008DFE00B906E04FF4005148481DF0F6FCB6
:108D70000028F1D000BF641C40F226208442EADBC8
:108D800038480068401D384908609FED3F1A00EEE2
:108D9000106AF8EEC00A082000EE105AB8EEC00AB9
:108DA000FAF791FD002410E006E0012020F0D6FE45
:108DB000F7F764FE00B906E04FF4804133481DF038
:108DC000CDFC0028F1D000BF641CB4F57A7FEBDB4A
:108DD0000020FAF74CFCF5202D4908602D4800686A
:108DE000143821490860002415E006E0012020F035
:108DF000B5FEF7F743FE00B90BE0274909681A4AA8
:108E00001268881A002801DB014600E041421E2951
:108E1000ECDC00BF641C322CE7DB0020FAF727FCF7
:108E2000B6EE001A00EE106AF8EEC00A0A2000EE54
:108E3000105AB8EEC00AFAF746FD00243EE00000E2
:108E4000000061C43C04002000000240E800002053
:108E5000F0020020D0010020E0010020FC000020F2
:108E60008402002078040020800400208404002074
:108E70008C040020BC0000203333333F0004024048
:108E8000B4040020880400209A99993E0010024002
:108E9000B80400207C040020B800002006E0012077
:108EA00020F05CFEF7F7EAFD00B905E01021FB4871
:108EB0001DF054FC0028F2D000BF641CB4F5FA7F0A
:108EC000ECDBF9F70AFC06E0052020F047FEF7F797
:108ED000D5FD00B914E0F7F707FE8046F7F7D7FD98
:108EE000071E01DB384600E07842B8F1000F01DBD5
:108EF000414601E0C8F100010844B0F5FA7FE3DB28
:108F000000BF0520FAF7B3FBBDE8F0812DE9F05F63
:108F100082460D4614461E46DDE90B9BDDF828808F
:108F2000DF490968881B002801DB014600E0414257
:108F300001FB0BF74F4500DD4F46D9480068801B09
:108F4000404510DAE81B00EE900AF8EEE00AB0EEB9
:108F5000600AB6EE001A00EE904AF8EEE00A5046BB
:108F6000FAF7B1FC22E0CE480068801B404510DDD6
:108F7000E81900EE900AF8EEE00AB0EE600AB6EEEC
:108F8000001A00EE904AF8EEE00A5046FAF79BFC11
:108F90000CE0B6EE001A00EE104AF8EEC00A504699
:108FA00000EE105AB8EEC00AFAF78DFCBDE8F09F4B
:108FB0002DE9F05F82460D4614461E46DDE90B9B07
:108FC000DDF82880B6490968881B002801DB0146C6
:108FD00000E0414201FB0BF74F4500DD4F46B04832
:108FE0000068801B404510DAE81900EE900AF8EEA0
:108FF000E00AB0EE600AB6EE001A00EE904AF8EE13
:10900000E00A5046FAF75FFC22E0A5480068801BA2
:10901000404510DDE81B00EE900AF8EEE00AB0EEE5
:10902000600AB6EE001A00EE904AF8EEE00A5046EA
:10903000FAF749FC0CE0B6EE001A00EE104AF8EE22
:10904000C00A504600EE105AB8EEC00AFAF73BFCD0
:10905000BDE8F09F2DE9F05F82460D4614461E469E
:10906000DDE90B9BDDF828808E490968881B002804
:1090700001DB014600E0414201FB0BF74F4500DDFB
:109080004F4688480068801B404510DAE81B00EE18
:10909000900AF8EEE00AB0EE600A1FED851A00EEC5
:1090A000904AF8EEE00A5046FAF70DFC22E07D48BF
:1090B0000068801B404510DDE81900EE900AF8EECC
:1090C000E00AB0EE600A1FED901A00EE904AF8EE4A
:1090D000E00A5046FAF7F7FB0CE01FED951A00EE98
:1090E000104AF8EEC00A504600EE105AB8EEC00A18
:1090F000FAF7E9FBBDE8F09F2DE9F05F82460D46E7
:1091000014461E46DDE90B9BDDF828806549096899
:10911000881B002801DB014600E0414201FB0BF700
:109120004F4500DD4F465F480068801B404510DA20
:10913000E81900EE900AF8EEE00AB0EE600A1FEDC2
:10914000AE1A00EE904AF8EEE00A5046FAF7BBFB82
:1091500022E054480068801B404510DDE81B00EE0B
:10916000900AF8EEE00AB0EE600A1FEDB91A00EEC0
:10917000904AF8EEE00A5046FAF7A5FB0CE01FED26
:10918000BE1A00EE104AF8EEC00A504600EE105A21
:10919000B8EEC00AFAF797FBBDE8F09F2DE9F05F43
:1091A00082460D4614461E46DDE90B9BDDF82880FD
:1091B0003D490968881B002801DB014600E0414267
:1091C00001FB0BF74F4500DD4F4637480068801B19
:1091D000404510DAE81B00EE900AF8EEE00AB0EE27
:1091E000600A1FEDDB1A00EE904AF8EEE00A5046E6
:1091F000FAF769FB22E02C480068801B404510DD2F
:10920000E81900EE900AF8EEE00AB0EE600A1FEDF1
:10921000E61A00EE904AF8EEE00A5046FAF753FBE1
:109220000CE09FED221A00EE104AF8EEC00A5046FC
:1092300000EE105AB8EEC00AFAF745FBBDE8F09F01
:109240002DE9F05F82460D4614461E46DDE90B9B74
:10925000DDF8288016490968881B002801DB0146D3
:1092600000E0414201FB0BF74F4500DD4F4610483F
:109270000068801B40451FDAE81B00EE900AF8EEFC
:10928000E00AB0EE600A9FED0B1A00EE904AF8EE8D
:10929000E00A5046FAF717FB31E0000000100240E8
:1092A000A4000020A00000209C000020B81E453F24
:1092B000980000203333333FFE480068801B404550
:1092C00010DDE81900EE900AF8EEE00AB0EE600A50
:1092D0001FED081A00EE904AF8EEE00A5046FAF741
:1092E000F2FA0CE01FED0D1A00EE104AF8EEC00A7B
:1092F000504600EE105AB8EEC00AFAF7E4FABDE89C
:10930000F09FED48407800F0100088B3EA484078BC
:1093100000F0020060BBE848C07948BBE6488079AD
:1093200030BBE6480068E6490968884221DDE2482A
:10933000407800F0010058B1E24800681438DF4975
:109340000968884204DD7820DF4981F8270003E0BE
:109350003C20DD4981F827000120DB4981F8260007
:10936000D6480068D94908600120D94908603EE024
:10937000FFE7D148407800F0080088B3CE48407835
:1093800000F0020060BBCC48C07948BBCA48807975
:1093900030BBCA480068CB490968884221DAC64810
:1093A000407800F0010058B1C4480168C448006822
:1093B0001430814204DD7820C34981F8270003E09E
:1093C0003C20C14981F827000020BF4981F82600D0
:1093D000BA480068BD4908600120BD49086006E040
:1093E000FFE70020BA490860B74981F827007047B5
:1093F000B148407800F0400070B3AF48407800F0CA
:10940000020048BBAC48C07930BBAB48807918BB80
:10941000B0480068B049096888421DDAA64840781B
:1094200000F0010050B1AB480168AC48006814304E
:10943000814203DDB420A449C87602E03C20A24961
:10944000C8760120A0498876A2480068A44908602F
:109450000120A449086036E09748407800F0800079
:1094600070B39548407800F0020048BB9248C0793C
:1094700030BB9148807918BB9648006897490968C5
:1094800088421DDD8C48407800F0010050B19248C0
:10949000006814388F490968884203DDB4208A497E
:1094A000C87602E03C208849C87600208649887644
:1094B000884800688A49086001208A49086002E0FB
:1094C00000208849086070477B48407800F0200001
:1094D00088B37948407800F0020060BB7648C079D4
:1094E00048BB7548807930BB7F4800687F49096870
:1094F000884221DD7048407800F0010058B17C4876
:109500000068143878490968884204DDB4206E493F
:1095100081F82B0003E046206B4981F82B000020E6
:10952000694981F82A007048006872490860012082
:10953000714908603BE0FFE75F48407800F00400B5
:1095400088B35D48407800F0020060BB5A48C0799B
:1095500048BB5948807930BB634800686449096852
:10956000884221DA5448407800F0010058B15E4842
:1095700001685E4800681430814204DDB42052491D
:1095800081F82B0003E046204F4981F82B00012091
:109590004D4981F82A005448006856490860012066
:1095A0005549086003E0FFE7002053490860704711
:1095B00010B54FF461714842FFF7F1FA9FED4F1A71
:1095C000DFED4F0A0A209FED4F0AFAF77CF940F6CB
:1095D000B83020F0C3FA0020FAF749F800204A49D1
:1095E000086001204949086010BD10B54FF4617151
:1095F0004842FBF744FF9FED411ADFED410A0A2084
:109600009FED400AFAF75FF940F6B83020F0A6FA6D
:109610000020FAF72CF800203B49086001203B4964
:10962000086010BD10B50020FAF721F8F9F720FD09
:10963000254890F8230000F0FD00234981F823001D
:10964000FBF704FA4FF48C70314908603149086027
:109650006420314908603148006826490860782054
:109660002F4908602F4800681D49086096202E4940
:1096700008602E480068154908601348C07F00F054
:109680007F001149C8770846C07F00F0DF00C87727
:10969000084690F8230000F0FE0081F823000846F9
:1096A000C07F00F0F700C8770846C07F00F0BF0019
:1096B000C8773DE0980000201B090020B000002082
:1096C000900400209404002004000020980400204E
:1096D00050050020C0000020A00400209C040020B1
:1096E000A404002054050020C4000020A804002089
:1096F000AC040020B004002058050020CDCC4C3F25
:1097000000006144000061C4380300207C02002096
:10971000800400208C040020C4040020B801002034
:10972000C0040020B4010020BC04002080010020FF
:109730000846C07F00F0EF00C8770846C07F00F001
:10974000FB00C877F7F79AF910BD10B50020F9F7BC
:109750008EFFF9F78DFCFBF779F9E820F9490860ED
:10976000F94908606420F9490860F9480068F94936
:109770000860F948C07F00F07F00F749C8770846C5
:10978000C07F00F0DF00C8770846C07F00F0F70018
:10979000C8770846C07F00F0BF00C8770846C07F82
:1097A00000F0EF00C8770846C07F00F0FB00C877E4
:1097B00010BDE948C07F40F08000E749C8770846FF
:1097C000C07F40F02000C877704770B50446E3487A
:1097D0000568A54220DA6420DC490860DD480460A1
:1097E0000020DF49086012E006E0012020F0B6F911
:1097F000F7F744F900B904E0E01ED8490968884247
:10980000F3DC00BFD6480068401CD5490860D44846
:1098100000683228E8DB21E0A5421FDD6420CB4947
:109820000860CC4804600020CD49086012E006E0E2
:10983000012020F093F9F7F721F900B904E0C748B7
:109840000168E01C8142F3DC00BFC5480068401C91
:10985000C3490860C24800683228E8DB70BD10B513
:109860000020BF4908603BE026E04FF48051BD482E
:109870001CF074FF48B98021BA481CF06FFF20B972
:109880000421B948FAF715F80FE04FF48061B748A2
:109890001CF064FF48B90121B2481CF05FFF20B9F9
:1098A00004214FF46170FAF704F8012020F056F912
:1098B000F7F7E4F800B90DE04FF48051A9481CF027
:1098C0004DFF0028D1D04FF48061A8481CF046FF1E
:1098D0000028CAD000BFA2480068401CA049086008
:1098E0009F480068B0F5FA7FBEDB4FF4966020F029
:1098F00035F90020F9F7BBFE10BD10B500209849DE
:10990000086031E01CE04FF4805196481CF026FFBF
:1099100020B904210020F9F7CCFF0AE04FF4806160
:1099200092481CF01BFF20B904214FF4E160F9F7C5
:10993000C0FF012020F012F9F7F7A0F800B90DE000
:109940004FF4805187481CF009FF0028DBD04FF40A
:10995000806186481CF002FF0028D4D000BF8048F8
:109960000068401C7E4908607D480068B0F57A7F39
:10997000C8DB4FF47A7020F0F1F80020F9F777FE99
:1099800010BD10B500207649086031E01CE04FF4AE
:10999000805174481CF0E2FE28B904214FF4E160C4
:1099A000F9F787FF09E04FF4806170481CF0D6FE9C
:1099B00018B904210020F9F77CFF012020F0CEF82F
:1099C000F7F75CF800B90DE04FF4805165481CF0E2
:1099D000C5FE0028DBD04FF4806164481CF0BEFE59
:1099E0000028D4D000BF5E480068401C5C49086075
:1099F0005B480068B0F57A7FC8DB40F2DC5020F0AD
:109A0000ADF80020F9F733FE10BD10B558480068D6
:109A1000012802D1FFF7B5FF0CE056480068012885
:109A200002D1FFF76AFF05E053480068012801D121
:109A3000FFF715FF10BD70B52DED088B00BF002599
:109A40004548C07F40F004004349C8770846C07FBE
:109A500040F08000C877FA2048490860484800680C
:109A600073304849086000203D49086014E006E072
:109A7000012020F073F8F7F701F800B906E04FF481
:109A8000006138481CF06AFE0128F1D000BF34485C
:109A90000068401C324908603148006840F22621C5
:109AA0008842E4DB00202E49086019E006E001202E
:109AB00020F054F8F6F7E2FF00B90BE032490968EC
:109AC000304A1268881A002801DB014600E0414252
:109AD0000A29ECDC00BF22480068401C20490860CD
:109AE0001F4800683228E1DB40F6AC5020F036F821
:109AF000FFF78BFFC82021490860214800683730F4
:109B00002049086041F64C5020F028F81248C07FE8
:109B100000F0FB001049C8774FF4FA6020F01EF8FF
:109B20000D48C07F00F07F000B49C877FA20134929
:109B3000086016480068134908600020084908605A
:109B400059E00000800400208C040020BC040020A8
:109B5000800100209804002004000020B0000020B4
:109B60003C040020000402407CFCFFFF000C02408B
:109B7000EC000020F0000020E8000020C4040020D9
:109B8000A8040020B0040020C4000020B801002078
:109B900006E001201FF0E2FFF6F770FF00B924E0B5
:109BA000F9490968F94A1268881A20F0E0FD41EC89
:109BB0001B0B9FEDF70B53EC102B20F069FD41ECD4
:109BC000190BF5480068F5490968441A002C01DBB7
:109BD000214600E06142084620F0C9FD41EC1A0B25
:109BE00053EC192B20F006FED3D300BFEC480068DD
:109BF000401CEB490860EA4800683228C8DB402175
:109C0000E8481CF0ABFD012804D19FEDE70AB0EE57
:109C1000408A04E09FEDE50AB0EE408A012500206D
:109C2000DF4908602BE006E001201FF097FFF6F700
:109C300025FF00B91DE0D4490968D44A1268891A81
:109C400000EE101AB8EEC00AC0EE080AD249096840
:109C5000D24A1268881A002801DB014600E041421E
:109C600000EE101AB8EEC00AF4EEC00AF1EE10FAD7
:109C7000DAD300BFCA480068401CC9490860C84818
:109C800000683228CFDB25B1F6F7F8FE00287FF414
:109C9000D6AEBDEC088B70BD10B50020C049086081
:109CA0003BE026E04FF48041C1481CF057FD48B925
:109CB0008021C0481CF052FD20B90421BE48F9F7AC
:109CC000F8FD0FE04FF48061BA481CF047FD48B939
:109CD0000121B8481CF042FD20B904214FF4617005
:109CE000F9F7E7FD05201FF039FFF6F7C7FE00B9C9
:109CF0000DE04FF48041AE481CF030FD0028D1D07B
:109D00004FF48061AB481CF029FD0028CAD000BF89
:109D1000A3480068401CA2490860A1480068B0F54B
:109D2000FA7FBEDB4FF496601FF018FF0020F9F7B2
:109D30009EFC10BD10B500209949086031E01CE080
:109D40004FF480419A481CF009FD20B904210020FD
:109D5000F9F7AFFD0AE04FF4806196481CF0FEFC75
:109D600020B904214FF4E160F9F7A3FD01201FF0B1
:109D7000F5FEF6F783FE00B90DE04FF480418C4804
:109D80001CF0ECFC0028DBD04FF4806189481CF00B
:109D9000E5FC0028D4D000BF81480068401C804901
:109DA00008607F480068B0F57A7FC8DB4FF47A70AE
:109DB0001FF0D4FE0020F9F75AFC10BD10B50020AA
:109DC0007749086031E01CE04FF4804178481CF08E
:109DD000C5FC28B904214FF4E160F9F76AFD09E0F8
:109DE0004FF4806173481CF0B9FC18B904210020BD
:109DF000F9F75FFD01201FF0B1FEF6F73FFE00B955
:109E00000DE04FF480416A481CF0A8FC0028DBD02C
:109E10004FF4806167481CF0A1FC0028D4D000BF3B
:109E20005F480068401C5E4908605D480068B0F506
:109E30007A7FC8DB4FF496601FF090FE0020F9F7A0
:109E400016FC10BD10B55D480068012802D1FFF76F
:109E5000B5FF0CE05A480068012802D1FFF76AFFFD
:109E600005E058480068012801D1FFF715FF10BD33
:109E700070B52DED088B00BF00255348C07F40F022
:109E800008005149C8770846C07F40F02000C877D5
:109E9000FA204E4908604E48006870384D49086005
:109EA00000203F49086014E006E001201FF056FE44
:109EB000F6F7E4FD00B906E04FF400413C481CF021
:109EC0004DFC0128F1D000BF35480068401C3449E2
:109ED0000860334800683228E6DB0020304908601B
:109EE00019E006E001201FF039FEF6F7C7FD00B9C2
:109EF0000BE039490968374A1268881A002801DBE3
:109F0000014600E041420A29ECDC00BF2448006819
:109F1000401C23490860224800683228E1DB40F6F3
:109F2000AC501FF01BFEFFF78DFFC82027490860CB
:109F30002748006834382749086041F658301FF038
:109F40000DFE2148C07F00F0F7001F49C8774FF48D
:109F5000FA601FF003FE1C48C07F00F0DF001A49C2
:109F6000C877FA20194908601C4800681949086038
:109F700000200B4908605FE033E001201FF0EEFD98
:109F8000F6F77CFD60BB51E0B8010020A80400207A
:109F9000333333333333F33FC4000020B0040020A5
:109FA0003C040020001002409A99993F3333B33F9C
:109FB000000C0240000402407CFCFFFFEC0000208B
:109FC000F0000020E800002004000020C004002071
:109FD000A0040020A4040020C0000020B401002040
:109FE000FFE7FE490968FE4A1268881A20F0BFFBA5
:109FF00041EC1B0B1FED1A0B53EC102B20F048FB10
:10A0000041EC190BF7480068F7490968441A002C1D
:10A0100001DB214600E06142084620F0A8FB41EC4C
:10A020001A0B53EC192B20F0E5FBA6D300BFEF4829
:10A030000068401CED490860EC48006832289BDB52
:10A040004FF48071EA481CF089FB012804D11FED10
:10A050002A0AB0EE408A04E01FED2C0AB0EE408AD6
:10A0600001250020E14908602BE006E001201FF0F7
:10A0700075FDF6F703FD00B91DE0D8490968D84A17
:10A080001268891A00EE101AB8EEC00AC0EE080A6B
:10A09000D4490968D44A1268881A002801DB0146AD
:10A0A00000E0414200EE101AB8EEC00AF4EEC00A19
:10A0B000F1EE10FADAD300BFCC480068401CCB495F
:10A0C0000860CA4800683228CFDB25B1F6F7D6FC15
:10A0D00000287FF4D1AEBDEC088B70BD10B5002018
:10A0E000C24908603BE026E04FF40051C1481CF033
:10A0F00035FB48B98021BF481CF030FB20B9042152
:10A10000BD48F9F7D6FB0FE04FF40061BB481CF0E7
:10A1100025FB48B90121B7481CF020FB20B90421D8
:10A120004FF46170F9F7C5FB01201FF017FDF6F73A
:10A13000A5FC00B90DE04FF40051AE481CF00EFB39
:10A140000028D1D04FF40061AC481CF007FB002878
:10A15000CAD000BFA5480068401CA4490860A348B5
:10A160000068B0F5FA7FBEDB4FF496601FF0F6FC96
:10A170000020F9F77CFA10BD10B500209B4908605B
:10A1800031E01CE04FF400519A481CF0E7FA20B986
:10A1900004210020F9F78DFB0AE04FF40061974895
:10A1A0001CF0DCFA20B904214FF4E160F9F781FBDF
:10A1B00001201FF0D3FCF6F761FC00B90DE04FF46D
:10A1C00000518C481CF0CAFA0028DBD04FF4006123
:10A1D0008A481CF0C3FA0028D4D000BF8348006826
:10A1E000401C8249086081480068B0F57A7FC8DB6E
:10A1F0004FF448701FF0B2FC0020F9F738FA10BD98
:10A2000010B500207949086031E01CE04FF400519E
:10A2100078481CF0A3FA28B904214FF4E160F9F75B
:10A2200048FB09E04FF4006174481CF097FA18B934
:10A2300004210020F9F73DFB01201FF08FFCF6F709
:10A240001DFC00B90DE04FF400516A481CF086FA7D
:10A250000028DBD04FF4006168481CF07FFA00282A
:10A26000D4D000BF61480068401C604908605F4866
:10A270000068B0F57A7FC8DB4FF496601FF06EFC83
:10A280000020F9F7F4F910BD10B55D480068012809
:10A2900002D1FFF7B5FF0CE05A480068012802D14F
:10A2A000FFF76AFF05E058480068012801D1FFF771
:10A2B00015FF10BD70B52DED088B00BF002553486C
:10A2C000C07F40F040005149C8770846C07F40F049
:10A2D0008000C877C8204E4908604FF42D704D4962
:10A2E000086000204149086013E006E001201FF0EB
:10A2F00035FCF6F7C3FB00B905E04748006840F2BB
:10A30000B2218842F2DB00BF38480068401C374960
:10A310000860364800683228E7DBFA203F490860C9
:10A320004FF42A703E49086000203049086014E06C
:10A3300006E001201FF012FCF6F7A0FB00B906E0D2
:10A340004FF400612B481CF009FA0128F1D000BF3E
:10A3500026480068401C25490860244800683228C7
:10A36000E6DB00202149086019E006E001201FF02B
:10A37000F5FBF6F783FB00B90BE02A490968284A88
:10A380001268881A002801DB014600E041420A29D0
:10A39000ECDC00BF15480068401C144908601348F5
:10A3A000006840F226218842DFDB41F294101FF062
:10A3B000D5FBFFF769FFFA20184908604FF43970A0
:10A3C0001749086041F658301FF0C8FB0F48C07F9E
:10A3D00000F0BF000D49C87726E00000B40100205E
:10A3E0009C040020C0000020A40400203C040020A5
:10A3F00000080240000402407CFCFFFF000C024009
:10A40000EC000020F0000020E80000200400002004
:10A41000BC04002098040020B0000020C4040020E8
:10A42000B0040020C40000204FF4FA601FF096FB37
:10A43000FE48C07F00F07F00FC49C877FA20FC4945
:10A440000860FC480068FC4908600020FB4908607F
:10A4500032E006E001201FF081FBF6F70FFB00B9A8
:10A4600024E0F4490968F64A1268881A20F07FF956
:10A4700041EC1B0B9FEDF30B53EC102B20F008F974
:10A4800041EC190BF1480068EB490968441A002CAB
:10A4900001DB214600E06142084620F068F941EC0A
:10A4A0001A0B53EC192B20F0A5F9D3D300BFE348C6
:10A4B0000068401CE1490860E04800683228C8DBB9
:10A4C0002021E3481CF04AF9012804D19FEDE10A5C
:10A4D000B0EE408A04E09FEDE00AB0EE408A01252C
:10A4E0000020D64908602BE006E001201FF036FB73
:10A4F000F6F7C4FA00B91DE0CE490968D04A1268DF
:10A50000891A00EE101AB8EEC00AC0EE080ACF4948
:10A510000968C94A1268881A002801DB014600E070
:10A52000414200EE101AB8EEC00AF4EEC00AF1EE95
:10A5300010FADAD300BFC1480068401CBF49086068
:10A54000BE4800683228CFDB25B1F6F797FA00281D
:10A550007FF4B4AEBDEC088B70BD10B50020B749D8
:10A5600008603BE026E04FF48041BC481CF0F6F860
:10A5700048B98021B9481CF0F1F820B90421B84845
:10A58000F9F797F90FE04FF40041B4481CF0E6F8F2
:10A5900048B90121B1481CF0E1F820B904214FF479
:10A5A0006170F9F786F901201FF0D8FAF6F766FA1C
:10A5B00000B90DE04FF48041A8481CF0CFF8002806
:10A5C000D1D04FF40041A5481CF0C8F80028CAD0EB
:10A5D00000BF9A480068401C984908609748006886
:10A5E000B0F5FA7FBEDB4FF496601FF0B7FA00209B
:10A5F000F9F73DF810BD10B500209049086031E032
:10A600001CE04FF4804195481CF0A8F820B90421C3
:10A610000020F9F74EF90AE04FF400418F481CF092
:10A620009DF820B904214FF4E160F9F742F90120C7
:10A630001FF094FAF6F722FA00B90DE04FF48041CA
:10A6400086481CF08BF80028DBD04FF4004183488B
:10A650001CF084F80028D4D000BF78480068401C63
:10A660007649086075480068B0F57A7FC8DB4FF41A
:10A670007A701FF073FA0020F8F7F9FF10BD10B5DB
:10A6800000206E49086031E01CE04FF480417348BF
:10A690001CF064F828B904214FF4E160F9F709F9D6
:10A6A00009E04FF400416D481CF058F818B9042136
:10A6B0000020F9F7FEF801201FF050FAF6F7DEF956
:10A6C00000B90DE04FF4804164481CF047F80028C1
:10A6D000DBD04FF4004161481CF040F80028D4D092
:10A6E00000BF56480068401C544908605348006841
:10A6F000B0F57A7FC8DB4FF496601FF02FFA002088
:10A70000F8F7B5FF10BD10B556480068012802D112
:10A71000FFF7B5FF0CE054480068012802D1FFF7AD
:10A720006AFF05E051480068012801D1FFF715FFD5
:10A7300010BD2DE9F0472DED028B064689461746E0
:10A740001C46B0EE408A0A9DBE4204DB2046BDECAA
:10A75000028BBDE8F0874E4501DC2846F7E7B81BC1
:10A7600000EE100AF8EEC00AA7EB090000EE100A8E
:10A77000B8EEC00AC0EE808AF0EE480AB0EE680A71
:10A7800020F006FDF7EE000A70EEC00A601B00EE36
:10A79000100AB8EEC00A20EE800ABDEEC00A10EE24
:10A7A000100A00EB0508A04500DDA046A84500DA28
:10A7B000A8464046CBE72DE9F04F2DED028B85B042
:10A7C00006460D4617469846B0EE408ADDF848909A
:10A7D000002004900C200390002002901348C07FBA
:10A7E00040F004001149C8770846C07F40F080005F
:10A7F000C87700201149086014E006E001201FF02E
:10A80000ADF9F6F73BF900B906E04FF400611348E3
:10A810001BF0A4FF0128F1D000BF08480068401CCD
:10A820000649086005480068322821E0040000203D
:10A83000C4040020B8010020B00400203C04002023
:10A84000A8040020333333333333F33FC4000020F4
:10A85000001002409A99993F3333B33F00040240FD
:10A860007CFCFFFFEC000020F0000020E80000204E
:10A87000C3DBFE4806602C4604F15A0B20E0FC497D
:10A880000968FA4A1268881A002801DB014600E0CC
:10A8900041428A46A24500DC13E0B0EE480A3B463E
:10A8A0005A4621465046CDF80080FFF742FFF14955
:10A8B000086001201FF052F9F6F7E0F800B900E057
:10A8C000DDE700BF68E04021EB481BF047FF0128AF
:10A8D00000D10490049801280CD16420E549086057
:10A8E000E648C07F00F0FD00E449C8770020F8F793
:10A8F000BEFE4AE04FF48051E1481BF02FFF28B123
:10A900004FF48061DF481BF029FF88BBDB48C07F24
:10A9100040F00200D949C8774FF48051D8481BF065
:10A920001DFF78B90298012802D109F0FF000390B9
:10A930000220029003991098F8F7BBFF1920CD4927
:10A94000086022E04FF48061CE481BF007FFE0B9B9
:10A950000298022802D109F0FF0003900120029022
:10A9600003991198F8F7A5FF1920C24908600CE077
:10A97000FFE76420BF490860C048C07F00F0FD00C9
:10A98000BE49C8770020F8F772FE01201FF0E6F8F4
:10A99000F6F774F800B90BE0B5490968B34A1268D4
:10A9A000881A002801DB014600E0414205298ADCC3
:10A9B00000BFB248C07F00F0FD00B049C87700205A
:10A9C000F8F755FE05B0BDEC028BBDE8F08F2DE920
:10A9D000F0472DED028B84B004460D4616461F4607
:10A9E000B0EE408ADDE90F9ADDF83880B0EE480A13
:10A9F0003B463246294620468DE80007FFF7DBFE3E
:10AA00004FF47A701FF0AAF89C48C07F00F0FB005A
:10AA10009A49C8774FF47A701FF0A0F89748C07F22
:10AA200000F07F009549C877FA209249086096485F
:10AA300000688E49086004B0BDEC028BBDE8F08769
:10AA40002DE9F04F2DED028B85B007460D4690465F
:10AA50009946B0EE408A0020049003900C200290AA
:10AA600000268648C07F40F008008449C877084621
:10AA7000C07F40F02000C87700208449086014E0BF
:10AA800006E001201FF06AF8F5F7F8FF00B906E0CC
:10AA90004FF400417B481BF061FE0128F1D000BF5C
:10AAA0007A480068401C7949086078480068322874
:10AAB000E6DB774807602C4604F15A0B20E0754925
:10AAC0000968734A1268881A002801DB014600E011
:10AAD00041428A46A24500DC13E0B0EE480A4346F4
:10AAE0005A4621465046CDF80090FFF722FE6A49AB
:10AAF000086001201FF032F8F5F7C0FF00B900E050
:10AB0000DDE700BF6AE04FF4807164481BF026FE69
:10AB100008B9012004900498012802D00398012864
:10AB20000CD164205C4908605448C07F00F0FD00EF
:10AB30005249C8770020F8F79AFD48E04FF4804169
:10AB400050481BF00BFE28B14FF480614C481BF0BD
:10AB500005FE68BB4948C07F40F002004749C877FE
:10AB60004FF4804147481BF0F9FD68B9012E02D12E
:10AB70001298C0B20290022602991098F8F799FE36
:10AB800017204549086022E04FF480613C481BF0E3
:10AB9000E5FDE0B9022E02D11298C0B20290012662
:10ABA00002991198F8F785FE17203B4908600EE0DE
:10ABB0006420394908603148C07F00F0FD002F490A
:10ABC000C8770020F8F753FD0EB101200390012053
:10ABD0001EF0C4FFF5F752FF00B90BE02D490968DC
:10ABE0002B4A1268881A002801DB014600E0414226
:10ABF000052988DC00BF2148C07F00F0FD001F4907
:10AC0000C8770020F8F733FD05B0BDEC028BBDE836
:10AC1000F08F2DE9F0472DED028B84B004460D46F0
:10AC200016461F46B0EE408ADDE90F9ADDF83880FF
:10AC3000B0EE480A3B463246294620468DE80007DA
:10AC4000FFF7FEFE4FF47A701EF088FF0B48C07FBE
:10AC500000F0F7000949C8774FF47A701EF07EFFC4
:10AC60000648C07F00F0DF00044919E0B00400206E
:10AC7000C4000020C4040020001002400400002092
:10AC800000040240000C0240B80100203C040020F7
:10AC9000A4040020C0000020C004002000080240DE
:10ACA000C877FA20FC490860FC480068FC49086045
:10ACB00004B0BDEC028BBDE8F0872DE9F04F2DED1F
:10ACC000028B85B007460D4690469946B0EE408A05
:10ACD0000020049003900A2002900026F148C07FD3
:10ACE00040F04000EF49C8770846C07F40F0800040
:10ACF000C8770020EC49086014E006E001201EF04F
:10AD00002DFFF5F7BBFE00B906E04FF40061E74800
:10AD10001BF024FD0128F1D000BFE3480068401C6F
:10AD2000E1490860E04800683228E6DBE048076057
:10AD30002C4604F15A0B20E0DE490968DC4A12680F
:10AD4000881A002801DB014600E041428A46A245FC
:10AD500000DC13E0B0EE480A43465A46214650460E
:10AD6000CDF80090FFF7E5FCD349086001201EF004
:10AD7000F5FEF5F783FE00B900E0DDE700BF69E00E
:10AD80002021CE481BF0EAFC08B901200490049869
:10AD9000012802D0039801280CD16420C64908601C
:10ADA000C048C07F00F0FD00BE49C8770020F8F71A
:10ADB0005EFC48E04FF40051BC481BF0CFFC28B1CA
:10ADC0004FF40061BE481BF0C9FC68BBB548C07FAA
:10ADD00040F00200B349C8774FF40051B3481BF06C
:10ADE000BDFC68B9012E02D11298C0B202900226B1
:10ADF00002991098F8F75DFD1720AF49086022E02E
:10AE00004FF40061AE481BF0A9FCE0B9022E02D15C
:10AE10001298C0B20290012602991198F8F749FDE4
:10AE20001720A54908600EE06420A34908609D48EA
:10AE3000C07F00F0FD009B49C8770020F8F717FCA1
:10AE40000EB10120039001201EF088FEF5F716FEDA
:10AE500000B90BE097490968954A1268881A0028DA
:10AE600001DB014600E04142052989DC00BF8D4835
:10AE7000C07F00F0FD008B49C8770020F8F7F7FB92
:10AE800005B0BDEC028BBDE8F08F2DE9F0472DED4C
:10AE9000028B84B004460D4616461F46B0EE408A2B
:10AEA000DDE90F9ADDF83880B0EE480A3B463246BD
:10AEB000294620468DE80007FFF7FFFE4FF47A7021
:10AEC0001EF04CFE7748C07F00F0BF007549C87780
:10AED0004FF47A701EF042FE7248C07F00F07F008F
:10AEE0007049C877FA20744908607648006870494C
:10AEF000086004B0BDEC028BBDE8F0872DE9F04F8F
:10AF00002DED028B85B007460D4690469946B0EE72
:10AF1000408A0020049003900A2002900026614895
:10AF2000C07F40F010005F49C8770846C07F40F0FE
:10AF30002000C87700205C49086014E006E001208A
:10AF40001EF00CFEF5F79AFD00B906E04FF4004143
:10AF50005B481BF003FC0128F1D000BF5248006899
:10AF6000401C51490860504800683228E6DB4C48D4
:10AF700007602C4604F15A0B20E053490968484AFF
:10AF80001268881A002801DB014600E041428A4627
:10AF9000A24500DC13E0B0EE480A43465A4621467B
:10AFA0005046CDF80090FFF7C4FB3B4908600120F4
:10AFB0001EF0D4FDF5F762FD00B900E0DDE700BF4B
:10AFC00086E04FF4007141481BF0C8FB012800D116
:10AFD00004900498012802D0039801280CD1642021
:10AFE0002D4908602F48C07F00F0FD002D49C8772B
:10AFF0000020F8F73CFB48E04FF480412B481BF061
:10B00000ADFB28B14FF4004128481BF0A7FB68BBFB
:10B010002448C07F40F002002249C8774FF48041A5
:10B0200022481BF09BFB68B9012E02D11298C0B2D6
:10B030000290022602991098F8F73BFC1720164957
:10B04000086022E04FF4004118481BF087FBE0B98C
:10B05000022E02D11298C0B20290012602991198D4
:10B06000F8F727FC17200C4908600EE064200A4915
:10B0700008600C48C07F00F0FD000A49C877002036
:10B08000F8F7F5FA0EB10120039001201EF066FDDD
:10B09000F5F7F4FCE0B928E0C0040020B40100207A
:10B0A000A4040020040000203C040020000402400E
:10B0B000B0040020C4000020C4040020001002409E
:10B0C000000C0240B8010020C0000020000802402F
:10B0D000FE490968FE4A1268881A002801DB014609
:10B0E00000E0414205293FF76CAF00BFF948C07F3F
:10B0F00000F0FD00F749C8770020F8F7B8FA05B06E
:10B10000BDEC028BBDE8F08F2DE9F0472DED028BF1
:10B1100084B004460D4616461F46B0EE408ADDE96F
:10B120000F9ADDF83880B0EE480A3B463246294691
:10B1300020468DE80007FFF7E1FE4FF47A701EF01D
:10B140000DFDE448C07F00F0EF00E249C8774FF4FE
:10B150007A701EF003FDDF48C07F00F0DF00DD499C
:10B16000C877FA20DC490860DC480068D8490860E4
:10B1700004B0BDEC028BBDE8F0872DE9F0412DED68
:10B18000088B04460025002700BFFA20D449086038
:10B19000D44804600020D449086019E006E001208A
:10B1A0001EF0DCFCF5F76AFC00B90BE0CF4909683A
:10B1B000CC4A1268881A002801DB014600E04142AF
:10B1C0000A29ECDC00BFC8480068401CC64908607A
:10B1D000C54800689628E1DBBE48C07F40F0040007
:10B1E000BC49C8770846C07F40F08000C877FA2085
:10B1F000BF490860BF4800683C30BF490860002074
:10B20000B949086014E006E001201EF0A7FCF5F73C
:10B2100035FC00B906E04FF40061B8481BF09EFA17
:10B220000128F1D000BFB0480068401CAE4908605A
:10B23000AD4800683228E6DB0020AB49086019E021
:10B2400006E001201EF08AFCF5F718FC00B90BE0BF
:10B25000AB490968A84A1268881A002801DB014630
:10B2600000E041420A29ECDC00BF9F480068401C16
:10B270009D4908609C4800683228E1DB41F2941047
:10B280001EF06CFC9F480068012802D1FEF779FB94
:10B2900005E09D480068012801D1FEF72EFBC8207B
:10B2A0009349086093480068401D9349086041F63F
:10B2B00058301EF053FC8748C07F00F0FB008549E2
:10B2C000C87740F6C4101EF049FC8248C07F00F0E9
:10B2D0007F008049C877FA20854908608B4800685C
:10B2E0008549086000208049086032E006E00120BE
:10B2F0001EF034FCF5F7C2FB00B924E0834909686D
:10B300007C4A1268881A1FF032FA41EC1B0B9FED41
:10B31000800B53EC102B1FF0BBF941EC190B784854
:10B32000006875490968461A002E01DB314600E0C5
:10B33000714208461FF01BFA41EC1A0B53EC192B13
:10B340001FF058FAD3D300BF67480068401C664915
:10B350000860654800683228C8DB40216E481BF051
:10B36000FDF9012805D19FED6D0AB0EE408A012755
:10B370000EE09FED6B0AB0EE408A6D1C5548C07F11
:10B3800040F004005349C8774FF47A701EF0E6FB92
:10B390000020554908602BE006E001201EF0DEFB8E
:10B3A000F5F76CFB00B91DE058490968514A12686D
:10B3B000891A00EE101AB8EEC00AC0EE080A504909
:10B3C00009684D4A1268881A002801DB014600E02E
:10B3D000414200EE101AB8EEC00AF4EEC00AF1EED7
:10B3E00010FADAD300BF40480068401C3E490860AC
:10B3F0003D4800683228CFDB37B9032D04DAF5F772
:10B400003DFB00287FF4C1AEBDEC088BBDE8F081A8
:10B410002DE9F0412DED088B04460025002700BFE3
:10B42000FA202F4908602F48046000202E49086048
:10B4300019E006E001201EF091FBF5F71FFB00B9B3
:10B440000BE02A490968274A1268881A002801DB9C
:10B45000014600E041420A29ECDC00BF22480068B6
:10B46000401C21490860204800689628E1DB194803
:10B47000C07F40F008001749C8770846C07F40F0F9
:10B480002000C877FA2014490860264800683E3832
:10B490000F49086000201449086014E006E001200C
:10B4A0001EF05CFBF5F7EAFA00B906E04FF4004144
:10B4B0001D481BF053F90128F1D000BF0A4800686D
:10B4C000401C09490860084800682FE0C0000020BF
:10B4D000A404002004000020C0040020B4010020C7
:10B4E000BC040020980400203C040020B000002090
:10B4F000C4040020A8040020B0040020000402407E
:10B50000C4000020EC000020F0000020B801002062
:10B51000333333333333F33F001002409A99993F6A
:10B520003333B33FA0040020000C02403228B5DBC7
:10B530000020FD49086019E006E001201EF00EFB26
:10B54000F5F79CFA00B90BE0F8490968F84A126867
:10B55000881A002801DB014600E041420A29ECDCA0
:10B5600000BFF1480068401CEF490860EE480068E1
:10B570003228E1DB41F294101EF0F0FAED48006849
:10B58000012802D1FEF71AFC05E0EB48006801280B
:10B5900001D1FEF7CFFBC820E8490860E848006801
:10B5A000E349086041F64C501EF0D8FAE548C07FE8
:10B5B00000F0F700E349C87740F6C4101EF0CEFA59
:10B5C000E048C07F00F0DF00DE49C877FA20DB49A1
:10B5D0000860DD480068D64908600020D24908604C
:10B5E00032E006E001201EF0B9FAF5F747FA00B99B
:10B5F00024E0D5490968D54A1268881A1FF0B7F8BF
:10B6000041EC1B0B1FED3E0B53EC102B1FF040F8D1
:10B6100041EC190BC5480068C5490968461A002E57
:10B6200001DB314600E0714208461FF0A0F841EC12
:10B630001A0B53EC192B1FF0DDF8D3D300BFBA4817
:10B640000068401CB8490860B74800683228C8DB69
:10B650004FF48071BE481BF081F8012805D11FED21
:10B66000510AB0EE408A01270EE01FED530AB0EEFA
:10B67000408A6D1CB348C07F40F00800B149C877CC
:10B680004FF47A701EF06AFA0020A74908602BE098
:10B6900006E001201EF062FAF5F7F0F900B91DE0AE
:10B6A000A9490968A94A1268891A00EE101AB8EE69
:10B6B000C00AC0EE080A9D4909689D4A1268881AA6
:10B6C000002801DB014600E0414200EE101AB8EE0E
:10B6D000C00AF4EEC00AF1EE10FADAD300BF9248C5
:10B6E0000068401C904908608F4800683228CFDB12
:10B6F00037B9032D04DAF5F7C1F900287FF490AECD
:10B70000BDEC088BBDE8F0812DE9F0412DED088BF3
:10B7100004460025002700BFFA208E4908608E48A5
:10B72000046000208049086019E006E001201EF056
:10B7300015FAF5F7A3F900B90BE088490968864ABC
:10B740001268881A002801DB014600E041420A29FC
:10B75000ECDC00BF74480068401C73490860724804
:10B7600000689628E1DB7748C07F40F040007549CB
:10B77000C8770846C07F40F08000C877FA20784933
:10B7800008607848006842387749086000206649B8
:10B79000086014E006E001201EF0E0F9F5F76EF90C
:10B7A00000B906E04FF4006170481AF0D7FF012895
:10B7B000F1D000BF5C480068401C5B4908605A48F3
:10B7C00000683228E6DB00205749086019E006E0EF
:10B7D00001201EF0C3F9F5F751F900B90BE06449F7
:10B7E0000968614A1268881A002801DB014600E0F6
:10B7F00041420A29ECDC00BF4B480068401C4A4922
:10B800000860494800683228E1DB41F64C501EF0E0
:10B81000A5F948480068012802D1FEF7F1FC05E0CF
:10B8200045480068012801D1FEF7A6FCC8204C4914
:10B8300008604C480068C01E4B49086041F64C50F7
:10B840001EF08CF93F48C07F00F0BF003D49C8772B
:10B8500040F6C4101EF082F93A48C07F00F07F0025
:10B860003849C877FA203E490860424800683E4996
:10B87000086000202C49086032E006E001201EF03C
:10B880006DF9F5F7FBF800B924E03A4909683A4A3E
:10B890001268881A1EF06BFF41EC1B0B1FEDE40BC6
:10B8A00053EC102B1EF0F4FE41EC190B30480068ED
:10B8B0002D490968461A002E01DB314600E071422D
:10B8C00008461EF054FF41EC1A0B53EC192B1EF0E6
:10B8D00091FFD3D300BF14480068401C1249086090
:10B8E000114800683228C8DB202124481AF036FFAE
:10B8F000012805D11FEDF70AB0EE408A01270EE0BE
:10B900001FEDF90AB0EE408A6D1C0E48C07F40F072
:10B9100040000C49C8774FF47A701EF01FF90020E0
:10B920000149086058E000003C040020C0000020ED
:10B93000A4040020EC000020F0000020C00400203F
:10B94000A004002004000020B40100209C0400207A
:10B9500000080240BC04002098040020B000002031
:10B96000C4040020AC040020B00400200004024005
:10B97000C4000020B8010020A804002000100240EC
:10B9800006E001201EF0EAF8F5F778F800B91DE0AE
:10B99000F9490968F94A1268891A00EE101AB8EED6
:10B9A000C00AC0EE080AF6490968F64A1268881A01
:10B9B000002801DB014600E0414200EE101AB8EE1B
:10B9C000C00AF4EEC00AF1EE10FADAD300BFEE4876
:10B9D0000068401CEC490860EB4800683228CFDB67
:10B9E00037B9032D04DAF5F749F800287FF494AE4F
:10B9F000BDEC088BBDE8F0812DE9F0412DED088B01
:10BA000004460025002700BFFA20E0490860E0480E
:10BA100004600020DC49086019E006E001201EF007
:10BA20009DF8F5F72BF800B90BE0DA490968D84A18
:10BA30001268881A002801DB014600E041420A2909
:10BA4000ECDC00BFD0480068401CCF490860CE48FD
:10BA500000689628E1DBD048C07F40F01000CE4956
:10BA6000C8770846C07F40F02000C877FA20CB494D
:10BA70000860CB4800684230CA4908600020C249CB
:10BA8000086014E006E001201EF068F8F4F7F6FF05
:10BA900000B906E04FF40041C3481AF05FFE0128E8
:10BAA000F1D000BFB8480068401CB7490860B648EC
:10BAB00000683228E6DB0020B349086019E006E0A0
:10BAC00001201EF04BF8F4F7D9FF00B90BE0B7499D
:10BAD0000968B44A1268881A002801DB014600E0B0
:10BAE00041420A29ECDC00BFA7480068401CA64977
:10BAF0000860A54800683228E1DB41F64C501EF092
:10BB00002DF8AB480068012802D1FEF7B8FD05E02A
:10BB1000A8480068012801D1FEF76DFDC8209F49A3
:10BB200008609F4800680A309E49086041F64C5002
:10BB30001EF014F89848C07F00F0EF009649C877CF
:10BB400040F6C4101EF00AF89348C07F00F0DF00F2
:10BB50009149C877FA20914908609748006891494F
:10BB6000086000208849086032E006E001201DF0EE
:10BB7000F5FFF4F783FF00B924E08F490968884A8C
:10BB80001268881A1EF0F3FD41EC1B0B9FED8B0B26
:10BB900053EC102B1EF07CFD41EC190B8348006820
:10BBA00080490968461A002E01DB314600E07142E7
:10BBB00008461EF0DCFD41EC1A0B53EC192B1EF06D
:10BBC00019FED3D300BF70480068401C6E4908605E
:10BBD0006D4800683228C8DB4FF4007179481AF0CC
:10BBE000BDFD012805D19FED780AB0EE408A0127FE
:10BBF0000EE09FED760AB0EE408A6D1C6648C07F6D
:10BC000040F010006449C8774FF47A701DF0A6FF29
:10BC100000205D4908602BE006E001201DF09EFF3A
:10BC2000F4F72CFF00B91DE0634909685C4A12680B
:10BC3000891A00EE101AB8EEC00AC0EE080A5B4975
:10BC40000968584A1268881A002801DB014600E09A
:10BC5000414200EE101AB8EEC00AF4EEC00AF1EE4E
:10BC600010FADAD300BF48480068401C4649086013
:10BC7000454800683228CFDB37B9032D04DAF4F7E2
:10BC8000FDFE00287FF4C0AEBDEC088BBDE8F0815E
:10BC900010B52DED068B4048C07F40F004003E49B2
:10BCA000C8770846C07F40F08000C877FA2048492E
:10BCB000086032480068323032490860002032495A
:10BCC000086014E006E001201DF048FFF4F7D6FEFE
:10BCD00000B906E04FF400613E481AF03FFD01282C
:10BCE000F1D000BF28480068401C2749086026485A
:10BCF0000068FA28E6DB00202349086019E006E026
:10BD000001201DF02BFFF4F7B9FE00B90BE01C4930
:10BD100009681C4A1268881A002801DB014600E005
:10BD200041420629ECDC00BF17480068401C164958
:10BD300008601548006840F226218842DFDB4FF496
:10BD40007A601DF00BFFFDF78AFDF8F77FFE40F2E9
:10BD50006D102149086040F213102049086000204E
:10BD6000094908604EE03BE001201DF0F7FEF4F7C2
:10BD700085FE00B940E033E0B8010020A8040020AF
:10BD8000C4000020B00400203C040020BC040020BB
:10BD900098040020B000002004000020C00400200F
:10BDA0009C040020A4040020000C0240C0000020DD
:10BDB000EC000020F0000020B401002033333333C6
:10BDC0003333F33F000802409A99993F3333B33F2E
:10BDD000C404002000040240800400208C040020E1
:10BDE000FA490968FA4A1268881A002801DB0146F4
:10BDF00000E041420A29B7DC00BFF6480068401C59
:10BE0000F4490860F34800689628ACDBC820F24982
:10BE10000860F24800682330F149086041F27C5024
:10BE20001DF09CFEEF48C07F00F0FB00ED49C87795
:10BE300040F6C4101DF092FEEA48C07F00F07F007B
:10BE4000E849C877FA20E4490860E7480068E4490F
:10BE500008600020DF49086032E006E001201DF0A4
:10BE60007DFEF4F70BFE00B924E0DF490968DB4AE8
:10BE70001268881A1EF07BFC41EC1A0B1FED310B87
:10BE800053EC102B1EF004FC41EC180BD748006853
:10BE9000D3490968441A002C01DB214600E06142C5
:10BEA00008461EF064FC41EC190B53EC182B1EF0F5
:10BEB000A1FCD3D300BFC7480068401CC549086037
:10BEC000C44800683228C8DB4021C9481AF046FC43
:10BED00000287DD100BFC348C07F40F00400C149A5
:10BEE000C8770846C07F40F08000C8770020B94975
:10BEF000086014E006E001201DF030FEF4F7BEFDFE
:10BF000000B906E04FF40061BA481AF027FC012896
:10BF1000F1D000BFAF480068401CAE490860AD4892
:10BF20000068FA28E6DBFA20AB490860AB480068F5
:10BF30004B30AB4908600020A649086019E006E0D4
:10BF400001201DF00BFEF4F799FD00B90BE0A749A5
:10BF50000968A34A1268881A002801DB014600E03C
:10BF600041420A29ECDC00BF9A480068401C99490C
:10BF700008609848006840F226218842DFDB41F2E1
:10BF800070701DF0EBFDFDF76AFC96209249086089
:10BF90009248006823309249086041F27C501DF0BD
:10BFA000DDFD9048C07F00F0FB008E49C87740F669
:10BFB000C4101DF0D3FD8B48C07F00F07F0089497D
:10BFC000C877FA208449086087480068844900E0FF
:10BFD0004AE0086000207F49086032E006E0012066
:10BFE0001DF0BCFDF4F74AFD00B924E07E49096864
:10BFF0007A4A1268881A1EF0BAFB41EC1A0B1FED40
:10C00000910B53EC102B1EF043FB41EC180B7748BF
:10C01000006873490968441A002C01DB214600E0DE
:10C02000614208461EF0A3FB41EC190B53EC182BA0
:10C030001EF0E0FBD3D300BF66480068401C654992
:10C040000860644800683228C8DB01201DF086FDC6
:10C05000F4F714FD00B906E0402165481AF07EFBB4
:10C0600000283FF438AF00BFF8F7EAFC40F20910AF
:10C070005749086060490860BDEC068B10BD10B5DB
:10C080002DED068BFA205D4908605D480068C01CF4
:10C090005C49086000204F49086019E006E0012073
:10C0A0001DF05CFDF4F7EAFC00B90BE056490968A5
:10C0B000544A1268881A002801DB014600E0414218
:10C0C0000A29ECDC00BF43480068401C4149086075
:10C0D000404800689628E1DB4248C07F40F02000DD
:10C0E0004049C8770846C07F40F00800C877C8209C
:10C0F00046490860464800683238464908600020D2
:10C100003449086014E006E001201DF027FDF4F733
:10C11000B5FC00B906E04FF400413F481AF01EFBA1
:10C120000128F1D000BF2B480068401C2949086055
:10C13000284800683228E6DB00202649086019E01C
:10C1400006E001201DF00AFDF4F798FC00B90BE0B1
:10C15000324909682F4A1268881A002801DB014613
:10C1600000E041420A29ECDC00BF1A480068401C8C
:10C17000184908601748006840F226218842DFDB32
:10C1800041F288301DF0EAFCFDF786FDF8F75EFC11
:10C1900040F26D100E49086040F213101649086015
:10C1A00000200C49086044E006E001201DF0D6FCA8
:10C1B000F4F764FC00B936E004490968044A1268DF
:10C1C000881A00282CDB01462BE00000B800002074
:10C1D000800400203C040020C4040020A8040020A7
:10C1E000B004002004000020B8010020C40000209A
:10C1F00000100240000402408C040020BC04002017
:10C200008401002098040020B0000020C004002019
:10C21000A0040020A4040020000C0240C000002064
:10C2200041420A29C1DC00BFFE480068401CFD49AC
:10C230000860FC4800689628B6DB3220FA4908609E
:10C24000FA4800681238FA49086041F270701DF02F
:10C2500085FCF848C07F00F0F700F649C87740F643
:10C26000C4101DF07BFCF348C07F00F0DF00F149F3
:10C27000C877FA20EC490860EF480068EC4908608C
:10C280000020E849086032E006E001201DF066FC6D
:10C29000F4F7F4FB00B924E0E7490968E74A1268BB
:10C2A000881A1EF064FA41EC1A0B9FEDE50B53EC73
:10C2B000102B1EF0EDF941EC180BE3480068DC4947
:10C2C0000968441A002C01DB214600E0614208465F
:10C2D0001EF04DFA41EC190B53EC182B1EF08AFAA4
:10C2E000D3D300BFCF480068401CCE490860CD487A
:10C2F00000683228C8DB4FF48071D4481AF02EFA57
:10C3000000287DD100BFCB48C07F40F00800C9495C
:10C31000C8770846C07F40F02000C8770020C14998
:10C32000086014E006E001201DF018FCF4F7A6FBFD
:10C3300000B906E04FF40041C5481AF00FFA012891
:10C34000F1D000BFB7480068401CB6490860B54846
:10C350000068FA28E6DBFA20B3490860B3480068B1
:10C360004838B34908600020AE49086019E006E08B
:10C3700001201DF0F3FBF4F781FB00B90BE0B2499B
:10C380000968AB4A1268881A002801DB014600E000
:10C3900041420A29ECDC00BFA2480068401CA149C8
:10C3A0000860A048006840F226218842DFDB41F6A1
:10C3B00064101DF0D3FBFDF76FFC96209A490860CE
:10C3C0009A48006814389A49086041F27C501DF080
:10C3D000C5FB9848C07F00F0F7009649C87740F643
:10C3E000C4101DF0BBFB9348C07F00F0DF009149F3
:10C3F000C877FA208C4908608F4800688C4900E0B3
:10C400004BE0086000208749086032E006E0012028
:10C410001DF0A4FBF4F732FB00B924E0864909685B
:10C42000864A1268881A1EF0A2F941EC1A0B9FED99
:10C43000840B53EC102B1EF02BF941EC180B8248A7
:10C4400000687B490968441A002C01DB214600E0A2
:10C45000614208461EF08BF941EC190B53EC182B86
:10C460001EF0C8F9D3D300BF6E480068401C6D4968
:10C4700008606C4800683228C8DB01201DF06EFBA4
:10C48000F4F7FCFA00B907E04FF480716F481AF036
:10C4900065F900283FF437AF00BFF8F7D1FA40F252
:10C4A00009106C4908606C490860BDEC068B10BD32
:10C4B00010B52DED068BFA206849086068480068C1
:10C4C000401F6849086000205649086019E006E0EE
:10C4D00001201DF043FBF4F7D1FA00B90BE06249EB
:10C4E0000968604A1268881A002801DB014600E0EA
:10C4F00041420A29ECDC00BF4A480068401C494917
:10C500000860484800689628E1DB4A48C07F40F050
:10C5100080004849C8770846C07F40F04000C8778F
:10C52000FA20524908605248006839385149086079
:10C5300000203C49086014E006E001201DF00EFBDD
:10C54000F4F79CFA00B906E04FF400614A481AF08B
:10C5500005F90128F1D000BF32480068401C31497C
:10C560000860304800683228E6DB00202D4908606A
:10C5700019E006E001201DF0F1FAF4F77FFA00B9A6
:10C580000BE03E4909683B4A1268881A002801DB23
:10C59000014600E041420829ECDC00BF2148006868
:10C5A000401C204908601F48006840F2262188424C
:10C5B000DFDB41F664101DF0D1FAFDF78FFDF8F7CF
:10C5C00045FA40F26D102349086040F213102249E9
:10C5D000086004202A49086000201249086019E018
:10C5E00006E001201DF0BAFAF4F748FA00B90BE0B2
:10C5F00024490968174A1268881A002801DB014695
:10C6000000E041420A29ECDC00BF06480068401CFB
:10C6100004490860034800689628E1DBC8201349F4
:10C62000086031E03C040020C0040020A004002089
:10C63000A404002004000020B40100209C04002079
:10C64000333333333333F33FC0000020000802405C
:10C65000000C0240800400208C040020BC04002058
:10C660008401002098040020B0000020C4040020B1
:10C67000AC040020B004002000040240C4000020EC
:10C68000C0010020B8000020FE4800681938FE49AB
:10C69000086041F27C501DF061FA4FF47A701DF091
:10C6A0005DFAFA48C07F00F0BF00F849C87740F64D
:10C6B000C4101DF053FAF548C07F00F07F00F34925
:10C6C000C877FA20F2490860F2480068EE4908602D
:10C6D0000020F149086032E006E001201DF03EFA3A
:10C6E000F4F7CCF900B924E0EA490968EB4A12688A
:10C6F000881A1EF03CF841EC1A0B1FED2F0B53EC7F
:10C70000102B1DF0C5FF41EC180BE5480068DE4911
:10C710000968441A002C01DB214600E0614208460A
:10C720001EF025F841EC190B53EC182B1EF062F8A3
:10C73000D3D300BFD8480068401CD7490860D6480A
:10C7400000683228C8DB2021D6481AF007F80028F4
:10C750007ED100BFCD48C07F40F04000CB49C877B4
:10C760000846C07F40F08000C8770020CA490860B2
:10C7700014E006E001201DF0F1F9F4F77FF900B9AB
:10C7800006E04FF40061C84819F0E8FF0128F1D035
:10C7900000BFC1480068401CBF490860BE4800682F
:10C7A000FA28E6DBFA20BA490860B64800684D3836
:10C7B000B54908600020B849086019E006E001208A
:10C7C0001DF0CCF9F4F75AF900B90BE0B449096847
:10C7D000AD4A1268881A002801DB014600E0414298
:10C7E0000829ECDC00BFAC480068401CAA4908607E
:10C7F000A948006840F226218842DFDB41F27070D0
:10C800001DF0ACF9FDF76AFC9620A14908609D482F
:10C81000006819389C49086041F27C501DF09EF96F
:10C820009A48C07F00F0BF009849C87740F6C4100E
:10C830001DF094F99548C07F00F07F009349C877B8
:10C84000FA2093490860934800688F49086000E027
:10C8500049E000209049086032E006E001201DF028
:10C860007DF9F4F70BF900B924E08A4909688B4A8D
:10C870001268881A1DF07BFF41EC1A0B1FED900B1C
:10C8800053EC102B1DF004FF41EC180B844800689A
:10C890007D490968441A002C01DB214600E0614211
:10C8A00008461DF064FF41EC190B53EC182B1DF0EA
:10C8B000A1FFD3D300BF78480068401C76490860C8
:10C8C000754800683228C8DB01201DF047F9F4F7ED
:10C8D000D5F800B906E02021724819F03FFF002882
:10C8E0003FF438AF00BFF8F7ABF840F209106F49DA
:10C8F00008606F490860BDEC068B10BD10B52DEDCA
:10C90000068BFA206B4908606B480068401F6B4932
:10C91000086000206049086019E006E001201DF071
:10C920001DF9F4F7ABF800B90BE065490968634AF3
:10C930001268881A002801DB014600E041420A29FA
:10C94000ECDC00BF54480068401C53490860524862
:10C9500000689628E1DB4D48C07F40F010004B494D
:10C96000C8770846C07F40F02000C877FA205549B4
:10C97000086055480068373054490860002046492F
:10C98000086014E006E001201DF0E8F8F4F776F8FE
:10C9900000B906E04FF400414D4819F0DFFE0128D0
:10C9A000F1D000BF3C480068401C3B4908603A4851
:10C9B00000683228E6DB00203749086019E006E00D
:10C9C00001201DF0CBF8F4F759F800B90BE041490C
:10C9D00009683E4A1268881A002801DB014600E017
:10C9E00041420729ECDC00BF2B480068401C2A4963
:10C9F0000860294800683228E1DB41F270701DF0C0
:10CA0000ADF8FDF7AAFDF8F721F840F26D102749BF
:10CA1000086040F213102649086000201E49086093
:10CA200019E006E001201DF099F8F4F727F800B9A5
:10CA30000BE0294909681D4A1268881A002801DBA1
:10CA4000014600E041420A29ECDC00BF12480068C0
:10CA5000401C11490860104800689628E1DBAA20B4
:10CA600018490860184800681E301849086041F2EB
:10CA70007C501DF073F84FF47A701DF06FF8034886
:10CA8000C07F2BE0AC040020B00400200400002094
:10CA9000C4040020B80100203C040020A8040020A9
:10CAA000C400002000100240000402408004002066
:10CAB0008C040020BC040020800100209804002089
:10CAC000B0000020C00400209C040020A40400202A
:10CAD000000C0240C0000020B800002000F0EF0071
:10CAE000FE49C87740F6C4101DF038F8FB48C07FF7
:10CAF00000F0DF00F949C877FA20F9490860F948E1
:10CB00000068F94908600020F849086032E006E052
:10CB100001201DF023F8F3F7B1FF00B924E0F1493B
:10CB20000968F34A1268881A1DF021FE41EC1A0BBD
:10CB30009FEDF00B53EC102B1DF0AAFD41EC180BF0
:10CB4000EE480068E8490968441A002C01DB2146D8
:10CB500000E0614208461DF00AFE41EC190B53EC5F
:10CB6000182B1DF047FED3D300BFE0480068401CDF
:10CB7000DE490860DD4800683228C8DB4FF40071E8
:10CB8000DF4819F0EBFD00287ED100BFD348C07FFD
:10CB900040F01000D149C8770846C07F40F020001F
:10CBA000C8770020D149086014E006E001201CF09D
:10CBB000D5FFF3F763FF00B906E04FF40041D14819
:10CBC00019F0CCFD0128F1D000BFC8480068401C16
:10CBD000C6490860C5480068FA28E6DBFA20C04963
:10CBE0000860C34800685030BF4908600020BF4952
:10CBF000086019E006E001201CF0B0FFF3F73EFFEB
:10CC000000B90BE0BD490968B74A1268881A0028C4
:10CC100001DB014600E041420829ECDC00BFB348DB
:10CC20000068401CB1490860B04800689628E1DB04
:10CC300041F270701CF092FFFDF78FFC3220A84982
:10CC40000860AB4800681E30A749086041F27C507C
:10CC50001CF084FFA148C07F00F0EF009F49C87717
:10CC600040F6C4101CF07AFF9C48C07F00F0DF0043
:10CC70009A49C877FA209A4908609A4800689A4900
:10CC800008600020994900E048E0086032E006E0D2
:10CC900001201CF063FFF3F7F1FE00B924E0914995
:10CCA0000968934A1268881A1DF061FD41EC1A0B5D
:10CCB0009FED900B53EC102B1DF0EAFC41EC180B90
:10CCC0008E48006888490968441A002C01DB214617
:10CCD00000E0614208461DF04AFD41EC190B53EC9F
:10CCE000182B1DF087FDD3D300BF80480068401C7F
:10CCF0007E4908607D4800683228C8DB01201CF0AE
:10CD00002DFFF3F7BBFE00B907E04FF400717C483C
:10CD100019F024FD00283FF439AF00BFF7F790FE6B
:10CD200040F209107849086078490860BDEC068B2C
:10CD300010BD2DE9F04F2DED028B83B006460C4659
:10CD400017469846B0EE408ADDE90EAB0020019010
:10CD50006248C07F40F004006049C8776C480660B4
:10CD6000254605F15500029020E06A490968684AA5
:10CD70001268881A002801DB014600E0414289461A
:10CD8000A94500DC13E0B0EE480A3B46CDF8008030
:10CD900029464846029AFDF7CCFC5F49086001200D
:10CDA0001CF0DCFEF3F76AFE00B900E0DDE700BF2F
:10CDB00057E04021594819F0D1FC012800D10190D9
:10CDC000019801280CD16420534908604348C07F72
:10CDD00000F0FD004149C8770020F6F748FC39E033
:10CDE0004FF480514E4819F0B9FC28B14FF48061DE
:10CDF000444819F0B3FC08BB3848C07F40F002003B
:10CE00003649C8774FF48051454819F0A7FC38B926
:10CE100050461099F6F74DFD19203F49086019E07A
:10CE20004FF48061374819F099FC98B95846109929
:10CE3000F6F73FFD1920384908600BE064203649B9
:10CE400008602648C07F00F0FD002449C877002014
:10CE5000F6F70DFC01201CF081FEF3F70FFE00B980
:10CE60000BE02C4909682A4A1268881A002801DB5D
:10CE7000014600E0414205299BDC00BF1748C07F06
:10CE800000F0FD001549C8770020F6F7F0FB03B06D
:10CE9000BDEC028BBDE8F08F3EB504460D460A207E
:10CEA0004FF461714A429FED1F0A1923CDE9002119
:10CEB0000290FA2229462046FFF73BFF4FF47A7092
:10CEC0001CF04CFE0548C07F00F0FB000349C8770A
:10CED000FA20114908601448006827E00400002087
:10CEE000C0040020B4010020A40400203C04002061
:10CEF0009C040020000000000000F43FC00000205F
:10CF000000080240000C0240800400208C04002035
:10CF1000B0040020C4000020C4040020001002401F
:10CF200000040240CDCCCC3FB8010020FE4908608F
:10CF30003EBD2DE9F04F2DED028B83B006460C4629
:10CF400017469846B0EE408ADDE90EAB002001900E
:10CF5000F648C07F40F00800F449C877F4480660FE
:10CF6000254605F15000029020E0F2490968F04A98
:10CF70001268881A002801DB014600E04142894618
:10CF8000A94500DC13E0B0EE480A3B46CDF800802E
:10CF900029464846029AFDF7CCFBE7490860012084
:10CFA0001CF0DCFDF3F76AFD00B900E0DDE700BF2F
:10CFB00058E04FF48071E14819F0D0FB08B9012026
:10CFC0000190019801280CD16420DB490860D74802
:10CFD000C07F00F0FD00D549C8770020F6F747FB79
:10CFE00039E04FF48041D64819F0B8FB28B14FF42E
:10CFF0008061D44819F0B2FB08BBCC48C07F40F038
:10D000000200CA49C8774FF48041CD4819F0A6FB09
:10D0100038B950461099F6F74CFC1920C6490860FB
:10D0200019E04FF48061C74819F098FB98B9584649
:10D030001099F6F73EFC1920BF4908600BE0642008
:10D04000BD490860B948C07F00F0FD00B749C87706
:10D050000020F6F70CFB01201CF080FDF3F70EFD1D
:10D0600000B90BE0B3490968B14A1268881A002870
:10D0700001DB014600E0414205299ADC00BFAB48D4
:10D08000C07F00F0FD00A949C8770020F6F7EFFA4D
:10D0900003B0BDEC028BBDE8F08F3EB504460D46F3
:10D0A000FA20A9490860A9480068C01CA84908607E
:10D0B0000020A849086019E006E001201CF04EFDA0
:10D0C000F3F7DCFC00B90BE0A3490968A04A126839
:10D0D000881A002801DB014600E041420A29ECDC05
:10D0E00000BF9C480068401C9A4908609948006845
:10D0F0009628E1DB0A204FF461714A421FED770A5E
:10D100001923CDE900210290FA2229462046FFF793
:10D1100010FF4FF47A701CF021FD8448C07F00F0AE
:10D12000F7008249C8774FF47A701CF017FD7F48EA
:10D13000C07F00F0DF007D49C877FA207E49086093
:10D14000864800687A4908603EBD2DE9F04F2DED14
:10D15000028B83B006460C4617469846B0EE408ACE
:10D16000DDE90EAB002001907048C07F40F0400028
:10D170006E49C8776C480660254605F1500002905C
:10D1800020E077490968684A1268881A002801DB9C
:10D19000014600E041428946A94500DC13E0B0EEBB
:10D1A000480A3B46CDF8008029464846029AFDF7DA
:10D1B000C0FA6C49086001201CF0D0FCF3F75EFC5B
:10D1C00000B900E0DDE700BF57E02021664819F014
:10D1D000C5FA08B901200190019801280CD16420FA
:10D1E000604908605148C07F00F0FD004F49C87792
:10D1F0000020F6F73CFA39E04FF40051514819F09D
:10D20000ADFA28B14FF400614D4819F0A7FA08BBF8
:10D210004648C07F40F002004449C8774FF40051AF
:10D22000484819F09BFA38B950461099F6F741FB77
:10D2300019204C49086019E04FF40061404819F08A
:10D240008DFA98B958461099F6F733FB19204549DD
:10D2500008600BE06420434908603448C07F00F058
:10D26000FD003249C8770020F6F701FA01201CF0D2
:10D2700075FCF3F703FC00B90BE0394909682A4A49
:10D280001268881A002801DB014600E041420529A6
:10D290009BDC00BF2548C07F00F0FD002349C87714
:10D2A0000020F6F7E4F903B0BDEC028BBDE8F08F87
:10D2B0003EB504460D46FA2023490860234800681D
:10D2C000401F2349086000202249086019E006E059
:10D2D00001201CF043FCF3F7D1FB00B90BE01E4921
:10D2E00009681B4A1268881A002801DB014600E021
:10D2F00041420A29ECDC00BF16480068401C154971
:10D300000860144800689628E1DB0A204FF4617138
:10D310004A42B7EE080A1923CDE900210290FA2209
:10D320002946204622E00000B0040020040000202E
:10D33000A4040020C0000020C00400200008024017
:10D34000000C024000040240BC04002084010020C4
:10D35000980400203C040020B0000020B40100200C
:10D36000C4000020C404002000100240FFF7EDFEBE
:10D370004FF47A701CF0F2FBFE48C07F00F0BF0053
:10D38000FC49C8774FF47A701CF0E8FBFA20FA49A0
:10D390000860FA480068FA4908603EBD2DE9F04F80
:10D3A0002DED028B83B006460C4617469846B0EE2C
:10D3B000408ADDE90EAB00200190EE48C07F40F0CE
:10D3C0001000EC49C877EF480660254605F15A0081
:10D3D000029020E0EC490968EA4A1268881A00289D
:10D3E00001DB014600E041428946A94500DC13E02B
:10D3F000B0EE480A3B46CDF8008029464846029ADE
:10D40000FDF797F9E149086001201CF0A7FBF3F74D
:10D4100035FB00B900E0DDE700BF58E04FF40071D4
:10D42000DB4819F09BF9012800D1019001980128EF
:10D430000CD16420D5490860CE48C07F00F0FD00C3
:10D44000CC49C8770020F6F712F939E04FF4804153
:10D45000D04819F083F928B14FF40041CD4819F0B4
:10D460007DF908BBC348C07F40F00200C149C877BE
:10D470004FF48041C74819F071F938B950461099F6
:10D48000F6F717FA1720C149086019E04FF4004178
:10D49000C04819F063F998B958461099F6F709FA97
:10D4A0001720BA4908600BE06420B8490860B14809
:10D4B000C07F00F0FD00AF49C8770020F6F7D7F82D
:10D4C00001201CF04BFBF3F7D9FA00B90BE0AE4991
:10D4D0000968AC4A1268881A002801DB014600E09E
:10D4E000414205299ADC00BFA248C07F00F0FD0040
:10D4F000A049C8770020F6F7BAF803B0BDEC028B5C
:10D50000BDE8F08F3EB504460D46FA20A2490860FA
:10D51000A2480068401FA24908600020A149086095
:10D5200019E006E001201CF019FBF3F7A7FA00B997
:10D530000BE09D4909689A4A1268881A002801DBA5
:10D54000014600E041420A29ECDC00BF9548006832
:10D55000401C94490860934800689628E1DB0A2043
:10D560004FF461714A42B7EE080A1923CDE9002150
:10D570000290FA2229462046FFF710FF7D48C07F1F
:10D5800000F0EF007B49C8774FF47A701CF0E6FAA0
:10D59000FA207E490860854800687A4908603EBDE7
:10D5A0008348006890B98348006878B98248006869
:10D5B00060B98248006848B96E48C07F40F00400F6
:10D5C0006C49C87701207E4908605EE078480068B1
:10D5D00001281AD177480068B8B977480068A0B91F
:10D5E0007648006888B9FA206B4908607548006879
:10D5F000C01C6B4908605F48C07F40F008005D496F
:10D60000C87701206E4908603FE06948006801283A
:10D610001BD168480068012817D167480068A0B985
:10D620006648006888B9FA205B4908606548006868
:10D63000401F5B4908604F48C07F40F040004D49A3
:10D64000C87701205E4908601FE05948006801283A
:10D650001BD158480068012817D157480068012895
:10D6600013D15648006880B9FA204B4908604B48EE
:10D670000068401F4A4908603E48C07F40F01000E3
:10D680003C49C87701204E49086070474848006807
:10D69000C8B948480068B0B94748006898B94748D1
:10D6A000006880B9FA203C490860474800683C4956
:10D6B00008603048C07F40F004002E49C877012040
:10D6C0004249086091E03A480068012819D1394878
:10D6D0000068B0B93848006898B93848006880B91F
:10D6E000FA202D4908603A4800682D490860214811
:10D6F000C07F40F008001F49C87701203349086007
:10D7000073E02B48006801281AD12A4800680128D4
:10D7100016D12948006898B92848006880B9FA20CD
:10D720001D4908602B4800681D4908601148C07FEA
:10D7300040F040000F49C87701202449086054E0B8
:10D740001B480068012850D11A48006801284CD1B4
:10D7500019480068012848D11848006848B9FA20DB
:10D760000D4908601C4800680D4908600148C07FE9
:10D7700034E03AE004000020C4040020B801002096
:10D78000B0040020A4040020C0000020C004002039
:10D790000008024000040240BC0400208001002078
:10D7A000980400203C040020B0000020B4010020B8
:10D7B000680200206C020020700200207402002029
:10D7C000880200208401002098010020900200209F
:10D7D0009C010020A0010020A401002040F01000C6
:10D7E000FE49C8770120FE4908607047FD4800687F
:10D7F000C8B9FD480068B0B9FC48006898B9FC4851
:10D80000006880B9FA20FB490860FB480068FB49C2
:10D810000860F248C07F40F00400F049C87701205A
:10D82000F74908605BE0EF480068012819D1EE482D
:10D830000068B0B9ED48006898B9ED48006880B953
:10D84000FA20EC490860EF480068EC490860E348BA
:10D85000C07F40F00800E149C8770120E84908602E
:10D860003DE0E048006801281AD1DF48006801283F
:10D8700016D1DE48006898B9DD48006880B9FA2002
:10D88000DC490860E0480068DC490860D348C07F94
:10D8900040F04000D149C8770120D94908601EE016
:10D8A000D048006801281AD1CF480068012816D155
:10D8B000CE480068012812D1CD48006878B9FA2016
:10D8C000CC490860D1480068CC490860C348C07F93
:10D8D00040F01000C149C8770120C949086070476D
:10D8E000C048006838BBC048006820BBBF4800681B
:10D8F00008BBBF480068F0B9C548006801281AD1C4
:10D90000C4490968C44A1268881A002801DB014624
:10D9100000E041420A290DDCB048C07F40F004001D
:10D92000AE49C877FA20BD490860BD4800686E302E
:10D93000BC49086085E0AB480068012827D1AA48A7
:10D94000006820BBA948006808BBA9480068F0B976
:10D95000AF48006801281AD1AE490968B24A126876
:10D96000881A002801DB014600E041420A2968DCF0
:10D970009A48C07F40F008009849C877FA20AB4920
:10D980000860AB4800686E38AA49086059E09548BD
:10D990000068012828D194480068012824D19348C0
:10D9A000006808BB92480068F0B9994800680128EF
:10D9B0001AD198490968A04A1268881A002801DB20
:10D9C000014600E041420A293BDC8448C07F40F028
:10D9D00040008249C877FA2090490860974800685B
:10D9E0007838904908602CE07E480068012828D1EA
:10D9F0007D480068012824D17C480068012820D196
:10DA00007B480068E8B982480068012819D181493B
:10DA100009688B4A1268881A002801DB014600E079
:10DA200041420A290DDC6D48C07F40F010006B496F
:10DA3000C877FA207D4908608248006878307D49BF
:10DA4000086070476748006838BB6748006820BBBB
:10DA50006648006808BB66480068F0B96C48006812
:10DA600001281AD16B490968634A1268881A00288C
:10DA700001DB014600E041420A290DDC5748C07F26
:10DA800040F004005549C877FA20644908606448AA
:10DA900000686E306349086085E0524800680128DC
:10DAA00027D15148006820BB5048006808BB504847
:10DAB0000068F0B95648006801281AD1554909682C
:10DAC000504A1268881A002801DB014600E04142F2
:10DAD0000A2968DC4148C07F40F008003F49C87708
:10DAE000FA2052490860524800686E38514908606F
:10DAF00059E03C480068012828D13B4800680128CB
:10DB000024D13A48006808BB39480068F0B9404859
:10DB1000006801281AD13F4909683B4A1268881AEF
:10DB2000002801DB014600E041420A293BDC2B488A
:10DB3000C07F40F040002949C877FA203749086083
:10DB40003E4800687838374908602CE0254800686E
:10DB5000012828D124480068012824D123480068DE
:10DB6000012820D122480068E8B929480068012826
:10DB700019D128490968254A1268881A002801DB4A
:10DB8000014600E041420A290DDC1448C07F40F004
:10DB900010001249C877FA20244908602948006813
:10DBA00078302449086070470E480068A0B90E48D4
:10DBB000006888B90D48006870B90D48006858B908
:10DBC00013480068012855D1124909681E4A126895
:10DBD000881A00283CDB39E04CE0000004000020FB
:10DBE00090020020680200206C02002070020020D9
:10DBF00074020020BC04002088010020980400204A
:10DC00008C0200208C010020900100209401002053
:10DC100074040020B000002098010020C4040020FB
:10DC2000A8040020B00400209C010020C0040020B3
:10DC3000A0040020A4040020A0010020AC040020C7
:10DC4000A40100209C04002080010020014600E087
:10DC5000414205290DDCFC48C07F40F00400FA4930
:10DC6000C877FA20F9490860F94800687530F94921
:10DC7000086088E0F8480068012828D1F748006863
:10DC800028BBF748006810BBF6480068F8B9F648AA
:10DC9000006801281BD1F5490A68F5490968C91CC3
:10DCA000501A002801DB014600E0414205296ADCE8
:10DCB000E548C07F40F00800E349C877FA20ED4905
:10DCC0000860ED4800687038EC4908605BE0E248A5
:10DCD0000068012829D1E1480068012825D1E048E1
:10DCE000006810BBDF480068F8B9DF480068012809
:10DCF0001BD1DF490968491FDC4A1268501A002805
:10DD000001DB014600E0414205293CDCCE48C07FF2
:10DD100040F04000CC49C877FA20CC490860D84888
:10DD200000687838CB4908602DE0CB4800680128AE
:10DD300029D1CA480068012825D1C94800680128AE
:10DD400021D1C8480068F0B9C748006801281AD135
:10DD5000CC490968491FC54A1268501A002801DBDE
:10DD6000014600E0414205290DDCB748C07F40F084
:10DD70001000B549C877FA20BE490860C24800685B
:10DD80006930BE49086070470EB50020BF49086081
:10DD9000B1480068002849D1B0480068002845D142
:10DDA000AF480068002841D1AE48006800283DD146
:10DDB000C820B7490860B3480068B6490860002029
:10DDC000B549086019E006E001201BF0C7FEF2F734
:10DDD00055FE00B90BE0A5490968AE4A1268881AD9
:10DDE000002801DB014600E041420A29ECDC00BFCB
:10DDF000A9480068401CA8490860A7480068962800
:10DE0000E1DB06204FF461714A429FEDA40A192319
:10DE1000CDE900210290FA224B218D48006837306D
:10DE2000FCF7D5FD01208C4908609DE08A48006818
:10DE300001284BD189480068002847D188480068EC
:10DE4000E8BB88480068D0BBC82091490860884872
:10DE50000068C01C8F49086000208F49086019E0E5
:10DE600006E001201BF07AFEF2F708FE00B90BE095
:10DE70007E490968874A1268881A002801DB014632
:10DE800000E041420A29ECDC00BF83480068401CE6
:10DE900081490860804800689628E1DB06204FF43D
:10DEA00061714A42CDE90021029073490968A1F1EC
:10DEB00032009FED7A0A1923FA224B2100E005E097
:10DEC000FCF7A7FE0120654908604DE06248006844
:10DED000012849D161480068012845D1604800689F
:10DEE000F0BB60480068D8BBC8206949086060483A
:10DEF00000686849086000206749086019E006E08A
:10DF000001201BF02BFEF2F7B9FD00B90BE05749D9
:10DF10000968604A1268881A002801DB014600E09F
:10DF200041420A29ECDC00BF5B480068401C5A49AA
:10DF30000860594800689628E1DB05204FF46171BC
:10DF40004A42CDE9002102904D490968A1F12D0016
:10DF50009FED530A1923FA224B21FCF796FF00E0AC
:10DF600002E001203E49086000204E4908600EBDD5
:10DF70000EB500204549086037480068002849D19F
:10DF800036480068002845D135480068002841D14E
:10DF90003448006800283DD1FA203D4908603948DE
:10DFA00000683C49086000203B49086019E006E031
:10DFB00001201BF0D3FDF2F761FD00B90BE02B4906
:10DFC0000968344A1268881A002801DB014600E01B
:10DFD00041420829ECDC00BF2F480068401C2E4954
:10DFE00008602D4800689628E1DB052040F27A3170
:10DFF0004A42B7EE080A1923CDE900210290FA221D
:10E000004121134800682830FCF7E1FC0120124947
:10E0100008601DE11048006801287AD10F480068A7
:10E02000002876D10E480068F0BB0E480068D8BBC7
:10E03000FA20174908600E480068C01C154908609E
:10E040000020154908604AE004000020C4040020B4
:10E05000A8040020B0040020680200206C02002008
:10E06000700200207402002074040020B000002020
:10E0700084010020C0040020A0040020A40400208B
:10E08000AC040020800100209C04002088020020B5
:10E09000BC040020980400203C0400206666A63FD3
:10E0A0003333B33FE800002033E006E001201BF0EB
:10E0B00055FDF2F7E3FC00B90BE0FA490968FA4AAA
:10E0C0001268881A002801DB014600E04142082955
:10E0D000ECDC00BFF5480068401CF4490860F348D8
:10E0E00000689628E1DB062040F27A314A42CDE909
:10E0F00000210290EE490968A1F12800B7EE080A54
:10E100001923FA224121FCF784FD0120E949086026
:10E110009EE0E948006801284BD1E64800680128E4
:10E1200047D1E6480068E8BBE5480068D0BBFA2064
:10E13000E4490860E4480068C01EDB49086000202C
:10E14000DA49086019E006E001201BF007FDF2F74C
:10E1500095FC00B90BE0D3490968D34A1268881AC4
:10E16000002801DB014600E041420829ECDC00BF49
:10E17000CE480068401CCD490860CC48006896280D
:10E18000E1DB062040F27A314A42CDE900210290DB
:10E19000CE490968A1F12300B7EE080A1923FA2233
:10E1A0004B2100E005E0FCF770FE0120C349086048
:10E1B0004EE0C148006801284AD1BE4800680128E5
:10E1C00046D1BE480068012842D1BD480068E8BB7E
:10E1D000FA20BC490860BE480068C01EB249086009
:10E1E0000020B249086019E006E001201BF0B6FCEF
:10E1F000F2F744FC00B90BE0AA490968AA4A126880
:10E20000881A002801DB014600E041420829ECDCC5
:10E2100000BFA6480068401CA4490860A3480068E5
:10E220009628E1DB052040F27A314A42B7EE080A2F
:10E230001923CDE900210290FA224B21A54800685C
:10E240002D30FCF761FF01209D4900E000E00860EF
:10E250000020A14908600EBD0EB500209F4908604E
:10E2600095480068002879D192480068002875D147
:10E2700092480068002871D19148006800286DD14B
:10E28000FA209049086096480068401F8649086057
:10E2900000208649086019E006E001201BF05EFCC2
:10E2A000F2F7ECFB00B90BE07E4909687E4A126880
:10E2B000881A002801DB014600E041420829ECDC15
:10E2C00000BF7A480068401C7849086077480068B9
:10E2D00040F226218842DFDB05204FF4E161002275
:10E2E0001FED910A1923CDE900210290FA2246215F
:10E2F0007C4800682330FCF76AFBF6F7A7FB7A48F6
:10E300000068FA307949086079480068FA3079493C
:10E3100008600221784818F021FA68B99FED771A51
:10E32000DFED770A10209FED770AF5F7CCFA42F27D
:10E3300034101BF013FC0CE09FED701ADFED720A35
:10E340000A209FED720AF5F7BEFA42F234101BF074
:10E3500005FC012058490860B4E1FFE75648006811
:10E3600001287AD153480068002876D153480068C4
:10E37000002872D15248006800286ED1FA20514915
:10E38000086063480068801F4749086000204749CB
:10E39000086019E006E001201BF0E0FBF2F76EFBDD
:10E3A00000B90BE03F4909683F4A1268881A002803
:10E3B00001DB014600E041420829ECDC00BF3B489C
:10E3C0000068401C394908603848006840F226213E
:10E3D0008842DFDB05204FF4E1610022CDE9002116
:10E3E000029033490968A1F123001FEDD30A1923D4
:10E3F000FA224621FCF70DFCF6F728FB3A480068A4
:10E40000FA303A4908603A480068FA3039490860F9
:10E410000221394818F0A2F968B99FED381ADFEDEA
:10E42000380A10209FED370AF5F74DFA42F2341002
:10E430001BF094FB0CE09FED311ADFED330A0A204C
:10E440009FED320AF5F73FFA42F234101BF086FBDB
:10E4500001201849086035E1FFE7174800680128E6
:10E460007ED11448006801287AD114480068002839
:10E4700076D113480068002872D1FA20114908604B
:10E4800024480068401D08490860002007490860CA
:10E4900054E041E001201BF061FBF2F7EFFA00B914
:10E4A00046E039E0B0000020980400203C04002041
:10E4B000A00400206C0200206802002070020020EE
:10E4C00074020020BC04002084010020AC04002061
:10E4D000800100209C040020E80000208C02002025
:10E4E00088010020A8040020780400208004002077
:10E4F000840400208C04002000040240CDCC4C3F5A
:10E50000000061C400001644000061440080A2C401
:10E510008C01002090010020F9490968F94A12682D
:10E52000881A002801DB014600E041420829B1DCDD
:10E5300000BFF5480068401CF3490860F2480068D5
:10E5400040F226218842A4DB06204FF4E16100223C
:10E55000CDE900210290ED490968A1F1230000E016
:10E5600036E09FEDEB0A1923FA224B21FCF78DFCD4
:10E57000F6F76CFAE7480068FA30E7490860E748C0
:10E580000068FA30E64908600221E64818F0E6F82B
:10E5900068B91FED261A5FED260A0D209FEDE20AED
:10E5A000F5F791F941F288301BF0D8FA0CE01FED35
:10E5B0002D1A5FED2B0A0D209FEDDC0AF5F783F98C
:10E5C00041F288301BF0CAFA0120D949086079E08D
:10E5D000D8480068012875D1D7480068012871D152
:10E5E000D348006801286DD1D4480068002869D15B
:10E5F000FA20D3490860D3480068401DC14908602B
:10E600000020C149086019E006E001201BF0A6FACD
:10E61000F2F734FA00B90BE0B9490968B94A12684F
:10E62000881A002801DB014600E041420829ECDCA1
:10E6300000BFB5480068401CB3490860B248006894
:10E640009628E1DB05204FF4E16100229FEDB00A3E
:10E650001923CDE900210290FA224B21BA48006823
:10E660002330FCF751FDF6F7F1F9AA480068FA30BB
:10E67000A9490860A9480068FA30A9490860022140
:10E68000A84818F06BF868B91FED641A5FED640ACA
:10E690000D209FEDA50AF5F716F941F288301BF021
:10E6A0005DFA0CE01FED6B1A5FED690A0D209FED1E
:10E6B0009F0AF5F708F941F288301BF04FFA012064
:10E6C0009E4908600020A14908600EBD0EB50020DB
:10E6D0009F49086097480068002870D196480068F4
:10E6E00000286CD192480068002868D193480068DF
:10E6F000002864D1FA209249086096480068814950
:10E70000086000208049086019E006E001201BF045
:10E7100025FAF2F7B3F900B90BE079490968794AAB
:10E720001268881A002801DB014600E041420629F0
:10E73000ECDC00BF74480068401C734908607248F4
:10E7400000689628E1DB05204FF4E16100229FED8F
:10E75000820A1923CDE900210290FA224B217F4839
:10E760000068FCF734F94FF4AF70F6F793F9002026
:10E77000F4F77DFF02216B4817F0F0FF68B91FED39
:10E78000A11A5FEDA10A10201FEDA20AF5F79BF870
:10E7900042F234101BF0E2F90CE01FEDA81A5FED15
:10E7A000A60A0A201FEDA70AF5F78DF842F23410E9
:10E7B0001BF0D4F901205F49086095E1FFE75D484F
:10E7C0000068012870D15C48006800286CD1584866
:10E7D0000068002868D159480068002864D1FA20F0
:10E7E000574908605E48006846490860002046496D
:10E7F000086019E006E001201BF0B0F9F2F73EF9DD
:10E8000000B90BE03E4909683E4A1268881A0028A0
:10E8100001DB014600E041420629ECDC00BF3A483A
:10E820000068401C38490860374800689628E1DBDA
:10E8300005204FF4E16100229FED470A1923CDE93D
:10E8400000210290FA224B2146480068FCF7E1F9CA
:10E850004FF4AF70F6F71EF90020F4F708FF02211D
:10E86000304817F07BFF68B91FEDDC1A5FEDDC0A5A
:10E8700010201FEDDC0AF5F726F842F234101BF0E9
:10E880006DF90CE01FEDE31A5FEDE10A0A201FEDC0
:10E89000E10AF5F718F842F234101BF05FF9012095
:10E8A0002549086020E1FFE72248006801287DD162
:10E8B00021480068012879D11D480068002875D1D9
:10E8C0001E480068002871D1FA201D4908602648BA
:10E8D00000680C49086000200B4908604FE006E022
:10E8E00001201BF03BF9F2F7C9F800B941E00449F7
:10E8F0000968044A1268881A002837DB014636E0A6
:10E90000B0000020980400203C040020AC0400204B
:10E910003333B33F780400208004002084040020B7
:10E920008C04002000040240000016C30040CE44C6
:10E9300070020020680200206C0200207402002097
:10E94000BC040020940100209C040020F000002062
:10E950008C020020880100206666A63FA8040020E3
:10E960008C010020A00400209001002041420629D3
:10E97000B6DC00BFFD480068401CFC490860FB484D
:10E9800000689628ABDB05204FF4E1610022B7EE6A
:10E99000000A1823CDE900210290FA224B21F44805
:10E9A0000068FCF772FA4FF4AF7000E028E0F6F769
:10E9B00071F80020F4F75BFE0221EE4817F0CEFE5E
:10E9C00068B99FEDED1ADFEDED0A0D201FED2A0A63
:10E9D000F4F779FF41F288301BF0C0F80CE09FEDAE
:10E9E000E61ADFEDE70A0D201FED300AF4F76BFFA2
:10E9F00041F288301BF0B2F80120E249086073E070
:10EA0000E148006801286FD1E048006801286BD117
:10EA1000DC480068012867D1DD480068F0BBFA20B7
:10EA2000DC490860DC480068DC4908600020CF4908
:10EA3000086019E006E001201BF090F8F2F71EF8DC
:10EA400000B90BE0D6490968D44A1268881A002830
:10EA500001DB014600E041420629ECDC00BFC3486F
:10EA60000068401CC1490860C04800689628E1DB86
:10EA700005204FF4E1610022B7EE000A1823CDE92A
:10EA800000210290FA224B21C6480068FCF73CFBAB
:10EA90000120BF4908604FF4AF7000E024E0F5F7B3
:10EAA000F9FF0020F4F7E3FD0221B24817F056FE0B
:10EAB00068B99FEDB11ADFEDB10A0D201FED660AAE
:10EAC000F4F701FF41F288301BF048F80CE09FEDAD
:10EAD000AA1ADFEDAB0A0D201FED6C0AF4F7F3FE66
:10EAE00041F288301BF03AF80020AF4908600EBDB3
:10EAF00010B5FFF7EBFD0020F4F7B9FDAB48006857
:10EB0000012807D1FEF74CFD4FF47A601BF026F880
:10EB1000F6F720F810BD10B5FFF79EFB0020F4F7C4
:10EB2000A6FDA2480068012807D1FEF739FD4FF481
:10EB30007A601BF013F8F6F7B5FE0020F4F797FDA6
:10EB400010BD70B59A480068451D40F23520F5F7B4
:10EB5000A1FF8D480068002854D18C480068002827
:10EB600050D18848006800284CD1894800680028A6
:10EB700048D17E4908603EE023E08E480068A84204
:10EB800009DD9FED8D1ADFED7E0A12209FED8B0AC5
:10EB9000F4F799FE0EE09FED881ADFED790A0C205C
:10EBA0009FED760AF4F78FFE8548C07F40F0800025
:10EBB0008349C87701201AF0D1FFF1F75FFF00B950
:10EBC00013E04FF480517F4817F0C8FD0028D4D0DF
:10EBD0007D4800687D490968441A002C01DB204605
:10EBE00000E06042B0F5967FC7DC00BF5F48006878
:10EBF000401C5E4908605D48006840F20E61884232
:10EC0000BADB62E160480068012854D15F480068BF
:10EC1000002850D15B480068D8BB5D480068C0BB85
:10EC20000020524908603FE023E062480068A842A3
:10EC300009DD9FED611ADFED520A12209FED5F0A98
:10EC4000F4F741FE0EE09FED5C1ADFED4D0A0C205B
:10EC50009FED4A0AF4F737FE5948C07F40F0200084
:10EC60005749C87701201AF079FFF1F707FF00B97B
:10EC700014E04FF48051534817F070FD0028D4D0B1
:10EC80005148006851490968441A002C02DB2046AB
:10EC900001E010E06042B0F5967FC6DC00BF33486B
:10ECA0000068401C314908603048006840F20E613D
:10ECB0008842B9DB09E134480068012835D133487E
:10ECC0000068012831D12F48006870BB30480068C7
:10ECD00058BB2BE04FF400613A4817F03FFD70B984
:10ECE0000121244817F03AFD48B99FED331ADFEDB2
:10ECF000240A12209FED360AF4F7E5FD0EE09FEDA1
:10ED00002E1ADFED1F0A0C209FED1C0AF4F7DBFD25
:10ED10002B48C07F40F080002949C87701201AF0B5
:10ED20001DFFF1F7ABFE08B914E064E04FF4805129
:10ED3000244817F013FD0028CCD02348006823494D
:10ED40000968441A002C01DB204600E06042B0F55F
:10ED5000967FBFDC00BF9FED181ADFED090A08207F
:10ED60009FED1C0AF4F7AFFD3DE000003C040020DD
:10ED7000AC04002000040240CDCC4C3F000061C434
:10ED80000000614470020020680200206C02002034
:10ED900074020020BC04002094010020980400208C
:10EDA000B00000209C040020F0000020E8000020BB
:10EDB000A8010020A00000203333333F0000E1C34E
:10EDC0000400002000000240BC0000208C04002051
:10EDD00000C0C1C40000E14401201AF0BFFEF1F7F9
:10EDE0004DFE00B906E04FF40061F54817F0B6FC9F
:10EDF0000028F1D069E0F3480068012865D1F248A5
:10EE00000068012861D1F148006801285DD1F0480F
:10EE10000068D8BB2AE04FF40061E94817F09EFC77
:10EE200070B90121EB4817F099FC48B91FED1E1A83
:10EE30005FED2D0A12201FED1A0AF4F744FD0EE0D3
:10EE40001FED231A5FED320A0C201FED340AF4F790
:10EE50003AFDE148C07F40F02000DF49C87701203B
:10EE60001AF07CFEF1F70AFE00B914E04FF480516D
:10EE7000D34817F073FC0028CDD0D8480068D84993
:10EE80000968441A002C02DB204601E01DE06042C4
:10EE9000B0F5967FBFDC00BF1FED391A5FED480A61
:10EEA00008201FED340AF4F70EFD06E001201AF0E9
:10EEB00055FEF1F7E3FD00B906E04FF40061C048EC
:10EEC00017F04CFC0028F1D000BF0020F4F7CFFB76
:10EED000B6EE001A5FED560A0A201FED580AF4F745
:10EEE000F2FC40F2DC501AF039FE0020F4F7BFFBD0
:10EEF00070BD10B5FFF7B0F90020F4F7B8FBB948C2
:10EF00000068012807D1FEF74BFB4FF47A601AF036
:10EF100025FEFFF716FE0020F4F7A9FB10BD10B583
:10EF2000FFF7D4FB0020F4F7A2FBAE4800680128ED
:10EF300008D1FEF735FB4FF47A601AF00FFEF5F7B3
:10EF400009FE0BE0A8480068012807D1FEF79EFBE8
:10EF50004FF47A601AF002FEF7F723FD10BD70B58A
:10EF6000A2480068451D40F20910F5F781FD95485B
:10EF70000068B8BB94480068A0BB9448006888BB90
:10EF80009348006870BB1DE099480068A84209DDFD
:10EF90001FED771A5FED860A12201FED780AF4F74D
:10EFA00092FC08E01FED7C1A5FED8B0A14201FED28
:10EFB0008D0AF4F788FC01201AF0D0FDF1F75EFD10
:10EFC00000B913E04FF480717D4817F0C7FB0028AB
:10EFD000DAD08248006882490968441A002C02DBB2
:10EFE000204601E003E060421428CDDC25E17548AD
:10EFF000006801283CD174480068A0BB73480068D1
:10F0000088BB7348006870BB1DE079480068A8425F
:10F0100009DD1FED971A5FEDA60A12201FED990A70
:10F02000F4F751FC08E01FED9C1A5FEDAB0A1420C9
:10F030001FEDAE0AF4F747FC01201AF08FFDF1F73F
:10F040001DFD00B913E04FF480715D4817F086FB99
:10F050000028DAD06148006861490968441A002C28
:10F0600002DB204601E003E060421428CDDCE4E04E
:10F070005448006801285DD153480068012859D1DF
:10F0800052480068C0BB52480068A8BB24E04FF457
:10F0900000614B4817F062FB70B901214D4817F031
:10F0A0005DFB48B91FEDBC1A5FEDCB0A12209FED46
:10F0B000510AF4F708FC08E01FEDC11A5FEDD00A11
:10F0C00014201FEDD20AF4F7FEFB01201AF046FDD2
:10F0D000F1F7D4FC00B913E04FF48071384817F011
:10F0E0003DFB0028D3D03D4800683D490968441ADB
:10F0F000002C02DB204601E01CE060421428C6DC44
:10F1000000BF1FEDD31A5FEDE20A0A201FEDCF0A00
:10F11000F4F7D9FB06E001201AF020FDF1F7AEFC70
:10F1200000B906E04FF40061254817F017FB0028EE
:10F13000F1D082E02348006801287ED1224800688F
:10F1400001287AD121480068012876D1204800683A
:10F15000A8BB24E04FF40061194817F0FFFA70B91A
:10F1600001211C4817F0FAFA48B91FEDED1A5FEDBE
:10F17000FC0A12209FED1F0AF4F7A5FB08E01FED23
:10F18000F21ADFED1D0A14209FED1C0AF4F79BFB19
:10F1900001201AF0E3FCF1F771FC00B933E04FF401
:10F1A0008071074817F0DAFA0028D3D00B480068BE
:10F1B0000B490968441A002C22DB204621E03CE080
:10F1C00000000240680200206C0200207002002053
:10F1D000740200200004024004000020BC00002053
:10F1E0008C040020E8000020EC000020A801002092
:10F1F000A00000200040B5C400006144000061C4CC
:10F2000060421428A6DC00BF9FEDFE1A5FED060ADF
:10F210000A209FEDFD0AF4F756FB06E001201AF0E4
:10F220009DFCF1F72BFC00B906E04FF40061F748B4
:10F2300017F094FA0028F1D000BF0020F4F717FA75
:10F2400070BD10B5FFF708F8B6EE001A5FED160AAC
:10F2500009209FEDEF0AF4F736FB4FF47A601AF0BD
:10F260007DFC0020F4F703FAEA48006801282DD15C
:10F27000FEF796F94FF47A601AF070FC40F209102C
:10F28000F5F7F6FB0020E449086019E006E00120EC
:10F290001AF064FCF1F7F2FB00B90BE0DF490968F2
:10F2A000DF4A1268881A002801DB014600E041426B
:10F2B0000A29ECDC00BFD8480068401CD649086029
:10F2C000D54800683228E1DBFFF749FE0020F4F75B
:10F2D000CEF910BD10B5FEF7BFFF0020F4F7C7F957
:10F2E00010BD0EB50020CF490860CF480068002847
:10F2F00077D1CE480068002873D1CD480068002837
:10F300006FD1CC48006800286BD1FA20CA49086048
:10F31000CA480068001FCA4908600020BE4908604A
:10F3200019E006E001201AF019FCF1F7A7FB00B97B
:10F330000BE0C4490968C24A1268881A002801DB38
:10F34000014600E041420829ECDC00BFB2480068F9
:10F35000401CB1490860B04800689628E1DB0620EF
:10F3600000214FF4E1629FEDB80A1923CDE9002195
:10F370000290FA224121B54800682330FBF727FBB1
:10F38000F5F764FBB2480068FA30B2490860B24849
:10F390000068FA30A24908600221B04817F0DEF98F
:10F3A00068B99FEDAF1A5FED6B0A0E209FEDAD0AB5
:10F3B000F4F789FA4FF4FA501AF0D0FB0CE09FED05
:10F3C000A81A5FED730A0E209FEDA70AF4F77BFAE7
:10F3D0004FF4FA501AF0C2FB012093490860BBE1D8
:10F3E000FFE791480068012878D19048006800281C
:10F3F00074D18F480068002870D18E4800680028BA
:10F400006CD1FA208C49086098480068001F8C492C
:10F41000086000208049086019E006E001201AF029
:10F420009DFBF1F72BFB00B90BE086490968844A84
:10F430001268881A002801DB014600E041420829D1
:10F44000ECDC00BF74480068401C734908607248D7
:10F4500000689628E1DB062000214FF4E162CDE947
:10F460000021029082490968A1F123009FED810AE1
:10F470001923FA224B21FBF7CCFBF5F7E7FA744886
:10F480000068FA307349086073480068FA306449CC
:10F4900008600221714817F061F968B99FED701A90
:10F4A0005FEDAA0A0E209FED6F0AF4F70CFA4FF4F5
:10F4B000FA501AF053FB0CE09FED691A5FEDB20AA7
:10F4C0000E209FED690AF4F7FEF94FF4FA501AF096
:10F4D00045FB0120554908603EE1FFE752480068BE
:10F4E000012878D151480068012874D1504800683B
:10F4F000002870D14F48006800286CD1FA204E498E
:10F5000008605D480068001D4D49086000204249C0
:10F51000086019E006E001201AF020FBF1F7AEFACE
:10F5200000B90BE047490968454A1268881A002863
:10F5300001DB014600E041420829ECDC00BF36480F
:10F540000068401C34490860334800689628E1DBB5
:10F55000052000214FF4E162CDE9002102904749E6
:10F560000968A1F123009FED430A1923FA224B21D8
:10F57000FBF78BFCF5F76AFA35480068FA30354935
:10F58000086035480068FA30254908600221334890
:10F5900017F0E4F868B99FED321A5FEDE80A102021
:10F5A0009FED370AF4F78FF941F27C501AF0D6FA42
:10F5B0000CE09FED2B1A5FEDF00A10209FED310A51
:10F5C000F4F781F941F27C501AF0C8FA0120184989
:10F5D0000860C1E0FFE71448006801287DD11348A6
:10F5E0000068012879D112480068012875D11148B6
:10F5F0000068002871D1FA200F490860224800688D
:10F60000001D43E03333333F0000E144000002407B
:10F610000040CE44E80000203C040020BC00002054
:10F620008C04002090020020680200206C02002060
:10F630007002002074020020BC0400209801002009
:10F6400098040020B00000206666A63FA8040020B1
:10F65000780400208004002084040020000402407C
:10F66000CDCC4C3E0000C8C4000048439C010020A3
:10F67000A00400203333B33FA0010020AC040020DD
:10F680000080A244000016C4A4010020F7490860CD
:10F690000020F749086019E006E001201AF05EFA40
:10F6A000F1F7ECF900B90BE0F2490968EF4A12688A
:10F6B000881A002801DB014600E041420829ECDC01
:10F6C00000BFEB480068401CE9490860E848006852
:10F6D0009628E1DB0520002100E03DE04FF4E162E7
:10F6E0001FED1C0A1923CDE900210290FA224B21BB
:10F6F000E14800682330FBF707FDF5F7A7F9DF487D
:10F700000068FA30DE490860DE480068FA30DE49F9
:10F7100008600221DD4817F021F868B91FED301AA2
:10F72000DFEDDB0A10201FED2A0AF4F7CCF841F2D6
:10F7300088301AF013FA0CE01FED371ADFEDD50A06
:10F7400010201FED300AF4F7BEF841F288301AF0AD
:10F7500005FA0120D04908600020D04908600EBD9C
:10F760000EB50020CE490860CE480068002870D150
:10F77000CD48006800286CD1CC480068002868D1CA
:10F78000C5480068002864D1FA20C9490860C94802
:10F790000068B64908600020B549086019E006E035
:10F7A00001201AF0DBF9F1F769F900B90BE0B14972
:10F7B0000968AE4A1268881A002801DB014600E099
:10F7C00041420529ECDC00BFA9480068401CA8495B
:10F7D0000860A74800689628E1DB062000214FF466
:10F7E000E1621FED670A1923CDE900210290FA2298
:10F7F0004B21B1480068FBF7EAF80120A9490860ED
:10F800004FF4AF70F5F746F90020F3F730FF02210F
:10F810009E4816F0A3FF68B9B6EE001ADFED9C0A09
:10F820000E201FED700AF4F74EF84FF4FA501AF05C
:10F8300095F9A0E19FEDA11ADFED960A0E201FEDCC
:10F84000760AF4F740F84FF4FA501AF087F992E18B
:10F85000FFE794480068012870D1934800680028A9
:10F860006CD192480068002868D18B480068002855
:10F8700064D1FA208E490860914800687B4908608D
:10F8800000207B49086019E006E001201AF066F9C3
:10F89000F1F7F4F800B90BE076490968734A126889
:10F8A000881A002801DB014600E041420529ECDC12
:10F8B00000BF6F480068401C6D4908606C480068D4
:10F8C0009628E1DB062000214FF4E1621FEDA20A39
:10F8D0001923CDE900210290FA224B2179480068D2
:10F8E000FBF797F90120704908604FF4AF70F5F706
:10F8F000D1F80020F3F7BBFE0221644816F02EFF7A
:10F9000068B9B6EE001ADFED620A0E201FEDAB0AF1
:10F91000F3F7D9FF4FF4FA501AF020F92BE19FEDDD
:10F92000671ADFED5C0A0E201FEDB10AF3F7CBFF7B
:10F930004FF4FA501AF012F91DE1FFE75948006838
:10F94000012870D15848006801286CD157480068D8
:10F95000002868D150480068002864D1FA20544932
:10F960000860594800684149086000204049086023
:10F9700019E006E001201AF0F1F8F1F77FF800B97C
:10F980000BE03C490968394A1268881A002801DBF3
:10F99000014600E041420629ECDC00BF3448006823
:10F9A000401C33490860324800689628E1DB052096
:10F9B00000214FF4E1621FEDDC0A1923CDE900219B
:10F9C0000290FA224B2141480068FBF75EFA0120C1
:10F9D000364908604FF4AF70F5F75CF80020F3F794
:10F9E00046FE0221294816F0B9FE68B91FEDE41A57
:10F9F000DFED270A10201FEDDE0AF3F764FF41F266
:10FA00007C501AF0ABF8B6E0B6EE001ADFED210A32
:10FA100010201FEDE40AF3F756FF41F27C501AF074
:10FA20009DF8A8E0FFE71F48006801281DD11E4887
:10FA30000068012819D11D480068012815D1164811
:10FA4000006890B9FA201A490860214800680749FF
:10FA500008600020064908604FE03CE001201AF0F1
:10FA60007DF8F1F70BF8A8BB41E084E09804002092
:10FA70003C040020B00000209C04002078040020FA
:10FA800080040020840400208C0400200004024034
:10FA9000000061C40000614474020020EC000020FA
:10FAA00090020020680200206C02002070020020FA
:10FAB000BC04002098010020A8040020CDCC4C3FBD
:10FAC0009C010020A0040020A0010020AC04002024
:10FAD000A4010020FFE7FB490968FB4A1268881A65
:10FAE000002801DB014600E041420629B6DC00BFE8
:10FAF000F6480068401CF5490860F44800689628FC
:10FB0000ABDB052000214FF4E1629FEDF10A1923E0
:10FB1000CDE900210290FA224B21EE480068FBF764
:10FB2000F3FA0120EC4908604FF4AF70F4F7B2FF2C
:10FB30000020F3F79CFD0221E84816F00FFE68B99B
:10FB40009FEDE71A5FED2E0A10209FEDE60AF3F70E
:10FB5000BAFE41F288301AF001F80CE09FEDE01A8D
:10FB60005FED340A10209FEDE00AF3F7ACFE41F29E
:10FB7000883019F0F3FF0020DC4908600EBD10B595
:10FB8000DB480068012819D1DA480068B0B9DA48C2
:10FB9000006898B9D048006880B99FEDD81A5FED29
:10FBA000430A0A209FEDD60AF3F78DFE4FF47A60E0
:10FBB00019F0D4FF0020F3F75AFD5EE0CC4800684E
:10FBC00001281AD1CB480068012816D1CA4800681C
:10FBD00098B9C148006880B99FEDC81A5FED530A13
:10FBE0000A209FEDC70AF3F76EFE4FF47A6019F012
:10FBF000B5FF0020F3F73BFD3FE0BD48006801285A
:10FC00001BD1BC480068012817D1BB4800680128F7
:10FC100013D1B148006880B99FEDB81A5FED630A4F
:10FC20000A209FEDB80AF3F74EFE4FF47A6019F000
:10FC300095FF0020F3F71BFD1FE0AD480068012889
:10FC40001BD1AC480068012817D1AB4800680128D7
:10FC500013D1A148006801280FD19FEDA81A5FEDCC
:10FC6000730A0A209FEDA70AF3F72DFE4FF47A607E
:10FC700019F074FF0020F3F7FAFC10BD10B5002056
:10FC8000A14908609A48006800283ED19948006858
:10FC900000283AD198480068002836D18E4800687C
:10FCA00090BBFA2099490860994800688649086025
:10FCB00000208649086019E006E0012019F04EFF97
:10FCC000F0F7DCFE00B90BE07E4909687E4A126855
:10FCD000881A002801DB014600E041420529ECDCDE
:10FCE00000BF7A480068401C78490860774800687F
:10FCF0009628E1DB4FF47A7019F030FFFBF7C8FF6C
:10FD000001207B490860C7E0FFE7794800680128C7
:10FD10003DD178480068C8BB77480068B0BB6E48E2
:10FD2000006898BBFA20794908607A480068C01CCE
:10FD30006549086000206549086019E006E0012077
:10FD400019F00CFFF0F79AFE00B90BE05D49096865
:10FD50005D4A1268881A002801DB014600E0414232
:10FD60000529ECDC00BF59480068401C5749086071
:10FD7000564800689628E1DB4FF47A7019F0EEFEE1
:10FD8000FCF77DF901205B49086085E0FFE75848F2
:10FD9000006801283ED15748006801283AD15648EA
:10FDA0000068B0BB4C48006898BBFA20574908600F
:10FDB00058480068401F44490860002043490860D3
:10FDC00019E006E0012019F0C9FEF0F757FE00B96E
:10FDD0000BE03C4909683C4A1268881A002801DB9C
:10FDE000014600E041420429ECDC00BF37480068CE
:10FDF000401C36490860354800689628E1DB4FF41E
:10FE00007A7019F0ABFEFCF753FB01203A49086009
:10FE100042E0FFE73648006801283DD135480068D8
:10FE2000012839D134480068012835D12A480068B2
:10FE300090BBFA203549086035480068401F2249C8
:10FE4000086000202149086019E006E0012019F04F
:10FE500085FEF0F713FE00B90BE01A4909681A4A4B
:10FE60001268881A002801DB014600E0414204299B
:10FE7000ECDC00BF15480068401C144908601348BA
:10FE800000689628E1DB4FF47A7019F067FEFCF702
:10FE900035FD01201049086000201F49086010BD91
:10FEA0002DE9F04105460E46F4F7DCFD1B480068DD
:10FEB00008301B4908601B48006808301A49086070
:10FEC000002449E0B0000020980400203C040020F9
:10FED0006666A63F9C0400207402002000040240D5
:10FEE000CDCC4C3E0080A244000016C4EC000020A3
:10FEF000680200206C020020700200209A99993E4E
:10FF00000040CE440000164388020020BC040020BC
:10FF10008001002084010020E800002078040020F7
:10FF200080040020840400208C04002006E00120CE
:10FF300019F014FEF0F7A2FD00B90BE0F8490968CA
:10FF4000F84A1268881A002801DB014600E04142A5
:10FF50000A29ECDC00BF641C322CE7DB9FEDF21AAF
:10FF600000EE106AF8EEC00A0C2000EE105AB8EE4F
:10FF7000C00AF3F7A8FC002410E006E0012019F005
:10FF8000EDFDF0F77BFD00B906E04FF48071E74826
:10FF900016F0E4FB0028F1D000BF641CB4F57A7FB2
:10FFA000EBDB9FEDE11A00EE106AF8EEC00A0A20C2
:10FFB00000EE105AB8EEC00AF3F785FC00241BE0EF
:10FFC00006E0012019F0CAFDF0F758FD00B911E074
:10FFD0004FF48071D54816F0C1FB0028F1D0802184
:10FFE000D34816F0BBFB28B90121D14816F0B6FB67
:10FFF0000028E6D000BF641CB4F57A7FE0DB4FF444
:020000040801F1
:10000000967019F0ABFD0020F3F731FBF520C949DC
:100010000860C9480068F530C2490860002415E04E
:1000200006E0012019F09AFDF0F728FD00B90BE079
:10003000BB490968BB4A1268881A002801DB0146DF
:1000400000E041420A29ECDC00BF641CFA2CE7DB2B
:10005000B7EE001A00EE106AF8EEC00A0E2000EEAD
:10006000105AB8EEC00AF3F72EFC00240FE006E0A9
:10007000022019F073FDF0F701FD00B905E0012140
:10008000AE4816F06BFB0028F2D000BF641C40F2B3
:1000900026208442EBDB0020F3F7E9FAB7EE001AE2
:1000A00000EE106AF8EEC00A0E2000EE105AB8EE0C
:1000B000C00AF3F708FCF2F710FB06E0012019F084
:1000C0004DFDF0F7DBFC00B914E0F0F70DFD8046C4
:1000D000F0F7DDFC071E01DB384600E07842B8F19E
:1000E000000F01DB414601E0C8F100010844B0F512
:1000F000E17FE3DB00BF0020F3F7B9FA002090496D
:1001000008609048006898BB8F48006880BB8F48A3
:10011000006868BB8E48006850BBFA208D490860B3
:100120008D4800688D490860002415E006E0012034
:1001300019F014FDF0F7A2FC00B90BE0884909683A
:10014000864A1268881A002801DB014600E0414215
:100150000529ECDC00BF641C962CE7DB46218148B6
:100160000068001DFCF798FE012076490860B9E0A0
:10017000FFE774480068012838D173480068A0BBC5
:100180007248006888BB7248006870BBFA207149E9
:10019000086075480068C01C70490860002415E0BC
:1001A00006E0012019F0DAFCF0F768FC00B90BE07A
:1001B0006B490968694A1268881A002801DB014600
:1001C00000E041420529ECDC00BF641C962CE7DB13
:1001D0004FF47A7019F0C2FC462164480068FCF7BD
:1001E0005CFF0120584908607CE0FFE75548006843
:1001F000012839D154480068012835D15348006896
:1002000088BB5348006870BBFA20524908605648C2
:100210000068401F51490860002415E006E00120F5
:1002200019F09CFCF0F72AFC00B90BE04C49096876
:100230004A4A1268881A002801DB014600E0414260
:100240000529ECDC00BF641C962CE7DB4FF47A70C8
:1002500019F084FC4B2146480068FDF729F801207D
:100260003A4908603EE0FFE736480068012839D186
:1002700035480068012835D134480068012831D15B
:100280003348006870BBFA20324908603248006881
:10029000401F32490860002415E006E0012019F0F3
:1002A0005DFCF0F7EBFB00B90BE02D4909682B4A28
:1002B0001268881A002801DB014600E04142042947
:1002C000ECDC00BF641C962CE7DB4FF47A7019F06D
:1002D00045FC4B2127480068001DFDF713F901205C
:1002E0001B490860002024490860BDE8F08110B572
:1002F00022480068012805D14FF461714842FFF798
:10030000CFFD01E0FFF7BAFC10BD10B51B48006837
:10031000012837D11A494842FFF7C2FD34E00000F6
:10032000BC0000208C0400203333333F0000024027
:1003300000040240B40400208404002000100240A5
:1003400088020020680200206C0200207002002059
:1003500074020020BC0400208001002098040020CA
:10036000B0000020A804002084010020A004002088
:10037000AC0400209C040020E8000020840200203F
:100380007CFCFFFFFFF77AFC10BDF0B505460C467C
:100390001E46059F281E01DB844601E0C0F1000CCB
:1003A0006146B14201DD1046F0BDB94201DA204696
:1003B000FAE700EE901AF8EEE00A9FEDF71A30EE39
:1003C000811A00EE901AF8EEE00A80EE810A101B06
:1003D00000EE900AB8EEE01A00EE904AF8EEE00A5D
:1003E00041EE000AFDEEE00A10EE903A1846DBE717
:1003F0002DE9F04104460D460020E84908603DE043
:100400002CE0E7480068071B2D2204213846F7F747
:100410002AFF0646E2480068001B002809DD9FED20
:10042000E11ADFEDE10A30469FEDE00AF3F74BFAFF
:1004300010E0DB480068001B09D59FEDDA1ADFEDFC
:10044000DA0A30469FEDDA0AF3F73DFA02E00020BF
:10045000F3F70DF9F0F712FB00B909E0D04909688C
:10046000081B002801DB014600E041420129C8DCED
:1004700000BFCA480068401CC8490860C7480068F7
:10048000A842BDDBBDE8F0812DE9F04104460D46F0
:100490000020C24908603BE02AE0C6480068071B0C
:1004A0003846F5F733FD0646C2480068001B0028B1
:1004B00009DD9FEDBC1ADFEDBC0A30469FEDBC0A9A
:1004C000F3F701FA10E0BB480068001B09D59FED67
:1004D000B51ADFEDB50A30469FEDB40AF3F7F3F92C
:1004E00002E00020F3F7C3F8F0F7C8FA00B909E01A
:1004F000B0490968081B002801DB014600E04142C1
:100500000129CADC00BFA5480068401CA349086057
:10051000A2480068A842BFDBBDE8F0812DE9F047A2
:1005200004460D4616461F4600209C4908603EE0E2
:100530002DE0A1480068A0EB04083A463146404649
:10054000F7F791FE81469C480068001B002809DDF2
:100550001FED8B1ADFED940A48469FED980AF3F7DA
:10056000B2F910E094480068001B09D51FED921AFB
:10057000DFED8D0A48469FED8C0AF3F7A4F902E0FF
:100580000020F3F774F8F0F779FA00B909E08A4926
:100590000968081B002801DB014600E041420029F0
:1005A000C7DC00BF7D480068401C7C4908607B4870
:1005B0000068A842BCDBBDE8F0872DE9F04704469F
:1005C0000D4616461F460020744908603EE02DE0A7
:1005D0007B480068A0EB04083A4631464046F7F7EE
:1005E00042FE814676480068001B002809DD9FED29
:1005F000751ADFED6D0A48469FED6B0AF3F763F954
:1006000010E06F480068001B09D59FED6E1ADFED02
:10061000660A48469FED690AF3F755F902E00020A3
:10062000F3F725F8F0F72AFA00B909E064490968F8
:10063000081B002801DB014600E041420029C7DC1D
:1006400000BF56480068401C544908605348006881
:10065000A842BCDBBDE8F0872DE9F04704460D4613
:1006600016461F4600204D4908603EE02DE05448E4
:100670000068A0EB04083A4631464046F7F7F3FD20
:1006800081464F480068001B002809DDB6EE001ABD
:10069000DFED450A48469FED440AF3F714F910E0F0
:1006A00047480068001B09D5B6EE001ADFED3E0A88
:1006B00048469FED420AF3F706F902E00020F2F700
:1006C000D6FFF0F7DBF900B909E03D490968081BDE
:1006D000002801DB014600E041420129C7DC00BFE0
:1006E0002E480068401C2D4908602C480068A8422C
:1006F000BCDBBDE8F0872DE9F04704460D46164601
:100700001F46DDF820A00020244908603EE02DE0CF
:1007100028480068A0EB04093A4631464846F7F7F6
:10072000A2FD804623480068001B002809DD9FEDDC
:10073000251ADFED220A40469FED1C0AF3F7C3F8A5
:1007400010E01C480068001B09D59FED1E1ADFED64
:100750001B0A40469FED160AF3F7B5F802E00020A9
:10076000F2F785FFF0F78AF900B909E01149096845
:10077000081B002801DB014600E041425145C7DC6F
:1007800000BF06480068401C044908600348006830
:10079000A842BCDBBDE8F08700000C423C0400200E
:1007A000A00000206666663F000061440000000073
:1007B0000000E144A400002098000020000061C473
:1007C0009C000020CDCC4C3FF748C07900B3F648E0
:1007D000407800F00800D8B1F448C07F40F0040031
:1007E000F249C8770846C07F40F00800C87708463D
:1007F000C07F40F04000C8770846C07F40F010003E
:10080000C877084690F8230040F0010081F82300E3
:10081000704700B5F4F720F940F28B10E449086006
:1008200040F21310E349086000BD30B5034641F2C1
:100830008834A34201DD10460BE0B3F5FA6F01DA0C
:10084000084606E0541A5C434FF47A6594FBF5F4CD
:100850006018904200DD1046884200DA084630BD3C
:100860002DE9F84F0546894616461F460020D24915
:10087000086049E0F1F731FF2CE0F0F735F9B0F10D
:10088000000A01DBD34601E0CAF1000BF0F7FFF8E4
:10089000041E01DB204600E060425844A5EB00083E
:1008A0004046DDE90A12FFF7C0FF0090B8F1280FBB
:1008B0000CDD1FED3C1A00EE107AF8EEC00A00EED7
:1008C000106AB8EEC00A0098F2F7FDFFF0F7D6F80C
:1008D00000B113E0F0F708F98246F0F7D8F8041EEB
:1008E00001DB204600E06042BAF1000F01DB514617
:1008F00001E0CAF100010844A842BEDB00BFAE48D7
:100900000068401CAC490860AB4800684845B1DB52
:100910000020F2F7ACFEBDE8F88F73B52DED028B29
:10092000282505261FED5F0AB0EE408A9E48007913
:10093000322805DB9C480079C82801DC012000E052
:10094000002004469848407800F0010030B19DF83E
:100950000C509FED9A0AB0EE408A05E09DF80850D1
:10096000B6EE000AB0EE408A8F48007800F008002A
:1009700098B18D48007800F0100070B98A4800786E
:1009800000F0200048B98848007800F0400020B905
:1009900029460020F2F78DFFB1E08348007800F08F
:1009A0000800A0B98048007800F0100078B17E48B7
:1009B000007800F0200050B97B48007800F040003B
:1009C00028B929464FF4E160F2F773FF97E07648C3
:1009D000007800F00800A0B97348007800F010001B
:1009E00078B97148007800F0200050B16E48007866
:1009F00000F0400028B929464FF46170F2F759FF22
:100A00007DE06948007800F0080098B966480078F1
:100A100000F0100070B96448007800F0200048B978
:100A20006148007800F0400020B129466448F2F7A0
:100A300040FF64E05C48007800F00800A0B15A482C
:100A4000007800F0100078B95748007800F02000D6
:100A500050B15548007800F0400028B929464FF4BD
:100A6000E170F2F726FF4AE04F48007800F00800F6
:100A700098B14D48007800F0100070B94A480078ED
:100A800000F0200048B94848007800F0400020B14C
:100A900029464C48F2F70DFF31E04348007800F05A
:100AA0000800A0B94048007800F0100078B13E4836
:100AB000007800F0200050B13B48007800F0400082
:100AC00028B9294640F24650F2F7F3FE17E03648BF
:100AD000007800F0080090B93348007800F010006A
:100AE00068B13148007800F0200040B92E48007805
:100AF00000F0400018B129463348F2F7DAFE2A48E0
:100B0000007800F00800F8B92748007800F01000DD
:100B1000D0B92548007800F02000A8B92248007814
:100B200000F0400080B97CB1F2F798FA60B11E483D
:100B3000407800F0400038B91B48407800F02000B1
:100B400010B90520F2F793FD14B1F2F7B9FD27E0D3
:100B50001548007932280EDAF2F780FA28B1002021
:100B6000B1EE480AF2F795FE1AE00020B1EE480A0D
:100B7000F2F78FFE14E00C480079C8280EDDF2F77A
:100B80006DFA28B10020B0EE480AF2F782FE07E0C5
:100B90000020B0EE480AF2F77CFE01E0F2F790FD8B
:100BA000BDEC028B7CBD00001B090020040000206E
:100BB000800400208C0400203C0400203333333FA9
:100BC0007CFCFFFF3EFEFFFFBAFAFFFF10B5FE48B8
:100BD0000068012815D1FD48006890B9FC480068FC
:100BE00078B9FC48006860B91FED0C1ADFEDFA0A0D
:100BF0000A209FEDF90AF2F766FE41F2883018F0FC
:100C0000ADFF0020F2F733FD10BDFEB504460D46E2
:100C10001646F24890F8230040F00100EF4981F8B1
:100C20002300F3F71FFF40F26720ED490860401DE5
:100C3000EC4908600020EC4908601AE00FE01E2033
:100C4000962102222346CDE900210290002211467E
:100C50002920F8F75BF9EFF711FF00B903E0E3484B
:100C600000689628EBDC00BFDF480068401CDE49C6
:100C70000860DD480068FA28E0DB0020DA490860F7
:100C80001AE00FE00F20502102222346CDE9002177
:100C90000290002211461020F8F738F9EFF7EEFE27
:100CA00000B903E0D14800689128EBDC00BFCE48D2
:100CB0000068401CCC490860CB480068FA28E0DB9B
:100CC000C64890F8230040F00200C44981F8230090
:100CD0000020C54908602FE01BE0C44800688C284C
:100CE00007DABE4890F8230040F00200BB4981F8C3
:100CF00023000F20462103222346CDE90021029044
:100D0000002211460920F8F701F9EFF7B7FE00B904
:100D10000CE04FF48051B64815F020FD30B94FF487
:100D20008061B34815F01AFD0028D6D000BFAE4848
:100D30000068401CAC490860AB4800686428CBDB05
:100D40004FF4FA6018F00AFF3220F2F790FC00200E
:100D5000A549086035E021E00821A54815F0FEFC12
:100D6000012804D10B21A348F2F7A3FD0FE04FF4B3
:100D700000419F4815F0F2FC012805D10B2140F2FB
:100D80006630F2F796FD02E00020F2F770FC0120D9
:100D900018F0E4FEEFF772FE00B90CE04FF40041EA
:100DA000934815F0DBFC0128D6D00821904815F0B7
:100DB000D5FC0128D0D000BF8B480068401C8A4970
:100DC000086089480068B0F5FA7FC4DB0020F2F7BC
:100DD0004EFC824890F8230000F0FE007F4981F825
:100DE00023004FF47A7018F0B9FE06210020F2F7C4
:100DF00060FD4FF4FA6018F0B1FE1E20F2F737FCE8
:100E00007D4800687D49086046207D4908607D492D
:100E100008604FF425707249086040F28A207149D9
:100E2000086000207049086019E006E0032018F00F
:100E300095FEEFF723FE00B90BE073490968684A95
:100E40001268881A002801DB014600E041420529AA
:100E5000ECDC00BF64480068401C634908606248DD
:100E60000068B0F5FA7FE0DB5C4890F8230000F002
:100E7000FD005A4981F8230060490968091B01EB0C
:100E80008101A5EB41001E21F2F713FD00219FED2A
:100E90005F0A58481E38F2F7A7FCA020584908609E
:100EA0005849086011E0022018F058FEEFF7E6FDFF
:100EB00000B90FE05648006810F5E17F05DA40F20E
:100EC000091047490860474908605148006810F513
:100ED000E17FE8DC00BF40F2091041490860414968
:100EE00008600020F2F7C3FB1FEDCC1ADFED490AC2
:100EF00009209FED390AF2F7E6FC00203A49086024
:100F000019E006E0012018F029FEEFF7B7FD00B95F
:100F10000BE08021364815F021FC30B94FF4807188
:100F2000334815F01BFC0028ECD000BF2E480068A9
:100F3000401C2D4908602C4800686428E1DB022031
:100F4000F2F795FB012050230C224FF47A710090A8
:100F50003046FFF7D0FB0220F2F789FB1FEDE91ABC
:100F6000DFED2C0A09209FED1C0AF2F7ACFC0020F3
:100F70001D49086019E006E0012018F0EFFDEFF7C9
:100F80007DFD00B90BE08021194815F0E7FB30B971
:100F90004FF48071164815F0E1FB0028ECD000BF3B
:100FA00011480068401C104908600F480068642818
:100FB000E1DB4FF4FA6018F0D1FD322010490860EF
:100FC00010490860E72027E0680200206C0200203A
:100FD0007002002074020020000061440400002020
:100FE000800400208C0400203C0400209C00002091
:100FF000001002409AFCFFFFA400002040050020E2
:10100000B4040020B8040020B80000209A99D9BF89
:10101000F0030020000061C4FE490860FE4908603A
:101020000020F2F724FBFEBD08B5F3F71BFD40F2EC
:101030000910F8490860F84908604FF4FA6018F0A0
:101040008DFDB0EE001A5FED1C0A1E209FEDF30A25
:10105000F2F739FC06E0052018F080FDEFF70EFDF1
:1010600000B905E0EE48006840F27F318842F2DBCB
:1010700000BF0020F2F7FBFAEA48006801280BD114
:101080000720412305224FF47A710090E64800685A
:10109000401DF7F718F90DE0E248006850B90A2042
:1010A000E14900900968C81E412305224FF47A7176
:1010B000F7F709F9DD480068012804D1012104206F
:1010C000F1F780FA02E00020D94908600020F2F729
:1010D000CEFA08BD08B5F3F7C5FC40F20910CD49BA
:1010E0000860CD4908604FF4FA6018F037FDB0EEA3
:1010F000001A5FED470A1E209FEDCE0AF2F7E3FBD0
:1011000006E0052018F02AFDEFF7B8FC00B905E06D
:10111000C348006840F27F318842F2DB00BF002004
:10112000F2F7A5FABF48006860B90A20C2490090EA
:101130000968A1F10F00412305224FF47A71F7F7F6
:10114000C2F80DE0B7480068012809D10520412305
:1011500002464FF47A710090B7480068F7F7B3F889
:101160000020F2F784FAB1480068022804D1012176
:101170000420F1F727FA02E00020AD49086008BD1D
:1011800008B5F3F76FFC40F20910A2490860A249C4
:1011900008604FF4FA6018F0E1FCB0EE081A5FED59
:1011A000720A14209FEDA50AF2F78DFB06E00520D8
:1011B00018F0D4FCEFF762FC00B905E0984800682D
:1011C00040F27F318842F2DB00BF0020F2F74FFA95
:1011D0009448006801280AD10720412305224FF4D2
:1011E0007A71009096480068F7F76DF80EE08D4828
:1011F000006858B90A20924900900968A1F10F00CF
:10120000412305224FF47A71F7F75DF887480068AB
:10121000032804D101210420F1F7D4F902E00020D1
:10122000834908600020F2F722FA08BD854800686B
:1012300078B98548006860B98448006848B984482E
:10124000006830B98348C07F40F080008149C8778A
:101250003DE07C48006801280FD17B48006860B9F8
:101260007A48006848B97A48006830B97948C07F40
:1012700040F020007749C87729E0724800680128CB
:1012800010D17148006801280CD17048006848B935
:101290006F48006830B96F48C07F40F080006D49EA
:1012A000C87714E067480068012810D166480068D4
:1012B00001280CD165480068012808D164480068FD
:1012C00028B96448C07F40F020006249C877704761
:1012D0003EB50446F3F7C0FB5F480068FA304D495D
:1012E00008605E480068FA304B49086000205C499D
:1012F00008601EE013E01E20B42105222346CDE93C
:10130000002102904FF4617251423220F7F750FEF3
:10131000012018F023FCEFF7B1FB00B903E05148BE
:1013200000687328E7DC00BF4D480068401C4C494A
:1013300008604B480068FA28DCDB00204849086058
:1013400023E010E01E20B42102222346CDE9002133
:1013500002904FF4617251423220F7F729FEEFF705
:101360008DFB00B90BE0404909682B4A1268881AC6
:10137000002801DB014600E041421429E2DC00BF05
:1013800037480068401C3649086035480068FA282C
:10139000D7DB9FED361A5FEDF00A2D201FEDE30A33
:1013A000F2F791FA00202E49086011E006E00120D2
:1013B00018F0D4FBEFF762FB00B903E0294800689E
:1013C0003428F4DC00BF26480068401C244908602B
:1013D00023480068FA28E9DB40F2C620F3F748FB0F
:1013E0001048006800287DD11D4908604EE043E0A8
:1013F0001E2096210222631FCDE9002102904FF4A6
:10140000617251421920F7F7D3FD012018F0A6FBB5
:101410002EE00000800400208C0400200040B5C4B1
:10142000F0030020E8000020C8010020180300207D
:101430001C0300200080BBC4D001002000C080C479
:10144000E0010020680200206C02002070020020F1
:10145000740200200400002078040020840400208E
:101460003C04002098000020BC0000206666663F17
:10147000EFF704FB00B903E0F84800680C28B7DC7C
:1014800000BFF7480068401CF5490860F448006850
:10149000FA28ACDB0020F249086027E010E01E20AB
:1014A00096210222631FCDE9002102904FF4617260
:1014B00051420E20F7F77CFDEFF7E0FA00B90DE09E
:1014C0004FF48071E74815F049F90128E7D04FF44F
:1014D0008051E44815F042F90028E0D000BFE04810
:1014E000006800E007E0401CDD490860DC48006857
:1014F000FA28D3DB5DE0DC480068012859D10020E0
:10150000D74908601EE013E01E20962102222346E0
:10151000CDE9002102904FF4617251421920F7F792
:1015200047FD012018F01AFBEFF7A8FA00B903E015
:10153000CA4800680C28E7DC00BFC9480068401CA6
:10154000C7490860C6480068FA28DCDBFFF76EFE72
:101550000020C349086025E010E01E2096210222E9
:101560002346CDE9002102904FF4617251420E20D2
:10157000F7F71EFDEFF782FA00B90DE04FF4807126
:10158000B84815F0EBF80128E7D04FF48051B54882
:1015900015F0E4F80028E0D000BFB1480068401C16
:1015A000AF490860AE480068FA28D5DB1E20F2F784
:1015B0005EF80020F2F75BF83EBD3EB50446F3F757
:1015C0004BFAAA480068FA30A9490860A94800689F
:1015D000FA30A94908601FED5B1ADFEDA80A372031
:1015E0009FEDA70AF2F76FF900209D49086011E00E
:1015F00006E0012018F0B2FAEFF740FA00B903E074
:10160000964800687828F4DC00BF95480068401CC4
:101610009349086092480068FA28E9DB0020904965
:10162000086020E015E01E206FF077010322A4F18E
:101630000803CDE9002102904FF4617251422D2040
:10164000F7F764FC012018F089FAEFF717FA00B9F0
:1016500003E0824800682F28E5DC00BF804800686E
:10166000401C7F4908607E480068FA28DADB0020C9
:101670007B49086020E015E01E206FF0770103220F
:10168000A4F10803CDE9002102904FF461725142A8
:101690002320F7F73BFC012018F060FAEFF7EEF992
:1016A00000B903E06D4800682828E5DC00BF6C48FD
:1016B0000068401C6A49086069480068FA28DADB5B
:1016C00069480068002856D16549086020E015E0A7
:1016D0001E206FF095010322A4F10803CDE900213B
:1016E00002904FF4617251421420F7F70FFC012071
:1016F00018F034FAEFF7C2F900B903E05748006870
:101700000F28E5DC00BF56480068401C54490860BB
:1017100053480068FA28DADB00205149086023E0CA
:1017200015E01E206FF095010222A4F10F03CDE910
:10173000002102904FF4617251420E20F7F7E6FB50
:10174000EFF79CF900B909E0012018F007FA4FF40F
:101750008051444815F002F80028E2D000BF40480C
:101760000068401C3E4908603D48006840F20E6138
:101770008842D5DB6DE03C480068012869D140F221
:101780003520F3F787F90020354908602BE014E095
:101790001E206FF0950102222346CDE90021029020
:1017A0004FF4617251421420F7F7B0FB012018F09A
:1017B000D5F9EFF763F900B90FE0284909680F2957
:1017C000E6DC304909682C4A1268881A002801DBD7
:1017D000014600E04142C829DADC00BF2048006829
:1017E000401C1F4908601E480068FA28CFDBFFF73D
:1017F0001DFD00201A49086022E014E01E206FF051
:10180000950102222346CDE9002102904FF4617236
:1018100051420E20F7F77AFBEFF730F900B909E0F3
:10182000012018F09BF94FF480510E4814F096FFF8
:101830000028E3D000BF0A480068401C084908603F
:101840000748006840F20E618842D6DB1E20F1F79F
:101850000EFF0020F1F70BFF3EBD000098000020B6
:101860003C04002000000240E80000207804002032
:1018700080040020840400208C04002000006144C7
:10188000000061C4BC0000203EB50446F3F7E4F854
:10189000FE480068FA30FE490860FE480068FA30E9
:1018A000FD4908609FEDFD1A5FED0C0A32201FED27
:1018B0000C0AF2F708F80020F949086011E006E088
:1018C000012018F04BF9EFF7D9F800B903E0F5481B
:1018D00000687328F4DC00BFF1480068401CF04940
:1018E0000860EF480068FA28E9DB0020EC4908604E
:1018F0001FE014E01E209621042204F10A03CDE922
:10190000002102904FF4617251422D20F7F7A2FBA3
:10191000012018F023F9EFF7B1F800B903E0E1482E
:1019200000684628E6DC00BFDD480068401CDC4952
:101930000860DB480068FA28DBDB0020D849086033
:101940001FE014E01E209621032204F10A03CDE9D2
:10195000002102904FF4617251422320F7F77AFB85
:10196000012018F0FBF8EFF789F800B903E0CD4843
:1019700000683428E6DC00BFC9480068401CC8493C
:101980000860C7480068FA28DBDB40F2C620F3F79E
:101990006FF8C548006800285FD1C14908601FE0A2
:1019A00014E01E209621022204F10A03CDE9002151
:1019B00002904FF4617251421920F7F74BFB01205E
:1019C00018F0CCF8EFF75AF800B903E0B548006812
:1019D0000C28E6DC00BFB2480068401CB049086033
:1019E000AF480068FA28DBDB0020AD49086029E039
:1019F00014E01E209621022204F10A03CDE9002101
:101A000002904FF4617251420E20F7F723FB012040
:101A100018F0A4F8EFF732F800B90DE04FF4807138
:101A2000A24814F09BFE0128E3D04FF480519F4858
:101A300014F094FE0028DCD000BF99480068401CD8
:101A4000974908609648006840F20E618842CFDBF3
:101A50004FF47A7018F082F862E093480068012829
:101A60005ED100208E4908601EE013E01E20962102
:101A700002222346CDE9002102904FF461725142C7
:101A80001920F7F7E7FA012018F068F8EEF7F6FFEB
:101A900000B903E0834800680C28E7DC00BF8048F9
:101AA0000068401C7E4908607D480068FA28DCDB3D
:101AB000FFF7BCFB00207A49086028E013E01E20F5
:101AC000962102222346CDE9002102904FF4617253
:101AD00051420E20F7F7BEFA012018F03FF8EEF75A
:101AE000CDFF00B90DE04FF48071704814F036FE60
:101AF0000128E4D04FF480516C4814F02FFE0028E8
:101B0000DDD000BF66480068401C65490860644835
:101B1000006840F20E618842D0DB1E20F1F7A7FD7D
:101B20000020F1F7A4FD3EBD10B56148C07F40F034
:101B300002005F49C87706E0012018F00FF8EEF7C1
:101B40009DFF00B903E05B4800680128F4D000BFA6
:101B50005748C07F00F0FD005549C87710BD10B54B
:101B6000FFF762FAFFF7E0FF5248006818B95248E1
:101B70000068FFF7ADFB01204E49086010BD10B5AD
:101B8000FFF7A8FAFFF7D0FF4A48006818B94B489A
:101B90000068FFF712FD01204649086010BD10B52E
:101BA000FFF7EEFAFFF7C0FF4248006830B944483B
:101BB0000068FFF769FE01203E49086010BD10B5BE
:101BC0004048006800283ED13F48006800283AD1CC
:101BD0003E480068B0BB3E48006898BB40F23520E4
:101BE000F2F758FF3248C07F40F080003049C87794
:101BF000B6EE001A5FEDDF0A0A209FED360AF1F714
:101C000062FE00202649086013E006E0012017F07C
:101C1000A5FFEEF733FF00B905E02F4800682F4914
:101C200009688842F2DC00BF1D480068401C1C495E
:101C300008601B4800689628E7DB4FF4FA6017F04D
:101C40008DFF5CE1FFE71F48006801286BD11E484B
:101C50000068C8B91D480068B0B91D48006898B947
:101C600040F23520F2F716FF1148C07F40F0200007
:101C70000F49C877B6EE001ADFED190A0A209FED6A
:101C8000150AF1F720FE2DE04DE000007804002059
:101C900080040020840400208C0400203333333F70
:101CA0003C04002098000020E800002000000240D2
:101CB000040000201C030020C8010020D0010020E7
:101CC000D8010020680200206C0200207002002071
:101CD0007402002000003443A0000020A80100206E
:101CE000000061440020FB49086013E006E0012089
:101CF00017F034FFEEF7C2FE00B905E0F6480068C1
:101D0000F64909688842F2DC00BFF2480068401CCE
:101D1000F0490860EF4800689628E7DB4FF4FA6066
:101D200017F01CFFEBE0EE480068012872D1ED4887
:101D3000006801286ED1EC48006800286AD1EB48A1
:101D40000068002866D140F23520F2F7A3FE1FEDAF
:101D50002D1A5FED1D0A12209FEDE50AF1F7B3FD84
:101D60000020DC4908601EE006E0EEF787FE00B9BF
:101D700013E0012017F0F2FEDE4909680629F4DCC1
:101D8000DD490968DD4A1268881A002801DB01462E
:101D900000E04142B1F5967FE7DC00BFCD48006826
:101DA000401CCC490860CB48006840F20E61884274
:101DB000DADBD348C07F40F08000D149C8779FED7F
:101DC000D11A5FED390A0A209FEDCF0AF1F77BFDAA
:101DD0000020C049086013E006E0012017F0BEFEB5
:101DE000EEF74CFE00B905E0BB480068BB49096846
:101DF0008842F2DC00BFB7480068401CB549086063
:101E0000B44800689628E7DB40F6C41017F0A6FE39
:101E100075E0FFE7B2480068012870D1B14800685A
:101E200001286CD1B0480068012868D1AF4800682B
:101E3000002864D140F23520F2F72CFE1FED691A1C
:101E40005FED590A12209FEDAA0AF1F73CFD002030
:101E5000A04908601EE006E0EEF710FE00B913E0AE
:101E6000012017F07BFEA34909680629F4DCA2498A
:101E70000968A24A1268881A002801DB014600E0BE
:101E80004142B1F5967FE7DC00BF92480068401CF4
:101E9000904908608F48006840F20E618842DADBA2
:101EA0009748C07F40F020009549C8779FED951A6C
:101EB0005FED750A0A209FED940AF1F704FD0020FA
:101EC0008449086013E006E0012017F047FEEEF7B2
:101ED000D5FD00B905E0804800688049096888425E
:101EE000F2DC00BF7B480068401C7A4908607948F2
:101EF00000689628E7DB40F6C41017F02FFE00209C
:101F0000F1F7B5FB10BD10B574480068041D4FF41F
:101F100061714842F3F7B3FA7C48006800286ED13B
:101F20007B4800680028FAD17A4800680028F6D17A
:101F3000794800680028F2D1F2F788FD77480068F8
:101F4000FA307749086077480068FA306B490860D2
:101F50009FED751A5FED9E0A14209FED740AF1F74C
:101F6000B2FC00205B49086019E006E0012017F090
:101F7000F5FDEEF783FD00B90BE05F4909685F4AA4
:101F80001268881A002801DB014600E041426429FA
:101F9000ECDC00BF4F480068401C4E4908604D48CB
:101FA0000068FA28E1DB00204A49086014E006E0F6
:101FB000EEF764FD00B909E0012017F0CFFD4FF402
:101FC00080715B4814F0CAFB0128F1D000BF414882
:101FD0000068401C3F4908603E48006840F20E61BE
:101FE0008842E4DB9FED501A5FEDC30A0A209FEDA3
:101FF0004F0AF1F768FC0020364908601AE044E017
:1020000006E0012017F0AAFDEEF738FD00B90BE05D
:1020100039490968394A1268881A002801DB0146E3
:1020200000E041420A29ECDC00BF2A480068401C5D
:102030002849086027480068FA28E1DB0020254984
:1020400008601BE006E0EEF719FD00B910E0012082
:1020500017F084FD4FF48071354814F07FFB0128A0
:10206000F1D04FF48051324814F078FB0028EAD0C8
:1020700000BF18480068401C1649086015480068F1
:1020800040F20E618842DDDB0CE020480068012848
:1020900002D1FCF756FD05E01E480068012801D179
:1020A000FFF78DFD0020F1F7E2FA10BD10B5FDF746
:1020B00057FB0020F1F7DBFA14480068012807D12C
:1020C000FBF76EFA4FF47A6017F048FDF5F72BF93D
:1020D00010BD00003C040020A0000020A80100204A
:1020E000680200206C0200207002002074020020B0
:1020F0000000FAC398000020BC0000208C040020DF
:1021000004000020CDCCCC3D00000000E800002001
:10211000EC000020F0000020F800002078040020EF
:102120008004002084040020CDCC4C3F000061C41A
:102130000000024010B5FDF713FB0020F1F797FAFD
:10214000FB480068012808D1FBF750FB4FF47A6088
:1021500017F004FDFFF733FD30E0F6480068012872
:102160002CD1FBF71DFA40F6B83017F0F7FCFCF75E
:10217000E8FC9FEDF11ADFEDF10A0C201FED150AC6
:10218000F1F7A1FB06E0012017F0E8FCEEF776FC82
:1021900000B912E04FF48051E94814F0DFFA00284A
:1021A000F1D0E8480068E8490968441A002C01DBCE
:1021B000204600E060420A28E5DC00BF0020F1F77D
:1021C00056FA10BD10B5FDF7CBFA0020F1F74FFA23
:1021D000D748006801280AD1FBF708FB40F6B83061
:1021E00017F0BCFCFEF7F2FCF4F7FEF90BE0D14867
:1021F0000068012807D1FBF7D3F940F6B83017F093
:10220000ADFCF2F7A7FC10BD10B54FF46171484268
:10221000F2F743FEF2F720FCCC480068FA30CC49D4
:102220000860CC480068FA30C7490860C1480068B7
:1022300000284BD1C8480068002847D1BC48006836
:10224000002843D1C548006800283FD1C448006831
:10225000D8BB9FEDB91ADFEDB90A14201FED4D0A66
:10226000F1F731FB0020BF49086027E006E0EEF7F8
:1022700005FC00B91CE0012017F070FC4FF48071E0
:10228000AF4814F06BFA0128F1D04FF48051AC48FC
:1022900014F064FA0028EAD0AA480068AA4909683C
:1022A000441A002C01DB204600E060422828DEDCD6
:1022B00000BFAC480068401CAA490860A9480068F3
:1022C00040F20E618842D1DB14E0FFE799480068D4
:1022D000012802D1FCF735FC0CE095480068012884
:1022E00002D1FFF76CFC05E09B480068012801D192
:1022F000F5F789F90020F1F7BAF910BD10B54FF4E0
:1023000061714842F2F7C9FD8A480068002870D11F
:102310009148006800286CD185480068002868D181
:102320008E480068002864D140F20910F2F7A0FB43
:102330009FED811ADFED810A14201FED840AF1F769
:10234000C2FA00208749086020E006E0EEF796FB1D
:1023500000B915E0012017F001FC4FF480717848B6
:1023600014F0FCF90028F1D0764800687649096835
:10237000441A002C01DB204600E060420A28E5DC1C
:1023800000BF78480068401C7649086075480068BE
:1023900040F20E618842D8DB9FED671ADFED670AD5
:1023A0000A201FED9E0AF1F78EFA00206D490860A1
:1023B00014E006E0EEF762FB00B909E0012017F037
:1023C000CDFB4FF480715E4814F0C8F90028F1D0BD
:1023D00000BF64480068401C6249086061480068AA
:1023E00040F20E618842E4DB0020F1F740F90DE095
:1023F000FFE750480068012802D1FCF7B0FD05E076
:102400004B480068012801D1F5F730FC0020F1F7B6
:102410002EF910BD70B554480068451D40F20910F2
:10242000F2F726FB5148006800285CD1504800684C
:10243000002858D14F480068002854D14E48006801
:10244000002850D123E004214C4814F087F970B9DA
:1024500080214B4814F082F948B99FED371ADFED1F
:10246000370A12209FED470AF1F72DFA08E09FED99
:10247000321ADFED320A14201FEDD40AF1F723FAE5
:10248000012017F06BFBEEF7F9FA00B912E04FF4F8
:1024900080712B4814F062F90028D4D029480068D4
:1024A00029490968441A002C01DB204600E06042FB
:1024B0002828C8DC00BF9FED201ADFED200A0A2083
:1024C0001FEDEF0AF1F7FFF906E0012017F046FBD8
:1024D000EEF7D4FA00B905E00421284814F03EF9DB
:1024E0000028F2D012E12148006801287BD1204861
:1024F0000068002877D11F480068002873D11E4863
:10250000006800287ED150E004211C4814F026F910
:10251000D0BB80211A4814F021F9A8BB9FED061A00
:10252000DFED060A12209FED170AF1F7CCF935E02E
:10253000F0000020E80000203333333F0000614406
:1025400000000240BC0000208C0400207804002021
:102550008004002084040020EC000020F80000200B
:10256000F40000203C040020B0010020680200209C
:102570006C02002070020020740200200010024053
:10258000000402400000C8C3FFE71FED151A5FED0D
:10259000150A14209FEDFC0AF1F795F9012017F0B8
:1025A000DDFAEEF76BFA00B912E04FF48071F748EC
:1025B00014F0D4F80028A7D0F5480068F549096858
:1025C000441A002C01DB204600E0604228289BDCF6
:1025D00000BF1FED271A5FED270A0A209FEDEE0AC4
:1025E000F1F771F907E00DE0012017F0B7FAEEF707
:1025F00045FA00B905E00421E84814F0AFF80028D6
:10260000F2D083E0E648006801283DD1E548006843
:10261000012839D1E448006888BBE448006870BBF1
:102620001DE0E3480068A84209DD1FED3D1A5FED9B
:102630003D0A12209FEDDF0AF1F745F908E01FED92
:10264000421A5FED420A14209FEDCF0AF1F73BF9E1
:10265000012017F083FAEEF711FA00B913E04FF4F6
:102660008071CA4814F07AF80028DAD0C8480068A7
:10267000C8490968441A002C02DB204601E003E047
:1026800060422828CDDC41E0C548006801283DD1E2
:10269000C4480068012839D1C3480068012835D1F1
:1026A000C248006890BB1DE0C1480068A84209DD2F
:1026B0001FED5F1A5FED5F0A12209FEDBE0AF1F772
:1026C00002F908E01FED641A5FED640A14209FED23
:1026D000AE0AF1F7F8F8012017F040FAEEF7CEF95C
:1026E00000B912E04FF48071A84814F037F80028C0
:1026F000DAD0A7480068A7490968441A002C01DB12
:10270000204600E060422828CEDC00BF0020F0F721
:10271000AEFF70BD10B5A2480068002870D1A14876
:10272000006800286CD1A0480068002868D19F4844
:102730000068002864D140F23520F2F7ABF99FED34
:102740009E1A5FED820A0A209FED9C0AF1F7BBF802
:1027500000209B4908601EE006E0012017F0FEF90A
:10276000EEF78CF900B910E0964909681B29F4DBF3
:1027700087490968874A1268881A002801DB0146E0
:1027800000E04142B1F5967FE7DC00BF8C4800686D
:10279000401C8B4908608A4800689628DCDB8A4820
:1027A000C07F40F080008849C8779FED831A5FEDB5
:1027B0009D0A0C209FED850AF1F785F800208049DD
:1027C000086013E006E0012017F0C8F9EEF756F9AB
:1027D00000B905E0764800687D4909688842F2DC66
:1027E00000BF77480068401C75490860744800685D
:1027F0009628E7DB40F6C41017F0B0F93CE1FFE79C
:1028000067480068012870D16648006800286CD1CC
:1028100065480068002868D164480068002864D1D1
:1028200040F23520F2F736F99FED631A5FEDBD0AED
:102830000A209FED620AF1F746F80020604908601F
:102840001EE006E0012017F089F9EEF717F900B94C
:1028500010E05C4909681B29F4DB4D4909684D4AC1
:102860001268881A002801DB014600E04142B1F5F8
:10287000967FE7DC00BF52480068401C5049086062
:102880004F4800689628DCDB4F48C07F40F02000AE
:102890004D49C8779FED481A5FEDD80A0C209FED8F
:1028A0004B0AF1F710F800204549086013E006E0F4
:1028B000012017F053F9EEF7E1F800B905E03C48C4
:1028C0000068434909688842F2DC00BF3C48006860
:1028D000401C3B4908603A4800689628E7DB40F610
:1028E000C41017F03BF9C7E0FFE72D480068012846
:1028F00072D12C48006801286ED12B48006880BB3B
:102900002A48006868BB40F23520F2F7C3F82E4829
:10291000C07F40F080002C49C8779FED271A5FEDFB
:10292000F90A0C209FED2B0AF0F7CDFF0020244977
:10293000086020E006E0012017F010F9EEF79EF89D
:1029400000B912E01A490968214A12689142F2DC82
:102950000F4909680F4A1268881A002802DB0146ED
:1029600001E039E04142C829E5DC00BF14480068B5
:10297000401C13490860124800689628DADB40F6CC
:10298000C41017F0EBF877E0000061C400000240CB
:10299000BC0000208C040020000000000010024059
:1029A000680200206C0200207002002074020020E7
:1029B000A40000200000AFC46666663F00C0A8C443
:1029C0003C0400209C000020040000200000E1C422
:1029D000B00100200040CE44FC48006801284BD1E3
:1029E000FB480068012847D1FA480068012843D114
:1029F000F9480068E8BB40F23520F2F74BF8F74899
:102A0000C07F40F02000F549C8771FED151ADFEDB3
:102A1000F40A0C201FED110AF0F755FF0020F149D0
:102A200008601FE006E0012017F098F8EEF726F89E
:102A300000B911E0EC490968EC4A12689142F2DCF5
:102A4000EB490968EB4A1268881A002801DB014645
:102A500000E04142C829E6DC00BFE2480068401CB3
:102A6000E0490860DF4800689628DBDB40F6C410C8
:102A700000E001E017F072F80020F0F7F8FD10BD5B
:102A800010B54FF461714842F2F7F9FCDA4800687A
:102A9000002878D1D9480068002874D1D848006847
:102AA000002870D1D748006800286CD140F2091086
:102AB000F1F7DEFF9FEDD41ADFEDC90A14201FEDF8
:102AC0004E0AF0F700FF0020C649086020E006E04B
:102AD000012017F043F8EDF7D1FF00B912E04FF4F1
:102AE0008071CA4813F03AFE0028F1D0C04800684F
:102AF000C0490968441A002C01DB204600E060420E
:102B00002828E5DC00BFB7480068401CB5490860CC
:102B1000B4480068FA28DADB9FEDBD1ADFEDB00A91
:102B20000A201FED670AF0F7CEFE0020AD490860CD
:102B300020E006E0012017F011F8EDF79FFF00B943
:102B400012E04FF48071B14813F008FE0028F1D074
:102B5000A7480068A7490968441A002C01DB2046F1
:102B600000E060420A28E5DC00BF9E480068401C87
:102B70009C4908609B480068FA28DADB0020F0F7DF
:102B800076FD0DE0FFE79C480068012802D1FFF7C1
:102B900041FC05E099480068012801D1FFF7BAFD22
:102BA0000020F0F764FD10BD10B5FCF79AFB002083
:102BB000F0F75DFD9248006801280AD1FAF716FE89
:102BC00040F6B83016F0CAFFFEF700F8F3F703FA44
:102BD0000BE089480068012807D1FAF7E1FC4FF4BF
:102BE0007A6016F0BBFFF2F75DFE0020F0F73FFDC4
:102BF00010BD10B5FCF775FB0020F0F738FD7E48DE
:102C0000006801282DD1FAF7CBFC4FF47A6016F05A
:102C1000A5FF40F20910F1F72BFF00207149086071
:102C200019E006E0012016F099FFEDF727FF00B943
:102C30000BE06F4909686F4A1268881A002801DBA7
:102C4000014600E041420A29ECDC00BF654800680B
:102C5000401C64490860634800683228E1DBFFF7E4
:102C6000D9FB0020F0F703FD10BD10B54FF46171E2
:102C70004842F2F704FC60480068002847D15F48EA
:102C80000068002843D15E48006800283FD15D48B5
:102C90000068D8BB40F20910F1F7EAFE9FED5A1A1E
:102CA000DFED4F0A14201FEDC80AF0F70CFE0020DC
:102CB0004C49086020E006E0EDF7E0FE00B915E0C1
:102CC000012016F04BFF4FF48071504813F046FD81
:102CD0000028F1D04648006846490968441A002C8B
:102CE00001DB204600E060421E28E5DC00BF3D48D5
:102CF0000068401C3B4908603A48006840F20E6199
:102D00008842D8DB0020F0F7B2FC06E0FFE73B4842
:102D10000068012801D1FFF7FDFC0020F0F7A7FCB7
:102D200010BD3EB529480068B8B929480068A0B967
:102D30002848006888B92848006870B94FF4E160F5
:102D40000021421041F27C53CDE90021029040F273
:102D500052324110F2F7FDFC97E01C480068012850
:102D600017D11B480068A0B91A48006888B91A48EA
:102D7000006870B94FF4E1600021421041F27C53C9
:102D8000CDE90021029040F2AA524110F2F7E1FC95
:102D90007BE00E48006801283DD10D4800680128FD
:102DA00039D10C480068A8BB0B48006890BB4FF4B1
:102DB000E1600021421041F27C53CDE900210290F4
:102DC00040F2AA524110F2F7C4FC5EE06802002013
:102DD0006C02002070020020740200200400002019
:102DE000000061443C040020A4000020B001002049
:102DF000BC0000208C040020E8000020EC00002033
:102E0000F0000020F4000020CDCC4C3F0000024038
:102E10003333333FFFE7F8480068012818D1F748FB
:102E20000068012814D1F6480068012810D1F5483F
:102E3000006868B94FF4E1600021421041F27C5310
:102E4000CDE90021029082104110F2F782FC1CE0D3
:102E5000E9480068012818D1E8480068012814D121
:102E6000E7480068012810D1E648006801280CD125
:102E70004FF4E1600021421041F27C53CDE9002182
:102E8000029082104110F2F764FC0020F0F7EFFB93
:102E90004FF4F070F1F7ECFD0020DB49086019E019
:102EA00006E0012016F05AFEEDF7E8FD00B90BE050
:102EB000D6490968D64A1268881A002801DB0146FB
:102EC00000E041421429ECDC00BFCF480068401C00
:102ED000CD490860CC480068FA28E1DBCD4800689D
:102EE000002864D1CC480068002860D1CB48006835
:102EF00000285CD11FED3A1A5FED470A0F209FEDC5
:102F0000C80AF0F7E0FC0020BF49086020E006E0B6
:102F1000012016F023FEEDF7B1FD00B912E04FF4E9
:102F20008071C04813F01AFC0128F1D0B74800683E
:102F3000B7490968441A002C01DB204600E06042D2
:102F40001428E5DC00BFB0480068401CAE490860AA
:102F5000AD48006840F20E618842D8DB1FED541A7C
:102F60005FED610A08209FEDAE0AF0F7ACFC00208F
:102F7000A549086014E006E0012016F0EFFDEDF72A
:102F80007DFD00B906E04FF48051A64813F0E6FB42
:102F90000028F1D000BF9C480068401C9A49086096
:102FA0009948006840F20E618842E4DB13E09948DA
:102FB0000068012802D1F2F775FC0CE09748006820
:102FC000012802D1F3F707F805E0934800680128CB
:102FD00001D1F2F705FE0020F0F749FB3EBD3EB5FA
:102FE00085480068B8B985480068A0B98448006879
:102FF00088B98448006870B94FF4E160002142103C
:1030000041F27C53CDE90021029040F2523241104E
:10301000F2F75EF972E078480068012817D1774826
:103020000068A0B97648006888B97648006870B929
:103030004FF4E1600021421041F27C53CDE90021C0
:10304000029040F2AA524110F2F742F956E06A4863
:103050000068012818D169480068012814D168481F
:10306000006888B96748006870B94FF4E1600021D2
:10307000421041F27C53CDE90021029040F2AA5265
:103080004110F2F725F939E05B480068012818D1B2
:103090005A480068012814D159480068012810D105
:1030A0005848006868B94FF4E1600021421041F2CD
:1030B0007C53CDE90021029082104110F2F708F90B
:1030C0001CE04D480068012818D14C4800680128D0
:1030D00014D14B480068012810D14A4800680128E3
:1030E0000CD14FF4E1600021421041F27C53CDE954
:1030F0000021029082104110F2F7EAF80020F0F768
:10310000B6FAF1F7A9FC48480068FA304749086068
:1031100047480068FA303E49086000203A49086094
:1031200019E006E0012016F019FDEDF7A7FC00B943
:103130000BE036490968364A1268881A002801DB14
:10314000014600E041426429ECDC00BF2E480068E3
:10315000401C2D4908602C480068FA28E1DB2D4806
:103160000068002868D12C480068002864D12B48EA
:10317000006800287DD11FEDDA1A5FEDE70A0F2005
:103180009FED270AF0F79FFB00201F49086020E011
:1031900006E0012016F0E2FCEDF770FC00B912E049
:1031A0004FF480711F4813F0D9FA0128F1D0174865
:1031B000006817490968441A002C01DB204600E02A
:1031C00060421428E5DC00BF0F480068401C0E492F
:1031D00008600D48006840F20E618842D8DB1FEDA0
:1031E000F41ADFED140A08209FED0D0AF0F76BFBCF
:1031F00000200549086035E0680200206C020020CC
:1032000070020020740200203C040020BC0000205A
:103210008C040020E8000020EC000020F0000020DA
:10322000000061C4000002407804002080040020F7
:1032300084040020000061441BE006E0012016F039
:103240008DFCEDF71BFC00B906E04FF48051F74808
:1032500013F084FA0028F1D000BFF5480068401C44
:10326000F3490860F248006840F20E618842E4DBEE
:103270000CE0F0480068012802D1F4F754F805E0AA
:10328000ED480068012801D1F4F7BDF90020F0F7FE
:10329000EEF93EBDFEB50024002500260027E748D4
:1032A000006801280DD10103E04813F057FA012806
:1032B00007D142F22834254640F2AA564FF4E1776E
:1032C00015E0DE48006801280AD10103D74813F051
:1032D00045FA28B94FF47A642546D94ED94F06E00D
:1032E00041F29414254640F2AA564FF4E1770020AB
:1032F000D2490860D4480068B0B9D448006898B989
:10330000D348006880B9D348006868B94FF4E160D9
:10331000002142100A23CDE90021029040F25232EE
:103320004110F1F7D5FF6CE0C7480068012815D1BE
:10333000C648006890B9C648006878B9C5480068B2
:1033400060B94FF4E160002142102346CDE900212D
:10335000029032464110F1F7BBFF52E0BA480068D4
:10336000012816D1B9480068012812D1B848006870
:1033700078B9B848006860B94FF4E16000214210A4
:103380002346CDE90021029032464110F1F7A0FF1B
:1033900037E0AD480068012817D1AC480068012823
:1033A00013D1AB48006801280FD1AA48006860B962
:1033B0004FF4E160002142102B46CDE9002102903C
:1033C0003A464110F1F784FF1BE09F48006801284E
:1033D00017D19E480068012813D19D480068012834
:1033E0000FD19C48006801280BD14FF4E160002107
:1033F00042102B46CDE9002102903A464110F1F7E8
:1034000067FF0020F0F733F9F1F726FB92480068D8
:10341000FA309249086092480068FA309149086091
:1034200000208349086019E006E0012016F096FBB1
:10343000EDF724FB00B90BE08B490968894A126853
:10344000881A002801DB014600E041426429ECDCD7
:1034500000BF77480068401C7549086074480068E0
:10346000FA28E1DB73480068002862D172480068DE
:1034700000285ED17D480068A0BB9FED7D1A5FEDFE
:10348000930A0F201FED9A0AF0F71DFA00206849F1
:10349000086014E006E0EDF7F1FA00B909E0012058
:1034A00016F05CFB4FF48071604813F057F9012867
:1034B000F1D000BF5E480068401C5D4908605C4870
:1034C000006840F20E618842E4DB9FED691A5FED0F
:1034D000A70A08201FEDAE0AF0F7F5F900205449BD
:1034E00008601CE025E006E0EDF7C8FA00B910E03E
:1034F000012016F033FB4FF480714C4813F02EF985
:103500000128F1D04FF48051484813F027F90028E2
:10351000EAD000BF46480068401C4549086044485E
:10352000006840F20E618842DDDB0020F0F79FF872
:1035300013E040480068012802D1FBF702FB0CE0D1
:103540004A480068012802D1FEF739FB05E03A48F5
:103550000068012801D1F4F756F80020F0F787F849
:10356000FEBDFEB500240025002600273348006874
:1035700001280DD101032D4813F0F0F8012807D1DF
:1035800042F22834254640F2AA564FF4E17715E07E
:103590002A48006801280AD10103244813F0DEF804
:1035A00028B94FF47A642546254E264F06E041F2AD
:1035B0009414254640F2AA564FF4E17700201F49A3
:1035C000086021480068B0B92048006898B92048D0
:1035D000006880B91F48006868B94FF4E1600021B5
:1035E00042100A23CDE90021029040F252324110EC
:1035F000F1F76EFE91E01448006801283AD11348B3
:10360000006890B91248006878B91248006860B93B
:103610004FF4E160002142102346CDE900210290E1
:1036200032464110F1F754FE77E023E000000240FB
:103630003C040020E8000020EC000020F8000020FE
:1036400056FAFFFF3EFEFFFF680200206C020020DA
:103650007002002074020020780400208004002002
:10366000840400208C040020BC000020F000002016
:10367000CDCC4C3FF9480068012816D1F8480068C5
:10368000012812D1F748006878B9F748006860B996
:103690004FF4E160002142102346CDE90021029061
:1036A00032464110F1F714FE37E0EC48006801287B
:1036B00017D1EB480068012813D1EA4800680128B7
:1036C0000FD1E948006860B94FF4E1600021421071
:1036D0002B46CDE9002102903A464110F1F7F8FD62
:1036E0001BE0DE480068012817D1DD48006801288A
:1036F00013D1DC48006801280FD1DB48006801289D
:103700000BD14FF4E160002142102B46CDE900219E
:1037100002903A464110F1F7DBFD0020EFF7A7FFDA
:1037200040F20910F1F7A4F90020D049086019E02F
:1037300006E0012016F012FAEDF7A0F900B90BE04F
:10374000CB490968CB4A1268881A002801DB014678
:1037500000E041421429ECDC00BFC4480068401C72
:10376000C2490860C1480068FA28E1DBC248006825
:1037700000285AD1C1480068B8BBC1480068A0BB46
:103780009FEDC01ADFEDC00A0F209FEDC00AF0F7D1
:103790009AF80020B549086014E006E0EDF76EF9EC
:1037A00000B909E0012016F0D9F94FF48071B8484A
:1037B00012F0D4FF0028F1D000BFAC480068401CD4
:1037C000AA490860A948006840F20E618842E4DB1B
:1037D0009FEDAC1ADFEDAC0A08209FEDAC0AF0F7C4
:1037E00072F80020A149086015E01EE006E0EDF740
:1037F00045F900B909E0012016F0B0F94FF48071E5
:10380000A34812F0ABFF0028F1D000BF9748006832
:10381000401C964908609548006840F20E61884255
:10382000E4DB0020EFF723FF13E093480068012852
:1038300002D1F1F78FF90CE090480068012802D11D
:10384000F3F7AFF805E08E480068012801D1F2F7E0
:10385000CBFE0020EFF70BFFFEBDFEB500240025D8
:10386000002600278B480068012812D101028848F1
:1038700012F074FF01280CD17D480068B0F5967FE6
:1038800007DC42F22834254640F2AA564FF4E1778D
:103890001AE08048006801280FD101027C4812F02C
:1038A0005DFF50B972480068B0F5967F05DC4FF4B3
:1038B0007A642546784E794F06E041F29414254605
:1038C00040F2AA564FF4E17700207249086063483D
:1038D0000068B0B96248006898B96248006880B969
:1038E0006148006868B94FF4E160002142100A2382
:1038F000CDE90021029040F252324110F1F7E8FC8C
:103900006CE056480068012815D15548006890B908
:103910005448006878B95448006860B94FF4E160D1
:10392000002142102346CDE9002102903246411089
:10393000F1F7CEFC52E049480068012816D148480A
:103940000068012812D14748006878B946480068E5
:1039500060B94FF4E160002142102346CDE9002117
:10396000029032464110F1F7B3FC37E03B48006863
:10397000012817D13A480068012813D13948006856
:1039800001280FD13848006860B94FF4E160002188
:1039900042102B46CDE9002102903A464110F1F742
:1039A00097FC1BE02D480068012817D12C480068BF
:1039B000012813D12B48006801280FD12A4800683C
:1039C00001280BD14FF4E160002142102B46CDE9D4
:1039D000002102903A464110F1F77AFC0020EFF7FF
:1039E00046FE40F20910F1F743F800201F49086035
:1039F00019E006E0012016F0B1F8EDF73FF800B944
:103A00000BE01B4909681B4A1268881A002801DB71
:103A1000014600E041421429ECDC00BF1348006875
:103A2000401C1249086011480068FA28E1DB12487E
:103A3000006890B91148006878B91148006860B909
:103A40009FED101ADFED100A0F209FED100AEFF71F
:103A50003AFF00200549086037E068E0680200206E
:103A60006C02002070020020740200203C04002040
:103A7000BC0000208C040020E8000020EC000020A6
:103A8000F00000203333333F00006144000061C484
:103A900000000240F800002056FAFFFF3EFEFFFF44
:103AA00006E0ECF7EBFF00B909E0012016F056F84C
:103AB0004FF48071FA4812F051FE0028F1D000BF97
:103AC000F8480068401CF7490860F648006840F272
:103AD0000E618842E4DB1FED151A5FED150A082020
:103AE0001FED160AEFF7EFFE0020EE49086014E024
:103AF00006E0ECF7C3FF00B909E0012016F02EF84C
:103B00004FF48071E64812F029FE0028F1D000BF82
:103B1000E4480068401CE3490860E248006840F25D
:103B20000E618842E4DB0020EFF7A1FD13E0DE48E0
:103B30000068012802D1F1F70DF80CE0DB480068BD
:103B4000012802D1F2F72DFF05E0D94800680128CD
:103B500001D1F2F749FD0020EFF789FDFEBDFEB56A
:103B60000024002500260027D248006801280DD136
:103B70000102CB4812F0F2FD012807D142F22834AD
:103B8000254640F2AA564FF4E17715E0C94800688F
:103B900001280AD10102C24812F0E0FD28B94FF411
:103BA0007A642546C44EC54F06E041F2941425467A
:103BB00040F2AA564FF4E1770020BE490860C048A1
:103BC0000068B0B9BF48006898B9BF48006880B9BC
:103BD000BE48006868B94FF4E160002142100A2332
:103BE000CDE90021029040F252324110F1F7B1FDCF
:103BF0006CE0B3480068012815D1B248006890B95C
:103C0000B148006878B9B148006860B94FF4E16024
:103C1000002142102346CDE9002102903246411096
:103C2000F1F797FD52E0A6480068012816D1A54893
:103C30000068012812D1A448006878B9A348006838
:103C400060B94FF4E160002142102346CDE9002124
:103C5000029032464110F1F77CFD37E09848006849
:103C6000012817D197480068012813D196480068A9
:103C700001280FD19548006860B94FF4E160002138
:103C800042102B46CDE9002102903A464110F1F74F
:103C900060FD1BE08A480068012817D18948006848
:103CA000012813D18848006801280FD1874800688F
:103CB00001280BD14FF4E160002142102B46CDE9E1
:103CC000002102903A464110F1F743FD0020EFF742
:103CD000CEFC40F20910F0F7CBFE002071490860DD
:103CE00019E006E0012015F039FFECF7C7FE00B936
:103CF0000BE077490968774A1268881A002801DBC7
:103D0000014600E041421429ECDC00BF6548006830
:103D1000401C6449086063480068FA28E1DB624897
:103D20000068C0BB61480068A8BB6148006890BBE0
:103D30009FED691A5FEDAC0A0F201FEDAC0AEFF79B
:103D4000C2FD00205749086014E006E0012015F08C
:103D500005FFECF793FE00B906E04FF48071504880
:103D600012F0FCFC0028F1D000BF4E480068401C57
:103D70004C4908604B480068FA28E6DB1FEDBF1A83
:103D80005FEDBF0A08201FEDBF0AEFF79CFD002082
:103D90004449086015E01CE006E0012015F0DEFE55
:103DA000ECF76CFE00B906E04FF480713C4812F06D
:103DB000D5FC0028F1D000BF3A480068401C3949C2
:103DC000086038480068FA28E6DB0020EFF74FFC6F
:103DD0000CE035480068012802D1FEF71BFB05E026
:103DE00032480068012801D1FEF794FC0020EFF76B
:103DF0003EFCFEBDFEB500240025002600272D4810
:103E00000068012812D10102254812F0A7FC012800
:103E10000CD12F480068B0F5967F07DC42F22834B9
:103E2000254640F2AA564FF4E1771BE0214800688E
:103E3000012810D101021A4812F090FC01280AD181
:103E400023480068B0F5967F05DB40F6AC54254664
:103E5000194E1A4F06E041F29414254640F2AA5634
:103E60004FF4E17700201349086015480068B0B9A5
:103E70001448006898B91448006880B9134800686D
:103E800068B94FF4E160002142100A23CDE9002116
:103E9000029040F252324110F1F71AFA8BE01DE025
:103EA000000002403C040020E8000020EC0000205C
:103EB000F0000020F800002056FAFFFF3EFEFFFF52
:103EC000680200206C0200207002002074020020B2
:103ED000BC0000208C040020CDCC4C3FFD48006885
:103EE000012815D1FC48006890B9FC48006878B9F1
:103EF000FB48006860B94FF4E1600021421023469E
:103F0000CDE90021029032464110F1F7E1F952E08B
:103F1000F0480068012816D1EF480068012812D146
:103F2000EE48006878B9EE48006860B94FF4E16087
:103F3000002142102346CDE9002102903246411073
:103F4000F1F7C6F937E0E3480068012817D1E248E5
:103F50000068012813D1E148006801280FD1E0482A
:103F6000006860B94FF4E160002142102B46CDE9B2
:103F7000002102903A464110F1F7AAF91BE0D5481A
:103F80000068012817D1D4480068012813D1D3480C
:103F9000006801280FD1D248006801280BD14FF4E6
:103FA000E160002142102B46CDE9002102903A4603
:103FB0004110F1F78DF90020EFF759FB40F209109D
:103FC000F0F756FD0020C749086019E006E001201F
:103FD00015F0C4FDECF752FD00B90BE0C2490968C9
:103FE000C24A1268881A002801DB014600E04142FB
:103FF0001429ECDC00BFBB480068401CB9490860CC
:10400000B8480068FA28E1DBB948006888BBB948BD
:10401000006870BBB848006858BB1FED511ADFED4F
:10402000B70A0C209FEDB60AEFF74DFC0020AD4912
:10403000086014E006E0ECF721FD00B909E001207A
:1040400015F08CFD4FF48071AE4812F087FB00280C
:10405000F1D000BFA3480068401CA2490860A148F5
:10406000006840F20E618842E4DB0020EFF7FFFABF
:104070000DE0FFE79F480068012802D1F2F791FCAC
:1040800005E09D480068012801D1F2F7ADFA002053
:10409000EFF7EDFAFEBDFEB500240025002600274F
:1040A00099480068012812D10102964812F056FB87
:1040B00001280CD18C480068B0F5967F07DC42F2ED
:1040C0002834254640F2AA564FF4E1771BE08E488B
:1040D0000068012810D101028A4812F03FFB012834
:1040E0000AD181480068B0F5967F05DB40F6AC54F4
:1040F0002546864E864F06E041F29414254640F24E
:10410000AA564FF4E17700207F49086071480068A3
:10411000B0B97148006898B97048006880B97048B3
:10412000006868B94FF4E160002142100A23CDE92C
:104130000021029040F252324110F1F70AFB6CE08C
:1041400064480068012815D16348006890B9634845
:10415000006878B96248006860B94FF4E1600021F6
:1041600042102346CDE90021029032464110F1F77A
:10417000F0FA52E057480068012816D15648006806
:10418000012812D15548006878B95548006860B9CF
:104190004FF4E160002142102346CDE90021029056
:1041A00032464110F1F7D5FA37E04A480068012855
:1041B00017D149480068012813D1484800680128F0
:1041C0000FD14748006860B94FF4E1600021421008
:1041D0002B46CDE9002102903A464110F1F7B9FA99
:1041E0001BE03C480068012817D13B4800680128C3
:1041F00013D13A48006801280FD1394800680128D6
:104200000BD14FF4E160002142102B46CDE9002193
:1042100002903A464110F1F79CFA0020EFF727FA96
:1042200040F20910F0F724FC00202E49086019E044
:1042300006E0012015F092FCECF720FC00B90BE041
:1042400029490968294A1268881A002801DB0146B1
:1042500000E041421429ECDC00BF22480068401C09
:10426000204908601F480068FA28E1DB2048006800
:1042700078BB2048006860BB1F48006848BB1FED42
:10428000EA1ADFED1E0A0C209FED1D0AEFF71BFB5B
:1042900000201449086014E006E0ECF7EFFB00B9D9
:1042A00009E0012015F05AFC4FF48071154812F016
:1042B00055FA0028F1D000BF0A480068401C09499F
:1042C00008600848006840F20E618842E4DB002084
:1042D00020E022E0680200206C0200207002002032
:1042E000740200203C040020BC0000208C0400204C
:1042F000E8000020EC000020F000002000006144F5
:10430000000061C400000240F800002056FAFFFFE0
:104310003EFEFFFFEFF7ABF905E0FD48006801281E
:1043200001D1FEF7F7F90020EFF7A1F9FEBD3EB588
:10433000F8480068C0B9F8480068A8B9F7480068AC
:1043400090B9F748006878B90020F6494FF46172D7
:1043500041F29413CDE90021029040F252324FF421
:104360006171F1F7F6F974E0EA480068012818D1A4
:10437000E9480068A8B9E948006890B9E8480068C9
:1043800078B90020E7494FF4617241F29413CDE906
:104390000021029040F2AA524FF46171F1F7D9F96D
:1043A00057E0DC480068012819D1DB480068012883
:1043B00015D1DA48006890B9D948006878B900206A
:1043C000D8494FF4617241F29413CDE90021029073
:1043D00040F2AA524FF46171F1F7BBF939E0CD48D0
:1043E0000068012818D1CC480068012814D1CB48B6
:1043F0000068012810D1CA48006868B90020C9497E
:104400004FF4617241F29413CDE9002102905210F1
:104410005100F1F79EF91CE0BE480068012818D150
:10442000BD480068012814D1BC480068012810D19B
:10443000BB48006801280CD10020BA494FF46172D2
:1044400041F29413CDE90021029052105100F1F78E
:1044500080F90020EFF70BF9F0F7F8FAB24800689E
:10446000FA30B2490860B2480068FA30B1490860D1
:104470000020B149086019E006E0012015F06EFB4C
:10448000ECF7FCFA00B90BE0AC490968A94A1268DC
:10449000881A002801DB014600E041429629ECDC45
:1044A00000BFA5480068401CA3490860A2480068F6
:1044B000FA28E1DBA248006888BB9548006870BB19
:1044C000A048006858BB9FEDA01A5FED740A0F204A
:1044D0001FED750AEFF7F7F900209749086028E00B
:1044E00006E0012015F03AFBECF7C8FA00B91AE033
:1044F0004FF48071954812F031F90128F1D04FF452
:104500008051924812F02AF90028EAD08B480068BE
:1045100088490968441A002C02DB204601E00FE0BC
:1045200060421428DDDC00BF83480068401C8249DB
:1045300008608148006840F20E618842D0DB13E0D9
:104540007F480068012802D1F1F7ACF90CE07D4802
:104550000068012802D1F1F73EFD05E06C480068D3
:10456000012801D1F1F73CFB0020EFF780F83EBDB8
:10457000FEB50024002500260027754800680128A4
:104580000DD10103714812F0E9F8012807D142F278
:104590002834254640F2AA564FF4E17715E06C48DE
:1045A000006801280AD10103684812F0D7F828B939
:1045B0004FF47A642546674E674F06E041F2941443
:1045C000254640F2AA564FF4E17700206049086082
:1045D00050480068B8B950480068A0B94F48006812
:1045E00088B94F48006870B900204E494FF4617295
:1045F0000A23CDE90021029040F252324FF461715A
:10460000F1F7A7F870E043480068012816D1424846
:10461000006898B94148006880B94148006868B9A5
:10462000002040494FF461722346CDE900210290F9
:1046300032464FF46171F1F78CF855E03548006867
:10464000012817D134480068012813D13348006885
:1046500080B93348006868B9002032494FF461726C
:104660002346CDE90021029032464FF46171F1F703
:1046700070F839E027480068012818D126480068FA
:10468000012814D125480068012810D12448006869
:1046900068B9002023494FF461722B46CDE900210F
:1046A00002903A464FF46171F1F753F81CE0194853
:1046B0000068012818D118480068012814D117484B
:1046C0000068012810D11648006801280CD100208C
:1046D00014494FF461722B46CDE9002102903A460D
:1046E0004FF46171F1F735F80020EEF7C0FFF0F7F5
:1046F000ADF90D480068FA300C4908600C480068B4
:10470000FA300C49086000200B49086040E00000C6
:10471000EC000020680200206C02002070020020E3
:1047200074020020F8F8FFFF7804002080040020C5
:10473000840400208C0400203C040020BC000020E5
:10474000E8000020F00000203333333F0000024037
:10475000F400002056FAFFFF3EFEFFFF06E00120B6
:1047600015F0FCF9ECF78AF900B90BE0F749096894
:10477000F74A1268881A002801DB014600E041422E
:104780006429ECDC00BFF3480068401CF149086074
:10479000F0480068FA28E1DBEF48006800287DD186
:1047A000EE480068002879D1ED48006800287ED1E5
:1047B0009FEDEC1ADFEDEC0A0F209FEDEC0AEFF70E
:1047C00082F80020E349086014E006E0ECF756F9AF
:1047D00000B909E0012015F0C1F94FF48071E448F7
:1047E00011F0BCFF0128F1D000BFDA480068401C7E
:1047F000D8490860D748006840F20E618842E4DB7F
:104800009FEDD81ADFEDD80A08209FEDD80AEFF700
:104810005AF80020CF49086019E006E0012015F0A1
:104820009DF9ECF72BF900B90BE0C8490968C84AB3
:104830001268881A002801DB014600E041420A297B
:10484000ECDC00BFC3480068401CC2490860C14896
:104850000068FA28E1DB0020BE4908601BE006E0A2
:10486000ECF70CF900B910E0012015F077F94FF4DE
:104870008071BF4811F072FF0128F1D04FF48051D0
:10488000BB4811F06BFF0028EAD000BFB1480068B8
:10489000401CB0490860AF48006800E007E040F203
:1048A0000E618842DBDB0020EEF7E1FE0CE0AA4857
:1048B0000068012802D1FAF744F905E0A848006829
:1048C000012801D1FDF77BF90020EEF7D0FEFEBDF7
:1048D0000EB5A8480068C0B9A7480068A8B9A7489D
:1048E000006890B9A648006878B90020A5494FF43F
:1048F000617241F29413CDE90021029040F25232EC
:104900004FF46171F0F7E4FC74E09A480068012804
:1049100018D199480068A8B99848006890B9984893
:10492000006878B9002097494FF4617241F29413FE
:10493000CDE90021029040F2AA524FF46171F0F7E4
:10494000C7FC57E08B480068012819D18A480068E5
:10495000012815D18948006890B98948006878B95C
:10496000002088494FF4617241F29413CDE900218F
:10497000029040F2AA524FF46171F0F7A9FC39E0BD
:104980007C480068012818D17B480068012814D1B0
:104990007A480068012810D17948006868B9002079
:1049A00078494FF4617241F29413CDE900210290ED
:1049B00052105100F0F78CFC1CE06E480068012892
:1049C00018D16D480068012814D16C48006801288E
:1049D00010D16B48006801280CD1002069494FF4C0
:1049E000617241F29413CDE90021029052105100FE
:1049F000F0F76EFC0020EEF73AFE40F20910F0F7F7
:104A000037F800205349086019E006E0012015F04E
:104A1000A5F8ECF733F800B90BE04C4909684C4AAB
:104A20001268881A002801DB014600E0414214297F
:104A3000ECDC00BF47480068401C46490860454818
:104A40000068FA28E1DB44480068002856D1434852
:104A50000068A8BB4248006890BB9FED4B1ADFED91
:104A6000420A0E209FED410AEEF72DFF0020394942
:104A7000086014E006E0012015F070F8EBF7FEFF87
:104A800000B906E04FF48071394811F067FE002844
:104A9000F1D000BF2F480068401C2E4908602D4807
:104AA0000068FA28E6DB9FED381ADFED2F0A0820B0
:104AB0009FED2E0AEEF707FF00202649086015E05B
:104AC0001CE006E0012015F049F8EBF7D7FF00B92C
:104AD00006E04FF48071264811F040FE0028F1D026
:104AE00000BF1C480068401C1A490860194800684B
:104AF000FA28E6DB0020EEF7BAFD0CE01648006865
:104B0000012802D1F0F726F805E0154800680128D1
:104B100001D1F1F769FD0020EEF7A9FD0EBDFEB54C
:104B200000240025002600271848006801282FD1FE
:104B300001020F4811F012FE012829D142F2283457
:104B4000254640F2AA564FF4E17737E0BC0000203A
:104B50008C0400203C040020E8000020EC00002031
:104B6000F0000020CDCC4C3F00006144000061C447
:104B700000000240680200206C0200207002002049
:104B800074020020F8F8FFFF6666663FF40000201C
:104B9000FE48006801280AD10102FD4811F0DEFD3F
:104BA00028B94FF47A642546FA4EFB4F06E041F2ED
:104BB0009414254640F2AA564FF4E1770020F349B9
:104BC0000860F6480068B8B9F5480068A0B9F5482B
:104BD000006888B9F448006870B90020F3494FF4C0
:104BE00061720A23CDE90021029040F252324FF463
:104BF0006171F0F7AEFD70E0E8480068012816D159
:104C0000E748006898B9E748006880B9E648006856
:104C100068B90020E5494FF461722346CDE90021CF
:104C2000029032464FF46171F0F793FD55E0DB4896
:104C30000068012817D1DA480068012813D1D94843
:104C4000006880B9D848006868B90020D7494FF497
:104C500061722346CDE90021029032464FF4617122
:104C6000F0F777FD39E0CD480068012818D1CC482D
:104C70000068012814D1CB480068012810D1CA4827
:104C8000006868B90020C9494FF461722B46CDE92C
:104C9000002102903A464FF46171F0F75AFD1CE092
:104CA000BE480068012818D1BD480068012814D109
:104CB000BC480068012810D1BB48006801280CD10D
:104CC0000020BA494FF461722B46CDE900210290D1
:104CD0003A464FF46171F0F73CFD0020EEF7C7FC57
:104CE000EFF7B4FEB2480068FA30B2490860B24843
:104CF0000068FA30B14908600020B149086019E045
:104D000006E0012014F02AFFEBF7B8FE00B90BE033
:104D1000AC490968A94A1268881A002801DB0146D3
:104D200000E041426429ECDC00BFA5480068401C5B
:104D3000A3490860A2480068FA28E1DBA24800689D
:104D4000A8BBA248006890BBA148006878BB9FED53
:104D5000A11A5FED7B0A0C201FED7C0AEEF7B3FD74
:104D60000020974908601BE006E0EBF787FE00B9DA
:104D700010E0012014F0F2FE4FF48071844811F02D
:104D8000EDFC0128F1D04FF48051814811F0E6FC90
:104D90000028EAD000BF8A480068401C88490860A3
:104DA0008748006840F20E618842DDDB14E0FFE7CF
:104DB00085480068012802D1F9F7C3FE0CE0844859
:104DC0000068012802D1FCF7FAFE05E07F48006880
:104DD000012801D1F2F717FC0020EEF748FCFEBDD8
:104DE000FEB5002400250026002768480068012839
:104DF00012D10102664811F0B1FC01280CD17148B2
:104E00000068B0F5967F07DC42F22834254640F270
:104E1000AA564FF4E1771AE05C48006801280FD1E8
:104E200001025B4811F09AFC50B966480068B0F581
:104E3000967F05DC4FF47A642546564E564F06E0C1
:104E400041F29414254640F2AA564FF4E17700202F
:104E50004E49086051480068B8B951480068A0B987
:104E60005048006888B95048006870B900204F4920
:104E70004FF461720A23CDE90021029040F25232D0
:104E80004FF46171F0F765FC70E044480068012858
:104E900016D14348006898B94248006880B9424832
:104EA000006868B9002041494FF461722346CDE99A
:104EB0000021029032464FF46171F0F74AFC55E050
:104EC00036480068012817D135480068012813D1F9
:104ED0003448006880B93448006868B90020334914
:104EE0004FF461722346CDE90021029032464FF41F
:104EF0006171F0F72EFC39E028480068012818D1CC
:104F000027480068012814D126480068012810D1DC
:104F10002548006868B9002024494FF461722B4687
:104F2000CDE9002102903A464FF46171F0F711FC8F
:104F30001CE01A480068012818D1194800680128A7
:104F400014D118480068012810D1174800680128BA
:104F50000CD1002015494FF461722B46CDE9002198
:104F600002903A464FF46171F0F7F3FB0020EEF740
:104F70007EFBEFF76BFD0E480068FA300D490860C4
:104F80000D480068FA300D49086025E0F400002063
:104F90000000024056FAFFFF3EFEFFFF68020020BD
:104FA0006C0200207002002074020020F8F8FFFF5D
:104FB0007804002080040020840400208C04002059
:104FC0003C040020BC000020E8000020EC00002091
:104FD000F00000203333333F0020FB49086019E024
:104FE00006E0012014F0BAFDEBF748FD00B90BE034
:104FF000F6490968F64A1268881A002801DB01465A
:1050000000E041426429ECDC00BFEF480068401C2E
:10501000ED490860EC480068FA28E1DBED480068DB
:10502000D0BBED480068B8BBEC480068A0BB1FEDE2
:10503000171ADFEDEB0A0F209FEDEA0AEEF743FCAB
:105040000020E149086014E006E0EBF717FD00B925
:1050500009E0012014F082FD4FF48071E24811F064
:105060007DFB0028F1D000BFD7480068401CD6491E
:105070000860D548006840F20E618842E4DB1FED0D
:105080002B1ADFEDD70A08209FEDD60AEEF71BFC9E
:105090000020CD49086015E01EE006E0EBF7EEFCCD
:1050A00000B909E0012014F059FD4FF48071CE4899
:1050B00011F054FB0028F1D000BFC3480068401C29
:1050C000C1490860C048006840F20E618842E4DBD4
:1050D0000020EEF7CCFA0CE0BE480068012802D1AF
:1050E000F9F73DFF05E0BD480068012801D1F2F75E
:1050F000BDFD0020EEF7BBFAFEBDFEB50024002585
:1051000000260027B9480068012812D10102B648DC
:1051100011F024FB01280CD1AC480068B0F5967F53
:1051200007DC42F22834254640F2AA564FF4E177D4
:105130001BE0AE480068012810D10102AA4811F016
:105140000DFB01280AD1A1480068B0F5967F05DB68
:1051500040F6AC542546A64EA64F06E041F2941404
:10516000254640F2AA564FF4E17700209F49086097
:10517000A1480068B8B9A1480068A0B9A048006873
:1051800088B9A048006870B900209F494FF4617247
:105190000A23CDE90021029040F252324FF46171AE
:1051A000F0F796F870E094480068012816D193480B
:1051B000006898B99248006880B99248006868B958
:1051C000002091494FF461722346CDE900210290FD
:1051D00032464FF46171F0F77BF855E0864800687D
:1051E000012817D185480068012813D18448006838
:1051F00080B98448006868B9002083494FF461721F
:105200002346CDE90021029032464FF46171F0F758
:105210005FF839E078480068012818D177480068BD
:10522000012814D176480068012810D1754800681B
:1052300068B9002074494FF461722B46CDE9002112
:1052400002903A464FF46171F0F742F81CE06A4868
:105250000068012818D169480068012814D16848FD
:105260000068012810D16748006801280CD100208F
:1052700065494FF461722B46CDE9002102903A4610
:105280004FF46171F0F724F80020EEF7F0F940F2E6
:105290000910EFF7EDFB00204B49086019E006E02C
:1052A000012014F05BFCEBF7E9FB00B90BE0474988
:1052B0000968474A1268881A002801DB014600E0A5
:1052C00041421429ECDC00BF3F480068401C3E49C5
:1052D00008603D480068FA28E1DB3E480068D0BB22
:1052E0003D480068B8BB3D480068A0BB1FEDC71A29
:1052F000DFED3B0A0E209FED3B0AEEF7E4FA0020BB
:105300003149086014E006E0EBF7B8FB00B909E0AA
:10531000012014F023FC4FF48071334811F01EFA81
:105320000028F1D000BF28480068401C26490860CA
:105330002548006840F20E618842E4DB1FEDDB1A6D
:10534000DFED270A08209FED270AEEF7BCFA0020C0
:105350001D49086015E01EE006E0EBF78FFB00B981
:1053600009E0012014F0FAFB4FF480711E4811F09F
:10537000F5F90028F1D000BF13480068401C12491D
:1053800008601148006840F20E618842E4DB0020AA
:10539000EEF76DF913E00F480068012802D1EFF72E
:1053A000D9FB0CE00C480068012802D1F1F7F9FAAA
:1053B00005E00A480068012801D1F1F715F900203D
:1053C000EEF755F9FEBD00003C040020BC000020B3
:1053D0008C040020E8000020EC000020F0000020F9
:1053E00000006144000061C400000240F40000209D
:1053F00056FAFFFF3EFEFFFF680200206C0200200D
:105400007002002074020020F8F8FFFFFEB50024AF
:10541000002500260027FE480068012812D101025D
:10542000FC4811F09BF901280CD1FB480068B0F54D
:10543000967F07DC42F22834254640F2AA564FF404
:10544000E1771BE0F2480068012810D10102F14821
:1054500011F084F901280AD1EF480068B0F5967F71
:1054600005DB40F6AC542546EC4EED4F06E041F22C
:105470009414254640F2AA564FF4E1770020E449FF
:105480000860E8480068B8B9E7480068A0B9E7488C
:10549000006888B9E648006870B90020E5494FF413
:1054A00061720A23CDE90021029040F252324FF49A
:1054B0006171EFF70DFF70E0DA480068012816D13E
:1054C000D948006898B9D948006880B9D8480068B8
:1054D00068B90020D7494FF461722346CDE9002115
:1054E000029032464FF46171EFF7F2FE55E0CD487D
:1054F0000068012817D1CC480068012813D1CB4897
:10550000006880B9CA48006868B90020C9494FF4EA
:1055100061722346CDE90021029032464FF4617159
:10552000EFF7D6FE39E0BF480068012818D1BE4821
:105530000068012814D1BD480068012810D1BC487A
:10554000006868B90020BB494FF461722B46CDE971
:10555000002102903A464FF46171EFF7B9FE1CE06A
:10556000B0480068012818D1AF480068012814D15C
:10557000AE480068012810D1AD48006801280CD160
:105580000020AC494FF461722B46CDE90021029016
:105590003A464FF46171EFF79BFE0020EEF767F893
:1055A00040F20910EFF764FA0020A349086019E0FF
:1055B00006E0012014F0D2FAEBF760FA00B90BE034
:1055C000954909689D4A1268881A002801DB01463E
:1055D00000E041421429ECDC00BF97480068401C01
:1055E0009549086094480068FA28E1DB944800680F
:1055F00088BB9448006870BB9348006858BB9FED17
:10560000931A5FED890A0E201FED8A0AEEF75BF907
:1056100000208949086014E006E0EBF72FFA00B992
:1056200009E0012014F09AFA4FF48071794811F0E2
:1056300095F80028F1D000BF7F480068401C7E49E3
:1056400008607D48006840F20E618842E4DB00207B
:10565000EEF70DF80DE0FFE77A480068012802D167
:10566000F1F79FF905E078480068012801D1F0F7CB
:10567000BBFF0020EDF7FBFFFEBDFEB500240025BB
:105680000026002762480068012812D10102614803
:1056900011F064F801280CD15F480068B0F5967FDE
:1056A00007DC42F22834254640F2AA564FF4E1774F
:1056B0001BE057480068012810D10102554811F03D
:1056C0004DF801280AD154480068B0F5967F05DBF3
:1056D00040F6AC542546514E514F06E041F2941429
:1056E000254640F2AA564FF4E17700204849086069
:1056F0004C480068B8B94C480068A0B94B480068ED
:1057000088B94B48006870B900204A494FF461726B
:105710000A23CDE90021029040F252324FF4617128
:10572000F0F717F870E03F480068012816D13E48AE
:10573000006898B93D48006880B93D48006868B97C
:1057400000203C494FF461722346CDE900210290CC
:1057500032464FF46171EFF7FCFF55E031480068C5
:10576000012817D130480068012813D12F4800685C
:1057700080B92F48006868B900202E494FF4617243
:105780002346CDE90021029032464FF46171EFF7D4
:10579000E0FF39E023480068012818D1224800685A
:1057A000012814D121480068012810D12048006840
:1057B00068B900201F494FF461722B46CDE90021E2
:1057C00002903A464FF46171EFF7C3FF1CE01548B1
:1057D0000068012818D114480068012814D1134822
:1057E0000068012810D11248006801280CD100205F
:1057F00010494FF461722B46CDE9002102903A46E0
:105800004FF46171EFF7A5FF0020EDF730FF1FE0C7
:10581000F400002000000240BC00002056FAFFFF08
:105820003EFEFFFF680200206C0200207002002094
:1058300074020020F8F8FFFF3C0400208C040020D4
:10584000E8000020EC000020F0000020CDCC4C3F10
:1058500040F20910EFF70CF90020FE49086019E04A
:1058600006E0012014F07AF9EBF708F900B90BE033
:10587000F9490968F94A1268881A002801DB0146CB
:1058800000E041421429ECDC00BFF2480068401CF3
:10589000F0490860EF480068FA28E1DBF04800684A
:1058A00070BBF048006858BBEF48006840BB1FED74
:1058B000191ADFEDEE0A0E209FEDED0AEEF703F860
:1058C0000020E449086014E006E0EBF7D7F800B9DF
:1058D00009E0012014F042F94FF48071E54810F01E
:1058E0003DFF0028F1D000BFDA480068401CD949CC
:1058F0000860D848006840F20E618842E4DB05E0A9
:10590000D9480068012801D1F2F7B0F90020EDF77D
:10591000AEFEFEBD70B504460D46EFF79DF8D648C5
:105920000068FA30D5490860D5480068FA30CB499C
:1059300008600020C749086019E006E0012014F063
:105940000DF9EBF79BF800B90BE0C3490968C34AAE
:105950001268881A002801DB014600E041420F2945
:10596000ECDC00BFBB480068401CBA490860B9487D
:1059700000683228E1DBC348C07F40F00200C14923
:10598000C8771FED4E1A00EE105AF8EEC00A10202C
:1059900000EE104AB8EEC00AEDF795FF0020AD49C1
:1059A000086014E006E0012014F0D8F8EBF766F880
:1059B00000B906E04FF48071AE4810F0CFFE012828
:1059C000F1D000BFA3480068401CA2490860A1486C
:1059D00000689628E6DB0020EDF749FE052104204B
:1059E000ECF7F0FD00209B49086011E006E0012083
:1059F00014F0B4F8EBF742F800B903E0A2480068ED
:105A00000128F4D000BF93480068401C9149086009
:105A100090480068FA28E9DB9A48C07F00F0FD0052
:105A20009849C87701209849086070BD70B5044650
:105A30000D469448C07F40F002009249C877FF208D
:105A4000EFF716F800208349086019E006E001200E
:105A500014F084F8EBF712F800B90BE07E490968FE
:105A60007E4A1268881A002801DB014600E04142A4
:105A70000A29ECDC00BF77480068401C75490860C3
:105A8000744800683228E1DBB7EE001A00EE105AC5
:105A9000F8EEC00A0F2000EE104AB8EEC00AEDF78B
:105AA00012FF00206B49086014E006E0012014F0AA
:105AB00055F8EAF7E3FF00B906E04FF480716D484E
:105AC00010F04CFE0028F1D000BF62480068401C76
:105AD000604908605F480068B0F57A7FE5DB002028
:105AE000EDF7C5FD05210420ECF76CFD00205949B8
:105AF000086011E006E0012014F030F8EAF7BEFF7C
:105B000000B903E0604800680128F4D000BF5148A4
:105B10000068401C4F4908604E480068FA28E9DBDD
:105B20005848C07F00F0FD005649C877012056490B
:105B3000086070BD10B54FF461714842FFF7EAFE8E
:105B400010BD10B54FF461714842FFF76FFF10BDF3
:105B500010B50020EDF78BFD4C494842FFF7DAFE07
:105B600010BD10B50020EDF782FD48494842FFF70F
:105B70005DFF10BD10B50020EDF779FD012044490F
:105B800008604449086010BD704730B500201BE034
:105B9000002116E0002211E0AFF2130300EB8014A5
:105BA00004EB44043C4D05EBC40401EB810505EB1B
:105BB000C10504EB850444F82230521C0D2AEBDBAE
:105BC000491C1E29E6DB401C1E28E1DB334C344B0C
:105BD000C3F80C42334CC3F81042334CC3F81442A0
:105BE000324C2D4BC3F83C4E314CC3F8404E314C37
:105BF000314BC3F81042314CC3F81442304C314B96
:105C0000C3F83844304CC3F83C442D4CC3F84044EE
:105C10002E4C214B9C632E4CDC632C4C1C642D4C75
:105C20005C642B4C9C64DC641C655C65294C9C6545
:105C3000DC651C665C66284CDC66284C1C67284CBE
:105C40009C67284CDC67C3F88440C3F89040264C1E
:105C50004CE000003C040020BC0000208C0400202C
:105C6000E8000020EC000020F0000020000061446B
:105C7000000061C40000024078040020800400207D
:105C80008404002004000020080300207CFCFFFFA7
:105C90000C03002010030020280B00205F1B0108CC
:105CA000184800207F1B01089F1B0108698300081A
:105CB0000987000819890008701D00202585000843
:105CC000EB95000808850020B195000889DD0008E3
:105CD00071DF0008EF020108A92B0108AD200108BF
:105CE00035210108C5210108F32B0108C3F88840BC
:105CF000C3F89440FB4CC3F8A440FB4CC3F8A84045
:105D0000FA4CC3F8B040C3F8B440F94CC3F8BC40F7
:105D1000F84CC3F8C040C3F8CC40F74CC3F8C840B7
:105D2000F64CC3F8EC46F64CC3F8F046F54CC3F815
:105D3000F446F54CC3F8F846F44CC3F8FC46F44C72
:105D4000C3F80047F34CC3F80447F14CC3F80847C5
:105D5000F14CC3F80C47F14CC3F81047F04CC3F8B2
:105D60001447F04CC3F81847EF4CC3F8044DEF4C00
:105D7000C3F8084DEE4CC3F8104DEE4CC3F8144D6B
:105D8000AFF68944C3F8204DAFF6AB74C3F81C4D91
:105D9000AFF68714C3F82C4DAFF22174C3F8284D29
:105DA000E54CE64BC3F8D840E54CC3F8DC40E54C85
:105DB000C3F8E440E44CC3F8E840E44CC3F8F040D6
:105DC000E34CC3F8F440E34CC3F8FC40E24CC3F8A6
:105DD0000041AFF2912403F5C363C3F81441AFF25D
:105DE000AB24C3F81841C3F81C41C3F82041C3F8E1
:105DF0002441AFF2B124C3F82841C3F82C41C3F8C1
:105E00003041C3F83441AFF2932403F5C363C3F8C0
:105E10001441C3F81841C3F81C41C3F82041C3F82A
:105E20002441C3F82841C3F82C41C3F83041C3F8DA
:105E3000344130BD30B50246C8480068884201DCB4
:105E4000002030BDC64800880844642490FBF4F567
:105E500004FB150083B203EB8300C24C20440468AA
:105E60001460007910710120EBE70CB50121684640
:105E7000FFF7E0FF08B900200CBD9DF8020048B90B
:105E80009DF80300012805D1B7490860F7F788FBA2
:105E90000120F1E79DF8020050B99DF803000228A7
:105EA00006D10120B1490860F7F7F0FB0120E3E7D4
:105EB0009DF8020050B99DF80300032806D1012087
:105EC000AB490860F7F792FC0120D5E79DF8020086
:105ED000022807D19DF80300042803D10120A54919
:105EE0000860C9E79DF80200032807D19DF8030068
:105EF000042803D10120A0490860BDE70020BBE7CA
:105F00001FB59648006800B91FBD74E0FFF7ADFFEC
:105F100002A8EBF738FF00B971E06846EBF721FF04
:105F200058B39DF80A0070B99DF80B0001280AD1FA
:105F30009DF80200012806D19DF80300042802D133
:105F400001208E4908609DF80A00022816D19DF8AC
:105F50000B000A2812D19DF80C0002280ED19DF8E2
:105F60000200022825D19DF803000A2821D19DF8BE
:105F7000040001281DD1824908601AE09DF80A003A
:105F8000032816D19DF80B000A2812D19DF80C00A9
:105F900002280ED19DF8020003280AD19DF80300C3
:105FA0000A2806D19DF80400032802D10120754972
:105FB00008609DF80A001E281DDA9DF80B001E28B7
:105FC00019DA9DF80C000D2815DA9DF80A1001EB7E
:105FD000811101EB41016C4A02EBC1019DF80B20DC
:105FE00002EB820303EBC20201EB82019DF80C205D
:105FF00051F82200804759480068002886DC00BF1D
:1060000000206249087000BF7EE710B500244FF4FD
:1060100080415F4810F0A2FB28B14FF480615D48D9
:1060200010F09CFB20B901205B490870641C02E061
:106030000020594908704FF40061554810F08EFB5C
:1060400028B14FF40051534810F088FB20B90120CB
:1060500052490870641C02E00020504908704FF457
:1060600000414C4810F07AFB28B14FF48041494878
:1060700010F074FB20B9012049490870641C02E04B
:106080000020474908704FF48051424810F066FBE9
:1060900028B14FF480613E4810F060FB20B9012028
:1060A00040490870641C02E000203E4908703E48E8
:1060B000046010BD2DE9F0410026771EFFF7A5FF13
:1060C000354800783549097845183548007835490C
:1060D000097844183048007818B101263348076819
:1060E00098E065E0F1EA000817EB0008F3EE00081D
:1060F00043F200081FEF0008D5F2000821720008E3
:10610000996200084F7A0008071F01080922010858
:106110009D6D0008FD220108812A0108A380000866
:10612000998100086B2C0108D14801082F43010810
:10613000714501081F4B0108232D0108701D002027
:10614000DF2F010895320108633501085B3801082B
:106150005F3B0108F53D010897400108FC02002063
:10616000020300202A090020E8000020EC000020A3
:10617000F0000020F4000020F8000020840200203D
:10618000EC020020F0020020280B00200503002074
:10619000000C0240000402409C0200209D020020EE
:1061A0009E0200209F02002098020020680100202B
:1061B000FE480068012805D1002D03DD0126FC48BA
:1061C000076827E0F9480068022805D1002C03DDA4
:1061D0000226F84807681DE0022D03D10126F44885
:1061E000076817E0022C03D10226F248076811E085
:1061F000F148007818B10126ED4807680AE0002C44
:1062000003DD0226EB48076804E00020E749086048
:10621000BDE8F081E5480660B420E8490860E84838
:106220000760E849096802461268881A002801DBFD
:10623000014600E041420A2914DD06E0012013F086
:106240008DFCEAF71BFC00B90BE0DE490968DC4A6B
:106250001268881A002801DB014600E041420A2941
:10626000ECDC00BFD1480068012802D1D6490860A3
:1062700002E00120D549086000BFC9E72DE9F041DF
:106280000026771EFFF7C1FED1480078CA49097879
:106290004518D0480078D04909784418CC4800788F
:1062A00018B10126C248076831E0C04800680128DB
:1062B00005D1002D03DD0126BD48076827E0BB4856
:1062C0000068022805D1002C03DD0226B9480768C2
:1062D0001DE0022D03D10126B548076817E0022C06
:1062E00003D10226B348076811E0B348007818B11B
:1062F0000126AF4807680AE0002C03DD0226AD48FE
:10630000076804E00020A9490860BDE8F081A748BB
:1063100006609620A9490860A9480760A34800685C
:10632000012802D1A849086002E00120A7490860BD
:1063300000BFEAE710B5FFF768FEFFF79FFF10BD4B
:106340004620A6490860A64800682D38A54908607F
:106350004620A549086040F28110A44908607047B2
:106360003EB50446FFF751FEFFF788FFEEF77AFBD4
:106370004FF496709E4908609E49086000209E492F
:10638000086019E006E0012013F0E8FBEAF776FB6D
:1063900000B90BE099490968964A1268881A0028E2
:1063A00001DB014600E041423229ECDC00BF9248AB
:1063B0000068401C904908608F4800689628E1DB1F
:1063C00004203A2305224FF47A710090BE20F1F7A1
:1063D0007AFF3220EDF74BF9B6EE001ADFED880AAE
:1063E0002D209FED880AEDF76EFA002082490860A3
:1063F00012E006E0052013F0B1FBEAF73FFB00B91D
:1064000004E081480068B0F5877FF3DC00BF7A487C
:106410000068401C784908607748006840F22621EF
:106420008842E6DB41F2883013F098FB0020724985
:10643000086012E006E0052013F090FBEAF71EFB6F
:1064400000B904E070480068B0F5877FF3DB00BF57
:1064500069480068401C684908606748006840F265
:1064600026218842E6DB41F2F81013F077FB9FED1E
:10647000671ADFED630A19209FED620AEDF723FA30
:1064800000205D49086011E006E0012013F066FB82
:10649000EAF7F4FA00B903E05D4800682328F4DC69
:1064A00000BF55480068401C5349086052480068C6
:1064B00040F226218842E7DB1E20EDF7D8F89FED59
:1064C000531ADFED4F0A14209FED4E0AEDF7FBF94A
:1064D00000204949086011E006E0012013F03EFB6E
:1064E000EAF7CCFA00B903E0494800680828F4DC70
:1064F00000BF41480068401C3F4908603E480068B2
:1065000040F226218842E7DB0020EDF7B0F89FED4E
:106510003F1ADFED3B0A2A209FED3E0AEDF7D3F943
:1065200000203549086011E006E0012013F016FB59
:10653000EAF7A4FA00B903E037480068DC28F4DB86
:1065400000BF2D480068401C2B4908602A4800689D
:1065500040F226218842E7DB9FED2C1ADFED280A66
:1065600036209FED2C0AEDF7AEF900202249086095
:1065700012E006E0012013F0F1FAEAF77FFA00B921
:1065800004E025480068B0F5C87FF3DB00BF1A4877
:106590000068401C184908601748006840F226212E
:1065A0008842E6DBFFF7CCFE1C4839E044050020BA
:1065B000680100206C0100209D020020BC04002026
:1065C00098040020B0000020740100207001002019
:1065D0009C0200209E0200209F020020C404002094
:1065E000B8010020B0040020C0040020A404002052
:1065F000800400208C0400203C040020BC0000200B
:1066000000006144000061C4A0000020CDCC4C3FDC
:106610009800002000000000A4000020400300209B
:106620000068012870D10020FE49086021E015E0D3
:106630000A206FF07701032204F10F03CDE9002156
:1066400002904FF4617200212820F2F7F9FD012039
:1066500013F084FAEAF712FA00B904E0F24800688D
:10666000B0F58C7FE4DC00BFEE480068401CED49CB
:106670000860EC48006840F226218842D7DB002001
:10668000E849086020E015E00A206FF07701032256
:1066900004F10F03CDE9002102904FF46172002153
:1066A0001920F2F7CDFD052013F058FAEAF7E6F9C4
:1066B00000B903E0DC480068DC28E5DC00BFD9480D
:1066C0000068401CD7490860D648006840F226217F
:1066D0008842D8DB0020D349086020E015E00A207A
:1066E0006FF06301012204F10F03CDE90021029054
:1066F0004FF461720021F2F7A3FD052013F02EFA8A
:10670000EAF7BCF908B904E04FE0C7480068C028C0
:10671000E5DC00BFC3480068401CC2490860C148AE
:10672000006840F226218842D8DB0020ECF79FFF6A
:1067300000219FEDBE0A40F27A30EDF755F806E0F1
:10674000012013F00BFAEAF799F900B903E0ECF72E
:1067500067FE0028F4D100BF0020ECF788FF40F26C
:10676000C620EEF785F90020AE49086019E006E082
:10677000012013F0F3F9EAF781F900B90BE0AC4915
:106780000968AC4A1268881A002801DB014600E05B
:1067900041421E29ECDC00BFA2480068401CA14910
:1067A0000860A04800689628E1DBA348006802283A
:1067B0007ED1B6EE001A5FED6E0A2D209FED9F0A86
:1067C000EDF781F800209749086012E006E001200B
:1067D00013F0C4F9EAF752F900B904E092480068EE
:1067E000B0F59B7FF3DC00BF8E480068401C8D49EC
:1067F00008608C48006840F226218842E6DB0020D1
:106800008849086021E015E00A206FF09501032215
:1068100004F14603CDE9002102904FF4617200219A
:106820002820F2F70DFD052013F098F9EAF726F974
:1068300000B904E07C480068B0F5877FE4DC00BF65
:1068400078480068401C774908607648006840F244
:1068500026218842D7DB00207249086020E015E03D
:106860000A206FF09501032204F14603CDE90021CF
:1068700002904FF4617200211920F2F7E1FC01202F
:1068800013F06CF9EAF7FAF800B903E0664800681B
:10689000DC28E5DC00BF63480068401C61490860F3
:1068A0006048006840F226218842D8DB002000E0E2
:1068B0002CE05C49086023E018E00A206FF09501A5
:1068C000022204F14603CDE9002102904FF46172E7
:1068D0000021F2F7B5FC4FF40070EEF7DBF8012071
:1068E00013F03CF9EAF7CAF800B903E04E48006833
:1068F000B828E2DC00BF4B480068401C49490860EA
:106900004848006840F226218842D5DB0020ECF799
:10691000AEFE3EBD10B5FFF778FBFFF7AFFC4FF4BE
:10692000FA70EEF7A5F84648C07F40F020004449D1
:10693000C87710BD10B543480068401C4149086045
:1069400041F2707013F00AF910BD10B54FF4804198
:106950003D480FF003FF30B14FF480613B480FF02A
:10696000FDFE00285CD13A480078002858D1642008
:1069700038490860384800685A30384908600020B3
:106980002849086025E006E0012013F0E7F8EAF75F
:1069900075F800B917E0324A1268304B1B68D11AFB
:1069A000002901DB0A4600E04A420A2AECDC2D4AB3
:1069B00012682D4B1B68D01A002801DB024600E04C
:1069C00042420A2AE0DC00BF16480068401C154914
:1069D0000860144800683228D5DB1948C07F40F0B1
:1069E00002001749C87700200E49086011E006E050
:1069F000012013F0B3F8EAF741F800B903E01B48AF
:106A0000008A7828F4DC00BF06480068401C05496D
:106A1000086004480068B0F57A7FE8DB084827E0A2
:106A200038E000003C040020A0000020CDCC4C3E0B
:106A3000BC0000208C040020400300200000EB4339
:106A40000400002020030020000C0240000402404B
:106A500048050020C0040020B4010020A404002048
:106A6000C0000020C4000020B0040020BE080020A8
:106A7000C07F00F0FD00FA49C8770846C07F40F0AB
:106A80000800C8774FF47A7013F068F80120F549D0
:106A9000087079E04FF40051F3480FF05FFE30B119
:106AA0004FF40061F1480FF059FE00286CD1F04816
:106AB0000078002868D16420EE490860EE4800683C
:106AC0005A30EE4908600020ED49086025E006E0F4
:106AD000012013F043F8E9F7D1FF00B917E0E94AC4
:106AE0001268E94B1B68D11A002901DB0A4600E055
:106AF0004A420A2AECDCE54A1268E04B1B68D01ACD
:106B0000002801DB024600E042420A2AE0DC00BF26
:106B1000DB480068401CDA490860D9480068322820
:106B2000D5DBCF48C07F40F00200CD49C8770020B8
:106B3000D349086011E006E0012013F00FF8E9F7EF
:106B40009DFF00B903E0D248008A7828F4DC00BF3A
:106B5000CB480068401CCA490860C9480068B0F5C5
:106B60007A7FE8DBBE48C07F00F0FD00BC49C877F3
:106B70000846C07F40F04000C8774FF47A7012F0AA
:106B8000EDFF0120BA4908704FF4FA6012F0E6FFF9
:106B9000B348C07F40F00200B149C8770020B8492F
:106BA000086011E006E0012012F0D8FFE9F766FF67
:106BB00000B903E0B648008A7828F4DC00BFB0488A
:106BC0000068401CAE490860AD480068B0F57A7FA7
:106BD000E8DBA348C07F00F0FD00A149C877FA2098
:106BE000AC490860AC480068A7490860FA20A14990
:106BF0000860A1480068A14908600020A049086019
:106C000025E006E0012012F0A9FFE9F737FF00B9FF
:106C100017E09C4A12689C4B1B68D11A002901DBC3
:106C20000A4600E04A42142AECDC984A1268934B68
:106C30001B68D01A002801DB024600E04242142AF9
:106C4000E0DC00BF8E480068401C8D4908608C481D
:106C500000683228D5DB10BD10B54FF48051824852
:106C60000FF07CFD30B14FF4806180480FF076FD6D
:106C700000286DD189480078002869D164207D49B9
:106C800008607D4800685A387C49086000207C49CB
:106C9000086025E006E0012012F060FFE9F7EEFE53
:106CA00000B917E0774A1268774B1B68D11A0029A0
:106CB00001DB0A4600E04A420A2AECDC734A126809
:106CC0006E4B1B68D01A002801DB024600E04242EE
:106CD0000A2AE0DC00BF6A480068401C6849086076
:106CE000674800683228D5DB5D48C07F40F002006D
:106CF0005B49C87700206249086011E006E0012086
:106D000012F02CFFE9F7BAFE00B903E06048008AF0
:106D10007828F4DC00BF5A480068401C58490860D5
:106D200057480068B0F57A7FE8DB4D48C07F00F037
:106D3000FD004B49C8770846C07F40F00400C87783
:106D40004FF47A7012F00AFF01205449087079E07C
:106D50004FF4804144480FF001FD30B14FF4004141
:106D600041480FF0FBFC00286CD14D48007800280A
:106D700068D1642047490860474800685A3842494A
:106D8000086000203E49086025E006E0012012F07E
:106D9000E5FEE9F773FE00B917E03A4A12683A4B8C
:106DA0001B68D11A002901DB0A4600E04A420A2A80
:106DB000ECDC364A1268314B1B68D01A002801DB24
:106DC000024600E042420A2AE0DC00BF2C4800688C
:106DD000401C2B4908602A4800683228D5DB20482F
:106DE000C07F40F002001E49C87700202449086097
:106DF00011E006E0012012F0B1FEE9F73FFE00B914
:106E000003E02348008A7828F4DC00BF1C480068AF
:106E1000401C1B4908601A480068B0F57A7FE8DB1F
:106E20000F48C07F00F0FD000D49C8770846C07FBD
:106E300040F01000C8774FF47A7012F08FFE0120F6
:106E4000174908704FF4FA6012F088FE0448C07FBA
:106E500040F002000249C87700200949086033E089
:106E6000040000204805002000040240000C0240FD
:106E700049050020C4040020B8010020B00400200F
:106E80003C040020C0000020A4040020C400002016
:106E9000BE080020C0040020B40100204B050020E3
:106EA0004A05002006E0012012F058FEE9F7E6FD51
:106EB00000B903E0F948008A7828F4DC00BFF848FC
:106EC0000068401CF6490860F5480068B0F57A7F14
:106ED000E8DBF448C07F00F0FD00F249C877FA20F3
:106EE000F1490860F1480068F1490860FA20F14969
:106EF0000860F1480068F14908600020E84908602E
:106F000025E006E0012012F029FEE9F7B7FD00B9FF
:106F100017E0EB4A1268E64B1B68D11A002901DB27
:106F20000A4600E04A420A2AECDCE64A1268E34BD1
:106F30001B68D01A002801DB024600E042420A2A00
:106F4000E0DC00BFD6480068401CD5490860D44842
:106F500000683228D5DB10BD10B5DB480068012879
:106F600002D1FFF779FE05E0D8480068012801D179
:106F7000FFF7EBFCCB48C07F00F0DF00C949C877C2
:106F80000846C07F00F07F00C8770846C07F00F049
:106F9000F700C8770846C07F00F0BF00C8770846F2
:106FA000C07F00F0EF00C8770846C07F00F0FB000C
:106FB000C87710BD2DE9F04706460F4690461C469F
:106FC000354640F6B83A4FF00009B648C07F40F069
:106FD0008000B449C8774FF4FA5012F0BFFD00208A
:106FE000AF4908603DE02FE0012012F0B7FD09F144
:106FF0000109D14524DDA5EB0805B5F5DC7F01DAF3
:107000004FF4DC752846EDF733FD0BE0012012F05C
:10701000A5FDAF480068401CAD490860E9F72EFDAA
:1070200000B90BE0AB490968AB4A1268881A00281E
:1070300001DB014600E041420A29E7DC00BF0AE02B
:10704000E9F71CFD00B906E04FF40061A3480FF01A
:1070500085FB0128C8D000BF91480068401C9049BA
:1070600008608F48006840F226218842BBDB9620EA
:10707000904908609148076000208949086019E03C
:1070800006E0012012F06AFDE9F7F8FC00B90BE018
:107090008C490968894A1268881A002801DB014670
:1070A00000E041420529ECDC00BF7D480068401C3F
:1070B0007B4908607A48006840F226218842DFDB7D
:1070C0004FF4FA6012F04AFD042C06D17548C07FD7
:1070D00040F004007349C87707E0022C05D17148DD
:1070E000C07F40F040006F49C877BDE8F0872DE9C8
:1070F000FF4F81B0074688461C463D464FF4FA5084
:1071000000904FF00009002600BF6648C07F40F0A5
:1071100020006449C87741F2883012F01FFD00203A
:107120005F49086039E02BE0012012F017FD09F1FA
:107130000109009881451FDD03982D1AB5F5DC7F04
:1071400001DA4FF4DC752846EDF792FC06E00120E9
:1071500012F004FDE9F792FC00B90BE05D49096803
:107160005D4A1268881A002801DB014600E04142AE
:107170000829ECDC00BF0AE0E9F780FC00B906E072
:107180004FF4004156480FF0E9FA0128CCD000BF77
:1071900043480068401C424908604148006840F28A
:1071A00026218842BFDBA5203F4908604048C0F83F
:1071B000008000203A49086019E006E0012012F042
:1071C000CDFCE9F75BFC00B90BE03D490968384AA2
:1071D0001268881A002801DB014600E04142232999
:1071E000ECDC00BF2E480068401C2D4908602C488C
:1071F000006840F226218842DFDB3A48B0F90000FF
:10720000102875DD761C0020ECF731FA4FF4007081
:10721000EDF72EFC96202449086040F2E510244941
:1072200008602048C07F00F0DF001E49C8770020BA
:107230001B49086019E006E0012012F08FFCE9F715
:107240001DFC00B90BE01E490968194A1268881A2A
:10725000002801DB014600E041420529ECDC00BFCB
:107260000F480068401C0E4908600D48006832282D
:10727000E1DB40F6C41012F071FC0020ECF7F7F9E6
:10728000012E56D1B6EE001ADFED170A0A209FED47
:10729000170AECF718FBEBF720FA31E0BE080020E4
:1072A0003C04002004000020C0040020B4010020A1
:1072B000A4040020C4040020B8010020B004002071
:1072C000C0000020C40000207001002074010020D4
:1072D00060030020BC0000208C0400200004024059
:1072E000000C02408E00002000006144000061C4D8
:1072F00055E0052012F032FCE9F7C0FB00B917E0B9
:10730000E9F7F2FB8346E9F7C2FBB0F1000A01DBC3
:10731000504601E0CAF10000BBF1000F01DB594605
:1073200001E0CBF10001084440F226218842E0DB75
:107330002BE0B6EE001A5FED140A0A201FED160AC4
:10734000ECF7C1FAEBF7C9F906E0052012F006FCEC
:10735000E9F794FB00B917E0E9F7C6FB8346E9F7C4
:1073600096FBB0F1000A01DB504601E0CAF10000D3
:10737000BBF1000F01DB594601E0CBF100010844ED
:1073800040F252318842E0DB00BF0020ECF76FF999
:107390004FF4FA6012F0E2FB032E00DAB5E640F695
:1073A000C41012F0DBFB012C06D1FC48C07F40F07A
:1073B0000800FA49C87707E0032C05D1F748C07FD9
:1073C00040F01000F549C87705B0BDE8F08F10B562
:1073D000F3480068012872D10103F2480FF0BEF9AA
:1073E00030B14FF48061F0480FF0B8F900283DD17A
:1073F0009620EE4908604FF4CD70ED4908600020FA
:10740000EC49086019E006E0012012F0A7FBE9F75B
:1074100035FB00B90BE0E8490968E54A1268881AAB
:10742000002801DB014600E041420A29ECDC00BFF4
:10743000E0480068401CDF490860DE48006840F210
:1074400026218842DFDB042305224FF4A571D801F1
:10745000FFF7B0FD40F6B83012F080FBFA20D349B8
:107460000860D6480068D2490860E1E04FF48041E6
:10747000CC480FF073F930B14FF40041C9480FF018
:107480006DF90028F1D19620CD4908604FF4CD70F8
:10749000CC4908600020C74908601AE006E00120D6
:1074A00012F05CFBE9F7EAFA00B90CE0C64909689A
:1074B000C44A1268881A002802DB014601E022E073
:1074C00041420A29EBDC00BFBA480068401CB949B8
:1074D0000860B848006840F226218842DEDB0323BA
:1074E000052240F245114FF40070FFF700FE40F610
:1074F000B83012F033FBFA20B1490860B348006895
:10750000B049086094E0B24800680128ADD1810319
:10751000A5480FF023F928B14FF48061A1480FF07E
:107520001DF9D8BB9620A64908604FF4F070A54914
:10753000086000209F49086019E006E0012012F071
:107540000DFBE9F79BFA00B90BE09F4909689D4ADA
:107550001268881A002801DB014600E041420A292E
:10756000ECDC00BF93480068401C924908609148D9
:10757000006840F226218842DFDB01230522580201
:10758000FFF7B5FD40F6B83012F0E8FAFA208C4962
:1075900008608E4800688B49086049E0FFE74FF4B7
:1075A000005180480FF0DAF828B14FF400617E48AE
:1075B0000FF0D4F8E0BB96207C4908604FF4F070DF
:1075C0007B49086000207B49086019E006E0012043
:1075D00012F0C4FAE9F752FA00B90BE076490968EB
:1075E000734A1268881A002801DB014600E0414214
:1075F0000A29ECDC00BF6F480068401C6D49086038
:107600006C48006840F226218842DFDB0223052215
:107610004FF40C711802FFF7CDFC40F6B83012F0B1
:107620009DFAFA206149086068480068604908606E
:1076300000206049086025E006E0012012F08EFA83
:10764000E9F71CFA00B917E05F4A12685D4B1B6846
:10765000D11A002901DB0A4600E04A42142AECDC78
:10766000554A1268524B1B68D01A002801DB0246AB
:1076700000E04242142AE0DC00BF4E480068401C93
:107680004C4908604B4800683228D5DBF0204C4953
:1076900008604E4800684B490860FA20434908607A
:1076A00046480068424908603C48C07F00F0DF005F
:1076B0003A49C8770846C07F00F07F00C8770020AD
:1076C000374908604249086010BD10B53448006869
:1076D00001282FD13F48007801282BD16420384958
:1076E00008603A4800682D30364908602B48C07F52
:1076F00040F080002949C87700202E49086014E036
:1077000006E0012012F02AFAE9F7B8F900B906E01C
:107710004FF4006123480FF021F80128F1D000BF99
:1077200024480068401C2349086022480068322829
:10773000E6DBBAE02648006801284FD126480078E9
:1077400001284BD16420194908601C4800682D3875
:10775000174908601148C07F40F020000F49C877E2
:1077600000201449086014E006E0012012F0F6F948
:10777000E9F784F900B906E04FF400410A480EF039
:10778000EDFF0128F1D000BF0A480068401C0949FC
:107790000860084800683228E6DB86E00400002024
:1077A0007001002000040240000C0240C4040020CC
:1077B000B00400203C040020C4000020B8010020D8
:1077C000C0040020A4040020C0000020B401002058
:1077D000740100209F0200209C020020FE480068E7
:1077E00001282FD1FD48007801282BD16420FC49C5
:1077F0000860FC4800682D38FB490860FB48C07FE2
:1078000040F08000F949C8770020F949086014E089
:1078100006E0012012F0A2F9E9F730F900B906E01C
:107820004FF40061F3480EF099FF0128F1D000BF3A
:10783000EF480068401CEE490860ED4800683228B7
:10784000E6DB32E0EC48006801282ED1EB480078F6
:1078500001282AD16420EA490860EA4800682D30EE
:10786000E9490860E148C07F40F02000DF49C8775F
:107870000020DF49086014E006E0012012F06EF9F4
:10788000E9F7FCF800B906E04FF40041DF480EF0DC
:1078900065FF0128F1D000BFD5480068401CD449DD
:1078A0000860D34800683228E6DB10BD10B5CF4829
:1078B000C07F00F0DF00CD49C8770846C07F00F0E8
:1078C0007F00C8770020CA49086014E006E0012064
:1078D00012F044F9E9F7D2F800B906E04FF400617C
:1078E000C4480EF03BFF0028F1D000BFC04800683C
:1078F000401CBF490860BE4800683228E6DB002013
:10790000BB49086014E006E0012012F027F9E9F70E
:10791000B5F800B906E04FF40041BC480EF01EFF78
:107920000028F1D000BFB2480068401CB049086090
:10793000AF4800683228E6DBAC48C07F40F0020068
:10794000AA49C8770020AA49086011E006E0012092
:1079500012F004F9E9F792F800B903E0AC48008AA4
:107960007828F4DC00BFA2480068401CA0490860E9
:107970009F480068B0F5FA7FE8DB9C48C07F00F0C4
:10798000FD009A49C87740F2C620EDF783F84FF41E
:107990007A6012F0E3F810BD10B5FEF736FBFEF783
:1079A00089FB9248C07F40F002009049C8770020D0
:1079B0008F49086011E006E0012012F0CFF8E9F7E6
:1079C0005DF800B903E09248008A7828F4DC00BF33
:1079D00087480068401C8649086085480068B0F503
:1079E0007A7FE8DB8148C07F00F0FD007F49C877DF
:1079F0004FF4FA6012F0B2F8012086490860084698
:107A00000068012855D14FF4AF70EDF743F800201E
:107A10007749086019E006E0012012F09FF8E9F7C5
:107A20002DF800B90BE07C4909687C4A1268881A75
:107A3000002801DB014600E041423229ECDC00BFB6
:107A40006B480068401C6A490860694800689628CD
:107A5000E1DBFFF73AFE4FF47A7012F07FF86348EB
:107A6000C07F40F002006149C8770020604908608B
:107A700011E006E0012012F071F8E8F7FFFF00B90D
:107A800003E06348008A7828F4DC00BF58480068A7
:107A9000401C5749086056480068B0F57A7FE8DB1B
:107AA0005248C07F00F0FD005049C8770220594974
:107AB000086058480068022872D1FFF74DFA00208C
:107AC0004D490860444908604FF47A7012F046F856
:107AD000FEF79BFA4548C07F40F002004349C87753
:107AE00000204349086011E006E0012012F036F85A
:107AF000E8F7C4FF00B903E04548008A7828F4DCC1
:107B000000BF3B480068401C39490860384800689D
:107B1000B0F57A7FE8DB3548C07F00F0FD003349DF
:107B2000C877FEF7C7FA40213D480EF017FE18B996
:107B300004203849086033E0FFF7C7FD2B48C07FB9
:107B400040F002002949C87700202949086011E067
:107B500006E0012012F002F8E8F790FF00B903E018
:107B60002B48008A7828F4DC00BF21480068401CBC
:107B70001F4908601E4800686428E9DB1B48C07F75
:107B800000F0FD001949C877402125480EF0E6FDB8
:107B900018B904201F49086002E003201D4908604D
:107BA0001C480068032866D1FFF7D6F90020124967
:107BB0000860094908604FF47A7011F0CFFFFEF7B2
:107BC00024FA0A48C07F40F002000849C877002024
:107BD0000749086038E00000740100209D02002081
:107BE000C0040020B4010020A404002004000020F0
:107BF0003C04002000040240700100209E0200208E
:107C0000C4040020B8010020B0040020000C024091
:107C1000BE08002094020020BC0000208C0400203C
:107C20000008024006E0012011F098FFE8F726FF67
:107C300000B903E0FE48008A7828F4DC00BFFD4864
:107C40000068401CFB490860FA480068B0F57A7F7C
:107C5000E8DBF948C07F00F0FD00F749C877FEF780
:107C600029FA4FF47A7011F079FF0420F349086083
:107C70000020EBF7FCFCF1480068042835D1FFF741
:107C800015FEED48C07F40F00200EB49C8770020A8
:107C9000E849086011E006E0012011F05FFFE8F715
:107CA000EDFE00B903E0E248008A7828F4DC00BF6A
:107CB000E0480068401CDF490860DE480068B0F515
:107CC0007A7FE8DBDC48C07F00F0FD00DA49C87746
:107CD0004021DB480EF042FD012803D10720D7499F
:107CE000086002E00520D5490860D44800680728EC
:107CF0003FD10020D3490860D34908604FF4AF70EA
:107D0000ECF7C8FEFEF781F9FEF7D4F9FFF7DDFCCA
:107D1000C948C07F40F00200C749C8770020C54964
:107D2000086011E006E0012011F018FFE8F7A6FE58
:107D300000B903E0BE48008A7828F4DC00BFBD48E3
:107D40000068401CBB490860BA480068B0F57A7FFB
:107D5000E8DBB948C07F00F0FD00B749C877FFF7FE
:107D6000FBF80020EBF783FCFFF7A0FD0520B349EB
:107D70000860B2480068052874D1AF48C07F40F061
:107D80000200AD49C8770020AA49086011E006E06A
:107D9000012011F0E3FEE8F771FE00B903E0A4480A
:107DA000008AA028F4DC00BFA2480068401CA1495A
:107DB0000860A0480068B0F57A7FE8DB9E48C07F85
:107DC00000F0FD009C49C87700209A4908601BE03C
:107DD00006E0012011F0C2FEE8F750FE00B90DE008
:107DE0004FF4007199480EF0B9FC0028F1D04FF41F
:107DF000006196480EF0B2FC0028EAD000BF8D4822
:107E00000068401C8B4908608A48006840F22621BF
:107E10008842DDDB40F6C41011F0A0FE0020854949
:107E2000086011E006E0012011F098FEE8F726FE58
:107E300000B903E086480068B428F4DB00BF7D4841
:107E40000068401C7B4908607A48006840F226219F
:107E50008842E7DB4FF40070ECF70AFE002075491A
:107E600008601AE021E006E0012011F077FEE8F753
:107E700005FE00B90BE077490968774A1268881A4D
:107E8000002801DB014600E041420F29ECDC00BF85
:107E900068480068401C6749086066480068962882
:107EA000E1DBFEF7B2F8FEF705F910BD10B5FEF7FD
:107EB000ACF8FEF7FFF86048C07F40F002005E4972
:107EC000C87700205B49086011E006E0012011F04E
:107ED00045FEE8F7D3FD00B903E05548008A78284D
:107EE000F4DC00BF53480068401C52490860514808
:107EF0000068B0F57A7FE8DB4F48C07F00F0FD00F6
:107F00004D49C8774FF4FA6011F028FE01204B4923
:107F1000086008460068012855D14FF4AF70ECF7AF
:107F2000B9FD00204349086019E006E0012011F086
:107F300015FEE8F7A3FD00B90BE046490968464A7B
:107F40001268881A002801DB014600E0414232290C
:107F5000ECDC00BF37480068401C364908603548F3
:107F600000689628E1DBFFF7B0FB4FF47A7011F060
:107F7000F5FD3148C07F40F002002F49C87700204E
:107F80002C49086011E006E0012011F0E7FDE8F758
:107F900075FD00B903E02648008A7828F4DC00BFAC
:107FA00024480068401C2349086022480068B0F556
:107FB0007A7FE8DB2048C07F00F0FD001E49C877CB
:107FC00002201E4908601D480068022854D1FEF7AF
:107FD000C3FF00201B4908601B4908604FF47A70FA
:107FE00011F0BCFDFEF711F81348C07F40F002000D
:107FF0001149C87700200F49086011E006E0012010
:1080000011F0ACFDE8F73AFD00B903E00848008A3A
:108010007828F4DC00BF07480068401C0549086068
:1080200004480068B0F57A7FE8DB0348C07F15E0BC
:10803000BE0800203C040020040000209402002020
:10804000000802407001002074010020001002406E
:10805000A4000020BC0000208C04002000F0FD00E3
:10806000FE49C877FEF726F84021FD480EF076FB62
:1080700018B90520FB4908603FE04021F8480EF0A0
:108080006DFB012839D1FFF720FBF448C07F40F099
:108090000200F249C8770020F349086011E006E0C9
:1080A000012011F05BFDE8F7E9FC00B903E0EF48BF
:1080B000008A7828F4DC00BFEB480068401CEA49DD
:1080C0000860E94800686428E9DBE448C07F00F004
:1080D000FD00E249C8774021E1480EF03FFB18B9A6
:1080E0000520E049086008E04021DD480EF036FB3D
:1080F000012802D10320DB490860DA480068032820
:108100007AD1FEF729FF0020D9490860D9490860D3
:108110004FF47A7011F022FDFDF777FFCF48C07F52
:1081200040F00200CD49C8770020CF49086011E037
:1081300006E0012011F012FDE8F7A0FC00B903E011
:10814000CA48008A7828F4DC00BFC7480068401C91
:10815000C5490860C4480068B0F57A7FE8DBBF48CD
:10816000C07F00F0FD00BD49C877FDF7A3FF4021A7
:10817000BB480EF0F3FA18B90520BA4908603BE095
:108180004FF47A7011F0EAFCFFF79FFAB348C07F12
:1081900040F00200B149C8770020B349086011E0FF
:1081A00006E0012011F0DAFCE8F768FC00B903E012
:1081B000AE48008A7828F4DC00BFAB480068401C59
:1081C000A9490860A8480068B0F57A7FE8DBA348B1
:1081D000C07F00F0FD00A149C8774021A0480EF003
:1081E000BDFA18B905209F49086002E004209D49A6
:1081F00008600020EBF73BFA9A480068042866D133
:108200009648C07F40F002009449C8770020964904
:10821000086011E006E0012011F0A0FCE8F72EFC58
:1082200000B903E09148008A7828F4DC00BF8E484A
:108230000068401C8C4908608B480068B0F57A7F64
:10824000E8DB8648C07F00F0FD008449C877FEF770
:1082500083FE002086490860864908604FF47A70E2
:1082600011F07CFCFDF7D1FE7C48C07F40F002009D
:108270007A49C87700207C49086011E006E00120B7
:1082800011F06CFCE8F7FAFB00B903E07748008ACC
:108290007828F4DC00BF74480068401C724908600C
:1082A00071480068B0F57A7FE8DB6C48C07F00F069
:1082B000FD006A49C877FDF7FDFE4FF47A7011F0B2
:1082C0004DFC0520674908600020EBF7D0F96548B0
:1082D0000068052835D1FFF7E9FA6048C07F40F013
:1082E00002005E49C87700205F49086011E006E09F
:1082F000012011F033FCE8F7C1FB00B903E05B4853
:10830000008A7828F4DC00BF57480068401C5649B2
:10831000086055480068B0F57A7FE8DB4F48C07FB9
:1083200000F0FD004D49C87740214D480EF016FA87
:10833000012803D107204B49086002E00620494983
:10834000086048480068072830D100204849086084
:10835000484908604FF4AF70ECF79CFBFDF755FE01
:10836000FDF7A8FEFFF7B1F900203F49086011E0D2
:1083700006E0012011F0F2FBE8F780FB00B903E012
:108380003A48008A7828F4DC00BF37480068401C6F
:108390003549086034480068B0F57A7FE8DBFEF7BD
:1083A000DBFDFFF783FA06202E4908602D480068A0
:1083B00006287DD12948C07F40F002002749C877B0
:1083C00000202949086011E006E0012011F0C6FBF9
:1083D000E8F754FB00B903E02448008A8C28F4DC59
:1083E00000BF21480068401C1F4908601E48006803
:1083F000B0F57A7FE8DB1948C07F00F0FD0017492F
:10840000C8770020184908601BE006E0012011F041
:10841000A5FBE8F733FB00B90DE04FF400711648F7
:108420000EF09CF90028F1D04FF4006112480EF0D4
:1084300095F90028EAD000BF0B480068401C0A49A3
:1084400008600948006840F226218842DDDB40F6DA
:10845000C41011F083FB002003490FE0040000204A
:1084600000080240940200203C040020BE080020C6
:10847000700100207401002000100240086011E02B
:1084800006E0012011F06AFBE8F7F8FA00B903E012
:10849000F8480068DC28F4DB00BFF7480068401C9F
:1084A000F5490860F448006840F22621884200E05F
:1084B0002AE0E5DB4FF40070ECF7DAFA0020EE4931
:1084C000086019E006E0012011F048FBE8F7D6FA51
:1084D00000B90BE0E9490968E94A1268881A0028DE
:1084E00001DB014600E041420F29ECDC00BFE2481D
:1084F0000068401CE0490860DF4800689628E1DB1E
:10850000FDF783FDFDF7D6FD10BD10B5FDF77DFD30
:10851000FDF7D0FDDB48C07F40F00200D949C877A5
:108520000020D549086011E006E0012011F016FB9B
:10853000E8F7A4FA00B903E0D348008A7828F4DC0D
:1085400000BFCD480068401CCB490860CA4800689D
:10855000B0F57A7FE8DB4FF47A7011F0FFFAC94882
:10856000C07F00F0FD00C749C8770120C7490860F7
:1085700008460068012855D14FF4AF70ECF78AFA2D
:108580000020BD49086019E006E0012011F0E6FA7C
:10859000E8F774FA00B90BE0B8490968B84A1268FC
:1085A000881A002801DB014600E041423229ECDC58
:1085B00000BFB1480068401CAF490860AE48006881
:1085C0009628E1DBFFF781F84FF47A7011F0C6FAD4
:1085D000AC48C07F40F00200AA49C8770020A649F5
:1085E000086011E006E0012011F0B8FAE8F746FA59
:1085F00000B903E0A448008A7828F4DC00BF9E4854
:108600000068401C9C4908609B480068B0F57A7F70
:10861000E8DB9C48C07F00F0FD009A49C877022043
:108620009A49086099480068022838D1FEF794FCFE
:10863000002097490860974908604FF47A7011F05C
:108640008DFAFDF7E2FC8F48C07F40F002008D49B3
:10865000C87700208849086011E006E0012011F089
:108660007DFAE8F70BFA00B903E08748008A78281A
:10867000F4DC00BF80480068401C7F4908607E48E9
:108680000068B0F57A7FE8DB7E48C07F00F0FD002F
:108690007C49C877FDF70EFD03207C4908607B48C4
:1086A0000068032804D1FFF701F904207749086026
:1086B00076480068042878D17248C07F40F00200F4
:1086C0007049C87700206C49086011E006E001207D
:1086D00011F044FAE8F7D2F900B903E06A48008AD9
:1086E0007828F4DC00BF64480068401C62490860D8
:1086F00061480068B0F57A7FE8DB41F2707011F0F4
:108700002DFA6048C07F00F0FD005E49C877002068
:10871000594908601BE006E0012011F01FFAE8F754
:10872000ADF900B90DE04FF400715B480EF016F89A
:108730000028F1D04FF4006157480EF00FF80028E0
:10874000EAD000BF4C480068401C4B4908604A48CA
:10875000006840F20E618842DDDB40F6C41011F083
:10876000FDF900204449086011E006E0052011F001
:10877000F5F9E8F783F900B903E03E480068DC2822
:10878000F4DB00BF3C480068401C3B4908603A48A5
:10879000006840F226218842E7DB4FF40070ECF7D6
:1087A00067F90020344908601AE026E006E001205D
:1087B00011F0D4F9E8F762F900B90BE02F49096824
:1087C0002F4A1268881A002801DB014600E0414266
:1087D0000A29ECDC00BF28480068401C26490860D4
:1087E000254800689628E1DBFDF70FFCFDF762FCE9
:1087F000FEF76BFF06202549086010BD10B5FDF798
:1088000004FC962025490860254800682549086031
:1088100096202549086025480068254908602548B4
:108820000068012802D1FFF770FE13E021480068BC
:10883000022802D1FFF7B0F80CE01E4800680328B8
:1088400002D1FFF733FB05E01A480068042801D184
:10885000FFF72CFB0B48C07F00F0DF000949C87709
:108860000846C07F00F07F00C8770020EAF7FFFECF
:1088700010BD0000A40000203C040020BC0000202B
:108880008C04002004000020BE0800209402002078
:10889000700100207401002000100240C00400207C
:1088A000B4010020A4040020C4040020B80100206A
:1088B000B00400209802002010B5FDF7A6FB96201A
:1088C000FA490860FA480068FA4908609620FA49AF
:1088D0000860FA480068FA490860FA480068012808
:1088E00002D1FFF712FE13E0F6480068022802D119
:1088F000FFF752F80CE0F3480068032802D1FFF7B5
:10890000D5FA05E0EF480068042801D1FFF7CEFA58
:1089100010BD0EB5B6EE001ADFEDEB0A06209FED96
:10892000EB0AEAF7D0FF40F2DC5011F017F9FDF73F
:10893000C1FB0020E649086019E006E0012011F0C3
:108940000DF9E8F79BF800B90BE0E2490968E24A43
:108950001268881A002801DB014600E0414205291F
:10896000ECDC00BFDA480068401CD9490860D848F0
:1089700000689628E1DB0020D54908601FE014E07C
:108980000A206FF0C7010122B223CDE90021029035
:108990004FF4617211460620F0F75CFB012011F0E4
:1089A000DDF8E8F76BF800B903E0CC4800682F2841
:1089B000E6DC00BFC6480068401CC5490860C448E2
:1089C000006840F226218842D9DB0020EAF74FFEFA
:1089D0004FF47A71B020EDF7B4FA0020EAF747FEC1
:1089E0000EBD70B504460D460020B949086011E07F
:1089F00006E00A2011F0B2F8E8F740F800B903E009
:108A0000B6480068A042F4DB00BFB1480068401CD3
:108A1000AF490860AE480068A842E9DB70BD10B5F8
:108A2000AF48C07F40F00200AD49C8770020A84998
:108A3000086011E006E0012011F090F8E8F71EF858
:108A400000B903E0A7480068DC28F4DC00BFA048B8
:108A50000068401C9E4908609D480068B0F57A7F18
:108A6000E8DB9F48C07F00F0FD009D49C8770846BD
:108A700090F8230040F0010081F8230041F270706B
:108A800011F06CF89648C07F40F002009449C87716
:108A900000208F49086011E006E0012011F05EF827
:108AA000E7F7ECFF00B903E08E480068DC28F4DB50
:108AB00000BF87480068401C8549086084480068FA
:108AC000B0F57A7FE8DB42F6F82011F047F88448E9
:108AD000C07F00F0FD008249C8770120824908600C
:108AE00008460068012815D1FA20704908607048CE
:108AF000006870490860FA206F4908606F48006894
:108B00006F4908604FF47A717A20FFF76AFF0220FC
:108B10007549086010BD10B5802174480DF01EFE27
:108B2000012802D1FEF753FC3CE01E2304226421FD
:108B30006F4800680A30F7F740FD0020EAF797FD1C
:108B400044F6206011F00AF86548C07F40F002004A
:108B50006349C87706E0012011F000F8E7F78EFFBF
:108B600000B904E063480068B0F5877FF3DC00BF1C
:108B70005B48C07F00F0FD005949C8774FF47A7117
:108B8000B120EDF7DEF90020EAF771FD1E23042283
:108B9000642159480068F7F710FD0020EAF767FDE7
:108BA000FEF715FC0020EAF762FD10BD2DE9F04745
:108BB00005460C461E264948D0F800904F48D0F88C
:108BC00000A0A9EB0400002801DB014600E04142BF
:108BD0000F46AAEB0500002801DB014600E04142F8
:108BE0008846B7420BDDB04509DD0020EAF73FFDBE
:108BF0003B48C07F40F002003949C87714E0474540
:108C000009DC1423042264212046F7F7D6FC002057
:108C1000EAF72DFD08E01423042264212846F7F723
:108C20007DFC0020EAF723FDBDE8F0872DE9F04741
:108C300005460C461E262948D0F800902F48D0F84B
:108C400000A0A9EB0400002801DB014600E041423E
:108C50000F46AAEB0500002801DB014600E0414277
:108C60008846B7420BDDB04509DD0020EAF7FFFC7E
:108C70001B48C07F40F002001949C87714E04745FF
:108C800009DC1123042264212046F7F7E5FC0020CB
:108C9000EAF7EDFC08E00F23042264212846F7F7E9
:108CA0003DFC0020EAF7E3FCBDE8F087C0040020AB
:108CB000B4010020A4040020C4040020B801002056
:108CC000B004002098020020000061440000E1444C
:108CD0003C040020B0000020980400209C000020EC
:108CE00004000020A8000020E0000020000802404E
:108CF00024020020A4000020200200209800002070
:108D000070B5FDF782F9F748007810B9F648007899
:108D100008B3F64B1868F64C2468F64D2D686319B5
:108D200003EBD3746110F34C2468F34D2D68631981
:108D300003EBD3746210884203DA0123EF4C2370F3
:108D400008E0904203DA0223EC4C237002E0032394
:108D5000EA4C237027E0EA48007810B9E948007827
:108D600008B3E24B1868E84C2468E84D2D68631995
:108D700003EBD3746210E54C2468E54D2D6863194C
:108D800003EBD3746110904203DA0123DB4C2370B0
:108D900008E0884203DA0223D84C237002E0032360
:108DA000D64C237000BF70BD10B500219FEDD90ACD
:108DB00040F27A30EAF718FD06E0012010F0CEFE0E
:108DC000E7F75CFE00B903E0EAF72AFB0028F4D1DC
:108DD00000BF0020EAF74BFCFDF717F9FDF76AF931
:108DE000FFF78EFFBF48007810B9BF480078C0B3C6
:108DF000C248007801280ED1C7480168BC48006805
:108E0000FFF7D4FE0020EAF732FC4FF47A71B1206C
:108E1000EDF797F864E0B948007802280ED1BF4812
:108E20000168B4480068FFF7C1FE0020EAF71FFCA4
:108E30004FF47A71B120EDF784F851E0AF48007833
:108E400003284DD1B6480168AB480068FFF7AEFE75
:108E50000020EAF70CFC4FF47A71B120EDF771F8BD
:108E60003EE0FFE7A648007810B9A648007820B396
:108E7000A248007801280ED1AA480168A2480068DB
:108E8000FFF794FE0020EAF7F2FB4FF47A71C0205E
:108E9000EDF757F824E09948007802280ED1A2484F
:108EA00001689A480068FFF781FE0020EAF7DFFBBF
:108EB0004FF47A71B120EDF744F811E08F48007853
:108EC00003280DD19948016891480068FFF76EFEAC
:108ED0000020EAF7CCFB4FF47A71B120EDF731F8BE
:108EE0000020EAF7C4FB4FF40070EBF7C1FD00204F
:108EF0008F49086019E006E0012010F02FFEE7F727
:108F0000BDFD00B90BE08B4909688B4A1268881ACD
:108F1000002801DB014600E041420A29ECDC00BFE9
:108F200083480068401C8249086081480068FA282C
:108F3000E1DBFEF74CFA10BD70B5E9F716F9C8226F
:108F40007E49A320F7F761FEFFF769FD7C480068C2
:108F5000022801D1FCF7D4FF7A480068012805D126
:108F60002320FDF7FDF90220764908607548006866
:108F7000022809D174480068012805D1FFF73EFC9A
:108F800003207049086065E06E480068022861D1DE
:108F90006D48006802285DD100219FED5E0A40F215
:108FA0007A30EAF721FC06E0012010F0D7FDE7F760
:108FB00065FD00B903E0EAF733FA0028F4D100BFF9
:108FC0000020EAF754FB4FF47A71B120ECF7B9FFB7
:108FD0000020EAF74CFB5148016846480068FFF75B
:108FE000E5FD0020EAF743FBFFF795FD0020EAF7D7
:108FF0003EFB40F2C620EBF73BFDB6EE001A5FEDFC
:10900000CE0A14201FEDCF0AEAF75DFCE9F765FBF5
:1090100006E0012010F0A2FDE7F730FD00B912E0F4
:10902000E7F762FD0546E7F732FD041E01DB204647
:1090300000E06042002D01DB294600E0694208445F
:10904000B0F57A6FE5DB00BF0020EAF710FB0320E4
:109050003C4908600020EAF70AFB3A480068032808
:1090600009D139480068012805D1FFF79DFE042089
:109070003449086014E033480068032810D13248AE
:10908000006802280CD1FFF717FCFCF7BEFF2F4841
:109090000068002801DDFFF787FE042029490860E9
:1090A0000020EAF7E4FA27480068042815D1FCF705
:1090B000ACFF2648006800280CDD40F2C620EBF724
:1090C000D7FC14230422642113480068F7F775FACB
:1090D000FFF71BFA05201B4908600020EAF7C7FAD2
:1090E00070BD00009C0200209F020020980000201C
:1090F00004020020080200200C020020A002002030
:109100009D0200209E020020100200201402002078
:1091100018020020CDCC4C3E1C0200202002002072
:1091200024020020280200202C020020300200200F
:109130003C040020BC0000208C0400205CF9FFFFF0
:10914000E00000207C020020400300209802002064
:1091500010B54FF48061FA480DF000FB28B14FF4D0
:109160008041F8480DF0FAFA18B90120F649086074
:1091700002E00020F44908604FF40061F1480DF06E
:10918000EDFA28B14FF40051ED480DF0E7FA18B9A7
:109190000120EE49086002E00020EC4908604FF42D
:1091A0000041E7480DF0DAFA28B14FF48041E44875
:1091B0000DF0D4FA18B90120E549086002E000205A
:1091C000E34908604FF48061DE480DF0C7FA28B12A
:1091D0004FF48051DA480DF0C1FA18B90120DD4989
:1091E000086002E00020DB49086010BD70B5FFF7A1
:1091F000AFFFFCF785FED8480068012805D1232081
:10920000FDF7AEF80220D4490860D3480068022870
:1092100009D1D2480068012805D1FFF7EFFA0320F1
:10922000CD49086065E0CC480068022861D1CB4890
:10923000006802285DD100211FED4A0A40F27A3011
:10924000EAF7D2FA06E0012010F088FCE7F716FCF6
:1092500000B903E0EAF7E4F80028F4D100BF0020E9
:10926000EAF705FA4FF47A71B120ECF76AFE0020B4
:10927000EAF7FDF9BA480168BA480068FFF796FCBA
:109280000020EAF7F4F9FFF746FC0020EAF7EFF9CF
:1092900040F2C620EBF7ECFBB6EE001ADFEDB20AA7
:1092A00014209FEDB20AEAF70EFBE9F716FA06E082
:1092B000012010F053FCE7F7E1FB00B912E0E7F7FB
:1092C00013FC0546E7F7E3FB041E01DB204600E044
:1092D0006042002D01DB294600E069420844B0F5F8
:1092E0007A6FE5DB00BF0020EAF7C1F903209A4955
:1092F00008600020EAF7BBF997480068032809D105
:1093000096480068012805D1FFF74EFD04209249D8
:10931000086014E090480068032810D18F48006866
:1093200002280CD1FFF7C8FAFCF76FFE90480068DE
:10933000002801DDFFF738FD042087490860002080
:10934000EAF795F984480068042816D1FCF75DFE19
:109350008748006800280DDD40F2C620EBF788FB47
:10936000142304224FF47A7182480068F7F725F934
:10937000FFF7CBF80520784908600020EAF777F975
:1093800070BD7D48006801280DD17C48007818B177
:1093900001207B4908601BE07A480078C0B10220B8
:1093A0007749086014E07448006802280DD17648B7
:1093B000007818B103207249086009E0734800780A
:1093C00030B104206E49086002E000206C4908605A
:1093D0007047FEB50446FCF718FEFCF74FFFFFF799
:1093E000D0FF67480068012803D06548006804285A
:1093F00001D1012000E000200546614800680228F4
:1094000003D05F480068032801D1012000E000205C
:109410000646B7EE081ADFED5E0A2D209FED5C0AC6
:10942000EAF751FA00205B49086011E006E00120EC
:1094300010F094FBE7F722FB00B903E05648006800
:10944000F028F4DB00BF53480068401C5149086015
:109450005048006840F226218842E7DBB7EE081A40
:10946000DFED410A1E209FED4D0AEAF72CFA06E0D7
:10947000012010F073FBE7F701FB00B904E0484856
:109480000068B0F5577FF3DB00BF0020414908605A
:109490001FE014E00A206FF0950103222346CDE976
:1094A000002102904FF4617200211420EFF7C8FEF2
:1094B000052010F053FBE7F7E1FA00B903E0394863
:1094C0000068FA28E6DC00BF32480068401C3149D9
:1094D00008603048006840F226218842D9DB6DB32D
:1094E00000202C49086022E017E00A206FF0770185
:1094F00001222346CDE9002102904FF46172002140
:10950000EFF79EFE4FF4FA70EBF7BBFA012010F074
:1095100025FBE7F7B3FA00B903E022480068B92851
:10952000E3DC00BF1B480068401C1A49086019486A
:10953000006840F226218842D6DB63E034E0000078
:1095400000040240000C02406C0200207002002067
:1095500074020020680200207C02002040030020EA
:109560002002002008020020000061440000E144C5
:10957000980200201C020020440500209C020020CC
:10958000C40100209D0200209E0200209F020020B6
:10959000000000003C040020980000200000C842A9
:1095A000F0030020A000002066B30020F849086006
:1095B00022E017E00A206FF0770101222346CDE96F
:1095C000002102904FF461720021EFF739FE4FF451
:1095D000FA70EBF756FA012010F0C0FAE7F74EFAEE
:1095E00000B903E0EB480068C628E3DC00BFE848A8
:1095F0000068401CE6490860E548006840F2262102
:109600008842D6DB0020EAF732F8FEBDFEB50446FC
:10961000FCF7FBFCFCF732FEFFF7B3FEDE48006808
:10962000012803D0DC480068042801D1012000E0B3
:1096300000200546D8480068022803D0D6480068B4
:10964000032801D1012000E000200646B7EE081AE9
:109650005FED310A2D20B2EE040AEAF734F900205A
:10966000CB49086011E006E0012010F077FAE7F737
:1096700005FA00B903E0C9480068D228F4DB00BF4E
:10968000C3480068401CC2490860C148006840F2F5
:1096900026218842E7DBB7EE081A5FED430A1E2059
:1096A0009FEDBF0AEAF70FF942F2107010F056FA78
:1096B000B7EE081A5FED540A19201FED480AEAF7C1
:1096C00002F906E0012010F049FAE7F7D7F900B9EE
:1096D00004E0B4480068B0F5577FF3DB00BF00201A
:1096E000AB4908601FE014E00A206FF0F901032283
:1096F0002346CDE9002102904FF46172002114202D
:10970000EFF79EFD052010F029FAE7F7B7F900B949
:1097100003E0A0480068FA28E6DC00BF9C48006827
:10972000401C9B4908609A48006840F22621884204
:10973000D9DB00209649086022E017E00A206FF08C
:10974000950101222346CDE9002102904FF4617278
:109750000021EFF775FD4FF4FA70EBF792F9012055
:1097600010F0FCF9E7F78AF900B903E089480068CE
:10977000B928E3DC00BF86480068401C84490860C3
:109780008348006840F226218842D6DB0020E9F7B2
:109790006EFFFEBDFEB50446FCF737FCFCF76EFD20
:1097A000FFF7EFFD7C480068012803D07A48006885
:1097B000042801D1012000E0002005467648006819
:1097C000022803D074480068032801D1012000E07A
:1097D00000200646B7EE081A5FED930A2D20B2EE80
:1097E000040AEAF770F800206949086011E006E011
:1097F000012010F0B3F9E7F741F900B903E0674839
:109800000068D228F4DB00BF61480068401C604952
:1098100008605F48006840F226218842E7DBB7EE27
:10982000081A5FEDA50A1E209FED5D0AEAF74BF8C6
:1098300044F2682010F092F9B7EE081A5FEDB60A0C
:1098400019201FEDAA0AEAF73EF806E0012010F001
:1098500085F9E7F713F900B904E052480068B0F55C
:10986000577FF3DB00BF0020494908601FE014E088
:109870000A206FF0F90103222346CDE9002102906E
:109880004FF4617200211420EFF7DAFC052010F08C
:1098900065F9E7F7F3F800B903E03E480068FA28F5
:1098A000E6DC00BF3A480068401C39490860384887
:1098B000006840F226218842D9DB00203449086044
:1098C00022E017E00A206FF0950101222346CDE93E
:1098D000002102904FF461720021EFF7B1FC4FF4C8
:1098E000FA70EBF7CEF8012010F038F9E7F7C6F878
:1098F00000B903E027480068B928E3DC00BF24482A
:109900000068401C224908602148006840F2262176
:109910008842D6DB0020E9F7AAFEFEBD2DE9F04122
:10992000FCF773FBFCF7AAFCFFF72BFDEBF79AF8AB
:1099300040F24F101C4908601C4908601648006836
:10994000012803D014480068042801D1012000E058
:109950000020054610480068022803D00E48006821
:10996000032801D1012000E00020064610480068CD
:10997000032803DD0E480068C01E01E00C480068A3
:109980000446012C16D1ADB13220FFF722FD36E09E
:109990003C040020A0000020C4010020980000200A
:1099A00000004844F0030020800400208C040020C4
:1099B00020030020012C04D11EB10520FFF709FD72
:1099C0001DE0022C04D11DB16A20FFF71FFE16E036
:1099D000022C04D11EB13B20FFF718FE0FE0032C30
:1099E00004D11DB19C20FFF7D5FE08E0032C04D163
:1099F0001EB17320FFF7CEFE01E0BDE8F081FE4806
:109A0000006803283FDCFFF7CFF9B6EE001ADFED60
:109A1000FB0A14209FEDFA0AE9F755FFE8F75DFE0F
:109A200006E0012010F09AF8E7F728F800B914E0F2
:109A3000E7F75AF88046E7F72AF8071E01DB3846B1
:109A400000E07842B8F1000F01DB414601E0C8F1C7
:109A500000010844B0F57A6FE3DB00BF0020E9F7AE
:109A600006FE40F2C620EBF703F80020E9F7FFFD01
:109A7000FEF7C4FEFCF7C9FAE2480068002814DDCE
:109A8000FFF792F911E0DC48006804280DDB40F292
:109A9000C620EAF7EDFFFEF7B1FEFCF7B6FAD948AB
:109AA0000068002801DDFFF77FF900BFA5E72DE979
:109AB000F04104460D460020D34908603DE02CE00B
:109AC000D2480068071B232205213846EEF7CBFB5E
:109AD0000646CE480068001B002809DDB6EE001AD5
:109AE000DFEDCB0A30469FEDC60AE9F7ECFE10E049
:109AF000C6480068001B09D5B6EE001ADFEDC40A9F
:109B000030469FEDC30AE9F7DEFE02E00020E9F7E8
:109B1000AEFDE6F7B3FF00B909E0BC490968081BD0
:109B2000002801DB014600E041420129C8DC00BFFA
:109B3000B5480068401CB4490860B3480068A842B2
:109B4000BDDBBDE8F0812DE9F04704460D46164621
:109B50001F460020AC4908603EE02DE0AD4800689B
:109B6000A0EB04083A4631464046EEF77CFB8146BE
:109B7000A8480068001B002809DDB6EE001ADFEDDA
:109B8000A40A48469FED9D0AE9F79DFE10E0A14812
:109B90000068001B09D5B6EE001ADFED9D0A4846A5
:109BA0009FED9D0AE9F78FFE02E00020E9F75FFDD7
:109BB000E6F764FF00B909E096490968081B002828
:109BC00001DB014600E041420129C7DC00BF8E48AD
:109BD0000068401C8C4908608B480068A842BCDBC8
:109BE000BDE8F08710B58D480068012806D1232311
:109BF0000422C821CD20FFF7A6FF2DE0874800688A
:109C0000022806D123230422C821FD20FFF79BFF51
:109C100022E082480068032807D123230422C821B8
:109C200040F22B10FFF78FFF16E07C4800680428F5
:109C300007D07A480068052803D0784800680628CD
:109C40000AD14FF47A711820FFF731FF2323042241
:109C5000C821C320FFF777FF0020E9F708FD6F4810
:109C60000068012807D06D480068022803D06B48BF
:109C70000068032876D14FF4FF70EAF70BFF4FF42A
:109C80007A710820FFF713FF0020E9F7F0FC644821
:109C90000068002868D163480068002864D19620D5
:109CA000614908604FF4C870604908600020564957
:109CB000086019E006E001200FF050FFE6F7DEFE35
:109CC00000B90BE05A490968584A1268881A0028F6
:109CD00001DB014600E041420F29ECDC00BF4A48AD
:109CE0000068401C484908604748006840F2262147
:109CF0008842DFDB042305224FF4A5714FF4FF7087
:109D0000FDF758F94FF4FA600FF028FFFA204649A2
:109D10000860484800684549086000203A490860E2
:109D200019E006E001200FF019FFE6F7A7FE00B9E1
:109D30000BE03F4909683D4A1268881A002801DB98
:109D4000014600E041420F29ECDC00BF2E480068CC
:109D5000401C2D4908602C48006840F226218842AA
:109D6000DFDBE5E091E0FFE72D4800680128F8D14E
:109D70002C4800680028F4D196202F4908604FF441
:109D8000EB702E49086000201F49086019E006E0CA
:109D900001200FF0E3FEE6F771FE00B90BE0284961
:109DA0000968264A1268881A002801DB014600E08B
:109DB00041420F29ECDC00BF13480068401C1249E7
:109DC00008601148006840F226218842DFDB012349
:109DD00005224FF4FF70FDF78AF94FF4FA600FF097
:109DE000BDFEFA201449086016480068134908604F
:109DF00000200549086041E0200300200000614484
:109E00000000E144980200203C040020980000205B
:109E100000000000A4000020000061C42C0300200A
:109E2000680200206C020020C4040020B00400205E
:109E3000C4000020B8010020C0040020A4040020B9
:109E4000C0000020B401002006E001200FF086FED3
:109E5000E6F714FE00B90BE0FE490968FE4A1268F5
:109E6000881A002801DB014600E041421429ECDC9D
:109E700000BFFA480068401CF8490860F7480068CD
:109E800040F226218842DFDB52E0F54800680428D2
:109E900007D0F3480068052803D0F1480068062879
:109EA00046D1FCF7B2F8FCF705F94FF47A711E20A1
:109EB000FFF7FDFD23230422C821C320FFF743FE43
:109EC0000020E9F7D4FB00219FEDE60AE648E9F718
:109ED0008BFC06E001200FF041FEE6F7CFFD00B954
:109EE00003E0E9F79DFA0028F4D100BF0020E9F76C
:109EF000BEFB40F2C620EAF7BBFD0020E9F7B7FB46
:109F0000FEF77CFC0020E9F7B2FB00219FEDD70AA9
:109F10000A20E9F769FC06E001200FF01FFEE6F7D2
:109F2000ADFD00B903E0E9F77BFA0028F4D100BFEA
:109F30000020E9F79CFBC820CD490860CD480068A7
:109F4000CD4908600020E9F792FB10BD0146081ECC
:109F500001DB024600E0424200EE102AF8EEC01A91
:109F60009FEDC61AB2EE002AF0EE410A42EE210A37
:109F7000BDEEE01A11EE100A704770B5C0480068D7
:109F8000FFF7E4FF0446BE4800685E2821DA0C2192
:109F90004FF46170E9F78DFCE8F79FFB06E00520C0
:109FA0000FF0DCFDE6F76AFD00B911E0E6F79CFD75
:109FB0000646E6F76CFD051E01DB284600E0684218
:109FC000002E01DB314600E071420844A042E6DB8E
:109FD00028E0AB480068652821DD0C21A2480A383A
:109FE000E9F767FCE8F779FB06E005200FF0B6FD1E
:109FF000E6F744FD00B911E0E6F7CAFD0646E6F7CC
:10A000009DFD051E01DB284600E06842002E01DBB5
:10A01000314600E071420844A042E6DB02E0002045
:10A02000E9F725FB70BD2DE9F0412DED068B0027EA
:10A03000FFF78EF84FF4C870EAF72CFD91480068DE
:10A0400070B99148006858B99048C07F40F004004A
:10A050008E49C877FA208E490860B4208D4908607F
:10A06000B6EE001A5FED960A32201FED9B0AE9F763
:10A070002AFCE8F732FB06E005200FF06FFDE6F75B
:10A08000FDFC00B913E0E6F72FFD0646E6F7FFFCFE
:10A09000051E01DB284600E06842002E01DB314648
:10A0A00000E07142084445F2F0518842E4DB00BF11
:10A0B0003220E9F7DCFA7548C07F40F002007349AE
:10A0C000C87700206549086006E0FFF756FF63483F
:10A0D0000068401C614908606048006841F28831AE
:10A0E0008842F2DB6948C07F00F0FD006749C8770D
:10A0F000B6EE001A5FEDBA0A1E201FEDBF0AE9F79F
:10A10000E2FB00205549086011E006E001200FF055
:10A1100025FDE6F7B3FC00B903E05F48006864285A
:10A12000F4DC00BF4D480068401C4C4908604B48B7
:10A13000006840F226218842E7DB5448C07F40F0A7
:10A1400002005249C87700204449086006E0FFF742
:10A1500014FF42480068401C404908603F480068BE
:10A1600041F288318842F2DB4848C07F00F0FD00B0
:10A170004649C877B6EE001A5FEDDB0A19201FEDDD
:10A18000E00AE9F7A0FB00203449086011E006E08E
:10A1900001200FF0E3FCE6F771FC00B903E03E4854
:10A1A00000683728F4DC00BF2C480068401C2B49AD
:10A1B00008602A48006840F226218842E7DBB6EEB4
:10A1C000001A5FEDED0A12201FEDF30AE9F77BFBA1
:10A1D00000202249086011E006E001200FF0BEFCDB
:10A1E000E6F74CFC00B903E02B4800681928F4DCC2
:10A1F00000BF1A480068401C1849086017480068EA
:10A2000040F226218842E7DBB6EE001ADFED230A92
:10A210000A209FED230AE9F756FB00200F4908604A
:10A2200011E006E001200FF099FCE6F727FC00B9E9
:10A2300003E0194800680628F4DC00BF07480068FE
:10A24000401C064908600548006840F22621884203
:10A25000E7DB27E0C0000020A40400203C0400202D
:10A260002C0300209A99993F86FCFFFF6666663FA3
:10A27000BC04002080010020980400200000484217
:10A2800024030020680200206C020020040000204B
:10A29000C4040020B004002098000020000000004A
:10A2A0000000E1440020E9F7E2F9FE4800680028D8
:10A2B0007ED1FD4800680028FAD1EFF7D0FAEFF719
:10A2C000CEFAFA20F9490860F94800680E30F949D9
:10A2D00008600020F849086019E006E001200FF04E
:10A2E0003DFCE6F7CBFB00B90BE0F4490968F14A05
:10A2F0001268881A002801DB014600E04142142957
:10A30000ECDC00BFEC480068401CEB490860EA4800
:10A31000006840F226218842DFDB4FF47A700FF0AC
:10A320001DFCE748C07F00F0FB00E549C87740F21C
:10A33000DC500FF013FC4FF4E670EAF799FB0020B5
:10A34000E9F795F9B6EE001A5FED2C0A12201FED21
:10A350002D0AE9F7B8FAE8F7C0F906E001200FF096
:10A36000FDFBE6F78BFB00B913E0E6F7BDFB064605
:10A37000E6F78DFB051E01DB284600E06842002E53
:10A3800001DB314600E07142084440F6C4118842C6
:10A39000E4DB00BF0020E9F76AF9FA20C34908604E
:10A3A000C8480068C34908600020C349086033E01A
:10A3B00036E006E001200FF0D1FBE6F75FFB00B9C5
:10A3C00024E0C0490968BA4A1268881A10F0CFF927
:10A3D00041EC1A0B9FEDBC0B53EC102B10F058F90D
:10A3E00041EC180BB5480068B2490968451A002DC0
:10A3F00001DB294600E06942084610F0B8F941EC5B
:10A40000190B53EC182B10F0F5F9D3D300BFAA4861
:10A410000068401CA8490860A74800683228C8DBCB
:10A420000020E9F724F9FFF7DDFB0020E9F71FF929
:10A43000002478E2A248C07F00F07F00A049C877DE
:10A44000282305224FF4FA71A220FFF77CFB4FF47A
:10A450007A71D220FFF72BFB0020E9F708F90021E1
:10A460009FED9B0AAA20E9F7BFF906E001200FF053
:10A4700075FBE6F703FB00B903E0E8F7D1FF00281E
:10A48000F4D100BF0020E9F7F2F8EAF7D9FA40F278
:10A49000C6209049086040F28A208F490860062152
:10A4A0000420E8F78FF800208C4908608C49086088
:10A4B0008C4908608C4908607F49086011E006E01B
:10A4C00001200FF04BFBE6F7D9FA00B903E087480B
:10A4D00000680028F4D000BF77480068401C764927
:10A4E000086075480068B0F5AF7FE8DB0F20804951
:10A4F00008608049086040F28A2076490860764901
:10A50000086041F27C500FF029FB0020E9F7AFF81A
:10A510000A20774908607749086040F28A206D492F
:10A52000086040F2C6206C49086041F27C500FF090
:10A5300015FB0020E9F79BF800205F49086011E057
:10A5400006E001200FF00AFBE6F798FA00B903E0F5
:10A55000694800680028F4D000BF57480068401CD4
:10A560005549086054480068B0F5AF7FE8DB00212A
:10A570009FED620A0A20E9F737F906E001200FF0A3
:10A58000EDFAE6F77BFA00B903E0E8F749FF0028A7
:10A59000F4D100BF0020E9F76AF84FF4C870EAF779
:10A5A00079FA0020E9F763F84548C07F40F00400DD
:10A5B0004349C877FA203D490860B4203D49086006
:10A5C0003F48C07F40F002003D49C87700203A492B
:10A5D000086011E006E001200FF0C0FAE6F74EFA3D
:10A5E00000B903E03D4800680028F4D000BF3248BD
:10A5F0000068401C304908602F480068B0F5AF7F04
:10A60000E8DB2F48C07F00F0FD002D49C87700200F
:10A610002949086012E006E001200FF09FFAE6F7F2
:10A620002DFA00B904E036480068B0F5AF7FF3DCDE
:10A6300000BF21480068401C1F4908601E48006890
:10A64000B0F5AF7FE7DB41F658300FF087FAB6EE92
:10A65000001A5FEDEE0A0A201FEDEF0AE9F733F961
:10A6600040F6B8300FF07AFA1548C07F40F002008B
:10A670001349C87700201049086006E0FFF77DFC09
:10A680000D480068401C0C4908600B48006841F206
:10A6900088318842F2DB0A48C07F00F0FD0008499B
:10A6A000C8772FE0680200206C020020C40400205C
:10A6B000A8040020B00400203C040020C4000020B6
:10A6C00004000020B8010020CDCCCCCCCCCCFC3F89
:10A6D000CDCC4C3E800400208C0400203C030020A4
:10A6E00024030020280300202C0300203003002036
:10A6F000B4040020B8040020340300209A99993E45
:10A70000A00000200020E8F7B2FFB6EE001ADFED4F
:10A71000F80A14209FEDF70AE9F7D5F80020F6496A
:10A72000086011E006E001200FF018FAE6F7A6F93C
:10A7300000B903E0F14800681E28F4DC00BFEE48D1
:10A740000068401CEC490860EB48006840F2262194
:10A750008842E7DBB6EE001ADFEDE50A0A209FED3E
:10A76000E50AE9F7B0F80020E349086011E006E0E7
:10A7700001200FF0F3F9E6F781F900B903E0DF48B3
:10A7800000680628F4DC00BFDB480068401CDA499A
:10A790000860D948006840F226218842E7DB0020A3
:10A7A000E8F765FFEFF75BF8EFF759F84FF47A70C9
:10A7B0000FF0D4F9FA20D2490860D24800680D3071
:10A7C000D14908600020CC49086019E006E001206A
:10A7D0000FF0C4F9E6F752F900B90BE0CB4909686C
:10A7E000C94A1268881A002801DB014600E041428C
:10A7F0001429ECDC00BFC0480068401CBE4908605A
:10A80000BD48006840F226218842DFDB4FF47A70B1
:10A810000FF0A4F9BE48C07F00F0FB00BC49C87728
:10A8200040F2DC500FF09AF94FF4E670EAF720F9A5
:10A830000020E8F71CFFB6EE001ADFEDAD0A12208B
:10A840009FEDAB0AE9F73FF8E7F747FF06E0052081
:10A850000FF084F9E6F712F900B913E0E6F744F9CE
:10A860000646E6F714F9051E01DB284600E06842BB
:10A87000002E01DB314600E07142084440F6B83159
:10A880008842E4DB00BF0020E8F7F1FEFA209C4993
:10A890000860A04800689C4908600020964908604C
:10A8A00032E006E001200FF059F9E6F7E7F800B9C9
:10A8B00024E098490968934A1268881A0FF057FFF4
:10A8C00041EC1A0B1FED800B53EC102B0FF0E0FE48
:10A8D00041EC180B8D4800688B490968451A002D1A
:10A8E00001DB294600E0694208460FF040FF41ECD9
:10A8F000190B53EC182B0FF07DFFD3D300BF7E480C
:10A900000068401C7C4908607B4800683228C8DB2E
:10A910000020E8F7ACFEFFF765F900207E490860EB
:10A920007E490860641C082CFFF684AD0020E8F71F
:10A930009EFEBDEC068BBDE8F08110B5FBF765FB14
:10A9400077480068022802DDFDF726F801E0FDF7F0
:10A95000DCFD10BD70B5012172480BF0FFFE60B93F
:10A9600071480068012808D16948C07F00F0FD00E7
:10A970006749C877FEF7E0FA93E0012169480BF0D8
:10A98000EDFEA0B96848006888B96848006870B9E9
:10A990006748006858B95E48C07F00F0FD005C4918
:10A9A000C877C8226349A320F6F72FF979E001217F
:10A9B0005C480BF0D3FE002850D15B4800680228A9
:10A9C0004CD15348C07F00F0FD005149C87740F298
:10A9D0000910EAF74DF8B6EE001ADFED450A0F2030
:10A9E0009FED550AE8F76FFFE7F777FE06E00520D1
:10A9F0000FF0B4F8E6F742F800B912E0E6F774F8A1
:10AA00000546E6F744F8041E01DB204600E06042FC
:10AA1000002D01DB294600E069420844B0F57A7F49
:10AA2000E5DB00BF0020E8F722FE00219FED430A8E
:10AA30004348E8F7D9FE06E001200FF08FF8E6F76B
:10AA40001DF800B903E0E8F7EBFC0028F4D100BFE3
:10AA50000020E8F70CFEFEF7C9FB22E00121314897
:10AA60000BF07CFE60B931480068012808D1284805
:10AA7000C07F00F0FD002649C877FFF7D4FA10E048
:10AA8000012128480BF06AFE58B9294800680128BE
:10AA900007D11F48C07F00F0FD001D49C877FEF7B1
:10AAA0003DFF70BD2DE9F04704460D4616461F4692
:10AAB000DDF820A00020104908606CE05BE0214830
:10AAC0000068A0EB04093A4631464846EDF7CBFB57
:10AAD00080461C480068001B002837DDB6EE001ACF
:10AAE000DFED190A40469FED020AE8F7ECFE3EE072
:10AAF000000000000000E1443C0400209800002019
:10AB0000C4040020A8040020B0040020C4000020D9
:10AB100004000020B801002030030020340300208E
:10AB200098020020000C0240380300203C03002063
:10AB3000440300205CF9FFFF000061C49A99993F2B
:10AB400086FCFFFFA000002000006144F848006878
:10AB5000001B09D5B6EE001A5FED050A40461FED51
:10AB60001B0AE8F7B0FE02E00020E8F780FDE5F7F9
:10AB700085FF00B909E0EE490968081B002801DBE0
:10AB8000014600E04142514599DC00BFE9480068B8
:10AB9000401CE8490860E7480068A8428EDBBDE831
:10ABA000F087FEB504460D461646E34890F82300AC
:10ABB00040F00100E04981F82300E9F753FF40F23B
:10ABC0006720DE490860401DDD4908600020D94942
:10ABD00008601EE013E01E206FF09501022223465C
:10ABE000CDE900210290002211462920EEF732FA29
:10ABF00001200EF0B3FFE5F741FF00B903E0D148B3
:10AC000000689B28E7DC00BFCA480068401CC949AF
:10AC10000860C8480068FA28DCDB0020C5490860E5
:10AC20001EE013E00F206FF04F0102222346CDE912
:10AC300000210290002211461020EEF70BFA0120AD
:10AC40000EF08CFFE5F71AFF00B903E0BD4800687D
:10AC50009628E7DC00BFB7480068401CB54908608B
:10AC6000B4480068FA28DCDBB34890F8230040F0D1
:10AC70000200B14981F823000020AE49086033E0AA
:10AC80001FE0B04800688C2807DAAB4890F8230032
:10AC900040F00200A84981F823000F206FF0310135
:10ACA00001222346CDE9002102900022114609200D
:10ACB000EEF7D0F901200EF051FFE5F7DFFE00B905
:10ACC0000CE04FF48051A0480BF048FD30B94FF430
:10ACD00080619D480BF042FD0028D2D000BF95480E
:10ACE0000068401C93490860924800686428C7DBEC
:10ACF0004FF4FA600EF032FF3220E8F7B8FC002083
:10AD00008C49086035E021E04FF400418E480BF09B
:10AD100025FD012805D10B214FF45C70E8F7C9FD32
:10AD20000DE0082188480BF019FD012804D10B2102
:10AD30008648E8F7BEFD02E00020E8F798FC012015
:10AD40000EF00CFFE5F79AFE00B90CE04FF400415D
:10AD50007D480BF003FD0128D6D008217A480BF07E
:10AD6000FDFC0128D0D000BF72480068401C71492A
:10AD7000086070480068B0F5FA7FC4DB0020E8F78F
:10AD800076FC6D4890F8230000F0FE006A4981F8D7
:10AD900023004FF47A700EF0E1FE06210020E8F760
:10ADA00088FD4FF4FA600EF0D9FE1E20E8F75FFC34
:10ADB0005F48006866490860462066490860664941
:10ADC00008604FF425705D49086040F28A205C49B4
:10ADD000086000205749086019E006E003200EF0E3
:10ADE000BDFEE5F74BFE00B90BE05C490968534A2C
:10ADF0001268881A002801DB014600E0414205295B
:10AE0000ECDC00BF4B480068401C4A4908604948D8
:10AE10000068B0F5FA7FE0DB474890F8230000F0C7
:10AE2000FD00454981F8230049490968091B01EBE8
:10AE3000810148191E21E8F73CFD00219FED480AD9
:10AE40004FF46170E8F7D0FCAA20424908604249FB
:10AE5000086011E005200EF081FEE5F70FFE00B955
:10AE60000FE040480068B0F5E17F05DD40F20910D1
:10AE700032490860324908603A480068B0F5E17F1D
:10AE8000E8DB00BF40F209102C4908602C4908603B
:10AE90009FED351A5FEDD40A0A201FEDD90AE8F7B5
:10AEA00012FD00202349086019E006E001200EF0A1
:10AEB00055FEE5F7E3FD00B90BE0802122480BF0D9
:10AEC0004DFC30B94FF480711F480BF047FC00284F
:10AED000ECD000BF17480068401C164908601548B0
:10AEE00000686428E1DB0220E8F7C1FB0220502360
:10AEF0000A224FF4FA7100903046FFF7D3FD02208A
:10AF0000E8F7B5FBB6EE001A5FEDF10A08201FED79
:10AF1000F60AE8F7D8FC00200649086038E025E08A
:10AF200001200EF01BFEE5F7A9FD00B92AE01DE0A7
:10AF3000A00000203C040020040000208004002029
:10AF40008C0400209C0000200010024090FCFFFFB9
:10AF500040050020B4040020B8040020B800002000
:10AF60009A99D93FF00300203333333F8021FE48C4
:10AF70000BF0F4FB30B94FF48071FB480BF0EEFBA3
:10AF80000028CDD000BFF9480068401CF749086090
:10AF9000F64800686428C2DB4FF4FA600EF0DEFD6C
:10AFA0003220F3490860F3490860E720F24908605D
:10AFB000F24908600020E8F75AFBFEBD2DE9F04792
:10AFC00004460D4616461F46DDF820A00020E7493E
:10AFD00008603EE02DE0EA480068A0EB04093A462C
:10AFE00031464846EDF73FF98046E5480068001BCA
:10AFF000002809DD9FEDE31ADFEDE30A40469FEDEF
:10B00000E30AE8F760FC14E0DD480068001B09D59E
:10B010009FEDDC1ADFEDDC0A40469FEDDD0AE8F724
:10B0200052FC06E00020E8F722FBE5F727FD00B917
:10B0300009E0D3490968081B002801DB014600E04C
:10B0400041425145C7DC00BFC8480068401CC749A1
:10B050000860C6480068A842BCDBBDE8F08708B5B8
:10B06000E9F700FDFF20C4490860C44908604FF4B7
:10B07000FA600EF073FD9FEDC71ADFEDC30A1420CE
:10B080009FEDC50AE8F71FFC06E001200EF066FD03
:10B09000E5F7F4FC00B904E0C0480068C049884204
:10B0A000F3DC00BF00219FEDBF0ABD48FA38E8F786
:10B0B0009BFB06E001200EF051FDE5F7DFFC00B937
:10B0C00003E0E8F7ADF90028F4D100BF0020E8F76D
:10B0D000CEFAB548006801280BD10720B34900908B
:10B0E0000968C81E412305224FF47A71FFF766FFF5
:10B0F0000EE0AD48006858B90720AC4900900968D7
:10B10000A1F10A00412305224FF47A71FFF756FF9F
:10B11000A7480068032804D101210420E7F752FA68
:10B1200002E00020A34908600020E8F7A0FA08BD6B
:10B1300008B5E9F797FCFF208F4908608F49086040
:10B140004FF4FA600EF00AFDB0EE001ADFED8E0A41
:10B1500019209FED990AE8F7B6FB06E001200EF0F2
:10B16000FDFCE5F78BFC00B904E08C4800688C49D5
:10B170008842F3DC00BF00219FED8A0A8848FA3834
:10B18000E8F732FB06E001200EF0E8FCE5F776FC7C
:10B1900000B903E0E8F744F90028F4D100BF00202B
:10B1A000E8F765FA8048006801280CD10720834938
:10B1B00000900968A1F10800412305224FF47A713B
:10B1C000FFF7FCFE0EE07848006858B907207B497D
:10B1D00000900968A1F11200412305224FF47A7111
:10B1E000FFF7ECFE72480068022804D10121042018
:10B1F000E7F7E8F902E000206E4908600020E8F770
:10B2000036FA08BD08B5E9F72DFCFF205A49086059
:10B210005A490860B0EE001ADFED5B0A19209FED75
:10B22000680AE8F750FB06E001200EF097FCE5F70E
:10B2300025FC00B904E05948006859498842F3DC0C
:10B2400000BF00219FED570A5548FA38E8F7CCFABD
:10B2500006E001200EF082FCE5F710FC00B903E0E7
:10B26000E8F7DEF80028F4D100BF0020E8F7FFF986
:10B270004D48006801280CD1072052490090096808
:10B28000A1F108003C2305224FF47A71FFF796FEE6
:10B290000EE04548006858B907204A4900900968FF
:10B2A000A1F10F003C2305224FF47A71FFF786FECF
:10B2B0003F480068012804D101210420E7F782F902
:10B2C00002E000203B4908600020E8F7D0F908BD03
:10B2D00010B501210420E7F775F940F6C4100EF00F
:10B2E0003DFC39480068401C3749086010BD3EB538
:10B2F0000446E9F7B7FB35480068FA301E49086094
:10B3000033480068FA301D4908609FED321ADFEDBE
:10B310001E0A3C209FED300AE8F7D5FA00201349B9
:10B32000086011E006E001200EF018FCE5F7A6FB2E
:10B3300000B903E029480068B428F4DC00BF0B48DA
:10B340000068401C0949086008480068FA28E9DBE1
:10B35000B6EE001ADFED0C0A28209FED1F0AE8F771
:10B36000B2FA002001493BE0001002403C040020FA
:10B37000B4040020B8040020800400208C040020C5
:10B38000A4000020CDCC4C3F000061C400000000B0
:10B390000000E1443333134000007A44F0030020FE
:10B3A00076FDFFFF6666663FE8000020E4010020AE
:10B3B000180300201C0300200040B544EC010020CD
:10B3C0000000C344F40100205C0300207804002046
:10B3D000840400209A99193F0000614498000020DD
:10B3E000086011E006E001200EF0B8FBE5F746FB2F
:10B3F00000B903E0FE4800689628F4DC00BFFD4871
:10B400000068401CFB490860FA480068FA28E9DB3C
:10B4100040F2C620E9F72CFBF7480068002857D116
:10B42000F44908601FE014E00A206FF09501022241
:10B43000A4F10A03CDE900210290F04A51421920FB
:10B44000EDF764FD01200EF089FBE5F717FB00B96D
:10B4500003E0E74800688728E6DC00BFE5480068AD
:10B46000401CE4490860E3480068FA28DBDB002060
:10B47000E049086022E014E00A206FF09501022202
:10B48000A4F10A03CDE900210290DC4A51420C20CC
:10B49000EDF73CFD01200EF061FBE5F7EFFA00B996
:10B4A00006E04FF48071D6480BF058F90128E3D03C
:10B4B00000BFD0480068401CCE490860CD480068F5
:10B4C00040F20E618842D6DB1E20E8F7D0F866E035
:10B4D000C9480068012862D10020C64908601EE002
:10B4E00013E00A206FF0950102222346CDE90021E6
:10B4F0000290C24A51421920EDF708FD01200EF0DA
:10B500002DFBE5F7BBFA00B903E0B94800688728CE
:10B51000E7DC00BFB7480068401CB6490860B54882
:10B520000068FA28DCDBF5F781FE0020B1490860ED
:10B5300028E013E00A206FF0950102222346CDE9AE
:10B5400000210290AD4A51420C20EDF7DFFC0120B2
:10B550000EF004FBE5F792FA00B90DE04FF48071AC
:10B56000A7480BF0FBF80128E4D04FF48051A44821
:10B570000BF0F4F80028DDD000BF9E480068401CA6
:10B580009C4908609B48006840F20E618842D0DB0D
:10B590004FF47A700EF0E2FA1E20E8F768F8002007
:10B5A000E8F765F83EBD3EB50446E9F75BFA954815
:10B5B0000068FA309449086094480068FA30944969
:10B5C0000860B6EE001A5FED900A3C201FED7E0A7F
:10B5D000E8F779F900208749086011E006E00120CA
:10B5E0000EF0BCFAE5F74AFA00B903E080480068BB
:10B5F000B428F4DC00BF7F480068401C7D49086027
:10B600007C480068FA28E9DBB6EE001A5FEDA20A72
:10B6100028201FED8F0AE8F756F9002075490860C9
:10B6200011E006E001200EF099FAE5F727FA00B9DB
:10B6300003E06F4800689428F4DC00BF6D480068A0
:10B64000401C6C4908606B480068FA28E9DB6A48CE
:10B650000068002857D1674908601FE014E00A20FD
:10B660006FF063010222A4F10A03CDE900210290E8
:10B67000624A51421920EDF749FC01200EF06EFAA2
:10B68000E5F7FCF900B903E0594800688228E6DCD8
:10B6900000BF58480068401C56490860554800687B
:10B6A000FA28DBDB00205349086022E014E00A207E
:10B6B0006FF095010222A4F10A03CDE90021029066
:10B6C0004E4A51420B20EDF721FCE5F7D7F900B9BE
:10B6D00009E001200EF042FA4FF4805148480BF087
:10B6E0003DF80028E3D000BF42480068401C4149B3
:10B6F00008604048006840F20E618842D6DB1E2098
:10B70000E7F7B5FF6FE03C48006801286BD140F2D5
:10B710003520E9F7BFF90020364908602AE013E038
:10B720000A206FF0950102222346CDE90021029004
:10B73000324A51421920EDF7E9FB01200EF00EFAD2
:10B74000E5F79CF900B90FE0294909688229E7DC8F
:10B75000304909682E4A1268881A002801DB014620
:10B7600000E04142C829DBDC00BF22480068401CE1
:10B77000204908601F480068FA28D0DBF5F756FD1D
:10B7800000201C49086021E013E00A206FF09501B9
:10B7900002222346CDE900210290184A51420B2093
:10B7A000EDF7B4FBE5F76AF900B909E001200EF006
:10B7B000D5F94FF4805112480AF0D0FF0028E4D0A8
:10B7C00000BF0C480068401C0A490860094800682E
:10B7D00040F20E618842D7DB4FF47A700EF0BEF96A
:10B7E0001E20E7F744FF0020E7F741FF3EBD0000C1
:10B7F000980000203C040020E80000207CFCFFFFB3
:10B80000000002407804002080040020840400200E
:10B810008C040020BC0000203EB50446E9F722F964
:10B82000FA480068FA30FA490860FA480068FA30C5
:10B83000F94908609FEDF91ADFEDF90A3C209FED08
:10B84000F90AE8F740F80020F749086011E006E03F
:10B8500001200EF083F9E5F711F900B903E0F34890
:10B860000068B428F4DC00BFEF480068401CEE49D3
:10B870000860ED480068FA28E9DBED480068002818
:10B880007ED1E94908601EE013E00A2096210222D9
:10B8900004F10A03CDE900210290E64A5142282032
:10B8A000EDF7D8FB01200EF059F9E5F7E7F800B9FC
:10B8B00003E0DE4800689628E7DC00BFDA4800684D
:10B8C000401CD9490860D8480068FA28DCDB40F2FF
:10B8D000C620E9F7CDF80020D34908601EE013E048
:10B8E0000A209621022204F10A03CDE900210290E8
:10B8F000D04A51421620EDF7ADFB01200EF02EF993
:10B90000E5F7BCF800B903E0C84800688228E7DC26
:10B9100000BFC5480068401CC3490860C2480068B1
:10B92000FA28DCDB0020C049086028E013E00A2088
:10B930009621022204F10A03CDE900210290BD4ABA
:10B9400051420B20EDF786FB01200EF007F9E5F7D9
:10B9500095F800B90DE04FF48071B7480AF0FEFE8B
:10B960000128E4D04FF48051B3480AF0F7FE0028D4
:10B97000DDD000BFAC480068401CAB49086000E067
:10B9800009E0A948006840F20E618842CEDB1E2023
:10B99000E7F76DFE8EE0A64800680128FAD1002086
:10B9A000A14908601DE012E01E20962103222346D3
:10B9B000CDE9002102909F4A51422820EDF74AFB31
:10B9C00001200EF0CBF8E5F759F800B903E09748ED
:10B9D00000689628E8DC00BF93480068401C924944
:10B9E000086091480068FA28DDDB40F2C620E9F7DC
:10B9F0003FF800208C4908601DE012E01E209621CF
:10BA000002222346CDE9002102908A4A51421620A3
:10BA1000EDF720FB01200EF0A1F8E5F72FF800B9B3
:10BA200003E0824800688228E8DC00BF7E480068A6
:10BA3000401C7D4908607C480068FA28DDDBF5F78A
:10BA4000F5FB00207849086027E012E01E209621CF
:10BA500002222346CDE900210290764A51420B2072
:10BA6000EDF7F8FA01200EF079F8E5F707F800B9DC
:10BA70000DE04FF4807170480AF070FE0128E5D0A7
:10BA80004FF480516C480AF069FE0028DED000BFF8
:10BA900065480068401C644908606348006840F2DB
:10BAA0000E618842D1DB4FF47A700EF057F81E20F9
:10BAB000E7F7DDFD0020E7F7DAFD3EBD10B5FFF743
:10BAC000A1FBF6F731F85D48006818B95C480068DA
:10BAD000FFF7A2FE01205949086010BD10B5FFF71D
:10BAE00027FBF6F721F85548006818B95548006853
:10BAF000FFF759FD01205149086010BD10B5FFF74F
:10BB0000AEFAF6F711F84D48006830B94E480068B3
:10BB1000FFF7EDFB01204949086010BD10B545490C
:10BB20004842EDF73CF8B7EE001ADFED3D0A0A2077
:10BB30009FED3C0AE7F7C7FE4FF4FA600EF00EF8EF
:10BB40000020E7F794FD01204049086010BD10B5C2
:10BB500038494842E9F793FCB7EE001ADFED300AA6
:10BB60000A209FED300AE7F7AEFE4FF4FA600DF0C1
:10BB7000F5FF0020E7F77BFD01203449086010BD88
:10BB80002DE9F84F04460D4616461F46DDE90AAB7F
:10BB90000020254908606AE030E02D480068A0EBED
:10BBA000040953463A4631464846CDF800B0F4F70A
:10BBB000ECFB804626480068001B002809DD9FED4D
:10BBC000171ADFED170A40469FED220AE7F77BFEC2
:10BBD00010E01F480068001B09D59FED101ADFED2B
:10BBE000100A40469FED1C0AE7F76DFE02E00020B8
:10BBF000E7F73DFDE4F742FF00B932E01449096878
:10BC0000081B00282ADB014629E0000078040020F8
:10BC100080040020840400208C0400206666663FB7
:10BC2000000061C4000061443C0400209800002032
:10BC3000E80000207CFCFFFF000002401C03002005
:10BC4000FC010020EC010020E40100207C02002027
:10BC5000A00000200000E144000000004142022951
:10BC60009BDC00BFFA480068401CF9490860F848AE
:10BC70000068A84290DBBDE8F88F3EB50446FAF7AD
:10BC8000C4F9FAF7FBFAE8F7E7FE4FF49670F149CA
:10BC90000860F14908600020ED49086019E006E0FD
:10BCA00001200DF05BFFE4F7E9FE00B90BE0EB4982
:10BCB0000968E94A1268881A002801DB014600E099
:10BCC00041423229ECDC00BFE1480068401CE049F9
:10BCD0000860DF4800689628E1DBE1480068012839
:10BCE0000BD114201E2141230A22CDE900104FF46C
:10BCF0007A71B920FFF744FF1EE0D9480068022896
:10BD00000BD119203C214B230A22CDE900104FF41E
:10BD10007A71B920FFF734FF0EE0D148006803289C
:10BD20000AD12820412150230A22CDE900104FF4E6
:10BD30007A71B920FFF724FF1420E7F798FC1FED74
:10BD4000491A5FED490A30201FED4A0AE7F7BBFDAB
:10BD50000020BF49086011E006E001200DF0FEFE62
:10BD6000E4F78CFE00B903E0BE480068D228F4DC9A
:10BD700000BFB7480068401CB5490860B448006877
:10BD800040F226218842E7DB40F6B8300DF0E6FEAF
:10BD90000020AF49086011E006E001200DF0DEFE52
:10BDA000E4F76CFE00B903E0AE480068D228F4DB8B
:10BDB00000BFA7480068401CA5490860A448006867
:10BDC00040F226218842E7DBC8200DF0C7FE1FEDB8
:10BDD0006D1A5FED6D0A14201FED6E0AE7F773FD13
:10BDE00000209B49086011E006E001200DF0B6FE3E
:10BDF000E4F744FE00B903E09B4800688A28F4DCBD
:10BE000000BF93480068401C914908609048006852
:10BE100040F226218842E7DB1FED801A5FED800AA1
:10BE20002D201FED730AE7F74EFD002088490860BA
:10BE300011E006E001200DF091FEE4F71FFE00B9CD
:10BE400003E08A480068E128F4DC00BF804800680D
:10BE5000401C7F4908607E48006840F226218842E5
:10BE6000E7DB00207A4908601FE013E00F209621ED
:10BE70000322A4F11403CDE9002102907C4A0021A1
:10BE80003220EDF7DDF901200DF068FEE4F7F6FD54
:10BE900000B904E073480068B0F5AF7FE6DC00BF8E
:10BEA0006B480068401C6A4908606948006840F2B5
:10BEB00026218842D9DB9FED6F1A5FEDA60A2A2062
:10BEC0009FED6D0AE7F7FFFC06E001200DF046FE4E
:10BED000E4F7D4FD00B904E068480068B0F5487F95
:10BEE000F3DB00BFFAF72CFA6548006801287DD122
:10BEF0000020574908601FE014E00A204FF49671B3
:10BF000003222346CDE9002102904FF46172002103
:10BF10003220EDF743F901200DF020FEE4F7AEFDED
:10BF200000B903E051480068D228E6DC00BF484869
:10BF30000068401C464908604548006840F22621D8
:10BF40008842D9DB0020424908601FE014E00A2043
:10BF50004FF4967103222346CDE9002102904FF45D
:10BF6000617200211420EDF719F901200DF0F6FDA2
:10BF7000E4F784FD00B903E03C480068B628E6DC3D
:10BF800000BF33480068401C3149086030480068F1
:10BF900040F226218842D9DB00202D4908601DE0AF
:10BFA00012E00A20962102222346CDE900210290C8
:10BFB0004FF461720021EDF7F1F801200DF0CEFD94
:10BFC000E4F75CFD00B903E028480068AF28E8DC2E
:10BFD00000BF1F480068401C1D4908601C480068DD
:10BFE00040F226218842DBDB0A2000E027E0E7F769
:10BFF0003EFB40F2C620E8F73BFD002014490860F4
:10C0000019E006E001200DF0A9FDE4F737FD00B9C5
:10C010000BE012490968104A1268881A002801DBEF
:10C02000014600E041423229ECDC00BF08480068CC
:10C03000401C07490860064800689628E1DB104864
:10C040000068022872D10020014908603AE000002F
:10C050003C040020800400208C040020BC00002050
:10C0600080020020A400002098000020A0000020F2
:10C070007CFCFFFFCDCCCC3F000016C3F0030020BA
:10C080004003002014E00A204FF496710322234657
:10C09000CDE9002102904FF4617200212D20EDF7CF
:10C0A0007DF801200DF05AFDE4F7E8FC00B903E04B
:10C0B000FC480068D228E6DC00BFFB480068401C52
:10C0C000F9490860F848006840F226218842D9DB27
:10C0D0000020F54908601FE014E00A204FF4967133
:10C0E00003222346CDE9002102904FF46172002122
:10C0F0001420EDF753F801200DF030FDE4F7BEFCFD
:10C1000000B903E0E7480068B228E6DC00BFE64873
:10C110000068401CE4490860E348006840F22621BA
:10C120008842D9DB0020E049086022E027E016E0E1
:10C130000A20962102222346CDE9002102904FF4E5
:10C1400061720021EDF72AF84FF40070E8F7A2FCC5
:10C1500001200DF003FDE4F791FC00B903E0D148A4
:10C160000068A828E4DC00BFCF480068401CCE4926
:10C170000860CD48006840F226218842D7DB0020C5
:10C18000E7F775FA3EBD10B54FF48041C7480AF095
:10C19000E5FA30B14FF48061C5480AF0DFFA0028B3
:10C1A0003FD1FA20C3490860C34800687330C349CF
:10C1B00008600020BC49086025E006E001200DF081
:10C1C000CDFCE4F75BFC00B917E0BD4A1268BB4B3D
:10C1D0001B68D11A002901DB0A4600E04A420A2AFC
:10C1E000ECDCB84A1268B84B1B68D01A002801DB97
:10C1F000024600E042420A2AE0DC00BFAA4800688A
:10C20000401CA9490860A84800683228D5DB40F6E0
:10C21000B8300DF0A3FCAD48C07F40F00800AB493A
:10C22000C8774FF40051A2480AF098FA28B14FF4A9
:10C2300000619E480AF092FAF0BBFA20A449086017
:10C24000A44800687330A04908600020964908603F
:10C2500025E006E001200DF081FCE4F70FFC00B9B9
:10C2600017E0974A1268954B1B68D11A002901DB29
:10C270000A4600E04A420A2AECDC924A1268924BD3
:10C280001B68D01A002801DB024600E042420A2A5D
:10C29000E0DC00BF84480068401C83490860824895
:10C2A00000683228D5DB40F6B8300DF057FC8748DF
:10C2B000C07F40F0400000E001E08449C87740F6CC
:10C2C000B8300DF04BFCFA207A4908607A480068D3
:10C2D0007A490860FA207E4908607E4800687A49F9
:10C2E000086000207049086025E006E001200DF09C
:10C2F00035FCE4F7C3FB00B917E0714A12686F4BD5
:10C300001B68D11A002901DB0A4600E04A420A2ACA
:10C31000ECDC6C4A12686C4B1B68D01A002801DBFD
:10C32000024600E042420A2AE0DC00BF5E480068A4
:10C33000401C5D4908605C4800683228D5DB10BDB0
:10C3400010B54FF480415A480AF008FA30B14FF462
:10C35000004157480AF002FA00283FD1FA20554917
:10C360000860554800686E385449086000204E49FE
:10C37000086025E006E001200DF0F0FBE4F77EFB0D
:10C3800000B917E04E4A12684C4B1B68D11A0029BD
:10C3900001DB0A4600E04A420A2AECDC494A1268FC
:10C3A000494B1B68D01A002801DB024600E04242DC
:10C3B0000A2AE0DC00BF3C480068401C3A4908609B
:10C3C000394800683228D5DB40F6B8300DF0C6FB9E
:10C3D0003E48C07F40F010003C49C8774FF4805180
:10C3E00033480AF0BBF928B14FF480612F480AF0B6
:10C3F000B5F9E0BBFA2036490860364800686E3867
:10C400003149086000202849086025E006E0012045
:10C410000DF0A4FBE4F732FB00B917E0284A1268DC
:10C42000264B1B68D11A002901DB0A4600E04A426C
:10C430000A2AECDC234A1268234B1B68D01A002816
:10C4400001DB024600E042420A2AE0DC00BF164857
:10C450000068401C14490860134800683228D5DB86
:10C4600040F6B8300DF07AFB1848C07F00E003E0DA
:10C4700040F004001549C87740F6B8300DF06EFB67
:10C48000FA200C4908600C4800680C490860FA2042
:10C490000F4908600F4800680B49086000200249F6
:10C4A00008603FE0A00000203C040020000C024097
:10C4B00000040240C0040020B4010020A4040020B5
:10C4C000C0000020C4000020B004002004000020B0
:10C4D000C4040020B801002006E001200DF03EFB5E
:10C4E000E4F7CCFA00B917E0F84A1268F84B1B6879
:10C4F000D11A002901DB0A4600E04A420A2AECDC94
:10C50000F44A1268F44B1B68D01A002801DB02467B
:10C5100000E042420A2AE0DC00BFF0480068401C0C
:10C52000EE490860ED4800683228D5DB10BD10B533
:10C53000EB48006800286ED1EA48006800287CD1EA
:10C54000E9480068002878D1E8480068002874D1DC
:10C55000EAF741F806E001200DF000FBE4F78EFA5F
:10C5600000B90BE0E2490968E24A1268881A00281B
:10C5700001DB014600E041422829ECDC00BF9FEDD1
:10C58000DE1ADFEDDE0A12209FEDDD0AE7F79BF9E8
:10C590000020D24908601FE006E001200DF0DEFA1D
:10C5A000E4F76CFA00B911E00421D6480AF0D6F895
:10C5B0000028F2D0CE480068CE490968441A002C01
:10C5C00001DB204600E060421E28E6DC00BFC348D5
:10C5D0000068401CC1490860C04800689628DBDB41
:10C5E000C948C07F40F08000C749C8779FEDC21A94
:10C5F000DFEDC20A08209FEDC50AE7F764F90020C5
:10C60000B649086014E007E001200DF0A7FAE4F74E
:10C6100035FA08B906E010E08021BD480AF09EF81E
:10C620000028F1D000BFAD480068401CAB4908604D
:10C63000AA4800689628E6DB84E1A948006801283A
:10C640007ED1A848006800287DD1A748006800284E
:10C6500079D1A6480068002875D1E9F7BCFF06E04B
:10C6600001200DF07BFAE4F709FA00B90BE0A049CC
:10C670000968A04A1268881A002801DB014600E018
:10C6800041422829ECDC00BF9FED9B1ADFED9B0A9D
:10C6900012209FED9B0AE7F716F900208F490860EA
:10C6A0001FE006E001200DF059FAE4F7E7F900B9C0
:10C6B00011E0042193480AF051F80028F2D08C4888
:10C6C00000688C490968441A002C01DB204600E010
:10C6D00060421E28E6DC00BF80480068401C7F499D
:10C6E00008607E4800689628DBDB8748C07F40F002
:10C6F00020008549C8779FED801ADFED800A082069
:10C700009FED820AE7F7DFF800207449086013E024
:10C7100006E001200DF022FAE4F7B0F900B905E0D7
:10C7200080217B480AF01AF80028F2D000BF6B483D
:10C730000068401C6949086068480068962800E065
:10C7400001E0E5DBFEE066480068012863D165484A
:10C75000006801285FD164480068C8BB634800686E
:10C76000B0BBE9F738FF23E00421664809F0F6FF83
:10C7700070B98021664809F0F1FF48B99FED5E1A53
:10C78000DFED5E0A10209FED630AE7F79CF808E0F2
:10C790009FED591ADFED590A0D209FED5F0AE7F76B
:10C7A00092F801200DF0DAF9E4F768F900B913E026
:10C7B0004FF48071594809F0D1FF0028D4D04C487B
:10C7C00000684C490968441A002C02DB204601E04D
:10C7D00021E060423228C7DC00BF4B48C07F40F0F8
:10C7E00080004949C8779FED4E1ADFED440A0820C2
:10C7F0009FED4C0AE7F767F806E001200DF0AEF96F
:10C80000E4F73CF900B905E08021414809F0A6FFB2
:10C810000028F2D096E032480068012841D1314822
:10C82000006801283DD130480068012839D12F48DF
:10C830000068B0BBE9F7CFFE23E00421314809F0DE
:10C840008DFF70B98021324809F088FF48B99FED0B
:10C850002A1ADFED2A0A10209FED2E0AE7F733F897
:10C8600008E09FED251ADFED250A0D209FED2A0A2D
:10C87000E7F729F801200DF071F9E4F7FFF800B9A6
:10C8800013E04FF48071254809F068FF0028D4D0E8
:10C890001748006817490968441A002C02DB204633
:10C8A00001E04FE060423228C7DC00BF1648C07F7D
:10C8B00040F020001449C8779FED191ADFED0F0AE8
:10C8C00008209FED180AE6F7FEFF34E0C0000020C4
:10C8D000A4040020C4000020B00400203C04002078
:10C8E000680200206C020020700200207402002008
:10C8F000BC0000208C040020CDCC4C3F000061C463
:10C900000040E74400100240040000200000E14421
:10C910000004024000C0A84400006144000002403E
:10C920003333333F0080ED4401200DF017F9E4F775
:10C93000A5F800B905E08021F74809F00FFF0028AD
:10C94000F2D000BF0020E6F792FE10BD10B5F3480C
:10C950000068002865D1F2480068002861D1F148DC
:10C96000006800285DD1F0480068002859D1E9F737
:10C9700032FE24E00121E84809F0F0FE78B94FF4D6
:10C980000061EA4809F0EAFE48B91FED251A5FED9B
:10C99000250A10209FEDE60AE6F795FF08E01FED57
:10C9A0002A1A5FED2A0A0E201FED250AE6F78BFFF3
:10C9B00001200DF0D3F8E4F761F800B912E04FF46C
:10C9C0008071DA4809F0CAFE0028D3D0D94800683F
:10C9D000D9490968441A002C01DB204600E0604276
:10C9E0000A28C7DC00BFD548C07F40F08000D3498B
:10C9F000C8771FED351A5FED3F0A08209FEDD00A7A
:10CA0000E6F761FF06E001200DF0A8F8E4F736F83C
:10CA100000B905E00121C04809F0A0FE0028F2D0CD
:10CA200076E1BE480068012865D1BD48006800284D
:10CA300061D1BC48006800285DD1BB48006800286F
:10CA400059D1E9F7C8FD24E00121B34809F086FE79
:10CA500078B94FF40061B54809F080FE48B91FED80
:10CA60005A1A5FED5A0A10209FEDB10AE6F72BFF24
:10CA700008E01FED5F1A5FED5F0A0E201FED5A0AF6
:10CA8000E6F721FF01200DF069F8E3F7F7FF00B9A1
:10CA900012E04FF48071A54809F060FE0028D3D061
:10CAA000A4480068A4490968441A002C01DB204608
:10CAB00000E060420A28C7DC00BFA048C07F40F009
:10CAC00020009E49C8771FED6A1A5FED740A08209E
:10CAD0009FED9B0AE6F7F7FE06E001200DF03EF819
:10CAE000E3F7CCFF00B905E001218B4809F036FEE1
:10CAF0000028F2D00CE189480068012870D18848EC
:10CB0000006801287ED18748006800287AD18648CD
:10CB10000068002876D1E9F75EFD002089490860A9
:10CB200019E006E001200DF019F8E3F7A7FF00B9BE
:10CB30000BE080490968804A1268881A002801DBE6
:10CB4000014600E041420F29ECDC00BF7D4800684F
:10CB5000401C7C4908607B4800683228E1DB1FEDFF
:10CB60009A1A5FED9A0A10209FED770AE6F7ABFE5E
:10CB700000207449086014E006E001200CF0EEFF8C
:10CB8000E3F77CFF00B906E04FF40061674809F065
:10CB9000E5FD0028F1D000BF6A480068401C6949E3
:10CBA0000860684800689628E6DB6448C07F40F06B
:10CBB00080006249C8771FEDB01A5FEDB00A082007
:10CBC0009FED620AE6F77FFE00205E49086014E0F0
:10CBD00007E001200CF0C2FFE3F750FF08B906E0C0
:10CBE00010E001214C4809F0B9FD0028F1D000BF48
:10CBF00054480068401C5349086052480068962811
:10CC0000E6DB85E045480068012870D144480068AB
:10CC100001287DD143480068012879D14248006845
:10CC2000002875D1E9F7D7FC00204649086019E0D3
:10CC300006E001200CF092FFE3F720FF00B90BE0C3
:10CC40003C4909683C4A1268881A002801DB014601
:10CC500000E041420F29ECDC00BF3A480068401C6C
:10CC600038490860374800683228E1DB1FEDDE1ADA
:10CC70005FEDDE0A10209FED340AE6F724FE002067
:10CC80003049086014E006E001200CF067FFE3F78C
:10CC9000F5FE00B906E04FF40061244809F05EFD9E
:10CCA0000028F1D000BF27480068401C25490860D3
:10CCB000244800689628E6DB2048C07F40F020002A
:10CCC0001E49C8771FEDF41A5FEDF40A08209FEDA6
:10CCD0001F0AE6F7F8FD00201A49086014E007E093
:10CCE00001200CF03BFFE3F7C9FE08B906E00FE0B6
:10CCF0000121094809F032FD0028F1D000BF114898
:10CD00000068401C0F4908600E4800689628E6DB62
:10CD10000020E6F7ACFC10BD0004024068020020D1
:10CD20006C0200207002002074020020000002400B
:10CD300000800944BC0000208C0400200400002076
:10CD4000000048C33C040020000048C2000000006E
:10CD5000FEB50024002500260027FE4800680128B3
:10CD600010D10102FC4809F0F9FC01280AD1FB4866
:10CD70000068B0F5967F05DC42F228342546F84E6F
:10CD8000F84F1BE0F3480068012812D10102F24875
:10CD900009F0E4FC01280CD1F0480068B0F5967F5A
:10CDA00007DB40F6AC5425464FF4E17640F2465797
:10CDB00004E041F294142546E94EEA4F0020E5498B
:10CDC0000860E9480068B0B9E848006898B9E848E0
:10CDD000006880B9E748006868B900204FF4E16155
:10CDE000E54A0A23CDE900210290E34A9632E2495E
:10CDF000E8F76EFA6CE0DC480068012815D1DB48E2
:10CE0000006890B9DA48006878B9DA48006860B913
:10CE100000204FF4E161D84A2346CDE90021029079
:10CE20003246D549E8F754FA52E0CF480068012865
:10CE300016D1CE480068012812D1CD48006878B9D3
:10CE4000CC48006860B900204FF4E161CA4A23462B
:10CE5000CDE9002102903246C749E8F739FA37E0B8
:10CE6000C1480068012817D1C0480068012813D1C3
:10CE7000BF48006801280FD1BE48006860B9002093
:10CE80004FF4E161BC4A2B46CDE9002102903A46BD
:10CE9000B949E8F71DFA1BE0B3480068012817D12B
:10CEA000B2480068012813D1B148006801280FD1A9
:10CEB000B048006801280BD100204FF4E161AE4A70
:10CEC0002B46CDE9002102903A46AB49E8F700FA3B
:10CED0000020E6F7CCFB40F20910E7F7C9FD00207F
:10CEE000A649086019E006E001200CF037FEE3F7E0
:10CEF000C5FD00B90BE099490968A14A1268881A72
:10CF0000002801DB014600E041421429ECDC00BFAF
:10CF10009A480068401C994908609848006832287F
:10CF2000E1DB9848006888BB9748006870BB974869
:10CF3000006858BBB6EE001ADFED950A0C209FED95
:10CF4000950AE6F7C0FC00208C49086014E006E072
:10CF5000E3F794FD00B909E001200CF0FFFD4FF468
:10CF600080717D4809F0FAFB0028F1D000BF8348AA
:10CF70000068401C814908608048006840F20E61EA
:10CF80008842E4DB0020E6F772FB0DE0FFE77E4815
:10CF90000068012802D1FFF7D9FC05E07B48006852
:10CFA000012801D1FFF7C3FA0020E6F760FBFEBDC0
:10CFB00070B56D48006800286FD16C480068002883
:10CFC000FAD16B4800680028F6D16A48006800284A
:10CFD000F2D140F23520E7F75DFD00206749086097
:10CFE0001AE006E001200CF0B9FDE3F747FD00B9B7
:10CFF0000CE05A490968624A1268881A002801DB65
:10D00000014600E04142B1F5967FEBDC00BF5B4892
:10D010000068401C5949086058480068FA28E0DB5D
:10D020009FED5D1ADFED5A0A0A209FED5C0AE6F7D4
:10D030004AFCE5F752FB06E001200CF08FFDE3F718
:10D040001DFD00B912E0E3F74FFD0546E3F71FFDB4
:10D05000041E01DB204600E06042002D01DB294672
:10D0600000E069420844B0F5FA6FE5DB00BF00203C
:10D07000E6F7FDFA4A48C07F40F080004849C8778B
:10D08000B6EE001ADFED420A0A201FEDD00AE6F7DD
:10D090001AFC00203949086014E01CE006E0012079
:10D0A0000CF05CFDE3F7EAFC00B905E03D480068E0
:10D0B0003D4909688842F2DC00BF30480068401CE6
:10D0C0002E4908602D4800689628E7DB4FF4FA6087
:10D0D0000CF044FD88E124480068012866D123480B
:10D0E0000068002862D12248006800285ED12148EB
:10D0F000006800285AD140F23520E7F7CBFC002029
:10D100001E4908601AE006E001200CF027FDE3F755
:10D11000B5FC00B90CE011490968194A1268881A6F
:10D12000002801DB014600E04142B1F5967FEBDCCF
:10D1300000BF12480068401C104908600F48006892
:10D14000FA28E0DB9FED141ADFED110A0A209FEDAB
:10D15000130A2CE0F800002000000240BC00002070
:10D160003EFEFFFFBAFAFFFF680200206C020020BB
:10D1700070020020740200207CFCFFFF3C040020B1
:10D180008C040020E8000020EC000020F0000020CB
:10D19000000061C400006144CDCC4C3F00802244BB
:10D1A00004000020A4000020B001002052E0E6F7B7
:10D1B0008AFBE5F792FA06E001200CF0CFFCE3F7DA
:10D1C0005DFC00B912E0E3F78FFC0546E3F75FFC76
:10D1D000041E01DB204600E06042002D01DB2946F1
:10D1E00000E069420844B0F5FA6FE5DB00BF0020BB
:10D1F000E6F73DFAFD48C07F40F02000FB49C877C4
:10D20000B6EE001A5FED1E0A0A209FEDF90AE6F756
:10D210005AFB0020F749086013E006E001200CF0FB
:10D220009DFCE3F72BFC00B905E0F3480068F349E7
:10D2300009688842F2DC00BFEE480068401CED49F6
:10D240000860EC4800689628E7DB4FF4FA600CF0C1
:10D2500085FCC9E0EA480068012860D1E948006817
:10D2600001285CD1E8480068D8BBE8480068C0BB2A
:10D2700040F23520E7F70EFC0020DE49086019E097
:10D2800006E001200CF06AFCE3F7F8FB00B90BE0C4
:10D29000DF490968DF4A1268881A002801DB014665
:10D2A00000E041426429ECDC00BFD2480068401C29
:10D2B000D0490860CF480068FA28E1DBCB48C07F3E
:10D2C00040F08000C949C877B6EE001A5FED500AF9
:10D2D0000A209FEDD10AE6F7F6FA0020C54908605A
:10D2E00014E01CE006E001200CF038FCE3F7C6FB7C
:10D2F00000B905E0C0480068C04909688842F2DC0E
:10D3000000BFBC480068401CBA490860B9480068C2
:10D310009628E7DB4FF4FA600CF020FC64E0B84894
:10D320000068012860D1B748006801285CD1B64880
:10D330000068012858D1B5480068C0BB40F23520CC
:10D34000E7F7A8FB0020AB49086019E006E00120E0
:10D350000CF004FCE3F792FB00B90BE0AC49096860
:10D36000AC4A1268881A002801DB014600E04142FD
:10D370006429ECDC00BF9F480068401C9D490860A0
:10D380009C480068FA28E1DB9848C07F40F0200004
:10D390009649C877B6EE001A5FED830A0A209FED22
:10D3A0009E0AE6F790FA00209249086014E01BE01C
:10D3B00006E001200CF0D2FBE3F760FB00B905E0CA
:10D3C0008D4800688D4909688842F2DC00BF8948B1
:10D3D0000068401C87490860864800689628E7DB9B
:10D3E0004FF4FA600CF0BAFB0020E6F740F970BD8C
:10D3F000FEB5002400250026002788480068012883
:10D4000010D10102864809F0A9F901280AD1804803
:10D410000068B0F5967F05DC42F228342546814E3F
:10D42000814F1BE07D480068012812D101027C4831
:10D4300009F094F901280CD175480068B0F5967F81
:10D4400007DB40F6AC5425464FF4E17640F24657F0
:10D4500004E041F294142546724E734F00206F4948
:10D46000086067480068B0B96648006898B96648BF
:10D47000006880B96548006868B900204FF4E16130
:10D480006A4A0A23CDE900210290684A9632674928
:10D49000E8F75FF96CE05A480068012815D159484F
:10D4A000006890B95848006878B95848006860B971
:10D4B00000204FF4E1615D4A2346CDE9002102904E
:10D4C00032465A49E8F745F952E04D4800680128CC
:10D4D00016D14C480068012812D14B48006878B931
:10D4E0004A48006860B900204FF4E1614F4A234682
:10D4F000CDE90021029032464C49E8F72AF937E09D
:10D500003F480068012817D13E480068012813D120
:10D510003D48006801280FD13C48006860B90020F0
:10D520004FF4E161414A2B46CDE9002102903A4691
:10D530003E49E8F70EF91BE031480068012817D191
:10D5400030480068012813D12F48006801280FD106
:10D550002E48006801280BD100204FF4E161334AC6
:10D560002B46CDE9002102903A463049E8F7F1F820
:10D570000020E6F77CF840F20910E7F779FA00207E
:10D580001C49086019E006E001200CF0E7FAE3F717
:10D5900075FA00B90BE01E4909681E4A1268881A1C
:10D5A000002801DB014600E041421429ECDC00BF09
:10D5B00010480068401C0F4908600E480068322877
:10D5C000E1DB1B480068E8BB1A480068D0BB1A487A
:10D5D0000068B8BBB6EE001ADFED180A0C209FED0C
:10D5E000180AE6F770F9002002492CE00400002038
:10D5F000000000003C040020A4000020B001002036
:10D60000680200206C0200207002002074020020DA
:10D61000BC0000208C040020000048C2F80000205C
:10D62000000002403EFEFFFFBAFAFFFF7CFCFFFF56
:10D63000E8000020EC000020F0000020000061C4A1
:10D640000000614420E0086014E006E0E3F716FA09
:10D6500000B909E001200CF081FA4FF48071F8481C
:10D6600009F07CF80028F1D000BFF6480068401CA3
:10D67000F4490860F348006840F20E618842E4DB38
:10D680000020E5F7F4FF05E0EF480068012801D12C
:10D69000FFF78EFC0020E5F7EAFFFEBD10B5EFF7BF
:10D6A0007FFFEA480068A8BBE948006890BBE948EA
:10D6B000006878BBE848006860BB23E00421E748C5
:10D6C00009F04CF870B98021E54809F047F848B9ED
:10D6D0009FEDE41A5FED270A12209FEDE30AE6F7BB
:10D6E000F2F808E09FEDDF1A5FED2C0A14201FED21
:10D6F0002C0AE6F7E8F801200CF030FAE3F7BEF95F
:10D7000000B906E04FF48071CD4809F027F80028F1
:10D71000D4D0B5E0FFE7CD480068012836D1CC4829
:10D72000006890BBCB48006878BBCB48006860BB02
:10D7300023E00421C94809F011F870B98021C848D4
:10D7400009F00CF848B99FEDC71A5FED440A1220A2
:10D750009FEDC50AE6F7B7F808E09FEDC21A5FED46
:10D76000490A14201FED4A0AE6F7ADF801200CF033
:10D77000F5F9E3F783F900B906E04FF48071B0489A
:10D7800008F0ECFF0028D4D07AE0FFE7AF4800684B
:10D79000012838D1AE480068012834D1AD4800686E
:10D7A00080BBAD48006868BB24E04FF40061A4482A
:10D7B00008F0D4FF70B90121A94808F0CFFF48B99B
:10D7C0009FEDA81A5FED630A12209FEDA80AE6F705
:10D7D0007AF808E09FEDA31A5FED680A14201FEDA8
:10D7E000680AE6F770F801200CF0B8F9E3F746F99B
:10D7F00000B906E04FF48071914808F0AFFF0028AF
:10D80000D3D03DE0FFE791480068012838D1904827
:10D810000068012834D18F480068012830D18E4833
:10D82000006868BB24E04FF40061854808F096FF6B
:10D8300070B901218A4808F091FF48B99FED891A13
:10D840005FED820A12209FED890AE6F73CF808E0B6
:10D850009FED841A5FED870A14201FED870AE6F713
:10D8600032F801200CF07AF9E3F708F900B906E084
:10D870004FF48071724808F071FF0028D3D000BFC8
:10D880000020E5F7F4FE10BDFEB5002400250026BB
:10D89000002777480068012810D10102684808F085
:10D8A0005DFF01280AD173480068B0F5967F05DC5A
:10D8B00042F228342546704E704F1BE06C480068D9
:10D8C000012812D101025E4808F048FF01280CD15E
:10D8D00068480068B0F5967F07DB40F6AC542546F3
:10D8E0004FF4E17640F2465704E041F294142546A5
:10D8F000614E624F00205E49086054480068B0B92C
:10D900005348006898B95348006880B95248006885
:10D9100068B900204FF4E161594A0A23CDE900219A
:10D920000290574A96325649E7F7D2FC6CE04748D6
:10D930000068012815D14648006890B9454800683C
:10D9400078B94548006860B900204FF4E1614C4A5D
:10D950002346CDE90021029032464949E7F7B8FC59
:10D9600052E03A480068012816D139480068012879
:10D9700012D13848006878B93748006860B900208B
:10D980004FF4E1613E4A2346CDE900210290324640
:10D990003B49E7F79DFC37E02C480068012817D188
:10D9A0002B480068012813D12A48006801280FD1AC
:10D9B0002948006860B900204FF4E161304A2B46E5
:10D9C000CDE9002102903A462D49E7F781FC1BE0A2
:10D9D0001E480068012817D11D480068012813D18E
:10D9E0001C48006801280FD11B48006801280BD192
:10D9F00000204FF4E161224A2B46CDE9002102903C
:10DA00003A461F49E7F764FC0020E5F730FE40F294
:10DA10000910E7F72DF800200A4908603DE006E00C
:10DA200001200CF09BF8E3F729F800B92FE0114929
:10DA30000968144A1268881A002825DB014624E088
:10DA4000000002403C040020EC000020680200209E
:10DA50006C020020700200207402002000100240BE
:10DA6000000402403333333F0000AF440000AF43B3
:10DA7000F8000020BC0000203EFEFFFFBAFAFFFFC6
:10DA80007CFCFFFF8C04002041421429C8DC00BF4D
:10DA9000FB480068401CFA490860F94800683228D1
:10DAA000BDDBF848006888BBF748006870BBF748E2
:10DAB000006858BB1FED151ADFEDF50A0C209FED2D
:10DAC000F50AE5F700FF0020ED49086014E006E0E4
:10DAD000E2F7D4FF00B909E001200CF03FF84FF461
:10DAE0008071ED4808F03AFE0028F1D000BFE4480C
:10DAF0000068401CE2490860E148006840F20E619D
:10DB00008842E4DB0020E5F7B2FD14E0FFE7DD48E2
:10DB10000068012802D1FFF7C1FD0CE0DA48006877
:10DB2000012802D1FEF712FF05E0D848006801285D
:10DB300001D1FEF7FCFC0020E5F799FDFEBD70B5B4
:10DB4000D6480068451D40F20910E6F791FFD44819
:10DB5000006800285CD1D3480068002858D1D2481A
:10DB60000068002854D1D1480068002850D123E033
:10DB70008021CF4808F0F2FD70B90421CD4808F0AB
:10DB8000EDFD48B91FED491ADFEDC10A12209FEDE6
:10DB9000CA0AE5F798FE08E01FED4E1ADFEDBC0A51
:10DBA00014209FEDBC0AE5F78EFE01200BF0D6FF96
:10DBB000E2F764FF00B912E04FF48071B64808F054
:10DBC000CDFD0028D4D0BD480068BD490968441A7D
:10DBD000002C01DB204600E060421928C8DC00BFB1
:10DBE0001FED601ADFEDAA0A08209FEDB60AE5F7DF
:10DBF0006AFE06E001200BF0B1FFE2F73FFF00B93B
:10DC000005E00421AB4808F0A9FD0028F2D0E6E0C9
:10DC1000A348006801285CD1A2480068002858D1B8
:10DC2000A1480068002854D1A0480068002850D1BD
:10DC300023E080219E4808F091FD70B904219D48A1
:10DC400008F08CFD48B91FED791ADFED910A12201A
:10DC50009FED990AE5F737FE08E01FED7E1ADFED2C
:10DC60008C0A14209FED8B0AE5F72DFE01200BF0A6
:10DC700075FFE2F703FF00B912E04FF480718648A8
:10DC800008F06CFD0028D4D08C4800688C490968E5
:10DC9000441A002C01DB204600E060421928C8DC51
:10DCA00000BF1FED901ADFED7A0A08209FED850A6C
:10DCB000E5F709FE06E001200BF050FFE2F7DEFE7B
:10DCC00000B905E004217B4808F048FD0028F2D0A7
:10DCD00085E07348006801283DD17248006801283A
:10DCE00039D17148006888BB7048006870BB1DE07E
:10DCF00075480068A84209DD1FEDA61ADFED640A29
:10DD000012201FEDA60AE5F7DEFD08E01FEDAB1AB5
:10DD1000DFED5F0A14209FED5F0AE5F7D4FD0120D7
:10DD20000BF01CFFE2F7AAFE00B913E04FF480717C
:10DD3000594808F013FD0028DAD0604800686049AF
:10DD40000968441A002C02DB204601E003E060422F
:10DD50001928CDDC43E05248006801283FD15148E2
:10DD6000006801283BD150480068012837D14F484E
:10DD7000006878BB1EE054480168A81C814209DD98
:10DD80001FEDC81ADFED420A12201FEDC80AE5F7A1
:10DD90009AFD08E01FEDCD1ADFED3D0A14209FED3E
:10DDA0003D0AE5F790FD01200BF0D8FEE2F766FE94
:10DDB00000B913E04FF48071374808F0CFFC002819
:10DDC000D9D03E4800683E490968441A002C02DB5D
:10DDD000204601E003E060421928CCDC00BF0020AF
:10DDE000E5F745FC70BD2DE9FE4300250026002720
:10DDF000A8463648006801280CD10102264808F0E0
:10DE0000ADFC012806D142F228352E46304FDFF80E
:10DE1000C48016E02D48006801280CD101021E487C
:10DE200008F09CFC38B940F6AC552E464FF4E1772B
:10DE300040F2465805E041F294152E46244FDFF893
:10DE4000948000202149086015480068B0B9154841
:10DE5000006898B91448006880B91448006868B927
:10DE600000204FF4E1611C4A2B46CDE900210290CD
:10DE7000194A96321849E7F76CFC9CE02EE0000046
:10DE80003C040020E8000020EC000020F00000200E
:10DE9000000061C40000614400000240B0010020A5
:10DEA000680200206C020020700200207402002032
:10DEB00000040240001002400040B544BC000020B5
:10DEC0008C0400200000E144A4000020F8000020A1
:10DED0003EFEFFFFBAFAFFFF7CFCFFFFF64800683A
:10DEE000012815D1F548006890B9F548006878B95F
:10DEF000F448006860B900204FF4E161F24A2B4613
:10DF0000CDE9002102903A46EF49E7F722FC52E0C2
:10DF1000E9480068012816D1E8480068012812D1B4
:10DF2000E748006878B9E748006860B900204FF416
:10DF3000E161E54A2B46CDE9002102903A46E249EB
:10DF4000E7F707FC37E0DC480068012817D1DB4819
:10DF50000068012813D1DA48006801280FD1D94898
:10DF6000006860B900204FF4E161D74A3346CDE93B
:10DF7000002102904246D449E7F7EBFB1BE0CE4874
:10DF80000068012817D1CD480068012813D1CC487A
:10DF9000006801280FD1CB48006801280BD1002070
:10DFA0004FF4E161C84A3346CDE900210290424670
:10DFB000C549E7F7CEFB0020E5F759FB40F2091011
:10DFC000E6F756FD0020C149086019E006E001208F
:10DFD0000BF0C4FDE2F752FD00B90BE0BC49096843
:10DFE000BC4A1268881A002801DB014600E0414261
:10DFF0001429ECDC00BFB5480068401CB349086038
:10E00000B24800683228E1DBB3480068002867D1D5
:10E01000B2480068002863D1B148006800285FD189
:10E020009FEDB01A5FED660A0C201FED660AE5F75A
:10E030004AFC0020A549086014E006E0E2F71EFD56
:10E0400000B909E001200BF089FD4FF48071A6486A
:10E0500008F084FB0028F1D000BF9C480068401CF9
:10E060009A4908609948006840F20E618842E4DBF2
:10E070009FED9C1A5FED7A0A08201FED7A0AE5F7FA
:10E0800022FC00209149086020E006E0E2F7F6FC5F
:10E0900000B915E001200BF061FD4FF4807192484A
:10E0A00008F05CFB0028F1D08948006889490968BC
:10E0B000441A002C01DB204600E060420A28E5DC1F
:10E0C00000BF82480068401C804908607F480068A3
:10E0D00040F20E618842D8DB0020E5F7C8FA0CE078
:10E0E0007D480068012802D1FFF729FD05E07B4843
:10E0F0000068012801D1FEF75BFF0020E5F7B7FAC1
:10E10000BDE8FE8310B56C480068002874D16B48E8
:10E110000068002870D16A48006800286CD16948FE
:10E120000068002868D1E8F756FA06E001200BF0F5
:10E1300015FDE2F7A3FC00B90BE065490968654AE3
:10E140001268881A002801DB014600E041420F29CD
:10E15000ECDC00BF9FED631A5FEDB30A12209FED68
:10E16000630AE5F7B0FB00205849086013E006E0B9
:10E1700001200BF0F3FCE2F781FC00B905E004217B
:10E180005B4808F0EBFA0028F2D000BF4F48006867
:10E19000401C4E4908604D4800689628E7DB55480A
:10E1A000C07F40F080005349C8779FED4E1A5FED65
:10E1B000C80A08201FEDBD0AE5F785FB002043498A
:10E1C000086013E006E001200BF0C8FCE2F756FC03
:10E1D00000B905E08021484808F0C0FA0028F2D0D4
:10E1E00000BF3A480068401C38490860374800685A
:10E1F0009628E7DB7BE1FFE72F48006801285AD12A
:10E200002E480068002856D12D480068002852D1B9
:10E210002C48006800284ED1E8F7DDF906E001201F
:10E220000BF09CFCE2F72AFC00B90BE028490968D6
:10E23000284A1268881A002801DB014600E04142A2
:10E240000F29ECDC00BF9FED271A5FEDEF0A1220CB
:10E250009FED260AE5F737FB00201C49086013E014
:10E2600006E001200BF07AFCE2F708FC00B905E0BB
:10E2700004211F4808F072FA0028F2D000BF1348AA
:10E280000068401C11490860104800689628E7DBC8
:10E290001848C07F40F020001649C8779FED111A3A
:10E2A000DFED160A08201FEDF90AE5F70CFB002048
:10E2B0000649086038E03CE0680200206C0200205B
:10E2C00070020020740200207CFCFFFF3C04002050
:10E2D000BC0000208C040020E8000020EC0000209E
:10E2E000F00000203333333F000002400080ED4453
:10E2F000001002400400002000040240000061C43D
:10E3000006E001200BF02AFCE2F7B8FB00B905E0BB
:10E310008021FD4808F022FA0028F2D000BFFB4817
:10E320000068401CF9490860F84800689628E7DB57
:10E33000DDE0F748006801286AD1F6480068012846
:10E3400066D1F5480068002862D1F4480068D8BB5F
:10E35000E8F741F906E001200BF000FCE2F78EFB44
:10E3600000B90BE0EE490968EE4A1268881A0028E5
:10E3700001DB014600E041420F29ECDC00BF24E054
:10E380008021E14808F0EAF970B90421E64808F074
:10E39000E5F948B91FED2D1A5FED280A12209FED0F
:10E3A000E30AE5F790FA08E01FED321A5FED2D0A57
:10E3B0000F209FEDDF0AE5F786FA01200BF0CEFB78
:10E3C000E2F75CFB08B904E022E0DA4800680228C2
:10E3D000D6DC00BFD848C07F40F08000D649C8775F
:10E3E0001FED401A5FED3B0A08201FED400AE5F7DC
:10E3F0006AFA06E001200BF0B1FBE2F73FFB00B93F
:10E4000005E08021C04808F0A9F90028F2D06EE0AC
:10E41000BF48006801286AD1BE480068012866D15B
:10E42000BD480068012862D1BC480068D8BBE8F745
:10E43000D2F806E001200BF091FBE2F71FFB00B9D8
:10E440000BE0B7490968B74A1268881A002801DB4F
:10E45000014600E041420F29ECDC00BF24E08021AE
:10E46000A94808F07BF970B90421AF4808F076F9A3
:10E4700048B91FED641A5FED5F0A12209FEDAB0AE9
:10E48000E5F721FA08E01FED691A5FED640A0F2035
:10E490009FEDA70AE5F717FA01200BF05FFBE2F703
:10E4A000EDFA08B904E022E0A24800680228D6DCB0
:10E4B00000BFA148C07F40F020009F49C8771FEDF2
:10E4C000771A5FED720A08201FED780AE5F7FBF96D
:10E4D00006E001200BF042FBE2F7D0FA00B905E0BC
:10E4E0008021894808F03AF90028F2D000BF0020C6
:10E4F000E5F7BDF810BD10B540F23520E6F7CAFAD1
:10E500008348006800287DD182480068002879D1BE
:10E5100081480068002875D180480068002871D1C2
:10E520007A49086037E01FE0844800688449096838
:10E53000884209DD1FED951A5FED900A12209FEDCC
:10E54000810AE5F7C0F908E01FED9A1A5FED950A18
:10E550000F209FED770AE5F7B6F901200BF0FEFAE0
:10E56000E2F78CFA00B910E0724909680629DBDC91
:10E570006B4909686B4A1268881A002801DB01465A
:10E5800000E04142B1F5967FCEDC00BF5F480068F5
:10E59000401C5E4908605D48006840F20E61884298
:10E5A000C1DB6548C07F40F080006349C8779FEDBC
:10E5B000661A5FEDAE0A0A209FED640AE5F783F95B
:10E5C00000205249086013E006E001200BF0C6FA73
:10E5D000E2F754FA00B905E058480068584909685C
:10E5E0008842F2DC00BF49480068401C4749086087
:10E5F000464800689628E7DB4FF4FA600BF0AEFA65
:10E6000089E1FFE74248006801287CD14148006861
:10E61000002878D140480068002874D13F4800683D
:10E62000002870D13949086037E01FE0434800688E
:10E6300043490968884209DD1FEDD61A5FEDD10A0A
:10E6400012209FED400AE5F73EF908E01FEDDB1AC6
:10E650005FEDD60A0F209FED360AE5F734F9012069
:10E660000BF07CFAE2F70AFA00B910E031490968C8
:10E670000629DBDC2A4909682A4A1268881A002818
:10E6800001DB014600E04142B1F5967FCEDC00BFE0
:10E690001E480068401C1D4908601C48006840F284
:10E6A0000E618842C1DB2448C07F40F0200022492F
:10E6B000C8779FED251A5FEDEF0A0A209FED230A28
:10E6C000E5F701F900201149086013E006E0012098
:10E6D0000BF044FAE2F7D2F900B905E017480068F8
:10E6E000174909688842F2DC00BF08480068401CEE
:10E6F00006490860054800689628E7DB4FF4FA6091
:10E700000BF02CFA07E123E0000402403C04002057
:10E71000680200206C0200207002002074020020B9
:10E72000BC0000208C040020001002400040B544D2
:10E73000000061449800002004000020A400002094
:10E74000B00100200000C843CDCCCC3D000000004B
:10E75000FC48006801286DD1FB480068012869D198
:10E76000FA480068002865D1F9480068F0BBB6EEA9
:10E77000001ADFEDF80A0E209FEDF70AE5F7A3F87F
:10E780000020F64908601FE006E001200BF0E6F9E2
:10E79000E2F774F900B911E0F1490968F14A126829
:10E7A0009142F2DCF0490968F04A1268881A0028A0
:10E7B00001DB014600E04142C829E6DC00BFE74832
:10E7C0000068401CE5490860E44800689628DBDBE7
:10E7D000E748C07F40F08000E549C8771FED261A62
:10E7E000DFEDDC0A0A201FED270A00E022E0E5F752
:10E7F0006AF80020D949086013E006E001200BF018
:10E80000ADF9E2F73BF900B905E0D5480068D54914
:10E8100009688842F2DC00BFD0480068401CCF493C
:10E820000860CE4800689628E7DB4FF4FA600BF0EA
:10E8300095F970E0C348006801286CD1C2480068AF
:10E84000012868D1C1480068012864D1C048006827
:10E85000E0BBB6EE001ADFEDBF0A0E209FEDBE0A48
:10E86000E5F731F80020BD4908601FE006E001200F
:10E870000BF074F9E2F702F900B911E0B849096840
:10E88000B84A12689142F2DCB7490968B74A12687F
:10E89000881A002801DB014600E04142C829E6DC75
:10E8A00000BFAE480068401CAC490860AB48006837
:10E8B0009628DBDBAE48C07F40F02000AC49C8772B
:10E8C0001FED5F1ADFEDA30A0A2000E023E01FED31
:10E8D000610AE4F7F8FF0020A049086013E006E0B1
:10E8E00001200BF03BF9E2F7C9F800B905E09C48BC
:10E8F00000689C4909688842F2DC00BF97480068BC
:10E90000401C96490860954800689628E7DB4FF45C
:10E91000FA600BF023F90020E4F7A9FE10BD70B5F2
:10E9200090480068851DEEF73BFE40F23520E6F783
:10E930009FF88448006800287ED18348006800283A
:10E940007ED18248006800287AD18148006800287A
:10E9500076D18249086043E029E08021854807F0AC
:10E96000FDFE70B90421844807F0F8FE48B99FED18
:10E97000831ADFED780A12201FED940AE4F7A3FF53
:10E980000EE09FED7E1ADFED730A0F201FED980A4F
:10E99000E4F799FF7648C07F40F080007449C8775B
:10E9A00001200BF0DBF8E2F769F800B912E04FF450
:10E9B0008051734807F0D2FE0028CED06A48006824
:10E9C0006A490968441A002C01DB204600E06042D5
:10E9D0006428C2DC00BF61480068401C5F490860D1
:10E9E0005E48006840F20E618842B5DB00205B495A
:10E9F00008601CE09FED611ADFED560A0A209FEDCA
:10EA0000610AE4F760FF06E001200BF0A7F8E2F7E7
:10EA100035F800B905E00421574807F09FFE0028AB
:10EA2000F2D000BF4D480068401C4C4908604B487C
:10EA3000006840F20E6100E002E08842DADB56E155
:10EA40004048006801287CD13F480068002878D100
:10EA50003E480068002874D13D480068002870D105
:10EA60003E49086043E029E08021424807F076FEF5
:10EA700070B90421404807F071FE48B99FED3F1A74
:10EA8000DFED340A12201FEDD70AE4F71CFF0EE079
:10EA90009FED3A1ADFED2F0A0F201FEDDB0AE4F796
:10EAA00012FF3348C07F40F020003149C877012071
:10EAB0000BF054F8E1F7E2FF00B912E04FF4805197
:10EAC0002F4807F04BFE0028CED027480068274982
:10EAD0000968441A002C01DB204600E060426428EB
:10EAE000C2DC00BF1D480068401C1C4908601B4870
:10EAF000006840F20E618842B5DB002017490860CB
:10EB00001CE09FED1E1ADFED130A0A209FED1D0A7F
:10EB1000E4F7D9FE06E001200BF020F8E1F7AEFFA4
:10EB200000B905E00421144807F018FE0028F2D0CF
:10EB300000BF0A480068401C084908600748006890
:10EB400022E026E0680200206C0200207002002013
:10EB500074020020000061C400007AC33C0400205D
:10EB6000A4000020B0010020BC0000208C04002084
:10EB70000400002000040240001002403333333F01
:10EB8000000002400000E14440F20E618842B8DB20
:10EB9000ADE0FE480068012851D1FD480068012819
:10EBA0004DD1FC480068D8BBFB480068C0BB0020C2
:10EBB000FA4908603EE023E0F9480068A84209DD10
:10EBC0001FED121A5FED1D0A12209FEDF60AE4F701
:10EBD0007AFE0EE01FED171A5FED220A0F209FED5F
:10EBE000F20AE4F770FEF148C07F40F08000EF4980
:10EBF000C87701200AF0B2FFE1F740FF00B913E047
:10EC00004FF48051EA4807F0A9FD0028D4D0E94824
:10EC10000068E9490968441A002C02DB204601E03B
:10EC20000DE060426428C7DC00BFDC480068401C7F
:10EC3000DA490860D94800689628BCDB57E0D34819
:10EC40000068012853D1D248006801284FD1D1482B
:10EC5000006801284BD1D0480068C0BB0020CF49D4
:10EC600008603EE023E0CE480068A84209DD1FEDC1
:10EC70003D1A5FED480A12209FEDCA0AE4F723FE11
:10EC80000EE01FED421A5FED4D0A0F209FEDC60A00
:10EC9000E4F719FEC548C07F40F02000C349C8779B
:10ECA00001200AF05BFFE1F7E9FE00B913E04FF441
:10ECB0008051BF4807F052FD0028D4D0BD480068FD
:10ECC000BD490968441A002C02DB204601E00EE031
:10ECD00060426428C7DC00BFB0480068401CAF49F0
:10ECE0000860AE48006840F20E618842BADB0A2034
:10ECF000E4F7BDFC1FED5F1A5FED6A0A0A209FED85
:10ED0000AA0AE4F7E0FD40F2DC500AF027FF0020F9
:10ED1000E4F7ADFC70BD2DE9FE4300250026002779
:10ED2000A846A648006801280CD10102A04807F0B7
:10ED300015FD012806D142F228352E46A04FDFF8F6
:10ED4000848216E09D48006801280CD10102984891
:10ED500007F004FD38B940F6AC552E464FF4E17784
:10ED600040F2465805E041F294152E46944FDFF8E4
:10ED7000548200209149086084480068B0B98448F2
:10ED8000006898B98348006880B98348006868B90A
:10ED900000204FF4E1618C4A2B46CDE9002102901E
:10EDA000894A96328849E6F7D4FC6CE077480068D7
:10EDB000012815D17648006890B97648006878B97E
:10EDC0007548006860B900204FF4E1617E4A2B4627
:10EDD000CDE9002102903A467B49E6F7BAFC52E0C1
:10EDE0006A480068012816D169480068012812D1D4
:10EDF0006848006878B96848006860B900204FF436
:10EE0000E161714A2B46CDE9002102903A466E49F4
:10EE1000E6F79FFC37E05D480068012817D15C48A1
:10EE20000068012813D15B48006801280FD15A48B7
:10EE3000006860B900204FF4E161634A3346CDE9D0
:10EE40000021029042466049E6F783FC1BE04F48F0
:10EE50000068012817D14E480068012813D14D4899
:10EE6000006801280FD14C48006801280BD1002010
:10EE70004FF4E161544A3346CDE900210290424605
:10EE80005149E6F766FC0020E4F7F1FBE5F7E4FD05
:10EE90004E480068FA304E4908604E480068FA3023
:10EEA000454908604C48006888BB4C48006870BB06
:10EEB0004B48006858BB1FEDCF1A5FEDDA0A0A20F5
:10EEC0009FED390AE4F7FFFC00203449086029E08F
:10EED00006E0E1F7D3FD00B91EE001200AF03EFE96
:10EEE0004FF48071324807F039FC0128F1D04FF41B
:10EEF00080512F4807F032FC0028EAD02D480068E6
:10EF00002D490968441A002C02DB204601E010E07C
:10EF10006042B0F5967FDCDC00BF20480068401CF2
:10EF20001E4908601D48006840F20E618842CFDB30
:10EF300013E029480068012802D1FFF7F0FC0CE03B
:10EF400026480068012802D1FFF7D5FA05E02448D9
:10EF50000068012801D1FFF7D5F80020E4F787FB0E
:10EF6000BDE8FE832DE9FE43002500260027A846C4
:10EF700012480068012839D101030D4807F0EEFB63
:10EF8000012833D142F228352E462BE068020020BA
:10EF90006C02002070020020740200203C0400205B
:10EFA000A40000200000AF430000614404000020E2
:10EFB00000000240BC0000208C040020F80000206B
:10EFC0003EFEFFFFBAFAFFFF7CFCFFFF7804002043
:10EFD0008004002084040020E8000020EC000020D1
:10EFE000F0000020FB4FDFF8F08316E0FB480068DC
:10EFF00001280CD10103FA4807F0B0FB38B940F6FC
:10F00000AC552E464FF4E17740F2465805E041F208
:10F0100094152E46EF4FDFF8C0830020EF490860BB
:10F02000F0480068B0B9F048006898B9EF48006847
:10F0300080B9EF48006868B900204FF4E161ED4AFB
:10F040000A23CDE900210290EA4A9632E949E6F71F
:10F0500080FB6CE0E3480068012815D1E2480068B5
:10F0600090B9E248006878B9E148006860B90020CA
:10F070004FF4E161DF4A2B46CDE9002102903A4688
:10F08000DC49E6F766FB52E0D6480068012816D155
:10F09000D5480068012812D1D448006878B9D4480E
:10F0A000006860B900204FF4E161D24A2B46CDE9F7
:10F0B000002102903A46CF49E6F74BFB37E0C948BA
:10F0C0000068012817D1C8480068012813D1C74833
:10F0D000006801280FD1C648006860B900204FF4CD
:10F0E000E161C44A3346CDE9002102904246C1495C
:10F0F000E6F72FFB1BE0BB480068012817D1BA4890
:10F100000068012813D1B948006801280FD1B84818
:10F11000006801280BD100204FF4E161B54A334665
:10F12000CDE9002102904246B249E6F712FB0020E9
:10F13000E4F79DFAB0480068002878D1AF4800682D
:10F14000002874D1AE480068002870D1E5F784FC2F
:10F15000AC480068FA30AC490860AC480068FA3046
:10F16000AB4908609FEDAB1ADFEDAB0A0F201FED36
:10F17000720AE4F7A8FB0020A849086014E006E042
:10F18000E1F77CFC00B909E001200AF0E7FC4FF44C
:10F190008071934807F0E2FA0128F1D000BF9F4840
:10F1A0000068401C9D4908609C48006840F20E6160
:10F1B0008842E4DB9FED971ADFED970A08201FEDE8
:10F1C000860AE4F780FB00209449086027E006E007
:10F1D000E1F754FC00B91CE001200AF0BFFC4FF439
:10F1E00080717F4807F0BAFA0128F1D04FF48051BE
:10F1F0007B4807F0B3FA0028EAD0894800688449C0
:10F200000968441A002C01DB204600E060420A280D
:10F21000DEDC00BF81480068401C804908607F48F0
:10F22000006840F20E618842D1DB0DE0FFE77248D2
:10F230000068012802D1FFF772FB05E06F48006803
:10F24000012801D1FFF757F90020E4F710FABDE8D3
:10F25000FE8310B56348006800286FD162480068DB
:10F2600000286BD161480068002867D160480068B9
:10F27000002863D140F23520E5F70CFC00206749F7
:10F2800008602AE01FE0674800686749096888420B
:10F2900009DD9FED601ADFED600A12209FED630A21
:10F2A000E4F711FB08E09FED5B1ADFED5B0A0E202F
:10F2B0001FEDC30AE4F707FB01200AF04FFCE1F75A
:10F2C000DDFB00B903E05A4800680628DBDC00BF1C
:10F2D00052480068401C514908605048006840F29C
:10F2E0000E618842CEDB9FED531ADFED4B0A0A20F8
:10F2F0009FED510AE4F7E7FA00204849086013E05F
:10F3000006E001200AF02AFCE1F7B8FB00B905E0AD
:10F3100044480068444909688842F2DC00BF3F481D
:10F320000068401C3D4908603C4800689628E7DBBF
:10F330004FF4FA600AF012FC34E1FFE72948006854
:10F3400001287BD128480068002877D12748006829
:10F35000002873D12648006800286FD140F235207C
:10F36000E5F798FB00202D4908602AE01FE02D48B2
:10F3700000682D490968884209DD9FED261ADFEDF6
:10F38000260A12209FED290AE4F79DFA08E09FED76
:10F39000211ADFED210A0E201FEDFD0AE4F793FA92
:10F3A00001200AF0DBFBE1F769FB00B903E020482C
:10F3B00000680628DBDC00BF18480068401C1749BD
:10F3C00008601648006840F20E618842CEDB9FED6F
:10F3D000191A34E03EFEFFFFBAFAFFFFF8000020E2
:10F3E00000000240680200206C0200207002002031
:10F3F000740200207CFCFFFFE8000020EC000020ED
:10F40000F000002078040020800400208404002004
:10F410008C0400203333333F000061C43C040020DF
:10F42000BC000020A4000020B001002000007A43AE
:10F4300098000020CDCCCC3D0000000027E05FED1F
:10F440000A0A0A201FED040AE4F73DFA0020FD49EC
:10F45000086013E006E001200AF080FBE1F70EFBF4
:10F4600000B905E0F8480068F84909688842F2DC0C
:10F4700000BFF4480068401CF2490860F148006889
:10F480009628E7DB4FF4FA600AF068FB8AE0F04860
:10F490000068012841D1EF48006801283DD1EE48BD
:10F4A0000068C8BBED480068B0BB40F23520E5F706
:10F4B000F1FAB6EE001A5FED280A0C209FEDE80A7B
:10F4C000E4F701FA0020DF49086013E006E00120BC
:10F4D0000AF044FBE1F7D2FA00B905E0DA48006827
:10F4E000DA4909688842F2DC00BFD6480068401C4F
:10F4F000D4490860D34800689628E7DBB6EE001AC6
:10F500005FED3B0A0A201FED340AE4F7DCF94FF403
:10F51000FA600AF023FB45E0FFE7CD4800680128C8
:10F5200040D1CC48006801283CD1CB480068012874
:10F5300038D1CA480068A8BB40F23520E5F7AAFADE
:10F54000B6EE001A5FED4C0A0C209FEDC50AE4F7F9
:10F55000BAF90020BB49086013E006E001200AF078
:10F56000FDFAE1F78BFA00B905E0B7480068B74942
:10F5700009688842F2DC00BFB2480068401CB1490B
:10F580000860B04800689628E7DBB6EE001A5FED29
:10F590005E0A0A201FED580AE4F795F94FF4FA6065
:10F5A0000AF0DCFA0020E4F762F810BD2DE9F04122
:10F5B00004460D460020A34908603BE02AE0A94824
:10F5C0000068071B3846E6F7A1FC0646A548006818
:10F5D000001B002809DDB6EE001A5FED710A304607
:10F5E0009FEDA10AE4F76FF910E09E480068001B48
:10F5F00009D5B6EE001A5FED780A30461FED720AA3
:10F60000E4F761F902E00020E4F731F8E1F736FAB7
:10F6100000B909E093490968081B002801DB01468D
:10F6200000E041420129CADC00BF86480068401C56
:10F630008449086083480068A842BFDBBDE8F081C8
:10F6400010B583480068002841D18248006800282E
:10F650003DD181480068C8BB80480068B0BB40F21B
:10F660003520E5F705FAB6EE001A5FED950A0E2093
:10F670009FED7E0AE4F727F900207249086013E045
:10F6800006E001200AF06AFAE1F7F8F900B905E0AE
:10F6900074480068764909688842F2DC00BF69480E
:10F6A0000068401C67490860664800689628E7DBE8
:10F6B000B6EE001A5FEDA80A0A209FED6B0AE4F788
:10F6C00002F94FF4FA600AF049FA1DE1FFE76048D9
:10F6D0000068012840D15F480068E0BB5E480068D0
:10F6E000C8BB5E480068B0BB40F23520E5F7C0F902
:10F6F000B6EE001A5FEDB80A0C209FED5C0AE4F745
:10F70000E2F800204F49086013E006E001200AF00B
:10F7100025FAE1F7B3F900B905E052480068544909
:10F7200009688842F2DC00BF46480068401C454931
:10F730000860444800689628E7DBB6EE001A5FEDE3
:10F74000CA0A0A209FED480AE4F7BDF84FF4FA60B0
:10F750000AF004FAD8E0FFE73D480068012857D1D5
:10F760003C480068012853D13B480068F0BB3B4847
:10F770000068D8BBC8213E480068FFF717FF40F279
:10F780003520E5F775F91FEDDD1A5FEDDD0A122072
:10F790009FED380AE4F797F800202A4908601EE038
:10F7A00006E0E1F76BF900B913E001200AF0D6F9A1
:10F7B000314909680629F4DC30490968304A126881
:10F7C000881A002801DB014600E04142B1F5967F2E
:10F7D000E7DC00BF1B480068401C1A490860194854
:10F7E000006840F20E618842DADB00E010E00020A1
:10F7F000E3F73DFF1FEDF11A5FEDF90A0A209FEDD7
:10F800001A0AE4F760F840F6C4100AF0A7F97BE0A2
:10F810000F480068012877D10E480068012873D18D
:10F820000D48006801286FD10C48006848B9C8210C
:10F830000F480068FFF7BAFE40F23520E5F718F9E7
:10F8400020E061E03C040020A4000020B001002082
:10F85000680200206C020020700200207402002068
:10F860000000C8C2A00000200000E1440080ED4478
:10F87000A80100200000614498000020BC00002086
:10F880008C0400209FEDFE1ADFEDFE0A12201FED12
:10F89000070AE4F718F80020FB4908601EE006E0BC
:10F8A000E1F7ECF800B913E001200AF057F9F74945
:10F8B00009680629F4DCF6490968F64A1268881ACC
:10F8C000002801DB014600E04142B1F5967FE7DC0C
:10F8D00000BFED480068401CEB490860EA4800683A
:10F8E00040F20E618842DADB0020E3F7C0FE9FEDB4
:10F8F000EA1ADFEDE40A0A201FED250AE3F7E3FF29
:10F9000040F6C4100AF02AF90020E3F7B0FE10BD5B
:10F9100070B5E2480068451DE1480068461D40F2A8
:10F920003520E5F7A5F8DF480068002853D1DE4808
:10F93000006800284FD1DD48006800284BD1DC4822
:10F940000068002847D1D04908603DE023E0D9484D
:10F950000068A84209DD9FEDCA1ADFEDCA0A12202D
:10F960009FEDD50AE3F7AFFF0EE09FEDC51ADFED7F
:10F97000C50A0F201FED410AE3F7A5FFCF48C07F5E
:10F9800040F08000CD49C87701200AF0E7F8E1F7A0
:10F9900075F800B912E04FF48051C94806F0DEFE58
:10F9A0000028D4D0BA480068BA490968441A002C23
:10F9B00001DB204600E060422828C8DC00BFB248D6
:10F9C0000068401CB0490860AF48006840F20E6112
:10F9D0008842BBDB07E1B3480068012853D1B24835
:10F9E000006800284FD1B1480068D8BBB048006813
:10F9F000C0BB0020A44908603EE023E0AD48006899
:10FA0000A84209DD9FED9E1ADFED9E0A12209FEDB0
:10FA1000AA0AE3F758FF0EE09FED991ADFED990A65
:10FA20000F201FED6C0AE3F74EFFA448C07F40F0A3
:10FA30002000A249C87701200AF090F8E1F71EF8EB
:10FA400000B913E04FF480519D4806F087FE00286E
:10FA5000D4D08F4800688F490968441A002C02DB13
:10FA6000204601E00FE060422828C7DC00BF86483E
:10FA70000068401C844908608348006840F20E61B9
:10FA80008842BADBAFE087480068012853D1864836
:10FA9000006801284FD185480068D8BB84480068B9
:10FAA000C0BB0020784908603EE023E0854800683C
:10FAB000B04209DD9FED721ADFED720A12209FED50
:10FAC000820AE3F700FF0EE09FED6D1ADFED6D0A8D
:10FAD0000F201FED980AE3F7F6FE7848C07F40F04C
:10FAE00080007649C87701200AF038F8E0F7C6FFB1
:10FAF00000B913E04FF48051714806F02FFE002842
:10FB0000D4D06348006863490968441A002C02DBBA
:10FB1000204601E00FE060422828C7DC00BF5A48B9
:10FB20000068401C584908605748006840F20E6160
:10FB30008842BADB57E05B480068012853D15A4835
:10FB4000006801284FD15948006801284BD1584816
:10FB50000068C0BB00204C4908603EE023E05948E3
:10FB60000068B04209DD9FED461ADFED460A12201B
:10FB70009FED550AE3F7A7FE0EE09FED411ADFED7A
:10FB8000410A0F201FEDC50AE3F79DFE4B48C07FD9
:10FB900040F020004949C877012009F0DFFFE0F775
:10FBA0006DFF00B913E04FF48051454806F0D6FDD3
:10FBB0000028D4D03648006836490968441A002C19
:10FBC00002DB204601E00EE060422828C7DC00BFCF
:10FBD0002D480068401C2C4908602B48006840F202
:10FBE0000E618842BADB0020E3F741FD70BD3EB5EF
:10FBF0002C480068B8B92C480068A0B92B480068A8
:10FC000088B92B48006870B900204FF4E1612F4A91
:10FC100040F6AC53CDE9002102902C4A96322B4994
:10FC2000E5F797FD9AE01F480068012816D11E48A5
:10FC3000006898B91D48006880B91D48006868B917
:10FC400000204FF4E161214A4FF47A63CDE90021AD
:10FC5000029052105100E5F77CFD7FE011480068EA
:10FC6000012841D11048006801283DD10F480068A3
:10FC700070BB0F48006858BB00204FF4E16128E0DA
:10FC80003333333F000061C43C040020980000205F
:10FC9000BC0000208C040020CDCCCC3DA80100206D
:10FCA000B0010020680200206C02002070020020D9
:10FCB00074020020A00000200040B5440400002091
:10FCC00000000240A40000200000E1437CFCFFFF94
:10FCD0000AE0FB4A4FF47A63CDE90021029052100A
:10FCE0005100E5F736FD39E0F6480068012818D1E3
:10FCF000F5480068012814D1F4480068012810D1A3
:10FD0000F348006868B900204FF4E161EC4A4FF411
:10FD10007A63CDE900210290EE4AE949E5F719FD41
:10FD20001CE0E8480068012818D1E748006801286D
:10FD300014D1E6480068012810D1E5480068012880
:10FD40000CD100204FF4E161DD4A4FF47A63CDE934
:10FD500000210290DF4ADA49E5F7FBFC0020E3F7D7
:10FD600086FCE4F779FEDC480068FA30DB4908607D
:10FD7000DB480068FA30DB4908600020DA49086097
:10FD800019E006E0012009F0E9FEE0F777FE00B98E
:10FD90000BE0D6490968D34A1268881A002801DBAB
:10FDA000014600E041426429ECDC00BFCE48006817
:10FDB000401CCD490860CC4800683228E1DBCC48C3
:10FDC000006800286BD1CB480068002867D1CA487A
:10FDD0000068002863D11FED561A5FED560A102007
:10FDE0009FEDC60AE3F76FFD0020BF49086020E0E1
:10FDF00006E0012009F0B2FEE0F740FE00B912E093
:10FE00004FF48071BE4806F0A9FC0128F1D0B74834
:10FE10000068B4490968441A002C01DB204600E060
:10FE200060421428E5DC00BFAF480068401CAE49C2
:10FE30000860AD48006840F20E618842D8DB1FEDD3
:10FE4000701A5FED700A08209FEDAC0AE3F73BFDE6
:10FE50000020A54908601BE006E0012009F07EFEB5
:10FE6000E0F70CFE00B90DE04FF48071A44806F0F5
:10FE700075FC0128F1D04FF48051A14806F06EFCCA
:10FE80000028EAD000BF98480068401C96490860E6
:10FE90009548006840F20E618842DDDB13E094482B
:10FEA0000068012802D1FFF733FD0CE0924800689A
:10FEB000012802D1FFF7C4FB05E08E480068012845
:10FEC00001D1FFF7C6F90020E3F7D1FB3EBD0EB527
:10FED0007C480068B8B97C480068A0B97B480068D5
:10FEE00088B97B48006870B900204FF4E161744A1A
:10FEF00040F6AC53CDE900210290714A9632704928
:10FF0000E5F7E6F970E06F480068012816D16E4801
:10FF1000006898B96D48006880B96D48006868B994
:10FF200000204FF4E161664A4FF47A63CDE9002185
:10FF3000029052105100E5F7CBF955E06148006896
:10FF4000012817D160480068012813D15F48006874
:10FF500080B95F48006868B900204FF4E161584AF1
:10FF60004FF47A63CDE90021029052105100E5F779
:10FF7000AFF939E053480068012818D152480068A9
:10FF8000012814D151480068012810D15048006858
:10FF900068B900204FF4E161494A4FF47A63CDE932
:10FFA000002102904B4A4649E5F792F91CE045488A
:10FFB0000068012818D144480068012814D143483A
:10FFC0000068012810D14248006801280CD10020A7
:10FFD0004FF4E1613A4A4FF47A63CDE9002102908F
:10FFE0003C4A3749E5F774F90020E3F740FB40F25B
:10FFF0000910E4F73DFD00203B49086019E006E0E8
:020000040802F0
:10000000012009F0ABFDE0F739FD00B90BE03749FD
:100010000968344A1268881A002801DB014600E0AA
:1000200041421429ECDC00BF2F480068401C2E49D7
:1000300008602D4800683228E1DB2D48006870BB5D
:100040002C48006858BB2C48006840BB9FED2D1A17
:100050005FEDF40A0F209FED290AE3F734FC00203E
:100060002149086014E006E0012009F077FDE0F77F
:1000700005FD00B906E04FF48071214806F06EFBE3
:100080000028F1D000BF18480068401C16490860DD
:1000900015480068FA28E6DB0020E3F7E8FA144880
:1000A0000068012802D1FDF7F9FA05E0114800685F
:1000B000012801D1FCF74AFC0020E3F7D8FA0EBD75
:1000C0007CFCFFFF680200206C0200207002002010
:1000D00074020020BAFAFFFF780400208004002098
:1000E000840400208C0400203C040020BC0000207C
:1000F000E8000020EC000020F00000200000614437
:10010000000002406666663F10B5FA4800680028A5
:100110004BD1F9480068002847D1F848006800280A
:1001200043D1F748006800283FD140F23520E4F77A
:10013000B1FC1FED0C1ADFEDF30A0A209FEDF20A65
:10014000E3F7C1FB0020F149086025E00CE0F0482E
:10015000C07F40F08000EE49C877012009F0FEFC26
:10016000E0F78CFC00B911E0EA490968EA4A126834
:100170009142ECDCE9490968E94A1268881A0028CA
:1001800001DB014600E04142C829E0DC00BFDF4856
:100190000068401CDD490860DC4800689628D5DB13
:1001A00040F6C41009F0DAFC36E1D24800680128B4
:1001B00049D1D148006898BBD048006880BBD0487E
:1001C000006868BB40F23520E4F764FC1FED331A89
:1001D000DFEDCC0A0A209FEDCC0AE3F774FB002088
:1001E000CA49086026E00CE0C948C07F40F0200002
:1001F000C749C877012009F0B1FCE0F73FFC00B91E
:1002000012E0C4490968C44A12689142ECDCC3494F
:100210000968C34A1268881A002802DB014601E017
:1002200011E04142C829DFDC00BFB8480068401C2B
:10023000B6490860B54800689628D4DB40F6C4107B
:1002400009F08CFCE8E0AB480068012870D1AA48AE
:10025000006801286CD1A9480068002868D1A84826
:100260000068002864D140F23520E4F713FC1FED4C
:100270005B1ADFEDA40A0A209FEDAA0AE3F723FB2D
:100280000020A24908601EE006E0012009F066FC9B
:10029000E0F7F4FB00B910E0A34909681B29F4DB7F
:1002A0009E4909689E4A1268881A002801DB0146A7
:1002B00000E04142B1F5967FE7DC00BF934800685B
:1002C000401C92490860914800689628DCDB904801
:1002D000C07F40F080008E49C8771FED761ADFEDB1
:1002E000890A0A209FED910AE3F7EDFA0020874979
:1002F000086013E006E0012009F030FCE0F7BEFBE7
:1003000000B905E083480068834909688842F2DC47
:1003100000BF7E480068401C7C4908607B4800683C
:100320009628E7DB40F6C41009F018FC74E0FFE7FC
:100330007048006801286FD16F48006801286BD1B0
:100340006E480068012867D16D480068F0BB40F234
:100350003520E4F79FFB1FED951ADFED6A0A0A20AE
:100360009FED700AE3F7AFFA0020684908601EE0CD
:1003700006E0012009F0F2FBE0F780FB00B910E095
:10038000694909681B29F4DB64490968644A1268F1
:10039000881A002801DB014600E04142B1F5967F52
:1003A000E7DC00BF59480068401C584908605748BE
:1003B00000689628DCDB5648C07F40F08000544936
:1003C000C8771FEDB01ADFED4F0A00E024E00A20E5
:1003D0009FED560AE3F777FA00204C49086013E0D6
:1003E00006E0012009F0BAFBE0F748FB00B905E0A0
:1003F00048480068484909688842F2DC00BF434821
:100400000068401C41490860404800689628E7DBC6
:1004100040F6C41009F0A2FB0020E3F728F910BD54
:10042000FEB5002400250026002741480068012869
:1004300010D101023F4806F091F901280AD137484E
:100440000068B0F5967F05DC42F2283425463A4E26
:100450003A4F1BE036480068012812D101023548A6
:1004600006F07CF901280CD12C480068B0F5967F85
:1004700007DB40F6AC5425464FF4E17640F2465790
:1004800004E041F2941425462B4E2C4F00202849BD
:10049000086018480068A0B91748006888B917486C
:1004A000006870B91648006858B925480021421004
:1004B0000A23CDE900210290224A4110E5F749F9CB
:1004C00093E00C48006801283FD10B480068D8BB76
:1004D0000A480068C0BB0A480068A8BB1848002149
:1004E00042102346CDE90021029032464110E5F743
:1004F00030F97AE0680200206C02002070020020CF
:1005000074020020000061C400C0C1C43C0400208B
:1005100004000020A0000020A8010020BC00002052
:100520008C0400200080BB449C0000200000E144BB
:10053000F4000020000002403EFEFFFFBAFAFFFF79
:10054000F8F8FFFFAEFCFFFFFFE7F948006801285D
:1005500015D1F8480068012811D1F748006870B932
:10056000F648006858B9F648002142102346CDE904
:100570000021029032464110E5F7EBF835E0EC48F7
:100580000068012816D1EB480068012812D1EA481A
:10059000006801280ED1E948006858B9E8480021F0
:1005A00042102B46CDE9002102903A464110E5F772
:1005B000D0F81AE0DE480068012816D1DD4800684E
:1005C000012812D1DC48006801280ED1DB48006800
:1005D00001280AD1DA48002142102B46CDE900213A
:1005E00002903A464110E5F7B4F80020E3F73FF8EF
:1005F00040F20910E4F73CFA0020D249086019E003
:1006000006E0012009F0AAFAE0F738FA00B90BE099
:10061000CD490968CD4A1268881A002801DB0146D5
:1006200000E041421429ECDC00BFC6480068401CD1
:10063000C4490860C34800683228E1DBC448006848
:1006400088BBC448006870BBC348006858BBB6EE9E
:10065000001A5FED540A0A209FEDC00AE3F733F950
:100660000020B849086014E006E0E0F707FA00B996
:1006700009E0012009F072FA4FF48071B84806F0E1
:100680006DF80028F1D000BFAE480068401CAD49AD
:100690000860AC48006840F20E618842E4DB00204C
:1006A000E2F7E5FF06E0FFE7AB480068012801D16B
:1006B000FFF72AFD0020E2F7DAFFFEBD2DE9FE4339
:1006C000002500260027A846A6480068012811D169
:1006D0000102A34806F042F801280BD19A480068AD
:1006E000B0F5967F06DC42F228352E469E4FDFF8A5
:1006F0007C821CE09B480068012812D101029848C6
:1007000006F02CF801280CD18F480068B0F5967FD0
:1007100007DB40F6AC552E464FF4E17740F24658E1
:1007200005E041F294152E468F4FDFF840820020FD
:100730008C4908607E480068A0B97E48006888B986
:100740007D48006870B97D48006858B97C48002130
:1007500042100A23CDE900210290854A4110E4F7B6
:10076000B7FD68E072480068012814D1714800683C
:1007700088B97148006870B97048006858B9704805
:10078000002142102B46CDE9002102903A4641104B
:10079000E4F79EFD4FE066480068012815D16548E2
:1007A0000068012811D16448006870B96348006886
:1007B00058B96348002142102B46CDE90021029030
:1007C0003A464110E4F784FD35E0594800680128B5
:1007D00016D158480068012812D1574800680128EE
:1007E0000ED15648006858B955480021421033468A
:1007F000CDE90021029042464110E4F769FD1AE07C
:100800004B480068012816D14A480068012812D1D7
:100810004948006801280ED14848006801280AD1DB
:100820004748002142103346CDE90021029042465C
:100830004110E4F74DFD0020E2F719FF40F20910E6
:10084000E4F716F900203F49086019E006E00120AE
:1008500009F084F9E0F712F900B90BE03A490968A8
:100860003A4A1268881A002801DB014600E041423A
:100870001429ECDC00BF33480068401C3149086093
:10088000304800683228E1DB31480068E8BB314875
:100890000068D0BB30480068B8BBB6EE001A5FED08
:1008A000E70A0A209FED2D0AE3F70DF800202549FD
:1008B000086020E006E0E0F7E1F800B915E001206B
:1008C00009F04CF94FF48071254805F047FF0028E6
:1008D000F1D01D4800681D490968441A002C01DB4D
:1008E000204600E060421428E5DC00BF154800689F
:1008F000401C144908601348006840F20E618842A9
:10090000D8DB0020E2F7B3FE0DE0FFE711480068F6
:10091000012802D1FCF71AF805E00F480068012809
:1009200001D1FBF704FE0020E2F7A1FEBDE8FE8343
:10093000680200206C020020700200207402002077
:10094000F8F8FFFF3C040020BC0000208C040020CD
:10095000E8000020EC000020F000002000006144CE
:1009600000000240F40000203EFEFFFFBAFAFFFF45
:10097000AEFCFFFF70B5F8480068451DECF710FEAF
:1009800040F20910E4F774F8F4480068B8BBF44882
:100990000068A0BBF348006888BBF348006870BBE0
:1009A0001DE0F2480068A84209DD9FEDF11ADFED75
:1009B000F10A12209FEDF00AE2F785FF08E09FEDB3
:1009C000EC1ADFEDEC0A14201FED1C0AE2F77BFFA6
:1009D000012009F0C3F8E0F751F800B913E04FF433
:1009E0008071E64805F0BAFE0028DAD0E4480068D5
:1009F000E4490968441A002C02DB204601E003E0C8
:100A000060421428CDDC05E1D448006801283CD1BF
:100A1000D3480068A0BBD348006888BBD2480068B0
:100A200070BB1DE0D1480068A84209DD9FEDD01AD7
:100A3000DFEDD00A12209FEDD00AE2F744FF08E074
:100A40009FEDCB1ADFEDCB0A14201FED3C0AE2F735
:100A50003AFF012009F082F8E0F710F800B913E03E
:100A60004FF48071C54805F079FE0028DAD0C448FB
:100A70000068C4490968441A002C02DB204601E0E2
:100A800003E060421428CDDCC4E0B44800680128CB
:100A90005DD1B3480068012859D1B2480068C0BB95
:100AA000B1480068A8BB24E04FF40061B34805F0EA
:100AB00055FE70B90121B44805F050FE48B99FEDCC
:100AC000AC1ADFEDAC0A12209FEDB00AE2F7FBFE94
:100AD00008E09FEDA71ADFEDA70A14201FED610AB9
:100AE000E2F7F1FE012009F039F8DFF7C7FF00B99E
:100AF00013E04FF48071A14805F030FE0028D3D0F8
:100B00009F4800689F490968441A002C02DB204670
:100B100001E01CE060421428C6DC00BF9FED941A7F
:100B2000DFED940A0A209FED9A0AE2F7CCFE06E078
:100B3000012009F013F8DFF7A1FF00B906E04FF438
:100B400000618E4805F00AFE0028F1D062E083487B
:100B5000006801285ED18248006801285AD1814886
:100B60000068012856D180480068A8BB24E04FF4F3
:100B70000061824805F0F2FD70B90121824805F05C
:100B8000EDFD48B99FED7A1ADFED7A0A12209FED4C
:100B90007F0AE2F798FE08E09FED751ADFED750A0F
:100BA00014201FED920AE2F78EFE012008F0D6FF16
:100BB000DFF764FF00B913E04FF480716F4805F070
:100BC000CDFD0028D3D06E4800686E490968441AEC
:100BD000002C02DB204601E01CE060421428C6DC49
:100BE00000BF9FED631ADFED630A0A209FED680ADC
:100BF000E2F769FE06E0012008F0B0FFDFF73EFFF4
:100C000000B906E04FF400615C4805F0A7FD00283C
:100C1000F1D000BF0020E2F72AFD70BDFEB5002430
:100C20000025002600275B480068012810D101023A
:100C3000524805F093FD01280AD151480068B0F5EB
:100C4000967F05DC42F228342546534E534F1AE076
:100C500050480068012811D10102484805F07EFD86
:100C600060B947480068B0F5967F07DC40F6AC54A1
:100C700025464FF4E17640F2465704E041F29414E1
:100C80002546454E454F00204249086033480068DC
:100C9000A0B93348006888B93248006870B9324852
:100CA000006858B93E48002142100A23CDE90021CE
:100CB00002903C4A4110E4F74CFD91E0274800685F
:100CC000012814D12648006888B92648006870B900
:100CD0002548006858B93248002142102346CDE922
:100CE0000021029032464110E4F733FD78E01B48C2
:100CF0000068012815D11A480068012811D1194847
:100D0000006870B91848006858B925480021421099
:100D10002346CDE90021029032464110E4F719FD47
:100D20005EE00E48006801283FD10D4800680128A8
:100D30003BD10C480068012837D10B48006898BBAC
:100D40001748002142102B46CDE9002102903A4677
:100D50004110E4F7FEFC43E0A801002068020020F7
:100D60006C0200207002002074020020A00000200D
:100D70003333333F000061C40040B54400000240FB
:100D8000BC0000208C040020000402400000AF439F
:100D900000000000F40000203EFEFFFFBAFAFFFF53
:100DA000F8F8FFFFAEFCFFFFFFE7FB4800680128F3
:100DB00016D1FA480068012812D1F94800680128C4
:100DC0000ED1F848006801280AD1F74800214210E6
:100DD0002B46CDE9002102903A464110E4F7B9FCD8
:100DE0000020E2F744FC40F20910E3F741FE002046
:100DF000EE49086019E006E0012008F0AFFEDFF7D9
:100E00003DFE00B90BE0EA490968EA4A1268881A0F
:100E1000002801DB014600E041421429ECDC00BF60
:100E2000E2480068401CE1490860E0480068322858
:100E3000E1DBE1480068D0BBE0480068B8BBE048AF
:100E40000068A0BB1FED361A5FED360A0C209FED3F
:100E5000DD0AE2F738FD0020D449086014E006E01E
:100E6000DFF70CFE00B909E0012008F077FE4FF42F
:100E70008071D54805F072FC0028F1D000BFCB4846
:100E80000068401CC9490860C848006840F20E610B
:100E90008842E4DB1FED4A1A5FED4A0A08209FED05
:100EA000C90AE2F710FD0020C049086015E01EE005
:100EB00006E0DFF7E3FD00B909E0012008F04EFE8F
:100EC0004FF48071C04805F049FC0028F1D000BF04
:100ED000B6480068401CB5490860B448006840F254
:100EE0000E618842E4DB0020E2F7C1FB0CE0B2486F
:100EF0000068012802D1FFF73DFD05E0B048006819
:100F0000012801D1FFF700F90020E2F7B0FBFEBD98
:100F1000FEB50024002500260027AC480068012803
:100F200010D10102A84805F019FC01280AD1A048F7
:100F30000068B0F5967F05DC42F228342546A44EC1
:100F4000A44F1AE0A1480068012811D101029E486F
:100F500005F004FC60B996480068B0F5967F07DCA0
:100F600040F6AC5425464FF4E17640F2465704E093
:100F700041F294142546964E964F002093490860FE
:100F800085480068A0B98548006888B98448006829
:100F900070B98448006858B98348002142100A2378
:100FA000CDE9002102908C4A4110E4F791F968E004
:100FB00079480068012814D17848006888B97848D1
:100FC000006870B97748006858B977480021421026
:100FD0002346CDE90021029032464110E4F778F92A
:100FE0004FE06D480068012815D16C480068012861
:100FF00011D16B48006870B96A48006858B96A48EE
:10100000002142102346CDE90021029032464110D2
:10101000E4F75EF935E060480068012816D15F48C2
:101020000068012812D15E48006801280ED15D4891
:10103000006858B95C48002142102B46CDE90021D8
:1010400002903A464110E4F743F91AE0524800682A
:10105000012816D151480068012812D15048006873
:1010600001280ED14F48006801280AD14E480021BE
:1010700042102B46CDE9002102903A464110E4F798
:1010800027F90020E2F7F3FA40F20910E3F7F0FC49
:1010900000204649086019E006E0012008F05EFDE6
:1010A000DFF7ECFC00B90BE041490968414A1268DE
:1010B000881A002801DB014600E041421429ECDCDB
:1010C00000BF3A480068401C38490860374800684B
:1010D0003228E1DB0020E2F7CAFA37480068D0BBCB
:1010E00036480068B8BB36480068A0BB1FEDE01A60
:1010F0005FEDE00A0C209FED330AE2F7E4FB0020ED
:101100002A49086014E006E0DFF7B8FC00B909E0FE
:10111000012008F023FD4FF480712B4805F01EFBE1
:101120000028F1D000BF21480068401C1F4908601A
:101130001E48006840F20E618842E4DB1FEDF41A9D
:101140005FEDF40A08209FED1F0AE2F7BCFB0020C8
:101150001649086015E041E006E0DFF78FFC00B9B2
:1011600009E0012008F0FAFC4FF48071164805F000
:10117000F5FA0028F1D000BF0C480068401C0B496C
:1011800008600A48006840F20E618842E4DB0020F3
:10119000E2F76DFA36E00000680200206C020020E1
:1011A0007002002074020020F8F8FFFF3C040020C9
:1011B000BC0000208C040020E8000020EC0000208F
:1011C000F00000200000614400000240F400002014
:1011D0003EFEFFFFBAFAFFFFAEFCFFFFFE480068CD
:1011E000012802D1FCF75AFA0CE0FC4800680128FB
:1011F00002D1FBF7ABFB05E0F9480068012801D1FB
:10120000FBF795F90020E2F732FAFEBDFEB50024A7
:10121000002500260027F348006801280BD10103B0
:10122000F14805F09BFA012805D142F22834254601
:10123000EE4EEF4F15E0EB48006801280CD101039A
:10124000E94805F08BFA38B940F6AC5425464FF41E
:10125000E17640F2465704E041F294142546E34E0D
:10126000E34F0020DF490860E2480068A0B9E24887
:10127000006888B9E148006870B9E148006858B969
:10128000E048002142100A23CDE900210290DE4A05
:101290004110E4F71DF868E0D6480068012814D131
:1012A000D548006888B9D548006870B9D448006846
:1012B00058B9D448002142102346CDE900210290BC
:1012C00032464110E4F704F84FE0CA4800680128AC
:1012D00015D1C9480068012811D1C848006870B903
:1012E000C748006858B9C748002142102346CDE9D5
:1012F0000021029032464110E3F7EAFF35E0BD4895
:101300000068012816D1BC480068012812D1BB48EA
:10131000006801280ED1BA48006858B9B9480021C0
:1013200042102B46CDE9002102903A464110E3F7E6
:10133000CFFF1AE0AF480068012816D1AE48006818
:10134000012812D1AD48006801280ED1AC480068D0
:1013500001280AD1AB48002142102B46CDE90021DB
:1013600002903A464110E3F7B3FF0020E2F77FF91D
:1013700040F20910E3F77CFB0020A449086019E063
:1013800006E0012008F0EAFBDFF778FB00B90BE08C
:101390009F4909689F4A1268881A002801DB0146A4
:1013A00000E041421429ECDC00BF98480068401C72
:1013B00096490860954800683228E1DB0020E2F792
:1013C00056F98548006800285AD184480068B8BB9F
:1013D00083480068A0BB9FED901ADFED900A0C20B7
:1013E0001FED880AE2F76FFA00208849086014E0D0
:1013F00006E0DFF743FB00B909E0012008F0AEFB8F
:101400004FF48071784805F0A9F90028F1D000BFA9
:101410007E480068401C7D4908607C48006840F2B6
:101420000E618842E4DB9FED7C1ADFED7C0A082028
:101430001FED9C0AE2F747FA00207449086015E0A6
:101440001EE006E0DFF71AFB00B909E0012008F012
:1014500085FB4FF48071644805F080F90028F1D0D5
:1014600000BF6A480068401C684908606748006817
:1014700040F20E618842E4DB0020E2F7F8F813E066
:1014800055480068012802D1FCF708F90CE05348E0
:101490000068012802D1FBF759FA05E050480068BE
:1014A000012801D1FBF743F80020E2F7E0F8FEBD88
:1014B0002DE9FE43002500260027A846494800687C
:1014C00001280CD10103484805F048F9012806D14C
:1014D00042F228352E46454FDFF8148116E0414888
:1014E000006801280CD101033F4805F037F938B9ED
:1014F00040F6AC552E464FF4E17740F2465805E0F1
:1015000041F294152E46394FDFF8E480002035492A
:10151000086038480068A0B93748006888B937487B
:10152000006870B93648006858B936480021421042
:101530000A23CDE900210290334A4110E3F7C8FEA7
:101540008EE02C480068012814D12B48006888B927
:101550002A48006870B92A48006858B9294800210B
:1015600042102B46CDE9002102903A464110E3F7A4
:10157000AFFE75E01F480068012815D11E480068BD
:10158000012811D11D48006870B91D48006858B97C
:101590001C48002142102B46CDE9002102903A461A
:1015A0004110E3F795FE5BE01248006801283CD14A
:1015B00011480068012838D110480068012834D14A
:1015C0000F48006860BB0F48002142103346CDE948
:1015D00000210290424624E0E8000020EC000020B8
:1015E000F0000020F4000020000002403EFEFFFF5B
:1015F000BAFAFFFF680200206C020020700200208F
:1016000074020020F8F8FFFFAEFCFFFF3C0400204E
:10161000BC0000208C0400203333333F000061C441
:1016200003E04110E3F754FE1AE0FD48006801288A
:1016300016D1FC480068012812D1FB480068012837
:101640000ED1FA48006801280AD1F9480021421059
:101650003346CDE90021029042464110E3F738FEBF
:101660000020E2F704F8E3F7F7F9F2480068FA30EF
:10167000F1490860F1480068FA30F1490860F14822
:10168000006888BBF048006870BBF048006858BB31
:101690001FED1F1A5FED1F0A0A209FEDED0AE2F70A
:1016A00012F90020EB49086028E006E0DFF7E6F9D0
:1016B00000B91DE0012008F051FA4FF48071E648AE
:1016C00005F04CF80128F1D04FF48051E24805F0C4
:1016D00045F80028EAD0E1480068D9490968441A69
:1016E000002C02DB204601E00FE060420A28DDDC2E
:1016F00000BFD8480068401CD6490860D54800683B
:1017000040F20E618842D0DB13E0CE480068012829
:1017100002D1FDF704F90CE0CB480068012802D1A2
:10172000FCF7E9FE05E0C9480068012801D1FCF793
:10173000E9FC0020E1F79BFFBDE8FE8310B540F215
:101740003520E3F795F9B6480068002862D1B5481E
:10175000006800285ED1B448006800285AD1B34818
:101760000068002856D129E00421BD4804F0F6FFA6
:1017700070B98021BB4804F0F1FF48B91FED5A1A37
:101780005FED5A0A12209FEDB80AE2F79CF80EE0CE
:101790001FED5F1A5FED5F0A10209FEDAD0AE2F7C3
:1017A00092F8B248C07F40F08000B049C87701206D
:1017B00008F0D4F9DFF762F900B912E04FF4805174
:1017C000A54804F0CBFF0028CED0A44800689C496F
:1017D0000968441A002C01DB204600E060422828FA
:1017E000C2DC00BF1FED741A5FED740A0A209FED82
:1017F000A00AE2F768F806E0012008F0AFF9DFF789
:101800003DF900B905E00421954804F0A7FF002840
:10181000F2D066E182480068012862D18148006800
:1018200000285ED18048006800285AD17F480068AF
:10183000002856D129E00421894804F08FFF70B9AF
:101840008021884804F08AFF48B91FED8D1A5FEDAA
:101850008D0A12209FED840AE2F735F80EE01FEDA5
:10186000921A5FED920A10209FED790AE2F72BF8A9
:101870007E48C07F40F020007C49C877012008F0F6
:101880006DF9DFF7FBF800B912E04FF480517248B0
:1018900004F064FF0028CED07048006868490968E9
:1018A000441A002C01DB204600E060422828C2DCFC
:1018B00000BF1FEDA71A5FEDA70A0A209FED6C0A73
:1018C000E2F701F806E0012008F048F9DFF7D6F862
:1018D00000B905E00421624804F040FF0028F2D07E
:1018E000FFE04F480068012863D14E480068012896
:1018F0005FD14D48006870BB4C48006858BB2BE076
:101900000121584804F02AFF78B94FF40061524889
:1019100004F024FF48B91FEDC01A5FEDC00A122081
:101920009FED540AE1F7CFFF0EE01FEDC51A5FED02
:10193000C50A10209FED460AE1F7C5FF4B48C07F5E
:1019400040F080004949C877012008F007F9DFF727
:1019500095F808B913E02CE04FF480513E4804F0AC
:10196000FDFE0028CCD03D48006835490968441A7E
:10197000002C01DB204600E060422828C0DC00BFCC
:101980001FEDDB1A5FEDDB0A0A209FED3B0AE1F752
:101990009AFF06E0012008F0E1F8DFF76FF800B9E0
:1019A00006E04FF400612C4804F0D8FE0028F1D086
:1019B00097E01B480068012831D11A4800680128C7
:1019C0002DD119480068012829D11848006830BB7A
:1019D0005AE00121234804F0C1FE78B94FF40061B8
:1019E0001D4804F0BBFE48B91FEDF51A5FEDF50A7E
:1019F00012209FED200AE1F766FF0EE01FEDFA1AB4
:101A00005FEDFA0A10209FED120AE1F75CFF17481C
:101A1000C07F40F020001549C87701202EE060E02B
:101A2000680200206C020020700200207402002076
:101A3000F8F8FFFF780400208004002084040020D0
:101A40008C040020E8000020EC000020F0000020C2
:101A5000000061443C04002000000240BC00002063
:101A6000001002400004024000409C44040000209A
:101A70000000E144008022440000000008F06EF8FD
:101A8000DEF7FCFF00B912E04FF48051FB4804F090
:101A900065FE00289DD0FA480068FA490968441A92
:101AA000002C01DB204600E06042282891DC00BFCA
:101AB0009FEDF51ADFEDF50A0A201FED110AE1F797
:101AC00002FF06E0012008F049F8DEF7D7FF00B971
:101AD00006E04FF40061E94804F040FE0028F1D030
:101AE00000BF0020E1F7C3FD10BD3EB5E848006827
:101AF000A8B9E848006890B9E748006878B9E748AD
:101B0000006860B9E6480021421040F6AC53CDE9C8
:101B100000210290E34A4110E3F7DAFB6CE0DC4875
:101B20000068012815D1DB48006890B9DA480068E0
:101B300078B9DA48006860B9D948002142104FF4FA
:101B40007A63CDE90021029082104110E3F7C0FBD7
:101B500052E0CF480068012816D1CE48006801281D
:101B600012D1CD48006878B9CC48006860B9CC483B
:101B7000002142104FF47A63CDE9002102908210D7
:101B80004110E3F7A5FB37E0C1480068012817D1F1
:101B9000C0480068012813D1BF48006801280FD150
:101BA000BE48006860B9BE48002142104FF47A6315
:101BB000CDE900210290BC4A4110E3F789FB1BE00C
:101BC000B3480068012817D1B2480068012813D132
:101BD000B148006801280FD1B048006801280BD136
:101BE000AF48002142104FF47A63CDE90021029002
:101BF000AD4A4110E3F76CFB0020E1F738FD4FF4EC
:101C0000F070E2F735FF0020A849086019E006E00F
:101C1000012007F0A3FFDEF731FF00B90BE0984980
:101C20000968984A1268881A002801DB014600E01A
:101C300041426429ECDC00BF9C480068401C9B4981
:101C400008609A4800683228E1DB9948006800285B
:101C500071D19848006800286DD197480068002825
:101C600069D19FED891ADFED890A10201FED880ADE
:101C7000E1F729FE00208D49086020E006E0012000
:101C800007F06CFFDEF7FAFE00B912E04FF4807146
:101C90007A4804F063FD0128F1D079480068794959
:101CA0000968441A002C01DB204600E06042142839
:101CB000E5DC00BF7D480068401C7C4908607B482B
:101CC000006840F20E618842D8DB9FED6F1ADFEDAD
:101CD0006F0A08201FEDA20AE1F7F5FD0020734905
:101CE000086020E006E0012007F038FFDEF7C6FEBE
:101CF00000B912E04FF48051604804F02FFD002835
:101D0000F1D05F4800685F490968441A002C01DB84
:101D1000204600E060421428E5DC00BF634800680C
:101D2000401C624908606148006840F20E618842C8
:101D3000D8DB0DE0FFE75E480068012802D1FFF71D
:101D4000FDFC05E05C480068012801D1FCF7DAF9E8
:101D50000020E1F78CFC3EBD3EB54D480068A8B9B7
:101D60004C48006890B94C48006878B94B48006806
:101D700060B94B480021421040F6AC53CDE9002138
:101D80000290484A4110E3F7E4FC6CE040480068E8
:101D9000012815D13F48006890B93F48006878B9DC
:101DA0003E48006860B93E48002142104FF47A6313
:101DB000CDE90021029082104110E3F7CAFC52E005
:101DC00033480068012816D132480068012812D132
:101DD0003148006878B93148006860B9304800215E
:101DE00042104FF47A63CDE9002102908210411035
:101DF000E3F7AFFC37E026480068012817D12548F3
:101E00000068012813D12448006801280FD1234815
:101E1000006860B92248002142104FF47A63CDE98E
:101E200000210290204A4110E3F793FC1BE0184880
:101E30000068012817D117480068012813D11648F7
:101E4000006801280FD11548006801280BD11448FB
:101E5000002142104FF47A63CDE900210290124A2A
:101E60004110E3F776FC0020E1F701FC4FF4F0703D
:101E7000E2F7FEFD00200D49086039E00000024055
:101E8000BC0000208C0400203333333F000061C4C9
:101E9000680200206C020020700200207402002002
:101EA000F8F8FFFFAEFCFFFFBAFAFFFF3C0400208A
:101EB000E8000020EC000020F000002006E00120F7
:101EC00007F04CFEDEF7DAFD00B90BE0FE490968C9
:101ED000FE4A1268881A002801DB014600E04142F0
:101EE0006429ECDC00BFFA480068401CF84908602F
:101EF000F74800683228E1DBF648006800286BD11B
:101F0000F5480068002867D1F4480068002863D1CC
:101F10001FED231A5FED230A10209FEDF10AE1F770
:101F2000D2FC0020EA49086020E006E0012007F02A
:101F300015FEDEF7A3FD00B912E04FF48071E94809
:101F400004F00CFC0128F1D0DF480068DF49096883
:101F5000441A002C01DB204600E060421428E5DC36
:101F600000BFDB480068401CD9490860D8480068B9
:101F700040F20E618842D8DB1FED3D1A5FED3D0A4D
:101F800008209FEDD70AE1F79EFC0020D0490860A9
:101F90001BE006E0012007F0E1FDDEF76FFD00B970
:101FA0000DE04FF48071CF4804F0D8FB0128F1D048
:101FB0004FF48051CB4804F0D1FB0028EAD000BF99
:101FC000C3480068401CC2490860C148006840F22C
:101FD0000E618842DDDB13E0BE480068012802D1B3
:101FE000FDF796FC0CE0BD480068012802D1FDF722
:101FF00027FB05E0B8480068012801D1FDF729F961
:102000000020E1F734FB3EBD10B5B7494842E3F785
:1020100036FAB0480068002843D1AF48006800286D
:102020003FD1AE480068D8BBB0480068C0BB40F2A2
:102030000910E2F71DFDB6EE001A5FED6C0A1420E0
:102040009FEDA70AE1F73FFC0020A149086020E0CE
:1020500006E0DEF713FD00B915E0012007F07EFD74
:102060004FF480719F4804F079FB0028F1D0964826
:10207000006896490968441A002C01DB204600E0FC
:1020800060421428E5DC00BF91480068401C90497C
:1020900008608F48006840F20E618842D8DB06E095
:1020A000FFE78E480068012801D1FEF72DF810BD2A
:1020B00010B58D494842E3F7E2F9864800680028E8
:1020C00047D185480068002843D18448006800282B
:1020D0003FD187480068D8BB84480068C0BB40F245
:1020E0000910E2F7C5FCB6EE001A5FED980A14205D
:1020F0009FED7B0AE1F7E7FB00207549086020E0CF
:1021000006E0DEF7BBFC00B915E0012007F026FD74
:102110004FF48071734804F021FB0028F1D06A4825
:1021200000686A490968441A002C01DB204600E077
:1021300060421428E5DC00BF65480068401C644923
:1021400008606348006840F20E618842D8DB0DE009
:10215000FFE761480068012802D1FAF7F7FB05E0C4
:102160005E480068012801D1FAF7E1F910BD10B509
:102170005D494842E3F783F956480068002843D197
:102180005548006800283FD154480068D8BB5848DB
:102190000068C0BB40F20910E2F76AFCB6EE001A14
:1021A0005FEDC60A14209FED4E0AE1F78CFB00207C
:1021B0004749086020E006E0DEF760FC00B915E062
:1021C000012007F0CBFC4FF48071464804F0C6FABA
:1021D0000028F1D03C4800683C490968441A002CAA
:1021E00001DB204600E060421428E5DC00BF3848EF
:1021F0000068401C364908603548006840F20E61AE
:102200008842D8DB06E0FFE733480068012801D1A7
:10221000FAF7CEFE10BD10B533494842E3F72FF967
:102220002C480068002869D12B480068002865D137
:102230002A480068002861D12C48006800287CD119
:1022400040F20910E2F714FC1FEDF11A5FEDF10AFC
:1022500014209FED230AE1F736FB00201C4908609B
:1022600020E006E0DEF70AFC00B915E0012007F0E7
:1022700075FC4FF480711B4804F070FA0028F1D00F
:102280001148006811490968441A002C01DB2046F6
:1022900000E060421428E5DC00BF0D480068401CE7
:1022A0000B4908600A48006840F20E618842D8DB9A
:1022B0009FED101ADFED100A0A209FED090AE1F7E1
:1022C00002FB002002491AE0BC0000208C04002020
:1022D0003C040020E8000020EC000020F00000207A
:1022E00000006144000002407CFCFFFFF800002079
:1022F000F40000203333333F000061C41DE0086068
:1023000014E006E0DEF7BAFB00B909E0012007F0AF
:1023100025FC4FF48071FE4804F020FA0028F1D02B
:1023200000BFFC480068401CFA490860F948006892
:1023300040F20E618842E4DB0CE0F74800680128B7
:1023400002D1FEF717FB05E0F4480068012801D12F
:10235000FDF7DAFE10BD10B5F1494842E2F79DFDE8
:1023600040F20910E2F784FBEB48006800286CD1CA
:10237000EC480068002868D1E8480068002864D16B
:10238000E9480068002860D1E848006800285CD16E
:102390001FED281A5FED280A14201FED2F0AE1F720
:1023A00092FA0020DB49086020E006E0DEF766FBD9
:1023B00000B915E0012007F0D1FB4FF48071D4483B
:1023C00004F0CCF90028F1D0D9480068D94909684F
:1023D000441A002C01DB204600E060420A28E5DCBC
:1023E00000BFCC480068401CCA490860C948006862
:1023F00040F20E618842D8DB1FED421A5FED420ABF
:102400000A201FED490AE1F75EFA0020C149086081
:1024100014E006E0DEF732FB00B909E0012007F026
:102420009DFB4FF48071BA4804F098F90028F1D070
:1024300000BFB8480068401CB6490860B54800684D
:1024400040F20E618842E4DB13E0B34800680128E3
:1024500002D1FBF723F90CE0B2480068012802D151
:10246000FAF774FA05E0AD480068012801D1FAF7DF
:102470005EF810BD10B5AA494842E2F70EFDA64825
:102480000068002879D1A7480068002875D1A348C2
:102490000068002871D1A448006800286DD140F27E
:1024A0000910E2F7E5FA1FED6D1A5FED6D0A1420D1
:1024B0001FED750AE1F707FA00209649086020E051
:1024C00006E0DEF7DBFA00B915E0012007F046FB75
:1024D0004FF480718E4804F041F90028F1D09448FF
:1024E000006894490968441A002C01DB204600E08A
:1024F00060421E28E5DC00BF86480068401C854914
:1025000008608448006840F20E618842D8DB1FED05
:10251000871A5FED870A0A201FED8F0AE1F7D3F9CA
:1025200000207C49086020E006E0DEF7A7FA00B949
:1025300015E0012007F012FB4FF48071744804F09D
:102540000DF90028F1D07A4800687A490968441AE0
:10255000002C01DB204600E060421E28E5DC00BFC5
:102560006C480068401C6B4908606A48006840F28B
:102570000E618842D8DB0DE0FFE76748006801285C
:1025800002D1FBF7DCFA05E066480068012801D1BA
:10259000FAF70EFD10BD10B561494842E2F77DFC27
:1025A000E2F760FA64480068FA30644908606448F9
:1025B0000068FA305F49086057480068002877D102
:1025C00058480068002873D15448006800286FD12B
:1025D0005548006800286BD154480068002867D12E
:1025E0001FEDBC1A5FEDBC0A14201FEDC30AE1F712
:1025F0006AF900204749086020E006E0012007F062
:10260000ADFADEF73BFA00B912E04FF480714048B2
:1026100004F0A4F80128F1D045480068454909684C
:10262000441A002C01DB204600E060422828E5DC4B
:1026300000BF38480068401C3649086035480068CB
:1026400040F20E618842D8DB1FEDD61A5FEDD60A44
:102650000A201FEDDD0AE1F736F900202D49086058
:102660001BE006E0012007F079FADEF707FA00B96F
:102670000DE04FF48071264804F070F80128F1D085
:102680004FF48051224804F069F80028EAD000BFD6
:1026900020480068401C1F4908601E48006840F23E
:1026A0000E618842DDDB0020E0F7E1FF14E0FFE788
:1026B00019480068012802D1FCF731F90CE01948EB
:1026C0000068012802D1FBF716FF05E013480068F7
:1026D000012801D1FBF716FD0020E0F7C8FF10BD6F
:1026E00010B50F494842E2F7CAFE0B4800680028BF
:1026F00073D10C4800680028FAD108480068002807
:10270000F6D1094800680028F2D1E2F7ABF919E0E8
:10271000000002403C040020E8000020F0000020FF
:102720007CFCFFFFEC000020F4000020F8000020FB
:10273000BC0000208C0400207804002080040020CD
:1027400084040020F7480068FA30F7490860F74829
:102750000068FA30F64908609FEDF61ADFEDF60AD8
:1027600014209FEDF60AE1F7AEF80020F449086066
:1027700020E006E0DEF782F900B915E0012007F05D
:10278000EDF94FF48071EF4803F0E8FF0128F1D034
:10279000ED480068E6490968441A002C01DB204630
:1027A00000E060422828E5DC00BFE5480068401CE6
:1027B000E3490860E248006840F20E618842D8DBD5
:1027C0009FEDDC1ADFEDDC0A0A209FEDDC0AE1F761
:1027D0007AF80020DA49086028E02EE006E0DEF70B
:1027E0004DF900B91CE0012007F0B8F94FF48071F1
:1027F000D44803F0B3FF0128F1D04FF48051D14801
:1028000003F0ACFF0028EAD0CF480068C849096847
:10281000441A002C01DB204600E060420A28DEDC7E
:1028200000BFC7480068401CC5490860C44800682C
:1028300040F20E618842D1DB0CE0C44800680128F8
:1028400002D1FCF76CF805E0C1480068012801D10D
:10285000FBF751FE0020E0F70AFF10BD10B5BD499F
:102860004842E4F708FBB9480068002875D1B84829
:102870000068002871D1B848006800286DD14FF475
:10288000F070E2F7F5F89FEDAB1ADFEDAB0A14201C
:102890009FEDAA0AE1F717F80020A949086020E097
:1028A00006E0012007F05AF9DEF7E8F800B912E077
:1028B0004FF48071A34803F051FF0128F1D0A248E2
:1028C00000689B490968441A002C01DB204600E09F
:1028D00060421428E5DC00BF99480068401C984914
:1028E00008609748006840F20E618842D8DB9FED8F
:1028F000911ADFED910A0A209FED900AE0F7E3FFBD
:1029000000208F49086020E006E0012007F026F94A
:10291000DEF7B4F800B912E04FF48051894803F0B3
:102920001DFF0028F1D08848006881490968441AD1
:10293000002C01DB204600E060421428E5DC00BFEB
:102940007F480068401C7E4908607D48006840F26E
:102950000E618842D8DB0DE0FFE77C480068012863
:1029600002D1FEF7EBFE05E07B480068012801D1AB
:10297000FBF7C8FB0020E0F77AFE10BD10B57549E3
:102980004842E2F78AFAE2F767F866480068FA30E8
:102990006549086065480068FA30654908606B4819
:1029A000006800286BD16A480068002867D16A482F
:1029B0000068002863D19FED5F1ADFED5F0A1420E5
:1029C0009FED5E0AE0F77FFF00205D49086020E090
:1029D00006E0012007F0C2F8DEF750F800B912E077
:1029E0004FF48071574803F0B9FE0128F1D05648E2
:1029F00000684F490968441A002C01DB204600E0BA
:102A000060421428E5DC00BF4D480068401C4C497A
:102A100008604B48006840F20E618842D8DB9FEDA9
:102A2000451ADFED450A0A209FED440AE0F74BFF07
:102A30000020434908601BE006E0012007F08EF803
:102A4000DEF71CF800B90DE04FF480713D4803F04B
:102A500085FE0128F1D04FF480513A4803F07EFE04
:102A60000028EAD000BF36480068401C344908609E
:102A70003348006840F20E618842DDDB13E03348E2
:102A80000068012802D1FCF743FF0CE032480068DF
:102A9000012802D1FCF7D4FD05E02D48006801288B
:102AA00001D1FCF7D6FB0020E0F7E1FD10BD10B529
:102AB00028494842E4F7DFF940F20910E1F7D8FF6E
:102AC0002248006800287DD12148006800287CD178
:102AD00021480068002878D19FED201ADFED160A02
:102AE00014209FED160AE0F7EEFE0020144908605E
:102AF0003FE006E0012007F031F8DDF7BFFF00B945
:102B000031E04FF480710F4803F028FE0028F1D027
:102B10000D48006806490968441A002C20DB20464D
:102B20001FE00000780400208004002084040020BE
:102B30008C0400203333333F000061C40000614443
:102B40003C04002000000240BC000020E8000020FF
:102B5000EC0000207CFCFFFFF00000206666663F72
:102B600060421E28C6DC00BFFE480068401CFD49CC
:102B70000860FC480068FA28BBDB1FED081A5FED0F
:102B8000120A0A201FED130AE0F79DFE0020F54906
:102B9000086014E006E0012006F0E0FFDDF76EFFBC
:102BA00000B906E04FF48071EF4803F0D7FD00282C
:102BB000F1D000BFEB480068401CEA490860E948D2
:102BC000006800E001E0FA28E4DBE848006801283A
:102BD00002D1FAF763FD05E0E5480068012801D15C
:102BE000F9F7B4FE10BD10B5EBF770FDE0480068D2
:102BF000012808D1EAF74AFD4FF47A6006F0AEFFEB
:102C0000F9F7A4FE0BE0D9480068012807D1EAF7DC
:102C1000C7FC4FF47A6006F0A1FFFAF73FFD0020F1
:102C2000E0F725FD10BD10B5EBF716FB0020E0F72F
:102C30001EFDCE480068012807D1EAF7B1FC41F239
:102C4000707006F08BFFFDF795FE0020E0F70FFD9A
:102C500010BD10B5EBF73AFD0020E0F708FDC348C2
:102C60000068012836D1EAF79BFC4FF4FA5006F0D1
:102C700075FFB6EE001A5FED500A0A201FED510AEB
:102C8000E0F721FE0020B749086014E006E0DDF718
:102C9000F5FE00B909E0012006F060FF4FF48071F5
:102CA000B14803F05BFD0028F1D000BFAD480068DB
:102CB000401CAC490860AB48006840F20E61884295
:102CC000E4DB0020E0F7D3FC4FF47A7006F046FF17
:102CD000FAF7E4FC0020E0F7CAFC10BD10B5EBF7F2
:102CE000F5FC0020E0F7C3FCA1480068012808D1EA
:102CF000EAF7CCFC4FF47A6006F030FFFBF7FBFB01
:102D00000BE09A480068012807D1EAF749FC4FF424
:102D10007A6006F023FFFBF702FE0020E0F7A7FC35
:102D200010BD10B5EBF7D2FC0020E0F7A0FC8F48F7
:102D30000068012807D1EAF733FC4FF47A6006F007
:102D40000DFFFEF7FBFC0020E0F791FC10BD10B575
:102D5000EBF782FA0020E0F78AFC8548006801283A
:102D600008D1EAF793FC4FF47A6006F0F7FEFCF71F
:102D700070FA0BE07D480068012807D1EAF710FCE3
:102D80004FF47A6006F0EAFEFCF7C2FD0020E0F79F
:102D90006EFC10BD10B577480068012815D1764843
:102DA000006890B97548006878B97548006860B9DE
:102DB0001FEDA01A5FEDA00A0A201FEDA10AE0F79F
:102DC00082FD4FF4FA5006F0C9FE0020E0F74FFCF8
:102DD00010BD10B5ECF7C4FC0020E0F748FC6948D2
:102DE000006801280AD1EAF701FD4FF47A6006F085
:102DF000B5FEFFF7CFFFF9F79AFB0BE05B480068E1
:102E0000012807D1EAF7CCFB4FF47A6006F0A6FE62
:102E1000FAF744FC10BD10B5ECF763FA0020E0F7B8
:102E200026FC5248006801282DD1EAF7B9FB4FF47F
:102E30007A6006F093FE40F20910E1F719FE0020D7
:102E40004849086019E006E0012006F087FEDDF73A
:102E500015FE00B90BE04C4909684C4A1268881A03
:102E6000002801DB014600E041420F29ECDC00BFF5
:102E70003C480068401C3B4908603A4800683228DA
:102E8000E1DBFAF75CFE10BD10B5ECF72AFA002082
:102E9000E0F7EDFB3B480068012823D1EAF7A6FCE8
:102EA00040F6B83006F05AFE4FF48A70E1F7E0FDC4
:102EB00006E0012006F052FEDDF7E0FD00B90BE070
:102EC00031490968314A1268881A002801DB014635
:102ED00000E041421929ECDC00BFFFF75BFFFBF784
:102EE00011F90BE021480068012807D1EAF758FBE7
:102EF00041F2883006F032FEFBF711FD10BD10B52F
:102F0000ECF7EFF90020E0F7B2FB1E48006801285B
:102F10000AD1EAF76BFC4FF47A6006F01FFEFFF768
:102F200039FFFCF78DFB0BE010480068012807D142
:102F3000EAF736FB4FF47A6006F010FEFCF7E8FC87
:102F400010BD10B5ECF70CFC0020E0F790FB074833
:102F5000006801281ED1EAF723FB4FF47A6006F0DF
:102F6000FDFD15E03C04002000000240E8000020C8
:102F7000EC000020680200206C020020700200209B
:102F800074020020F0000020BC0000208C0400200F
:102F9000FAF784FB10BD08B540F2C620E1F768FDE2
:102FA0000020F749086019E006E0012006F0D6FD90
:102FB000DDF764FD00B90BE0F2490968F24A1268D6
:102FC000881A002801DB014600E041420A29ECDCB6
:102FD00000BFEB480068401CE9490860E848006809
:102FE0009628E1DB0020E649086012E006E00120B7
:102FF00006F0B4FDDDF742FD00B904E0E3480068E7
:10300000B0F5827FF3DB00BFDD480068401CDC497F
:103010000860DB48006840F21A418842E6DB032082
:103020002D2305224FF47A710090D94800680A30A8
:10303000F7F7C4FF0020E0F71AFBB6EE001ADFED49
:10304000D50A0C209FEDD40AE0F73DFC0020CC49C6
:10305000086014E006E0012006F080FDDDF70EFDBB
:1030600000B906E04FF48051CC4803F077FB00280C
:10307000F1D000BFC2480068401CC1490860C04888
:10308000006840F21A418842E4DB0A20E0F7EFFAD8
:10309000C348006801285ED1C2480068012813D1E6
:1030A000C148006880B9C148006868B9C048006874
:1030B00050B90120282305224FF47A710090BD48B1
:1030C0000068F7F77BFF17E0B6480068012813D1C6
:1030D000B548006801280FD1B448006860B9B44809
:1030E000006848B90120282305224FF47A71009026
:1030F000A7480068F7F762FF0020E0F7B8FAB6EEDD
:10310000001ADFEDA40A0C209FEDA30AE0F7DBFB19
:1031100000209B49086014E006E0012006F01EFD37
:10312000DDF7ACFC00B906E04FF480519B4803F09A
:1031300015FB0028F1D000BF91480068401C904961
:1031400008608F48006840F21A418842E4DB4FF47F
:103150007A7006F003FD0020E0F789FA08BD38B563
:103160009FED951ADFED8B0A0A209FED8A0AE0F7A2
:10317000AAFB40F6AC5006F0F1FC1420E0F777FA19
:1031800000207F49086012E006E0012006F0E6FC1E
:10319000DDF774FC00B904E07C480068B0F5B47F4A
:1031A000F3DB00BF76480068401C7549086074482E
:1031B000006840F21A418842E6DB41F2883006F0AE
:1031C000CDFC0020E0F753FA4FF4FA6006F0C6FC9D
:1031D00073480068012865D19FED781ADFED6D0A0C
:1031E0001E209FED770AE0F76EFBDFF776FA06E028
:1031F000052006F0B3FCDDF741FC00B913E0DDF774
:1032000073FC0546DDF743FC041E01DB204600E0AD
:103210006042002D01DB294600E06942084442F289
:1032200010718842E4DB00BF0020E0F720FA0320A1
:103230001E2305224FF47A71009062480068F7F768
:10324000BDFE40F23F20E1F713FC9FED5F1ADFED7A
:10325000510A0C209FED500AE0F735FB0020484949
:10326000086014E006E0012006F078FCDDF706FCBB
:1032700000B906E04FF48051484803F06FFA002887
:10328000F1D000BF3E480068401C3D4908603C4802
:10329000006840F21A418842E4DB4FF47A7006F08D
:1032A0005DFCAFE03E480068002841D14748006817
:1032B00000283DD146480068002839D145480068BB
:1032C000B8BB9FED3E1ADFED330A1E209FED3C0A8E
:1032D000E0F7F9FADFF701FA06E0012006F03EFC1C
:1032E000DDF7CCFB00B913E0DDF7FEFB0546DDF7AB
:1032F000CEFB041E01DB204600E06042002D01DB16
:10330000294600E06942084442F210718842E4DB39
:1033100000BF0020E0F7ABF903202A4900900968BC
:10332000A1F10A001E2305224FF47A71F7F746FE39
:1033300068E0FFE727480068012863D19FED1F1A66
:10334000DFED140A1E209FED1E0AE0F7BCFADFF73E
:10335000C4F906E0012006F001FCDDF78FFB00B99F
:1033600040E0DDF7C1FB0546DDF791FB041E01DB04
:10337000204600E06042002D2EDB29462DE00000B3
:103380003C040020BC0000208C040020A000002091
:10339000F8010020000061C4000061440000024008
:1033A000E8000020680200206C020020700200206B
:1033B00074020020F4010020CDCCCC3D9A99193F35
:1033C0000000E144EC0100209A99993EEC000020B5
:1033D000F0000020F40200206942084444F25061E9
:1033E0008842B7DB00BF0020E0F741F90320FD4928
:1033F00000900968A1F10A001E2305224FF47A719A
:10340000F7F7DCFD0020E0F732F90120F64908600B
:1034100038BD38B50020F549086012E006E001200B
:1034200006F09CFBDDF72AFB00B904E0F0480068D9
:10343000B0F5BE7FF3DB00BFEC480068401CEB49F1
:103440000860EA48006840F21A418842E6DB41F22F
:10345000883006F083FB0020E0F709F9E5480068B2
:10346000012865D11FED2B1A5FED360A1E209FED56
:10347000E20AE0F728FADFF730F906E0052006F067
:103480006DFBDDF7FBFA00B913E0DDF72DFB054618
:10349000DDF7FDFA041E01DB204600E06042002D4E
:1034A00001DB294600E06942084442F2107188427B
:1034B000E4DB00BF0020E0F7DAF803201E2305223A
:1034C0004FF47A710090CD480068F7F777FD40F22D
:1034D0003F20E1F7CDFA1FED441A5FED520A0C20B0
:1034E0001FED530AE0F7EFF90020C049086014E02F
:1034F00006E0012006F032FBDDF7C0FA00B906E075
:103500004FF48051BE4803F029F90028F1D000BFE4
:10351000B6480068401CB5490860B448006840F2ED
:103520001A418842E4DB4FF47A7006F017FB7AE028
:10353000B0480068002876D1B2480068B8BB1FEDDB
:10354000611A5FED6C0A1E209FEDAB0AE0F7BBF934
:10355000DFF7C3F806E0052006F000FBDDF78EFA82
:1035600000B913E0DDF7C0FA0546DDF790FA041E56
:1035700001DB204600E06042002D01DB294600E02F
:103580006942084442F210718842E4DB00BF002027
:10359000E0F76DF80320994900900968A1F10D004A
:1035A0001E2305224FF47A71F7F708FD3BE0FFE791
:1035B00094480068012836D11FED801A5FED8B0A10
:1035C0001E209FED8D0AE0F77EF9DFF786F806E012
:1035D000052006F0C3FADDF751FA00B913E0DDF774
:1035E00083FA0546DDF753FA041E01DB204600E0AE
:1035F0006042002D01DB294600E06942084444F2A4
:1036000050618842E4DB00BF0020E0F730F803207F
:103610007D4900900968A1F10D001E2305224FF499
:103620007A71F7F7CBFC01206F4908600020E0F7C2
:103630001EF838BD08B540F2C620E1F719FA00209F
:103640006A49086019E006E0012006F087FADDF714
:1036500015FA00B90BE06D4909686D4A1268881ABD
:10366000002801DB014600E041420A29ECDC00BFF2
:103670005E480068401C5D4908605C480068962808
:10368000E1DB00205949086012E006E0012006F065
:1036900065FADDF7F3F900B904E055480068B0F5C4
:1036A000827FF3DB00BF51480068401C4F4908602F
:1036B0004E48006840F21A418842E6DB0020DFF7FE
:1036C000D6FF0320504900900968A1F10A002D237C
:1036D00005224FF47A71F7F771FCB6EE001A5FED30
:1036E000D30A0C201FEDD40AE0F7EDF800203F4983
:1036F000086014E006E0012006F030FADDF7BEF9BC
:1037000000B906E04FF480513D4803F027F8002847
:10371000F1D000BF35480068401C34490860334888
:10372000006840F21A418842E4DB0A20DFF79FFF7D
:103730003048006801287BD136480068012813D141
:103740003548006880B93548006868B93448006871
:1037500050B90320322305224FF47A7100902A4891
:103760000068F7F72BFC17E02A480068012813D1FE
:103770002948006801280FD12848006860B9284806
:10378000006848B90320322305224FF47A71009073
:1037900024480068F7F712FC0020DFF768FFB6EE58
:1037A000001ADFED210A0C209FED200AE0F78BF8CC
:1037B00000200E49086014E006E0012006F0CEF972
:1037C000DDF75CF900B906E04FF480510C4802F0D7
:1037D000C5FF0028F1D000BF04480068401C034921
:1037E000086026E0F4010020FC0000203C040020DA
:1037F000A4000020E800002000000000EC010020F0
:1038000000000240F8020020E4010020BC0000207B
:103810008C040020680200206C020020700200204E
:1038200074020020E8010020000061C4000061442F
:1038300005E0FE48006840F21A418842BCDB0020E7
:10384000DFF715FF08BD30B500201AE0002115E0B4
:10385000002210E0F64B00EB801404EB4404F54D1D
:1038600005EBC40401EB810505EBC10504EB850400
:1038700044F82230521C0D2AECDB491C1E29E7DBE0
:10388000401C1E28E2DBEC4CEC4BC3F80C42EC4C29
:10389000C3F81042EB4CC3F81442AFF26724E54B77
:1038A000C3F8444EAFF29544C3F8404EAFF25174A2
:1038B000E54BC3F81042AFF62114C3F80C42E34CB9
:1038C000E34BC3F83844E34CC3F83C44DF4CC3F843
:1038D0004044E14CD74B9C63E04CDC63DE4C1C6401
:1038E000DF4C5C64DD4C9C64DC641C655C65DC4C1A
:1038F0009C65DC651C665C66AFF6B9141C67AFF6A8
:1039000001245C67AFF67F24DC67C3F88040AFF624
:10391000F924C3F88840C3F89440AFF64934C3F89B
:103920008C40C3F89840AFF6D934C3F8A040AFF646
:103930000D44C3F8A440AFF65B44C3F8AC40AFF607
:10394000ED44C3F8B040AFF66154C3F8B840AFF6E9
:103950002954C3F8BC40AFF67154C3F8C440C14CFD
:10396000C3F8C840AFF6B964C3F8EC46AFF6F374D9
:10397000C3F8F046BC4CC3F8F446BC4CC3F8F84658
:10398000BB4CC3F8FC46BB4CC3F80047BA4CC3F869
:103990000447B84CC3F80847B84CC3F80C47B84CB8
:1039A000C3F81047B74CC3F81447B74CC3F81847CF
:1039B000B64CC3F8084DB64CC3F80C4DB54CC3F823
:1039C000144DB54CC3F8184DB44CC3F8204DB44C4D
:1039D000C3F8244DB34CC3F82C4DB34CC3F8304D51
:1039E000B24C994BC3F8D440B14CC3F8D840B14C59
:1039F000C3F8E040B04CC3F8E440B04CC3F8EC402E
:103A0000AF4CC3F8F040AF4CC3F8F840AE4CC3F82D
:103A1000FC40AE4C03F5C363C3F81441AC4CC3F88F
:103A20001841C3F81C41C3F82041C3F82441A74CF6
:103A3000C3F82841C3F82C41C3F83041C3F83441DE
:103A4000A44C03F5C363C3F81441C3F81841C3F889
:103A50001C41C3F82041C3F82441C3F82841C3F8EE
:103A60002C41C3F83041C3F8344130BD1FB59A48EA
:103A7000006800B91FBD74E0F2F7F7F902A8DEF79D
:103A800082F900B971E06846DEF76BF960B39DF822
:103A90000A0070B99DF80B0001280AD19DF80200B8
:103AA000012806D19DF80300042802D101208B498A
:103AB00008609DF80A00022817D19DF80B000A281B
:103AC00013D19DF80C0002280FD19DF802000228A6
:103AD00025D19DF803000A2821D19DF80400032870
:103AE0001DD101207E49086019E09DF80A000328D5
:103AF00015D19DF80B000A2811D19DF80C00022861
:103B00000DD19DF80200032809D19DF803000A2871
:103B100005D19DF80400012801D1724908609DF883
:103B20000A001E281DDA9DF80B001E2819DA9DF8E0
:103B30000C000D2815DA9DF80A1001EB811101EB3C
:103B400041013C4A02EBC1019DF80B2002EB8203CC
:103B500003EBC20201EB82019DF80C2051F8220018
:103B600080475D480068002886DC00BF00205E4971
:103B7000087000BF7EE72DE9F04104460D460020A5
:103B80002A4908603BE02AE058480068071B38468D
:103B9000E2F7BCF9064655480068001B002809DD1D
:103BA0009FED531A5FEDE00A30461FEDED0ADFF797
:103BB0008AFE10E04D480068001B09D59FED4C1AA5
:103BC0005FEDE70A30469FED4B0ADFF77CFE02E02F
:103BD0000020DFF74CFDDCF751FF00B909E0434955
:103BE0000968081B002801DB014600E04142012969
:103BF000CADC00BF0D480068401C0C4908600B4837
:103C00000068A842BFDBBDE8F0810EB5B7EE001A30
:103C10005FEDFB0A06209FED370ADFF754FE40F206
:103C2000DC5005F09BFFC820334967E03C040020CE
:103C3000895B0108280B0020BDBA01081848002044
:103C4000DDBA0108FDBA0108701D00204FBB010854
:103C5000088500201DBB010889DD000871DF000810
:103C60000B030108D5F200085D280208E1260208CE
:103C70009725020857230208752402081722020814
:103C80006F210208B120020809200208591D02080C
:103C9000EB1A0208B11402080D120208110F0208F3
:103CA0001D0C0208BD06020821040208CFFE01080F
:103CB000EFFB010865EF010817ED0108E7DD0108DA
:103CC00089D80108F1D3010851CD0108635B0108CF
:103CD000515B0108755B0108FC0200208402002092
:103CE000F8020020F402002005030020A4000020B8
:103CF000CDCC4C3F0000E144BC040020086040F201
:103D00005B20FC4908600020FB49086019E006E0E0
:103D1000012005F023FFDCF7B1FE00B90BE0F74905
:103D20000968F44A1268881A002801DB014600E09D
:103D300041420529ECDC00BFEF480068401CEE4919
:103D40000860ED4800689628E1DB0020EA49086039
:103D50001EE013E014206FF0C7010122A823CDE973
:103D600000210290E64A51420620E5F7CFF80120F3
:103D700005F0F4FEDCF782FE00B903E0E1480068DC
:103D80006728E7DB00BFDC480068401CDA490860B0
:103D9000D948006840F226218842DADB0020DFF7AC
:103DA00066FC4FF47A71A820FFF7E5FE0020DFF7EC
:103DB0005EFC0EBD10B5D448C07F40F08000D249F3
:103DC000C8770846C07F40F02000C8770020CA4965
:103DD00008601BE006E0012005F0C0FEDCF74EFEA7
:103DE00000B90DE04FF40061C84802F0B7FC0128AB
:103DF000F1D04FF40061C54802F0B0FC0128EAD0D0
:103E000000BFBD480068401CBB490860BA48006854
:103E10003228DFDBF8F7B7F90020DFF728FC10BD08
:103E200010B5B948C07F40F00200B749C8770020FC
:103E3000B149086011E006E0012005F08FFEDCF7D3
:103E40001DFE00B903E0B2480068DC28F4DC00BFC6
:103E5000A9480068401CA8490860A7480068B0F558
:103E60007A7FE8DBA848C07F00F0FD00A649C8774C
:103E7000084690F8230040F0010081F823004FF439
:103E80007A6005F06BFEA048C07F40F002009E49BA
:103E9000C87700209849086012E006E0012005F08C
:103EA0005DFEDCF7EBFD00B904E099480068B0F571
:103EB000877FF3DB00BF90480068401C8E49086094
:103EC0008D480068B0F57A7FE7DB41F2707005F04D
:103ED00045FE8D48C07F00F0FD008B49C87701206A
:103EE0008C49086010BDFEB50446F2F78EF8F2F773
:103EF000C5F9F5F746FA88480068012803D08648D6
:103F00000068042801D1012000E000200546824815
:103F10000068022803D080480068032801D10120EE
:103F200000E000200646B7EE081ADFED7C0A3720D5
:103F3000BAEE040ADFF7C7FC00206F49086011E001
:103F400006E0012005F00AFEDCF798FD00B903E069
:103F500073480068E628F4DB00BF67480068401C2F
:103F6000654908606448006840F226218842E7DB22
:103F7000B7EE081ADFED690A28209FED6A0ADFF71D
:103F8000A2FC00205C49086011E006E0012005F079
:103F9000E5FDDCF773FD00B903E063480068D42851
:103FA000F4DB00BF54480068401C53490860524885
:103FB000006840F226218842E7DBB7EE081ADFED01
:103FC0005B0A1E209FED5A0ADFF77DFC06E0012008
:103FD00005F0C4FDDCF752FD00B904E05548006867
:103FE000B0F5577FF3DB00BF0020434908601DE0B8
:103FF00012E01420FA2102222346CDE9002102908A
:104000004FF461720021E5F7C9F8052005F0A6FD1F
:10401000DCF734FD00B903E047480068AF28E8DC6E
:1040200000BF35480068401C3349086032480068CA
:1040300040F226218842DBDB00202F49086021E086
:1040400016E00A20962101222346CDE900210290A4
:104050004FF461720021E5F7A1F84FF40070E0F72A
:1040600010FD012005F07AFDDCF708FD00B903E042
:1040700031480068A728E4DC00BF1F480068401CE6
:104080001D4908601C48006840F226218842D7DBA1
:104090000020DFF7ECFAFEBDFEB50446F1F7B5FFF0
:1040A000F2F7ECF8F5F76DF91B480068012803D02A
:1040B00019480068042801D1012000E000200546CD
:1040C00015480068022803D013480068032801D16E
:1040D000012000E000200646B7EE081ADFED0F0AC7
:1040E0003720BAEE040ADFF7EEFB00200249086031
:1040F00036E00000980400203C040020B0000020BE
:104100007CFCFFFF9C000020040000200004024013
:10411000A8000020E0000020C401002000000000F2
:1041200098000020008022C4A40000200000614408
:104130000000C8C2F0030020A000002006E001201B
:1041400005F00CFDDCF79AFC00B903E0F7480068C5
:10415000E628F4DB00BFF6480068401CF44908601C
:10416000F348006840F226218842E7DBB7EE081AE0
:104170005FED160A28201FED150ADFF7A4FB0020CB
:10418000EB49086011E006E0012005F0E7FCDCF7F0
:1041900075FC00B903E0E7480068C628F4DB00BFFF
:1041A000E3480068401CE2490860E148006840F2CA
:1041B00026218842E7DBB7EE081A5FED240A1920B2
:1041C0009FEDDD0ADFF77FFB06E0012005F0C6FC6E
:1041D000DCF754FC00B904E0D8480068B0F5577F1C
:1041E000F3DB00BF0020D24908601EE013E01E2070
:1041F000C82102222346CDE9002102904FF46172CA
:1042000000211420E4F7CAFF012005F0A7FCDCF729
:1042100035FC00B903E0CA480068AF28E7DC00BFFE
:10422000C3480068401CC2490860C148006840F2A9
:1042300026218842DADB0020BD49086022E017E031
:104240001E20962102222346CDE9002102904FF440
:10425000617200210A20E4F7A1FF4FF4FF70E0F73C
:1042600010FC012005F07AFCDCF708FC00B903E043
:10427000B3480068A728E3DC00BFAD480068401CD5
:10428000AB490860AA48006840F226218842D6DB84
:104290000020DFF7ECF9FEBDFEB50446F1F7B5FEF0
:1042A000F1F7ECFFF5F76DF8A6480068012803D098
:1042B000A4480068042801D1012000E00020054640
:1042C000A0480068022803D09E480068032801D156
:1042D000012000E000200646B7EE081A5FED710AE3
:1042E0003720B2EE040ADFF7EEFA002090490860AA
:1042F00011E006E0012005F031FCDCF7BFFB00B95E
:1043000003E08A480068D228F4DB00BF88480068D0
:10431000401C874908608648006840F22621884290
:10432000E7DBB7EE081A5FED830A28201FED830A4A
:10433000DFF7C9FA00207E49086011E006E001209D
:1043400005F00CFCDCF79AFB00B903E07948006843
:10435000AA28F4DB00BF76480068401C7449086056
:104360007348006840F226218842E7DB9FED761A09
:104370005FED920A19209FED700ADFF7A4FA06E0BC
:10438000012005F0EBFBDCF779FB00B904E06B489A
:104390000068B0F5577FF3DB00BF00206449086078
:1043A0001DE012E01420C82103222346CDE900219C
:1043B00002904FF461720021E4F7F0FE012005F055
:1043C000CDFBDCF75BFB00B903E05D480068AF287C
:1043D000E8DC00BF56480068401C55490860544856
:1043E000006840F226218842DBDB0020504908604B
:1043F00021E016E00A20962101222346CDE9002182
:1044000002904FF461720021E4F7C8FE4FF4FF7090
:10441000E0F737FB012005F0A1FBDCF72FFB00B92B
:1044200003E047480068A728E4DC00BF4048006874
:10443000401C3F4908603E48006840F226218842FF
:10444000D7DB0020DFF713F9FEBD10B53F48006849
:10445000012802D1F7F774FF05E03D480068012804
:1044600001D1F7F790FE10BD70B53A480468F1F736
:10447000CCFD3948007810B938480078F8B1384B8D
:104480001B68384D2D685A1902EBD2735810354B02
:104490001B68354D2D685A1902EBD27359108442AE
:1044A00003DB0122314B1A7008E08C4203DB02224D
:1044B0002E4B1A7002E003222C4B1A7025E02C4878
:1044C000007810B92B480078F8B12B4B1B682B4DA6
:1044D0002D685A1902EBD2735810284B1B68284DCF
:1044E0002D685A1902EBD2735910844203DB012262
:1044F0001E4B1A7008E08C4203DB02221B4B1A7021
:1045000002E00322194B1A7000BF70BD10B50021E4
:104510009FED1C0A40F27A30DFF766F935E00120A2
:1045200005F01CFBDCF7AAFA70BB32E09800002013
:104530003C040020A40000200000C842F00300203A
:10454000A0000020C40100209A99D93F70010020EA
:10455000740100209C0000209C0200209F0200208B
:1045600034020020380200203C020020A00200207B
:104570009D0200209E0200204C02002050020020DC
:1045800054020020CDCC4C3EFFE7DEF749FF002867
:10459000C5D100BFF1F739FDF1F78CFDFFF764FFDE
:1045A000FA48007810B9FA480078C0B3F9480078A2
:1045B00003280ED1F8480168F8480068F4F736FB84
:1045C0000020DFF754F84FF47A71A520E1F7B9FC29
:1045D00064E0F048007802280ED1F1480168F14803
:1045E0000068F4F723FB0020DFF741F84FF47A71FD
:1045F000A520E1F7A6FC51E0E648007801284DD15E
:10460000E9480168E9480068F4F710FB0020DFF78B
:104610002EF84FF47A71A520E1F793FC3EE0FFE716
:10462000E348007810B9E348007820B3D94800780F
:1046300003280ED1E0480168E0480068F4F7F6FA74
:104640000020DFF714F84FF47A71A520E1F779FC28
:1046500024E0D048007802280ED1D9480168D94812
:104660000068F4F7E3FA0020DFF701F84FF47A71FD
:10467000A520E1F766FC11E0C648007801280DD1BD
:10468000D1480168D1480068F4F7D0FA0020DEF77D
:10469000EEFF4FF47A71AD20E1F753FC0020DEF716
:1046A000E6FF4FF40070E0F7E3F90020C849086026
:1046B00019E006E0012005F051FADCF7DFF900B956
:1046C0000BE0C4490968C44A1268881A002801DB53
:1046D000014600E041420A29ECDC00BFBC4800680A
:1046E000401CBB490860BA480068FA28E1DBF2F7D1
:1046F0006EFE10BD2DE9F041F1F787FCF1F7BEFD2C
:10470000F4F73FFEE0F7AEF940F24F10B34908600E
:10471000B1490860B2480068012803D0B048006879
:10472000042801D1012000E000200546AC480068C3
:10473000022803D0AA480068032801D1012000E024
:1047400000200646A7480068032803DDA548006846
:10475000C01E01E0A34800680446012C05D125B124
:1047600091480068FFF7BFFB29E0012C05D126B175
:1047700095480068FFF7B7FB21E0022C05D125B171
:1047800087480068FFF788FC19E0022C05D126B1A4
:104790008B480068FFF780FC11E0032C05D125B1A0
:1047A0007D480068FFF778FD09E0032C05D126B1AC
:1047B00081480068FFF770FD01E0BDE8F08189489D
:1047C000006803284ADCFFF7A1FE0020DEF74FFF58
:1047D000B6EE001ADFED840A14209FED840ADFF79D
:1047E00072F8DDF77AFF06E0012005F0B7F9DCF793
:1047F00045F900B914E0DCF777F98046DCF747F9B2
:10480000071E01DB384600E07842B8F1000F01DBFB
:10481000414601E0C8F100010844B0F57A6FE3DBDE
:1048200000BF0020DEF723FF232308224FF47A7114
:1048300059480068EBF710FF40F2C620E0F718F97E
:104840000020DEF714FFF3F7D9FFF1F7DEFB68482D
:104850000068002814DDFFF759FE11E06148006888
:1048600004280DDB40F2C620E0F702F9F3F7C6FF9B
:10487000F1F7CBFB5E480068002801DDFFF746FE3C
:1048800000BF9AE710B580215A4801F067FF012860
:1048900002D1F2F79CFD3BE01823042264213E483C
:1048A0000068401DEBF7D8FE0020DEF7E0FE44F67E
:1048B000206005F053F95048C07F40F002004E4997
:1048C000C87706E0012005F049F9DCF7D7F800B910
:1048D00003E04A480068B428F4DC00BF4648C07FC3
:1048E00000F0FD004449C8774FF47A71A520E1F744
:1048F00028FB0020DEF7BBFE192304226421284890
:104900000068EBF7A9FE0020DEF7B1FEF2F75FFDCD
:104910000020DEF7ACFE10BD70B5DDF726FCD72217
:1049200040F2AA519820F6F73CF9FFF779FA34489B
:104930000068012801D1FFF799F832480068012882
:1049400005D19C20F7F799F902202E4908602D48DF
:104950000068022809D12C480068012805D1F3F726
:104960004DFF032027490860B1E02648006802286F
:104970007DD125480068022879D100219FED230AC6
:1049800040F27A30DEF730FF49E000009C02002060
:104990009F020020A00200203C02002048020020CC
:1049A000380200204402002034020020400200208F
:1049B0009D0200209E020020540200206002002080
:1049C000500200205C0200204C020020580200200F
:1049D0003C040020BC0000208C0400208004002047
:1049E000C401002020030020000061440000E144D5
:1049F000980200200008024004000020A4000020CB
:104A0000E00000207C02002040030020CDCC4C3E82
:104A1000012005F0A3F8DCF731F800B903E0DEF778
:104A2000FFFC0028F4D100BF0020DEF720FE4FF489
:104A30007A71A520E1F785FA0020DEF718FEF94823
:104A40000168F9480068F4F7F1F80020DEF70FFE7E
:104A5000FFF718FF0020DEF70AFEB6EE001A5FED42
:104A60001E0A14201FED1F0ADEF72DFF00E02EE0C6
:104A7000DDF733FE06E0012005F070F8DBF7FEFFFE
:104A800000B912E0DCF730F80546DCF700F8041E48
:104A900001DB204600E06042002D01DB294600E0FA
:104AA00069420844B0F57A6FE5DB00BF0020DEF70D
:104AB000DEFD40F2C620DFF7DBFF1923052264216B
:104AC000DA480068EBF7C8FD0320D94908600020E8
:104AD000DEF7CDFDD6480068032809D1D548006827
:104AE000012805D1FFF712FD0420D149086014E028
:104AF000CF480068032810D1CE48006802280CD1A6
:104B0000F3F7DAFEF1F781FACB480068002801DDFF
:104B1000FFF7FCFC0420C64908600020DEF7A7FD73
:104B2000C3480068042815D1F1F76FFAC24800683D
:104B300000280CDD40F2C620DFF79AFF192305227A
:104B40006421BA480068EBF787FDF3F7DEFC052027
:104B5000B74908600020DEF78AFD70BD70B5F4F734
:104B6000F7FAFEF783FFB2480068012805D19C20C0
:104B7000F7F783F80220AE490860AD4800680228C4
:104B800009D1AC480068012805D1F3F737FE0320AE
:104B9000A74908606CE0A6480068022868D1A548CB
:104BA0000068022864D100211FED680A40F27A30C3
:104BB000DEF71AFE06E0012004F0D0FFDBF75EFF0F
:104BC00000B903E0DEF72CFC0028F4D100BF002080
:104BD000DEF74DFD4FF47A71A520E1F7B2F9002020
:104BE000DEF745FD8F4801688F480068F4F71EF82E
:104BF0000020DEF73CFDFFF745FE0020DEF737FD25
:104C0000B6EE001A5FED880A14201FED880ADEF761
:104C10005AFEDDF762FD06E0012004F09FFFDBF79E
:104C20002DFF00B912E0DBF75FFF0546DBF72FFF32
:104C3000041E01DB204600E06042002D01DB294616
:104C400000E069420844B0F57A6FE5DB00BF002060
:104C5000DEF70DFD40F2C620DFF70AFF192305221B
:104C6000642172480068EBF7F7FC03207049086084
:104C70000020DEF7FCFC6E480068032809D16D486F
:104C80000068012805D1FFF741FC0420684908604D
:104C900014E067480068032810D1664800680228BD
:104CA0000CD1F3F709FEF1F7B0F96348006800286A
:104CB00001DDFFF72BFC04205D4908600020DEF7D2
:104CC000D6FC5B480068042815D1F1F79EF95A48D4
:104CD000006800280CDD40F2C620DFF7DBFE192358
:104CE0000522642151480068EBF7B6FCF3F70DFC90
:104CF00005204F4908600020DEF7B9FC70BD10B5F3
:104D00009C20F6F7BAFF0020DEF7B1FC4FF47A7171
:104D1000A520E1F716F90020DEF7A9FC414801685B
:104D200041480068F3F782FF0020DEF7A0FCFFF7A0
:104D3000A9FD10BD10B541480068012806D12D23FA
:104D40000422C821BC20F4F7FEFE2CE03B4800689A
:104D5000022806D12D230422C821DB20F4F7F3FE1C
:104D600021E036480068032806D12D230422C821FB
:104D7000FA20F4F7E8FE16E030480068042807D06F
:104D80002E480068052803D02C48006806280AD160
:104D90004FF47A719620F4F78AFE32230522C82157
:104DA000AA20F4F7D0FE0020DEF761FC234800685B
:104DB000012807D021480068022803D01F48006856
:104DC00003286ED14FF40070DFF764FE4FF47A7160
:104DD0008620F4F76CFE0020DEF749FC18480068D6
:104DE000002870D11748006800287DD19620164908
:104DF00008604FF4C8701549086000201449086025
:104E000033E006E0012004F0A9FEDBF737FE00B92D
:104E100025E0104909680D4A1268881A00281BDB32
:104E200001461AE03802002044020020540200200B
:104E30007C02002040030020980200202C03002068
:104E4000680200206C020020C4040020B00400208E
:104E50003C040020C400002041420F29D2DC00BFE6
:104E6000F9480068401CF8490860F748006840F2BB
:104E700026218842C5DB042305224FF4A571D80101
:104E8000F2F798F84FF4FA6004F068FEFA20EF4960
:104E90000860EF480068EF4908600020EA490860B0
:104EA0001BE089E006E0012004F058FEDBF7E6FD98
:104EB00000B90CE0E8490968E64A1268881A002837
:104EC00002DB014601E00FE041420F29EBDC00BFAD
:104ED000DD480068401CDC490860DB48006840F29F
:104EE00026218842DEDBBAE0DC4800680128FAD1DE
:104EF000DB4800680028F6D19620DA4908604FF4B4
:104F0000EB70D94908600020CF49086019E006E03D
:104F1000012004F023FEDBF7B1FD00B90BE0D3491B
:104F20000968D14A1268881A002801DB014600E0AE
:104F300041420F29ECDC00BFC3480068401CC24955
:104F40000860C148006840F226218842DFDB012367
:104F500005225802F2F7CBF84FF4FA6004F0FEFD98
:104F6000FA20C0490860C2480068BF4908600020B4
:104F7000B549086019E006E0012004F0EFFDDBF719
:104F80007DFD00B90BE0B9490968B74A1268881A73
:104F9000002801DB014600E041421429ECDC00BF9F
:104FA000A9480068401CA8490860A748006840F26A
:104FB00026218842DFDB52E0AE480068042807D093
:104FC000AC480068052803D0AA480068062846D1E6
:104FD000F1F71BF8F1F76EF84FF47A719620F4F7B9
:104FE00066FD32230422C821AA20F4F7ACFD00207C
:104FF000DEF73DFB00219FEDA00AA048DEF7F4FBA1
:1050000006E0012004F0AAFDDBF738FD00B903E05B
:10501000DEF706FA0028F4D100BF0020DEF727FBF8
:1050200040F2C620DFF724FD0020DEF720FBF3F777
:10503000E5FB0020DEF71BFB00219FED910A0A2013
:10504000DEF7D2FB06E0012004F088FDDBF716FD59
:1050500000B903E0DEF7E4F90028F4D100BF002036
:10506000DEF705FBC8208749086087480068874944
:1050700008600020DEF7FBFA10BD10B58448C07F41
:1050800040F002008249C87700206F49086006E0BE
:10509000F4F773FF6C480068401C6B4908606A486D
:1050A000006841F288318842F2DB7948C07F00F025
:1050B000FD007749C87710BD2DE9F0412DED068B35
:1050C00000274FF4C870DFF7E5FC9FED721ADFEDA3
:1050D000720A32209FED710ADEF7F5FBDDF7FDFA6B
:1050E00006E0052004F03AFDDBF7C8FC00B913E048
:1050F000DBF7FAFC0646DBF7CAFC051E01DB284697
:1051000000E06842002E01DB314600E071420844B5
:1051100043F2C8218842E4DB00BF1E20DEF7A7FA75
:105120004E48006870B94E48006858B95848C07F6A
:1051300040F004005649C877FA2044490860B4207A
:10514000444908609FED531ADFED530A1C209FED80
:10515000540ADEF7B8FB00203B49086011E006E086
:10516000012004F0FBFCDBF789FC00B903E04D48AB
:105170000068CD28F4DC00BF33480068401C324989
:1051800008603148006840F20E618842E7DB1E206B
:10519000DEF76DFA9FED3F1ADFED3F0A23209FED0A
:1051A0003F0ADEF790FBDDF798FA06E0052004F0F1
:1051B000D5FCDBF763FC00B913E0DBF795FC064692
:1051C000DBF765FC051E01DB284600E06842002E87
:1051D00001DB314600E07142084442F2107188421E
:1051E000E4DB00BF1E20DEF742FAB6EE001ADFED68
:1051F0002A0A1E209FED290ADEF765FB00201249CE
:10520000086011E006E0012004F0A8FCDBF736FCA2
:1052100000B903E0244800686928F4DC00BF0A48AC
:105220000068401C084908600748006840F22621D1
:105230008842E7DB1648C07F40F002001449C87777
:1052400000200149086038E03C040020C40400202C
:10525000B8010020B0040020C40000206802002033
:105260006C020020C0040020A4040020C000002024
:10527000B40100202C030020CDCC8C3F86FCFFFF26
:105280006666663FBC040020800100209804002070
:1052900004000020CDCC4C3F000000000000E144A1
:1052A00000006144A400002098000020F4F765FE8F
:1052B000FB480068401CFA490860F948006841F260
:1052C00088318842F2DBF748C07F00F0FD00F549E5
:1052D000C877B6EE001A5FED100A12201FED110A12
:1052E000DEF7F1FA0020EE49086011E006E0012047
:1052F00004F034FCDBF7C2FB00B903E0EA480068C5
:105300001928F4DC00BFE6480068401CE449086046
:10531000E348006840F226218842E7DBB6EE001A37
:105320005FED230A0A201FED230ADEF7CCFA0020E6
:10533000DB49086011E006E0012004F00FFCDBF718
:105340009DFB00B903E0D84800680628F4DC00BFE4
:10535000D3480068401CD2490860D148006840F238
:1053600026218842E7DB0020DEF781F9CF4800687C
:1053700000287DD1CE4800680028FAD1E4F76FFA02
:10538000E4F76DFAFA20CB490860CB4800680D308D
:10539000CA4908600020C249086019E006E00120FF
:1053A00004F0DCFBDBF76AFB00B90BE0C4490968D9
:1053B000C24A1268881A002801DB014600E0414217
:1053C0001429ECDC00BFB6480068401CB4490860F2
:1053D000B348006840F226218842DFDB4FF47A7040
:1053E00004F0BCFBAF48C07F00F0FB00AD49C877BC
:1053F00040F2DC5004F0B2FB4FF4E670DFF738FB0C
:105400000020DEF734F9B6EE001A5FED5D0A0F20DA
:105410001FED5F0ADEF757FADDF75FF906E00520BA
:1054200004F09CFBDBF72AFB00B913E0DBF75CFB25
:105430000646DBF72CFB051E01DB284600E0684230
:10544000002E01DB314600E07142084440F6C411F1
:105450008842E4DB00BF0020DEF709F9FA20954915
:105460000860984800689549086000208C4900E071
:1054700038E0086032E006E0012004F06FFBDBF763
:10548000FDFA00B924E08F4909688B4A1268881A2E
:1054900005F06DF941EC1A0B9FED8B0B53EC102BC3
:1054A00005F0F6F841EC180B854800688349096857
:1054B000451A002D01DB294600E06942084605F047
:1054C00056F941EC190B53EC182B05F093F9D3D393
:1054D00000BF73480068401C71490860704800684C
:1054E0003228C8DBFFF726FC0020DEF7C0F80024D6
:1054F00081E26C48C07F00F07F006A49C877C8200D
:1055000073490860734800687349086023230422C4
:105510004FF4FA71A220F4F716FB4FF47A71D220FF
:10552000F4F7C5FA0020DEF7A2F800219FED6B0A20
:10553000AA20DEF759F906E0012004F00FFBDBF7A3
:105540009DFA00B903E0DDF76BFF0028F4D100BF3E
:105550000020DEF78CF8DFF779FA40F2C6206049C8
:10556000086040F28A205F49086007210420DDF7C7
:1055700029F800205C4908605C4908605C490860C3
:105580005C4908604649086011E006E0012004F02B
:10559000E5FADBF773FA00B903E057480068002822
:1055A000F4D000BF3E480068401C3D4908603C48BC
:1055B0000068B0F5AF7FE8DB0F2050490860504924
:1055C000086040F28A20464908604649086041F276
:1055D0007C5004F0C3FA0020DEF749F80A2047495E
:1055E00008604749086040F28A203D49086040F25F
:1055F000C6203C49086041F27C5004F0AFFA00201C
:10560000DEF735F800202649086011E006E00120A9
:1056100004F0A4FADBF732FA00B903E03948006875
:105620000028F4D000BF1E480068401C1C490860D8
:105630001B480068B0F5AF7FE8DB00219FED320A20
:105640000A20DEF7D1F806E0012004F087FADBF744
:1056500015FA00B903E0DDF7E3FE0028F4D100BF3E
:105660000020DEF704F84FF4C870DFF713FA0020CB
:10567000DDF7FDFF0B48C07F40F004000949C87703
:10568000FA200C490860B4200C4908600548C07F26
:1056900040F002000349C87700200149086047E054
:1056A0003C04002004000020980000206802002034
:1056B0006C020020C4040020A8040020B0040020D4
:1056C000C4000020B8010020CDCCCCCCCCCCFC3F19
:1056D000BC0400208001002098040020CDCC4C3E6A
:1056E000800400208C0400203C03002024030020C0
:1056F000280300202C03002030030020B4040020E5
:10570000B8040020340300209A99993E06E0012055
:1057100004F024FADBF7B2F900B903E0F8480068B6
:105720000028F4D000BFF7480068401CF549086025
:10573000F4480068B0F5AF7FE8DBF348C07F00F0C5
:10574000FD00F149C8770020EE49086012E006E04C
:10575000012004F003FADBF791F900B904E0EB480B
:105760000068B0F5AF7FF3DC00BFE6480068401C7E
:10577000E4490860E3480068B0F5AF7FE7DB41F635
:10578000583004F0EBF9B6EE001ADFEDE10A0A201A
:105790009FEDE00ADEF797F840F6B83004F0DEF946
:1057A000D948C07F40F00200D749C8770020D549CA
:1057B000086006E0F4F7E1FBD2480068401CD149DC
:1057C0000860D048006841F288318842F2DBCE4858
:1057D000C07F00F0FD00CC49C8770020DDF747FF0F
:1057E000B6EE001ADFEDCA0A19209FEDCA0ADEF7ED
:1057F0006AF80020C349086011E006E0012004F0C7
:10580000ADF9DBF73BF900B903E0C34800681E2897
:10581000F4DC00BFBB480068401CBA490860B948C6
:10582000006840F226218842E7DBB6EE001ADFED81
:10583000B80A0A209FEDB70ADEF745F80020B14903
:10584000086011E006E0012004F088F9DBF716F9A2
:1058500000B903E0B04800680628F4DC00BFA9489E
:105860000068401CA7490860A648006840F226214D
:105870008842E7DB0020DDF7FAFEE3F7F0FFE3F70D
:10588000EEFF4FF47A7004F069F9FA20A34908603A
:10589000A34800680D30A3490860002099490860BA
:1058A00019E006E0012004F059F9DBF7E7F800B948
:1058B0000BE09D4909689B4A1268881A002801DBA1
:1058C000014600E041421429ECDC00BF8D4800682D
:1058D000401C8C4908608B48006840F226218842B1
:1058E000DFDB4FF47A7004F039F98748C07F00F0AD
:1058F000FB008549C87740F2DC5004F02FF94FF4E3
:10590000E670DFF7B5F80020DDF7B1FEB6EE001A5D
:10591000DFED7F0A12209FED7E0ADDF7D4FFDCF772
:10592000DCFE06E0052004F019F9DBF7A7F800B962
:1059300013E0DBF7D9F80646DBF7A9F8051E01DB13
:10594000284600E06842002E01DB314600E071424B
:10595000084440F6C4118842E4DB00BF0020DDF7B4
:1059600086FEFA206D490860704800686D4908603D
:1059700000206449086032E006E0012004F0EEF8FF
:10598000DBF77CF800B924E068490968644A1268CA
:10599000881A04F0ECFE41EC1A0B1FEDB50B53EC2A
:1059A000102B04F075FE41EC180B5F4800685D4950
:1059B0000968451A002D01DB294600E069420846C6
:1059C00004F0D5FE41EC190B53EC182B04F012FF38
:1059D000D3D300BF4B480068401C4A49086049487F
:1059E00000683228C8DBFFF7A5F90020504908609D
:1059F00050490860641C082CFFF67BAD0020DDF7E1
:105A000036FEBDEC068BBDE8F08170B501214A4839
:105A100000F0A4FE60B949480068012808D13A485E
:105A2000C07F00F0FD003849C877FEF775FFBDE084
:105A30000121414800F092FEA8B94048006890B9A1
:105A40002F48006878B93E48006860B92E48C07F8A
:105A500000F0FD002C49C877D72240F2AA519820C7
:105A6000F5F79FF8A2E00121334800F077FE002807
:105A700079D132480068022875D12348C07F00F0F0
:105A8000FD002149C87740F20910DEF7F1FFB6EEBC
:105A9000001ADFED1F0A0F209FED2A0ADDF713FF22
:105AA000DCF71BFE06E0052004F058F8DAF7E6FF05
:105AB00000B912E0DBF718F80546DAF7E8FF041E34
:105AC00001DB204600E06042002D01DB294600E0BA
:105AD00069420844B0F5487FE5DB00BF0020DDF7F0
:105AE000C6FD00219FED180A4FF46170DDF77CFEC2
:105AF0002EE0012004F032F8DAF7C0FF38BB2BE0CB
:105B00003C0300203C04002004000020A0000020F2
:105B1000000000000000E14498000020C4040020C0
:105B2000A8040020B0040020C4000020B801002018
:105B30003003002034030020000C02403803002012
:105B400044030020000061449A99993F0BE0FFE76D
:105B5000DDF766FC0028CCD100BF0020DDF787FD13
:105B6000FEF7FCFF22E00121FE4800F0F7FD60B9DE
:105B7000FD480068012808D1FC48C07F00F0FD0006
:105B8000FA49C877FFF798FA10E00121F54800F0CC
:105B9000E5FD58B9F6480068012807D1F348C07FF1
:105BA00000F0FD00F149C877FEF7A4FD70BD70B5A7
:105BB000EE48C07F00F0FD00EC49C87740F20910C4
:105BC000DEF756FFB6EE001A5FED2F0A0F201FED2D
:105BD000230ADDF778FEDCF780FD06E0052003F000
:105BE000BDFFDAF74BFF00B912E0DAF77DFF05469B
:105BF000DAF74DFF041E01DB204600E06042002D75
:105C000001DB294600E069420844B0F57A7FE5DB14
:105C100000BF0020DDF72BFD00211FED350A40F20B
:105C20007A30DDF7E1FD06E0012003F097FFDAF7B7
:105C300025FF00B903E0DDF7F3FB0028F4D100BF36
:105C40000020DDF714FD70BD2DE9F04104460D463E
:105C50000020C84908603DE02CE0C7480068071BE9
:105C60003C2204213846E2F7FEFA0646C2480068A4
:105C7000001B002809DD9FEDC11ADFEDC10A304687
:105C80001FED5C0ADDF71FFE10E0BB480068001B3B
:105C900009D59FEDBA1ADFEDBA0A30461FED640A46
:105CA000DDF711FE02E00020DDF7E1FCDAF7E6FEA9
:105CB00000B909E0B0490968081B002801DB01466A
:105CC00000E041420129C8DC00BFAA480068401C2E
:105CD000A8490860A7480068A842BDDBBDE8F0817C
:105CE00010B50020A34908603FE02AE04FF480513E
:105CF000A44800F033FD48B98021A24800F02EFDF1
:105D000020B90421A048DDF7D4FD13E04FF48061F1
:105D1000944800F023FD50B901219A4800F01EFD7F
:105D200028B9042140F28E30DDF7C3FD02E00020E7
:105D3000DDF79DFC012003F011FFDAF79FFE00B9AB
:105D40000DE04FF480518F4800F008FD0028CDD0C1
:105D50004FF48061834800F001FD0028C6D000BFE9
:105D600084480068401C8349086082480068C8284D
:105D7000BBDB0020DDF77BFC10BD10B5834800685D
:105D8000012819D182480068B0B98248006898B9E2
:105D90008148006880B99FED791ADFED790A0A2001
:105DA0009FED7E0ADDF78FFD4FF47A6003F0D6FE9B
:105DB0000020DDF75CFC5EE07448006801281AD121
:105DC00073480068012816D17248006898B9724873
:105DD000006880B99FED691ADFED690A0A209FED1E
:105DE0006F0ADDF770FD4FF47A6003F0B7FE002014
:105DF000DDF73DFC3FE06548006801281BD16448A1
:105E00000068012817D163480068012813D162484F
:105E1000006880B99FED591ADFED590A0A209FEDFD
:105E2000600ADDF750FD4FF47A6003F097FE002022
:105E3000DDF71DFC1FE05548006801281BD15448C0
:105E40000068012817D153480068012813D152482F
:105E5000006801280FD19FED491ADFED490A0A2099
:105E60009FED4F0ADDF72FFD4FF47A6003F076FEC9
:105E70000020DDF7FCFB10BD10B5E9F771FC002038
:105E8000DDF7F5FB47480068012808D1E7F7AEFCCD
:105E90004FF47A6003F062FEF6F749FB0BE04248EC
:105EA0000068012807D1E7F77BFB4FF47A6003F025
:105EB00055FEF7F7F3FB10BD10B5044600BF802177
:105EC0003A4802F004FC0028F9D02146374802F095
:105ED0004EFB10BD38B505462A4635A1684604F08C
:105EE0000BFE6C4603E02078FFF7E6FF641C207889
:105EF0000028F8D138BD09E02820DDF70FF801218E
:105F00002D4802F009FB0F2003F028FEF4E717E00C
:105F1000DEF7D3F8DEF7EAF9DEF733FB274800684F
:105F200008B9DEF7D0FC2648006808B9DEF719FC8E
:105F30002448006808B9DEF76BFC032003F00EFE6E
:105F4000E6E74DE020480068012801D1E7F72CFE84
:105F50001E480068012801D1E7F774FD1C4800685D
:105F6000012837E0000C02403C0300200400002020
:105F7000440300203C040020A0000020CDCC4C3F76
:105F8000000061C40004024072FCFFFF68020020B0
:105F90006C0200207002002074020020000016C372
:105FA00000C0F344F0000020E80000200010014091
:105FB00025303258200000000048004050050020E5
:105FC0005405002058050020880200208C02002083
:105FD0009002002001D1E7F783FC032003F0BEFD0F
:105FE000B0E704E0DDF7F9FE032003F0B7FDF9E7C1
:105FF0001FB5DAF719FEDAF756FEDBF7D6F8DBF74E
:10600000A1FADBF726FADBF725FBDAF701FF4FF4FD
:10601000E130DBF71EFC4FF4E130DBF7A7FC4FF477
:10602000E130DBF74BFD4FF4E130DBF7D9FD4FF406
:106030006120DCF7A6F8DDF71BF800206D49086049
:10604000DCF74BFB002000900190029003464FF4D8
:10605000807269A103906D4803F041FB002000901D
:106060000190029003464FF4807269A103906D483D
:1060700003F035FB002000900190029003464FF49E
:10608000807269A103906D4803F029FB4FF47A7088
:1060900003F064FDDEF7DAFC6948006869490860CE
:1060A000694800686949086069480068694908608A
:1060B0006948006869490860822069490860694840
:1060C0000068694908608C20684908606848006871
:1060D000604908608C2067490860674800685F492C
:1060E0000860DCF7FAFAE3F730FB63E05AE02821B6
:1060F0000820EAF712FCE3F77BF9E3F7E5F9E3F7A9
:1061000000F9EAF761FB5D48007800F0020008B191
:10611000E3F788FA5A480068DC2807DA594890F80B
:10612000230040F00100574981F82300022156481E
:1061300000F014FB10BBFDF786FBFFF766FC4F4831
:10614000407800F0200048B14C48807930B14B488D
:10615000C07918B94D480068FEF79EF84748407866
:1061600000F01000F0B145488079D8B14348C079BB
:10617000C0B947480068FEF78FF813E0EFF705FD58
:10618000F4F7E8FB3D48407800F0200050B13B4870
:10619000807938B13948C07920B9C8223D49A32057
:1061A000EAF733FD3548007800F0010000289ED161
:1061B000DDF75DFA9AE71FB500200090019002908C
:1061C00003464FF4807234A10390364803F087FAF7
:1061D000002000900190029003464FF4807232A19B
:1061E0000390344803F07BFA03F092FE002004B0E1
:1061F00010BD00004C0500207461736B526F626F1C
:1062000074416E616C79746963730000E35F020826
:106210007461736B446965754B6869656E436F4360
:1062200061750000435F02087461736B44696575B2
:106230004B6869656E436F43617531000F5F0208FB
:10624000B800002080040020BC0000208C04002046
:10625000C0000020A4040020C4000020B0040020DE
:10626000BC0400208001002098040020C00400200D
:10627000B4010020C4040020B80100201B09002044
:10628000A800002004000020000402403C0200207E
:10629000540200205CF9FFFF7461736B4D61696EFD
:1062A00000000000F15F02087461736B4779726F40
:1062B00000000000F75E02080CB50020019000907D
:1062C0007248006840F480307049086000BF6F4831
:1062D000006800F4003000900198401C0190009884
:1062E00018B90198B0F5A06FF1D16848006800F4C2
:1062F000003010B10120009001E0002000900098D3
:10630000012846D161484030006840F080505F4924
:10631000403108605E48006840F480405C49086095
:106320005A48083000685949083108600846006832
:1063300040F4004008600846006840F4A05008603F
:106340005448091F0860081F006840F08070091F4A
:10635000086000BF4D48006800F000700028F9D0C8
:1063600040F205604C49086048480830006820F059
:1063700003004649083108600846006840F0020002
:10638000086000BF41480830006800F00C00082891
:10639000F8D10CBD10B53D48006840F001003B4904
:1063A00008600020394908310860384800683B49D6
:1063B0000840364908603A48091D0860081F00680F
:1063C00020F48020091F0860002030490C3108604B
:1063D000FFF772FF4FF000603249086010BD70B5E2
:1063E00000200022022300240221284D08352D68B8
:1063F00005F00C0020B1042806D0082834D107E0AD
:10640000294D2A4E356033E0294D284E35602FE066
:106410001E4D2D1D2D68C5F380541C4D2D1D2D685E
:1064200005F03F0154B1224DB5FBF1F5174E361D75
:106430003668C6F3881605FB06F209E01A4DB5FB6F
:10644000F1F5124E361D3668C6F3881605FB06F2C6
:106450000E4D2D1D2D68C5F301456D1C6B00B2FB63
:10646000F3F5124E356003E00F4D104E356000BF5E
:1064700000BF064D08352D68C5F303150D4E705D40
:106480000A4D2D68C540094E356070BD0038024088
:106490000070004008544007003C0240FFFFF6FE39
:1064A0001030002408ED00E00024F400CC050020AA
:1064B00000127A00D00500200648804706480047B1
:1064C000FEE7FEE7FEE7FEE7FEE7FEE7FEE7FEE7A4
:1064D000FEE7FEE79563020889010008324901439F
:1064E000324A1160704770B5002100230F22C47832
:1064F0001CB32E4C246804F4E064C4F5E064C4F3D7
:106500000721C1F10404E3B20A4144789C40E1B29E
:106510008478144021430C07210E254C05786155E1
:10652000047804F01F050124AC4005786D11AD001E
:1065300005F1E025C5F8004109E0047804F01F05E5
:106540000124AC401B4D0678761145F8264070BDFD
:10655000194A0A400243154B1B1F1A60704739B194
:10656000124A121D12680243104B1B1D1A6006E0EE
:106570000E4A121D126882430C4B1B1D1A60704795
:10658000042808D14FF0E021096941F004014FF0DF
:10659000E022116107E04FF0E021096921F00401D8
:1065A0004FF0E022116170470000FA050CED00E0A9
:1065B00000E400E080E100E080FFFF1F10B504462A
:1065C0008C48844208D10121084600F000FB0021DC
:1065D000012000F0FCFA5EE08748844208D10121E6
:1065E000022000F0F4FA0021022000F0F0FA52E05C
:1065F0008248844208D10121042000F0E8FA0021F9
:10660000042000F0E4FA46E07D48844208D10121EC
:10661000082000F0DCFA0021082000F0D8FA3AE067
:106620007848844208D10121102000F0D0FA0021DE
:10663000102000F0CCFA2EE07348844208D10121EA
:10664000202000F0C4FA0021202000F0C0FA22E04F
:106650006E48844208D10121402000F0B8FA0021A0
:10666000402000F0B4FA16E06948844208D10121C4
:10667000802000F0ACFA0021802000F0A8FA0AE0A7
:106680006448844207D10121801500F0A0FA00215E
:10669000A01500F09CFA10BDF0B50A4600210023B9
:1066A000002400BF3DE0012505FA01F3156805EA65
:1066B00003049C4234D105684F000326BE40B54315
:1066C000056015794E00B5400668354305601579BB
:1066D000012D02D01579022D16D185684F000326B1
:1066E000BE40B543856055794E00B5408668354358
:1066F0008560456801268E40B543456045689679BA
:106700008E40B6B235434560C5684F000326BE4093
:10671000B543C560D5794E00B540C6683543C56000
:10672000491C1029BFD3F0BD4FF6FF710160002155
:10673000017141718171C171704708B54FF48032A8
:106740000092009A0A430092009AC261C161009AC5
:10675000C261C2690092C269009208BD024600206F
:1067600013690B400BB1012000E000207047014687
:10677000086980B270470246002053690B400BB194
:10678000012000E0002070470146486980B2704750
:1067900001837047418370470AB1018300E0418360
:1067A00070474161704742694A4042617047F0B5A5
:1067B000002300244D07ED0E02FA05F3CE1000F180
:1067C000200555F826504E07F70E0F26BE40B5435C
:1067D000CF1000F1200646F82750CE1000F120051A
:1067E00055F8265045EA0304CE1000F1200545F87F
:1067F0002640F0BD000002400004024000080240B4
:10680000000C024000100240001402400018024038
:10681000001C024000200240FA48006840F00100DD
:10682000F84908600020F74908310860F548006819
:10683000F5490840F3490860F448091D0860081F3D
:10684000006820F48020091F08600020ED490C3109
:10685000086070470021EB4A921C117011460870C5
:10686000704710B501460022002300204A11012A7A
:1068700002D1E44C236808E0022A03D1E14C7034D1
:10688000236802E0DF4C7434236801F01F02012406
:1068900094401C400CB1012000E0002010BD38B530
:1068A000002000900024002500BF3120FFF7D9FF11
:1068B00005460098401C00900098B0F5A06F01D0EC
:1068C000002DF2D03120FFF7CCFF08B1012400E009
:1068D0000024204638BD01460020CA4A106820F036
:1068E000F80040EAC10010607047C949086070476D
:1068F0000021C44A703211701170012802D004289E
:106900000AD104E00121BF4A7032117005E005216F
:10691000BC4A7032117000E000BF00BF7047BD4933
:106920000860704770B5049C41EA82150126C6EBE9
:10693000530645EA0645054345EA0465B14E361D52
:10694000356070BDB24908667047820142EA017243
:10695000AC4B84331A607047AD4988667047AC49C8
:10696000C864704702460020A64B0833186820F020
:10697000EC6042EA01031843A24B083318607047E9
:10698000024600209F4B0833186820F0784042EA06
:10699000010318439B4B08331860704701460020E1
:1069A000984A0832106820F00300084310607047CE
:1069B00094480830006800F00C0070470146002041
:1069C000904A0832106820F0F000084310607047C9
:1069D000014600208B4A0832106820F4E05008433A
:1069E0001060704701460020864A0832106820F483
:1069F000604040EAC10010607047F0B500210022FD
:106A000000240225002602237E4F08373F6807F046
:106A10000C0121B1042905D0082937D105E07E4FAA
:106A2000076036E07D4F076033E0764F3F1D3F68DB
:106A3000C7F38056734F3F1D3F6807F03F036EB1A9
:106A4000764FB7FBF3F7DFF8BCC10CF1040CDCF8B0
:106A500000C0CCF3881C07FB0CF40CE06E4FB7FBB6
:106A6000F3F7DFF8A0C10CF1040CDCF800C0CCF3A4
:106A7000881C07FB0CF4634F3F1D3F68C7F30147B9
:106A80007F1C7D00B4FBF5F7076002E0624F0760F2
:106A900000BF00BF5B4F08373F6807F0F0010909EE
:106AA0005F4F7A5C0768D7404760564F08373F68AA
:106AB00007F4E051890A5A4F7A5C4768D7408760EB
:106AC000504F08373F6807F46041490B544F7A5CD8
:106AD0004768D740C760F0BD002100F44072B2F5AE
:106AE000407F0AD1474A0832116821F4F8114D4A13
:106AF00002401143434A08321160424A7032126820
:106B0000C0F30B031A433F4B70331A60704741497F
:106B10004439086070473F4940390860704742492E
:106B20000860704739B1374A303212680243354B3A
:106B300030331A6006E0334A303212688243314BF8
:106B400030331A60704739B12E4A3432126802432A
:106B50002C4B34331A6006E02A4A343212688243DE
:106B6000284B34331A60704739B1264A38321268DC
:106B70000243244B38331A6006E0224A3832126846
:106B80008243204B38331A60704739B11D4A403276
:106B9000126802431B4B40331A6006E0194A403228
:106BA00012688243174B40331A60704739B1154A57
:106BB000443212680243134B44331A6006E0114A10
:106BC0004432126882430F4B44331A60704739B124
:106BD0000C4A1032126802430A4B10331A6006E066
:106BE000084A103212688243064B10331A6070470D
:106BF000E1B1044A143212680243024B14331A60A2
:106C000019E0000000380240FFFFF6FE10300024BB
:106C100000004742800E47420024F40000127A0030
:106C2000E0050020FFFCFF0F5C0147425B4A126851
:106C300082435A4B1A60704739B1584A121D126884
:106C40000243564B1B1D1A6006E0544A121D12687F
:106C50008243524B1B1D1A60704739B14F4A0C32A8
:106C6000126802434D4B0C331A6006E04B4A0C325B
:106C700012688243494B0C331A60704739B1474A56
:106C8000103212680243454B10331A6006E0434A43
:106C9000103212688243414B10331A60704739B189
:106CA0003E4A3C32126802433C4B3C331A6006E0D9
:106CB0003A4A3C3212688243384B3C331A60704780
:106CC00039B1364A403212680243344B40331A60BD
:106CD00006E0324A403212688243304B40331A6039
:106CE000704739B12D4A4432126802432B4B44336A
:106CF0001A6006E0294A443212688243274B443323
:106D00001A60704739B1254A4C3212680243234B4E
:106D10004C331A6006E0214A4C32126882431F4B02
:106D20004C331A60704739B11C4A50321268024322
:106D30001A4B50331A6006E0184A503212688243E8
:106D4000164B50331A60704739B1144AD21F12786B
:106D50000243124BDB1F1A7006E0104AD21F127852
:106D600082430E4BDB1F1A7070470C48603000687E
:106D700040F080700949603108607047014600208A
:106D8000064A083A12680A400AB1012000E00020D1
:106D900070470249891F087070470000143802408C
:106DA00010B501210802FFF769FF00214FF4807040
:106DB000FFF764FF10BD30B5024600200023506885
:106DC000F84C20400D790C6844EA052420435060BB
:106DD0009068F54C2040D1E903542C438D682C4336
:106DE0004D7944EA450420439060D06A20F4700055
:106DF0000C7D641EE4B2234340EA0350D06230BDF0
:106E000000210160017141718160C1600161012156
:106E1000017570470021E54A1168E54A1140D0E943
:106E200000231A4383681A43C3681A431143E14A93
:106E3000C2F8041370470021016041608160C160A5
:106E4000704721B1826842F00102826003E08268EB
:106E500022F00102826070470A4600214168D64B49
:106E600019401143416070474162826270470A468F
:106E70000021416821F01F0111434160704738B182
:106E8000CA49096841F40001CA4AC2F8041306E07D
:106E9000C649096821F40001C64AC2F804137047C4
:106EA00038B1C249096841F48001C24AC2F80413EA
:106EB00006E0BE49096821F48001BE4AC2F8041305
:106EC0007047F0B504460D4600200021092D11DD64
:106ED000E068A5F10A0606EB4607072606FA07F161
:106EE0008843A5F10A0606EB460603FA06F10843B5
:106EF000E0600CE0206905EB4507072606FA07F17C
:106F0000884305EB450603FA06F108432061072A8A
:106F10000FDA606B561E06EB86071F2606FA07F18E
:106F20008843561E06EB860605FA06F108436063A1
:106F300022E00D2A0FDA206BD61F06EB86071F26EC
:106F400006FA07F18843D61F06EB860605FA06F116
:106F50000843206310E0E06AA2F10D0606EB860705
:106F60001F2606FA07F18843A2F10D0606EB8606F6
:106F700005FA06F10843E062F0BD816841F0804106
:106F800081607047014600208A6802F480020AB1DD
:106F9000012000E00020704721B1826842F4806245
:106FA000826003E0826822F480628260704721B1CF
:106FB000826842F00202826003E0826822F00202EC
:106FC0008260704710B50A4600210023416821F411
:106FD0006041531E41EA4331416010BD21B1426816
:106FE00042F40062426003E0426822F400624260C0
:106FF00070470146C86C80B270476C48001D00683D
:10700000704721B1826842F48072826003E0826836
:1070100022F480728260704721B1826842F400726B
:10702000826003E0826822F400728260704738B1A7
:107030005E49096841F400515E4AC2F8041306E053
:107040005A49096821F400515A4AC2F8041370479A
:10705000F0B504461546002000220026092911DD5E
:10706000E068A1F10A0707EB470C072707FA0CF2C3
:107070009043A1F10A0707EB470703FA07F2104311
:10708000E0600CE0206901EB410C072707FA0CF2E5
:10709000904301EB410703FA07F210432061A06B14
:1070A000C0F30156EF1C06F1010CA7EB0C0707EB30
:1070B000870C1F2707FA0CF29043EF1C06F1010C16
:1070C000A7EB0C0707EB870701FA07F21043A06351
:1070D000F0BD10B50A4600210023816B21F4401158
:1070E000531E41EA0351816310BD08B5002300938C
:1070F0000090009B0B440093009B1A6008BD0A4659
:107100000021816821F470211143816070470A4693
:107110000021816821F4401111438160704781682A
:1071200041F4800181607047014600208A6802F4C2
:1071300080020AB1012000E00020704721B14268BE
:1071400042F48062426003E0426822F4806242605E
:10715000704721B1426842F48052426003E04268C5
:1071600022F480524260704708B502460020009029
:10717000009201F12800009B1844009000980068DC
:1071800080B208BD10B50B460021D9B2012404FA23
:1071900001F11AB144680C43446002E044688C4336
:1071A000446010BDFFFEFFFCFDF7FFC0042301405B
:1071B000E030FCFF00200140FFFD3FFF02460020C1
:1071C00013680B400BB1012000E000207047CA4358
:1071D0000260704770B502460020002300240B12A5
:1071E000556801268E4005EA060415681D4015B154
:1071F0000CB1012000E0002070BD00220A12D34330
:1072000003607047016821F0010101600021016005
:1072100041608160C160016121214161DB49884297
:1072200004D13D21D94A103A91608CE0D7491831F8
:10723000884205D14FF47461D44A103A916082E0DB
:10724000D2493031884205D14FF47411CF4A103AF7
:10725000916078E0CD494831884205D14FF07461A2
:10726000CA4A103A91606EE0C8496031884204D140
:10727000C749C64A103AD16065E0C44978318842AE
:1072800004D1C449C14A103AD1605CE0BF49903191
:10729000884204D1C049BD4A103AD16053E0BB498D
:1072A000A831884205D14FF03D51B84A103AD1601B
:1072B00049E0BA49884204D13D21B84A083A1160F0
:1072C00041E0B6491831884205D14FF47461B34AA0
:1072D000083A116037E0B1493031884205D14FF4A6
:1072E0007411AE4A083A11602DE0AC494831884229
:1072F00005D14FF07461A94A083A116023E0A7490B
:107300006031884204D1A249A44A121F11601AE0D8
:10731000A2497831884204D19E49A04A121F1160C7
:1073200011E09E499031884204D19B499B4A121F2B
:10733000116008E09949A831884204D14FF03D51CD
:10734000964A121F1160704710B500220268944BD4
:107350001A40CC680B6823434C6923438C69234350
:10736000CC6923430C6A23434C6A23438C6A23432E
:107370004C6B23438C6B23431A430260426922F017
:107380000702D1E90B3423431A4342610B6943607E
:107390004B6883608B68C36010BD00210160416051
:1073A0008160C160016141618161C16101624162CD
:1073B0008162C162016341638163704721B10268E8
:1073C00042F00102026003E0026822F00102026062
:1073D000704721B1026842F40042026003E0026893
:1073E00022F400420260704721B1026842F020029C
:1073F000026003E0026822F02002026070474160F0
:1074000070470146486880B2704722B1036843F470
:107410000023036003E0036823F400230360016199
:10742000704721B1026842F48022026003E00268E2
:1074300022F48022026070470AB1016100E0C1605D
:107440007047014600200A6802F400220AB10120B8
:1074500000E000207047014600200A6802F00102A7
:107460000AB1012000E000207047014600204A696F
:1074700002F03800704730B503460A460020002469
:10748000464DAB4202D24149103901E0434910391F
:1074900002F000550DB14C6800E00C68414D2C40E5
:1074A00004EA02050DB1012000E0002030BD0246D3
:1074B0003A4B9A4202D23548103801E0374810382A
:1074C00001F000531BB1374B0B40C36002E0354B5A
:1074D0000B408360704710B501F080034BB122B1BF
:1074E000436943F08003436103E0436923F0800371
:1074F000436180290BD02AB1036801F01E042343A5
:10750000036004E0036801F01E04A343036010BDA0
:1075100070B50246002000240025204EB24202D25F
:107520001A4B103B01E01D4B103B1F4E0E4036B175
:107530001E2606EAD124166806EA040502E056690A
:1075400006F0800501F000560EB15C6800E01C6892
:10755000144E344004EA010616B10DB1012000E0DA
:10756000002070BD02460D4B9A4202D207481038E7
:1075700001E00A48103801F000531BB1094B0B40E1
:10758000C36002E0074B0B4083607047106002400D
:107590003D000020400F002000003D20106402400C
:1075A0003F801CF07D0F7D0F3C0F3C0F00204449B5
:1075B0000860091D0860091D0860091D0860414830
:1075C0003F4914310860704700213D498279002A03
:1075D0003AD00A46126803689A430B461A600A1D9D
:1075E000126803689A430B1D1A60027911440A68F5
:1075F00003681A430A60324A0832126803689A43E1
:107600002F4B08331A601A1D126803689A432C4BDB
:107610000C331A604279102A0ED11A1F12680368BF
:107620001A43274B08331A601A1D126803681A435D
:10763000234B0C331A600DE02149427911440A684A
:1076400003681A430A6005E0027911440A68036876
:107650009A430A6070470021016001710C21417159
:107660000021817170471649103109680143144A9D
:1076700010321160704701460020114A143212681E
:107680000A400AB1012000E0002070470C49143183
:1076900008607047014600200022094B1B6803EA7E
:1076A0000102074B14331B680B4013B10AB10120D0
:1076B00000E0002070470249143108607047000064
:1076C000003C0140FFFF7F0010B50446FE488442A5
:1076D00008D101210846FFF7D1FA00210120FFF768
:1076E000CDFA9DE0B4F1804F08D101210846FFF7A3
:1076F000B4FA00210120FFF7B0FA91E0F348844288
:1077000008D101210220FFF7A8FA00210220FFF78B
:10771000A4FA85E0EE48844208D101210420FFF755
:107720009CFA00210420FFF798FA79E0E9488442A6
:1077300008D101210820FFF790FA00210820FFF767
:107740008CFA6DE0E448844208D101211020FFF753
:1077500084FA00211020FFF780FA61E0DF488442BC
:1077600008D101212020FFF778FA00212020FFF71F
:1077700074FA55E0DA48844208D101210220FFF76B
:107780007DFA00210220FFF779FA49E0D5488442CA
:1077900009D101210804FFF771FA00214FF480306C
:1077A000FFF76CFA3CE0D048844209D1012148043B
:1077B000FFF764FA00214FF40030FFF75FFA2FE083
:1077C000CA48844209D101218804FFF757FA0021F1
:1077D0004FF48020FFF752FA22E0C548844208D1D6
:1077E00001214020FFF739FA00214020FFF735FA48
:1077F00016E0C048844208D101218020FFF72DFA0D
:1078000000218020FFF729FA0AE0BB48844207D113
:1078100001218015FFF721FA0021A015FFF71DFABD
:1078200010BD00220288A84B98420ED0AC4B984263
:107830000BD0B0F1804F08D0A44B984205D0A44B98
:10784000984202D0A34B984204D14FF68F731A404E
:107850004B881A43A04B984207D0A04B984204D0C3
:107860004FF6FF431A400B891A4302804B68C362EC
:107870000B880385944B984202D0994B984201D1D2
:107880008B7A03860123838270474FF0FF3141607A
:1078900000210180018141808172704701858282CF
:1078A00070470A46002101884FF68F731940114333
:1078B0000180704741627047C16270470146486A63
:1078C00070470146088D704721B1028842F00202DC
:1078D000028004E002884FF6FD731A400280704770
:1078E00021B1028842F00402028004E002884FF6CF
:1078F000FB731A400280704721B1028842F0800277
:10790000028004E002884FF67F731A4002807047BD
:1079100002884FF6F7731A40028002880A430280F9
:10792000704702884FF6FF431A40028002880A43DC
:107930000280704721B1028842F00102028004E017
:1079400002884FF6FE731A400280704770B500241B
:1079500000220023058C4FF6FE7635400584028C0C
:107960008388048B4FF68F752C40B51E2C400D88F4
:107970002C43751E2A408D892A434D882A43524D37
:10798000A84202D0564DA84213D14FF6F7752A40AF
:10799000CD892A434FF6FB752A408D882A434FF63E
:1079A000FF652B404FF6FF552B400D8A2B434D8A28
:1079B0002B43838004838D684563028470BD70B55A
:1079C000002400220023058C4FF6EF763540058415
:1079D000028C8388048B48F6FF752C404FF6FF45D8
:1079E0002C400D884FF6FF7606EA05252C434FF60E
:1079F000DF752A408D8906EA05152A434D8806EA77
:107A000005152A43304DA84202D0354DA8421DD15C
:107A10004FF67F752A40CD894FF6FF7606EA0515A9
:107A20002A434FF6BF752A408D8806EA05152A437A
:107A30004FF6FF352B404FF2FF752B400D8A06EABB
:107A400085052B434D8A06EA85052B4383800483F5
:107A50008D688563028470BD70B500240022002308
:107A6000058C4FF6FF6635400584028C8388848B35
:107A70004FF68F752C404FF6FC752C400D882C432B
:107A80004FF6FF552A408D894FF6FF7606EA052509
:107A90002A434D8806EA05252A430B4DA84202D009
:107AA0000F4DA84238D14FF2FF752A40CD894FF6CD
:107AB000FF7606EA05252A434FF6FF352A408D88D2
:107AC00006EA05252A4319E00000014000040040B1
:107AD00000080040000C004000100040001400406E
:107AE00000040140004001400044014000480140C2
:107AF00000180040001C0040002000404EF6FF75BA
:107B00002B404DF6FF752B400D8A06EA05152B43D9
:107B10004D8A06EA05152B43838084838D68C563EF
:107B2000028470BD70B5002200230024058C4EF63F
:107B3000FF7635400584038C8488828B48F6FF7578
:107B40002A404FF6FF452A400D884FF6FF7606EA99
:107B500005252A434DF6FF752B408D8906EA05352C
:107B60002B434D8806EA05352B43FE4DA84202D033
:107B7000FD4DA84208D14BF6FF752C400D8A4FF6FB
:107B8000FF7606EA85152C43848082838D68056420
:107B9000038470BD002101804180818081608181EA
:107BA000C18101824182704770B5034600200024E4
:107BB0001846183001258D40ACB21D8CA5431D849C
:107BC00009B108290AD100EB610005684FF68F76EC
:107BD000354005600568154305600FE00D1FC5F3CE
:107BE0004E052844056848F6FF763540056005686F
:107BF0004FF6FF7606EA02263543056070BD416305
:107C0000704781637047C1637047016470470A46DB
:107C10000021018B4FF68F73194011430183704788
:107C20000A460021018B48F6FF7319404FF6FF7397
:107C300003EA02231943018370470A460021818B1E
:107C40004FF68F7319401143818370470A46002114
:107C5000818B48F6FF7319404FF6FF7303EA022346
:107C60001943818370470A460021018B4FF6F77351
:107C700019401143018370470A460021018B4FF2DE
:107C8000FF7319404FF6FF7303EA02231943018380
:107C900070470A460021818B4FF6F7731940114354
:107CA000818370470A460021818B4FF2FF73194090
:107CB0004FF6FF7303EA02231943818370470A4694
:107CC0000021018B4FF6FB7319401143018370476C
:107CD0000A460021018B4FF6FF3319404FF6FF7320
:107CE00003EA02231943018370470A460021818B6E
:107CF0004FF6FB7319401143818370470A460021F8
:107D0000818B4FF6FF3319404FF6FF7303EA0223CE
:107D10001943818370470A460021018B4FF67F7318
:107D200019401143018370470A460021018BC1F3BA
:107D30000E014FF6FF7303EA0223194301837047D4
:107D40000A460021818B4FF67F73194011438183CE
:107D500070470A460021818BC1F30E014FF6FF7375
:107D600003EA02231943818370470A460021018CEC
:107D70004FF6FD7319401143018470470A460021F4
:107D8000018C4FF6F77319401143018470470A467E
:107D90000021018C4FF6DF7319404FF6FF7303EAA1
:107DA00002131943018470470A460021018C4FF6E3
:107DB0007F7319404FF6FF7303EA021319430184DE
:107DC00070470A460021018C4FF6FF5319404FF6C9
:107DD000FF7303EA02231943018470470A46002116
:107DE000018C4FF2FF7319404FF6FF7303EA022331
:107DF0001943018470470A460021018C4DF6FF7338
:107E000019404FF6FF7303EA0233194301847047A8
:107E100030B5002301248C40A3B2048C9C4304841D
:107E2000048C02FA01F5ADB22C43048430BD30B5A8
:107E3000002304248C40A3B2048C9C430484048C4F
:107E400002FA01F5ADB22C43048430BD828B4FF2AF
:107E5000FF331A408283828B4FF6FF7303EA0123BC
:107E60001A4382837047F0B50C4615460021002264
:107E70000026078C4EF6FF7C07EA0C070784818BEF
:107E8000028C4FF6FF7707EA043640F6FF47394089
:107E90004FF6FF7707EA052739434FF6FF7707EAE2
:107EA0000337394345F6FF773A4046F480573A4363
:107EB00081830284F0BD828B4FF6F3731A40828374
:107EC000828B0A4382837047F0B50C461546002129
:107ED00000220026078C4FF6FF6C07EA0C07078488
:107EE000818B028C4FF6FF7707EA04264FF60C775A
:107EF00039404FF6FF7707EA03172F4339434FF214
:107F0000FF573A4046F480773A4381830284F0BDBC
:107F1000028B4FF2FF331A400283028B4FF6FF733E
:107F200003EA01231A4302837047F0B50C46154655
:107F3000002100220026078C4FF6EF7C07EA0C0791
:107F40000784018B028C4FF6FF7707EA041640F690
:107F5000FF4739404FF6FF7707EA033739434FF6BB
:107F6000FF7703E0000001400004014007EA052715
:107F700039434FF65F773A4046F010073A430183A2
:107F80000284F0BD028B4FF6F3731A400283028B1A
:107F90000A4302837047F0B50C46154600210022C3
:107FA000068C4FF6FE773E400684018B028C4FF61E
:107FB0000C7631407E1C06EA03162E4331434FF601
:107FC000F576324044F00106324301830284F0BD6D
:107FD00070B505460C46208850B92389A28861886F
:107FE0002846FFF7D8FFE1882846FFF7CBFF25E0BA
:107FF000208804280AD12389A28861882846FFF7AF
:1080000094FFE1882846FFF783FF17E020880828BF
:108010000AD12389A28861882846FFF755FFE188A5
:108020002846FFF748FF09E02389A288618828468F
:10803000FFF719FFE1882846FFF708FF70BD002110
:1080400001804180012181800021C1800181704730
:108050002DE9F04105460C4600260127608808B945
:10806000022600E00026A088012801D1022700E0B6
:1080700001272088A0B92389A28861882846FFF7B4
:108080008AFFE1882846FFF77DFF23893A4631467B
:108090002846FFF74AFFE1882846FFF739FF13E03B
:1080A0002389A28861882846FFF73FFFE188284698
:1080B000FFF72EFF23893A4631462846FFF76BFF2C
:1080C000E1882846FFF75EFFBDE8F0810146486B76
:1080D00070470146886B70470146C86B7047014680
:1080E000086C70470A884B881A438B881A43CB88E0
:1080F0001A430B891A434B891A438B891A43A0F8F8
:10810000442070470021018041808180C18001812D
:1081100041818181704731B1B0F8442042F400427E
:10812000A0F8442005E0B0F84420C2F30E02A0F805
:108130004420704721B1828842F00402828004E02A
:1081400082884FF6FB731A408280704721B1828883
:1081500042F00102828004E082884FF6FE731A40EA
:10816000828070471AB183890B43838102E083893F
:108170008B43838170478182704702460020138AB7
:108180000B400BB1012000E000207047CA4302827F
:10819000704730B50246002000230024158A05EA06
:1081A0000103958905EA010413B10CB1012000E037
:1081B000002030BDCA430282704741EA0203A0F8A2
:1081C000483070471AB183890B43838102E0838969
:1081D0008B438381704721B1828842F008028280FC
:1081E00004E082884FF6F7731A4082807047018955
:1081F0004FF6F8721140018170470A46002101894B
:108200004FF68F73194011430181704730B5044612
:108210000D4629462046FFF7F0FF208940F0070071
:10822000208130BD2DE9F04104460D4616461F461B
:10823000602D06D13B46012231462046FFF775FEF0
:1082400005E03B46012231462046FFF7A4FE2946C1
:108250002046FFF7D2FF208940F007002081BDE8CB
:10826000F08130B50C4600210189C9B24FF6FF7587
:1082700005EA0325154325432943018130BD2DE936
:10828000F04105460E4617469846002443463A46B6
:1082900031462846FFF7E5FF2C894FF6F870044079
:1082A00044F007044FF68F70044044F070042C81B2
:1082B000BDE8F081F0B504460D4616461F463B4624
:1082C000324629462046FFF7CCFF208940F4804003
:1082D0002081F0BD82884FF68F731A408280828899
:1082E0000A438280704702894FF6F8731A40028170
:1082F00002890A430281704702894FF67F731A4050
:10830000028102890A4302817047F0B50C46154686
:108310001E460021002200230189028B038C4FF6A8
:10832000F877394021434FF6FC473A4040F20117B5
:108330003A434FF6DD773B404FF6FF7707EA0617E3
:108340002F433B43018102830384F0BD21B1828826
:1083500042F08002828004E082884FF67F731A40E8
:1083600082807047A0F850107047000010B5044696
:10837000F748844208D101211020FEF77FFC00213C
:108380001020FEF77BFC3EE0F248844209D1012137
:108390004804FEF762FC00214FF40030FEF75DFC5C
:1083A00031E0ED48844209D101218804FEF755FCF3
:1083B00000214FF48020FEF750FC24E0E74884427F
:1083C00009D10121C804FEF748FC00214FF4002028
:1083D000FEF743FC17E0E248844209D10121080579
:1083E000FEF73BFC00214FF48010FEF736FC0AE05C
:1083F000DC48844207D101212020FEF73FFC002108
:108400002020FEF73BFC10BD2DE9FF4705460E4638
:108410000024A14600BFA046B08900B100BF2C8A4D
:1084200024F44054F08804432C82AC8941F20C605F
:108430008443B08831890843718908430443AC817F
:10844000AC8A24F44074B0890443AC826846FEF7D9
:10845000D4FABF48854202D0C248854202D1DDF835
:108460000C9001E0DDF80890A88900F4004040B1CC
:1084700009EBC90000EB091031684900B0FBF1F7C6
:1084800007E009EBC90000EB091031688900B0FB77
:10849000F1F76420B7FBF0F004012009642101FB2F
:1084A0001078A88900F4004040B1322000EBC800E9
:1084B000B0FBF1F000F00700044308E0322000EBCD
:1084C00008106421B0FBF1F000F00F0004432C8190
:1084D000BDE8FF874FF41651016000218180C18003
:1084E00001810C21418100218181704710B5024634
:1084F0000020108A20F470600B884C8823438C88FD
:108500002343CC8823431843108210BD00210180EF
:1085100041808180C180704721B1828942F400523C
:10852000828104E082894DF6FF731A408281704790
:10853000028B02F47F420283028B0A43028370475C
:1085400021B1828942F40042828103E08289C2F330
:108550000E028281704721B1828A42F400628282D7
:1085600004E0828A4FF2FF731A4082827047C1F39F
:1085700008028280704701468888C0F3080070476F
:10858000028A4FF6F0731A400282028A0A4302827C
:10859000704721B1828942F00202828104E082891F
:1085A0004FF6FD731A408281704782894FF2FF7344
:1085B0001A40828182890A4382817047028A4FF67B
:1085C000DF731A400282028A0A430282704721B195
:1085D000028A42F48042028204E0028A4BF6FF7370
:1085E0001A4002827047818941F001018181704700
:1085F00021B1828A42F00802828204E0828A4FF628
:10860000F7731A4082827047028BD2B20283028BC8
:1086100042EA01220283704721B1828A42F020029D
:10862000828204E0828A4FF6DF731A4082827047AA
:1086300021B1828A42F01002828204E0828A4FF6DF
:10864000EF731A4082827047828A4FF6FB731A409A
:108650008282828A0A438282704721B1828A42F0F2
:108660000202828204E0828A4FF6FD731A408282FF
:1086700070471AB1838A0B43838202E0838A8B435B
:1086800083827047F0B503460024002600250020B1
:1086900040F66A17B94200D100BF1846C1F3421430
:1086A00001F01F06012707FA06F5012C01D10C3055
:1086B00004E0022C01D1103000E014301AB1076838
:1086C0002F43076002E00768AF430760F0BD024632
:1086D0000020B1F5007F00D100BF13880B400BB123
:1086E000012000E00020704701F40072B2F5007F25
:1086F00000D100BFCA430280704770B50246002413
:1087000000230025002040F66A16B14200D100BFC8
:10871000C1F3421501F01F03012606FA03F3012DF0
:1087200002D19689334006E0022D02D1168A3340E9
:1087300001E0968A33400C12012606FA04F41688EA
:10874000344013B10CB1012000E0002070BD0000E6
:10875000001001400044004000480040004C004030
:10876000005000400014014010B50022002340F6E4
:108770006A14A14200D100BF0A1201249440A3B29E
:10878000DC43048010BD000010B501218803FEF712
:1087900075FA00214FF48040FEF770FA10BD1A49B7
:1087A0000860704730B500228B071C0F0F2303FAB7
:1087B00004F2154B08338C1053F824309343124CB9
:1087C00008348D1044F8253023468C1053F824309B
:1087D0008C07240F00FA04F423430B4C08348D104B
:1087E00044F8253030BD09490860704708490860E1
:1087F0007047002004492031096801F4807109B1F3
:10880000012000E00020704700380140DC002742D2
:108810000004274200F1080141604FF0FF31816000
:1088200000F10801C1600161002101607047002171
:1088300001617047426853684B6043688B605368BE
:10884000996051604160086103685B1C0360704778
:1088500010B502460B685C1C0CB9106907E002F108
:10886000080000E04068446824689C42FAD94468E3
:108870004C604C68A160886041600A611468641CA7
:10888000146010BD0146D1E901309860D1E90103BF
:1088900058600A695068884201D188685060002099
:1088A00008611068401E10601068704770B504467B
:1088B0000D461CB9D7F7BCFC00BFFEE700F0F3FD86
:1088C000D4E90F12206801FB020060600020A06361
:1088D0002068A060E06B401E226C216800FB021043
:1088E000E0604FF0FF306064A06475B9206908B99A
:1088F000012000E0002080B904F1100001F02AFC02
:1089000001280AD100F0C9FD07E004F11000FFF7CB
:1089100081FF04F12400FFF77DFF00F0CDFD012071
:1089200070BD2DE9F04705460E4617464FF0000989
:10893000DDB1502000F0E4FD0446B4B105FB06F0C3
:1089400000F10108404600F0DBFD2060206848B1DE
:10895000E563266401212046FFF7A8FF84F84D70E7
:10896000A14602E0204600F02CFEB9F1000F03D131
:10897000D7F75EFC00BFFEE74846BDE8F08710B5BC
:10898000044600F090FD11E0606A08B9012000E0A3
:10899000002050B904F1240001F0DCFB08B101F023
:1089A00054FCA06C401EA06400E002E0A06C002813
:1089B000EADC00BF4FF0FF30A06400F07DFD00F066
:1089C00072FD11E0206908B9012000E0002050B9D3
:1089D00004F1100001F0BEFB08B101F036FC606C40
:1089E000401E606400E002E0606C0028EADC00BF2A
:1089F0004FF0FF30606400F05FFD10BD70B50446BD
:108A000000F051FDA06BE16B884201D1012000E034
:108A10000020054600F050FD284670BD70B50446A4
:108A20000E461546206C38B9206838BB606801F0E6
:108A30009BFC0020606021E07DB93146226CA0687B
:108A400001F0BCFC216CA0680844A060D4E90110CE
:108A5000884213D32068A06010E03146226CE068A1
:108A600001F0ACFC216CE068401AE0602168E0682D
:108A7000884203D2216C6068401AE060A06B401C01
:108A8000A06370BDFFB583B004460D461E460027A7
:108A90001CB9D7F7CDFB00BFFEE70DB9206C08B9B4
:108AA000012000E0002018B9D7F7C2FB00BFFEE7A5
:108AB00000BF00F0F8FCA06BE16B884217D2324691
:108AC00029462046FFF7AAFF606A08B9012000E0A6
:108AD000002038B904F1240001F03CFB012801D149
:108AE00000F0DBFC00F0E8FC012007B0F0BD0598C9
:108AF00018B900F0E1FC0020F7E71FB901A801F068
:108B00005EFB012700F0D8FC00F0DEFF00F0CBFC9C
:108B1000606C401C08B900206064A06C401C08B95F
:108B20000020A06400F0C8FC05A901A801F055FBD5
:108B3000C0B92046FFF762FF70B104F1100005993B
:108B400001F0CBFA2046FFF71AFF00F00DFF0028D6
:108B5000AFD100F0A2FCACE72046FFF710FF00F019
:108B600003FFA6E72046FFF70AFF00F0FDFE002006
:108B7000BBE770B50546502000F0C2FC0446E4B1E6
:108B8000002060602060A060E060A0630120E063DE
:108B900000202064401E6064A06484F84D5004F1FD
:108BA0001000FFF737FE04F12400FFF733FE002327
:108BB0001A4619462046FFF765FF1CB9D7F738FB60
:108BC00000BFFEE7204670BD70B504461CB9D7F75C
:108BD0002FFB00BFFEE701F047FB616888420CD124
:108BE000E068401EE060E06828B900231A46194694
:108BF0002046FFF747FF012500E00025284670BD0D
:108C000070B5044600F04FFCA06B08B9012000E0ED
:108C10000020054600F050FC284670BD70B50446A3
:108C20000D46206870B1216CE0680844E06061681E
:108C3000E068884201D32068E0602846226CE16841
:108C400001F0BCFB70BD2DE9FF4182B004460D462A
:108C50001E464FF000081CB9D7F7EAFA00BFFEE73E
:108C60000DB9206C08B9012000E0002018B9D7F731
:108C7000DFFA00BFFEE700BF00F015FCA06B80B379
:108C8000E76829462046FFF7C9FFB6B9A06B401E2A
:108C9000A063206810B901F0E7FA6060206908B9A4
:108CA000012000E00020B0B904F1100001F052FAF8
:108CB000012810D100F0F1FB0DE0E760606A08B90F
:108CC000012000E0002030B904F1240001F042FA54
:108CD00008B100F0E2FB00F0EFFB012006B0BDE8B8
:108CE000F081FFE7049818B900F0E6FB0020F5E7F3
:108CF000B8F1000F04D1684601F061FA4FF00108A5
:108D000000F0DAFB00F0E0FE00F0CDFB606C401CF0
:108D100008B900206064A06C401C08B90020A06461
:108D200000F0CAFB04A9684601F057FA08BB2046C8
:108D3000FFF766FFB8B1206830B900F0B4FB606897
:108D400001F0A1FA00F0B8FB04F12400049901F04D
:108D5000C4F92046FFF713FE00F006FE00288BD171
:108D600000F09BFB88E72046FFF709FE00F0FCFDC2
:108D700082E72046FFF703FE00F0F6FD0020ADE796
:108D800070B504460E461CB9D7F752FA00BFFEE78D
:108D900001F06AFA6168884204D1E068401CE06032
:108DA00001250BE00023324619462046FFF74BFF12
:108DB0000546012D02D1E068401CE060284670BDE8
:108DC00070B506460D46022200213046FFF7A9FD88
:108DD000044604B1A5631CB9D7F72AFA00BFFEE721
:108DE000204670BD2DE9F04704460F4615469846CB
:108DF0001CB9D7F71DFA00BFFEE70FB9206C08B900
:108E0000012000E0002018B9D7F712FA00BFFEE7F2
:108E1000D7F70EFA8146A06BE16B88421BD242461F
:108E200039462046FFF7FAFDA06C401C70B9606A15
:108E300008B9012000E0002058B904F1240001F035
:108E400089F930B12DB10120286002E0A06C401CEE
:108E5000A064012600E000264846D7F7F0F9304626
:108E6000BDE8F0872DE9F04104460F4615461CB9D0
:108E7000D7F7DEF900BFFEE70FB9206C08B9012073
:108E800000E0002018B9D7F7D3F900BFFEE7D7F705
:108E9000CFF98046A06BE8B139462046FFF7BEFE09
:108EA000A06B401EA063606C401C70B9206908B9BB
:108EB000012000E0002058B904F1100001F04AF947
:108EC00030B12DB10120286002E0606C401C60646C
:108ED000012600E000264046D7F7B1F93046BDE84C
:108EE000F08170B504461CB9D7F7A2F900BFFEE7C0
:108EF00000F0D9FAA56B00F0DFFA284670BD70B516
:108F000004461CB9D7F794F900BFFEE7A56B2846C5
:108F100070BD014600200BE03D4A02EBC0025268E2
:108F20008A4204D100223A4B43F8302002E0401C30
:108F30000828F1D300BF704710B504461CB9D7F715
:108F400077F900BFFEE72046FFF7E3FF206800F057
:108F500038FB204600F035FB10BD014691F84C006F
:108F6000704780F84C107047014691F84D007047EB
:108F700070B504461CB9D7F75BF900BFFEE7A06BDC
:108F800008B9012000E000200546284670BD70B5F4
:108F900004461CB9D7F74CF900BFFEE7A06BE16BA4
:108FA000884201D1012000E000200546284670BD1E
:108FB000024600200BE0164B53F8303033B9144B07
:108FC00043F8301003EBC0035A6002E0401C08284D
:108FD000F1D300BF704770B504460D4600F063FA48
:108FE000606C401C08B900206064A06C401C08B98B
:108FF0000020A06400F060FAA06B20B9294604F1BB
:10900000240001F08DF82046FFF7B9FC70BD000088
:10901000C87801202DE9F04104460D4616461F464A
:109020004FF0000865602461B5420CD8F01BA169BF
:10903000884202D34FF0010811E0211DF04800687A
:10904000FFF706FC0BE0BE4204D2BD4202D34FF054
:10905000010804E0211DEB480068FFF7F9FB4046DA
:10906000BDE8F0812DE9FE4305460E4617461C4635
:10907000DDF828804FF00009E348006808B3009647
:1090800001970295ACB901F0F2F8012808D100234C
:1090900042466946DC480068FFF7F4FC814610E070
:1090A00000231A466946D8480068FFF7EBFC814662
:1090B00007E0002322466946D3480068FFF792FE86
:1090C00081464846BDE8FE832DE9F84381462BE002
:1090D000CC480068C0680568CA480068C068C468B1
:1090E000201DFFF7CFFB2046616A8847E069012811
:1090F0001AD1A0694619AE4207D966602461211DC4
:10910000C0480068FFF7A4FB0EE0002003462A4693
:10911000014600902046FFF7A5FF07461FB9D7F785
:1091200087F800BFFEE700BFB6480068006808B9CE
:10913000012000E000200028CAD0B248D0F800800A
:10914000AF480068AF490860AD48C0F80080BDE88E
:10915000F88370B5044600F009FF0546AB48006887
:10916000854206D2A9480068FFF7AEFF01202060C3
:1091700001E000202060A5480560284670BD70B55C
:1091800086B002A8FFF7E5FF064650E0059C44B113
:10919000606908B9012000E0002010B9201DFFF728
:1091A00071FB039830B1012826D0022825D003286E
:1091B0003BD136E00498A269811803463246204626
:1091C000FFF728FF012816D12046616A8847E06929
:1091D000012810D1002000900498A16942180023B2
:1091E00019462046FFF73EFF05461DB9D7F720F880
:1091F00000BFFEE700BF19E018E00498A061A06975
:1092000008B1012000E0002018B9D7F711F800BF1D
:10921000FEE7A0698119334632462046FFF7FAFE81
:1092200004E0204600F0CDF900E000BF00BF0023BD
:109230001A4603A974480068FFF705FD0028A5D168
:1092400006B070BDF8B505460F466E480068C068A8
:10925000C468201DFFF716FBE069012817D1A0693B
:1092600041192B463A462046FFF7D4FE01280ED17D
:10927000002003462A46014600902046FFF7F2FEF2
:1092800006461EB9D6F7D4FF00BFFEE700BF204652
:10929000616A8847F8BDF8B504460E4600F014FC34
:1092A0006846FFF756FF05460098A0B946B9AC429C
:1092B00006D800F059FB29462046FFF7C3FF0CE013
:1092C000611B51480068FFF786FE00F04DFB20B996
:1092D00000F0E3F801E000F047FBF8BD0146494A21
:1092E000126812680AB9012200E000220A600A68C6
:1092F00022B9444A1268D268106800E00020704722
:1093000008B500BF6846FFF7E9FF0446204600990C
:10931000FFF7C1FFFFF733FFF4E710B500F0C3F824
:109320003948006890B93A48FFF774FA3948FFF7AE
:1093300071FA3748334908603648314908600022DD
:109340000C210A20FFF7EDFA2F49086000F0B4F86D
:1093500010BD1FB50024FFF7E0FF2B48006868B17F
:1093600000200223CDE90030029003464FF4007242
:1093700029A103902A4800F0B2F904461CB9D6F797
:1093800057FF00BFFEE7204604B010BD2DE9F047AF
:1093900006460D4617469846DDF820904DB9002444
:1093A0000DB1012000E00020A0B9D6F741FF00BFB9
:1093B000FEE7282000F0A4F804465CB1FFF7ADFFFB
:1093C0002660A561E761C4F82080C4F82490201DC0
:1093D000FFF72DFA2046BDE8F08770B50446264613
:1093E00000F061F8706908B1012000E00020054636
:1093F00000F062F8284670BD01460A46106A7047C0
:10940000F4050020F0050020F8050020FC050020F0
:10941000087901201C790120546D72205376630075
:1094200001930208001F4FF080730360001F01606A
:10943000001F0023036014380260001FDB1E03605E
:10944000203870472A48006842F21071B0FBF1F0F2
:10945000401E4FF0E021486107200861704710B5B9
:109460002448006840F47C002249086008460068EF
:1094700040F07C400860FFF7E5FF00201E490860CF
:10948000D6F7A4FE1D48006840F040401B49086024
:10949000D6F792FE002010BD70474FF0805015495E
:1094A0001C390860704710B5D6F7C2FE1248006834
:1094B000401C1149086010BD10B50F480068401EDF
:1094C0000D4908600846006810B90020D6F7B7FEBD
:1094D00010BD10B54FF0805006491C390860D6F712
:1094E000A7FE00F0C2F90020D6F7A9FE10BD0000CB
:1094F000CC05002020ED00E00006002034EF00E065
:109500002DE9F04104464FF0000800F0DDFA3D4837
:10951000006898B93C493D4A1160002151604FF400
:1095200020513B4A51600021116037484FF42051CF
:1095300041601146016001203249086044B1103495
:1095400004F0070020B104F00700C0F10800044453
:10955000002C31D0B4F5205F2ED22C4F3846056850
:1095600001E02F462D686868A04202D228680028D2
:10957000F7D1274885421FD0386800F110082868C5
:1095800038606868001B202810D92E196868001BF5
:1095900070606C6071681D4800E000680268526885
:1095A0008A42FAD302683260066000BF19496868CF
:1095B0000968081A1749086000F0D6F94046BDE866
:1095C000F08170B506463546B6B1103D2C4600F028
:1095D0007BFA61680D4800E00068026852688A42C0
:1095E000FAD30268226004600A4960680968084486
:1095F0000849086000F0B8F970BD06480068704777
:109600007047000018060020307901200406002071
:109610000C0600201406002010B5002407E004EB1F
:109620008401FE4A02EB8100FFF7F4F8641C052C6C
:10963000F5D3FB48FFF7EEF8FA48FFF7EBF8FA48E6
:10964000FFF7E8F8F948FFF7E5F8F948FFF7E2F81F
:10965000F348F8490860F348F749086010BD2DE960
:10966000F04104460E4615469846069F0A223146AA
:1096700004F1340000F0D2FE00213D200155052DFB
:1096800000D30425E562A564201DFFF7D0F804F19E
:109690001800FFF7CCF82461C5F10500A0616462F1
:1096A000BDE8F08170B505460E464C20FFF728FF57
:1096B000044694B11EB9A800FFF722FF00E030462F
:1096C0002063206B20B92046FFF77BFF002404E0D5
:1096D000A900A522206B00F083FE204670BD2DE975
:1096E000FF4F81B0804616469A46DDE90E5BB8F121
:1096F000000F03D1D6F79CFD00BFFEE7052D01D278
:10970000012000E0002018B9D6F792FD00BFFEE767
:1097100030461099FFF7C6FF0446002C64D0701E37
:10972000216B01EB800929F0070909F0070008B94E
:10973000012000E0002018B9D6F77AFD00BFFEE74F
:1097400000962A462046119B0299FFF788FF524651
:1097500041464846FFF766FE2060BBF1000F01D08E
:10976000CBF80040FFF79FFEB4480068401CB349A7
:109770000860B348006840B9B14804600846006812
:1097800001280CD1FFF748FF09E0AE48006830B966
:10979000AB480068C06AA84201D8A9480460AA4939
:1097A000E06A0968884202D9A749E06A0860A748C8
:1097B00000682064A5480068401CA4490860A449CA
:1097C000E06A0968884202D9A149E06A0860E16A52
:1097D00001EB8101914A02EB8100211DFFF72AF87C
:1097E0000127FFF769FE01E04FF0FF37012F09D194
:1097F0009448006830B192480068C06AA84201D21B
:10980000FFF74BFE384605B0BDE8F08F70B5044653
:10981000FFF749FE8A480068844200D1002414B949
:109820008748006800E020460546281DFFF72AF813
:10983000A86A18B105F11800FFF724F8291D7B4824
:10984000FEF7F8FF83480068401C824908607F48A3
:109850000068401C7D490860FFF72EFE79480068CB
:1098600010B10CB9FFF719FE70BD70B57A480068E9
:10987000002873D179480068401C78490860084680
:10988000006868BB6B480068006808B9012000E008
:10989000002018B9D6F7CCFC00BFFEE76548056884
:1098A0006548006863490860634805606C48006863
:1098B000401C6B4908605F480068006808B90120D7
:1098C00000E0002020B14FF0FF306649086006E05C
:1098D00058480068C068C46862496068086000BF92
:1098E0005E4800685F490968884236D300BF514826
:1098F0000068006808B9012000E0002020B14FF0A6
:10990000FF305849086027E04A480068C068C468CA
:10991000656852480068A84202D2524805601BE0C0
:10992000201DFEF7AFFFA06A18B104F11800FEF782
:10993000A9FF4749E06A0968884202D94449E06AB8
:109940000860E16A01EB8101344A02EB8100211DCC
:10995000FEF770FFCBE701E000BF04E0424800687B
:10996000401C4149086070BD70B500253A48006848
:1099700018B9D6F75DFC00BFFEE7FFF794FD364847
:109980000068401E3449086008460068002878D105
:109990002A480068002874D0002621E02248C068C8
:1099A000C46804F11800FEF76DFF201DFEF76AFF82
:1099B0002749E06A0968884202D92549E06A0860B7
:1099C000E16A01EB8101154A02EB8100211DFEF7DE
:1099D00031FF1B49E06A0968C96A884200D3012641
:1099E0001148006808B9012000E000200028D5D007
:1099F0001D48006860B106E0FFF737FF1A480068AD
:109A0000401E19490860184800680028F4D1012652
:109A1000012E2FD01548006801282AE030A101202E
:109A200094A10120A8A10120BCA10120D0A1012066
:109A3000E4A1012020060020240600202C0600209E
:109A40001C0600203C0600203406002050060020A2
:109A5000380600202806002040060020300600209E
:109A60004C06002054060020440600204806002032
:109A700007E005D101250020F9490860FFF70DFD39
:109A800000BFFFF719FD284670BD10B50446F54824
:109A900000684460F4480068844207D2F1480168D5
:109AA000091DF2480068FEF7D3FE0CE0ED4801689E
:109AB000091DEF480068FEF7CBFEEE4800688442BF
:109AC00001D2EC48046010BDEB480068401CEA4934
:109AD000086070472DE9F04104460E464FF000083B
:109AE0001CB9D6F7A5FB00BFFEE70EB1012000E0D0
:109AF000002018B9D6F79CFB00BFFEE7FFF7E4FF94
:109B000020688519D84920680968884209D92068E1
:109B1000A8420FD9D448006885420BD94FF00108FC
:109B200008E02068A84203D8CF480068854201D9E0
:109B30004FF001082560B8F1000F07D0C948006850
:109B4000001DFEF79FFE2846FFF79FFFFFF70CFF63
:109B500007460FB9FFF7A1FCBDE8F08170B50446D8
:109B600000267CB1FFF7B0FFBF4800680519BD486B
:109B70000068001DFEF786FE2846FFF786FFFFF708
:109B8000F3FE06460EB9FFF788FC70BD70B50446BB
:109B9000FFF789FC14B9B348006800E02046064688
:109BA000F56AFFF789FC284670BD2DE9F0470646A7
:109BB0000D464FF00009052D01D2012000E00020E4
:109BC00018B9D6F735FB00BFFEE7052D00D30425F5
:109BD000FFF769FCA3480068864200D1002616B949
:109BE000A048006800E030460446A76CAF4234D07D
:109BF000BD4203D92EB14FF0010902E00EB94FF07A
:109C00000109D4F82C80E16AA06C884200D1E56299
:109C1000A564C5F10500A06107EB8701974A02EB37
:109C200081016069884213D1201DFEF72BFE944903
:109C3000E06A0968884202D99149E06A0860E16AED
:109C400001EB81018D4A02EB8100211DFEF7F2FD3F
:109C5000B9F1010F01D1FFF720FCFFF72DFCBDE8A2
:109C6000F08710B58448006818B101207C4908606D
:109C70002CE00BE08248006818B9D6F7D9FA00BF8B
:109C8000FEE77F480068401E7D4908607C48006808
:109C900000EB8000794951F820000028EAD078498B
:109CA000096801EB8101754A02EB8100416849684E
:109CB000416000F1080142688A4202D14168496866
:109CC00041604168C968674A116000BF10BD70B546
:109CD0000446FFF7E8FB63480068844200D1002493
:109CE00014B96048006800E020460546281DFEF7CC
:109CF000C9FDA86A18B105F11800FEF7C3FD291DBA
:109D00006048FEF797FDFFF7D7FB8CB95E48006807
:109D100010B1FFF7C2FB0BE05A4800685B490968C5
:109D2000884203D100204F49086001E0FFF799FF06
:109D300070BD70B5054600262C461DB9D6F778FAD9
:109D400000BFFEE74F496069884201D1012000E071
:109D5000002080B14E49A06A884201D1012000E074
:109D60000020012807D0A06A08B9012000E00020E7
:109D7000012800D10126304670BD70B505461DB9D9
:109D8000D6F756FA00BFFEE72C4644B335480068C4
:109D9000844224D0FFF787FB2046FFF7CAFF012843
:109DA0001BD1201DFEF76EFD3549E06A0968884227
:109DB00002D93349E06A0860E16A01EB81012F4A68
:109DC00002EB8100211DFEF735FD2649E06A096896
:109DD000C96A884201D3FFF760FBFFF76DFB70BDD6
:109DE0002DE9F041054600261DB9D6F721FA00BF3E
:109DF000FEE72C46D6F71CFA07462046FFF799FFE8
:109E0000012826D11C480068F0B91649E06A0968A3
:109E1000C96A884201D3012000E000200646201DC7
:109E2000FEF730FD1649E06A0968884202D91449F4
:109E3000E06A0860E16A01EB8101104A02EB8100EF
:109E4000211DFEF7F7FC04E004F118011048FEF7AD
:109E5000F1FC3846D6F7F3F93046BDE8F081000052
:109E6000480600201C0600203006002024060020A2
:109E700020060020540600204006002030A10120CA
:109E800038060020E4A101203C0600202C0600201A
:109E9000BCA1012010B50446206BFFF792FB2046C1
:109EA000FFF78FFB10BD70B523E0FFF70DFEFD48F7
:109EB000006808B9012000E000200546FFF754FDC6
:109EC000BDB9FFF7F0FAF748C068C468201DFEF777
:109ED000D9FCF5480068401EF3490860F348006863
:109EE000401EF2490860FFF7E7FA2046FFF7D2FF6D
:109EF00000BFEE4800680028D7D170BD00BFFFF753
:109F0000D2FFEB4800680128F9D9FFF7C6FAF6E757
:109F10001FB5002000900190029003464FF480721C
:109F2000E4A10390E548FFF7DAFB0446012C02D1D7
:109F3000FFF70FFA0446012C09D1D6F779F9012071
:109F4000DF4908600020DF490860FFF788FA1CB984
:109F5000D6F76EF900BFFEE71FBD10B5D6F768F95A
:109F60000020D7490860FFF797FA10BD10B5FFF73A
:109F70009AFAD4480468FFF79FFA204610BD70B5DE
:109F8000D6F756F90546CF4804682846D6F757F95C
:109F9000204670BDC448006870470146002002E0BA
:109FA000491C421C90B20A78A52AF9D08008704753
:109FB0002DE9FE4381460C46164620464168496815
:109FC000416000F1080142688A4202D14168496853
:109FD00041604168CF6800BF2046416849684160E0
:109FE00000F1080142688A4202D141684968416033
:109FF0004168CD68286BFFF7D0FF8046286CE96A7E
:10A00000334605F13402CDE900180290AEA1B34801
:10A0100000F072FDB149484600F0F4F9BD42DBD1D1
:10A02000BDE8FE8370B50546FFF74EFD00202870A1
:10A03000ABA1284600F0E6F9AA480068441C00BF1E
:10A04000641E04EB84009A4951F8200008B90120ED
:10A0500000E0002040B904EB8400954A02EB800147
:10A0600052222846FFF7A4FF002CE9D19E48006841
:10A07000006808B9012000E0002028B942229A486F
:10A0800001682846FFF794FF98480068006808B9FF
:10A09000012000E0002028B94222944801682846A7
:10A0A000FFF786FF7F48006808B9012000E0002024
:10A0B00020B944227B492846FFF77AFF8C48006884
:10A0C00008B9012000E0002020B953228849284621
:10A0D000FFF76EFFFFF748FC70BD70B505460C46F4
:10A0E0001DB9D6F7A5F800BFFEE782480168183110
:10A0F0002846FEF7ADFB7F480068001DFEF7C2FB57
:10A10000601C30B97B480168091D7948FEF792FB55
:10A1100005E06C48006806193046FFF7B6FC70BDD4
:10A1200070B504460D461CB9D6F782F800BFFEE7AD
:10A130007048016818312046FEF77CFB6D480068C6
:10A14000001DFEF79FFB5F48006846193046FFF789
:10A150009CFC70BD70B50646F068C4681CB9D6F7A3
:10A1600067F800BFFEE704F11800FEF78BFB6248BA
:10A170000068A0B9201DFEF785FB6049E06A096808
:10A18000884202D95D49E06A0860E16A01EB810119
:10A19000474A02EB8100211DFEF74CFB04E004F16D
:10A1A00018015748FEF746FB5249E06A0968C96A38
:10A1B000884201D3012500E00025284670BD10B576
:10A1C00004461CB9D6F734F800BFFEE74D480068D6
:10A1D00020603C480068606010BD70B504460D46C4
:10A1E0001CB9D6F725F800BFFEE71DB9D6F720F851
:10A1F00000BFFEE7FFF757F92868401C08B90026A2
:10A200001FE0404920680968884206D02D496068EF
:10A210000968884201D8012613E02A496068096864
:10A22000081A296888420BD22868264A6168126891
:10A23000511A401A28602046FFF7C1FF002600E0AF
:10A240000126FFF739F9304670BD01202E4908601C
:10A250007047014611B10A46506C00E0002070477B
:10A2600008B1024651647047224908687047144992
:10A27000096809B9002005E01F49096809B90120EA
:10A2800000E00220704770B505462C464DB11949D3
:10A29000E06A0968C96A884265D216480068C06ADF
:10A2A00034E060E0D0A101202C0600202806002028
:10A2B00030A1012049444C4500000000FD9E0208E9
:10A2C0003C06002030060020257309092563092576
:10A2D000750925750925750D0A000000F8A10120F2
:10A2E0000D0A00003406002020060020240600206D
:10A2F000E4A101201C0600204006002038060020B2
:10A30000BCA101204C06002048060020C0F1050039
:10A31000A061E16A01EB8101254A02EB81016069DC
:10A32000884201D1012000E00020C0B1201DFEF7CD
:10A33000A9FA20480068C06AE0621F49E06A09681B
:10A34000884202D91C49E06A0860E16A01EB810198
:10A35000174A02EB8100211DFEF76CFA03E0154855
:10A360000068C06AE06270BD70B505462C46EDB16C
:10A37000A16CE06A884219D0201DFEF783FAA06C18
:10A38000E062E06AC0F10500A0610B49E06A09687B
:10A39000884202D90849E06A0860E16A01EB81015C
:10A3A000034A02EB8100211DFEF744FA70BD000054
:10A3B00030A101201C0600203806002040EA0103DD
:10A3C0009B0703D009E008C9121F08C0042AFAD26B
:10A3D00003E011F8013B00F8013B521EF9D270472F
:10A3E000D2B201E000F8012B491EFBD270470022D7
:10A3F000F6E710B513460A4604461946FFF7F0FF84
:10A40000204610BD421E12F8013F002BFBD111F86F
:10A41000013B02F8013B002BF9D1704710B504460F
:10A4200004E00B7800F8013B03B1491C521EF8D23E
:10A43000204610BD421C10F8011B0029FBD1801AD8
:10A44000704710B5002200E0521C835C8C5CA34274
:10A4500001D1002BF8D1D8B2E1B2401A10BD2DE9DC
:10A46000FE4F804681EA0300C00F0C46009021F0A9
:10A47000004123F00045B8EB0200A94105D2404657
:10A48000214690461C460B46024623F000401043EE
:10A4900047D0270DC7F30A00C3F30A510290401AB0
:10A4A000019040286BDAC3F3130040F4801B00983E
:10A4B000924620B10023D2EB030A63EB0B0B019809
:10A4C0005946C0F14002504600F0F9F906460D46E3
:10A4D00050465946019A00F011FA10EB080061410C
:10A4E000002487EA115284EAE7731A4340D0009AA5
:10A4F00062B3019A012A4FEA075215DC001B61EB97
:10A5000002014FF0004202EA0752CDE90042001C6E
:10A5100041F5801132462B4600F048FA03B0BDE801
:10A52000F08F40462146F9E7001B61EB0201001C59
:10A5300041F5801300185B412018A2F5001747EB86
:10A54000030140EAD570B6196D4111E06D084FEA7C
:10A55000360645EAC0754FEA0752001B61EB02015F
:10A56000001C41F5801149084FEA300000195141A3
:10A5700032462B4603B0BDE8F04F00F008BA009811
:10A58000012240000023D0EB020263EBE07300984D
:10A5900021464FEAE074B8EB000061EB0401E9E703
:10A5A00083F000435BE781F0004158E72DE9FE4F5F
:10A5B00081EA030404F0004421F0004100944FF0CC
:10A5C000000B23F0004350EA01045ED052EA03047A
:10A5D0005BD0C3F30A54C1F30A552C44A4F2F334FC
:10A5E0000194A0FB0254C1F3130141F48011C3F3A1
:10A5F000130343F4801301FB024400FB034E840A5F
:10A60000970A44EA815447EA8357A4FB07680295F6
:10A610008D0A05FB07854FEA932C04FB0C54270594
:10A62000029D4FEA065847EA1637B5EB08056EEB70
:10A63000070C870E920E47EA811742EA8312A7FBA6
:10A640000201B6EB0B0164EB00042B0D43EA0C3363
:10A650005E1844EB1C50DA465146E7FB0201C5F395
:10A6600013044FEA0B3343EA14534FEA0432019CBC
:10A6700043EA0603A4F10C040294009CCDE900B463
:10A6800000F094F903B0BDE8F08F00200146F9E72F
:10A690002DE9F04D81EA030404F0004B21F0004560
:10A6A00014464FF0000A23F0004150EA050220D082
:10A6B00054EA01021DD0C5F30A570246C5F313033D
:10A6C000C1F31300C1F30A5640F4801543F480131C
:10A6D000A7EB0608101BD64608F2FD3873EB050001
:10A6E00002D308F1010801E092185B41B8F1000FB4
:10A6F00003DA00200146BDE8F08D00204FF4801100
:10A70000064684460EE0171B73EB050705D3121BA4
:10A7100063EB050306434CEA010C49084FEA30009D
:10A7200092185B4150EA0107EDD152EA030012D0C2
:10A7300082EA040083EA0501084305D0101BAB41FF
:10A7400006D20122002306E000224FF0004302E07F
:10A750006FF0010253101AEB06004CEB085110EB9E
:10A760000A0041EB0B01BDE8F04D00F010B90EB549
:10A77000C10F80EAE0700844CA07002140F2334369
:10A780008DE80E000A460B4600F010F903B000BD3C
:10A7900070B5C1F30A5201F000450024C1F3130162
:10A7A00040F2FF3341F480119A4201DA002070BD7B
:10A7B00040F233439A42A2F2334203DC524200F0A9
:10A7C0008DF800E090402C43F1D0404270BD00F085
:10A7D000004230F000400AD0C10D01F56071C0F3B5
:10A7E000160042EA0151C208400711437047002099
:10A7F0000146704730B5041E71F1000404DB4FF0D0
:10A800000044404264EB0101141E73F1000405DBB7
:10A810001C464FF00043524263EB0403994208BFC9
:10A82000904230BD01F0004330B421F0004150EAC5
:10A83000010206D00A0DA2F56072C1F31301002ACD
:10A8400002DC30BC00207047440F44EAC104C10060
:10A85000E01830BC00EBC25000F062B82DE9F05FA8
:10A860000546002092469B4688460646814640247F
:10A870001BE0284641464746224600F02FF8534643
:10A880005A46C01A914110D311461846224600F08C
:10A8900016F82D1A67EB01084F46224601200021C9
:10A8A00000F00DF817EB00094E41201EA4F1010441
:10A8B000DFDC484631462A464346BDE8F09F202A61
:10A8C00004DB203A00FA02F1002070479140C2F107
:10A8D000200320FA03F3194390407047202A04DB39
:10A8E000203A21FA02F00021704721FA02F3D04009
:10A8F000C2F120029140084319467047202A06DB26
:10A90000CB17203A41FA02F043EAE07306E041FA3D
:10A9100002F3D040C2F1200291400843194670472B
:10A920000029A8BF7047401C490008BF20F0010063
:10A93000704710B4B0FA80FC00FA0CF050EA010441
:10A9400004BF10BC704749B1CCF1200421FA04F4D3
:10A9500011FA0CF118BF012121430843A3EB0C01AC
:10A96000CB1D4FEA00614FEA102042BF002010BC0F
:10A97000704700EBC35010440029A4BF10BC7047BF
:10A98000401C490008BF20F0010010BC704710B502
:10A99000141E73F1000408DA401C41F10001921802
:10A9A0005B411A4301D120F0010010BD2DE9F04DAB
:10A9B00092469B4611B1B1FA81F202E0B0FA80F200
:10A9C00020329046FFF77BFF04460F4640EA0A001C
:10A9D00041EA0B0153465A46084313D0114653EA45
:10A9E000010019D0C8F140025046FFF777FF054635
:10A9F0000E46504659464246FFF761FF084305D0D0
:10AA0000012004E020463946BDE8F08D00200543D2
:10AA100046EAE0762C4337430A986305E40AA0EB44
:10AA200008000022FD0A44EA47540A3002D50020FB
:10AA30000146E9E7010510196941DDE908450019FA
:10AA40006941BDE8F04DA2E700207047064C074D74
:10AA500006E0E06840F0010394E8070098471034EE
:10AA6000AC42F6D3D5F794FB48C3020868C302088A
:10AA700070B58C1810F8015B15F0070301D110F8C0
:10AA8000013B2A1106D110F8012B03E010F8016BED
:10AA900001F8016B5B1EF9D12B0705D40023521E70
:10AAA0000DD401F8013BFAE710F8013BCB1A921CD8
:10AAB00003E013F8015B01F8015B521EF9D5A142D6
:10AAC000D8D3002070BD00000FB41CB50246002092
:10AAD00007AC00290BD0491ECDE90021054B6A4681
:10AAE0002146069801F0D8F8009A002111701CBC8C
:10AAF0005DF814FBFBC002080FB4084B10B504A9A5
:10AB000002AA039801F0C8F8044602A9002001F047
:10AB1000FFFA204610BC5DF814FB000011C10208CA
:10AB200003B401984100009850EAC12018BF0420E6
:10AB30004A0D18BF40F0010040F2FF72B2EB515FC6
:10AB400008BF40F00200012808BF052002B070478E
:10AB50004100080218BF04200A0E18BF40F001008F
:10AB60004FF07F4232EA010108BF40F002000128A5
:10AB700008BF05207047000070B59B482DED020B03
:10AB80002DED068B079D25F00044A04218DC974868
:10AB9000844202DC0AD1069840B19DED060BBDEC63
:10ABA000068B02B0BDE8704000F068BF002DCCBF3E
:10ABB0009FED8F0B9FED900BBDEC068B02B070BD2F
:10ABC0008F48A04215DD8F48A042D8BF4FF0FF3418
:10ABD00058DD9DED060B51EC100BFFF7A1FF04288B
:10ABE00008BF00F061FF9DED060BBDEC068B02B0C7
:10ABF00070BD9DED060B51EC100B01F096FACDE9FE
:10AC0000060181489FED828BA0423CDD8248A04234
:10AC10001FDD00249FED82AB9DED060B53EC1A2B3C
:10AC200051EC100BFFF71BFC9DED060B41EC190BD3
:10AC300053EC1A2B51EC100BFFF7B8FC53EC182B0C
:10AC4000FFF7AEFC53EC192BFFF722FDCDE906010F
:10AC500049E09DED060B012453EC182B51EC100B31
:10AC6000FFF7FDFB9DED060B41EC190B53EC182B88
:10AC700051EC100BFFF794FC53EC192BFFF708FD78
:10AC8000CDE906012FE06848A0421FDD02249FEDB8
:10AC9000689B9DED060B53EC192B51EC100BFFF745
:10ACA00085FC53EC182BFFF7DAFB9DED060B41EC0E
:10ACB000180B53EC192B51EC100BFFF771FC53ECF4
:10ACC000182BFFF7E5FCCDE906010CE09DED060B26
:10ACD000032453EC102B9FED580B51EC100BFFF796
:10ACE000D7FCCDE906019DED060B53EC102B51EC82
:10ACF000100BFFF75BFC41EC180B53EC182BFFF724
:10AD000055FC41EC190B4E480621B0EE490AF0EE15
:10AD1000690A784400F036FE53EC182B51EC100B06
:10AD2000FFF744FC41EC180B4648B0EE490AF0EE40
:10AD3000690A0521784400F025FE53EC192B51ECEB
:10AD4000100BFFF733FC41EC100B51EC180B53ECDC
:10AD5000102B002C0EDAFFF782FB9DED061B53EC47
:10AD6000112BFFF723FC9DED061B53EC112BFFF776
:10AD70001AFC35E0FFF773FB9DED061B53EC112B1E
:10AD8000FFF714FC41EC100B2F48784400EBC40093
:10AD900090ED001B51EC100B53EC112BFFF700FC56
:10ADA0009DED061B53EC112BFFF7FAFB41EC100B4A
:10ADB0002648784400EBC40090ED001B51EC100BCA
:10ADC00053EC112BFFF7EFFB41EC100B002DA2BF52
:10ADD000BDEC068B02B070BD51EC100B81F0004150
:10ADE00041EC100B01E70000000010440000F07F70
:10ADF000182D4454FB21F93F182D4454FB21F9BF71
:10AE00000000DC3F0000203E0000F33F0000000097
:10AE1000000000000000F03F0000E63F00000000DE
:10AE2000000000000000004000800340000000001F
:10AE3000000000000000F83F000000000000F0BF2C
:10AE4000DA150000901500001A150000D214000059
:10AE500070B56B4E2DED040B2DED028B82B0DDF83D
:10AE60001CC0DDE905235C422CF000411C4341EA93
:10AE7000D474049D22F00040B44205D86C422C43A7
:10AE800040EAD474B4420BD99DED061B9DED040B32
:10AE900002B0BDEC028B04B0BDE8704000F0F8BD1C
:10AEA000ACF14054A4F17F641C430BD0022404EAAB
:10AEB000AC7444EAD27405439FED538B9FED542B41
:10AEC00007D015E09DED040B51EC100B01F025F9B6
:10AED00042E0002C11BF012C9DED040B02B0BDEC33
:10AEE000028B04BF04B070BD022C38D0032C3BD0C1
:10AEF0000B439FED491B9FED4A0B0AD0B14218D17D
:10AF0000B04209D121F0804120F0804007910590A6
:10AF10000FE0002A15DA10E0434B7B44002C08BFF9
:10AF200093ED000B0DD0012C10D0022C17D0032C68
:10AF30001AD0B0421DD1002A03DAB0EE410AF0EE79
:10AF4000610A02B0BDEC028B04B070BD93ED000B42
:10AF500051EC100B81F0004141EC100BF1E7B0EE29
:10AF6000480AF0EE680AECE7B0EE420AF0EE620A38
:10AF7000E7E7401A00153C28C8BF8DED000B19DC2F
:10AF8000BCF1000FBEBF10F13C0F9FED290B8DED02
:10AF9000000B0FDB9DED060B53EC102B9DED040B0E
:10AFA00051EC100BFFF774FB01F0BFF801F0B5F89E
:10AFB000CDE90001002C08BF9DED000BC1D0012C94
:10AFC00010D0022C9FED1C0B53EC102B9DED000BB1
:10AFD00051EC100B0DD0FFF7E3FA53EC182BFFF7F1
:10AFE000DFFAB9E7019880F0004001909DED000B79
:10AFF000A7E7FFF7D5FA53EC182BFFF7D4FAABE726
:10B000000000F07F00000000182D4454FB2109408F
:10B01000182D4454FB2109C0182D4454FB21F9BFBD
:10B02000182D4454FB21F93F0214000000000000D9
:10B030000000000000000000075C143326A6A13CBD
:10B0400010EE101A08B5444A6846B2EB410F28D9F1
:10B050004FF0E640B0EB410F94BF00204FF0FF30BF
:10B0600000900098002861DB60EE000A10F0010FEC
:10B0700045D010F0020FDFED391A9FED391A00EEBE
:10B08000E11ADFED381A40EE811A21EEA01AF0EE37
:10B09000400A40EE010A08BFF1EE600AB0EE600A15
:10B0A00008BD314B21F0004293423CD911F0004FD2
:10B0B000DFED2E0A20EE201ADFED2D0A19BF31EE4A
:10B0C000601A71EE200A31EE201A71EE600ABDEEB0
:10B0D000E01A11EE100A9FED271A00F0030000EEAF
:10B0E000C10A9FED251A009000EEC10A9FED231AB8
:10B0F00000EEC10A9FED221A00EEC10AB1E79FEDF2
:10B10000211A9FED210A10F0020F00EE810A9FED37
:10B110001F1A00EE801AB7EE000A00EE810A18BF6F
:10B12000B1EE400A08BD00F0F7FC9AE710EE100AF5
:10B130004000B0F17F4F3CBFB7EE000A08BD07D119
:10B140004FF0010000F0A2FDBDE8084000F0CCBCCB
:10B15000BDE8084000F0C2BCB61F927E336D4C398A
:10B16000DA82083CA0AA2ABE490E494683F9223F4A
:10B170000000004B0000C93F00A0FD390020A233B1
:10B180001A61342CB93AB2BACA9F2A3DDDFFFFBE1C
:10B1900010B510EE100A2DED068BB7EE001A10EE6A
:10B1A000901AB0EE418A0022A0F5000CDFEDFE9A65
:10B1B0004FF00073BCF1FE4F4FF07F4403EB410CA6
:10B1C00080F0B481BCF1804FC0F02082F749014487
:10B1D0009FEDF73AB1F5005F40F2D48200F580218F
:10B1E000CB0C03F00F0101EE901AC3F307137F3B62
:10B1F000A0EBC350B8EEE12A00EE100A1A44DFEDCE
:10B20000ED2AF0EE411A42EE221AF0EE613A70EEAB
:10B21000232A30EE632A12EE900A00F500606FF3E5
:10B220000B0001EE900A73EEE13A33EE804AC1EE74
:10B23000223A22EE230A10EE100A00F500606FF3A6
:10B240000B0000EE100A00EE612A00EE442A62EEC6
:10B25000232A70EE221A21EEA12ADFEDD73A02EE60
:10B26000233A23EE023A20EE012A22EE811A03EE5F
:10B27000211A32EE010A10EE100A00F500606FF399
:10B280000B0000EE100A72EE401A31EE812A9FED9B
:10B29000CB1A60EE011A9FEDCA1A20EE011A9FED3B
:10B2A000C90A02EE001A31EE810A10EE100A00F50A
:10B2B00000606FF30B0000EE100AC34871EEC01A75
:10B2C00031EE812A784400EBC10090ED003AD0EDD8
:10B2D000011A100101EE100AF8EEC12A32EE211A0D
:10B2E00031EE001A31EE031A31EE221A11EE100A75
:10B2F00000F500606FF30B0009EE100A39EE621AD8
:10B3000031EE431A31EE400A30EE610A32EE40AAC5
:10B3100010EE900A002100F500606FF30B0008EEBC
:10B32000900A084670EEE8AAFFF78EFB29EE280A7D
:10B3300000F00C01F0EEC00A10EE900AB0F18B4F55
:10B340000DDD10EE900AB4EB400F08D310EE100A9A
:10B350004FF08B4262F31E0008EE900A13E069EE94
:10B360002A0A38EEAA1A4AEE010A30EE201A11EE25
:10B37000100A00F500606FF30B0008EE900A30EE43
:10B38000680A70EE209A0C20FFF75EFB38EEA90ADF
:10B39000B5EEC00AF1EE10FA34BFFEEE000AF6EE8A
:10B3A000000A30EE800ABDEEC00A10EE100A01114C
:10B3B00000EE101AF8EEC00A00EE100AB8EEC00A4D
:10B3C00038EEC00A30EE290ADFED801A9FED801AB0
:10B3D00000EE211ADFED7F1A7F4900F00F0040EEEA
:10B3E000011A21EE800A794401EB800191ED001AE7
:10B3F0007A49794401EB8001D1ED001A784901EED8
:10B40000801A794401EB8000764990ED000A31EE14
:10B41000001AB0EEE00A10EE100A884215DA10EEBB
:10B42000100AB4EB400F10D39FED6F0A30EE800A84
:10B43000DFED6E0A20EE200A68EE010ABDEC068BF5
:10B44000BCEEC00A20EE200A10BD10EE100A6849BA
:10B45000884243DA10EE100AB4EB400F3ED3BDEE43
:10B46000E00A68EE010A10EE100A00EBD0725110EB
:10B47000C90501F17E5100EE101AA0EB6200C00573
:10B4800060EE200A00F17E5000EE100A60EE808A25
:10B4900018EE900AB4EB400F0FD1022000F0F6FB3B
:10B4A00000F02AFB10EE101A18EE100ABDEC068B05
:10B4B00061F31E0000EE100A10BD18EE900A400065
:10B4C00011D018EE900AFFF743FB042808BF00F0E4
:10B4D0001BFBB0EE680ABDEC068B10BDF5EEC00A92
:10B4E000F1EE10FA0FD2022000F0D0FB00F00CFBBE
:10B4F00010EE101A18EE100ABDEC068B61F31E0058
:10B5000000EE100A10BD022000F0C0FB00F0F4FABB
:10B5100010EE101AB0EE480A10EE100ABDEC068BC1
:10B5200061F31E0000EE100A10BD00BFBCF1804F99
:10B530006CD300BF00F1FF43B3F1FE4F24D200BF34
:10B54000B0EEC00A10EE100AC1F3C7537F2B0DDB1B
:10B55000972BBFF63BAEC3F196034FF0010C0CFAEC
:10B5600003F3A3F1010C1CEA010F08D0012000F045
:10B570008DFBBDEC068BBDE8104000F0B5BA0B4268
:10B5800018BFBFEE008A21E643001CBF4FF0807356
:10B59000B3EB400F34D96FF01A02DFED161A20EE2C
:10B5A000210A10EE100A27E000000000001080C001
:10B5B000ABAAAA3E0000803D7EE24C3E00B038427D
:10B5C000D49AB8BB3BAA38427C0E0000FC596337C2
:10B5D000C9FF753A1872313D1A0E00004E0E000078
:10B5E000BE0D00000000FC420000FE420000004BC7
:10B5F000000040430000004D10F0004FA0D1E5E5F1
:10B60000A0F50003B3F1FE4F21D2DFE503EB4103C8
:10B61000B3F1007F11D3F5EEC00AF1EE10FA05D1B7
:10B62000430018BFB4EB400F76D883E701F0004128
:10B6300041F0FC5100EE901A7CE7B3F1807F06D216
:10B6400010EE903AA3F5000300EE903A72E720F076
:10B6500000426FF0FF4C604C02EB0C03A34210D38E
:10B6600021F000439C44A4450BD3B0F17E5F18BF8A
:10B670005FEA410C50D0B2F1FF4F98BFB3F1FF4FDA
:10B6800005D9BDEC068BBDE8104000F02ABAB0F138
:10B69000FF4F0FD0C1F3C7527F2A09DB972A11DA77
:10B6A000C2F19602012303FA02F2531E0B4205D0A7
:10B6B000002208E011F0004F55D128E00A4218BFDF
:10B6C000012200D1022210F5000F13D028B3B0F1EF
:10B6D000004F26D010F1814F4FD04FF0FE42B2EB19
:10B6E000400F94BF01200020012202EBE17188424B
:10B6F00039D10CE011F0004F02D0012A38D032E0ED
:10B70000012A02BF9FED350ABDEC068B10BD9FEDEF
:10B71000340ABDEC068B10BD2FE011F0004F0CD1A8
:10B7200021E0B1F1FF4F1ED011F5000F05D011F04F
:10B73000004F15D00AB1012A08D0022000F0A6FA65
:10B74000BDEC068BBDE8104000F0BEB9022000F051
:10B750009DFA00F0B9F9BDEC068BB1EE400A10BDC0
:10B760000AB1012A04D0B0EE690ABDEC068B10BD07
:10B77000BDEC068B9FED1B0A10BDBDEC068BB7EE32
:10B78000000A10BD30EE410AB5EE001A9FED172AEF
:10B7900000EE413AB6EE001A60EE001A00EE431ACF
:10B7A00061EEC11A9FED101A20EE011A20EE020A76
:10B7B0009FED0F2A01EE820A71EE001A11EE900A37
:10B7C00000F500606FF30B0009EE100A31EE491A24
:10B7D00031EE00AA9CE50000FFFF3F00000080FF63
:10B7E0000000807F0000008000B0B841D49A38BBD0
:10B7F0003BAAB84100B510EE101A2DED028B81B0B6
:10B80000524A6846B2EB410F2ED94FF0E640B0EBFA
:10B81000410F94BF00204FF0FF3000900098B0EE31
:10B82000408A00286ADB10F0010F4BD068EE080A4E
:10B830009FED471A9FED470A00EE810A9FED461AD9
:10B8400010F0020F00EE801AB7EE000A00EE810A37
:10B8500002BF01B0BDEC028B00BD00BF01B0B1EE74
:10B86000400ABDEC028B00BD3C4B21F000429342EC
:10B8700041D911F0004FDFED3A0A20EE201ADFED3A
:10B88000390A19BF31EE601A71EE200A31EE201A22
:10B8900071EE600ABDEEE01A11EE100A9FED321A49
:10B8A00000F0030000EEC10A9FED301A009000EE98
:10B8B000C10A9FED2F1A00EEC10A9FED2E1A00EE6D
:10B8C000C10AABE728EE080A9FED2B1ADFED2B0A21
:10B8D00010F0020F40EE410A9FED291A00EE201AE7
:10B8E00061EE000AB0EE480A08EE200AB6D101B0B7
:10B8F000BDEC028B00BD00F00FF98FE718EE100AC7
:10B900004000B0F17F4F0DD218EE100AFFF720F97A
:10B91000042808BF00F0F8F8B0EE480A01B0BDEC0A
:10B92000028B00BD09D1012000F0B0F901B0BDECDF
:10B93000028B5DF804EB00F0D7B801B0B0EE480A16
:10B94000BDEC028B5DF804EB00F0C8B8B61F927E28
:10B95000B93AB2BACA9F2A3DDDFFFFBE490E494639
:10B9600083F9223F0000004B0000C93F00A0FD39D1
:10B970000020A2331A61342C336D4C39DA82083C32
:10B98000A0AA2ABE70B504462DED028B4D1E00EB19
:10B99000C500B0EE408AF0EE608A90ED000B35F005
:10B9A000060017D053EC182B51EC100BFEF7FEFDE0
:10B9B00041EC100B6D1E04EBC50090ED001B51EC2B
:10B9C000100B53EC112BFEF74AFD41EC100B35F038
:10B9D0000600E7D1022D36D0042D1CD0062D1CBF49
:10B9E000BDEC028B70BD53EC182B51EC100BFEF725
:10B9F000DDFD94ED0A1B53EC112BFEF730FD53ECEB
:10BA0000182BFEF7D3FD94ED081B53EC112BFEF71A
:10BA100026FD41EC100B53EC182B51EC100BFEF7EC
:10BA2000C5FD94ED061B53EC112BFEF718FD53ECEE
:10BA3000182BFEF7BBFD94ED040B53EC102BFEF717
:10BA40000EFD41EC100B53EC182B51EC100BFEF7D4
:10BA5000ADFD94ED021B53EC112BFEF700FD53ECF2
:10BA6000182BFEF7A3FD94ED001B53EC112BFEF7F2
:10BA7000F6FCBDEC028B41EC100B70BD10B553EC25
:10BA8000102B51EC100BFEF7EAFC41EC100B10BD33
:10BA900010B553EC112B51EC100BFEF7E0FC41EC10
:10BAA000100B10BD000000009FED050B10B553EC0E
:10BAB000102B51EC100BFEF779FD41EC100B10BD73
:10BAC0000000000000000010DFED030AB7EE001ACE
:10BAD00081EE200A704700000000000030EE000AEE
:10BAE000704730EE200A7047DFED020A80EEA00AB0
:10BAF00070470000000000009FED020A20EE000ADF
:10BB000070470000000000709FED020A20EE000A5E
:10BB100070470000000000102DE9F0014FF07F4257
:10BB2000B2EB410F9FBF4FF0FF310160BDE8F00164
:10BB300070474FF0004242EA0123C1F3C752783AFE
:10BB4000551112F01F0C434CCCF120067C44C1F37C
:10BB5000C752A2F178024FEA621204EB820254F853
:10BB6000254008BFD2E9015612D0556804FA0CF4FA
:10BB700025FA06F73C43976805FA0CF527FA06F80C
:10BB8000D26807FA0CFCF24045EA08054CEA0206C6
:10BB9000A4FB034CA5FB0352A6FB03631D449D427B
:10BBA00034BF012600261319334416B1934202D93B
:10BBB00003E0934201D2012200E00022624402F13C
:10BBC000200C9206DC0C42EA443200EE102A5B03A1
:10BBD000DFED210AF8EEC01A00EE103A4FEA9C1C85
:10BBE00011F0004FB8EE400AC0F800C020EE201A55
:10BBF00000EE105ADFED190AB8EE400A20EE200AD6
:10BC000071EE810A70EE800A10EE902A02F5006251
:10BC10006FF30B0200EE902A70EEE11A31EEC11ABA
:10BC2000DFED101A30EE411A9FED0D0A20EE800A6A
:10BC300001EE210A9FED0C1A00EE810A04BFBDE857
:10BC4000F0017047CCF180510160BDE8F001B1EE28
:10BC5000400A7047D8070000000000360000802C22
:10BC600022AAFD29DB0FC92F0000C92F02E008C856
:10BC7000121F08C1002AFAD170477047002001E066
:10BC800001C1121F002AFBD1704700000149086062
:10BC900070470000580600202DE9FF4F8DB00F4679
:10BCA0000546002606E025280BD0DDE90F12904757
:10BCB0006D1C761C28780028F5D111B03046BDE8FF
:10BCC000F08F0024A246A1460122EC4900E0044383
:10BCD00015F8013F203B02FA03F00842F7D128781B
:10BCE0002A2810D06FF02F022878A0F130010929FE
:10BCF00014D80AEB8A0102EB410144F0020400EB84
:10BD0000010A6D1CF0E701CF5FEA000A03D544F495
:10BD10000054CAF1000A44F002046D1C28782E2851
:10BD200017D115F8010F44F004042A280ED06FF043
:10BD30002F022878A0F1300109290AD809EB8901DE
:10BD400002EB410100EB01096D1CF2E757F8049B7F
:10BD50006D1C28786C280FD006DC4C2817D068287A
:10BD60000DD06A2814D104E0742810D07A280FD19D
:10BD70000DE044F400140AE044F4801401E044F4BB
:10BD800040146978814202D104F580146D1C6D1C49
:10BD90002A786E2A1FD00CDC632A31D004DC002AFA
:10BDA0008BD0582A11D1A3E0642A68D0692A0CD11B
:10BDB00065E0732A2ED004DC6F2A73D0702A04D178
:10BDC0009BE0752A6FD0782A6ED01046DDE90F12FD
:10BDD0009047761C50E1C4F30250022806D0032895
:10BDE00009D0042801CF09D0066045E101CFF11741
:10BDF000C0E9006140E101CF06803DE106703BE112
:10BE000017F8040B8DF8000000208DF80100EB46B8
:10BE1000012003E057F804BB4FF0FF3061074FF0FB
:10BE2000000102D40DE008F10101884649450FDA0E
:10BE30008045F8DB1BF808100029F4D108E008F170
:10BE4000010188468142FADB1BF808100029F6D16F
:10BE5000DDE90F23AAEB08008146214600F036F900
:10BE6000304400EB080604E0DDE90F121BF8010B7B
:10BE70009047B8F10108F7D221464846F7E00A2179
:10BE8000C4F302534FF0000B0891022B04D001CFF2
:10BE9000C117032B09D00AE0FF1D27F00707F7E8B9
:10BEA000020108E032E01FE020E000B2C117042BDD
:10BEB00001D140B2C117031E71F1000307DA4FF040
:10BEC000000CD0EB0C006CEB01012D2302E02305EC
:10BED00004D52B238DF82430012303E0E30701D0A0
:10BEE0002023F7E7984658E00A2110E010210EE0E1
:10BEF00010204FF0000B08900CE010214FF0000BC9
:10BF000044F004044FF00809089103E008214FF0C1
:10BF1000000B0891C4F30253022B04D001CF00217F
:10BF2000032B06D006E0FF1D27F00707F7E8020104
:10BF300003E080B2042B00D1C0B24FF00008230709
:10BF40002BD5702A07D0DDF820C08CF0100C5CEAED
:10BF50000B0C05D00EE040238DF82430012308E0BF
:10BF600050EA010306D030238DF824308DF82520C7
:10BF700002239846DDF820C08CF0080C5CEA0B0C1C
:10BF80000BD150EA010301D1630706D530238DF8A8
:10BF900024304FF00108A9F10109582A04D038A231
:10BFA0000B9208AA0A920BE03AA2F9E75B46089ABC
:10BFB000FEF754FC0B9B9B5C0A9A521E0A9213706C
:10BFC00050EA0102F2D10A98ADEB000000F1200B1B
:10BFD000600702D524F4803401E04FF00109D9450F
:10BFE00002DDA9EB0B0000E0002000EB0B01414457
:10BFF0000890AAEB010AE00306D4DDE90F232146ED
:10C00000504600F063F806444FF0000908E009A923
:10C0100011F80900DDE90F12904709F10109761CBA
:10C02000C145F4DBE0030CD5DDE90F232146504682
:10C0300000F04CF8064404E0DDE90F123020904790
:10C04000761C0899481E08900029F5DC08E00A983B
:10C050000A990078491C0A91DDE90F129047761C75
:10C06000BBF10001ABF1010BF1DC21465046DDE9EB
:10C070000F2300F019F806446D1C1BE60928010087
:10C08000303132333435363738396162636465664E
:10C090000000000030313233343536373839414210
:10C0A00043444546000000002DE9F04104460025C8
:10C0B0001E461746880404D405E039462020B047C0
:10C0C0006D1C641EF9D52846BDE8F0812DE9F041CC
:10C0D000044600251E469046C80301D5302700E0DF
:10C0E0002027880404D505E041463846B0476D1C3A
:10C0F000641EF9D52846BDE8F0814A68002A06D0BA
:10C100000A68531C0B6010704868401E48607047F6
:10C110000A68531C0B601070704710B541EC100B8F
:10C12000FEF72AFD51EC100B10BD82B0CDE90001E5
:10C1300021F0004001909DED000B02B051EC100B7E
:10C140007047000000000000000000000000B33F46
:10C15000B2BE7D3A00002E40DFCF513800007E4055
:10C16000BF51FABA00E0A44019DAC3BA00E0C840EF
:10C17000C2ED8AB90040EB40CD1F2CBA0010064139
:10C180002AFFFABA00C01541DFCFD13700D02441D1
:10C190009A97703A0050334189478E3600404141AA
:10C1A000E75B9D3800B04E41C00A98B900A05B41E2
:10C1B000558F943A00306841DA92C0BA0040744119
:10C1C00062B3C63A0000803F00A0853F00908B3FDD
:10C1D00000C0913F0030983F00F09E3F00F0A53F27
:10C1E0000050AD3F0000B53F0000BD3F0060C53FBF
:10C1F0000020CE3F0040D73F00C0E03F00C0EA3FF4
:10C200000020F53F000000007D36AC397D3C383918
:10C21000EBDCF438320A7E39124C26399B6AED3950
:10C22000A4EE83397F661E39F6398A392B42653987
:10C23000A48211395B991F39C3EECD39DDE7C637CA
:10C24000A5A22F390000803FC3AA853FC2958B3F2E
:10C25000D3C3913FF037983F32F59E3FD7FEA53FBD
:10C260003F58AD3FF304B53FA408BD3F2A67C53F23
:10C270008C24CE3FFD44D73FDFCCE03FC7C0EA3F30
:10C280007D25F53F000000004FBB610567ACDD3F39
:10C29000182D4454FB21E93F9BF681D20B73EF3FED
:10C2A000182D4454FB21F93FE2652F227F2B7A3C65
:10C2B000075C143326A6813CBDCBF07A8807703C1E
:10C2C000075C143326A6913CC4EB98999999C9BF91
:10C2D000711623FEC671BCBF6D9A74AFF2B0B3BFC6
:10C2E0009AFDDE522DDEADBF2F6C6A2C44B4A2BF86
:10C2F0000D5555555555D53FFF8300922449C23FF2
:10C300006E204CC5CD45B73F513DD0A0660DB13F25
:10C31000EB0D76244B7BA93F11DA22E33AAD903F37
:10C320000000000000000000000000006E83F9A281
:10C330002915444ED15727FCC0DD34F5999562DBB1
:10C340004190433CAB6351FE68C3020800000020EB
:10C350005C06000070AA02082CC502085C060020DA
:10C36000C49F01007CBC0208411BFF01041A0204A7
:10C370001A03041A04041A05041A06041A07041AF4
:10C3800008041A09041A0A041A0B041A0C041A0DD8
:10C39000041A0E041A0F041A10041A11041A1204B3
:10C3A0001A130422141A8448C1195F01E11AFCF41B
:10C3B0001A2CE91A200823F8021A5E0C1A12085ADD
:10C3C000B8FD1A99081A5A10811AF91069041AB797
:10C3D000181A61041AA30C1A96041A530C1AA0080E
:10C3E0001A5E081A4C042A8E183132DE29081ABD4A
:10C3F000102904A9501A32101A05041A90041A8F31
:10C400000429101ABE041ADB0432FC32DF1A420C73
:10C410001A26041A83041A690432E032FF323032D9
:10C4200067329D3205323B3273326B723529783276
:10C4300060322832B5329C3282329F32B832D332E7
:10C44000CE32B3329A328632A1021FBA99C3011991
:10C450001A582532A01A620819B7111ADA081ACB2D
:10C46000041AD60D1A1C081AB3081A0E041A180456
:10C470001AA4040A2212550123296C012009226BF7
:10C4800062FE223F1A8004111A400819041AA004FF
:10C490001AC0041B20410C19041AF0042334421A58
:10C4A000700434F0426452C84910296814A086010F
:10C4B000051C35FA8E3C4B30750409161C81023B75
:10C4C0001123420172691A1C991A2C1081299D327C
:10C4D0000A89C0A12927692B32E62AD0D5D90C3286
:10C4E000FA5AC60C3260632303325F5A200C012BC8
:10C4F000363F6F12833A0A16401C0C126666061C01
:10C500009129C81A90B51A3E7C039F1405847A03BA
:10C510000A680901020304060708090CA910C11AD8
:0CC52000AA010111023E281AFF0141008F
:040000050800018965
:00000001FF
