:020000040800F2
:1000000080A30120F58D0008450200084702000882
:100010004B0200084F0200085302000800000000D5
:100020000000000000000000000000009D0100082A
:100030005702000800000000E10100080FBE0008A0
:100040000F8E00080F8E00080F8E00080F8E00081C
:100050000F8E00080F8E00080F8E00080F8E00080C
:10006000D1040008150500080F8E00081B030008C6
:10007000FD020008590300080F8E000875020008F1
:100080000F8E0008810200080F8E00080F8E0008F6
:100090000F8E00080F8E00080F8E00080F8E0008CC
:1000A0000F8E0008C30300080F8E00080F8E000893
:1000B000EF0300081D040008490400080F8E000823
:1000C0000F8E00080F8E00080F8E0008CD04000868
:1000D0000F8E00085D0200080F8E00080F8E0008CA
:1000E0000F8E00080F8E00080F8E00080F8E00087C
:1000F0000F8E00080F8E00080F8E000835030008D1
:100100000F8E00080F8E000875040008CF04000849
:100110000F8E00080F8E000895030008A103000849
:100120000F8E00089B020008CF0200080F8E000807
:100130000F8E00080F8E00080F8E00080F8E00082B
:100140000F8E00080F8E00080F8E00080F8E00081B
:10015000EF0200080F8E00080F8E00080F8E0008B7
:100160000F8E00080F8E00080F8E00080F8E0008FB
:100170000F8E00080F8E00080F8E00080F8E0008EB
:100180000F8E00080F8E0008DFF80CD00DF0A6F9D6
:1001900000480047998B000880A30120234B196871
:1001A0000868B0E8F04F80F309884FF0000080F352
:1001B000118870470000000003480068006880F361
:1001C000088862B600DF00BF08ED00E0DFF80C0031
:1001D000016841F470010160704700BF88ED00E0E4
:1001E000EFF30980114B1A681EF0100F08BF20EDC5
:1001F000108A20E9F04F106008B54FF0140080F32A
:1002000011880CF0CCF94FF0000080F31188BDE8A4
:10021000084019680868B0E8F04F1EF0100F08BFDA
:10022000B0EC108A80F30988704700BF2C040020CE
:10023000EFF311804FF0140181F31188704780F3C0
:1002400011887047704700BFFEE700BFFEE700BFA0
:10025000FEE700BFFEE770477047704710B540F2F9
:100260002551AD480AF0E7FE18B12021AA480AF04E
:10027000D9FE10BD10B5A949A94809F011FE10BD5D
:1002800010B5A849A648303009F0E0FD20B1A549D5
:10029000A348303009F004FE10BD10B5A249A348B0
:1002A00009F0D4FD90B1A049A04809F0F9FD01F092
:1002B00034FF00219A48303809F01EFD08219B4880
:1002C00009F03BFD0121994809F016FD10BD10B55C
:1002D00097499648183009F0E3FD964840789549CB
:1002E000097840EA012000B29349088010BD10B59A
:1002F00092498E48603009F0D3FD10BD10B58A498F
:100300008748483809F0A2FD30B187498448483809
:1003100009F0C6FD00F0D0FA10BD10B5884980483C
:10032000603809F093FD20B185497D48603809F0B7
:10033000B7FD10BD10B583497948483009F086FDF6
:1003400048B100217648483009F0D6FC7D49744810
:10035000483009F0A5FD10BD10B57549704830381A
:1003600009F074FDA8B172496D48303809F098FD64
:1003700001F02DFD00216A48303809F0BDFC08214C
:100380006748303809F0D9FC01216548303809F058
:10039000B3FC10BD10B501216B480AF0A9FB10BDDC
:1003A00010B5012169480AF0A3FB7A205A498880D8
:1003B000012167480AF04EFD012166480AF04AFD16
:1003C00010BD10B5012164480AF092FB6248008814
:1003D00000F0100028B161480068401C5F490860C7
:1003E00004E05E480068401E5C49086010BD10B51E
:1003F000012188070AF07CFB4FF08040008800F064
:10040000100028B156480068401E5549086004E0B5
:1004100053480068401C5249086010BD10B50121C6
:1004200050480AF065FB4F48008800F0100028B1E2
:100430004D480068401E4C49086004E04A48006886
:10044000401C4949086010BD10B5012147480AF019
:100450004FFB4648008800F0100028B1444800686F
:10046000401E4349086004E041480068401C404980
:10047000086010BD10B501213E480AF039FB3D4827
:10048000008800F0100028B13B480068401E3A493F
:10049000086004E038480068401C3749086010BD17
:1004A00010B5012135480AF023FB3448008800F0DC
:1004B000100028B132480068401E3149086004E04D
:1004C0002F480068401C2E49086010BD70477047D7
:1004D00010B5042009F07CFDD8B12021294808F08E
:1004E00000FE0421284808F0D7FD012804D100218E
:1004F000164809F07DFE09E00421234808F0CCFDF0
:1005000020B9124809F078FE2049086004202049EB
:10051000086010BD704700000010014020800020DE
:100520007060024000802020008800102864024093
:1005300000802010480600208C0000200088002049
:1005400020800010008000280010004000140040AF
:1005500000480040001401400000014068000020F5
:100560006C000020000400407000002000080040E3
:1005700084000020000C00407400002000040140B2
:100580008800002000000240000C024064000020AF
:10059000143C014070B5044620460CF0E9FB0546CA
:1005A0002146F7480CF0EBFBA0B195222146F44818
:1005B0000CF0D2FB0021F34809F09EFBF048F14912
:1005C0000C310860EF48B838C0F8BC500121ED4844
:1005D00009F092FB70BD70B50446002510E0605D27
:1005E00068B1615DE8480AF060FC00BF8021E64820
:1005F0000AF00BFD0028F9D0681CC5B200E070BD00
:10060000EDE770B5044600250FE05CB12146DE48F9
:100610000AF04BFC00BF8021DB480AF0F6FC002802
:10062000F9D000E070BD681CC5B2032DEDDB00BF42
:10063000F8E713B50C460020FFF7E3FFD3A0FFF760
:10064000CAFF2346D2A29621D2480CF091FFD1488E
:10065000FFF7C1FFD0A0FFF7BEFFCDA29621CD4886
:10066000009B0CF085FFCB48FFF7B5FFCCA0FFF750
:10067000B2FFFF20FFF7C5FFFF20FFF7C2FFFF20FB
:10068000FFF7BFFF1CBD70B505460C46BFA0FFF7C6
:10069000A2FF2246BEA1BF480CF082FFBD48FFF773
:1006A0009AFFBDA0FFF797FF2846FFF794FFBCA075
:1006B000FFF791FFFF20FFF7A4FF70BD77B585B06E
:1006C0000546FF26B4A103C9CDE90301B4A0006823
:1006D0000290AEA00068019000240AE00020B14919
:1006E0000855B1490855AB490855A5490855601C3E
:1006F000C4B21E2CF2DB0A20A6490870FF20487005
:100700008870C870A2A1A848079A0CF049FFA649B2
:1007100001A80CF015FB01A99E480CF011FB03A9E0
:100720009C480CF00DFB29469A480CF009FB98A157
:100730009D48069A0CF034FF9B4996480CF000FB4C
:1007400002A994480CF0FCFAFF2096490870487002
:10075000887090480CF0F4FA8E48FFF71BFF08B041
:1007600070BDF7B584B005460E46FF278AA103C9C0
:10077000CDE902018AA00068019084A00068009081
:10078000002408E000208749085587490855814919
:100790000855601CC4B20A2CF4DB0A207D4908709D
:1007A000FF2048708870C87079A17F48069A0CF0C5
:1007B000F7FE7D4968460CF0C3FA694675480CF0AF
:1007C000BFFA02A973480CF0BBFA294671480CF035
:1007D000B7FA31466F480CF0B3FA01A96D480CF036
:1007E000AFFAFF206F490870487088700020C87009
:1007F000087168480CF0A4FA6648FFF7CBFE07B012
:10080000F0BD01B58EB069A2322101A80E9B0CF09B
:10081000AFFE01A8FFF7BEFE0FB000BD73B584B0F8
:100820000546FF265CA103C9CDE902015CA0006872
:10083000019056A00068009000240AE00020594969
:10084000085559490855534908554D490855601CE4
:10085000C4B21E2CF2DB0A204E490870FF204870FB
:100860008870C8704AA15048059A0CF099FE4E490C
:1008700068460CF065FA694646480CF061FA02A930
:1008800044480CF05DFA294642480CF059FA4649B2
:1008900040480CF055FA01A93E480CF051FAFF20EF
:1008A00040490870487088703A480CF049FA394855
:1008B000FFF770FE06B070BD1CB53F4800783E499A
:1008C000497808443C49897808443B49C978084438
:1008D00039490979084438494979084436498979B8
:1008E00008443549C97908443349097A0844C0B2F3
:1008F00001903148007A00F00F0000909DF8000050
:100900000D2803D000212D480AF0A4FA1CBD2A4866
:10091000007A00F00F000D2806D12748007800F07B
:10092000010008B10D2070470020FCE72248007844
:1009300000F0100008B1012070470020FCE71CB552
:100940001F4809F059FC1F49096840EA014032215B
:1009500090FBF1F0009000243CE0194809F04CFCB9
:100960001849096840EA0140322190FBF1F00190FA
:10097000DDE90021881A002826DB014625E0000079
:10098000A2050020B8600240005000407400000042
:10099000256400006C0400202E7478743D22000051
:1009A00022000000520500202A0500206A302E7621
:1009B000616C3D2564000000840600200048004072
:1009C00000040040700000204142052900DA641C48
:1009D00001980090022CC0DB019840421CBD30B54C
:1009E0002DED048B83B0FE4809F006FCFD49096833
:1009F00040EA014528460CF058FB41EC190B9FEDED
:100A0000FA0B53EC102B0CF0E1FA41EC180B0CF044
:100A10005DFB0190002423E0F14809F0EDFBF14972
:100A2000096840EA014528460CF03FFB41EC190BF0
:100A30009FEDED0B53EC102B0CF0C8FA41EC180BAA
:100A40000CF044FB0290DDE90121881A002801DB4B
:100A5000014600E04142052900DA641C0298019039
:100A6000022CD9DB029803B0BDEC048B30BD30B54D
:100A70002DED048B83B04FF0804009F0BDFBDC49C5
:100A8000096840EA014528460CF00FFB41EC190BC0
:100A90009FEDD50B53EC102B0CF098FA41EC180B92
:100AA0000CF014FB0190002424E04FF0804009F08A
:100AB000A3FBCF49096840EA014528460CF0F5FA46
:100AC00041EC190B9FEDC80B53EC102B0CF07EFA88
:100AD00041EC180B0CF0FAFA0290DDE90121881ABA
:100AE000002801DB014600E04142052900DA641CD0
:100AF00002980190022CD8DB029803B0BDEC048B65
:100B000030BD30B52DED048B83B0BA4809F074FBCD
:100B1000B949096840EA014528460CF0C6FA41EC9B
:100B2000190B9FEDB10B53EC102B0CF04FFA41EC6D
:100B3000180B0CF0CBFA0190002423E0AD4809F02B
:100B40005BFBAD49096840EA014528460CF0ADFA67
:100B500041EC190B9FEDA40B53EC102B0CF036FA63
:100B600041EC180B0CF0B2FA0290DDE90121881A71
:100B7000002801DB014600E04142052900DA641C3F
:100B800002980190022CD9DB0298404203B0BDECE0
:100B9000048B30BD01B581B000200090019800EBBE
:100BA000C0004000009002E00098401E00900098B5
:100BB0000028F9D10CBD01B581B00020009044F2AD
:100BC000506101984843009002E00098401E009058
:100BD00000980028F9D10CBD1CB501211F2008F098
:100BE0003FFC4FF6FF70009001208DF804000020BC
:100BF0008DF8060001208DF8070003208DF8050010
:100C000069467E4808F0E6F94FF6FF700090012033
:100C10008DF8040000208DF8060001208DF80700F3
:100C200003208DF805006946754808F0D3F94FF6A2
:100C3000FF70009001208DF8040000208DF8060060
:100C400001208DF8070003208DF8050069466D48E6
:100C500008F0C0F91CBD1CB501217E2008F000FC85
:100C6000C020009000208DF8040001208DF80700BE
:100C700002208DF805006946634808F0ABF90620AC
:100C8000009000208DF8040001208DF8070002205C
:100C90008DF805006946594808F09CF94FF4C040AA
:100CA000009000208DF8040001208DF8070002203C
:100CB0008DF805006946524808F08CF9182000901C
:100CC00000208DF8040001208DF8070002208DF827
:100CD000050069464B4808F07DF91CBD1FB54FF46F
:100CE000E06008F099F836208DF8000000208DF8BB
:100CF00001008DF8020001208DF80300684608F01D
:100D000090F80121102008F0DEFB3220ADF804003D
:100D100040F2E73002900020ADF80C00ADF806007C
:100D200001A93A4809F01BFA0121384809F0E0FE10
:100D300001221146354809F0B3FE0021334809F07D
:100D400057FA0121314809F093FA1FBD1FB54FF43E
:100D5000E06008F061F837208DF8000000208DF881
:100D600001008DF8020001208DF80300684608F0AC
:100D700058F80121202008F0A6FB3220ADF804002D
:100D800040F2E73002900020ADF80C00ADF806000C
:100D900001A91F4809F0E3F901211D4809F0A8FE47
:100DA000012211461A4809F07BFE0021184809F07B
:100DB0001FFA0121164809F05BFA1FBD00B58BB080
:100DC0000121022008F090FB01210C2008F048FBD3
:100DD000032206210A4808F088F90322072119E0B6
:100DE00000080040840000206666666666A64E40E5
:100DF0006C000020000C0040740000200004024041
:100E000000080240000C02400000024000100040B8
:100E100000140040FE4808F068F903220821FC484D
:100E200008F063F903220921F94808F05EF94FF44C
:100E30007070069002208DF81C0003208DF81D00B4
:100E400000208DF81E0001208DF81F0006A9F04833
:100E500008F0C0F8A420ADF8200040F6B8300990A2
:100E60004FF48070ADF828000020ADF8220008A9EA
:100E7000E84809F074F96020ADF804000120ADF8ED
:100E8000060000200390ADF810000121E14809F0B0
:100E9000EFF90021DF4809F0ABF901A9DD4809F0BD
:100EA000F3F901A9DB4809F028FA01A9D94809F0AA
:100EB00071FA01A9D74809F0D3FA0121D54809F000
:100EC000C8FD0BB000BD00B58BB00121082008F0B3
:100ED000FAFA0121084608F0C3FA02220021CE489E
:100EE00008F003F902220121CB4808F0FEF80222A3
:100EF0001146C94808F0F9F802220321C64808F053
:100F0000F4F80F20069002208DF81C0003208DF8C5
:100F10001D0000208DF81E0001208DF81F0006A97D
:100F2000BD4808F057F8BA20ADF8200042F2107022
:100F300009900020ADF82800ADF8220008A9B748B4
:100F400009F00DF96020ADF804000120ADF80600AD
:100F500000200390ADF810000121B04809F088F995
:100F60000021AE4809F044F901A9AC4809F08CF918
:100F700001A9AA4809F0C1F901A9A84809F00AFA8B
:100F800001A9A64809F06CFA0121A44809F061FD05
:100F90000BB000BD00B58BB00121042008F093FA1E
:100FA00001210D2008F05CFA02220C219C4808F077
:100FB0009CF802220D219A4808F097F802220E218F
:100FC000974808F092F802220F21954808F08DF812
:100FD0004FF47040069002208DF81C0003208DF81D
:100FE0001D0000208DF81E0001208DF81F0006A9AD
:100FF0008B4807F0EFFFA420ADF8200040F6B83092
:1010000009904FF48070ADF828000020ADF8220060
:1010100008A9844809F0A3F86020ADF80400012075
:10102000ADF8060000200390ADF8100001217D48C6
:1010300009F01EF900217B4809F0DAF801A9794886
:1010400009F022F901A9774809F057F901A9754873
:1010500009F0A0F901A9734809F002FA0BB000BD2C
:1010600000B589B00121080408F03EFA01210846C4
:1010700008F0F6F903221146674808F036F8032213
:101080000221654808F031F80C20019002208DF80B
:10109000080003208DF8090000208DF80A000120C7
:1010A0008DF80B0001A95C4807F094FF0020ADF813
:1010B00018004FF6FF7007900020ADF82000ADF843
:1010C0001A0006A9584809F04AF80420ADF80C00A7
:1010D0000020ADF80E00C820ADF814000120ADF8D6
:1010E000100003A9504809F011FC00231A460321FF
:1010F0004E4809F0A8FD01214C4809F0F9FC0122F5
:1011000011464A4809F0CCFC0121474809F0B0F8E3
:101110000021464809F06CF809B000BD00B589B05F
:101120000121084608F0CFF90121022008F0CBF98F
:101130000121032008F094F901220F21364807F01D
:10114000D4FF012203213A4807F0CFFF02220421F5
:10115000374807F0CAFF02220521354807F0C5FFCE
:101160003820019002208DF808008DF80900002039
:101170008DF80A0001208DF80B0001A92C4807F01A
:1011800029FF4FF40040019002208DF808008DF8EF
:10119000090000208DF80A0001208DF80B0001A93C
:1011A0001D4807F017FF0020ADF818004FF6FF703C
:1011B00007900020ADF82000ADF81A0006A94FF006
:1011C000804008F0CCFF06A91A4808F0C8FF0420A8
:1011D000ADF80C000220ADF80E001420ADF814009C
:1011E0000120ADF8100003A9800709F08FFB03A9C7
:1011F000104809F08BFB02231A460321580709F017
:1012000022FD02231A4603210A4809F01CFD13E0BF
:10121000000802400004014000000240000C0040B1
:10122000000C024000080040000001400040014066
:1012300000040240000400400121880709F058FC26
:101240000121FE4809F054FC01221146900709F0E3
:1012500027FC01221146F94809F022FC01218807E8
:1012600009F006F80121F54809F002F800214FF0D5
:10127000804008F0BDFF0021F04808F0B9FF4FF4AE
:10128000C06007F0C9FD1D208DF8000003208DF817
:10129000010000208DF8020001208DF8030068464F
:1012A00007F0BFFD1C208DF8000004208DF8010020
:1012B00000208DF8020001208DF80300684607F039
:1012C000B0FD09B000BD00B589B00121084608F0A5
:1012D0000BF90121102008F0C3F84FF420600190B1
:1012E00002208DF8080003208DF8090000208DF8F9
:1012F0000A0001208DF80B0001A9D14807F06AFE11
:1013000001220921CE4807F0F0FE01220B21CC4832
:1013100007F0EBFE0020ADF818004FF6FF700790C5
:101320000020ADF82000ADF81A0006A9C54808F065
:1013300016FF0420ADF80C000220ADF80E000A20C4
:10134000ADF814000120ADF8100003A9BD4809F064
:10135000DDFA00231A460321BA4809F074FC012182
:10136000B84809F0C5FB01221146B64809F098FBC0
:101370000121B44809F0BCFB01221146B14809F033
:101380008FFB0121AF4808F073FF0021AD4808F042
:101390002FFF4FF4C06007F03FFD19208DF80000CB
:1013A00001208DF8010000208DF8020001208DF849
:1013B0000300684607F035FD09B000BD00B589B0EF
:1013C0000121042008F07FF80121082008F048F8E6
:1013D0004FF44050019002208DF8080003208DF852
:1013E000090000208DF80A0001208DF80B0001A9EA
:1013F000954807F0EFFD0020ADF818004FF6FF709C
:1014000007900020ADF82000ADF81A0006A98F481B
:1014100008F0A5FE02220C218B4807F066FE02228E
:101420000D21894807F061FE0420ADF80C00022070
:10143000ADF80E00C820ADF814000120ADF8100082
:1014400003A9824809F062FA02231A4603217F4861
:1014500009F0F9FB01217D4809F04AFB0122114600
:101460007A4809F01DFB0121784808F001FF0021AE
:10147000764808F0BDFE0020744914310880012030
:10148000724908804FF4C06007F0C6FC1E208DF83A
:10149000000004208DF8010000208DF802000120DA
:1014A0008DF80300684607F0BCFC09B000BD00B52C
:1014B00089B00121082008F006F80121084607F04C
:1014C000CFFF0320019002208DF8080003208DF843
:1014D000090000208DF80A0001208DF80B0001A9F9
:1014E0005B4807F077FD0020ADF818004FF6FF705D
:1014F00007900020ADF82000ADF81A0006A9554865
:1015000008F02DFE02220021514807F0EEFD0222D4
:1015100001214F4807F0E9FD0420ADF80C0002203E
:10152000ADF80E00C820ADF814000120ADF8100091
:1015300003A9484809F0EAF902231A46032145485D
:1015400009F081FB0121434809F0D2FA012211463A
:10155000404809F0A5FA01213E4808F089FE002123
:101560003C4808F045FE00203A491431088001202B
:10157000384908804FF4C06007F04EFC32208DF8E7
:10158000000004208DF8010000208DF802000120E9
:101590008DF80300684607F044FC09B000BD00B5B3
:1015A00089B00121302007F08EFF0121042007F0CF
:1015B00057FFC020019002208DF8080003208DF80D
:1015C000090000208DF80A0001208DF80B0001A908
:1015D000214807F0FFFC0020ADF818004FF6FF701F
:1015E00007900020ADF82000ADF81A0006A91B48AE
:1015F00008F0B5FD03220621174807F076FD032207
:101600000721154807F071FD0420ADF80C000220F9
:10161000ADF80E00C820ADF814000120ADF81000A0
:1016200003A90E4809F072F902231A4603210B4858
:1016300009F009FB0121094812E000000004004004
:101640000010024000000140000C02400008004071
:1016500000000240000C004000080240000401406D
:1016600009F046FA01221146FE4809F019FA012153
:10167000FC4808F0FDFD0021FA4808F0B9FD002003
:10168000F849143108800120F64908804FF4C06001
:1016900007F0C2FB2C208DF8000004208DF801001B
:1016A00000208DF8020001208DF80300684607F045
:1016B000B8FB09B000BD00B59BB00121EA4807F0B6
:1016C000CFFE0121080207F00FFF00200290E7483B
:1016D0000390E74804900020059008200690002021
:1016E00007904FF4806008904000099080000A90B5
:1016F00040110B9040020C9000200D9001200E90A4
:1017000000200F90109002A9DA4808F0BBFA0121DE
:10171000D84808F0F1FA3C20009003208DF804002E
:1017200000208DF807006946D34807F053FC3C20A1
:10173000009003208DF8040000208DF80700694612
:10174000CE4807F047FC002011901290139014909F
:1017500011A807F0FDFF4FF08070159001208DF863
:1017600058008DF859000020179018901990082003
:101770008DF8680015A9BD484C3807F0BAFF03235F
:1017800001220221B9484C3808F039F8032302221B
:101790001946B6484C3808F032F803231A4604219B
:1017A000B2484C3808F02BF8032304220521AF4837
:1017B0004C3808F024F8032305220C21AB484C38A0
:1017C00008F01DF8032306220D21A8484C3808F024
:1017D00016F8032307220E21A4484C3808F00FF80E
:1017E000032308220F21A1484C3808F008F80121F2
:1017F0009E484C3808F0AEF801219C484C3808F05F
:101800009EF8012199484C3807F0B9FF97484C38A9
:1018100008F051F81BB000BD08B54FF4E06007F0C8
:10182000FBFA25208DF8000000208DF801008DF8CE
:10183000020001208DF80300684607F0F2FA08BDA7
:1018400010B596B004460121102007F04DFE01218D
:10185000084607F005FE0121880507F001FE4FF458
:10186000C060009002208DF8040000208DF8060072
:101870008DF8070002208DF8050069467E4807F0C4
:10188000A9FB072209217C4807F02FFC07220A2127
:10189000794807F02AFC02940020ADF80C00ADF85E
:1018A0000E00ADF81000ADF814000C20ADF81200D9
:1018B00002A9734809F046FA0121714809F0CAFAF1
:1018C0004FF4A06007F0A8FA3A208DF81800002025
:1018D0008DF819008DF81A0001208DF81B0006A85C
:1018E00007F09FFA6348303008F02AF94FF00060A3
:1018F000079000200A90634809900A200B906048E6
:10190000001D089000200C904FF480600D90002086
:101910000E900F904FF480701090400211900420B0
:1019200012900320139000201490159007A951489D
:10193000303008F0A7F901224021514809F037FB67
:10194000012210214B48303008F063FA0121494848
:10195000303008F0D1F916B010BD10B596B004467D
:101960000121480507F07CFD0121480407F0ABFD8B
:101970000121082007F074FD6020009002208DF8FE
:10198000040000208DF806008DF8070002208DF875
:10199000050069463C4807F01DFB072205213A482F
:1019A00007F0A3FB07220621374807F09EFB0294AD
:1019B0000020ADF80C00ADF80E00ADF81000ADF849
:1019C00014000C20ADF8120002A9304809F0BAF951
:1019D00001212E4809F03EFA4FF4A06007F01CFAEE
:1019E00011208DF8180000208DF819008DF81A00CC
:1019F00001208DF81B0006A807F013FA244808F010
:101A00009FF84FF00060079040200A90214809900D
:101A100046200B901D48001D089000200C904FF4AC
:101A200080600D9000200E900F904FF48070109009
:101A30004002119004201290032013900020149073
:101A4000159007A9124808F01DF9012280210F48BE
:101A500009F0ADFA012280210C4809F0A8FA012210
:101A6000102119E000040140050040004C20014015
:101A700038060020106402400000024000080240C6
:101A80000010014048060020000C024000440040C5
:101A9000A060024008000020FB4808F0BAF90121CC
:101AA000F94808F029F916B010BD10B596B00446F3
:101AB0000121880407F007FD0121082007F0D0FC70
:101AC0000121480507F0CCFC4FF440700090022043
:101AD0008DF8040000208DF806008DF80700022024
:101AE0008DF805006946E94807F074FA07220821D5
:101AF000E64807F0FAFA07220921E44807F0F5FA68
:101B000002940020ADF80C00ADF80E00ADF8100006
:101B1000ADF814000C20ADF8120002A9DC4809F061
:101B200011F90121DA4809F095F94FF4A06007F0A6
:101B300073F90C208DF8180000208DF819008DF82D
:101B40001A0001208DF81B0006A807F06AF9CE489C
:101B5000783807F0F5FF4FF00060079000200A90FA
:101B6000CC4809900A200B90C948001D089000201D
:101B70000C904FF480600D9000200E900F904FF469
:101B80008070109040021190042012900320139056
:101B900000201490159007A9BB48783808F072F817
:101BA00001224021BA4809F002FA01224021B84836
:101BB00009F0FDF901221021B348783808F029F91D
:101BC0000121B148783808F097F816B010BD10B56B
:101BD00096B004460121C80407F075FC01210420D9
:101BE00007F03EFC0121480507F03AFC4FF4406045
:101BF000009002208DF8040000208DF806008DF87A
:101C0000070002208DF805006946A34807F0E2F9B5
:101C100008220A21A04807F068FA08220B219E48F2
:101C200007F063FA02940020ADF80C00ADF80E0046
:101C3000ADF81000ADF814000C20ADF8120002A9A8
:101C4000964809F07FF80121944809F003F94FF410
:101C5000A06007F0E1F80D208DF8180003208DF842
:101C6000190001208DF81A008DF81B0006A807F056
:101C7000D8F88548603807F063FF4FF000600790A0
:101C800000200A908648099008200B908348001D88
:101C9000089000200C904FF480600D9000200E9072
:101CA0000F9010904FF400301190002012900320FC
:101CB000139000201490159007A97348603807F01E
:101CC000E1FF01224021754809F071F901228021CC
:101CD000724809F06CF9012210216B48603808F055
:101CE00098F801216848603808F006F816B010BD71
:101CF00070B56C4C2468642C00DB70BD6A4C248881
:101D000004EB8404694D2C446070674C248804EB18
:101D100084042C44A170644C248804EB84042C4477
:101D2000E270614C248804EB84042C4423715E4CE3
:101D30002488641C642594FBF5F605FB16445A4D73
:101D40002C80584C2468641C564D2C6000BFD4E78E
:101D500001465448006808B900207047544800887C
:101D600000EB8000514A104402680A600079087153
:101D70000120F2E701464B48006808B9002070478F
:101D80004B48008800EB8000484A104402680A6013
:101D90000079087146480088401C642290FBF2F3E9
:101DA00002FB1300424A10803E480068401E3D4A34
:101DB00010600120E3E702203A49086070470CB543
:101DC0006846FFF7D7FF00203A4908700CBD10B5F0
:101DD00033480078324949780844314989780844C1
:101DE0002F49C97808442E49097908442C49497972
:101DF0000844C4B22A480078022800D010BD284800
:101E0000C079032800D0F9E725488079A0422FD176
:101E1000234840782849087021488078274908706D
:101E20001F48C078264908701D4800792549087068
:101E30001B4840792449087020480078012804D1C3
:101E400020480078214908701BE01C4800780228CF
:101E500003D01A480078032813D11B480378194887
:101E600002781748017815480078FFF741FF08E02D
:101E7000FF2012490870124908701249087012496F
:101E8000087000BFBAE70000A0600240000C0240EA
:101E9000004800408406002000080240004C00403A
:101EA00067010020740100207801002093060020C3
:101EB0007A0100207D0100206F01002070010020C8
:101EC0007101002072010020730100207E010020BA
:101ED00010B596B004460121480507F0C1FA01216A
:101EE000080507F0F0FA01210C2007F0B9FA0420E8
:101EF000009002208DF8040000208DF806008DF877
:101F0000070002208DF805006946F94807F062F8DD
:101F10004FF48050009002208DF8040000208DF8CE
:101F200006008DF8070002208DF805006946F1488B
:101F300007F050F808220221ED4807F0D6F80822F1
:101F40000C21EC4807F0D1F84FF4A06006F064FFD4
:101F50002F208DF8180005208DF819008DF81A0033
:101F600001208DF81B0006A806F05BFF02940020FC
:101F7000ADF80C00ADF80E00ADF81000ADF814008F
:101F80000C20ADF8120002A9DB4808F0DBFE0121AD
:101F9000D94808F05FFFD94807F0D2FD4FF0006044
:101FA000079040200A90D648099096200B90D2487E
:101FB000001D089000200C904FF480600D900020D0
:101FC0000E900F9010904FF400301190002012905E
:101FD0000320139000201490159007A9C74807F01C
:101FE00051FE01228021C44808F0E1FF01221021A6
:101FF000C24807F00EFF0121C04807F07DFE16B071
:1020000010BD10B596B004460121202007F06CFAEF
:102010000121042007F024FA0121880507F020FAA5
:10202000C020009002208DF8040000208DF80600EA
:102030008DF8070002208DF805006946AD4806F0CE
:10204000C9FF08220621AB4807F04FF808220721F4
:10205000A84807F04AF802940020ADF80C00ADF84B
:102060000E00ADF81000ADF814000C20ADF8120011
:1020700002A9A44808F066FE0121A24808F0EAFE81
:102080004FF4A06006F0C8FE39208DF81800032038
:102090008DF8190001208DF81A008DF81B0006A894
:1020A00006F0BFFE984807F04BFD4FF02060079008
:1020B00000200A909548099008200B909148001D37
:1020C000089000200C904FF480600D9000200E903E
:1020D0000F9010904FF400301190002012900320C8
:1020E000139000201490159007A9874807F0CAFDA7
:1020F00001224021834808F05AFF012280218148B3
:1021000008F055FF012210217F4807F082FE0121CF
:102110007D4807F0F1FD16B010BD7C4909787B4A77
:1021200052781144794A92781144784AD27811440D
:10213000764A12791144754A52791144C8B27349EA
:102140000978022900D070477049C979032900D065
:10215000F9E76E498979814218D16C4949786C4A0E
:1021600011706A4989786B4A11706849C9786A4A5E
:10217000117066490979694A117064494979684A58
:10218000117066490978674A117006E0FF21624ABA
:102190001170624A1170624A117000BFD3E700B536
:1021A00085B00121082007F05BF90121880307F0C1
:1021B0009BF900208DF8100001208DF813000C20F1
:1021C000039003A94A4806F005FF0221032008F006
:1021D00087FF0420009000208DF8040010208DF867
:1021E000050001208DF80600684607F08BFE0820E8
:1021F0008DF8080000208DF809008DF80A000120F4
:102200008DF80B0002A806F00CFE05B000BD70B5FD
:1022100004460D46012C0BD12946434808F045FEE3
:1022200000BF4021404808F0F0FE0028F9D028E027
:10223000032C0BD129463D4808F037FE00BF402152
:102240003A4808F0E2FE0028F9D01AE0042C0BD13D
:102250002946374808F029FE00BF4021344808F0DD
:10226000D4FE0028F9D00CE0052C0AD129462248DA
:1022700008F01BFE00BF40211F4808F0C6FE0028E2
:10228000F9D070BD70B504460E461546012C16D126
:102290003146254808F009FE00BF4021224808F0D9
:1022A000B4FE0028F9D029461F4808F0FEFD00BF03
:1022B00040211D4808F0A9FE0028F9D06BE0032C4E
:1022C00038D13146194808F0F0FD00BF40211748C9
:1022D00008F09BFE0028F9D02946144808F0E5FDD7
:1022E00000BF4021114808F090FE0028F9D052E0CC
:1022F000000C02400008024000500040B86002405C
:10230000A205002000140140286402407F01002043
:102310008701002088010020890100208A01002017
:102320008B0100208C01002000100140004800407B
:10233000004C0040042C16D13146FE4808F0B5FD93
:1023400000BF4021FB4808F060FE0028F9D0294674
:10235000F84808F0AAFD00BF4021F64808F055FEF5
:102360000028F9D017E0052C15D13146F24808F0C5
:102370009CFD00BF4021F04808F047FE0028F9D03E
:102380002946ED4808F091FD00BF4021EA4808F0D9
:102390003CFE0028F9D070BD0020E8490860E849FB
:1023A000086070470020E7494862E74908604FF03D
:1023B00080414862E5490860E0490860E0490860FA
:1023C000E3490860E3490860E3490860E3490860BD
:1023D000704700204FF080414862DC490860704738
:1023E0000020D6490860D6490860704710B5002023
:1023F000DB490870002407E061210120FFF707FF97
:102400003220FEF7D8FB641C022CF5D30120D449FE
:1024100008707A20D349087010BD10B50020D24949
:102420000870002407E061210320FFF7F0FE32204E
:10243000FEF7C1FB641C022CF5D30120CA490870C9
:102440007A20CA49087010BD2DE9F14FAEB0C8A07E
:102450002D9000202C908DF888008DF860002E982B
:10246000142832D2DFE800F00A323B42495057606C
:1024700069727B828990979EA5FDFCFB0221C5486D
:1024800006F00AFE88B100224FF40041C24806F06F
:1024900021FE4FF40041C04806F00BFE0446002226
:1024A0002146BEA0FEF70AF90FE00122D103BA4887
:1024B00006F010FE4FF40041B74806F0FAFD04465E
:1024C00000222146BDA0FEF7F9F867E20122C348C9
:1024D000B0F900004142C2A0FEF7F0F85EE202222D
:1024E000C1480168C1A0FEF7E9F857E20322C348DA
:1024F0000168C3A0FEF7E2F850E20422C348016875
:10250000C3A0FEF7DBF849E20522C4480168C4A075
:10251000FEF7D4F842E2FEF762FA044606222146AC
:10252000C2A0FEF7CBF839E2FEF7A1FA0446072273
:102530002146C1A0FEF7C2F830E2FEF7E2FA0446F7
:1025400008222146BFA0FEF7B9F827E2FEF7F7F907
:10255000044609222146BEA0FEF7B0F81EE20A2278
:10256000BF480178BFA0FEF7A9F817E20B22C048C8
:102570000168C0A0FEF7A2F810E20C22C148016871
:10258000C1A0FEF79BF809E20D22C3480178C3A061
:10259000FEF794F802E20E22C3480168C3A0FEF7DA
:1025A0008DF8FBE10F22C4480168C4A0FEF786F84D
:1025B000F4E10121C64806F06FFD4FF40051179079
:1025C000754806F069FD04460221C14806F064FD25
:1025D00005464FF48041704806F05EFD0646042132
:1025E000BB4806F059FD4FF400411690B84806F07C
:1025F00053FD07460821B64806F04EFD80464FF4CD
:102600008041B34806F048FD81461021B04806F0ED
:1026100043FD4FF400511590AD4806F03DFD824654
:102620000821AC4806F038FD4FF480511490A848BA
:1026300006F032FD10211390A64806F02DFD4FF450
:1026400080611290A24806F027FD83468021A048B1
:1026500006F022FD4FF4807111909D4802E096E152
:102660008EE123E006F018FD10901798CDE90B6578
:10267000CDE90D401698CDE90798CDE9097013A86A
:1026800007C8CDE905A2CDE90301DDE91110CDE9C7
:10269000001B029090A2282122A8109B0AF068FF3C
:1026A000102222A995A0FEF75CF877E18021394835
:1026B00006F0FFFC04460121364806F0FAFC054608
:1026C0004021344806F0F5FC06464FF400418148AD
:1026D00006F0EFFC07464FF48051894806F0E9FC0C
:1026E00080464FF480612B4806F0E3FC81464FF4AE
:1026F0000061834806F0DDFC4FF400611790254827
:1027000006F0D7FC82464FF48061724806F0D1FC97
:1027100083464FF480511F4806F0CBFC4FF4006114
:1027200016906C4806F0C5FC4FF4005115901948FE
:10273000E8E00000004C004000500040240400404D
:102740007000002000000140680000206C000020A4
:102750002408004084000020240C00407400002065
:1027600091000020900000209300002092000020A3
:102770003131313131313131313131313131313149
:10278000313131313131303131313131313131313A
:10279000000000000004024000080240524F424F77
:1027A0005420322044414E47204348415920534150
:1027B0004E2058414E483A2020200000524F424FB0
:1027C0005420322044414E47204348415920534130
:1027D0004E20444F3A202020000000008C000020B2
:1027E000494D553A00000000040000204C617A6514
:1027F00072207472756F633A000000009800002028
:102800004C617A6572207361753A0000A000002067
:102810004C617A6572207068616920009C0000201C
:102820004C617A657220747261693A00454E434F7B
:102830004445525F30682000454E434F4445525F47
:1028400034682000454E434F4445525F38682000AD
:10285000454E434F44455220434841592000000013
:102860008C010020646F206C656368203A000000D2
:10287000B40000204269656E54726F4E616E673A13
:1028800000000000AC00002054726F2074617920B9
:102890006B66733A00000000720100206163746986
:1028A0006F6E3A20000000009801002047617054CC
:1028B00068616E673A20000074010020636F756ED6
:1028C000745F646174615F75617274343A00000012
:1028D00000100240000C0240256425642564256434
:1028E00025642564256425642564256425642564A0
:1028F000256425642564256400000000493A000031
:102900000000024006F0D5FB4FF480411490F748D8
:1029100006F0CFFB4FF480411390F54806F0C9FB59
:102920004FF480711290F34806F0C3FB4FF400415E
:102930001190EF4806F0BDFBCDE90B76CDE90D54C3
:1029400010901798CDE907A0CDE90998DDE9141298
:102950001698CDE9050BCDE90312DDE911121398A4
:10296000CDE900120290AFF29002282122A8109B1C
:102970000AF0FEFD112222A9DFA0FDF7F2FE0DE014
:102980002A22DF480178DDA0FDF798FE06E02B2221
:10299000DC480178D9A0FDF791FE00BF00BF2FB041
:1029A000BDE8F08F10B50121D74807F0A5F910BD9B
:1029B00001B5D64800680099884203DD0020D3495C
:1029C000086004E0D1480068401CD0490860CF4846
:1029D0000068FFF739FD08BD10B5FEF700F8CC49D7
:1029E0000860FEF744F8CB490860FEF78AF8CA4948
:1029F000086010BD2DE9F0412DED088B06460F460D
:102A000030460AF052FB41EC190B9FEDC41BB0EEAF
:102A1000490AF0EE690A0BF08DF8B0EE408AF0EE4C
:102A2000608A51EC180B0AF051FB0446002C02DBC3
:102A3000A4F5E16401E004F5E16438460AF035FBF1
:102A400041EC1B0B9FEDB51BB0EE4B0AF0EE6B0A91
:102A50000BF070F8B0EE409AF0EE609A30460AF053
:102A600024FB41EC1B0B9FEDAD1BB0EE4B0AF0EECF
:102A70006B0A0BF05FF8B0EE40AAF0EE60AA53ECE0
:102A8000192B51EC1A0B0AF029FA41EC180B0AF039
:102A90001DFB05462846211E01DB0A4600E04A428E
:102AA000002801DB034600E043429A4205DA25464E
:102AB0004FF0FF309B49086003E0354601209949FB
:102AC00008602846BDEC088BBDE8F0810146FA2974
:102AD00001DDFA2102E0032900DC0221C8B27047BF
:102AE00010B504460B4624B98F4800788F49C87149
:102AF00016E08F4890ED000AB5EEC00AF1EE10FA2C
:102B000007DD2046FFF7E2FF8849C8710020887181
:102B100006E06042FFF7DAFF8449C871012088713E
:102B200023B9814800788149C87516E0814890ED45
:102B3000000AB5EEC00AF1EE10FA07DD1846FFF7FD
:102B4000C5FF7A49C8750020887506E05842FFF72E
:102B5000BDFF7649C8750120887522B97248007892
:102B60007249C87316E0744890ED000AB5EEC00AC9
:102B7000F1EE10FA07DD1046FFF7A8FF6B49C873A6
:102B80000120887306E05042FFF7A0FF6749C87331
:102B90000020887310BD694B1860694B1960694B40
:102BA0001A607047614AD071D075D07370475F4822
:102BB000C079032809DA5D48C07D032805DA5B483F
:102BC000C07B032801DA012070470020FCE70120C8
:102BD0005D49086070475D48006847F2305188429F
:102BE00001D0012070470020FCE710B5FFF7FEFB85
:102BF00010BD5748B0F9000040427047B5EEC00A1A
:102C0000F1EE10FA09D25348D0ED000A70EE600AD6
:102C1000FDEEE00A10EE900A70474E48D0ED000A33
:102C200070EE200AFDEEE00A10EE900AF4E770B5AF
:102C30002DED0E8B04469FED480AB0EE409A9FEDB5
:102C4000470AF0EE409AB0EE000AB0EE40EA201ECD
:102C500001DB014600E0414200EE101AB8EEC00A66
:102C6000B4EECE0AF1EE10FA04D29FED3D0ABDECAF
:102C70000E8B70BD002C02DDB0EE690A01E0B1EEF2
:102C8000690A00EE904AF8EEE00AB0EE408A00EEE3
:102C9000898A18EE100A0AF038FA41EC1D0BB0EEE2
:102CA0004D0AF0EE6D0A0AF03BFFB0EE40BAF0EECE
:102CB00060BAB0EE480A0BF089FE10EE105A2846B2
:102CC0000AF023FA41EC1C0B53EC1B2B0AF00CF915
:102CD00041EC1A0B0AF02CFA08EE900A214890ED0C
:102CE000000AF8EEC00A88EEA00AC0E7000C024015
:102CF00000040240000002404F55543A000000001A
:102D00007C01002073010020A060024080000020B0
:102D100080030020840300208803002000000000BE
:102D20000020AC4080020020E001002008000020CC
:102D300044020020480200204C02002068020020CB
:102D40006C02002070020020BC0200200C02002057
:102D50008C000020A8010020CDCC4C3D3333333F04
:102D600000000000F8010020F0EE400AF5EEC00A75
:102D7000F1EE10FA02DBB0EE600A7047B1EE600AC5
:102D8000FBE70146002901DB084670474842FCE7A3
:102D90000146FE48D0ED000AF1EE600AFC48D0ED95
:102DA000001A80EEA11A00EE901AF8EEE01AF74829
:102DB000D0ED000A41EE210AB0EE600AFDEEC00A35
:102DC00010EE900A704701460A2250231FED1D1A8B
:102DD000F0EE410A0A2901DC0A207047502901DB84
:102DE0005020FAE7A1F10A0001EE100AF8EEC11A2C
:102DF000B2EE041AB0EE410A01EEA00A9FEDE51A08
:102E0000B4EEC10AF1EE10FA03DD9FEDE21AB0EE66
:102E1000410AB2EE041AB4EEC10AF1EE10FA03D27E
:102E2000B2EE041AB0EE410ABDEEC01A11EE100A5D
:102E3000D3E7F0EE401A9FEDD82AB0EE420AF5EE45
:102E4000C01AF1EE10FA03D2B1EE612AF0EE421A86
:102E5000F5EEC00AF1EE10FA03D2B1EE602AF0EE00
:102E6000420AB5EEC01AF1EE10FA03D2B1EE412AD1
:102E7000B0EE421AF4EEC01AF1EE10FA01DDB0EE37
:102E8000610AF4EEC00AF1EE10FA01DDB0EE600A5C
:102E9000B4EEC01AF1EE10FA01DDB0EE410A70474F
:102EA000BE4800687047BE480068704710B52DEDF9
:102EB0000A8BF0EE408A18EE900A0AF026F941ECEF
:102EC0001C0B1FED6A1BB0EE4C0AF0EE6C0A0AF008
:102ED00031FEB0EE40BAF0EE60BA1FED700B53EC6D
:102EE000102B51EC1B0B09F058FF41EC1A0B1FED96
:102EF000751BB0EE4A0AF0EE6A0A0AF01BFEB0EE4D
:102F0000409AF0EE609A51EC190B0AF011F908EEB4
:102F1000100A9FEDA40AB4EEC08AF1EE10FA06DDA5
:102F20009FEDA10AB4EEC08AF1EE10FA0BD3B5EE14
:102F3000C08AF1EE10FA0ADB9FED9C0AB4EEC08A5B
:102F4000F1EE10FA03D80120BDEC0A8B10BD9FED05
:102F5000980AB4EEC08AF1EE10FA01D80220F3E725
:102F60009FED940AB4EEC08AF1EE10FA01D8032066
:102F7000EAE70420E8E710B52DED108B8AB0B0EE3B
:102F8000408AF0EE608AB0EE419A8B4890ED000ADC
:102F900028EE000ADFED890A80EE201A11EE104AB1
:102FA00020460AF0B2F8CDE908019DED080B0AF0C1
:102FB0005FFCB0EE40FAF0EE60FA18EE900A0AF00C
:102FC000A4F841EC1E0B53EC1F2B09F08DFF41ECD4
:102FD0001C0B0AF0ADF80AEE900A19EE100A0AF07E
:102FE00094F8CDE90601744890ED000A28EE000A35
:102FF000DFED720A80EE201A11EE104A20460AF028
:1030000084F841EC1E0BB0EE4E0AF0EE6E0A0BF0A7
:103010003BFC8DED040B18EE900A0AF076F841ECBB
:103020001C0B9DED040B53EC102B09F05DFF41ECE4
:103030001F0B9DED060B53EC102B09F0AEFECDE9F6
:1030400008019DED080B51EC100B0AF071F80BEE26
:10305000100A9FED5B0A38EE400A5748D0ED000A8F
:1030600020EE200ADFED550A80EE201A11EE104AFC
:1030700020460AF04AF8CDE908019DED080B0AF058
:10308000F7FBB0EE40FAF0EE60FA18EE900A0AF0A4
:103090003CF841EC1E0B53EC1F2B09F025FF41ECD3
:1030A0001C0B0AF045F80BEE900A19EE100A0AF014
:1030B0002CF841EC1F0B9FED420A38EE400A3E48C7
:1030C000D0ED000A20EE200ADFED3C0A80EE201A47
:1030D00011EE104A20460AF018F841EC1E0BB0EE33
:1030E0004E0AF0EE6E0A0BF0CFFB8DED040B18EEDE
:1030F000900A0AF00AF841EC1C0B9DED040B53EC0E
:10310000102B09F0F1FE53EC1F2BCDE906019DEDCC
:10311000060B51EC100B09F040FECDE908019DEDC6
:10312000080B51EC100B0AF003F80DEE100A9FED9E
:10313000250A38EE400A2048D0ED000A20EE200A89
:10314000DFED1E0A80EE201A11EE104A204609F02B
:10315000DCFF41EC1E0BB0EE4E0AF0EE6E0A0AF0F8
:1031600087FBB0EE40FAF0EE60FA18EE900A09F034
:10317000CCFF41EC1C0B53EC1F2B09F0B5FECDE945
:1031800008019DED080B51EC100B1DE0C40200205E
:10319000C80200200000A0426F12833AF80100200C
:1031A0002402002000E04445000061450000E143A6
:1031B00000C0A84400A00C45EC0100200000E14440
:1031C000000096440000164509F0B2FF09EE900A8F
:1031D00019EE100A09F099FF1FED060A38EE400AB1
:1031E000CDE90601FE48D0ED000A20EE200A5FED91
:1031F0000D0A80EE201A11EE104A204609F085FFD4
:1032000041EC1E0BB0EE4E0AF0EE6E0A0BF03CFBEA
:10321000B0EE40CAF0EE60CA18EE900A09F075FFF1
:1032200041EC1F0B53EC1C2B09F05EFECDE90401B1
:103230009DED060B53EC102B9DED040B51EC100B88
:1032400009F0ABFDCDE908019DED080B51EC100B29
:1032500009F06EFF0AEE100AF0EE6A0AB0EE4B0AB1
:103260000AF0DEF95FED2B0A20EE200ADC48D0EDF3
:10327000000A80EE201ADB4880ED001ADA48016867
:10328000D84890ED000ABDEEC00A10EE100AFFF714
:10329000B1FB00EE100AB8EEC00AD24880ED000A79
:1032A000D24890ED000AB8EEC00AD14880ED000A7D
:1032B000CE48006809F0F9FECDE906011BEE100AC0
:1032C00009F023FF41EC1E0B9FEDCA1BB0EE4E0A26
:1032D000F0EE6E0A0AF0B0FCB0EE40FAF0EE60FAE2
:1032E0001AEE900A09F011FF41EC1E0B9FEDC11B75
:1032F000B0EE4E0AF0EE6E0A0AF09EFC8DED000B69
:1033000053EC1F2B9DED000B51EC100B09F045FD0C
:10331000CDE902019DED020B0BF01AFBB0EE40CAA5
:10332000F0EE60CA9FEDB50B53EC102B51EC1C0B6B
:1033300009F04CFECDE904019DED060B53EC102B7A
:103340009DED040B51EC100B09F0CEFDCDE9080109
:103350009DED080B51EC100B09F0EAFEA94908603D
:10336000F0EE6B0AB0EE4D0A0AF05AF95FED6D0A05
:1033700020EE200A9A48D0ED000A80EE201AA248DA
:1033800080ED001AA14801689F4890ED000ABDEE4B
:10339000C00A10EE100AFFF72DFB00EE100AB8EE7F
:1033A000C00A994880ED000A904890ED000AB8EEF6
:1033B000C00A974880ED000A8C48006809F075FE45
:1033C000CDE906011DEE100A09F09FFE41EC1E0B2F
:1033D0009FED881BB0EE4E0AF0EE6E0A0AF02CFC50
:1033E0008DED020B1BEE900A09F08FFE41EC1E0BD7
:1033F0009FED801BB0EE4E0AF0EE6E0A0AF01CFC48
:103400008DED000B9DED020B53EC102B9DED000B91
:1034100051EC100B09F0C1FC41EC1C0BB0EE4C0A56
:10342000F0EE6C0A0BF094FAB0EE40FAF0EE60FAAF
:103430009FED720B53EC102B51EC1F0B09F0C6FDE6
:10344000CDE904019DED060B53EC102B9DED040B13
:1034500051EC100B09F048FDCDE908019DED080B7A
:1034600051EC100B09F064FE6A490860F0EE690A3D
:10347000B0EE4A0A0AF0D4F85FEDB00A20EE200A56
:103480005748D0ED000A80EE201A634880ED001AFC
:1034900062480168604890ED000ABDEEC00A10EE77
:1034A000100AFFF7A7FA00EE100AB8EEC00A5A4851
:1034B00080ED000A4D4890ED000AB8EEC00A584869
:1034C00080ED000A4948006809F0EFFD41EC1F0B50
:1034D0001AEE100A09F019FE41EC1E0B9FED451B78
:1034E000B0EE4E0AF0EE6E0A0AF0A6FB8DED000B70
:1034F00019EE900A09F009FE41EC1E0B9FED3D1BF1
:10350000B0EE4E0AF0EE6E0A0AF096FBB0EE40CA3C
:10351000F0EE60CA9DED000B53EC102B51EC1C0B30
:1035200009F03BFCCDE902019DED020B0BF010FA16
:103530008DED040B9FED310B53EC102B9DED040B27
:1035400051EC100B09F042FD53EC1F2BCDE90601A5
:103550009DED060B51EC100B09F0C6FCCDE90801FE
:103560009DED080B51EC100B09F0E2FD2D490860B0
:103570001AEE100A09F0C9FD41EC1F0B9FED1D1B4F
:10358000B0EE4F0AF0EE6F0A0AF056FB8DED080B15
:1035900019EE900A09F0B9FD41EC1F0B9FED151BC8
:1035A000B0EE4F0AF0EE6F0A0AF046FB8DED060B07
:1035B0009DED080B53EC102B9DED060B51EC100B01
:1035C00009F0EBFB41EC1C0BB0EE4C0AF0EE6C0A80
:1035D0000BF0BEF9B0EE40EAF0EE60EA24E0000045
:1035E000EC01002050020020800300208002002017
:1035F0004402002000000000000000400000000025
:1036000000004440380200205402002084030020BF
:10361000480200203C0200205802002088030020BD
:103620004C0200204002002051EC1E0B09F04EFD20
:10363000F7490860F74890ED000ABDEEC00AF64869
:1036400080ED000AF54890ED000AB8EEC00AFFF7D9
:103650002DFCF3490860F04890ED000AB8EEC00A6E
:10366000F04880ED000A0AB0BDEC108B10BDF0EE02
:10367000400AB0EE600AEC4890ED001AB1EE411A33
:10368000F4EEC10AF1EE10FA06D290ED001AB1EE96
:10369000411AB0EE410A0EE0E44890ED001AE2480B
:1036A000D0ED001AB4EEE11AF1EE10FA03DD90ED60
:1036B000001AB0EE410A7047DC48D0ED000AF5EE82
:1036C000C00AF1EE10FA06DDD0ED000A70EEC00A75
:1036D000C0ED000A06E0D548D0ED000A70EE800A81
:1036E000C0ED000AD148D0ED000ACF4890ED001A95
:1036F000B1EE411AF4EEC10AF1EE10FA07D2D0EDA4
:10370000000AF1EE600AC948C0ED000A0FE0C748A0
:10371000D0ED000AC44890ED001AF4EEC10AF1EEB3
:1037200010FA04DDD0ED000AC048C0ED000A704771
:10373000BE48D0ED000AF5EEC00AF1EE10FA06DD43
:10374000D0ED000A70EE800AC0ED000A06E0B7482E
:10375000D0ED000A70EEC00AC0ED000AB348D0ED0B
:10376000000AB14890ED001AB1EE411AF4EEC10A18
:10377000F1EE10FA07D2D0ED000AF1EE600AAB4884
:10378000C0ED000A0FE0A948D0ED000AA64890ED70
:10379000001AF4EEC10AF1EE10FA04DDD0ED000AD1
:1037A000A248C0ED000A70479A48D0ED000AF5EE35
:1037B000C00AF1EE10FA06DDD0ED000A70EEC00A84
:1037C000C0ED000A06E09348D0ED000A70EE800AD2
:1037D000C0ED000A8F48D0ED000A934890ED001A22
:1037E000B1EE411AF4EEC10AF1EE10FA07D2D0EDB3
:1037F000000AF1EE600A8748C0ED000A0FE0854834
:10380000D0ED000A884890ED001AF4EEC10AF1EEFE
:1038100010FA04DDD0ED000A7E48C0ED000A7047C2
:103820007C48D0ED000AF5EEC00AF1EE10FA06DD94
:10383000D0ED000A70EE800AC0ED000A06E075487F
:10384000D0ED000A70EEC00AC0ED000A7148D0ED5C
:10385000000A754890ED001AB1EE411AF4EEC10A63
:10386000F1EE10FA07D2D0ED000AF1EE600A6948D5
:10387000C0ED000A0FE06748D0ED000A6A4890EDFD
:10388000001AF4EEC10AF1EE10FA04DDD0ED000AE0
:103890006048C0ED000A70476548D0ED000AF5EEBB
:1038A000C00AF1EE10FA06DDD0ED000A70EEC00A93
:1038B000C0ED000A06E05E48D0ED000A70EE800A16
:1038C000C0ED000A5A48D0ED000A574890ED001AA2
:1038D000B1EE411AF4EEC10AF1EE10FA07D2D0EDC2
:1038E000000AF1EE600A5248C0ED000A0FE05048AD
:1038F000D0ED000A4C4890ED001AF4EEC10AF1EE4A
:1039000010FA04DDD0ED000A4948C0ED000A704706
:103910004748D0ED000AF5EEC00AF1EE10FA06DDD8
:10392000D0ED000A70EE800AC0ED000A06E04048C3
:10393000D0ED000A70EEC00AC0ED000A3C48D0EDA0
:10394000000A394890ED001AB1EE411AF4EEC10AAE
:10395000F1EE10FA07D2D0ED000AF1EE600A344819
:10396000C0ED000A0FE03248D0ED000A2E4890ED7D
:10397000001AF4EEC10AF1EE10FA04DDD0ED000AEF
:103980002B48C0ED000A70479FED2A2AF0EE421A3C
:103990009FED292AF0EE420A9FED282AB0EE420A56
:1039A000274A1268274B1B68D01AB0F5E16F01DD7A
:1039B000A0F5616010F5E16F01DA00F5616002EEDB
:1039C000100AB8EEC22A204A82ED002A021E01DB4C
:1039D000134600E053421946B1F1FF3F3ADA01299C
:1039E00038DD02EE101AF8EEC22A9FED183A82EE88
:1039F000832A71EEE02AB0EE601A02EE221A144A0F
:103A000092ED002A22EE012AB0EE420A2BE00000DD
:103A10005C0200203C020020600200200C0200201A
:103A20006402002094010020C00100204002002018
:103A3000380200200000C842000048420000000098
:103A40002C02002018020020900100200000E14418
:103A50001C020020FE4A92ED002AF2EE082A22EE15
:103A6000222AB0EE420A704710B52DED088BB0EE59
:103A7000408A18EE100A09F048FB41EC1B0B9FED41
:103A8000F50B53EC102B09F02FFA41EC1A0B09F04F
:103A90004FFB09EE100AF148006847F230518842A6
:103AA0000ED1B2EE0E0A28EE000AED4880ED000AB3
:103AB00090ED001A5FED1F0A1FED200AFFF75BFA79
:103AC000B5EEC08AF1EE10FA21D1E448006847F261
:103AD000305188421BD0E3480068E3490968401A26
:103AE000DE490968081A00EE100AF8EEC08AFFF7EE
:103AF0004BFFDB4880ED000A90ED001ADB4890EDAB
:103B0000000AF8EEC00AB0EE680AFFF734FAB5EE24
:103B1000C08AF1EE10FA5DD0D048006847F230510B
:103B2000884257D0CF480068CF490968401ACB492E
:103B30000968081A00EE100AB8EEC00AF0EE408AD2
:103B4000C34890ED000AF2EE080A20EE200AC448AD
:103B500080ED000A90ED001AC44890ED000AF8EEDE
:103B6000C00AB0EE680AFFF706FABC4890ED000AFA
:103B7000B8EEC00AFFF79AF9012806D002280DD046
:103B8000032814D0042824D11AE0B0EE490AFFF724
:103B90000BFEB0EE490AFFF7CBFD1AE0B0EE490A82
:103BA000FFF7B6FEB0EE490AFFF7FEFD11E0B0EEFA
:103BB000490AFFF735FEB0EE490AFFF77DFD08E040
:103BC000B0EE490AFFF768FEB0EE490AFFF7B0FD14
:103BD00000BF00BFA64890ED001AA648D0ED000A2D
:103BE000A54890ED000AFFF724F9A448D0ED000A9B
:103BF000F8EEE00A80EE801ABDEEC10AA04880ED22
:103C0000000AA04800689E490968884203DD9C4874
:103C100000689C49086001209B490860BDEC088B46
:103C200010BD10B504460020904908609748046014
:103C3000FCB90020934908601FED800A944880ED8C
:103C4000000A47F2305085490860924908601FED2C
:103C5000850A7F4880ED000A00208F4908608F495F
:103C600008608F4908608F4908601FED8C0AFFF7D4
:103C7000FBFE10BD10B5764890ED000AB5EEC00A07
:103C8000F1EE10FA05D18448006810B98348006845
:103C900090B11FED960A6E4880ED000A00207E4923
:103CA00008607E4908606F4800686F49086068488E
:103CB00090ED000AFFF7D8FE10BD7B48C0ED000A6A
:103CC0007A4880ED000A704770B52DED028B0546ED
:103CD0000C46B0EE408A61480068A8420BD16348A8
:103CE0000068A04207D16A4890ED000AB4EE480A85
:103CF000F1EE10FA18D05D4804606248006810B90F
:103D000005206049086057480068574908606048C6
:103D100080ED008A514805600020654908604C48E4
:103D200090ED000AFFF7A0FEBDEC028B70BD70B5F0
:103D30002DED028B0446B0EE408A0D4657480068D0
:103D4000A0420BD1424890ED000AB4EE480AF1EED1
:103D500010FA03D150480068A84237D03F480068A5
:103D600047F23051884222D16320404908600F2039
:103D70004449086047F23050844218DA012048492B
:103D80000860B5EEC08AF1EE10FA03DD3548006830
:103D9000A04208DCB5EEC08AF1EE10FA07D2314835
:103DA0000068A04203DAB1EE480AB0EE408A3B4810
:103DB000046039480560264880ED008A00203C49AF
:103DC0000860234890ED000AFFF74EFEBDEC028B21
:103DD00070BD10B52DED028BB0EE408A0446214631
:103DE000B0EE480A47F23050FFF7A1FFBDEC028B5E
:103DF00010BD70B504460D461FEDF00A2946204659
:103E0000FFF762FF70BD10B52DED088BF0EE408A14
:103E10000446B0EE608AB0EE419A1E4890ED000A6A
:103E2000B8EEC00AB4EE680AF1EE10FA0DD10F48F0
:103E30000068A04209D1194890ED000AB8EEC00A06
:103E4000B4EE480AF1EE10FA7DD0BDEEE80A31E09A
:103E50001C020020000000000000E03F0C020020D7
:103E6000A40200202C02002018020020FC010020E7
:103E7000400200203C02002038020020A401002063
:103E800000020020F8010020F001002004020020C0
:103E90002002002010020020F40100201402002063
:103EA00024020020BC020020C4020020C80200201E
:103EB00008020020F74880ED000AF74991ED000A5A
:103EC000B8EEC00A38EEC00ABDEEC00A10EE100A05
:103ED0009FEDF20A2146FFF7F7FEEF48D0ED000A0A
:103EE000F8EEE00A78EE600AB0EE600AFEF73CFFFA
:103EF000DFEDEB0AB4EEE00AF1EE10FA14DDE6486D
:103F000090ED000AB8EEC00AB4EEC08AF1EE10FAE5
:103F100002DDB0EE490A01E0B1EE490A10EE101AD6
:103F2000084609F0F2F815E0DB4890ED000AB8EE1B
:103F3000C00A38EE400A10EE101A084609F0E5F8FB
:103F400041EC1B0B00E014E09FEDD60B53EC102B63
:103F500008F0CAFF41EC1A0B09F0EAF809EE900AE2
:103F60000021B0EE690AFDEEC80A10EE900AFFF7D4
:103F7000DEFEBDEC088B10BD10B5CC4800680128F2
:103F80003DDDCB490968C44A1268881AFEF7F9FE7C
:103F900005280CDAC54801680068401CC34A106057
:103FA000B1F5FA7F2BDD0020FFF73BFE10BDBF48C7
:103FB0000068FA2808DD0520BE490860BE4908608F
:103FC000FB20BA49086004E00520BA490860BA49F4
:103FD0000860B1480068B6490968884205DDBFEE4F
:103FE000000AB64880ED000A04E0B7EE000AB348C4
:103FF00080ED000AB14890ED000AFFF735FD00BFE3
:10400000D4E710B52DED028BAD4890ED000AB5EE6A
:10401000C00AF1EE10FA08D1A748006828B1A448F8
:10402000006847F23051884202DBBDEC028B10BDC4
:10403000A0480068002808DDA04890ED000AB5EE11
:10404000C00AF1EE10FA00D0EFE79C4890ED000AAC
:10405000B5EEC00AF1EE10FA7ED09A48006847F239
:104060003051884279D1954890ED000AB5EEC00AEA
:10407000F1EE10FA08DD8E48006893490968401A8D
:1040800085490968884210DB8C4890ED000AB5EE3E
:10409000C00AF1EE10FA7CD2854800688A490968A6
:1040A00008447D490968884273DD80480068032818
:1040B0005CDA7F490968784A1268881AFEF761FE5F
:1040C0000A2816DA7A4800688049086005207A498B
:1040D0000860784908609FED710A784880ED000A11
:1040E000022072490860754890ED000AFFF7BCFC99
:1040F0009BE76F48006868490968884237DD6E4869
:1041000090ED000AB8EEC00A6C48D0ED000A60EEEF
:10411000200A6D4890ED000AB8EEC00AC0EE801A81
:10412000B0EE611AB0EE410AFEF71EFE6049096862
:10413000594A1268881AFEF724FE00EE900AB8EE7B
:10414000E01A6348D0ED000A40EE010A5A4890EDAB
:10415000000AB8EEC00A01E0BEE045E080EE801A39
:10416000F0EE418AB0EE680AFFF77EFC90E052481C
:1041700090ED000AB8EEC00A5048D0ED000A60EE9B
:10418000200A514890ED000AB8EEC00AC0EE801A2D
:1041900000E023E0B0EE611AB0EE410AFEF7E4FD64
:1041A000434909683C4A1268881AFEF7EAFD00EEA6
:1041B000900AB8EEE01A4648D0ED000A50EE410AE7
:1041C0003D4890ED000AB8EEC00A80EE801AF0EE8D
:1041D000418AB0EE680AFFF747FC59E0374890ED96
:1041E000000AFFF741FC53E0344890ED000AB5EEB9
:1041F000C00AF1EE10FA1FDD2D4890ED000AB8EE6E
:10420000C00A2D48D0ED000AF8EEE00A2B4890EDE8
:10421000001A00EEC10A2F48D0ED000AF8EEE00ABD
:1042200070EE600A1C4890ED000AB8EEC00AF4EE89
:10423000C00AF1EE10FA27D3204890ED000AB5EE3F
:10424000C00AF1EE10FA23D2194890ED000AB8EE38
:10425000C00A1948D0ED000AF8EEE00A174890EDC0
:10426000001A00EEC10A1B48D0ED000AF8EEE00A81
:1042700070EE200A084890ED000AB8EEC00AF4EE8D
:10428000C00AF1EE10FA03DD9FED040AFFF7ECFB24
:10429000CBE60000100200202C02002000000000ED
:1042A00000004842FCA9F1D24D62403F24020020A8
:1042B00014020020FC010020F80100201C02002054
:1042C000200200200C020020DC0100202802002037
:1042D000BC010020D8010020F8490968F84A12689A
:1042E000881AFEF7A4FCF0EE408AFFF7BDFBF54804
:1042F0000068002815DDF44890ED000AB5EEC00A0C
:10430000F1EE10FA0DD1F14890ED000AB5EEC00AB9
:10431000F1EE10FA05D1EE48006847F230518842BC
:1043200000DA82E6E5480068E5490968441AB4F510
:10433000E16F01DDA4F5616414F5E16F01DA04F5C4
:104340006164201E01DB014600E04142012904DADC
:104350001FED2E0AFFF788FB67E6FFF715FBB0EEAF
:10436000408AB0EE480AFFF77FFB00BF5DE600B56C
:10437000D8480068032815DA1FED380AD24880EDC6
:10438000000A1FED3A0AD14880ED000A0020D24908
:10439000086047F23050D1490860D14908600020D8
:1043A000CB490860CF480068401CCE490860CE4920
:1043B0000968884204DACD480068FEF7F3FB0EE096
:1043C000C9480068C7490860C948006820B1C748A3
:1043D0000068FEF7E7FB02E00020FEF7E3FB00BD0C
:1043E000C04A1268521CBF4B1A60824207DDC14AA4
:1043F00012680A44BF4B1A600022BA4B1A60704719
:1044000070B5FEF7F6FBAE490860FFF7B5FDAD48A5
:104410000068002824DDB7480068AA490968884276
:104420002CD0B4480068A749096888420EDAB14820
:104430000068B1490968884220DAAE480068FEF792
:10444000A7FC04460121FFF7CBFF17E0A94800684D
:10445000FEF7B9FC04464FF0FF31FFF7C1FF0DE056
:10446000A4480068002806DD4FF0FF31A34800682B
:10447000FFF7B6FF02E0FFF77AFF70BDA0480068C3
:104480008F490968884205D0FFF7BBFD8C4800685A
:104490009B4908609B480068E8B39648D0ED000A45
:1044A000F8EEE00A984890ED001A60EE810AB0EE4E
:1044B000600AFEF7A3FB04468E48D0ED000AF8EE32
:1044C000E00A924890ED001A60EE810AB0EE600AB0
:1044D000FEF794FB05468748D0ED000AF8EEE00AA7
:1044E0008B4890ED001A60EE810AB0EE600AFEF78C
:1044F00085FB064622462946FEF7F2FA854890EDEE
:10450000000ABDEEC00A10EE102A834890ED000AA2
:10451000BDEEC00A00E00AE010EE101A7F4890EDF0
:10452000000ABDEEC00A10EE100AFEF734FB00BF11
:10453000A3E77B4801680068401C794A1060142991
:1045400007D27848C08978490968084476490860E4
:104550000BE0754800681421B0FBF1F07349086066
:1045600000206F4908607049086071480168006860
:10457000401C6F4A1060142907D26A4840896D496F
:10458000096808446B4908600BE06A480068142118
:10459000B0FBF1F068490860002065490860654992
:1045A0000860664801680068401C644A106032294F
:1045B00007D25C480089624909680844604908607C
:1045C0000BE05F4800682821B0FBF1F05D4908600E
:1045D00000205A4908605A4908605B480168006831
:1045E000401C594A1060322907D24E4880895749E9
:1045F00009680844554908600BE0544800682821C0
:10460000B0FBF1F05249086000204F4908604F4963
:104610000860504801680068401C4E4A10600A2932
:1046200007D2404880884C49096808444A490860D4
:104630000BE0494800680A21B0FBF1F047490860E7
:104640000020444908604449086045480168006802
:10465000401C434A1060322907D232480088414941
:10466000096808443F4908600BE03E480068322171
:10467000B0FBF1F03C490860002039490860394935
:1046800008603A4801680068401C384A10603229C6
:1046900007D22448408836490968084434490860EC
:1046A0000BE0334800683221B0FBF1F0314908607B
:1046B00000202E4908602E4908607047180200202B
:1046C0002C020020FC010020200200201C020020FF
:1046D0001402002024020020F40100200C0200201B
:1046E0001002002008020020E4010020E001002068
:1046F000BC020020F801002000020020040200207B
:1047000030020020F0010020400200203C02002086
:1047100038020020580200205402002050020020DD
:104720009403002038060020980300209800002001
:104730009C030020A003002004000020A40300200C
:10474000A8030020A0000020AC030020B00300203C
:104750009C000020B4030020B8030020A400002027
:10476000CC030020D0030020B4000020C4030020AC
:10477000C8030020AC000020FC480068FC49096820
:10478000884203DAFA480068F8490860F748006888
:10479000F8490968884203DDF6480068F349086073
:1047A000F5490968F14A1268881A002801DB0146B8
:1047B00000E04142022932DDEF480068EB49096818
:1047C000884204DD0120ED4981F8220003E0002049
:1047D000EA4981F82200E8490968E44A1268881A1F
:1047E000002801DB014600E041428900E44A1160F3
:1047F00010460068E3490968884203DDE148006823
:1048000011460860DE480068642802DA6420DC494A
:104810000860DB480078D94981F8230003E00020D4
:10482000D64981F823007047D7480068D7490968FE
:10483000884203DAD5480068D3490860D248006846
:10484000D3490968884203DDD1480068CE49086031
:10485000D0490968CC4A1268881A002801DB014651
:1048600000E04142072932DDCA480068C6490968AC
:10487000884204DD0020C14981F8320003E00120B4
:10488000BE4981F83200C3490968BF4A1268881AD4
:10489000002801DB014600E041428900B84A11606E
:1048A00010460068BC490968884203DDBA480068C0
:1048B00011460860B24800685A2802DA5A20B04906
:1048C0000860AF480078AD4981F8330003E000206C
:1048D000AA4981F83300704710B5B048407800F01D
:1048E0002000D8B1A1480068A2490968884215DAB9
:1048F000AA48807990B9A948407800F0020068B9C8
:10490000A648407800F0010040B998480068401C73
:1049100096490860962007F0BFFD1FE09F48407849
:1049200000F00400D0B191480068914909688842BC
:1049300014DD9A48807988B99848407800F00200E0
:1049400060B99648407800F0010038B9874800689F
:10495000401E86490860962007F09EFD10BD10B5E8
:104960008E48407800F0200060B38C48407800F01A
:10497000020038B38948807920BB8848C07908BBD9
:1049800087480078C0438649087010E0012007F08E
:1049900083FD8348007828B900220121814804F072
:1049A00099FB04E0012211467E4804F093FB7B480A
:1049B000407800F0200028B17848407800F00200EC
:1049C0000028E3D110BD10B57448407800F008000D
:1049D00068B37248407800F0020040B36F488079B5
:1049E00028BB6E48C07910BB6F480078C0436E4941
:1049F000087011E0012007F04FFD6B48007830B9D6
:104A000000224FF40041694804F064FB04E00122F5
:104A1000D103664804F05EFB6048407800F008006F
:104A200028B15E48407800F002000028E2D110BDB5
:104A300010B55A48407800F0040060B357484078F9
:104A400000F0020038B35548807920BB5348C07944
:104A500008BB57480078C0435549087010E0012052
:104A600007F01AFD5248007828B9002240214D482D
:104A700004F030FB04E0012240214A4804F02AFB04
:104A80004648407800F0040028B14448407800F0DF
:104A900002000028E3D110BD10B54048407800F076
:104AA000100098B33D48407800F0020070BB3B48CE
:104AB000807958BB3948C07940B33E480078C0433C
:104AC0003C49087011E000203B490870012007F0C4
:104AD000E3FC3848007820B90020284981F82B00F1
:104AE00003E0FA20254981F82B002C48407800F09B
:104AF000100058B12948807940B92848407800F022
:104B0000020018B92548C0790028DCD110BD10B5C5
:104B1000FA201C4908604FF4AF7014490860012264
:104B20004021204804F0D6FA0122D1031F4804F0A6
:104B3000D1FA42F2107007F0AFFC01221146194879
:104B400004F0C8FA4FF4FA5007F0A6FC00224FF424
:104B50000041164804F0BEFA4FF4FA5007F09CFCEE
:104B6000002201210F4804F0B5FA10BD3C030020DB
:104B70003403002038030020B40000200800002087
:104B80006C0300204C030020480300204003002059
:104B900044030020AC0000205403002084060020C1
:104BA000640300200004024065030020000C024062
:104BB0006603002067030020E9020020FB484078DC
:104BC00000F0200088B3F948407800F0020060BB94
:104BD000F648C07948BBF548807930BBF448006896
:104BE000F4490968884221DAF048407800F0010071
:104BF00058B1F04800681438ED490968884204DD6E
:104C0000FA20ED4981F8230003E02820EA4981F8E1
:104C100023000020E84981F82200E5480068E749C0
:104C200008600120E64908603BE0FFE7DF48407884
:104C300000F0040088B3DD48407800F0020060BB5B
:104C4000DA48C07948BBD948807930BBD848006879
:104C5000DC490968884221DDD448407800F0010031
:104C600058B1D3480168D74800681430814204DD48
:104C7000FA20D14981F8230003E01420CE4981F8BD
:104C800023000120CC4981F82200C9480068CB49A3
:104C900008600120CA49086003E0FFE70020C84916
:104CA00008607047C14840791E2827DAC648006866
:104CB0000A38C6490968884220DDBC48407800F0BF
:104CC000010058B1C04800682838C04909688842C6
:104CD00004DDFA20B84981F8330003E06420B649C6
:104CE00081F833000120B44981F83200B7480068E8
:104CF000B74908600120B74908602EE0AB48407909
:104D0000E62827DDB1480168B34800680A308142CF
:104D100020DDA648407800F0010058B1AB4801689A
:104D2000AD4800682830814204DDFA20A24981F8AC
:104D3000330003E06420A04981F8330000209E493D
:104D400081F83200A1480068A14908600120A1490A
:104D5000086002E000209F49086070472DE9F05F7D
:104D600082460D4614461E46DDE90B9BDDF8288081
:104D70009A490968881B002801DB014600E041428E
:104D800001FB0BF74F4500DD4F4694480068801B40
:104D9000404510DAE81B00EE900AF8EEE00AB0EEAB
:104DA000600A9FED8F1A00EE904AF8EEE00A504636
:104DB000FFF729F822E089480068801B404510DD94
:104DC000E81900EE900AF8EEE00AB0EE600A9FEDF6
:104DD000841A00EE904AF8EEE00A5046FFF713F806
:104DE0000CE09FED7F1A00EE104AF8EEC00A504624
:104DF00000EE105AB8EEC00AFFF705F8BDE8F09FC4
:104E00002DE9F05F82460D4614461E46DDE90B9BF8
:104E1000DDF8288073490968881B002801DB0146FA
:104E200000E0414201FB0BF74F4500DD4F466D4866
:104E30000068801B404510DAE81900EE900AF8EE91
:104E4000E00AB0EE600A9FED661A00EE904AF8EEB6
:104E5000E00A5046FEF7D7FF22E062480068801B58
:104E6000404510DDE81B00EE900AF8EEE00AB0EED7
:104E7000600A9FED5B1A00EE904AF8EEE00A504699
:104E8000FEF7C1FF0CE09FED561A00EE104AF8EE57
:104E9000C00A504600EE105AB8EEC00AFEF7B3FF43
:104EA000BDE8F09F2DE9F05F07460C4693461D468E
:104EB000DDE90B9ADDF828804A490968481B00287B
:104EC00001DB014600E0414201FB0AF64E4500DDF0
:104ED0004E4644480068401B404504DAA019394654
:104EE000FEF787FF0DE03F480068401B404504DDAA
:104EF000A01B3946FEF77DFF03E039462046FEF74A
:104F000078FFBDE8F09F2DE9F05F82460D4614461C
:104F10001E46DDE90B9BDDF8288033490968881BB4
:104F2000002801DB014600E0414201FB0BF74F4541
:104F300000DD4F462C480068801B404510DAE81918
:104F400000EE900AF8EEE00AB0EE600A9FED271A34
:104F500000EE904AF8EEE00A5046FEF754FF22E0D9
:104F600021480068801B404510DDE81B00EE900AD8
:104F7000F8EEE00AB0EE600A9FED1C1A00EE904ACF
:104F8000F8EEE00A5046FEF73EFF0CE09FED181ADF
:104F900000EE104AF8EEC00A504600EE105AB8EE85
:104FA000C00AFEF730FFBDE8F09F00008406002035
:104FB000B400002038030020080000203C0300203B
:104FC000900300203403002044030020AC000020A4
:104FD000480300208C03002040030020A000002094
:104FE000CDCCCC3D9C000020040000203333333F67
:104FF000B81E453F10B5FE48407800F00200E0B909
:10500000FB48C079C8B1FA48407800F02000A0B150
:105010001021F84804F040F801280ED1C820F649C4
:105020000860F6480068C838F5490860FA20F54974
:1050300081F82B000120F44908701021ED4804F09C
:105040002BF8002841D1F048007801283DD10020FC
:10505000EE49086011E01021E64804F01DF801282F
:1050600003D10020E94908600BE0022007F014FAA0
:10507000E6480068401CE5490860E4480068962856
:10508000E9DB00BFE148006891281EDDDB480068CD
:10509000DB4908600020DB4981F82B0040F6B8307E
:1050A00007F0FAF9FA20D4490860D448006800F5FE
:1050B000A070D3490860FA20D54908604FF44870C1
:1050C000D44908600220D049087010BDFA22CA4BAA
:1050D0001A60CB4A1060FA22CD4B1A60CD4A11609B
:1050E000704710B5FDF781FDC82007F0D5F9C8203D
:1050F000C14908604FF4D770C14908604FF451703E
:10510000C449086000224FF40041C34803F0E2FFA5
:1051100000224021C14803F0DDFF00220121BF48E9
:1051200003F0D8FF0020BE49086010BD0EB5B0489E
:105130008078322853DABB48006800F54D70BA49D0
:10514000086006E0012007F0A7F9FBF7EFFB00B1CC
:1051500006E04FF48051A74803F09EFF0128F1D0EC
:1051600000BF0F201E2102223523CDE9002102902D
:105170000022AE492820FFF7C6FE06E0012007F016
:105180008BF9FBF7D3FB00B109E04FF4805199484C
:1051900003F082FF18B9A64800686A28EEDC00BF59
:1051A0000F21A448FEF725FE00219FEDA30A40F23F
:1051B0005230FEF7BCFD06E0012007F06DF9FBF769
:1051C000B5FB00B105E09748006897490968884237
:1051D000F2DB00BFFDF709FD0020FEF722FD844849
:1051E0008078C82844DD8F480068A0F54D708E494E
:1051F00008600F20142102223523CDE900210290FE
:1052000000224FF461712820FFF77DFE06E00120A7
:1052100007F042F9FBF78AFB00B108E008217E485D
:1052200003F03AFF18B9854800686A28EFDC00BF30
:105230000F214FF4FA70FEF7DCFD00219FED800A8C
:105240007A483238FEF773FD06E0012007F024F9B2
:10525000FBF76CFB00B105E0724800687249096811
:105260008842F2DC00BFFDF7C0FC0020FEF7D9FC4D
:105270000EBD73B52DED028B142505269FED710A29
:10528000B0EE408A5A480079322805DB5848007948
:10529000C82801DC012000E00020044654480078C2
:1052A00000F00800D0B95248007800F01000A8B90A
:1052B0004F48007800F0200080B94D48007800F099
:1052C000400058B954B14A48407800F0400028B92D
:1052D0003220FEF7A6FCBDEC028B7CBD4448407832
:1052E00000F0010030B19DF80C509FED570AB0EE70
:1052F000408A05E09DF808501FEDC40AB0EE408AD0
:105300003B48007800F00800E0B13948007800F030
:105310001000B8B93648007800F0200090B9344841
:10532000007800F0400068B93148407800F0020091
:1053300040B92F48C07928B929464FF4E160FEF7FB
:1053400058FDF1E02A48007800F0080098B9284894
:10535000007800F0100070B12548007800F02000BF
:1053600048B92348007800F0400020B929460020C1
:10537000FEF73FFDD8E01E48007800F00800D8B9DD
:105380001B48007800F01000B0B91948007800F010
:10539000200088B11648007800F0400060B9144839
:1053A000407800F0020038B91148C07920B9294688
:1053B0001E48FEF71EFDB7E00D48007800F008001B
:1053C000A0B90B48007800F0100078B908480078C0
:1053D00000F0200050B90648007800F0400028B1E5
:1053E0000348407800F0020000B92FE037E00000E9
:1053F00084060020001002404C030020B40000206E
:105400003C03002008000020E9020020F8020020F0
:105410005403002048030020000C02400004024016
:10542000CC0000202C0200201C0300207CFCFFFF8D
:105430009C0000202AFEFFFFCDCC4C3FA0000020A6
:10544000CDCC4CBF000000006666663FF748C079CF
:1054500028B929464FF46170FEF7CBFC64E0F348AD
:10546000007800F0080098B1F048007800F01000D3
:1054700070B9EE48007800F0200048B1EB480078A1
:1054800000F0400020B92946E948FEF7B2FC4BE0A5
:10549000E648007800F00800A0B1E448007800F089
:1054A000100078B9E148007800F0200050B9DF48DA
:1054B000007800F0400028B1294640F24650FEF73F
:1054C00098FC31E0D948007800F0080098B9D74836
:1054D000007800F0100070B1D448007800F020008F
:1054E00048B1D248007800F0400020B92946D148A0
:1054F000FEF77FFC18E0CD48007800F0080098B96E
:10550000CA48007800F0100070B1C848007800F078
:10551000200048B9C548007800F0400020B1294675
:105520004FF4E170FEF765FCC048007800F0080019
:10553000D0B9BE48007800F01000A8B9BB48007888
:1055400000F0200080B9B948007800F0400058B958
:1055500054B1FDF740FB38B1B448407800F040004A
:1055600010B90020FEF75DFB14B1FEF783FB27E0C6
:10557000AE48007932280EDAFDF72DFB28B1002065
:10558000B1EE480AFEF725FC1AE00020B1EE480A09
:10559000FEF71FFC14E0A5480079C8280EDDFDF7D2
:1055A0001AFB28B10020B0EE480AFEF712FC07E013
:1055B0000020B0EE480AFEF70CFC01E0FEF75AFBB3
:1055C00000BF88E610B500209B49887008219B48E1
:1055D00003F062FD012804D102209749C870012020
:1055E00010BD64209449C8700020F9E710B5082167
:1055F000924803F051FD01280BD19148007840B941
:1056000064208D49C87000208E4908608E4908606A
:1056100010BDFBF7E4F9041E01DB204600E0604208
:105620008A490968884208DD85480078012804D144
:1056300002208149C8700120EAE71E207E49C87017
:1056400001207F4908700020E2E710B500207A4968
:1056500088740121794803F01FFD012804D102203C
:105660007549C874012010BD64207349C8740020B6
:10567000F9E710B50121714803F00EFD01280CD1A6
:105680007348007848B964206B49C87400204FF013
:10569000804148626F49086010BDFBF7E8F9041EBD
:1056A00001DB204600E060426B490968884208DD62
:1056B00067480078012804D102205F49C87401209E
:1056C000EAE71E205C49C874012061490870002087
:1056D000E2E710B501205849887241035F4803F0A2
:1056E000DBFC012804D102205349C872012010BDFF
:1056F00064205149C8720020F9E710B54FF40051F9
:10570000564803F0C9FC01280BD15548007840B930
:1057100064204949C8720020524908605249086013
:1057200010BDFBF7EEF9041E01DB204600E06042ED
:105730004E490968884208DD49480078012804D1AB
:1057400002203D49C8720120EAE71E203A49C8728A
:105750000120434908700020E2E710B52DED048BCD
:10576000FBF73DF942490968441A002C01DB204649
:1057700000E06042002839DDFBF731F93C49096857
:10578000884203DD01202C49887002E000202A496C
:105790008870FBF724F936490968441A002C01DBAC
:1057A000214600E06142084607F07FFC41EC190BFE
:1057B0009FED300B53EC102B07F096FB41EC180BD0
:1057C00007F084FC2D49086008460068C82801DD00
:1057D000C8200860294800680A2802DA0A202749F8
:1057E0000860264800781449C87002E00220124977
:1057F000C870BDEC048B10BD10B52DED048BFBF70C
:1058000036F91F490968441A002C01DB204600E0E4
:105810006042002866DDFBF72AF9194909688842C9
:1058200030DD0120044988742FE000008406002048
:10583000BAFAFFFF3EFEFFFF080000200010024002
:105840006803002024080040840000207403002026
:10585000690300206C00002078030020000802404B
:105860006B030020240C0040740000207C03002007
:10587000680200209A9999999999E93F6C03002050
:105880006C0200200020FE498874FBF7F0F8FD4907
:105890000968441A002C01DB214600E061420846F9
:1058A00007F003FC41EC190B1FED0E0B53EC102B12
:1058B00007F01AFB41EC180B07F008FCF2490860EE
:1058C00008460068C82801DDC8200860EE48006866
:1058D0000A2802DA0A20EC490860EB480078E84917
:1058E000C87402E00220E649C874BDEC048B10BD08
:1058F00010B52DED048BFBF704F9E4490968441A4F
:10590000002C01DB204600E06042002839DDFBF777
:10591000F8F8DE490968884203DD0020D84988721A
:1059200002E00120D6498872FBF7EBF8D7490968F5
:10593000441A002C01DB214600E06142084607F0D2
:10594000B4FB41EC190B1FED350B53EC102B07F09A
:10595000CBFA41EC180B07F0B9FBCB4908600846BD
:105960000068C82801DDC8200860C74800680A2808
:1059700002DA0A20C4490860C3480078C049C872E6
:1059800002E00220BE49C872BDEC048B10BDFEB51A
:105990000546C820BE4908604FF4BE70BD49086086
:1059A0004FF45170BC49086000241AE013E01E2037
:1059B000C82102222B46CDE9002102900A224FF491
:1059C000E1613220FFF7CAF9012006F065FDFAF720
:1059D000ADFF00B103E0B14800681E28E7DB00BF5F
:1059E000641C40F226208442E0DB002419E012E02F
:1059F0001E20502101222B46CDE9002102900A22CF
:105A00004FF4E161FFF7AAF9012006F045FDFAF72E
:105A10008DFF00B103E0A14800681028E8DC00BF5A
:105A2000641C40F226208442E1DBFCF7B5FC9FEDCC
:105A30009C1AF2EE0C0A19209FED9A0AFEF7E3F980
:105A400006E0052006F028FDFAF770FF00B10AE035
:105A5000FAF775FF061E01DB304600E0704240F2A7
:105A6000A4618842EDDB00BFB6EE001AF2EE0C0A2C
:105A700014209FED8C0AFEF7C6F9002415E006E01D
:105A8000012006F009FDFAF751FF00B10BE04FF4D9
:105A90000041854803F000FB012804D183480068D9
:105AA000B0F58F7FECDA00BF641CC82CE7DB012265
:105AB00040217F4803F00EFB0122D1037D4803F013
:105AC00009FB0020FEF7ADF8FA207149086040F2AA
:105AD000431070490860FEBD3EB5054601221146DF
:105AE000734803F0F7FA4FF47A6006F0D5FC002211
:105AF0004FF400416F4803F0EDFA40F6B83006F07D
:105B0000CBFCFA206249086040F24D106149086000
:105B10004FF4FA6006F0C0FC00220121644803F053
:105B2000D9FA4FF4FA6006F0B7FCFA205849086039
:105B30004FF4BE7057490860002424E01DE05E4821
:105B40000068B92804DA00224021594803F0C2FA5B
:105B50001E204FF4AF7102229123CDE90021029063
:105B60000E224FF4E1613220FFF74AF9012006F0DE
:105B700093FCFAF7DBFE00B103E04F480068A02871
:105B8000DDDC00BF641C40F226208442D6DBC82046
:105B90003B4981F82700012081F82600FA203C4982
:105BA00008604FF4F5703B490860002425E01EE0D2
:105BB0004FF400413C4803F06FFA012803D1002064
:105BC0002F4981F827000520642102229123CDE985
:105BD000002102900E224FF4E1612320FFF710F91B
:105BE000012006F059FCFAF7A1FE00B103E02F48AE
:105BF00000688228DCDC00BF641C642CD7DB00203A
:105C00001F4981F82700002421E013E005206421CA
:105C100002229223CDE90021029008224FF4E16193
:105C20001420FFF7EDF8012006F036FCFAF77EFEAF
:105C300000B10AE04FF400511B4803F02DFA01288F
:105C400003D11A4800686928E0DC00BF641C282CD6
:105C5000DBDB0020FDF7E5FF3EBD10B5FCF7C5FF1F
:105C60004FF4FA6006F018FC9620094908604FF4DA
:105C700001700849086040F24D30074908601DE096
:105C8000080000206C0200206C030020700200203D
:105C90004C0300203C03002048030020A00000200B
:105CA000CDCC4C3E0000E144001002400400002036
:105CB00000040240000C02409C0000209FEDF81AF6
:105CC000DFEDF80A46209FEDF80AFEF79CF8002069
:105CD000F649086011E006E0012006F0DDFBFAF766
:105CE00025FE00B103E0F24800686428F4DB00BF41
:105CF000EE480068401CED490860EC480068B0F5CB
:105D0000FA7FE8DB0020E949086013E006E00120A3
:105D100006F0C2FBFAF70AFE00B105E00821E548EB
:105D200003F0BAF90028F2D000BFE0480068401C38
:105D3000DE490860DD480068B0F5FA7FE6DB9FEDDC
:105D4000D81ADFEDD80A46209FEDD70AFEF75BF898
:105D50000020D649086011E006E0012006F09CFB17
:105D6000FAF7E4FD00B103E0D1480068C828F4DC8C
:105D700000BFCE480068401CCC490860CB48006892
:105D8000B0F5FA7FE8DB9FEDC61ADFEDC60A3C20CE
:105D90009FEDC50AFEF737F80020C449086013E0FC
:105DA00006E0012006F078FBFAF7C0FD00B105E03F
:105DB0000821C04803F070F90128F2D000BFBB48A9
:105DC0000068401CB9490860B8480068B0F5FA7F1F
:105DD000E6DB9FEDB31ADFEDB30A28209FEDB20A90
:105DE000FEF711F80020B149086011E006E001203B
:105DF00006F052FBFAF79AFD00B103E0AC480068E8
:105E00006428F4DB00BFA9480068401CA74908606B
:105E1000A6480068B0F5FA7FE8DB9FEDA11ADFED38
:105E2000A10A1E209FEDA00AFDF7EDFF00209F496B
:105E3000086011E006E0012006F02EFBFAF776FD7F
:105E400000B103E09C4800680728F4DC00BF9748D5
:105E50000068401C954908609448006840F226217B
:105E60008842E7DB9FED8E1ADFED8E0A14209FED4E
:105E70008E0AFDF7C8FF00208C49086014E006E098
:105E8000012006F009FBFAF751FD00B106E04FF4DE
:105E900080618A4803F000F90128F1D000BF8348EF
:105EA0000068401C814908608048006840F2262153
:105EB0008842E4DB1E20FDF7B4FE10BDFEB50546AA
:105EC0000E461446FFF7C9FE4FF4FA6006F0E4FAF6
:105ED0009FED731ADFED730A28201FED8E0AFDF780
:105EE00092FF00207149086012E006E0012006F0F0
:105EF000D3FAFAF71BFD00B104E06D480068B0F575
:105F0000CB7FF3DA00BF69480068401C674908602E
:105F100066480068FA28E8DB9FED611ADFED610A48
:105F20003C201FEDA00AFDF76EFF00205F490860CE
:105F300024E019E096206249086040F2253061496A
:105F40000860052002212B460022CDE900140290B2
:105F50004FF4E1613C20FEF753FF022006F09CFA6B
:105F6000FAF7E4FC00B103E051480068AA28E1DC3C
:105F700000BF4E480068401C4C4908604B48006810
:105F8000FA28D6DB00204949086024E019E0962071
:105F90004B49086040F225304A4908601E20022122
:105FA0002B460022CDE9001402904FF4E16132202B
:105FB000FEF726FF022006F06FFAFAF7B7FC00B1F1
:105FC00003E03B4800684628E1DC00BF3748006832
:105FD000401C3649086035480068B0F5FA7FD5DBCB
:105FE00000203249086024E019E0C82036490860E2
:105FF0004FF4067035490860142002212B46002218
:10600000CDE9001402904FF4E1611920FEF7F8FE8B
:10601000012006F041FAFAF789FC00B103E02448B8
:1060200000683128E1DC00BF20480068401C1F499F
:1060300008601E480068B0F5FA7FD5DB00201B49D8
:10604000086011E006E0022006F026FAFAF76EFC7E
:1060500000B103E0164800681428F4DC00BF1348C0
:106060000068401C1149086010480068B0F5FA7FCC
:10607000E8DB2820FDF7D5FDFEBD0EB507214FF466
:10608000E160FDF7B6FE0020084908602CE01FE043
:10609000012006F001FAFAF749FCC8B11EE0000041
:1060A000CDCCCC3D0000000000006144F80200208F
:1060B00004000020000C02409C0000200010024060
:1060C0004C0300203C030020540300204803002020
:1060D0008021FE4802F0E0FF0128D9D000BFFC4833
:1060E0000068401CFA490860F9480068B0F5FA7F7A
:1060F000CDDB0020FDF795FD0020F54908601EE08E
:1061000013E01420322102223923CDE9002102902C
:1061100000224FF461712820FEF7F5FE012006F001
:10612000BBF9FAF703FC00B103E0EA4800686E2807
:10613000E7DC00BFE6480068401CE5490860E44829
:106140000068B0F5FA7FDBDB14214FF46170FDF7D6
:1061500050FE0020DE49086011E006E0012006F054
:106160009BF9FAF7E3FB00B103E0DA4800681A286C
:10617000F4DC00BFD6480068401CD5490860D4480C
:106180000068B0F5FA7FE8DB1E210020FDF731FE44
:106190000020CF49086012E006E0012006F07CF9FB
:1061A000FAF7C4FB00B104E0CB480068B0F5D97F32
:1061B000F3DA00BFC6480068401CC5490860C448FF
:1061C0000068B0F5FA7FE7DB0020C14908601DE0F8
:1061D00012E01420322102220523CDE90021029091
:1061E000002211462820FEF70BFE012006F054F98C
:1061F000FAF79CFB00B103E0B74800686F28E8DCC1
:1062000000BFB3480068401CB1490860B04800684E
:10621000B0F5FA7FDCDB0A210020FDF7EAFD002063
:10622000AB49086011E006E0012006F035F9FAF705
:106230007DFB00B103E0A84800683C28F4DC00BF07
:10624000A3480068401CA2490860A1480068B0F556
:10625000FA7FE8DB0020FDF7E4FC0EBD2DE9F041FC
:1062600004460D4616461F469FED9C1A5FED730AC5
:106270001E209FED9B0AFDF7C6FD00209449086093
:1062800011E006E0012006F007F9FAF74FFB00B134
:1062900003E0944800682828F4DC00BF8C480068BC
:1062A000401C8B4908608A480068B0F5FA7FE8DB3B
:1062B0000020FDF7B6FC142140F63400FDF799FDEF
:1062C00000219FED890A8948FDF731FD0DE0FA2094
:1062D000874908604FF4707086490860012006F015
:1062E000DBF8FAF723FB00B105E0834800687F493B
:1062F0001E318842EBDC00BFFDF7BCFC9FED771A36
:10630000DFED770A19209FED7D0AFDF77CFD002067
:106310006F49086015E00AE039463046FEF7D6FEC0
:10632000012006F0B9F8FAF701FB00B103E0694873
:106330000068A842F0DB00BF65480068401C644963
:10634000086063480068B0F5FA7FE4DB9FED631AEC
:10635000DFED630A07209FED690AFDF754FD002079
:106360005B49086011E006E0012006F095F8FAF7B5
:10637000DDFA00B103E057480068A042F4DB00BF3B
:1063800053480068401C5249086051480068B0F505
:10639000FA7FE8DB0020FDF744FC07210020FDF731
:1063A00028FD00204A49086011E006E0032006F0BD
:1063B00073F8FAF7BBFA00B103E0474800682728F2
:1063C000F4DC00BF42480068401C41490860404876
:1063D0000068B0F5FA7FE8DB1E20FDF722FCBDE87F
:1063E000F081FEB504460D4616461F469FED3B1A4A
:1063F0005FEDD40A1E209FED3A0AFDF704FD002050
:106400003349086011E006E0012006F045F8FAF78C
:106410008DFA00B103E0334800683C28F4DC00BF8B
:106420002B480068401C2A49086029480068B0F5DC
:10643000FA7FE8DB0020FDF7F4FB9FED281A5FED03
:10644000E70A28209FED2E0AFDF7DDFC00202049F9
:10645000086011E006E0012006F01EF8FAF766FA7F
:1064600000B103E01F4800680F28F4DC00BF1848A3
:106470000068401C1649086015480068B0F5FA7FAE
:10648000E8DB1FEDF91A5FEDF90A28209FED1B0AE2
:10649000FDF7B9FC00200E49086011E006E001207C
:1064A00005F0FAFFFAF742FA00B103E00D48006880
:1064B0009628F4DB00BF06480068401C04490860C9
:1064C00003480068B0F5FA7FE8DB1BE000100240EB
:1064D000F8020020A000002004000020CDCC4C3E9B
:1064E000000061C49C000020333333BF7CFCFFFFFD
:1064F0004C0300203C0300202C0200200000E1445B
:106500000080D4C4FBF748FF9FEDFE1ADFEDFE0AC2
:1065100014209FEDFE0AFDF776FC0020FC49086080
:1065200012E006E0012005F0B7FFFAF7FFF900B12D
:1065300004E0FAF704FAB0F57A6FF3DC00BFF44830
:106540000068401CF2490860F1480068B0F5FA7F25
:10655000E7DB0020FDF765FB1FED201ADFEDEA0AFF
:1065600014201FED210AFDF74EFC0020E8490860C9
:1065700012E006E0012005F08FFFFAF7D7F900B12D
:1065800004E0E4480068B0F5A27FF3DD00BFE04816
:106590000068401CDE490860DD480068B0F5FA7FFD
:1065A000E7DB0020DA4908601EE013E014206FF0FA
:1065B000310102222823CDE9002102900022D64990
:1065C0001E20FEF7A0FC012005F066FFFAF7AEF9E9
:1065D00000B103E0CF480068A842E7DB00BFCC4829
:1065E0000068401CCA490860C9480068B0F57A7F55
:1065F000DBDB0020C649086022E017E014206FF0C2
:10660000310102222823CDE9002102900022C24953
:106610000A20FEF778FC39463046FEF757FD012088
:1066200005F03AFFFAF782F900B103E0B9480068D3
:10663000A042E3DB00BFB6480068401CB4490860D4
:10664000B3480068FA28D8DB0020FDF7EAFA0020FA
:10665000AF49086015E00AE007210020FDF7C9FBFB
:10666000012005F019FFFAF761F900B103E0AB482A
:1066700000682828F0DC00BFA5480068401CA44939
:106680000860A3480068B0F5FA7FE4DB0020FDF75E
:10669000C8FAFEBD2DE9F04104460D4616461F46D8
:1066A0001FED721ADFED980A1E201FED730AFDF729
:1066B000AAFB00209649086011E006E0012005F0E1
:1066C000EBFEFAF733F900B103E095480068702853
:1066D000F4DC00BF8E480068401C8D4908608C487F
:1066E0000068B0F5FA7FE8DB0020FDF79AFA1FEDAD
:1066F000851ADFED850A0A209FED830AFDF783FBEB
:1067000000208349086011E006E0012005F0C4FE86
:10671000FAF70CF900B103E0804800688A28F4DC3D
:1067200000BF7B480068401C7949086078480068D1
:10673000B0F5FA7FE8DB07217A48FDF75AFB002124
:10674000B8EE000A7848FDF7F2FA0DE0FA20774932
:1067500008604FF4707076490860012005F09CFED7
:10676000FAF7E4F800B105E0724800686E4932318A
:106770008842EBDC00BFFDF77DFA9FED621ADFED8A
:106780006E0A14201FEDAA0AFDF73DFB00206049A8
:10679000086012E006E0012005F07EFEFAF7C6F878
:1067A00000B104E05B480068B0F5167FF3DC00BF81
:1067B00057480068401C5649086055480068B0F5C5
:1067C000FA7FE7DB9FED4F1ADFED5B0A19201FED23
:1067D000BC0AFDF718FB00204D49086011E006E0F7
:1067E000012005F059FEFAF7A1F800B103E049488D
:1067F0000068A842F4DC00BF45480068401C4449DA
:10680000086043480068B0F5FA7FE8DB9FED3D1A69
:10681000DFED490A07201FEDCE0AFDF7F4FA00204C
:106820003B49086015E00AE039463046FEF74EFC69
:10683000012005F031FEFAF779F800B103E03548A0
:106840000068A042F0DC00BF31480068401C3049BD
:1068500008602F480068B0F5FA7FE4DB0020FDF700
:10686000E0F907210020FDF7C4FA0020284908605C
:1068700011E006E0032005F00FFEFAF757F800B12B
:1068800003E0264800682828F4DC00BF20480068A0
:10689000401C1F4908601E480068B0F5FA7FE8DB1D
:1068A0001E20FDF7BEF9BDE8F0812DE9F041044658
:1068B0000D4616461F461FEDF71ADFED130A1E2080
:1068C0001FEDF90AFDF79FFA00201149086011E059
:1068D00006E0012005F0E0FDFAF728F800B103E03A
:1068E0000F4800687028F4DC00BF09480068401CAD
:1068F0000749086006480068B0F5FA7FE8DB002029
:106900001CE00000CDCCCC3D000000000000AFC476
:10691000F8020020A00000207CFCFFFF0400002003
:106920009C0000203EFEFFFFF8F8FFFF4C03002014
:106930003C0300202C0200200000E1C4FDF771F9A7
:106940009FEDF81A5FED100A0A201FED110AFDF7FE
:106950005AFA0020F449086011E006E0012005F031
:106960009BFDF9F7E3FF00B103E0F04800688A28D7
:10697000F4DC00BFEC480068401CEB490860EA48C2
:106980000068B0F5FA7FE8DB0721E948FDF731FA46
:106990000021B8EE000AE748FDF7C9F90DE0FA203A
:1069A000E54908604FF47070E4490860012005F083
:1069B00073FDF9F7BBFF00B105E0E1480068DD4970
:1069C0000A318842EBDC00BFFDF754F91FED331AA2
:1069D0005FED270A14209FEDDB0AFDF714FA002073
:1069E000D149086012E006E0012005F055FDF9F7F5
:1069F0009DFF00B104E0D4480068B0F5167FF3DCD9
:106A000000BFC9480068401CC7490860C648006804
:106A1000B0F5FA7FE7DB1FED451A5FED390A282054
:106A20009FEDC80AFDF7EFF90020BF49086011E0AB
:106A300006E0012005F030FDF9F778FF00B103E032
:106A4000C1480068BE28F4DC00BFB7480068401C9D
:106A5000B5490860B4480068B0F5FA7FE8DB1FED7F
:106A6000571A5FED4B0A0A209FEDB60AFDF7CBF9E6
:106A70000020AD49086011E006E0052005F00CFD9E
:106A8000F9F754FF00B103E0AF4800687728F4DC61
:106A900000BFA5480068401CA3490860A2480068E0
:106AA000B0F5FA7FE8DB07214FF4E170FDF7A1F9BB
:106AB00000219FEDA60AA648FDF739F906E001205E
:106AC00005F0EAFCF9F732FF00B105E09C480068E8
:106AD0009F490A318842F2DC00BFFDF7CBF81FED79
:106AE000771ADFED9C0A1E209FED9B0AFDF78BF9BC
:106AF00000208D49086011E006E0012005F0CCFC83
:106B0000F9F714FF00B103E094480068A842F4DBF1
:106B100000BF85480068401C8349086082480068BF
:106B2000B0F5FA7FE8DB1FED891ADFED8A0A07204E
:106B30009FED890AFDF767F900207B49086015E0A1
:106B40000AE039463046FEF7C1FA012005F0A4FC00
:106B5000F9F7ECFE00B103E080480068A042F0DBEA
:106B600000BF71480068401C6F4908606E480068AB
:106B7000B0F5FA7FE4DB07210020FDF73AF90020A9
:106B80006949086011E006E0032005F085FCF9F78B
:106B9000CDFE00B103E0654800682828F4DC00BFA2
:106BA00061480068401C604908605F480068B0F5B3
:106BB000FA7FE8DB1E20FDF734F8BDE8F08110B560
:106BC000FCF713F84FF4FA6005F066FC96205A497A
:106BD00008604FF401705949086040F24D30604937
:106BE00008601FEDB81A5FEDB80A3C209FED5D0A02
:106BF000FDF709F900204C49086011E006E001208A
:106C000005F04AFCF9F792FE00B103E0474800683E
:106C10006428F4DB00BF44480068401C4249086017
:106C200041480068B0F5FA7FE8DB00203E49086083
:106C300013E006E0012005F02FFCF9F777FE00B124
:106C400005E00821484802F027FA0028F2D000BFEA
:106C500035480068401C3449086033480068B0F586
:106C6000FA7FE6DB1FEDD91A5FEDD90A3C209FEDD4
:106C70003D0AFDF7C8F800202B49086011E006E046
:106C8000012005F009FCF9F751FE00B103E02748A7
:106C90000068C828F4DC00BF23480068401C224973
:106CA000086021480068B0F5FA7FE8DB1FEDEB1AB9
:106CB0005FEDEB0A3C209FED2B0AFDF7A4F80020C6
:106CC0001949086013E006E0012005F0E5FBF9F73B
:106CD0002DFE00B105E00821234802F0DDF901286E
:106CE000F2D000BF10480068401C0F4908600E48F1
:106CF0000068B0F5FA7FE6DB9FED1C1ADFED1C0A99
:106D000028209FED180AFDF77EF80020064908604C
:106D10003AE02FE0012005F0BFFBF9F707FE00B1D4
:106D20002CE027E0CDCC4C3EF802002004000020EF
:106D30003EFEFFFFF8F8FFFF4C0300203C0300205D
:106D40002C020020000061C4A0000020333333BFB8
:106D500074F5FFFF00C028C50000E1449C0000203E
:106D60004803002000006144000C0240CDCCCC3D23
:106D700000000000FE4800686428CBDB00BFFD482F
:106D80000068401CFB490860FA480068B0F5FA7FCB
:106D9000BFDB1FED0A1A5FED0A0A1E201FED0F0A66
:106DA000FDF731F80020F349086011E006E001200A
:106DB00005F072FBF9F7BAFD00B103E0EE48006898
:106DC0000728F4DC00BFEB480068401CE949086074
:106DD000E848006840F226218842E7DB1FED1D1AD3
:106DE0005FED1D0A0F201FED210AFDF70CF80020B2
:106DF000E049086014E006E0012005F04DFBF9F7DA
:106E000095FD00B106E04FF48061DC4802F044F9E2
:106E10000128F1D000BFD7480068401CD549086060
:106E2000D448006840F226218842E4DB3220FCF797
:106E3000F8FE10BD10B5D248007800280ED0D14819
:106E4000007803280BD1962340F2D52240F24E2140
:106E500040F23520FFF71EFCFAF7B1FF8AE0C9487F
:106E6000007806280BD1A62340F2BB3240F20A215B
:106E700040F2CF10FFF70EFCFAF7A1FF7AE0C1480D
:106E8000007809280BD1962340F2D5224FF4C9711E
:106E900040F24510FFF7FEFBFAF791FF6AE0B948B0
:106EA00000780C2809D1A12340F22922F521AF2036
:106EB000FFF7F0FBFAF783FF5CE0B24800780128A7
:106EC0000BD1962340F2D52240F285114FF4DB70AE
:106ED000FFF7C4F9FAF773FF4CE0AA4800780428DA
:106EE0000BD1A12340F2292240F2D1114FF40170BD
:106EF000FFF777FAFAF763FF3CE0A248007807282B
:106F00000BD1962340F2D5224FF40C7140F2592058
:106F1000FFF767FAFAF753FF2CE09A4800780A283F
:106F20000BD1A12340F2292240F2762140F2932096
:106F3000FFF757FAFAF743FF1CE09248007802285F
:106F40000AD1A12340F22922E6214FF49570FFF7E0
:106F500085F9FAF734FF0DE08A4800780B2809D14B
:106F6000962340F2D522CC214FF49170FFF79DFC7F
:106F7000FAF725FF10BD70B52DED028B0446A4F184
:106F80006400002801DB014600E0414208EE101ACF
:106F9000F8EEC80A9FED7C0A9FED7C1A11EE200ADC
:106FA000BDEEC00A10EE105A642C03D10020FCF78D
:106FB00038FE3DE0642C1CDDFBF7EEF91FED951A61
:106FC0005FED950A19201FEDA10AFCF71CFF06E0F2
:106FD000052005F061FAF9F7A9FC00B108E0F9F71E
:106FE000AEFC061E01DB304600E07042A842EFDB3B
:106FF0001EE0642C1CDAFBF7CFF91FEDA41A5FED3D
:10700000A40A19201FEDA90AFCF7FDFE06E00520E1
:1070100005F042FAF9F78AFC00B108E0F9F78FFCB5
:10702000061E01DB304600E07042A842EFDB00BFE5
:10703000BDEC028B70BD704730B500201BE0002115
:1070400016E0002211E0AFF2110300EB801404EB14
:1070500044044F4D05EBC40401EB810505EBC1056C
:1070600004EB850444F82230521C0D2AEBDB491C4A
:107070001E29E6DB401C1E28E1DB30BD30B50020B8
:107080001BE0002116E0002211E0AFF2550300EBF7
:10709000801404EB44043F4D05EBC40401EB81056F
:1070A00005EBC10504EB850444F82230521C0D2A7F
:1070B000EBDB491C1E29E6DB401C1E28E1DB30BD52
:1070C00030B5024634480068884201DC002030BDFB
:1070D000324800880844642490FBF4F504FB150052
:1070E00083B203EB83002E4C2044046814600079C3
:1070F00010710120EBE70CB501216846FFF7E0FFB6
:1071000008B900200CBD9DF8020030B99DF80300BD
:10711000012802D123490860F4E79DF8020038B93C
:107120009DF80300022803D101201F490860E9E708
:107130009DF8020038B99DF80300032803D101200F
:107140001A490860DEE70020DCE71CB56846FAF75C
:10715000FFFD68B3FFF7CFFF6846FAF70BFEAFF20B
:1071600029149DF802001E2829DA9DF8030020E06A
:1071700004000020F80200209C00002000100240C3
:107180007D0100207C01002000804F43E17A944083
:107190008808002058BF0020740100207A010020D8
:1071A00093060020980100209C010020A0010020EF
:1071B0003CE01E2803DA9DF804000D2801DBA047FF
:1071C0001CBD9DF80100022802D003282CD115E037
:1071D0009DF8020000EB801000EB4000FE4901EB3F
:1071E000C0009DF8031001EB810202EBC10100EB2E
:1071F00081009DF8041050F8214015E09DF8020030
:1072000000EB801000EB4000F44901EBC0009DF85A
:10721000031001EB810202EBC10100EB81009DF83C
:10722000041050F8214000BF00BFA0470020EC49E7
:10723000087000BFC4E710B50F210420FAF7E7FF7C
:1072400014210420FAF7E3FF0320E6490860012037
:1072500005F022F910BDFEB50546FA20E2490860A6
:107260004FF4BE70E14908604FF45170E049086086
:1072700000241AE013E01E206FF0C70102222B4603
:10728000CDE900210290D21F00213220FDF766FDDA
:10729000012005F001F9F9F749FB00B103E0D548F9
:1072A00000681E28E7DB00BF641C40F226208442F1
:1072B000E0DB002419E012E01E206FF03101012212
:1072C0002B46CDE900210290921F0021FDF746FDDB
:1072D000012005F0E1F8F9F729FB00B103E0C5480A
:1072E00000681028E8DC00BF641C40F226208442BD
:1072F000E1DBFBF751F89FEDC01AF9EE040A192003
:107300009FEDBE0AFCF77FFD06E0052005F0C4F8FE
:10731000F9F70CFB00B10AE0F9F711FB061E01DBDF
:10732000304600E0704240F6B8318842EDDB00BFE5
:107330009FEDB11AF9EE040A14209FEDB00AFCF794
:1073400062FD002415E006E0052005F0A5F8F9F738
:10735000EDFA00B10BE04FF40041A94801F09CFEAA
:10736000012804D1A7480068B0F59E7FECDA00BF81
:10737000641CC82CE7DB01224021A34801F0AAFECF
:107380000122D103A14801F0A5FE1420FCF749FC1D
:10739000FA209549086040F2431094490860FEBD08
:1073A0003EB5054601221146974801F093FE4FF481
:1073B0007A6005F071F800224FF40041934801F023
:1073C00089FE40F6B83005F067F8FA208649086073
:1073D00040F24D10854908604FF4FA6005F05CF802
:1073E00000220121884801F075FE4FF4FA6005F093
:1073F00053F8FA207C4908604FF4BE707B4908605E
:10740000002422E01BE082480068B92804DA002248
:1074100040217D4801F05EFE1E207E4902229B2312
:10742000CDE900210290D21F00213220FDF7E8FCB7
:10743000012005F031F8F9F779FA00B103E074485A
:107440000068A028DFDC00BF641C40F226208442D4
:10745000D8DBC820704981F82700012081F8260078
:10746000FA20614908604FF4F57060490860002413
:1074700025E01EE04FF40041614801F00DFE0128B7
:1074800003D10020644981F8270005206FF06301D3
:1074900002229B23CDE900210290D21F002123204C
:1074A000FDF7AEFC012004F0F7FFF9F73FFA00B159
:1074B00003E0544800688228DCDC00BF641C642CB4
:1074C000D7DB0020544981F82700002420E013E096
:1074D00005206FF0630102229B23CDE90021029079
:1074E000521F00211420FDF78BFC012004F0D4FF73
:1074F000F9F71CFA00B109E04FF40051404801F0DF
:10750000CBFD18B93F4800686428E1DC00BF641C6B
:10751000282CDCDB1420FCF784FB3EBD10B5FBF708
:1075200064FB4FF4FA6004F0B7FF96202E49086020
:107530004FF401702D49086040F24D302C4908602D
:107540009FED361ADFED2D0A46209FED350AFCF738
:107550005AFC00203349086011E006E0012004F0E5
:107560009BFFF9F7E3F900B103E02F4800686428B6
:10757000F4DB00BF2B480068401C2A4908602948FA
:107580000068B0F5FA7FE8DB00202649086014E0C7
:1075900006E0012004F080FFF9F7C8F900B106E029
:1075A0004FF48051164801F077FD0028F1D000BF5C
:1075B0001C480068401C1B4908601A480068B0F568
:1075C000FA7FE5DB9FED151ADFED0C0A46209FEDF3
:1075D000140AFCF718FC29E08808002058BF002096
:1075E0007D010020740100204C0300203C0300209A
:1075F00048030020A0000020CDCC4C3E000000003D
:10760000001002409800002000040240000C0240DC
:107610009C000020A2FEFFFF08000020CDCCCC3D46
:10762000000061C4F8020020040000200020F94995
:10763000086011E006E0012004F02EFFF9F776F96A
:1076400000B103E0F4480068C828F4DC00BFF1484A
:107650000068401CEF490860EE480068B0F5FA7F0A
:10766000E8DB1FED121A5FED1B0A3C201FED140A28
:10767000FCF7C9FB0020E749086014E006E00120A0
:1076800004F00AFFF9F752F900B106E04FF4805117
:10769000E24801F001FD0128F1D000BFDD4800689B
:1076A000401CDC490860DB480068B0F5FA7FE5DB88
:1076B0001FED261A5FED2F0A28201FED270AFCF781
:1076C000A2FB0020D349086011E006E0012004F08D
:1076D000E3FEF9F72BF900B103E0CF480068642816
:1076E000F4DB00BFCB480068401CCA490860C948A9
:1076F0000068B0F5FA7FE8DB1FED381A5FED410A4C
:107700001E201FED390AFCF77EFB0020C1490860EE
:1077100011E006E0012004F0BFFEF9F707F900B11F
:1077200003E0BF4800680828F4DC00BFB9480068DF
:10773000401CB8490860B748006840F226218842DA
:10774000E7DB1FED4A1A5FED530A14201FED4C0AC8
:10775000FCF759FB0020AF49086014E006E0012067
:1077600004F09AFEF9F7E2F800B106E04FF48071F8
:10777000AA4801F091FC0128F1D000BFA54800689B
:10778000401CA4490860A348006840F226218842B2
:10779000E4DB0020FCF745FA10BDFEB505460E46B9
:1077A0001446FFF7BBFE4FF4FA6004F075FE9FED40
:1077B0009D1A5FED6E0A32209FED9B0AFCF723FBBA
:1077C00000209449086012E006E0012004F064FE05
:1077D000F9F7ACF800B104E08F480068B0F5CB7F52
:1077E000F3DA00BF8B480068401C8A49086089486A
:1077F0000068FA28E8DB00208649086024E019E0E8
:1078000096208A49086040F22530894908600520A1
:1078100002212B460022CDE9001402904FF4E161D1
:107820004620FDF79BFA022004F036FEF9F77EF8B9
:1078300000B103E078480068AA28E1DC00BF754881
:107840000068401C7349086072480068FA28D6DB5B
:1078500000207049086024E019E096207349086010
:1078600040F22530724908601E2002212B4600227A
:10787000CDE9001402904FF4E1613C20FDF76EFA6F
:10788000022004F009FEF9F751F800B103E0624864
:1078900000684628E1DC00BF5E480068401C5D4986
:1078A00008605C480068B0F5FA7FD5DB00205949D4
:1078B000086024E019E0C8205E4908604FF4FF70BA
:1078C0005D490860142002212B460022CDE90014F6
:1078D00002904FF4E1611920FDF740FA012004F015
:1078E000DBFDF9F723F800B103E04B4800683128CD
:1078F000E1DC00BF47480068401C46490860454835
:107900000068B0F5FA7FD5DB00204249086011E03D
:1079100006E0022004F0C0FDF9F708F800B103E02A
:107920003D4800681428F4DC00BF3A480068401C59
:107930003849086037480068B0F5FA7FE8DB28204E
:10794000FCF76FF996203949086040F2F120384978
:107950000860FEBD10B50F214FF4E160FCF749FA55
:1079600000202C49086013E006E0012004F094FD9B
:10797000F8F7DCFF00B105E08021284801F08CFB1E
:107980000128F2D000BF23480068401C214908604C
:1079900020480068B0F5FA7FE6DB0F212748FCF7A6
:1079A00028FA00201B49086011E006E0012004F0DD
:1079B00073FDF8F7BBFF00B103E0214800684B28D6
:1079C000F4DC00BF13480068401C124908601148ED
:1079D0000068B0F5FA7FE8DB0F210020FCF709FA18
:1079E00000219FED180A1548FCF7A1F910BDFEB55E
:1079F00004460D4616461F469FED131ADFED130A87
:107A000014201FEDF90AFCF7FEF900200149086077
:107A100030E00000F80200200400002000100240C6
:107A2000A0000020CDCCCCBD0000E1444C030020E0
:107A30003C03002054030020480300207CFCFFFF8F
:107A40009C000020666666BFCDCC4C3E0000000066
:107A500006E0012004F020FDF8F768FF00B103E024
:107A6000FB4800681428F4DC00BFFA480068401C9A
:107A7000F8490860F7480068B0F5FA7FE8DB0020B5
:107A8000FCF7CFF81FED101A5FED100A14201FED60
:107A90001A0AFCF7B8F90020EE49086018E00DE07A
:107AA000FA20ED4908604FF47070EC49086001203D
:107AB00004F0F2FCF8F73AFF00B103E0E448006894
:107AC0009628EDDB00BFE3480068401CE1490860F0
:107AD000E0480068B0F5FA7FE1DBFAF75DFC1FEDE6
:107AE000261A5FED260A14209FEDDD0AFCF78BF9BC
:107AF0000020D849086013E006E0012004F0CCFC27
:107B0000F8F714FF00B105E0F8F719FF40F63C71F3
:107B10008842F2DC00BFCF480068401CCD490860B5
:107B2000CC480068B0F5FA7FE6DB0020FCF779F876
:107B30001FED3B1A5FED3B0A14209FEDCA0AFCF7CC
:107B400062F90020C349086013E006E0012004F058
:107B5000A3FCF8F7EBFE00B105E0BD48006840F279
:107B600062218842F2DC00BFBA480068401CB94973
:107B70000860B8480068B0F5FA7FE6DB0020B54938
:107B800008601EE013E014206FF031010222282368
:107B9000CDE9002102900022B3491E20FDF7B3F980
:107BA000012004F079FCF8F7C1FE00B103E0A84819
:107BB0000068A842E7DC00BFA6480068401CA54951
:107BC0000860A4480068B0F5FA7FDBDB0020A1491B
:107BD00008601EE013E014206FF031010222282318
:107BE000CDE90021029000229F490F20FDF78BF97B
:107BF000012004F051FCF8F799FE00B103E094482D
:107C00000068A042E7DC00BF92480068401C914930
:107C1000086090480068FA28DCDB00208D49086085
:107C200015E00AE007210020FCF7E3F8012004F04A
:107C300033FCF8F77BFE00B103E08C4800682A288B
:107C4000F0DC00BF83480068401C8249086081481E
:107C50000068B0F5FA7FE4DB39463046FDF736FAC6
:107C60004FF4FA6004F018FC0020FBF7DAFFFEBDC9
:107C7000FEB504460D4616461F461FED8D1A5FEDF4
:107C80008D0A28209FED770AFCF7BDF80020714986
:107C9000086011E006E0012004F0FEFBF8F746FE64
:107CA00000B103E06A4800685528F4DC00BF694869
:107CB0000068401C6749086066480068B0F5FA7FB4
:107CC000E8DB0020FBF7ADFF1E216FF09500FCF70D
:107CD00090F800219FED660A6348FCF728F806E05B
:107CE000012004F0D9FBF8F721FE00B104E061485F
:107CF000006810F5487FF3DC00BFFBF7BBFF9FED8A
:107D00005E1ADFED580A28201FEDB00AFCF77BF859
:107D100000205049086011E006E0012004F0BCFB9F
:107D2000F8F704FE00B103E0544800686E28F4DC64
:107D300000BF48480068401C464908604548006844
:107D4000B0F5FA7FE8DB1E214FF4AF70FCF751F875
:107D500000219FED4B0A4B48FBF7E9FF06E00120AD
:107D600004F09AFBF8F7E2FD00B105E04148006835
:107D7000444932318842F2DC00BFFBF77BFF1FED44
:107D8000CE1ADFED410A14209FED360AFCF73BF8CE
:107D900000203049086012E006E0012004F07CFB7E
:107DA000F8F7C4FD00B104E029480068B0F5A37FEE
:107DB000F3DD00BF27480068401C264908602548BD
:107DC0000068B0F5FA7FE7DB0020224908601DE07B
:107DD00012E01420782102222823CDE9002102900C
:107DE000284A51101E20FDF78EF8012004F054FBA4
:107DF000F8F79CFD00B103E015480068A842E8DBF5
:107E000000BF14480068401C12490860114800680F
:107E1000B0F5FA7FDCDB00200E49086040E035E079
:107E20001420502102222823CDE900210290154A76
:107E300051100F20FDF767F839463046FDF746F937
:107E4000012004F029FBF8F771FD00B122E01DE0EC
:107E50009C000020F80200204C0300203C0300207E
:107E60000040CEC4000061C47CFCFFFF0400002081
:107E7000333333BF2C020020CDCCCC3DA0000020FA
:107E80009A9919BFF8F8FFFF0000E1C4FE480068A6
:107E9000A042C5DB00BFFD480068401CFB490860EC
:107EA000FA480068B0F5FA7FB9DB0020F7490860AE
:107EB00015E00AE007210020FBF79BFF012004F0FA
:107EC000EBFAF8F733FD00B103E0F1480068282829
:107ED000F0DC00BFED480068401CEC490860EB484E
:107EE0000068B0F5FA7FE4DB0020FBF79AFEFEBDE8
:107EF0002DE9F04104460D4616461F469FEDE51A52
:107F0000DFEDE50A1E201FED290AFBF77CFF0020AC
:107F1000DE49086011E006E0012004F0BDFAF8F740
:107F200005FD00B103E0D84800685528F4DC00BF27
:107F3000D6480068401CD5490860D4480068B0F5B0
:107F4000FA7FE8DB0020FBF76CFE14216FF0950050
:107F5000FBF74FFF00211FED3A0AD048FBF7E7FE81
:107F60000AE039463046FDF7B1F8012004F094FAF2
:107F7000F8F7DCFC00B105E0C9480068C7493231B8
:107F80008842EEDC00BFFBF775FE9FEDC21A5FED85
:107F90004B0A19209FEDC00AFBF735FF0020BB49B3
:107FA000086011E006E0012004F076FAF8F7BEFC64
:107FB00000B103E0BB480068A842F4DC00BFB3484E
:107FC0000068401CB1490860B0480068B0F5FA7F0D
:107FD000E8DB9FEDB01A5FED5D0A07209FEDB20A66
:107FE000FBF711FF0020A949086011E006E001201D
:107FF00004F052FAF8F79AFC00B103E0A9480068CF
:10800000A042F4DC00BFA1480068401C9F49086002
:108010009E480068B0F5FA7FE8DB0020FBF701FE20
:1080200007210020FBF7E5FE00209849086011E0D9
:1080300006E0032004F030FAF8F778FC00B103E022
:10804000934800682628F4DC00BF90480068401C74
:108050008E4908608D480068B0F5FA7FE8DB1E2085
:10806000FBF7DFFDBDE8F0813EB504460D469FED10
:10807000891ADFED890A14201FED860AFBF7C3FE7B
:1080800000208249086011E006E0012004F004FAB3
:10809000F8F74CFC00B103E07B4800681428F4DCDE
:1080A00000BF7A480068401C78490860774800683B
:1080B000B0F5FA7FE8DB0020FBF7B3FD9FED751A02
:1080C000DFED750A14209FED790AFBF79CFE002076
:1080D0006E49086018E00DE0FA20754908604FF419
:1080E000707074490860012004F0D6F9F8F71EFC9E
:1080F00000B103E0644800689628EDDB00BF6348E8
:108100000068401C6149086060480068B0F5FA7F6B
:10811000E1DBFAF741F99FED5F1ADFED5F0A14200A
:108120001FEDB10AFBF76FFE00205849086013E00D
:1081300006E0012004F0B0F9F8F7F8FB00B105E023
:10814000F8F7FDFB40F63C718842F2DC00BF4F4877
:108150000068401C4D4908604C480068B0F5FA7F43
:10816000E6DB0020FBF75DFD9FED4A1ADFED4A0AD2
:1081700014201FEDC40AFBF746FE002043490860A7
:1081800013E006E0012004F087F9F8F7CFFB00B117
:1081900005E03D48006840F262218842F2DC00BF01
:1081A0003A480068401C3949086038480068B0F512
:1081B000FA7FE6DB0020354908601EE013E014205A
:1081C0006FF04F0101222823CDE900210290002207
:1081D00032491846FCF797FE012004F05DF9F8F7E4
:1081E000A5FB00B103E028480068B428E7DC00BF25
:1081F00026480068401C2549086024480068B0F5FE
:10820000FA7FDBDB0020214908601EE013E0142028
:108210006FF04F0101222823CDE9002102900022B6
:108220001E490A20FCF76FFE012004F035F9F8F72B
:108230007DFB00B103E0144800688C28E7DC00BF38
:1082400012480068401C1149086010480068B0F5E9
:10825000FA7FDBDB06E0012004F01EF9F8F766FB8D
:1082600000B106E04FF48051134800F015FF0028DC
:10827000F1D000BF0F211148FBF7BBFD00219FED9E
:10828000100A40F252301DE09C000020F80200204D
:1082900004000020CDCC4C3E000000007CFCFFFF21
:1082A0002C020020A0000020000016C30000E144C2
:1082B0004C0300203C030020001002402AFEFFFF78
:1082C0003333333FFBF733FD06E0012004F0E4F8DD
:1082D000F8F72CFB00B105E0FB48006840F2523192
:1082E0008842F2DB00BFFBF7C5FC9FEDF81ADFED1B
:1082F000F80A14201FED180AFBF785FD0020F54948
:10830000086016E00AE029462046FCF7DFFE01205F
:1083100004F0C2F8F8F70AFB00B104E0EE48006888
:10832000B0F58E7FEFDD00BFEA480068401CE949E8
:108330000860E8480068B0F5FA7FE3DB0020E54913
:10834000086015E00AE007210020FBF752FD01203C
:1083500004F0A2F8F8F7EAFA00B103E0DF48006899
:108360002828F0DC00BFDB480068401CD9490860C1
:10837000D8480068B0F5FA7FE4DB0020FBF751FC39
:108380003EBD10B5FAF731FC4FF4FA6004F084F802
:108390009620D34908604FF40170D249086040F23A
:1083A0004D30D14908609FEDC91A5FED450A46205E
:1083B0009FEDCE0AFBF727FD0020C649086011E0BB
:1083C00006E0012004F068F8F8F7B0FA00B103E025
:1083D000C24800686428F4DB00BFBE480068401C47
:1083E000BC490860BB480068B0F5FA7FE8DB0020B4
:1083F000B849086014E006E0012004F04DF8F8F7F1
:1084000095FA00B106E04FF48051B94800F044FEFF
:108410000028F1D000BFAF480068401CAD4908609B
:10842000AC480068B0F5FA7FE5DB9FEDA81A5FED78
:10843000660A46209FEDAD0AFBF7E5FC0020A54942
:10844000086011E006E0012004F026F8F8F76EFA63
:1084500000B103E0A1480068C828F4DC00BF9D48D3
:108460000068401C9B4908609A480068B0F5FA7F94
:10847000E8DB9FED961A5FED780A3C209FED9B0AA2
:10848000FBF7C1FC00209349086014E006E00120DE
:1084900004F002F8F8F74AFA00B106E04FF4805110
:1084A000934800F0F9FD0128F1D000BF8948006829
:1084B000401C8849086087480068B0F5FA7FE5DB12
:1084C0009FED821A5FED8C0A28209FED880AFBF74A
:1084D0009AFC00207F49086011E006E0012003F0CB
:1084E000DBFFF8F723FA00B103E07C48006864285A
:1084F000F4DB00BF77480068401C76490860754887
:108500000068B0F5FA7FE8DB9FED701A5FED9E0A18
:108510001E209FED760AFBF776FC00206D4908606F
:1085200011E006E0012003F0B7FFF8F7FFF900B112
:1085300003E0694800680828F4DC00BF654800686B
:10854000401C644908606348006840F22621884264
:10855000E7DB9FED5E1A5FEDB00A14209FED630A22
:10856000FBF751FC00205B49086014E006E00120A5
:1085700003F092FFF8F7DAF900B106E04FF48071EA
:108580005B4800F089FD0128F1D000BF5148006828
:10859000401C504908604F48006840F2262188423C
:1085A000E4DB0020FBF73DFB10BD10B5514800781F
:1085B00000280DD05048007803280AD1962340F2B5
:1085C000D522990040F24A20FFF711FAF9F7F7FB9C
:1085D0009FE04948007806280BD1A62340F2BB3221
:1085E0004FF406714FF4E870FFF701FAF9F7E7FB73
:1085F0008FE04148007809280BD1962340F2D5221C
:108600004FF4CB7140F24310FFF7F1F9F9F7D7FBC4
:108610007FE0394800780C2809D1A12340F22922B3
:10862000ED21AC20FFF7E3F9F9F7C9FB71E032481F
:108630000078012809D1962340F2D522A321952064
:10864000FFF756FCF9F7BBFB63E02B4800780428E2
:108650000BD1A12340F2292240F2CF114FF4027036
:10866000FFF706FBF9F7ABFB53E023480078072838
:108670000BD1962340F2D52240F23F214FF41B70DC
:10868000FFF7F6FAF9F79BFB43E01B4800780A284E
:108690000BD1A12340F2292240F292214FF42C70F9
:1086A000FFF7E6FAF9F78BFB33E01348007802286E
:1086B00024D1A12340F2292240F23311481FFFF7B1
:1086C00017FCF9F77CFB24E02C020020CDCCCC3D3C
:1086D00000006144F8020020A000002004000020F7
:1086E0004C0300203C03002048030020000061C42C
:1086F000001002407D0100207C010020FE4800782F
:108700000B2806D1962140F2D520FFF7ADFCF9F7F2
:1087100056FB10BD10B5044600BF8021F74802F09B
:1087200074FC0028F9D02146F44802F0BEFB10BDCD
:1087300038B505462A46F2A1684604F031FF6C467A
:1087400003E02078FFF7E6FF641C20780028F8D1CA
:1087500038BD09E01120FAF72BF90121EA4802F0AF
:1087600079FB0F2003F098FEF4E70EE0FBF7E1FE43
:10877000E648006808B9FBF7FFFFE548006808B95C
:10878000FCF752F8032003F087FEEFE708E0FCF760
:10879000E4FFFDF731F8FDF7ABF8032003F07CFEB2
:1087A000F5E706E0FAF718F9FBF72AFE032003F0D5
:1087B00073FEF7E71FB5F8F70FFAF8F74CFAF8F77A
:1087C000ADFCF8F780FDF8F772FEF8F7F7FDF8F763
:1087D00072FFF8F7BBFA4FF4E130F9F731F84FF4D4
:1087E000E130F9F7BAF84FF4E130F9F75EF94FF4F8
:1087F000E130F9F7ECF94FF46120F9F769FB4FF438
:10880000E130F9F7FEFBFAF7F0F90020C149086002
:10881000F9F7C8FD002000900190029003464FF444
:108820008072BDA10390C14803F0F7FB00200090C7
:108830000190029003464FF48072BDA10390C1489D
:1088400003F0EBFB002000900190029003464FF4F0
:108850008072BDA10390C14803F0DFFB40F2DF50FE
:1088600003F01AFEBE480068BE490860BE480068B2
:10887000BE4908608FE13BE12D211E20FCF7F9FC89
:10888000BB48407800F0020010BBB9488079F8B9C5
:10889000B748407800F01000D0B14FF40041B5481F
:1088A00000F0FAFBA0B9B248407800F0010038B1FE
:1088B0009620B14981F82700012081F8260033E095
:1088C0002820AD4981F82700012081F826002BE0FF
:1088D000A748407800F0020010BBA5488079F8B99D
:1088E000A348407800F00800D0B14FF48041A1487F
:1088F00000F0D2FBA0B99E48407800F0010038B1EA
:1089000096209D4981F82700002081F826000BE081
:108910002820994981F82700002081F8260003E0EB
:108920000020954981F82700FCF7BCF9FCF746F9CF
:108930008F48407800F0400078B18D48407800F0D2
:10894000010050B98A48807938B9FA208A4981F8FB
:108950002F00002081F82E0005E00020864981F8D4
:108960002F0081F82E00FBF7FAFFFCF72CF8FCF73C
:108970005FF8FCF791F8FCF73DFB7D48007800F0CC
:10898000400048B17A48407800F0020020B1A121AF
:1089900040F22920FCF79AFB7548007800F00800A7
:1089A00048B17348407800F0020020B1962140F2AF
:1089B000D520FCF78BFB6E48007800F0200048B112
:1089C0006B48407800F0020020B1A62140F2BB3095
:1089D000FCF77CFB6648407800F0080070B1644802
:1089E000407800F0020048B96148C07930B1FA20FF
:1089F0006249086040F211305C4908605C48407888
:108A000000F0080048B15A48807930B15848C07920
:108A100018B95B480078FEF7AEFA5548007800F0C8
:108A2000020008B1FCF75DFB0221564800F034FB60
:108A3000012843D14E48407800F0800040B13548CD
:108A4000006828B92620FCF7A2FF01203149086000
:108A50004748407800F0800030B12E480068012877
:108A600002D12620FDF738F8FEF7E6FA40484078B4
:108A700000F0100038B13E48807920B13C48C07900
:108A800008B9FEF762FB3A48407800F0080038B1B8
:108A90003748807920B13648C07908B9F9F78BF9A1
:108AA0003348407800F0200010B331488079F8B1A5
:108AB0002F48C079E0B9FEF7BEFB19E02C4840789A
:108AC00000F0800040B11348006828B92720FEF765
:108AD000C2FB01200F4908602548407800F0800063
:108AE00030B10C480068012802D12720FEF758FC5D
:108AF0001F48007848E000007C0100200010014081
:108B0000253032582000000000480040900300202B
:108B10008C030020CC0000207461736B526F626F75
:108B200074416E616C79746963730000A3870008F7
:108B30007461736B446965754B6869656E436F4317
:108B4000617500008D8700087461736B44696575F9
:108B50004B6869656E436F43617531006B87000830
:108B6000AC00002048030020B40000203C0300209B
:108B70008406002000100240080000204C03002062
:108B80008C0100200004024000F0010000287FF466
:108B900073AEFBF746F86EE61FB50020009001901B
:108BA000029003464FF480720AA103900C4803F030
:108BB00034FA002000900190029003464FF4807236
:108BC00008A103900A4803F028FA03F03FFE0020B2
:108BD00004B010BD7461736B4D61696E00000000DC
:108BE000B58700087461736B4779726F00000000ED
:108BF000538700080CB5002001900090724800686F
:108C000040F480307049086000BF6F48006800F48D
:108C1000003000900198401C0190009818B901980C
:108C2000B0F5A06FF1D16848006800F4003010B1D1
:108C30000120009001E0002000900098012846D11A
:108C400061484030006840F080505F494031086022
:108C50005E48006840F480405C4908605A4808302B
:108C600000685949083108600846006840F400402F
:108C700008600846006840F4A05008605448091F86
:108C80000860081F006840F08070091F086000BF7E
:108C90004D48006800F000700028F9D040F20560EF
:108CA0004C49086048480830006820F003004649F5
:108CB000083108600846006840F00200086000BF04
:108CC00041480830006800F00C000828F8D10CBDBD
:108CD00010B53D48006840F001003B4908600020A5
:108CE000394908310860384800683B49084036492E
:108CF00008603A48091D0860081F006820F48020B9
:108D0000091F0860002030490C310860FFF772FF2E
:108D10004FF000603249086010BD70B5002000229D
:108D2000022300240221284D08352D6805F00C008F
:108D300020B1042806D0082834D107E0294D2A4E56
:108D4000356033E0294D284E35602FE01E4D2D1D36
:108D50002D68C5F380541C4D2D1D2D6805F03F0175
:108D600054B1224DB5FBF1F5174E361D3668C6F3EA
:108D7000881605FB06F209E01A4DB5FBF1F5124E17
:108D8000361D3668C6F3881605FB06F20E4D2D1DFE
:108D90002D68C5F301456D1C6B00B2FBF3F5124E57
:108DA000356003E00F4D104E356000BF00BF064D2B
:108DB00008352D68C5F303150D4E705D0A4D2D68FD
:108DC000C540094E356070BD00380240007000405B
:108DD00008544007003C0240FFFFF6FE103000241C
:108DE00008ED00E00024F400DC03002000127A000B
:108DF000E00300200648804706480047FEE7FEE7FC
:108E0000FEE7FEE7FEE7FEE7FEE7FEE7FEE7FEE73A
:108E1000D18C00088901000832490143324A1160AF
:108E2000704770B5002100230F22C4781CB32E4C6C
:108E3000246804F4E064C4F5E064C4F30721C1F1DC
:108E40000404E3B20A4144789C40E1B284781440BF
:108E500021430C07210E254C05786155047804F058
:108E60001F050124AC4005786D11AD0005F1E0252A
:108E7000C5F8004109E0047804F01F050124AC4066
:108E80001B4D0678761145F8264070BD194A0A40F8
:108E90000243154B1B1F1A60704739B1124A121D4D
:108EA00012680243104B1B1D1A6006E00E4A121D89
:108EB000126882430C4B1B1D1A607047042808D1AE
:108EC0004FF0E021096941F004014FF0E022116107
:108ED00007E04FF0E021096921F004014FF0E022A2
:108EE000116170470000FA050CED00E000E400E0BD
:108EF00080E100E080FFFF1F10B504468C488442EB
:108F000008D10121084600F000FB0021012000F0FB
:108F1000FCFA5EE08748844208D10121022000F07B
:108F2000F4FA0021022000F0F0FA52E08248844274
:108F300008D10121042000F0E8FA0021042000F00B
:108F4000E4FA46E07D48844208D10121082000F07F
:108F5000DCFA0021082000F0D8FA3AE07848844290
:108F600008D10121102000F0D0FA0021102000F0DB
:108F7000CCFA2EE07348844208D10121202000F071
:108F8000C4FA0021202000F0C0FA22E06E4884429A
:108F900008D10121402000F0B8FA0021402000F063
:108FA000B4FA16E06948844208D10121802000F01B
:108FB000ACFA0021802000F0A8FA0AE0644884425C
:108FC00007D10121801500F0A0FA0021A01500F0C2
:108FD0009CFA10BDF0B50A4600210023002400BF12
:108FE0003DE0012505FA01F3156805EA03049C42FA
:108FF00034D105684F000326BE40B543056015799E
:109000004E00B5400668354305601579012D02D044
:109010001579022D16D185684F000326BE40B54351
:10902000856055794E00B540866835438560456852
:1090300001268E40B5434560456896798E40B6B2AC
:1090400035434560C5684F000326BE40B543C56043
:10905000D5794E00B540C6683543C560491C102916
:10906000BFD3F0BD4FF6FF71016000210171417166
:109070008171C171704708B54FF480320092009A37
:109080000A430092009AC261C161009AC261C2693A
:109090000092C269009208BD0246002013690B408D
:1090A0000BB1012000E0002070470146086980B242
:1090B00070470246002053690B400BB1012000E0CD
:1090C000002070470146486980B2704701837047AD
:1090D000418370470AB1018300E0418370474161D9
:1090E000704742694A4042617047F0B5002300244E
:1090F0004D07ED0E02FA05F3CE1000F1200555F8EC
:1091000026504E07F70E0F26BE40B543CF1000F194
:10911000200646F82750CE1000F1200555F82650BD
:1091200045EA0304CE1000F1200545F82640F0BDC5
:10913000000002400004024000080240000C02400F
:10914000001002400014024000180240001C0240BF
:1091500000200240FA48006840F00100F849086029
:109160000020F74908310860F5480068F5490840D3
:10917000F3490860F448091D0860081F006820F4DE
:109180008020091F08600020ED490C3108607047FD
:109190000021EB4A921C117011460870704710B5FF
:1091A00001460022002300204A11012A02D1E44C8A
:1091B000236808E0022A03D1E14C7034236802E0FE
:1091C000DF4C7434236801F01F02012494401C40DA
:1091D0000CB1012000E0002010BD38B50020009047
:1091E0000024002500BF3120FFF7D9FF0546009875
:1091F000401C00900098B0F5A06F01D0002DF2D077
:109200003120FFF7CCFF08B1012400E00024204604
:1092100038BD01460020CA4A106820F0F80040EA34
:10922000C10010607047C949086070470021C44AF6
:10923000703211701170012802D004280AD104E0A4
:109240000121BF4A7032117005E00521BC4A70321D
:10925000117000E000BF00BF7047BD490860704753
:1092600070B5049C41EA82150126C6EB530645EA17
:109270000645054345EA0465B14E361D356070BDAF
:10928000B24908667047820142EA0172AC4B8433EE
:109290001A607047AD4988667047AC49C86470472A
:1092A00002460020A64B0833186820F0EC6042EA22
:1092B00001031843A24B0833186070470246002090
:1092C0009F4B0833186820F0784042EA01031843A6
:1092D0009B4B08331860704701460020984A0832BB
:1092E000106820F00300084310607047944808306D
:1092F000006800F00C00704701460020904A0832D8
:10930000106820F0F000084310607047014600200C
:109310008B4A0832106820F4E05008431060704710
:1093200001460020864A0832106820F4604040EA76
:10933000C10010607047F0B5002100220024022512
:10934000002602237E4F08373F6807F00C0121B149
:10935000042905D0082937D105E07E4F076036E0A3
:109360007D4F076033E0764F3F1D3F68C7F380565F
:10937000734F3F1D3F6807F03F036EB1764FB7FB59
:10938000F3F7DFF8BCC10CF1040CDCF800C0CCF33F
:10939000881C07FB0CF40CE06E4FB7FBF3F7DFF80B
:1093A000A0C10CF1040CDCF800C0CCF3881C07FB56
:1093B0000CF4634F3F1D3F68C7F301477F1C7D00DE
:1093C000B4FBF5F7076002E0624F076000BF00BF23
:1093D0005B4F08373F6807F0F00109095F4F7A5C7F
:1093E0000768D7404760564F08373F6807F4E05199
:1093F000890A5A4F7A5C4768D7408760504F0837D0
:109400003F6807F46041490B544F7A5C4768D74086
:10941000C760F0BD002100F44072B2F5407F0AD170
:10942000474A0832116821F4F8114D4A02401143AD
:10943000434A08321160424A70321268C0F30B038B
:109440001A433F4B70331A607047414944390860F2
:1094500070473F494039086070474249086070478B
:1094600039B1374A303212680243354B30331A6013
:1094700006E0334A303212688243314B30331A608F
:10948000704739B12E4A3432126802432C4B3433C0
:109490001A6006E02A4A343212688243284B343379
:1094A0001A60704739B1264A383212680243244B99
:1094B00038331A6006E0224A383212688243204B61
:1094C00038331A60704739B11D4A4032126802437E
:1094D0001B4B40331A6006E0194A4032126882433F
:1094E000174B40331A60704739B1154A443212683D
:1094F0000243134B44331A6006E0114A44321268A7
:1095000082430F4B44331A60704739B10C4A103212
:10951000126802430A4B10331A6006E0084A103200
:1095200012688243064B10331A607047E1B1044A57
:10953000143212680243024B14331A6019E000001F
:1095400000380240FFFFF6FE1030002400004742C2
:10955000800E47420024F40000127A00F00300203D
:10956000FFFCFF0F5C0147425B4A126882435A4B83
:109570001A60704739B1584A121D12680243564B9F
:109580001B1D1A6006E0544A121D12688243524B9A
:109590001B1D1A60704739B14F4A0C3212680243E2
:1095A0004D4B0C331A6006E04B4A0C321268824372
:1095B000494B0C331A60704739B1474A1032126870
:1095C0000243454B10331A6006E0434A10321268DA
:1095D0008243414B10331A60704739B13E4A3C32E6
:1095E000126802433C4B3C331A6006E03A4A3C3274
:1095F00012688243384B3C331A60704739B1364A9F
:10960000403212680243344B40331A6006E0324A5B
:10961000403212688243304B40331A60704739B190
:109620002D4A4432126802432B4B44331A6006E041
:10963000294A443212688243274B44331A607047E8
:1096400039B1254A4C3212680243234B4C331A601D
:1096500006E0214A4C32126882431F4B4C331A6099
:10966000704739B11C4A5032126802431A4B5033CA
:109670001A6006E0184A503212688243164B503383
:109680001A60704739B1144AD21F12780243124B44
:10969000DB1F1A7006E0104AD21F127882430E4B6D
:1096A000DB1F1A7070470C486030006840F0807013
:1096B000094960310860704701460020064A083AAF
:1096C00012680A400AB1012000E0002070470249F8
:1096D000891F0870704700001438024010B501213E
:1096E0000802FFF769FF00214FF48070FFF764FF65
:1096F00010BD30B50246002000235068F84C2040D1
:109700000D790C6844EA0524204350609068F54CBC
:109710002040D1E903542C438D682C434D7944EA11
:10972000450420439060D06A20F470000C7D641ED4
:10973000E4B2234340EA0350D06230BD002101600F
:10974000017141718160C160016101210175704742
:109750000021E54A1168E54A1140D0E900231A4387
:1097600083681A43C3681A431143E14AC2F80413D9
:1097700070470021016041608160C160704721B184
:10978000826842F00102826003E0826822F00102F6
:10979000826070470A4600214168D64B1940114348
:1097A000416070474162826270470A460021416809
:1097B00021F01F0111434160704738B1CA4909685F
:1097C00041F40001CA4AC2F8041306E0C649096818
:1097D00021F40001C64AC2F80413704738B1C249E7
:1097E000096841F48001C24AC2F8041306E0BE4988
:1097F000096821F48001BE4AC2F804137047F0B52D
:1098000004460D4600200021092D11DDE068A5F178
:109810000A0606EB4607072606FA07F18843A5F174
:109820000A0606EB460603FA06F10843E0600CE080
:10983000206905EB4507072606FA07F1884305EB83
:10984000450603FA06F108432061072A0FDA606B28
:10985000561E06EB86071F2606FA07F18843561E9A
:1098600006EB860605FA06F10843606322E00D2A3E
:109870000FDA206BD61F06EB86071F2606FA07F1C4
:109880008843D61F06EB860605FA06F108432063D7
:1098900010E0E06AA2F10D0606EB86071F2606FA25
:1098A00007F18843A2F10D0606EB860605FA06F1DC
:1098B0000843E062F0BD816841F0804181607047FB
:1098C000014600208A6802F480020AB1012000E00B
:1098D0000020704721B1826842F48062826003E018
:1098E000826822F480628260704721B1826842F00F
:1098F0000202826003E0826822F002028260704706
:1099000010B50A4600210023416821F46041531E2E
:1099100041EA4331416010BD21B1426842F4006226
:10992000426003E0426822F40062426070470146F0
:10993000C86C80B270476C48001D0068704721B148
:10994000826842F48072826003E0826822F480724E
:109950008260704721B1826842F40072826003E045
:10996000826822F400728260704738B15E490968EB
:1099700041F400515E4AC2F8041306E05A490968EE
:1099800021F400515A4AC2F804137047F0B5044656
:109990001546002000220026092911DDE068A1F10A
:1099A0000A0707EB470C072707FA0CF29043A1F1CF
:1099B0000A0707EB470703FA07F21043E0600CE0E1
:1099C000206901EB410C072707FA0CF2904301EBE9
:1099D000410703FA07F210432061A06BC0F3015660
:1099E000EF1C06F1010CA7EB0C0707EB870C1F27F8
:1099F00007FA0CF29043EF1C06F1010CA7EB0C07E1
:109A000007EB870701FA07F21043A063F0BD10B51A
:109A10000A4600210023816B21F44011531E41EAC4
:109A20000351816310BD08B5002300930090009B93
:109A30000B440093009B1A6008BD0A460021816810
:109A400021F470211143816070470A46002181682A
:109A500021F44011114381607047816841F4800115
:109A600081607047014600208A6802F480020AB1D2
:109A7000012000E00020704721B1426842F480627A
:109A8000426003E0426822F480624260704721B184
:109A9000426842F48052426003E0426822F48052FD
:109AA0004260704708B5024600200090009201F124
:109AB0002800009B184400900098006880B208BD00
:109AC00010B50B460021D9B2012404FA01F11AB1F4
:109AD00044680C43446002E044688C43446010BD19
:109AE000FFFEFFFCFDF7FFC004230140E030FCFF58
:109AF00000200140FFFD3FFF0246002013680B409D
:109B00000BB1012000E000207047CA43026070479B
:109B100070B502460020002300240B125568012670
:109B20008E4005EA060415681D4015B10CB10120F0
:109B300000E0002070BD00220A12D343036070478A
:109B4000016821F001010160002101604160816034
:109B5000C160016121214161DB49884204D13D217D
:109B6000D94A103A91608CE0D7491831884205D122
:109B70004FF47461D44A103A916082E0D249303196
:109B8000884205D14FF47411CF4A103A916078E0C1
:109B9000CD494831884205D14FF07461CA4A103A24
:109BA00091606EE0C8496031884204D1C749C64A15
:109BB000103AD16065E0C4497831884204D1C44983
:109BC000C14A103AD1605CE0BF499031884204D16B
:109BD000C049BD4A103AD16053E0BB49A831884220
:109BE00005D14FF03D51B84A103AD16049E0BA4929
:109BF000884204D13D21B84A083A116041E0B64993
:109C00001831884205D14FF47461B34A083A1160A3
:109C100037E0B1493031884205D14FF47411AE4A72
:109C2000083A11602DE0AC494831884205D14FF027
:109C30007461A94A083A116023E0A749603188425B
:109C400004D1A249A44A121F11601AE0A249783136
:109C5000884204D19E49A04A121F116011E09E491A
:109C60009031884204D19B499B4A121F116008E041
:109C70009949A831884204D14FF03D51964A121FAC
:109C80001160704710B500220268944B1A40CC68EE
:109C90000B6823434C6923438C692343CC692343DA
:109CA0000C6A23434C6A23438C6A23434C6B234343
:109CB0008C6B23431A430260426922F00702D1E908
:109CC0000B3423431A4342610B6943604B68836042
:109CD0008B68C36010BD0021016041608160C1607C
:109CE000016141618161C161016241628162C16260
:109CF000016341638163704721B1026842F0010250
:109D0000026003E0026822F001020260704721B1A4
:109D1000026842F40042026003E0026822F400425A
:109D20000260704721B1026842F02002026003E045
:109D3000026822F0200202607047416070470146CD
:109D4000486880B2704722B1036843F4002303607F
:109D500003E0036823F4002303600161704721B12D
:109D6000026842F48022026003E0026822F480224A
:109D7000026070470AB1016100E0C16070470146AE
:109D800000200A6802F400220AB1012000E000204D
:109D90007047014600200A6802F001020AB1012062
:109DA00000E000207047014600204A6902F03800B8
:109DB000704730B503460A4600200024464DAB42AA
:109DC00002D24149103901E04349103902F00055EF
:109DD0000DB14C6800E00C68414D2C4004EA0205CE
:109DE0000DB1012000E0002030BD02463A4B9A42FE
:109DF00002D23548103801E03748103801F00053DE
:109E00001BB1374B0B40C36002E0354B0B40836006
:109E1000704710B501F080034BB122B1436943F0A4
:109E20008003436103E0436923F080034361802999
:109E30000BD02AB1036801F01E042343036004E041
:109E4000036801F01E04A343036010BD70B5024611
:109E5000002000240025204EB24202D21A4B103BB3
:109E600001E01D4B103B1F4E0E4036B11E2606EA88
:109E7000D124166806EA040502E0566906F080055A
:109E800001F000560EB15C6800E01C68144E3440CE
:109E900004EA010616B10DB1012000E0002070BDFA
:109EA00002460D4B9A4202D20748103801E00A4898
:109EB000103801F000531BB1094B0B40C36002E0A6
:109EC000074B0B4083607047106002403D0000204C
:109ED000400F002000003D20106402403F801CF035
:109EE0007D0F7D0F3C0F3C0F002044490860091D89
:109EF0000860091D0860091D086041483F49143188
:109F00000860704700213D498279002A3AD00A460C
:109F1000126803689A430B461A600A1D12680368A8
:109F20009A430B1D1A60027911440A6803681A43A8
:109F30000A60324A0832126803689A432F4B08338A
:109F40001A601A1D126803689A432C4B0C331A606E
:109F50004279102A0ED11A1F126803681A43274B40
:109F600008331A601A1D126803681A43234B0C3316
:109F70001A600DE02149427911440A6803681A43C6
:109F80000A6005E0027911440A6803689A430A608E
:109F900070470021016001710C2141710021817124
:109FA00070471649103109680143144A1032116094
:109FB000704701460020114A143212680A400AB163
:109FC000012000E0002070470C4914310860704700
:109FD000014600200022094B1B6803EA0102074BDF
:109FE00014331B680B4013B10AB1012000E00020BC
:109FF000704702491431086070470000003C01407E
:10A00000FFFF7F0010B50446FE48844208D10121BD
:10A010000846FFF7D1FA00210120FFF7CDFA9DE0B5
:10A02000B4F1804F08D101210846FFF7B4FA0021AE
:10A030000120FFF7B0FA91E0F348844208D10121F2
:10A040000220FFF7A8FA00210220FFF7A4FA85E01A
:10A05000EE48844208D101210420FFF79CFA002138
:10A060000420FFF798FA79E0E948844208D10121F9
:10A070000820FFF790FA00210820FFF78CFA6DE026
:10A08000E448844208D101211020FFF784FA00211E
:10A090001020FFF780FA61E0DF48844208D10121F7
:10A0A0002020FFF778FA00212020FFF774FA55E00E
:10A0B000DA48844208D101210220FFF77DFA00210D
:10A0C0000220FFF779FA49E0D548844209D10121FD
:10A0D0000804FFF771FA00214FF48030FFF76CFAA3
:10A0E0003CE0D048844209D101214804FFF764FADA
:10A0F00000214FF40030FFF75FFA2FE0CA48844296
:10A1000009D101218804FFF757FA00214FF480207C
:10A11000FFF752FA22E0C548844208D101214020CD
:10A12000FFF739FA00214020FFF735FA16E0C04862
:10A13000844208D101218020FFF72DFA00218020E0
:10A14000FFF729FA0AE0BB48844207D101218015B4
:10A15000FFF721FA0021A015FFF71DFA10BD00221C
:10A160000288A84B98420ED0AC4B98420BD0B0F16D
:10A17000804F08D0A44B984205D0A44B984202D0FF
:10A18000A34B984204D14FF68F731A404B881A4361
:10A19000A04B984207D0A04B984204D04FF6FF4303
:10A1A0001A400B891A4302804B68C3620B880385EF
:10A1B000944B984202D0994B984201D18B7A0386F6
:10A1C0000123838270474FF0FF31416000210180FD
:10A1D00001814180817270470185828270470A4601
:10A1E000002101884FF68F73194011430180704799
:10A1F00041627047C16270470146486A7047014634
:10A20000088D704721B1028842F00202028004E00A
:10A2100002884FF6FD731A400280704721B1028810
:10A2200042F00402028004E002884FF6FB731A40F9
:10A230000280704721B1028842F08002028004E06F
:10A2400002884FF67F731A400280704702884FF6EB
:10A25000F7731A40028002880A430280704702881E
:10A260004FF6FF431A40028002880A43028070477B
:10A2700021B1028842F00102028004E002884FF618
:10A28000FE731A400280704770B50024002200233C
:10A29000058C4FF6FE7635400584028C8388048B4E
:10A2A0004FF68F752C40B51E2C400D882C43751E23
:10A2B0002A408D892A434D882A43524DA84202D014
:10A2C000564DA84213D14FF6F7752A40CD892A433F
:10A2D0004FF6FB752A408D882A434FF6FF652B40C9
:10A2E0004FF6FF552B400D8A2B434D8A2B4383801D
:10A2F00004838D684563028470BD70B5002400221C
:10A300000023058C4FF6EF7635400584028C838858
:10A31000048B48F6FF752C404FF6FF452C400D8806
:10A320004FF6FF7606EA05252C434FF6DF752A40E7
:10A330008D8906EA05152A434D8806EA05152A4344
:10A34000304DA84202D0354DA8421DD14FF67F7541
:10A350002A40CD894FF6FF7606EA05152A434FF6C7
:10A36000BF752A408D8806EA05152A434FF6FF354A
:10A370002B404FF2FF752B400D8A06EA85052B43D3
:10A380004D8A06EA85052B43838004838D688563A7
:10A39000028470BD70B5002400220023058C4FF6A6
:10A3A000FF6635400584028C8388848B4FF68F7559
:10A3B0002C404FF6FC752C400D882C434FF6FF5572
:10A3C0002A408D894FF6FF7606EA05252A434D88F7
:10A3D00006EA05252A430B4DA84202D00F4DA8429C
:10A3E00038D14FF2FF752A40CD894FF6FF7606EA45
:10A3F00005252A434FF6FF352A408D8806EA0525B4
:10A400002A4319E000000140000400400008004019
:10A41000000C004000100040001400400004014007
:10A420000040014000440140004801400018004045
:10A43000001C0040002000404EF6FF752B404DF6FA
:10A44000FF752B400D8A06EA05152B434D8A06EA57
:10A4500005152B43838084838D68C563028470BD9A
:10A4600070B5002200230024058C4EF6FF7635409F
:10A470000584038C8488828B48F6FF752A404FF64A
:10A48000FF452A400D884FF6FF7606EA05252A4348
:10A490004DF6FF752B408D8906EA05352B434D8817
:10A4A00006EA05352B43FE4DA84202D0FD4DA842D9
:10A4B00008D14BF6FF752C400D8A4FF6FF7606EA61
:10A4C00085152C43848082838D680564038470BD68
:10A4D000002101804180818081608181C181018270
:10A4E0004182704770B5034600200024184618309A
:10A4F00001258D40ACB21D8CA5431D8409B10829EE
:10A500000AD100EB610005684FF68F763540056093
:10A510000568154305600FE00D1FC5F34E0528447F
:10A52000056848F6FF763540056005684FF6FF760A
:10A5300006EA02263543056070BD416370478163BA
:10A540007047C1637047016470470A460021018B60
:10A550004FF68F7319401143018370470A4600215B
:10A56000018B48F6FF7319404FF6FF7303EA02238D
:10A570001943018370470A460021818B4FF68F7380
:10A5800019401143818370470A460021818B48F6A8
:10A59000FF7319404FF6FF7303EA022319438183C7
:10A5A00070470A460021018B4FF6F773194011439B
:10A5B000018370470A460021018B4FF2FF73194057
:10A5C0004FF6FF7303EA02231943018370470A46DB
:10A5D0000021818B4FF6F773194011438183704737
:10A5E0000A460021818B4FF2FF7319404FF6FF732B
:10A5F00003EA02231943818370470A460021018B35
:10A600004FF6FB7319401143018370470A4600213E
:10A61000018B4FF6FF3319404FF6FF7303EA022315
:10A620001943018370470A460021818B4FF6FB7363
:10A6300019401143818370470A460021818B4FF6F0
:10A64000FF3319404FF6FF7303EA02231943818356
:10A6500070470A460021018B4FF67F731940114362
:10A66000018370470A460021018BC1F30E014FF6AA
:10A67000FF7303EA02231943018370470A4600214E
:10A68000818B4FF67F7319401143818370470A46CF
:10A690000021818BC1F30E014FF6FF7303EA022301
:10A6A0001943818370470A460021018C4FF6FD73E0
:10A6B00019401143018470470A460021018C4FF66E
:10A6C000F77319401143018470470A460021018C39
:10A6D0004FF6DF7319404FF6FF7303EA0213194375
:10A6E000018470470A460021018C4FF67F731940A0
:10A6F0004FF6FF7303EA02131943018470470A46B9
:10A700000021018C4FF6FF5319404FF6FF7303EA07
:10A7100002231943018470470A460021018C4FF23D
:10A72000FF7319404FF6FF7303EA022319430184B4
:10A7300070470A460021018C4DF6FF7319404FF611
:10A74000FF7303EA023319430184704730B50023D5
:10A7500001248C40A3B2048C9C430484048C02FA30
:10A7600001F5ADB22C43048430BD30B50023042480
:10A770008C40A3B2048C9C430484048C02FA01F53F
:10A78000ADB22C43048430BD828B4FF2FF331A40AC
:10A790008283828B4FF6FF7303EA01231A4382837D
:10A7A0007047F0B50C461546002100220026078CA4
:10A7B0004EF6FF7C07EA0C070784818B028C4FF66C
:10A7C000FF7707EA043640F6FF4739404FF6FF7738
:10A7D00007EA052739434FF6FF7707EA033739437E
:10A7E00045F6FF773A4046F480573A438183028426
:10A7F000F0BD828B4FF6F3731A408283828B0A433B
:10A8000082837047F0B50C461546002100220026D1
:10A81000078C4FF6FF6C07EA0C070784818B028CCC
:10A820004FF6FF7707EA04264FF60C7739404FF6CC
:10A83000FF7707EA03172F4339434FF2FF573A4098
:10A8400046F480773A4381830284F0BD028B4FF255
:10A85000FF331A400283028B4FF6FF7303EA012392
:10A860001A4302837047F0B50C46154600210022BA
:10A870000026078C4FF6EF7C07EA0C070784018B54
:10A88000028C4FF6FF7707EA041640F6FF4739407F
:10A890004FF6FF7707EA033739434FF6FF7703E0B8
:10A8A000000001400004014007EA052739434FF644
:10A8B0005F773A4046F010073A4301830284F0BDC7
:10A8C000028B4FF6F3731A400283028B0A43028312
:10A8D0007047F0B50C46154600210022068C4FF655
:10A8E000FE773E400684018B028C4FF60C76314099
:10A8F0007E1C06EA03162E4331434FF6F5763240AE
:10A9000044F00106324301830284F0BD70B5054670
:10A910000C46208850B92389A28861882846FFF711
:10A92000D8FFE1882846FFF7CBFF25E020880428E0
:10A930000AD12389A28861882846FFF794FFE1881D
:10A940002846FFF783FF17E0208808280AD12389CB
:10A95000A28861882846FFF755FFE1882846FFF75F
:10A9600048FF09E02389A28861882846FFF719FF7C
:10A97000E1882846FFF708FF70BD00210180418073
:10A98000012181800021C180018170472DE9F041C2
:10A9900005460C4600260127608808B9022600E01B
:10A9A0000026A088012801D1022700E00127208885
:10A9B000A0B92389A28861882846FFF78AFFE18829
:10A9C0002846FFF77DFF23893A4631462846FFF7A0
:10A9D0004AFFE1882846FFF739FF13E02389A28860
:10A9E00061882846FFF73FFFE1882846FFF72EFFE2
:10A9F00023893A4631462846FFF76BFFE18828460F
:10AA0000FFF75EFFBDE8F0810146486B70470146E5
:10AA1000886B70470146C86B70470146086C7047E9
:10AA20000A884B881A438B881A43CB881A430B89B0
:10AA30001A434B891A438B891A43A0F84420704764
:10AA40000021018041808180C1800181418181811B
:10AA5000704731B1B0F8442042F40042A0F84420DD
:10AA600005E0B0F84420C2F30E02A0F8442070477D
:10AA700021B1828842F00402828004E082884FF68D
:10AA8000FB731A408280704721B1828842F0010234
:10AA9000828004E082884FF6FE731A4082807047FD
:10AAA0001AB183890B43838102E083898B438381BD
:10AAB00070478182704702460020138A0B400BB119
:10AAC000012000E000207047CA430282704730B581
:10AAD0000246002000230024158A05EA0103958917
:10AAE00005EA010413B10CB1012000E0002030BDE3
:10AAF000CA430282704741EA0203A0F84830704717
:10AB00001AB183890B43838102E083898B4383815C
:10AB1000704721B1828842F00802828004E0828876
:10AB20004FF6F7731A408280704701894FF6F8722A
:10AB30001140018170470A46002101894FF68F7349
:10AB4000194011430181704730B504460D4629462E
:10AB50002046FFF7F0FF208940F00700208130BD3C
:10AB60002DE9F04104460D4616461F46602D06D1DC
:10AB70003B46012231462046FFF775FE05E03B4685
:10AB8000012231462046FFF7A4FE29462046FFF762
:10AB9000D2FF208940F007002081BDE8F08130B568
:10ABA0000C4600210189C9B24FF6FF7505EA03255D
:10ABB000154325432943018130BD2DE9F041054668
:10ABC0000E4617469846002443463A4631462846E4
:10ABD000FFF7E5FF2C894FF6F870044044F00704B6
:10ABE0004FF68F70044044F070042C81BDE8F08172
:10ABF000F0B504460D4616461F463B4632462946EA
:10AC00002046FFF7CCFF208940F480402081F0BD32
:10AC100082884FF68F731A40828082880A4382802E
:10AC2000704702894FF6F8731A40028102890A437D
:10AC30000281704702894FF67F731A4002810289B0
:10AC40000A4302817047F0B50C4615461E460021A6
:10AC5000002200230189028B038C4FF6F8773940DC
:10AC600021434FF6FC473A4040F201173A434FF672
:10AC7000DD773B404FF6FF7707EA06172F433B434C
:10AC8000018102830384F0BD21B1828842F08002F9
:10AC9000828004E082884FF67F731A40828070477A
:10ACA000A0F850107047000010B50446F7488442E1
:10ACB00008D101211020FEF77FFC00211020FEF7B3
:10ACC0007BFC3EE0F248844209D101214804FEF7B2
:10ACD00062FC00214FF40030FEF75DFC31E0ED48EE
:10ACE000844209D101218804FEF755FC00214FF46C
:10ACF0008020FEF750FC24E0E748844209D101217E
:10AD0000C804FEF748FC00214FF40020FEF743FC86
:10AD100017E0E248844209D101210805FEF73BFC17
:10AD200000214FF48010FEF736FC0AE0DC48844234
:10AD300007D101212020FEF73FFC00212020FEF753
:10AD40003BFC10BD2DE9FF4705460E460024A146F9
:10AD500000BFA046B08900B100BF2C8A24F4405443
:10AD6000F08804432C82AC8941F20C608443B088A3
:10AD700031890843718908430443AC81AC8A24F4C7
:10AD80004074B0890443AC826846FEF7D4FABF48E9
:10AD9000854202D0C248854202D1DDF80C9001E024
:10ADA000DDF80890A88900F4004040B109EBC90023
:10ADB00000EB091031684900B0FBF1F707E009EB3F
:10ADC000C90000EB091031688900B0FBF1F764207D
:10ADD000B7FBF0F004012009642101FB1078A88979
:10ADE00000F4004040B1322000EBC800B0FBF1F0AD
:10ADF00000F00700044308E0322000EB0810642153
:10AE0000B0FBF1F000F00F0004432C81BDE8FF8798
:10AE10004FF41651016000218180C18001810C2115
:10AE2000418100218181704710B502460020108ABF
:10AE300020F470600B884C8823438C882343CC8893
:10AE400023431843108210BD00210180418081807E
:10AE5000C180704721B1828942F40052828104E0AE
:10AE600082894DF6FF731A4082817047028B02F48B
:10AE70007F420283028B0A430283704721B1828999
:10AE800042F40042828103E08289C2F30E02828191
:10AE9000704721B1828A42F40062828204E0828A91
:10AEA0004FF2FF731A4082827047C1F3080282801A
:10AEB000704701468888C0F308007047028A4FF641
:10AEC000F0731A400282028A0A430282704721B15B
:10AED000828942F00202828104E082894FF6FD738A
:10AEE0001A408281704782894FF2FF731A40828133
:10AEF00082890A4382817047028A4FF6DF731A40C3
:10AF00000282028A0A430282704721B1028A42F415
:10AF10008042028204E0028A4BF6FF731A400282EA
:10AF20007047818941F001018181704721B1828A96
:10AF300042F00802828204E0828A4FF6F7731A40D8
:10AF400082827047028BD2B20283028B42EA0122D4
:10AF50000283704721B1828A42F02002828204E09B
:10AF6000828A4FF6DF731A408282704721B1828A4B
:10AF700042F01002828204E0828A4FF6EF731A4098
:10AF800082827047828A4FF6FB731A408282828ADD
:10AF90000A438282704721B1828A42F00202828291
:10AFA00004E0828A4FF6FD731A40828270471AB11C
:10AFB000838A0B43838202E0838A8B4383827047B8
:10AFC000F0B50346002400260025002040F66A174D
:10AFD000B94200D100BF1846C1F3421401F01F0668
:10AFE000012707FA06F5012C01D10C3004E0022CF0
:10AFF00001D1103000E014301AB107682F43076008
:10B0000002E00768AF430760F0BD02460020B1F5DB
:10B01000007F00D100BF13880B400BB1012000E07E
:10B020000020704701F40072B2F5007F00D100BF2C
:10B03000CA430280704770B50246002400230025F1
:10B04000002040F66A16B14200D100BFC1F342159C
:10B0500001F01F03012606FA03F3012D02D19689A0
:10B06000334006E0022D02D1168A334001E0968A71
:10B0700033400C12012606FA04F41688344013B14A
:10B080000CB1012000E0002070BD00000010014064
:10B090000044004000480040004C00400050004088
:10B0A0000014014010B50022002340F66A14A142AA
:10B0B00000D100BF0A1201249440A3B2DC430480F3
:10B0C00010BD000010B501218803FEF775FA0021BC
:10B0D0004FF48040FEF770FA10BD1A4908607047BF
:10B0E00030B500228B071C0F0F2303FA04F2154B17
:10B0F00008338C1053F824309343124C08348D10CD
:10B1000044F8253023468C1053F824308C07240F44
:10B1100000FA04F423430B4C08348D1044F8253016
:10B1200030BD094908607047084908607047002031
:10B1300004492031096801F4807109B1012000E05F
:10B140000020704700380140DC00274200042742FD
:10B1500000F1080141604FF0FF31816000F108010A
:10B16000C1600161002101607047002101617047E9
:10B17000426853684B6043688B60536899605160C4
:10B180004160086103685B1C0360704710B50246AC
:10B190000B685C1C0CB9106907E002F1080000E0C4
:10B1A0004068446824689C42FAD944684C604C6802
:10B1B000A160886041600A611468641C146010BD5D
:10B1C0000146D1E901309860D1E9010358600A696C
:10B1D0005068884201D1886850600020086110687A
:10B1E000401E10601068704770B504460D461CB9CB
:10B1F000F5F71EF800BFFEE700F0F3FDD4E90F12EB
:10B20000206801FB020060600020A0632068A0604D
:10B21000E06B401E226C216800FB0210E0604FF0E2
:10B22000FF306064A06475B9206908B9012000E0AE
:10B23000002080B904F1100001F02AFC01280AD195
:10B2400000F0C9FD07E004F11000FFF781FF04F1F1
:10B250002400FFF77DFF00F0CDFD012070BD2DE93A
:10B26000F04705460E4617464FF00009DDB1502065
:10B2700000F0E4FD0446B4B105FB06F000F101085E
:10B28000404600F0DBFD2060206848B1E56326649D
:10B2900001212046FFF7A8FF84F84D70A14602E087
:10B2A000204600F02CFEB9F1000F03D1F4F7C0FFE7
:10B2B00000BFFEE74846BDE8F08710B5044600F041
:10B2C00090FD11E0606A08B9012000E0002050B94B
:10B2D00004F1240001F0DCFB08B101F054FCA06C87
:10B2E000401EA06400E002E0A06C0028EADC00BF81
:10B2F0004FF0FF30A06400F07DFD00F072FD11E022
:10B30000206908B9012000E0002050B904F11000C4
:10B3100001F0BEFB08B101F036FC606C401E6064B9
:10B3200000E002E0606C0028EADC00BF4FF0FF3074
:10B33000606400F05FFD10BD70B5044600F051FD83
:10B34000A06BE16B884201D1012000E0002005469E
:10B3500000F050FD284670BD70B504460E461546F7
:10B36000206C38B9206838BB606801F09BFC002075
:10B37000606021E07DB93146226CA06801F0BCFC20
:10B38000216CA0680844A060D4E90110884213D35E
:10B390002068A06010E03146226CE06801F0ACFC4F
:10B3A000216CE068401AE0602168E068884203D2BE
:10B3B000216C6068401AE060A06B401CA06370BD07
:10B3C000FFB583B004460D461E4600271CB9F4F7AE
:10B3D0002FFF00BFFEE70DB9206C08B9012000E087
:10B3E000002018B9F4F724FF00BFFEE700BF00F00B
:10B3F000F8FCA06BE16B884217D232462946204602
:10B40000FFF7AAFF606A08B9012000E0002038B900
:10B4100004F1240001F03CFB012801D100F0DBFC29
:10B4200000F0E8FC012007B0F0BD059818B900F065
:10B43000E1FC0020F7E71FB901A801F05EFB01273E
:10B4400000F0D8FC00F0DEFF00F0CBFC606C401C8C
:10B4500008B900206064A06C401C08B90020A064FA
:10B4600000F0C8FC05A901A801F055FBC0B92046B1
:10B47000FFF762FF70B104F11000059901F0CBFAFB
:10B480002046FFF71AFF00F00DFF0028AFD100F0B3
:10B49000A2FCACE72046FFF710FF00F003FFA6E791
:10B4A0002046FFF70AFF00F0FDFE0020BBE770B565
:10B4B0000546502000F0C2FC0446E4B10020606064
:10B4C0002060A060E060A0630120E06300202064B1
:10B4D000401E6064A06484F84D5004F11000FFF732
:10B4E00037FE04F12400FFF733FE00231A46194605
:10B4F0002046FFF765FF1CB9F4F79AFE00BFFEE790
:10B50000204670BD70B504461CB9F4F791FE00BF2B
:10B51000FEE701F047FB616888420CD1E068401EFD
:10B52000E060E06828B900231A4619462046FFF774
:10B5300047FF012500E00025284670BD70B5044690
:10B5400000F04FFCA06B08B9012000E00020054688
:10B5500000F050FC284670BD70B504460D462068CA
:10B5600070B1216CE0680844E0606168E06888427E
:10B5700001D32068E0602846226CE16801F0BCFB42
:10B5800070BD2DE9FF4182B004460D461E464FF0C6
:10B5900000081CB9F4F74CFE00BFFEE70DB9206CA3
:10B5A00008B9012000E0002018B9F4F741FE00BFFF
:10B5B000FEE700BF00F015FCA06B80B3E7682946EA
:10B5C0002046FFF7C9FFB6B9A06B401EA0632068F4
:10B5D00010B901F0E7FA6060206908B9012000E0C5
:10B5E0000020B0B904F1100001F052FA012810D186
:10B5F00000F0F1FB0DE0E760606A08B9012000E0AF
:10B60000002030B904F1240001F042FA08B100F042
:10B61000E2FB00F0EFFB012006B0BDE8F081FFE7A0
:10B62000049818B900F0E6FB0020F5E7B8F1000F28
:10B6300004D1684601F061FA4FF0010800F0DAFB2E
:10B6400000F0E0FE00F0CDFB606C401C08B900206B
:10B650006064A06C401C08B90020A06400F0CAFB24
:10B6600004A9684601F057FA08BB2046FFF766FFB9
:10B67000B8B1206830B900F0B4FB606801F0A1FAFD
:10B6800000F0B8FB04F12400049901F0C4F920464D
:10B69000FFF713FE00F006FE00288BD100F09BFBA5
:10B6A00088E72046FFF709FE00F0FCFD82E7204610
:10B6B000FFF703FE00F0F6FD0020ADE770B504468D
:10B6C0000E461CB9F4F7B4FD00BFFEE701F06AFABC
:10B6D0006168884204D1E068401CE06001250BE00D
:10B6E0000023324619462046FFF74BFF0546012D41
:10B6F00002D1E068401CE060284670BD70B5064687
:10B700000D46022200213046FFF7A9FD044604B190
:10B71000A5631CB9F4F78CFD00BFFEE7204670BDA1
:10B720002DE9F04704460F46154698461CB9F4F734
:10B730007FFD00BFFEE70FB9206C08B9012000E0D3
:10B74000002018B9F4F774FD00BFFEE7F4F770FDB0
:10B750008146A06BE16B88421BD2424639462046A7
:10B76000FFF7FAFDA06C401C70B9606A08B90120AF
:10B7700000E0002058B904F1240001F089F930B14B
:10B780002DB10120286002E0A06C401CA0640126BD
:10B7900000E000264846F4F752FD3046BDE8F08749
:10B7A0002DE9F04104460F4615461CB9F4F740FD5B
:10B7B00000BFFEE70FB9206C08B9012000E00020AF
:10B7C00018B9F4F735FD00BFFEE7F4F731FD804608
:10B7D000A06BE8B139462046FFF7BEFEA06B401EC5
:10B7E000A063606C401C70B9206908B9012000E0BA
:10B7F000002058B904F1100001F04AF930B12DB120
:10B800000120286002E0606C401C6064012600E0BA
:10B8100000264046F4F713FD3046BDE8F08170B5D0
:10B8200004461CB9F4F704FD00BFFEE700F0D9FAA6
:10B83000A56B00F0DFFA284670BD70B504461CB950
:10B84000F4F7F6FC00BFFEE7A56B284670BD014685
:10B8500000200BE03D4A02EBC00252688A4204D14C
:10B8600000223A4B43F8302002E0401C0828F1D374
:10B8700000BF704710B504461CB9F4F7D9FC00BFEF
:10B88000FEE72046FFF7E3FF206800F038FB204684
:10B8900000F035FB10BD014691F84C00704780F870
:10B8A0004C107047014691F84D00704770B5044642
:10B8B0001CB9F4F7BDFC00BFFEE7A06B08B901207E
:10B8C00000E000200546284670BD70B504461CB94E
:10B8D000F4F7AEFC00BFFEE7A06BE16B884201D13C
:10B8E000012000E000200546284670BD02460020E9
:10B8F0000BE0164B53F8303033B9144B43F830108B
:10B9000003EBC0035A6002E0401C0828F1D300BFDB
:10B91000704770B504460D4600F063FA606C401C39
:10B9200008B900206064A06C401C08B90020A06425
:10B9300000F060FAA06B20B9294604F1240001F060
:10B940008DF82046FFF7B9FC70BD00002876012075
:10B950002DE9F04104460D4616461F464FF00008FB
:10B9600065602461B5420CD8F01BA169884202D3FE
:10B970004FF0010811E0211DF0480068FFF706FCB8
:10B980000BE0BE4204D2BD4202D34FF0010804E0F6
:10B99000211DEB480068FFF7F9FB4046BDE8F08148
:10B9A0002DE9FE4305460E4617461C46DDF8288065
:10B9B0004FF00009E348006808B30096019702952C
:10B9C000ACB901F0F2F8012808D1002342466946DB
:10B9D000DC480068FFF7F4FC814610E000231A46BB
:10B9E0006946D8480068FFF7EBFC814607E0002372
:10B9F00022466946D3480068FFF792FE81464846D2
:10BA0000BDE8FE832DE9F84381462BE0CC48006871
:10BA1000C0680568CA480068C068C468201DFFF790
:10BA2000CFFB2046616A8847E06901281AD1A069E6
:10BA30004619AE4207D966602461211DC0480068DE
:10BA4000FFF7A4FB0EE0002003462A4601460090C3
:10BA50002046FFF7A5FF07461FB9F4F7E9FB00BF33
:10BA6000FEE700BFB6480068006808B9012000E0A2
:10BA700000200028CAD0B248D0F80080AF48006843
:10BA8000AF490860AD48C0F80080BDE8F88370B5E4
:10BA9000044600F009FF0546AB480068854206D21F
:10BAA000A9480068FFF7AEFF0120206001E00020F8
:10BAB0002060A5480560284670BD70B586B002A814
:10BAC000FFF7E5FF064650E0059C44B1606908B900
:10BAD000012000E0002010B9201DFFF771FB039842
:10BAE00030B1012826D0022825D003283BD136E0EA
:10BAF0000498A2698118034632462046FFF728FFC2
:10BB0000012816D12046616A8847E069012810D1D2
:10BB1000002000900498A16942180023194620468D
:10BB2000FFF73EFF05461DB9F4F782FB00BFFEE7B5
:10BB300000BF19E018E00498A061A06908B10120D5
:10BB400000E0002018B9F4F773FB00BFFEE7A0691E
:10BB50008119334632462046FFF7FAFE04E02046BC
:10BB600000F0CDF900E000BF00BF00231A4603A992
:10BB700074480068FFF705FD0028A5D106B070BD28
:10BB8000F8B505460F466E480068C068C468201DB9
:10BB9000FFF716FBE069012817D1A06941192B4670
:10BBA0003A462046FFF7D4FE01280ED10020034676
:10BBB0002A46014600902046FFF7F2FE06461EB9CF
:10BBC000F4F736FB00BFFEE700BF2046616A8847F6
:10BBD000F8BDF8B504460E4600F014FC6846FFF7C1
:10BBE00056FF05460098A0B946B9AC4206D800F009
:10BBF00059FB29462046FFF7C3FF0CE0611B514863
:10BC00000068FFF786FE00F04DFB20B900F0E3F876
:10BC100001E000F047FBF8BD0146494A126812688E
:10BC20000AB9012200E000220A600A6822B9444AE7
:10BC30001268D268106800E00020704708B500BFA5
:10BC40006846FFF7E9FF044620460099FFF7C1FF69
:10BC5000FFF733FFF4E710B500F0C3F83948006888
:10BC600090B93A48FFF774FA3948FFF771FA374844
:10BC70003349086036483149086000220C210A2007
:10BC8000FFF7EDFA2F49086000F0B4F810BD1FB5BA
:10BC90000024FFF7E0FF2B48006868B10020022372
:10BCA000CDE90030029003464FF4007229A10390C1
:10BCB0002A4800F0B2F904461CB9F4F7B9FA00BFFB
:10BCC000FEE7204604B010BD2DE9F04706460D46BC
:10BCD00017469846DDF820904DB900240DB101209B
:10BCE00000E00020A0B9F4F7A3FA00BFFEE7282087
:10BCF00000F0A4F804465CB1FFF7ADFF2660A56133
:10BD0000E761C4F82080C4F82490201DFFF72DFAC5
:10BD10002046BDE8F08770B50446264600F061F87D
:10BD2000706908B1012000E00020054600F062F8CB
:10BD3000284670BD01460A46106A70470404002078
:10BD400000040020080400200C0400206876012074
:10BD50007C760120546D7220537663003DBC000850
:10BD6000001F4FF080730360001F0160001F00235D
:10BD7000036014380260001FDB1E03602038704728
:10BD80002A48006842F21071B0FBF1F0401E4FF0FB
:10BD9000E021486107200861704710B52448006819
:10BDA00040F47C00224908600846006840F07C406E
:10BDB0000860FFF7E5FF00201E490860F4F706FA67
:10BDC0001D48006840F040401B490860F4F7F4F952
:10BDD000002010BD70474FF0805015491C39086095
:10BDE000704710B5F4F724FA12480068401C114956
:10BDF000086010BD10B50F480068401E0D4908606E
:10BE00000846006810B90020F4F719FA10BD10B503
:10BE10004FF0805006491C390860F4F709FA00F029
:10BE2000C2F90020F4F70BFA10BD0000DC0300207B
:10BE300020ED00E01004002034EF00E02DE9F04197
:10BE400004464FF0000800F0DDFA3D48006898B95C
:10BE50003C493D4A1160002151604FF420513B4A5A
:10BE600051600021116037484FF420514160114664
:10BE7000016001203249086044B1103404F0070029
:10BE800020B104F00700C0F108000444002C31D0B8
:10BE9000B4F5205F2ED22C4F3846056801E02F46BE
:10BEA0002D686868A04202D228680028F7D1274888
:10BEB00085421FD0386800F110082868386068682B
:10BEC000001B202810D92E196868001B70606C6058
:10BED00071681D4800E00068026852688A42FAD31F
:10BEE00002683260066000BF194968680968081A6C
:10BEF0001749086000F0D6F94046BDE8F08170B5FA
:10BF000006463546B6B1103D2C4600F07BFA616816
:10BF10000D4800E00068026852688A42FAD302685D
:10BF2000226004600A49606809680844084908609A
:10BF300000F0B8F970BD064800687047704700000F
:10BF40002804002090760120140400201C04002006
:10BF50002404002010B5002407E004EB8401FE4A0D
:10BF600002EB8100FFF7F4F8641C052CF5D3FB48C5
:10BF7000FFF7EEF8FA48FFF7EBF8FA48FFF7E8F8B2
:10BF8000F948FFF7E5F8F948FFF7E2F8F348F84910
:10BF90000860F348F749086010BD2DE9F0410446F8
:10BFA0000E4615469846069F0A22314604F1340093
:10BFB00000F0D2FE00213D200155052D00D30425BF
:10BFC000E562A564201DFFF7D0F804F11800FFF723
:10BFD000CCF82461C5F10500A0616462BDE8F08180
:10BFE00070B505460E464C20FFF728FF044694B175
:10BFF0001EB9A800FFF722FF00E030462063206B47
:10C0000020B92046FFF77BFF002404E0A900A52209
:10C01000206B00F083FE204670BD2DE9FF4F81B0FC
:10C02000804616469A46DDE90E5BB8F1000F03D153
:10C03000F4F7FEF800BFFEE7052D01D2012000E075
:10C04000002018B9F4F7F4F800BFFEE73046109965
:10C05000FFF7C6FF0446002C64D0701E216B01EB75
:10C06000800929F0070909F0070008B9012000E05C
:10C07000002018B9F4F7DCF800BFFEE700962A4666
:10C080002046119B0299FFF788FF524641464846D9
:10C09000FFF766FE2060BBF1000F01D0CBF8004037
:10C0A000FFF79FFEB4480068401CB3490860B348DE
:10C0B000006840B9B14804600846006801280CD106
:10C0C000FFF748FF09E0AE48006830B9AB480068A8
:10C0D000C06AA84201D8A9480460AA49E06A096870
:10C0E000884202D9A749E06A0860A748006820642E
:10C0F000A5480068401CA4490860A449E06A096892
:10C10000884202D9A149E06A0860E16A01EB810135
:10C11000914A02EB8100211DFFF72AF80127FFF762
:10C1200069FE01E04FF0FF37012F09D19448006804
:10C1300030B192480068C06AA84201D2FFF74BFEB6
:10C14000384605B0BDE8F08F70B50446FFF749FEEC
:10C150008A480068844200D1002414B987480068E6
:10C1600000E020460546281DFFF72AF8A86A18B106
:10C1700005F11800FFF724F8291D7B48FEF7F8FFAA
:10C1800083480068401C824908607F480068401C62
:10C190007D490860FFF72EFE7948006810B10CB9A0
:10C1A000FFF719FE70BD70B57A480068002873D19A
:10C1B00079480068401C784908600846006868BBF8
:10C1C0006B480068006808B9012000E0002018B939
:10C1D000F4F72EF800BFFEE765480568654800687B
:10C1E00063490860634805606C480068401C6B49FF
:10C1F00008605F480068006808B9012000E000207E
:10C2000020B14FF0FF306649086006E058480068EA
:10C21000C068C46862496068086000BF5E48006822
:10C220005F490968884236D300BF514800680068FA
:10C2300008B9012000E0002020B14FF0FF3058493C
:10C24000086027E04A480068C068C46865685248CA
:10C250000068A84202D2524805601BE0201DFEF78C
:10C26000AFFFA06A18B104F11800FEF7A9FF474913
:10C27000E06A0968884202D94449E06A0860E16AD4
:10C2800001EB8101344A02EB8100211DFEF770FFB2
:10C29000CBE701E000BF04E042480068401C414990
:10C2A000086070BD70B500253A48006818B9F3F70A
:10C2B000BFFF00BFFEE7FFF794FD36480068401E51
:10C2C0003449086008460068002878D12A48006888
:10C2D000002874D0002621E02248C068C46804F118
:10C2E0001800FEF76DFF201DFEF76AFF2749E06A80
:10C2F0000968884202D92549E06A0860E16A01EBD1
:10C300008101154A02EB8100211DFEF731FF1B4917
:10C31000E06A0968C96A884200D3012611480068AA
:10C3200008B9012000E000200028D5D01D48006891
:10C3300060B106E0FFF737FF1A480068401E194950
:10C340000860184800680028F4D10126012E2FD07B
:10C350001548006801282AE0909E0120F49E0120E3
:10C36000089F01201C9F0120309F0120449F012035
:10C3700030040020340400203C0400202C04002061
:10C380004C040020440400206004002048040020E5
:10C390003804002050040020400400205C040020E9
:10C3A00064040020540400205804002007E005D154
:10C3B00001250020F9490860FFF70DFD00BFFFF7D8
:10C3C00019FD284670BD10B50446F5480068446064
:10C3D000F4480068844207D2F1480168091DF24818
:10C3E0000068FEF7D3FE0CE0ED480168091DEF4838
:10C3F0000068FEF7CBFEEE480068844201D2EC48AC
:10C40000046010BDEB480068401CEA4908607047B2
:10C410002DE9F04104460E464FF000081CB9F3F731
:10C4200007FF00BFFEE70EB1012000E0002018B9B1
:10C43000F3F7FEFE00BFFEE7FFF7E4FF2068851973
:10C44000D84920680968884209D92068A8420FD9CC
:10C45000D448006885420BD94FF0010808E02068F5
:10C46000A84203D8CF480068854201D94FF001089F
:10C470002560B8F1000F07D0C9480068001DFEF71D
:10C480009FFE2846FFF79FFFFFF70CFF07460FB9F7
:10C49000FFF7A1FCBDE8F08170B5044600267CB131
:10C4A000FFF7B0FFBF4800680519BD480068001DD0
:10C4B000FEF786FE2846FFF786FFFFF7F3FE0646E7
:10C4C0000EB9FFF788FC70BD70B50446FFF789FC14
:10C4D00014B9B348006800E020460646F56AFFF745
:10C4E00089FC284670BD2DE9F04706460D464FF001
:10C4F0000009052D01D2012000E0002018B9F3F752
:10C5000097FE00BFFEE7052D00D30425FFF769FC69
:10C51000A3480068864200D1002616B9A0480068EA
:10C5200000E030460446A76CAF4234D0BD4203D988
:10C530002EB14FF0010902E00EB94FF00109D4F815
:10C540002C80E16AA06C884200D1E562A564C5F147
:10C550000500A06107EB8701974A02EB8101606942
:10C56000884213D1201DFEF72BFE9449E06A09682A
:10C57000884202D99149E06A0860E16A01EB8101D1
:10C580008D4A02EB8100211DFEF7F2FDB9F1010F8A
:10C5900001D1FFF720FCFFF72DFCBDE8F08710B5B7
:10C5A0008448006818B101207C4908602CE00BE049
:10C5B0008248006818B9F3F73BFE00BFFEE77F48EA
:10C5C0000068401E7D4908607C48006800EB8000E0
:10C5D000794951F820000028EAD07849096801EB30
:10C5E0008101754A02EB810041684968416000F1B0
:10C5F000080142688A4202D1416849684160416845
:10C60000C968674A116000BF10BD70B50446FFF7E6
:10C61000E8FB63480068844200D1002414B96048F4
:10C62000006800E020460546281DFEF7C9FDA86AFF
:10C6300018B105F11800FEF7C3FD291D6048FEF78B
:10C6400097FDFFF7D7FB8CB95E48006810B1FFF784
:10C65000C2FB0BE05A4800685B490968884203D175
:10C6600000204F49086001E0FFF799FF70BD70B5E9
:10C67000054600262C461DB9F3F7DAFD00BFFEE79C
:10C680004F496069884201D1012000E0002080B15B
:10C690004E49A06A884201D1012000E00020012813
:10C6A00007D0A06A08B9012000E00020012800D1CD
:10C6B0000126304670BD70B505461DB9F3F7B8FDCB
:10C6C00000BFFEE72C4644B335480068844224D0BE
:10C6D000FFF787FB2046FFF7CAFF01281BD1201D6B
:10C6E000FEF76EFD3549E06A0968884202D9334990
:10C6F000E06A0860E16A01EB81012F4A02EB8100E8
:10C70000211DFEF735FD2649E06A0968C96A88429D
:10C7100001D3FFF760FBFFF76DFB70BD2DE9F04122
:10C72000054600261DB9F3F783FD00BFFEE72C4642
:10C73000F3F77EFD07462046FFF799FF012826D133
:10C740001C480068F0B91649E06A0968C96A88425D
:10C7500001D3012000E000200646201DFEF730FD39
:10C760001649E06A0968884202D91449E06A0860FB
:10C77000E16A01EB8101104A02EB8100211DFEF705
:10C78000F7FC04E004F118011048FEF7F1FC38460C
:10C79000F3F755FD3046BDE8F08100005804002055
:10C7A0002C04002040040020340400203004002029
:10C7B0006404002050040020909E012048040020C2
:10C7C000449F01204C0400203C0400201C9F0120B9
:10C7D00010B50446206BFFF792FB2046FFF78FFB56
:10C7E00010BD70B523E0FFF70DFEFD48006808B9E5
:10C7F000012000E000200546FFF754FDBDB9FFF71A
:10C80000F0FAF748C068C468201DFEF7D9FCF54867
:10C810000068401EF3490860F3480068401EF24972
:10C820000860FFF7E7FA2046FFF7D2FF00BFEE48A7
:10C8300000680028D7D170BD00BFFFF7D2FFEB48DA
:10C8400000680128F9D9FFF7C6FAF6E71FB50020FE
:10C8500000900190029003464FF48072E4A103908F
:10C86000E548FFF7DAFB0446012C02D1FFF70FFA87
:10C870000446012C09D1F3F7DBFC0120DF490860F5
:10C880000020DF490860FFF788FA1CB9F3F7D0FCF5
:10C8900000BFFEE71FBD10B5F3F7CAFC0020D74963
:10C8A0000860FFF797FA10BD10B5FFF79AFAD44861
:10C8B0000468FFF79FFA204610BD70B5F3F7B8FC87
:10C8C0000546CF4804682846F3F7B9FC204670BDFA
:10C8D000C448006870470146002002E0491C421C21
:10C8E00090B20A78A52AF9D0800870472DE9FE4356
:10C8F00081460C461646204641684968416000F171
:10C90000080142688A4202D1416849684160416831
:10C91000CF6800BF204641684968416000F10801C6
:10C9200042688A4202D14168496841604168CD68E5
:10C93000286BFFF7D0FF8046286CE96A334605F183
:10C940003402CDE900180290AEA1B34800F028FEF1
:10C95000B149484600F0F4F9BD42DBD1BDE8FE83A1
:10C9600070B50546FFF74EFD00202870ABA12846A4
:10C9700000F0E6F9AA480068441C00BF641E04EBFE
:10C9800084009A4951F8200008B9012000E00020F5
:10C9900040B904EB8400954A02EB800152222846FC
:10C9A000FFF7A4FF002CE9D19E480068006808B991
:10C9B000012000E0002028B942229A480168284658
:10C9C000FFF794FF98480068006808B9012000E06C
:10C9D000002028B94222944801682846FFF786FFC4
:10C9E0007F48006808B9012000E0002020B94422F7
:10C9F0007B492846FFF77AFF8C48006808B9012078
:10CA000000E0002020B9532288492846FFF76EFF36
:10CA1000FFF748FC70BD70B505460C461DB9F3F72D
:10CA200007FC00BFFEE78248016818312846FEF780
:10CA3000ADFB7F480068001DFEF7C2FB601C30B9EB
:10CA40007B480168091D7948FEF792FB05E06C48B8
:10CA5000006806193046FFF7B6FC70BD70B5044695
:10CA60000D461CB9F3F7E4FB00BFFEE77048016810
:10CA700018312046FEF77CFB6D480068001DFEF76C
:10CA80009FFB5F48006846193046FFF79CFC70BD6D
:10CA900070B50646F068C4681CB9F3F7C9FB00BF5F
:10CAA000FEE704F11800FEF78BFB62480068A0B9AE
:10CAB000201DFEF785FB6049E06A0968884202D9BB
:10CAC0005D49E06A0860E16A01EB8101474A02EBD7
:10CAD0008100211DFEF74CFB04E004F118015748CA
:10CAE000FEF746FB5249E06A0968C96A884201D3E9
:10CAF000012500E00025284670BD10B504461CB98C
:10CB0000F3F796FB00BFFEE74D48006820603C4805
:10CB10000068606010BD70B504460D461CB9F3F79F
:10CB200087FB00BFFEE71DB9F3F782FB00BFFEE7FE
:10CB3000FFF757F92868401C08B900261FE0404954
:10CB400020680968884206D02D49606809688842D3
:10CB500001D8012613E02A4960680968081A296883
:10CB600088420BD22868264A61681268511A401A16
:10CB700028602046FFF7C1FF002600E00126FFF7EE
:10CB800039F9304670BD01202E49086070470146D2
:10CB900011B10A46506C00E00020704708B102460F
:10CBA000516470472249086870471449096809B9F7
:10CBB000002005E01F49096809B9012000E00220B2
:10CBC000704770B505462C464DB11949E06A0968B1
:10CBD000C96A884265D216480068C06A34E060E0DD
:10CBE000309F01203C04002038040020909E01204A
:10CBF00049444C450000000039C800084C0400209E
:10CC00004004002025730909256309257509257548
:10CC10000925750D0A000000589F01200D0A00002B
:10CC2000440400203004002034040020449F0120EC
:10CC30002C04002050040020480400201C9F0120E8
:10CC40005C04002058040020C0F10500A061E16AE6
:10CC500001EB8101254A02EB81016069884201D123
:10CC6000012000E00020C0B1201DFEF7A9FA2048F5
:10CC70000068C06AE0621F49E06A0968884202D918
:10CC80001C49E06A0860E16A01EB8101174A02EB86
:10CC90008100211DFEF76CFA03E015480068C06AA8
:10CCA000E06270BD70B505462C46EDB1A16CE06A3E
:10CCB000884219D0201DFEF783FAA06CE062E06A7A
:10CCC000C0F10500A0610B49E06A0968884202D9F9
:10CCD0000849E06A0860E16A01EB8101034A02EB5E
:10CCE0008100211DFEF744FA70BD0000909E0120D6
:10CCF0002C0400204804002040EA01039B0703D0D5
:10CD000009E008C9121F08C0042AFAD203E011F88A
:10CD1000013B00F8013B521EF9D27047D2B201E04C
:10CD200000F8012B491EFBD270470022F6E710B530
:10CD300013460A4604461946FFF7F0FF204610BD89
:10CD4000421E12F8013F002BFBD111F8013B02F803
:10CD5000013B002BF9D1704710B5044604E00B7875
:10CD600000F8013B03B1491C521EF8D2204610BD09
:10CD7000421C10F8011B0029FBD1801A704710B526
:10CD8000002200E0521C835C8C5CA34201D1002B8A
:10CD9000F8D1D8B2E1B2401A10BD2DE9FE4F80465D
:10CDA00081EA0300C00F0C46009021F0004123F0FF
:10CDB0000045B8EB0200A94105D240462146904605
:10CDC0001C460B46024623F00040104347D0270D77
:10CDD000C7F30A00C3F30A510290401A0190402899
:10CDE0006BDAC3F3130040F4801B0098924620B125
:10CDF0000023D2EB030A63EB0B0B01985946C0F1F9
:10CE00004002504600F0E1F906460D4650465946AC
:10CE1000019A00F0F9F910EB08006141002487EA5B
:10CE2000115284EAE7731A4340D0009A62B3019A20
:10CE3000012A4FEA075215DC001B61EB02014FF09B
:10CE4000004202EA0752CDE90042001C41F5801180
:10CE500032462B4600F030FA03B0BDE8F08F404672
:10CE60002146F9E7001B61EB0201001C41F580132C
:10CE700000185B412018A2F5001747EB030140EAB8
:10CE8000D570B6196D4111E06D084FEA360645EAD6
:10CE9000C0754FEA0752001B61EB0201001C41F50F
:10CEA000801149084FEA30000019514132462B46A3
:10CEB00003B0BDE8F04F00F0F0B900980122400047
:10CEC0000023D0EB020263EBE073009821464FEAA7
:10CED000E074B8EB000061EB0401E9E783F0004384
:10CEE0005BE781F0004158E72DE9FE4F81EA03043A
:10CEF00004F0004421F0004100944FF0000B23F0B7
:10CF0000004350EA01045ED052EA03045BD0C3F34D
:10CF10000A54C1F30A552C44A4F2F3340194A0FB43
:10CF20000254C1F3130141F48011C3F3130343F41A
:10CF3000801301FB024400FB034E840A970A44EA73
:10CF4000815447EA8357A4FB076802958D0A05FBC5
:10CF500007854FEA932C04FB0C542705029D4FEAEA
:10CF6000065847EA1637B5EB08056EEB070C870E37
:10CF7000920E47EA811742EA8312A7FB0201B6EB41
:10CF80000B0164EB00042B0D43EA0C335E1844EBF9
:10CF90001C50DA465146E7FB0201C5F313044FEA81
:10CFA0000B3343EA14534FEA0432019C43EA06036D
:10CFB000A4F10C040294009CCDE900B400F07CF9CB
:10CFC00003B0BDE8F08F00200146F9E72DE9F04DF0
:10CFD00081EA030404F0004B21F0004514464FF0B1
:10CFE000000A23F0004150EA050220D054EA010271
:10CFF0001DD0C5F30A570246C5F31303C1F313004E
:10D00000C1F30A5640F4801543F48013A7EB0608D9
:10D01000101BD64608F2FD3873EB050002D308F169
:10D02000010801E092185B41B8F1000F03DA00201B
:10D030000146BDE8F08D00204FF48011064684467D
:10D040000EE0171B73EB050705D3121B63EB0503FB
:10D0500006434CEA010C49084FEA300092185B4144
:10D0600050EA0107EDD152EA030012D082EA04002F
:10D0700083EA0501084305D0101BAB4106D201220B
:10D08000002306E000224FF0004302E06FF00102AF
:10D0900053101AEB06004CEB085110EB0A0041EB61
:10D0A0000B01BDE8F04D00F0F8B80EB5C10F80EAF5
:10D0B000E0700844CA07002140F233438DE80E00B7
:10D0C0000A460B4600F0F8F803B000BD70B5C1F396
:10D0D0000A5201F000450024C1F3130140F2FF336E
:10D0E00041F480119A4201DA002070BD40F23343CE
:10D0F0009A42A2F2334203DC524200F075F800E09B
:10D1000090402C43F1D0404270BD00F0004230F01E
:10D1100000400AD0C10D01F56071C0F3160042EA6B
:10D120000151C20840071143704700200146704773
:10D1300001F0004330B421F0004150EA010206D072
:10D140000A0DA2F56072C1F31301002A02DC30BCA3
:10D1500000207047440F44EAC104C100E01830BC0D
:10D1600000EBC25000F062B82DE9F05F05460020E8
:10D1700092469B4688460646814640241BE0284648
:10D1800041464746224600F02FF853465A46C01AF9
:10D19000914110D311461846224600F016F82D1A78
:10D1A00067EB01084F4622460120002100F00DF8F0
:10D1B00017EB00094E41201EA4F10104DFDC4846B4
:10D1C00031462A464346BDE8F09F202A04DB203A38
:10D1D00000FA02F1002070479140C2F1200320FACA
:10D1E00003F3194390407047202A04DB203A21FAC8
:10D1F00002F00021704721FA02F3D040C2F1200270
:10D200009140084319467047202A06DBCB17203A85
:10D2100041FA02F043EAE07306E041FA02F3D0403B
:10D22000C2F1200291400843194670470029A8BF67
:10D230007047401C490008BF20F00100704710B43F
:10D24000B0FA80FC00FA0CF050EA010404BF10BCF4
:10D25000704749B1CCF1200421FA04F411FA0CF121
:10D2600018BF012121430843A3EB0C01CB1D4FEA5A
:10D2700000614FEA102042BF002010BC704700EB55
:10D28000C35010440029A4BF10BC7047401C490083
:10D2900008BF20F0010010BC704710B5141E73F1D8
:10D2A000000408DA401C41F1000192185B411A4366
:10D2B00001D120F0010010BD2DE9F04D92469B46B2
:10D2C00011B1B1FA81F202E0B0FA80F22032904658
:10D2D000FFF77BFF04460F4640EA0A0041EA0B01D4
:10D2E00053465A46084313D0114653EA010019D059
:10D2F000C8F140025046FFF777FF05460E465046FC
:10D3000059464246FFF761FF084305D0012004E07B
:10D3100020463946BDE8F08D0020054346EAE07618
:10D320002C4337430A986305E40AA0EB0800002267
:10D33000FD0A44EA47540A3002D500200146E9E7D5
:10D34000010510196941DDE9084500196941BDE889
:10D35000F04DA2E770B521F0004303430CD0C1F3B8
:10D360000A550024D5EB040564EB0403D617AD1A67
:10D37000B34102DB0020014670BD201841EB025191
:10D3800070BD2DE9F04D00231A461B1A8A4103DBBC
:10D3900000200146BDE8F08DC1F30A52C1F313012C
:10D3A00041F480154FF0000BD10702D100186D41F8
:10D3B000521E0027044640F2FF11384601EB620A74
:10D3C0003E468046024600204FF48011FFF70CFFD6
:10D3D000C2197141BB1846EB0100B4EB030C75EBAD
:10D3E000000C04D3E41A65EB000517460E46241919
:10D3F00008F101006D4180463428E3DDF91946EB60
:10D400000600091BA84103D24FF0FF32134601E08A
:10D41000002213461BEB070046EB0A51BDE8F04D16
:10D42000FFF73BBF2DE9FE4FC3F30A5701F000455C
:10D430000024C1F30A56C3F31303C1F3130143F4E9
:10D44000801312EB020AA64641F48011009543EBCB
:10D45000030CA7F1010B16E0B0EB0A0061EB0C0125
:10D46000071E71F1000707DA4FF00008D0EB080043
:10D4700085F0004568EB0101171A73EB0107EBD348
:10D48000761E001849415E45F6DA50EA010209D0DD
:10D49000CDE900E5002213460296FFF70DFF03B029
:10D4A000BDE8F08F20460099F9E7000030B5041E72
:10D4B00071F1000404DB4FF00044404264EB0101D1
:10D4C000141E73F1000405DB1C464FF0004352426A
:10D4D00063EB0403994208BF904230BD064C074DF0
:10D4E00006E0E06840F0010394E807009847103434
:10D4F000AC42F6D3F2F74CFE78FA000898FA00082E
:10D500000EB540F2334102910021CDE900110A46E7
:10D510000B46FFF7D1FE03B000BD70B58C1810F8B4
:10D52000015B15F0070301D110F8013B2A1106D168
:10D5300010F8012B03E010F8016B01F8016B5B1E82
:10D54000F9D12B0705D40023521E0DD401F8013B5D
:10D55000FAE710F8013BCB1A921C03E013F8015BC9
:10D5600001F8015B521EF9D5A142D8D3002070BD4D
:10D570000FB41CB50246002007AC00290BD0491E91
:10D58000CDE90021054B6A462146069801F000FFCF
:10D59000009A002111701CBC5DF814FBF3F7000821
:10D5A0000FB4084B10B504A902AA039801F0F0FECD
:10D5B000044602A9002002F027F9204610BC5DF8BD
:10D5C00014FB000009F8000803B40198410000981A
:10D5D00050EAC12018BF04204A0D18BF40F00100D6
:10D5E00040F2FF72B2EB515F08BF40F00200012829
:10D5F00008BF052002B070474100080218BF042090
:10D600000A0E18BF40F001004FF07F4232EA0101DC
:10D6100008BF40F00200012808BF05207047000045
:10D6200010EE100A10B510EE901A4FF0684202EB9F
:10D6300040032DED028BB3F1654F3CBF02EB41027D
:10D64000B2F1654F7CD200BFC0F3C753C1F3C752DC
:10D650009A1A1B2A09DD10F0004F14BF9FED6E0AC5
:10D660009FED6E0ABDEC028B10BD12F11A0F1BDA92
:10D6700011F0004F09D010F0004F0CBF9FED680A69
:10D680009FED680ABDEC028B10BD80EE208A18EE7B
:10D69000100AFFF7B1FF042808BF01F05BFEB0EEEF
:10D6A000480ABDEC028B10BD4200B2EB410F37D9E6
:10D6B00010F0004F19BFDFED5C1A9FED5C1ADFED33
:10D6C0005C1A9FED5C1AB0EE602A0A46F1EE400A41
:10D6D00080F00041B0EE420A10460A1A5200B2F140
:10D6E000807F34D2484010F0004FDFED532A9FED89
:10D6F000533A1DBFBEEE002A71EEE21A31EE431A14
:10D70000B6EE002A04BF71EEA21A31EE031AF0EE53
:10D71000402A42EE602A40EE020A82EEA02A18E079
:10D7200011F0004F04BF9FED461AF0EE411AD4D01D
:10D7300010F0004F1CBFDFED431A9FED431A00E0CD
:10D7400026E004BFDFED411A9FED411AC5E780EEE8
:10D75000202A22EE020ADFED3F0ADFED3F2ABDEC70
:10D76000028B40EE202ADFED3D0A40EE220ADFED7B
:10D770003C2A40EE202ADFED3B0A40EE220A22EE50
:10D78000000A00EE201A31EE020A30EE210A10BD26
:10D790004FF07F42B2EB400F28BFB2EB410F05D2F2
:10D7A000BDEC028BBDE8104001F0C9BD40EA0103A9
:10D7B0005B0008BF41F0FF410BD0B2EB400F08BF48
:10D7C000B2EB410F08D120F0804000EE100A21F0AA
:10D7D000804100EE901A37E7B2EB400F12BF5FEACC
:10D7E000410240F0FF4001F000413FF42DAF4A00FC
:10D7F00092EA40033FF528AF002AACBF9FED1A1A0A
:10D800009FED1A1A20EE010A60EE810A10EE100A4E
:10D8100010EE901A18E70000DB0FC9BFDB0FC93FFD
:10D82000DB0F4940DB0F49C00000C9BF22AAFDB988
:10D830000000C93F22AAFD390060ED3EC30ACE3781
:10D8400000000000000049C022AA7DBA0000494043
:10D8500022AA7D3A2DAD65BD8FB8D53D0FB511BE5D
:10D8600061C84C3EA8AAAABE0000804F0000802FCD
:10D8700010B52F499FED2C1B2DED020B84B00598A0
:10D8800020F000408842D8BF9DED040B2DDD2949D2
:10D89000884209D1049840B94FF0010001F072FDAF
:10D8A00001F01AFD06B010BD05DB9DED040B01F083
:10D8B000FFFC06B010BD68469DED040B01F0F8F8C2
:10D8C00010F0030004BF9DED021B9DED000B0CD07A
:10D8D00001280ED09DED021B9DED000B022817D0F4
:10D8E000012001F035FC06B010BD01F0FDFA06B0D4
:10D8F00010BD9DED021B9DED000B012001F028FCE9
:10D9000051EC100B81F0004106B041EC100B10BD42
:10D9100001F0EAFA51EC100B81F0004106B041EC45
:10D92000100B10BD0000000000000000000000000F
:10D93000FB21E93F0000F07F10B510EE104A4FF0D8
:10D9400019406849002200EB44002DED028B88420B
:10D9500057D8DFED650A14F0004F60EE200A14BFBF
:10D96000BEEE001AB6EE001A71EE200AFDEEE00AD5
:10D9700010EE900A00EE900AF8EEE00A9FED5B1AB6
:10D9800000EEC10A9FED5A1A00EEC10ADFED590AF6
:10D990009FED591A00EE201ADFED580A40EE010AF9
:10D9A0009FED571A574B00F0030100EE201A21EEAD
:10D9B000000A7B4403EB8103D3ED000A524B7B4406
:10D9C00003EB810393ED001A504B41EE000A7B44B8
:10D9D00003EB8101801091ED000A70EE800AEABB32
:10D9E00000EE100AB8EEC01ADFED491A9FED490AA1
:10D9F000BDEC028B01EE210ABCEEC00A20EE200A2B
:10DA000010BD4FF0FF40A0431BD04FF0CE40B0EB15
:10DA1000440F82BFB7EE000ABDEC028B10BD3E483A
:10DA2000B0EB440F28BF012293D2022001F0AAFCE0
:10DA300014F0004F15D0BDEC028BBDE8104001F092
:10DA400089BC14F5000F02BF9FED340ABDEC028BB8
:10DA500010BDBDEC028BBDE8104000E007E001F016
:10DA60006BBCBDEC028BBDE8104001F06BBC00EB61
:10DA7000D07359104FF07E5202EBC15100EE101AD4
:10DA8000A0EB630002EBC05060EE200A00EE100A2B
:10DA900020EE208A18EE100A88B118EE100AB0F1B4
:10DAA000FF4F15D018EE100AFFF7A6FD042808BF97
:10DAB00001F050FCB0EE480ABDEC028B10BD022014
:10DAC00001F060FCBDEC028BBDE8104001F042BCEF
:10DAD000022001F057FCBDEC028BBDE8104001F0C4
:10DAE00031BC00000000501E3BAAB8400070313E1F
:10DAF000F4FD053712BB2A3D12BB2A3EFFFFFF3E55
:10DB0000FFFF7F3FAA1F0000AE1F00007E1F000026
:10DB10000000004B00007E4E0000A08500000000C9
:10DB20002DED020B019820F0004001909DED000BBF
:10DB300002B0704710B52DED040B86B09DED060BBD
:10DB400010EE100A10EE901A8DED000B002818BF91
:10DB50000120084320F00040C0F17F6000F1E04068
:10DB6000C00F21D19DED080B10EE101A10EE900A97
:10DB70008DED000B002918BF0121084320F0004063
:10DB8000C0F17F6000F1E040C00F0DD12949079836
:10DB9000B1EB400F04BF0698002842D0099840001E
:10DBA00004BF089800283CD09DED080B53EC102BC7
:10DBB0009DED060B51EC100BFFF734FCCDE9020193
:10DBC0009DED020B40F2FF7110EE900A8DED000BFF
:10DBD00031EA105021D00798039900F0004001F07D
:10DBE0000041884219D09DED080B8DED040B9DED91
:10DBF000020B8DED000B10EE900A059961F31E00EB
:10DC000005909DED041B9DED020B51EC110B53ECA7
:10DC1000102BFFF766F9CDE902019DED020B0AB06A
:10DC200010BD012001F0AEFB0AB0BDE8104001F0CC
:10DC300053BB00000000E0FF2DE9F04D2DED040B7B
:10DC40002DED0E8B96B0DDE92550279CDDF890A0D8
:10DC500025F0004624F00048BAF1000F14BF01215E
:10DC6000002101EB4502FC4953184A1093422AD384
:10DC7000002814BF0123002303EB44030B44F7499E
:10DC80008B4220D358EA00019FEDF59B76D0DFF858
:10DC9000D8B35D4503D1BAF1000F05D188E0BAF1E0
:10DCA000000F08BF002100D0012101EB450111F553
:10DCB000001F08D8002814BF0121002101EB4401F6
:10DCC00011F5001F0BD99DED261B9DED240B16B001
:10DCD000BDEC0E8B04B0BDE8F04D01F0F3BA0027A7
:10DCE000002DBCBFE149884521DAE1498845A8BF3C
:10DCF00002271CDAC3451ADCDE4901EB285114293E
:10DD000008DDC1F1340220FA02F101FA02F2824286
:10DD10000DD108E058B9C1F1140228FA02F101FA54
:10DD200002F2424503D101F00101C1F1020756EAB6
:10DD30000A0124D1002C22DA002D18BF022F01D0B5
:10DD4000012F0AD0022001F01DFB16B0BDEC0E8B96
:10DD500004B0BDE8F04D01F093BA022001F012FBCF
:10DD600001F08EFA51EC100B81F0004141EC100BE8
:10DD700016B0BDEC0E8B04B0BDE8F08D18E09FED41
:10DD8000BEAB9FEDBF8B002871D1B848804522D132
:10DD900005F1804010F5801008BFBAF1000F07D0E0
:10DDA000B3450ADC002CA8BF9DED260BE0DA0DE0A0
:10DDB000B0EE490AF0EE690ADAE7002C06DA9DEDCA
:10DDC000260B51EC100B81F000416FE0AE48784417
:10DDD00090ED000BCCE7D8454DD1002C48DA2EB1A0
:10DDE00086423AD1BAF1000F42D126E0BAF1000FD3
:10DDF00013D0022001F0C6FA01F07EFA8DED020B7D
:10DE00009DED240B8DED000B10EE900A039961F34C
:10DE10001E0003909DED020BAAE78DED02AB9DED78
:10DE2000240B1AEE901A10EE900A8DED000B61F3A0
:10DE30001E0003909DED020B9AE78DED028B9DED88
:10DE4000240B18EE901A10EE900A8DED000B61F382
:10DE50001E0003909DED020B8AE709DA9DED240B6D
:10DE600051EC190B53EC102BFFF7B0F81EE020E03B
:10DE70009DED240B7CE786421BDAB4F1804F0DD078
:10DE8000A4F10050B0F1FF5013D1002D11DB9DED36
:10DE9000240B51EC100B01F0C8FC07E09DED240BA6
:10DEA00053EC102B51EC100B00F0C2BC41EC100BEA
:10DEB0005EE79DED240B51EC100B01F0AAFCBAF1CA
:10DEC000000FCDE90E0142D19FED710B46B3A6F1D3
:10DED000E040B0F17F600CD05E4538D1002D00DA13
:10DEE000A7B3022F0CBF01204FF0FF30FFF7DDF882
:10DEF000DCE7002D01DD002C0DDA002D01DD002C0A
:10DF00001FDB002D16DA002C14DB012F08BF9FED5C
:10DF1000620B3FF42DAFB0EE4A0AF0EE6A0A27E733
:10DF2000022F18BF002D0CD0012F0AD1002DFFF6B3
:10DF30001FAF06E0002DB8BF002C08DA012F3FF418
:10DF400017AFB0EE480AF0EE680A11E71BE00120B7
:10DF500000EBE57050EA070115D0791EB0EE498A52
:10DF6000F0EE698A084308BF9FED4D8B4E480025AF
:10DF7000804570DD4D494E48884514DDB0420DDBCB
:10DF8000002C19DB2FE0012001F0FCF916B0BDECEC
:10DF90000E8B04B0BDE8F04D01F09EB9B34502DC34
:10DFA000002C09DC1FE0864202DA002C1BDA03E0B9
:10DFB0005E452BDD002C16DD022001F0E3F901F0B7
:10DFC0009BF98DED020B53EC1A2B51EC180BFEF75D
:10DFD0008BFFCDE900010399019861F31E000390C6
:10DFE0009DED020BC4E6022001F0CCF901F094F99A
:10DFF00010EE901A18EE900A8DED020B8DED008B4D
:10E0000061F31E0003909DED020BB1E69DED0E0B3A
:10E0100053EC192B51EC100BFEF760FF9FED260B14
:10E02000CDE9080153EC102B9DED080B51EC100BC2
:10E03000FEF75AFF9FED221B53EC112BFEF751FF09
:10E040009DED081B53EC112BFEF74EFF9FED1E1BA1
:10E0500053EC112B3CE08CE0FFFF1F00FFFF0F0093
:10E06000000000000000F03F0000F03F0000F07FE3
:10E070000000404301FCFFFF000000000000F07FB3
:10E080000000000000000000AE1B000000000000C7
:10E090000000000000000080000000000000F0FF11
:10E0A000000000000000F0BF0000E0410000F0436D
:10E0B000FFFFEF3F00000000000000000000D03F25
:10E0C000555555555555D53F000000000000E03F1F
:10E0D000FEF707FF9DED080B41EC1A0B53EC102BDC
:10E0E00051EC100BFEF700FF53EC1A2BFEF7FCFE71
:10E0F00041EC1A0B9FEDFE0B53EC102B9DED080B22
:10E1000051EC100BFEF7F0FE41EC1B0B9FEDFA0BF0
:10E1100051EC1A0B53EC102BFEF7E6FE41EC1A0BF8
:10E120009FEDF70B53EC102B9DED080B51EC100BF2
:10E13000FEF7DAFE53EC1A2BFEF7D0FE41EC1A0B79
:10E1400051EC1B0B53EC1A2BFEF727FE0690CDE982
:10E1500006519DED060B53EC1B2B51EC100BFEF7FB
:10E16000BDFE53EC1A2BFEF7BCFE41EC100B00F089
:10E17000A1B90020B6F5801F0EDA9FEDE30B53EC3A
:10E18000102B9DED0E0B51EC100BFEF7ADFECDE903
:10E190000E016FF034000E4600EB2650A0F2FF3760
:10E1A000C6F31300DA4940F07F6646F040568842D5
:10E1B000D8BF002408DDD7498142C8BF012403DC51
:10E1C0000024A6F580167F1CD348784400EBC400D9
:10E1D0000F9690ED00CB9DED0E0B53EC1C2B51ECEC
:10E1E000100BFEF77BFE9DED0E0B41EC1B0B53EC71
:10E1F0001C2B51EC100BFEF7D0FD41EC100B51EC39
:10E20000190B53EC102BFEF7E1FE41EC1D0B51EC0A
:10E210001B0B53EC1D2BFEF767FE41EC1A0BBF489E
:10E220008DED10AB7844109590ED000B4FF0005041
:10E2300040EA660000EB84408DED080B00F50020FD
:10E2400009909DED080B53EC1C2B51EC100BFEF7C5
:10E2500045FE9DED0E1B53EC112BFEF742FE41ECEB
:10E26000100B53EC102B9DED100B51EC100BFEF727
:10E270003BFE9DED080B41EC1C0B53EC102B9DED70
:10E28000100B51EC100BFEF72FFE53EC1B2BFEF77F
:10E2900028FE53EC1C2BFEF721FE53EC1D2BFEF742
:10E2A00023FE41EC1C0B53EC1A2B51EC1A0BFEF71E
:10E2B0001BFE41EC1B0B9A480621B0EE4B0AF0EE18
:10E2C0006B0A784400F0C8FEB0EE401AF0EE601A17
:10E2D000B0EE41DAF0EE61DA53EC1B2B51EC1B0B84
:10E2E000FEF702FE53EC1D2BFEF7FEFD9DED100B1D
:10E2F00041EC1B0B53EC1A2B51EC100BFEF74DFDB0
:10E3000053EC1C2BFEF7F0FD53EC1B2BFEF745FDE9
:10E310009DED100B41EC1B0B53EC102B51EC100B33
:10E32000FEF7E2FD41EC1D0B9FED7FEB53EC1E2B46
:10E33000FEF733FD53EC1B2BFEF72FFD0890CDE9C4
:10E3400008519DED080B53EC1E2B51EC100BFEF702
:10E35000C5FD53EC1D2BFEF7C1FD53EC1B2BFEF747
:10E36000C0FD9DED080B41EC1D0B53EC102B9DEDFA
:10E37000100B51EC100BFEF7B7FD41EC1B0B53ECEF
:10E380001A2B51EC1D0BFEF7AFFD9DED080B41EC78
:10E390001A0B53EC102B51EC1C0BFEF7A5FD53ECA4
:10E3A0001A2BFEF7FAFC41EC1A0B51EC1B0B53EC49
:10E3B0001A2BFEF7F2FC0C90CDE90C519DED0C0BE5
:10E3C00053EC1B2B51EC100BFEF788FD53EC1A2B72
:10E3D000FEF787FD41EC1B0B9FED550B53EC102B0B
:10E3E0009DED0C0B51EC100BFEF77EFD41EC1A0B72
:10E3F0009FED510B51EC1B0B53EC102BFEF774FDF2
:10E4000041EC1B0B9FED4E0B53EC102B9DED0C0BB9
:10E4100051EC100BFEF768FD53EC1B2BFEF7BDFC17
:10E4200041EC100B4848784400EBC40090ED001B11
:10E4300051EC100B53EC112BFEF7AFFC41EC1B0B16
:10E440003846FEF732FECDE9080153EC1B2B51ECA8
:10E450001A0BFEF7A2FC41EC100B3C48784400EB91
:10E46000C40090ED00CB51EC100B53EC1C2BFEF7CD
:10E4700094FC9DED081B53EC112BFEF78EFC0690CF
:10E48000CDE906519DED080B53EC102B9DED060BCD
:10E4900051EC100BFEF722FD53EC1C2BFEF71EFD7A
:10E4A00053EC1A2BFEF71AFD53EC1B2BFEF719FD4C
:10E4B00041EC100B9DED261B53EC102B8DED001B3A
:10E4C00000959DED260B51EC100BFEF70DFD9DED1B
:10E4D000000B41EC1A0B53EC102B9DED260B51EC6D
:10E4E000100BFEF7FBFC9DED061B53EC112B2FE0F0
:10E4F000000000604715F73FFE822B654715F73F88
:10E5000044DF5DF80BAE543E0000000000004043C5
:10E510008E9803007AB60B00CA1600005817000048
:10E52000021600000000000000000000000008408B
:10E53000000000E009C7EE3FFD033ADC09C7EE3FEB
:10E54000F5015B14E02F3EBE8E140000481400005D
:10E55000FEF7CAFC53EC1A2BFEF71FFC9DED060BD1
:10E5600041EC1A0B53EC102B9DED000B51EC100BF2
:10E57000FEF7BAFCCDE90C019DED0C0B51EC1A0B2A
:10E5800053EC102BFEF709FCCDE902010C46AA4919
:10E590008C422FDB611A084318D19DED0C0B53EC14
:10E5A000102B9DED020B51EC100BFEF797FC41EC8C
:10E5B0001B0B9FEDA30B51EC1A0B53EC102BFEF72A
:10E5C000ECFB53EC1B2BFEF771FF2DD2022000F069
:10E5D000D9FE00F091FE10EE901A18EE900A8DED23
:10E5E000020B8DED008B61F31E0003909DED020B7D
:10E5F000FFF7BEBB944A24F00041914214D39349E3
:10E60000214408437FF4EFAC9DED0C0B53EC102B31
:10E610009DED020B51EC100BFEF760FC53EC1A2B36
:10E62000FEF744FF7FF6DFAC24F000408849894ABA
:10E63000002601EB205182422BDA481C4FF4801156
:10E6400021FA00F02044844AC0F30A517A44A1F22E
:10E65000FF3192ED000B814A8DED080BCA4020EA94
:10E660000202C0F3130040F48010C1F1140120FA3B
:10E6700001F60992002CB8BF76429DED080B53ECD1
:10E68000102B9DED0C0B51EC100BFEF727FCCDE988
:10E690000C019DED0C0B51EC1A0B53EC102BFEF7FB
:10E6A0007CFB9FED6F0B0890CDE9085153EC102BCC
:10E6B0009DED080B51EC100BFEF716FC41EC1B0B0B
:10E6C0009FED690B53EC102B9DED080B51EC100BDB
:10E6D000FEF70AFC9DED0C0B41EC1C0B53EC102BD0
:10E6E0009DED080B51EC100BFEF7F8FB53EC1A2BC9
:10E6F000FEF7F7FB9FED5E1B53EC112BFEF7F4FBCF
:10E7000053EC1C2BFEF749FB41EC1A0B51EC1B0B95
:10E7100053EC1A2BFEF741FBCDE902019DED020BF4
:10E7200053EC1B2B51EC100BFEF7D8FB53EC1A2BC0
:10E73000FEF7D7FB9DED020B41EC1A0B53EC102BAF
:10E7400051EC100BFEF7D0FBCDE908014A489DEDD6
:10E75000080B0521784400F07FFC9DED081B51EC6F
:10E76000100B53EC112BFEF7BFFB9DED021B53EC7E
:10E77000112BFEF7B6FBCDE906019DED020B53EC24
:10E780001A2B51EC100BFEF7AFFB53EC1A2BFEF7D4
:10E7900004FB9FED3B0B41EC1A0B53EC102B9DED52
:10E7A000060B51EC100BFEF799FB9DED060B41ECAF
:10E7B0001B0B53EC102B9DED020B51EC100BFEF7D5
:10E7C00093FB53EC1B2BFEF701FC53EC1A2BFEF7CB
:10E7D00085FB9DED021B53EC112BFEF77FFB53ECE9
:10E7E000192BFEF77EFBCDE9020101EB0650011566
:10E7F0000029C8BF039015DC9DED020B324651EC99
:10E80000100BFEF7A7FDFEF7DFFE042808BF00F09F
:10E8100083FD32469DED020B51EC100BFEF79AFD85
:10E82000CDE902019DED020B51EC180B53EC102BBE
:10E83000FEF75AFBFFF73ABB0000904000000000D3
:10E84000FE822B654715973C00CC904000346F3F0B
:10E8500001FCFFFF0000E03F30130000FFFF0F004E
:10E8600000000000432EE63F396CA80C615C20BE1E
:10E87000EF39FAFE422EE63FA01100000000000032
:10E88000000000000000004010B52F499FED2C1B38
:10E890002DED020B84B0059820F000408842DCBFCB
:10E8A00000209DED040B32DD2849884209D10498EF
:10E8B00040B94FF0010000F065FD00F00DFD06B01D
:10E8C00010BD05DB9DED040B00F0F2FC06B010BDA1
:10E8D00068469DED040B00F0EBF810F0030011D03A
:10E8E000012818D09DED021B9DED000B02281AD0C7
:10E8F00000F0FAFA51EC100B81F0004106B041EC47
:10E90000100B10BD9DED021B9DED000B012000F0D2
:10E910001FFC06B010BD9DED021B9DED000B00F02D
:10E92000E3FA06B010BD012000F012FC51EC100B10
:10E9300081F0004106B041EC100B10BD000000005A
:10E940000000000000000000FB21E93F0000F07F14
:10E9500000B52DED048BB0EE409AF0EE609A83B0D6
:10E9600051EC190BFEF70DFD41EC180B18EE100AD7
:10E9700018EE901A8DED008B002818BF0120084377
:10E9800020F00040C0F17F6000F1E040C00F14D0E3
:10E9900019EE101A19EE900A8DED009B002918BF90
:10E9A0000121084320F00040C0F17F6000F1E04009
:10E9B000C00F04BF012000F0E5FCB0EE480A03B030
:10E9C000F0EE680ABDEC048B00BD000010B510EE3F
:10E9D000104A2DED028B4FF07F40B0EEC08AB0EBB5
:10E9E000440F55D318EE101A2C4A914220DD18EE30
:10E9F000101AB0EB410F1BD318EE101A284AF7EE8D
:10EA0000008A914207DD18EE101AB0EB410F28BFC3
:10EA1000B0EE680A35D238EE080AFEF78DFF70EEC8
:10EA2000280AB0EE001A81EE200A38EEC00A28E06B
:10EA300018EE101AB1F1665F0FDA18EE101AB0EB8B
:10EA4000410F0AD318EE100AFEF7D6FD042808BFBE
:10EA500000F080FCB0EE480A13E028EE080ADFED73
:10EA6000110ADFED111A9FED111A40EE210A60EE36
:10EA7000800A30EE010A80EE801AB0EE480A08EEF5
:10EA8000010A002CB8BFB1EE400ABDEC028B10BDEC
:10EA9000BDEC028BBDE8104000F04EBC549F0C3F13
:10EAA000B32C1041C6E252BFB2117BBB1A2A1E40E2
:10EAB0002DE9F14F04462DED020B2DED088B8AB0A8
:10EAC0009FEDE70B80ED020B139EE74826F0004513
:10EAD00085420ADC9DED120B002084ED000B0AB08C
:10EAE000BDEC088B03B0BDE8F08FE0489FEDE0ABD4
:10EAF0009FEDE1BBA84247DDE14F9FEDE39B9FED1A
:10EB0000E48B9DED120B53EC1A2B51EC100B002EE5
:10EB10001CDDFEF7E3F941EC100BBD4208D053ECCD
:10EB20001B2B51EC100BFEF7D9F9C4E900010BE0E7
:10EB300053EC192B51EC100BFEF7D0F953EC182BBA
:10EB4000FEF7CCF9C4E900010120C8E7FEF725F97A
:10EB500041EC100BBD4208D053EC1B2B51EC100BB9
:10EB6000FEF71BF9C4E900010BE053EC192B51EC43
:10EB7000100BFEF712F953EC182BFEF70EF9C4E94F
:10EB800000014FF0FF30AAE7C348A84279DB9DEDB2
:10EB9000120B51EC100B00F03CFE41EC180B9FEDFA
:10EBA000C00B53EC102BFEF79FF99FEDBF1B53ECEE
:10EBB000112BFEF7F2F8FEF789FA0746FEF775FA11
:10EBC00041EC190B53EC1A2BFEF78EF953EC182B72
:10EBD000FEF787F941EC180B53EC1B2B51EC190B8A
:10EBE000FEF782F9DFF8C8A241EC100B4FEA155886
:10EBF0000125FA4453EC102B51EC180BFEF76EF97B
:10EC0000032DC4E900013DD0C1F30A5005EB4511C5
:10EC1000A8EB00001139814234DA0AEB051BB0EE93
:10EC200048AA9BED000BF0EE68AA53EC102B51ECB8
:10EC3000190BFEF759F941EC1B0B51EC1A0B53EC75
:10EC40001B2BFEF74BF941EC180B51EC1A0B53EC54
:10EC5000182BFEF743F953EC1B2BFEF73FF99BED06
:10EC6000020B41EC1A0B53EC102B51EC190BFEF775
:10EC70003BF953EC1A2BFEF731F941EC100B6D1CEC
:10EC8000B8E70EE0002EA8BF3846BFF628AF94EDD7
:10EC9000000B51EC100B81F00041C4E900017842F7
:10ECA0001DE7C6F3130040F4801EC6F30A50A0F21D
:10ECB000F530471100F01F05C5F12000DDF848B020
:10ECC00008900020069007900520EC467949002D19
:10ECD00007EB0002794408BF51F8221009D051F81F
:10ECE000223001EB8201AB404A68089922FA01F117
:10ECF0001943A1FB0E26A1FB0B131A449A4234BF01
:10ED00000123002303EB06080CEB8003D3E901A6E3
:10ED10000E448E4234BF0121002192448A4411B135
:10ED2000924502D903E0924501D2012100E0002181
:10ED3000C3E901A641444CF82010011EA0F10100D6
:10ED4000C4DC029800F10050850F0298DDE90367EA
:10ED50008000DDF81480FEF7A8F941EC1A0B30466C
:10ED6000FEF7CEFB9FED541B53EC112BFEF7BCF8C6
:10ED700041EC1B0B3846FEF7C3FB9FED511B53ECD8
:10ED8000112BFEF7B1F841EC180B4046FEF7B8FB2B
:10ED90009FED4D1B53EC112BFEF7A6F841EC190B20
:10EDA00051EC180B53EC192BFDF7F7FF53EC1B2B11
:10EDB000FDF7F3FF53EC1A2BFDF7EFFFCDE9080148
:10EDC000002008909DED080B53EC1A2B51EC100B12
:10EDD000FEF784F853EC1B2BFEF780F853EC182B4E
:10EDE000FEF77CF853EC192BFEF77BF89FED381BF0
:10EDF00053EC112BFEF778F89FED370B41EC180B15
:10EE000053EC102B9DED080B51EC100BFEF76CF83A
:10EE100053EC182BFDF7C1FF9FED310B41EC180BA4
:10EE200053EC102B9DED080B51EC100BFEF75CF82A
:10EE300053EC182BFDF7B1FF41EC100B139810F0B9
:10EE4000004F06D06D4251EC100B81F0004141ECB7
:10EE5000100B284684ED000B41E600000000000086
:10EE60000000000000000000FB21E93F7CD90240C7
:10EE700000004054FB21F93F3163621A61B4D03D78
:10EE8000FB21F93F000000000000601A61B4D03D92
:10EE90007370032E8A19A33BFB2139410000000047
:10EEA00083C8C96D305FE43F000000000000E03F10
:10EEB000920D0000E00C0000000000000000103E79
:10EEC000000000000000103C000000000000103AAC
:10EED000182D4454FB21F93D3326A611460B113C55
:10EEE00000000054FB21F93D10B52DED040B2DED74
:10EEF000088B82B0B0EE419AF0EE619A0B9820F048
:10EF000000449FED4BABB4F1795F11DA9DED0A0B34
:10EF100051EC100BFEF7DAF8002801BFB0EE4A0AF8
:10EF2000F0EE6A0A02B0BDEC088B04BF04B010BD5D
:10EF30009DED0A0B53EC102B51EC100BFDF7D4FF99
:10EF400041EC180B3C480621B0EE480AF0EE680A86
:10EF5000784400F081F853EC182B51EC100BFDF7BE
:10EF6000C3FF9DED0A0B41EC1B0B53EC192B51EC2D
:10EF7000100BFDF7B9FF41EC190B53EC1B2B51ECB7
:10EF8000180BFDF7B1FF53EC192BFDF7A7FF9FED11
:10EF90002C0B41EC190B53EC102B51EC180BFDF71B
:10EFA000A3FF41EC100B2848844210DA53EC192BD4
:10EFB00051EC100BFDF792FF53EC1A2BFDF791FF6C
:10EFC00041EC100B02B0BDEC088B04B010BD1F4823
:10EFD000A042BCBF9FED1E1B8DED001B06DBA4F500
:10EFE00000100190002000909DED001B51EC100BD3
:10EFF00053EC112BFDF772FF9DED000B41EC180B4C
:10F0000053EC102B51EC1A0BFDF768FF41EC1A0B77
:10F0100053EC192B51EC180BFDF760FF53EC1A2B36
:10F02000FDF75FFF41EC100BCCE700000000000093
:10F03000000000000000F03FCC09000000000000CC
:10F04000000000000000E03F3333D33F0000E93F01
:10F05000000000000000D23F70B504462DED028B89
:10F060004D1E00EBC500B0EE408AF0EE608A90EDD8
:10F07000000B35F0060017D053EC182B51EC100B99
:10F08000FDF732FF41EC100B6D1E04EBC50090ED57
:10F09000001B51EC100B53EC112BFDF77EFE41ECE5
:10F0A000100B35F00600E7D1022D36D0042D1CD010
:10F0B000062D1CBFBDEC028B70BD53EC182B51EC20
:10F0C000100BFDF711FF94ED0A1B53EC112BFDF70C
:10F0D00064FE53EC182BFDF707FF94ED081B53EC6F
:10F0E000112BFDF75AFE41EC100B53EC182B51EC91
:10F0F000100BFDF7F9FE94ED061B53EC112BFDF7F9
:10F100004CFE53EC182BFDF7EFFE94ED040B53EC83
:10F11000102BFDF742FE41EC100B53EC182B51EC79
:10F12000100BFDF7E1FE94ED021B53EC112BFDF7E4
:10F1300034FE53EC182BFDF7D7FE94ED001B53EC77
:10F14000112BFDF72AFEBDEC028B41EC100B70BDBC
:10F1500031B504462DED040B2DED0A8BB0EE41BA0E
:10F16000F0EE61BA0B989DED0A0B20F00040B0F173
:10F17000795F0DDA51EC100BFEF726FA042808BF70
:10F1800000F0CAF89DED0A0BBDEC0A8B05B030BD4E
:10F1900053EC102B51EC100BFDF7A6FE41EC180BB5
:10F1A0009DED0A0B53EC182B51EC100BFDF79CFE58
:10F1B00041EC190B2C48B0EE480AF0EE680A052124
:10F1C0007844FFF749FF9FED2ACBB0EE40AAF0EE5E
:10F1D00060AA9CB353EC1C2B51EC190BFDF784FE79
:10F1E00041EC1C0B53EC1A2B51EC190BFDF77CFE78
:10F1F0009FED210B41EC190B53EC102B51EC1B0B29
:10F20000FDF772FE53EC192BFDF768FE53EC182B3B
:10F21000FDF76AFE53EC1B2BFDF760FE53EC1C2B35
:10F22000FDF75CFE9DED0A1B53EC112BFDF759FE1B
:10F23000BDEC0A8B05B041EC100B30BDFFE753EC81
:10F240001A2B51EC180BFDF74FFE53EC1C2BFDF75E
:10F25000A4FD53EC192BFDF747FE9DED0A1B53EC63
:10F26000112BFDF79AFDE3E78C0800000000000079
:10F27000495555555555C5BF000000000000E03FF9
:10F280009FED070B10B553EC102B9FED070B51ECC6
:10F29000100BFDF79BFE41EC100B10BD00000000B1
:10F2A0000000000000000000000000000000F03F2F
:10F2B00010B553EC102B51EC100BFDF76EFD41EC2B
:10F2C000100B10BD10B553EC112B51EC100BFDF7CA
:10F2D00064FD41EC100B10BD9FED050B10B553EC18
:10F2E000102B51EC100BFDF771FE41EC100B10BD13
:10F2F00000000000000000009FED050B10B553EC6E
:10F30000102B51EC100BFDF7EFFD41EC100B10BD75
:10F3100000000000000000709FED050B10B553ECDD
:10F32000102B51EC100BFDF7DFFD41EC100B10BD65
:10F33000000000000000001030EE000A704730EEC0
:10F34000200A70479FED020A20EE000A7047000075
:10F35000000000709FED020A20EE000A70470000D6
:10F360000000001002E008C8121F08C1002AFAD1EC
:10F3700070477047002001E001C1121F002AFBD135
:10F3800070470000014908607047000068040020D1
:10F390002DE9FF4F8DB00F460546002606E02528D3
:10F3A0000BD0DDE90F1290476D1C761C28780028E1
:10F3B000F5D111B03046BDE8F08F0024A246A14639
:10F3C0000122EC4900E0044315F8013F203B02FA1A
:10F3D00003F00842F7D128782A2810D06FF02F02C6
:10F3E0002878A0F13001092914D80AEB8A0102EB30
:10F3F000410144F0020400EB010A6D1CF0E701CF6B
:10F400005FEA000A03D544F40054CAF1000A44F04C
:10F4100002046D1C28782E2817D115F8010F44F02E
:10F4200004042A280ED06FF02F022878A0F13001B2
:10F4300009290AD809EB890102EB410100EB010916
:10F440006D1CF2E757F8049B6D1C28786C280FD0D0
:10F4500006DC4C2817D068280DD06A2814D104E0A7
:10F46000742810D07A280FD10DE044F400140AE07B
:10F4700044F4801401E044F440146978814202D1DC
:10F4800004F580146D1C6D1C2A786E2A1FD00CDCCC
:10F49000632A31D004DC002A8BD0582A11D1A3E092
:10F4A000642A68D0692A0CD165E0732A2ED004DC66
:10F4B0006F2A73D0702A04D19BE0752A6FD0782A06
:10F4C0006ED01046DDE90F129047761C50E1C4F370
:10F4D0000250022806D0032809D0042801CF09D001
:10F4E000066045E101CFF117C0E9006140E101CFBD
:10F4F00006803DE106703BE117F8040B8DF8000033
:10F5000000208DF80100EB46012003E057F804BB12
:10F510004FF0FF3061074FF0000102D40DE008F119
:10F520000101884649450FDA8045F8DB1BF80810D1
:10F530000029F4D108E008F1010188468142FADB94
:10F540001BF808100029F6D1DDE90F23AAEB08000B
:10F550008146214600F036F9304400EB080604E00D
:10F56000DDE90F121BF8010B9047B8F10108F7D243
:10F5700021464846F7E00A21C4F302534FF0000B3E
:10F580000891022B04D001CFC117032B09D00AE048
:10F59000FF1D27F00707F7E8020108E032E01FE04F
:10F5A00020E000B2C117042B01D140B2C117031EE5
:10F5B00071F1000307DA4FF0000CD0EB0C006CEB9C
:10F5C00001012D2302E0230504D52B238DF82430DF
:10F5D000012303E0E30701D02023F7E7984658E032
:10F5E0000A2110E010210EE010204FF0000B0890CF
:10F5F0000CE010214FF0000B44F004044FF0080918
:10F60000089103E008214FF0000B0891C4F3025366
:10F61000022B04D001CF0021032B06D006E0FF1DF2
:10F6200027F00707F7E8020103E080B2042B00D1BE
:10F63000C0B24FF0000823072BD5702A07D0DDF8A1
:10F6400020C08CF0100C5CEA0B0C05D00EE04023BF
:10F650008DF82430012308E050EA010306D030235E
:10F660008DF824308DF8252002239846DDF820C03F
:10F670008CF0080C5CEA0B0C0BD150EA010301D1B1
:10F68000630706D530238DF824304FF00108A9F127
:10F690000109582A04D038A20B9208AA0A920BE05A
:10F6A0003AA2F9E75B46089AFDF75EFD0B9B9B5C6F
:10F6B0000A9A521E0A92137050EA0102F2D10A9875
:10F6C000ADEB000000F1200B600702D524F480347C
:10F6D00001E04FF00109D94502DDA9EB0B0000E084
:10F6E000002000EB0B0141440890AAEB010AE00363
:10F6F00006D4DDE90F232146504600F063F80644A6
:10F700004FF0000908E009A911F80900DDE90F121E
:10F71000904709F10109761CC145F4DBE0030CD5E3
:10F72000DDE90F232146504600F04CF8064404E082
:10F73000DDE90F1230209047761C0899481E08908A
:10F740000029F5DC08E00A980A990078491C0A911A
:10F75000DDE90F129047761CBBF10001ABF1010B04
:10F76000F1DC21465046DDE90F2300F019F806448C
:10F770006D1C1BE609280100303132333435363731
:10F7800038396162636465660000000030313233ED
:10F79000343536373839414243444546000000008D
:10F7A0002DE9F041044600251E461746880404D47E
:10F7B00005E039462020B0476D1C641EF9D5284667
:10F7C000BDE8F0812DE9F041044600251E46904633
:10F7D000C80301D5302700E02027880404D505E0C0
:10F7E00041463846B0476D1C641EF9D52846BDE831
:10F7F000F0814A68002A06D00A68531C0B6010701A
:10F800004868401E486070470A68531C0B601070BF
:10F81000704782B0CDE9000121F0004001909DEDDC
:10F82000000B02B051EC100B704700B52DED048BAE
:10F8300083B041EC190BFDF7A4FD41EC180B18EE59
:10F84000100A18EE901A8DED008B002818BF0120C9
:10F85000084320F00040C0F17F6000F1E040C00F9D
:10F8600014D019EE101A19EE900A8DED009B0029A4
:10F8700018BF0121084320F00040C0F17F6000F173
:10F88000E040C00F04BF0120FFF77CFD51EC180BD6
:10F8900003B0BDEC048B00BD000000000000F03F91
:10F8A000000000000000F83F000000000000000021
:10F8B0000000004003B8E23F00000000000000002C
:10F8C00006D0CF43EBFD4C3E033333333333E33FBA
:10F8D000FFAB6FDBB66DDB3F4D268F515555D53FE6
:10F8E00001411DA96074D13F65DBC9934A86CD3FB4
:10F8F000EF4E454A287ECA3F3E5555555555C53FA2
:10F9000093BDBE166CC166BF2CDE25AF6A56113F93
:10F91000F16BD2C541BDBBBED0A4BE726937663E95
:10F920004C5555555555A53F7751C1166CC156BF1D
:10F930009015CB19A001FA3EAD529C804F7E92BE2D
:10F94000C4B1B4BD9EEE213ED43888BEE9FAA8BD4C
:10F950000000803F0030983F0000B53F0040D73F97
:10F9600000000000320A7E397F661E395B991F391C
:10F970000000803FF037983FF304B53FFD44D73F88
:10F98000000000000000000000004054FB21F93F8F
:10F990003163621A61B4D03D0000601A61B4D03D99
:10F9A0007370032E8A19A33B0000002E8A19A33B13
:10F9B000C14920259A837B39000000000000000027
:10F9C0006E83F9A22915444ED15727FCC0DD34F5CA
:10F9D000999562DB4190433CAB6351FE61C5BBDE50
:10F9E0003A6E24B7E0D24D42EA2E49061C92D10964
:10F9F0001CEB1DFE3EA729B1F53582E88444BB2EE1
:10FA000026709CE9417E5FB439D69139F43953832D
:10FA10008B5F849C3B28F9BDFF97F81F0F9805DE8C
:10FA20008B112FEF1F6D0A5ACF7E366DB709CB278A
:10FA3000663F464F2DEA5F9EC7BA27757BF1E5EB1F
:10FA4000F739073DEA92528AB15FFB6B085D8D1F63
:10FA5000A6F810111111813FD561C119A0012ABF6B
:10FA60007DFEB157E31DC73EEB9C2B8AE6E55ABEEF
:10FA70007CD5CF5A3AD9E53D98FA0008000000201D
:10FA80006C0400001AD50008A8FB00086C040020D4
:10FA9000149F010074F30008811BFF01041A020483
:10FAA0001A03041A04041A05041A06041A07041A8D
:10FAB00008041A09041A0A041A0B041A0C041A0D71
:10FAC00004112A0E051A0F0582101A8440C1195715
:10FAD00001B51AFCC81A2CBD1A200823F8021A5EB8
:10FAE0000C1A12081AB8081A580832A01A62082903
:10FAF000E01AD6051A1C0C1AB3081A0E041A1804B8
:10FB00005AA430014462FA223F1A8004111A4008B4
:10FB100019041AA0041AC0041B20410C19041AF07D
:10FB2000042334421A700434F0425032C82983232B
:10FB30001027180835FA8E3CC3F54830011A4B30AF
:10FB4000750409161C810273142D295C8F3E040173
:10FB5000161A48F41AC80401222342017269231CB0
:10FB6000021A2C1081323C320A32640213C8292B4B
:10FB7000290432F063CA0332875A840C012823DE39
:10FB8000091A9104035F77072B7A03CF49BC1F0240
:10FB9000030406070876490CA910C11AAA0101112D
:08FBA000023E281AFF0141009A
:040000050800018965
:00000001FF
