:020000040800F2
:10000000C0A50120EDF901084502000847020008DB
:100010004B0200084F0200085302000800000000D5
:100020000000000000000000000000009D0100082A
:100030005702000800000000E1010008072A02083A
:1000400007FA010807FA010807FA010807FA010888
:1000500007FA010807FA010807FA010807FA010878
:10006000AB040008EF04000807FA01081B030008AE
:10007000FD0200085D03000807FA01087502000888
:1000800007FA01088102000807FA010807FA0108C7
:1000900007FA010807FA010807FA010807FA010838
:1000A00007FA0108C7030008F303000807FA01086C
:1000B000F5030008230400084F04000807FA0108AC
:1000C00007FA010807FA010807FA0108A70400085F
:1000D00007FA01085D02000807FA010807FA01089B
:1000E00007FA010807FA010807FA010807FA0108E8
:1000F00007FA010807FA010807FA0108390300089E
:1001000007FA010807FA01087B040008A90400089F
:1001100007FA010807FA010899030008A503000877
:1001200007FA01089B020008CF02000807FA01083D
:1001300007FA010807FA010807FA010807FA010897
:1001400007FA010807FA010807FA010807FA010887
:10015000EF02000807FA010807FA010807FA010888
:1001600007FA010807FA010807FA010807FA010867
:1001700007FA010807FA010807FA010807FA010857
:1001800007FA010807FA0108DFF80CD023F0F6FEA1
:1001900000480047F3F60108C0A50120234B196869
:1001A0000868B0E8F04F80F309884FF0000080F352
:1001B000118870470000000003480068006880F361
:1001C000088862B600DF00BF08ED00E0DFF80C0031
:1001D000016841F470010160704700BF88ED00E0E4
:1001E000EFF30980114B1A681EF0100F08BF20EDC5
:1001F000108A20E9F04F106008B54FF0140080F32A
:10020000118822F0C8FF4FF0000080F31188BDE88C
:10021000084019680868B0E8F04F1EF0100F08BFDA
:10022000B0EC108A80F30988704700BFBC0500203D
:10023000EFF311804FF0140181F31188704780F3C0
:1002400011887047704700BFFEE700BFFEE700BFA0
:10025000FEE700BFFEE770477047704710B540F2F9
:100260002551A34821F0E3FC18B12021A04821F03A
:10027000D5FC10BD10B59F499F4820F00DFC10BD66
:1002800010B59E499C48303020F0DCFB20B19B49E2
:100290009948303020F000FC10BD10B598499948BD
:1002A00020F0D0FB90B19649964820F0F5FB02F083
:1002B0005BF800219048303820F01AFB0821914863
:1002C00020F037FB01218F4820F012FB10BD10B544
:1002D0008D498C48183020F0DFFB8C4840788B49E2
:1002E000097840EA012000B28949088010BD10B5A4
:1002F00088498448603020F0CFFB10BD10B580499C
:100300007D48483820F09EFB30B17D497A48483816
:1003100020F0C2FB00F0B9FA10BD10B57E49764856
:10032000603820F08FFB30B17B497348603820F093
:10033000B3FB02F019F810BD10B578496E4848308B
:1003400020F080FB48B100216B48483020F0D0FA03
:1003500072496948483020F09FFB10BD10B56A49CA
:100360006548303820F06EFBA8B1674962483038E4
:1003700020F092FB01F039FD00215F48303820F079
:10038000B7FA08215C48303820F0D3FA01215A48E6
:10039000303820F0ADFA10BD10B50121604821F0D1
:1003A000A3F910BD10B501215E4821F09DF97A2016
:1003B0004F49888001215C4821F048FB01215B48BE
:1003C00021F044FB10BD10B50121594821F08CF9F2
:1003D0005748008800F0100028B156480068401EB9
:1003E0005449086004E053480068401C51490860C3
:1003F00010BD704710B50121880721F075F94FF045
:100400008040008800F0100028B14B480068401E72
:100410004949086004E048480068401C46490860B3
:1004200010BD10B50121454821F05EF94348008810
:1004300000F0100028B142480068401E40490860A2
:1004400004E03F480068401C3D49086010BD10B5FD
:1004500001213C4821F048F93A48008800F010009A
:1004600028B139480068401E3749086004E0364822
:100470000068401C3449086010BD10B501213348A4
:1004800021F032F93148008800F0100028B13048DE
:100490000068401E2E49086004E02D480068401C9A
:1004A0002B49086010BD7047704710B5042020F03C
:1004B0008BFBD8B1202127481FF00FFC04212648D0
:1004C0001FF0E6FB012804D10021164820F08CFC27
:1004D00009E0042120481FF0DBFB20B9114820F07F
:1004E00087FC1E49086004201D49086010BD704744
:1004F0000010014020800020706002400080202019
:100500000088001028640240008020107A08002033
:100510008C0000200088002020800010008000282F
:10052000001000400014004000480040001401404A
:10053000000001406C00002070000020000400401A
:10054000740000200008004088000020000C0040DB
:100550007800002000000240000C024068000020EB
:10056000143C014070B50446204623F0FDF90546D1
:100570002146F94823F0FFF9A8B140F22B12214699
:10058000F54823F0E5F90021F44820F0B1F9F248EC
:10059000F2490C310860F148B838C0F8BC5001216C
:1005A000EE4820F0A5F970BD70B50446002510E0B6
:1005B000605D68B1615DEA4821F073FA00BF802197
:1005C000E74821F01EFB0028F9D0681CC5B200E006
:1005D00070BDEDE770B5044600250FE05CB1214623
:1005E000DF4821F05EFA00BF8021DD4821F009FBE1
:1005F0000028F9D000E070BD681CC5B2032DEDDB0A
:1006000000BFF8E713B50C460020FFF7E3FFD5A0C5
:10061000FFF7CAFF2346D4A29621D44823F0ECFC6E
:10062000D248FFF7C1FFD2A0FFF7BEFFCEA29621AE
:10063000CE48009B23F0E0FCCC48FFF7B5FFCEA0EE
:10064000FFF7B2FFFF20FFF7C5FFFF20FFF7C2FF54
:10065000FF20FFF7BFFF1CBD70B505460C46C1A0CB
:10066000FFF7A2FF2246C0A1C04823F0DDFCBF482F
:10067000FFF79AFFBEA0FFF797FF2846FFF794FF0A
:10068000BDA0FFF791FFFF20FFF7A4FF70BD77B576
:1006900085B00546FF26B6A103C9CDE90301B6A082
:1006A00000680290AFA00068019000240AE00020DA
:1006B000B2490855B2490855AC490855A6490855EC
:1006C000601CC4B21E2CF2DB0A20A8490870FF206F
:1006D00048708870C870A4A1A948079A23F0A4FCA8
:1006E000A74901A823F028F901A9A04823F024F97B
:1006F00003A99E4823F020F929469C4823F01CF9C1
:1007000099A19F48069A23F08FFC9D49974823F0B2
:1007100013F902A9954823F00FF9FF2097490870B3
:1007200048708870914823F007F99048FFF71AFF46
:1007300008B070BDF7B584B005460E46FF278CA102
:1007400003C9CDE902018CA00068019085A0006872
:100750000090002408E00020884908558849085581
:1007600082490855601CC4B20A2CF4DB0A207F4978
:100770000870FF2048708870C8707BA18048069A76
:1007800023F052FC7E49684623F0D6F86946774844
:1007900023F0D2F802A9754823F0CEF82946734811
:1007A00023F0CAF83146714823F0C6F801A96F4812
:1007B00023F0C2F8FF20714908704870887000204B
:1007C000C8700871694823F0B7F86848FFF7CAFE97
:1007D00007B0F0BD01B58EB06AA2322101A80E9B10
:1007E00023F00AFC01A8FFF7BDFE0FB000BD73B5F2
:1007F00084B00546FF265EA103C9CDE902015EA0D3
:100800000068019057A00068009000240AE00020D2
:100810005A4908555A490855544908554E490855EA
:10082000601CC4B21E2CF2DB0A2050490870FF2065
:1008300048708870C8704CA15148059A23F0F4FBA9
:100840004F49684623F078F86946484823F074F821
:1008500002A9464823F070F82946444823F06CF872
:100860004749424823F068F801A9404823F064F85A
:10087000FF2042490870487088703C4823F05CF8BB
:100880003A48FFF76FFE06B070BD10B52DED0C8B2A
:1008900082B03F4800783E49497808443C4989780D
:1008A00008443B49C978084439490979084438491A
:1008B000497908443649897908443549C979084451
:1008C0003349097A0844C0B201903148007A00F0F7
:1008D0000F0000909FED2F0AB0EE40DA2C48407ACE
:1008E0000199884272D12A48007A00F00F000D2841
:1008F0006CD127488078C0F17F0000EE100AB8EE76
:10090000C08A2348C078813800EE100AF8EEC08A09
:10091000B5EEC08AF1EE10FA03D1B7EE000AB0EEE0
:10092000408AF5EEC08AF1EE10FA03D1B7EE000A64
:10093000F0EE408ABDEEC80A10EE102A002A01DB54
:10094000134600E05342BDEEE80A10EE100A0028FC
:1009500022DB044621E0000032070020B86002409C
:10096000005000407400000025640000FC050020D9
:100970002E7478743D22000022000000E206002060
:10098000BA0600206A302E76616C3D2564000000B6
:10099000BB080020DB0F49404442191901EBD17319
:1009A0005B10FE4C2360BDEEE80A10EE101A002921
:1009B00001DB0A4600E04A42322A0FDABDEEC80ADD
:1009C00010EE100A002802DB024601E02FE042424E
:1009D000322A03DA0020F249086030E018EE900A6B
:1009E00023F08FF941EC1B0B18EE100A23F089F964
:1009F00041EC1C0BB0EE4B1AF0EE6B1AB0EE4C0A49
:100A0000F0EE6C0A23F0BCFCB0EE40AAF0EE60AA57
:100A10009FEDE40B53EC102B51EC1A0B23F060F814
:100A200041EC190B23F04EF9DD49086007E09DF811
:100A300000000D2803D00021DC4821F007F802B0A7
:100A4000BDEC0C8B10BDDA48007A00F00F000D28C9
:100A500006D1D748007800F0010008B10D2070479A
:100A60000020FCE7D248007800F0100008B1002018
:100A700070470120FCE71CB54FF0804020F0B8F92A
:100A8000CC49096840EA01400C2190FBF1F000904C
:100A9000002418E04FF0804020F0AAF9C549096809
:100AA00040EA01400C2190FBF1F00190DDE90021CA
:100AB000881A002801DB014600E04142052900DADE
:100AC000641C01980090022CE4DB019840421CBD9C
:100AD0001CB5B94820F08CF9B849096840EA0140D2
:100AE0000C2190FBF1F00090002417E0B24820F0B8
:100AF0007FF9B249096840EA01400C2190FBF1F00E
:100B00000190DDE90021881A002801DB014600E0A0
:100B10004142052900DA641C01980090022CE5DBB3
:100B200001981CBD1CB5A64820F062F9A5490968CA
:100B300040EA01400C2190FBF1F00090002417E006
:100B40009F4820F055F99F49096840EA01400C216F
:100B500090FBF1F00190DDE90021881A002801DB0B
:100B6000014600E04142052900DA641C019800902A
:100B7000022CE5DB01981CBD1CB5934820F038F928
:100B80009249096840EA01400C2190FBF1F0009085
:100B9000002417E08C4820F02BF98C49096840EAC2
:100BA00001400C2190FBF1F00190DDE90021881A51
:100BB000002801DB014600E04142052900DA641CFF
:100BC00001980090022CE5DB01981CBD01B581B0B5
:100BD00000200090019800EBC0004000009002E06F
:100BE0000098401E009000980028F9D10CBD01B576
:100BF00081B00020009044F2506101984843009079
:100C000002E00098401E009000980028F9D10CBD29
:100C10001CB501211F201FF01FFA4FF6FF70009036
:100C200001208DF8040000208DF8060001208DF8C9
:100C3000070003208DF80500694665481EF0C6FFD1
:100C40004FF6FF70009001208DF8040000208DF811
:100C5000060001208DF8070003208DF80500694685
:100C60005C481EF0B3FF4FF6FF70009001208DF836
:100C7000040000208DF8060001208DF807000320F5
:100C80008DF80500694654481EF0A0FF1CBD1CB538
:100C900001217E201FF0E0F94FF4CE50009000209B
:100CA0008DF8040001208DF8070002208DF8050062
:100CB00069464A481EF08AFF4FF6C7400090002060
:100CC0008DF8040001208DF8070002208DF8050042
:100CD00069463F481EF07AFF4FF4417000900020B3
:100CE0008DF8040001208DF8070002208DF8050022
:100CF000694638481EF06AFF4CF603400090002019
:100D00008DF8040001208DF8070002208DF8050001
:100D1000694631481EF05AFF4FF4266000900020CB
:100D20008DF8040001208DF8070002208DF80500E1
:100D300069462B481EF04AFF1CBD1FB54FF4E0600A
:100D40001EF066FE36208DF8000000208DF80100B0
:100D50008DF8020001208DF8030068461EF05DFE4C
:100D6000012110201FF0ABF93220ADF8040040F251
:100D7000E73002900020ADF80C00ADF8060001A9A4
:100D800018481FF0E8FF0121164820F0ADFC0122B1
:100D90001146144820F080FC002125E0CC00002002
:100DA000C800002000000080A9E781400048004002
:100DB000BB080020700000200004004074000020E8
:100DC0000008004088000020000C0040780000204F
:100DD0000004024000080240000C024000000240F3
:100DE0000010024000100040FE481FF0FDFF0121EE
:100DF000FC4820F039F81FBD1FB54FF4E0601EF02D
:100E000007FE37208DF8000000208DF801008DF8D6
:100E1000020001208DF8030068461EF0FEFD01214E
:100E200020201FF04CF93220ADF8040040F2E730EA
:100E300002900020ADF80C00ADF8060001A9EA48C8
:100E40001FF089FF0121E84820F04EFC01221146E5
:100E5000E54820F021FC0021E3481FF0C5FF0121F7
:100E6000E14820F001F81FBD00B58BB00121022040
:100E70001FF036F901210C201FF0EEF803220621A5
:100E8000DA481EF02EFF03220721D8481EF029FF62
:100E900003220821D5481EF024FF03220921D3484C
:100EA0001EF01FFF4FF47070069002208DF81C009A
:100EB00003208DF81D0000208DF81E0001208DF804
:100EC0001F0006A9C9481EF081FEA420ADF820002D
:100ED00040F6B83009904FF48070ADF8280000203B
:100EE000ADF8220008A9C2481FF035FF6020ADF818
:100EF00004000120ADF8060000200390ADF81000BA
:100F00000121BB481FF0B0FF0021B9481FF06CFF62
:100F100001A9B7481FF0B4FF01A9B5481FF0E9FFC8
:100F200001A9B34820F032F801A9B14820F094F8A3
:100F30000121AF4820F089FB0BB000BD00B58BB09C
:100F4000012108201FF0BBF8012108461FF084F89A
:100F500002220021A7481EF0C4FE02220121A5485A
:100F60001EF0BFFE02221146A2481EF0BAFE022267
:100F70000321A0481EF0B5FE0F20069002208DF838
:100F80001C0003208DF81D0000208DF81E0001209C
:100F90008DF81F0006A997481EF018FEBA20ADF87C
:100FA000200042F2107009900020ADF82800ADF842
:100FB000220008A990481FF0CEFE6020ADF8040082
:100FC0000120ADF8060000200390ADF810000121CB
:100FD00089481FF049FF002187481FF005FF01A93C
:100FE00085481FF04DFF01A983481FF082FF01A92A
:100FF00081481FF0CBFF01A97F4820F02DF8012187
:101000007D4820F022FB0BB000BD00B58BB0012164
:1010100004201FF054F801210D201FF01DF80222BA
:101020000C2176481EF05DFE02220D2173481EF051
:1010300058FE02220E2171481EF053FE02220F219B
:101040006E481EF04EFE4FF47040069002208DF860
:101050001C0003208DF81D0000208DF81E000120CB
:101060008DF81F0006A965481EF0B0FDA420ADF85C
:10107000200040F6B83009904FF48070ADF8280099
:101080000020ADF8220008A95D481FF064FE602032
:10109000ADF804000120ADF8060000200390ADF883
:1010A0001000012156481FF0DFFE002154481FF0B8
:1010B0009BFE01A952481FF0E3FE01A950481FF012
:1010C00018FF01A94E481FF061FF01A94C481FF00D
:1010D000C3FF0BB000BD00B589B0012108041EF0AC
:1010E000FFFF012108461EF0B7FF032211464148C9
:1010F0001EF0F7FD032202213E481EF0F2FD0C20F7
:10110000019002208DF8080003208DF809000020CE
:101110008DF80A0001208DF80B0001A935481EF05A
:1011200055FD0020ADF818004FF6FF700790002025
:10113000ADF82000ADF81A0006A932481FF00BFEEA
:101140000420ADF80C000020ADF80E00C820ADF86A
:1011500014000120ADF8100003A92A4820F0D2F9AC
:1011600000231A460321284820F069FB0121264864
:1011700020F0BAFA01221146234820F08DFA01210D
:1011800020481FF071FE00211F481FF02DFE09B0FE
:1011900000BD00B589B0012108461EF090FF012175
:1011A00002201EF08CFF012103201EF055FF0122BA
:1011B0000F2110481EF095FD0122032113481EF057
:1011C00090FD0222042111481EF08BFD0222052110
:1011D0000E481EF086FD3820019002208DF8080090
:1011E000032015E0001000400014004000080240F9
:1011F0000004014000000240000C0040000C0240CE
:10120000000800400000014000400140000402408E
:101210008DF8090000208DF80A0001208DF80B00E0
:1012200001A9FE481EF0D2FC4FF4004001900220BC
:101230008DF8080003208DF8090000208DF80A00C1
:1012400001208DF80B0001A9F5481EF0BFFC00201D
:10125000ADF818004FF6FF7007900020ADF82000A1
:10126000ADF81A0006A94FF080401FF074FD06A9E2
:10127000EC481FF070FD0420ADF80C000220ADF822
:101280000E001420ADF814000120ADF8100003A9E1
:10129000800720F037F903A9E24820F033F9022350
:1012A0001A460321580720F0CAFA02231A460321DE
:1012B000DC4820F0C4FA0121880720F015FA01214A
:1012C000D84820F011FA01221146900720F0E4F9E5
:1012D00001221146D34820F0DFF9012188071FF0D1
:1012E000C3FD0121CF481FF0BFFD00214FF080401A
:1012F0001FF07AFD0021CB481FF076FD4FF4C0604F
:101300001EF086FB1D208DF8000003208DF80100E3
:1013100000208DF8020001208DF8030068461EF0C1
:101320007CFB1C208DF8000004208DF801000020BB
:101330008DF8020001208DF8030068461EF06DFB59
:1013400009B000BD00B589B0012108461EF0C8FEF5
:10135000012110201EF080FE4FF420600190022039
:101360008DF8080003208DF8090000208DF80A0090
:1013700001208DF80B0001A9AB481EF027FC0122CB
:101380000921A9481EF0ADFC01220B21A6481EF040
:10139000A8FC0020ADF818004FF6FF700790002061
:1013A000ADF82000ADF81A0006A9A0481FF0D3FC44
:1013B0000420ADF80C000020ADF80E000A20ADF8B6
:1013C00014000120ADF8100003A9984820F09AF805
:1013D00000231A460321954820F031FA0121934851
:1013E00020F082F901221146904820F055F90121A0
:1013F0008E4820F079F9012211468C4820F04CF9F2
:1014000001218A481FF030FD002188481FF0ECFCC4
:101410004FF4C0601EF0FCFA19208DF80000012086
:101420008DF8010000208DF8020001208DF80300E6
:1014300068461EF0F2FA09B000BD00B589B001217E
:1014400004201EF03CFE012108201EF005FE4FF492
:101450004050019002208DF8080003208DF809000B
:1014600000208DF80A0001208DF80B0001A97048BA
:101470001EF0ACFB0020ADF818004FF6FF7007908F
:101480000020ADF82000ADF81A0006A969481FF049
:1014900062FC02220C2166481EF023FC02220D2170
:1014A00063481EF01EFC0420ADF80C000220ADF8CD
:1014B0000E00C820ADF814000120ADF8100003A9FB
:1014C0005C4820F01FF802231A460321594820F0F7
:1014D000B6F90121574820F007F901221146554875
:1014E00020F0DAF8012153481FF0BEFC00215148DA
:1014F0001FF07AFC00204F491431088001204D492B
:1015000008804FF4C0601EF083FA1E208DF80000A2
:1015100004208DF8010000208DF8020001208DF8D4
:10152000030068461EF079FA09B000BD00B589B025
:10153000012108201EF0C3FD012108461EF08CFD8C
:101540000320019002208DF8080003208DF8090087
:1015500000208DF80A0001208DF80B0001A9304809
:101560001EF034FB0020ADF818004FF6FF70079016
:101570000020ADF82000ADF81A0006A92E481FF093
:10158000EAFB0222002126481EF0ABFB02220121C9
:1015900023481EF0A6FB0420ADF80C000220ADF895
:1015A0000E00C820ADF814000120ADF8100003A90A
:1015B00021481FF0A7FF02231A4603211E4820F0EE
:1015C0003EF901211C4820F08FF8012211461A48EB
:1015D00020F062F8012118481FF046FC002116484F
:1015E0001FF002FC00201449143108800120124928
:1015F00008804FF4C0601EF00BFA32208DF8000016
:1016000004208DF8010000208DF8020001208DF8E3
:10161000030068461EF001FA09B000BD0004024054
:1016200000000240000400400010024000000140A1
:10163000000C024000080040000C004000B59BB0C8
:101640000121FE481EF008FD012108021EF048FDA0
:1016500000200290FA480390FA4804900020059078
:101660000E200690002007904FF480600890400004
:10167000099080000A9040110B9040020C900020CD
:101680000D9001200E9000200F90109002A9EE48BE
:101690001FF0F4F80121EC481FF02AF9FC2000901B
:1016A00003208DF8040000208DF807006946E74804
:1016B0001EF08CFA4FF44070009003208DF8040067
:1016C00000208DF807006946E1481EF07FFA3F20B0
:1016D000009003208DF8040000208DF80700694673
:1016E000DC481EF073FA002011904FF44030129045
:1016F00000201390149011A81EF026FE4FF0807069
:10170000159001208DF858008DF859000020179091
:10171000189019900E208DF8680015A9C8484C380B
:101720001EF0E3FD072301220221C5484C381EF0BC
:1017300062FE072302220321C1484C381EF05BFEE3
:10174000072303220421BE484C381EF054FE072311
:1017500004220521BA484C381EF04DFE072305220D
:101760000621B7484C381EF046FE072306221946CC
:10177000B3484C381EF03FFE07231A460821B048F4
:101780004C381EF038FE072308220921AC484C389B
:101790001EF031FE072309220A21A9484C381EF009
:1017A0002AFE07230A220B21A5484C381EF023FEEF
:1017B00007230B220C21A2484C381EF01CFE0723E5
:1017C0000C220D219E484C381EF015FE07230D22D9
:1017D0000E219B484C381EF00EFE07230E220F21CF
:1017E00097484C381EF007FE012195484C381EF0F2
:1017F000ADFE012192484C381EF09DFE012190481B
:101800004C381EF0B8FD8E484C381EF050FE1BB010
:1018100000BD08B54FF4E0601EF0FAF825208DF801
:10182000000000208DF801008DF8020001208DF8E5
:10183000030068461EF0F1F808BD10B596B00446E6
:10184000012110201EF04CFC012108461EF004FC72
:10185000012188051EF000FC4FF4C06000900220BA
:101860008DF8040000208DF806008DF80700022096
:101870008DF80500694675481EF0A8F90722092170
:1018800072481EF02EFA07220A2170481EF029FA2B
:1018900002940020ADF80C00ADF80E00ADF8100079
:1018A000ADF814000C20ADF8120002A96A4820F02F
:1018B00045F80121684820F0C9F84FF4A0601EF0F7
:1018C000A7F83A208DF8180000208DF819008DF83F
:1018D0001A0001208DF81B0006A81EF09EF85A4839
:1018E00030301EF029FF4FF00060079000200A9072
:1018F0005A4809900A200B905748001D0890002074
:101900000C904FF480600D9000200E900F904FF4DB
:1019100080701090400211900420129003201390C8
:1019200000201490159007A9474830301EF0A6FFFC
:1019300001224021484820F036F901221021424876
:1019400030301FF062F801213F4830301EF0D0FFE8
:1019500016B010BD10B596B00446012148051EF022
:101960007BFB012148041EF0AAFB012108201EF088
:1019700073FB6020009002208DF8040000208DF899
:1019800006008DF8070002208DF8050069463448EE
:101990001EF01CF90722052131481EF0A2F907228A
:1019A00006212F481EF09DF902940020ADF80C008E
:1019B000ADF80E00ADF81000ADF814000C20ADF835
:1019C000120002A927481FF0B9FF0121254820F085
:1019D0003DF84FF4A0601EF01BF811208DF81800A0
:1019E00000208DF819008DF81A0001208DF81B00D9
:1019F00006A81EF012F81C481EF09EFE4FF0006074
:101A0000079040200A901948099050200B901548E3
:101A1000001D089000200C904FF480600D90002075
:101A20000E900F904FF4807010904002119004209F
:101A30001290032013900020149019E0070040003A
:101A40004C2001405E08002010640240000002406B
:101A50000004024000080240001001407A08002003
:101A6000000C024000440040A0600240040000203E
:101A7000159007A9FE481EF001FF01228021FD48B4
:101A800020F091F801228021FA4820F08CF8012200
:101A90001021F7481EF0B9FF0121F5481EF028FF7C
:101AA00016B010BD10B596B00446012188041EF092
:101AB00006FB012108201EF0CFFA012148051EF087
:101AC000CBFA4FF44070009002208DF80400002003
:101AD0008DF806008DF8070002208DF80500694694
:101AE000E5481EF073F807220821E3481EF0F9F8D4
:101AF00007220921E0481EF0F4F802940020ADF816
:101B00000C00ADF80E00ADF81000ADF814000C207C
:101B1000ADF8120002A9D9481FF010FF0121D748E3
:101B20001FF094FF4FF4A0601DF072FF0C208DF8A1
:101B3000180000208DF819008DF81A0001208DF88A
:101B40001B0006A81DF069FFC94878381EF0F4FD97
:101B50004FF00060079000200A90C94809900A20C1
:101B60000B90C648001D089000200C904FF4806038
:101B70000D9000200E900F904FF480701090400256
:101B800011900420129003201390002014901590BF
:101B900007A9B74878381EF071FE01224021B748E6
:101BA00020F001F801224021B4481FF0FCFF01227F
:101BB0001021AF4878381EF028FF0121AC48783852
:101BC0001EF096FE16B010BD10B596B00446012169
:101BD000C8041EF074FA012104201EF03DFA012110
:101BE00048051EF039FA4FF44060009002208DF84D
:101BF000040000208DF806008DF8070002208DF803
:101C0000050069469F481DF0E1FF08220A219D4812
:101C10001EF067F808220B219A481EF062F8029421
:101C20000020ADF80C00ADF80E00ADF81000ADF8D6
:101C300014000C20ADF8120002A993481FF07EFE9C
:101C4000012191481FF002FF4FF4A0601DF0E0FE5B
:101C50000D208DF8180003208DF8190001208DF853
:101C60001A008DF81B0006A81DF0D7FE80486038CA
:101C70001EF062FD4FF00060079000200A9083483C
:101C8000099008200B908048001D089000200C90BF
:101C90004FF480600D9000200E900F9010904FF444
:101CA0000030119000201290032013900020149017
:101CB000159007A96E4860381EF0E0FD0122402112
:101CC00071481FF070FF012280216F481FF06BFFE9
:101CD00001221021664860381EF097FE01216448F9
:101CE00060381EF005FE16B010BD70B5684C246853
:101CF000642C00DB70BD674C248804EB8404664DC3
:101D00002C446070634C248804EB84042C44A17040
:101D1000604C248804EB84042C44E2705D4C2488DD
:101D200004EB84042C4423715A4C2488641C6425DD
:101D300094FBF5F605FB1644564D2C80544C246854
:101D4000641C534D2C6000BFD4E701465048006826
:101D500008B9002070475148008800EB80004E4AC7
:101D6000104402680A60007908710120F2E7014618
:101D70004748006808B9002070474848008800EBD1
:101D80008000454A104402680A600079087143489F
:101D90000088401C642290FBF2F302FB13003F4AD0
:101DA00010803B480068401E394A10600120E3E77C
:101DB0000CB56846FFF7DBFF0020394908700CBD01
:101DC0000346012B03DB062B01DC18467047012973
:101DD00003DB062901DC0846F8E7012A03DB062AB3
:101DE00001DC1046F2E70020F0E710B52748007844
:101DF0002649497808442549897808442349C978FF
:101E00000844224909790844204949790844C4B260
:101E10001E480078022800D010BD1C48C079032855
:101E200000D0F9E719488079A04271D1174840786D
:101E30001C490870154880781B4908701348C07801
:101E40001A49087011480079194908700F484079FB
:101E5000184908701348007801282FD112480078DB
:101E600002282BD10846007813490860D0E0000012
:101E7000A060024000440040000C024000480040C6
:101E8000BB08002000080240004C00409B020020DC
:101E9000B8020020BC020020CA080020BE020020B8
:101EA000C1020020A3020020A4020020A5020020FD
:101EB000A6020020A7020020C4020020FE480078ED
:101EC000022807D1FD480078012803D10020FC49F1
:101ED00008609DE0F848007802280AD1F7480078A9
:101EE0000A2806D1F7480078012802D1F64908608F
:101EF0008EE0F148007802280BD1F04800780A28DB
:101F000007D1F0480078022803D1EF4908607FE04C
:101F100075E0E948007802280AD1E84800780928E5
:101F200006D1E8480078012802D1E84908606FE04E
:101F3000E148007802280AD1E0480078092806D153
:101F4000E0480078022802D1E049086060E0DA4801
:101F50000078022822D1D948007802281ED1DC4816
:101F60000378DC480278D7480178D4480078FFF736
:101F7000BCFED448007848BBD6480078012807D07A
:101F8000D4480078022803D0D248007803283FD1F3
:101F9000D1480068401CD049086039E0C648007844
:101FA000022814D1C5480078032810D1C848027807
:101FB000C8480178C3480078FFF702FFC7490860A6
:101FC0000846006810B10120C549086020E0BA4801
:101FD000007802281CD1B9480078042818D1B948E3
:101FE0000078C0490860BB480078BF490860B8481D
:101FF0000078BE4908600120BD49086008E0FF2064
:10200000AE490870AF490870B2490870B04908700D
:1020100000BF01E7B0480068022803D10120B5499C
:10202000086002E00020B3490860704710B596B020
:102030000446012148051EF00FF8012108051EF095
:102040003EF801210C201EF007F804200090022029
:102050008DF8040000208DF806008DF8070002209E
:102060008DF805006946A4481DF0B0FD4FF480507E
:10207000009002208DF8040000208DF806008DF8F5
:10208000070002208DF8050069469C481DF09EFD62
:102090000822022198481DF024FE08220C219748AE
:1020A0001DF01FFE4FF4A0601DF0B2FC2F208DF834
:1020B000180005208DF819008DF81A0001208DF800
:1020C0001B0006A81DF0A9FC0B208DF818000520A8
:1020D0008DF819008DF81A0001208DF81B0006A854
:1020E0001DF09BFC02940020ADF80C00ADF80E0032
:1020F000ADF81000ADF814000C20ADF8120002A9E4
:102100007F481FF01BFC01217D481FF09FFC7D488C
:102110001EF012FB4FF00060079040200A907A48B2
:1021200009900A200B907648001D089000200C9022
:102130004FF480600D9000200E900F9010904FF49F
:102140000030119000201290032013900020149072
:10215000159007A96B481EF091FB6A48A8381EF03D
:10216000EBFA4FF00060079000200A906748099052
:1021700005200B906248001D089000200C904FF441
:1021800080600D9000200E900F9010904FF4003062
:1021900011900020129003201390002014901590AD
:1021A00007A95848A8381EF069FB0122802154482D
:1021B0001FF0F9FC0122402151481FF0F4FC0122DC
:1021C000102150481EF021FC012210214D48A83852
:1021D0001EF01BFC01214B481EF08AFB01214948DF
:1021E000A8381EF085FB16B010BD10B596B0044699
:1021F000012120201DF074FF012104201DF02CFF7F
:10220000012188051DF028FFC020009002208DF8D4
:10221000040000208DF806008DF8070002208DF8DC
:102220000500694635481DF0D1FC082206213348D7
:102230001DF057FD0822072130481DF052FD029481
:102240000020ADF80C00ADF80E00ADF81000ADF8B0
:1022500014000C20ADF8120002A92D481FF06EFBEF
:1022600001212B481FF0F2FB4FF4A0601DF0D0FBC2
:1022700039208DF8180003208DF8190001208DF801
:102280001A008DF81B0006A81DF0C7FB21481EF0A0
:1022900053FA4FF02060079000200A901E480990E2
:1022A00008200B901A48001D089000200C904FF455
:1022B00080600D90002031E0A3020020A4020020E5
:1022C000C8020020A5020020DC020020E402002059
:1022D000A7020020A6020020EC020020CC02002071
:1022E000E8020020D0020020D4020020D802002002
:1022F000E00200202C020020000C024000080240F6
:1023000000500040B860024032070020BE0A0020A2
:102310000014014028640240F00200200E900F904B
:1023200010904FF400301190002012900320139071
:1023300000201490159007A9E6481EF09FFA01228C
:102340004021E5481FF02FFC01228021E2481FF0C8
:102350002AFC01221021DF481EF057FB0121DD4835
:102360001EF0C6FA16B010BDDC490978DB4A527877
:102370001144DA4A92781144D84AD2781144D74AA3
:1023800012791144D54A52791144C8B2D349097817
:10239000022900D07047D149C979032900D0F9E753
:1023A000CE498979814218D1CC494978CC4A1170FB
:1023B000CA498978CB4A1170C849C978CA4A11708C
:1023C000C6490979C94A1170C4494979C84A117086
:1023D000C6490978C74A117006E0FF21C24A117048
:1023E000C24A1170C24A117000BFD3E700B585B070
:1023F000012108201DF030FE012188031DF070FE30
:1024000000208DF8100001208DF813000C2003909F
:1024100003A9B9481DF0DAFB022103201FF05CFC80
:102420000420009000208DF8040010208DF8050095
:1024300001208DF8060068461EF060FB08208DF82C
:10244000080000208DF809008DF80A0001208DF8A1
:102450000B0002A81DF0E1FA05B000BD70B50446FE
:102460000D46012C0BD12946A4481FF01AFB00BFD2
:102470004021A2481FF0C5FB0028F9D036E0032C0C
:102480000BD129469E481FF00CFB00BF40219C4801
:102490001FF0B7FB0028F9D028E0042C0BD1294607
:1024A00098481FF0FEFA00BF402196481FF0A9FB94
:1024B0000028F9D01AE0052C0BD1294692481FF0CC
:1024C000F0FA00BF402190481FF09BFB0028F9D094
:1024D0000CE0062C0AD129467F481FF0E2FA00BF23
:1024E00040217D481FF08DFB0028F9D070BD2DE9FB
:1024F000F04702240125022600274FF000084FF084
:10250000030960193044384440448049097808443C
:1025100000F0FF0A21460420FFF7A0FF294604200F
:10252000FFF79CFF31460420FFF798FF394604204F
:10253000FFF794FF41460420FFF790FF73480178AE
:102540000420FFF78BFF51460420FFF787FF494621
:102550000420FFF783FFBDE8F08700206C49486244
:102560006C4908606C4908606C490860704700203D
:1025700067494862674908604FF08041486268498E
:1025800008606849086068490860634908606349F1
:1025900008606649086066490860704700204FF08F
:1025A000804148625E490860704700205D490860CC
:1025B0005D490860704710B500205E49087000242E
:1025C00007E061210120FFF749FF3220FEF70FFBF2
:1025D000641C022CF5D30120564908707A20564914
:1025E000087010BD10B5002054490870002407E0A1
:1025F00061210320FFF732FF3220FEF7F8FA641C56
:10260000022CF5D301204D4908707A204C490870FE
:1026100010BD2DE9F14FAEB04AA02D9000202C90B6
:102620008DF888008DF860002E9829283DD2DFE8CB
:1026300000F0153D464DF8FFF1F0EFEEEDECEBEA62
:10264000E9E8E7E6E5E4E3E2E1E0DFDEDDDCDBDA72
:10265000D9D8D7D6D5D4D3D2D1D0CF0002214248B1
:102660001DF016FB88B100224FF400413F481DF0D9
:102670002DFB4FF400413D481DF017FB044600229E
:1026800021463BA0FEF703F80FE00122D1033748B3
:102690001DF01CFB4FF4004134481DF006FB0446BE
:1026A000002221463AA0FDF7F2FFD9E3012240487B
:1026B000B0F9000041423FA0FDF7E9FFD0E302225C
:1026C0003E4801683EA0FDF7E2FFC9E303223F4810
:1026D0000168A2E02864024000140140F0020020DA
:1026E000F8020020F9020020FA020020FB0200207C
:1026F000FC020020FD020020000C024000100140FE
:1027000000480040004C004000500040C40200203F
:10271000000001406C0000202408004088000020D8
:10272000700000202404004074000020240C0040AD
:1027300078000020910000209000002093000020ED
:10274000920000203131313131313131313131318B
:10275000313131313131313131313031313131316A
:102760003131313100000000000402400008024015
:10277000524F424F5420322044414E47204348415B
:10278000592053414E2058414E483A202020000005
:10279000524F424F5420322044414E47204348413B
:1027A000592053414E20444F3A2020200000000081
:1027B0008C000020494D553A00000000A400002084
:1027C0004C617A657220706861690000B800002071
:1027D0003FE337E32FE327E31FE317E30FE307E3C9
:1027E000FDE2F3E2DEE1D4E1C8E1BCE1AFE1A3E167
:1027F00096E189E181E174E16CE164E15CE1DEE0B4
:1028000063E05BE053E04BE043E03BE033E02BE090
:1028100023E01BE013E00BE003E0E7A0FDF737FF48
:102820001EE30422E9480168E9A0FDF730FF17E341
:102830000522EA480168EAA0FDF729FF10E3062215
:10284000EB480168EBA0FDF722FF09E30722EC4803
:102850000168ECA0FDF71BFF02E30822ED480168C8
:10286000EDA0FDF714FFFBE20922EF480168EFA09D
:10287000FDF70DFFF4E20A22F0480168F0A0FDF731
:1028800006FFEDE20B22F1480168F1A0FDF7FFFE23
:10289000E6E20C22F2480168F2A0FDF7F8FEDFE262
:1028A0000D22F5480168F5A0FDF7F1FED8E20E22F1
:1028B000F6480168F6A0FDF7EAFED1E2F848418942
:1028C0000F22F8A0FDF7E3FECAE20121F9481DF04E
:1028D000DFF94FF400511790F7481DF0D9F904467D
:1028E0000221F4481DF0D4F905464FF48041F24826
:1028F0001DF0CEF906460421EE481DF0C9F94FF44B
:1029000000411690EB481DF0C3F907460821E9483D
:102910001DF0BEF980464FF48041E6481DF0B8F93D
:1029200081461021E3481DF0B3F94FF40051159092
:10293000E0481DF0ADF982460821E0481DF0A8F9F5
:102940004FF480511490DB481DF0A2F91021139030
:10295000DA481DF09DF94FF480611290D5481DF0C2
:1029600097F983468021D3481DF092F94FF4807186
:102970001190D0481DF08CF910901798CDE90B6597
:10298000CDE90D401698CDE90798CDE90970DDE94C
:1029900014211398CDE9042A06910390DDE9111062
:1029A000CDE9001B0290C6A2282122A8109B21F08D
:1029B00023FB102222A9CBA0FDF7BCFE50E2802110
:1029C000C9481DF065F904460121C7481DF060F9AA
:1029D00005464021C4481DF05BF906464FF400410E
:1029E000B6481DF055F907464FF48051BF481DF019
:1029F0004FF980464FF48061BB481DF049F981468C
:102A00004FF40061B9481DF043F94FF4006117908D
:102A1000B5481DF03DF982464FF48061A7481DF08E
:102A200037F983464FF48051AF481DF031F94FF428
:102A300000611690A1481DF02BF94FF4005115903C
:102A4000A9481DF025F94FF4804114909B481DF0D2
:102A50001FF94FF480411390A3481DF019F94FF46A
:102A600080711290A1481DF013F94FF400411190AC
:102A70009D481DF00DF9CDE90B76CDE90D54109070
:102A80001798CDE907A0CDE9099814A807C803ABAA
:102A9000A3E80708DDE911121398CDE900120290AE
:102AA00087A2282122A8109B21F0A6FA112222A990
:102AB0008FA0FDF73FFED3E112228F4801688FA05F
:102AC000FDF7E5FDCCE113229148016891A0FDF7E7
:102AD000DEFDC5E114229248016892A0FDF7D7FD02
:102AE000BEE14FF4006173481DF0D2F80446152290
:102AF00021468FA0FDF7CBFDB2E116229048017868
:102B000090A0FDF7C4FDABE14FF4007169481DF0E2
:102B1000BFF80446172221468EA0FDF7B8FD9FE1BD
:102B20004FF4007164481DF0B3F8044618222146A2
:102B30008CA0FDF7ACFD93E120215E481DF0A8F8C4
:102B40000446192221468BA0FDF7A1FD88E14FF430
:102B5000807159481DF09CF804461A22214689A02C
:102B6000FDF795FD7CE1402152481DF091F80446A7
:102B70001B22214687A0FDF78AFD71E101214F4804
:102B80001DF086F804461C22214686A0FDF77FFD35
:102B900066E1FDF79DFF04461D22214683A0FDF757
:102BA00076FD5DE1FDF767FF04461E22214683A006
:102BB000FDF76DFD54E1000054726F206368616E93
:102BC000205472756F633A2000000000A0000020BE
:102BD0004C617A657220747261692000BC0000202B
:102BE00054726F206368616E205361753A20200033
:102BF000980000204C617A65722073617520000096
:102C0000C000002054726F206461792074617920C3
:102C1000312000009C0000204C617A6572207472A3
:102C2000756F632000000000C400002054726F2004
:102C3000646179207461792032200000E402002070
:102C40006D6F64652062616320332000B000002056
:102C500054726F20786F61792074617920000000D0
:102C6000DC0200206D6F64655F636861795F727577
:102C70006E673A2000000000D80200206E68617480
:102C80005F6461745F686F7020000000E0020020E4
:102C90006D6F6465206E68617420686F702000003D
:102CA0005E0800205175616E675F74726F203A2074
:102CB000000000000010024000080240000C02402A
:102CC00025642564256425642564256425642564BC
:102CD00025642564256425642564256425642564AC
:102CE00000000000493A00000004024000000240D9
:102CF000696E323A00000000B8020020636F756E02
:102D0000745F646174615F756172743420000000E7
:102D1000C4020020626C6F636B5F7068613A2000D0
:102D2000CC02002069645F6461745F686F7020008A
:102D300043425F4E616E675F7472616920000000FC
:102D40005C020020726F626F745F706F73697469E8
:102D50006F6E000043425F4E616E675F706861692D
:102D600000000000636865636B5F686F705F313AF5
:102D700000000000636865636B5F686F705F323AE4
:102D800020000000636865636B5F686F705F333AB3
:102D900020000000636865636B5F686F705F343AA2
:102DA000200000005374617274000000454E434FD0
:102DB0004445525F4652282920000000454E434FAB
:102DC0004445525F464C282920000000FDF7D4FE00
:102DD00004461F222146F2A0FDF759FC40E0FDF712
:102DE000A1FE044620222146F1A0FDF750FC37E069
:102DF0002122F3480168F3A0FDF749FC30E02222CC
:102E0000F5480168F5A0FDF742FC29E02322F548CA
:102E10000168F5A0FDF73BFC22E02422F948016897
:102E2000F9A0FDF734FC1BE02522FE480168FEA056
:102E3000FDF72DFC14E02622E1480168E1A0FDF732
:102E400026FC0DE02722DE480168DEA0FDF71FFC0E
:102E500006E02822DA480168DAA0FDF718FC00BF76
:102E600000BF2FB0BDE8F08F10B50121F5481DF06F
:102E70003FFD10BD01B5F44800680099884203DDAC
:102E80000020F149086004E0EF480068401CEE496A
:102E90000860ED480068FFF7BCFB08BD01B59DF870
:102EA0000000052801DA002008BD9DF80000FBE7BE
:102EB00030B504461D4624B9E4480078E44BD87088
:102EC00011E0002C07DDE0B2FFF7E8FFE04BD8701F
:102ED0000020987007E06342D8B2FFF7DFFFDC4BB9
:102EE000D8700120987021B9D8480078D84BD87193
:102EF00011E0002907DDC8B2FFF7D0FFD44BD8712D
:102F00000120987107E04B42D8B2FFF7C7FFD04BC2
:102F1000D8710020987122B9CC480078CC4BD87277
:102F200011E0002A07DDD0B2FFF7B8FFC84BD87216
:102F30000120987207E05342D8B2FFF7AFFFC44BAD
:102F4000D8720020987225B9C0480078C04BD87359
:102F500011E0002D07DDE8B2FFF7A0FFBC4BD873EE
:102F60000120987307E06B42D8B2FFF797FFB84B88
:102F7000D8730020987330BDB54AD070D071D0722C
:102F8000D0737047B248C07803280DDAB048C079D2
:102F9000032809DAAE48C07A032805DAAC48C07BBA
:102FA000032801DA012070470020FCE70120A9492D
:102FB00008607047A848006847F23051884201D045
:102FC000012070470020FCE710B5FFF7F4FA10BDB0
:102FD000A248B0F9000040427047B5EEC00AF1EED9
:102FE00010FA09D29E48D0ED000A70EE600AFDEE9C
:102FF000E00A10EE900A70479948D0ED000A70EE92
:10300000200AFDEEE00A10EE900AF4E710B52DED6F
:103010000A8B044624B99FED930ABDEC0A8B10BDC0
:10302000002C25DA9048006820F03BFE41EC190B9B
:10303000204620F036FE41EC1C0B9FED8C0B53EC30
:10304000102B20F04DFD41EC1B0B9FED8A0B53EC38
:10305000102B20F03FFD41EC1A0B53EC192B20F004
:10306000B1FD41EC180B20F077FE00EE100AD4E71A
:103070007D48006820F015FE41EC190B204620F039
:1030800010FE41EC1C0B9FED790B53EC102B20F044
:1030900027FD41EC1B0B9FED770B53EC102B20F021
:1030A00078FC41EC1A0B53EC192B20F08BFD41EC12
:1030B000180B20F051FE00EE100AAEE7F0EE400AC9
:1030C000F5EEC00AF1EE10FA02DBB0EE600A7047CE
:1030D000B1EE600AFBE70146002901DB08467047B4
:1030E0004842FCE701466548D0ED000AF1EE600A6F
:1030F0006348D0ED001A80EEA11A00EE901AF8EEA7
:10310000E01A5E48D0ED000A41EE210AB0EE600AF6
:10311000FDEEC00A10EE900A7047B0EE402ADFEDD7
:10312000592AB0EE620AB5EEC02AF1EE10FA03D2C7
:10313000F1EE422AB0EE622AF5EEC00AF1EE10FA84
:1031400003D2F1EE602AF0EE620AB5EEC01AF1EE9B
:1031500010FA03D2F1EE412AB0EE621AF5EEC01A6F
:10316000F1EE10FA03D2F1EE612AF0EE621AB4EE3B
:10317000C02AF1EE10FA01DDB0EE420AF4EEC00A08
:10318000F1EE10FA01DDB0EE600AB4EEC01AF1EE15
:1031900010FA01DDB0EE410AF4EEC01A74E000004E
:1031A000454E434F4445525F5252282920000000AB
:1031B000454E434F4445525F524C282920000000A1
:1031C000EC02002064656D5F676F695F74696E5F14
:1031D000676170200000000000030020677569200F
:1031E00000000000EC00002054696E486965755FBE
:1031F000436875616E42695F47617054726169200E
:1032000000000000F000002054696E486965755F99
:10321000436875616E42695F4761705068616920FB
:1032200000000000E800002054696E486965755F81
:10323000436875616E42695F4761705468616E678B
:1032400020000000A060024084000020480300200D
:1032500004000020AC030020700300208C0000203C
:1032600008030020000000005C0300209A9999994F
:103270009999B93F333333333333D33F400300207D
:10328000440300206F12833AF1EE10FA01DDB0EE34
:10329000610A7047FE4800687047FE480068704742
:1032A00010B52DED028BB0EE408AFB48006847F266
:1032B000305188420ED11FED150AF84880ED000A02
:1032C000F74880ED000AF74880ED000AF64880EDE7
:1032D000000A4AE0F5480068F5490968401AEE49D5
:1032E0000968081A00EE100AB8EEC00AF0EE408A2B
:1032F000F048D0ED000A88EEA00AEF48D0ED000AB1
:1033000030EE200AED48D0ED000A20EE200AF0EE63
:10331000408AB0EE680A21F0D3F9F0EE000A20EE00
:10332000200ADE4880ED000AB0EE680A21F020F99C
:10333000F0EE000A20EE200AD94880ED000AD748B6
:1033400090ED000ADE48D0ED000A30EE200AD648A3
:1033500080ED000AD24890ED000AD948D0ED000A6D
:1033600030EE600ACF4880ED000AB5EEC08AF1EE7B
:1033700010FA73D0D3480068052820D2DFE800F0A7
:1033800003203A546F00C84890ED000A30EE080A56
:1033900080ED000AC34890ED000A30EE480A80ED47
:1033A000000ABF4890ED000A30EE080A80ED000ADE
:1033B000BA4890ED000A30EE480A80ED000A68E055
:1033C000B84890ED000A30EE480A80ED000AB44893
:1033D00090ED000A30EE080A80ED000AAF4890ED4B
:1033E000000AB948D0ED000A08EE600AAB4880ED4B
:1033F000000A4EE0AC4890ED000A30EE080A80ED7D
:10340000000AA74890ED000AAF48D0ED000A08EE88
:10341000200AA34880ED000AA04890ED000A30EE93
:10342000480A80ED000A34E09F4890ED000A30EE33
:10343000080A80ED000A9B4890ED000AA248D0EDF2
:10344000000A08EE600A974880ED000A934890ED64
:10345000000A30EE480A80ED000A1AE01AE09248AD
:1034600090ED000A9848D0ED000A08EE200A8E4838
:1034700080ED000A8B4890ED000A30EE480A80ED9E
:10348000000A874890ED000A30EE080A80ED000A35
:1034900000BF00BF8148D0ED001A814890ED001AAE
:1034A0008048D0ED000A804890ED000AFFF735FE15
:1034B0008648D0ED000AF8EEE00A80EE801ABDEEF4
:1034C000C10A834880ED000A714800688049096894
:1034D000884203DD7E4800686D49086001207D490F
:1034E0000860BDEC028B10BD10B5044600207A497F
:1034F00008607A480460FCB90020654908601FED47
:10350000A70A6F4880ED000A47F230506249086010
:10351000734908601FEDAD0A724880ED000A002073
:1035200068490860704908605A4908606F49086036
:103530001FEDB40AFFF7B4FE10BD10B5694890ED59
:10354000000AB5EEC00AF1EE10FA05D15D48006838
:1035500010B96548006890B11FEDBE0A614880ED62
:10356000000A0020574908605F4908604F4800681A
:103570004F4908605B4890ED000AFFF791FE10BDCF
:103580005B48C0ED000A5B4880ED000A704770B5EB
:103590002DED028B05460C46B0EE408A3E48006891
:1035A000A8420BD14C480068A04207D1444890ED96
:1035B000000AB4EE480AF1EE10FA18D0464804604A
:1035C0003348006810B90520314908603748006861
:1035D000374908603A4880ED008A2F48056000208E
:1035E000454908603F4890ED000AFFF759FEBDECE1
:1035F000028B70BD70B52DED028B0446B0EE408A93
:103600000D4639480068A0420BD1364890ED000ABB
:10361000B4EE480AF1EE10FA03D12A480068A84235
:1036200072D01D48006847F23051884225D12820C9
:10363000294908601648006810B90A201449086032
:1036400047F23050844218DA012012490860B5EE82
:10365000C08AF1EE10FA03DD14480068A04208DCCD
:10366000B5EEC08AF1EE10FA07D210480068A04209
:1036700003DAB1EE480AB0EE408A1B4804601148F4
:103680000560184880ED008A00201B49086036E07C
:103690005C0300208803002070030020A8030020A2
:1036A000A4030020A00300209C030020900300201E
:1036B0007C030020200300202C0300205003002066
:1036C000840300205803002010030020040300207E
:1036D00064030020540300206003002068030020DE
:1036E000740300208003002078030020AC03002036
:1036F00040030020440300206C03002004E0FE4847
:1037000090ED000AFFF7CCFDBDEC028B70BD10B54B
:103710002DED028BB0EE408A04462146B0EE480AF9
:1037200047F23050FFF766FFBDEC028B10BD70B55D
:1037300004460D469FEDF10A29462046FFF727FF74
:1037400070BD70B52DED088BF0EE408A0446B0EEEA
:10375000608AB0EE419AEA4890ED000AB8EEC00ADD
:10376000B4EE680AF1EE10FA0DD1E6480068A04206
:1037700009D1E54890ED000AB8EEC00AB4EE480A57
:10378000F1EE10FA5ED0BDEEE80ADD4880ED000AE9
:10379000DE4991ED000AB8EEC00A38EEC00ABDEE6F
:1037A000C00A10EE100A9FEDD50A2146FFF7EFFE82
:1037B000D64890ED000AB8EEC00A38EE400ABDEED9
:1037C000C00A10EE105A002D01DB284600E06842C6
:1037D000642814DDCD4890ED000AB8EEC00AB4EEBE
:1037E000C08AF1EE10FA02DDB0EE490A01E0B1EE56
:1037F000490A10EE101A084620F083FA13E0C34875
:1038000090ED000AB8EEC00A38EE400A10EE101A29
:10381000084620F076FA41EC1B0B9FEDBD0B53ECF4
:10382000102B20F05DF941EC1A0B20F095FA09EE0F
:10383000900A0021B0EE690AFDEEC80A10EE900A67
:10384000FFF7D8FEBDEC088B70BD10B5B24800681C
:1038500001283DDDAC490968AC4A1268881AFFF7B7
:103860003AFC05280CDAAC4801680068401CAA4AFA
:103870001060B1F5967F2BDD0020FFF735FE10BDFF
:10388000A5480068FA2808DD05209E490860A3497C
:103890000860FB20A049086004E005209949086001
:1038A0009E4908609948006897490968884205DD83
:1038B000BFEE000A904880ED000A04E0B7EE000A6F
:1038C0008D4880ED000A8C4890ED000AFFF7E8FC77
:1038D00000BFD4E710B52DED028B914890ED000AA2
:1038E000B5EEC00AF1EE10FA08D18C48006828B194
:1038F0008548006847F23051884202DBBDEC028BFC
:1039000010BD7D4890ED000AB5EEC00AF1EE10FA48
:103910007ED08448006847F23051884279D1764899
:1039200090ED000AB5EEC00AF1EE10FA08DD764817
:1039300000687D490968401A74490968884210DBAB
:103940006D4890ED000AB5EEC00AF1EE10FA7CD297
:103950006D4800687449096808446C4909688842E0
:1039600073DD6D48006803285CDA67490968674AB7
:103970001268881AFFF7AFFB0A2816DA6248006857
:103980006A4908600020654908605E4908609FED4B
:103990005B0A594880ED000A02205F4908605648DA
:1039A00090ED000AFFF77CFCA8E7574800685749EC
:1039B0000968884237DD594890ED000AB8EEC00A20
:1039C0004D48D0ED000A60EE200A574890ED000AFD
:1039D000B8EEC00AC0EE801AB0EE611AB0EE410A2D
:1039E000FFF76CFB48490968484A1268881AFFF7D4
:1039F00072FB00EE900AB8EEE01A4D48D0ED000AD6
:103A000040EE010A454890ED000AB8EEC00A01E018
:103A1000C9E045E080EE801AB0EE418AB0EE480A77
:103A2000FFF73EFCBEE03D4890ED000AB8EEC00A4C
:103A30003148D0ED000A60EE200A3B4890ED000AC4
:103A4000B8EEC00AC0EE801A00E023E0B0EE611AC2
:103A5000B0EE410AFFF732FB2B4909682B4A126886
:103A6000881AFFF738FB00EE900AB8EEE01A3048EB
:103A7000D0ED000A50EE410A284890ED000AB8EE59
:103A8000C00A80EE801AB0EE418AB0EE480AFFF715
:103A900007FC87E0184890ED000AFFF701FC81E081
:103AA000154890ED000AB5EEC00AF1EE10FA1FDDE0
:103AB000154890ED000AB8EEC00A1848D0ED000A8B
:103AC000F8EEE00A0C4890ED001A00EEC10A194821
:103AD000D0ED000AF8EEE00A70EE600A0B4890EDB7
:103AE000000AB8EEC00AF4EEC00AF1EE10FA48D3AC
:103AF000014890ED000A1FE0800300200000000054
:103B0000740300206003002078030020900300204D
:103B10007B14AE47E17A743F880300205C030020E9
:103B200084030020700300203C0300208C0300204D
:103B30001C03002038030020B5EEC00AF1EE10FA95
:103B40002BD2FE4890ED000AB8EEC00AFC48D0ED3A
:103B5000000AF8EEE00AFB4890ED001A00EEC10AF8
:103B6000F948D0ED000AF8EEE00A70EE200AF748B6
:103B700090ED000AB8EEC00AF4EEC00AF1EE10FAB9
:103B80000BDDEE490968F14A1268881AFFF73EFA20
:103B9000B0EE408AFFF784FB04E0EA4890ED000AAB
:103BA000FFF77EFBAAE6EA490968E84A1268881A24
:103BB000FFF72CFAB0EE408AFFF772FB00BF9DE6DC
:103BC00000B5E4480068022815DA1FED340AE2481F
:103BD00080ED000A1FED370ADA4880ED000A002068
:103BE000DE49086047F23050DD490860DD49086071
:103BF0000020D2490860DC480068401CDA490860AF
:103C0000DA490968884204DAD9480068FFF7B4F94C
:103C10000EE0D6480068D4490860D648006820B154
:103C2000D3480068FFF7A8F902E00020FFF7A4F9E5
:103C300000BDCD4A1268521CCB4B1A60824207DD90
:103C4000BF4A12680A44BE4B1A600022C64B1A6073
:103C500070472DE9F041FFF7BBF9BC490860FFF759
:103C6000F4FDC5480068002821DDB5480068C24958
:103C7000096888422AD0B2480068BF49096888426A
:103C80000EDAAF480068BD49096888421EDAAC48C0
:103C90000068FFF727FA04460121FFF7CAFF15E085
:103CA0004FF0FF31B6480068FFF7C3FF0EE0A448AD
:103CB0000068002806DD6FF00101B2480068FFF7D8
:103CC000B8FF03E0FFF77CFFBDE8F081AE48006875
:103CD0009E490968884205D0FFF7FCFD9B480068B3
:103CE000A9490860A9480068F0B39548D0ED000ADA
:103CF000F8EEE00AA64890ED001A60EE810AB0EEF8
:103D0000600AFFF76AF904468D48D0ED000AF8EE24
:103D1000E00AA04890ED001A60EE810AB0EE600A59
:103D2000FFF75BF905468648D0ED000AF8EEE00A99
:103D3000994890ED001A60EE810AB0EE600AFFF734
:103D40004CF906467E48D0ED000AF8EEE00A9348AA
:103D500090ED001A60EE810AB0EE600AFFF73DF9BF
:103D6000074623462A4600E002E03146FFF7A0F866
:103D700000BFA9E78A4801680068401C884A1060B3
:103D8000462907D28748408B8749096808448649F5
:103D900008600BE0844800684621B0FBF1F08349DD
:103DA000086000207E4908607F49086080480168FB
:103DB0000068401C7E4A1060462907D27948008B73
:103DC0007C49096808447B4908600BE07948006831
:103DD0004621B0FBF1F07849086000207449086082
:103DE00074490860754801680068401C734A106097
:103DF000462907D26B48808A71490968084470498E
:103E000008600BE06E4800684621B0FBF1F06D4998
:103E10000860002069490860694908606A480168CB
:103E20000068401C684A1060462907D25D48C08A75
:103E3000664909680844654908600BE06348006802
:103E40004621B0FBF1F06249086000205E4908603D
:103E50005E4908605F4801680068401C5D4A106068
:103E6000322907D24F4840895B49096808445A49BA
:103E700008600BE0584800683221B0FBF1F0574968
:103E8000086000205349086053490860544801689D
:103E90000068401C524A1060322907D24148C0884D
:103EA0005049096808444F4908600BE04D480068D4
:103EB0003221B0FBF1F04C4908600020484908600D
:103EC00048490860494801680068401C474A10603A
:103ED000322907D233488088454909680844444953
:103EE00008600BE0424800683221B0FBF1F0414924
:103EF000086000203D4908603D4908603E4801686F
:103F00000068401C3C4A1060462907D225480089B9
:103F10003A4909680844394908600BE037480068A5
:103F20004621B0FBF1F036490860002032490860B4
:103F30003249086033480168006865E07803002072
:103F40005C03002080030020380300209003002041
:103F50007C030020880300208403002058030020F5
:103F600070030020740300206C0300204C03002029
:103F700048030020AC0300206003002064030020FD
:103F800098030020680300209403002054030020BD
:103F9000A8030020A4030020A00300209C0300200D
:103FA000FC0400205E08002000050020980000208E
:103FB00004050020080500209C0000200C050020BE
:103FC00010050020A4000020140500201805002082
:103FD000A00000201C05002020050020A8000020D3
:103FE0003405002038050020BC0000203C050020DE
:103FF00040050020B80000204405002048050020AE
:10400000B00000205C050020401CFE4A10604629DC
:1040100007D2FD480088FD4909680844FB4908604B
:104020000BE0FA4800684621B0FBF1F0F84908605F
:104030000020F4490860F5490860F6480168006806
:10404000401CF44A1060462907D2EF484088F249E4
:1040500009680844F04908600BE0EF480068462111
:10406000B0FBF1F0ED4908600020EA490860EA4938
:1040700008607047EA480068EA490968401A03EE98
:10408000100AB8EEC33AF0EE430AE74890ED003A62
:1040900023EE203AF0EE432AE1480068E34909683C
:1040A000884203DAE1480068DD490860DC480068BE
:1040B000DF490968884203DDDD480068D8490860A7
:1040C000BDEEE03A13EE100A002801DB014600E0E5
:1040D000414204297EDDD74890ED003A33EE203A84
:1040E00080ED003A90ED003ADFEDD33AB4EEE33ADA
:1040F000F1EE10FA03DD9FEDD03A80ED003ACD48A5
:1041000090ED003ADFEDCD3AB4EEE33AF1EE10FA7D
:1041100003D29FEDCA3A80ED003AC94890ED003ACB
:10412000C448D0ED003A23EE232AC64890ED003A69
:1041300030EEC33AC448D0ED003A63EE231AC148CA
:10414000C0ED000A32EE823A33EE213ABF4880EDEC
:10415000003AF5EEC00AF1EE10FA03D20120BC4994
:10416000887502E00020BA498875B84991ED003A97
:10417000BDEEC33A13EE100A002801DB014600E051
:10418000414203EE101AB8EEC33AF0EE083A23EEBD
:10419000230AB04890ED003AB8EEC33AB4EEC30A31
:1041A000F1EE10FA05DD90ED003AB8EEC33AB0EE4C
:1041B000430AB3EE043AB4EEC30AF1EE10FA03D2A6
:1041C000B3EE043AB0EE430AA34890ED003A30EE65
:1041D000431A00E029E09FEDA13AB4EEC31AF1EED4
:1041E00010FA08DD90ED003ADFED9C3A33EE233A09
:1041F000B0EE430A0FE09FED9A3AB4EEC31AF1EE27
:1042000010FA08D2944890ED003ADFED943A33EE7C
:10421000633AB0EE430A904880ED000ABCEEC03A23
:1042200013EE100A8A49C87513E09FED8E3A814853
:1042300080ED003A9FED8B3A824880ED003A0220F3
:104240008349C875002088759FED863A824880EDC5
:10425000003A70478448006884490968401A03EEB0
:10426000100AB8EEC33AB0EE430A814890ED003A26
:1042700023EE003AF0EE432A7B4800687D49096846
:10428000884203DA7B48006877490860764800680E
:1042900079490968884203DD7748006872490860F7
:1042A000BDEEC03A13EE100A002801DB014600E023
:1042B000414205297EDD714890ED003A33EE003A27
:1042C00080ED003A90ED003ADFED5B3AB4EEE33A70
:1042D000F1EE10FA03DD9FED583A80ED003A6748A1
:1042E00090ED003ADFED553AB4EEE33AF1EE10FA14
:1042F00003D29FED523A80ED003A614890ED003ACA
:104300005E48D0ED003A23EE232A5E4890ED003A55
:1043100030EE433A5C48D0ED003A63EE231A594838
:1043200080ED000A32EE823A33EE213A574880EDB2
:10433000003AB5EEC00AF1EE10FA03D2002044496B
:10434000887402E0012042498874504991ED003A96
:10435000BDEEC33A13EE100A002801DB014600E06F
:10436000414203EE101AB8EEC33AF0EE083A63EE9B
:10437000230A474890ED003AB8EEC33AF4EEC30A78
:10438000F1EE10FA05DD90ED003AB8EEC33AF0EE2A
:10439000430AB3EE043AF4EEC30AF1EE10FA03D284
:1043A000B3EE043AF0EE430A3A4890ED003A30EEAC
:1043B000C31A00E075E09FED293AB4EEC31AF1EE9E
:1043C00010FA08DD90ED003ADFED243A33EE233A9F
:1043D000F0EE430A0FE09FED223AB4EEC31AF1EE7D
:1043E00010FA08D22B4890ED003ADFED1C3A33EE7C
:1043F000633AF0EE430A2748C0ED000ABCEEE03A0B
:104400004AE000005C0500205E08002060050020F6
:10441000C00000206405002068050020C4000020C2
:1044200020040020B80000207C0400201804002094
:104430001C040020880400200000FA430000FAC396
:10444000800400208C0400208404002090040020BC
:104450000400002058040020940400209A99193F79
:104460009A9919BF000000002C040020BC00002015
:10447000980400202404002028040020A404002024
:104480009C040020A8040020A0040020AC0400200C
:1044900054040020B004002013EE100AF949C87437
:1044A00013E01FED103AF84880ED003A1FED133A83
:1044B000F64880ED003A0220F249C8740120887461
:1044C0001FED183AF24880ED003A7047F148006855
:1044D000F1490968884203DAEF480068ED4908604D
:1044E000EC480068ED490968884203DDEB48006844
:1044F000E8490860EA490968E64A1268881A00280B
:1045000001DB014600E04142042931DDE448006856
:10451000E0490968884203DD0020DA49887602E034
:104520000120D8498876DE490968DA4A1268881A73
:10453000002801DB014600E0414201EB81018900D6
:10454000D84A116010460068D7490968884203DDDF
:10455000D548006811460860D2480068642802DA2D
:104560006420D0490860CF480078C649C87602E088
:104570000020C449C8767047CC480068CC49096817
:10458000884203DACA480068C8490860C74800681A
:10459000C8490968884203DDC6480068C349086005
:1045A000C5490968C14A1268881A002801DB01461A
:1045B00000E04142042933DDBF480068BB49096877
:1045C000884204DD0020AF4981F82A0003E0012081
:1045D000AC4981F82A00B8490968B44A1268881AB7
:1045E000002801DB014600E0414216225143AD4A5A
:1045F000116010460068B1490968884203DDAF4880
:10460000006811460860A7480068322802DA3220A4
:10461000A4490860A34800789A4981F82B0003E078
:104620000020984981F82B00704710B5A448006815
:10463000A4490968884203DAA2480068A0490860D2
:104640009F480068A0490968884203DD9E480068C9
:104650009B4908609D4B1B68994C24681A1B002AD3
:1046600001DB134600E05342022B4EDD8C4B1B68EE
:10467000974C2468191B002901DB0B4600E04B42D4
:10468000142B42DA8C4B1B68924C2468181B0028B0
:1046900001DB034600E04342142B36DA8B48006806
:1046A00087490968884204DD0120764981F826009F
:1046B00003E00020734981F8260084490968804A94
:1046C0001268881A002801DB014600E0414201EB34
:1046D0004101744A1160104600687F4909688842A8
:1046E00003DD7D480068114608606E480068322886
:1046F00002DA32206B4908606A480078614981F823
:10470000270000207549086006E000205D4981F817
:10471000270001207149086010BD322070490860EF
:1047200070490860704750206D49086051206D49FC
:1047300008607047B4206A490860B520694908607C
:104740007047E62066490860E720664908607047C0
:1047500000B50246FFF7EEFF63480260634802605F
:1047600000BD00B50246FFF7D8FF5F4802605F4812
:10477000026000BD00B50246FFF7D5FF5A4802604F
:104780005A48026000BD00B50246FFF7DAFF5648FE
:1047900002605648026000BD70B5FA2042490860C8
:1047A0004B4800683B490860FA2044490860494882
:1047B00000683E49086000204D49086035E006E089
:1047C00001201EF065FCFCF74DF900B927E0344BE1
:1047D0001B68304C2468191B002901DB0B4600E0E4
:1047E0004B423B4C24682C4D2D68621B02EBD2746B
:1047F0006410A342E4DC374B1B682D4C24681B1B60
:10480000032493FBF4F42C4B1B68284D2D68581B94
:10481000002801DB034600E043429C42D0DB00BF9E
:1048200033480068401C324908603148006832282B
:10483000C5DB70BD2F48006878B92F48006860B9A3
:104840002E48006848B92E48006830B90D48C07F2E
:1048500040F080000B49C8777EE0264800680128B8
:1048600050D12548006860B92448006848B92448F8
:10487000006830B90348C07F40F020000149C87784
:104880006AE03FE004000020A4040020A804002007
:10489000B0040020440400203C0400204004002018
:1048A000C0000020B8040020600400205004002054
:1048B000480400204C040020C400002064040020B0
:1048C000380400203004002034040020B000002010
:1048D000AC010020B00100205C0400201404002082
:1048E0005404002058040020200400202C04002040
:1048F000DC0300202C0200203002002034020020C3
:1049000038020020F8480068012810D1F7480068F4
:1049100001280CD1F648006848B9F648006830B95B
:10492000F548C07F40F08000F349C87714E0EE48B6
:104930000068012810D1ED48006801280CD1EC482E
:104940000068012808D1EB48006828B9EA48C07F10
:1049500040F02000E849C877704710B5E248006889
:10496000002852D1E148006800284ED1E048006894
:1049700000284AD1DF480068002846D123E00421FE
:10498000DE481BF085F970B98021DD481BF080F905
:1049900048B99FEDDC1ADFEDDC0A0E209FEDDB0A43
:1049A000FEF7CFFE08E09FEDD71ADFEDD70A0C2007
:1049B0009FEDD70AFEF7C5FE01201EF069FBFCF74C
:1049C00051F800B906E04FF48071D2481BF060F94D
:1049D0000028D4D000BFFFF72DFF9FEDCA1ADFEDEE
:1049E000CA0A0A209FEDCC0AFEF7ABFE06E00120C2
:1049F0001EF04EFBFCF736F800B905E00421BF4875
:104A00001BF046F90028F2D006E1B74800680128FB
:104A100051D1B648006800284DD1B5480068D8BBD0
:104A2000B4480068C0BB23E00421B4481BF030F94F
:104A300070B98021B2481BF02BF948B99FEDB11A2B
:104A4000DFEDB10A0E209FEDB10AFEF77AFE08E015
:104A50009FEDAC1ADFEDAC0A0C209FEDAD0AFEF71E
:104A600070FE01201EF014FBFBF7FCFF00B906E00E
:104A70004FF48071A7481BF00BF90028D4D000BF79
:104A8000FFF7D8FE9FED9F1ADFED9F0A0A209FEDEA
:104A9000A20AFEF756FE07E00DE001201EF0F8FA2C
:104AA000FBF7E0FF00B905E0042194481BF0F0F8A3
:104AB0000028F2D0B0E08C480068012853D18B4820
:104AC000006801284FD18A480068E0BB8948006827
:104AD000C8BB24E04FF400618E481BF0D9F870B9D0
:104AE000012187481BF0D4F848B99FED861ADFED05
:104AF000860A0E209FED890AFEF723FE08E09FED4F
:104B0000811ADFED810A0C209FED810AFEF719FE64
:104B100001201EF0BDFAFBF7A5FF00B906E04FF437
:104B200080717C481BF0B4F80028D3D000BFFFF799
:104B300081FE9FED741ADFED740A0A209FED780A5A
:104B4000FEF7FFFD07E00EE001201EF0A1FAFBF7E3
:104B500089FF00B906E04FF400616E481BF098F839
:104B60000028F1D058E060480068012854D15F481F
:104B70000068012850D15E48006801284CD15D488A
:104B80000068C8BB24E04FF4006162481BF080F865
:104B900070B901215A481BF07BF848B99FED591AAA
:104BA000DFED590A0E209FED5D0AFEF7CAFD08E011
:104BB0009FED541ADFED540A0C209FED550AFEF7C5
:104BC000C0FD01201EF064FAFBF74CFF00B906E0BF
:104BD0004FF480714F481BF05BF80028D3D000BF22
:104BE000FFF728FE9FED471ADFED470A0A209FEDE9
:104BF0004C0AFEF7A6FD07E00EE001201EF048FA81
:104C0000FBF730FF00B906E04FF4006141481BF0AC
:104C10003FF80028F1D000BF0020FEF765FC10BD72
:104C20002DE9F04105460E46FFF784FD3D4800683A
:104C3000FA303D4908603D480068FA303C49086058
:104C4000002415E006E001201EF022FAFBF70AFF1F
:104C500000B90BE037490968354A1268881A0028FC
:104C600001DB014600E041420F29ECDC00BF641C7F
:104C7000322CE7DB9FED301A00EE106AF8EEC00A26
:104C8000142000EE105AB8EEC00AFEF75AFD0024B8
:104C900010E006E001201EF0FBF9FBF7E3FE00B98F
:104CA00006E04FF480711B481AF0F2FF0128F1D0A2
:104CB00000BF641C962CECDB9FED1F1A00EE106AFF
:104CC000F8EEC00A0A2000EE105AB8EEC00AFEF74D
:104CD00038FD002442E031E001201EF0D9F9FBF755
:104CE000C1FE00B938E029E02C020020300200208B
:104CF000340200203802002004000020001002408E
:104D0000000402403333333F00006144008009C493
:104D1000000061C4000002400000000000C0C1C4E7
:104D20000000E14418040020200400202404002096
:104D30002C040020BC000020CDCC4C3F4FF48071EF
:104D4000F7481AF0A5FF0128C6D04FF48051F44867
:104D50001AF09EFF0028BFD000BF641C962CBADB5F
:104D60000020FEF7C1FBE620EE490860EE4800682F
:104D7000401DEE490860002415E006E001201EF009
:104D800087F9FBF76FFE00B90BE0E9490968E74ACC
:104D90001268881A002801DB014600E041421E2902
:104DA000ECDC00BF641C322CE7DB4FF42F701EF0EC
:104DB0006FF91FED2C1A00EE106AF8EEC00A2120E0
:104DC00000EE105AB8EEC00AFEF7BBFC40F2A46039
:104DD0001EF05EF9002415E006E001201EF058F9EF
:104DE000FBF740FE00B90BE08021D2481AF050FFDB
:104DF000012805D10121CF481AF04AFF0128ECD043
:104E000000BF641CB4F57A7FE6DB40F214501EF05C
:104E10003FF93220C3490860C34800680F30C349D6
:104E200008601FED3B1A00EE106AF8EEC00A26205B
:104E300000EE105AB8EEC00AFEF783FC00240FE023
:104E400006E002201EF024F9FBF70CFE00B905E095
:104E50000121B9481AF01CFF0128F2D000BF641CE0
:104E600040F226208442EBDB1FED4D1A00EE106A63
:104E7000F8EEC00A0C2000EE105AB8EEC00AFEF799
:104E800060FC002410E006E001201EF001F9FBF7B1
:104E9000E9FD00B906E04FF40051A7481AF0F8FE0A
:104EA0000128F1D000BF641CB4F57A7FEBDB4FF42E
:104EB00016701EF0EDF80020FEF716FBE6209F4965
:104EC00008609F480068401D9E4908607820954909
:104ED0000860954800680A3094490860002415E08D
:104EE00006E001201EF0D4F8FBF7BCFD00B90BE092
:104EF00095490968934A1268881A002801DB01461F
:104F000000E041421E29ECDC00BF641CFA2CE7DB08
:104F10009FED8E1A00EE106AF8EEC00A122000EE25
:104F2000105AB8EEC00AFEF70CFC002416E006E0AA
:104F300001201EF0ADF8FBF795FD00B90CE04FF431
:104F4000006177481AF0A4FE012805D104217A48AF
:104F50001AF09EFE0128EBD000BF641CFA2CE6DBA1
:104F6000FDF705FB06E005201EF092F8FBF77AFD41
:104F700000B914E0FBF7ACFD8046FBF77CFD071E93
:104F800001DB384600E07842B8F1000F01DB414612
:104F900001E0C8F100010844B0F5C87FE3DB00BFC1
:104FA000FFF7C8FB4FF48270664908605F490860EC
:104FB0009FED661A00EE106AF8EEC00A102000EEAF
:104FC000105AB8EEC00AFEF7BCFB00240FE006E062
:104FD00001201EF05DF8FBF745FD00B905E010214A
:104FE00055481AF055FE0128F2D000BF641C642C0D
:104FF000EDDB0020FEF778FABDE8F0812DE9F047FF
:105000002DED028B07460D4614461E469DED0A8A7D
:10501000DDE90B89B7EE001AF8EEC80A102000EEA1
:10502000104AB8EEC00AFEF78CFB30461EF030F88E
:105030000020FEF759FA0021B7EE000A3846FEF7C5
:10504000D9FA06E001201EF023F8FBF70BFD00B9AA
:1050500003E0FEF722F90028F4D100BF3220FEF76A
:1050600043FA4FF47A701EF013F849464046FFF7B2
:10507000D7FD0020FEF738FA0021B7EE000A2846D7
:10508000FEF7B8FA06E001201EF002F8FBF7EAFC92
:1050900000B903E0FEF701F90028F4D100BF0020B9
:1050A000FEF722FABDEC028BBDE8F08770B505462D
:1050B0000E46FFF73FFB2248006808302149086090
:1050C00019480068083019490860002415E006E016
:1050D00001201DF0DDFFFBF7C5FC00B90BE0144912
:1050E0000968124A1268881A002801DB014600E0AC
:1050F00041420A29ECDC00BF641C322CE7DBB7EE2E
:10510000001A00EE106AF8EEC00A0F2000EE105AE6
:10511000B8EEC00AFEF715FB002429E01FE00000EE
:105120000000024054040020240400202C0400202D
:10513000BC0000200004024000100240580400207F
:105140001804002020040020B80000206666663F96
:1051500001201DF09DFFFBF785FC00B906E04FF430
:105160008071F6481AF094FD0028F1D000BF641C4D
:10517000B4F57A7FD2DBB7EE001A00EE106AF8EED3
:10518000C00A0A2000EE105AB8EEC00AFEF7D9FA9B
:10519000002421E006E001201DF07AFFFBF762FC0D
:1051A00000B917E04FF48071E4481AF071FD00284F
:1051B000F1D04021E2481AF06BFD0028EBD08021AD
:1051C000DF481AF065FD28B90121DD481AF060FDBD
:1051D0000028E0D000BF641CB4F57A7FDADB4FF41E
:1051E00096701DF055FF0020FEF77EF9F020D5499E
:1051F0000860D5480068FA30D4490860002415E0FA
:1052000006E001201DF044FFFBF72CFC00B90BE089
:10521000CF490968CD4A1268881A002801DB014687
:1052200000E041421E29ECDC00BF641CFA2CE7DBE5
:10523000B7EE001A00EE106AF8EEC00A1E2000EE6B
:10524000105AB8EEC00AFEF77CFA00240FE006E020
:1052500002201DF01DFFFBF705FC00B905E0012150
:10526000BC481AF015FD0028F2D000BF641C40F2C3
:1052700026208442EBDBB7EE001A00EE106AF8EE4F
:10528000C00A102000EE105AB8EEC00AFEF759FA14
:10529000002410E006E001201DF0FAFEFBF7E2FB1F
:1052A00000B906E04FF40051AA481AF0F1FC0028BA
:1052B000F1D000BF641C40F226208442EADBA648FD
:1052C0000068401DA5490860B7EE001A00EE106A9C
:1052D000F8EEC00A0A2000EE105AB8EEC00AFEF737
:1052E00030FA002410E006E001201DF0D1FEFBF7AB
:1052F000B9FB00B906E04FF4804196481AF0C8FCAB
:105300000028F1D000BF641CB4F5FA7FEBDB002469
:1053100017E006E001201DF0BBFEFBF7A3FB00B980
:105320000DE04FF480418B481AF0B2FC0028F1D018
:105330004FF4005187481AF0ABFC0028EAD000BFB8
:10534000641CB4F5FA7FE4DB002410E006E00120E1
:105350001DF09EFEFBF786FB00B906E04FF480418E
:105360007C481AF095FC0028F1D000BF641CB4F50D
:10537000FA7FEBDB0020FEF7B7F8F02078490860F1
:1053800075480068FA3075490860002415E006E0A9
:1053900001201DF07DFEFBF765FB00B90BE07149B4
:1053A00009686E4A1268881A002801DB014600E08D
:1053B00041421E29ECDC00BF641C322CE7DBB7EE57
:1053C000001A00EE106AF8EEC00A0F2000EE105A24
:1053D000B8EEC00AFEF7B5F906E001201DF058FE50
:1053E000FBF740FB00B905E010215A481AF050FCC9
:1053F0000028F2D000BF4FF448701DF049FE002095
:10540000FEF772F870BD2DE9F0472DED028B0746CF
:105410000D4614461E469DED0A8ADDE90B894FF4C0
:10542000AF70FFF7A7F90020FEF75EF8B7EE001A9D
:10543000F8EEC80A102000EE104AB8EEC00AFEF7D7
:1054400080F930461DF024FE0020FEF74DF80021C3
:10545000B7EE000A3846FEF7CDF806E001201DF051
:1054600017FEFBF7FFFA00B903E0FDF716FF00286F
:10547000F4D100BF3220FEF737F84FF47A701DF0F8
:1054800007FE49464046FFF711FE0020FEF72CF8C4
:105490000021B7EE000A2846FEF7ACF806E001202E
:1054A0001DF0F6FDFBF7DEFA00B903E0FDF7F5FEAF
:1054B0000028F4D100BF0020FEF716F8BDEC028BE7
:1054C000BDE8F08770B5284805682848066840F2AE
:1054D0003520FFF73DF92648006800287DD1254892
:1054E0000068002879D124480068002875D1234835
:1054F0000068002871D12249086066E04CE021482C
:105500000068A84209DD9FED201ADFED200A0E2079
:105510009FED1F0AFEF715F908E09FED1B1ADFED5E
:105520001B0A0A209FED1B0AFEF70BF901201DF054
:10553000AFFDFBF797FA00B941E02DE00000024013
:105540000004024054040020240400202C04002005
:10555000BC0000200010024018040020200400209D
:1055600058040020B8000020A0010020A80100205D
:105570002C020020300200203402002038020020DB
:10558000DC030020A00000203333333F00006144DF
:10559000008022C4000061C44FF48051FD481AF01D
:1055A00077FB0028ABD0FC480068FC490968441A26
:1055B000002C01DB204600E060421E289FDC00BF7B
:1055C000F7480068401CF6490860F548006840F25A
:1055D0000E61884292DBF5E0FFE7F248006801289F
:1055E0004CD1F1480068C0BBF0480068A8BBF04847
:1055F000006890BB0020EA49086038E01DE0ED48F3
:105600000068A84209DD1FED201A5FED200A0E2078
:105610001FED210AFEF795F808E01FED251A5FED52
:10562000250A0A201FED250AFEF78BF801201DF040
:105630002FFDFBF717FA00B913E04FF48051D5485E
:105640001AF026FB0028DAD0D3480068D34909684D
:10565000441A002C02DB204601E00FE060421E28C5
:10566000CDDC00BFCE480068401CCD490860CC4866
:10567000006840F20E618842C0DBA3E0C9480068C0
:1056800001284DD1C8480068012849D1C7480068A1
:10569000A8BBC748006890BB0020C149086038E03B
:1056A0001DE0C5480068B04209DD1FED491A5FEDF5
:1056B000490A0E209FEDC10AFEF743F808E01FEDEE
:1056C0004E1A5FED4E0A0A201FED4E0AFEF739F81A
:1056D00001201DF0DDFCFBF7C5F900B913E04FF424
:1056E0008051AC481AF0D4FA0028DAD0AA480068F1
:1056F000AA490968441A002C02DB204601E00FE0A9
:1057000060421E28CDDC00BFA5480068401CA449AB
:105710000860A348006840F20E618842C0DB51E097
:10572000A048006801284DD19F480068012849D150
:105730009E480068012845D19D48006890BB002024
:105740009749086038E01DE09B480068B04209DDD9
:105750001FED731A5FED730A0E209FED980AFDF797
:10576000F0FF08E01FED781A5FED780A0A201FEDC0
:10577000770AFDF7E6FF01201DF08AFCFBF772F9BE
:1057800000B913E04FF4805182481AF081FA0028E2
:10579000DAD08148006881490968441A002C02DB8C
:1057A000204601E00EE060421E28CDDC00BF7C48B0
:1057B0000068401C7A4908607948006840F20E6130
:1057C0008842C0DB0020FDF78FFE70BD10B5754824
:1057D000006800286ED17448006800286AD17348B8
:1057E0000068002866D172480068002862D140F243
:1057F0003520FEF7BFFF0020694908602AE01FE05E
:105800006D4800686E490968884209DD1FEDA21ADB
:105810005FEDA20A0E209FED690AFDF792FF08E0F6
:105820001FEDA71A5FEDA70A0A201FEDA60AFDF7D4
:1058300088FF01201DF02CFCFBF714F900B903E0F0
:10584000604800680128DBDC00BF55480068401C48
:10585000534908605248006840F20E618842CEDB2E
:105860009FED591A5FEDB70A0A209FED580AFDF720
:1058700068FF00204A49086013E006E001201DF09F
:1058800007FCFBF7EFF800B905E04B4800684C490E
:1058900009688842F2DC00BF41480068401C40496A
:1058A00008603F4800689628E7DB4FF4FA601DF077
:1058B000EFFB1DE13B48006801286AD13A480068C7
:1058C000002866D139480068002862D1384800684D
:1058D00000285ED140F23520FEF74CFF0020304911
:1058E00008602AE01FE034480068354909688842AA
:1058F00009DD1FEDDB1A5FEDDB0A0E209FED2F0A9D
:10590000FDF71FFF08E01FEDE01A5FEDE00A0A2037
:105910001FEDE00AFDF715FF01201DF0B9FBFBF7B5
:10592000A1F800B903E0274800680128DBDC00BFCC
:105930001B480068401C1A4908601948006840F27A
:105940000E618842CEDB9FED201A5FEDF00A0A203F
:105950009FED1E0AFDF7F5FE00201149086013E0D7
:1059600006E001201DF094FBFBF77CF800B905E090
:1059700011480068124909688842F2DC00BF0848F3
:105980000068401C06490860054800689628E7DB67
:105990001EE022E000000240BC0000202C04002099
:1059A000DC0300202C020020300200203402002002
:1059B00038020020A0000020A400002000C0C1C4C4
:1059C000A801002098000020CDCCCC3D0000E1448F
:1059D0004FF4FA601DF05CFB8AE0FE480068012885
:1059E00041D1FD48006801283DD1FC480068C8BB92
:1059F000FB480068B0BB40F23520FEF7BBFEB6EEB8
:105A0000001ADFEDF80A0A209FEDF70AFDF799FE6C
:105A10000020F649086013E006E001201DF038FB85
:105A2000FBF720F800B905E0F1480068F149096882
:105A30008842F2DC00BFED480068401CEB4908607A
:105A4000EA4800689628E7DBB6EE001ADFEDE50AC3
:105A50000A201FED220AFDF774FE4FF4FA601DF0D4
:105A600017FB45E0FFE7DB480068012840D1DA4832
:105A7000006801283CD1D9480068012838D1D848AD
:105A80000068A8BB40F23520FEF774FEB6EE001A9F
:105A9000DFEDD40A0A209FEDD40AFDF752FE002064
:105AA000D249086013E006E001201DF0F1FAFAF790
:105AB000D9FF00B905E0CE480068CE4909688842A0
:105AC000F2DC00BFC9480068401CC8490860C748EC
:105AD00000689628E7DBB6EE001ADFEDC20A0A205E
:105AE0001FED460AFDF72DFE4FF4FA601DF0D0FAC7
:105AF0000020FDF7F9FC10BD10B50246101E01DBB9
:105B0000044600E044422146322900DD32210729C3
:105B100001DA042010BDC1EBC1004000484340F64B
:105B2000C41490FBF4F0031D1846F3E72DE9F0418F
:105B300004460D460020AD4908603BE02AE0AE482F
:105B40000068071B3846FFF7D7FF0646AA480068DB
:105B5000001B002809DD9FEDA91ADFEDA20A3046DF
:105B60009FEDA70AFDF7EDFD10E0A3480068001BBC
:105B700009D59FEDA21ADFED9B0A30461FED6D0A95
:105B8000FDF7DFFD02E00020FDF7AEFCFAF76AFF4B
:105B900000B909E098490968081B002801DB0146A3
:105BA00000E041420129CADC00BF90480068401C67
:105BB0008E4908608D480068A842BFDBBDE8F081CF
:105BC00010B584480068002841D183480068002847
:105BD0003DD182480068C8BB81480068B0BB40F234
:105BE0003520FEF7B5FDB6EE001ADFED7E0A0A207D
:105BF0009FED840AFDF7A5FD00207C49086013E0B5
:105C000006E001201DF044FAFAF72CFF00B905E088
:105C1000794800687C4909688842F2DC00BF734813
:105C20000068401C71490860704800689628E7DBEE
:105C3000B6EE001ADFED6B0A0A209FED710AFDF740
:105C400080FD4FF4FA601DF023FA30E1FFE7614870
:105C50000068012840D160480068E0BB5F480068E8
:105C6000C8BB5F480068B0BB40F23520FEF770FD4E
:105C7000B6EE001ADFED5B0A0A209FED620AFDF71F
:105C800060FD00205949086013E006E001201DF086
:105C9000FFF9FAF7E7FE00B905E0574800685A49EE
:105CA00009688842F2DC00BF50480068401C4F4938
:105CB00008604E4800689628E7DBB6EE001ADFED74
:105CC000490A0A209FED4E0AFDF73BFD4FF4FA60AA
:105CD0001DF0DEF9EBE0FFE73E48006801285ED1E9
:105CE0003D48006801285AD13C480068002856D138
:105CF0003B480068F0BBC82143480068FFF716FF27
:105D00004FF4FF70FEF724FD9FED401ADFED350ADA
:105D10000F209FED3F0AFDF714FD00203349086076
:105D200020E006E0FAF79EFE00B915E001201DF024
:105D3000AFF94FF48071374819F0AAFF0128F1D06C
:105D40003548006835490968441A002C01DB2046B3
:105D500000E060421428E5DC00BF24480068401CD5
:105D6000224908602148006840F20E618842D8DB71
:105D7000002000E013E0FDF7B7FB40F23520FEF70E
:105D8000E7FC1FEDEF1ADFED170A0A209FED1C0A52
:105D9000FDF7D7FC40F6C4101DF07AF987E00D48F6
:105DA000006801283CD10C48006801287FD10B48CD
:105DB000006801287BD10A48006888BBC8211248C6
:105DC0000068FFF7B3FE4FF4FF70FEF7C1FC9FEDD4
:105DD0000F1A26E02C02002030020020340200209E
:105DE00038020020000061440080ED44DC03002004
:105DF000A4000020A8010020A00000206666663FE5
:105E0000000000000000C842A00100203333333FEF
:105E1000000061C400000240BC0000202C040020EF
:105E200045E05FED100A0F201FED070AFDF789FC22
:105E30000020FE49086020E006E0FAF713FE00B9F2
:105E400015E001201DF024F94FF48071F84819F095
:105E50001FFF0128F1D0F7480068F7490968441A84
:105E6000002C01DB204600E060421428E5DC00BF86
:105E7000EE480068401CED490860EC48006840F2BC
:105E80000E618842D8DB0020FDF72EFB40F2352062
:105E9000FEF75EFC9FEDE91A5FED2E0A0A201FED6A
:105EA000280AFDF74EFC40F6C4101DF0F1F8002062
:105EB000FDF71AFB10BD70B5E1480568E1480668BA
:105EC0004FF461714842FEF7ABFEFEF73AFCDE4844
:105ED0000068FA30DD490860DD480068FA30D649CC
:105EE0000860DC480068002843D1DB4800680028CF
:105EF0003FD1DA480068D8BB1FED3C1A5FED470A76
:105F000014201FED3D0AFDF71CFC0020C749086066
:105F100027E006E001201DF0BBF8FAF7A3FD00B969
:105F200019E04FF48071C24819F0B2FE0128F1D097
:105F30004FF48051BE4819F0ABFE0028EAD0BD48AE
:105F40000068BD490968441A002C01DB204600E0C6
:105F500060420A28DEDC00BFB4480068401CB34938
:105F60000860B248006840F20E618842D1DB14E05C
:105F7000FFE7B8480068012802D1FFF7A3FA0CE058
:105F8000B6480068012802D1FFF71AFE05E0B248C2
:105F90000068012801D1FFF719FC0020FDF7A4FAE1
:105FA00070BD10B5AE480068002856D1AD480068F5
:105FB000002852D1AC48006800284ED1AB48006898
:105FC00000284AD19949086019E006E001201DF037
:105FD0005FF8FAF747FD00B90BE096490968964A61
:105FE0001268881A002801DB014600E041420A29B4
:105FF000ECDC00BF8D480068401C8C4908608B4871
:106000000068FA28E1DBB6EE001A5FED8A0A052087
:106010009FED970AFDF795FB00208449086014E086
:1060200006E001201DF034F8FAF71CFD00B906E087
:106030004FF400617E4819F02BFE0028F1D000BF1C
:106040007A480068401C79490860784800689628BA
:10605000E6DB0020FDF748FA7CE081480068012873
:1060600078D184480068002874D17049086019E02C
:1060700006E001201DF00CF8FAF7F4FC00B90BE083
:106080006C4909686C4A1268881A002801DB0146CD
:1060900000E041420A29ECDC00BF64480068401C73
:1060A0006249086061480068FA28E1DBB6EE001A30
:1060B0005FEDB40A05201FEDAA0AFDF742FB0020A0
:1060C0005A49086014E006E0FAF7CCFC00B909E090
:1060D00001201CF0DDFF4FF48071554819F0D8FD08
:1060E0000028F1D000BF51480068401C4F490860AB
:1060F0004E48006840F20E618842E4DB0020FDF764
:10610000F3F9B6EE001A5FEDC90A05209FED580AB3
:10611000FDF717FB00204549086014E006E0012068
:106120001CF0B6FFFAF79EFC00B906E04FF40061E0
:106130003F4819F0ADFD0028F1D000BF3B48006892
:10614000401C3A490860394800689628E6DB002080
:10615000FDF7CAF910BD00B5FEF7ECFAFA203B498D
:1061600008603549086000BD10B53D48006800284A
:106170003ED13C48006800283AD13B480068B0BB9B
:106180003A48006898BBFFF7E6FF9FED3B1A5FEDCA
:10619000EB0A0A201FEDE60AFDF7D3FA0020234997
:1061A00008601FE006E001201CF072FFFAF75AFCBD
:1061B00000B911E08021314819F06AFD0028F2D0C1
:1061C0001C4800681C490968441A002C01DB204661
:1061D00000E060421428E6DC00BF14480068401C60
:1061E00012490860114800689628DBDB36E1FFE7BA
:1061F0001B48006801286CD11A480068A0B91A48E9
:10620000006888B91948006870B9FFF7A4FF9FEDCE
:106210001A1ADFED1B0A0A209FED1A0AFDF791FA00
:106220000020024908604FE053E00000DC0300203A
:1062300000000240BC0000202C040020CDCCCC3D4E
:10624000A0010020A8010020180400202004002044
:1062500024040020E8000020EC000020F0000020D2
:106260002C020020300200203402002038020020DE
:106270000000E1443C020020CDCC4C3F0004024031
:10628000000061440000000006E001201CF000FF57
:10629000FAF7E8FB00B911E08021FC4819F0F8FC9E
:1062A0000028F2D0FA480068FA490968441A002C1C
:1062B00001DB204600E060421428E6DC00BFF6481F
:1062C0000068401CF4490860F34800689628DBDB4E
:1062D000C4E0F248006801285DD1F1480068012857
:1062E00059D1F0480068C8BBEF480068B0BBFFF761
:1062F00032FF23E00421ED4819F0CAFC70B9802177
:10630000E24819F0C5FC48B99FEDE91A5FED240A8F
:106310000E209FEDE80AFDF714FA08E09FEDE41A5D
:106320005FED290A0A209FEDE40AFDF70AFA012031
:106330001CF0AEFEFAF796FB00B913E04FF4807143
:10634000DE4819F0A5FC0028D4D0D1480068D14916
:106350000968441A002C02DB204601E01BE0604281
:106360001428C7DC00BF9FEDD21A5FED3B0A08205E
:106370009FEDD30AFDF7E5F906E001201CF088FE49
:10638000FAF770FB00B905E08021C04819F080FCE5
:106390000028F2D062E0C148006801285ED1C04800
:1063A000006801285AD1BF480068012856D1BE486C
:1063B0000068B0BBFFF7CFFE23E00421BB4819F013
:1063C00067FC70B98021B14819F062FC48B99FEDB3
:1063D000B81A5FED550A0E209FEDB60AFDF7B1F928
:1063E00008E09FEDB31A5FED5A0A0A209FEDB20A4A
:1063F000FDF7A7F901201CF04BFEFAF733FB00B9BB
:1064000013E04FF48071AD4819F042FC0028D4D05D
:106410009F4800689F490968441A002C02DB204607
:1064200001E01BE060421428C7DC00BF9FEDA01A0A
:106430005FED6D0A08209FEDA20AFDF782F906E0E4
:1064400001201CF025FEFAF70DFB00B905E08021C4
:106450008E4819F01DFC0028F2D000BF0020FDF787
:1064600043F810BD10B58D480068002863D18C48F2
:10647000006800285FD18B48006800285BD18A48FB
:106480000068002857D1FFF766FE24E04FF4006152
:106490008A4819F0FDFB70B901217C4819F0F8FB1E
:1064A00048B99FED831A5FED8A0A0E209FED850A99
:1064B000FDF747F908E09FED7E1A5FED8F0A0A208D
:1064C0009FED7D0AFDF73DF901201CF0E1FDFAF793
:1064D000C9FA00B912E04FF48071784819F0D8FB7E
:1064E0000028D3D06A4800686A490968441A002C19
:1064F00001DB204600E060421428C7DC00BF9FEDAE
:106500006C1A5FEDA10A07209FED6F0AFDF719F9DC
:1065100006E001201CF0BCFDFAF7A4FA00B905E082
:1065200001215A4819F0B4FB0028F2D000BF002026
:10653000FCF7DAFF0CE159480068012863D158489C
:10654000006800285FD15748006800285BD1564892
:106550000068002857D1FFF7FEFD24E04FF40061EA
:10656000564819F095FB70B90121484819F090FB85
:1065700048B99FED4F1A5FEDBE0A0E209FED510AFC
:10658000FDF7DFF808E09FED4A1A5FEDC30A0A2025
:106590009FED490AFDF7D5F801201CF079FDFAF7C7
:1065A00061FA00B912E04FF48071444819F070FBB1
:1065B0000028D3D03648006836490968441A002CB0
:1065C00001DB204600E060421428C7DC00BF9FEDDD
:1065D000381A5FEDD50A08209FED3B0AFDF7B1F8A8
:1065E00006E001201CF054FDFAF73CFA00B905E082
:1065F0000121264819F04CFB0028F2D000BF0020F2
:10660000FCF772FFA4E02548006801285ED1244809
:10661000006801285AD123480068B0BB22480068AE
:1066200098BBFFF798FD1FEDEC1A5FEDEB0A082011
:106630001FEDF10AFDF785F80020174908601FE0FB
:1066400006E001201CF024FDFAF70CFA00B911E075
:1066500001210E4819F01CFB0028F2D00C480068FC
:106660000C490968441A002C01DB204600E0604216
:106670001428E6DC00BF08480068401C0649086092
:10668000054800689628DBDB62E01FE0000402405A
:10669000BC0000202C040020DC0300202C02002081
:1066A0003002002034020020380200200010024096
:1066B0003333333F008009C4000061C4000002404E
:1066C0000000C84200C0A8C40080D444FE4800684E
:1066D00001283DD1FD480068012839D1FC480068F7
:1066E000012835D1FB48006890BBFFF734FD9FEDD2
:1066F000FA1ADFEDFA0A08209FEDF90AFDF721F8F2
:106700000020F84908601FE006E001201CF0C0FCF2
:10671000FAF7A8F900B911E00121F34819F0B8FA25
:106720000028F2D0F1480068F1490968441A002CA9
:1067300001DB204600E060421428E6DC00BFE948A7
:106740000068401CE7490860E64800689628DBDBE3
:106750000020FCF7C9FE10BD10B54FF4617148422E
:10676000FEF75EFA40F20910FDF7F2FFE14800681B
:1067700000286DD1E0480068002869D1DF48006832
:10678000002865D11FED361ADFEDD40A14201FED65
:10679000360AFCF7D6FF0020D249086020E006E068
:1067A000FAF760F900B915E001201CF071FC4FF414
:1067B0008071D34819F06CFA0028F1D0CB480068FA
:1067C000CB490968441A002C01DB204600E06042F6
:1067D0000A28E5DC00BFC3480068401CC1490860C6
:1067E000C048006840F20E618842D8DB1FED501AA5
:1067F000DFEDBA0A0A201FED500AFCF7A2FF0020C5
:10680000B84908601AE006E0FAF72CF900B90FE081
:1068100001201CF03DFC4021B34819F039FA002852
:10682000F2D04FF48071B64819F032FA0028EBD05C
:1068300000BFAC480068401CAA490860A94800682D
:1068400040F20E618842DEDB0020FCF74DFE13E0D3
:10685000A8480068012802D1FEF77FF80CE0A6489E
:106860000068012802D1FFF7FDFD05E0A34800689C
:10687000012801D1FFF778FC0020FCF735FE10BDA0
:106880002DE9F04105460E46FDF75BFF9D48006887
:10689000C01F9D4908609D480068C01F944908605A
:1068A000002415E006E001201CF0F2FBFAF7DAF80C
:1068B00000B90BE08D4909688D4A1268881A0028D2
:1068C00001DB014600E041420A29ECDC00BF641C08
:1068D000FA2CE7DB9FED801A00EE106AF8EEC00A92
:1068E0000D2000EE105AB8EEC00AFCF72AFF002473
:1068F0001DE006E001201CF0CBFBFAF7B3F800B96D
:1069000013E04FF480717E4819F0C2F90128F1D0EC
:106910004021754819F0BCF90128EBD04FF48051A3
:10692000774819F0B5F90028E4D000BF641C962C14
:10693000DFDBFBF71CFE06E005201CF0A9FBFAF7E5
:1069400091F800B913E0FAF7C3F88046FAF793F824
:10695000071E01DB384600E07842B8F1000F01DB8A
:10696000414601E0C8F100010844C828E4DB00BF4B
:106970000020FCF7B9FDF020654908606548006813
:106980005B490860002415E006E005201CF080FB50
:10699000FAF768F800B90BE054490968544A1268DC
:1069A000881A002801DB014600E041422829ECDC7E
:1069B00000BF641C322CE7DB9FED471A00EE106A23
:1069C000F8EEC00A192000EE105AB8EEC00AFCF723
:1069D000B8FE40F2A4601CF05BFB002415E006E06A
:1069E00001201CF055FBFAF73DF800B90BE08021BF
:1069F0003D4819F04DF9012805D101213A4819F017
:106A000047F90128ECD000BF641C40F21A408442D0
:106A1000E5DB32203E4908603E4800680F303449CB
:106A200008609FED2D1A00EE106AF8EEC00A2020D3
:106A300000EE105AB8EEC00AFCF783FE00240FE007
:106A400006E002201CF024FBFAF70CF800B905E080
:106A50000121314819F01CF90128F2D000BF641C53
:106A600040F226208442EBDB9FED1B1A00EE106AF9
:106A7000F8EEC00A0C2000EE105AB8EEC00AFCF77F
:106A800060FE002410E006E001201CF001FBF9F795
:106A9000E9FF00B906E04FF400511F4819F0F8F87B
:106AA0000128F1D000BF641CB4F57A7FEBDB4FF412
:106AB0007A701CF0EDFA0020FCF716FDF020174963
:106AC0000860174800682DE02C02002030020020EA
:106AD0003402002038020020CDCC4C3F000061443D
:106AE0000000E144DC03002000040240BC00002060
:106AF0002C040020E8000020EC000020F000002022
:106B0000000002401C040020200400202804002073
:106B100054040020240400200010024058040020E7
:106B200018040020401DFE4908603220FD4908601D
:106B3000FD4800680A30FD490860002415E006E0C1
:106B400001201CF0A5FAF9F78DFF00B90BE0F84918
:106B50000968F34A1268881A002801DB014600E040
:106B600041422829ECDC00BF641CFA2CE7DB1FED56
:106B7000261A00EE106AF8EEC00A122000EE105A33
:106B8000B8EEC00AFCF7DDFD002416E006E00120A7
:106B90001CF07EFAF9F766FF00B90CE04FF40061D3
:106BA000E44819F075F8012805D10421E24819F0EC
:106BB0006FF80128EBD000BF641C962CE6DBFBF7D6
:106BC000D6FC06E005201CF063FAF9F74BFF00B98C
:106BD00014E0F9F77DFF8046F9F74DFF071E01DB52
:106BE000384600E07842B8F1000F01DB414601E091
:106BF000C8F100010844B0F5C87FE3DB00BFFDF732
:106C0000A0FD40F20910C6490860C84908601FEDA0
:106C10004E1A00EE106AF8EEC00A0E2000EE105A6E
:106C2000B8EEC00AFCF78DFD00240FE006E001205D
:106C30001CF02EFAF9F716FF00B905E01021BE4846
:106C400019F026F80128F2D000BF641C642CEDDB9B
:106C50000020FCF749FCBDE8F08110B54FF46171EC
:106C60004842FFF70DFE40F20910FDF771FDB348F1
:106C70000068002869D1B2480068002865D1B14891
:106C80000068002861D19FEDB01A5FED6C0A1420F6
:106C90009FEDAE0AFCF755FD0020AD49086020E0ED
:106CA00006E001201CF0F4F9F9F7DCFE00B912E06F
:106CB0004FF480719F4818F0EBFF0028F1D0A548F1
:106CC00000689A490968441A002C01DB204600E05C
:106CD00060420A28E5DC00BF9D480068401C9C49D2
:106CE00008609B480068FA28DADB9FED971A5FED91
:106CF000850A0A209FED950AFCF723FD00209449A0
:106D000008601AE006E001201CF0C2F9F9F7AAFEBB
:106D100000B90CE04021904818F0BAFF0028F2D0EA
:106D20004FF48071834818F0B3FF0028EBD000BF08
:106D300087480068401C8649086085480068FA2832
:106D4000E0DB0020FCF7D0FB0CE07C480068012869
:106D500002D1FDF702FE05E07A480068012801D162
:106D6000FFF702FA0020FCF7BFFB10BD10B540F2A0
:106D70003520FDF7EDFC79480068002843D17848BC
:106D8000006800283FD177480068B8BB76480068A3
:106D9000A0BB23E00421684818F07AFF70B9802175
:106DA0006D4818F075FF48B99FED701A5FEDB50A90
:106DB0000F209FED6F0AFCF7C4FC08E09FED6B1AF3
:106DC0005FEDBA0A0A209FED610AFCF7BAFC0120C8
:106DD0001CF05EF9F9F746FE00B913E04FF480515C
:106DE000544818F055FF0028D4D05A4800684F493D
:106DF0000968441A002C02DB204601E003E06042EF
:106E00006428C7DC08E155480068012842D154488D
:106E10000068D0BB53480068B8BB53480068A0BBAB
:106E200023E00421444818F033FF70B980214A4818
:106E300018F02EFF48B99FED4D1A5FEDD80A0F20CC
:106E40009FED4B0AFCF77DFC08E09FED481A5FEDD3
:106E5000DD0A0A209FED3D0AFCF773FC01201CF0BF
:106E600017F9F9F7FFFD00B913E04FF480513148ED
:106E700018F00EFF0028D4D0364800682B49096866
:106E8000441A002C02DB204601E003E06042642843
:106E9000C7DCC1E031480068012873D13048006880
:106EA00001286FD12F480068C0BB2F480068A8BBDD
:106EB00024E00121284818F0EBFE78B94FF4006176
:106EC0001C4818F0E5FE48B99FED281A5FEDFD0A51
:106ED0000F209FED280AFCF734FC08E09FED231AF1
:106EE000DFED250A0A209FED190AFCF72AFC012094
:106EF0001CF0CEF8F9F7B6FD00B942E04FF480512E
:106F00000C4818F0C5FE0028D3D012480068074985
:106F10000968441A002C31DB204630E032E00000E2
:106F20002004002054040020240400202C0400200D
:106F3000B80000200000024000100240E8000020DD
:106F4000EC000020F00000206666663F000061C48F
:106F5000DC030020BC000020000402402C020020C2
:106F60003002002034020020380200203333333F47
:106F70000000E1C30040CEC40000614460426428C8
:106F800097DC49E0FB480068012845D1FA480068D1
:106F9000012841D1F948006801283DD1F84800682E
:106FA000A8BB24E00121F74818F072FE78B94FF42D
:106FB0000061F54818F06CFE48B91FED141A5FED3A
:106FC000120A0F201FED150AFCF7BBFB08E01FEDAE
:106FD000191A5FED170A0A201FED240AFCF7B1FB0E
:106FE00001201CF055F8F9F73DFD00B913E04FF40E
:106FF0008051E54818F04CFE0028D3D0E3480068E3
:10700000E3490968441A002C02DB204601E003E052
:1070100060426428C6DC00BF0020FCF765FA10BDA2
:1070200010B5D4480068002864D1D348006800280F
:1070300060D1D248006800285CD1D148006800289F
:1070400058D1FFF788F824E04FF40061CE4818F0DB
:107050001FFE70B90121CB4818F01AFE48B91FED88
:107060003D1A5FED3B0A0E209FEDCA0AFCF769FB53
:1070700008E01FED421A5FED400A0A201FED4D0A9D
:10708000FCF75FFB01201CF003F8F9F7EBFC00B9FB
:1070900017E08021C04818F0FBFD30B94FF4807133
:1070A000BD4818F0F5FD0028CED0B8480068B849B2
:1070B0000968441A002C01DB204600E060421428D5
:1070C000C2DC00BF1FED571A5FED550A08209FED87
:1070D000B30AFCF736FB06E001201BF0D9FFF9F7F5
:1070E000C1FC00B905E00121A64818F0D1FD002837
:1070F000F2D018E19F480068012864D19E480068DA
:10710000002860D19D48006800285CD19C48006838
:10711000002858D1FFF71FF824E04FF400619A4887
:1071200018F0B6FD70B90121964818F0B1FD48B9C4
:107130001FED721A5FED700A0E209FED960AFCF7A4
:1071400000FB08E01FED771A5FED750A0A201FEDBE
:10715000810AFCF7F6FA01201BF09AFFF9F782FC8E
:1071600000B917E080218C4818F092FD30B94FF437
:107170008071894818F08CFD0028CED083480068C3
:1071800083490968441A002C01DB204600E0604274
:107190001428C2DC00BF1FED8B1A5FED890A08209E
:1071A0009FED7E0AFCF7CDFA06E001201BF070FF90
:1071B000F9F758FC00B905E00121724818F068FDA4
:1071C0000028F2D0AFE06B480068012853D16A482C
:1071D000006801284FD16948006870BB68480068A2
:1071E00058BBFEF7B8FF06E001201BF051FFF9F78E
:1071F00039FC00B90BE065490968654A1268881ACC
:10720000002801DB014600E041420F29ECDC00BF11
:10721000B6EE001A5FEDA80A0A209FED600AFCF79F
:1072200090FA00205E49086020E007E001201BF092
:107230002FFFF9F717FC08B912E01CE001215148B3
:1072400018F026FD0028F1D0504800685049096820
:10725000441A002C01DB204600E060421428E5DCE3
:1072600000BF4F480068401C4D4908604C4800680A
:107270009628DADB57E03F480068012853D13E48A2
:10728000006801284FD13D48006801284BD13C4897
:107290000068D0BBFEF75FFF06E001201BF0F8FEA0
:1072A000F9F7E0FB00B90BE038490968384A126881
:1072B000881A002801DB014600E041420F29ECDC7E
:1072C00000BF9FED381A5FEDD40A0A209FED330A04
:1072D000FCF737FA00203249086020E006E0012080
:1072E0001BF0D6FEF9F7BEFB00B912E001212548DC
:1072F00018F0CEFC0028F2D0244800682449096820
:10730000441A002C02DB204601E00CE06042142805
:10731000E5DC00BF22480068401C21490860204885
:1073200000689628DADB0020FCF7DEF810BD10B507
:107330004FF461714842FFF7A3FA1B480068002828
:107340006FD11A48006800286BD1194800680028DE
:1073500067D14FF4F070FDF7FBF91FEDFC1A5FEDFC
:10736000FA0A14209FED130AFCF7EBF900200C49F0
:10737000086042E02C02002030020020340200208D
:10738000380200200004024000000240BC0000203F
:107390002C04002000C0A8C4001002400000E144FA
:1073A000DC030020CDCC4C3FE8000020EC000020A6
:1073B000F0000020000061C406E001201BF068FE20
:1073C000F9F750FB00B912E04FF48071FE4818F055
:1073D0005FFC0128F1D0FD480068FD490968441AA6
:1073E000002C01DB204600E060421428E5DC00BFF1
:1073F000F8480068401CF7490860F648006840F209
:107400000E618842D8DB9FEDF41ADFEDF40A0A2002
:107410001FED180AFCF795F90020EE49086021E0FD
:1074200007E026E001201BF033FEF9F71BFB00B953
:1074300012E04FF48051E44818F02AFC0028F1D003
:10744000E2480068E2490968441A002C01DB204642
:1074500000E060421428E5DC00BFDE480068401C04
:10746000DC490860DB48006840F20E618842D7DBE7
:107470000CE0DB480068012802D1FFF777FC05E04B
:10748000D8480068012801D1FFF7CAFD0020FCF7A9
:107490002BF810BD10B5D448006800285BD1D34844
:1074A0000068002857D1D2480068002853D1D1483D
:1074B000006800284FD140F23520FDF749F900203F
:1074C000C449086019E006E001201BF0E1FDF9F76E
:1074D000C9FA00B90BE0BD490968BD4A1268881AAB
:1074E000002801DB014600E041426429ECDC00BFDA
:1074F000B8480068401CB7490860B6480068FA28D8
:10750000E1DBB6EE001ADFEDB50A0A209FEDBA0AFC
:10751000FCF717F90020AF49086013E006E00120EE
:107520001BF0B6FDF9F79EFA00B905E0B348006814
:10753000B34909688842F2DC00BFA6480068401CD5
:10754000A4490860A34800689628E7DB4FF4FA6076
:107550001BF09EFD5AE1A448006801285BD1A348B6
:107560000068002857D1A2480068002853D1A148DC
:10757000006800284FD140F23520FDF7E9F80020DF
:107580009449086019E006E001201BF081FDF9F73D
:1075900069FA00B90BE08D4909688D4A1268881AAA
:1075A000002801DB014600E041426429ECDC00BF19
:1075B00088480068401C8749086086480068FA28A7
:1075C000E1DBB6EE001ADFED850A0A209FED8A0A9C
:1075D000FCF7B7F800207F49086013E006E00120BF
:1075E0001BF056FDF9F73EFA00B905E08348006844
:1075F000834909688842F2DC00BF76480068401C75
:1076000074490860734800689628E7DB4FF4FA6015
:107610001BF03EFDFAE074480068012869D1734808
:107620000068012865D172480068002861D171485E
:10763000006800285DD140F23520FDF79BF800205E
:10764000644908601AE006E001201BF021FDF9F70B
:1076500009FA00B90CE05D4909685D4A1268881AA8
:10766000002801DB014600E04142B1F5967FEBDCEA
:1076700000BF58480068401C5649086055480068DB
:10768000FA28E0DB1FEDB91ADFED540A0A201FEDDE
:10769000B70AFCF756F842F604101BF0F9FCB6EEF8
:1076A000001ADFED4E0A0A209FED530AFCF749F855
:1076B00000204849086013E006E001201BF0E8FCC8
:1076C000F9F7D0F900B905E04C4800684C49096861
:1076D0008842F2DC00BF3F480068401C3D4908601A
:1076E0003C4800689628E7DB4FF4FA601BF0D0FCBA
:1076F0008CE03D480068012848D13C4800680128DA
:1077000044D13B480068012840D13A480068E8BBB2
:1077100040F23520FDF72EF800202E4908601AE0CF
:1077200006E001201BF0B4FCF9F79CF900B90CE06D
:1077300026490968264A1268881A002801DB014692
:1077400000E04142B1F5967FEBDC00BF21480068C4
:10775000401C204908601F480068FA28E0DB1FED44
:10776000EF1ADFED1E0A0A201FEDEE0AFBF7E9FF14
:1077700042F604101BF08CFCB6EE001ADFED170A7F
:107780000A209FED1D0AFBF7DCFF00E03EE0002031
:107790001049086013E006E001201BF079FCF9F7BE
:1077A00061F900B905E01548006815490968884283
:1077B000F2DC00BF07480068401C06490860054825
:1077C00000689628E7DB1DE000000240BC000020B6
:1077D0002C040020DC0300203333333F00006144DD
:1077E000E8000020EC0000202C02002030020020E5
:1077F000340200203802002000000000A000002019
:10780000A00100204FF4FA601BF042FC0020FBF7BF
:107810006BFE10BD10B54FF461714842FDF746FC98
:10782000FE480068002840D1FD48006800283CD18F
:10783000FC480068C0BB40F20910FCF789FF9FEDCF
:10784000FA1A5FED1A0A12209FEDF80AFBF779FF8A
:107850000020F749086020E006E0F9F703F900B9D5
:1078600015E001201BF014FC4FF48071F14818F072
:107870000FFA0028F1D0F0480068F0490968441A6E
:10788000002C01DB204600E060421428E5DC00BF4C
:10789000E7480068401CE6490860E548006840F297
:1078A0000E618842D8DB06E0FFE7DE480068012869
:1078B00001D1FFF7EFFD0020FBF716FE10BD10B55C
:1078C0004FF461714842FDF7F1FBD448006800288D
:1078D00043D1D348006800283FD1D2480068D8BBC4
:1078E00040F20910FCF734FF9FEDCF1A5FED450A17
:1078F00012209FEDCE0AFBF724FF0020CC49086040
:1079000020E006E0F9F7AEF800B915E001201BF021
:10791000BFFB4FF48071C74818F0BAF90028F1D0C6
:10792000C5480068C5490968441A002C01DB204697
:1079300000E060420A28E5DC00BFBD480068401C4A
:10794000BB490860BA48006840F20E618842D8DB43
:107950000020FBF7C9FD0DE0FFE7B14800680128F2
:1079600002D1FEF77FFD05E0AE480068012801D195
:10797000FEF7FAFB0020FBF7B7FD10BD70B504461B
:107980000B46201E01DB064600E0464231463C29FC
:1079900001DD104670BD0F2901DA1846FAE700EE46
:1079A000901AF8EEE00A9FEDA61A30EE811A00EE6A
:1079B000901AF8EEE00A80EE810AD01A00EE900AE2
:1079C000B8EEE01A00EE903AF8EEE00A41EE000A56
:1079D000FDEEE00A10EE905A2846DBE72DE9F0476D
:1079E00004460D4616461F46DDF820A000209049AB
:1079F00008603EE02DE093480068A0EB04093A4699
:107A000031464846FFF7BAFF80468E480068001BA3
:107A1000002809DD1FED901A5FED900A40469FEDAA
:107A20008A0AFBF78EFE10E086480068001B09D525
:107A30001FED971A5FED970A40461FED910AFBF77D
:107A400080FE02E00120FBF74FFDF9F70BF800B9CB
:107A500009E07C490968081B002801DB014600E0B9
:107A600041425145C7DC00BF71480068401C704965
:107A700008606F480068A842BCDBBDE8F08708B525
:107A80004FF42F70FCF764FE00206949086019E08C
:107A900006E001201BF0FCFAF8F7E4FF00B90BE068
:107AA00065490968654A1268881A002801DB0146A1
:107AB00000E041420A29ECDC00BF5D480068401C40
:107AC0005B4908605A4800689628E1DB0020584965
:107AD000086012E006E001201BF0DAFAF8F7C2FFB6
:107AE00000B904E057480068B0F5827FF3DB00BFBF
:107AF0004F480068401C4E4908604D48006840F2FD
:107B00001A418842E6DB00204949086011E006E09E
:107B100001201BF0BDFAF8F7A5FF00B903E04948C2
:107B20000068DC28F4DB00BF41480068401C404985
:107B300008603F48006840F21A418842E7DB0720AE
:107B4000424900900968A1F10A00322305224FF44E
:107B50007A71FFF743FF9FED3E1A5FEDE00A0A20BE
:107B60009FED320AFBF7EDFD00203149086014E07B
:107B700006E001201BF08CFAF8F774FF00B906E06C
:107B80004FF480512B4818F083F80028F1D000BF43
:107B900027480068401C264908602548006840F2D4
:107BA0001A418842E4DB0A20FBF79EFC1B48006870
:107BB00001282FD127480068012813D126480068E2
:107BC00080B92648006868B92548006850B9072080
:107BD000322305224FF47A7100901C480068FFF7A9
:107BE000FDFE17E01B480068012813D11A48006801
:107BF00001280FD11948006860B91948006848B9D0
:107C00000720322305224FF47A710090154800684E
:107C1000FFF7E4FE9FED0E1A26E00000E8000020CA
:107C2000EC000020F0000020CDCC4C3F000061C4EF
:107C3000DC03002000000240BC0000202C040020D7
:107C400000000C42A40000200000E144C00100201C
:107C5000CDCC4C3E2C02002030020020340200200B
:107C600038020020C4010020DFEDFE0A0A201FEDCB
:107C7000110AFBF766FD0020FB49086014E006E0EE
:107C800001201BF005FAF8F7EDFE00B906E04FF40D
:107C90008051F64817F0FCFF0028F1D000BFF248F1
:107CA0000068401CF0490860EF48006840F21A4143
:107CB0008842E4DB4FF4FA601BF0EAF90020FBF79E
:107CC00013FC08BD08B54FF42F70FCF741FD0020F0
:107CD000E549086019E006E001201BF0D9F9F8F742
:107CE000C1FE00B90BE0E2490968E24A1268881A4D
:107CF000002801DB014600E041420A29ECDC00BF1C
:107D0000D9480068401CD8490860D74800689628C0
:107D1000E1DB9FEDD91ADFEDD30A0A209FEDD10AEE
:107D2000FBF70FFD4FF4FA601BF0B2F90020FBF7F0
:107D3000DBFB0020CC49086012E006E001201BF0CC
:107D4000A7F9F8F78FFE00B904E0CC480068B0F559
:107D5000827FF3DB00BFC4480068401CC249086052
:107D6000C148006840F21A418842E6DB0020BE4963
:107D7000086011E006E001201BF08AF9F8F772FEB6
:107D800000B903E0BD480068E628F4DB00BFB64850
:107D90000068401CB4490860B348006840F21A41CA
:107DA0008842E7DB0520322302464FF47A710090C7
:107DB000B34800680A30FFF711FE0020FBF794FB80
:107DC0001FED671ADFEDA70A0A201FED680AFBF70F
:107DD000B8FC0020A449086014E006E001201BF074
:107DE00057F9F8F73FFE00B906E04FF480519F487D
:107DF00017F04EFF0028F1D000BF9B480068401CE0
:107E0000994908609848006840F21A418842E4DBCA
:107E10000A20FBF769FB9B48006801282FD19A488C
:107E20000068012813D19948006880B99848006813
:107E300068B99848006850B90520322302464FF4CB
:107E40007A71009094480068FFF7C8FD17E08E48EB
:107E50000068012813D18D48006801280FD18C4893
:107E6000006860B98B48006848B905203223024693
:107E70004FF47A71009082480068FFF7AFFD002050
:107E8000FBF732FB1FED981ADFED760A0A201FED93
:107E9000990AFBF756FC00207349086014E006E0DD
:107EA00001201BF0F5F8F8F7DDFD00B906E04FF40E
:107EB00080516E4817F0ECFE0028F1D000BF6A48F0
:107EC0000068401C684908606748006840F21A4131
:107ED0008842E4DB4FF4FA601BF0DAF80020FBF78D
:107EE00003FB08BD08B500205F49086012E006E00A
:107EF00001201BF0CDF8F8F7B5FD00B904E06748A4
:107F00000068B0F5BE7FF3DB00BF57480068401C37
:107F1000554908605448006840F21A418842E6DB3F
:107F200058480068012836D10520322302464FF414
:107F30007A7100905A480068FFF750FD1FEDC61A8D
:107F4000DFED480A0A201FEDC70AFBF7FAFB002005
:107F50004549086014E006E001201BF099F8F8F7A5
:107F600081FD00B906E04FF48051404817F090FEC3
:107F70000028F1D000BF3C480068401C3A49086026
:107F80003948006840F21A418842E4DB4FF4FA6055
:107F90001BF07EF822E03B480068F8B941480068D1
:107FA00060B905203E4900900968A1F10F00322315
:107FB00005224FF47A71FFF711FD0FE03948006890
:107FC00001280BD10520384900900968A1F10A0069
:107FD000372305224FF47A71FFF700FD0120334962
:107FE00008600020FBF780FA08BD08B59FED221A53
:107FF000DFED1C0A0A209FED1B0AFBF7A2FB4FF4E2
:10800000FA601BF045F80020FBF76EFA00201649D5
:10801000086012E006E001201BF03AF8F8F722FDB4
:1080200000B904E015480068B0F5B47FF3DB00BF89
:108030000D480068401C0C4908600B48006840F27D
:108040001A418842E6DB0F48006801285DD105200F
:10805000322302464FF47A71009011480068FFF70E
:10806000BDFC25E000006144DC030020000002406C
:10807000BC0000202C0400209A99193FA000002089
:10808000D4010020E80000202C0200203002002053
:108090003402002038020020D8010020A400002073
:1080A000C8010020A8020020C0010020F400002028
:1080B0001FED0F1A5FED150A0A209FEDF80AFBF776
:1080C00040FB0020F649086014E006E001201AF0A9
:1080D000DFFFF8F7C7FC00B906E04FF48051F14824
:1080E00017F0D6FD0028F1D000BFED480068401C15
:1080F000EB490860EA48006840F21A418842E4DB34
:108100004FF4FA601AF0C4FF21E0E7480068F0B9C4
:10811000E648006860B90520E54900900968A1F1CA
:108120000F00322305224FF47A71FFF757FC0EE05F
:10813000DE48006801280AD10520372302464FF4A3
:108140007A710090DB4800680A30FFF747FC0A208C
:10815000FBF7CAF90120D849086008BD10B5D74817
:10816000C07F40F00400D549C8774FF4FA601AF098
:108170008FFFD248C07F40F00800D049C8774FF445
:10818000FA601AF085FFCD48C07F40F04000CB492F
:10819000C8774FF4FA601AF07BFFC848C07F40F000
:1081A0001000C649C8774FF4FA601AF071FF10BD8D
:1081B00070B505460E46FCF7C4FAC14800680A309F
:1081C000C0490860C04800680A30C04908600024FF
:1081D00015E006E001201AF05BFFF8F743FC00B958
:1081E0000BE0BB490968B94A1268881A002801DB0C
:1081F000014600E041420829ECDC00BF641C322C3F
:10820000E7DBB7EE001A00EE106AF8EEC00A1120A4
:1082100000EE105AB8EEC00AFBF793FA002410E003
:1082200006E001201AF034FFF8F71CFC00B906E064
:108230004FF480719B4817F02BFD0028F1D000BF50
:10824000641CB4F57A7FEBDBB7EE001A00EE106A1F
:10825000F8EEC00A0A2000EE105AB8EEC00AFBF78A
:1082600070FA002421E006E001201AF011FFF8F76F
:10827000F9FB00B917E04FF480718A4817F008FD48
:108280000028F1D04021934817F002FD0028EBD0E0
:108290008021904817F0FCFC28B901218D4817F087
:1082A000F7FC0028E0D000BF641CB4F57A7FDADB6D
:1082B000FA201AF0EDFE0020FBF716F9F0208649AF
:1082C0000860864800680A3880490860002415E084
:1082D00006E001201AF0DCFEF8F7C4FB00B90BE061
:1082E0007B490968794A1268881A002801DB01462F
:1082F00000E041421E29ECDC00BF641CFA2CE7DBE5
:108300000020FBF7F1F8B7EE001A00EE106AF8EE65
:10831000C00A0A2000EE105AB8EEC00AFBF711FAA4
:10832000002410E006E001201AF0B2FEF8F79AFBF4
:1083300000B906E04FF40051694817F0A9FC002885
:10834000F1D000BF641C40F226208442EADB5C4886
:108350000068401D5B490860002410E006E0012031
:108360001AF096FEF8F77EFB00B906E04FF4804164
:108370005B4817F08DFC0028F1D000BF641CB4F5F9
:108380007A7FEBDB0020FBF7AFF8F020554908605F
:10839000554800680A384B490860002415E006E09B
:1083A00001201AF075FEF8F75DFB00B90BE04F49AC
:1083B0000968444A1268881A002801DB014600E077
:1083C00041421E29ECDC00BF641C322CE7DBB7EE17
:1083D000001A00EE106AF8EEC00A0C2000EE105AE7
:1083E000B8EEC00AFBF7ADF906E001201AF050FE26
:1083F000F8F738FB00B905E01021394817F048FCC0
:108400000028F2D000BF4FF47A701AF041FE00202D
:10841000FBF76AF870BD2DE9F05F82460D46144601
:108420001E46DDE90B9BDDF8288031490968881B71
:10843000002801DB014600E0414201FB0BF74F45FC
:1084400000DD4F462A480068801B404510DAE81BD3
:1084500000EE900AF8EEE00AB0EE600AB6EE001AFE
:1084600000EE904AF8EEE00A5046FBF76AF94EE05B
:108470001F480068801B40453CDDE81900EE900A6B
:10848000F8EEE00AB0EE600AB6EE001A00EE904A8E
:10849000F8EEE00A5046FBF754F938E0000061C4FA
:1084A000DC03002000000240E8000020AC020020B5
:1084B000C8010020D4010020F400002004000020A6
:1084C0001804002020040020240400202C04002094
:1084D000BC000020000402405404002028040020B6
:1084E00000100240580400201C040020B8000020A6
:1084F000A4000020B6EE001A00EE104AF8EEC00A02
:10850000504600EE105AB8EEC00AFBF71AF9BDE863
:10851000F09F2DE9F05F82460D4614461E46DDE9C8
:108520000B9BDDF82880FE490968881B002801DBC9
:10853000014600E0414201FB0BF74F4500DD4F468D
:10854000F7480068801B404510DAE81900EE900AF1
:10855000F8EEE00AB0EE600AB6EE001A00EE904ABD
:10856000F8EEE00A5046FBF7ECF822E0EC48006831
:10857000801B404510DDE81B00EE900AF8EEE00A93
:10858000B0EE600AB6EE001A00EE904AF8EEE00A8D
:108590005046FBF7D6F80CE0B6EE001A00EE104A93
:1085A000F8EEC00A504600EE105AB8EEC00AFBF7CB
:1085B000C8F8BDE8F09F2DE9F05F82460D461446ED
:1085C0001E46DDE90B9BDDF82880D6490968881B2B
:1085D000002801DB014600E0414201FB0BF74F455B
:1085E00000DD4F46CF480068801B404510DAE81B8D
:1085F00000EE900AF8EEE00AB0EE600A9FEDCA1AAB
:1086000000EE904AF8EEE00A5046FBF79AF822E0B6
:10861000C4480068801B404510DDE81900EE900A50
:10862000F8EEE00AB0EE600A9FEDBF1A00EE904A45
:10863000F8EEE00A5046FBF784F80CE09FEDBA1A1A
:1086400000EE104AF8EEC00A504600EE105AB8EE9E
:10865000C00AFBF776F8BDE8F09F2DE9F05F82468F
:108660000D4614461E46DDE90B9BDDF82880AD491A
:108670000968881B002801DB014600E0414201FB3C
:108680000BF74F4500DD4F46A6480068801B40456C
:1086900010DAE81900EE900AF8EEE00AB0EE600A8F
:1086A0009FEDA11A00EE904AF8EEE00A5046FBF763
:1086B00048F822E09B480068801B404510DDE81B1D
:1086C00000EE900AF8EEE00AB0EE600A9FED961A0E
:1086D00000EE904AF8EEE00A5046FBF732F80CE064
:1086E0009FED911A00EE104AF8EEC00A504600EED7
:1086F000105AB8EEC00AFBF724F8BDE8F09F2DE948
:10870000F05F82460D4614461E46DDE90B9BDDF800
:10871000288086490968881B002801DB014600E0A3
:10872000414201FB0BF74F4500DD4F467F48006893
:10873000801B404510DAE81B00EE900AF8EEE00AD4
:10874000B0EE600A9FED7A1A00EE904AF8EEE00A69
:108750005046FAF7F6FF22E074480068801B404557
:1087600010DDE81900EE900AF8EEE00AB0EE600ABB
:108770009FED6F1A00EE904AF8EEE00A5046FAF7C5
:10878000E0FF0CE09FED6B1A00EE104AF8EEC00A15
:10879000504600EE105AB8EEC00AFAF7D2FFBDE814
:1087A000F09F2DE9F05F82460D4614461E46DDE936
:1087B0000B9BDDF8288060490968881B002801DBD5
:1087C000014600E0414201FB0BF74F4500DD4F46FB
:1087D00059480068801B404510DAE81B00EE900AFB
:1087E000F8EEE00AB0EE600A9FED511A00EE904AF2
:1087F000F8EEE00A5046FAF7A4FF22E04E4800687F
:10880000801B404510DDE81900EE900AF8EEE00A02
:10881000B0EE600A9FED461A00EE904AF8EEE00ACC
:108820005046FAF78EFF0CE09FED411A00EE104A19
:10883000F8EEC00A504600EE105AB8EEC00AFAF739
:1088400080FFBDE8F09F3EB5FBF77BFF4FF48770DC
:108850003A4908604FF48C70394908601E210020A5
:10886000FAF765FF00240DE006E005201AF010FC81
:10887000F8F7F8F800B103E02C4800682828F4DC89
:1088800000BF641C40F226208442EDDB1E21002044
:10889000FAF74DFF00240DE006E005201AF0F8FB82
:1088A000F8F7E0F800B103E0204800684628F4DB60
:1088B00000BF641C40F226208442EDDB1E21002014
:1088C000FAF735FF00240DE006E005201AF0E0FB82
:1088D000F8F7C8F800B103E0144800683228F4DC67
:1088E00000BF641C40F226208442EDDB0020FAF732
:1088F000FBFD00242EE027E01E20C82102222023B9
:10890000CDE90021029000220E493C20FFF7F7FE3E
:1089100005201AF0BDFBF8F7A5F8A8B118E0000093
:10892000A4000020A00000209A99993E9C000020FD
:108930003333333FB81E453F980000202004002009
:108940002C0400207CFCFFFFFB4800686428D3DC7B
:1089500000BF641C40F226208442CCDB002419E0D6
:1089600012E01E20C82102222023CDE9002102901E
:108970000022F2491420FFF7C2FE05201AF088FBFE
:10898000F8F770F800B103E0EB4800680F28E8DC66
:1089900000BF641C40F226208442E1DB0020FAF78D
:1089A000A3FD3EBD3EB5FBF7CCFE4FF48770E44916
:1089B00008604FF48C70E34908601E210020FAF72C
:1089C000B6FE00240DE006E005201AF061FBF8F782
:1089D00049F800B103E0DC4800682828F4DC00BF57
:1089E000641C40F226208442EDDB1E210020FAF7B1
:1089F0009EFE00240DE006E005201AF049FBF8F782
:108A000031F800B103E0D04800684628F4DB00BF2D
:108A1000641C40F226208442EDDB1E210020FAF780
:108A200086FE00240DE006E005201AF031FBF8F781
:108A300019F800B103E0C44800683228F4DC00BF34
:108A4000641C40F226208442EDDB0020FAF74CFD46
:108A5000002419E012E01E20C82102222023CDE9C3
:108A6000002102900022B5493C20FFF748FE052076
:108A70001AF00EFBF7F7F6FF00B103E0AE4800680E
:108A80006428E8DC00BF641C40F226208442E1DB5D
:108A9000002419E012E01E20C82102222023CDE983
:108AA000002102900022A5491420FFF728FE05208E
:108AB0001AF0EEFAF7F7D6FF00B103E09E4800681F
:108AC0000F28E8DC00BF641C40F226208442E1DB72
:108AD0000020FAF709FD3EBD9C48C07F40F0010030
:108AE0009A49C8770846C07F00F0FD00C8777047F4
:108AF0009648C07F40F002009449C8770846C07F7E
:108B000000F0FE00C87770479048C07F00F0FD007D
:108B10008E49C8770846C07F00F0FE00C8777047CE
:108B20008B48407800F0100088B38948407800F006
:108B3000020060BB8648C07948BB8548807930BB5D
:108B40008448006884490968884221DD804840786B
:108B500000F0010058B18148006814387D49096867
:108B6000884204DD3220794981F8270003E014208F
:108B7000764981F827000120744981F8260075485C
:108B80000068774908600120764908603EE0FFE709
:108B90006F48407800F0080088B36D48407800F0D6
:108BA000020060BB6A48C07948BB6948807930BB25
:108BB0006848006869490968884221DA6448407851
:108BC00000F0010058B16348016863480068143040
:108BD000814204DD32205D4981F8270003E0142042
:108BE0005A4981F827000020584981F82600594841
:108BF00000685B49086001205A49086006E0FFE709
:108C0000002058490860514981F8270070475048B2
:108C1000407800F0400070B34D48407800F002000A
:108C200048BB4B48C07930BB4948807918BB4E4897
:108C300000684E49096888421EDA4548407800F0CD
:108C4000010050B148480168494800681430814229
:108C500003DD96203D49C87602E046203B49C876B0
:108C600001203A498876404800684249086001205E
:108C70004149086037E0FFE73548407800F0800060
:108C800070B33348407800F0020048BB3048C079E8
:108C900030BB2F48807918BB3348006834490968D5
:108CA00088421DDD2A48407800F0010050B12F486D
:108CB000006814382C490968884203DD962023494E
:108CC000C87602E046202149C87600201F498876F0
:108CD000254800682749086001202749086002E00C
:108CE00000202549086070471948407800F02000AE
:108CF00008B31748407800F00200E0B91448C07982
:108D0000C8B913488079B0B91C4800681C49096883
:108D100088424ADD0E48407800F00100A0B31948AF
:108D2000006814381549096888422EDD96200749E5
:108D300081F82B002DE038E0A00000207CFCFFFF34
:108D4000200400202C0400209C00002004000020AF
:108D5000BB080020B00000203004002034040020B4
:108D600038040020F0040020C0000020400400204F
:108D70003C04002044040020F4040020C40000202F
:108D8000480400204C040020FFE76420F74981F8E4
:108D90002B000020F54981F82A00F5480068F549C4
:108DA00008600120F44908603AE0F448407800F097
:108DB000040088B3F148407800F0020060BBEF483F
:108DC000C07948BBED48807930BBE9480068EC4980
:108DD0000968884221DAE948407800F0010058B17A
:108DE000E3480168E74800681430814204DD9620BA
:108DF000DE4981F82B0003E06420DC4981F82B0078
:108E00000120DA4981F82A00D9480068D949086068
:108E10000120D949086003E0FFE70020D649086037
:108E2000704710B50446FFF763FED04890F8230062
:108E300000F0EF00CD4981F8230043F698201AF0A6
:108E400027F9FFF749FE41F658301AF021F94FF49F
:108E50008051CD4816F01CFF01283CD1601DCB4944
:108E6000086040F6B8301AF013F9FFF741FEBF482A
:108E700090F8230000F0EF00BC4981F8230043F68E
:108E800098201AF005F9FFF727FE41F658301AF03E
:108E9000FFF84FF48051BC4816F0FAFE01281AD1B1
:108EA000601FBA49086040F6B8301AF0F1F8FFF7D1
:108EB0001FFEAE4890F8230000F0EF00AB4981F8A8
:108EC000230043F698201AF0E3F8FFF705FE41F679
:108ED00058301AF0DDF8A4F11400AC49086010BD58
:108EE00010B54FF461714842FFF762F99FEDA81A7F
:108EF000DFEDA80A0A209FEDA80AFAF722FC40F647
:108F0000B8301AF0C5F80020FAF7EEFA0020A349AD
:108F100008600120A249086010BD10B54FF46171CE
:108F20004842FCF7C3F89FED9A1ADFED9A0A0A202F
:108F30009FED990AFAF705FC40F6B8301AF0A8F848
:108F40000020FAF7D1FA00209449086001209449E2
:108F5000086010BD10B50020FAF7C6FAFAF734F829
:108F6000824890F8230000F0FD00804981F823003A
:108F7000FBF7D9FB4FF48C708A4908608A49086076
:108F8000C8208A4908608A4800687A490860C82071
:108F900088490860884800688849086064208849D2
:108FA000086088480068794908607048C07F00F010
:108FB0007F006E49C8770846C07F00F0DF00C877A1
:108FC000084690F8230000F0FE0081F823000846D0
:108FD000C07F00F0F700C8770846C07F00F0BF00F0
:108FE000C8770846C07F00F0EF00C8770846C07F0A
:108FF00000F0FB00C877F7F735FD10BD10B5002075
:10900000FAF772FAF9F7E0FFFBF78DFBF7206549F5
:10901000086065490860642069490860694800681B
:109020005A4908605148C07F00F07F004F49C87717
:109030000846C07F00F0DF00C8770846C07F00F018
:10904000F700C8770846C07F00F0BF00C877084621
:10905000C07F00F0EF00C8770846C07F00F0FB003B
:10906000C87710BD4148C07F40F080003F49C877B5
:109070000846C07F40F02000C877704770B50446AE
:1090800051480568A54220DA64204D4908603F48F0
:10909000046000204D49086012E006E0012019F04C
:1090A000F7FFF7F7DFFC00B904E0E01E4649096866
:1090B0008842F3DC00BF45480068401C4349086013
:1090C000424800683228E8DB21E0A5421FDD642029
:1090D0003B4908602D48046000203C49086012E0CC
:1090E00006E0012019F0D4FFF7F7BCFC00B904E05A
:1090F00035480168E01C8142F3DC00BF334800685A
:10910000401C32490860314800683228E8DB70BDF5
:1091100010B500202D49086074E05FE04FF4006155
:109120002B4816F0B5FD48B980212A4816F0B0FD4D
:1091300020B904212848FAF7FAFA0FE04FF4005159
:10914000244816F0A5FD48B90121224816F0A0FDDB
:1091500020B904214FF46170FAF7E9FA012019F0FF
:1091600097FFF7F77FFC00B946E037E004000020E6
:10917000C400002050040020F8040020BB08002098
:109180004C04002048040020000002403804002065
:10919000CDCC4C3F00006144000061C4DC020020E3
:1091A00040020020200400202C0400206404002041
:1091B000B001002060040020AC0100204404002025
:1091C0005C04002078010020B0000020DC030020B7
:1091D000000C0240000402407CFCFFFF4FF40061E1
:1091E000F94816F055FD002898D04FF40051F74883
:1091F00016F04EFD002891D000BFF5480068401CD5
:10920000F3490860F2480068B0F5FA7F85DB4FF457
:10921000966019F03DFF0020FAF766F910BD10B511
:109220000020EB49086031E01CE04FF40061E648A3
:1092300016F02EFD20B904210020FAF778FA0AE092
:109240004FF40051E14816F023FD20B904214FF4FA
:10925000E160FAF76CFA012019F01AFFF7F702FC47
:1092600000B90DE04FF40061D74816F011FD002859
:10927000DBD04FF40051D54816F00AFD0028D4D0B9
:1092800000BFD3480068401CD1490860D04800683E
:10929000B0F57A7FC8DB4FF47A7019F0F9FE002040
:1092A000FAF722F910BD10B50020C949086031E075
:1092B0001CE04FF40061C44816F0EAFC28B9042110
:1092C0004FF4E160FAF733FA09E04FF40051BF4878
:1092D00016F0DEFC18B904210020FAF728FA012064
:1092E00019F0D6FEF7F7BEFB00B90DE04FF40061B0
:1092F000B54816F0CDFC0028DBD04FF40051B34840
:1093000016F0C6FC0028D4D000BFB1480068401C4D
:10931000AF490860AE480068B0F57A7FC8DB40F21C
:10932000DC5019F0B5FE0020FAF7DEF810BD10B5DC
:10933000A8480068012802D1FFF7B5FF0CE0A64855
:109340000068012802D1FFF76AFF05E0A348006822
:10935000012801D1FFF7DCFE10BD70B52DED088BA3
:1093600000BF00259E48C07F40F004009C49C8779C
:109370000846C07F40F08000C877FA20994908600D
:10938000994800686E30994908600020904908604B
:1093900019E006E0012019F07BFEF7F763FB00B946
:1093A0000BE093490968914A1268881A002801DB8A
:1093B000014600E041420A29ECDC00BF8448006815
:1093C000401C83490860824800683228E1DB0020A5
:1093D0007F49086014E006E0012019F059FEF7F714
:1093E00041FB00B906E04FF40061784816F050FCEC
:1093F0000128F1D000BF76480068401C744908601D
:109400007348006840F226218842E4DBFFF78FFFB3
:10941000C820744908607448006830307349086097
:1094200041F6583019F034FE6D48C07F00F0FB0063
:109430006B49C87740F6C41019F02AFE6848C07F0F
:1094400000F07F006649C877FA20664908606948DD
:1094500000686649086000205D49086032E006E067
:10946000012019F015FEF7F7FDFA00B924E0614973
:1094700009685D4A1268881A1AF013FC41EC1B0B4C
:109480009FED5D0B53EC102B1AF09CFB41EC190B7C
:109490005748006855490968441A002C01DB2146E9
:1094A00000E0614208461AF0FCFB41EC1A0B53EC59
:1094B000192B1AF039FCD3D300BF45480068401C73
:1094C00043490860424800683228C8DB40214C48C4
:1094D00016F0DEFB012804D19FED4A0AB0EE408A67
:1094E00004E09FED490AB0EE408A0125002038498A
:1094F00008602BE006E0012019F0CAFDF7F7B2FA88
:1095000000B91DE03B490968374A1268891A00EE24
:10951000101AB8EEC00AC0EE080A35490968334A85
:109520001268881A002801DB014600E0414200EE83
:10953000101AB8EEC00AF4EEC00AF1EE10FADAD34F
:1095400000BF23480068401C21490860204800688B
:109550003228CFDB25B1F7F785FA00287FF401AF79
:10956000BDEC088B70BD10B540F6AC5019F090FD05
:109570000020174908605FE04AE04FF4806113481B
:1095800016F086FB48B98021104816F081FB20B9FF
:1095900004211E48FAF7CBF80FE04FF400410B48C6
:1095A00016F076FB48B90121084816F071FB20B986
:1095B00004214FF46170FAF7BAF8052019F068FD3C
:1095C000F7F750FA20BB31E0000C024000040240E3
:1095D000DC030020EC000020F0000020E800002068
:1095E00004000020640400204804002050040020EF
:1095F000C4000020B00100209A9999999999F13FEF
:1096000000100240CDCC8C3F3333B33F7CFCFFFFD6
:109610004FF48061F74816F03BFB0028ADD04FF4C3
:109620000041F44816F034FB0028A6D000BFF248F1
:109630000068401CF0490860EF480068B0F5FA7F08
:109640009ADB4FF4966019F023FD0020F9F74CFFE8
:1096500010BD10B50020E849086031E01CE04FF46F
:109660008061E44816F014FB20B904210020FAF7C9
:109670005EF80AE04FF40041DE4816F009FB20B91D
:1096800004214FF4E160FAF752F8012019F000FDCF
:10969000F7F7E8F900B90DE04FF48061D54816F00E
:1096A000F7FA0028DBD04FF40041D24816F0F0FA68
:1096B0000028D4D000BFD0480068401CCE490860C4
:1096C000CD480068B0F57A7FC8DB4FF47A7019F0A6
:1096D000DFFC0020F9F708FF10BD10B50020C649D7
:1096E000086031E01CE04FF48061C24816F0D0FA07
:1096F00028B904214FF4E160FAF719F809E04FF4B2
:109700000041BC4816F0C4FA18B904210020FAF749
:109710000EF8012019F0BCFCF7F7A4F900B90DE030
:109720004FF48061B34816F0B3FA0028DBD04FF451
:109730000041B04816F0ACFA0028D4D000BFAE48C3
:109740000068401CAC490860AB480068B0F57A7FFF
:10975000C8DB4FF4966019F09BFC0020F9F7C4FEBB
:1097600010BD10B5A5480068012802D1FFF7B5FF6C
:109770000CE0A3480068012802D1FFF76AFF05E06A
:10978000A0480068012801D1FFF7EDFE10BD70B5BB
:109790002DED088B00BF00259B48C07F40F00800DE
:1097A0009949C8770846C07F40F02000C877FA2062
:1097B00096490860964800686C3896490860002011
:1097C0008D49086019E006E0012019F061FCF7F707
:1097D00049F900B90BE0904909688E4A1268881A65
:1097E000002801DB014600E041420A29ECDC00BF11
:1097F00081480068401C804908607F480068322822
:10980000E1DB00207C49086014E006E0012019F04B
:109810003FFCF7F727F900B906E04FF400417F4815
:1098200016F036FA0128F1D000BF73480068401CDA
:1098300071490860704800683228E6DBFFF791FF45
:10984000C82072490860724800683238714908605F
:1098500041F6583019F01CFC6B48C07F00F0F7004F
:109860006949C87740F6C41019F012FC6648C07FF9
:1098700000F0DF006449C877FA206449086068484E
:1098800000686449086000205B49086032E006E037
:10989000012019F0FDFBF7F7E5F800B924E0604975
:1098A0000968604A1268881A1AF0FBF941EC1B0B30
:1098B0001FEDAF0B53EC102B1AF084F941EC190B90
:1098C0005548006853490968441A002C01DB2146B9
:1098D00000E0614208461AF0E4F941EC1A0B53EC3F
:1098E000192B1AF021FAD3D300BF43480068401C5B
:1098F00041490860404800683228C8DB4FF40071D5
:10990000494816F0C5F9012804D11FEDC20AB0EE8E
:10991000408A04E01FEDC40AB0EE408A0125002011
:10992000354908602BE006E0012019F0B1FBF7F79C
:1099300099F800B91DE03A4909683A4A1268891A4B
:1099400000EE101AB8EEC00AC0EE080A32490968E3
:10995000304A1268881A002801DB014600E04142C3
:1099600000EE101AB8EEC00AF4EEC00AF1EE10FADA
:10997000DAD300BF20480068401C1F4908601E4819
:1099800000683228CFDB25B1F7F76CF800287FF4A8
:1099900002AFBDEC088B70BD10B500201649086001
:1099A0005AE045E04FF480611C4816F071F948B95F
:1099B0008021104816F06CF920B904211B48F9F7F2
:1099C000B6FE0FE04FF480510A4816F061F948B92D
:1099D0000121084816F05CF920B904214FF46170A8
:1099E000F9F7A5FE012019F053FBF7F73BF800B992
:1099F0002CE01DE000040240DC030020EC0000200D
:109A0000F0000020E8000020040000206004002096
:109A10004004002044040020C0000020000C02404C
:109A2000AC0100203C040020000802407CFCFFFF49
:109A30004FF48061F74816F02BF90028B2D04FF4AC
:109A40008051F54816F024F90028ABD000BFF34848
:109A50000068401CF1490860F0480068B0F5FA7FE2
:109A60009FDB4FF4966019F013FB0020F9F73CFDE3
:109A700010BD10B50020E949086031E01CE04FF44A
:109A80008061E44816F004F920B904210020F9F7B8
:109A90004EFE0AE04FF48051DF4816F0F9F820B985
:109AA00004214FF4E160F9F742FE012019F0F0FAC9
:109AB000F6F7D8FF00B90DE04FF48061D54816F0F5
:109AC000E7F80028DBD04FF48051D34816F0E0F8D7
:109AD0000028D4D000BFD1480068401CCF4908609E
:109AE000CE480068B0F57A7FC8DB4FF4487019F0B3
:109AF000CFFA0020F9F7F8FC10BD10B50020C749D7
:109B0000086031E01CE04FF48061C24816F0C0F8F4
:109B100028B904214FF4E160F9F709FE09E04FF498
:109B20008051BD4816F0B4F818B904210020F9F7A7
:109B3000FEFD012019F0ACFAF6F794FF00B90DE034
:109B40004FF48061B34816F0A3F80028DBD04FF43F
:109B50008051B14816F09CF80028D4D000BFAF481F
:109B60000068401CAD490860AC480068B0F57A7FD9
:109B7000C8DB4FF4966019F08BFA0020F9F7B4FCBB
:109B800010BD10B5A6480068012802D1FFF7B5FF47
:109B90000CE0A4480068012802D1FFF76AFF05E045
:109BA000A1480068012801D1FFF7F6FE10BD70B58D
:109BB0002DED088B00BF00259C48C07F40F0400081
:109BC0009A49C8770846C07F40F08000C877642073
:109BD000974908604FF42D709649086000208F491E
:109BE000086013E006E0012019F052FAF6F73AFF98
:109BF00000B905E09048006840F2B2218842F2DBEB
:109C000000BF86480068401C84490860834800689B
:109C10003228E7DBFA2089490860894800686E38F5
:109C20008849086000207D49086019E006E00120AD
:109C300019F02EFAF6F716FF00B90BE08249096811
:109C4000804A1268881A002801DB014600E0414280
:109C50000A29ECDC00BF71480068401C6F490860AD
:109C60006E48006840F226218842DFDB00206B4905
:109C7000086014E006E0012019F00AFAF6F7F2FE97
:109C800000B906E04FF40061634816F001F80128BE
:109C9000F1D000BF61480068401C604908605F481F
:109CA00000683228E6DB4FF47A7019F0F1F9FFF71B
:109CB00068FFFA20614908606148006832386149EC
:109CC000086041F6583019F0E3F95848C07F00F0B9
:109CD000BF005649C87740F6C41019F0D9F9534867
:109CE000C07F00F07F005149C877FA2053490860CF
:109CF000564800685349086000204849086032E02F
:109D000006E0012019F0C4F9F6F7ACFE00B924E032
:109D10004E4909684E4A1268881A19F0C2FF41EC90
:109D20001B0B9FED4C0B53EC102B19F04BFF41EC30
:109D3000190B4548006843490968441A002C01DBA7
:109D4000214600E06142084619F0ABFF41EC1A0BD6
:109D500053EC192B19F0E8FFD3D300BF2F4800684C
:109D6000401C2E4908602D4800683228C8DB20219D
:109D70003A4815F08DFF012804D19FED390AB0EE65
:109D8000408A04E09FED370AB0EE408A01250020AA
:109D9000224908602BE006E0012019F079F9F6F776
:109DA00061FE00B91DE029490968294A1268891A2B
:109DB00000EE101AB8EEC00AC0EE080A224909687F
:109DC000204A1268881A002801DB014600E041425F
:109DD00000EE101AB8EEC00AF4EEC00AF1EE10FA66
:109DE000DAD300BF0D480068401C0C4908600B48DE
:109DF00000683228CFDB25B1F6F734FE00287FF467
:109E0000DAAEBDEC088B70BD10B5002003490860C8
:109E100066E00000000C024000040240DC03002069
:109E2000EC000020F0000020E800002004000020EA
:109E30005C04002038040020B000002064040020EE
:109E40004C04002050040020C4000020B001002079
:109E5000480400209A9999999999F13F001002407D
:109E6000CDCC8C3F3333B33F26E04FF48041FA48EA
:109E700015F00EFF48B98021F74815F009FF20B909
:109E80000421F648F9F753FC0FE04FF48041F44801
:109E900015F0FEFE48B90121EF4815F0F9FE20B992
:109EA00004214FF46170F9F742FC012019F0F0F839
:109EB000F6F7D8FD00B90DE04FF48041E64815F003
:109EC000E7FE0028D1D04FF48041E54815F0E0FED0
:109ED0000028CAD000BFE3480068401CE149086080
:109EE000E0480068B0F5FA7FBEDB4FF4966019F0E9
:109EF000CFF80020F9F7F8FA10BD10B50020D949C5
:109F0000086031E01CE04FF48041D34815F0C0FEFA
:109F100020B904210020F9F70AFC0AE04FF480413F
:109F2000CF4815F0B5FE20B904214FF4E160F9F7F0
:109F3000FEFB012019F0ACF8F6F794FD00B90DE036
:109F40004FF48041C44815F0A3FE0028DBD04FF445
:109F50008041C34815F09CFE0028D4D000BFC14802
:109F60000068401CBF490860BE480068B0F57A7FB1
:109F7000C8DB4FF47A7019F08BF80020F9F7B4FAC7
:109F800010BD10B50020B749086031E01CE04FF467
:109F90008041B14815F07CFE28B904214FF4E160FE
:109FA000F9F7C5FB09E04FF48041AD4815F070FEAC
:109FB00018B904210020F9F7BAFB012019F068F85C
:109FC000F6F750FD00B90DE04FF48041A24815F0BE
:109FD0005FFE0028DBD04FF48041A14815F058FE09
:109FE0000028D4D000BF9F480068401C9D490860ED
:109FF0009C480068B0F57A7FC8DB4FF4966019F092
:10A0000047F80020F9F770FA10BD10B596480068BF
:10A01000012802D1FFF7B5FF0CE094480068012841
:10A0200002D1FFF76AFF05E091480068012801D1DD
:10A03000FFF7EAFE10BD70B52DED088B0024002659
:10A0400000BF8C48C07F40F004008A49C8770846AA
:10A05000C07F40F08000C877FA20874908608748B1
:10A0600000685A308649086000207E49086014E084
:10A0700006E0012019F00CF8F6F7F4FC00B906E050
:10A080004FF40061744815F003FE0128F1D000BFC1
:10A0900074480068401C73490860724800683228A0
:10A0A000E6DB00206F49086019E006E0012018F0A7
:10A0B000EFFFF6F7D7FC00B90BE072490968704A68
:10A0C0001268881A002801DB014600E041420A2993
:10A0D000ECDC00BF63480068401C624908606148CE
:10A0E00000683228E1DB4FF47A7018F0D1FFFFF7F7
:10A0F0001EF9C82060490860604800681E30604949
:10A10000086041F6583018F0C3FF5A48C07F00F08D
:10A11000FB005849C87740F6C41018F0B9FF5548FD
:10A12000C07F00F07F005349C877FA205249086089
:10A13000554800685249086000204A49086032E0EA
:10A1400006E0012018F0A4FFF6F78CFC00B924E02B
:10A150004D490968494A1268881A19F0A2FD41EC74
:10A160001B0B1FEDC40B53EC102B19F02BFD41EC16
:10A17000190B4448006842490968451A002D01DB63
:10A18000294600E06942084619F08BFD41EC1A0BA4
:10A1900053EC192B19F0C8FDD3D300BF3148006828
:10A1A000401C304908602F4800683228C8DB402135
:10A1B000364815F06DFD012801D101260CE01FED98
:10A1C000D78A641C2B48C07F40F004002949C87717
:10A1D0004FF4FA6018F05CFF0020224908602BE081
:10A1E00006E0012018F054FFF6F73CFC00B91DE032
:10A1F00025490968214A1268891A00EE101AB8EE3A
:10A20000C00AC0EE080A1F4909681D4A1268881A68
:10A21000002801DB014600E0414200EE101AB8EED2
:10A22000C00AF4EEC00AF1EE10FADAD300BF0D480E
:10A230000068401C0B4908600A4800683228CFDBE0
:10A2400036B9052C04DAF6F70DFC00287FF4F9AED8
:10A25000BDEC088B70BD0000000402407CFCFFFFD9
:10A26000000C0240DC030020EC000020F000002085
:10A27000E8000020040000206404002048040020BE
:10A2800050040020C4000020B00100200010024053
:10A2900070B52DED088B002400269FEDFB0AB0EE73
:10A2A000408A00BFF948C07F40F00800F749C877EE
:10A2B0000846C07F40F02000C877FA20F4490860C3
:10A2C000F44800685538F44908600020F3490860F4
:10A2D00014E006E0012018F0DBFEF6F7C3FB00B93E
:10A2E00006E04FF40041EE4815F0D2FC0128F1D011
:10A2F00000BFEA480068401CE8490860E748006879
:10A3000040F226218842E4DB0020E449086019E09D
:10A3100006E0012018F0BCFEF6F7A4FB00B90BE044
:10A32000E0490968DC4A1268881A002801DB014606
:10A3300000E041420529ECDC00BFD8480068401C21
:10A34000D6490860D54800683228E1DB4FF47A70BE
:10A3500018F09EFEFFF705FA9620CD490860CD481B
:10A3600000682338CC49086041F6583018F090FE58
:10A37000C648C07F00F0F700C449C87740F6C41053
:10A3800018F086FEC148C07F00F0DF00BF49C877E3
:10A39000FA20BF490860C4480068BF49086000202F
:10A3A000BE49086032E006E0012018F071FEF6F7C1
:10A3B00059FB00B924E0BC490968BC4A1268881AF4
:10A3C00019F06FFC41EC1B0B9FEDB90B53EC102BFC
:10A3D00019F0F8FB41EC190BB2480068AE49096866
:10A3E000451A002D01DB294600E06942084619F0B4
:10A3F00058FC41EC1A0B53EC192B19F095FCD3D3F4
:10A4000000BFA6480068401CA4490860A348006833
:10A410003228C8DB4FF40071A74815F039FC012839
:10A4200005D19FED990AB0EE408A01260EE09FED1E
:10A43000A30AB0EE408A641C9448C07F40F0080034
:10A440009249C8774FF4FA6018F022FE0020934931
:10A4500008602BE006E0012018F01AFEF6F702FB78
:10A4600000B91DE090490968904A1268891A00EE07
:10A47000101AB8EEC00AC0EE080A8A490968864A6E
:10A480001268881A002801DB014600E0414200EE14
:10A49000101AB8EEC00AF4EEC00AF1EE10FADAD3E0
:10A4A00000BF7E480068401C7C4908607B4800680B
:10A4B0003228CFDB36B9052C04DAF6F7D3FA0028B8
:10A4C0007FF4F0AEBDEC088B70BD70B52DED088B40
:10A4D000002400269FED6C0AB0EE408A00BF6B4856
:10A4E000C07F40F040006949C8770846C07F40F00F
:10A4F0008000C877FA2072490860724800685038B6
:10A500007149086000206549086014E006E00120F8
:10A5100018F0BEFDF6F7A6FA00B906E04FF40061A8
:10A520006A4815F0B5FB0128F1D000BF5B48006810
:10A53000401C5A490860594800683228E6DB002070
:10A540005649086019E006E0012018F0A1FDF6F771
:10A5500089FA00B90BE05E4909685B4A1268881AFB
:10A56000002801DB014600E041420A29ECDC00BF83
:10A570004A480068401C4949086048480068322839
:10A58000E1DB4FF47A7018F083FDFFF7FAFAC82088
:10A590004B4908604B48006814384B49086041F645
:10A5A000641018F075FD3948C07F00F0BF003749CE
:10A5B000C87740F6C41018F06BFD3448C07F00F037
:10A5C0007F003249C877FA203D4908604148006859
:10A5D0003D49086000203149086032E006E0012072
:10A5E00018F056FDF6F73EFA00B924E0394909683B
:10A5F000394A1268881A19F054FB41EC1B0B9FED85
:10A600002C0B53EC102B19F0DDFA41EC190B3048F0
:10A6100000682D490968451A002D01DB294600E034
:10A620006942084619F03DFB41EC1A0B53EC192B1B
:10A6300019F07AFBD3D300BF18480068401C1749B3
:10A640000860164800683228C8DB2021234815F02E
:10A650001FFB012805D19FED0C0AB0EE408A0126B0
:10A660000EE09FED160AB0EE408A641C0748C07FDA
:10A6700040F040000549C8774FF4FA6018F008FD33
:10A6800000200649086057E0CDCC8C3F0400002034
:10A69000600400204004002044040020DC0300206B
:10A6A000000C0240C0000020AC0100203C0400204F
:10A6B0009A9999999999F13F000802403333B33F31
:10A6C000640400204C0400205004002000040240D8
:10A6D000C4000020B0010020480400200010024007
:10A6E00006E0012018F0D4FCF6F7BCF900B91DE033
:10A6F000FE490968FE4A1268891A00EE101AB8EE7F
:10A70000C00AC0EE080AFB490968FB4A1268881AA9
:10A71000002801DB014600E0414200EE101AB8EECD
:10A72000C00AF4EEC00AF1EE10FADAD300BFF34823
:10A730000068401CF1490860F04800683228CFDB0F
:10A7400036B9052C04DAF6F78DF900287FF4C7AE88
:10A75000BDEC088B70BD70B52DED088B0024002674
:10A760001FED370AB0EE408A00BFE548C07F40F0D9
:10A770001000E349C8770846C07F40F02000C87742
:10A78000C820E0490860E04800685F30DF490860A1
:10A790000020DA49086014E006E0012018F078FC97
:10A7A000F6F760F900B906E04FF40041D84815F01B
:10A7B0006FFA0128F1D000BFD0480068401CCF4993
:10A7C0000860CE4800683228E6DB0020CB490860EC
:10A7D00019E006E0012018F05BFCF6F743F900B938
:10A7E0000BE0CC490968C94A1268881A002801DBC5
:10A7F000014600E041420A29ECDC00BFBF48006886
:10A80000401CBE490860BD4800683228E1DB4FF4B7
:10A810007A7018F03DFCFFF7F8FB9620B949086004
:10A82000B94800682830B949086041F2707018F0E2
:10A830002FFCB348C07F00F0EF00B149C87740F665
:10A84000C41018F025FCAE48C07F00F0DF00AC4912
:10A85000C877FA20AB490860AF480068AB49086088
:10A860000020A649086036E006E0012018F010FC40
:10A87000F6F7F8F800B924E0A7490968A24A126877
:10A88000881A19F00EFA41EC1B0B1FED770B53ECF5
:10A89000102B19F097F941EC190B9E4800689B4961
:10A8A0000968451A002D01DB294600E06942084687
:10A8B00019F0F7F941EC1A0B53EC192B19F034FA93
:10A8C000D3D300BFF6F7CEF800B908E08B48006894
:10A8D000401C8A490860894800683228C4DB00BFF0
:10A8E0004FF480718D4815F0D3F9012805D11FED83
:10A8F0009A0AB0EE408A01260EE01FED900AB0EEF3
:10A90000408A641C7E48C07F40F010007C49C877B4
:10A910004FF4FA6018F0BCFB0020784908602FE083
:10A9200006E0012018F0B4FBF6F79CF800B91DE032
:10A9300079490968744A1268891A00EE101AB8EE4B
:10A94000C00AC0EE080A73490968704A1268881A7A
:10A95000002801DB014600E0414200EE101AB8EE8B
:10A96000C00AF4EEC00AF1EE10FADAD300BFF6F72F
:10A9700079F800B908E061480068401C5F49086048
:10A980005E4800683228CBDB00BF36B9052C04DAFC
:10A99000F6F768F800287FF4E8AEBDEC088B70BDD0
:10A9A0002DE9F0412DED088B04460025002700BF5E
:10A9B000C8205B4908605B48046000204F4908607C
:10A9C00019E006E0012018F063FBF6F74BF800B938
:10A9D0000BE055490968534A1268881A002801DBC0
:10A9E000014600E041420A29ECDC00BF4348006810
:10A9F000401C42490860414800689628E1DB404815
:10AA0000C07F40F004003E49C8770846C07F40F050
:10AA10008000C877FA2045490860354800682D3025
:10AA20003549086000203549086014E006E001203F
:10AA300018F02EFBF6F716F800B906E04FF40061A7
:10AA40003B4815F025F90128F1D000BF2B480068DC
:10AA5000401C2A490860294800683228E6DB0020AB
:10AA60002649086019E006E0012018F011FBF5F70F
:10AA7000F9FF00B90BE01F4909681F4A1268881ADC
:10AA8000002801DB014600E041420A29ECDC00BF5E
:10AA90001A480068401C19490860184800683228A4
:10AAA000E1DB4FF47A7018F0F3FA224800680128CD
:10AAB00002D1FEF7F8FB05E01F480068012801D12C
:10AAC000FEF7ADFB4FF47A7018F0E2FAC820174990
:10AAD0000860074800680849086041F6583018F0D7
:10AAE000D7FA0748C07F00F0FB0027E0B001002044
:10AAF00048040020C400002050040020DC03002093
:10AB000004000020600400203C04002044040020D5
:10AB1000000C0240C0000020AC01002000080240F0
:10AB20005C04002038040020B000002064040020F1
:10AB300000040240EC000020F0000020FB49C87730
:10AB400040F6C41018F0A4FAF848C07F00F07F0067
:10AB5000F649C877FA20F6490860F6480068F649D1
:10AB600008600020F549086032E006E0012018F096
:10AB70008FFAF5F777FF00B924E0EE490968F04A4B
:10AB80001268881A19F08DF841EC1B0B9FEDED0B44
:10AB900053EC102B19F016F841EC190BEB48006838
:10ABA000E5490968461A002E01DB314600E0714292
:10ABB000084619F076F841EC1A0B53EC192B19F0F2
:10ABC000B3F8D3D300BFDD480068401CDB49086000
:10ABD000DA4800683228C8DB4021DD4815F058F813
:10ABE000012805D19FEDDB0AB0EE408A01270EE077
:10ABF0009FEDD90AB0EE408A6D1CCC48C07F40F072
:10AC00000400CA49C8774FF47A7018F041FA00205E
:10AC1000CA4908602BE006E0012018F039FAF5F780
:10AC200021FF00B91DE0C3490968C54A1268891AA5
:10AC300000EE101AB8EEC00AC0EE080AC34909684F
:10AC4000BD4A1268881A002801DB014600E0414233
:10AC500000EE101AB8EEC00AF4EEC00AF1EE10FAD7
:10AC6000DAD300BFB5480068401CB4490860B34857
:10AC700000683228CFDB37B9052D04DAF5F7F2FE8C
:10AC800000287FF495AEBDEC088BBDE8F0812DE97E
:10AC9000F0412DED088B04460025002700BFC82099
:10ACA000AE490860AE4804600020A449086019E07D
:10ACB00006E0012018F0ECF9F5F7D4FE00B90BE03E
:10ACC000A8490968A64A1268881A002801DB0146CB
:10ACD00000E041420A29ECDC00BF98480068401CB3
:10ACE00096490860954800689628E1DB8F48C07F48
:10ACF00040F008008D49C8770846C07F40F020002A
:10AD0000C877FA209849086098480068323898490E
:10AD1000086000208949086014E006E0012018F06E
:10AD2000B7F9F5F79FFE00B906E04FF400419148EE
:10AD300014F0AEFF0128F1D000BF80480068401C2D
:10AD40007E4908607D4800683228E6DB00207B49A8
:10AD5000086019E006E0012018F09AF9F5F782FE84
:10AD600000B90BE084490968814A1268881A0028F2
:10AD700001DB014600E041420A29ECDC00BF6F48DC
:10AD80000068401C6D4908606C4800683228E1DBAF
:10AD90004FF47A7018F07CF978480068012802D1E5
:10ADA000FEF79BFC05E076480068012801D1FEF71C
:10ADB00050FC4FF47A7018F06BF9C8206A490860AB
:10ADC0006A4800686A49086041F6641018F060F942
:10ADD0005648C07F00F0F7005449C87740F6C410C9
:10ADE00018F056F95148C07F00F0DF004F49C8778E
:10ADF000FA205D490860634800685D4908600020EA
:10AE00004E49086032E006E0012018F041F9F5F7FC
:10AE100029FE00B924E05B4909685B4A1268881A78
:10AE200018F03FFF41EC1B0B9FED460B53EC102B32
:10AE300018F0C8FE41EC190B4F4800684C490968EE
:10AE4000461A002E01DB314600E07142084618F038
:10AE500028FF41EC1A0B53EC192B18F065FFD3D3E4
:10AE600000BF36480068401C344908603348006819
:10AE70003228C8DB4FF40071444814F009FF012860
:10AE800005D19FED340AB0EE408A01270EE09FED18
:10AE9000320AB0EE408A6D1C2448C07F40F00800A2
:10AEA0002249C8774FF47A7018F0F2F8002023494D
:10AEB00008602BE006E0012018F0EAF8F5F7D2FD73
:10AEC00000B91DE02F4909682F4A1268891A00EE5F
:10AED000101AB8EEC00AC0EE080A27490968244AC9
:10AEE0001268881A002801DB014600E0414200EEAA
:10AEF000101AB8EEC00AF4EEC00AF1EE10FADAD376
:10AF000000BF0E480068401C0C4908600B480068F0
:10AF10003228CFDB37B9052D04DAF5F7A3FD002879
:10AF20007FF4BDAEBDEC088BBDE8F08104000020CD
:10AF300064040020B001002050040020DC03002045
:10AF4000480400209A9999999999F13FC4000020EA
:10AF500000100240CDCC8C3F3333B33F5C04002063
:10AF600038040020B00000206004002040040020CD
:10AF700044040020000C0240C0000020EC0000202F
:10AF8000F0000020AC0100203C040020000802403A
:10AF90002DE9F0412DED088B04460025002700BF68
:10AFA000C820FD490860FD4804600020FC49086095
:10AFB00019E006E0012018F06BF8F5F753FD00B931
:10AFC0000BE0F8490968F54A1268881A002801DB85
:10AFD000014600E041420A29ECDC00BFF04800686D
:10AFE000401CEF490860EE4800689628E1DBEE4817
:10AFF000C07F40F04000EC49C8770846C07F40F071
:10B000008000C877FA20E9490860E94800683238CA
:10B01000E84908600020E249086014E006E00120E9
:10B0200018F036F8F5F71EFD00B906E04FF40061A0
:10B03000E14814F02DFE0128F1D000BFD848006887
:10B04000401CD7490860D64800683228E6DB00205B
:10B05000D349086019E006E0012018F019F8F5F767
:10B0600001FD00B90BE0D5490968D24A1268881A77
:10B07000002801DB014600E041420A29ECDC00BF68
:10B08000C7480068401CC6490860C54800683228A7
:10B09000E1DB4FF47A7017F0FBFFC9480068012824
:10B0A00002D1FEF72AFD05E0C6480068012801D15B
:10B0B000FEF7DFFCC820BD490860BD480068BD49F7
:10B0C000086041F6583017F0E3FFB748C07F00F042
:10B0D000BF00B549C87740F6C41017F0D9FFB24891
:10B0E000C07F00F07F00B049C877FA20AF49086000
:10B0F000B5480068AF4908600020A949086032E0FF
:10B1000006E0012017F0C4FFF5F7ACFC00B924E01D
:10B11000AD490968AD4A1268881A18F0C2FD41ECC1
:10B120001B0B1FED780B53EC102B18F04BFD41EC73
:10B13000190BA24800689F490968461A002E01DBD6
:10B14000314600E07142084618F0ABFD41EC1A0BA5
:10B1500053EC192B18F0E8FDD3D300BF90480068DA
:10B16000401C8F4908608E4800683228C8DB2021C7
:10B17000974814F08DFD012805D11FED8A0AB0EE25
:10B18000408A01270EE01FED8C0AB0EE408A6D1C4C
:10B190008548C07F40F040008349C8774FF47A70FB
:10B1A00017F076FF00207E4908602BE006E00120C2
:10B1B00017F06EFFF5F756FC00B91DE082490968EB
:10B1C000824A1268891A00EE101AB8EEC00AC0EE60
:10B1D000080A7A490968774A1268881A002801DB48
:10B1E000014600E0414200EE101AB8EEC00AF4EE4B
:10B1F000C00AF1EE10FADAD300BF69480068401CBB
:10B2000067490860664800683228CFDB37B9052DEA
:10B2100004DAF5F727FC00287FF4C2AEBDEC088BFA
:10B22000BDE8F0812DE9F0412DED088B04460025A5
:10B23000002700BFC8205849086058480460002013
:10B240005749086019E006E0012017F021FFF5F7E3
:10B2500009FC00B90BE053490968504A1268881A82
:10B26000002801DB014600E041420A29ECDC00BF76
:10B270004B480068401C4A490860494800689628C5
:10B28000E1DB4948C07F40F010004749C8770846D5
:10B29000C07F40F02000C877FA204E4908604E4831
:10B2A00000684B304D49086000203D49086014E0BB
:10B2B00006E0012017F0ECFEF5F7D4FB00B906E03C
:10B2C0004FF40041464814F0E3FC0128F1D000BFE0
:10B2D00033480068401C3249086031480068322811
:10B2E000E6DB00202E49086019E006E0012017F097
:10B2F000CFFEF5F7B7FB00B90BE03A490968374ACA
:10B300001268881A002801DB014600E041420A2940
:10B31000ECDC00BF22480068401C2149086020483E
:10B3200000683228E1DB4FF47A7017F0B1FE244850
:10B330000068012802D1FEF724FE05E021480068DC
:10B34000012801D1FEF7D9FDC82022490860224812
:10B350000068401D2149086041F6583017F098FEFA
:10B360001148C07F00F0EF000F49C87740F6C410C5
:10B3700017F08EFE0C48C07F00F0DF000A49C87746
:10B38000FA20144908601848006814490860002031
:10B39000034908605DE000005C04002038040020E0
:10B3A000DC030020B0000020040000206404002022
:10B3B0004C0400205004002000040240C40000207F
:10B3C000EC000020F0000020B00100204804002024
:10B3D00000100240600400203C04002044040020CF
:10B3E000000C0240C0000020AC01002006E001205B
:10B3F00017F04EFEF5F736FB00B924E0FB4909686B
:10B40000FB4A1268881A18F04CFC41EC1B0B9FEDAC
:10B41000F90B53EC102B18F0D5FB41EC190BF74846
:10B420000068F7490968461A002E01DB314600E042
:10B430007142084618F035FC41EC1A0B53EC192BFD
:10B4400018F072FCD3D300BFEE480068401CED49F1
:10B450000860EC4800683228C8DB4FF48071EA4885
:10B4600014F016FC012805D19FEDE80AB0EE408AE1
:10B4700001270EE09FEDE60AB0EE408A6D1CE5481C
:10B48000C07F40F01000E349C8774FF47A7017F09E
:10B49000FFFD0020DB4908602BE006E0012017F0EB
:10B4A000F7FDF5F7DFFA00B91DE0D0490968D04A89
:10B4B0001268891A00EE101AB8EEC00AC0EE080A27
:10B4C000CE490968CE4A1268881A002801DB014675
:10B4D00000E0414200EE101AB8EEC00AF4EEC00AD5
:10B4E000F1EE10FADAD300BFC6480068401CC54927
:10B4F0000860C44800683228CFDB37B9052D04DA6C
:10B50000F5F7B0FA00287FF495AEBDEC088BBDE8E6
:10B51000F08170B52DED068B002500BFBD48C07FC2
:10B5200040F00400BB49C8770846C07F40F0800067
:10B53000C877FA20B8490860B84800683730B84979
:10B5400008600020AF49086015E008E0012017F00E
:10B550009FFDF5F787FA10B9BDEC068B70BD4FF46F
:10B560000061B04814F094FB0128EFD0A5480068B2
:10B57000401CA4490860A3480068FA28E5DB0020C5
:10B58000A049086018E006E0012017F081FDF5F7FA
:10B5900069FA00B9E0E7A4490968A14A1268881A63
:10B5A000002801DB014600E041420629ECDC954819
:10B5B0000068401C934908609248006840F22621C8
:10B5C0008842E0DB4FF47A7017F062FDFDF7A0FDD2
:10B5D000F9F7A9F840F26D109449086040F2131091
:10B5E0009349086000208749086018E006E00120C0
:10B5F00017F04EFDF5F736FA00B9ADE78D49096849
:10B600008A4A1268881A002801DB014600E041429C
:10B610000A29ECDC7B480068401C7A4908607948BC
:10B6200000689628E2DBC8207B4908607B480068F8
:10B6300014307B49086041F2883017F029FD002062
:10B640007049086053E03FE0FA207349086073488E
:10B65000006850307249086000206A49086018E0AC
:10B6600006E0012017F014FDF5F7FCF900B973E7C7
:10B670006D4909686A4A1268881A002801DB014688
:10B6800000E041420A29ECDC5E480068401C5D494C
:10B6900008605C48006840F226218842E0DBFDF744
:10B6A00037FD32205C4908605C48006812305C4914
:10B6B000086041F2883017F0EBFC012017F0E8FC3D
:10B6C000F5F7D0F900B90CE057490A685349096801
:10B6D0001231501A002801DB014600E041420A29DC
:10B6E000B2DC00BF47480068401C46490860454836
:10B6F00000683228A7DB4748C07F00F0FB004549BF
:10B70000C87740F6C41017F0C3FC4248C07F00F071
:10B710007F004049C877F9F700F840F20910434923
:10B72000086043490860FA203B49086042480068C5
:10B730003B49086000203349086031E006E0012001
:10B7400017F0A6FCF5F78EF900B905E73A49096844
:10B75000324A1268881A18F0A4FA41EC1A0B9FEDCD
:10B76000370B53EC102B18F02DFA41EC180B2E4828
:10B7700000682B490968441A002C01DB214600E0CF
:10B780006142084618F08DFA41EC190B53EC182B66
:10B7900018F0CAFAD3D31B480068401C1949086046
:10B7A000184800683228C9DB4021264814F070FA96
:10B7B00008B9012500E0002525B1F5F753F9002867
:10B7C0007FF4ACAE00BFC7E670B52DED068B00254B
:10B7D00000BF64201C4908601C480068C01C1C494C
:10B7E00008600020074908604FE00000AC0100201D
:10B7F0003C0400209A9999999999F13FC000002042
:10B8000044040020DC03002000080240CDCC8C3F23
:10B810003333B33F040000206404002048040020B8
:10B820005004002000040240C40000202004002036
:10B830002C040020B8000020B0010020CDCCCCCCDE
:10B84000CCCCF43F001002405C0400207C010020BE
:10B850003804002008E0012017F01AFCF5F702F97F
:10B8600010B9BDEC068B70BDFE490968FE4A12682E
:10B87000881A002801DB014600E041420A29EADC7F
:10B88000FA480068401CF9490860F84800689628A2
:10B89000E0DBF748C07F40F02000F549C877084654
:10B8A000C07F40F00800C877C820F2490860F2481D
:10B8B00000683238F14908600020EC49086013E064
:10B8C00006E0012017F0E4FBF5F7CCF800B9C8E773
:10B8D0004FF40041EA4814F0DBF90128F1D0E348C5
:10B8E0000068401CE1490860E04800683228E7DB56
:10B8F0000020DE49086018E006E0012017F0C8FBD0
:10B90000F5F7B0F800B9ACE7DE490968DB4A126820
:10B91000881A002801DB014600E041420A29ECDCDC
:10B92000D2480068401CD1490860D048006840F205
:10B9300026218842E0DB4FF4AF6017F0A9FBFDF74A
:10B9400012FEF8F7F0FE40F26D10CF49086040F2A9
:10B950001310CE4908600020C449086018E006E0D2
:10B96000012017F095FBF5F77DF800B979E7C84994
:10B970000968C54A1268881A002801DB014600E000
:10B9800041420A29ECDCB9480068401CB74908600C
:10B99000B64800689628E2DB3220B6490860B6480F
:10B9A00000681738B549086041F2883017F070FB1D
:10B9B0000020AE49086054E040E0FA20AD4908603C
:10B9C000AD4800684638AD4908600020A7490860C6
:10B9D00019E006E0012017F05BFBF5F743F800B92A
:10B9E0000BE0A8490968A54A1268881A002801DBFB
:10B9F000014600E041420829ECDC00BF9B4800689A
:10BA0000401C9A4908609948006840F22621884203
:10BA1000DFDBFDF7A8FD32209649086096480068F4
:10BA200017389649086041F2883017F031FB012041
:10BA300017F02EFBF5F716F800B90CE08E490968EF
:10BA40001739904A1268501A002801DB014600E0BD
:10BA500041420A29B1DC00BF84480068401C834988
:10BA60000860824800683228A6DB4FF47A7017F02D
:10BA70000FFB7F48C07F00F0F7007D49C87740F694
:10BA8000C41017F005FB7A48C07F00F0DF0078494A
:10BA9000C877F8F742FE40F209107B4908607B49FD
:10BAA0000860FA20734908607A48006873490860A2
:10BAB00000206E49086032E006E0012017F0E8FA45
:10BAC000F4F7D0FF00B924E072490968724A12689D
:10BAD000881A18F0E6F841EC1A0B1FEDA80B53EC8E
:10BAE000102B18F06FF841EC180B6648006863499A
:10BAF0000968441A002C01DB214600E06142084637
:10BB000018F0CFF841EC190B53EC182B18F00CF986
:10BB1000D3D300BF55480068401C544908605348BF
:10BB200000683228C8DB4FF400715C4814F0B0F8AC
:10BB300008B9012500E0002525B1F4F793FF00289E
:10BB40007FF447AE00BF8CE670B52DED068B00BFCD
:10BB5000002564205249086052480068401D42494F
:10BB600008604348C07F40F040004149C87708461C
:10BB7000C07F40F08000C877C8204B4908604B4820
:10BB8000006837384A49086000203849086014E0E6
:10BB900006E0012017F07CFAF4F764FF00B906E034
:10BBA0004FF40061434814F073F80128F1D000BF4E
:10BBB0002E480068401C2D4908602C480068322837
:10BBC000E6DB00202949086019E006E0012017F0B3
:10BBD0005FFAF4F747FF00B90BE022490968224AEF
:10BBE0001268881A002801DB014600E041420A2958
:10BBF000ECDC00BF1D480068401C1C4908601B4865
:10BC000000689628E1DB00201849086019E006E08A
:10BC1000012017F03DFAF4F725FF00B90BE02649A3
:10BC20000968234A1268881A002801DB014600E0EF
:10BC300041420829ECDC00BF0C480068401C0B495D
:10BC400008600A48006840F226218842DFDB4FF492
:10BC5000AF6017F01DFAFDF79FFEF8F764FD40F2A4
:10BC60006D102BE0B000002038040020DC03002021
:10BC70000400002060040020400400204404002050
:10BC8000000C0240C0000020200400202C040020F2
:10BC9000B8000020AC0100203C0400200008024055
:10BCA0005C0400207C010020640400204C0400207F
:10BCB0005004002000040240C4000020FE49086037
:10BCC00040F21310FD4908600420FD49086000207F
:10BCD000FC49086019E006E0012017F0D9F9F4F7F3
:10BCE000C1FE00B90BE0F8490968F34A1268881AE6
:10BCF000002801DB014600E041420A29ECDC00BFDC
:10BD0000F0480068401CEF490860EE48006896283B
:10BD1000E1DBC820ED490860ED4800681938ED49BD
:10BD2000086041F2883017F0B3F90020E549086057
:10BD300054E040E0FA20E5490860E54800684138F1
:10BD4000E44908600020DF49086019E006E00120AE
:10BD500017F09EF9F4F786FE00B90BE0DE4909689A
:10BD6000DC4A1268881A002801DB014600E04142E3
:10BD70000829ECDC00BFD3480068401CD1490860AA
:10BD8000D048006840F226218842DFDBFDF704FE40
:10BD9000FA20CE490860CE4800681938CD490860BD
:10BDA00041F2883017F074F9012017F071F9F4F7B7
:10BDB00059FE00B90CE0C64909681939C64A12682B
:10BDC000501A002801DB014600E041420A29B1DC9B
:10BDD00000BFBC480068401CBA490860B948006808
:10BDE0003228A6DB4FF47A7017F052F9BB48C07FB7
:10BDF00000F0BF00B949C87740F6C41017F048F901
:10BE0000B648C07F00F07F00B449C877F8F785FCDA
:10BE100040F20910A8490860A8490860FA20AB4917
:10BE20000860AF480068AB4908600020A549086079
:10BE300032E006E0012017F02BF9F4F713FE00B909
:10BE400024E0A7490968A74A1268881A17F029FF51
:10BE500041EC1A0B9FEDA40B53EC102B17F0B2FE24
:10BE600041EC180B9C4800689A490968441A002C58
:10BE700001DB214600E06142084617F012FF41EC69
:10BE8000190B53EC182B17F04FFFD3D300BF8D487D
:10BE90000068401C8B4908608A4800683228C8DB6B
:10BEA0002021934813F0F4FE00B9012525B1F4F7E1
:10BEB000D9FD00287FF44CAEBDEC068B70BD70B58B
:10BEC0002DED068B00BF002564208A4908608A4852
:10BED0000068401F8949086000207A49086019E01D
:10BEE00006E0012017F0D4F8F4F7BCFD00B90BE030
:10BEF00083490968814A1268881A002801DB0146D3
:10BF000000E041420A29ECDC00BF6E480068401C9A
:10BF10006C4908606B4800689628E1DB6F48C07F79
:10BF200040F010006D49C8770846C07F40F02000FF
:10BF3000C877C82073490860734800684130734966
:10BF4000086000205F49086014E006E0012017F057
:10BF50009FF8F4F787FD00B906E04FF400416C4804
:10BF600013F096FE0128F1D000BF56480068401C2F
:10BF700054490860534800683228E6DB00205149E4
:10BF8000086019E006E0012017F082F8F4F76AFD76
:10BF900000B90BE05F4909685C4A1268881A0028FA
:10BFA00001DB014600E041420729ECDC00BF4548C7
:10BFB0000068401C43490860424800683228E1DBC1
:10BFC0004FF4AF6017F064F8FDF71EFFF8F7ABFB16
:10BFD00040F26D103849086040F21310374908608C
:10BFE00000203849086019E006E0012017F050F8F9
:10BFF000F4F738FD00B90BE0334909682E4A12689E
:10C00000881A002801DB014600E041420A29ECDCE5
:10C0100000BF2C480068401C2A4908602948006875
:10C020009628E1DBAA2037490860374800682330AA
:10C030003649086041F2883017F02AF8002021497B
:10C04000086083E06FE0FA202E4908602E480068FF
:10C0500050302E49086000201A49086019E006E0B7
:10C06000012017F015F8F4F7FDFC00B90BE02949A1
:10C070000968264A1268881A002801DB014600E098
:10C0800041420829ECDC00BF0E480068401C0D4905
:10C0900008600C4800689628E1DBFDF7B5FE322009
:10C0A000184908601848006823301849086041F2B0
:10C0B000883016F0EDFF2FE0200400202C04002033
:10C0C000B8010020DC030020B80000206404002038
:10C0D0004C04002050040020C40000200400002074
:10C0E000B001002048040020CDCCCCCCCCCCF43F17
:10C0F000001002405C040020780100203804002079
:10C10000B0000020600400203C0400204404002013
:10C11000000C0240C0000020012016F0B9FFF4F727
:10C12000A1FC00B90CE0F8490A68F8490968233114
:10C13000501A002801DB014600E04142082982DC58
:10C1400000BFF3480068401CF1490860F0480068EF
:10C15000FA28FFF677AF4FF47A7016F099FFED48A2
:10C16000C07F00F0EF00EB49C87740F6C41016F02E
:10C170008FFFE848C07F00F0DF00E649C877F8F796
:10C18000CCFA40F20910E4490860E4490860FA205A
:10C19000E3490860E3480068E34908600020DC499F
:10C1A000086032E006E0012016F072FFF4F75AFC56
:10C1B00000B924E0DB490968D44A1268881A17F0EC
:10C1C00070FD41EC1A0B1FED380B53EC102B17F0E0
:10C1D000F9FC41EC180BCC480068D3490968441AB3
:10C1E000002C01DB214600E06142084617F059FDB2
:10C1F00041EC190B53EC182B17F096FDD3D300BF6D
:10C20000C3480068401CC2490860C1480068322821
:10C21000C8DB4FF48071C54813F03AFD00B9012521
:10C2200025B1F4F71FFC00287FF44DAEBDEC068B62
:10C2300070BDBF48006890B9BE48006878B9BE4874
:10C24000006860B9BD48006848B9B248C07F40F096
:10C250000400B049C8770120B94908605EE0B448DD
:10C26000006801281AD1B3480068B8B9B24800681C
:10C27000A0B9B248006888B9F020B2490860B24855
:10C280000068C01CB1490860A248C07F40F00800A7
:10C29000A049C8770120AA4908603FE0A448006887
:10C2A00001281BD1A3480068012817D1A2480068C3
:10C2B000A0B9A248006888B9F020A2490860A24845
:10C2C0000068401FA14908609248C07F40F04000CC
:10C2D0009049C87701209A4908601FE09448006897
:10C2E00001281BD193480068012817D192480068A3
:10C2F000012813D19148006880B9F0209149086065
:10C3000093480068401F914908608248C07F40F010
:10C3100010008049C8770120894908607047844827
:10C320000068C8B983480068B0B98348006898B904
:10C330008248006880B9F02082490860854800681A
:10C34000824908607348C07F40F004007149C87793
:10C350000120814908605BE075480068012819D117
:10C3600074480068B0B97448006898B973480068A8
:10C3700080B9F02073490860784800687349086004
:10C380006448C07F40F008006249C87701207249C4
:10C3900008603DE06648006801281AD165480068D9
:10C3A000012816D16448006898B96448006880B9CB
:10C3B000F020644908606A4800686449086055488C
:10C3C000C07F40F040005349C877012062490860AF
:10C3D0001EE05748006801281AD156480068012815
:10C3E00016D155480068012812D15448006878B920
:10C3F000F020544908605B4800685449086045488B
:10C40000C07F40F010004349C877012052490860BE
:10C41000704747480068C8B946480068B0B9464800
:10C42000006898B94548006880B9F020454908601F
:10C430004D480068454908603648C07F40F0040018
:10C440003449C8770120494908605BE038480068F2
:10C45000012819D137480068B0B93748006898B941
:10C460003648006880B9F0203649086040480068C6
:10C47000364908602748C07F40F008002549C87742
:10C4800001203A4908603DE02948006801281AD196
:10C4900028480068012816D12748006898B927481D
:10C4A000006880B9F02027490860324800682749B1
:10C4B00008601848C07F40F040001649C877012046
:10C4C0002A4908601EE01A48006801281AD1194854
:10C4D0000068012816D118480068012812D11748B1
:10C4E000006878B9F02017490860234800681749A8
:10C4F00008600848C07F40F010000649C877012056
:10C500001A49086070470000C00000203C04002069
:10C51000DC03002004000020200400202C04002064
:10C5200060040020AC010020440400200008024008
:10C530002C020020300200203402002038020020AB
:10C54000440200205C0400207C010020380400200C
:10C5500078010020900100204C020020940100206E
:10C56000980100209C01002080010020480200204A
:10C5700084010020880100208C010020FE48006812
:10C5800038BBFE48006820BBFD48006808BBFD487A
:10C590000068F0B9FC48006801281AD1FB49096815
:10C5A000FB4A1268881A002801DB014600E041427C
:10C5B00005290DDCF748C07F40F00400F549C87735
:10C5C000F020F5490860F54800685F30F4490860DC
:10C5D00085E0E9480068012827D1E848006820BBC9
:10C5E000E748006808BBE7480068F0B9E64800681B
:10C5F00001281AD1E5490968EA4A1268881A002810
:10C6000001DB014600E04142052968DCE148C07FCA
:10C6100040F00800DF49C877E620E3490860E348B6
:10C6200000685F38E249086059E0D3480068012893
:10C6300028D1D2480068012824D1D148006808BB1D
:10C64000D0480068F0B9D048006801281AD1CF4915
:10C650000968D84A1268881A002801DB014600E000
:10C66000414205293BDCCB48C07F40F04000C9492E
:10C67000C877F020C8490860CF4800685F38C849CB
:10C6800008602CE0BC480068012828D1BB4800683D
:10C69000012824D1BA480068012820D1B94800688F
:10C6A000E8B9B9480068012819D1B8490968C34AEE
:10C6B0001268881A002801DB014600E04142052982
:10C6C0000DDCB448C07F40F01000B249C877E620C6
:10C6D000B5490860BA4800686930B54908607047D4
:10C6E000A548006838BBA548006820BBA44800687E
:10C6F00008BBA4480068F0B9A348006801281AD113
:10C70000A2490968AF4A1268881A002801DB01466D
:10C7100000E0414205290DDC9E48C07F40F0040046
:10C720009C49C877F0209C4908609C4800685F30AD
:10C730009B49086085E090480068012827D18F4810
:10C74000006820BB8E48006808BB8E480068F0B9BE
:10C750008D48006801281AD18C4909689A4A1268E4
:10C76000881A002801DB014600E04142052968DC07
:10C770008848C07F40F008008649C877D2208A499F
:10C7800008608A4800685F388949086059E07A483B
:10C790000068012828D179480068012824D1784808
:10C7A000006808BB77480068F0B97748006801283E
:10C7B0001AD176490968854A1268881A002801DB6F
:10C7C000014600E0414205293BDC7248C07F40F051
:10C7D00040007049C877F0206F49086076480068CB
:10C7E0005F386F4908602CE063480068012828D151
:10C7F00062480068012824D161480068012820D1DE
:10C8000060480068E8B960480068012819D15F49AC
:10C8100009686F4A1268881A002801DB014600E0A7
:10C82000414205290DDC5B48C07F40F010005949AA
:10C83000C877D2205C4908606148006869305C496B
:10C84000086070474C48006838BB4C48006820BB03
:10C850004B48006808BB4B480068F0B94A4800687C
:10C8600001281AD1494909685A4A1268881A0028C9
:10C8700001DB014600E0414205290DDC4548C07F4F
:10C8800040F004004349C877F0204349086043481A
:10C890000068733042490860BCE0374800680128EE
:10C8A00028D13648006828BB3548006810BB354899
:10C8B0000068F8B93448006801281BD133490A6878
:10C8C00045490968C91C501A002801DB014600E0EF
:10C8D000414205290DDC2F48C07F40F008002D495A
:10C8E000C877F02030490860304800686C3830491B
:10C8F00008608FE020480068012829D11F4800689F
:10C90000012825D11E48006810BB1E480068F8B9F0
:10C910001D48006801281BD12F490968491F1B4A7F
:10C920001268501A002801DB014600E04142052947
:10C9300070DC1848C07F40F040001649C877F020EE
:10C94000154908601C4800685A381549086061E0BC
:10C950000948006801285DD108480068012859D1BC
:10C9600007480068012855D106480068B0BB064852
:10C97000006801284ED132E02C0200203002002055
:10C98000340200203802002014040020B0000020EF
:10C9900090010020040000206404002048040020CE
:10C9A0005004002094010020600400204004002076
:10C9B00044040020980100204C0400209C01002029
:10C9C0003C04002080010020840100208801002018
:10C9D0008C010020780100207C0100201AE0F7493A
:10C9E0000968491FF64A1268501A002801DB0146FF
:10C9F00000E0414205290DDCF248C07F40F0100004
:10CA0000F049C877F020F0490860F04800685F30CE
:10CA1000EF490860704710B50020EE490860EE4805
:10CA20000068002839D1ED480068002835D1EC486D
:10CA3000006888BBEB48006870BB9620EA49086034
:10CA4000DE480068E94908600020E949086019E00B
:10CA500006E0012016F01CFBF4F704F800B90BE027
:10CA6000D7490968E14A1268881A002801DB0146A3
:10CA700000E041420A29ECDC00BFDD480068401CB0
:10CA8000DB490860DA4800689628E1DBFCF765FCC2
:10CA90000120D14908607AE0FFE7CF48006801280B
:10CAA00039D1CE480068A8BBCD48006890BBCD48BE
:10CAB000006878BB9620CC490860CE480068C01C4E
:10CAC000CA4908600020CA49086019E006E0012050
:10CAD00016F0DEFAF3F7C6FF00B90BE0B8490968B3
:10CAE000C24A1268881A002801DB014600E0414270
:10CAF0000A29ECDC00BFBE480068401CBC49086045
:10CB0000BB4800689628E1DBFCF741FE0120B349F1
:10CB100008603CE0FFE7B0480068012837D1AF4823
:10CB20000068012833D1AE48006880BBAD4800687A
:10CB300068BB9620AC490860AE480068AB49086005
:10CB40000020AB49086019E006E0012016F0A0FAC9
:10CB5000F3F788FF00B90BE099490968A34A126806
:10CB6000881A002801DB014600E041420A29ECDC7A
:10CB700000BF9F480068401C9D4908609C480068B1
:10CB80009628E1DBFDF713F80120954908600020A5
:10CB90009949086010BD10B500208E4908608E4884
:10CBA000006800283ED18D48006800283AD18C48A2
:10CBB0000068002836D18B48006890BBC8208A499D
:10CBC00008607E480068894908600020884908603C
:10CBD00019E006E0012016F05BFAF3F743FF00B915
:10CBE0000BE077490968814A1268881A002801DB3E
:10CBF000014600E041420829ECDC00BF7C480068A7
:10CC0000401C7B4908607A4800689628E1DB4FF4B5
:10CC10007A7016F03DFAFDF70EFA01206E490860B1
:10CC2000C7E0FFE76C48006801283DD16B48006809
:10CC3000C8BB6B480068B0BB6A48006898BBC82096
:10CC4000694908606B480068C01C6849086000209A
:10CC50006749086019E006E0012016F019FAF3F7B9
:10CC600001FF00B90BE056490968604A1268881A4A
:10CC7000002801DB014600E041420829ECDC00BF4E
:10CC80005B480068401C5A4908605948006896286B
:10CC9000E1DB4FF47A7016F0FBF9FDF7F9FA0120A9
:10CCA0004E49086085E0FFE74B48006801283ED107
:10CCB0004A48006801283AD149480068B0BB494851
:10CCC000006898BBC820484908604A480068401F6F
:10CCD0004649086000204649086019E006E0012046
:10CCE00016F0D6F9F3F7BEFE00B90BE03449096837
:10CCF0003E4A1268881A002801DB014600E04142E2
:10CD00000829ECDC00BF3A480068401C384908603C
:10CD1000374800689628E1DB4FF47A7016F0B8F9CE
:10CD2000FDF7D3FB01202E49086042E0FFE72A48C7
:10CD3000006801283DD129480068012839D12848D8
:10CD40000068012835D12748006890BBC8202649D3
:10CD500008601A480068401F2449086000202449E0
:10CD6000086019E006E0012016F092F9F3F77AFE68
:10CD700000B90BE0124909681C4A1268881A002899
:10CD800001DB014600E041420829ECDC00BF184805
:10CD90000068401C16490860154800689628E1DBC9
:10CDA0004FF47A7016F074F9FDF7D5FC01200D49A7
:10CDB000086000201049086010BD000078010020C4
:10CDC000B000002004000020600400203C0400208B
:10CDD00044040020440200202C02002030020020E5
:10CDE00034020020380200205C04002038040020B7
:10CDF000DC0300207C010020E800002010B50020AA
:10CE0000F7490860F748006800286CD1F6480068C8
:10CE1000002868D1F5480068002864D1F44800680B
:10CE2000002860D16420F3490860F3480068F349A2
:10CE300008600020F249086019E006E0012016F0C1
:10CE400027F9F3F70FFE00B90BE0EE490968EB4A4A
:10CE50001268881A002801DB014600E041420829D7
:10CE6000ECDC00BFE6480068401CE5490860E44887
:10CE7000006840F226218842DFDB4FF47A7016F01A
:10CE800007F9FDF7D8F8F7F748FCDF480068FA30F3
:10CE9000DE490860DE480068FA30DE490860022199
:10CEA000DD4812F0F5FE68B99FEDDC1ADFEDDC0A13
:10CEB00010209FEDDC0AF6F744FC42F2341016F025
:10CEC000E7F80CE09FEDD51ADFEDD70A10209FEDB3
:10CED000D70AF6F736FC42F2341016F0D9F80120E2
:10CEE000C049086050E1BF48006801286CD1BE48C5
:10CEF0000068002868D1BD480068002864D1BC489B
:10CF00000068002860D16420BA490860C8480068F9
:10CF1000BA4908600020BA49086019E006E001201B
:10CF200016F0B6F8F3F79EFD00B90BE0B5490968B5
:10CF3000B24A1268881A002801DB014600E041422B
:10CF40000929ECDC00BFAE480068401CAC49086011
:10CF5000AB48006840F226218842DFDB4FF47A704C
:10CF600016F096F8FDF794F9F7F7D7FBA648006896
:10CF7000FA30A6490860A6480068FA30A54908605A
:10CF80000221A54812F084FE68B99FEDA41ADFEDD6
:10CF9000A40A10209FEDA30AF6F7D3FB42F2341047
:10CFA00016F076F80CE09FED9D1ADFED9F0A102039
:10CFB0009FED9E0AF6F7C5FB42F2341016F068F8B2
:10CFC000012089490860DFE08648006801286CD1AB
:10CFD00085480068012868D184480068002864D129
:10CFE00083480068002860D1642082490860914825
:10CFF00000688249086000208149086019E006E065
:10D00000012016F045F8F3F72DFD00B90BE07D493E
:10D0100009687A4A1268881A002801DB014600E094
:10D0200041420629ECDC00BF75480068401C744989
:10D0300008607348006840F226218842DFDB4FF425
:10D040007A7016F025F8FDF740FAF7F766FB6E48A0
:10D050000068FA306D4908606D480068FA306D4923
:10D06000086002216C4812F013FE68B99FED6B1A3C
:10D07000DFED6B0A0D209FED700AF6F762FB42F2BE
:10D08000341016F005F80CE09FED641ADFED660A27
:10D090000D209FED6A0AF6F754FB42F2341015F0AA
:10D0A000F7FF0120514908606EE04E4800680128F2
:10D0B0006AD14D480068012866D14C4800680128B3
:10D0C00062D14B480068E8BB64204A4908605C486C
:10D0D00000684A49086000204949086019E006E0F4
:10D0E000012015F0D5FFF3F7BDFC00B90BE0454971
:10D0F0000968424A1268881A002801DB014600E0EC
:10D1000041420629ECDC00BF3D480068401C3C4918
:10D1100008603B4800689628E1DB4FF47A7015F010
:10D12000B7FFFDF718FBF7F7F8FA37480068FA3051
:10D130003649086036480068FA30364908600221EE
:10D14000354800E020E012F0A3FD68B99FED331AE6
:10D15000DFED330A0D209FED380AF6F7F2FA42F2BE
:10D16000341015F095FF0CE09FED2C1ADFED2E0A20
:10D170000D209FED340AF6F7E4FA42F2341015F070
:10D1800087FF01201A49086000202F49086010BD60
:10D1900010B50020124908601248006800287CD1B0
:10D1A00011480068002878D110480068002874D120
:10D1B0000F480068002870D1C8200E4908600E484A
:10D1C00000680E49086000200D49086050E03DE00D
:10D1D000012015F05DFFF3F745FC00B942E035E0B2
:10D1E000480200202C0200203002002034020020DF
:10D1F000380200205C040020800100203804002058
:10D20000DC030020B00000201804002020040020CF
:10D21000240400202C04002000040240CDCC4C3F0C
:10D22000000061C40000E14300006144004083C489
:10D2300084010020880100200000E1C30040B544C3
:10D240008C0100200040B5C4F0000020FA490968B4
:10D25000FA4A1268881A002801DB014600E04142C0
:10D260000629B5DC00BFF6480068401CF449086098
:10D27000F34800689628AADBF2480068FDF790FBA7
:10D280004FF4AF70F7F776FA0020F6F72DF9022188
:10D29000ED4812F0FDFC78B900E01EE01FED211A08
:10D2A0005FED210A10201FED210AF6F74AFA42F23B
:10D2B000341015F0EDFE0CE01FED281A5FED260A84
:10D2C0000A209FEDE20AF6F73CFA42F2341015F01C
:10D2D000DFFE0120DE49086037E1DD4800680128F3
:10D2E00063D1DC48006800285FD1DB480068002873
:10D2F0005BD1DA480068002857D1C820D8490860B7
:10D30000D8480068CD4908600020CD49086019E080
:10D3100006E0012015F0BCFEF3F7A4FB00B90BE01A
:10D32000C5490968C54A1268881A002801DB014608
:10D3300000E041420629ECDC00BFC1480068401C07
:10D34000BF490860BE4800689628E1DBC548006810
:10D35000FDF79DFC4FF4AF70F7F70CFA0020F6F7DD
:10D36000C3F80221B84812F093FC68B91FED551AB2
:10D370005FED550A10201FED550AF6F7E2F942F26B
:10D38000341015F085FE0CE01FED5C1A5FED5A0AB3
:10D390000A209FEDAE0AF6F7D4F942F2341015F0E8
:10D3A00077FE0120AB490860CFE0A948006801285A
:10D3B00063D1A848006801285FD1A7480068002809
:10D3C0005BD1A6480068002857D1C820A44908604E
:10D3D000A54800689949086000209949086019E04B
:10D3E00006E0012015F054FEF3F73CFB00B90BE01A
:10D3F00091490968914A1268881A002801DB0146A0
:10D4000000E041420629ECDC00BF8D480068401C6A
:10D410008B4908608A4800689628E1DB92480068DA
:10D42000FDF7B6FD4FF4AF70F7F7A4F90020F6F75B
:10D430005BF80221844812F02BFC68B91FED891AB1
:10D440005FED890A0D201FED840AF6F77AF941F69F
:10D450004C5015F01DFE0CE01FED901A5FED8E0A8A
:10D460000D201FED8A0AF6F76CF941F64C5015F0C5
:10D470000FFE01207849086067E0754800680128C0
:10D4800063D17448006801285FD17348006801289F
:10D490005BD172480068E0BBC820714908607348DE
:10D4A00000686649086000206549086019E006E0E8
:10D4B000012015F0EDFDF3F7D5FA00B90BE05E4958
:10D4C00009685E4A1268881A002801DB014600E0FC
:10D4D00041420629ECDC00BF59480068401C58490D
:10D4E0000860574800689628E1DB60480068FDF74F
:10D4F00099FE0120594908604FF4AF70F7F73AF9E7
:10D500000020F5F7F1FF02214F4812F0C1FB78B976
:10D5100000E01AE01FEDBF1A5FEDBF0A0D201FEDFE
:10D52000BA0AF6F70EF941F64C5015F0B1FD0CE0D1
:10D530001FEDC61A5FEDC40A0D201FEDC00AF6F7F5
:10D5400000F941F64C5015F0A3FD00204849086051
:10D5500010BD10B5FFF71CFE0020F5F7C5FF4548CC
:10D560000068012807D1FEF764FE4FF47A6015F0D9
:10D570008FFDF7F7F2F910BD10B5FFF73FFC002063
:10D58000F5F7B2FF3B480068012807D1FEF751FECE
:10D590004FF47A6015F07CFDF7F794FF0020F5F763
:10D5A000A3FF10BD70B53448056840F23520F7F789
:10D5B000E1F82748006800287DD126480068002847
:10D5C00079D125480068002875D1244800680028D2
:10D5D00071D11B49086067E01DE028480068A84237
:10D5E00009DD9FED271A5FEDF00A0E209FED250A59
:10D5F000F6F7A7F808E09FED221A5FEDF50A0A207A
:10D600001FEDF90AF6F79DF8012015F041FDF3F73B
:10D6100029FA00B942E04FF480511B4812F038FB60
:10D620000028DAD01948006819490968441A002C02
:10D6300030DB20462FE03EE0B00000203804002020
:10D64000DC030020800100200004024000C0DAC496
:10D650002C0200203002002034020020380200207A
:10D660005C04002084010020880100208C0100203F
:10D67000F0000020E8000020A0010020A000002011
:10D680003333333F008009C400000240BC00002057
:10D690002C0400206042B0F5967F9EDC00BFFA4863
:10D6A0000068401CF8490860F748006840F20E61C5
:10D6B000884291DB18E1F548006801284DD1F44813
:10D6C0000068C0BBF3480068A8BBF348006890BB83
:10D6D0000020ED49086039E01DE0F0480068A842EC
:10D6E00009DD1FED191ADFEDEE0A0E201FED1B0AF2
:10D6F000F6F727F808E01FED1E1ADFEDE90A0A2009
:10D700009FEDE80AF6F71DF8012015F0C1FCF3F7CC
:10D71000A9F900B914E04FF48051E34812F0B8FAC7
:10D720000028DAD0E1480068E1490968441A002C71
:10D7300002DB204601E010E06042B0F5967FCCDCD1
:10D7400000BFD1480068401CCF490860CE4800683F
:10D7500040F20E618842BFDBC6E0CC480068012879
:10D760005ED1CB48006801285AD1CA480068C0BBC6
:10D77000C9480068A8BB24E04FF40061CA4812F011
:10D7800087FA70B90121CB4812F082FA48B91FED2F
:10D79000441ADFEDC30A0E209FEDC70AF5F7D1FF4B
:10D7A00008E01FED491ADFEDBE0A0A209FEDBD0A11
:10D7B000F5F7C7FF012015F06BFCF3F753F900B93B
:10D7C00014E04FF48051B84812F062FA0028D3D028
:10D7D000B6480068B6490968441A002C02DB2046A6
:10D7E00001E01DE06042B0F5967FC5DC00BF1FED93
:10D7F0005C1ADFEDAB0A08209FEDB00AF5F7A1FF38
:10D8000006E0012015F044FCF3F72CF900B906E01E
:10D810004FF40061A44812F03BFA0028F1D063E015
:10D820009A48006801285FD19948006801285BD1B7
:10D8300098480068012857D197480068A8BB24E0A1
:10D840004FF40061984812F023FA70B90121994809
:10D8500012F01EFA48B91FED761ADFED910A0E207C
:10D860009FED950AF5F76DFF08E01FED7B1ADFEDE0
:10D870008C0A0A209FED8B0AF5F763FF012015F053
:10D8800007FCF3F7EFF800B914E04FF48051864835
:10D8900012F0FEF90028D3D0844800688449096852
:10D8A000441A002C02DB204601E01DE06042B0F586
:10D8B000967FC5DC00BF1FED8E1ADFED790A0820C8
:10D8C0009FED7E0AF5F73DFF06E0012015F0E0FB35
:10D8D000F3F7C8F800B906E04FF40061724812F09F
:10D8E000D7F90028F1D000BF0020F5F7FDFDB6EE16
:10D8F000001ADFED6B0A0A209FED6A0AF5F721FF97
:10D9000040F2DC5015F0C4FB0020F5F7EDFD70BDD2
:10D9100010B5FFF773FA0020F5F7E6FD68480068D8
:10D92000012807D1FEF785FC4FF47A6015F0B0FBB3
:10D93000FFF738FE0020F5F7D7FD10BD10B5FFF753
:10D9400027FC0020F5F7D0FD5D480068012808D1CC
:10D95000FEF76FFC4FF47A6015F09AFBF6F7FDFFC7
:10D960000BE058480068012807D1FEF7D8FC4FF4B7
:10D970007A6015F08DFBF8F775FD10BD70B5524853
:10D980000568FEF756FC40F20910F6F7E1FE3F4845
:10D990000068B8BB3E480068A0BB3E48006888BB32
:10D9A0003D48006870BB1DE03C480068A84209DDA6
:10D9B0001FEDCD1ADFED3A0A0E209FED440AF5F770
:10D9C000C0FE08E01FEDD21ADFED350A0A209FEDF8
:10D9D000350AF5F7B6FE012015F05AFBF3F742F8C9
:10D9E00000B913E04FF480712F4812F051F900286C
:10D9F000DAD02E4800682E490968441A002C02DB50
:10DA0000204601E003E060421428CDDC29E11F48F4
:10DA10000068012860D11E480068A0BB1D4800684E
:10DA200088BB1D48006870BB1DE01C480068A84208
:10DA300009DD1FEDED1ADFED1A0A0E209FED230A16
:10DA4000F5F77FFE08E01FEDF21ADFED150A0A2058
:10DA50009FED140AF5F775FE012015F019FBF3F799
:10DA600001F800B937E04FF480710F4812F010F957
:10DA70000028DAD00D4800680D490968441A002CC6
:10DA800026DB204625E027E0DC0300202C020020D6
:10DA9000300200203402002038020020A0000020C4
:10DAA00000006144000061C400000240BC0000208E
:10DAB0002C040020000402400040CEC40000E144D9
:10DAC000E8000020EC000020A00100200000E1C3DD
:10DAD00060421428A9DCC4E0F948006801285DD13F
:10DAE000F8480068012859D1F7480068C0BBF748DA
:10DAF0000068A8BB24E04FF40061F54812F0C8F8B4
:10DB000070B90121F34812F0C3F848B99FEDF21A39
:10DB10005FED1D0A0E209FEDF10AF5F712FE08E0F9
:10DB20009FEDED1A5FED220A0A201FED220AF5F79C
:10DB300008FE012015F0ACFAF2F794FF00B913E0EB
:10DB40004FF48071E24812F0A3F80028D3D0E448E3
:10DB50000068E4490968441A002C02DB204601E011
:10DB60001CE060421428C6DC00BF9FEDDB1A5FEDAD
:10DB7000340A0A201FED2F0AF5F7E3FD06E0012025
:10DB800015F086FAF2F76EFF00B906E04FF4006177
:10DB9000CF4812F07DF80028F1D062E0C848006854
:10DBA00001285ED1C748006801285AD1C6480068DC
:10DBB000012856D1C5480068A8BB24E04FF4006195
:10DBC000C34812F065F870B90121C24812F060F83C
:10DBD00048B99FEDC11A5FED4E0A0E209FEDBF0AB6
:10DBE000F5F7AFFD08E09FEDBC1A5FED530A0A2080
:10DBF0001FED540AF5F7A5FD012015F049FAF2F7DB
:10DC000031FF00B913E04FF48071B14812F040F8D1
:10DC10000028D3D0B2480068B2490968441A002CE1
:10DC200002DB204601E01CE060421428C6DC00BF95
:10DC30009FEDA91A5FED660A0A201FED600AF5F74D
:10DC400080FD06E0012015F023FAF2F70BFF00B982
:10DC500006E04FF400619E4812F01AF80028F1D057
:10DC600000BF0020F5F740FC70BD10B5FFF7C6F807
:10DC7000B6EE001A5FED760A09209FED9B0AF5F7D4
:10DC800060FD4FF47A6015F003FA0020F5F72CFCE4
:10DC90009648006801282DD1FEF7CBFA4FF47A6040
:10DCA00015F0F6F940F20910F6F752FD0020904900
:10DCB000086019E006E0012015F0EAF9F2F7D2FE5B
:10DCC00000B90BE086490968864A1268881A00285C
:10DCD00001DB014600E041420A29ECDC00BF844838
:10DCE0000068401C82490860814800683228E1DBF6
:10DCF000FFF744FE0020F5F7F7FB10BD10B5FFF766
:10DD00007DF80020F5F7F0FB10BD10B50020794933
:10DD100008606B480068002866D16A4800680028DF
:10DD200062D16948006800285ED168480068002810
:10DD30005AD16420704908607048006870490860D2
:10DD400000206B49086019E006E0012015F0A0F9F9
:10DD5000F2F788FE00B90BE06A490968684A126860
:10DD6000881A002801DB014600E041420629ECDC6C
:10DD700000BF5F480068401C5D4908605C4800685F
:10DD80009628E1DBFCF757F9F6F7C7FC5E48006818
:10DD9000FA305E4908605E480068FA305149086010
:10DDA00002214C4811F074FF68B99FED5A1A5FEDDB
:10DDB000C30A0D209FED490AF5F7C3FC42F2341067
:10DDC00015F066F90CE09FED531A5FEDCB0A0D20BC
:10DDD0009FED510AF5F7B5FC42F2341015F058F9F1
:10DDE00001203749086073E135480068012866D191
:10DDF00034480068002862D13348006800285ED1AA
:10DE00003248006800285AD164203B4908604348E2
:10DE100000683B49086000203549086019E006E0C9
:10DE2000012015F035F9F2F71DFE00B90BE0354978
:10DE30000968334A1268881A002801DB014600E0AD
:10DE400041420629ECDC00BF29480068401C2849F3
:10DE50000860274800689628E1DBFCF719FAF6F716
:10DE60005CFC29480068FA302849086028480068A6
:10DE7000FA301C4908600221164811F009FF68B900
:10DE80009FED241A5FEDF90A0D209FED140AF5F7B6
:10DE900058FC42F2341015F0FBF80CE09FED1D1A0F
:10DEA000DFED1F0A0D209FED1C0AF5F74AFC42F238
:10DEB000341015F0EDF801200249086008E131E066
:10DEC0002C02002030020020340200203802002002
:10DED00000000240000402403333333F0040B5C429
:10DEE000BC0000202C0400200040CE44E8000020AC
:10DEF000DC0300204C0200205C0400209001002084
:10DF000038040020B0000020180400202004002065
:10DF100024040020CDCC4C3E0000E14394010020BD
:10DF200000006144FD480068012866D1FC48006893
:10DF3000012862D1FB48006800285ED1FA480068D9
:10DF400000285AD16420F9490860F9480068F94965
:10DF500008600020F849086019E006E0012015F08B
:10DF600097F8F2F77FFD00B90BE0F4490968F14A30
:10DF70001268881A002801DB014600E041420629A8
:10DF8000ECDC00BFEC480068401CEB490860EA4844
:10DF900000689628E1DBFCF798FAF6F7BEFBE84844
:10DFA0000068FA30E7490860E7480068FA30E74956
:10DFB00008600221E64811F06BFE68B91FED2B1ACC
:10DFC000DFEDE40A10209FEDE40AF5F7BAFB42F218
:10DFD000341015F05DF80CE01FED321A5FED300AD9
:10DFE00010209FEDDE0AF5F7ACFB42F2341015F07D
:10DFF0004FF80120CB4908606AE0C8480068012852
:10E0000066D1C7480068012862D1C6480068012867
:10E010005ED1C5480068E0BB6420C4490860D048B0
:10E020000068C44908600020C349086019E006E0A0
:10E03000012015F02DF8F2F715FD00B90BE0BF49EE
:10E040000968BC4A1268881A002801DB014600E012
:10E0500041420629ECDC00BFB7480068401CB649C5
:10E060000860B54800689628E1DBFCF774FBF6F71A
:10E0700054FBB3480068FA30B2490860B2480068FF
:10E08000FA30B24908600221B14811F001FE78B9B6
:10E0900000E01DE01FED611ADFEDAE0A10209FEDDC
:10E0A000AE0AF5F74EFB42F2341014F0F1FF0CE02B
:10E0B0001FED681A5FED660A10209FEDA80AF5F7BC
:10E0C00040FB42F2341014F0E3FF0120964908604F
:10E0D0000020A449086010BD10B50020A2490860C6
:10E0E0008E480068002863D18D48006800285FD101
:10E0F0008C48006800285BD18B480068002857D105
:10E10000C8208A490860994800688A490860002048
:10E110008949086019E006E0012014F0B9FFF2F720
:10E12000A1FC00B90BE085490968824A1268881A87
:10E13000002801DB014600E041420529ECDC00BF7C
:10E140007D480068401C7C4908607B480068962830
:10E15000E1DB86480068FCF723FC01206F4908607A
:10E160004FF4AF70F6F706FB0020F5F7BDF902217A
:10E17000774811F08DFD68B9B6EE001ADFED750A2B
:10E180000D209FED750AF5F7DCFA42F2341014F019
:10E190007FFF76E19FED761A5FED9F0A0D201FED60
:10E1A000A20AF5F7CEFA42F2341014F071FF68E1DA
:10E1B0005A480068012863D15948006800285FD197
:10E1C0005848006800285BD157480068002857D19C
:10E1D000C820564908606748006856490860002012
:10E1E0005549086019E006E0012014F051FFF2F7EC
:10E1F00039FC00B90BE0514909684E4A1268881A87
:10E20000002801DB014600E041420529ECDC00BFAB
:10E2100049480068401C48490860474800689628FB
:10E22000E1DB54480068FCF732FD01203C490860FE
:10E230004FF4AF70F6F79EFA0020F5F755F902217A
:10E24000434811F025FD68B9B6EE001ADFED410A2A
:10E250000D209FED410AF5F774FA42F2341014F0E4
:10E2600017FF0EE19FED421A5FEDD30A0D201FED5F
:10E27000D60AF5F766FA42F2341014F009FF00E10D
:10E2800026480068012848D125480068012844D163
:10E2900024480068002840D12348006800283CD169
:10E2A000C8202249086022480068224908600020EE
:10E2B0002149086019E006E0012014F0E9FEF2F7B8
:10E2C000D1FB00B90BE01D4909681A4A1268881A87
:10E2D000002801DB014600E041420629ECDC00BFDA
:10E2E00015480068401C14490860134800689628C7
:10E2F000E1DB0F480068FCF74BFE0120094908608C
:10E300004FF4AF70F6F736FA0020F5F7EDF802217A
:10E310000F4811F0BDFC78BB2FE04AE02C02002032
:10E320003002002034020020380200205C0400206B
:10E330009801002038040020DC030020B0000020F9
:10E340001804002020040020240400202C040020B5
:10E3500000040240000061C40040B5440000E1C375
:10E360009C010020EC0000204C02002090010020C5
:10E37000CDCC4C3F940100200DE01FED031A5FED62
:10E380000B0A10201FED0C0AF5F7DBF942F23410EE
:10E3900014F07EFE75E0B6EE001ADFEDF80A1020EC
:10E3A0001FED120AF5F7CDF942F2341014F070FEA9
:10E3B00067E0F3480068012863D1F248006801284B
:10E3C0005FD1F148006801285BD1F0480068E0BBEC
:10E3D000C820EF490860EF480068EF490860002056
:10E3E000EE49086019E006E0012014F051FEF2F752
:10E3F00039FB00B90BE0EA490968E74A1268881A54
:10E40000002801DB014600E041420629ECDC00BFA8
:10E41000E2480068401CE1490860E048006896282E
:10E42000E1DBDC480068FCF7FDFE0120D74908600D
:10E430004FF4AF70F6F79EF90020F5F755F802217A
:10E44000D84811F025FC78B900E01AE01FED381A21
:10E450005FED400A10201FED400AF5F772F942F215
:10E46000341014F015FE0CE01FED3F1ADFEDC30A67
:10E4700010201FED460AF5F764F942F2341014F04B
:10E4800007FE0020C849086010BD10B5BC480068F0
:10E49000012819D1BB480068B0B9BB48006898B9D9
:10E4A000BA48006880B99FEDC11ADFEDB40A0A20AE
:10E4B0009FEDBF0AF5F745F94FF47A6014F0E8FDD7
:10E4C0000020F5F711F85EE0AD48006801281AD188
:10E4D000AC480068012816D1AB48006898B9AB4831
:10E4E000006880B99FEDB11ADFEDA40A0A209FED04
:10E4F000B00AF5F726F94FF47A6014F0C9FD002050
:10E50000F4F7F2FF3FE09E48006801281BD19D48C8
:10E510000068012817D19C480068012813D19B4846
:10E52000006880B99FEDA11ADFED940A0A209FEDE3
:10E53000A10AF5F706F94FF47A6014F0A9FD00205E
:10E54000F4F7D2FF1FE08E48006801281BD18D48E8
:10E550000068012817D18C480068012813D18B4826
:10E56000006801280FD19FED911ADFED840A0A207F
:10E570009FED900AF5F7E5F84FF47A6014F088FD06
:10E580000020F4F7B1FF10BD10B500208A490860E3
:10E590007B48006800283ED17A48006800283AD1BC
:10E5A00079480068002836D17848006890BB64201C
:10E5B00077490860814800687749086000207749FA
:10E5C000086019E006E0012014F062FDF2F74AFA53
:10E5D00000B90BE0724909686F4A1268881A00286E
:10E5E00001DB014600E041420529ECDC00BF6B483D
:10E5F0000068401C69490860684800689628E1DBAB
:10E600004FF47A7014F044FDFCF783FF01205C495D
:10E610000860EDE0FFE75A48006801283DD15948FD
:10E620000068C8BB58480068B0BB5848006898BB31
:10E6300064205749086062480068C01C5649086059
:10E6400000205649086019E006E0012014F020FD82
:10E65000F2F708FA00B90BE0514909684E4A12680E
:10E66000881A002801DB014600E041420529ECDC64
:10E6700000BF4A480068401C484908604748006895
:10E680009628E1DB4FF47A7014F002FDFDF79CF858
:10E6900001203C490860ABE0FFE7394800680128E9
:10E6A0003ED13848006801283AD137480068B0BBED
:10E6B0003648006898BB64203549086040480068C7
:10E6C000401F3549086000203449086019E006E021
:10E6D000012014F0DDFCF2F7C5F900B90BE0304978
:10E6E00009682D4A1268881A002801DB014600E0FB
:10E6F00041420829ECDC00BF28480068401C27493B
:10E700000860264800689628E1DB4FF47A7014F020
:10E71000BFFCFDF719FA01201B49086068E0FFE71C
:10E7200017480068012863D11648006801285FD1A6
:10E730001548006801285BD114480068E0B96420DE
:10E74000134908601D480068401F134908600020F5
:10E75000124908603FE006E0012014F099FCF2F74E
:10E7600081F900B931E00E4909680B4A1268881A2C
:10E77000002827DB014626E03AE000000000614463
:10E780002C02002030020020340200203802002039
:10E790005C0400209C01002038040020DC030020E1
:10E7A000B000002000040240EC0000209A99993E3D
:10E7B0000040CE44000016434402002078010020AF
:10E7C0007C01002041420529C6DC00BFFE480068EC
:10E7D000401CFD490860FC4800689628BBDB4FF4EC
:10E7E0007A7014F055FCFDF76AFB0120F7490860C8
:10E7F0000020F749086010BD2DE9F04104460D46A0
:10E800000020F14908603DE02CE0F2480068071B59
:10E810002D2204213846F9F7B1F80646ED48006884
:10E82000001B002809DD9FEDEC1A5FED2C0A304635
:10E830009FEDEA0AF4F785FF10E0E6480068001B48
:10E8400009D59FEDE51A5FED330A30469FEDE40AE6
:10E85000F4F777FF02E00020F4F746FEF2F702F942
:10E8600000B909E0DB490968081B002801DB014603
:10E8700000E041420129C8DC00BFD3480068401CC9
:10E88000D1490860D0480068A842BDDBBDE8F081EE
:10E890002DE9F04104460D460020CB4908603BE0DD
:10E8A0002AE0D0480068071B3846F7F725F90646E6
:10E8B000CC480068001B002809DD9FEDC71A5FEDFA
:10E8C000510A30469FEDC60AF4F73BFF10E0C548F9
:10E8D0000068001B09D59FEDC01A5FED580A30464D
:10E8E0009FEDBE0AF4F72DFF02E00020F4F7FCFDD7
:10E8F000F2F7B8F800B909E0BA490968081B00281E
:10E9000001DB014600E041420129CADC00BFAE48FC
:10E910000068401CAC490860AB480068A842BFDBF7
:10E92000BDE8F0812DE9F04104460D460020A649DE
:10E9300008603DE02CE0AC480068071B1922052167
:10E940003846F9F71BF80646A7480068001B002860
:10E9500009DDB6EE001A5FED770A30469FEDA30A97
:10E96000F4F7EFFE10E0A0480068001B09D5B6EEF2
:10E97000001A5FED7E0A30461FED800AF4F7E1FED3
:10E9800002E00020F4F7B0FDF2F76CF800B909E0FE
:10E9900095490968081B002801DB014600E0414257
:10E9A0000129C8DC00BF88480068401C864908600F
:10E9B00085480068A842BDDBBDE8F0812DE9F0473D
:10E9C00004460D4616461F4600207F4908603EE07B
:10E9D0002DE087480068A0EB04083A4631464046DF
:10E9E000F8F7CCFF814682480068001B002809DD4B
:10E9F000B6EE001A5FED9F0A48461FEDA00AF4F735
:10EA0000A0FE10E07A480068001B09D5B6EE001A97
:10EA10005FEDA60A48469FED750AF4F792FE02E004
:10EA20000020F4F761FDF2F71DF800B909E0704924
:10EA30000968081B002801DB014600E0414201296A
:10EA4000C7DC00BF60480068401C5F4908605E4842
:10EA50000068A842BCDBBDE8F0872DE9F041044620
:10EA60000D460020584908603BE02AE05D480068F8
:10EA7000071B3846F7F740F806465A480068001B5F
:10EA8000002809DD1FEDB71ADFED580A30469FED6B
:10EA9000530AF4F756FE10E052480068001B09D5EF
:10EAA0001FEDBE1ADFED510A30469FED4D0AF4F717
:10EAB00048FE02E00020F4F717FDF1F7D3FF00B99C
:10EAC00009E048490968081B002801DB014600E00D
:10EAD00041420029CADC00BF3B480068401C3A495B
:10EAE000086039480068A842BFDBBDE8F0814148B2
:10EAF000C07900B33F48407800F00800D8B13E48E4
:10EB0000C07F40F004003C49C8770846C07F40F011
:10EB10000800C8770846C07F40F04000C877084624
:10EB2000C07F40F01000C877084690F8230040F0FE
:10EB3000010081F82300704700B5F5F7FBFD40F2B6
:10EB40008B102E49086040F213102D49086000BD5B
:10EB500073B52DED028B282505269FED200AB0EE1A
:10EB6000408A24480079322805DB22480079C828E9
:10EB700001DC012000E0002004461E48407800F03F
:10EB8000010030B19DF80C509FED1E0AB0EE408A96
:10EB900005E09DF80850B6EE000AB0EE408A154830
:10EBA000007800F0080078B31248007800F01000F8
:10EBB00050BB1048007800F0200028BB0D480078BA
:10EBC00000F0400000BB20E0DC0300203802002001
:10EBD000E8000020A00000206666663F00000000FC
:10EBE0000000E144A400002098000020000061C45F
:10EBF0009C000020BB08002004000020200400200E
:10EC00002C0400203333333F04E029460020F4F77E
:10EC10008EFDB1E0FE48007800F00800A0B9FC4885
:10EC2000007800F0100078B1F948007800F020007A
:10EC300050B9F748007800F0400028B929464FF451
:10EC4000E160F4F774FD97E0F148007800F0080007
:10EC5000A0B9EF48007800F0100078B9EC480078CF
:10EC600000F0200050B1EA48007800F0400028B9D8
:10EC700029464FF46170F4F75AFD7DE0E4480078CE
:10EC800000F0080098B9E248007800F0100070B970
:10EC9000DF48007800F0200048B9DD48007800F037
:10ECA000400020B12946DB48F4F741FD64E0D84834
:10ECB000007800F00800A0B1D548007800F01000FE
:10ECC00078B9D348007800F0200050B1D0480078DF
:10ECD00000F0400028B929464FF4E170F4F727FD11
:10ECE0004AE0CB48007800F0080098B1C8480078A6
:10ECF00000F0100070B9C648007800F0200048B954
:10ED0000C348007800F0400020B12946C248F4F71B
:10ED10000EFD31E0BE48007800F00800A0B9BC4804
:10ED2000007800F0100078B1B948007800F02000B9
:10ED300050B1B748007800F0400028B9294640F2A9
:10ED40004650F4F7F4FC17E0B148007800F00800F2
:10ED500090B9AF48007800F0100068B1AC48007876
:10ED600000F0200040B9AA48007800F0400018B137
:10ED70002946AA48F4F7DBFCA548007800F0080013
:10ED8000F8B9A348007800F01000D0B9A048007886
:10ED900000F02000A8B99E48007800F0400080B93B
:10EDA0007CB1F4F707F960B19948407800F0400071
:10EDB00038B99748407800F0200010B90520F4F7E2
:10EDC00093FB14B1F4F7B9FB27E09148007932289E
:10EDD0000EDAF4F7EFF828B10020B1EE480AF4F7A4
:10EDE00096FC1AE00020B1EE480AF4F790FC14E01B
:10EDF00087480079C8280EDDF4F7DCF828B1002038
:10EE0000B0EE480AF4F783FC07E00020B0EE480AB1
:10EE1000F4F77DFC01E0F4F790FBBDEC028B7CBDC8
:10EE200010B57F480068012815D17E48006890B968
:10EE30007D48006878B97D48006860B91FED8F1A79
:10EE4000DFED7B0A0A209FED7A0AF4F77AFC4FF493
:10EE5000FA5014F01DF90020F4F746FB10BDFEB582
:10EE600004460D46164696207249086072480068AE
:10EE700072490860FA207249086072480068724955
:10EE80000860F5F75EFC4FF4AF7070490860704998
:10EE90000860704890F8230040F001006D4981F847
:10EEA00023006FF09500A0EB440000EE900AF8EE0E
:10EEB000E00AB0EE600AB6EE001AF0EE080A28206A
:10EEC000F4F73FFC0020644908600FE003E0F1F72D
:10EED000C9FD00B904E0E01F604909688842F6DC1A
:10EEE00000BF5D480068401C5B4908605A480068E4
:10EEF0006428EBDBF5F725FC40F2672053490860F6
:10EF0000C01C534908600020534908601EE012E00D
:10EF10000F20642102222346CDE900210290002225
:10EF200011462320F9F777FA012014F0B1F8F1F730
:10EF300099FD00B904E04A480068B0F5EB7FE7DBD3
:10EF400000BF45480068401C4349086042480068CB
:10EF50003228DCDB0020404908601AE00FE00F2077
:10EF6000502102222346CDE90021029000221146C1
:10EF70001E20F9F750FAF1F775FD00B903E03948A2
:10EF800000681228EBDC00BF33480068401C32499F
:10EF9000086031480068FA28E0DB00202E4908604C
:10EFA0002FE01BE02F480068112807DA294890F865
:10EFB000230040F00200274981F823000F2046215A
:10EFC00003222346CDE900210290002211460C20A5
:10EFD000F9F721FAF1F746FD00B90CE04FF4805142
:10EFE000214810F055FE30B94FF480611E4810F0F2
:10EFF0004FFE0028D6D000BF17480068401C1649B5
:10F000000860154800686428CBDB40F2DC502DE036
:10F01000BB0800207CFCFFFF3EFEFFFFBAFAFFFFAB
:10F020002C02002030020020340200203802002090
:10F030000000614460040020AC0100204404002072
:10F0400064040020B00100205004002020040020AF
:10F050002C04002004000020DC030020A400002079
:10F06000B80000209C0000200010024014F010F8AE
:10F070003220F4F739FA0020FE49086035E021E03B
:10F080000821FD4810F004FE012804D10A21FB48A4
:10F09000F4F74DFB0FE04FF40041F74810F0F8FD96
:10F0A000012805D10A2140F26630F4F740FB02E066
:10F0B0000020F4F719FA012013F0EAFFF1F7D2FC6F
:10F0C00000B90CE04FF40041EB4810F0E1FD0128DD
:10F0D000D6D00821E84810F0DBFD0128D0D000BFD1
:10F0E000E4480068401CE3490860E2480068B0F565
:10F0F000FA7FC4DB0A20F4F7F7F906210020F4F7C1
:10F1000016FB40F2DC5013F0C3FFDD4890F82300FB
:10F1100000F0FE00DA4981F823004FF4FA6013F0A2
:10F12000B7FF0A20F4F7E0F9D6480068D64908602E
:10F130000020F4F7D9F94620D4490860D449086082
:10F140004FF42570D349086040F28A20D249086004
:10F150000020C849086019E006E0032013F098FF7A
:10F16000F1F780FC00B90BE0CC490968C94A126884
:10F17000881A002801DB014600E041420529ECDC49
:10F1800000BFBC480068401CBA490860B948006824
:10F19000B0F5FA7FE0DBBA4890F8230000F0FD00FC
:10F1A000B74981F82300B8490968091B01EB8101BF
:10F1B000A5EB41001E21F4F7BAFA0021B8EE040ACB
:10F1C000AE481E38F4F716FAF5F7BBFA11E0022044
:10F1D00013F05EFFF1F746FC00B90FE0B04800689D
:10F1E00010F5E17F05DA40F20910AA490860AA4942
:10F1F0000860AB48006810F5E17FE8DC00BF002044
:10F20000F4F772F99FEDA71ADFEDA70A09201FEDA9
:10F21000780AF4F796FA00209649086019E006E0AB
:10F22000052013F035FFF1F71DFC00B90BE080213C
:10F23000914810F02DFD30B94FF480718E4810F0D8
:10F2400027FD0028ECD000BF8A480068401C89498F
:10F250000860884800686428E1DB40F6B83013F0A5
:10F2600017FF0020F4F740F99FED8E1ADFED8E0AAC
:10F2700009201FED910AF4F764FA40F6B83013F054
:10F2800007FF0020F4F730F9282080490860292082
:10F290007F490860FF207F4908607F49086000209F
:10F2A000F4F722F94FF47A713046FFF7D6FB0020CD
:10F2B000F4F71AF9FEBD08B5F5F743FAFF207549D2
:10F2C0000860754908604FF4FA6013F0E1FEB0EE93
:10F2D000001A5FEDA90A1E209FED740AF4F731FAB7
:10F2E00006E0052013F0D4FEF1F7BCFB00B905E001
:10F2F0006B48006840F27F318842F2DB00BF00209B
:10F30000F4F7F2F86A48006801280BD1072041237E
:10F3100005224FF47A71009066480068401DF8F7A6
:10F320005DFB0EE06248006858B90A206149009010
:10F330000968A1F10F00412305224FF47A71F8F713
:10F340004DFB5D480068012804D101210420F3F73A
:10F3500085F802E00020594908600020F4F7C4F85D
:10F3600008BD08B5F5F7EDF9FF204A4908604A499C
:10F3700008604FF4FA6013F08BFEB0EE001A5FEDF8
:10F38000D40A1E209FED4E0AF4F7DBF906E00520B3
:10F3900013F07EFEF1F766FB00B905E04048006817
:10F3A00040F27F318842F2DB00BF0020F4F79CF886
:10F3B0003F48006860B90A20424900900968A1F1FD
:10F3C0000F00412305224FF47A71F8F707FB0DE097
:10F3D00037480068012809D10720412305224FF44E
:10F3E0007A71009037480068F8F7F8FA0020F4F7CF
:10F3F0007BF831480068022804D101210420F3F78A
:10F400002DF802E000202D49086008BD08B5F5F789
:10F4100098F9FF201F4908601F4908604FF4FA60FF
:10F4200013F036FEB0EE081ADFED270A14209FED28
:10F43000270AF4F786F906E0052013F029FEF1F714
:10F4400011FB00B905E01648006840F27F318842A0
:10F45000F2DB00BF0020F4F747F8154800680128E8
:10F460003BD10720412305224FF47A7100901848C0
:10F4700000682FE0DC030020001002409AFCFFFF30
:10F4800004000020A4000020E00400205404002018
:10F4900058040020200400202C040020B800002084
:10F4A000900300203333333F000061C40040B5C4F3
:10F4B000E8000020C0010020C4020020C802002093
:10F4C0000080BBC4C80100200000614400C080C4AB
:10F4D000D8010020F8F782FA0EE0FA48006858B91F
:10F4E0000A20F94900900968A1F10F004123052283
:10F4F0004FF47A71F8F772FAF4480068032804D1DF
:10F5000001210420F2F7AAFF02E00020F049086080
:10F510000020F3F7E9FF08BD70B504460D46002052
:10F52000EC49086011E006E0012013F0B1FDF1F7AD
:10F5300099FA00B903E0E8480068A042F4DB00BF94
:10F54000E4480068401CE3490860E2480068A842BB
:10F55000E9DB70BD3EB50446F5F7ECF8DF4800681E
:10F56000FA30DF490860DF480068FA30DE49086099
:10F570000020D84908601EE013E01E2096210522D5
:10F580002346CDE9002102904FF4617251422D20B3
:10F59000F8F7BFFF012013F07BFDF1F763FA00B924
:10F5A00003E0CD4800687328E7DC00BFC948006865
:10F5B000401CC8490860C7480068FA28DCDB002006
:10F5C000C449086023E010E01E2096210222234651
:10F5D000CDE9002102904FF4617251422320F8F7E7
:10F5E00098FFF1F73FFA00B90BE0C0490968BE4A3D
:10F5F0001268881A002801DB014600E04142142904
:10F60000E2DC00BFB3480068401CB2490860B14862
:10F610000068FA28D7DB9FEDB61A5FED550A19206E
:10F620001FED5F0AF4F78DF80020AA49086011E089
:10F6300006E0012013F02CFDF1F714FA00B903E005
:10F64000A54800683C28F4DC00BFA2480068401CC4
:10F65000A04908609F480068FA28E9DB4FF42F7042
:10F66000F5F776F89748006800285CD1994908605A
:10F670001FE014E01E2096210222A4F10F03CDE921
:10F68000002102904FF4617251421420F8F741FFBB
:10F69000012013F0FDFCF1F7E5F900B903E08E4815
:10F6A00000680F28E6DC00BF8A480068401C8949D2
:10F6B000086088480068FA28DBDB0020854908607C
:10F6C0002CE011E01E2096210222A4F10F03CDE9C7
:10F6D000002102904FF4617251420A20F8F719FF9D
:10F6E000F1F7C0F900B913E04021824810F0D0FAD8
:10F6F0000128E7D04FF480717F4810F0C9FA012843
:10F70000E0D04FF480517C4810F0C2FA0028D9D0E4
:10F7100000BF70480068401C6E4908606D48006872
:10F72000FA28CEDB68E067480068012864D1002031
:10F73000684908601EE013E01E209621022223463D
:10F74000CDE9002102904FF4617251421420F8F784
:10F75000E0FE012013F09CFCF1F784F900B903E00E
:10F760005D4800680F28E7DC00BF5A480068401C6D
:10F770005849086057480068FA28DCDBF5F75AF862
:10F780000020544908602BE010E01E209621022240
:10F790002346CDE9002102904FF4617251420A20C4
:10F7A000F8F7B7FEF1F75EF900B913E040215148D0
:10F7B00010F06EFA0128E8D04FF480714E4810F036
:10F7C00067FA0128E1D04FF480514B4810F060FAFD
:10F7D0000028DAD000BF3F480068401C3D4908605F
:10F7E0003C480068FA28CFDB1E20F3F77DFE4FF47B
:10F7F0007A712046FFF74CF80020F3F775FE3EBD06
:10F800003EB50446F4F796FF34480068FA303449B0
:10F81000086034480068FA30334908609FED341AB4
:10F820005FEDD70A2D201FEDE00AF3F78AFF0020D5
:10F830002849086011E006E0012013F029FCF1F7E7
:10F8400011F900B903E0244800687828F4DC00BF0F
:10F8500020480068401C1F4908601E480068FA28BC
:10F86000E9DB9FED231A5FEDE80A23201FEDF20A82
:10F87000F3F767FF00201749086011E006E0012058
:10F8800013F006FCF1F7EEF800B903E01248006847
:10F890003C28F4DC00BF0F480068401C0D4908609C
:10F8A0000C480068FA28E9DBB6EE001A5FEDFA0AA8
:10F8B0001C209FED120AF3F744FF00200549086061
:10F8C00030E00000E8000020D8010020C402002041
:10F8D000C8020020DC03002098000020180400204B
:10F8E00020040020240400202C040020BC00002060
:10F8F0006666663F0004024000000240000061C4EA
:10F9000006E0012013F0C4FBF1F7ACF800B903E006
:10F91000FD4800681E28F4DC00BFFC480068401C5D
:10F92000FA490860F9480068FA28E9DBF8480068F5
:10F9300000285BD1F54908601FE014E01E20F5495E
:10F940000222A4F10F03CDE9002102904FF461726D
:10F9500051421420F8F75FFD012013F099FBF1F7F5
:10F9600081F800B903E0E84800681E28E6DC00BF23
:10F97000E6480068401CE5490860E4480068FA2849
:10F98000DBDB0020E149086029E014E01E20E149AA
:10F990000222A4F10A03CDE9002102904FF4617222
:10F9A00051420A20F8F737FDF1F75CF800B910E092
:10F9B000012013F06DFB4FF48071D74810F068F907
:10F9C0000128E3D04FF48051D34810F061F90028AA
:10F9D000DCD000BFCD480068401CCC490860CB4853
:10F9E000006840F20E618842CFDB77E0C8480068CB
:10F9F000012873D140F23520F4F7BCFE0020C34942
:10FA000008602AE013E01E20C24902222346CDE905
:10FA1000002102904FF4617251421420F8F7FBFC70
:10FA2000012013F035FBF1F71DF800B90FE0B649DE
:10FA300009680F29E7DCB9490968B94A1268881AC8
:10FA4000002801DB014600E04142C829DBDC00BFA1
:10FA5000AE480068401CAD490860AC480068FA2810
:10FA6000D0DBF4F7E7FE0020A849086028E013E0A7
:10FA70001E20A84902222346CDE9002102904FF41E
:10FA8000617251420A20F8F7C6FCF0F7EBFF00B9AB
:10FA900010E0012013F0FCFA4FF480719E4810F042
:10FAA000F7F80128E4D04FF480519B4810F0F0F8AB
:10FAB0000028DDD000BF95480068401C93490860CD
:10FAC0009248006840F20E618842D0DB1E20F3F7B6
:10FAD0000BFD4FF47A712046FEF7DAFE0020F3F7B3
:10FAE00003FD3EBD3EB50446F4F724FE8D48006894
:10FAF000FA308D4908608D480068FA3088490860FE
:10FB00000020824908601FE014E01E209621032295
:10FB100004F10F03CDE9002102904FF461725142CC
:10FB20002D20F8F748FD012013F0B2FAF0F79AFF04
:10FB300000B903E0744800687328E6DC00BF73482E
:10FB40000068401C7149086070480068FA28DBDBD7
:10FB500000206E4908601FE014E01E209621032259
:10FB600004F10F03CDE9002102904FF4617251427C
:10FB70002320F8F720FD012013F08AFAF0F772FF36
:10FB800000B903E0604800685028E6DC00BF5F4829
:10FB90000068401C5D4908605C480068FA28DBDBAF
:10FBA00000205A4908601FE014E01E20962102221E
:10FBB00004F10F03CDE9002102904FF4617251422C
:10FBC0001C20F8F7F8FC012013F062FAF0F74AFF66
:10FBD00000B903E04C4800681E28E6DC00BF4B4833
:10FBE0000068401C4949086048480068FA28DBDB87
:10FBF0004FF42F70F4F7ACFD45480068002865D13C
:10FC0000424908601FE014E01E209621022204F100
:10FC10000F03CDE9002102904FF46172514214208C
:10FC2000F8F7C9FC012013F033FAF0F71BFF00B915
:10FC300003E0354800680F28E6DC00BF3348006861
:10FC4000401C3249086031480068FA28DBDB00209C
:10FC50002E4908602FE014E01E209621022204F1B4
:10FC60000F03CDE9002102904FF4617251420A2046
:10FC7000F8F7A1FC012013F00BFAF0F7F3FE00B93E
:10FC800013E040212A4810F003F80128E4D04FF493
:10FC9000807121480FF0FCFF0128DDD04FF4805126
:10FCA0001D480FF0F5FF0028D6D000BF17480068A8
:10FCB000401C164908601548006840F20E618842F1
:10FCC000C9DB4FF47A7013F0E3F986E0104800685E
:10FCD00001287CD100200D49086035E02AE01E2073
:10FCE000962102222346CDE9002102904FF4617251
:10FCF00051421420F8F75FFC012013F0C9F9F0F726
:10FD0000B1FEB8B91AE0000098000020DC03002022
:10FD1000E8000020A2FEFFFF00000240BC0000201F
:10FD20002C040020180400202004002024040020BB
:10FD300000040240FE4800680F28D0DC00BFFD48E8
:10FD40000068401CFB490860FA480068FA28C5DBD7
:10FD5000F4F770FD0020F74908602EE013E01E2044
:10FD6000962102222346CDE9002102904FF46172D0
:10FD700051420A20F8F71FFC012013F089F9F0F72F
:10FD800071FE00B913E04021EB480FF081FF01281C
:10FD9000E5D04FF48071E9480FF07AFF0128DED0FA
:10FDA0004FF48051E5480FF073FF0028D7D000BF13
:10FDB000E0480068401CDF490860DE48006840F207
:10FDC0000E618842CADB1E20F3F78EFB00E004E0E0
:10FDD0004FF47A712046F5F7A9FE0020F3F784FB73
:10FDE0003EBD10B506E0012013F052F9F0F73AFEDF
:10FDF00000B903E0D24800680128F4D000BF10BD6C
:10FE000010B5FFF758FAFFF7ECFFCD48006818B9B6
:10FE1000CC480068FFF79EFB0120C949086010BD6F
:10FE200010B5FFF79EFAFFF7DCFFC548006818B968
:10FE3000C5480068FFF7E4FC0120C149086010BD17
:10FE400010B5FFF7E3FAFFF7CCFFBD48006830B903
:10FE5000BE480068FFF746FE0120B949086010BDA2
:10FE600010B5BB480068B0BBBA48006898BBBA4838
:10FE7000006880BBB948006868BB40F23520F4F7E1
:10FE800079FCB6EE001ADFEDB60A0A209FEDB50A3E
:10FE9000F3F757FC0020A749086013E006E00120B3
:10FEA00013F0F6F8F0F7DEFD00B905E0AE480068A3
:10FEB000AE4909688842F2DC00BF9E480068401CD9
:10FEC0009C4908609B4800689628E7DB4FF4FA607D
:10FED00013F0DEF801E1FFE79D480068012837D103
:10FEE0009C48006898BB9C48006880BB9B480068A1
:10FEF00068BB40F23520F4F73DFCB6EE001ADFEDAA
:10FF0000980A0A209FED970AF3F71BFC0020894905
:10FF1000086013E006E0012013F0BAF8F0F7A2FD44
:10FF200000B905E090480068904909688842F2DC11
:10FF300000BF80480068401C7E4908607D4800681A
:10FF40009628E7DB4FF4FA6013F0A2F8C5E0FFE76C
:10FF50007F48006801285ED17E48006801285AD198
:10FF60007D480068002856D17C480068F0BBC82155
:10FF70007E480068F5F7DAFD4FF4FF70F4F7E8FB10
:10FF80009FED7B1ADFED760A0F209FED7A0AF3F7DB
:10FF9000D8FB00206749086020E006E0F0F762FD2A
:10FFA00000B915E0012013F073F84FF48071634835
:10FFB0000FF06EFE0128F1D06F4800686F490968A4
:10FFC000441A002C01DB204600E060420A28E5DCF0
:10FFD00000BF58480068401C5649086055480068F2
:10FFE00040F20E618842D8DB052000E013E0F3F711
:10FFF0007BFA40F23520F4F7ABFB9FED611ADFEDA1
:020000040801F1
:10000000580A0A209FED5F0AF3F79BFB40F6C410E5
:1000100013F03EF861E04E48006801285DD14D487C
:100020000068012859D14C480068012855D14B4837
:100030000068E8BBC8214D480068F5F777FD4FF42C
:10004000FF70F4F785FB9FED4A1ADFED450A0F209C
:100050009FED480AF3F775FB00203649086020E061
:1000600006E0F0F7FFFC00B915E0012013F010F8EE
:100070004FF4807131480FF00BFE0128F1D03E485B
:1000800000683E490968441A002C01DB204600E064
:1000900060420A28E5DC00BF26480068401C25496C
:1000A00008602448006840F20E618842D8DB00E016
:1000B00013E00520F3F718FA40F23520F4F748FB77
:1000C0009FED2F1ADFED260A0A209FED2E0AF3F787
:1000D00038FB40F6C41012F0DBFF0020F3F704FAFF
:1000E00010BD10B5214804684FF461714842F4F71F
:1000F000DDFF2548006800287ED1244800680028DC
:10010000FAD1234800680028F6D1F4F70CFB214807
:100110000068FA302049086020480068FA30174922
:1001200008609FED1F1ADFED0E0A14203AE0000070
:1001300098000020DC030020000402400000024080
:10014000C8020020C0010020C8010020D00100200A
:100150002C0200203002002034020020380200204F
:10016000000061440000C843A0000020A00100205E
:100170003333333F000061C4BC0000202C04002056
:10018000CDCCCC3D00000000E8000020EC000020B9
:10019000F000002018040020200400202404002087
:1001A000CDCC4C3F1FED0D0AF3F7CBFA0020F749F9
:1001B000086019E006E0012012F06AFFF0F752FC37
:1001C00000B90BE0F2490968F24A1268881A00285F
:1001D00001DB014600E041426429ECDC00BFEB4852
:1001E0000068401CE9490860E8480068FA28E1DB3B
:1001F0000020E649086015E06FE006E0F0F732FC09
:1002000000B909E0012012F043FF4FF48071E24889
:100210000FF03EFD0128F1D000BFDC480068401C13
:10022000DA490860D948006840F20E618842E4DB90
:100230001FED251A5FED360A0A201FED320AF3F78B
:1002400080FA0020D149086019E006E0012012F090
:100250001FFFF0F707FC00B90BE0CD490968CD4A54
:100260001268881A002801DB014600E041420A2991
:10027000ECDC00BFC5480068401CC4490860C348A6
:100280000068FA28E1DB0020C04908601BE006E0B6
:10029000F0F7E8FB00B910E0012012F0F9FE4FF48E
:1002A0008071BD480FF0F4FC0128F1D04FF480516B
:1002B000B9480FF0EDFC0028EAD000BFB348006851
:1002C000401CB2490860B148006840F20E618842A3
:1002D000DDDB0020F3F708F90CE0B04800680128E6
:1002E00002D1FDF75FF905E0AD480068012801D1B2
:1002F000FFF7B6FD0020F3F7F7F810BD10B5FDF7D6
:10030000EBFE0020F3F7F0F8A4480068012807D1BD
:10031000FBF78FFF4FF47A6012F0BAFEF6F726FD76
:1003200010BD10B5FDF7D8FE0020F3F7DDF89C48AE
:10033000006801280AD1FCF76CF84FF47A6012F0DB
:10034000A7FEFEF76DFDFFF78BFD30E093480068D8
:1003500001282CD1FBF76DFF40F6B83012F098FE63
:10036000FDF720F91FED7E1A5FED830A0C201FEDCB
:100370007F0AF3F7E6F906E0012012F089FEF0F7B4
:1003800071FB00B912E04FF4805183480FF080FCFC
:100390000028F1D07E4800687E490968441A002C84
:1003A00001DB204600E060420A28E5DC00BF10BD0A
:1003B00010B5FDF791FE0020F3F796F87848006835
:1003C00001280AD1FCF725F84FF47A6012F060FE9C
:1003D000FEF726FDF5F7C8FE0BE07048006801281F
:1003E00007D1FBF726FF40F6B83012F051FEF4F7C4
:1003F000B4FA10BD70B599256A4806684FF461716A
:100400004842F4F70DFCF4F79CF967480068FA30AD
:100410006649086066480068FA305E4908605F48CF
:100420000068002843D16348006800283FD15C4839
:100430000068D8BB1FEDB21A5FEDB70A14201FED9C
:10044000B30AF3F77EF900205049086027E006E080
:10045000F0F708FB00B91CE0012012F019FE4FF480
:1004600080714D480FF014FC0128F1D04FF48051F9
:1004700049480FF00DFC0028EAD04548006845497E
:100480000968441A002C01DB204600E06042142871
:10049000DEDC00BF3D480068401C3C4908603B482A
:1004A000006840F20E618842D1DB14E0FFE73B4870
:1004B0000068012802D1FDF775F80CE038480068A3
:1004C000012802D1FFF7CCFC05E03A48006801287A
:1004D00001D1F6F7A5FD0020F3F706F870BD10B5C1
:1004E0004FF461714842F4F79BFB2C4800680028E8
:1004F00068D130480068002864D129480068002885
:1005000060D140F20910F4F723F91FEDE71A5FED0F
:10051000EC0A14201FEDE90AF3F713F900201B4938
:10052000086020E006E0F0F79DFA00B915E0012030
:1005300012F0AEFD4FF4807117480FF0A9FB0028B0
:10054000F1D01348006813490968441A002C01DBF4
:10055000204600E060420A28E5DC00BF0B48006846
:10056000401C0A4908600948006840F20E61884250
:10057000D8DB9FED111ADFED110A0A209FED100A5A
:10058000F3F7DFF800200149086037E0DC030020C2
:10059000BC0000202C04002000000240E8000020E5
:1005A000F0000020A00100201804002020040020FA
:1005B00024040020EC0000203333333F000061446A
:1005C000000061C424E006E0F0F74CFA00B90FE047
:1005D000012012F05DFD4021F7480FF059FB002883
:1005E000F2D04FF48071F5480FF052FB0028EBD0A9
:1005F00000BFF3480068401CF1490860F0480068FB
:1006000040F20E618842DEDB0020F2F76DFF0CE065
:10061000EC480068012802D1FDF7B0F905E0EA488E
:100620000068012801D1F6F735FF0020F2F75CFFE2
:1006300010BD70B5E5480568FBF7FBFD40F20910F9
:10064000F4F786F8E248006800285CD1E1480068C9
:10065000002858D1E0480068002854D1DF480068DD
:10066000002850D123E00421DD480FF011FB70B9C0
:100670008021D1480FF00CFB48B91FED311A5FED16
:10068000310A0E209FEDD70AF3F75BF808E01FED63
:10069000361A5FED360A0A201FED370AF3F751F8D4
:1006A000012012F0F5FCF0F7DDF900B912E04FF48B
:1006B0008071C2480FF0ECFA0028D4D0CA48006814
:1006C000CA490968441A002C01DB204600E0604258
:1006D0000A28C8DC00BF1FED481A5FED480A0A204F
:1006E0009FEDC30AF3F72DF806E0012012F0D0FCCD
:1006F000F0F7B8F900B905E00421B9480FF0C8FADD
:100700000028F2D0E4E0B248006801285CD1B1488A
:100710000068002858D1B0480068002854D1AF487C
:100720000068002850D123E00421AD480FF0B0FA52
:1007300070B98021A0480FF0ABFA48B91FED621ADA
:100740005FED620A0E209FEDA70AF2F7FAFF08E0BC
:100750001FED671A5FED670A0A201FED670AF2F7BF
:10076000F0FF012012F094FCF0F77CF900B912E0E0
:100770004FF4807191480FF08BFA0028D4D09A483A
:1007800000689A490968441A002C01DB204600E001
:1007900060420A28C8DC00BF1FED791A5FED790AB4
:1007A0000A209FED930AF2F7CCFF06E0012012F039
:1007B0006FFCF0F757F900B905E0042188480FF005
:1007C00067FA0028F2D083E08148006801283DD113
:1007D00080480068012839D17F48006888BB7F487D
:1007E000006870BB1DE083480068A84209DD1FED6A
:1007F0008E1A5FED8E0A0E209FED7F0AF2F7A1FFA1
:1008000008E01FED931A5FED930A0A201FED940A8A
:10081000F2F797FF012012F03BFCF0F723F900B943
:1008200013E04FF4807165480FF032FA0028DAD0F7
:100830006D4800686D490968441A002C02DB2046A7
:1008400001E003E060421E28CDDC41E06048006822
:1008500001283DD15F480068012839D15E48006811
:10086000012835D15D48006890BB1DE061480068F3
:10087000A84209DD1FEDB01A5FEDB00A0E209FED12
:100880005E0AF2F75EFF08E01FEDB51A5FEDB50AEC
:100890000A201FEDB50AF2F754FF012012F0F8FB11
:1008A000F0F7E0F800B912E04FF4807143480FF020
:1008B000EFF90028DAD04C4800684C490968441A1E
:1008C000002C01DB204600E060421E28CEDC00BF89
:1008D0000020F2F709FE70BD10B53D480068002801
:1008E00069D13C480068002865D13B480068002871
:1008F00061D13A48006800285DD140F23520F3F715
:1009000039FF9FED3E1A5FEDD30A0A209FED3C0AA6
:10091000F2F717FF00202A4908601EE006E00120D8
:1009200012F0B6FBF0F79EF800B910E035490968FF
:100930001C29F4DB2C4909682C4A1268881A002803
:1009400001DB014600E04142B1F5967FE7DC00BFE4
:100950001B480068401C1A4908601948006896281E
:10096000DCDB9FED261A5FEDEB0A0A209FED260ADD
:10097000F2F7E7FE00201249086013E006E00120CC
:1009800012F086FBF0F76EF800B905E01948006830
:100990000E4909688842F2DC00BF09480068401C23
:1009A00007490860064800689628E7DB40F6C4104F
:1009B00012F06EFB29E129E0000402400000024031
:1009C000DC030020E8000020F0000020A801002047
:1009D0002C020020300200203402002038020020C7
:1009E000001002400000E1C3BC0000202C040020E5
:1009F00000000000A40000200040B5C46666663F09
:100A000000C0A8C49C0000200000E1C4FA480068AF
:100A1000012869D1F9480068002865D1F8480068C4
:100A2000002861D1F748006800285DD140F23520E8
:100A3000F3F7A0FE1FED0F1ADFEDF30A0A201FEDFA
:100A4000100AF2F77EFE0020F04908601EE006E082
:100A5000012012F01DFBF0F705F800B910E0EC4999
:100A600009681C29F4DBEB490968EB4A1268881A0B
:100A7000002801DB014600E04142B1F5967FE7DC4A
:100A800000BFE2480068401CE0490860DF48006899
:100A90009628DCDB1FED271ADFEDDB0A0A201FEDAD
:100AA000260AF2F74EFE0020D849086013E006E05F
:100AB000012012F0EDFAEFF7D5FF00B905E0D748B5
:100AC0000068D74909688842F2DC00BFCF48006857
:100AD000401CCE490860CD4800689628E7DB40F608
:100AE000C41012F0D5FA90E0C3480068012844D140
:100AF000C2480068012840D1C1480068E0BBC14835
:100B00000068C8BB40F23520F3F734FE1FED451AEC
:100B1000DFEDBD0A0A209FEDC30AF2F712FE0020A6
:100B2000BA4908601FE006E0012012F0B1FAEFF7C1
:100B300099FF00B911E0B9490968B94A12689142B0
:100B4000F2DCB4490968B44A1268881A002801DB4B
:100B5000014600E04142C829E6DC00BFAB4800681E
:100B6000401CAA490860A94800689628DBDB40F6CB
:100B7000C41012F08DFA48E0FFE79F480068012892
:100B800043D19E48006801283FD19D480068012854
:100B90003BD19C480068C0BB40F23520F3F7EAFD2A
:100BA0001FED6A1ADFED980A0A209FED9E0AF2F700
:100BB000C8FD0020954908601FE006E0012012F002
:100BC00067FAEFF74FFF00B911E094490968944ABA
:100BD00012689142F2DC8F4909688F4A1268881ABC
:100BE000002801DB014600E04142C829E6DC00BFE5
:100BF00086480068401C854908608448006896283B
:100C0000DBDB40F6C41012F043FA0020F2F76CFC74
:100C100010BD70B5824805684FF461714842F4F721
:100C200045FA8148006800287AD180480068002889
:100C300076D17F480068002872D140F20910F3F79E
:100C400087FD9FED7C1ADFED700A14209FED7A0A74
:100C5000F2F777FD00206D49086020E006E00120F2
:100C600012F016FAEFF7FEFE00B912E04FF48071B1
:100C700072480FF00DF80028F1D066480068664908
:100C80000968441A002C01DB204600E060420A2873
:100C9000E5DC00BF5D480068401C5C4908605B48BB
:100CA0000068FA28DADB9FED661ADFED570A0A20A2
:100CB0009FED610AF2F745FD00205449086026E0E7
:100CC00006E0012012F0E4F9EFF7CCFE00B918E0DD
:100CD00040215C480EF0DCFF0028F2D04FF4807118
:100CE00056480EF0D5FF0028EBD04A4800684A4924
:100CF0000968441A002C01DB204600E060420A2803
:100D0000DFDC00BF41480068401C404908603F48A4
:100D10000068FA28D4DB0020F2F7E6FB0DE0FFE7DD
:100D200041480068012802D1FFF783FC05E03F48F5
:100D30000068012801D1FFF7CFFD0020F2F7D4FBB6
:100D400070BD10B5FCF7E1FF0020F2F7CDFB38488D
:100D5000006801280AD1FBF75CFB4FF47A6012F0BF
:100D600097F9FEF75DF8F4F72BFF0BE02E480068CB
:100D7000012807D1FBF75DFA4FF47A6012F088F989
:100D8000F4F7A0FB10BD10B5FCF7BFFF0020F2F791
:100D9000ABFB2548006801282DD1FBF74AFA4FF438
:100DA0007A6012F075F940F20910F3F7D1FC0020D7
:100DB0001649086019E006E0012012F069F9EFF722
:100DC00051FE00B90BE013490968134A1268881AEA
:100DD000002801DB014600E041420A29ECDC00BFAB
:100DE0000A480068401C0949086008480068322821
:100DF000E1DBFFF71EFC10BD2C02002030020020BA
:100E0000340200203802002000006144DC0300208E
:100E10009C000020BC0000202C040020A400002026
:100E2000A80100200040CE44E8000020EC00002093
:100E3000F0000020CDCC4C3F000061C40000024017
:100E40003333333F0004024010B54FF46171484220
:100E5000F4F72CF9FE480068002843D1FD480068EB
:100E600000283FD1FC480068D8BB40F20910F3F7D6
:100E70006FFC1FED101A5FED1C0A12201FED120A05
:100E8000F2F75FFC0020F549086020E006E0EFF78C
:100E9000E9FD00B915E0012012F0FAF84FF4807175
:100EA000EF480EF0F5FE0028F1D0EE480068EE495C
:100EB0000968441A002C01DB204600E06042142837
:100EC000E5DC00BFE5480068401CE4490860E348F1
:100ED000006840F20E618842D8DB0020F2F704FB84
:100EE00006E0FFE7DB480068012801D1FFF7F4FCCA
:100EF0000020F2F7F9FA10BD0EB5DC480068B8B969
:100F0000DB480068A0B9DB48006888B9DA480068A7
:100F100070B94FF4E1600021421041F27C53CDE9F9
:100F20000021029040F252324110F4F767F872E06B
:100F3000CE480068012817D1CD480068A0B9CD4837
:100F4000006888B9CC48006870B94FF4E1600021AE
:100F5000421041F27C53CDE90021029040F2AA52A6
:100F60004110F4F74BF856E0C0480068012818D14A
:100F7000BF480068012814D1BE48006888B9BE483F
:100F8000006870B94FF4E1600021421041F27C53D7
:100F9000CDE90021029040F2AA524110F4F72EF858
:100FA00039E0B2480068012818D1B148006801282A
:100FB00014D1B0480068012810D1AF48006868B962
:100FC0004FF4E1600021421041F27C53CDE9002151
:100FD000029082104110F4F711F81CE0A348006859
:100FE000012818D1A2480068012814D1A14800683E
:100FF000012810D1A048006801280CD14FF4E1600D
:101000000021421041F27C53CDE900210290821070
:101010004110F3F7F3FF0020F2F766FAF3F78AFBCB
:1010200096480068FA309649086096480068FA3099
:101030008D49086000208949086019E006E0012018
:1010400012F026F8EFF70EFD00B90BE085490968AC
:10105000854A1268881A002801DB014600E04142F7
:101060006429ECDC00BF7D480068401C7B490860B7
:101070007A480068FA28E1DB75480068002862D1E8
:101080007448006800285ED17348006800285AD16F
:101090001FED981A5FEDA40A0F201FED990AF2F7D1
:1010A00050FB00206D49086014E006E0EFF7DAFC21
:1010B00000B909E0012011F0EBFF4FF4807168489E
:1010C0000EF0E6FD0128F1D000BF64480068401C26
:1010D000624908606148006840F20E618842E4DBC2
:1010E0001FEDAC1A5FEDB80A08201FEDAD0AF2F74C
:1010F00028FB0020594908601BE006E0EFF7B2FC2E
:1011000000B910E0012011F0C3FF4FF48071544882
:101110000EF0BEFD0128F1D04FF4805150480EF082
:10112000B7FD0028EAD000BF4C480068401C4B497E
:1011300008604A48006840F20E618842DDDB00200A
:10114000F2F7D2F913E042480068012802D1FCF717
:1011500029FA0CE040480068012802D1FEF780FE21
:1011600005E03C480068012801D1F5F759FF00204F
:10117000F2F7BAF90EBD0EB53C480068B8B93C4864
:101180000068A0B93B48006888B93B48006870B95E
:101190004FF4E1600021421041F27C53CDE900217F
:1011A000029040F252324110F3F728FF8FE02F48AF
:1011B0000068012817D12E480068A0B92D480068A2
:1011C00088B92D48006870B94FF4E16000214210E1
:1011D00041F27C53CDE90021029040F2AA52411025
:1011E000F3F70CFF73E021480068012818D120486C
:1011F0000068012814D11F48006888B91E4800689B
:1012000070B94FF4E1600021421041F27C53CDE906
:101210000021029040F2AA524110F3F7EFFE56E08F
:1012200012480068012835D111480068012831D1E1
:101230001048006801282DD10F48006850BB4FF4BA
:10124000E1600021421041F27C53CDE900211BE016
:10125000E8000020EC000020F0000020DC0300206B
:1012600000000240BC0000202C0400202C020020C2
:101270003002002034020020380200201804002030
:101280002004002024040020029082104110F3F773
:10129000B5FE1CE0F7480068012818D1F648006840
:1012A000012814D1F5480068012810D1F4480068DD
:1012B00001280CD14FF4E1600021421041F27C532F
:1012C000CDE90021029082104110F3F797FE002033
:1012D000F2F70AF940F20910F3F73AFA0020E94967
:1012E000086019E006E0012011F0D2FEEFF7BAFB2A
:1012F00000B90BE0E4490968E44A1268881A00283A
:1013000001DB014600E041421429ECDC00BFDD486E
:101310000068401CDB490860DA480068FA28E1DB15
:10132000DB480068002861D1DA48006800285DD1F8
:10133000D9480068002859D19FEDD81ADFEDD80AA6
:101340000F209FEDD80AF2F7FCF90020CD49086084
:1013500014E006E0EFF786FB00B909E0012011F088
:1013600097FE4FF48071D0480EF092FC0028F1D027
:1013700000BFC4480068401CC2490860C1480068FA
:1013800040F20E618842E4DB9FEDC41ADFEDC40A2F
:1013900008209FEDC40AF2F7D4F90020B94908608B
:1013A0001AE006E0EFF75EFB00B90FE0012011F054
:1013B0006FFE4021BD480EF06BFC0028F2D04FF4C8
:1013C0008071B9480EF064FC0028EBD000BFAD4836
:1013D0000068401CAB490860AA48006840F20E61F2
:1013E0008842DEDB0020F2F77FF813E0A8480068AF
:1013F000012802D1F3F7B1FA0CE0A64800680128F1
:1014000002D1F5F72FF805E0A3480068012801D1C3
:10141000F4F7AAFE0020F2F767F80EBD0EB5954866
:101420000068B8B994480068A0B99448006888B9C1
:101430009348006870B94FF4E1600021421041F216
:101440007C53CDE90021029040F252324110F3F773
:10145000DAFF72E087480068012817D186480068E3
:10146000A0B98648006888B98548006870B94FF40B
:10147000E1600021421041F27C53CDE9002102904D
:1014800040F2AA524110F3F7BEFF56E079480068D7
:10149000012818D178480068012814D177480068DD
:1014A00088B97748006870B94FF4E16000214210B4
:1014B00041F27C53CDE90021029040F2AA52411042
:1014C000F3F7A1FF39E06B480068012818D16A489A
:1014D0000068012814D169480068012810D16848C3
:1014E000006868B94FF4E1600021421041F27C537A
:1014F000CDE90021029082104110F3F784FF1CE037
:101500005C480068012818D15B480068012814D1A4
:101510005A480068012810D15948006801280CD1A8
:101520004FF4E1600021421041F27C53CDE90021EB
:10153000029082104110F3F766FF0020F1F7D4FF0C
:1015400040F20910F3F704F900204E49086019E051
:1015500006E0012011F09CFDEFF784FA00B90BE0E2
:1015600049490968494A1268881A002801DB01467E
:1015700000E041421429ECDC00BF42480068401CF6
:10158000404908603F480068FA28E1DB40480068AD
:1015900000285DD13F480068002859D13E480068C6
:1015A00090BB9FED431ADFED3E0A0F209FED3D0AF1
:1015B000F2F7C7F800203349086014E006E0012084
:1015C00011F066FDEFF74EFA00B906E04FF48071B6
:1015D00035480EF05DFB0028F1D000BF29480068B7
:1015E000401C2849086027480068FA28E6DB9FED80
:1015F0002B1ADFED2B0A08209FED2A0AF2F7A1F83B
:101600000020204908601BE022E006E0012011F0E4
:101610003FFDEFF727FA00B90CE0402123480EF018
:1016200037FB0028F2D04FF480711F480EF030FBDA
:101630000028EBD000BF13480068401C1149086027
:1016400010480068FA28E0DB0020F1F74DFF0CE0BD
:101650000F480068012802D1FEF7EBFF05E00D48B6
:101660000068012801D1FFF737F90020F1F73CFFAE
:101670000EBD00002C0200203002002034020020A9
:1016800038020020DC030020BC0000202C040020D5
:10169000E8000020EC000020F00000203333333F4E
:1016A00000006144000061C40000024000040240E8
:1016B000CDCC4C3F0EB5F6480068B8B9F548006887
:1016C000A0B9F548006888B9F448006870B94FF4CB
:1016D000E1600021421041F27C53CDE900210290EB
:1016E00040F252324110F3F789FC72E0E84800689A
:1016F000012817D1E7480068A0B9E748006888B911
:10170000E648006870B94FF4E1600021421041F2F0
:101710007C53CDE90021029040F2AA524110F3F728
:101720006DFC56E0DA480068012818D1D9480068F5
:10173000012814D1D848006888B9D848006870B921
:101740004FF4E1600021421041F27C53CDE90021C9
:10175000029040F2AA524110F3F750FC39E0CC4815
:101760000068012818D1CB480068012814D1CA4864
:101770000068012810D1C948006868B94FF4E160D9
:101780000021421041F27C53CDE9002102908210E9
:101790004110F3F733FC1CE0BD480068012818D164
:1017A000BC480068012814D1BB480068012810D14A
:1017B000BA48006801280CD14FF4E16000214210C2
:1017C00041F27C53CDE90021029082104110F3F7E1
:1017D00015FC0020F1F788FE40F20910F2F7B8FF7F
:1017E0000020AF49086019E006E0012011F050FC2C
:1017F000EFF738F900B90BE0AA490968AA4A12685C
:10180000881A002801DB014600E041421429ECDC83
:1018100000BFA3480068401CA1490860A0480068B8
:10182000FA28E1DBA148006888BBA148006870BBCA
:10183000A048006858BB1FED621A5FED670A0C20D4
:101840001FED680AF1F77DFF00209549086014E05C
:1018500006E0EFF707F900B909E0012011F018FCE4
:101860004FF4807194480EF013FA0028F1D000BFB5
:101870008B480068401C8A4908608948006840F22B
:101880000E618842E4DB0020F1F72EFE0DE0FFE759
:1018900087480068012802D1F4F7E4FD05E0854897
:1018A0000068012801D1F4F75FFC0020F1F71CFE6D
:1018B0000EBD0EB576480068B8B976480068A0B984
:1018C0007548006888B97548006870B94FF4E160E0
:1018D0000021421041F27C53CDE90021029040F2F8
:1018E00052324110F3F78FFD72E069480068012819
:1018F00017D168480068A0B96748006888B9674888
:10190000006870B94FF4E1600021421041F27C534D
:10191000CDE90021029040F2AA524110F3F773FD85
:1019200056E05B480068012818D15A480068012831
:1019300014D15948006888B95848006870B94FF404
:10194000E1600021421041F27C53CDE90021029078
:1019500040F2AA524110F3F756FD39E04C480068B6
:10196000012818D14B480068012814D14A48006862
:10197000012810D14948006868B94FF4E16000219E
:10198000421041F27C53CDE90021029082104110B7
:10199000F3F739FD1CE03E480068012818D13D48A6
:1019A0000068012814D13C480068012810D13B4848
:1019B000006801280CD14FF4E1600021421041F28F
:1019C0007C53CDE90021029082104110F3F71BFDFA
:1019D0000020F1F789FD40F20910F2F7B9FE00206E
:1019E0002F49086019E006E0012011F051FBEFF7E4
:1019F00039F800B90BE02B4909682B4A1268881A9C
:101A0000002801DB014600E041421429ECDC00BF64
:101A100023480068401C2249086021480068FA28D1
:101A2000E1DB2248006888BB2148006870BB214880
:101A3000006858BB1FEDE21A5FEDE70A0C201FEDAE
:101A4000E70AF1F77EFE00201549086014E006E081
:101A5000EFF708F800B909E0012011F019FB4FF485
:101A6000807115480EF014F90028F1D000BF0C4821
:101A70000068401C0A4908600948006840F20E618D
:101A80008842E4DB0020F1F72FFD1DE016E00000A6
:101A90002C020020300200203402002038020020F6
:101AA000DC030020BC0000202C040020E800002003
:101AB000EC000020F000002000000240FE4800681A
:101AC000012801D1FEF708FF0020F1F70DFD0EBD42
:101AD0000EB5FA480068C0B9F9480068A8B9F948D5
:101AE000006890B9F848006878B90020F7494FF4C9
:101AF000617241F27C53CDE90021029040F25232F2
:101B00004FF46171F3F77FFC74E0EC480068012842
:101B100018D1EB480068A8B9EA48006890B9EA48CB
:101B2000006878B90020E9494FF4617241F27C53B2
:101B3000CDE90021029040F2AA524FF46171F3F70F
:101B400062FC57E0DD480068012819D1DC480068D4
:101B5000012815D1DB48006890B9DB48006878B9E6
:101B60000020DA494FF4617241F27C53CDE9002143
:101B7000029040F2AA524FF46171F3F744FC39E04D
:101B8000CE480068012818D1CD480068012814D13A
:101B9000CC480068012810D1CB48006868B9002003
:101BA000CA494FF4617241F27C53CDE900210290A1
:101BB00052105100F3F727FC1CE0C04800680128D0
:101BC00018D1BF480068012814D1BE480068012818
:101BD00010D1BD48006801280CD10020BB494FF44A
:101BE000617241F27C53CDE9002102905210510004
:101BF000F3F709FC0020F1F777FCF2F794FDB44805
:101C00000068FA30B3490860B3480068FA30B34955
:101C100008600020B249086019E006E0012011F0D8
:101C200037FAEEF71FFF00B90BE0AE490968AB4A7F
:101C30001268881A002801DB014600E0414264294D
:101C4000ECDC00BFA6480068401CA5490860A44819
:101C50000068FA28E1DBA448006800287DD1964896
:101C60000068002879D1A148006800287ED19FED46
:101C7000A01ADFEDA00A0F209FED9F0AF1F761FD8A
:101C800000209749086014E006E0EEF7EBFE00B98B
:101C900009E0012011F0FCF94FF4807197480DF034
:101CA000F7FF0128F1D000BF8D480068401C8C4927
:101CB00008608B48006840F20E618842E4DB9FEDCB
:101CC0008C1ADFED8C0A08209FED8B0AF1F739FDA5
:101CD00000208349086019E006E0012011F0D8F9DE
:101CE000EEF7C0FE00B90BE07E4909687B4A126836
:101CF000881A002801DB014600E041420A29ECDC99
:101D000000BF77480068401C754908607448006847
:101D1000FA28E1DB0020724908601BE006E0EEF7DC
:101D2000A1FE00B910E0012011F0B2F94FF480716A
:101D300072480DF0ADFF0128F1D04FF480516F488B
:101D40000DF0A6FF0028EAD000BF65480068401CDF
:101D5000634908606248006800E007E040F20E61F5
:101D60008842DBDB0020F1F7BFFB0CE05E48006837
:101D7000012802D1FBF716FC05E05C480068012849
:101D800001D1FEF76DF80020F1F7AEFB0EBD0EB5E8
:101D90004A480068C0B94A480068A8B9494800687C
:101DA00090B94948006878B9002048494FF46172F9
:101DB00041F27C53CDE90021029040F252324FF4BF
:101DC0006171F3F720FB74E03C480068012818D1EA
:101DD0003B480068A8B93B48006890B93A48006899
:101DE00078B9002039494FF4617241F27C53CDE952
:101DF0000021029040F2AA524FF46171F3F703FB05
:101E000057E02E480068012819D12D4800680128A4
:101E100015D12C48006890B92B48006878B900208B
:101E20002A494FF4617241F27C53CDE900210290BE
:101E300040F2AA524FF46171F3F7E5FA39E01F4816
:101E40000068012818D11E480068012814D11D48D7
:101E50000068012810D11C48006868B900201B499F
:101E60004FF4617241F27C53CDE90021029052108F
:101E70005100F3F7C8FA1CE010480068012818D197
:101E80000F480068012814D10E480068012810D1BD
:101E90000D48006801280CD100200C494FF46172F4
:101EA00041F27C53CDE90021029052105100F3F72A
:101EB000AAFA002024E00000EC0000202C02002000
:101EC000300200203402002038020020F8F8FFFF22
:101ED0001804002020040020240400202C040020EA
:101EE000DC030020BC000020E8000020F0000020FF
:101EF000CDCC4C3F00006144000061C400000240B2
:101F0000F1F7F2FAF2F70FFCF8480068FA30F849F6
:101F10000860F8480068FA30F74908600020F7497F
:101F2000086019E006E0012011F0B2F8EEF79AFD22
:101F300000B90BE0F2490968EF4A1268881A0028D4
:101F400001DB014600E041426429ECDC00BFEB48C4
:101F50000068401CE9490860E8480068FA28E1DBAD
:101F6000E8480068A8BBE848006890BBE7480068FC
:101F700078BB9FEDE71A5FED210A0C201FED220AC6
:101F8000F1F7DFFB0020DD4908601BE006E0EEF71B
:101F900069FD00B910E0012011F07AF84FF480716A
:101FA000DC480DF075FE0128F1D04FF48051D9487E
:101FB0000DF06EFE0028EAD000BFD0480068401C3B
:101FC000CE490860CD48006840F20E618842DDDBF2
:101FD00014E0FFE7CB480068012802D1FBF7E2FAE2
:101FE0000CE0CA480068012802D1FDF739FF05E07E
:101FF000C5480068012801D1F5F712F80020F1F773
:1020000073FA0EBD0EB5C4480068C0B9C348006875
:10201000A8B9C348006890B9C248006878B90020E0
:10202000C1494FF4617241F27C53CDE90021029025
:1020300040F252324FF46171F3F7E5F974E0B648BB
:102040000068012818D1B5480068A8B9B4480068EC
:1020500090B9B448006878B90020B3494FF4617270
:1020600041F27C53CDE90021029040F2AA524FF494
:102070006171F3F7C8F957E0A7480068012819D142
:10208000A6480068012815D1A548006890B9A54860
:10209000006878B90020A4494FF4617241F27C5382
:1020A000CDE90021029040F2AA524FF46171F3F79A
:1020B000AAF939E098480068012818D197480068C3
:1020C000012814D196480068012810D1954800686D
:1020D00068B9002094494FF4617241F27C53CDE914
:1020E0000021029052105100F3F78DF91CE08A484C
:1020F0000068012818D189480068012814D188484F
:102100000068012810D18748006801280CD1002000
:1021100085494FF4617241F27C53CDE90021029070
:1021200052105100F3F76FF90020F1F7DDF9F2F7E3
:10213000FAFA6E480068FA306D4908606D48006828
:10214000FA306D49086000206C49086019E006E02B
:10215000012010F09DFFEEF785FC00B90BE0684907
:102160000968654A1268881A002801DB014600E008
:1021700041426429ECDC00BF60480068401C5F49B4
:1021800008605E480068FA28E1DB5E4800680028C5
:1021900061D15D48006800285DD15C480068002876
:1021A00059D19FED5B1A5FEDAD0A0F201FEDAE0A0E
:1021B000F1F7C7FA00205149086014E006E0EEF795
:1021C00051FC00B909E0012010F062FF4FF480716A
:1021D00050480DF05DFD0028F1D000BF4748006871
:1021E000401C464908604548006840F20E6188423C
:1021F000E4DB9FED471A5FEDC10A08201FEDC20A1C
:10220000F1F79FFA00203D4908601AE006E0EEF77A
:1022100029FC00B90FE0012010F03AFF40214348AB
:102220000DF036FD0028F2D04FF4807139480DF0E2
:102230002FFD0028EBD000BF30480068401C2F491C
:1022400008602E48006840F20E618842DEDB002004
:10225000F1F74AF90CE02B480068012802D1FBF79E
:102260008DFB05E029480068012801D1F5F712F936
:102270000020F1F739F90EBD0EB527480068C0B946
:1022800026480068A8B92648006890B92548006823
:1022900078B9002024494FF4617241F27C53CDE9B2
:1022A0000021029040F252324FF46171F2F7A6FE23
:1022B00097E01948006801283BD118480068B8BB6E
:1022C00017480068A0BB1748006888BB0020164963
:1022D0004FF4617241F27C53CDE90021029040F24B
:1022E000AA524FF46171F2F789FE7AE018040020D7
:1022F00020040020240400202C040020DC03002003
:10230000BC000020E8000020EC000020F0000020CD
:102310003333333F000002402C0200203002002003
:102320003402002038020020F8F8FFFF00040240C9
:10233000FFE7F8480068012819D1F748006801282C
:1023400015D1F648006890B9F548006878B90020C2
:10235000F4494FF4617241F27C53CDE900210290BF
:1023600040F2AA524FF46171F2F748FE39E0E948B1
:102370000068012818D1E8480068012814D1E7480E
:102380000068012810D1E648006868B90020E549D6
:102390004FF4617241F27C53CDE90021029052105A
:1023A0005100F2F72BFE1CE0DA480068012818D132
:1023B000D9480068012814D1D8480068012810D1F4
:1023C000D748006801280CD10020D6494FF461722B
:1023D00041F27C53CDE90021029052105100F2F7F6
:1023E0000DFE0020F1F780F840F20910F2F7B0F985
:1023F0000020CD49086019E006E0012010F048FEF9
:10240000EEF730FB00B90BE0C8490968C84A12680A
:10241000881A002801DB014600E041421429ECDC67
:1024200000BFC1480068401CBF490860BE48006842
:10243000FA28E1DBBF480068002861D1BE48006887
:1024400000285DD1BD480068002859D11FED501A01
:10245000DFEDBB0A0E209FEDBB0AF1F772F90020F9
:10246000B149086014E006E0EEF7FCFA00B909E0B3
:10247000012010F00DFE4FF48071B3480DF008FC00
:102480000028F1D000BFA8480068401CA649086099
:10249000A548006840F20E618842E4DB1FED641A33
:1024A000DFEDA70A08209FEDA70AF1F74AF90020FF
:1024B0009D4908601AE006E0EEF7D4FA00B90FE093
:1024C000012010F0E5FD4021A0480DF0E1FB0028BF
:1024D000F2D04FF480719C480DF0DAFB0028EBD06D
:1024E00000BF91480068401C8F4908608E48006812
:1024F00040F20E618842DEDB0020F0F7F5FF13E0CA
:102500008C480068012802D1F2F727FA0CE08A48CB
:102510000068012802D1F3F7A5FF05E087480068AD
:10252000012801D1F3F720FE0020F0F7DDFF0EBDFA
:102530000EB578480068C0B977480068A8B97748F0
:10254000006890B97648006878B9002075494FF462
:10255000617241F27C53CDE90021029040F2523287
:102560004FF46171F2F74AFD74E06A48006801288F
:1025700018D169480068A8B96848006890B96848E7
:10258000006878B9002067494FF4617241F27C53CA
:10259000CDE90021029040F2AA524FF46171F2F7A6
:1025A0002DFD57E05B480068012819D15A480068A2
:1025B000012815D15948006890B95948006878B980
:1025C000002058494FF4617241F27C53CDE900215B
:1025D000029040F2AA524FF46171F2F70FFD39E018
:1025E0004C480068012818D14B480068012814D1D4
:1025F0004A480068012810D14948006868B900209D
:1026000048494FF4617241F27C53CDE900210290B8
:1026100052105100F2F7F2FC1CE03E48006801281D
:1026200018D13D480068012814D13C4800680128B1
:1026300010D13B48006801280CD1002039494FF4E3
:10264000617241F27C53CDE9002102905210510099
:10265000F2F7D4FC0020F0F747FF40F20910F2F740
:1026600077F800203049086019E006E0012010F0FA
:102670000FFDEEF7F7F900B90BE02C4909682C4A79
:102680001268881A002801DB014600E04142142943
:10269000ECDC00BF24480068401C23490860224845
:1026A0000068FA28E1DB2348006888BB22480068FC
:1026B00070BB2248006858BB9FED251ADFED200A49
:1026C0000E209FED200AF1F73CF800201649086023
:1026D00014E006E0EEF7C6F900B909E0012010F0B9
:1026E000D7FC4FF4807118480DF0D2FA0028F1D0D1
:1026F00000BF0D480068401C0B4908600A4800688C
:1027000040F20E618842E4DB0020F0F7EDFE2EE09F
:1027100020E000002C0200203002002034020020C3
:1027200038020020F8F8FFFFDC030020BC00002086
:102730002C040020E8000020EC000020F000002025
:1027400000006144000061C4000002400004024037
:10275000CDCC4C3FF7480068012802D1F3F782FE48
:1027600005E0F5480068012801D1F3F7FDFC0020E1
:10277000F0F7BAFE0EBD0EB5F0480068C0B9F048DB
:102780000068A8B9EF48006890B9EF48006878B9C8
:102790000020EE494FF4617241F27C53CDE90021F3
:1027A000029040F252324FF46171F2F72CFE74E065
:1027B000E2480068012818D1E1480068A8B9E1485A
:1027C000006890B9E048006878B90020DF494FF40C
:1027D000617241F27C53CDE90021029040F2AA528D
:1027E0004FF46171F2F70FFE57E0D44800680128FA
:1027F00019D1D3480068012815D1D248006890B992
:10280000D148006878B90020D0494FF4617241F294
:102810007C53CDE90021029040F2AA524FF461713D
:10282000F2F7F1FD39E0C5480068012818D1C44825
:102830000068012814D1C3480068012810D1C2489B
:10284000006868B90020C1494FF4617241F27C53BD
:10285000CDE90021029052105100F2F7D4FD1CE0A6
:10286000B6480068012818D1B5480068012814D17D
:10287000B4480068012810D1B348006801280CD181
:102880000020B2494FF4617241F27C53CDE900213E
:10289000029052105100F2F7B6FD0020F0F724FE2E
:1028A00040F20910F1F754FF0020A949086019E02F
:1028B00006E0012010F0ECFBEEF7D4F800B90BE0D5
:1028C000A4490968A44A1268881A002801DB014655
:1028D00000E041421429ECDC00BF9D480068401C28
:1028E0009B4908609A480068FA28E1DB9B48006829
:1028F00070BB9048006858BB8F48006840BB1FED14
:102900006C1A5FED710A0E201FED720AF0F719FFC5
:1029100000208F49086014E006E0EEF7A3F800B944
:1029200009E0012010F0B4FB4FF480718C480DF0E9
:10293000AFF90028F1D000BF85480068401C8449E9
:1029400008608348006840F20E618842E4DB05E0DD
:1029500079480068012801D1F4F79CFD0020F0F7C8
:10296000C3FD0EBD704730B500201BE0002116E00E
:10297000002211E0AFF2130300EB801404EB4404D7
:10298000784D05EBC40401EB810505EBC10504EBB3
:10299000850444F82230521C0D2AEBDB491C1E2909
:1029A000E6DB401C1E28E1DB6F4C704BC3F80C4289
:1029B0006F4CC3F810426F4CC3F814426E4C694B15
:1029C000C3F83C4E6D4CC3F8404E6D4C6D4BC3F894
:1029D00010426D4CC3F814426C4C6D4BC3F8384434
:1029E0006C4CC3F83C44694CC3F840446A4C5D4BA2
:1029F0009C636A4CDC63684C1C64694C5C64674C87
:102A00009C64DC641C655C65654C9C65DC651C66CF
:102A10005C66644CDC66644C1C67644C9C67644C6C
:102A2000DC67C3F88440C3F89040624CC3F8884028
:102A3000C3F89440604CC3F8A440604CC3F8A8406D
:102A40005F4CC3F8B040C3F8B4405E4CC3F8BC4020
:102A50005D4CC3F8C040C3F8CC405C4CC3F8C840E0
:102A60005B4CC3F8EC465B4CC3F8F0465A4CC3F8D9
:102A7000F4465A4CC3F8F846594CC3F8FC46594C36
:102A8000C3F80047584CC3F80447564CC3F80847EE
:102A9000564CC3F80C47564CC3F81047554CC3F876
:102AA0001447554CC3F81847AFF6DB74C3F8104D04
:102AB000AFF62554C3F8144DAFF64304C3F8204DC8
:102AC000AFF6BF24C3F81C4DAFF29B54C3F82C4D96
:102AD000AFF25D34C3F8284D484C2A4BC3F8E440AC
:102AE000474CC3F8E840C3F8F040464CC3F8F44004
:102AF000454CC3F8FC40454CC3F8004130BD30B5EF
:102B0000024643480068884201DC002030BD41484D
:102B100000880844642490FBF4F504FB150083B29C
:102B200003EB83003C4C204404681460007910716E
:102B30000120EBE7EC000020F00000202C02002038
:102B4000300200203402002038020020F8F8FFFF95
:102B5000DC030020BC0000202C040020E800002042
:102B600000000240C80A002001FE0008B84700200B
:102B700021FE000841FE00087F7A0008E57E00087B
:102B8000EB7F0008101D0020C57C00081B8F00088B
:102B9000A8840020E18E000817CA000897CB00081F
:102BA00089E50008430D0108FD020108230301081F
:102BB000B1030108870D010853D5000879D5000835
:102BC00011D900086BDC00083DD90008FDDC0008C5
:102BD0005B6C0008B75E00082F730008E300010873
:102BE000F503010859670008DF040108130C010808
:102BF00015780008BF780008490E0108F90E010891
:102C0000771101081D140108B5160108B318010851
:102C1000B8020020BE020020CA0800200CB5012125
:102C20006846FFF76CFF08B900200CBD9DF8020054
:102C300048B99DF80300012805D1FE490860F9F75D
:102C4000F8FA0120F1E79DF8020050B99DF8030061
:102C5000022806D10120F8490860F9F760FB01203D
:102C6000E3E79DF8020050B99DF80300032806D160
:102C70000120F2490860F9F7CCFB0120D5E70020DC
:102C8000D3E71FB5EE48006800B91FBD66E0FFF747
:102C9000C5FF02A8EFF76BF800B963E06846EFF7ED
:102CA00054F8A8B39DF80A00022816D19DF80B002D
:102CB0000A2812D19DF80C0002280ED19DF80200BE
:102CC000022825D19DF803000A2821D19DF804008F
:102CD00001281DD1DB4908601AE09DF80A0003288D
:102CE00016D19DF80B000A2812D19DF80C0002287D
:102CF0000ED19DF8020003280AD19DF803000A288E
:102D000006D19DF80400032802D10120CE490860B5
:102D10009DF80A001E281DDA9DF80B001E2819DAFE
:102D20009DF80C000D2815DA9DF80A1001EB8111B1
:102D300001EB4101C54A02EBC1019DF80B2002EBFA
:102D4000820303EBC20201EB82019DF80C2051F8D3
:102D5000220080474FF47A7010F09AF9B848006862
:102D6000002894DC00BF0020B949087000BF8CE740
:102D700010B500244FF40041B6480CF089FF50B95B
:102D80004FF48061B3480CF083FF20B90120B249B1
:102D90000870641C02E00020AF4908704FF48051B5
:102DA000AC480CF075FF50B94FF48061AB480CF0A3
:102DB0006FFF20B90120AA490870641C02E00020BE
:102DC000A74908704FF48041A4480CF061FF50B946
:102DD0004FF480419F480CF05BFF20B90120A149CE
:102DE0000870641C02E000209E4908704FF40051F6
:102DF00098480CF04DFF50B94FF4006197480CF023
:102E000047FF20B9012098490870641C02E00020A7
:102E1000954908709548046010BD2DE9F0418E4831
:102E200000788F49097844188E4800788E490978CF
:102E3000451800277E1EFFF79BFF8D48006801287C
:102E400005D1002C03DD01278A48066826E0884862
:102E50000068022805D1002D03DD02278648066898
:102E60001CE0022C03D101278248066816E0022DDF
:102E700003D102278048066810E0002C03DD0127FB
:102E80007C4806680AE0002D03DD02277A480668C0
:102E900004E0002076490860BDE8F081701C68B34A
:102EA0007348076064207549086075480660754975
:102EB000096802461268881A002801DB014600E012
:102EC00041420A2914DD06E0012010F0E1F8EDF797
:102ED000C9FD00B90BE06B490968694A1268881A94
:102EE000002801DB014600E041420A29ECDC00BF7A
:102EF0005F480068012802D16349086002E00120B0
:102F00006249086000BFC7E72DE9F04152480078E8
:102F100053490978441853480078534909784518AB
:102F200000277E1EFFF724FF51480068012805D1C5
:102F3000002C03DD01274F48066826E04C48006856
:102F4000022805D1002D03DD02274B4806681CE04E
:102F5000022C03D101274748066816E0022D03D151
:102F600002274548066810E0002C03DD0127414890
:102F700006680AE0002D03DD02273F48066804E0EA
:102F800000203B490860BDE8F081701C80B13848E2
:102F90000760642039490860394806603448006891
:102FA000012802D13849086002E001203749086051
:102FB00000BFE8E73EB50446FFF7DAFEFFF7A4FFDF
:102FC000F1F7BFFB40F24F1031490860314908600A
:102FD00000203149086019E006E0012010F058F89F
:102FE000EDF740FD00B90BE02C490968294A126849
:102FF000881A002801DB014600E041423229ECDC5E
:1030000000BF25480068401C23490860224800682A
:103010009628E1DB0120342305224FF47A710090D9
:10302000BA20F4F7DBFCB6EE001ADFED1D0A2D2006
:1030300038E00000E8000020EC000020F000002054
:10304000B8020020A8020020AC020020C80A00201C
:10305000C10200200004024058020020000C02407F
:10306000590200205A0200205B0200205402002076
:10307000E404002060010020640100205C040020C2
:1030800038040020B00000206C01002068010020FE
:10309000200400202C040020DC030020BC000020C1
:1030A000000061449FEDF60AF0F74BFB0020F54964
:1030B000086012E006E005200FF0EAFFEDF7D2FC11
:1030C00000B904E0F0480068B0F5877FF3DC00BF8A
:1030D000EC480068401CEB490860EA48006840F290
:1030E00026218842E6DB41F288300FF0D1FF002034
:1030F000E449086012E006E005200FF0C9FFEDF793
:10310000B1FC00B904E0E0480068B0F5877FF3DB6C
:1031100000BFDC480068401CDA490860D9480068F4
:1031200040F226218842E6DB41F288300FF0B0FF02
:103130009FEDD61A5FED260A0C209FEDD10AF0F71D
:1031400000FB0020CF49086011E006E005200FF0E9
:103150009FFFEDF787FC00B903E0CD480068242805
:10316000F4DC00BFC7480068401CC6490860C54879
:10317000006840F226218842E7DBC6480068012843
:1031800074D10020BF4908601FE014E00A206FF0EE
:10319000770103222346CDE9002102904FF46172AA
:1031A00000212D20F5F7FDFA05200FF071FFEDF756
:1031B00059FC00B903E0B4480068E628E6DC00BF2B
:1031C000B0480068401CAF490860AE48006840F253
:1031D00026218842D9DB0020AA4908601EE013E0BE
:1031E0000A206FF0630101222346CDE900210290FD
:1031F0004FF461720021F5F7D4FA05200FF048FF73
:10320000EDF730FC00B903E09F480068BB28E7DC1D
:1032100000BF9C480068401C9A49086099480068B3
:1032200040F226218842DADB0020F0F75DF9002128
:10323000B6EE000A4FF45770F0F7DCF906E0012013
:103240000FF026FFEDF70EFC00B903E0F0F725F8CC
:103250000028F4D100BF0020F0F746F940F2C62064
:10326000F1F776FA0020874908601AE01DE006E0D1
:1032700001200FF00DFFEDF7F5FB00B90BE08649DB
:103280000968864A1268881A002801DB014600E0B6
:1032900041421E29ECDC00BF7A480068401C794995
:1032A0000860784800689628E1DB7A4800680228C0
:1032B00058D100207349086020E015E00A206FF023
:1032C0009501032204F14403CDE9002102904FF45B
:1032D000617200212D20F5F764FA05200FF0D8FE69
:1032E000EDF7C0FB00B903E067480068E628E5DCBD
:1032F00000BF64480068401C62490860614800687B
:1033000040F226218842D8DB00205E49086023E095
:1033100018E00A206FF07701012204F14403CDE99F
:10332000002102904FF461720021F5F73AFA4FF450
:10333000FE70F1F71FFA01200FF0AAFEEDF792FBE5
:1033400000B903E050480068BB28E2DC00BF4D48EC
:103350000068401C4B4908604A48006840F226213A
:103360008842D5DB0020F0F7BFF83EBD10B5FFF76F
:10337000FFFCFFF7C9FD4FF4FA70F1F7E9F948488F
:10338000C07F40F020004649C87710BD10B54548C1
:103390000068401C4349086041F270700FF078FEED
:1033A00010BD10B54FF480613F480CF071FC00284F
:1033B00065D14FF400413C480CF06AFC00285ED116
:1033C0003A48007800285AD16420394908603948C1
:1033D00000685F303849086000202A49086025E00D
:1033E00006E001200FF054FEEDF73CFB00B917E0BA
:1033F000324A1268304B1B68D11A002901DB0A4699
:1034000000E04A420A2AECDC2D4A12682D4B1B6868
:10341000D01A002801DB024600E042420A2AE0DC22
:1034200000BF18480068401C16490860154800682D
:103430003228D5DB00201349086011E006E00120A6
:103440000FF026FEEDF70EFB00B903E01E48008AE0
:103450007828F4DC00BF0B480068401C094908606C
:1034600008480068B0F57A7FE8DB0D48C07F40F07F
:1034700008000B49C87701200C49087092E025E04C
:10348000000061C4DC030020A0000020CDCC4C3F34
:1034900098000020E4020020BC0000202C04002042
:1034A00004000020CC02002000040240E8040020B8
:1034B00060040020AC01002044040020C000002073
:1034C000C4000020500400205E0800204FF48061FA
:1034D000F9480CF0DDFB002864D14FF48051F74827
:1034E0000CF0D6FB00285DD1F5480078002859D1B2
:1034F0006420F4490860F44800685F30F3490860CC
:103500000020F349086025E006E001200FF0C0FD2F
:10351000EDF7A8FA00B917E0EE4A1268EE4B1B6807
:10352000D11A002901DB0A4600E04A420A2AECDCF3
:10353000EA4A1268E54B1B68D01A002801DB0246F4
:1035400000E042420A2AE0DC00BFE1480068401C7B
:10355000DF490860DE4800683228D5DB0020DC49FE
:10356000086011E006E001200FF092FDEDF77AFA15
:1035700000B903E0DA48008A7828F4DC00BFD448B8
:103580000068401CD2490860D1480068B0F57A7FD5
:10359000E8DBD448C07F40F04000D249C877012022
:1035A000C74908704FF4FA600FF072FDFA20CE4957
:1035B0000860CE480068C8490860FA20C149086020
:1035C000C1480068C14908600020C149086025E081
:1035D00006E001200FF05CFDEDF744FA00B917E0BA
:1035E000BC4A1268BC4B1B68D11A002901DB0A4691
:1035F00000E04A420A2AECDCB84A1268B34B1B6866
:10360000D01A002801DB024600E042420A2AE0DC30
:1036100000BFAF480068401CAD490860AC48006876
:103620003228D5DB10BD10B54FF40061A2480CF074
:103630002FFB002865D14FF40051A0480CF028FB67
:1036400000285ED1AA48007800285AD164209D49FC
:1036500008609D4800685F389C49086000209C49CC
:10366000086025E006E001200FF012FDEDF7FAF901
:1036700000B917E0974A1268974B1B68D11A0029C6
:1036800001DB0A4600E04A420A2AECDC934A12684F
:103690008E4B1B68D01A002801DB024600E0424234
:1036A0000A2AE0DC00BF8A480068401C884908609C
:1036B000874800683228D5DB00208549086011E082
:1036C00006E001200FF0E4FCEDF7CCF900B903E0CF
:1036D0008348008A7828F4DC00BF7D480068401CDD
:1036E0007B4908607A480068B0F57A7FE8DB7D485E
:1036F000C07F40F004007B49C87701207C490870F6
:103700006BE04FF480416D480CF0C2FA002864D1A0
:103710004FF4804168480CF0BBFA00285DD1754831
:103720000078002859D164206F4908606F4800680C
:103730005F386949086000206549086025E006E0B7
:1037400001200FF0A5FCEDF78DF900B917E0614AF3
:103750001268614B1B68D11A002901DB0A4600E0A0
:103760004A420A2AECDC5D4A1268584B1B68D01AA0
:10377000002801DB024600E042420A2AE0DC00BFEA
:1037800053480068401C524908605148006832287C
:10379000D5DB00204E49086011E006E001200FF063
:1037A00077FCEDF75FF900B903E04D48008A78280F
:1037B000F4DC00BF46480068401C454908604448A6
:1037C0000068B0F57A7FE8DB4648C07F40F0100023
:1037D0004449C8770120474908704FF4FA600FF058
:1037E00057FCFA2040490860404800683A490860A0
:1037F000FA203449086034480068344908600020E1
:103800003349086025E006E001200FF041FCEDF7A8
:1038100029F900B917E02F4A12682F4B1B68D11AFB
:10382000002901DB0A4600E04A420A2AECDC2B4A66
:103830001268264B1B68D01A002801DB024600E004
:1038400042420A2AE0DC00BF21480068401C2049AF
:1038500008601F4800683228D5DB10BD10B5264827
:103860000068012802D1FFF7DEFE05E0234800686A
:10387000012801D1FFF795FD1A48C07F00F0DF0055
:103880001849C8770846C07F00F07F00C87708460F
:10389000C07F00F0F700C8770846C07F00F0BF0087
:1038A000C8770846C07F00F0EF00C8770846C07FA1
:1038B00000F0FB00C87710BD000C0240000402407D
:1038C000E904002064040020B0010020500400201E
:1038D000DC030020C000002044040020C4000020BD
:1038E0005E0800200400002060040020AC010020DD
:1038F000EB040020EA040020680100206C01002095
:103900002DE9F04706460F4690461C46354640F6E0
:10391000B83A4FF00009FE48C07F40F08000FC49F3
:10392000C8774FF4FA500FF0B3FB0020F949086054
:1039300038E02AE001200FF0ABFB09F10109D14585
:103940001FDDA5EB0805B5F5C87F01DA4FF4C87592
:103950002846F0F7FDFE06E001200FF099FBEDF799
:1039600081F800B90BE0EC490968EC4A1268881A42
:10397000002801DB014600E041420829ECDC00BFE1
:103980000AE0EDF76FF800B906E04FF40061E44893
:103990000CF07EF90128CDD000BFDE480068401C45
:1039A000DC490860DB48006840F226218842C0DB21
:1039B0009620DC490860DC4807600020D549086093
:1039C00019E006E001200FF063FBEDF74BF800B9BA
:1039D0000BE0D6490968D44A1268881A002801DB2E
:1039E000014600E041420829ECDC00BFC9480068FC
:1039F000401CC8490860C748006840F22621884238
:103A0000DFDB042C06D1C248C07F40F00400C0496F
:103A1000C87707E0022C05D1BD48C07F40F04000C8
:103A2000BB49C877BDE8F0872DE9F04706460F4649
:103A300090461C4635464FF4FA5A4FF00009B448F8
:103A4000C07F40F02000B249C87741F288300FF0C3
:103A50001FFB0020AF49086038E02AE001200FF08A
:103A600017FB09F10109D1451FDDA5EB0805B5F5E7
:103A7000C87F01DA4FF4C8752846F0F769FE06E002
:103A800001200FF005FBECF7EDFF00B90BE0A249B8
:103A90000968A24A1268881A002801DB014600E082
:103AA00041420829ECDC00BF0AE0ECF7DBFF00B97B
:103AB00006E04FF400419E480CF0EAF80128CDD012
:103AC00000BF94480068401C924908609148006813
:103AD00040F226218842C0DB96209649086096482D
:103AE000076000208B49086019E006E001200FF014
:103AF000CFFAECF7B7FF00B90BE0904909688E4A9E
:103B00001268881A002801DB014600E041420829BA
:103B1000ECDC00BF7F480068401C7E4908607D489F
:103B2000006840F226218842DFDB012C06D178486C
:103B3000C07F40F008007649C87707E0032C05D124
:103B40007348C07F40F010007149C877BDE8F08726
:103B500010B57B480068012875D1C10274480CF08B
:103B600097F8002845D14FF400516D480CF090F8BB
:103B700000283ED196206B49086040F2A1106A49A6
:103B8000086000206349086019E006E001200FF09A
:103B90007FFAECF767FF00B90BE064490968624AF5
:103BA0001268881A002801DB014600E041420F2913
:103BB000ECDC00BF57480068401C56490860554877
:103BC000006840F226218842DFDB042305224FF4FF
:103BD000A5714FF4FE70FFF793FE40F6B8300FF07A
:103BE00057FAFA204F490860564800684E49086065
:103BF0000AE14FF480414A480CF04AF80028F7D116
:103C00004FF480414A480CF043F80028F0D1962048
:103C10004849086040F2A1104749086000203D492A
:103C200008601AE006E001200FF032FAECF71AFF04
:103C300000B90CE0414909683F4A1268881A002817
:103C400002DB014601E022E041420F29EBDC00BF2C
:103C500030480068401C2F4908602E48006840F238
:103C600026218842DEDB032305224FF40C714FF43A
:103C7000FE70FFF7D9FE40F6B8300FF009FAFA20CF
:103C80002C490860304800682B490860BCE02F4888
:103C900000680128ACD1810221480BF0F9FFA8BBD4
:103CA0004FF400411E480BF0F3FF78BB96202149EA
:103CB00008604FF4EC702049086000201549086046
:103CC00019E006E001200FF0E3F9ECF7CBFE00B9B4
:103CD0000BE01A490968184A1268881A002801DBA3
:103CE000014600E041420F29ECDC00BF09480068B2
:103CF000401C084908600748006840F226218842B5
:103D0000DFDB012305224FF40C7121E030E00000DD
:103D100004000020DC030020BC0000202C04002054
:103D2000000402406404002050040020C40000206D
:103D3000000C02406004002044040020C000002069
:103D400068010020B0010020AC0100206C010020BF
:103D50004FF4FE70FFF768FE40F6B8300FF098F9A8
:103D6000FA20F9490860F9480068F94908604BE011
:103D70004FF48061F7480BF08BFFE8BB4FF48051A4
:103D8000F5480BF085FFB8BB9620F44908604FF466
:103D9000EC70F34908600020F249086019E006E081
:103DA00001200FF075F9ECF75DFE00B90BE0EE496C
:103DB0000968EB4A1268881A002801DB014600E016
:103DC00041420F29ECDC00BFE6480068401CE54991
:103DD0000860E448006840F226218842DFDB0223C5
:103DE00005224FF4A5714FF4FE70FFF789FD40F6F0
:103DF000B8300FF04DF900E006E0FA20D74908602E
:103E0000D2480068D64908600020D649086025E0FD
:103E100006E001200FF03CF9ECF724FE00B917E0B2
:103E2000D24A1268CA4B1B68D11A002901DB0A4624
:103E300000E04A42142AECDCCB4A1268C84B1B68EB
:103E4000D01A002801DB024600E04242142AE0DCDE
:103E500000BFC4480068401CC2490860C1480068EF
:103E60003228D5DBC248C07F00F0DF00C049C877E8
:103E70000846C07F00F07F00C8770020BD49086079
:103E8000BD49086010BD10B5BA480068012827D1A7
:103E9000BA480078012823D1B548C07F40F080009F
:103EA000B349C8770020AF49086014E006E001205C
:103EB0000FF0EEF8ECF7D6FD00B906E04FF4006124
:103EC000A5480BF0E5FE0128F1D000BFA548006829
:103ED000401CA4490860A34800683228E6DB82E061
:103EE000A5480068012827D1A5480078012823D1DA
:103EF0009F48C07F40F020009D49C8770020994925
:103F0000086014E006E001200FF0C2F8ECF7AAFD0B
:103F100000B906E04FF400418E480BF0B9FE0128CD
:103F2000F1D000BF8F480068401C8E4908608D4862
:103F300000683228E6DB56E08F480068012827D168
:103F400090480078012823D18948C07F40F0800044
:103F50008749C87700208349086014E006E0012003
:103F60000FF096F8ECF77EFD00B906E04FF4006123
:103F700079480BF08DFE0128F1D000BF7948006828
:103F8000401C78490860774800683228E6DB2AE060
:103F900078480068012826D17B480078012822D182
:103FA0007348C07F40F020007149C87700206D49F8
:103FB000086014E006E001200FF06AF8ECF752FD0B
:103FC00000B906E04FF4004162480BF061FE0128A1
:103FD000F1D000BF63480068401C62490860614836
:103FE00000683228E6DB10BD10B500205D4908608E
:103FF00011E006E001200FF04BF8ECF733FD00B9BB
:1040000003E06248008A7828F4DC00BF5548006865
:10401000401C5449086053480068B0F5FA7FE8DB5B
:1040200040F2C620F0F794FB4FF47A600FF030F8BE
:1040300010BD10B5FEF79CFEFEF7EFFE00204949CB
:10404000086011E006E001200FF022F8ECF70AFD0D
:1040500000B903E04D48008A7828F4DC00BF4148ED
:104060000068401C3F4908603E480068B0F57A7F10
:10407000E8DB4FF4FA600FF00BF8012044490860C8
:1040800008460068012849D14FF4AF70F0F772FB81
:1040900000203449086019E006E001200EF0F8FF26
:1040A000ECF7E0FC00B90BE03A4909683A4A1268BB
:1040B000881A002801DB014600E041423229ECDC8D
:1040C00000BF28480068401C264908602548006851
:1040D0009628E1DBFFF7D7FE4FF47A700EF0D8FF99
:1040E00000202049086011E006E001200EF0D0FF1A
:1040F000ECF7B8FC00B903E02448008A7828F4DC27
:1041000000BF18480068401C164908601548006840
:10411000B0F57A7FE8DB02201D4908601C48006882
:10412000022873D1FFF79AFB002012490860124958
:1041300008604FF47A700EF0ABFFFEF719FE002016
:10414000084908603CE0000060040020AC01002049
:1041500044040020000C02400004024064040020DB
:1041600050040020DC030020C4000020C000002018
:1041700004000020680100206C0100205B02002088
:1041800058020020590200205A0200205E08002038
:1041900050020020BC0000202C04002006E001207A
:1041A0000EF076FFECF75EFC00B903E0FE48008AF3
:1041B0007828F4DC00BFFD480068401CFB4908601B
:1041C000FA480068B0F57A7FE8DBFEF726FEFFF7D5
:1041D0005AFE0020F549086011E006E001200EF0CB
:1041E00057FFECF73FFC00B903E0EF48008A78285E
:1041F000F4DC00BFED480068401CEC490860EB4867
:1042000000686428E9DB0320E9490860E8480068A1
:10421000032833D1FFF722FB0020E6490860E64976
:1042200008604FF47A700EF033FFFEF7A1FD002016
:10423000DE49086011E006E001200EF029FFECF7EE
:1042400011FC00B903E0D848008A7828F4DC00BFEC
:10425000D6480068401CD5490860D4480068B0F5CD
:104260007A7FE8DBFEF7D9FD4FF47A700EF010FF8D
:104270000420CF4908600020EFF736F9CC480068E9
:10428000042804D1FFF7B0FE0520C9490860C848DA
:104290000068052874D10020C449086011E006E0D8
:1042A00001200EF0F5FEECF7DDFB00B903E0BE489F
:1042B000008A7828F4DC00BFBC480068401CBB4979
:1042C0000860BA480068B0F57A7FE8DB41F27070A8
:1042D0000EF0DEFE0020B54908601BE006E001207C
:1042E0000EF0D6FEECF7BEFB00B90DE04FF4007106
:1042F000B2480BF0CDFC0028F1D04FF40061AF487C
:104300000BF0C6FC0028EAD000BFA8480068401C9B
:10431000A6490860A548006840F226218842DDDBF6
:1043200041F270700EF0B4FE0020A049086011E068
:1043300006E001200EF0ACFEECF794FB00B903E0C0
:104340009F480068DC28F4DB00BF98480068401CE8
:10435000964908609548006840F226218842E7DBCC
:104360004FF4FE70F0F7F4F90020904908601AE06D
:1043700007E001200EF08CFEECF774FB08B90CE0AE
:1043800019E090490968904A1268881A002801DBF0
:10439000014600E041420F29EBDC00BF8348006882
:1043A000401C82490860814800689628E0DBFEF7DF
:1043B000DFFCFEF732FD10BD10B5FEF7D9FCFEF7AD
:1043C0002CFD00207949086011E006E001200EF084
:1043D0005FFEECF747FB00B903E07348008A7828DA
:1043E000F4DC00BF71480068401C704908606F48E9
:1043F0000068B0F57A7FE8DB4FF4FA600EF048FE13
:1044000001206B49086008460068012849D14FF433
:10441000AF70F0F7AFF900206449086019E006E0DA
:1044200001200EF035FEECF71DFB00B90BE06549ED
:104430000968654A1268881A002801DB014600E015
:1044400041423229ECDC00BF58480068401C574903
:104450000860564800689628E1DBFFF714FD4FF42A
:104460007A700EF015FE00205049086011E006E059
:1044700001200EF00DFEECF7F5FA00B903E04A4812
:10448000008A7828F4DC00BF48480068401C47498F
:10449000086046480068B0F57A7FE8DB02204449AE
:1044A000086043480068022848D1FFF7D7F9002088
:1044B00040490860404908604FF47A700EF0E8FD0A
:1044C000FEF756FC00203949086011E006E00120A3
:1044D0000EF0DEFDECF7C6FA00B903E03248008AC0
:1044E0007828F4DC00BF31480068401C2F49086080
:1044F0002E480068B0F57A7FE8DBFEF78EFCFFF708
:10450000C2FC00202949086011E006E001200EF0FD
:10451000BFFDECF7A7FA00B903E02348008A78282A
:10452000F4DC00BF21480068401C204908601F4897
:1045300000686428E9DB03201D4908601C48006806
:10454000032846D1FFF78AF900201A4908601A4962
:1045500008604FF47A700EF09BFDFEF709FC002016
:104560001249086011E006E001200EF091FDECF721
:1045700079FA00B903E00C48008A7828F4DC00BF1F
:104580000A480068401C0949086008480068B0F5FE
:104590007A7FE8DBFEF741FC4FF47A700EF078FD8D
:1045A00004200349086011E05E080020DC030020BD
:1045B00050020020680100206C0100200010024021
:1045C000A4000020BC0000202C0400200020EEF7F6
:1045D0008BFFFB480068042833D1FFF73FF9002028
:1045E000F8490860F84908604FF47A700EF050FD01
:1045F000FEF7BEFB0020F549086011E006E001204F
:104600000EF046FDECF72EFA00B903E0F048008A00
:104610007828F4DC00BFED480068401CEB490860D6
:10462000EA480068B0F57A7FE8DBFEF7F6FB4FF466
:104630007A700EF02DFD0520E14908600020EEF7AC
:1046400053FFDF480068052804D1FFF7CDFC0620A2
:10465000DB490860DA480068062874D10020DB498D
:10466000086011E006E001200EF012FDECF7FAF907
:1046700000B903E0D648008A7828F4DC00BFD348AC
:104680000068401CD1490860D0480068B0F57A7FC6
:10469000E8DB41F270700EF0FBFC0020CB490860B3
:1046A0001BE006E001200EF0F3FCECF7DBF900B9AB
:1046B0000DE04FF40071C7480BF0EAFA0028F1D082
:1046C0004FF40061C3480BF0E3FA0028EAD000BFC2
:1046D000BE480068401CBD490860BC48006840F204
:1046E00026218842DDDB41F270700EF0D1FC002003
:1046F000B649086011E006E001200EF0C9FCECF7B5
:10470000B1F900B903E0B4480068DC28F4DB00BF6D
:10471000AE480068401CAD490860AC48006840F2F3
:1047200026218842E7DB4FF4FE70F0F711F80020F5
:10473000A64908601AE007E001200EF0A9FCECF79A
:1047400091F908B90CE019E0A4490968A44A126873
:10475000881A002801DB014600E041420F29EBDC0A
:1047600000BF9A480068401C984908609748006854
:104770009628E0DBFEF7FCFAFEF74FFB10BD10B504
:10478000FEF7F6FAFEF749FB00209049086011E0B9
:1047900006E001200EF07CFCECF764F900B903E0C0
:1047A0008B48008A7828F4DC00BF88480068401CE9
:1047B0008649086085480068B0F57A7FE8DB4FF4E9
:1047C0007A700EF065FC01207D490860084600689B
:1047D000012849D14FF4AF70EFF7CCFF00207B499F
:1047E000086019E006E001200EF052FCECF73AF9FF
:1047F00000B90BE079490968794A1268881A0028DB
:1048000001DB014600E041423229ECDC00BF6F4889
:104810000068401C6D4908606C4800689628E1DB20
:10482000FFF731FB4FF47A700EF032FC002067493D
:10483000086011E006E001200EF02AFCECF712F906
:1048400000B903E06248008A7828F4DC00BF5F48C2
:104850000068401C5D4908605C480068B0F57A7FDC
:10486000E8DB0220564908605548006802282CD130
:10487000FEF7F4FF002053490860534908604FF4E5
:104880007A700EF005FCFEF773FA00204F490860BD
:1048900011E006E001200EF0FBFBECF7E3F800B9B5
:1048A00003E04B48008A7828F4DC00BF47480068E2
:1048B000401C4649086045480068B0F57A7FE8DB4F
:1048C000FEF7ABFA03203E4908603D480068032824
:1048D00004D1FFF789FB0420394908603848006893
:1048E00004286CD100203949086011E006E001205D
:1048F0000EF0CEFBECF7B6F800B903E03448008ABE
:104900007828F4DC00BF31480068401C2F4908605B
:104910002E480068B0F57A7FE8DB41F270700EF047
:10492000B7FB0020294908601BE006E001200EF0DB
:10493000AFFBECF797F800B90DE04FF40071254894
:104940000BF0A6F90028F1D04FF4006121480BF0DC
:104950009FF90028EAD000BF1C480068401C1B4992
:1049600008601A48006840F20E618842DDDB41F2BF
:1049700070700EF08DFB00201449086011E006E015
:1049800005200EF085FBECF76DF800B903E0124846
:104990000068DC28F4DB00BF0C480068401C0B49B1
:1049A00008600A48006840F226218842E7DB4FF49D
:1049B000FE70EFF7CDFE0020044908602CE038E0DF
:1049C00050020020680100206C010020DC03002060
:1049D0005E08002000100240A4000020BC0000205F
:1049E0002C04002006E001200EF052FBECF73AF810
:1049F00000B90BE0FB490968FB4A1268881A0028D5
:104A000001DB014600E041420A29ECDC00BFF74827
:104A10000068401CF5490860F44800689628E1DB0E
:104A2000FEF7A6F9FEF7F9F9FFF72DFA0620F0498F
:104A3000086010BD10B5FEF79BF9EE48006801282C
:104A400002D1FFF79CFE13E0EA480068022802D179
:104A5000FFF7EFFA0CE0E7480068032802D1FFF700
:104A6000E8FA05E0E3480068042801D1FFF7A4FC58
:104A700010BD10B5FEF77CF9DE480068012802D1B0
:104A8000FFF77DFE13E0DB480068022802D1FFF744
:104A9000D0FA0CE0D7480068032802D1FFF7C9FA22
:104AA00005E0D4480068042801D1FFF785FC10BD5B
:104AB0000EB5B6EE001ADFEDD00A06209FEDCF0A44
:104AC000EEF73FFE40F2DC500EF0E2FAFEF7A5F9F9
:104AD0000020C649086019E006E001200EF0D8FA6F
:104AE000EBF7C0FF00B90BE0C5490968C54A126879
:104AF000881A002801DB014600E041420529ECDC70
:104B000000BFBA480068401CB8490860B748006850
:104B10009628E1DB0020B54908601FE014E00A2078
:104B20006FF0C7010122B223CDE9002102904FF4BA
:104B3000617211460620F3F73EFD01200EF0A8FA3F
:104B4000EBF790FF00B903E0AF4800682F28E6DCE0
:104B500000BFA6480068401CA4490860A34800683C
:104B600040F226218842D9DB0020EEF7BDFC4FF44D
:104B70007A71B020F0F7DAFF0020EEF7B5FC0EBD39
:104B800070B504460D4600209849086011E006E023
:104B90000A200EF07DFAEBF765FF00B903E09A48B2
:104BA0000068A042F4DB00BF90480068401C8F49B9
:104BB00008608E480068A842E9DB70BD10B500208F
:104BC0008A49086011E006E001200EF061FAEBF777
:104BD00049FF00B903E08D480068C828F4DC00BF35
:104BE00082480068401C8149086080480068B0F530
:104BF0007A7FE8DB864890F8230040F00100844982
:104C000081F8230041F270700EF042FA00207749DB
:104C1000086011E006E001200EF03AFAEBF722FFFF
:104C200000B903E079480068C828F4DB00BF6F488A
:104C30000068401C6D4908606C480068B0F57A7FD8
:104C4000E8DB41F270700EF023FA01207149086030
:104C500008460068012815D1FA206F4908606F489E
:104C600000686F490860FA206E4908606E48006865
:104C70006E4908604FF47A717A20FFF781FF0220B5
:104C80006449086010BD70B5FEF772F86848007896
:104C900010B96848007808B3674B1868674C2468F7
:104CA000674D2D68631903EBD3746110644C24685D
:104CB000644D2D68631903EBD3746210884203DAE4
:104CC0000123614C237008E0904203DA02235E4C1A
:104CD000237002E003235C4C237027E05B480078DC
:104CE00010B95B48007808B3534B1868594C2468D6
:104CF000594D2D68631903EBD3746210564C246828
:104D0000564D2D68631903EBD3746110904203DA9A
:104D100001234D4C237008E0884203DA02234A4CF9
:104D2000237002E00323484C237000BF70BD10B510
:104D300000219FED4B0A40F26630EEF75BFC06E087
:104D400001200EF0A5F9EBF78DFE00B903E0EEF7B8
:104D5000A4FA0028F4D100BF0020EEF7C5FBFEF74F
:104D600007F8FEF75AF8FFF78EFF3148007810B9C0
:104D700030480078A8B33448007801280DD1642168
:104D80002E480068F9F7CEFD0020EEF7ADFB4FF49A
:104D90007A71B420F0F7CAFE9FE02B480078022811
:104DA0000DD1642126480068F9F7BCFD0020EEF71C
:104DB0009BFB4FF47A71B420F0F7B8FE8DE02248E7
:104DC000007803280CD164211E480068F9F7AAFD79
:104DD0000020EEF789FB4FF47A71B420F0F7A6FEBD
:104DE0007BE03FE0BC0000202C040020DC0300201E
:104DF0005002002054020020000061440000E14401
:104E0000B0000020380400209C000020A8000020F2
:104E100004000020E000002060040020AC0100201D
:104E20004404002064040020B0010020500400204D
:104E3000580200205B02002098000020FC010020A6
:104E400000020020040200205C0200205902002021
:104E50005A020020080200200C020020100200204C
:104E6000CDCC4C3EF748007810B9F748007810B325
:104E7000F648007801280DD16421F5480068F9F75B
:104E800051FD0020EEF730FB4FF47A71C120F0F7AE
:104E90004DFE22E0ED48007802280DD16421ED4856
:104EA0000068F9F73FFD0020EEF71EFB4FF47A7122
:104EB000B420F0F73BFE10E0E448007803280CD162
:104EC0006421E5480068F9F72DFD0020EEF70CFBA2
:104ED0004FF47A71B420F0F729FE0020EEF704FBBE
:104EE0004FF4FA70EFF734FC0020DC49086019E059
:104EF00006E001200EF0CCF8EBF7B4FD00B90BE0B2
:104F0000D7490968D74A1268881A002801DB014688
:104F100000E041420A29ECDC00BFD0480068401C98
:104F2000CE490860CD480068FA28E1DBFEF710FEA4
:104F300010BD10B5EDF76EF8C022CB49A820F9F7E7
:104F40008EFFFFF73BFEC9480068022801D1FDF73C
:104F500098FEC7480068012805D12320FEF72AF8EB
:104F60000220C3490860C2480068022809D1C1482C
:104F70000068012805D1FFF75DFD0320BC490860EA
:104F800061E0BB48006802285DD1BA480068022889
:104F900059D100211FED4E0A40F26630EEF72AFB90
:104FA00006E001200EF074F8EBF75CFD00B903E0B9
:104FB000EEF773F90028F4D100BF0020EEF794FA61
:104FC0006421AD480068F9F7ADFC0020EEF78CFADB
:104FD0004FF47A71B420F0F7A9FD0020EEF784FABF
:104FE000FEF7B6FD0020EEF77FFAA448006802281D
:104FF0000DD0B6EE001A5FED800A0C201FED810A7D
:10500000EEF79FFB41F658300EF042F80CE0B6EE9A
:10501000001A5FED870A0C201FED880AEEF791FB5E
:1050200040F6C4100EF034F80020EEF75DFA40F2BE
:10503000C620EFF79FFB642185480068F9F772FCF2
:1050400003208B4908600020EEF74EFA884800687C
:10505000032809D187480068012805D1FFF767FEBA
:105060000420834908600CE081480068032808D1C7
:1050700080480068022804D1FFF7FBFC04207C492B
:1050800008600020EEF730FA10BD10B54FF4004173
:105090007B480AF0FDFD48B94FF4806178480AF07A
:1050A000F7FD18B901207749086002E00020754932
:1050B00008604FF4805172480AF0EAFD48B94FF495
:1050C000806171480AF0E4FD18B901206F49086059
:1050D00002E000206D4908604FF480416A480AF000
:1050E000D7FD48B94FF4804165480AF0D1FD18B9A1
:1050F00001206749086002E00020654908604FF41C
:1051000000515F480AF0C4FD48B94FF400615E48A1
:105110000AF0BEFD18B901205E49086002E00020D7
:105120005C49086010BD10B5FFF7AFFFFDF7A9FDA2
:105130004F480068012805D12320FDF73BFF0220DE
:105140004B4908604A480068022809D1494800686C
:10515000012805D1FFF76EFC0320454908604EE0A9
:105160004348006802284AD142480068022846D1D4
:1051700000211FEDC50A4FF45C70EEF73BFA06E024
:1051800001200DF085FFEBF76DFC00B903E0EEF7B1
:1051900084F80028F4D100BF0020EEF7A5F96421BF
:1051A00035480068F9F7BEFB0020EEF79DF94FF493
:1051B0007A71B420F0F7BAFC0020EEF795F9FEF70B
:1051C000C7FC0020EEF790F9B6EE001A5FEDF60A84
:1051D0000C201FEDF60AEEF7B4FA41F658300DF048
:1051E00057FF0020EEF780F940F2C620EFF7C2FA31
:1051F00064212320F9F796FB03201D490860002055
:10520000EEF772F91A480068032809D119480068B6
:10521000012805D1FFF78BFD0420154908600CE03B
:1052200013480068032808D112480068022804D1F6
:10523000FFF71FFC04200E4908600020EEF754F928
:1052400010BD0000590200205A0200205C0200201C
:10525000080200200C02002010020020DC030020C5
:10526000BC0000202C0400207AF9FFFFE0000020A1
:1052700040020020E402002000020020EC02002096
:105280000004024030020020000C024034020020E2
:10529000380200202C020020F848006801280DD1B7
:1052A000F748007818B10120F64908601BE0F6487D
:1052B0000078C0B10220F349086014E0EF480068AC
:1052C00002280DD1F148007818B10320ED4908609B
:1052D00009E0EF48007830B10420EA49086002E0B4
:1052E0000020E84908607047FEB50446FDF740FD20
:1052F000FDF70AFEFFF7D0FFE2480068012803D05F
:10530000E0480068042801D1012000E000200546A3
:10531000DC480068022803D0DA480068032801D17D
:10532000012000E000200646B7EE081ADFEDD90A9A
:105330002D209FEDD80AEEF704FA0020D649086028
:1053400011E006E001200DF0A3FEEBF78BFB00B9A6
:1053500003E0D2480068F028F4DB00BFCE480068C4
:10536000401CCD490860CC48006840F226218842A4
:10537000E7DBB7EE081ADFEDCA0A1E209FEDC90A67
:10538000EEF7DFF906E001200DF082FEEBF76AFB95
:1053900000B904E0C4480068B0F5577FF3DB00BFF4
:1053A0000020BD4908601FE014E00A206FF095015D
:1053B00003222346CDE9002102904FF461720021BF
:1053C0001420F3F7EEF905200DF062FEEBF74AFB2F
:1053D00000B903E0B5480068FA28E6DC00BFAE4833
:1053E0000068401CAC490860AB48006840F22621C8
:1053F0008842D9DB6DB30020A749086022E017E09E
:105400000A206FF0770101222346CDE900210290A6
:105410004FF461720021F3F7C4F94FF4FA70EFF71B
:10542000A0F901200DF034FEEBF71CFB00B903E0FE
:105430009E480068B928E3DC00BF97480068401C1C
:10544000954908609448006840F226218842D6DBDE
:105450002DE066B300209049086022E017E00A20A2
:105460006FF0770101222346CDE9002102904FF42D
:1054700061720021F3F795F94FF4FA70EFF771F9C3
:1054800001200DF005FEEBF7EDFA00B903E08748C7
:105490000068C628E3DC00BF7F480068401C7E49E6
:1054A00008607D48006840F226218842D6DB002053
:1054B000EEF71AF8FEBDFEB50446FDF759FCFDF700
:1054C00023FDFFF7E9FE6F480068012803D06D480F
:1054D0000068042801D1012000E000200546694849
:1054E0000068022803D067480068032801D1012022
:1054F00000E000200646B7EE081ADFED660A2D2010
:10550000B2EE040AEEF71DF900206349086011E0CD
:1055100006E001200DF0BCFDEBF7A4FA00B903E0B2
:105520005E480068D228F4DB00BF5B480068401C7E
:10553000594908605848006840F226218842E7DB54
:10554000B7EE081ADFED530A1E209FED590AEEF759
:10555000F8F842F210700DF09BFDB7EE081ADFED7F
:10556000500A19209FED4F0AEEF7EBF806E00120F4
:105570000DF08EFDEBF776FA00B904E04A480068BA
:10558000B0F5577FF3DB00BF0020434908601FE000
:1055900014E00A206FF0F90103222346CDE900212F
:1055A00002904FF4617200211420F3F7FAF80520FD
:1055B0000DF06EFDEBF756FA00B903E03B480068CA
:1055C000FA28E6DC00BF34480068401C3249086015
:1055D0003148006840F226218842D9DB00202E495C
:1055E000086022E017E00A206FF0950101222346AF
:1055F000CDE9002102904FF461720021F3F7D1F858
:105600004FF4FA70EFF7ADF801200DF041FDEBF724
:1056100029FA00B903E025480068B928E3DC00BF97
:105620001D480068401C1C4908601B48006840F287
:1056300026218842D6DB0020EDF756FFFEBDFEB5E1
:105640000446FDF795FBFDF75FFCFFF725FE0D48CF
:105650000068012803D00B480068042801D101200C
:1056600000E00020054607480068022803D00548EE
:10567000006803281ED101201DE00000E404002082
:1056800058020020BC010020590200205A020020CC
:105690005B02002000000000DC03002098000020D6
:1056A000000061440000C84290030020A0000020D8
:1056B0000000484400200646B7EE081A5FED0B0ACA
:1056C0002D20B2EE040AEEF73CF80020FE490860F7
:1056D00011E006E001200DF0DBFCEBF7C3F900B9A7
:1056E00003E0FA480068D228F4DB00BFF6480068FF
:1056F000401CF5490860F448006840F226218842C1
:10570000E7DBB7EE081A5FED1D0A1E201FED180A31
:10571000EEF717F844F268200DF0BAFCB7EE081A5D
:105720005FED210A19201FED210AEEF70AF806E0C5
:1057300001200DF0ADFCEBF795F900B904E0E44869
:105740000068B0F5577FF3DB00BF0020DE4908603A
:105750001FE014E00A206FF0F90103222346CDE98F
:10576000002102904FF4617200211420F3F719F820
:1057700005200DF08DFCEBF775F900B903E0D54875
:105780000068FA28E6DC00BFCF480068401CCE491C
:105790000860CD48006840F226218842D9DB00200D
:1057A000C949086022E017E00A206FF09501012244
:1057B0002346CDE9002102904FF461720021F2F7F7
:1057C000F0FF4FF4FA70EEF7CCFF01200DF060FC13
:1057D000EBF748F900B903E0BE480068B928E3DCFC
:1057E00000BFB9480068401CB7490860B648006867
:1057F00040F226218842D6DB0020EDF775FEFEBD83
:1058000070B5FDF7B5FAFDF77FFBFFF745FDB24830
:105810000068012803D0B0480068042801D10120A5
:1058200000E000200546AC480068022803D0AA48E2
:105830000068032801D1012000E000200646A748A7
:105840000068032803DDA5480068C01E01E0A348E6
:1058500000680446012C04D11DB13220FFF744FD3D
:1058600023E0012C04D11EB10520FFF73DFD1CE013
:10587000022C04D11DB16A20FFF71DFE15E0022C99
:1058800004D11EB13B20FFF716FE0EE0032C04D11D
:105890001DB19C20FFF7D3FE07E0032C04D11EB1FD
:1058A0007320FFF7CCFE00E070BD8C480068032831
:1058B0001FDCFFF73CFAB6EE001A5FED870A0C20FA
:1058C0009FED870AEDF73DFF41F288300DF0E0FBD8
:1058D0000020EDF709FE64212320F9F723F840F2B8
:1058E000C620EEF747FF0020EDF7FEFDFFF7A2F818
:1058F00009E07A480068042805DB40F2C620EEF78C
:1059000039FFFFF797F800BFCEE72DE9F0410446D5
:105910000D4600206C4908603DE02CE06B480068B3
:10592000071B192205213846F2F728F80646674872
:105930000068001B002809DDB6EE001A5FEDAB0A17
:1059400030469FED670AEDF7FCFE10E05F48006807
:10595000001B09D5B6EE001A5FEDB20A30461FED06
:10596000B30AEDF7EEFE02E00020EDF7BDFDEBF728
:1059700079F800B909E055490968081B002801DBDE
:10598000014600E041420129C8DC00BF4E480068E2
:10599000401C4D4908604C480068A842BDDBBDE88A
:1059A000F0812DE9F04104460D460020464908608B
:1059B0003BE02AE04B480068071B3846F0F79CF8AC
:1059C000064648480068001B002809DDB6EE001AAC
:1059D0005FEDD00A30461FEDCE0AEDF7B2FE10E0C3
:1059E00040480068001B09D5B6EE001A5FEDD70AE3
:1059F00030469FED3D0AEDF7A4FE02E00020EDF7F2
:105A000073FDEBF72FF800B909E036490968081B68
:105A1000002801DB014600E041420129CADC00BF49
:105A200029480068401C2849086027480068A842A7
:105A3000BFDBBDE8F08110B52C480068012803D019
:105A40002A480068042804D1C821D120FFF7A9FF03
:105A500019E026480068022803D024480068052879
:105A600004D1C821FC20FFF79CFF0CE01F48006810
:105A7000032803D01D480068062804D1C82140F23D
:105A80002B10FFF78EFF0020EDF72EFD1748006862
:105A9000012807D015480068022803D01348006881
:105AA000032842D14FF4FE70EEF752FE4FF47A71A4
:105AB0000620FFF72AFF0020EDF716FD0C480068CE
:105AC00020BB0C48006817E0DC0300209800002091
:105AD00090030020A0000020BC010020CC02002088
:105AE0000000E144A4000020000061C4D8020020AE
:105AF0002C0200203002002040B9042305224FF47C
:105B0000A5714FF4FE70FDF7FBFE0EE0FC48006847
:105B100001280AD1FB48006838B9012305224FF457
:105B20000C714FF4FE70FDF77FFFF7480068042802
:105B300007D0F5480068052803D0F3480068062818
:105B400018D10021B7EE000AF048EDF753FD06E04A
:105B500001200DF09DFAEAF785FF00B903E0EDF7AB
:105B60009CFB0028F4D100BF40F2C620EEF7F0FD08
:105B7000FEF760FF10BD0146081E01DB024600E093
:105B8000424200EE102AF8EEC01A9FEDE11AB2EE82
:105B9000002AF0EE410A42EE210ABDEEE01A11EEB3
:105BA000100A704770B5DB480068FFF7E4FF044651
:105BB000D8480068552821DA12214FF46170EDF7BA
:105BC000B6FDECF7D4FC06E005200DF061FAEAF72B
:105BD00049FF00B911E0EAF77BFF0646EAF74BFF01
:105BE000051E01DB284600E06842002E01DB31463D
:105BF00000E071420844A042E6DB28E0C5480068A6
:105C0000662821DD1221C1481438EDF790FDECF72C
:105C1000AEFC06E005200DF03BFAEAF723FF00B9E1
:105C200011E0EAF7A9FF0646EAF77CFF051E01DB53
:105C3000284600E06842002E01DB314600E0714258
:105C40000844A042E6DB02E00020EDF74DFC70BD09
:105C500010B5FFF71AFA4FF4AF70EEF779FDB6EE14
:105C6000001ADFEDAD0A2D201FED630AEDF769FD87
:105C70000020AA49086012E006E001200DF008FAB1
:105C8000EAF7F0FE00B904E0A5480068B0F5827FAD
:105C9000F3DB00BFA1480068401CA04908609F4892
:105CA000006840F226218842E6DB0A20EDF71CFC62
:105CB00000209A49086006E0FFF774FF97480068E3
:105CC000401C964908609548006841F28831884236
:105CD000F2DB4FF4C870EEF73BFD8948006878B9F5
:105CE0008848006860B98F48C07F40F004008D4943
:105CF000C877FA208C490860B4208C4908601BE002
:105D00007F480068012817D17E480068A0B9DC20D0
:105D10008749086087480068C01C87490860814837
:105D2000C07F40F008007F49C877F02083490860B1
:105D300040F2C62082490860B6EE001ADFED760A0E
:105D40001E201FED990AEDF7FCFC00207349086046
:105D500011E006E001200DF09BF9EAF783FE00B99F
:105D600003E0784800688228F4DC00BF6B480068D4
:105D7000401C6A4908606948006840F22621884250
:105D8000E7DB00206549086006E0FFF70BFF63488A
:105D90000068401C614908606048006841F2883131
:105DA0008842F2DBB6EE001ADFED5B0A19201FED28
:105DB000B40AEDF7C6FC00205849086011E006E07F
:105DC00001200DF065F9EAF74DFE00B903E05D48EA
:105DD00000682328F4DC00BF50480068401C4F498D
:105DE00008604E48006840F226218842E7DBB6EEA4
:105DF000001ADFED490A0A201FEDC70AEDF7A1FCE2
:105E000000204649086011E006E001200DF040F94D
:105E1000EAF728FE00B903E04A4800680628F4DCE7
:105E200000BF3E480068401C3C4908603B48006891
:105E300040F226218842E7DB0020EDF755FB304891
:105E40000068E8BB2F480068D0BBF3F761F9FA207F
:105E5000354908603C4800680D303449086000202E
:105E60002E49086019E006E001200DF011F9EAF76B
:105E7000F9FD00B90BE0354909682C4A1268881A07
:105E8000002801DB014600E041421429ECDC00BFA0
:105E900022480068401C214908602048006840F200
:105EA00026218842DFDB4FF47A700DF0F1F81D48AF
:105EB000C07F00F0FB001B49C87740F2DC5000E0D7
:105EC00009E00DF0E5F8FA2017490860204800685D
:105ED0001649086072E00A48006801286ED1094836
:105EE0000068C8BBF3F73FFBFA2014490860194863
:105EF000006810301249086000200849086046E038
:105F00002C02002030020020D802002090FCFFFF6D
:105F100000004842D002002000000000DC03002006
:105F20009C00002004000020640400205004002095
:105F30005C0400207C010020380400206004002064
:105F4000440400209800002048040020C4000020E1
:105F5000B00100203C04002030E006E001200DF0FC
:105F600097F8EAF77FFD00B90BE0F9490968F94AAB
:105F70001268881A002801DB014600E0414214291A
:105F8000ECDC00BFF4480068401CF3490860F248AC
:105F9000006840F226218842DFDB4FF47A700DF072
:105FA00077F8EE48C07F00F0F700EC49C877FA2098
:105FB000EB490860EB480068E6490860B6EE001A55
:105FC0005FED2B0A0F201FED2C0AEDF7BAFB41F213
:105FD00088300DF05DF80020EDF786FAFFF72BFD15
:105FE00010BD00B540F23520EEF7B2FBDB48C07FB4
:105FF00040F02000D949C87700BD10B5FCF7B8FEC5
:10600000D9480068022802DDFEF713F801E0FEF728
:10601000B6FB10BD10B50121D44809F039FE30B9E6
:10602000D3480068012802D1FEF783FF36E0012142
:10603000CE4809F02DFE70B9CD48006858B9CD485A
:10604000006840B9CC48006828B9C022CB49A820D4
:10605000F8F705FF22E00121C44809F019FE30B924
:10606000C3480068022802D1FFF75DF816E001215D
:10607000BE4809F00DFE30B9BE480068012802D1C3
:10608000FFF7E6FD0AE00121B84809F001FE28B952
:10609000B9480068012801D1FFF7B2FB10BDFEB579
:1060A00004460D461646EEF74CFB4FF4AF70B4496C
:1060B0000860B4490860A94890F8230040F0010046
:1060C000A64981F82300962000EB440000EE900AD8
:1060D000F8EEE00AB0EE600A9FEDAB1AF0EE080AA7
:1060E0002820EDF72EFB00209B49086013E006E016
:1060F00001200CF0CDFFEAF7B5FC00B905E0A4F1F2
:106100000A00A24909688842F2DC00BF9248006890
:10611000401C91490860904800686428E7DBEEF76E
:1061200010FB40F2672096490860C01C9549086042
:106130000020894908601FE013E00F206FF0630121
:1061400001222346CDE900210290002211462020A1
:10615000F2F731FA01200CF09BFFEAF783FC00B95B
:1061600004E08B480068B0F5EB7FE6DB00BF7A48BF
:106170000068401C78490860774800683228DBDBFB
:106180000020754908601EE013E00F206FF04F01FA
:106190000122631ECDE900210290002211461A203F
:1061A000F2F709FA01200CF073FFEAF75BFC00B983
:1061B00003E0784800681B28E7DC00BF66480068F9
:1061C000401C6549086064480068FA28DCDB002050
:1061D0006149086033E01FE06E480068192807DA5B
:1061E0005E4890F8230040F002005C4981F82300EB
:1061F0000F206FF0310101222346CDE900210290EA
:10620000002211460820F2F7D6F901200CF040FFD9
:10621000EAF728FC00B90CE04FF480515E4809F021
:1062200037FD30B94FF480615B4809F031FD00283B
:10623000D2D000BF48480068401C47490860464823
:1062400000686428C7DB4FF4FA600CF021FF3220AD
:10625000EDF74AF900204049086035E021E04FF4AD
:1062600000414D4809F014FD012805D10B2140F2F1
:106270006630EDF75CFA0DE00821474809F008FDAB
:10628000012804D10B214548EDF751FA02E0002026
:10629000EDF72AF901200CF0FBFEEAF7E3FB00B969
:1062A0000CE04FF400413C4809F0F2FC0128D6D044
:1062B0000821394809F0ECFC0128D0D000BF26485D
:1062C0000068401C2449086023480068B0F5FA7F44
:1062D000C4DB06210020EDF72AFA204890F82300BD
:1062E00000F0FE001D4981F8230040F6C4100CF0B8
:1062F000CFFE1E20EDF7F8F8244800682849086012
:1063000000201549086066E04CE04FF40041224847
:1063100009F0BEFC012805D1062140F26630EDF7F8
:1063200006FA0DE008211C4809F0B2FC012804D14E
:1063300006211A48EDF7FBF902E00020EDF7D4F84A
:1063400001200CF0A5FEEAF78DFB00B93DE029E045
:10635000C000002044040020DC03002004000020D2
:1063600060040020AC01002054020020000C024018
:10637000DC020020E0020020E80200207AF9FFFFA2
:10638000200400202C0400209A99993EA0000020AF
:10639000B80000209C000020001002409AFCFFFF83
:1063A000E00400200221F84809F072FC0128ACD07A
:1063B0004FF40041F44809F06BFC012805D1082195
:1063C000F14809F065FC01289FD000BFEF48006844
:1063D000401CEE490860ED480068B0F5FA7F93DB99
:1063E0000020EDF781F84620E9490860E949086096
:1063F0004FF42570E849086040F28A20E7490860B8
:106400000020E249086019E006E003200CF040FE9D
:10641000EAF728FB00B90BE0E1490968DE4A126897
:10642000881A002801DB014600E041420529ECDC26
:1064300000BFD6480068401CD4490860D3480068B3
:10644000B0F5FA7FE0DBD74890F8230000F0FD00BC
:10645000D44981F82300D4490968091B01EB810163
:1064600048191E21EDF763F90021B0EE000A4FF440
:106470006170EDF7BFF8EEF764F911E005200CF05C
:1064800007FEEAF7EFFA00B90FE0C8480068B0F578
:10649000E17F05DD40F20910BF490860BF4908608F
:1064A000C2480068B0F5E17FE8DB00BF9FEDC01A8D
:1064B000DFEDC00A0A209FEDC00AEDF742F9002087
:1064C000B249086019E006E005200CF0E1FDEAF7AA
:1064D000C9FA00B90BE08021AB4809F0D9FB30B90B
:1064E0004FF48071A84809F0D3FB0028ECD000BF1E
:1064F000A6480068401CA5490860A44800686428B4
:10650000E1DB40F6C4100CF0C3FD0020ECF7ECFF1B
:106510002D209F4908609F490860FF209E49086020
:106520009E4908600020ECF7DFFFB6EE001ADFEDB1
:10653000A10A0A209FEDA00AEDF703F940F6B83052
:106540000CF0A6FD0020ECF7CFFFFEBD2DE9F047D3
:1065500004460D4616461F46DDF820A000208B4954
:1065600008603EE02DE095480068A0EB04093A463B
:1065700031464846F1F702FA804690480068001B11
:10658000002809DD9FED8E1ADFED8B0A40469FED56
:106590008D0AEDF7D6F814E088480068001B09D58D
:1065A0009FED871ADFED840A40469FED870AEDF7DD
:1065B000C8F806E00020ECF797FFEAF753FA00B9B5
:1065C00009E07E490968081B002801DB014600E05C
:1065D00041425145C7DC00BF6C480068401C6B4914
:1065E00008606A480068A842BCDBBDE8F08708B5CF
:1065F000EEF7A7F8FF2068490860684908604FF483
:10660000FA600CF045FD9FED711ADFED6B0A142066
:106610009FED6F0AEDF795F806E001200CF038FDCC
:10662000EAF720FA00B904E0604800686949884246
:10663000F3DC00BF00219FED680A6648FA38ECF7EA
:10664000D9FF06E001200CF023FDEAF70BFA00B9B0
:1066500003E0ECF722FE0028F4D100BF0020ECF7A5
:1066600043FF5E48006801280CD107205C49009078
:106670000968A1F10B00412305224FF47A71FFF75D
:1066800065FF0EE05548006858B90A20544900904B
:106690000968A1F11A00412305224FF47A71FFF72E
:1066A00055FF50480068032804D101210420EBF76E
:1066B000D5FE02E000204C4908600020ECF714FFF2
:1066C00008BD08B5EEF73DF8FF20334908603349AF
:1066D00008604FF4FA600CF0DBFCB0EE001ADFED5E
:1066E000360A19209FED410AEDF72BF806E001204C
:1066F0000CF0CEFCEAF7B6F900B904E02B480068CC
:1067000034498842F3DC00BF00219FED330A314851
:10671000FA38ECF76FFF06E001200CF0B9FCEAF75D
:10672000A1F900B903E0ECF7B8FD0028F4D100BFEF
:106730000020ECF7D9FE2948006801280CD1072079
:106740002B4900900968A1F10800412305224FF46C
:106750007A71FFF7FBFE0EE02048006858B90A2066
:10676000234900900968A1F11200412305224FF44A
:106770007A71FFF7EBFE1B48006802283AD101212D
:106780000420EBF76BFE38E000100240DC03002031
:106790005404002058040020200400202C04002071
:1067A000B800002004000020E00400209003002036
:1067B0003333333F00006144000061C4A400002073
:1067C000CDCC4C3F000000000000E144CDCC0C409B
:1067D00000007A4476FDFFFF6666663FE800002011
:1067E000DC010020C4020020C80200200040B544A3
:1067F000E40100200020FC4908600020ECF774FE52
:1068000008BD08B5EDF79DFFFF20F8490860F8497D
:106810000860B0EE001A5FED180A19209FEDF50A26
:10682000ECF78FFF06E001200CF032FCEAF71AF9D2
:1068300000B904E0F0480068F0498842F3DC00BF8A
:1068400000211FED1B0AED48FA38ECF7D3FE06E0F5
:1068500001200CF01DFCEAF705F900B903E0ECF7A4
:106860001CFD0028F4D100BF0020ECF73DFEE448F9
:10687000006801280CD10720E24900900968A1F1C5
:1068800008003C2305224FF47A71FFF75FFE0EE00B
:10689000DB48006858B90A20DA4900900968A1F17C
:1068A0000F003C2305224FF47A71FFF74FFED648C4
:1068B0000068012804D101210420EBF7CFFD02E09C
:1068C0000020C94908600020ECF70EFE08BD10B595
:1068D00001210420EBF7C2FD40F6C4100CF0D8FBF8
:1068E000CA480068401CC949086010BD2DE9F04144
:1068F00004460D460020C64908603BE02AE0C54832
:106900000068071B3846EFF7F7F80646C1480068ED
:10691000001B002809DD1FED561A5FED590A3046AD
:106920001FED580AECF70DFF10E0BA480068001B95
:1069300009D51FED5D1A5FED600A30461FED5E0A56
:10694000ECF7FFFE02E00020ECF7CEFDEAF78AF854
:1069500000B909E0AF490968081B002801DB0146BE
:1069600000E041420129CADC00BFA9480068401C80
:10697000A7490860A6480068A842BFDBBDE8F081CF
:106980003EB50446EDF7DDFEA3480068FA309749AE
:106990000860A2480068FA30954908609FEDA01A87
:1069A0005FED7B0A2D201FED7D0AECF7CAFE00206B
:1069B0009749086011E006E001200CF069FBEAF756
:1069C00051F800B903E0974800687328F4DC00BF71
:1069D0008F480068401C8E4908608D480068FA287E
:1069E000E9DBB6EE001A5FED8C0A22201FED8F0A5C
:1069F000ECF7A7FE00208649086011E006E00120C0
:106A00000CF046FBEAF72EF800B903E08548006871
:106A10003228F4DC00BF7E480068401C7C490860D6
:106A20007B480068FA28E9DB4FF42F70EDF790FE01
:106A300073480068002864D17549086020E015E0BB
:106A40000A206FF095010222A4F10F03CDE9002185
:106A500002906A4AFA3A51421720F1F7DCFC012011
:106A60000CF016FBE9F7FEFF00B903E06D48006883
:106A70000A28E5DC00BF66480068401C64490860DD
:106A800063480068FA28DADB00206149086028E0E2
:106A900014E00A206FF095010222A4F10F03CDE962
:106AA00000210290554AFA3A5142F1F7B4FC012014
:106AB0000CF0EEFAE9F7D6FF00B90CE040215A4895
:106AC00009F0E6F80128E4D04FF48071574809F046
:106AD000DFF80128DDD000BF4D480068401C4C495C
:106AE00008604B48006840F20E618842D0DB1E20EF
:106AF000ECF7FAFCA4F10F004FF47A71FFF7F6FE01
:106B00006EE03F48006801286AD1002040490860D3
:106B10001FE014E00A206FF0950102222346CDE920
:106B200000210290354AFA3A51421720F1F773FCDE
:106B300001200CF0ADFAE9F795FF00B903E0394800
:106B400000680A28E6DC00BF31480068401C304974
:106B500008602F480068FA28DBDBEDF76BFE0020A9
:106B60002B4908602EE013E00A206FF09501022205
:106B70002346CDE900210290204AFA3A5142F1F72A
:106B80004AFC01200CF084FAE9F76CFF00B913E02D
:106B90004021254809F07CF80128E5D04FF48071A8
:106BA000224809F075F80128DED04FF480511F48C3
:106BB00009F06EF80028D7D000BF15480068401CC7
:106BC000134908601248006840F20E618842CADB2F
:106BD0001E20ECF789FC4FF47A712046FFF786FE01
:106BE0000020ECF781FC3EBDC802002020040020FC
:106BF0002C0400200000C3449003002076FDFFFF1A
:106C0000E8000020EC010020C40200200003002066
:106C1000DC030020A400002018040020240400202D
:106C20009A99193F98000020000402400000024099
:106C30003EB50446EDF785FDFA480068FA30FA499A
:106C40000860FA480068FA30F9490860B6EE001AA0
:106C5000DFEDF80A2D209FEDF80AECF772FD002019
:106C6000F649086011E006E001200CF011FAE9F79E
:106C7000F9FE00B903E0F24800687328F4DC00BFB5
:106C8000EE480068401CED490860EC480068FA28AE
:106C9000E9DBB6EE001ADFEDE70A22209FEDE60AF7
:106CA000ECF74FFD0020E549086011E006E0012007
:106CB0000CF0EEF9E9F7D6FE00B903E0E048006811
:106CC0002828F4DC00BFDD480068401CDB49086070
:106CD000DA480068FA28E9DBDA480068002863D15E
:106CE000D64908601FE014E00A206FF06301022219
:106CF000A4F10F03CDE900210290D34A51421420A0
:106D0000F1F789FB01200CF0C3F9E9F7ABFE00B9FC
:106D100003E0CB4800680A28E6DC00BFC7480068EB
:106D2000401CC6490860C5480068FA28DBDB002023
:106D3000C249086028E013E00A206FF095010222A2
:106D4000A4F10F03CDE900210290BF4A5142F1F7AF
:106D500062FBE9F787FE00B910E001200CF098F91A
:106D60004FF48071B94808F093FF0128E4D04FF444
:106D70008051B64808F08CFF0028DDD000BFAF4836
:106D80000068401CAD490860AC48006840F20E61E4
:106D90008842D0DB1E20ECF7A7FBA4F10F004FF4D4
:106DA0007A71FFF7A3FD76E0A6480068012872D14A
:106DB00040F23520EDF7DEFC0020A04908602AE013
:106DC00013E00A206FF0950102222346CDE900214D
:106DD00002909D4A51421420F1F71DFB01200CF056
:106DE00057F9E9F73FFE00B90FE0954909680A290C
:106DF000E7DC974909688E4A1268881A002801DB87
:106E0000014600E04142C829DBDC00BF8B48006836
:106E1000401C8A49086089480068FA28D0DBEDF7F1
:106E200009FD00208549086027E012E00A206FF084
:106E3000950102222346CDE900210290824A514267
:106E4000F1F7E9FAE9F70EFE00B910E001200CF0C5
:106E50001FF94FF480717D4808F01AFF0128E5D032
:106E60004FF48051794808F013FF0028DED000BFAE
:106E700072480068401C714908607048006840F220
:106E80000E618842D1DB1E20ECF72EFB4FF47A71A5
:106E90002046FFF72BFD0020ECF726FB3EBD2DE939
:106EA000F04104460D460020644908603BE02AE0BA
:106EB00068480068071B3846EEF71EFE0646654820
:106EC0000068001B002809DDB6EE001ADFED590A44
:106ED00030469FED610AECF734FC10E05D48006835
:106EE000001B09D5B6EE001ADFED520A30469FEDC1
:106EF0005B0AECF726FC02E00020ECF7F5FAE9F774
:106F0000B1FD00B909E053490968081B002801DBFD
:106F1000014600E041420129CADC00BF4748006841
:106F2000401C4649086045480068A842BFDBBDE8F0
:106F3000F0813EB50446EDF704FC3A480068FA30AB
:106F40003949086039480068FA30394908609FEDCE
:106F5000441ADFED380A2D209FED370AECF7F1FBDC
:106F600000203649086011E006E001200CF090F89E
:106F7000E9F778FD00B903E0314800687328F4DCD4
:106F800000BF2E480068401C2C4908602B48006850
:106F9000FA28E9DB2B480068002842D1274908601D
:106FA0001EE013E00A209621022204F11903CDE924
:106FB00000210290244A51422220F1F7FCFA0120DC
:106FC0000CF066F8E9F74EFD00B903E01C480068D4
:106FD0003728E7DC00BF19480068401C17490860E3
:106FE00016480068FA28DCDB4FF42F70EDF7B0FB91
:106FF0000020124908603FE034E00A209621022276
:1070000004F11903CDE9002102900F4A51421920E1
:10701000F1F7D1FA01200CF03BF8E9F723FD08BBAA
:1070200024E069E01804002020040020240400204B
:107030002C040020000061C400006144DC03002037
:1070400098000020E80000207CFCFFFF00000240C8
:10705000BC000020A00000200000E144000000006F
:107060006666663FF74800680A28C6DC00BFF64837
:107070000068401CF4490860F3480068FA28BBDB4C
:107080000020F149086027E012E00A209621022240
:1070900004F11903CDE900210290EC4A5142F1F7C5
:1070A0008AFA01200BF0F4FFE9F7DCFC00B90DE0EF
:1070B0004FF48071E64808F0EBFD0128E5D04FF46D
:1070C0008051E34808F0E4FD0028DED000BFDE4830
:1070D0000068401CDC490860DB48006840F20E6133
:1070E0008842D1DB1E20ECF7FFF94FF47A7104F1EE
:1070F0001900FFF7D4FE8FE0D64800680128FAD1C6
:107100000020D14908601DE012E01E2096210222D5
:107110002346CDE900210290CC4A51422220F1F7CA
:107120004AFA01200BF0B4FFE9F79CFC00B903E038
:10713000C44800683728E8DC00BFC3480068401C2A
:10714000C1490860C0480068FA28DDDB4FF42F70A1
:10715000EDF7FEFA0020BC4908601DE012E01E2099
:10716000962102222346CDE900210290B74A5142DE
:107170001920F1F720FA01200BF08AFFE9F772FCE1
:1071800000B903E0AF4800680A28E8DC00BFAE4859
:107190000068401CAC490860AB480068FA28DDDB99
:1071A000EDF748FB0020A849086027E012E01E2008
:1071B000962102222346CDE900210290A34A5142A2
:1071C0000A20F1F7F8F901200BF062FFE9F74AFC19
:1071D00000B90DE04FF480719D4808F059FD012879
:1071E000E5D04FF480519A4808F052FD0028DED0D7
:1071F00000BF95480068401C9349086092480068A9
:1072000040F20E618842D1DB1E20ECF76DF94FF49D
:107210007A712046FFF743FE0020ECF765F93EBD8A
:1072200010B5FFF7EEFAF8F7DCFD8B48006818B9E7
:107230008A480068FFF77DFE01208749086010BD7D
:1072400010B5FFF73EFAF8F7CCFD8348006818B98F
:1072500083480068FFF7ECFC01207F49086010BDFF
:1072600010B5FFF7C4F9F8F7BCFD7B48006830B9EA
:107270007C480068FFF784FB01207749086010BD57
:1072800010B572494842F0F793FFB7EE001A5FED70
:10729000970A0A201FED980AECF753FA4FF4FA60A8
:1072A0000BF0F6FE0020ECF71FF901206E49086094
:1072B00010BD10B565494842EDF7F8FE0020ECF727
:1072C00013F901206849086010BD2DE9F047044614
:1072D0000D4616461F4600205B4908603EE02DE043
:1072E00062480068A0EB04083A4631464046F0F791
:1072F00045FB81465D480068001B002809DDB6EEAD
:10730000001A5FEDB40A48461FEDAD0AECF719FA12
:1073100010E056480068001B09D5B6EE001A5FED74
:10732000BB0A48461FEDB30AECF70BFA02E0002057
:10733000ECF7DAF8E9F796FB00B909E04B49096880
:10734000081B002801DB014600E041420229C7DC9E
:1073500000BF3D480068401C3B4908603A4800684F
:10736000A842BCDBBDE8F0873EB50446FBF700FD54
:10737000FBF7CAFDEDF7DEF940F24F103C4908601B
:107380003C49086000203049086019E006E001200F
:107390000BF07EFEE9F766FB00B90BE036490968A1
:1073A000344A1268881A002801DB014600E0414295
:1073B0006429ECDC00BF24480068401C22490860B6
:1073C000214800689628E1DB342304224FF47A71C7
:1073D000E620FFF77AFF1420ECF786F84FF42F70C1
:1073E0000BF056FE1FEDE21A5FEDEE0A37201FED9F
:1073F000EE0AECF7A6F900201349086012E006E057
:1074000001200BF045FEE9F72DFB00B904E01B4815
:107410000068B0F5877FF3DC00BF0B480068401CB4
:10742000094908600848006840F226218842E6DBE6
:1074300040F6B8300BF02CFE00200349086031E024
:1074400025E0000098000020DC0300207CFCFFFF0A
:1074500000000240E8000020C8020020F4010020E3
:10746000E4010020DC01002040020020A0000020F8
:10747000200400202C040020BC000020A4000020D8
:1074800001200BF005FEE9F7EDFA00B904E0FE4833
:107490000068B0F5877FF3DB00BFFC480068401C44
:1074A000FA490860F948006840F226218842C7DBA3
:1074B0001920ECF719F8C8200BF0EAFD9FEDF41A3B
:1074C000DFEDF40A12209FEDF40AECF73AF9002000
:1074D000EE49086011E006E001200BF0D9FDE9F764
:1074E000C1FA00B903E0ED4800682A28F4DC00BFC7
:1074F000E6480068401CE5490860E448006840F23E
:1075000026218842E7DB0020E04908601EE012E007
:107510000F20782107222346CDE900210290E04A7E
:1075200000213220F1F73DF901200BF0B1FDE9F720
:1075300099FA00B904E0D4480068B0F5DC7FE7DCD4
:1075400000BFD2480068401CD0490860CF4800689E
:1075500040F226218842DADBB7EE081ADFEDCE0AC8
:1075600028209FEDD00AECF7ECF806E001200BF0A4
:107570008FFDE9F777FA00B905E0CB48006840F2E3
:107580002A318842F2DB00BFC848006801287DD15B
:107590000020BE49086020E015E00A204FF49671F3
:1075A000032204F12303CDE9002102904FF461721C
:1075B00000212D20F1F7A3F801200BF069FDE9F778
:1075C00051FA00B903E0BA480068E628E5DC00BFDC
:1075D000AE480068401CAD490860AC48006840F205
:1075E00026218842D8DB0020A84908601EE013E06D
:1075F0000A209621022204F12303CDE90021029002
:107600004FF461720021F1F77AF801200BF040FD90
:10761000E9F728FA00B903E0A5480068C328E7DCC9
:1076200000BF9A480068401C984908609748006865
:1076300040F226218842DADB0A20EBF755FF40F2C0
:10764000C620EDF785F80020904908601AE006E0B2
:1076500001200BF01DFDE9F705FA00B90CE0954992
:107660000968954A1268881A002802DB014601E081
:107670000CE041421E29EBDC00BF84480068401C3E
:1076800082490860814800689628E0DB87480068E6
:10769000022857D100207D49086020E015E00A202B
:1076A0004FF49671032204F12303CDE900210290E7
:1076B0004FF4617200212D20F1F721F801200BF029
:1076C000E7FCE9F7CFF900B903E079480068E6285C
:1076D000E5DC00BF6D480068401C6C4908606B48E1
:1076E000006840F226218842D8DB00206749086004
:1076F00022E017E00A209621022204F12303CDE9BB
:10770000002102904FF461720021F0F7F8FF4FF46E
:10771000FE70EDF72FF801200BF0BAFCE9F7A2F9A3
:1077200000B903E062480068B928E3DC00BF5748AD
:107730000068401C554908605448006840F2262102
:107740008842D6DB0020EBF7CFFE3EBD10B54FF4EC
:1077500080615A4808F09CFA00283FD1FA20584925
:10776000086058480068733057490860002047494E
:10777000086025E006E001200BF08AFCE9F772F9C9
:1077800000B917E0514A12684F4B1B68D11A002903
:1077900001DB0A4600E04A420A2AECDC4C4A126845
:1077A0004C4B1B68D01A002801DB024600E0424225
:1077B0000A2AE0DC00BF35480068401C33490860F5
:1077C000324800683228D5DB40F6B8300BF060FC58
:1077D0004148C07F40F008003F49C8774FF48061BE
:1077E0003E4808F055FAE0BBFA203D4908603D48A4
:1077F000006873303749086000202449086025E09C
:1078000006E001200BF044FCE9F72CF900B917E081
:107810002E4A12682C4B1B68D11A002901DB0A463C
:1078200000E04A420A2AECDC294A1268294B1B680C
:10783000D01A002801DB024600E042420A2AE0DCBE
:1078400000BF12480068401C104908600F480068DB
:107850003228D5DB40F6B8300BF01AFC1E48C07F4A
:1078600000E003E040F040001B49C87740F6B83024
:107870000BF00EFCFA201249086012480068124909
:107880000860FA2016492FE0A4000020DC03002045
:107890006666663F000061C40000614498000020F5
:1078A0007CFCFFFF000016C390030020E4020020D0
:1078B000A0000020BC0000202C0400200004024096
:1078C00060040020AC01002044040020C00000201F
:1078D000C40000205004002004000020000C0240DE
:1078E00064040020B00100200860F6480068F649F2
:1078F00008600020F549086025E006E001200BF053
:10790000C7FBE9F7AFF800B917E0F14A1268F14B8D
:107910001B68D11A002901DB0A4600E04A420A2A04
:10792000ECDCED4A1268E84B1B68D01A002801DB3A
:10793000024600E042420A2AE0DC00BFE348006859
:10794000401CE2490860E14800683228D5DB10BDE0
:1079500010B54FF48041E14808F09AF900283FD172
:10796000FA20DF490860DF4800686E38D9490860AE
:107970000020D649086025E006E001200BF088FBD6
:10798000E9F770F800B917E0D14A1268D14B1B68CB
:10799000D11A002901DB0A4600E04A420A2AECDC3F
:1079A000CD4A1268C84B1B68D01A002801DB02467A
:1079B00000E042420A2AE0DC00BFC4480068401CE4
:1079C000C2490860C14800683228D5DB40F6B830AB
:1079D0000BF05EFBC448C07F40F01000C249C8777E
:1079E0004FF40061C14808F053F9E0BBFA20C049E8
:1079F0000860B44800686E38B34908600020B34995
:107A0000086025E006E001200BF042FBE9F72AF8C8
:107A100000B917E0AE4A1268AE4B1B68D11A0029B4
:107A200001DB0A4600E04A420A2AECDCAA4A126854
:107A3000A54B1B68D01A002801DB024600E0424239
:107A40000A2AE0DC00BFA1480068401C9F4908608A
:107A50009E4800683228D5DB40F6B8300BF018FBA2
:107A6000A148C07F00E003E040F004009E49C877D1
:107A700040F6B8300BF00CFBFA20994908609948A1
:107A8000006894490860FA20994908608D480068A8
:107A90008D49086000208D49086025E006E001203E
:107AA0000BF0F6FAE8F7DEFF00B917E0884A126833
:107AB000884B1B68D11A002901DB0A4600E04A42C4
:107AC0000A2AECDC844A12687F4B1B68D01A002813
:107AD00001DB024600E042420A2AE0DC00BF7B48AC
:107AE0000068401C79490860784800683228D5DB76
:107AF00010BD10B57F480068002854D17E4800684A
:107B0000002850D17D48006800284CD17C4800688E
:107B1000002848D1EEF71FFB06E001200BF0B8FA71
:107B2000E8F7A0FF00B90BE076490968764A1268C9
:107B3000881A002801DB014600E041420F29ECDCF5
:107B400000BF9FED721A5FEDAD0A0A209FED700A2B
:107B5000EBF7F7FD00205D4908601FE006E001201B
:107B60000BF096FAE8F77EFF00B911E080215B4840
:107B700008F08EF80028F2D062480068624909686F
:107B8000441A002C01DB204600E060420A28E6DCB3
:107B900000BF4E480068401C4C4908604B480068D4
:107BA0009628DBDB4EE153480068012854D1524847
:107BB0000068002850D15148006800284CD1504836
:107BC0000068D0BBEEF7C7FA06E001200BF060FAC0
:107BD000E8F748FF00B90BE04A4909684A4A1268C9
:107BE000881A002801DB014600E041420F29ECDC45
:107BF00000BF9FED461A5FEDD90A0A209FED440AA7
:107C0000EBF79FFD00203149086020E006E00120ED
:107C10000BF03EFAE8F726FF00B912E080212F486A
:107C200008F036F80028F2D036480068364909686E
:107C3000441A002C02DB204601E00DE060420A28D5
:107C4000E5DC00BF21480068401C204908601F484F
:107C500000689628DADBF5E026480068012830D174
:107C60002548006801282CD12448006848BB2448D6
:107C7000006830BBEEF76FFA55E00421254808F0A4
:107C800007F870B98021154808F002F848B99FED4F
:107C90001F1ADFED210A0F209FED200AEBF751FD9F
:107CA00008E09FED1A1ADFED1C0A0A209FED1C0A5E
:107CB000EBF747FD01200BF0EBF9E8F7D3FE88BBAB
:107CC00044E05CE0B001002050040020DC03002010
:107CD000C000002044040020C40000200004024032
:107CE00060040020AC01002004000020000C0240D1
:107CF000640400202C020020300200203402002006
:107D000038020020BC0000202C040020CDCC4C3FC9
:107D10000000E14400100240000061C400C0A8441B
:107D200000006144FFE74FF48071FA4807F0B0FFAC
:107D30000028A2D0F8480068F8490968441A002CC5
:107D400001DB204600E060420A2896DC00BF9FED80
:107D5000F41A5FED0F0A08209FEDF20AEBF7F1FC31
:107D600006E001200BF094F9E8F77CFE00B905E08D
:107D70008021ED4807F08CFF0028F2D062E0EB484C
:107D8000006801285ED1EA48006801285AD1E94814
:107D90000068012856D1E8480068B0BBEEF7DBF96F
:107DA00023E00421E54807F073FF70B98021DE4825
:107DB00007F06EFF48B91FED2B1A5FED290A0F205F
:107DC0001FED2A0AEBF7BDFC08E01FED301A5FED4E
:107DD0002E0A0A201FED2E0AEBF7B3FC01200BF050
:107DE00057F9E8F73FFE00B913E04FF48071C94836
:107DF00007F04EFF0028D4D0C7480068C74909687B
:107E0000441A002C02DB204601E01BE060420A28F5
:107E1000C7DC00BF9FEDC21A5FED410A08209FED4D
:107E2000C10AEBF78EFC06E001200BF031F9E8F710
:107E300019FE00B905E08021BB4807F029FF0028A2
:107E4000F2D000BF0020EBF74FFB10BD10B5B748D4
:107E5000006800285FD1B648006800285BD1B548AB
:107E60000068002857D1B4480068002853D1EEF7C5
:107E700072F924E00121AC4807F00AFF78B94FF409
:107E80000061A44807F004FF48B91FED601A5FEDD8
:107E90005E0A0E209FEDAA0AEBF753FC08E01FEDE7
:107EA000651A5FED630A0A201FED630AEBF749FCD0
:107EB00001200BF0EDF8E8F7D5FD00B912E04FF422
:107EC0008071944807F0E4FE0028D3D092480068FF
:107ED00092490968441A002C01DB204600E0604208
:107EE0000A28C7DC00BF9FED8E1A5FED750A0820D7
:107EF0009FED940AEBF725FC06E001200BF0C8F893
:107F0000E8F7B0FD00B905E00121874807F0C0FEA1
:107F10000028F2D034E18548006801285FD1844808
:107F2000006800285BD183480068002857D1824848
:107F30000068002853D1EEF70EF924E001217A48B9
:107F400007F0A6FE78B94FF40061724807F0A0FE72
:107F500048B91FED921A5FED900A0E209FED780A46
:107F6000EBF7EFFB08E01FED971A5FED950A0A208B
:107F70001FED950AEBF7E5FB01200BF089F8E8F718
:107F800071FD00B912E04FF48071624807F080FE85
:107F90000028D3D06048006860490968441A002C62
:107FA00001DB204600E060420A28C7DC00BF9FEDED
:107FB0005C1A5FEDA70A08209FED620AEBF7C1FB90
:107FC00006E001200BF064F8E8F74CFD00B905E08D
:107FD0000121554807F05CFE0028F2D0D0E053485C
:107FE0000068012854D152480068012850D15148F6
:107FF000006898BB5048006880BBEEF7ACF80020E2
:108000005149086019E006E001200BF041F8E8F75B
:1080100029FD00B90BE040490968404A1268881AF6
:10802000002801DB014600E041420F29ECDC00BFE3
:1080300045480068401C44490860434800683228AD
:10804000E1DB1FEDCE1A5FEDCC0A08209FED3F0A61
:10805000EBF777FB00203C49086014E018E006E0ED
:1080600001200BF015F8E8F7FDFC00B905E001214F
:108070002D4807F00DFE0028F2D000BF32480068FE
:10808000401C31490860304800689628E7DB77E0FB
:1080900026480068012873D12548006801286FD15F
:1080A0002448006801286BD12348006880BBEEF7A4
:1080B00052F800202449086019E006E001200AF087
:1080C000E7FFE8F7CFFC00B90BE013490968134A52
:1080D0001268881A002801DB014600E041420F299E
:1080E000ECDC00BF18480068401C174908601648BF
:1080F00000683228E1DB1FEDFB1A5FEDF90A08206A
:108100009FED120AEBF71DFB00200F49086033E0DA
:1081100036E0000000000240BC0000202C040020DB
:108120003333333F0080ED44000402402C02002032
:1081300030020020340200203802002000100240EB
:10814000008009440000C8C2DC03002000000000D9
:1081500006E001200AF09CFFE8F784FC00B905E086
:108160000121F74807F094FD0028F2D000BFF54840
:108170000068401CF3490860F24800689628E7DB75
:108180000020EBF7B1F910BD0EB5EF480068B8B9A3
:10819000EE480068A0B9EE48006888B9ED4800686C
:1081A00070B900204FF4E161EB4A41F27C53CDE914
:1081B00000210290E84A9632E749ECF71FFF70E091
:1081C000E1480068012816D1E048006898B9E04805
:1081D000006880B9DF48006868B900204FF4E161A9
:1081E000DD4A41F27C53CDE900210290521051004A
:1081F000ECF704FF55E0D4480068012817D1D348B4
:108200000068012813D1D248006880B9D1480068BD
:1082100068B900204FF4E161CF4A41F27C53CDE9C7
:108220000021029052105100ECF7E8FE39E0C648F8
:108230000068012818D1C5480068012814D1C44835
:108240000068012810D1C348006868B900204FF4C5
:10825000E161C14A41F27C53CDE900210290BF4A5D
:10826000BD49ECF7CBFE1CE0B7480068012818D1E7
:10827000B6480068012814D1B5480068012810D11B
:10828000B448006801280CD100204FF4E161B24AE3
:1082900041F27C53CDE900210290B04AAE49ECF79F
:1082A000ADFE0020EBF720F940F20910ECF750FA90
:1082B0000020A449086019E006E001200AF0E8FE69
:1082C000E8F7D0FB00B90BE0A5490968A54A126898
:1082D000881A002801DB014600E041421429ECDC49
:1082E00000BF98480068401C96490860954800689F
:1082F0003228E1DB9C48006888BB9C48006870BB62
:108300009B48006858BBB6EE001ADFED9A0A0C20B5
:108310009FED990AEBF715FA00208A49086014E0EE
:1083200006E0E8F79FFB00B909E001200AF0B0FE83
:108330004FF48071914807F0ABFC0028F1D000BFEA
:1083400080480068401C7F4908607E48006840F211
:108350000E618842E4DB0020EBF7C6F80DE0FFE792
:1083600082480068012802D1FFF770FD05E08048CF
:108370000068012801D1FFF7BCFB0020EBF7B4F83F
:108380000EBD10B570480068002869D16F480068BC
:10839000002865D16E480068002861D16D480068EA
:1083A00000285DD140F23520ECF7E4F90020654962
:1083B00008601AE006E001200AF06AFEE8F752FBC6
:1083C00000B90CE066490968664A1268881A0028F4
:1083D00001DB014600E04142B1F5967FEBDC00BFD6
:1083E00058480068401C5749086056480068FA28F9
:1083F000E0DB9FED631ADFED5F0A0A209FED5E0A66
:10840000EBF79FF942F604100AF042FEB6EE001AAE
:10841000DFED580A0A201FEDB30AEBF792F90020AE
:108420004849086013E006E001200AF031FEE8F751
:1084300019FB00B905E053480068534909688842B0
:10844000F2DC00BF3F480068401C3E4908603D48E0
:1084500000689628E7DB4FF4FA600AF019FE53E152
:1084600039480068012869D138480068002865D17A
:1084700037480068002861D13648006800285DD17F
:1084800040F23520ECF776F900202E4908601AE01A
:1084900006E001200AF0FCFDE8F7E4FA00B90CE080
:1084A0002F4909682F4A1268881A002801DB014603
:1084B00000E04142B1F5967FEBDC00BF2148006847
:1084C000401C204908601F480068FA28E0DB9FED47
:1084D0002C1ADFED280A0A209FED270AEBF731F965
:1084E00042F604100AF0D4FDB6EE001ADFED210AC0
:1084F0000A201FEDEA0AEBF724F900201149086071
:1085000013E006E001200AF0C3FDE8F7ABFA00B97A
:1085100005E01C4800681C4909688842F2DC00BF7D
:1085200008480068401C074908600648006896280B
:10853000E7DB4FF4FA600AF0ABFDE5E026E000006F
:1085400000040240DC0300202C0200203002002046
:1085500034020020380200207CFCFFFFBAFAFFFF43
:10856000BC0000202C040020E8000020EC000020CB
:10857000F0000020000061C40000614400000240DF
:10858000CDCC4C3FA4000020A8010020F648006894
:1085900001285AD1F5480068012856D1F4480068EE
:1085A000A8BBF448006890BB40F23520ECF7E2F835
:1085B0000020F149086019E006E001200AF068FD9A
:1085C000E8F750FA00B90BE0EC490968EC4A126888
:1085D000881A002801DB014600E041426429ECDCF6
:1085E00000BFE5480068401CE3490860E2480068B5
:1085F000FA28E1DBB6EE001A5FED220A0A209FEDB1
:10860000E10AEBF79EF80020DB49086014E01CE06B
:1086100006E001200AF03CFDE8F724FA00B905E085
:10862000D9480068D94909688842F2DC00BFD248BD
:108630000068401CD0490860CF4800689628E7DBF6
:108640004FF4FA600AF024FD5EE0C7480068012894
:108650005AD1C6480068012856D1C548006801288B
:1086600052D1C448006890BB40F23520ECF782F844
:108670000020C149086019E006E001200AF008FD69
:10868000E8F7F0F900B90BE0BC490968BC4A126888
:10869000881A002801DB014600E041426429ECDC35
:1086A00000BFB5480068401CB3490860B248006884
:1086B000FA28E1DBB6EE001A5FED520A0A209FEDC0
:1086C000B10AEBF73EF80020AB49086014E01BE06C
:1086D00006E001200AF0DCFCE8F7C4F900B905E087
:1086E000A9480068A94909688842F2DC00BFA2488D
:1086F0000068401CA04908609F4800689628E7DB96
:108700004FF4FA600AF0C4FC0020EAF7EDFE10BD59
:108710000EB595480068B8B994480068A0B9944867
:10872000006888B99348006870B900204FF4E1618F
:10873000974A41F27C53CDE900210290944A963247
:108740009349ECF760FE70E087480068012816D175
:108750008648006898B98648006880B985480068EE
:1087600068B900204FF4E161894A41F27C53CDE9B8
:108770000021029052105100ECF745FE55E07A4876
:108780000068012817D179480068012813D178487A
:10879000006880B97748006868B900204FF4E1614B
:1087A0007B4A41F27C53CDE90021029052105100E6
:1087B000ECF729FE39E06C480068012818D16B48B5
:1087C0000068012814D16A480068012810D169485E
:1087D000006868B900204FF4E1616D4A41F27C53B2
:1087E000CDE9002102906B4A6949ECF70CFE1CE0D0
:1087F0005D480068012818D15C480068012814D140
:108800005B480068012810D15A48006801280CD143
:1088100000204FF4E1615E4A41F27C53CDE9002132
:1088200002905C4A5A49ECF7EEFD0020EAF75CFE44
:1088300040F20910EBF78CFF00204F49086019E067
:1088400006E001200AF024FCE8F70CF900B90BE07F
:108850004A4909684A4A1268881A002801DB014619
:1088600000E041421429ECDC00BF43480068401C92
:1088700041490860404800683228E1DB464800680A
:1088800088BB4648006870BB4548006858BBB6EED8
:10889000001A5FEDC80A0C201FEDC90AEAF751FF64
:1088A00000203549086014E006E0E8F7DBF800B97D
:1088B00009E001200AF0ECFB4FF48071394807F021
:1088C000E7F90028F1D000BF2B480068401C2A4976
:1088D00008602948006840F20E618842E4DB00200D
:1088E000EAF702FE06E0FFE72C480068012801D104
:1088F000FFF747FD0020EAF7F7FD0EBD10B5F3F7CF
:1089000098FC19480068002866D11848006850BBD8
:108910001748006838BB1748006820BB4DE00421A9
:10892000214807F0B5F970B98021204807F0B0F967
:1089300048B99FED1F1A5FEDF10A0F209FED1D0A48
:10894000EAF7FFFE08E09FED1A1A5FEDF60A0C2029
:108950001FEDF70AEAF7F5FE01200AF099FBE8F7A8
:1089600081F848BB30E037E02C02002030020020C4
:108970003402002038020020DC030020BC0000206C
:108980002C04002000000000A4000020A80100200A
:108990007CFCFFFFBAFAFFFFE8000020EC0000209B
:1089A000F0000020000002400010024000040240DD
:1089B0003333333F00C0C144FFE74FF48071FB48BD
:1089C00007F066F90028AAD000BFF948C07F40F040
:1089D0008000F749C877C8E0F648006801283DD113
:1089E000F5480068C8BBF5480068B0BBF4480068AB
:1089F00098BB23E00421F34807F04AF970B98021BD
:108A0000F14807F045F948B91FED171ADFEDEF0AF5
:108A10000F201FED180AEAF794FE08E01FED1C1A5C
:108A2000DFEDEA0A0C209FEDEA0AEAF78AFE012050
:108A30000AF02EFBE8F716F800B906E04FF4807153
:108A4000DA4807F025F90028D4D000BFD848C07F05
:108A500040F02000D649C87787E0FFE7D548006896
:108A600001283FD1D448006801283BD1D348006891
:108A7000B8BBD3480068A0BB24E04FF40061CB48EA
:108A800007F006F970B90121CF4807F001F948B99C
:108A90001FED391ADFEDCD0A0F209FEDCE0AEAF760
:108AA00050FE08E01FED3E1ADFEDC80A0C209FEDD6
:108AB000C80AEAF746FE01200AF0EAFAE7F7D2FF11
:108AC00000B906E04FF48071B84807F0E1F80028DB
:108AD000D3D000BFB648C07F40F08000B449C8770B
:108AE00043E0FFE7B348006801283ED1B248006880
:108AF00001283AD1B1480068012836D1B048006851
:108B000098BB24E04FF40061A84807F0C1F870B9A1
:108B10000121AD4807F0BCF848B91FED5B1ADFED45
:108B2000AB0A0F209FEDAB0AEAF70BFE08E01FED42
:108B3000601ADFEDA60A0C209FEDA50AEAF701FEF8
:108B400001200AF0A5FAE7F78DFF00B906E04FF41F
:108B50008071964807F09CF80028D3D000BF944855
:108B6000C07F40F020009249C8770020EAF7BCFCA3
:108B700010BD0EB58F480068B8B98F480068A0B91D
:108B80008E48006888B98E48006870B900204FF49C
:108B9000E161914A41F27C53CDE9002102908E4A75
:108BA00096328D49ECF72AFA70E082480068012875
:108BB00016D18148006898B98048006880B980481B
:108BC000006868B900204FF4E161834A41F27C53A8
:108BD000CDE90021029052105100ECF70FFA55E058
:108BE00074480068012817D173480068012813D120
:108BF0007248006880B97248006868B900204FF474
:108C0000E161754A41F27C53CDE900210290521096
:108C10005100ECF7F3F939E066480068012818D1F3
:108C200065480068012814D164480068012810D103
:108C30006348006868B900204FF4E161664A41F278
:108C40007C53CDE900210290644A6349ECF7D6F9E0
:108C50001CE058480068012818D1574800680128CE
:108C600014D156480068012810D1554800680128E1
:108C70000CD100204FF4E161574A41F27C53CDE919
:108C800000210290554A5449ECF7B8F90020EAF760
:108C90002BFC40F20910EBF75BFD00205049086007
:108CA00019E006E001200AF0F3F9E7F7DBFE00B96E
:108CB0000BE04C4909684C4A1268881A002801DB0D
:108CC000014600E041421429ECDC00BF4448006842
:108CD000401C43490860424800683228E1DB4348B1
:108CE0000068002861D14248006800285DD14148F1
:108CF0000068002859D11FEDD21ADFED340A0C208C
:108D00009FED330AEAF71DFD00203549086014E0A5
:108D100006E0E7F7A7FE00B909E001200AF0B8F97C
:108D20004FF48071214806F0B3FF0028F1D000BF56
:108D30002B480068401C2A4908602948006840F216
:108D40000E618842E4DB1FEDE61ADFED200A082001
:108D50009FED1F0AEAF7F5FC0020214908601AE0A0
:108D600006E0E7F77FFE00B90FE001200AF090F976
:108D70004021154806F08CFF0028F2D04FF4807196
:108D80000A4806F085FF0028EBD000BF14480068B1
:108D9000401C134908601248006840F20E61884286
:108DA000DEDB0020EAF7A0FB3AE025E0000002400D
:108DB000040000202C020020300200203402002099
:108DC000380200200010024000040240000061C48C
:108DD000000061440000AF437CFCFFFFBAFAFFFFD4
:108DE000DC030020BC0000202C040020E800002050
:108DF000EC000020F0000020F9480068012802D1B2
:108E0000FFF77CFD0CE0F7480068012802D1FFF76E
:108E10001DF805E0F4480068012801D1FEF769FE5D
:108E20000020EAF761FB0EBD70B5F0480568F3F766
:108E300000FA40F20910EBF78BFCED4800680028BF
:108E400062D1EC48006800285ED1EB480068002839
:108E50005AD1EA480068002856D123E08021E8482A
:108E600006F016FF70B90421E64806F011FF48B974
:108E70009FEDE51A5FED2B0A0C209FEDE40AEAF75F
:108E800060FC08E09FEDE01A5FED300A08201FED5E
:108E9000300AEAF756FC01200AF0FAF8E7F7E2FD9B
:108EA00000B912E04FF48071D94806F0F1FE0028B5
:108EB000D4D0D8480068D8490968441A002C01DB8E
:108EC000204600E060420F28C8DC00BFD348C07FC6
:108ED00040F08000D149C8779FEDCB1A5FED450A7D
:108EE00008209FEDCF0AEAF72CFC06E001200AF0EB
:108EF000CFF8E7F7B7FD00B905E00421C14806F057
:108F0000C7FE0028F2D0F7E0B9480068012862D116
:108F1000B848006800285ED1B748006800285AD1D8
:108F2000B6480068002856D123E08021B44806F0F6
:108F3000AFFE70B90421B34806F0AAFE48B99FED10
:108F4000B21A5FED5E0A0C209FEDB00AEAF7F9FB5A
:108F500008E09FEDAD1A5FED630A08201FED640A7B
:108F6000EAF7EFFB01200AF093F8E7F77BFD00B981
:108F700012E04FF48071A64806F08AFE0028D4D093
:108F8000A4480068A4490968441A002C01DB204663
:108F900000E060420F28C8DC00BFA048C07F40F05E
:108FA00020009E49C8779FED981A5FED780A082047
:108FB0009FED9B0AEAF7C5FB06E001200AF068F87E
:108FC000E7F750FD00B905E004218E4806F060FE89
:108FD0000028F2D090E086480068012843D18548F7
:108FE000006801283FD184480068B8BB8348006806
:108FF000A0BB23E08B480068A84209DD9FED821AE0
:109000005FED8E0A0C201FED8D0AEAF79AFB08E04F
:109010009FED7D1A5FED930A08201FED930AEAF792
:1090200090FB01200AF034F8E7F71CFD00B919E0C5
:109030007A48C07F40F080007849C8774FF480714B
:10904000734806F025FE0028D4D0724800687249A3
:109050000968441A002C02DB204601E003E060426C
:109060000F28C7DC48E062480068012844D1614805
:109070000068012840D16048006801283CD15F4861
:10908000006870BB1DE067480068A84209DD9FEDDD
:109090005E1A5FEDB20A0C201FEDB20AEAF751FB2F
:1090A00008E09FED591A5FEDB70A08201FEDB80AD6
:1090B000EAF747FB012009F0EBFFE7F7D3FC00B923
:1090C00013E04FF48071524806F0E2FD0028DAD038
:1090D0005048006850490968441A002C02DB2046B9
:1090E00001E009E060420F28CDDC00BF4B48C07FA3
:1090F00040F020004949C8770020EAF7F5F970BD33
:109100003EB53B480068B8B93A480068A0B93A484B
:10911000006888B93948006870B900204FF4E161EF
:10912000414A41F27C53CDE9002102903E4A9632F9
:109130003D49ECF768F999E02D480068012816D1FF
:109140002C48006898B92C48006880B92B48006802
:1091500068B900204FF4E161334A41F27C53CDE914
:109160000021029052105100ECF74DF97EE02048AA
:109170000068012817D11F480068012813D11E4834
:10918000006880B91D48006868B900204FF4E161AB
:10919000254A41F27C53CDE9002102905210510042
:1091A000ECF731F962E012480068012841D111481A
:1091B000006801283DD110480068012839D10F48C6
:1091C0000068A8BB00204FF4E161174A41F27C53CC
:1091D000CDE900210290154A1349ECF714F945E056
:1091E000E8000020EC000020F0000020A801002092
:1091F0002C0200203002002034020020380200201F
:1092000000040240001002403333333F00C0C14429
:1092100000000240BC0000202C04002004000020BC
:109220000000E144A40000207CFCFFFFBAFAFFFF2D
:10923000FFE7F6480068012818D1F54800680128C2
:1092400014D1F4480068012810D1F34800680128BF
:109250000CD100204FF4E161F04A41F27C53CDE99A
:1092600000210290EE4AED49ECF7CDF80020EAF734
:109270003BF940F20910EBF76BFA0020E94908606E
:1092800019E006E0012009F003FFE7F7EBFB00B966
:109290000BE0E5490968E54A1268881A002801DBF5
:1092A000014600E041421429ECDC00BFDD480068C3
:1092B000401CDC490860DB4800683228E1DBDC4800
:1092C000006800286DD1DB480068002869D1DA48C1
:1092D0000068002865D11FED341ADFEDD80A0C2094
:1092E0009FEDD70AEAF72DFA0020CE49086014E076
:1092F00006E0E7F7B7FB00B909E0012009F0C8FE76
:109300004FF48071CF4806F0C3FC0028F1D000BFB5
:10931000C4480068401CC3490860C248006840F265
:109320000E618842E4DB1FED481ADFEDC40A082015
:109330009FEDC30AEAF705FA0020BA49086026E063
:1093400006E0E7F78FFB00B91BE0012009F0A0FE63
:109350004FF48071BB4806F09BFC0028F1D04021FF
:10936000B94806F095FC0028EBD0AF480068AF493B
:109370000968441A002C01DB204600E060420A28FC
:10938000DFDC00BFA7480068401CA6490860A5486C
:10939000006840F20E618842D2DB0020EAF7A4F8B0
:1093A0000CE0A3480068012802D1FFF73DFD05E06D
:1093B000A0480068012801D1FEF7E3FF0020EAF78A
:1093C00093F83EBD10B591480068002848D19048F8
:1093D0000068002844D18F480068002840D18E489A
:1093E000006800283CD1ECF7B6FE06E0012009F049
:1093F0004FFEE7F737FB00B90BE08B4909688B4A52
:109400001268881A002801DB014600E041420F295A
:10941000ECDC00BF1FED841ADFED880A0A201FED87
:10942000800AEAF78EF900207E49086013E006E022
:10943000012009F02DFEE7F715FB00B905E08021BA
:10944000814806F025FC0028F2D000BF754800686E
:10945000401C74490860734800689628E7DB53E1B4
:109460006A480068012846D16948006888BB694895
:10947000006870BB6848006858BBECF76CFE06E0FB
:10948000012009F005FEE7F7EDFA00B90BE06649A7
:109490000968664A1268881A002801DB014600E064
:1094A00041420F29ECDC00BF1FEDA91ADFED630A72
:1094B0000A201FEDA50AEAF744F90020594908607F
:1094C00014E007E0012009F0E3FDE7F7CBFA08B963
:1094D00006E010E080215C4806F0DAFB0028F1D0BD
:1094E00000BF50480068401C4E4908604D48006865
:1094F0009628E6DB08E14548006801286CD144481D
:109500000068012868D143480068002864D14248B7
:109510000068002860D1ECF71EFE06E0012009F08B
:10952000B7FDE7F79FFA00B90BE03F4909683F4AEA
:109530001268881A002801DB014600E041420F2929
:10954000ECDC00BF23E080213F4806F0A1FB70B9AE
:1095500004213E4806F09CFB48B91FEDD51ADFED0B
:10956000370A0E209FED3A0AEAF7EBF808E01FED04
:10957000DA1ADFED320A0A209FED310AEAF7E1F844
:10958000012009F085FDE7F76DFA00B90BE08021B5
:109590002E4806F07DFB30B94FF480712B4806F061
:1095A00077FB0028CFD000BF1FEDE91ADFED230ABB
:1095B00008209FED280AEAF7C4F806E0012009F028
:1095C00067FDE7F74FFA00B905E080211E4806F075
:1095D0005FFB0028F2D097E00C480068012814D106
:1095E0000B480068012810D10A48006801280CD1F6
:1095F0000948006848B9ECF7AEFD2EE0012009F0FB
:1096000047FDE7F72FFA38BB33E07DE02C0200205E
:109610003002002034020020380200207CFCFFFFD2
:10962000BAFAFFFFDC030020BC0000202C0400205D
:10963000E8000020EC000020F0000020000061C4E1
:10964000000061440000024000040240001002409B
:109650000040B5440080ED44FFE7FD490968FD4A3C
:109660001268881A002801DB014600E041420F29F8
:10967000C4DC00BF23E08021F74806F009FB70B985
:109680000421F64806F004FB48B99FEDF51A5FED9A
:10969000150A0E201FED120AEAF753F808E09FEDB5
:1096A000F01A5FED1A0A0A201FED1B0AEAF749F8C3
:1096B000012009F0EDFCE7F7D5F900B90BE08021B6
:1096C000E64806F0E5FA30B94FF48071E34806F059
:1096D000DFFA0028CFD000BF9FEDE11A5FED290A25
:1096E00008201FED240AEAF72CF806E0012009F013
:1096F000CFFCE7F7B7F900B905E08021D64806F0BE
:10970000C7FA0028F2D000BF0020E9F7EDFE10BD37
:1097100010B540F23520EBF72DF8D248006800284C
:1097200079D1D1480068002875D1D0480068002858
:1097300071D1CF48006800286DD1CE49086039E06A
:109740001FE0CD480068CD490968884209DD9FEDDA
:10975000C41A5FED460A0E209FEDC90AE9F7F1FF32
:1097600008E09FEDBF1A5FED4B0A0A201FED4C0A7F
:10977000E9F7E7FF012009F08BFCE7F773F900B97F
:1097800012E04FF48051BF4806F082FA0028D8D08A
:10979000AF480068AF490968441A002C01DB204635
:1097A00000E06042C828CCDC00BFB2480068401C22
:1097B000B0490860AF48006840F20E618842BFDBE4
:1097C0009FEDB11A5FED630A0A209FEDB00AE9F739
:1097D000B8FF0020A749086013E006E0012009F067
:1097E00057FCE7F73FF900B905E0A3480068A34933
:1097F00009688842F2DC00BF9E480068401C9D4911
:1098000008609C4800689628E7DB4FF4FA6009F08E
:109810003FFC75E1FFE793480068012879D1924841
:109820000068002875D191480068002871D19048DF
:10983000006800286DD18F49086039E01FE08E482C
:1098400000688E490968884209DD9FED851A5FED41
:10985000850A0E209FED8A0AE9F773FF08E09FED65
:10986000801A5FED8A0A0A201FED8B0AE9F769FF6B
:10987000012009F00DFCE7F7F5F800B912E04FF40C
:109880008051804806F004FA0028D8D0704800685B
:1098900070490968441A002C01DB204600E0604250
:1098A000C828CCDC00BF73480068401C71490860C0
:1098B0007048006840F20E618842BFDB9FED721A6B
:1098C0005FEDA20A0A209FED710AE9F73AFF002036
:1098D0006849086013E006E0012009F0D9FBE7F7CA
:1098E000C1F800B905E06448006864490968884225
:1098F000F2DC00BF5F480068401C5E4908605D48BC
:1099000000689628E7DB4FF4FA6009F0C1FBF7E046
:10991000FFE754480068012866D1534800680128D1
:1099200062D152480068E8BB51480068D0BBB6EE2F
:10993000001A5FEDBE0A0A209FED550AE9F701FF04
:1099400000204C4908601FE006E0012009F0A0FB60
:10995000E7F788F800B911E047490968474A1268F3
:109960009142F2DC3A4909683A4A1268881A00289A
:1099700001DB014600E04142C829E6DC00BF3D486A
:109980000068401C3B4908603A4800689628DBDBC9
:109990009FED3D1A5FEDD70A0A209FED3C0AE9F7DB
:1099A000D0FE00E020E000203249086013E006E02D
:1099B000012009F06DFBE7F755F800B905E02E48E6
:1099C00000682E4909688842F2DC00BF2948006817
:1099D000401C28490860274800689628E7DB4FF4B8
:1099E000FA6009F055FB8BE01E48006801282ED173
:1099F0001D48006801282AD11C48006801287FD131
:109A00001B48006818BBB6EE001A5FEDF40A0A2086
:109A10009FED1F0AE9F795FE00201649086042E015
:109A200006E0012009F034FBE7F71CF800B934E048
:109A300011490968114A12689142F2DC0449096827
:109A4000044A1268881A002824DB014623E057E004
:109A5000BC0000202C040020000402400010024042
:109A60003333333F2C020020300200203402002028
:109A700038020020DC030020A4000020A801002000
:109A80000000E14300000240CDCCCC3D00000000CE
:109A9000000096C34142C829C3DC00BFFE480068ED
:109AA000401CFD490860FC4800689628B8DB1FEDA3
:109AB0000A1ADFEDFA0A0A201FED0C0AE9F741FE47
:109AC0000020F549086013E006E0012009F0E0FA03
:109AD000E6F7C8FF00B905E0F1480068F1490968F8
:109AE0008842F2DC00BFEC480068401CEA4908608C
:109AF000E94800689628E7DB4FF4FA6009F0C8FAF5
:109B00000020E9F7F1FC10BD70B5E6480068451D7E
:109B1000F2F78FFB40F23520EAF71AFEE2480068C0
:109B200000287DD1E1480068002879D1E04800682C
:109B3000002875D1DF480068002871D1D649086037
:109B40003DE023E08021DC4806F0A2F870B9042152
:109B5000DA4806F09DF848B91FED3F1ADFEDCF0A4D
:109B60000E209FEDD70AE9F7ECFD08E01FED441A3F
:109B7000DFEDCA0A0A209FEDD30AE9F7E2FD0120D2
:109B800009F086FAE6F76EFF00B912E04FF4805153
:109B9000CD4806F07DF80028D4D0CC480068CC49E8
:109BA0000968441A002C01DB204600E0604264286A
:109BB000C8DC00BFB8480068401CB7490860B64818
:109BC000006840F20E618842BBDBEAF733FE0020FA
:109BD000B14908601CE01FED5E1ADFEDB00A0A20F3
:109BE0009FEDBC0AE9F7ADFD06E0012009F050FA4F
:109BF000E6F738FF00B905E00421B04806F048F860
:109C00000028F2D000BFA4480068401CA2490860A8
:109C1000A148006840F20E618842DCDB28E1FFE7E2
:109C2000A148006801287DD1A0480068002879D1AA
:109C30009F480068002875D19E480068002871D1AF
:109C4000954908603DE023E080219B4806F020F81C
:109C500070B90421994806F01BF848B91FED801A25
:109C6000DFED8E0A0E209FED960AE9F76AFD08E007
:109C70001FED851ADFED890A0A209FED920AE9F7A8
:109C800060FD012009F004FAE6F7ECFE00B912E0ED
:109C90004FF480518C4805F0FBFF0028D4D08B484E
:109CA00000688B490968441A002C01DB204600E05B
:109CB00060426428C8DC00BF77480068401C7649D1
:109CC00008607548006840F20E618842BBDBEAF725
:109CD000B1FD0020704908601CE01FED9F1ADFED08
:109CE0006F0A0A209FED7B0AE9F72BFD06E00120B1
:109CF00009F0CEF9E6F7B6FE00B905E004216F4899
:109D000005F0C6FF0028F2D000BF63480068401C81
:109D1000614908606048006840F20E618842DCDBFF
:109D2000A6E0FFE76048006801284DD15F48006861
:109D3000012849D15E480068A8BB5E48006890BB16
:109D40000020554908603AE01DE055480068A842E7
:109D500009DD1FEDBD1ADFED510A0E209FED5E0AF1
:109D6000E9F7EFFC08E01FEDC21ADFED4C0A0A200C
:109D70009FED540AE9F7E5FC012009F089F9E6F7BF
:109D800071FE00B913E04FF480514F4805F080FF99
:109D90000028DAD04D4800684D490968441A002C63
:109DA00002DB204601E00FE060426428CDDC00BF0A
:109DB000EAF740FD38480068401C374908603648DB
:109DC00000689628C0DB53E03748006801284FD16F
:109DD0003648006801284BD135480068012847D132
:109DE0003448006890BB00202B4908603AE01DE031
:109DF0002B480068A84209DD1FEDE71ADFED270AAE
:109E00000E209FED350AE9F79CFC08E01FEDEC1AE7
:109E1000DFED220A0A209FED2B0AE9F792FC0120D0
:109E200009F036F9E6F71EFE00B913E04FF4805151
:109E3000254805F02DFF0028DAD024480068244981
:109E40000968441A002C02DB204601E010E0604261
:109E50006428CDDC00BFEAF7EDFC0F480068401C29
:109E60000D4908600C48006840F20E618842BEDB74
:109E70000A20E9F739FB9FED191ADFED080A0A20DD
:109E80009FED100AE9F75DFC40F2DC5009F000F9A3
:109E90000020E9F729FB70BDDC030020000061C44D
:109EA000A4000020A80100202C0200203002002085
:109EB000340200203802002000040240001002405A
:109EC00000C0C1440000614400000240BC0000200A
:109ED0002C0400200000E1440000AF433333333F43
:109EE0003EB5FB480068B8B9FA480068A0B9FA481E
:109EF000006888B9F948006870B900204FF4E16142
:109F0000F74A41F27C53CDE900210290F44A96329F
:109F1000F349EBF778FA70E0ED480068012816D1B4
:109F2000EC48006898B9EC48006880B9EB480068D4
:109F300068B900204FF4E161E94A41F27C53CDE970
:109F40000021029052105100EBF75DFA55E0E04815
:109F50000068012817D1DF480068012813D1DE48C6
:109F6000006880B9DD48006868B900204FF4E161FD
:109F7000DB4A41F27C53CDE900210290521051009E
:109F8000EBF741FA39E0D2480068012818D1D148EE
:109F90000068012814D1D0480068012810D1CF48AA
:109FA000006868B900204FF4E161CD4A41F27C536A
:109FB000CDE900210290CB4AC949EBF724FA1CE015
:109FC000C3480068012818D1C2480068012814D18C
:109FD000C1480068012810D1C048006801280CD190
:109FE00000204FF4E161BE4A41F27C53CDE90021EB
:109FF0000290BC4ABA49EBF706FA0020E9F774FA76
:10A00000EAF798FBB8480068FA30B8490860B848E1
:10A010000068FA30B7490860B748006888BBB7489D
:10A02000006870BBB648006858BB1FED541A5FED5E
:10A03000650A0A201FED5D0AE9F783FB0020B1499C
:10A04000086029E006E0E6F70DFD00B91EE00120FA
:10A0500009F01EF84FF48071AB4805F019FE012895
:10A06000F1D04FF48051A84805F012FE0028EAD044
:10A07000A64800689F490968441A002C02DB204664
:10A0800001E010E06042B0F5967FDCDC00BF9D4847
:10A090000068401C9B4908609A48006840F20E61C5
:10A0A0008842CFDB13E094480068012802D1FFF713
:10A0B0002BFD0CE091480068012802D1FFF728FB36
:10A0C00005E08F480068012801D1FFF77BF90020E7
:10A0D000E9F70AFA3EBD3EB57D480068B8B97D484B
:10A0E0000068A0B97C48006888B97C48006870B9ED
:10A0F00000204FF4E1617A4A41F27C53CDE900211E
:10A100000290774A96327649EBF77DF970E0704815
:10A110000068012816D16F48006898B96E48006839
:10A1200080B96E48006868B900204FF4E1616C4A5C
:10A1300041F27C53CDE900210290754A6849EBF762
:10A1400062F955E062480068012817D1614800684B
:10A15000012813D16048006880B96048006868B978
:10A1600000204FF4E1615E4A41F27C53CDE90021C9
:10A170000290674A5A49EBF746F939E054480068BB
:10A18000012818D153480068012814D152480068AA
:10A19000012810D15148006868B900204FF4E161EE
:10A1A0004F4A41F27C53CDE9002102904D4A4C497F
:10A1B000EBF729F91CE046480068012818D145480A
:10A1C0000068012814D144480068012810D1434890
:10A1D000006801280CD100204FF4E161404A41F2AF
:10A1E0007C53CDE9002102903E4A3D49EBF70BF943
:10A1F0000020E9F779F940480068002867D13F4816
:10A200000068002863D13E48006800285FD1EAF763
:10A2100091FA35480068FA303449086034480068DB
:10A22000FA30344908601FEDD31A5FEDE40A0F20BD
:10A230001FEDDC0AE9F785FA00203249086014E0D6
:10A2400006E0E6F70FFC00B909E0012008F020FF66
:10A250004FF480712C4805F01BFD0128F1D000BFA0
:10A2600028480068401C274908602648006840F2DA
:10A270000E618842E4DB1FEDE71A5FEDF80A082063
:10A280001FEDF00AE9F75DFA00201E4908604AE078
:10A2900006E0E6F7E7FB00B93FE0012008F0F8FE32
:10A2A0004FF48071184805F0F3FC0128F1D04FF409
:10A2B0008051154805F0ECFC0028EAD013480068EE
:10A2C0000C490968441A002C24DB204623E031E0C5
:10A2D0002C0200203002002034020020380200202E
:10A2E0007CFCFFFFBAFAFFFF1804002020040020C6
:10A2F000240400202C040020E8000020EC000020B2
:10A30000F0000020DC03002000000240BC00002020
:10A31000A2FEFFFF60420A28BBDC00BFFD480068C8
:10A32000401CFC490860FB48006840F20E6188420E
:10A33000AEDB0CE0F8480068012802D1FFF7E4FB2F
:10A3400005E0F6480068012801D1FFF7E1F9002097
:10A35000E9F7CAF83EBD10B5F1480068002845D1BC
:10A36000F0480068002841D1EF48006800283DD13E
:10A37000EE480068C8BB40F23520EAF7FBF99FEDD4
:10A38000EC1ADFEDEC0A0A209FEDEB0AE9F7D9F9A8
:10A390000020E04908601FE006E0012008F078FE98
:10A3A000E6F760FB00B911E0E4490968E44A126885
:10A3B0009142F2DCE3490968E34A1268881A0028EE
:10A3C00001DB014600E04142C829E6DC00BFD1487C
:10A3D0000068401CCF490860CE4800689628DBDB47
:10A3E00040F6C41008F054FE25E1FFE7CC480068B1
:10A3F000012844D1CB480068E8BBCB480068D0BBFB
:10A40000CA480068B8BB40F23520EAF7B3F99FEDBF
:10A41000C81ADFEDC80A0A209FEDC70AE9F791F9CB
:10A420000020BC4908601FE006E0012008F030FE73
:10A43000E6F718FB00B911E0C0490968C04A126884
:10A440009142F2DCBF490968BF4A1268881A0028A5
:10A4500001DB014600E04142C829E6DC00BFAD480F
:10A460000068401CAB490860AA4800689628DBDBFE
:10A4700040F6C41000E002E008F00AFEDBE0A84865
:10A480000068012869D1A7480068012865D1A6485D
:10A490000068002861D1A548006800285DD140F21D
:10A4A0003520EAF767F99FEDA21ADFEDA20A0A202C
:10A4B0009FEDA60AE9F745F90020964908601EE0DD
:10A4C00006E0012008F0E4FDE6F7CCFA00B910E060
:10A4D0009F4909681C29F4DB9A4909689A4A12685D
:10A4E000881A002801DB014600E04142B1F5967F61
:10A4F000E7DC00BF87480068401C86490860854843
:10A5000000689628DCDB9FED8A1ADFED8A0A0A20B4
:10A510009FED900AE9F715F900207E49086013E0E5
:10A5200006E0012008F0B4FDE6F79CFA00B905E06A
:10A5300082480068824909688842F2DC00BF754899
:10A540000068401C73490860724800689628E7DB81
:10A5500040F6C41008F09CFD6DE0714800680128C9
:10A5600069D170480068012865D16F4800680128EA
:10A5700061D16E480068E8BB40F23520EAF7FAF88E
:10A580009FED6B1ADFED6B0A0A209FED700AE9F769
:10A59000D8F800205F4908601EE006E0012008F0BE
:10A5A00077FDE6F75FFA00B910E0694909681C29F0
:10A5B000F4DB64490968644A1268881A002801DBE0
:10A5C000014600E04142B1F5967FE7DC00BF51480B
:10A5D0000068401C4F4908604E4800689628DCDB44
:10A5E0009FED531ADFED530A0A209FED5A0AE9F74F
:10A5F000A8F800E01FE000204649086013E006E0EC
:10A60000012008F045FDE6F72DFA00B905E04B48BA
:10A6100000684B4909688842F2DC00BF3D48006889
:10A62000401C3C4908603B4800689628E7DB40F640
:10A63000C41008F02DFD0020E8F756FF10BD0EB540
:10A6400037480068A8B93748006890B936480068AC
:10A6500078B93648006860B93F480021421041F29D
:10A660007C53CDE9002102903C4A4110EAF7CBFE31
:10A6700095E02B480068012815D12A48006890B958
:10A680002948006878B92948006860B93248002133
:10A69000421041F27C53CDE900210290821041101A
:10A6A000EAF7B1FE7BE01E480068012816D11D487C
:10A6B0000068012812D11C48006878B91B4800685E
:10A6C00060B925480021421041F27C53CDE90021B8
:10A6D000029082104110EAF796FE60E01048006890
:10A6E000012840D10F48006801283CD10E4800687D
:10A6F000012838D10D480068A0BB1748002142103E
:10A7000041F27C53CDE900210290154A4110EAF74D
:10A710007AFE44E0DC030020E8000020EC0000208A
:10A720002C020020300200203402002038020020D9
:10A730006666663F000061C40040CEC4A0000020F1
:10A74000A0010020BC0000202C0400200040B544E3
:10A750009C0000200000E144F8F8FFFFAEFCFFFF82
:10A76000BAFAFFFFFFE7FB480068012817D1FA4853
:10A770000068012813D1F948006801280FD1F84872
:10A78000006801280BD1F7480021421041F27C53A8
:10A79000CDE900210290F44A4110EAF734FE00208E
:10A7A000E8F7A2FE40F20910E9F7D2FF0020EF49D6
:10A7B000086019E006E0012008F06AFCE6F752F9AB
:10A7C00000B90BE0EA490968EA4A1268881A0028C9
:10A7D00001DB014600E041421429ECDC00BFE34804
:10A7E0000068401CE1490860E04800683228E1DB6D
:10A7F000E148006888BBE148006870BBE048006839
:10A8000058BBB6EE001A5FED350A0A209FEDDD0A4F
:10A81000E8F797FF0020D549086014E006E0E6F766
:10A8200021F900B909E0012008F032FC4FF48071F1
:10A83000D54805F02DFA0028F1D000BFCB480068BC
:10A84000401CCA490860C948006840F20E6188424D
:10A85000E4DB0020E8F748FE06E0FFE7C8480068B0
:10A86000012801D1FFF777FD0020E8F73DFE0EBD7E
:10A870003EB5B8480068A8B9B748006890B9B7486D
:10A88000006878B9B648006860B9B648002142103F
:10A8900041F27C53CDE900210290BC4A4110EAF715
:10A8A000ADFB6CE0AB480068012815D1AA480068F0
:10A8B00090B9AA48006878B9A948006860B9A94861
:10A8C0000021421041F27C53CDE900210290821018
:10A8D0004110EAF793FB52E09E480068012816D128
:10A8E0009D480068012812D19C48006878B99C48AE
:10A8F000006860B99B480021421041F27C53CDE9C9
:10A900000021029082104110EAF778FB37E091486D
:10A910000068012817D190480068012813D18F489A
:10A92000006801280FD18E48006860B98D48002169
:10A93000421041F27C53CDE9002102908A4A411035
:10A94000EAF75CFB1BE083480068012817D18248C6
:10A950000068012813D18148006801280FD1804880
:10A96000006801280BD17F480021421041F27C533E
:10A97000CDE9002102907C4A4110EAF73FFB00201C
:10A98000E8F7B2FD40F20910E9F7E2FE002077494E
:10A99000086019E006E0012008F07AFBE6F762F8AB
:10A9A00000B90BE072490968724A1268881A0028D7
:10A9B00001DB014600E041421429ECDC00BF6B489A
:10A9C0000068401C69490860684800683228E1DB7B
:10A9D00069480068E8BB69480068D0BB68480068FF
:10A9E000B8BBB6EE001A5FEDAD0A0A209FED650A0E
:10A9F000E8F7A7FE00205D49086020E006E0E6F7E2
:10AA000031F800B915E0012008F042FB4FF48071E5
:10AA10005D4805F03DF90028F1D0554800685549DA
:10AA20000968441A002C01DB204600E0604214282B
:10AA3000E5DC00BF4D480068401C4C4908604B48AD
:10AA4000006840F20E618842D8DB0020E8F74CFD38
:10AA50000DE0FFE749480068012802D1FDF7F6F94B
:10AA600005E047480068012801D1FDF742F80020C1
:10AA7000E8F73AFD3EBD70B545480568F1F7D9FBEA
:10AA800040F20910E9F764FE32480068002844D11A
:10AA900031480068002840D13048006888BB304801
:10AAA000006870BB1DE03B480068A84209DD9FEDCF
:10AAB0003A1A5FEDE00A0F209FED380AE8F741FEF1
:10AAC00008E09FED351A5FEDE50A0C209FED2D0A99
:10AAD000E8F737FE012008F0DBFAE5F7C3FF00B91D
:10AAE00013E04FF48071284805F0D2F80028DAD03E
:10AAF0001F4800681F490968441A002C02DB2046E1
:10AB000001E00AE060421428CDDC00BF2448C07F89
:10AB100040F080002249C87743E10E4800680128D0
:10AB20006DD10D480068A0B90C48006888B90C4880
:10AB3000006870B948E017480068A84234DD9FED0E
:10AB4000161ADFED180A0F209FED140AE8F7F9FD39
:10AB500033E054E02C0200203002002034020020B8
:10AB600038020020F8F8FFFFBAFAFFFFDC030020EC
:10AB7000BC0000202C040020E8000020EC00002095
:10AB8000F00000200000614400000240AEFCFFFF26
:10AB9000A0010020A00000203333333F00C0C14497
:10ABA00004000020000061C41FED051A5FED030AD8
:10ABB0000C201FED0C0AE8F7C4FD012008F068FA2C
:10ABC000E5F750FF00B912E04FF48071FD4805F041
:10ABD0005FF80028AFD0FC480068FC490968441AB7
:10ABE000002C01DB204600E060421428A3DC00BFFB
:10ABF000F748C07F40F02000F549C877D1E0F5481C
:10AC00000068012864D1F4480068012860D1F34845
:10AC1000006800285CD1F2480068A8BB24E04FF42B
:10AC20000061E84805F034F870B90121ED4805F0FD
:10AC30002FF848B91FED281A5FED260A0F209FED67
:10AC4000EA0AE8F77EFD08E01FED2D1A5FED2B0AFA
:10AC50000C201FED340AE8F774FD012008F018FA03
:10AC6000E5F700FF00B913E04FF48071D54805F017
:10AC70000FF80028D3D0D4480068D4490968441A92
:10AC8000002C02DB204601E022E060421428C6DCF2
:10AC900000BFCF48C07F40F08000CD49C8771FED8E
:10ACA000421A5FED400A0A209FEDD00AE8F749FDFD
:10ACB00006E0012008F0ECF9E5F7D4FE00B906E063
:10ACC0004FF40061BF4804F0E3FF0028F1D068E0D2
:10ACD000C0480068012864D1BF480068012860D1DD
:10ACE000BE48006801285CD1BD480068A8BB24E0CC
:10ACF0004FF40061B34804F0CBFF70B90121B948AB
:10AD000004F0C6FF48B91FED5C1A5FED5A0A0F2028
:10AD10009FEDB50AE8F715FD08E01FED611A5FED3C
:10AD20005F0A0C201FED690AE8F70BFD012008F00F
:10AD3000AFF9E5F797FE00B913E04FF48071A14831
:10AD400004F0A6FF0028D3D09F4800689F490968F7
:10AD5000441A002C02DB204601E022E06042142865
:10AD6000C6DC00BF9A48C07F40F020009849C877F1
:10AD70001FED771A5FED750A0A209FED9C0AE8F730
:10AD8000E0FC06E0012008F083F9E5F76BFE00B96E
:10AD900006E04FF400618B4804F07AFF0028F1D000
:10ADA00000BF0020E8F7A0FB70BD0EB58948006821
:10ADB000A8B98948006890B98848006878B9884877
:10ADC000006860B98A480021421041F27C53CDE905
:10ADD00000210290874A4110EAF715FB6CE07D489C
:10ADE0000068012815D17C48006890B97B4800684C
:10ADF00078B97B48006860B97D480021421041F273
:10AE00007C53CDE90021029082104110EAF7FBFA51
:10AE100052E070480068012816D16F480068012888
:10AE200012D16E48006878B96D48006860B9704802
:10AE30000021421041F27C53CDE9002102908210A2
:10AE40004110EAF7E0FA37E062480068012817D1BC
:10AE500061480068012813D16048006801280FD1BB
:10AE60005F48006860B962480021421041F27C539B
:10AE7000CDE900210290604A4110EAF7C4FA1BE0D4
:10AE800054480068012817D153480068012813D19D
:10AE90005248006801280FD15148006801280BD1A1
:10AEA00053480021421041F27C53CDE90021029029
:10AEB000514A4110EAF7A7FA0020E8F715FB40F2E3
:10AEC0000910E9F745FC00204C49086019E006E04C
:10AED000012008F0DDF8E5F7C5FD00B90BE03A49BF
:10AEE00009683A4A1268881A002801DB014600E026
:10AEF00041421429ECDC00BF40480068401C3F4937
:10AF000008603E4800683228E1DB3D4800680028C0
:10AF10007ED13C48006800287AD13B480068002870
:10AF200076D11FEDE31A5FEDE10A0C201FEDEB0A6D
:10AF3000E8F707FC00203149086014E006E0E5F777
:10AF400091FD00B909E0012008F0A2F84FF48071EA
:10AF50001C4804F09DFE0028F1D000BF274800687F
:10AF6000401C264908602548006840F20E6188426E
:10AF7000E4DB1FEDF71A5FEDF50A08209FED230AC9
:10AF8000E8F7DFFB00201D4908601AE006E0E5F75E
:10AF900069FD00B90FE0012008F07AF8402111485E
:10AFA00004F076FE0028F2D04FF48071054804F0DA
:10AFB0006FFE0028EBD000BF10480068401C0F490E
:10AFC000086026E000000240BC0000202C040020A5
:10AFD000040000202C020020300200203402002057
:10AFE00038020020000402400000AF4300000000CF
:10AFF000F8F8FFFFAEFCFFFFBAFAFFFFDC0300200A
:10B00000E8000020EC000020F00000200000614477
:10B0100009E0FC48006840F20E618842B6DB00207F
:10B02000E8F762FA0CE0F8480068012802D1FFF75F
:10B0300022FD05E0F5480068012801D1FFF78BF9F2
:10B040000020E8F751FA0EBD0EB5F1480068A8B926
:10B05000F048006890B9F048006878B9EF48006897
:10B0600060B9EF480021421041F27C53CDE9002144
:10B070000290EC4A4110E9F7C1FF6CE0E448006837
:10B08000012815D1E348006890B9E348006878B911
:10B09000E248006860B9E2480021421041F27C5366
:10B0A000CDE90021029082104110E9F7A7FF52E09C
:10B0B000D7480068012816D1D6480068012812D167
:10B0C000D548006878B9D548006860B9D4480021EF
:10B0D000421041F27C53CDE90021029082104110D0
:10B0E000E9F78CFF37E0CA480068012817D1C94842
:10B0F0000068012813D1C848006801280FD1C7484B
:10B10000006860B9C6480021421041F27C53CDE985
:10B1100000210290C44A4110E9F770FF1BE0BC48CF
:10B120000068012817D1BB480068012813D1BA482C
:10B13000006801280FD1B948006801280BD1B84830
:10B140000021421041F27C53CDE900210290B64A21
:10B150004110E9F753FF0020E8F7C6F940F2091063
:10B16000E9F7F6FA0020A749086019E006E0012097
:10B1700007F08EFFE5F776FC00B90BE0AB490968F4
:10B18000AB4A1268881A002801DB014600E0414200
:10B190001429ECDC00BF9B480068401C99490860FA
:10B1A000984800683228E1DB0020E8F79DF99648CE
:10B1B0000068002861D19F48006800285DD193484D
:10B1C0000068002859D19FED9C1ADFED9C0A0C20E5
:10B1D0001FED720AE8F7B5FA00208A49086014E00A
:10B1E00006E0E5F73FFC00B909E0012007F050FF59
:10B1F0004FF48071924804F04BFD0028F1D000BF5D
:10B2000080480068401C7F4908607E48006840F222
:10B210000E618842E4DB9FED881ADFED880A082082
:10B220001FED860AE8F78DFA0020764908601AE0DB
:10B2300006E0E5F717FC00B90FE0012007F028FF52
:10B240004021804804F024FD0028F2D04FF48071A2
:10B250007B4804F01DFD0028EBD000BF6948006862
:10B26000401C684908606748006840F20E618842E7
:10B27000DEDB0020E8F738F913E0634800680128B6
:10B2800002D1FDF73BFB0CE06A480068012802D1BF
:10B29000FCF7DCFD05E05D480068012801D1FCF702
:10B2A00028FC0020E8F720F90EBD3EB5584800689C
:10B2B000A8B95848006890B95748006878B9574805
:10B2C000006860B956480021421041F27C53CDE934
:10B2D00000210290534A4110E9F790FE6CE04C487F
:10B2E0000068012815D14B48006890B94A480068A9
:10B2F00078B94A48006860B949480021421041F2D3
:10B300007C53CDE90021029082104110E9F776FECE
:10B3100052E03F480068012816D13E4800680128E5
:10B3200012D13D48006878B93C48006860B93C4893
:10B330000021421041F27C53CDE90021029082109D
:10B340004110E9F75BFE37E031480068012817D16A
:10B3500030480068012813D12F48006801280FD118
:10B360002E48006860B92E480021421041F27C53FB
:10B37000CDE9002102902C4A4110E9F73FFE1BE085
:10B3800023480068012817D122480068012813D1FA
:10B390002148006801280FD12048006801280BD1FE
:10B3A0001F480021421041F27C53CDE90021029058
:10B3B0001D4A4110E9F722FE0020E8F795F8E9F769
:10B3C000B9F921480068FA3020490860204800682F
:10B3D000FA30174908600C48006890B915480068B1
:10B3E00078B90A48006860B99FED131ADFED130AB7
:10B3F0000A201FEDFA0AE8F7A4F9002001490860C5
:10B4000050E056E0DC030020E8000020F0000020BF
:10B410002C020020300200203402002038020020DC
:10B42000F8F8FFFFAEFCFFFFBAFAFFFFBC000020F8
:10B430002C040020EC0000203333333F000061C4B3
:10B4400000000240000402401804002020040020F4
:10B450002404002006E0E5F705FB00B91CE001200C
:10B4600007F016FE4FF48071FD4804F011FC01282E
:10B47000F1D04FF48051FA4804F00AFC0028EAD0D9
:10B48000F8480068F8490968441A002C01DB204696
:10B4900000E060420A28DEDC00BFF4480068401C7F
:10B4A000F2490860F148006840F20E618842D1DB41
:10B4B00013E0EF480068012802D1FEF725FB0CE0FD
:10B4C000EC480068012802D1FEF722F905E0EA48BD
:10B4D0000068012801D1FDF775FF0020E8F704F8A6
:10B4E0003EBD10B5E5494842E9F7E0FDE048006897
:10B4F000002843D1DF48006800283FD1DE480068BB
:10B50000D8BB40F20910E9F723F9B6EE001A5FED57
:10B51000350A10209FEDDA0AE8F713F90020D34925
:10B52000086020E006E0E5F79DFA00B915E001208B
:10B5300007F0AEFD4FF48071C94804F0A9FB002864
:10B54000F1D0C8480068C8490968441A002C01DBDA
:10B55000204600E060421428E5DC00BFC3480068D4
:10B56000401CC2490860C148006840F20E61884230
:10B57000D8DB0020E7F7B8FF06E0FFE7BE48006829
:10B58000012801D1FEF7E7FE0020E7F7ADFF10BD6F
:10B5900010B5BA494842E9F789FD0020E7F7A4FF52
:10B5A000B3480068002843D1B248006800283FD162
:10B5B000B1480068D8BB40F20910E9F7C9F8B6EE07
:10B5C000001A5FED620A11209FEDAD0AE8F7B9F8A5
:10B5D0000020A649086020E006E0E5F743FA00B93C
:10B5E00015E0012007F054FD4FF480719C4804F0F1
:10B5F0004FFB0028F1D09B4800689B490968441A1A
:10B60000002C01DB204600E060421428E5DC00BF8E
:10B6100096480068401C954908609448006840F2CC
:10B620000E618842D8DB0A20E7F75EFF0DE0FFE7F6
:10B6300090480068012802D1FCF708FC05E08E481C
:10B640000068012801D1FCF754FA0020E7F74CFF0D
:10B6500010BD10B589494842E9F728FD84480068C3
:10B66000002843D18348006800283FD18248006801
:10B67000D8BB40F20910E9F76BF8B6EE001A5FED9F
:10B68000910A10209FED7E0AE8F75BF800207749C9
:10B69000086020E006E0E5F7E5F900B915E00120D3
:10B6A00007F0F6FC4FF480716D4804F0F1FA0028C1
:10B6B000F1D06C4800686C490968441A002C01DB21
:10B6C000204600E060421428E5DC00BF67480068BF
:10B6D000401C664908606548006840F20E61884277
:10B6E000D8DB0020E7F700FF06E0FFE761480068CD
:10B6F000012801D1FCF745FE0020E7F7F5FE10BD5B
:10B7000010B55E494842E9F7D1FC59480068002865
:10B7100072D15848006800286ED157480068002848
:10B720006AD140F20910E9F713F81FEDBD1A5FED79
:10B73000BD0A14209FED520AE8F703F800204B4998
:10B74000086020E006E0E5F78DF900B915E001207A
:10B7500007F09EFC4FF48071414804F099FA0028EC
:10B76000F1D04048006840490968441A002C01DBC8
:10B77000204600E060421428E5DC00BF3B4800683A
:10B78000401C3A4908603948006840F20E6188421E
:10B79000D8DB1FEDD71A5FEDD70A0A209FED380AD4
:10B7A000E7F7CFFF0020314908601AE006E0E5F72F
:10B7B00059F900B90FE0012007F06AFC4021314837
:10B7C00004F066FA0028F2D04FF48071244804F0A7
:10B7D0005FFA0028EBD000BF24480068401C2349D2
:10B7E00008602248006840F20E618842DEDB0020DB
:10B7F000E7F77AFE0DE0FFE71D480068012802D157
:10B80000FFF739F905E01C480068012801D1FEF76F
:10B81000A2FD0020E7F768FE10BD10B517494842A9
:10B82000E9F7FEF940F20910E8F792FF10480068C6
:10B8300000287DD10F480068002879D10E480068A3
:10B84000002875D19FED101ADFED100A14209FED2E
:10B850000C0AE7F776FF00200449086039E0000091
:10B8600000000240BC0000202C040020DC0300206B
:10B87000E8000020EC000020F00000207CFCFFFF2E
:10B8800000006144000402403333333F000061C4D0
:10B8900006E0E5F7E7F800B915E0012007F0F8FB4E
:10B8A0004FF48071FD4804F0F3F90028F1D0FC4812
:10B8B0000068FC490968441A002C01DB204600E0BE
:10B8C00060420A28E5DC00BFF7480068401CF649E2
:10B8D0000860F548006840F20E618842D8DB1FED31
:10B8E000161A5FED160A0A201FED1B0AE7F729FF5B
:10B8F0000020ED4908601AE006E0E5F7B3F800B96A
:10B900000FE0012007F0C4FB4021E84804F0C0F933
:10B910000028F2D04FF48071E04804F0B9F9002813
:10B92000EBD000BFE0480068401CDF49086000E041
:10B9300009E0DD48006840F20E618842DCDB00204F
:10B94000E7F7D2FD13E0DA480068012802D1FCF7DE
:10B95000D5FF0CE0D7480068012802D1FCF776FA41
:10B9600005E0D5480068012801D1FCF7C2F80020A5
:10B97000E7F7BAFD10BD10B5D0494842E9F750F9D4
:10B98000CB48006800287ED1CA48006800287AD1D8
:10B99000C9480068002876D140F20910E8F7D8FEBF
:10B9A0001FED471A5FED470A14201FED4B0AE7F71A
:10B9B000C8FE0020BC49086020E006E0E5F752F828
:10B9C00000B915E0012007F063FB4FF48071B34824
:10B9D00004F05EF90028F1D0B1480068B149096867
:10B9E000441A002C01DB204600E060420A28E5DC16
:10B9F00000BFAD480068401CAB490860AA48006819
:10BA000040F20E618842D8DB1FED611A5FED610ADA
:10BA10000A201FED650AE7F794FE0020A24908609E
:10BA200026E006E0E5F71EF800B91BE0012007F06C
:10BA30002FFB4FF48071994804F02AF90028F1D0C7
:10BA400040219A4804F024F90028EBD0944800687B
:10BA500094490968441A002C01DB204600E060424A
:10BA60000A28DFDC00BF90480068401C8E4908604F
:10BA70008D48006840F20E618842D2DB0020E7F773
:10BA800033FD0DE0FFE78A480068012802D1FDF789
:10BA9000CBF905E087480068012801D1FCF771FC6B
:10BAA0000020E7F721FD10BD10B584494842E9F7B1
:10BAB000B7F8E8F746FE82480068FA308149086026
:10BAC00081480068FA3077490860794800680028A2
:10BAD0006ED17848006800286AD17748006800284D
:10BAE00066D11FED971A5FED970A14201FED9C0A8F
:10BAF000E7F727FE00206C49086020E006E00120FF
:10BB000007F0C6FAE4F7AEFF00B912E04FF4807117
:10BB1000624804F0BDF80128F1D06148006861492D
:10BB20000968441A002C01DB204600E0604214281A
:10BB3000E5DC00BF5C480068401C5B4908605A486F
:10BB4000006840F20E618842D8DB1FEDB11A5FED4C
:10BB5000B10A0A201FEDB60AE7F7F3FD00205249AB
:10BB600008601BE006E0012007F092FAE4F77AFF94
:10BB700000B90DE04FF48071484804F089F80128BD
:10BB8000F1D04FF48051454804F082F80028EAD003
:10BB900000BF45480068401C4349086042480068AF
:10BBA00040F20E618842DDDB0020E7F79DFC13E0E8
:10BBB0003F480068012802D1FDF7A6FF0CE03D4890
:10BBC0000068012802D1FDF7A3FD05E03A480068AE
:10BBD000012801D1FDF7F6FB0020E7F785FC10BD39
:10BBE00010B536494842E9F761FA31480068002843
:10BBF00072D1304800680028FAD12F480068002828
:10BC0000F6D1E8F79EFD2E480068FA302D4908600D
:10BC10002D480068FA30234908601FEDE51A5FEDF2
:10BC2000E50A14201FEDEA0AE7F78BFD00201E4904
:10BC3000086020E006E0E4F715FF00B915E00120F8
:10BC400007F026FA4FF48071144804F021F8012817
:10BC5000F1D01348006813490968441A002C01DB2D
:10BC6000204600E060420A28E5DC00BF0E4800687C
:10BC7000401C0D4908600C48006840F20E61884283
:10BC8000D8DB9FED121ADFED120A0A209FED110A90
:10BC9000E7F757FD00200449086046E00000024035
:10BCA000BC0000202C040020DC0300200004024023
:10BCB000E8000020EC000020F00000207CFCFFFFEA
:10BCC0001804002020040020240400203333333FD4
:10BCD000000061C4000061442EE006E0E4F7C2FE0B
:10BCE00000B91CE0012007F0D3F94FF48071FE4841
:10BCF00003F0CEFF0128F1D04FF48051FA4803F051
:10BD0000C7FF0028EAD0F9480068F9490968441AD1
:10BD1000002C01DB204600E060420A28DEDC00BF88
:10BD2000F4480068401CF3490860F248006840F29B
:10BD30000E618842D1DB0CE0EF480068012802D197
:10BD4000FDF7E2FE05E0ED480068012801D1FDF7AE
:10BD5000DFFC0020E7F7C8FB10BD10B540F235202E
:10BD6000E8F7F6FCE6480068002862D1E54800687C
:10BD700000285ED1E448006800285AD1E3480068F2
:10BD8000002856D123E00421E14803F081FF70B977
:10BD90008021E04803F07CFF48B91FED341A5FEDC5
:10BDA000340A0F209FEDDC0AE7F7CBFC08E01FED1B
:10BDB000391A5FED390A0A201FED3A0AE7F7C1FC8C
:10BDC000012007F065F9E4F74DFE00B912E04FF4E9
:10BDD0008051C54803F05CFF0028D4D0C3480068F8
:10BDE000C3490968441A002C01DB204600E0604288
:10BDF0002828C8DC00BFC948C07F40F08000C74980
:10BE0000C8771FED4E1A5FED4E0A0A209FEDC40A57
:10BE1000E7F797FC06E0012007F03AF9E4F722FE85
:10BE200000B905E00421BA4803F032FF0028F2D03F
:10BE300037E1B3480068012862D1B24800680028A1
:10BE40005ED1B148006800285AD1B0480068002887
:10BE500056D123E00421AE4803F01AFF70B98021C7
:10BE6000AC4803F015FF48B91FED681A5FED680A8A
:10BE70000F209FEDA90AE7F764FC08E01FED6D1A9B
:10BE80005FED6D0A0A201FED6D0AE7F75AFC0120ED
:10BE900007F0FEF8E4F7E6FD00B912E04FF4805138
:10BEA000914803F0F5FE0028D4D0904800689049EE
:10BEB0000968441A002C01DB204600E06042282873
:10BEC000C8DC00BF9548C07F40F020009349C87788
:10BED0001FED821A5FED820A0A209FED910AE7F7B3
:10BEE00030FC06E0012007F0D3F8E4F7BBFD00B911
:10BEF00005E00421864803F0CBFE0028F2D0D0E014
:10BF00007F480068012863D17E48006801285FD11E
:10BF10007D480068C0BB7D480068A8BB24E00121C3
:10BF20007C4803F0B5FE78B94FF400616E4803F029
:10BF3000AFFE48B91FED9B1A5FED9B0A0F209FEDE6
:10BF4000790AE7F7FEFB08E01FEDA01A5FEDA00AF3
:10BF50000C201FEDA00AE7F7F4FB012007F098F88A
:10BF6000E4F780FD00B913E04FF480515E4803F020
:10BF70008FFE0028D3D05D4800685D490968441AE7
:10BF8000002C02DB204601E022E060422828C6DCCB
:10BF900000BF6248C07F40F080006049C8771FED55
:10BFA000B51A5FEDB50A0A209FED5F0AE7F7C9FBF6
:10BFB00006E0012007F06CF8E4F754FD00B906E054
:10BFC0004FF40061484803F063FE0028F1D068E0B8
:10BFD0004B480068012864D14A480068012860D1B4
:10BFE0004948006801285CD148480068A8BB24E0A3
:10BFF0000121484803F04CFE78B94FF400613A48FB
:10C0000003F046FE48B91FEDCF1A5FEDCF0A0F20AF
:10C010009FED440AE7F795FB08E01FEDD41A5FEDAA
:10C02000D40A0C201FEDD50AE7F78BFB012007F09F
:10C030002FF8E4F717FD00B913E04FF480512A48B8
:10C0400003F026FE0028D3D0284800682849096854
:10C05000441A002C02DB204601E022E0604228283E
:10C06000C6DC00BF2D48C07F40F020002B49C877B8
:10C070001FEDEA1A5FEDEA0A0A209FED2B0AE7F7A7
:10C0800060FB06E0012007F003F8E4F7EBFC00B9E1
:10C0900006E04FF40061144803F0FAFD0028F1D0E7
:10C0A00000BF0020E7F720FA10BD10B51F49484235
:10C0B000EAF7E6FB10480068002879D10F480068CD
:10C0C000002875D11A480068002871D14FF4F0702B
:10C0D000E8F73EFB9FED171ADFED170A14209FEDDE
:10C0E000170AE7F72EFB2BE000000240BC000020FF
:10C0F0002C040020DC030020E8000020EC000020DD
:10C100002C020020300200203402002038020020DF
:10C11000001002400004024000409C440400002043
:10C120000000E14400802244000000007CFCFFFF8E
:10C13000F00000203333333F000061C4000061444D
:10C140000020FE49086020E006E0012006F0A0FF84
:10C15000E4F788FC00B912E04FF48071F84803F06E
:10C1600097FD0128F1D0F7480068F7490968441A9B
:10C17000002C01DB204600E060421428E5DC00BF13
:10C18000EE480068401CED490860EC48006840F249
:10C190000E618842D8DB1FED191A5FED190A0A20DB
:10C1A0001FED1A0AE7F7CDFA0020E449086021E004
:10C1B00027E006E0012006F06BFFE4F753FC00B92E
:10C1C00012E04FF48051DE4803F062FD0028F1D008
:10C1D000DC480068DC490968441A002C01DB204671
:10C1E00000E060421428E5DC00BFD4480068401C31
:10C1F000D2490860D148006840F20E618842D8DB1D
:10C200000CE0D2480068012802D1FFF7A6FD05E046
:10C21000CF480068012801D1FDF7D4F80020E7F7E6
:10C2200063F910BD10B5CB48006800286ED1CA482C
:10C23000006800286AD1C9480068002866D1C8484B
:10C240000068002862D140F23520E8F793FA002018
:10C25000BA4908602AE01FE0C2480068C24909687C
:10C26000884209DD1FED4D1A5FED4D0A0E209FED4E
:10C27000BF0AE7F766FA08E01FED521A5FED520AAF
:10C280000A201FED520AE7F75CFA012006F000FFD2
:10C29000E4F7E8FB00B903E0B54800680128DBDCFF
:10C2A00000BFA6480068401CA4490860A348006875
:10C2B00040F20E618842CEDB9FEDAE1A5FED620A5E
:10C2C0000A201FED670AE7F73CFA00209B49086047
:10C2D00013E006E0012006F0DBFEE4F7C3FB00B943
:10C2E00005E0A0480068A04909688842F2DC00BF68
:10C2F00092480068401C9149086090480068962860
:10C30000E7DB4FF4FA6006F0C3FEFEE091480068F8
:10C3100001286FD19048006800286BD18F480068D1
:10C32000002867D18E480068002863D140F235208C
:10C33000E8F720FA0020814908602AE01FE08948D8
:10C34000006889490968884209DD1FED861A5FED9A
:10C35000860A0E209FED850AE7F7F3F908E01FED46
:10C360008B1A5FED8B0A0A201FED8C0AE7F7E9F9BB
:10C37000012006F08DFEE4F775FB00B903E07C4870
:10C3800000680128DBDC00BF6C480068401C6B497A
:10C3900008606A48006840F20E618842CEDB9FED7B
:10C3A000751A5FED9B0A0A201FEDA10AE7F7C9F98C
:10C3B00000206249086013E006E0012006F068FEF4
:10C3C000E4F750FB00B905E0664800686649096873
:10C3D0008842F2DC00BF59480068401C5749086099
:10C3E000564800689628E7DB4FF4FA6006F050FEE6
:10C3F0008BE0FFE757480068012841D156480068A4
:10C4000001283DD155480068C8BB55480068B0BBFD
:10C4100040F23520E8F7AEF9B6EE001A5FEDBA0A41
:10C420000A209FED550AE7F78CF900204349086080
:10C4300013E006E0012006F02BFEE4F713FB00B941
:10C4400005E048480068484909688842F2DC00BFB6
:10C450003A480068401C3949086038480068962806
:10C46000E7DBB6EE001A5FEDCC0A0A201FEDD20A18
:10C47000E7F767F94FF4FA6006F00AFE45E0FFE7D8
:10C4800034480068012840D13348006801283CD175
:10C4900032480068012838D131480068A8BB40F212
:10C4A0003520E8F767F9B6EE001A5FEDDD0A0A20DD
:10C4B0009FED310AE7F745F900202049086013E0B5
:10C4C00006E0012006F0E4FDE4F7CCFA00B905E04F
:10C4D00024480068244909688842F2DC00BF1748F4
:10C4E0000068401C15490860144800689628E7DB7E
:10C4F000B6EE001A5FEDF00A0A201FEDF50AE7F725
:10C5000020F94FF4FA6006F0C3FD0020E6F7ECFFD7
:10C5100010BD10B50F480068002862D10E480068B1
:10C5200000285ED10D48006838B90D48006820B970
:10C5300040F23520E8F70CF920E052E0DC0300205F
:10C5400000000240BC0000202C040020E800002075
:10C55000F00000202C0200203002002034020020D5
:10C5600038020020A4000020A801002000007A4327
:10C5700098000020CDCCCC3D0000C8C2B6EE001A19
:10C58000DFEDFB0A0A209FEDFB0AE7F7DAF800204F
:10C59000F949086013E006E0012006F079FDE4F7B0
:10C5A00061FA00B905E0F5480068F5490968884274
:10C5B000F2DC00BFF0480068401CEF490860EE481C
:10C5C00000689628E7DBB6EE001ADFEDE90A0A20DC
:10C5D0009FEDEC0AE7F7B5F84FF4FA6006F058FD66
:10C5E00009E1E9480068012840D1E8480068E0BB5B
:10C5F000E7480068C8BBE7480068B0BB40F2352098
:10C60000E8F7A6F8B6EE001ADFEDD90A0A209FED8A
:10C61000D90AE7F796F80020D749086013E006E04A
:10C62000012006F035FDE4F71DFA00B905E0D34816
:10C630000068D34909688842F2DC00BFCE48006830
:10C64000401CCD490860CC4800689628E7DBB6EE70
:10C65000001ADFEDC70A0A209FEDCA0AE7F771F852
:10C660004FF4FA6006F014FDC5E0FFE7C648006825
:10C6700001285ED1C548006801285AD1C448006825
:10C68000002856D1C3480068F0BBC821BC480068E8
:10C69000FAF705FC4FF4FF70E8F75AF89FEDBE1A61
:10C6A000DFEDB30A0F209FEDBD0AE7F74AF800203F
:10C6B000B149086020E006E0E4F7D4F900B915E0DC
:10C6C000012006F0E5FC4FF48071B54803F0E0FA74
:10C6D0000128F1D0B3480068B3490968441A002C16
:10C6E00001DB204600E060421428E5DC00BFA248E0
:10C6F0000068401CA04908609F48006840F20E6135
:10C700008842D8DB002000E013E0E6F7EDFE40F2BF
:10C710003520E8F71DF81FED691ADFED950A0A20AC
:10C720009FED980AE7F70DF840F6C41006F0B0FC4C
:10C7300061E09548006801285DD1944800680128AF
:10C7400059D193480068012855D192480068E8BB48
:10C75000C8218B480068FAF7A2FB4FF4FF70E7F797
:10C76000F7FF9FED8D1ADFED820A0F209FED8B0AF8
:10C77000E6F7E7FF00208049086020E006E0E4F7E4
:10C7800071F900B915E0012006F082FC4FF48071C8
:10C79000834803F07DFA0128F1D08248006882497D
:10C7A0000968441A002C01DB204600E0604214288E
:10C7B000E5DC00BF70480068401C6F4908606E48A7
:10C7C000006840F20E618842D8DB00E013E00020F0
:10C7D000E6F78AFE40F23520E7F7BAFF1FED9B1A15
:10C7E000DFED630A0A209FED670AE6F7AAFF40F62D
:10C7F000C41006F04DFC0020E6F776FE10BD70B5C3
:10C800005F4805686948066840F23520E7F7A0FFF1
:10C810005D480068002853D15C48006800284FD16B
:10C820005B48006800284BD15A480068002847D16F
:10C83000514908603DE01DE050480068A84209DD0C
:10C840009FED551ADFED4A0A0C209FED590AE6F7D5
:10C8500078FF08E09FED501ADFED450A0A209FEDB2
:10C860004F0AE6F76EFF012006F012FCE4F7FAF833
:10C8700000B912E04FF48051494803F009FA00284A
:10C88000DAD04848006848490968441A002C01DB9E
:10C89000204600E060421428CEDC00BF4548C07F3F
:10C8A00040F080004349C87733480068401C324953
:10C8B00008603148006840F20E618842BBDB2BE122
:10C8C00031480068012877D130480068002873D1CA
:10C8D0002F480068A8BB2F48006890BB002026495D
:10C8E00008603EE01DE025480068A84209DD9FED94
:10C8F0002A1ADFED1F0A0C209FED2D0AE6F721FF13
:10C9000008E09FED251ADFED1A0A0A209FED230AA1
:10C91000E6F717FF012006F0BBFBE4F7A3F800B928
:10C9200013E04FF480511E4803F0B2F90028DAD02A
:10C930001C4800681C490968441A002C02DB204688
:10C9400001E039E060421428CDDC00BF1948C07F07
:10C9500040F020001749C87707480068401C064986
:10C9600008600548006840F20E618842BADBD3E0F7
:10C97000000061C40080ED44DC030020A000002022
:10C98000A00100200000E1442C0200203002002021
:10C9900034020020380200203333333F000061446A
:10C9A00000000240BC0000202C040020A801002050
:10C9B0000040B54404000020F9480068012853D124
:10C9C000F848006801284FD1F7480068A8BBF7482D
:10C9D000006890BB0020F649086038E01DE0F5488B
:10C9E0000068B04209DD1FED141A5FED1F0A0C202C
:10C9F0009FEDF10AE6F7A5FE08E01FED191A5FEDBD
:10CA0000240A0A201FED1B0AE6F79BFE012006F010
:10CA10003FFBE4F727F800B913E04FF48051E748F3
:10CA200003F036F90028DAD0E5480068E5490968DE
:10CA3000441A002C02DB204601E015E06042142875
:10CA4000CDDC00BFDA480068401CD9490860D848EE
:10CA5000006840F20E618842C0DBDB48C07F40F0D6
:10CA60008000D949C87757E0CD480068012853D1E4
:10CA7000CC48006801284FD1CB48006801284BD131
:10CA8000CA48006890BB0020C94908603EE01DE02C
:10CA9000C8480068B04209DD1FED411A5FED4C0A3D
:10CAA0000C209FEDC50AE6F74CFE08E01FED461A84
:10CAB0005FED510A0A201FED470AE6F742FE01200A
:10CAC00006F0E6FAE3F7CEFF00B913E04FF4805129
:10CAD000BA4803F0DDF80028DAD0B9480068B9494F
:10CAE0000968441A002C02DB204601E014E0604291
:10CAF0001428CDDC00BFB448C07F40F02000B2490C
:10CB0000C877AB480068401CA9490860A84800687D
:10CB100040F20E618842BADB0020E6F7E5FC70BD0A
:10CB200010B5AA494842E8F77BF8E7F70AFEA8489B
:10CB30000068FA30A7490860A7480068FA30A149A0
:10CB40000860A648006800286BD1A5480068002846
:10CB500067D1A4480068002863D11FED711A5FED0A
:10CB60007C0A14201FED730AE6F7EBFD00209049C4
:10CB7000086020E006E0012006F08AFAE3F772FF81
:10CB800000B912E04FF480718C4803F081F801285D
:10CB9000F1D08B4800688B490968441A002C01DBEE
:10CBA000204600E060421428E5DC00BF80480068B1
:10CBB000401C7F4908607E48006840F20E61884250
:10CBC000D8DB1FED8B1A5FED960A0A201FED8D0A48
:10CBD000E6F7B7FD0020764908601BE006E001207B
:10CBE00006F056FAE3F73EFF00B90DE04FF480710E
:10CBF000724803F04DF80128F1D04FF480516F488E
:10CC000003F046F80028EAD000BF69480068401CDD
:10CC1000674908606648006840F20E618842DDDBC3
:10CC200013E06E480068012802D1FFF7E8FD0CE030
:10CC30006C480068012802D1FFF76BFC05E06848EA
:10CC40000068012801D1FFF7EDFA0020E6F74CFC5F
:10CC500010BD10B55D494842E9F712FE40F20910D7
:10CC6000E7F776FD5D480068002868D15C480068F9
:10CC7000002864D15B480068002860D19FED5A1AF3
:10CC80005FEDC50A14201FEDBB0AE6F75AFD002030
:10CC90004749086020E006E0012006F0F9F9E3F7D3
:10CCA000E1FE00B912E04FF48071444802F0F0FF59
:10CCB0000028F1D04248006842490968441A002C13
:10CCC00001DB204600E060421428E5DC00BF384864
:10CCD0000068401C3649086035480068FA28DADBED
:10CCE0009FED411A5FEDDE0A0A201FEDD40AE6F738
:10CCF00028FD00202E4908601AE006E0012006F019
:10CD0000C7F9E3F7AFFE00B90CE04021374802F065
:10CD1000BFFF0028F2D04FF48071284802F0B8FF1E
:10CD20000028EBD000BF22480068401C2049086062
:10CD30001F480068FA28E0DB0020E6F7D5FB27480B
:10CD40000068012802D1FBF7D9FD05E024480068FE
:10CD5000012801D1FBF77AF80020E6F7C5FB10BDEA
:10CD600010B5F0F715FA1E480068012808D1EFF752
:10CD7000D6FA4FF47A6006F08BF9FBF767F80BE010
:10CD800016480068012807D1EFF753FA4FF47A608C
:10CD900006F07EF9FBF7B2FD0020E6F7A5FB10BD1B
:10CDA0002C02002030020020340200203802002033
:10CDB000DC030020A40000200000E143000002404A
:10CDC000BC0000202C040020040000207CFCFFFF9D
:10CDD000180400202004002024040020E800002083
:10CDE000EC000020F00000206666663F0004024070
:10CDF00010B5F0F703F80020E6F776FBFC48006872
:10CE0000012807D1EFF715FA41F2707006F040F9EA
:10CE1000FDF731FE0020E6F767FB10BD10B5F0F717
:10CE2000B7F90020E6F760FBF1480068012836D129
:10CE3000EFF7FFF94FF4FA5006F02AF9B6EE001AB0
:10CE4000DFEDEC0A0A209FEDEC0AE6F77AFC002001
:10CE5000EA49086014E006E0E3F704FE00B909E0DF
:10CE6000012006F015F94FF48071E54802F010FF3B
:10CE70000028F1D000BFE1480068401CDF4908608D
:10CE8000DE48006840F20E618842E4DB0020E6F7ED
:10CE90002BFB4FF47A7006F0FBF8FBF72FFD002018
:10CEA000E6F722FB10BD10B5F0F772F90020E6F7A7
:10CEB0001BFBD4480068012808D1EFF730FA4FF483
:10CEC0007A6006F0E5F8FCF723FC0BE0C848006840
:10CED000012807D1EFF7ADF94FF47A6006F0D8F8E2
:10CEE000FCF712FE0020E6F7FFFA10BD10B5F0F7D0
:10CEF0004FF90020E6F7F8FABD480068012807D18D
:10CF0000EFF797F94FF47A6006F0C2F8FEF725FFC5
:10CF10000020E6F7E9FA10BD10B5EFF76FFF00202B
:10CF2000E6F7E2FAB7480068012808D1EFF7F7F909
:10CF30004FF47A6006F0ACF8FFF774F90BE0AC48F8
:10CF40000068012807D1EFF774F94FF47A6006F012
:10CF50009FF8FFF754FC0020E6F7C6FA10BD10B5A5
:10CF6000A9480068012815D1A848006890B9A848C8
:10CF7000006878B9A748006860B99FEDA71ADFED8F
:10CF80009D0A0A209FED9B0AE6F7DBFB4FF4FA505F
:10CF900006F07EF80020E6F7A7FA10BD10B5F1F70D
:10CFA0009BF80020E6F7A0FA9C48006801280AD107
:10CFB000EFF72FFA4FF47A6006F06AF8FFF7CFFF29
:10CFC000FAF797FD0BE08A480068012807D1EFF7D0
:10CFD00030F94FF47A6006F05BF8FBF78FFC10BD78
:10CFE00010B5F0F792FE0020E6F77EFA8048006860
:10CFF00001282DD1EFF71DF94FF47A6006F048F8BB
:10D0000040F20910E7F7A4FB00207C49086019E012
:10D0100006E0012006F03CF8E3F724FD00B90BE040
:10D020007F4909687F4A1268881A002801DB014697
:10D0300000E041420F29ECDC00BF70480068401C52
:10D040006E4908606D4800683228E1DBFBF7ECFEB2
:10D0500010BD10B5F0F759FE0020E6F745FA6F480D
:10D060000068012823D1EFF7D4F94FF47A6006F075
:10D070000FF84FF48A70E7F76BFB06E0012006F02B
:10D0800007F8E3F7EFFC00B90BE065490968654A6A
:10D090001268881A002801DB014600E04142192984
:10D0A000ECDC00BFFFF75BFFFCF78CF90BE05048AE
:10D0B0000068012807D1EFF7BCF841F2883005F08D
:10D0C000E7FFFCF721FD10BD10B5F0F71EFE0020B4
:10D0D000E6F70AFA5148006801280AD1EFF799F9F2
:10D0E0004FF47A6005F0D4FFFFF739FFFFF711FA2C
:10D0F0000BE03F480068012807D1EFF79AF84FF49A
:10D100007A6005F0C5FFFFF77AFB10BD10B5F0F7A8
:10D11000E3FF0020E6F7E8F935480068012807D169
:10D12000EFF787F84FF47A6005F0B2FFFBF7E6FB04
:10D1300010BD08B54FF42F70E7F70AFB00202F4908
:10D14000086019E006E0012005F0A2FFE3F78AFC81
:10D1500000B90BE032490968324A1268881A00287F
:10D1600001DB014600E041420A29ECDC00BF234814
:10D170000068401C21490860204800689628E1DBCF
:10D1800000201E49086012E006E0012005F080FF43
:10D19000E3F768FC00B904E023480068B0F5827F3B
:10D1A000F3DB00BF15480068401C144908601348B1
:10D1B000006840F21A418842E6DB03202D23072253
:10D1C0004FF47A710090194800680A30F9F7BEF9F7
:10D1D0000020E6F789F9B6EE001ADFED060A0C200A
:10D1E0009FED050AE6F7ADFA00200449086034E037
:10D1F000E8000020000061C400006144DC0300205E
:10D2000000000240EC0000202C0200203002002030
:10D2100034020020380200203333333FF000002076
:10D22000BC0000202C040020A0000020F001002001
:10D2300006E0012005F02CFFE3F714FC00B906E03E
:10D240004FF48051FE4802F023FD0028F1D000BFCA
:10D25000FC480068401CFB490860FA48006840F23E
:10D260001A418842E4DB0A20E6F73EF9F6480068F6
:10D2700001285ED1F5480068012813D1F448006800
:10D2800080B9F448006868B9F348006850B90120D3
:10D290001E2305224FF47A710090F0480068F9F7D8
:10D2A00055F917E0E9480068012813D1E8480068FB
:10D2B00001280FD1E748006860B9E748006848B91D
:10D2C00001201E2305224FF47A710090E448006883
:10D2D000F9F73CF90020E6F707F9B6EE001A5FED22
:10D2E0003B0A0C201FED3C0AE6F72BFA0020D5493B
:10D2F000086014E006E0012005F0CAFEE3F7B2FB87
:10D3000000B906E04FF48051CD4802F0C1FC00287E
:10D31000F1D000BFCB480068401CCA490860C9482A
:10D32000006840F21A418842E4DB4FF47A7005F05D
:10D33000AFFE0020E6F7D8F808BD08B59FEDC91A82
:10D340005FED540A0A201FED550AE6F7FAF940F698
:10D35000AC5005F09DFE0A20E6F7C6F80020B9495A
:10D36000086012E006E0012005F092FEE3F77AFB88
:10D3700000B904E0BC480068B0F5B47FF3DB00BF3F
:10D38000B0480068401CAF490860AE48006840F2F1
:10D390001A418842E6DB0020E6F7A6F8AA480068B2
:10D3A00001283AD10320282305224FF47A710090F6
:10D3B000AE480068F9F7CAF840F23F20E7F7C8F92D
:10D3C0009FEDAB1A5FED750A0C201FED750AE6F7AD
:10D3D000B8F900209B49086014E006E0012005F040
:10D3E00057FEE3F73FFB00B906E04FF48051944845
:10D3F00002F04EFC0028F1D000BF92480068401CAB
:10D40000904908608F48006840F21A418842E4DB86
:10D410004FF47A7005F03CFE28E08B48006828BB8A
:10D420009448006810BB94480068F8B993480068B5
:10D4300060B903208D4900900968A1F10F003723DE
:10D4400005224FF47A71F9F781F80FE08B480068F4
:10D4500001280BD103208A4900900968A1F10F002F
:10D46000372305224FF47A71F9F770F80020E6F7B8
:10D470003BF801208349086008BD08B500207149C8
:10D48000086012E006E0012005F002FEE3F7EAFA88
:10D4900000B904E07C480068B0F5BE7FF3DB00BF54
:10D4A00068480068401C674908606648006840F2A8
:10D4B0001A418842E6DB0020E6F716F86248006869
:10D4C00001283AD10320322305224FF47A710090CB
:10D4D00066480068F9F73AF840F23F20E7F738F974
:10D4E0009FED631A5FEDBD0A0C201FEDBD0AE6F744
:10D4F00028F900205349086014E006E0012005F0F7
:10D50000C7FDE3F7AFFA00B906E04FF480514C488D
:10D5100002F0BEFB0028F1D000BF4A480068401C62
:10D52000484908604748006840F21A418842E4DBF5
:10D530004FF47A7005F0ACFD28E04348006828BB42
:10D540004C48006810BB4C480068F8B94F48006868
:10D5500060B90620454900900968A1F10F00372302
:10D5600005224FF47A71F8F7F1FF0FE047480068A1
:10D5700001280BD10620394900900968A1F10F005C
:10D58000372305224FF47A71F8F7E0FF01203D4977
:10D5900008600020E5F7A8FF08BD08B54FF42F701C
:10D5A000E7F7D6F800202749086019E006E00120D7
:10D5B00005F06EFDE3F756FA00B90BE0344909684F
:10D5C000344A1268881A002801DB014600E0414213
:10D5D0000A29ECDC00BF1B480068401C19490860A0
:10D5E000184800689628E1DB00201649086012E020
:10D5F00006E0012005F04CFDE3F734FA00B904E041
:10D6000021480068B0F5827FF3DB00BF0D48006859
:10D61000401C0C4908600B48006840F21A418842DF
:10D62000E6DB0020E5F760FF03201549009009685C
:10D63000A1F10A002D2307224FF47A712CE000009B
:10D6400000000240DC030020E80000202C02002043
:10D65000300200203402002038020020EC010020BB
:10D66000F00100209A99193FA0000020E401002059
:10D670009A99993EEC000020F0000020B0020020B2
:10D68000DC010020F4000020A4000020B4020020EF
:10D69000BC0000202C040020F8F758FFB6EE001A5A
:10D6A000DFEDFA0A0C209FEDFA0AE6F74AF80020AF
:10D6B000F849086014E006E0012005F0E9FCE3F712
:10D6C000D1F900B906E04FF48051F34802F0E0FAD6
:10D6D0000028F1D000BFEF480068401CED49086009
:10D6E000EC48006840F21A418842E4DB0A20E5F782
:10D6F000FBFEEA48006801285AD1E9480068012881
:10D7000013D1E848006880B9E748006868B9E7487D
:10D71000006850B90320372305224FF47A71009036
:10D72000E3480068F8F712FF17E0DD4800680128B9
:10D7300013D1DC48006801280FD1DB48006860B9CC
:10D74000DA48006848B90320372305224FF47A717C
:10D750000090D8480068F8F7F9FE0020E5F7C4FE0D
:10D76000B6EE001ADFEDC90A0C209FEDC90AE5F7F5
:10D77000E8FF0020C749086014E006E0012005F03A
:10D7800087FCE3F76FF900B906E04FF48051C24817
:10D7900002F07EFA0028F1D000BFBE480068401CAD
:10D7A000BC490860BB48006840F21A418842E4DB8B
:10D7B0000020E5F799FE08BD30B500201AE00021F1
:10D7C00015E0002210E0BC4B00EB801404EB440495
:10D7D000BA4D05EBC40401EB810505EBC10504EB73
:10D7E000850444F82230521C0D2AECDB491C1E290A
:10D7F000E7DB401C1E28E2DBB14CB24BC3F80C4205
:10D80000B14CC3F81042B14CC3F81442AFF27524C6
:10D81000AA4BC3F8444EAFF29D34C3F8404EAFF26A
:10D82000E544AB4BC3F81042AFF2F964C3F80C42C5
:10D83000A84CA94BC3F83844A84CC3F83C44A54CA9
:10D84000C3F84044A64C9D4B9C63A64CDC63A44C9F
:10D850001C64A54C5C64A34C9C64DC641C655C6526
:10D86000A14C9C65DC651C665C66AFF25F741C674E
:10D87000AFF2AB745C67AFF62504DC67C3F8804099
:10D88000AFF6A304C3F88840C3F89440AFF6F3049E
:10D89000C3F88C40C3F89840AFF68314C3F8A04097
:10D8A000AFF6B714C3F8A440AFF60524C3F8AC40F4
:10D8B000AFF69724C3F8B040AFF65B34C3F8B84076
:10D8C000AFF6D324C3F8BC40AFF66B34C3F8C44002
:10D8D000864CC3F8C840AFF68544C3F8EC46AFF6B3
:10D8E000BF54C3F8F046824CC3F8F446814CC3F8E9
:10D8F000F846814CC3F8FC46804CC3F80047804C86
:10D90000C3F804477D4CC3F808477E4CC3F80C4766
:10D910007D4CC3F810477D4CC3F814477C4CC3F8CA
:10D9200018477C4CC3F8144D7B4CC3F8184DC3F812
:10D93000204D7A4CC3F8244D794CC3F82C4D794CCA
:10D94000C3F8304D784C624BC3F8E040774CC3F8D5
:10D95000E440774CC3F8EC40764CC3F8F040764C8A
:10D96000C3F8F840754CC3F8FC4030BD1FB574488F
:10D97000006800B91FBD66E0F5F750F902A8E4F7AA
:10D98000F6F900B963E06846E4F7DFF9A8B39DF85B
:10D990000A00022817D19DF80B000A2813D19DF820
:10D9A0000C0002280FD19DF80200022825D19DF815
:10D9B00003000A2821D19DF8040003281DD101206D
:10D9C0006049086019E09DF80A00032815D19DF808
:10D9D0000B000A2811D19DF80C0002280DD19DF8EA
:10D9E0000200032809D19DF803000A2805D19DF8FB
:10D9F0000400012801D1544908609DF80A001E283E
:10DA00001DDA9DF80B001E2819DA9DF80C000D2870
:10DA100015DA9DF80A1001EB811101EB4101274A4B
:10DA200002EBC1019DF80B2002EB820303EBC20263
:10DA300001EB82019DF80C2051F8220080474FF441
:10DA40007A7005F025FB3E480068002894DC00BF92
:10DA500000203E49087000BF8CE70EB5B7EE001AF3
:10DA6000DFED0A0A06209FED3A0AE5F76AFE40F26A
:10DA7000DC5005F00DFB64203649086040F25B2065
:10DA80003549086000200349086081E0000061C456
:10DA900000006144DC03002000000240E800002098
:10DAA0002C02002030020020340200203802002026
:10DAB000DC010020E001002065290108C80A0020DF
:10DAC00021720108B8470020417201086172010803
:10DAD000101D0020B3720108A88400208172010883
:10DAE00017CA000897CB000889E50008FDDC00088C
:10DAF000ABC00108E1BB0108A9BA01081BB80108C5
:10DB000077B9010801B7010853B6010891B50108BA
:10DB1000E3B40108ABB2010849B00108ABAD01089C
:10DB200071A801083FA60108D7A00108E19E0108DD
:10DB300001910108738B010811870108898101088F
:10DB4000B8020020B4020020B0020020C102002070
:10DB50000000E1445C0400203804002006E00120BD
:10DB600005F096FAE2F77EFF00B90BE0FB49096881
:10DB7000FB4A1268881A002801DB014600E0414296
:10DB80000529ECDC00BFF7480068401CF549086037
:10DB9000F44800689628E1DB0020F24908601EE0A6
:10DBA00013E014206FF0C7010122A823CDE9002162
:10DBB0000290ED4A51420620EAF72DFC012005F0C3
:10DBC00067FAE2F74FFF00B903E0E848006867280A
:10DBD000E7DB00BFE3480068401CE2490860E14819
:10DBE000006840F226218842DADB0020E5F77CFC61
:10DBF0004FF47A71A820F8F779FE0020E5F774FC5D
:10DC00000EBD10B5DA48C07F40F08000D849C87713
:10DC10000846C07F40F02000C8770020D149086046
:10DC20001BE006E0012005F033FAE2F71BFF00B924
:10DC30000DE04FF40061CF4802F02AF80128F1D03E
:10DC40004FF40061CB4802F023F80128EAD000BF6E
:10DC5000C4480068401CC3490860C24800683228B4
:10DC6000DFDBF9F773FD0020E5F73EFC10BD10B5D2
:10DC70000020BC49086011E006E0012005F008FA28
:10DC8000E2F7F0FE00B903E0BB480068C828F4DC06
:10DC900000BFB4480068401CB2490860B148006841
:10DCA000B0F57A7FE8DBB24890F8230040F001003D
:10DCB000AF4981F823004FF47A6005F0E9F90020BC
:10DCC000A849086011E006E0012005F0E1F9E2F75B
:10DCD000C9FE00B903E0A8480068FA28F4DB00BFD9
:10DCE000A0480068401C9F4908609E480068B0F545
:10DCF0007A7FE8DB41F2707005F0CAF901209F4994
:10DD0000086010BD10B54FF400619D4801F0C0FFE0
:10DD1000A8BB4FF40051974801F0BAFF78BB4FF40D
:10DD20008061944801F0B4FF012829D1C1039148D2
:10DD300001F0AEFF012823D18102914801F0A8FF34
:10DD400001281DD101038B4801F0A2FF012817D142
:10DD50008103884801F09CFF012811D18103884884
:10DD600001F096FF01280BD16420864908604FF42A
:10DD7000CD707B490860012083490860C0E0FFE75F
:10DD80004FF400617E4801F083FFA8BB4FF40051BF
:10DD9000784801F07DFF78BB4FF48061754801F051
:10DDA00077FF48BB4FF40041724801F071FF18BB88
:10DDB0004FF48061724801F06BFF01281DD101030F
:10DDC0006C4801F065FF012817D18103694801F013
:10DDD0005FFF012811D18103694801F059FF012833
:10DDE0000BD16420674908604FF4CD705C4908602E
:10DDF00001206549086083E0FFE74FF40061604857
:10DE000001F046FFA8BB4FF400515A4801F040FF13
:10DE100078BB4FF48061574801F03AFF48BB4FF49C
:10DE20000041544801F034FF18BB4FF4806154485E
:10DE300001F02EFFE8B94FF480514E4801F028FF61
:10DE4000B8B94FF480414B4801F022FF012811D1AD
:10DE500081034B4801F01CFF01280BD16420494984
:10DE6000086040F253203E4908600120474908609D
:10DE700046E0FFE74FF40061414801F009FFA0BB15
:10DE80004FF400513B4801F003FF70BB4FF4806139
:10DE9000384801F0FDFE40BB4FF40041354801F029
:10DEA000F7FE10BB4FF48061354801F0F1FEE0B998
:10DEB0004FF480512F4801F0EBFEB0B94FF4804190
:10DEC0002C4801F0E5FE80B94FF480412C4801F068
:10DED000DFFE50B964202B4908604FF4CD70204913
:10DEE00008600120284908600AE0FFE7642025490E
:10DEF000086040F253201A49086001202349086055
:10DF000010BDFEB50446F4F733FFF4F7FDFFF7F755
:10DF1000C3F91F480068012803D01D480068042881
:10DF200001D1012000E000200546194800680228C0
:10DF300003D017480068032801D1012000E0002029
:10DF40000646B7EE081ADFED130A2D209FED110AE1
:10DF5000E5F7F7FB0020034908602FE0B000002040
:10DF600038040020DC0300207CFCFFFF9C00002024
:10DF70000400002000040240A8000020E00000206F
:10DF8000000C02405C040020680100206C010020AD
:10DF9000BC0100200000000006E0012005F078F838
:10DFA000E2F760FD00B903E0FE480068F028F4DB0A
:10DFB00000BFFD480068401CFB490860FA48006843
:10DFC00040F226218842E7DBB7EE081A5FED0F0A20
:10DFD0001E209FEDF60AE5F7B4FB4FF47A5005F0EA
:10DFE00057F8B7EE081ADFEDF20A1E209FEDF10A8E
:10DFF000E5F7A7FB06E0012005F04AF8E2F732FD5D
:10E0000000B904E0EC480068B0F5577FF3DB00BFCF
:10E010000020E54908601EE013E00A209621032253
:10E020002346CDE9002102904FF4617200211420B3
:10E03000EAF765FB052005F02BF8E2F713FD00B9C0
:10E0400003E0DE480068FA28E7DC00BFD648006835
:10E05000401CD5490860D448006840F22621884217
:10E06000DADB65B30020D049086021E016E00A2021
:10E07000782101222346CDE9002102904FF46172FC
:10E080000021EAF73CFB4FF4FA70E6F76AFB012047
:10E0900004F0FEFFE2F7E6FC00B903E0C7480068C1
:10E0A000B428E4DC00BFC0480068401CBE490860DA
:10E0B000BD48006840F226218842D7DB2CE05EB3E1
:10E0C0000020B949086021E016E00A2096210122CB
:10E0D0002346CDE9002102904FF461720021EAF756
:10E0E0000EFB4FF4FA70E6F73CFB012004F0D0FF82
:10E0F000E2F7B8FC00B903E0B0480068C328E4DCEC
:10E1000000BFA9480068401CA7490860A6480068ED
:10E1100040F226218842D7DB0020E5F7E5F9FEBD75
:10E12000FEB50446F4F724FEF4F7EEFEF7F7B4F874
:10E13000A3480068012803D0A1480068042801D141
:10E14000012000E0002005469D480068022803D019
:10E150009B480068032801D1012000E0002006460A
:10E16000B7EE081A5FED750A2D20B2EE040AE5F746
:10E17000E8FA00208C49086011E006E0012004F074
:10E1800087FFE2F76FFC00B903E086480068D228F9
:10E19000F4DB00BF84480068401C83490860824863
:10E1A000006840F226218842E7DBB7EE081A5FEDEF
:10E1B000870A1E209FED7D0AE5F7C3FA42F6F82094
:10E1C00004F066FFB7EE081ADFED790A19209FED1B
:10E1D0007D0AE5F7B6FA06E0012004F059FFE2F700
:10E1E00041FC00B904E074480068B0F5577FF3DBE8
:10E1F00000BF00206C4908601EE013E00A20C8211F
:10E2000003222346CDE9002102904FF461720021E0
:10E210001420EAF774FA052004F03AFFE2F722FC32
:10E2200000B903E065480068FA28E7DC00BF5E48F3
:10E230000068401C5C4908605B48006840F2262189
:10E240008842DADB00205849086021E016E00A2005
:10E25000962101222346CDE9002102904FF46172FC
:10E260000021EAF74CFA4FF4FA70E6F77AFA012047
:10E2700004F00EFFE2F7F6FB00B903E04F48006838
:10E28000B428E4DC00BF48480068401C46490860E8
:10E290004548006840F226218842D7DB0020E5F798
:10E2A00023F9FEBDFEB50446F4F762FDF4F72CFE3B
:10E2B000F6F7F2FF42480068012803D040480068A2
:10E2C000042801D1012000E0002005463C480068F8
:10E2D000022803D03A480068032801D1012000E059
:10E2E00000200646B7EE081A5FEDD60A2D20B2EEE2
:10E2F000040AE5F726FA00202B49086011E006E041
:10E30000012004F0C5FEE2F7ADFB00B903E02548AB
:10E310000068D228F4DB00BF23480068401C224973
:10E3200008602148006840F226218842E7DBB7EE0A
:10E33000081A5FEDE80A1E209FED1C0AE5F701FAB6
:10E3400041F2707004F0A4FEB7EE081ADFED180A6F
:10E3500019209FED1C0AE5F7F4F906E0012004F00E
:10E3600097FEE2F77FFB00B904E013480068B0F5C0
:10E37000577FF3DB00BF00200B49086032E027E045
:10E380000A20C82103222346CDE9002102904FF440
:10E39000617200211420EAF7B2F9052004F078FE3A
:10E3A00012E0000098000020DC030020000048C4B8
:10E3B000000061440000C8C290030020A0000020BB
:10E3C000BC0100200000C842E2F74CFB00B903E0AA
:10E3D000F7480068FA28D3DC00BFF6480068401C04
:10E3E000F4490860F348006840F226218842C6DB01
:10E3F0000020F049086021E016E00A209621012261
:10E400002346CDE9002102904FF461720021EAF722
:10E4100076F94FF4FA70E6F7A4F9012004F038FE1B
:10E42000E2F720FB00B903E0E1480068B428E4DC2F
:10E4300000BFE0480068401CDE490860DD48006815
:10E4400040F226218842D7DB0020E5F74DF8FEBDDB
:10E4500010B5D9480068012802D1F9F779FA05E02A
:10E46000D6480068012801D1F9F770F910BD70B5E0
:10E47000D3480468F4F77CFCD248007810B9D2483D
:10E480000078F8B1D14B1B68D14D2D685A1902EBB9
:10E49000D2735810CE4B1B68CE4D2D685A1902EB23
:10E4A000D2735910844203DB0122CB4B1A7008E06F
:10E4B0008C4203DB0222C84B1A7002E00322C64BD7
:10E4C0001A7025E0C548007810B9C5480078F8B141
:10E4D000C44B1B68C44D2D685A1902EBD2735810F7
:10E4E000C14B1B68C14D2D685A1902EBD2735910EC
:10E4F000844203DB0122B84B1A7008E08C4203DB34
:10E500000222B54B1A7002E00322B34B1A7000BF0F
:10E5100070BD10B500219FEDB60A4FF45770E5F7B6
:10E5200069F806E0012004F0B3FDE2F79BFA00B9B8
:10E5300003E0E4F7B2FE0028F4D100BFF4F718FCC2
:10E54000F4F76BFCFFF793FF9E48007810B99E48E4
:10E550000078D8B3A048007803280FD114230422F0
:10E5600064219C480068F0F729FA0020E4F7BCFF1A
:10E570004FF47A71B020E7F7D9FA69E0964800784D
:10E5800002280FD114230422642191480068F0F777
:10E5900015FA0020E4F7A8FF4FF47A71B020E7F7EE
:10E5A000C5FA55E08C480078012851D11423042283
:10E5B000642186480068F0F701FA0020E4F794FF30
:10E5C0004FF47A71B020E7F7B1FA41E0FFE78348F2
:10E5D000007810B98248007830B37F48007803286B
:10E5E0000FD114230422642180480068F0F7E6F973
:10E5F0000020E4F779FF4FF47A71B020E7F796FA3C
:10E6000026E07548007802280FD1142304226421E3
:10E6100075480068F0F7D2F90020E4F765FF4FF481
:10E620007A71B020E7F782FA12E06B48007801288F
:10E630000ED11423042264216A480068F0F7BEF961
:10E640000020E4F751FF4FF47A71C320E7F76EFA28
:10E650000020E4F749FF4FF4FA70E6F779F800205C
:10E660005449086019E006E0012004F011FDE2F7CA
:10E67000F9F900B90BE05F4909685F4A1268881A26
:10E68000002801DB014600E041420A29ECDC00BF22
:10E6900048480068401C4749086046480068FA2816
:10E6A000E1DBF5F755FA10BD70B5F4F761FBF4F74F
:10E6B0002BFCF6F7F1FD51480068012803D04F48C4
:10E6C0000068042801D1012000E0002005464B48E5
:10E6D0000068022803D049480068032801D10120BE
:10E6E00000E00020064646480068032803DD444851
:10E6F0000068C01E01E0424800680446012C05D1B4
:10E7000025B132480068FFF7FCFB28E0012C05D159
:10E7100026B134480068FFF7F4FB20E0022C05D155
:10E7200025B12B480068FFF7FBFC18E0022C05D14F
:10E7300026B12D480068FFF7F3FC10E0032C05D14B
:10E7400025B124480068FFF7ADFD08E0032C05D192
:10E7500026B126480068FFF7A5FD00E070BD2848F7
:10E760000068032850DCFFF7D4FEB6EE001A5FED18
:10E77000F00A0C209FED230AE4F7E3FF41F27C50FE
:10E7800004F086FC0020E4F7AFFE1E2306224FF4BF
:10E790007A7110480068F0F711F940F2C620E5F7E9
:10E7A000E9FF0020E4F7A0FEF6F744F936E00000A8
:10E7B000A0000020DC030020680100206C01002084
:10E7C0009C000020580200205B0200201402002060
:10E7D000180200201C0200205C02002059020020C8
:10E7E0005A020020200200202402002028020020DB
:10E7F0009A99993EBC0000202C040020BC01002006
:10E80000CC0200200000E144FE480068042805DB3B
:10E8100040F2C620E5F7AEFFF6F70CF900BF9DE722
:10E8200010B5E3F7F7FBD72240F2AA51A220F7F781
:10E8300036FCFFF71CFAF4480068012801D1FFF705
:10E8400095F8F2480068012805D11220F8F78CFDF0
:10E850000220EE490860ED480068022809D1EC4822
:10E860000068012805D1F6F7E5F80320E7490860BC
:10E8700065E0E6480068022861D1E54800680228A2
:10E880005DD100219FEDE30A4FF45770E4F7B2FE2B
:10E8900006E0012004F0FCFBE2F7E4F800B903E035
:10E8A000E4F7FBFC0028F4D100BF0020E4F71CFED5
:10E8B000142305226421D8480068F0F77FF800206F
:10E8C000E4F712FE4FF47A71AF20E7F72FF900203A
:10E8D000E4F70AFEF5F73CF90020E4F705FECF481F
:10E8E000006802280DD0B6EE001ADFEDCD0A0C202C
:10E8F0001FED3C0AE4F725FF41F6583004F0C8FB51
:10E900000CE0B6EE001ADFEDC60A0C201FED430A3C
:10E91000E4F717FF40F6C41004F0BAFB0020E4F758
:10E92000E3FD40F2C620E5F725FF1423052264210C
:10E93000BC480068F0F742F80320B44908600020A2
:10E94000E4F7D2FDB1480068032809D1B048006857
:10E95000012805D1FFF7DDFD0420AC4908600CE07B
:10E96000AA480068032808D1A9480068022804D1F1
:10E97000F6F77FF80420A54908600020E4F7B4FD0D
:10E9800010BD10B5F6F781FBFEF7F0FF9F48006859
:10E99000012805D11220F8F7E7FC02209B49086006
:10E9A0009A480068022809D199480068012805D1D1
:10E9B000F6F740F80320954908604DE09348006859
:10E9C000022849D192480068022845D100219FEDD4
:10E9D000910A4FF45C70E4F70DFE06E0012004F0AC
:10E9E00057FBE2F73FF800B903E0E4F756FC0028D4
:10E9F000F4D100BF0020E4F777FD64216B20EFF72E
:10EA000091FF0020E4F770FD4FF47A71AC20E7F736
:10EA10008DF80020E4F768FDF5F79AF80020E4F798
:10EA200063FDB6EE001ADFED7E0A0C201FED8B0AA7
:10EA3000E4F787FE41F6583004F02AFB0020E4F7A3
:10EA400053FD40F2C620E5F795FE64212320EFF741
:10EA500069FF03206D4908600020E4F745FD6B481D
:10EA60000068032809D16A480068012805D1FFF72A
:10EA700050FD0420654908600CE0644800680328E4
:10EA800008D163480068022804D1F5F7F2FF04209A
:10EA90005E4908600020E4F727FD10BD10B562480C
:10EAA0000068012804D1C821D020F6F77AFF11E0D0
:10EAB0005D480068022804D1C821FF20F6F771FFE5
:10EAC00008E059480068032804D1C8214FF4977022
:10EAD000F6F767FF0020E4F707FD534800680128B8
:10EAE00007D051480068022803D04F480068032827
:10EAF0004CD14E48C07F40F080004C49C877002080
:10EB00004B49086014E006E0012004F0C1FAE1F787
:10EB1000A9FF00B906E04FF40061464801F0B8F8DB
:10EB20000128F1D000BF42480068401C40490860FD
:10EB30003F4800683228E6DB4FF4FE70E5F708FE38
:10EB40004FF47A710520F6F7E0FE0020E4F7CCFCE4
:10EB50003948006858B93948006840B9042305228B
:10EB60004FF4A5714FF4FE70F4F7CAFE0EE0324880
:10EB7000006801280AD13148006838B9012305220C
:10EB80004FF40C714FF4FE70F4F74EFF2648006806
:10EB9000042807D024480068052803D022480068CC
:10EBA00006281BD10021B6EE000A2548E4F722FD15
:10EBB00006E0012004F06CFAE1F754FF00B903E02D
:10EBC000E4F76BFB0028F4D100BF0020E4F78CFCD5
:10EBD00040F2C620E5F7BCFDF5F72CFF10BD10B5DF
:10EBE0004FF4AF70E5F7B4FDB6EE001ADFED150A8D
:10EBF00032201FEDFC0AE4F7A4FD00200C49086058
:10EC000035E00000CC020020E0000020400200209F
:10EC1000E4020020CDCC4C3E18020020EC02002083
:10EC20000000614428020020D802002004000020D7
:10EC3000DC030020000402402C02002030020020EF
:10EC40007CFCFFFF0000000006E0012004F020FA39
:10EC5000E1F708FF00B904E0FA480068B0F5AF7FBB
:10EC6000F3DC00BFF8480068401CF7490860F6482C
:10EC7000006840F226218842E6DBB6EE001A5FED1E
:10EC80000F0A2D209FEDF10AE4F75BFD0020EE490D
:10EC9000086011E006E0012004F0FAF9E1F7E2FE75
:10ECA00000B903E0E7480068DC28F4DC00BFE64870
:10ECB0000068401CE4490860E348006840F22621EF
:10ECC0008842E7DB0020E4F70FFC0020DE49086003
:10ECD00006E0F6F767FFDC480068401CDA49086088
:10ECE000D948006841F288318842F2DB4FF4C8709D
:10ECF000E5F72EFDD648006878B9D648006860B9B7
:10ED0000D548C07F40F00400D349C877FA20D349E2
:10ED10000860B420D24908601BE0CD480068012893
:10ED200017D1CC480068A0B9DC20CE490860CE4895
:10ED30000068C01CCD490860C748C07F40F008008B
:10ED4000C549C877F020CA49086040F2C620C949C1
:10ED50000860B6EE001A5FED450A28209FEDBB0A59
:10ED6000E4F7EFFC0020B849086011E006E001205C
:10ED700004F08EF9E1F776FE00B903E0B1480068CF
:10ED80008228F4DC00BFB0480068401CAE4908602F
:10ED9000AD48006840F226218842E7DB0020AA49FE
:10EDA000086006E0F6F7FEFEA7480068401CA6498A
:10EDB0000860A548006841F288318842F2DBB6EE6F
:10EDC000001A5FED600A1E209FEDA00AE4F7B9FC6F
:10EDD00000209D49086011E006E0012004F058F988
:10EDE000E1F740FE00B903E0964800681928F4DC1A
:10EDF00000BF95480068401C93490860924800682D
:10EE000040F226218842E7DBB6EE001A5FED730A76
:10EE10000A209FED8E0AE4F794FC00208A490860DE
:10EE200011E006E0012004F033F9E1F71BFE00B920
:10EE300003E0844800680428F4DC00BF82480068CE
:10EE4000401C814908608048006840F226218842C1
:10EE5000E7DB4FF47A7004F01BF90020E4F744FB81
:10EE60007B480068F0BB7B480068D8BBEAF750F9E4
:10EE7000FA207A490860804800680D3078490860B7
:10EE800000207149086019E006E0012004F000F953
:10EE9000E1F7E8FD00B90BE078490968704A1268AB
:10EEA000881A002801DB014600E041421429ECDC0D
:10EEB00000BF65480068401C6349086062480068FC
:10EEC00040F226218842DFDB4FF47A7004F0E0F84C
:10EED0006148C07F00F0FB005F49C877FA205F49B6
:10EEE000086000E004E0664800685D49086047E0AB
:10EEF00057480068012843D156480068F0BBEAF73C
:10EF000032FBFA205A4908605E48006810305949BF
:10EF1000086000204C49086019E006E0012004F078
:10EF2000B7F8E1F79FFD00B90BE057490968514A6E
:10EF30001268881A002801DB014600E041421429CA
:10EF4000ECDC00BF40480068401C3F4908603E4878
:10EF5000006840F226218842DFDB4FF47A7004F02B
:10EF600097F83D48C07F00F0F7003B49C877FA208A
:10EF70003F490860454800683E4900E000E00860FD
:10EF8000B6EE001A5FEDD10A0F201FEDD20AE4F7AA
:10EF9000D8FB41F2883004F07BF80020E4F7A4FAB3
:10EFA000FFF77CFD10BD10B50121394800F070FE5F
:10EFB00030B938480068012802D1FFF731FC37E04A
:10EFC0000121334800F064FE78B93248006860B926
:10EFD0003148006848B93148006830B9D72240F25A
:10EFE000AA51A220F7F75BF822E00121284800F09F
:10EFF0004FFE30B927480068022802D1FFF7C1FC54
:10F0000016E00121224800F043FE30B92248006892
:10F01000012802D1FFF7E3FD0AE001211C4800F0BE
:10F0200037FE28B91D480068012801D1FFF73CFBD5
:10F0300010BD2DE9F04104460D460020024908604C
:10F040006AE0000098000020DC0300200000E1449A
:10F050002C02002030020020040000206404002064
:10F06000500400205C0400207C01002038040020B3
:10F07000600400204404002048040020C400002054
:10F08000B00100203C040020C0000020AC010020A2
:10F09000000C0240DC020020E0020020E802002018
:10F0A0002AE0FE480068071B3846E6F725FD0646BD
:10F0B000FA480068001B002809DDB6EE001ADFEDF3
:10F0C000F80A30469FEDF70AE4F73BFB10E0F348FF
:10F0D0000068001B09D5B6EE001ADFEDF10A3046D4
:10F0E0001FED260AE4F72DFB02E00020E4F7FCF90F
:10F0F000E1F7B8FC00B909E0E8490968081B0028F5
:10F1000001DB014600E041420029CADC00BFE648BD
:10F110000068401CE4490860E3480068A842BFDB7F
:10F12000BDE8F0812DE9F04104460D460020DE499E
:10F1300008603DE02CE0D9480068071B3C22042110
:10F140003846E8F71BFC0646D4480068001B002838
:10F1500009DD9FEDD61ADFEDD60A30461FED450AD0
:10F16000E4F7EFFA10E0CD480068001B09D59FEDE9
:10F17000CF1ADFEDCF0A30469FEDCA0AE4F7E1FA75
:10F1800002E00020E4F7B0F9E1F76CFC00B909E017
:10F19000C2490968081B002801DB014600E0414222
:10F1A0000129C8DC00BFC0480068401CBE49086097
:10F1B000BD480068A842BDDBBDE8F08110B5002065
:10F1C000B94908603FE02AE04FF40061B94800F017
:10F1D0005FFD48B98021B84800F05AFD20B90421EC
:10F1E000B648E4F7A4FA13E04FF40051B24800F037
:10F1F0004FFD50B90121B04800F04AFD28B9042163
:10F2000040F28E30E4F793FA02E00020E4F76CF964
:10F21000012003F03DFFE1F725FC00B90DE04FF4BC
:10F220000061A44800F034FD0028CDD04FF4005117
:10F23000A14800F02DFD0028C6D000BF9A48006804
:10F24000401C9949086098480068C828BBDB00202A
:10F25000E4F74AF910BD10B599480068012819D1A2
:10F2600098480068B0B99848006898B9974800680D
:10F2700080B99FED8E1ADFED8E0A0A209FED940A69
:10F28000E4F75FFA4FF47A6003F002FF0020E4F73E
:10F290002BF95EE08A48006801281AD18948006885
:10F2A000012816D18848006898B98848006880B954
:10F2B0009FED7E1ADFED7E0A0A209FED850AE4F7B6
:10F2C00040FA4FF47A6003F0E3FE0020E4F70CF913
:10F2D0003FE07B48006801281BD17A48006801287C
:10F2E00017D179480068012813D17848006880B99F
:10F2F0009FED6E1ADFED6E0A0A209FED760AE4F7A5
:10F3000020FA4FF47A6003F0C3FE0020E4F7ECF833
:10F310001FE06B48006801281BD16A48006801287B
:10F3200017D169480068012813D16848006801288E
:10F330000FD19FED5E1ADFED5E0A0A209FED650A90
:10F34000E4F7FFF94FF47A6003F0A2FE0020E4F73F
:10F35000CBF810BD10B5EEF7BFFE0020E4F7C4F8FF
:10F360005D480068012808D1EDF753F84FF47A6042
:10F3700003F08EFEF8F7BDFB0BE05848006801284B
:10F3800007D1ECF756FF4FF47A6003F081FEF9F7EE
:10F39000B5FA10BD10B5044600BF8021504802F0F8
:10F3A00030FC0028F9D021464D4802F07AFB10BD10
:10F3B00038B505462A464BA1684604F035FE6C4632
:10F3C00003E02078FFF7E6FF641C20780028F8D1DE
:10F3D00038BD09E02820E3F74DFD0121434802F044
:10F3E00035FB0F2003F054FEF4E717E0E4F7C2FC0E
:10F3F000E4F740FEE4F72EFF3D48006808B9E5F762
:10F4000014F93C48006808B9E5F760F83A48006824
:10F4100008B9E5F7B1F8032003F03AFEE6E714E097
:10F4200036480068012801D1EDF70CFA344800682D
:10F43000012801D1EDF754F932480068012801D1C3
:10F44000EDF79CF8032003F023FEE9E704E0E4F77E
:10F4500000FC032003F01CFEF9E71FB5E1F7D8FB21
:10F46000E1F715FCE1F795FEE2F760F8E1F7E5FF5B
:10F47000E2F7E4F8E1F7C0FC4FF4E130E2F7DDF940
:10F480004FF4E130E2F766FA4FF4E130E2F70AFBBD
:10F490004FF4E130E2F798FB36E00000A0000020D6
:10F4A0000000614400000000DC030020CDCC4C3F94
:10F4B000000061C4000C02400004024072FCFFFF27
:10F4C0002C020020300200203402002038020020EC
:10F4D000000016C300C0F344F0000020E800002044
:10F4E0000010014025303258200000000048004044
:10F4F000F0040020F4040020F8040020440200205E
:10F50000480200204C0200204FF46120E2F78EFDFB
:10F510004FF4E130E2F769FEE3F756FD002084493D
:10F520000860E3F724F80020009001900290034661
:10F530004FF480727FA10390834803F06AFB0020A0
:10F5400000900190029003464FF480727FA10390D7
:10F55000834803F05EFB0020009001900290034678
:10F560004FF480727FA10390834803F052FB4FF465
:10F570007A7003F08DFDE5F7D6F880480068804981
:10F5800008608048006880490860804800688049B9
:10F590000860804800688049086064207F490860EE
:10F5A0007F4800687F490860FA207F4908607F48EB
:10F5B000006877490860FA207D4908607D48006846
:10F5C00075490860E2F7D3FFE9F718FD90E086E09F
:10F5D00028210820EFF7BCFAE9F719FBE9F784FBCB
:10F5E000E9F79EFAEFF783FA73480068C82807DA4C
:10F5F000724890F8230040F00100704981F8230020
:10F600006F48007800F0020008B1E9F7A3FC02217E
:10F610006C4800F03DFBA8BBFEF7CEF8FFF7C3FC3B
:10F620006748407800F0200038B16548807920B103
:10F630006348C07908B9FFF7F3F86148407800F0F3
:10F64000100088B15E48807970B15D48C07958B9C2
:10F6500003205D4900900968A1F10F0039230722BA
:10F660004FF47A71F6F772FF5548407800F00400C5
:10F67000A8B35348807990B35148C07978BBF7F765
:10F68000C0F82CE0FFE7F3F76EF9F6F7C3FC4C483F
:10F69000407800F0200038B14948807920B14848CE
:10F6A000C07908B9F1F728FC4548407800F010000F
:10F6B00038B14348807920B14148C07908B9F2F7A0
:10F6C00007FA3F48407800F0040040B13C48807998
:10F6D00028B13B48C07910B92320F3F76BFC3848B8
:10F6E000007800F0010000287FF472AFE3F7FCFE21
:10F6F0006DE71FB5002000900190029003464FF483
:10F70000807232A10390344803F083FA0020009005
:10F710000190029003464FF4807230A1039032486A
:10F7200003F077FA03F08EFE002004B010BD000055
:10F73000EC0400207461736B526F626F74416E61F0
:10F740006C797469637300004DF401087461736B24
:10F75000446965754B6869656E436F436175000068
:10F760001FF401087461736B446965754B686965C2
:10F770006E436F4361753100EBF30108B800002060
:10F7800020040020BC0000202C040020C000002029
:10F7900044040020C4000020500400205C04002029
:10F7A000780100203804002060040020AC01002013
:10F7B00064040020B0010020A80000200400002004
:10F7C000BB08002000040240DC0100207461736B60
:10F7D0004D61696E000000005BF401087461736B99
:10F7E0004779726F00000000D3F301080CB50020C8
:10F7F000019000907248006840F4803070490860C1
:10F8000000BF6F48006800F4003000900198401C71
:10F810000190009818B90198B0F5A06FF1D168482F
:10F82000006800F4003010B10120009001E00020D9
:10F8300000900098012846D161484030006840F0AF
:10F8400080505F49403108605E48006840F4804065
:10F850005C4908605A480830006859490831086016
:10F860000846006840F4004008600846006840F41C
:10F87000A05008605448091F0860081F006840F045
:10F880008070091F086000BF4D48006800F00070DC
:10F890000028F9D040F205604C490860484808301B
:10F8A000006820F0030046490831086008460068F7
:10F8B00040F00200086000BF41480830006800F0D6
:10F8C0000C000828F8D10CBD10B53D48006840F088
:10F8D00001003B4908600020394908310860384878
:10F8E00000683B490840364908603A48091D0860ED
:10F8F000081F006820F48020091F0860002030499C
:10F900000C310860FFF772FF4FF000603249086069
:10F9100010BD70B500200022022300240221284DD2
:10F9200008352D6805F00C0020B1042806D0082801
:10F9300034D107E0294D2A4E356033E0294D284E59
:10F9400035602FE01E4D2D1D2D68C5F380541C4DD4
:10F950002D1D2D6805F03F0154B1224DB5FBF1F589
:10F96000174E361D3668C6F3881605FB06F209E009
:10F970001A4DB5FBF1F5124E361D3668C6F38816E2
:10F9800005FB06F20E4D2D1D2D68C5F301456D1CBE
:10F990006B00B2FBF3F5124E356003E00F4D104ED5
:10F9A000356000BF00BF064D08352D68C5F303154F
:10F9B0000D4E705D0A4D2D68C540094E356070BD15
:10F9C000003802400070004008544007003C0240EC
:10F9D000FFFFF6FE1030002408ED00E00024F400E4
:10F9E0006C05002000127A00700500200648804750
:10F9F00006480047FEE7FEE7FEE7FEE7FEE7FEE714
:10FA0000FEE7FEE7FEE7FEE7C9F801088901000806
:10FA100032490143324A1160704770B5002100231A
:10FA20000F22C4781CB32E4C246804F4E064C4F59F
:10FA3000E064C4F30721C1F10404E3B20A4144784D
:10FA40009C40E1B28478144021430C07210E254CE0
:10FA500005786155047804F01F050124AC40057851
:10FA60006D11AD0005F1E025C5F8004109E004780D
:10FA700004F01F050124AC401B4D0678761145F8B3
:10FA8000264070BD194A0A400243154B1B1F1A60DD
:10FA9000704739B1124A121D12680243104B1B1DE8
:10FAA0001A6006E00E4A121D126882430C4B1B1DA1
:10FAB0001A607047042808D14FF0E021096941F02D
:10FAC00004014FF0E022116107E04FF0E0210969E5
:10FAD00021F004014FF0E022116170470000FA05A7
:10FAE0000CED00E000E400E080E100E080FFFF1F9B
:10FAF00010B504468C48844208D10121084600F024
:10FB000000FB0021012000F0FCFA5EE087488442FF
:10FB100008D10121022000F0F4FA0021022000F0B7
:10FB2000F0FA52E08248844208D10121042000F01A
:10FB3000E8FA0021042000F0E4FA46E07D4884421F
:10FB400008D10121082000F0DCFA0021082000F093
:10FB5000D8FA3AE07848844208D10121102000F018
:10FB6000D0FA0021102000F0CCFA2EE07348844235
:10FB700008D10121202000F0C4FA0021202000F04B
:10FB8000C0FA22E06E48844208D10121402000F0F2
:10FB9000B8FA0021402000F0B4FA16E06948844227
:10FBA00008D10121802000F0ACFA0021802000F073
:10FBB000A8FA0AE06448844207D10121801500F0C8
:10FBC000A0FA0021A01500F09CFA10BDF0B50A467D
:10FBD00000210023002400BF3DE0012505FA01F3C8
:10FBE000156805EA03049C4234D105684F000326DA
:10FBF000BE40B543056015794E00B54006683543F3
:10FC000005601579012D02D01579022D16D1856870
:10FC10004F000326BE40B543856055794E00B54080
:10FC2000866835438560456801268E40B54345604A
:10FC3000456896798E40B6B235434560C5684F0039
:10FC40000326BE40B543C560D5794E00B540C668B1
:10FC50003543C560491C1029BFD3F0BD4FF6FF7175
:10FC600001600021017141718171C171704708B556
:10FC70004FF480320092009A0A430092009AC261C7
:10FC8000C161009AC261C2690092C269009208BD56
:10FC90000246002013690B400BB1012000E0002058
:10FCA00070470146086980B27047024600205369D8
:10FCB0000B400BB1012000E000207047014648696D
:10FCC00080B2704701837047418370470AB1018356
:10FCD00000E0418370474161704742694A40426198
:10FCE0007047F0B5002300244D07ED0E02FA05F32E
:10FCF000CE1000F1200555F826504E07F70E0F26BE
:10FD0000BE40B543CF1000F1200646F82750CE1074
:10FD100000F1200555F8265045EA0304CE1000F105
:10FD2000200545F82640F0BD0000024000040240D6
:10FD300000080240000C0240001002400014024083
:10FD400000180240001C024000200240FA480068EF
:10FD500040F00100F84908600020F74908310860C8
:10FD6000F5480068F5490840F3490860F448091D62
:10FD70000860081F006820F48020091F0860002028
:10FD8000ED490C31086070470021EB4A921C11705C
:10FD900011460870704710B501460022002300206C
:10FDA0004A11012A02D1E44C236808E0022A03D157
:10FDB000E14C7034236802E0DF4C7434236801F0B6
:10FDC0001F02012494401C400CB1012000E00020DF
:10FDD00010BD38B5002000900024002500BF312060
:10FDE000FFF7D9FF05460098401C00900098B0F539
:10FDF000A06F01D0002DF2D03120FFF7CCFF08B169
:10FE0000012400E00024204638BD01460020CA4AF3
:10FE1000106820F0F80040EAC10010607047C9493E
:10FE2000086070470021C44A7032117011700128B7
:10FE300002D004280AD104E00121BF4A70321170B7
:10FE400005E00521BC4A7032117000E000BF00BF20
:10FE50007047BD490860704770B5049C41EA82153F
:10FE60000126C6EB530645EA0645054345EA046507
:10FE7000B14E361D356070BDB249086670478201CB
:10FE800042EA0172AC4B84331A607047AD49886610
:10FE90007047AC49C864704702460020A64B08333F
:10FEA000186820F0EC6042EA01031843A24B0833C3
:10FEB00018607047024600209F4B0833186820F0F6
:10FEC000784042EA010318439B4B0833186070479F
:10FED00001460020984A0832106820F003000843C9
:10FEE0001060704794480830006800F00C007047BC
:10FEF00001460020904A0832106820F0F0000843C4
:10FF000010607047014600208B4A0832106820F4C8
:10FF1000E05008431060704701460020864A0832CE
:10FF2000106820F4604040EAC10010607047F0B5EE
:10FF30000021002200240225002602237E4F0837DC
:10FF40003F6807F00C0121B1042905D0082937D1F9
:10FF500005E07E4F076036E07D4F076033E0764F67
:10FF60003F1D3F68C7F38056734F3F1D3F6807F042
:10FF70003F036EB1764FB7FBF3F7DFF8BCC10CF16E
:10FF8000040CDCF800C0CCF3881C07FB0CF40CE07C
:10FF90006E4FB7FBF3F7DFF8A0C10CF1040CDCF8EF
:10FFA00000C0CCF3881C07FB0CF4634F3F1D3F6877
:10FFB000C7F301477F1C7D00B4FBF5F7076002E043
:10FFC000624F076000BF00BF5B4F08373F6807F014
:10FFD000F00109095F4F7A5C0768D7404760564FC8
:10FFE00008373F6807F4E051890A5A4F7A5C47683E
:10FFF000D7408760504F08373F6807F46041490B8E
:020000040802F0
:10000000544F7A5C4768D740C760F0BD002100F4C8
:100010004072B2F5407F0AD1474A0832116821F494
:10002000F8114D4A02401143434A08321160424AD6
:1000300070321268C0F30B031A433F4B70331A60DF
:10004000704741494439086070473F49403908606A
:10005000704742490860704739B1374A30321268F8
:100060000243354B30331A6006E0334A30321268AF
:100070008243314B30331A60704739B12E4A3432E3
:10008000126802432C4B34331A6006E02A4A343299
:1000900012688243284B34331A60704739B1264ABC
:1000A000383212680243244B38331A6006E0224A81
:1000B000383212688243204B38331A60704739B1A6
:1000C0001D4A4032126802431B4B40331A6006E05F
:1000D000194A403212688243174B40331A60704706
:1000E00039B1154A443212680243134B44331A6043
:1000F00006E0114A4432126882430F4B44331A60BF
:10010000704739B10C4A1032126802430A4B10335F
:100110001A6006E0084A103212688243064B103318
:100120001A607047E1B1044A143212680243024B6C
:1001300014331A6019E0000000380240FFFFF6FE99
:100140001030002400004742800E47420024F40093
:1001500000127A0080050020FFFCFF0F5C0147427F
:100160005B4A126882435A4B1A60704739B1584A49
:10017000121D12680243564B1B1D1A6006E0544ABA
:10018000121D12688243524B1B1D1A60704739B111
:100190004F4A0C32126802434D4B0C331A6006E092
:1001A0004B4A0C3212688243494B0C331A60704739
:1001B00039B1474A103212680243454B10331A6076
:1001C00006E0434A103212688243414B10331A60F2
:1001D000704739B13E4A3C32126802433C4B3C33D3
:1001E0001A6006E03A4A3C3212688243384B3C338C
:1001F0001A60704739B1364A403212680243344BB4
:1002000040331A6006E0324A403212688243304B73
:1002100040331A60704739B12D4A443212680243A4
:100220002B4B44331A6006E0294A44321268824359
:10023000274B44331A60704739B1254A4C32126853
:100240000243234B4C331A6006E0214A4C321268B9
:1002500082431F4B4C331A60704739B11C4A5032ED
:10026000126802431A4B50331A6006E0184A5032A3
:1002700012688243164B50331A60704739B1144AE2
:10028000D21F12780243124BDB1F1A7006E0104A8D
:10029000D21F127882430E4BDB1F1A7070470C4836
:1002A0006030006840F08070094960310860704734
:1002B00001460020064A083A12680A400AB10120A5
:1002C00000E0002070470249891F08707047000055
:1002D0001438024010B501210802FFF769FF002120
:1002E0004FF48070FFF764FF10BD30B50246002068
:1002F00000235068F84C20400D790C6844EA05242E
:10030000204350609068F54C2040D1E903542C43C1
:100310008D682C434D7944EA450420439060D06AAF
:1003200020F470000C7D641EE4B2234340EA0350C5
:10033000D06230BD00210160017141718160C160F6
:1003400001610121017570470021E54A1168E54A04
:100350001140D0E900231A4383681A43C3681A4343
:100360001143E14AC2F80413704700210160416063
:100370008160C160704721B1826842F001028260F1
:1003800003E0826822F00102826070470A46002181
:100390004168D64B19401143416070474162826207
:1003A00070470A460021416821F01F011143416056
:1003B000704738B1CA49096841F40001CA4AC2F815
:1003C000041306E0C649096821F40001C64AC2F8D0
:1003D0000413704738B1C249096841F48001C24A28
:1003E000C2F8041306E0BE49096821F48001BE4A40
:1003F000C2F804137047F0B504460D4600200021F2
:10040000092D11DDE068A5F10A0606EB460707266F
:1004100006FA07F18843A5F10A0606EB460603FA39
:1004200006F10843E0600CE0206905EB450707266C
:1004300006FA07F1884305EB450603FA06F108437F
:100440002061072A0FDA606B561E06EB86071F260F
:1004500006FA07F18843561E06EB860605FA06F1F2
:100460000843606322E00D2A0FDA206BD61F06EBEB
:1004700086071F2606FA07F18843D61F06EB860675
:1004800005FA06F10843206310E0E06AA2F10D06C8
:1004900006EB86071F2606FA07F18843A2F10D0630
:1004A00006EB860605FA06F10843E062F0BD8168B6
:1004B00041F0804181607047014600208A6802F463
:1004C00080020AB1012000E00020704721B182685B
:1004D00042F48062826003E0826822F4806282607B
:1004E000704721B1826842F00202826003E08268B4
:1004F00022F002028260704710B50A4600210023F4
:10050000416821F46041531E41EA4331416010BD0E
:1005100021B1426842F40062426003E0426822F482
:100520000062426070470146C86C80B270476C48F8
:10053000001D0068704721B1826842F480728260B9
:1005400003E0826822F480728260704721B1826881
:1005500042F40072826003E0826822F400728260DA
:10056000704738B15E49096841F400515E4AC2F8EB
:10057000041306E05A49096821F400515A4AC2F8A6
:1005800004137047F0B504461546002000220026EB
:10059000092911DDE068A1F10A0707EB470C0727DD
:1005A00007FA0CF29043A1F10A0707EB470703FA99
:1005B00007F21043E0600CE0206901EB410C0727D3
:1005C00007FA0CF2904301EB410703FA07F21043DC
:1005D0002061A06BC0F30156EF1C06F1010CA7EBE4
:1005E0000C0707EB870C1F2707FA0CF29043EF1C50
:1005F00006F1010CA7EB0C0707EB870701FA07F2DE
:100600001043A063F0BD10B50A4600210023816BA2
:1006100021F44011531E41EA0351816310BD08B516
:10062000002300930090009B0B440093009B1A60F2
:1006300008BD0A460021816821F4702111438160C0
:1006400070470A460021816821F4401111438160FE
:100650007047816841F48001816070470146002045
:100660008A6802F480020AB1012000E0002070478D
:1006700021B1426842F48062426003E0426822F4A1
:1006800080624260704721B1426842F48052426009
:1006900003E0426822F480524260704708B5024687
:1006A00000200090009201F12800009B1844009067
:1006B0000098006880B208BD10B50B460021D9B281
:1006C000012404FA01F11AB144680C43446002E0C9
:1006D00044688C43446010BDFFFEFFFCFDF7FFC083
:1006E00004230140E030FCFF00200140FFFD3FFFFC
:1006F0000246002013680B400BB1012000E00020EF
:100700007047CA430260704770B50246002000235C
:1007100000240B12556801268E4005EA0604156870
:100720001D4015B10CB1012000E0002070BD002279
:100730000A12D34303607047016821F00101016090
:100740000021016041608160C1600161212141613E
:10075000DB49884204D13D21D94A103A91608CE0AE
:10076000D7491831884205D14FF47461D44A103A00
:10077000916082E0D2493031884205D14FF4741142
:10078000CF4A103A916078E0CD494831884205D18E
:100790004FF07461CA4A103A91606EE0C849603106
:1007A000884204D1C749C64A103AD16065E0C449BD
:1007B0007831884204D1C449C14A103AD1605CE022
:1007C000BF499031884204D1C049BD4A103AD16036
:1007D00053E0BB49A831884205D14FF03D51B84A9A
:1007E000103AD16049E0BA49884204D13D21B84A63
:1007F000083A116041E0B6491831884205D14FF4FA
:100800007461B34A083A116037E0B1493031884227
:1008100005D14FF47411AE4A083A11602DE0AC498D
:100820004831884205D14FF07461A94A083A1160F5
:1008300023E0A7496031884204D1A249A44A121F8B
:1008400011601AE0A2497831884204D19E49A04A39
:10085000121F116011E09E499031884204D19B49DA
:100860009B4A121F116008E09949A831884204D1BF
:100870004FF03D51964A121F1160704710B500228B
:100880000268944B1A40CC680B6823434C6923439D
:100890008C692343CC6923430C6A23434C6A23436A
:1008A0008C6A23434C6B23438C6B23431A430260B3
:1008B000426922F00702D1E90B3423431A43426113
:1008C0000B6943604B6883608B68C36010BD002177
:1008D000016041608160C160016141618161C1610C
:1008E000016241628162C162016341638163704759
:1008F00021B1026842F00102026003E0026822F0C6
:1009000001020260704721B1026842F400420260B5
:1009100003E0026822F400420260704721B10268DD
:1009200042F02002026003E0026822F0200202602E
:100930007047416070470146486880B2704722B1F5
:10094000036843F40023036003E0036823F40023F7
:1009500003600161704721B1026842F480220260A5
:1009600003E0026822F48022026070470AB101614C
:1009700000E0C1607047014600200A6802F40022CE
:100980000AB1012000E000207047014600200A68FB
:1009900002F001020AB1012000E000207047014688
:1009A00000204A6902F03800704730B503460A4615
:1009B00000200024464DAB4202D24149103901E0EB
:1009C0004349103902F000550DB14C6800E00C6845
:1009D000414D2C4004EA02050DB1012000E0002049
:1009E00030BD02463A4B9A4202D23548103801E0F7
:1009F0003748103801F000531BB1374B0B40C36030
:100A000002E0354B0B408360704710B501F0800366
:100A10004BB122B1436943F08003436103E0436972
:100A200023F08003436180290BD02AB1036801F0D1
:100A30001E042343036004E0036801F01E04A34383
:100A4000036010BD70B50246002000240025204E32
:100A5000B24202D21A4B103B01E01D4B103B1F4E1D
:100A60000E4036B11E2606EAD124166806EA0405B1
:100A700002E0566906F0800501F000560EB15C6890
:100A800000E01C68144E344004EA010616B10DB1B2
:100A9000012000E0002070BD02460D4B9A4202D2B8
:100AA0000748103801E00A48103801F000531BB124
:100AB000094B0B40C36002E0074B0B40836070475B
:100AC000106002403D000020400F002000003D204B
:100AD000106402403F801CF07D0F7D0F3C0F3C0FE7
:100AE000002044490860091D0860091D0860091DAF
:100AF000086041483F4914310860704700213D4972
:100B00008279002A3AD00A46126803689A430B4653
:100B10001A600A1D126803689A430B1D1A60027955
:100B200011440A6803681A430A60324A083212689C
:100B300003689A432F4B08331A601A1D1268036822
:100B40009A432C4B0C331A604279102A0ED11A1F8B
:100B5000126803681A43274B08331A601A1D12687B
:100B600003681A43234B0C331A600DE02149427984
:100B700011440A6803681A430A6005E002791144C7
:100B80000A6803689A430A60704700210160017196
:100B90000C2141710021817170471649103109689B
:100BA0000143144A10321160704701460020114A77
:100BB000143212680A400AB1012000E00020704798
:100BC0000C49143108607047014600200022094B8F
:100BD0001B6803EA0102074B14331B680B4013B177
:100BE0000AB1012000E0002070470249143108607A
:100BF00070470000003C0140FFFF7F0010B5044635
:100C0000FE48844208D101210846FFF7D1FA0021AD
:100C10000120FFF7CDFA9DE0B4F1804F08D101210A
:100C20000846FFF7B4FA00210120FFF7B0FA91E07F
:100C3000F348844208D101210220FFF7A8FA0021DD
:100C40000220FFF7A4FA85E0EE48844208D1012192
:100C50000420FFF79CFA00210420FFF798FA79E0BE
:100C6000E948844208D101210820FFF790FA0021C9
:100C70000820FFF78CFA6DE0E448844208D1012196
:100C80001020FFF784FA00211020FFF780FA61E0BE
:100C9000DF48844208D101212020FFF778FA0021A3
:100CA0002020FFF774FA55E0DA48844208D1012188
:100CB0000220FFF77DFA00210220FFF779FA49E0D0
:100CC000D548844209D101210804FFF771FA0021B7
:100CD0004FF48030FFF76CFA3CE0D048844209D1F1
:100CE00001214804FFF764FA00214FF40030FFF7B8
:100CF0005FFA2FE0CA48844209D101218804FFF736
:100D000057FA00214FF48020FFF752FA22E0C5483D
:100D1000844208D101214020FFF739FA0021402008
:100D2000FFF735FA16E0C048844208D1012180203F
:100D3000FFF72DFA00218020FFF729FA0AE0BB48CF
:100D4000844207D101218015FFF721FA0021A01567
:100D5000FFF71DFA10BD00220288A84B98420ED062
:100D6000AC4B98420BD0B0F1804F08D0A44B9842C6
:100D700005D0A44B984202D0A34B984204D14FF621
:100D80008F731A404B881A43A04B984207D0A04B50
:100D9000984204D04FF6FF431A400B891A43028051
:100DA0004B68C3620B880385944B984202D0994BE1
:100DB000984201D18B7A03860123838270474FF0DA
:100DC000FF314160002101800181418081727047C3
:100DD0000185828270470A46002101884FF68F7391
:100DE000194011430180704741627047C1627047EA
:100DF0000146486A70470146088D704721B1028854
:100E000042F00202028004E002884FF6FD731A40AD
:100E10000280704721B1028842F00402028004E09F
:100E200002884FF6FB731A400280704721B1028896
:100E300042F08002028004E002884FF67F731A407D
:100E40000280704702884FF6F7731A4002800288CA
:100E50000A430280704702884FF6FF431A4002801F
:100E600002880A430280704721B1028842F00102E1
:100E7000028004E002884FF6FE731A400280704739
:100E800070B5002400220023058C4FF6FE76354015
:100E90000584028C8388048B4FF68F752C40B51E19
:100EA0002C400D882C43751E2A408D892A434D887D
:100EB0002A43524DA84202D0564DA84213D14FF6B4
:100EC000F7752A40CD892A434FF6FB752A408D8855
:100ED0002A434FF6FF652B404FF6FF552B400D8AF6
:100EE0002B434D8A2B43838004838D6845630284A2
:100EF00070BD70B5002400220023058C4FF6EF76FC
:100F000035400584028C8388048B48F6FF752C409D
:100F10004FF6FF452C400D884FF6FF7606EA052573
:100F20002C434FF6DF752A408D8906EA05152A43C2
:100F30004D8806EA05152A43304DA84202D0354DAA
:100F4000A8421DD14FF67F752A40CD894FF6FF7616
:100F500006EA05152A434FF6BF752A408D8806EA32
:100F600005152A434FF6FF352B404FF2FF752B40F6
:100F70000D8A06EA85052B434D8A06EA85052B4333
:100F8000838004838D688563028470BD70B50024FE
:100F900000220023058C4FF6FF6635400584028C45
:100FA0008388848B4FF68F752C404FF6FC752C4050
:100FB0000D882C434FF6FF552A408D894FF6FF765A
:100FC00006EA05252A434D8806EA05252A430B4DE6
:100FD000A84202D00F4DA84238D14FF2FF752A40E7
:100FE000CD894FF6FF7606EA05252A434FF6FF35F1
:100FF0002A408D8806EA05252A4319E000000140B1
:101000000004004000080040000C004000100040B8
:101010000014004000040140004001400044014031
:101020000048014000180040001C00400020004023
:101030004EF6FF752B404DF6FF752B400D8A06EAE4
:1010400005152B434D8A06EA05152B4383808483BF
:101050008D68C563028470BD70B500220023002432
:10106000058C4EF6FF7635400584038C8488828B90
:1010700048F6FF752A404FF6FF452A400D884FF687
:10108000FF7606EA05252A434DF6FF752B408D892C
:1010900006EA05352B434D8806EA05352B43FE4D00
:1010A000A84202D0FD4DA84208D14BF6FF752C4056
:1010B0000D8A4FF6FF7606EA85152C4384808283DD
:1010C0008D680564038470BD0021018041808180AA
:1010D00081608181C18101824182704770B5034680
:1010E000002000241846183001258D40ACB21D8C1C
:1010F000A5431D8409B108290AD100EB61000568E8
:101100004FF68F76354005600568154305600FE0A2
:101110000D1FC5F34E052844056848F6FF76354097
:10112000056005684FF6FF7606EA0226354305603E
:1011300070BD4163704781637047C163704701644C
:1011400070470A460021018B4FF68F7319401143F7
:10115000018370470A460021018B48F6FF7319404E
:101160004FF6FF7303EA02231943018370470A46CF
:101170000021818B4FF68F73194011438183704793
:101180000A460021818B48F6FF7319404FF6FF7322
:1011900003EA02231943818370470A460021018B29
:1011A0004FF6F77319401143018370470A46002137
:1011B000018B4FF2FF7319404FF6FF7303EA0223CE
:1011C0001943018370470A460021818B4FF6F7735C
:1011D00019401143818370470A460021818B4FF2E9
:1011E000FF7319404FF6FF7303EA0223194381830B
:1011F00070470A460021018B4FF6FB7319401143DB
:10120000018370470A460021018B4FF6FF331940D6
:101210004FF6FF7303EA02231943018370470A461E
:101220000021818B4FF6FB73194011438183704776
:101230000A460021818B4FF6FF3319404FF6FF73AA
:1012400003EA02231943818370470A460021018B78
:101250004FF67F7319401143018370470A460021FE
:10126000018BC1F30E014FF6FF7303EA022319430A
:10127000018370470A460021818B4FF67F73194026
:101280001143818370470A460021818BC1F30E010F
:101290004FF6FF7303EA02231943818370470A461E
:1012A0000021018C4FF6FD731940114301847047F2
:1012B0000A460021018C4FF6F7731940114301844F
:1012C00070470A460021018C4FF6DF7319404FF634
:1012D000FF7303EA02131943018470470A46002191
:1012E000018C4FF67F7319404FF6FF7303EA021328
:1012F0001943018470470A460021018C4FF6FF53C1
:1013000019404FF6FF7303EA022319430184704723
:101310000A460021018C4FF2FF7319404FF6FF730C
:1013200003EA02231943018470470A460021018C15
:101330004DF6FF7319404FF6FF7303EA023319436A
:101340000184704730B5002301248C40A3B2048C83
:101350009C430484048C02FA01F5ADB22C4304844E
:1013600030BD30B5002304248C40A3B2048C9C43D0
:101370000484048C02FA01F5ADB22C43048430BD20
:10138000828B4FF2FF331A408283828B4FF6FF73BA
:1013900003EA01231A4382837047F0B50C461546D1
:1013A000002100220026078C4EF6FF7C07EA0C077E
:1013B0000784818B028C4FF6FF7707EA043640F6EC
:1013C000FF4739404FF6FF7707EA052739434FF6C5
:1013D000FF7707EA0337394345F6FF773A4046F48B
:1013E00080573A4381830284F0BD828B4FF6F373BA
:1013F0001A408283828B0A4382837047F0B50C4681
:101400001546002100220026078C4FF6FF6C07EAE4
:101410000C070784818B028C4FF6FF7707EA0426BE
:101420004FF60C7739404FF6FF7707EA03172F4343
:1014300039434FF2FF573A4046F480773A4381836D
:101440000284F0BD028B4FF2FF331A400283028BFD
:101450004FF6FF7303EA01231A4302837047F0B586
:101460000C461546002100220026078C4FF6EF7C23
:1014700007EA0C070784018B028C4FF6FF7707EA17
:10148000041640F6FF4739404FF6FF7707EA033767
:1014900039434FF6FF7703E00000014000040140AC
:1014A00007EA052739434FF65F773A4046F01007C1
:1014B0003A4301830284F0BD028B4FF6F3731A4066
:1014C0000283028B0A4302837047F0B50C4615462F
:1014D00000210022068C4FF6FE773E400684018BE9
:1014E000028C4FF60C7631407E1C06EA03162E4322
:1014F00031434FF6F576324044F001063243018322
:101500000284F0BD70B505460C46208850B9238989
:10151000A28861882846FFF7D8FFE1882846FFF7B0
:10152000CBFF25E0208804280AD12389A28861887E
:101530002846FFF794FFE1882846FFF783FF17E06E
:10154000208808280AD12389A28861882846FFF7C5
:1015500055FFE1882846FFF748FF09E02389A28864
:1015600061882846FFF719FFE1882846FFF708FF42
:1015700070BD002101804180012181800021C18056
:10158000018170472DE9F04105460C4600260127F0
:10159000608808B9022600E00026A088012801D151
:1015A000022700E001272088A0B92389A28861884A
:1015B0002846FFF78AFFE1882846FFF77DFF238949
:1015C0003A4631462846FFF74AFFE1882846FFF7AA
:1015D00039FF13E02389A28861882846FFF73FFF7F
:1015E000E1882846FFF72EFF23893A4631462846F0
:1015F000FFF76BFFE1882846FFF75EFFBDE8F0814B
:101600000146486B70470146886B70470146C86BBE
:1016100070470146086C70470A884B881A438B88CC
:101620001A43CB881A430B891A434B891A438B8977
:101630001A43A0F844207047002101804180818036
:10164000C180018141818181704731B1B0F844206E
:1016500042F40042A0F8442005E0B0F84420C2F370
:101660000E02A0F84420704721B1828842F00402A3
:10167000828004E082884FF6FB731A4082807047B4
:1016800021B1828842F00102828004E082884FF614
:10169000FE731A40828070471AB183890B4383819D
:1016A00002E083898B4383817047818270470246C1
:1016B0000020138A0B400BB1012000E0002070478E
:1016C000CA430282704730B502460020002300243E
:1016D000158A05EA0103958905EA010413B10CB1E5
:1016E000012000E0002030BDCA430282704741EA79
:1016F0000203A0F8483070471AB183890B438381F5
:1017000002E083898B438381704721B1828842F054
:101710000802828004E082884FF6F7731A408280C4
:10172000704701894FF6F8721140018170470A46EF
:10173000002101894FF68F731940114301817047D1
:1017400030B504460D4629462046FFF7F0FF2089B4
:1017500040F00700208130BD2DE9F04104460D46E0
:1017600016461F46602D06D13B46012231462046D3
:10177000FFF775FE05E03B46012231462046FFF7A4
:10178000A4FE29462046FFF7D2FF208940F007003B
:101790002081BDE8F08130B50C4600210189C9B235
:1017A0004FF6FF7505EA03251543254329430181BB
:1017B00030BD2DE9F04105460E46174698460024F7
:1017C00043463A4631462846FFF7E5FF2C894FF657
:1017D000F870044044F007044FF68F70044044F062
:1017E00070042C81BDE8F081F0B504460D46164624
:1017F0001F463B46324629462046FFF7CCFF20894C
:1018000040F480402081F0BD82884FF68F731A40EB
:10181000828082880A438280704702894FF6F8737B
:101820001A40028102890A430281704702894FF6F9
:101830007F731A40028102890A4302817047F0B522
:101840000C4615461E460021002200230189028B0A
:10185000038C4FF6F877394021434FF6FC473A4066
:1018600040F201173A434FF6DD773B404FF6FF77E2
:1018700007EA06172F433B43018102830384F0BD2F
:1018800021B1828842F08002828004E082884FF693
:101890007F731A4082807047A0F850107047000094
:1018A00010B50446F748844208D101211020FEF704
:1018B0007FFC00211020FEF77BFC3EE0F2488442D2
:1018C00009D101214804FEF762FC00214FF40030E9
:1018D000FEF75DFC31E0ED48844209D10121880426
:1018E000FEF755FC00214FF48020FEF750FC24E069
:1018F000E748844209D10121C804FEF748FC0021D1
:101900004FF40020FEF743FC17E0E248844209D17F
:1019100001210805FEF73BFC00214FF48010FEF783
:1019200036FC0AE0DC48844207D101212020FEF782
:101930003FFC00212020FEF73BFC10BD2DE9FF47B6
:1019400005460E460024A14600BFA046B08900B15E
:1019500000BF2C8A24F44054F08804432C82AC89C4
:1019600041F20C608443B08831890843718908438F
:101970000443AC81AC8A24F44074B0890443AC8243
:101980006846FEF7D4FABF48854202D0C248854275
:1019900002D1DDF80C9001E0DDF80890A88900F490
:1019A000004040B109EBC90000EB09103168490063
:1019B000B0FBF1F707E009EBC90000EB0910316853
:1019C0008900B0FBF1F76420B7FBF0F004012009B7
:1019D000642101FB1078A88900F4004040B1322056
:1019E00000EBC800B0FBF1F000F00700044308E092
:1019F000322000EB08106421B0FBF1F000F00F0082
:101A000004432C81BDE8FF874FF41651016000218B
:101A10008180C18001810C21418100218181704739
:101A200010B502460020108A20F470600B884C88A4
:101A300023438C882343CC8823431843108210BD52
:101A40000021018041808180C180704721B182895D
:101A500042F40052828104E082894DF6FF731A40FD
:101A600082817047028B02F47F420283028B0A4319
:101A70000283704721B1828942F40042828103E0EF
:101A80008289C2F30E028281704721B1828A42F4B8
:101A90000062828204E0828A4FF2FF731A408282DF
:101AA0007047C1F308028280704701468888C0F3FE
:101AB00008007047028A4FF6F0731A400282028AC9
:101AC0000A430282704721B1828942F00202828178
:101AD00004E082894FF6FD731A4082817047828943
:101AE0004FF2FF731A40828182890A4382817047D4
:101AF000028A4FF6DF731A400282028A0A43028288
:101B0000704721B1028A42F48042028204E0028AD4
:101B10004BF6FF731A4002827047818941F0010140
:101B20008181704721B1828A42F00802828204E0FA
:101B3000828A4FF6F7731A4082827047028BD2B2C4
:101B40000283028B42EA01220283704721B1828A1A
:101B500042F02002828204E0828A4FF6DF731A404C
:101B60008282704721B1828A42F01002828204E0B0
:101B7000828A4FF6EF731A4082827047828A4FF64C
:101B8000FB731A408282828A0A438282704721B1A3
:101B9000828A42F00202828204E0828A4FF6FD735A
:101BA0001A40828270471AB1838A0B43838202E013
:101BB000838A8B4383827047F0B503460024002656
:101BC0000025002040F66A17B94200D100BF184630
:101BD000C1F3421401F01F06012707FA06F5012C94
:101BE00001D10C3004E0022C01D1103000E014309F
:101BF0001AB107682F43076002E00768AF43076028
:101C0000F0BD02460020B1F5007F00D100BF13886F
:101C10000B400BB1012000E00020704701F400727E
:101C2000B2F5007F00D100BFCA430280704770B593
:101C30000246002400230025002040F66A16B14227
:101C400000D100BFC1F3421501F01F03012606FABF
:101C500003F3012D02D19689334006E0022D02D113
:101C6000168A334001E0968A33400C12012606FAA8
:101C700004F41688344013B10CB1012000E00020B8
:101C800070BD0000001001400044004000480040CA
:101C9000004C0040005000400014014010B50022EC
:101CA000002340F66A14A14200D100BF0A120124A9
:101CB0009440A3B2DC43048010BD000010B50121A4
:101CC0008803FEF775FA00214FF48040FEF770FAA2
:101CD00010BD1A490860704730B500228B071C0FF1
:101CE0000F2303FA04F2154B08338C1053F82430F9
:101CF0009343124C08348D1044F8253023468C1041
:101D000053F824308C07240F00FA04F423430B4CBF
:101D100008348D1044F8253030BD094908607047FB
:101D2000084908607047002004492031096801F41F
:101D3000807109B1012000E00020704700380140A7
:101D4000DC0027420004274200F1080141604FF007
:101D5000FF31816000F10801C16001610021016073
:101D60007047002101617047426853684B604368C7
:101D70008B605368996051604160086103685B1C27
:101D80000360704710B502460B685C1C0CB9106903
:101D900007E002F1080000E04068446824689C42C3
:101DA000FAD944684C604C68A160886041600A615F
:101DB0001468641C146010BD0146D1E901309860BC
:101DC000D1E9010358600A695068884201D18868E6
:101DD0005060002008611068401E10601068704755
:101DE00070B504460D461CB9DEF722FA00BFFEE7C7
:101DF00000F0F3FDD4E90F12206801FB02006060DF
:101E00000020A0632068A060E06B401E226C216867
:101E100000FB0210E0604FF0FF306064A06475B911
:101E2000206908B9012000E0002080B904F1100009
:101E300001F02AFC01280AD100F0C9FD07E004F1F5
:101E40001000FFF781FF04F12400FFF77DFF00F091
:101E5000CDFD012070BD2DE9F04705460E46174621
:101E60004FF00009DDB1502000F0E4FD0446B4B1AC
:101E700005FB06F000F10108404600F0DBFD2060A4
:101E8000206848B1E563266401212046FFF7A8FFDA
:101E900084F84D70A14602E0204600F02CFEB9F116
:101EA000000F03D1DEF7C4F900BFFEE74846BDE8E6
:101EB000F08710B5044600F090FD11E0606A08B9A3
:101EC000012000E0002050B904F1240001F0DCFB07
:101ED00008B101F054FCA06C401EA06400E002E0D8
:101EE000A06C0028EADC00BF4FF0FF30A06400F0D7
:101EF0007DFD00F072FD11E0206908B9012000E0CD
:101F0000002050B904F1100001F0BEFB08B101F04F
:101F100036FC606C401E606400E002E0606C0028EB
:101F2000EADC00BF4FF0FF30606400F05FFD10BDE1
:101F300070B5044600F051FDA06BE16B884201D101
:101F4000012000E00020054600F050FD284670BD4D
:101F500070B504460E461546206C38B9206838BB6B
:101F6000606801F09BFC0020606021E07DB9314693
:101F7000226CA06801F0BCFC216CA0680844A06041
:101F8000D4E90110884213D32068A06010E03146E4
:101F9000226CE06801F0ACFC216CE068401AE06063
:101FA0002168E068884203D2216C6068401AE060D2
:101FB000A06B401CA06370BDFFB583B004460D4606
:101FC0001E4600271CB9DEF733F900BFFEE70DB946
:101FD000206C08B9012000E0002018B9DEF728F9CC
:101FE00000BFFEE700BF00F0F8FCA06BE16B884289
:101FF00017D2324629462046FFF7AAFF606A08B981
:10200000012000E0002038B904F1240001F03CFB7D
:10201000012801D100F0DBFC00F0E8FC012007B052
:10202000F0BD059818B900F0E1FC0020F7E71FB9F2
:1020300001A801F05EFB012700F0D8FC00F0DEFFF4
:1020400000F0CBFC606C401C08B900206064A06C00
:10205000401C08B90020A06400F0C8FC05A901A834
:1020600001F055FBC0B92046FFF762FF70B104F1E3
:102070001000059901F0CBFA2046FFF71AFF00F097
:102080000DFF0028AFD100F0A2FCACE72046FFF71F
:1020900010FF00F003FFA6E72046FFF70AFF00F05D
:1020A000FDFE0020BBE770B50546502000F0C2FCE5
:1020B0000446E4B1002060602060A060E060A0639E
:1020C0000120E06300202064401E6064A06484F866
:1020D0004D5004F11000FFF737FE04F12400FFF724
:1020E00033FE00231A4619462046FFF765FF1CB948
:1020F000DEF79EF800BFFEE7204670BD70B50446CF
:102100001CB9DEF795F800BFFEE701F047FB6168F8
:1021100088420CD1E068401EE060E06828B90023E6
:102120001A4619462046FFF747FF012500E0002523
:10213000284670BD70B5044600F04FFCA06B08B98E
:10214000012000E00020054600F050FC284670BD4C
:1021500070B504460D46206870B1216CE0680844F3
:10216000E0606168E068884201D32068E06028464A
:10217000226CE16801F0BCFB70BD2DE9FF4182B02B
:1021800004460D461E464FF000081CB9DEF750F815
:1021900000BFFEE70DB9206C08B9012000E0002067
:1021A00018B9DEF745F800BFFEE700BF00F015FCE8
:1021B000A06B80B3E76829462046FFF7C9FFB6B990
:1021C000A06B401EA063206810B901F0E7FA6060C0
:1021D000206908B9012000E00020B0B904F1100026
:1021E00001F052FA012810D100F0F1FB0DE0E76098
:1021F000606A08B9012000E0002030B904F1240031
:1022000001F042FA08B100F0E2FB00F0EFFB012020
:1022100006B0BDE8F081FFE7049818B900F0E6FBCE
:102220000020F5E7B8F1000F04D1684601F061FA2B
:102230004FF0010800F0DAFB00F0E0FE00F0CDFB0B
:10224000606C401C08B900206064A06C401C08B998
:102250000020A06400F0CAFB04A9684601F057FA08
:1022600008BB2046FFF766FFB8B1206830B900F020
:10227000B4FB606801F0A1FA00F0B8FB04F124009F
:10228000049901F0C4F92046FFF713FE00F006FEA2
:1022900000288BD100F09BFB88E72046FFF709FE62
:1022A00000F0FCFD82E72046FFF703FE00F0F6FD9C
:1022B0000020ADE770B504460E461CB9DDF7B8FF47
:1022C00000BFFEE701F06AFA6168884204D1E06865
:1022D000401CE06001250BE00023324619462046F1
:1022E000FFF74BFF0546012D02D1E068401CE0607E
:1022F000284670BD70B506460D46022200213046C4
:10230000FFF7A9FD044604B1A5631CB9DDF790FFF2
:1023100000BFFEE7204670BD2DE9F04704460F469A
:10232000154698461CB9DDF783FF00BFFEE70FB9DD
:10233000206C08B9012000E0002018B9DDF778FF13
:1023400000BFFEE7DDF774FF8146A06BE16B8842BA
:102350001BD2424639462046FFF7FAFDA06C401CCE
:1023600070B9606A08B9012000E0002058B904F192
:10237000240001F089F930B12DB10120286002E07C
:10238000A06C401CA064012600E000264846DDF752
:1023900056FF3046BDE8F0872DE9F04104460F4670
:1023A00015461CB9DDF744FF00BFFEE70FB9206CEE
:1023B00008B9012000E0002018B9DDF739FF00BF9F
:1023C000FEE7DDF735FF8046A06BE8B139462046D1
:1023D000FFF7BEFEA06B401EA063606C401C70B98E
:1023E000206908B9012000E0002058B904F110006C
:1023F00001F04AF930B12DB10120286002E0606C93
:10240000401C6064012600E000264046DDF717FF0F
:102410003046BDE8F08170B504461CB9DDF708FF11
:1024200000BFFEE700F0D9FAA56B00F0DFFA2846FE
:1024300070BD70B504461CB9DDF7FAFE00BFFEE7BB
:10244000A56B284670BD014600200BE03D4A02EB1B
:10245000C00252688A4204D100223A4B43F830202D
:1024600002E0401C0828F1D300BF704710B50446B5
:102470001CB9DDF7DDFE00BFFEE72046FFF7E3FFF6
:10248000206800F038FB204600F035FB10BD014607
:1024900091F84C00704780F84C107047014691F855
:1024A0004D00704770B504461CB9DDF7C1FE00BF92
:1024B000FEE7A06B08B9012000E000200546284691
:1024C00070BD70B504461CB9DDF7B2FE00BFFEE773
:1024D000A06BE16B884201D1012000E0002005469D
:1024E000284670BD024600200BE0164B53F83030F2
:1024F00033B9144B43F8301003EBC0035A6002E0C9
:10250000401C0828F1D300BF704770B504460D4643
:1025100000F063FA606C401C08B900206064A06C95
:10252000401C08B90020A06400F060FAA06B20B93C
:10253000294604F1240001F08DF82046FFF7B9FC8C
:1025400070BD0000687801202DE9F04104460D4679
:1025500016461F464FF0000865602461B5420CD84E
:10256000F01BA169884202D34FF0010811E0211D40
:10257000F0480068FFF706FC0BE0BE4204D2BD4203
:1025800002D34FF0010804E0211DEB480068FFF77B
:10259000F9FB4046BDE8F0812DE9FE4305460E46B5
:1025A00017461C46DDF828804FF00009E348006814
:1025B00008B3009601970295ACB901F0F2F8012832
:1025C00008D1002342466946DC480068FFF7F4FC66
:1025D000814610E000231A466946D8480068FFF794
:1025E000EBFC814607E0002322466946D348006899
:1025F000FFF792FE81464846BDE8FE832DE9F84389
:1026000081462BE0CC480068C0680568CA4800686D
:10261000C068C468201DFFF7CFFB2046616A884769
:10262000E06901281AD1A0694619AE4207D966604F
:102630002461211DC0480068FFF7A4FB0EE00020C4
:1026400003462A46014600902046FFF7A5FF0746AD
:102650001FB9DDF7EDFD00BFFEE700BFB64800681B
:10266000006808B9012000E000200028CAD0B24864
:10267000D0F80080AF480068AF490860AD48C0F8A6
:102680000080BDE8F88370B5044600F009FF0546F8
:10269000AB480068854206D2A9480068FFF7AEFF44
:1026A0000120206001E000202060A5480560284648
:1026B00070BD70B586B002A8FFF7E5FF064650E092
:1026C000059C44B1606908B9012000E0002010B900
:1026D000201DFFF771FB039830B1012826D0022896
:1026E00025D003283BD136E00498A269811803461F
:1026F00032462046FFF728FF012816D12046616A9E
:102700008847E069012810D1002000900498A16951
:102710004218002319462046FFF73EFF05461DB923
:10272000DDF786FD00BFFEE700BF19E018E0049862
:10273000A061A06908B1012000E0002018B9DDF710
:1027400077FD00BFFEE7A069811933463246204677
:10275000FFF7FAFE04E0204600F0CDF900E000BFEC
:1027600000BF00231A4603A974480068FFF705FD5F
:102770000028A5D106B070BDF8B505460F466E48D5
:102780000068C068C468201DFFF716FBE0690128D7
:1027900017D1A06941192B463A462046FFF7D4FECF
:1027A00001280ED1002003462A460146009020460B
:1027B000FFF7F2FE06461EB9DDF73AFD00BFFEE761
:1027C00000BF2046616A8847F8BDF8B504460E464A
:1027D00000F014FC6846FFF756FF05460098A0B9C4
:1027E00046B9AC4206D800F059FB29462046FFF70F
:1027F000C3FF0CE0611B51480068FFF786FE00F044
:102800004DFB20B900F0E3F801E000F047FBF8BD14
:102810000146494A126812680AB9012200E0002202
:102820000A600A6822B9444A1268D268106800E057
:102830000020704708B500BF6846FFF7E9FF04466F
:1028400020460099FFF7C1FFFFF733FFF4E710B50B
:1028500000F0C3F83948006890B93A48FFF774FAB5
:102860003948FFF771FA374833490860364831492B
:10287000086000220C210A20FFF7EDFA2F490860BA
:1028800000F0B4F810BD1FB50024FFF7E0FF2B489F
:10289000006868B100200223CDE9003002900346B1
:1028A0004FF4007229A103902A4800F0B2F90446BF
:1028B0001CB9DDF7BDFC00BFFEE7204604B010BD2B
:1028C0002DE9F04706460D4617469846DDF820905C
:1028D0004DB900240DB1012000E00020A0B9DDF7C2
:1028E000A7FC00BFFEE7282000F0A4F804465CB176
:1028F000FFF7ADFF2660A561E761C4F82080C4F84A
:102900002490201DFFF72DFA2046BDE8F08770B512
:102910000446264600F061F8706908B1012000E025
:102920000020054600F062F8284670BD01460A46C0
:10293000106A70479405002090050020980500203B
:102940009C050020A8780120BC780120546D7220DD
:102950005376630035280208001F4FF08073036030
:10296000001F0160001F0023036014380260001F75
:10297000DB1E0360203870472A48006842F210715D
:10298000B0FBF1F0401E4FF0E021486107200861E4
:10299000704710B52448006840F47C002249086064
:1029A0000846006840F07C400860FFF7E5FF002023
:1029B0001E490860DDF70AFC1D48006840F04040F1
:1029C0001B490860DDF7F8FB002010BD70474FF091
:1029D000805015491C390860704710B5DDF728FC98
:1029E00012480068401C1149086010BD10B50F481E
:1029F0000068401E0D4908600846006810B90020B4
:102A0000DDF71DFC10BD10B54FF0805006491C3994
:102A10000860DDF70DFC00F0C2F90020DDF70FFCC7
:102A200010BD00006C05002020ED00E0A005002096
:102A300034EF00E02DE9F04104464FF0000800F0CB
:102A4000DDFA3D48006898B93C493D4A11600021D3
:102A500051604FF420513B4A5160002111603748CA
:102A60004FF4205141601146016001203249086055
:102A700044B1103404F0070020B104F00700C0F1A5
:102A800008000444002C31D0B4F5205F2ED22C4F26
:102A90003846056801E02F462D686868A04202D2DA
:102AA00028680028F7D1274885421FD0386800F1F0
:102AB0001008286838606868001B202810D92E1973
:102AC0006868001B70606C6071681D4800E00068F9
:102AD000026852688A42FAD302683260066000BF18
:102AE000194968680968081A1749086000F0D6F99A
:102AF0004046BDE8F08170B506463546B6B1103D9A
:102B00002C4600F07BFA61680D4800E0006802681E
:102B100052688A42FAD30268226004600A496068F7
:102B2000096808440849086000F0B8F970BD064813
:102B30000068704770470000B8050020D078012079
:102B4000A4050020AC050020B405002010B5002429
:102B500007E004EB8401FE4A02EB8100FFF7F4F882
:102B6000641C052CF5D3FB48FFF7EEF8FA48FFF795
:102B7000EBF8FA48FFF7E8F8F948FFF7E5F8F94805
:102B8000FFF7E2F8F348F8490860F348F7490860AE
:102B900010BD2DE9F04104460E4615469846069FA5
:102BA0000A22314604F1340000F0D2FE00213D201B
:102BB0000155052D00D30425E562A564201DFFF70E
:102BC000D0F804F11800FFF7CCF82461C5F1050036
:102BD000A0616462BDE8F08170B505460E464C20E8
:102BE000FFF728FF044694B11EB9A800FFF722FFA3
:102BF00000E030462063206B20B92046FFF77BFFC2
:102C0000002404E0A900A522206B00F083FE2046EA
:102C100070BD2DE9FF4F81B0804616469A46DDE92A
:102C20000E5BB8F1000F03D1DDF702FB00BFFEE73A
:102C3000052D01D2012000E0002018B9DDF7F8FAD7
:102C400000BFFEE730461099FFF7C6FF0446002C90
:102C500064D0701E216B01EB800929F0070909F08F
:102C6000070008B9012000E0002018B9DDF7E0FAFC
:102C700000BFFEE700962A462046119B0299FFF707
:102C800088FF524641464846FFF766FE2060BBF18A
:102C9000000F01D0CBF80040FFF79FFEB44800685A
:102CA000401CB3490860B348006840B9B1480460AB
:102CB0000846006801280CD1FFF748FF09E0AE483C
:102CC000006830B9AB480068C06AA84201D8A9487A
:102CD0000460AA49E06A0968884202D9A749E06A03
:102CE0000860A74800682064A5480068401CA44903
:102CF0000860A449E06A0968884202D9A149E06AEB
:102D00000860E16A01EB8101914A02EB8100211D1B
:102D1000FFF72AF80127FFF769FE01E04FF0FF37C0
:102D2000012F09D19448006830B192480068C06A08
:102D3000A84201D2FFF74BFE384605B0BDE8F08F40
:102D400070B50446FFF749FE8A480068844200D106
:102D5000002414B98748006800E020460546281D75
:102D6000FFF72AF8A86A18B105F11800FFF724F850
:102D7000291D7B48FEF7F8FF83480068401C824904
:102D800008607F480068401C7D490860FFF72EFE00
:102D90007948006810B10CB9FFF719FE70BD70B525
:102DA0007A480068002873D179480068401C784947
:102DB00008600846006868BB6B480068006808B98E
:102DC000012000E0002018B9DDF732FA00BFFEE76D
:102DD00065480568654800686349086063480560A0
:102DE0006C480068401C6B4908605F4800680068D8
:102DF00008B9012000E0002020B14FF0FF30664903
:102E0000086006E058480068C068C46862496068A5
:102E1000086000BF5E4800685F490968884236D391
:102E200000BF51480068006808B9012000E0002098
:102E300020B14FF0FF305849086027E04A48006849
:102E4000C068C468656852480068A84202D2524807
:102E500005601BE0201DFEF7AFFFA06A18B104F16A
:102E60001800FEF7A9FF4749E06A0968884202D9BD
:102E70004449E06A0860E16A01EB8101344A02EBEF
:102E80008100211DFEF770FFCBE701E000BF04E0E9
:102E900042480068401C4149086070BD70B500257B
:102EA0003A48006818B9DDF7C3F900BFFEE7FFF73D
:102EB00094FD36480068401E3449086008460068A2
:102EC000002878D12A480068002874D0002621E024
:102ED0002248C068C46804F11800FEF76DFF201D89
:102EE000FEF76AFF2749E06A0968884202D9254946
:102EF000E06A0860E16A01EB8101154A02EB81009A
:102F0000211DFEF731FF1B49E06A0968C96A884242
:102F100000D301261148006808B9012000E0002014
:102F20000028D5D01D48006860B106E0FFF737FFE4
:102F30001A480068401E19490860184800680028AF
:102F4000F4D10126012E2FD01548006801282AE06F
:102F5000D0A0012034A1012048A101205CA10120C2
:102F600070A1012084A10120C0050020C40500201B
:102F7000CC050020BC050020DC050020D405002085
:102F8000F0050020D8050020C8050020E00500203D
:102F9000D0050020EC050020F4050020E405002009
:102FA000E805002007E005D101250020F949086067
:102FB000FFF70DFD00BFFFF719FD284670BD10B5E6
:102FC0000446F54800684460F4480068844207D22B
:102FD000F1480168091DF2480068FEF7D3FE0CE0D5
:102FE000ED480168091DEF480068FEF7CBFEEE488A
:102FF0000068844201D2EC48046010BDEB480068D0
:10300000401CEA49086070472DE9F04104460E462D
:103010004FF000081CB9DDF70BF900BFFEE70EB159
:10302000012000E0002018B9DDF702F900BFFEE73B
:10303000FFF7E4FF20688519D849206809688842AD
:1030400009D92068A8420FD9D448006885420BD915
:103050004FF0010808E02068A84203D8CF48006874
:10306000854201D94FF001082560B8F1000F07D063
:10307000C9480068001DFEF79FFE2846FFF79FFF26
:10308000FFF70CFF07460FB9FFF7A1FCBDE8F08181
:1030900070B5044600267CB1FFF7B0FFBF4800685A
:1030A0000519BD480068001DFEF786FE2846FFF79B
:1030B00086FFFFF7F3FE06460EB9FFF788FC70BDEA
:1030C00070B50446FFF789FC14B9B348006800E006
:1030D00020460646F56AFFF789FC284670BD2DE9B3
:1030E000F04706460D464FF00009052D01D201209C
:1030F00000E0002018B9DDF79BF800BFFEE7052DC2
:1031000000D30425FFF769FCA3480068864200D17C
:10311000002616B9A048006800E030460446A76CB7
:10312000AF4234D0BD4203D92EB14FF0010902E0C5
:103130000EB94FF00109D4F82C80E16AA06C8842E6
:1031400000D1E562A564C5F10500A06107EB870128
:10315000974A02EB81016069884213D1201DFEF776
:103160002BFE9449E06A0968884202D99149E06AD5
:103170000860E16A01EB81018D4A02EB8100211DAB
:10318000FEF7F2FDB9F1010F01D1FFF720FCFFF7C7
:103190002DFCBDE8F08710B58448006818B1012007
:1031A0007C4908602CE00BE08248006818B9DDF724
:1031B0003FF800BFFEE77F480068401E7D49086079
:1031C0007C48006800EB8000794951F82000002815
:1031D000EAD07849096801EB8101754A02EB810068
:1031E00041684968416000F1080142688A4202D1A1
:1031F0004168496841604168C968674A116000BF19
:1032000010BD70B50446FFF7E8FB634800688442D0
:1032100000D1002414B96048006800E0204605464B
:10322000281DFEF7C9FDA86A18B105F11800FEF7C0
:10323000C3FD291D6048FEF797FDFFF7D7FB8CB94A
:103240005E48006810B1FFF7C2FB0BE05A48006807
:103250005B490968884203D100204F49086001E0BA
:10326000FFF799FF70BD70B5054600262C461DB9C5
:10327000DCF7DEFF00BFFEE74F496069884201D1FD
:10328000012000E0002080B14E49A06A884201D1AF
:10329000012000E00020012807D0A06A08B9012021
:1032A00000E00020012800D10126304670BD70B535
:1032B00005461DB9DCF7BCFF00BFFEE72C4644B352
:1032C00035480068844224D0FFF787FB2046FFF78B
:1032D000CAFF01281BD1201DFEF76EFD3549E06AAB
:1032E0000968884202D93349E06A0860E16A01EB63
:1032F00081012F4A02EB8100211DFEF735FD264991
:10330000E06A0968C96A884201D3FFF760FBFFF7EA
:103310006DFB70BD2DE9F041054600261DB9DCF7B7
:1033200087FF00BFFEE72C46DCF782FF07462046FA
:10333000FFF799FF012826D11C480068F0B916490B
:10334000E06A0968C96A884201D3012000E00020D0
:103350000646201DFEF730FD1649E06A09688842DE
:1033600002D91449E06A0860E16A01EB8101104A60
:1033700002EB8100211DFEF7F7FC04E004F11801C7
:103380001048FEF7F1FC3846DCF759FF3046BDE83F
:10339000F0810000E8050020BC050020D0050020D9
:1033A000C4050020C0050020F4050020E005002031
:1033B000D0A00120D805002084A10120DC05002038
:1033C000CC0500205CA1012010B50446206BFFF75E
:1033D00092FB2046FFF78FFB10BD70B523E0FFF78F
:1033E0000DFEFD48006808B9012000E000200546F8
:1033F000FFF754FDBDB9FFF7F0FAF748C068C4689D
:10340000201DFEF7D9FCF5480068401EF34908600E
:10341000F3480068401EF2490860FFF7E7FA2046CB
:10342000FFF7D2FF00BFEE4800680028D7D170BD7B
:1034300000BFFFF7D2FFEB4800680128F9D9FFF77A
:10344000C6FAF6E71FB500200090019002900346EF
:103450004FF48072E4A10390E548FFF7DAFB0446DD
:10346000012C02D1FFF70FFA0446012C09D1DCF739
:10347000DFFE0120DF4908600020DF490860FFF718
:1034800088FA1CB9DCF7D4FE00BFFEE71FBD10B5FB
:10349000DCF7CEFE0020D7490860FFF797FA10BD91
:1034A00010B5FFF79AFAD4480468FFF79FFA204650
:1034B00010BD70B5DCF7BCFE0546CF480468284651
:1034C000DCF7BDFE204670BDC44800687047014669
:1034D000002002E0491C421C90B20A78A52AF9D0CB
:1034E000800870472DE9FE4381460C46164620466B
:1034F00041684968416000F1080142688A4202D18E
:103500004168496841604168CF6800BF2046416812
:103510004968416000F1080142688A4202D141686D
:10352000496841604168CD68286BFFF7D0FF80464D
:10353000286CE96A334605F13402CDE9001802909F
:10354000AEA1B34800F070FDB149484600F0F4F96F
:10355000BD42DBD1BDE8FE8370B50546FFF74EFDE9
:1035600000202870ABA1284600F0E6F9AA480068C0
:10357000441C00BF641E04EB84009A4951F82000EB
:1035800008B9012000E0002040B904EB8400954A0E
:1035900002EB800152222846FFF7A4FF002CE9D15C
:1035A0009E480068006808B9012000E0002028B9A2
:1035B00042229A4801682846FFF794FF984800681D
:1035C000006808B9012000E0002028B94222944890
:1035D00001682846FFF786FF7F48006808B9012088
:1035E00000E0002020B944227B492846FFF77AFFFB
:1035F0008C48006808B9012000E0002020B953225F
:1036000088492846FFF76EFFFFF748FC70BD70B58C
:1036100005460C461DB9DCF70BFE00BFFEE78248ED
:10362000016818312846FEF7ADFB7F480068001D91
:10363000FEF7C2FB601C30B97B480168091D794860
:10364000FEF792FB05E06C48006806193046FFF76C
:10365000B6FC70BD70B504460D461CB9DCF7E8FD3C
:1036600000BFFEE77048016818312046FEF77CFB7A
:103670006D480068001DFEF79FFB5F480068461913
:103680003046FFF79CFC70BD70B50646F068C46814
:103690001CB9DCF7CDFD00BFFEE704F11800FEF712
:1036A0008BFB62480068A0B9201DFEF785FB6049CE
:1036B000E06A0968884202D95D49E06A0860E16A07
:1036C00001EB8101474A02EB8100211DFEF74CFB13
:1036D00004E004F118015748FEF746FB5249E06A3E
:1036E0000968C96A884201D3012500E000252846FF
:1036F00070BD10B504461CB9DCF79AFD00BFFEE7AB
:103700004D48006820603C480068606010BD70B59E
:1037100004460D461CB9DCF78BFD00BFFEE71DB962
:10372000DCF786FD00BFFEE7FFF757F92868401C6D
:1037300008B900261FE0404920680968884206D081
:103740002D4960680968884201D8012613E02A499A
:1037500060680968081A296888420BD22868264AD6
:1037600061681268511A401A28602046FFF7C1FFAD
:10377000002600E00126FFF739F9304670BD012030
:103780002E4908607047014611B10A46506C00E0AE
:103790000020704708B1024651647047224908680A
:1037A00070471449096809B9002005E01F490968F4
:1037B00009B9012000E00220704770B505462C468B
:1037C0004DB11949E06A0968C96A884265D216484C
:1037D0000068C06A34E060E070A10120CC050020E0
:1037E000C8050020D0A0012049444C45000000003D
:1037F00031340208DC050020D005002025730909BA
:1038000025630925750925750925750D0A00000030
:1038100098A101200D0A0000D4050020C005002059
:10382000C405002084A10120BC050020E005002083
:10383000D80500205CA10120EC050020E80500204F
:10384000C0F10500A061E16A01EB8101254A02EBAC
:1038500081016069884201D1012000E00020C0B1EF
:10386000201DFEF7A9FA20480068C06AE0621F49DF
:10387000E06A0968884202D91C49E06A0860E16A86
:1038800001EB8101174A02EB8100211DFEF76CFA62
:1038900003E015480068C06AE06270BD70B5054677
:1038A0002C46EDB1A16CE06A884219D0201DFEF7CC
:1038B00083FAA06CE062E06AC0F10500A0610B49E8
:1038C000E06A0968884202D90849E06A0860E16A4A
:1038D00001EB8101034A02EB8100211DFEF744FA4E
:1038E00070BD0000D0A00120BC050020D80500203C
:1038F00040EA01039B0703D009E008C9121F08C072
:10390000042AFAD203E011F8013B00F8013B521EF1
:10391000F9D27047D2B201E000F8012B491EFBD268
:1039200070470022F6E710B513460A4604461946CA
:10393000FFF7F0FF204610BD421E12F8013F002B9A
:10394000FBD111F8013B02F8013B002BF9D1704784
:1039500010B5044604E00B7800F8013B03B1491CA4
:10396000521EF8D2204610BD421C10F8011B00293F
:10397000FBD1801A704710B5002200E0521C835C16
:103980008C5CA34201D1002BF8D1D8B2E1B2401A2D
:1039900010BD2DE9FE4F804681EA0300C00F0C46A2
:1039A000009021F0004123F00045B8EB0200A9414E
:1039B00005D24046214690461C460B46024623F05F
:1039C0000040104347D0270DC7F30A00C3F30A5144
:1039D0000290401A019040286BDAC3F3130040F4C0
:1039E000801B0098924620B10023D2EB030A63EBC0
:1039F0000B0B01985946C0F14002504600F0F9F90E
:103A000006460D4650465946019A00F011FA10EB51
:103A100008006141002487EA115284EAE7731A43DF
:103A200040D0009A62B3019A012A4FEA075215DC8E
:103A3000001B61EB02014FF0004202EA0752CDE9A0
:103A40000042001C41F5801132462B4600F048FA36
:103A500003B0BDE8F08F40462146F9E7001B61EB5B
:103A60000201001C41F5801300185B412018A2F5EB
:103A7000001747EB030140EAD570B6196D4111E01C
:103A80006D084FEA360645EAC0754FEA0752001B3B
:103A900061EB0201001C41F5801149084FEA30003A
:103AA0000019514132462B4603B0BDE8F04F00F0FB
:103AB00008BA0098012240000023D0EB020263EB19
:103AC000E073009821464FEAE074B8EB000061EB28
:103AD0000401E9E783F000435BE781F0004158E728
:103AE0002DE9FE4F81EA030404F0004421F0004177
:103AF00000944FF0000B23F0004350EA01045ED025
:103B000052EA03045BD0C3F30A54C1F30A552C44B0
:103B1000A4F2F3340194A0FB0254C1F3130141F465
:103B20008011C3F3130343F4801301FB024400FB31
:103B3000034E840A970A44EA815447EA8357A4FB58
:103B4000076802958D0A05FB07854FEA932C04FB55
:103B50000C542705029D4FEA065847EA1637B5EB85
:103B600008056EEB070C870E920E47EA811742EAB2
:103B70008312A7FB0201B6EB0B0164EB00042B0DD3
:103B800043EA0C335E1844EB1C50DA465146E7FB1F
:103B90000201C5F313044FEA0B3343EA14534FEA0F
:103BA0000432019C43EA0603A4F10C040294009C35
:103BB000CDE900B400F094F903B0BDE8F08F002027
:103BC0000146F9E72DE9F04D81EA030404F0004BCA
:103BD00021F0004514464FF0000A23F0004150EA5E
:103BE000050220D054EA01021DD0C5F30A5702464F
:103BF000C5F31303C1F31300C1F30A5640F4801553
:103C000043F48013A7EB0608101BD64608F2FD38D4
:103C100073EB050002D308F1010801E092185B4143
:103C2000B8F1000F03DA00200146BDE8F08D002056
:103C30004FF48011064684460EE0171B73EB050710
:103C400005D3121B63EB050306434CEA010C49083C
:103C50004FEA300092185B4150EA0107EDD152EA79
:103C6000030012D082EA040083EA0501084305D06C
:103C7000101BAB4106D20122002306E000224FF0C8
:103C8000004302E06FF0010253101AEB06004CEB08
:103C9000085110EB0A0041EB0B01BDE8F04D00F0BC
:103CA00010B90EB5C10F80EAE0700844CA070021C0
:103CB00040F233438DE80E000A460B4600F010F93F
:103CC00003B000BD70B5C1F30A5201F000450024F5
:103CD000C1F3130140F2FF3341F480119A4201DA3B
:103CE000002070BD40F233439A42A2F2334203DC1B
:103CF000524200F08DF800E090402C43F1D0404259
:103D000070BD00F0004230F000400AD0C10D01F556
:103D10006071C0F3160042EA0151C2084007114326
:103D2000704700200146704730B5041E71F1000451
:103D300004DB4FF00044404264EB0101141E73F1B8
:103D4000000405DB1C464FF00043524263EB0403C2
:103D5000994208BF904230BD01F0004330B421F0D9
:103D6000004150EA010206D00A0DA2F56072C1F3CB
:103D70001301002A02DC30BC00207047440F44EAE3
:103D8000C104C100E01830BC00EBC25000F062B8C2
:103D90002DE9F05F0546002092469B468846064680
:103DA000814640241BE0284641464746224600F013
:103DB0002FF853465A46C01A914110D3114618465F
:103DC000224600F016F82D1A67EB01084F462246EE
:103DD0000120002100F00DF817EB00094E41201ED4
:103DE000A4F10104DFDC484631462A464346BDE8DB
:103DF000F09F202A04DB203A00FA02F100207047ED
:103E00009140C2F1200320FA03F319439040704718
:103E1000202A04DB203A21FA02F00021704721FA1F
:103E200002F3D040C2F12002914008431946704786
:103E3000202A06DBCB17203A41FA02F043EAE0736E
:103E400006E041FA02F3D040C2F12002914008435B
:103E5000194670470029A8BF7047401C490008BF99
:103E600020F00100704710B4B0FA80FC00FA0CF0AA
:103E700050EA010404BF10BC704749B1CCF12004E2
:103E800021FA04F411FA0CF118BF0121214308436F
:103E9000A3EB0C01CB1D4FEA00614FEA102042BF9B
:103EA000002010BC704700EBC35010440029A4BF91
:103EB00010BC7047401C490008BF20F0010010BC36
:103EC000704710B5141E73F1000408DA401C41F16C
:103ED000000192185B411A4301D120F0010010BD8E
:103EE0002DE9F04D92469B4611B1B1FA81F202E004
:103EF000B0FA80F220329046FFF77BFF04460F466F
:103F000040EA0A0041EA0B0153465A46084313D0DF
:103F1000114653EA010019D0C8F140025046FFF79C
:103F200077FF05460E46504659464246FFF761FF69
:103F3000084305D0012004E020463946BDE8F08D55
:103F40000020054346EAE0762C4337430A98630590
:103F5000E40AA0EB08000022FD0A44EA47540A30B4
:103F600002D500200146E9E7010510196941DDE9A4
:103F7000084500196941BDE8F04DA2E7064C074D20
:103F800006E0E06840F0010394E807009847103429
:103F9000AC42F6D3DCF7FCF8A8500208C85002087F
:103FA00070B58C1810F8015B15F0070301D110F8FB
:103FB000013B2A1106D110F8012B03E010F8016B28
:103FC00001F8016B5B1EF9D12B0705D40023521EAB
:103FD0000DD401F8013BFAE710F8013BCB1A921C13
:103FE00003E013F8015B01F8015B521EF9D5A14211
:103FF000D8D3002070BD00000FB41CB502460020CD
:1040000007AC00290BD0491ECDE90021054B6A46BB
:104010002146069800F090FD009A002111701CBC0A
:104020005DF814FB9B4F02080FB4084B10B504A9B0
:1040300002AA039800F080FD044602A9002000F0C7
:10404000B7FF204610BC5DF814FB0000B14F02081A
:1040500003B401984100009850EAC12018BF042021
:104060004A0D18BF40F0010040F2FF72B2EB515F01
:1040700008BF40F00200012808BF052002B07047C9
:104080004100080218BF04200A0E18BF40F00100CA
:104090004FF07F4232EA010108BF40F002000128E0
:1040A00008BF05207047000070B59B482DED020B3E
:1040B0002DED068B079D25F00044A04218DC9748A3
:1040C000844202DC0AD1069840B19DED060BBDEC9E
:1040D000068B02B0BDE8704000F036BC002DCCBFAE
:1040E0009FED8F0B9FED900BBDEC068B02B070BD6A
:1040F0008F48A04215DD8F48A042D8BF4FF0FF3453
:1041000058DD9DED060B51EC100BFFF7A1FF0428C5
:1041100008BF00F02DFC9DED060BBDEC068B02B038
:1041200070BD9DED060B51EC100B00F04EFFCDE97C
:10413000060181489FED828BA0423CDD8248A0426F
:104140001FDD00249FED82AB9DED060B53EC1A2B77
:1041500051EC100BFFF71DFC9DED060B41EC190B0C
:1041600053EC1A2B51EC100BFFF7BAFC53EC182B45
:10417000FFF7B0FC53EC192BFFF724FDCDE9060146
:1041800049E09DED060B012453EC182B51EC100B6C
:10419000FFF7FFFB9DED060B41EC190B53EC182BC1
:1041A00051EC100BFFF796FC53EC192BFFF70AFDAF
:1041B000CDE906012FE06848A0421FDD02249FEDF3
:1041C000689B9DED060B53EC192B51EC100BFFF780
:1041D00087FC53EC182BFFF7DCFB9DED060B41EC45
:1041E000180B53EC192B51EC100BFFF773FC53EC2D
:1041F000182BFFF7E7FCCDE906010CE09DED060B5F
:10420000032453EC102B9FED580B51EC100BFFF7D0
:10421000D9FCCDE906019DED060B53EC102B51ECBA
:10422000100BFFF75DFC41EC180B53EC182BFFF75C
:1042300057FC41EC190B4E480621B0EE490AF0EE4E
:10424000690A784400F004FB53EC182B51EC100B76
:10425000FFF746FC41EC180B4648B0EE490AF0EE79
:10426000690A0521784400F0F3FA53EC192B51EC5C
:10427000100BFFF735FC41EC100B51EC180B53EC15
:10428000102B002C0EDAFFF784FB9DED061B53EC80
:10429000112BFFF725FC9DED061B53EC112BFFF7AF
:1042A0001CFC35E0FFF775FB9DED061B53EC112B55
:1042B000FFF716FC41EC100B2F48784400EBC400CC
:1042C00090ED001B51EC100B53EC112BFFF702FC8F
:1042D0009DED061B53EC112BFFF7FCFB41EC100B83
:1042E0002648784400EBC40090ED001B51EC100B05
:1042F00053EC112BFFF7F1FB41EC100B002DA2BF8B
:10430000BDEC068B02B070BD51EC100B81F000418A
:1043100041EC100B01E70000000010440000F07FAA
:10432000182D4454FB21F93F182D4454FB21F9BFAB
:104330000000DC3F0000203E0000F33F00000000D2
:10434000000000000000F03F0000E63F0000000019
:10435000000000000000004000800340000000005A
:10436000000000000000F83F000000000000F0BF67
:104370000A0E0000C00D00004A0D0000020D0000F2
:1043800070B56B4E2DED040B2DED028B82B0DDF878
:104390001CC0DDE905235C422CF000411C4341EACE
:1043A000D474049D22F00040B44205D86C422C43E2
:1043B00040EAD474B4420BD99DED061B9DED040B6D
:1043C00002B0BDEC028B04B0BDE8704000F0C6BA8C
:1043D000ACF14054A4F17F641C430BD0022404EAE6
:1043E000AC7444EAD27405439FED538B9FED542B7C
:1043F00007D015E09DED040B51EC100B00F0DDFD36
:1044000042E0002C11BF012C9DED040B02B0BDEC6D
:10441000028B04BF04B070BD022C38D0032C3BD0FB
:104420000B439FED491B9FED4A0B0AD0B14218D1B7
:10443000B04209D121F0804120F0804007910590E1
:104440000FE0002A15DA10E0434B7B44002C08BF34
:1044500093ED000B0DD0012C10D0022C17D0032CA3
:104460001AD0B0421DD1002A03DAB0EE410AF0EEB4
:10447000610A02B0BDEC028B04B070BD93ED000B7D
:1044800051EC100B81F0004141EC100BF1E7B0EE64
:10449000480AF0EE680AECE7B0EE420AF0EE620A73
:1044A000E7E7401A00153C28C8BF8DED000B19DC6A
:1044B000BCF1000FBEBF10F13C0F9FED290B8DED3D
:1044C000000B0FDB9DED060B53EC102B9DED040B49
:1044D00051EC100BFFF776FB00F077FD00F06DFD5F
:1044E000CDE90001002C08BF9DED000BC1D0012CCF
:1044F00010D0022C9FED1C0B53EC102B9DED000BEC
:1045000051EC100B0DD0FFF7E5FA53EC182BFFF729
:10451000E1FAB9E7019880F0004001909DED000BB1
:10452000A7E7FFF7D7FA53EC182BFFF7D6FAABE75C
:104530000000F07F00000000182D4454FB210940CA
:10454000182D4454FB2109C0182D4454FB21F9BFF8
:10455000182D4454FB21F93F320C000000000000EC
:104560000000000000000000075C143326A6A13CF8
:1045700010EE101A08B5444A6846B2EB410F28D92C
:104580004FF0E640B0EB410F94BF00204FF0FF30FA
:1045900000900098002861DB60EE000A10F0010F27
:1045A00045D010F0020FDFED391A9FED391A00EEF9
:1045B000E11ADFED381A40EE811A21EEA01AF0EE72
:1045C000400A40EE010A08BFF1EE600AB0EE600A50
:1045D00008BD314B21F0004293423CD911F0004F0D
:1045E000DFED2E0A20EE201ADFED2D0A19BF31EE85
:1045F000601A71EE200A31EE201A71EE600ABDEEEB
:10460000E01A11EE100A9FED271A00F0030000EEE9
:10461000C10A9FED251A009000EEC10A9FED231AF2
:1046200000EEC10A9FED221A00EEC10AB1E79FED2C
:10463000211A9FED210A10F0020F00EE810A9FED72
:104640001F1A00EE801AB7EE000A00EE810A18BFAA
:10465000B1EE400A08BD00F0AFF99AE710EE100A7B
:104660004000B0F17F4F3CBFB7EE000A08BD07D154
:104670004FF0010000F05AFABDE8084000F08CB994
:10468000BDE8084000F084B9B61F927E336D4C3906
:10469000DA82083CA0AA2ABE490E494683F9223F85
:1046A0000000004B0000C93F00A0FD390020A233EC
:1046B0001A61342CB93AB2BACA9F2A3DDDFFFFBE57
:1046C00000B510EE101A2DED028B81B0524A6846EB
:1046D000B2EB410F2ED94FF0E640B0EB410F94BF43
:1046E00000204FF0FF3000900098B0EE408A002884
:1046F0006ADB10F0010F4BD068EE080A9FED471AF5
:104700009FED470A00EE810A9FED461A10F0020F56
:1047100000EE801AB7EE000A00EE810A02BF01B077
:10472000BDEC028B00BD00BF01B0B1EE400ABDEC94
:10473000028B00BD3C4B21F00042934241D911F065
:10474000004FDFED3A0A20EE201ADFED390A19BFDB
:1047500031EE601A71EE200A31EE201A71EE600A15
:10476000BDEEE01A11EE100A9FED321A00F00300C0
:1047700000EEC10A9FED301A009000EEC10A9FEDD5
:104780002F1A00EEC10A9FED2E1A00EEC10AABE708
:1047900028EE080A9FED2B1ADFED2B0A10F0020F0E
:1047A00040EE410A9FED291A00EE201A61EE000A40
:1047B000B0EE480A08EE200AB6D101B0BDEC028B7B
:1047C00000BD00F0F9F88FE718EE100A4000B0F1D4
:1047D0007F4F0DD218EE100AFFF752FC042808BFD5
:1047E00000F0E2F8B0EE480A01B0BDEC028B00BD6B
:1047F00009D1012000F09AF901B0BDEC028B5DF8FF
:1048000004EB00F0C9B801B0B0EE480ABDEC028B71
:104810005DF804EB00F0BCB8B61F927EB93AB2BAAC
:10482000CA9F2A3DDDFFFFBE490E494683F9223F5C
:104830000000004B0000C93F00A0FD390020A2335A
:104840001A61342C336D4C39DA82083CA0AA2ABE96
:1048500070B504462DED028B4D1E00EBC500B0EE89
:10486000408AF0EE608A90ED000B35F0060017D01C
:1048700053EC182B51EC100BFFF732F941EC100BF5
:104880006D1E04EBC50090ED001B51EC100B53ECBA
:10489000112BFFF77EF841EC100B35F00600E7D145
:1048A000022D36D0042D1CD0062D1CBFBDEC028B72
:1048B00070BD53EC182B51EC100BFFF711F994ED70
:1048C0000A1B53EC112BFFF764F853EC182BFFF77E
:1048D00007F994ED081B53EC112BFFF75AF841EC44
:1048E000100B53EC182B51EC100BFFF7F9F894ED6B
:1048F000061B53EC112BFFF74CF853EC182BFFF76A
:10490000EFF894ED040B53EC102BFFF742F841EC59
:10491000100B53EC182B51EC100BFFF7E1F894ED52
:10492000021B53EC112BFFF734F853EC182BFFF755
:10493000D7F894ED001B53EC112BFFF72AF8BDECD0
:10494000028B41EC100B70BD10B553EC102B51ECE9
:10495000100BFFF71EF841EC100B10BD10B553EC17
:10496000112B51EC100BFFF714F841EC100B10BD9C
:104970009FED050B10B553EC102B51EC100BFFF70E
:10498000AFF841EC100B10BD00000000000000105B
:1049900030EE000A70470000DFED020A80EEA00A48
:1049A00070470000000000009FED020A20EE000AA0
:1049B00070470000000000102DE9F0014FF07F4229
:1049C000B2EB410F9FBF4FF0FF310160BDE8F00136
:1049D00070474FF0004242EA0123C1F3C752783AD0
:1049E000551112F01F0C434CCCF120067C44C1F34E
:1049F000C752A2F178024FEA621204EB820254F825
:104A0000254008BFD2E9015612D0556804FA0CF4CB
:104A100025FA06F73C43976805FA0CF527FA06F8DD
:104A2000D26807FA0CFCF24045EA08054CEA020697
:104A3000A4FB034CA5FB0352A6FB03631D449D424C
:104A400034BF012600261319334416B1934202D90C
:104A500003E0934201D2012200E00022624402F10D
:104A6000200C9206DC0C42EA443200EE102A5B0372
:104A7000DFED210AF8EEC01A00EE103A4FEA9C1C56
:104A800011F0004FB8EE400AC0F800C020EE201A26
:104A900000EE105ADFED190AB8EE400A20EE200AA7
:104AA00071EE810A70EE800A10EE902A02F5006223
:104AB0006FF30B0200EE902A70EEE11A31EEC11A8C
:104AC000DFED101A30EE411A9FED0D0A20EE800A3C
:104AD00001EE210A9FED0C1A00EE810A04BFBDE829
:104AE000F0017047CCF180510160BDE8F001B1EEFA
:104AF000400A704798060000000000360000802C35
:104B000022AAFD29DB0FC92F0000C92F02E008C827
:104B1000121F08C1002AFAD170477047002001E037
:104B200001C1121F002AFBD1704700000149086033
:104B300070470000F80500202DE9FF4F8DB00F46AB
:104B40000546002606E025280BD0DDE90F12904728
:104B50006D1C761C28780028F5D111B03046BDE8D0
:104B6000F08F0024A246A1460122EC4900E0044354
:104B700015F8013F203B02FA03F00842F7D12878EC
:104B80002A2810D06FF02F022878A0F130010929CF
:104B900014D80AEB8A0102EB410144F0020400EB55
:104BA000010A6D1CF0E701CF5FEA000A03D544F467
:104BB0000054CAF1000A44F002046D1C28782E2823
:104BC00017D115F8010F44F004042A280ED06FF015
:104BD0002F022878A0F1300109290AD809EB8901B0
:104BE00002EB410100EB01096D1CF2E757F8049B51
:104BF0006D1C28786C280FD006DC4C2817D068284C
:104C00000DD06A2814D104E0742810D07A280FD16E
:104C10000DE044F400140AE044F4801401E044F48C
:104C200040146978814202D104F580146D1C6D1C1A
:104C30002A786E2A1FD00CDC632A31D004DC002ACB
:104C40008BD0582A11D1A3E0642A68D0692A0CD1EC
:104C500065E0732A2ED004DC6F2A73D0702A04D149
:104C60009BE0752A6FD0782A6ED01046DDE90F12CE
:104C70009047761C50E1C4F30250022806D0032866
:104C800009D0042801CF09D0066045E101CFF11712
:104C9000C0E9006140E101CF06803DE106703BE1E3
:104CA00017F8040B8DF8000000208DF80100EB468A
:104CB000012003E057F804BB4FF0FF3061074FF0CD
:104CC000000102D40DE008F10101884649450FDAE0
:104CD0008045F8DB1BF808100029F4D108E008F142
:104CE000010188468142FADB1BF808100029F6D141
:104CF000DDE90F23AAEB08008146214600F036F9D2
:104D0000304400EB080604E0DDE90F121BF8010B4C
:104D10009047B8F10108F7D221464846F7E00A214A
:104D2000C4F302534FF0000B0891022B04D001CFC3
:104D3000C117032B09D00AE0FF1D27F00707F7E88A
:104D4000020108E032E01FE020E000B2C117042BAE
:104D500001D140B2C117031E71F1000307DA4FF011
:104D6000000CD0EB0C006CEB01012D2302E02305BD
:104D700004D52B238DF82430012303E0E30701D071
:104D80002023F7E7984658E00A2110E010210EE0B2
:104D900010204FF0000B08900CE010214FF0000B9A
:104DA00044F004044FF00809089103E008214FF093
:104DB000000B0891C4F30253022B04D001CF002151
:104DC000032B06D006E0FF1D27F00707F7E80201D6
:104DD00003E080B2042B00D1C0B24FF000082307DB
:104DE0002BD5702A07D0DDF820C08CF0100C5CEABF
:104DF0000B0C05D00EE040238DF82430012308E091
:104E000050EA010306D030238DF824308DF8252098
:104E100002239846DDF820C08CF0080C5CEA0B0CED
:104E20000BD150EA010301D1630706D530238DF879
:104E300024304FF00108A9F10109582A04D038A202
:104E40000B9208AA0A920BE03AA2F9E75B46089A8D
:104E5000FEF79EFF0B9B9B5C0A9A521E0A921370F0
:104E600050EA0102F2D10A98ADEB000000F1200BEC
:104E7000600702D524F4803401E04FF00109D945E0
:104E800002DDA9EB0B0000E0002000EB0B01414428
:104E90000890AAEB010AE00306D4DDE90F232146BE
:104EA000504600F063F806444FF0000908E009A9F5
:104EB00011F80900DDE90F12904709F10109761C8C
:104EC000C145F4DBE0030CD5DDE90F232146504654
:104ED00000F04CF8064404E0DDE90F123020904762
:104EE000761C0899481E08900029F5DC08E00A980D
:104EF0000A990078491C0A91DDE90F129047761C47
:104F0000BBF10001ABF1010BF1DC21465046DDE9BC
:104F10000F2300F019F806446D1C1BE60928010058
:104F2000303132333435363738396162636465661F
:104F300000000000303132333435363738394142E1
:104F400043444546000000002DE9F0410446002599
:104F50001E461746880404D405E039462020B04791
:104F60006D1C641EF9D52846BDE8F0812DE9F0419D
:104F7000044600251E469046C80301D5302700E0B0
:104F80002027880404D505E041463846B0476D1C0B
:104F9000641EF9D52846BDE8F0814A68002A06D08B
:104FA0000A68531C0B6010704868401E48607047C8
:104FB0000A68531C0B601070704710B541EC100B61
:104FC000FFF772F851EC100B10BD82B0CDE9000173
:104FD00021F0004001909DED000B02B051EC100B50
:104FE00070470000000000004FBB610567ACDD3F6B
:104FF000182D4454FB21E93F9BF681D20B73EF3F00
:10500000182D4454FB21F93FE2652F227F2B7A3C77
:10501000075C143326A6813CBDCBF07A8807703C30
:10502000075C143326A6913CC4EB98999999C9BFA3
:10503000711623FEC671BCBF6D9A74AFF2B0B3BFD8
:105040009AFDDE522DDEADBF2F6C6A2C44B4A2BF98
:105050000D5555555555D53FFF8300922449C23F04
:105060006E204CC5CD45B73F513DD0A0660DB13F38
:10507000EB0D76244B7BA93F11DA22E33AAD903F4A
:105080000000000000000000000000006E83F9A294
:105090002915444ED15727FCC0DD34F5999562DBC4
:1050A0004190433CAB6351FEC85002080000002011
:1050B000FC050000A03F02086C520208FC0500201D
:1050C000C49F01001C4B0208411BFF01041A02048B
:1050D0001A03041A04041A05041A06041A07041A07
:1050E00008041A09041A0A041A0B041A0C041A0DEB
:1050F000041A0E041A0F041A10041A11041A1204C6
:105100001A130422141A8448C1195F01D91AFCEC3D
:105110001A2CE11A200823F8021A5E0C1A12085AF7
:10512000B8F51A9A081A5A10811AF91069041AB7B0
:10513000181A62041AA10C1A95041A580C29301A6C
:105140005D081A51041A910C329732DE29081ABDF3
:10515000102904A9501A30101A0504292C1A8F049A
:105160001A31041ABE041ADD04291C5A06181A6BD7
:10517000041ADC041AC3041A32042A722C31326A6B
:10518000329F3206323B5A6D1432352967329832DB
:105190006202372C29D42AA04419081973111ADA8B
:1051A000081ACB041AD60D1A1C081AB3081A0E04D2
:1051B0001A18041AA4049A12DC012C295C0118099B
:1051C0001E5362FE223F1A8004111A400819041A65
:1051D000A0041AC0041B20410C19041AF004233443
:1051E000421A700434F0426452C83AA01029641480
:1051F000A08601051C35FA8E3C4B30750409161C3F
:1052000081023B1123420172691A1C991A2C1081E8
:10521000299D320A89C0A12927692B32E62AC6D5E1
:10522000D90C9AFA0C3260631403325F5A120C01E3
:105230002B080A2D3F6F12833A666606401C91299F
:10524000C81A90B51A3E7C039F1405847A030A6835
:105250000901020304060708090CA910C11AAA01D2
:0C5260000111023E281AFF01410000006D
:040000050800018965
:00000001FF
